<TICKER>;<PER>;<DATE>;<TIME>;<OPEN>;<HIGH>;<LOW>;<CLOSE>;<VOL>
USDRUBF;5;20250103;100000;103.19;103.9;103.19;103.61;1506
USDRUBF;5;20250103;100500;103.62;103.91;103.47;103.5;1523
USDRUBF;5;20250103;101000;103.5;103.65;103.36;103.4;1119
USDRUBF;5;20250103;101500;103.36;103.55;103.29;103.44;815
USDRUBF;5;20250103;102000;103.44;103.74;103.44;103.67;514
USDRUBF;5;20250103;102500;103.67;103.76;103.58;103.62;573
USDRUBF;5;20250103;103000;103.62;103.72;103.45;103.56;724
USDRUBF;5;20250103;103500;103.53;103.6;103.47;103.54;236
USDRUBF;5;20250103;104000;103.54;103.62;103.5;103.5;295
USDRUBF;5;20250103;104500;103.5;103.82;103.5;103.7;563
USDRUBF;5;20250103;105000;103.74;103.88;103.7;103.79;469
USDRUBF;5;20250103;105500;103.86;104;103.77;103.96;487
USDRUBF;5;20250103;110000;103.96;104.04;103.91;104;1670
USDRUBF;5;20250103;110500;104;104.17;104;104.14;348
USDRUBF;5;20250103;111000;104.14;104.3;104.1;104.29;520
USDRUBF;5;20250103;111500;104.3;104.32;104.01;104.13;891
USDRUBF;5;20250103;112000;104.1;104.1;103.92;103.92;396
USDRUBF;5;20250103;112500;103.93;104.18;103.93;104.18;759
USDRUBF;5;20250103;113000;104.18;104.24;104.09;104.11;378
USDRUBF;5;20250103;113500;104.15;104.15;104.04;104.04;122
USDRUBF;5;20250103;114000;104.04;104.04;103.82;103.87;328
USDRUBF;5;20250103;114500;103.85;104;103.83;103.99;264
USDRUBF;5;20250103;115000;103.98;104.03;103.86;103.86;149
USDRUBF;5;20250103;115500;103.86;103.97;103.86;103.97;109
USDRUBF;5;20250103;120000;103.99;104.07;103.91;104.05;393
USDRUBF;5;20250103;120500;104.05;104.06;103.93;104;192
USDRUBF;5;20250103;121000;103.96;104.05;103.96;103.99;306
USDRUBF;5;20250103;121500;103.98;104.04;103.95;103.95;93
USDRUBF;5;20250103;122000;103.97;104.02;103.95;103.97;194
USDRUBF;5;20250103;122500;103.97;104.02;103.91;104.01;261
USDRUBF;5;20250103;123000;104;104.05;103.99;104.01;142
USDRUBF;5;20250103;123500;103.99;103.99;103.77;103.77;486
USDRUBF;5;20250103;124000;103.76;103.82;103.65;103.65;264
USDRUBF;5;20250103;124500;103.66;103.86;103.51;103.75;828
USDRUBF;5;20250103;125000;103.78;103.9;103.78;103.87;170
USDRUBF;5;20250103;125500;103.9;103.93;103.79;103.85;194
USDRUBF;5;20250103;130000;103.83;103.87;103.8;103.8;87
USDRUBF;5;20250103;130500;103.83;103.83;103.78;103.78;22
USDRUBF;5;20250103;131000;103.79;103.98;103.78;103.98;294
USDRUBF;5;20250103;131500;103.98;104;103.81;103.92;163
USDRUBF;5;20250103;132000;103.94;103.95;103.85;103.86;111
USDRUBF;5;20250103;132500;103.83;103.87;103.83;103.86;33
USDRUBF;5;20250103;133000;103.88;103.98;103.87;103.95;84
USDRUBF;5;20250103;133500;103.98;104;103.95;104;94
USDRUBF;5;20250103;134000;103.99;104.09;103.99;104;364
USDRUBF;5;20250103;134500;104.04;104.15;104.01;104.11;491
USDRUBF;5;20250103;135000;104.14;104.15;104.02;104.05;378
USDRUBF;5;20250103;135500;104.05;104.1;104.05;104.1;266
USDRUBF;5;20250103;140500;104.11;104.22;104.1;104.18;323
USDRUBF;5;20250103;141000;104.18;104.26;104.1;104.23;564
USDRUBF;5;20250103;141500;104.24;104.34;104.2;104.2;844
USDRUBF;5;20250103;142000;104.21;104.26;104.2;104.23;474
USDRUBF;5;20250103;142500;104.2;104.24;104.12;104.13;420
USDRUBF;5;20250103;143000;104.13;104.15;104.1;104.1;335
USDRUBF;5;20250103;143500;104.11;104.17;104.1;104.17;107
USDRUBF;5;20250103;144000;104.15;104.19;104.1;104.1;44
USDRUBF;5;20250103;144500;104.12;104.12;104.07;104.11;331
USDRUBF;5;20250103;145000;104.07;104.12;104.07;104.07;74
USDRUBF;5;20250103;145500;104.07;104.13;104.07;104.1;207
USDRUBF;5;20250103;150000;104.09;104.09;104.05;104.07;11
USDRUBF;5;20250103;150500;104.04;104.04;104;104;104
USDRUBF;5;20250103;151000;104;104.1;103.97;104.04;167
USDRUBF;5;20250103;151500;104.08;104.11;103.97;103.97;144
USDRUBF;5;20250103;152000;103.97;103.97;103.83;103.85;307
USDRUBF;5;20250103;152500;103.84;104;103.8;103.97;233
USDRUBF;5;20250103;153000;103.99;104.09;103.98;104.02;287
USDRUBF;5;20250103;153500;104;104.1;103.92;104.04;378
USDRUBF;5;20250103;154000;104.03;104.05;103.92;103.92;97
USDRUBF;5;20250103;154500;103.92;103.96;103.9;103.94;82
USDRUBF;5;20250103;155000;103.95;104.09;103.95;104.08;99
USDRUBF;5;20250103;155500;104.08;104.12;104.01;104.01;383
USDRUBF;5;20250103;160000;104.03;104.07;104.03;104.03;107
USDRUBF;5;20250103;160500;104.01;104.03;103.98;104.03;127
USDRUBF;5;20250103;161000;104.04;104.04;103.94;103.96;81
USDRUBF;5;20250103;161500;103.95;103.95;103.85;103.89;134
USDRUBF;5;20250103;162000;103.85;103.92;103.83;103.92;85
USDRUBF;5;20250103;162500;103.93;103.96;103.89;103.89;92
USDRUBF;5;20250103;163000;103.92;103.92;103.87;103.87;99
USDRUBF;5;20250103;163500;103.85;103.9;103.83;103.9;100
USDRUBF;5;20250103;164000;103.86;103.86;103.81;103.81;64
USDRUBF;5;20250103;164500;103.83;104.05;103.82;104.05;357
USDRUBF;5;20250103;165000;104.05;104.05;103.94;103.94;135
USDRUBF;5;20250103;165500;103.98;103.99;103.9;103.98;77
USDRUBF;5;20250103;170000;103.97;103.97;103.91;103.92;27
USDRUBF;5;20250103;170500;103.9;103.92;103.9;103.92;4
USDRUBF;5;20250103;171000;103.89;103.97;103.89;103.97;46
USDRUBF;5;20250103;171500;103.97;103.98;103.91;103.91;68
USDRUBF;5;20250103;172000;103.93;103.95;103.93;103.94;27
USDRUBF;5;20250103;172500;103.95;103.95;103.91;103.91;8
USDRUBF;5;20250103;173000;103.94;103.94;103.9;103.9;8
USDRUBF;5;20250103;173500;103.89;103.93;103.85;103.93;194
USDRUBF;5;20250103;174000;103.92;103.94;103.9;103.9;63
USDRUBF;5;20250103;174500;103.89;103.95;103.87;103.91;149
USDRUBF;5;20250103;175000;103.88;103.9;103.85;103.86;49
USDRUBF;5;20250103;175500;103.84;103.94;103.84;103.9;102
USDRUBF;5;20250103;180000;103.92;103.92;103.87;103.87;42
USDRUBF;5;20250103;180500;103.87;103.89;103.79;103.85;398
USDRUBF;5;20250103;181000;103.84;103.87;103.76;103.76;64
USDRUBF;5;20250103;181500;103.77;103.86;103.75;103.8;252
USDRUBF;5;20250103;182000;103.78;103.82;103.68;103.82;605
USDRUBF;5;20250103;182500;103.78;103.81;103.68;103.73;318
USDRUBF;5;20250103;183000;103.73;103.81;103.73;103.76;652
USDRUBF;5;20250103;183500;103.76;103.81;103.72;103.73;470
USDRUBF;5;20250103;184000;103.72;103.74;103.62;103.64;645
USDRUBF;5;20250103;184500;103.65;103.66;103.57;103.59;724
USDRUBF;5;20250103;190500;103.81;103.82;103.57;103.78;265
USDRUBF;5;20250103;191000;103.82;103.95;103.79;103.95;487
USDRUBF;5;20250103;191500;103.93;103.99;103.89;103.91;162
USDRUBF;5;20250103;192000;103.92;103.93;103.79;103.79;158
USDRUBF;5;20250103;192500;103.81;103.84;103.77;103.81;85
USDRUBF;5;20250103;193000;103.77;103.81;103.74;103.79;135
USDRUBF;5;20250103;193500;103.78;103.87;103.78;103.87;131
USDRUBF;5;20250103;194000;103.86;103.86;103.82;103.85;13
USDRUBF;5;20250103;194500;103.85;103.85;103.85;103.85;13
USDRUBF;5;20250103;195000;103.84;103.86;103.83;103.86;34
USDRUBF;5;20250103;195500;103.85;103.89;103.84;103.88;74
USDRUBF;5;20250103;200000;103.87;103.92;103.86;103.92;61
USDRUBF;5;20250103;200500;103.92;103.92;103.91;103.92;6
USDRUBF;5;20250103;201000;103.92;103.94;103.9;103.91;57
USDRUBF;5;20250103;201500;103.93;103.95;103.93;103.95;146
USDRUBF;5;20250103;202000;103.97;103.97;103.94;103.94;4
USDRUBF;5;20250103;202500;103.92;103.92;103.9;103.92;12
USDRUBF;5;20250103;203000;103.94;103.94;103.75;103.84;251
USDRUBF;5;20250103;203500;103.81;103.85;103.79;103.85;28
USDRUBF;5;20250103;204000;103.85;103.85;103.83;103.83;17
USDRUBF;5;20250103;204500;103.83;103.86;103.82;103.86;107
USDRUBF;5;20250103;205000;103.87;103.92;103.87;103.92;21
USDRUBF;5;20250103;210000;103.87;103.88;103.86;103.86;15
USDRUBF;5;20250103;210500;103.85;103.85;103.82;103.82;7
USDRUBF;5;20250103;211000;103.85;103.85;103.84;103.84;2
USDRUBF;5;20250103;211500;103.82;103.82;103.82;103.82;11
USDRUBF;5;20250103;212000;103.83;103.84;103.83;103.84;5
USDRUBF;5;20250103;212500;103.83;103.83;103.81;103.81;7
USDRUBF;5;20250103;213000;103.85;103.86;103.85;103.86;19
USDRUBF;5;20250103;213500;103.85;103.85;103.81;103.81;26
USDRUBF;5;20250103;214000;103.84;103.86;103.76;103.86;105
USDRUBF;5;20250103;214500;103.86;103.87;103.83;103.87;34
USDRUBF;5;20250103;215000;103.89;103.9;103.87;103.9;41
USDRUBF;5;20250103;215500;103.86;103.86;103.85;103.86;71
USDRUBF;5;20250103;220000;103.86;103.88;103.85;103.88;11
USDRUBF;5;20250103;220500;103.88;103.88;103.85;103.85;7
USDRUBF;5;20250103;221000;103.87;103.87;103.87;103.87;1
USDRUBF;5;20250103;221500;103.87;103.91;103.87;103.91;28
USDRUBF;5;20250103;222000;103.9;103.92;103.86;103.86;20
USDRUBF;5;20250103;222500;103.86;103.86;103.84;103.84;60
USDRUBF;5;20250103;223000;103.85;103.86;103.85;103.86;22
USDRUBF;5;20250103;223500;103.81;103.85;103.75;103.75;194
USDRUBF;5;20250103;224000;103.78;103.82;103.78;103.82;8
USDRUBF;5;20250103;224500;103.86;103.87;103.86;103.87;8
USDRUBF;5;20250103;225000;103.87;103.87;103.87;103.87;6
USDRUBF;5;20250103;225500;103.87;103.9;103.87;103.87;29
USDRUBF;5;20250103;230000;103.87;103.88;103.86;103.88;46
USDRUBF;5;20250103;230500;103.86;103.87;103.86;103.87;6
USDRUBF;5;20250103;231000;103.86;103.86;103.86;103.86;1
USDRUBF;5;20250103;232000;103.86;103.86;103.85;103.86;27
USDRUBF;5;20250103;232500;103.86;103.9;103.84;103.9;44
USDRUBF;5;20250103;233000;103.86;103.86;103.85;103.85;12
USDRUBF;5;20250103;233500;103.87;103.87;103.87;103.87;3
USDRUBF;5;20250103;234000;103.85;103.86;103.84;103.86;17
USDRUBF;5;20250103;234500;103.84;103.9;103.84;103.86;42
USDRUBF;5;20250106;100000;103.88;104.1;103.73;104.02;586
USDRUBF;5;20250106;100500;104.02;104.02;103.85;103.87;564
USDRUBF;5;20250106;101000;103.92;103.92;103.52;103.53;925
USDRUBF;5;20250106;101500;103.52;103.55;103.37;103.47;1848
USDRUBF;5;20250106;102000;103.44;103.63;103.42;103.49;883
USDRUBF;5;20250106;102500;103.5;103.52;103.32;103.37;815
USDRUBF;5;20250106;103000;103.36;103.37;103.22;103.33;688
USDRUBF;5;20250106;103500;103.35;103.37;103.21;103.21;718
USDRUBF;5;20250106;104000;103.22;103.23;103.07;103.16;1240
USDRUBF;5;20250106;104500;103.13;103.17;102.95;103.09;1778
USDRUBF;5;20250106;105000;103.06;103.19;102.98;103.08;488
USDRUBF;5;20250106;105500;103.04;103.22;102.98;103.12;346
USDRUBF;5;20250106;110000;103.1;103.13;102.96;103.06;591
USDRUBF;5;20250106;110500;103.06;103.18;103.02;103.16;364
USDRUBF;5;20250106;111000;103.17;103.25;103.07;103.19;567
USDRUBF;5;20250106;111500;103.16;103.3;103.16;103.28;303
USDRUBF;5;20250106;112000;103.28;103.3;103.15;103.28;360
USDRUBF;5;20250106;112500;103.25;103.32;103.22;103.27;148
USDRUBF;5;20250106;113000;103.29;103.29;103.23;103.23;49
USDRUBF;5;20250106;113500;103.22;103.22;103;103.13;454
USDRUBF;5;20250106;114000;103.15;103.24;103.14;103.18;364
USDRUBF;5;20250106;114500;103.2;103.27;103.06;103.13;227
USDRUBF;5;20250106;115000;103.12;103.23;103.11;103.18;93
USDRUBF;5;20250106;115500;103.18;103.18;103;103;350
USDRUBF;5;20250106;120000;103.05;103.09;102.89;103.04;868
USDRUBF;5;20250106;120500;103.03;103.09;103;103.04;236
USDRUBF;5;20250106;121000;103.05;103.05;102.98;103;195
USDRUBF;5;20250106;121500;103;103.05;102.95;103.04;226
USDRUBF;5;20250106;122000;103.04;103.09;102.98;103.01;268
USDRUBF;5;20250106;122500;103;103.2;102.99;103.19;458
USDRUBF;5;20250106;123000;103.15;103.19;103.14;103.18;201
USDRUBF;5;20250106;123500;103.18;103.18;103.11;103.11;188
USDRUBF;5;20250106;124000;103.1;103.22;103.1;103.18;370
USDRUBF;5;20250106;124500;103.15;103.15;103;103.04;269
USDRUBF;5;20250106;125000;103.04;103.07;103;103.03;145
USDRUBF;5;20250106;125500;103.04;103.08;103.01;103.01;116
USDRUBF;5;20250106;130000;103.01;103.01;102.82;102.86;700
USDRUBF;5;20250106;130500;102.83;102.88;102.72;102.78;878
USDRUBF;5;20250106;131000;102.78;102.79;102.62;102.62;911
USDRUBF;5;20250106;131500;102.62;102.73;102.58;102.68;1329
USDRUBF;5;20250106;132000;102.69;102.69;102.57;102.59;351
USDRUBF;5;20250106;132500;102.59;102.62;102.51;102.53;600
USDRUBF;5;20250106;133000;102.55;102.55;102.36;102.44;1624
USDRUBF;5;20250106;133500;102.42;102.53;102.42;102.5;396
USDRUBF;5;20250106;134000;102.48;102.5;102.43;102.5;444
USDRUBF;5;20250106;134500;102.47;102.56;102.43;102.52;411
USDRUBF;5;20250106;135000;102.49;102.53;102.44;102.5;251
USDRUBF;5;20250106;135500;102.5;102.56;102.44;102.47;477
USDRUBF;5;20250106;140500;102.44;102.44;102.2;102.37;1466
USDRUBF;5;20250106;141000;102.34;102.44;102.31;102.38;513
USDRUBF;5;20250106;141500;102.42;102.48;102.27;102.34;384
USDRUBF;5;20250106;142000;102.34;102.4;102.24;102.3;547
USDRUBF;5;20250106;142500;102.28;102.41;102.25;102.31;318
USDRUBF;5;20250106;143000;102.31;102.45;102.25;102.41;203
USDRUBF;5;20250106;143500;102.42;102.55;102.42;102.5;421
USDRUBF;5;20250106;144000;102.52;102.68;102.49;102.63;785
USDRUBF;5;20250106;144500;102.65;102.73;102.53;102.53;804
USDRUBF;5;20250106;145000;102.56;102.66;102.53;102.66;298
USDRUBF;5;20250106;145500;102.61;102.73;102.6;102.64;811
USDRUBF;5;20250106;150000;102.64;102.64;102.57;102.6;342
USDRUBF;5;20250106;150500;102.57;102.59;102.49;102.56;282
USDRUBF;5;20250106;151000;102.55;102.66;102.55;102.66;262
USDRUBF;5;20250106;151500;102.64;102.64;102.46;102.58;258
USDRUBF;5;20250106;152000;102.61;102.61;102.47;102.51;263
USDRUBF;5;20250106;152500;102.51;102.55;102.41;102.45;263
USDRUBF;5;20250106;153000;102.45;102.49;102.37;102.44;208
USDRUBF;5;20250106;153500;102.49;102.49;102.38;102.41;96
USDRUBF;5;20250106;154000;102.4;102.43;102.39;102.42;115
USDRUBF;5;20250106;154500;102.4;102.44;102.4;102.42;137
USDRUBF;5;20250106;155000;102.44;102.54;102.44;102.51;225
USDRUBF;5;20250106;155500;102.52;102.52;102.47;102.52;91
USDRUBF;5;20250106;160000;102.49;102.7;102.47;102.64;1139
USDRUBF;5;20250106;160500;102.64;102.64;102.56;102.56;237
USDRUBF;5;20250106;161000;102.59;102.64;102.59;102.64;52
USDRUBF;5;20250106;161500;102.64;102.64;102.42;102.43;248
USDRUBF;5;20250106;162000;102.41;102.59;102.41;102.5;344
USDRUBF;5;20250106;162500;102.5;102.56;102.42;102.48;663
USDRUBF;5;20250106;163000;102.45;102.53;102.43;102.53;171
USDRUBF;5;20250106;163500;102.51;102.63;102.49;102.63;258
USDRUBF;5;20250106;164000;102.63;102.65;102.58;102.62;321
USDRUBF;5;20250106;164500;102.59;102.63;102.59;102.62;24
USDRUBF;5;20250106;165000;102.59;102.62;102.56;102.58;18
USDRUBF;5;20250106;165500;102.61;102.64;102.58;102.58;76
USDRUBF;5;20250106;170000;102.57;102.57;102.5;102.54;120
USDRUBF;5;20250106;170500;102.5;102.51;102.43;102.46;157
USDRUBF;5;20250106;171000;102.46;102.48;102.45;102.48;38
USDRUBF;5;20250106;171500;102.47;102.63;102.43;102.47;640
USDRUBF;5;20250106;172000;102.48;102.52;102.46;102.48;96
USDRUBF;5;20250106;172500;102.48;102.58;102.48;102.5;181
USDRUBF;5;20250106;173000;102.53;102.54;102.5;102.53;23
USDRUBF;5;20250106;173500;102.54;102.59;102.5;102.5;231
USDRUBF;5;20250106;174000;102.56;102.56;102.37;102.45;589
USDRUBF;5;20250106;174500;102.41;102.41;102.33;102.4;150
USDRUBF;5;20250106;175000;102.4;102.45;102.35;102.42;180
USDRUBF;5;20250106;175500;102.42;102.49;102.41;102.45;115
USDRUBF;5;20250106;180000;102.45;102.46;102.39;102.46;195
USDRUBF;5;20250106;180500;102.49;102.49;102.42;102.42;63
USDRUBF;5;20250106;181000;102.42;102.46;102.42;102.45;74
USDRUBF;5;20250106;181500;102.45;102.52;102.45;102.52;331
USDRUBF;5;20250106;182000;102.5;102.61;102.5;102.58;106
USDRUBF;5;20250106;182500;102.61;102.64;102.51;102.58;189
USDRUBF;5;20250106;183000;102.6;102.69;102.56;102.65;235
USDRUBF;5;20250106;183500;102.67;102.68;102.47;102.57;838
USDRUBF;5;20250106;184000;102.6;102.63;102.6;102.6;225
USDRUBF;5;20250106;184500;102.6;102.7;102.59;102.68;318
USDRUBF;5;20250106;190500;102.7;102.75;102.58;102.58;299
USDRUBF;5;20250106;191000;102.59;102.74;102.59;102.74;166
USDRUBF;5;20250106;191500;102.74;102.77;102.72;102.77;102
USDRUBF;5;20250106;192000;102.77;102.8;102.72;102.79;349
USDRUBF;5;20250106;192500;102.78;102.81;102.76;102.79;48
USDRUBF;5;20250106;193000;102.8;102.82;102.77;102.82;120
USDRUBF;5;20250106;193500;102.8;102.83;102.78;102.81;44
USDRUBF;5;20250106;194000;102.83;102.85;102.81;102.84;10
USDRUBF;5;20250106;194500;102.84;102.84;102.69;102.75;73
USDRUBF;5;20250106;195000;102.77;102.77;102.73;102.73;5
USDRUBF;5;20250106;195500;102.73;102.73;102.68;102.7;37
USDRUBF;5;20250106;200000;102.7;102.77;102.67;102.73;74
USDRUBF;5;20250106;200500;102.75;102.75;102.73;102.74;26
USDRUBF;5;20250106;201000;102.75;102.76;102.74;102.74;64
USDRUBF;5;20250106;201500;102.74;102.76;102.74;102.76;23
USDRUBF;5;20250106;202000;102.77;102.77;102.73;102.73;20
USDRUBF;5;20250106;202500;102.75;102.77;102.75;102.77;19
USDRUBF;5;20250106;203000;102.74;102.76;102.74;102.74;30
USDRUBF;5;20250106;203500;102.76;102.77;102.75;102.75;7
USDRUBF;5;20250106;204000;102.75;102.76;102.74;102.76;8
USDRUBF;5;20250106;204500;102.74;102.74;102.74;102.74;6
USDRUBF;5;20250106;205000;102.76;102.76;102.76;102.76;6
USDRUBF;5;20250106;205500;102.76;102.77;102.76;102.77;10
USDRUBF;5;20250106;210000;102.77;102.78;102.77;102.78;11
USDRUBF;5;20250106;211000;102.78;102.79;102.78;102.79;13
USDRUBF;5;20250106;211500;102.8;102.81;102.79;102.8;26
USDRUBF;5;20250106;212000;102.79;102.82;102.79;102.79;8
USDRUBF;5;20250106;212500;102.82;102.82;102.82;102.82;1
USDRUBF;5;20250106;213000;102.82;102.83;102.8;102.83;26
USDRUBF;5;20250106;213500;102.84;102.88;102.84;102.87;101
USDRUBF;5;20250106;214000;102.84;102.85;102.83;102.85;51
USDRUBF;5;20250106;214500;102.86;102.94;102.85;102.88;217
USDRUBF;5;20250106;215000;102.87;102.87;102.87;102.87;3
USDRUBF;5;20250106;215500;102.87;102.87;102.85;102.85;53
USDRUBF;5;20250106;220000;102.85;102.94;102.85;102.94;196
USDRUBF;5;20250106;220500;102.94;102.95;102.94;102.95;7
USDRUBF;5;20250106;221000;102.93;102.93;102.9;102.9;54
USDRUBF;5;20250106;221500;102.93;102.99;102.93;102.98;153
USDRUBF;5;20250106;222000;102.97;102.97;102.89;102.9;120
USDRUBF;5;20250106;222500;102.9;102.91;102.9;102.91;17
USDRUBF;5;20250106;223000;102.9;102.9;102.89;102.89;45
USDRUBF;5;20250106;223500;102.89;102.89;102.89;102.89;106
USDRUBF;5;20250106;224000;102.89;102.91;102.89;102.91;40
USDRUBF;5;20250106;224500;102.9;102.95;102.9;102.94;63
USDRUBF;5;20250106;225000;102.94;102.96;102.93;102.94;40
USDRUBF;5;20250106;225500;102.93;102.93;102.92;102.92;33
USDRUBF;5;20250106;230000;102.94;102.94;102.94;102.94;2
USDRUBF;5;20250106;230500;102.95;102.96;102.92;102.92;17
USDRUBF;5;20250106;231000;102.92;102.94;102.91;102.91;18
USDRUBF;5;20250106;231500;102.91;102.92;102.91;102.92;11
USDRUBF;5;20250106;232000;102.91;102.92;102.91;102.92;3
USDRUBF;5;20250106;232500;102.9;102.9;102.9;102.9;1
USDRUBF;5;20250106;233000;102.9;102.91;102.9;102.9;3
USDRUBF;5;20250106;233500;102.9;102.9;102.9;102.9;29
USDRUBF;5;20250106;234000;102.89;102.89;102.87;102.89;25
USDRUBF;5;20250106;234500;102.88;102.9;102.87;102.87;26
USDRUBF;5;20250108;100000;102.97;103.03;102.69;102.84;860
USDRUBF;5;20250108;100500;102.85;102.96;102.68;102.87;747
USDRUBF;5;20250108;101000;102.93;103.25;102.92;103.21;1077
USDRUBF;5;20250108;101500;103.21;103.33;103.13;103.2;723
USDRUBF;5;20250108;102000;103.22;103.33;103.16;103.26;667
USDRUBF;5;20250108;102500;103.28;103.29;102.73;102.9;2695
USDRUBF;5;20250108;103000;102.91;103.05;102.88;102.98;539
USDRUBF;5;20250108;103500;103.05;103.08;102.94;102.96;304
USDRUBF;5;20250108;104000;102.97;102.99;102.89;102.89;177
USDRUBF;5;20250108;104500;102.92;103.05;102.88;102.94;452
USDRUBF;5;20250108;105000;102.88;102.95;102.76;102.87;546
USDRUBF;5;20250108;105500;102.88;102.98;102.85;102.97;111
USDRUBF;5;20250108;110000;102.97;103.04;102.92;102.96;180
USDRUBF;5;20250108;110500;102.97;103;102.87;102.91;686
USDRUBF;5;20250108;111000;102.88;102.9;102.72;102.77;245
USDRUBF;5;20250108;111500;102.76;102.8;102.72;102.76;490
USDRUBF;5;20250108;112000;102.76;102.79;102.74;102.79;126
USDRUBF;5;20250108;112500;102.75;102.82;102.75;102.82;107
USDRUBF;5;20250108;113000;102.79;102.79;102.44;102.51;849
USDRUBF;5;20250108;113500;102.47;102.59;102.45;102.53;496
USDRUBF;5;20250108;114000;102.5;102.58;102.45;102.56;878
USDRUBF;5;20250108;114500;102.54;102.64;102.46;102.5;533
USDRUBF;5;20250108;115000;102.47;102.56;102.45;102.56;490
USDRUBF;5;20250108;115500;102.55;102.58;102.51;102.56;277
USDRUBF;5;20250108;120000;102.56;102.6;102.52;102.56;271
USDRUBF;5;20250108;120500;102.54;102.56;102.52;102.56;52
USDRUBF;5;20250108;121000;102.56;102.61;102.54;102.57;277
USDRUBF;5;20250108;121500;102.62;102.62;102.56;102.58;24
USDRUBF;5;20250108;122000;102.59;102.63;102.57;102.59;130
USDRUBF;5;20250108;122500;102.61;102.63;102.47;102.47;346
USDRUBF;5;20250108;123000;102.46;102.52;102.32;102.36;414
USDRUBF;5;20250108;123500;102.36;102.45;102.35;102.43;366
USDRUBF;5;20250108;124000;102.44;102.56;102.41;102.54;394
USDRUBF;5;20250108;124500;102.52;102.54;102.46;102.46;60
USDRUBF;5;20250108;125000;102.49;102.56;102.42;102.5;686
USDRUBF;5;20250108;125500;102.5;102.51;102.46;102.5;185
USDRUBF;5;20250108;130000;102.46;102.53;102.45;102.49;129
USDRUBF;5;20250108;130500;102.49;102.5;102.49;102.49;193
USDRUBF;5;20250108;131000;102.48;102.53;102.46;102.53;150
USDRUBF;5;20250108;131500;102.5;102.5;102.39;102.39;168
USDRUBF;5;20250108;132000;102.4;102.41;102.32;102.35;89
USDRUBF;5;20250108;132500;102.32;102.38;102.3;102.3;499
USDRUBF;5;20250108;133000;102.3;102.4;102.3;102.37;264
USDRUBF;5;20250108;133500;102.36;102.36;102.34;102.34;102
USDRUBF;5;20250108;134000;102.34;102.38;102.34;102.38;187
USDRUBF;5;20250108;134500;102.36;102.43;102.34;102.38;220
USDRUBF;5;20250108;135000;102.39;102.43;102.36;102.43;29
USDRUBF;5;20250108;135500;102.44;102.44;102.38;102.44;71
USDRUBF;5;20250108;140500;102.43;102.45;102.4;102.43;82
USDRUBF;5;20250108;141000;102.4;102.44;102.39;102.43;72
USDRUBF;5;20250108;141500;102.42;102.45;102.41;102.43;90
USDRUBF;5;20250108;142000;102.43;102.45;102.42;102.43;141
USDRUBF;5;20250108;142500;102.43;102.44;102.4;102.42;293
USDRUBF;5;20250108;143000;102.41;102.41;102.34;102.4;557
USDRUBF;5;20250108;143500;102.39;102.45;102.39;102.45;211
USDRUBF;5;20250108;144000;102.45;102.46;102.41;102.41;171
USDRUBF;5;20250108;144500;102.41;102.46;102.37;102.42;178
USDRUBF;5;20250108;145000;102.46;102.46;102.4;102.46;163
USDRUBF;5;20250108;145500;102.46;102.49;102.45;102.47;120
USDRUBF;5;20250108;150000;102.47;102.48;102.45;102.46;41
USDRUBF;5;20250108;150500;102.46;102.49;102.45;102.45;81
USDRUBF;5;20250108;151000;102.45;102.45;102.41;102.41;91
USDRUBF;5;20250108;151500;102.43;102.49;102.42;102.43;110
USDRUBF;5;20250108;152000;102.49;102.53;102.46;102.52;195
USDRUBF;5;20250108;152500;102.52;102.59;102.45;102.51;270
USDRUBF;5;20250108;153000;102.51;102.59;102.51;102.54;30
USDRUBF;5;20250108;153500;102.51;102.57;102.41;102.41;363
USDRUBF;5;20250108;154000;102.4;102.48;102.36;102.39;207
USDRUBF;5;20250108;154500;102.38;102.44;102.35;102.38;238
USDRUBF;5;20250108;155000;102.42;102.51;102.41;102.51;132
USDRUBF;5;20250108;155500;102.49;102.51;102.47;102.51;73
USDRUBF;5;20250108;160000;102.48;102.5;102.41;102.41;88
USDRUBF;5;20250108;160500;102.42;102.52;102.4;102.52;55
USDRUBF;5;20250108;161000;102.52;102.57;102.49;102.55;120
USDRUBF;5;20250108;161500;102.58;102.58;102.52;102.53;64
USDRUBF;5;20250108;162000;102.49;102.52;102.49;102.49;15
USDRUBF;5;20250108;162500;102.53;102.62;102.53;102.62;494
USDRUBF;5;20250108;163000;102.62;102.65;102.55;102.58;242
USDRUBF;5;20250108;163500;102.59;102.64;102.58;102.58;212
USDRUBF;5;20250108;164000;102.61;102.62;102.57;102.57;594
USDRUBF;5;20250108;164500;102.6;102.61;102.57;102.6;31
USDRUBF;5;20250108;165000;102.6;102.6;102.56;102.58;87
USDRUBF;5;20250108;165500;102.58;102.6;102.47;102.48;162
USDRUBF;5;20250108;170000;102.49;102.52;102.48;102.52;230
USDRUBF;5;20250108;170500;102.49;102.52;102.48;102.5;38
USDRUBF;5;20250108;171000;102.49;102.53;102.48;102.53;196
USDRUBF;5;20250108;171500;102.51;102.51;102.49;102.5;31
USDRUBF;5;20250108;172000;102.53;102.53;102.48;102.5;13
USDRUBF;5;20250108;172500;102.49;102.54;102.49;102.51;59
USDRUBF;5;20250108;173000;102.53;102.56;102.5;102.51;40
USDRUBF;5;20250108;173500;102.54;102.7;102.48;102.5;655
USDRUBF;5;20250108;174000;102.53;102.63;102.53;102.53;271
USDRUBF;5;20250108;174500;102.52;102.54;102.48;102.53;159
USDRUBF;5;20250108;175000;102.52;102.56;102.49;102.54;141
USDRUBF;5;20250108;175500;102.5;102.53;102.49;102.49;65
USDRUBF;5;20250108;180000;102.49;102.57;102.47;102.48;149
USDRUBF;5;20250108;180500;102.46;102.5;102.45;102.46;83
USDRUBF;5;20250108;181000;102.47;102.49;102.42;102.49;178
USDRUBF;5;20250108;181500;102.48;102.52;102.47;102.47;129
USDRUBF;5;20250108;182000;102.48;102.53;102.46;102.46;152
USDRUBF;5;20250108;182500;102.46;102.47;102.29;102.32;635
USDRUBF;5;20250108;183000;102.32;102.37;102.32;102.37;343
USDRUBF;5;20250108;183500;102.35;102.4;102.34;102.35;144
USDRUBF;5;20250108;184000;102.35;102.42;102.34;102.4;624
USDRUBF;5;20250108;184500;102.38;102.41;102.32;102.37;481
USDRUBF;5;20250108;190500;102.4;102.63;102.35;102.51;320
USDRUBF;5;20250108;191000;102.53;102.54;102.42;102.44;226
USDRUBF;5;20250108;191500;102.44;102.49;102.44;102.44;96
USDRUBF;5;20250108;192000;102.48;102.5;102.45;102.5;97
USDRUBF;5;20250108;192500;102.5;102.5;102.41;102.41;153
USDRUBF;5;20250108;193000;102.45;102.45;102.4;102.45;56
USDRUBF;5;20250108;193500;102.44;102.51;102.41;102.5;100
USDRUBF;5;20250108;194000;102.51;102.52;102.5;102.5;66
USDRUBF;5;20250108;194500;102.47;102.52;102.47;102.48;23
USDRUBF;5;20250108;195000;102.5;102.52;102.49;102.49;14
USDRUBF;5;20250108;195500;102.53;102.59;102.5;102.58;145
USDRUBF;5;20250108;200000;102.58;102.58;102.51;102.54;91
USDRUBF;5;20250108;200500;102.5;102.65;102.5;102.62;169
USDRUBF;5;20250108;201000;102.65;102.73;102.59;102.67;61
USDRUBF;5;20250108;201500;102.69;102.8;102.6;102.78;98
USDRUBF;5;20250108;202000;102.77;102.79;102.7;102.7;167
USDRUBF;5;20250108;202500;102.67;102.75;102.6;102.75;49
USDRUBF;5;20250108;203000;102.77;102.85;102.68;102.73;239
USDRUBF;5;20250108;203500;102.74;102.75;102.69;102.7;51
USDRUBF;5;20250108;204000;102.7;102.7;102.61;102.69;198
USDRUBF;5;20250108;204500;102.67;102.7;102.66;102.69;76
USDRUBF;5;20250108;205000;102.69;102.69;102.69;102.69;5
USDRUBF;5;20250108;205500;102.7;102.7;102.67;102.67;6
USDRUBF;5;20250108;210000;102.65;102.7;102.64;102.7;46
USDRUBF;5;20250108;210500;102.67;102.67;102.61;102.67;27
USDRUBF;5;20250108;211000;102.64;102.67;102.64;102.67;2
USDRUBF;5;20250108;211500;102.67;102.67;102.61;102.61;12
USDRUBF;5;20250108;212000;102.64;102.64;102.57;102.57;74
USDRUBF;5;20250108;212500;102.57;102.63;102.57;102.62;27
USDRUBF;5;20250108;213000;102.62;102.65;102.62;102.62;31
USDRUBF;5;20250108;213500;102.65;102.65;102.63;102.64;21
USDRUBF;5;20250108;214000;102.63;102.68;102.63;102.66;80
USDRUBF;5;20250108;214500;102.67;102.69;102.67;102.67;37
USDRUBF;5;20250108;215000;102.68;102.68;102.64;102.64;38
USDRUBF;5;20250108;215500;102.64;102.64;102.64;102.64;2
USDRUBF;5;20250108;220000;102.65;102.68;102.65;102.68;30
USDRUBF;5;20250108;220500;102.69;102.69;102.65;102.65;68
USDRUBF;5;20250108;221000;102.65;102.68;102.6;102.64;121
USDRUBF;5;20250108;221500;102.64;102.67;102.57;102.59;42
USDRUBF;5;20250108;222000;102.59;102.64;102.58;102.64;23
USDRUBF;5;20250108;222500;102.62;102.67;102.62;102.66;16
USDRUBF;5;20250108;223000;102.65;102.7;102.65;102.7;7
USDRUBF;5;20250108;223500;102.7;102.74;102.7;102.74;4
USDRUBF;5;20250108;224000;102.73;102.74;102.69;102.74;61
USDRUBF;5;20250108;224500;102.74;102.77;102.74;102.75;34
USDRUBF;5;20250108;225500;102.75;102.75;102.57;102.67;144
USDRUBF;5;20250108;230000;102.68;102.74;102.62;102.71;36
USDRUBF;5;20250108;231000;102.71;102.73;102.71;102.73;13
USDRUBF;5;20250108;232000;102.68;102.73;102.68;102.73;30
USDRUBF;5;20250108;232500;102.71;102.71;102.63;102.71;27
USDRUBF;5;20250108;233000;102.7;102.7;102.69;102.69;16
USDRUBF;5;20250108;233500;102.72;102.76;102.71;102.76;54
USDRUBF;5;20250108;234000;102.73;102.94;102.7;102.7;189
USDRUBF;5;20250108;234500;102.85;102.85;102.76;102.76;22
USDRUBF;5;20250109;100000;102.75;102.97;102.62;102.86;2535
USDRUBF;5;20250109;100500;102.89;103.03;102.82;102.85;1591
USDRUBF;5;20250109;101000;102.9;103.05;102.88;102.95;1780
USDRUBF;5;20250109;101500;102.95;103.06;102.91;102.93;1565
USDRUBF;5;20250109;102000;102.92;102.99;102.86;102.87;459
USDRUBF;5;20250109;102500;102.89;102.97;102.83;102.97;1223
USDRUBF;5;20250109;103000;102.98;103.07;102.96;102.97;1036
USDRUBF;5;20250109;103500;102.97;103.02;102.84;102.84;1200
USDRUBF;5;20250109;104000;102.84;102.87;102.76;102.78;1195
USDRUBF;5;20250109;104500;102.83;103.12;102.8;102.95;4424
USDRUBF;5;20250109;105000;102.95;103;102.72;102.87;1639
USDRUBF;5;20250109;105500;102.87;102.97;102.84;102.93;791
USDRUBF;5;20250109;110000;102.94;103.05;102.86;102.89;1383
USDRUBF;5;20250109;110500;102.89;102.96;102.88;102.88;371
USDRUBF;5;20250109;111000;102.88;102.95;102.86;102.95;583
USDRUBF;5;20250109;111500;102.95;102.95;102.77;102.78;614
USDRUBF;5;20250109;112000;102.77;102.8;102.66;102.72;488
USDRUBF;5;20250109;112500;102.73;102.83;102.73;102.82;354
USDRUBF;5;20250109;113000;102.82;102.87;102.81;102.83;117
USDRUBF;5;20250109;113500;102.82;102.89;102.76;102.8;307
USDRUBF;5;20250109;114000;102.78;102.93;102.78;102.84;317
USDRUBF;5;20250109;114500;102.83;102.95;102.83;102.94;505
USDRUBF;5;20250109;115000;102.94;103;102.87;102.98;946
USDRUBF;5;20250109;115500;102.98;103;102.92;102.99;570
USDRUBF;5;20250109;120000;102.99;103.1;102.99;103.07;515
USDRUBF;5;20250109;120500;103.08;103.18;103.07;103.15;244
USDRUBF;5;20250109;121000;103.17;103.21;103.09;103.14;1135
USDRUBF;5;20250109;121500;103.15;103.23;103.14;103.15;1040
USDRUBF;5;20250109;122000;103.18;103.18;103.12;103.13;34
USDRUBF;5;20250109;122500;103.12;103.16;103.1;103.12;677
USDRUBF;5;20250109;123000;103.09;103.29;103.09;103.23;1099
USDRUBF;5;20250109;123500;103.21;103.23;103.11;103.13;792
USDRUBF;5;20250109;124000;103.12;103.17;102.93;102.96;832
USDRUBF;5;20250109;124500;102.97;102.97;102.85;102.88;328
USDRUBF;5;20250109;125000;102.9;102.92;102.8;102.84;249
USDRUBF;5;20250109;125500;102.83;102.85;102.77;102.81;341
USDRUBF;5;20250109;130000;102.77;102.98;102.77;102.93;680
USDRUBF;5;20250109;130500;102.96;103.02;102.95;102.98;236
USDRUBF;5;20250109;131000;102.97;102.97;102.88;102.9;168
USDRUBF;5;20250109;131500;102.89;102.97;102.89;102.91;137
USDRUBF;5;20250109;132000;102.94;103.02;102.91;102.98;252
USDRUBF;5;20250109;132500;102.99;103.01;102.92;102.95;287
USDRUBF;5;20250109;133000;102.97;102.97;102.91;102.94;77
USDRUBF;5;20250109;133500;102.94;102.98;102.92;102.96;78
USDRUBF;5;20250109;134000;102.95;102.99;102.93;102.93;88
USDRUBF;5;20250109;134500;102.92;102.96;102.9;102.9;88
USDRUBF;5;20250109;135000;102.94;103.03;102.94;102.96;201
USDRUBF;5;20250109;135500;103;103.02;102.93;103.02;87
USDRUBF;5;20250109;140500;103;103.1;102.97;103.07;242
USDRUBF;5;20250109;141000;103.1;103.13;103.06;103.06;176
USDRUBF;5;20250109;141500;103.05;103.08;103.03;103.03;92
USDRUBF;5;20250109;142000;103.02;103.03;102.92;102.92;165
USDRUBF;5;20250109;142500;102.94;102.96;102.9;102.92;85
USDRUBF;5;20250109;143000;102.92;103.03;102.92;102.97;186
USDRUBF;5;20250109;143500;103;103.02;102.98;103.02;63
USDRUBF;5;20250109;144000;102.99;103;102.95;103;92
USDRUBF;5;20250109;144500;103.01;103.03;102.97;102.99;120
USDRUBF;5;20250109;145000;103.02;103.03;102.97;102.97;77
USDRUBF;5;20250109;145500;102.97;103.07;102.97;103.07;112
USDRUBF;5;20250109;150000;103.08;103.15;103.08;103.12;262
USDRUBF;5;20250109;150500;103.1;103.13;103.01;103.01;185
USDRUBF;5;20250109;151000;103.01;103.14;103.01;103.14;88
USDRUBF;5;20250109;151500;103.12;103.13;103.05;103.06;106
USDRUBF;5;20250109;152000;103.07;103.11;103.06;103.06;84
USDRUBF;5;20250109;152500;103.05;103.08;102.99;103.05;151
USDRUBF;5;20250109;153000;103.04;103.05;103;103.04;134
USDRUBF;5;20250109;153500;103.04;103.05;102.95;102.97;240
USDRUBF;5;20250109;154000;102.98;102.98;102.81;102.91;456
USDRUBF;5;20250109;154500;102.88;102.93;102.73;102.77;549
USDRUBF;5;20250109;155000;102.76;102.98;102.74;102.93;611
USDRUBF;5;20250109;155500;102.92;102.93;102.83;102.83;123
USDRUBF;5;20250109;160000;102.87;102.92;102.84;102.87;235
USDRUBF;5;20250109;160500;102.88;102.91;102.8;102.81;232
USDRUBF;5;20250109;161000;102.8;102.8;102.67;102.72;322
USDRUBF;5;20250109;161500;102.72;102.83;102.7;102.83;169
USDRUBF;5;20250109;162000;102.8;102.8;102.76;102.76;30
USDRUBF;5;20250109;162500;102.76;102.83;102.75;102.83;295
USDRUBF;5;20250109;163000;102.83;102.83;102.77;102.77;47
USDRUBF;5;20250109;163500;102.75;102.75;102.71;102.73;96
USDRUBF;5;20250109;164000;102.75;102.75;102.71;102.73;46
USDRUBF;5;20250109;164500;102.74;102.76;102.7;102.7;68
USDRUBF;5;20250109;165000;102.68;102.7;102.65;102.69;86
USDRUBF;5;20250109;165500;102.69;102.77;102.69;102.75;70
USDRUBF;5;20250109;170000;102.76;102.77;102.73;102.76;37
USDRUBF;5;20250109;170500;102.74;102.75;102.73;102.73;10
USDRUBF;5;20250109;171000;102.75;102.75;102.69;102.74;101
USDRUBF;5;20250109;171500;102.74;102.74;102.66;102.73;255
USDRUBF;5;20250109;172000;102.73;102.73;102.7;102.71;46
USDRUBF;5;20250109;172500;102.7;102.78;102.67;102.78;456
USDRUBF;5;20250109;173000;102.77;102.83;102.77;102.8;351
USDRUBF;5;20250109;173500;102.79;102.79;102.66;102.68;567
USDRUBF;5;20250109;174000;102.68;102.68;102.62;102.63;250
USDRUBF;5;20250109;174500;102.62;102.63;102.57;102.57;281
USDRUBF;5;20250109;175000;102.58;102.64;102.57;102.61;252
USDRUBF;5;20250109;175500;102.63;102.63;102.59;102.6;70
USDRUBF;5;20250109;180000;102.59;102.59;102.55;102.55;125
USDRUBF;5;20250109;180500;102.54;102.56;102.48;102.49;399
USDRUBF;5;20250109;181000;102.5;102.52;102.45;102.5;560
USDRUBF;5;20250109;181500;102.51;102.54;102.47;102.54;270
USDRUBF;5;20250109;182000;102.53;102.58;102.51;102.58;518
USDRUBF;5;20250109;182500;102.57;102.58;102.54;102.57;203
USDRUBF;5;20250109;183000;102.57;102.6;102.5;102.52;294
USDRUBF;5;20250109;183500;102.52;102.55;102.5;102.52;209
USDRUBF;5;20250109;184000;102.51;102.54;102.49;102.54;183
USDRUBF;5;20250109;184500;102.54;102.55;102.48;102.49;285
USDRUBF;5;20250109;190500;102.54;102.59;102.47;102.57;201
USDRUBF;5;20250109;191000;102.55;102.65;102.54;102.61;596
USDRUBF;5;20250109;191500;102.64;102.73;102.57;102.69;443
USDRUBF;5;20250109;192000;102.69;102.7;102.67;102.69;47
USDRUBF;5;20250109;192500;102.7;102.74;102.68;102.7;82
USDRUBF;5;20250109;193000;102.7;102.73;102.7;102.72;84
USDRUBF;5;20250109;193500;102.74;102.74;102.66;102.69;40
USDRUBF;5;20250109;194000;102.68;102.7;102.6;102.62;61
USDRUBF;5;20250109;194500;102.64;102.66;102.62;102.62;18
USDRUBF;5;20250109;195000;102.64;102.64;102.61;102.62;20
USDRUBF;5;20250109;195500;102.64;102.66;102.64;102.65;37
USDRUBF;5;20250109;200000;102.66;102.66;102.64;102.66;63
USDRUBF;5;20250109;200500;102.66;102.66;102.64;102.65;11
USDRUBF;5;20250109;201000;102.66;102.66;102.63;102.66;17
USDRUBF;5;20250109;201500;102.66;102.68;102.65;102.68;125
USDRUBF;5;20250109;202000;102.68;102.74;102.68;102.74;75
USDRUBF;5;20250109;202500;102.75;102.78;102.74;102.74;51
USDRUBF;5;20250109;203000;102.74;102.77;102.7;102.74;172
USDRUBF;5;20250109;203500;102.76;102.76;102.72;102.72;38
USDRUBF;5;20250109;204000;102.71;102.73;102.71;102.71;45
USDRUBF;5;20250109;204500;102.74;102.77;102.74;102.77;44
USDRUBF;5;20250109;205000;102.77;102.77;102.74;102.74;29
USDRUBF;5;20250109;205500;102.74;102.74;102.74;102.74;7
USDRUBF;5;20250109;210000;102.72;102.75;102.72;102.75;22
USDRUBF;5;20250109;210500;102.74;102.75;102.74;102.75;6
USDRUBF;5;20250109;211000;102.75;102.78;102.75;102.78;44
USDRUBF;5;20250109;211500;102.78;102.78;102.72;102.72;52
USDRUBF;5;20250109;212000;102.74;102.75;102.7;102.72;39
USDRUBF;5;20250109;212500;102.72;102.72;102.7;102.7;6
USDRUBF;5;20250109;213000;102.7;102.71;102.7;102.7;42
USDRUBF;5;20250109;213500;102.71;102.72;102.7;102.7;14
USDRUBF;5;20250109;214000;102.72;102.72;102.7;102.7;16
USDRUBF;5;20250109;214500;102.71;102.74;102.71;102.74;11
USDRUBF;5;20250109;215000;102.75;102.77;102.74;102.74;33
USDRUBF;5;20250109;215500;102.75;102.76;102.75;102.76;3
USDRUBF;5;20250109;220000;102.75;102.77;102.74;102.74;83
USDRUBF;5;20250109;220500;102.74;102.78;102.74;102.78;7
USDRUBF;5;20250109;221000;102.78;102.79;102.73;102.76;59
USDRUBF;5;20250109;221500;102.72;102.74;102.71;102.74;24
USDRUBF;5;20250109;222500;102.72;102.72;102.72;102.72;2
USDRUBF;5;20250109;223000;102.74;102.74;102.74;102.74;2
USDRUBF;5;20250109;223500;102.71;102.73;102.71;102.73;2
USDRUBF;5;20250109;224000;102.7;102.74;102.7;102.74;10
USDRUBF;5;20250109;224500;102.72;102.72;102.72;102.72;1
USDRUBF;5;20250109;225000;102.73;102.73;102.73;102.73;1
USDRUBF;5;20250109;225500;102.73;102.74;102.72;102.72;12
USDRUBF;5;20250109;230000;102.75;102.75;102.75;102.75;11
USDRUBF;5;20250109;230500;102.73;102.79;102.73;102.78;107
USDRUBF;5;20250109;231000;102.74;102.74;102.74;102.74;2
USDRUBF;5;20250109;231500;102.75;102.78;102.75;102.78;32
USDRUBF;5;20250109;232000;102.76;102.78;102.75;102.77;49
USDRUBF;5;20250109;232500;102.75;102.77;102.73;102.73;35
USDRUBF;5;20250109;233000;102.75;102.77;102.74;102.77;47
USDRUBF;5;20250109;233500;102.77;102.77;102.77;102.77;2
USDRUBF;5;20250109;234000;102.77;102.78;102.72;102.77;92
USDRUBF;5;20250109;234500;102.72;102.76;102.65;102.65;142
USDRUBF;5;20250110;100000;102.68;102.75;102.52;102.68;631
USDRUBF;5;20250110;100500;102.64;102.91;102.58;102.85;868
USDRUBF;5;20250110;101000;102.84;102.86;102.7;102.79;290
USDRUBF;5;20250110;101500;102.74;102.88;102.64;102.81;543
USDRUBF;5;20250110;102000;102.86;102.87;102.69;102.85;473
USDRUBF;5;20250110;102500;102.89;102.96;102.85;102.89;883
USDRUBF;5;20250110;103000;102.88;103.07;102.88;103.02;499
USDRUBF;5;20250110;103500;103.02;103.05;102.82;102.83;421
USDRUBF;5;20250110;104000;102.84;102.95;102.75;102.94;550
USDRUBF;5;20250110;104500;102.93;102.99;102.91;102.96;446
USDRUBF;5;20250110;105000;102.96;103;102.92;102.94;636
USDRUBF;5;20250110;105500;102.94;102.98;102.9;102.93;957
USDRUBF;5;20250110;110000;102.95;103.02;102.92;103;934
USDRUBF;5;20250110;110500;103.02;103.03;102.92;102.97;225
USDRUBF;5;20250110;111000;102.95;102.97;102.91;102.92;112
USDRUBF;5;20250110;111500;102.92;102.98;102.84;102.97;342
USDRUBF;5;20250110;112000;102.98;102.99;102.94;102.97;163
USDRUBF;5;20250110;112500;102.97;103;102.95;102.99;134
USDRUBF;5;20250110;113000;102.98;103.01;102.94;102.97;289
USDRUBF;5;20250110;113500;102.97;103.03;102.94;102.97;183
USDRUBF;5;20250110;114000;102.98;103.01;102.87;102.87;209
USDRUBF;5;20250110;114500;102.87;102.95;102.87;102.9;273
USDRUBF;5;20250110;115000;102.87;102.93;102.87;102.93;104
USDRUBF;5;20250110;115500;102.93;102.93;102.84;102.88;420
USDRUBF;5;20250110;120000;102.85;102.96;102.84;102.92;270
USDRUBF;5;20250110;120500;102.9;103.03;102.9;102.94;115
USDRUBF;5;20250110;121000;102.94;103.03;102.94;103.01;112
USDRUBF;5;20250110;121500;103.02;103.03;102.97;103;87
USDRUBF;5;20250110;122000;102.99;103.04;102.99;103.03;161
USDRUBF;5;20250110;122500;103;103.07;102.99;103.07;309
USDRUBF;5;20250110;123000;103.07;103.09;103.01;103.06;593
USDRUBF;5;20250110;123500;103.06;103.07;102.94;102.94;1208
USDRUBF;5;20250110;124000;102.94;103.02;102.91;103;434
USDRUBF;5;20250110;124500;102.98;103.02;102.97;103.01;178
USDRUBF;5;20250110;125000;103.03;103.03;103;103.02;125
USDRUBF;5;20250110;125500;103.02;103.02;102.95;103;145
USDRUBF;5;20250110;130000;103.01;103.02;102.91;102.93;291
USDRUBF;5;20250110;130500;102.94;103.07;102.94;103;284
USDRUBF;5;20250110;131000;103;103.04;102.93;102.97;328
USDRUBF;5;20250110;131500;102.99;103.04;102.98;103.01;158
USDRUBF;5;20250110;132000;102.98;102.99;102.87;102.9;248
USDRUBF;5;20250110;132500;102.9;103.02;102.9;102.98;202
USDRUBF;5;20250110;133000;102.98;102.99;102.93;102.93;57
USDRUBF;5;20250110;133500;102.95;103;102.95;102.98;212
USDRUBF;5;20250110;134000;102.99;103.08;102.99;103.07;640
USDRUBF;5;20250110;134500;103.06;103.09;103.04;103.04;208
USDRUBF;5;20250110;135000;103.07;103.08;102.93;102.95;208
USDRUBF;5;20250110;135500;102.95;102.96;102.91;102.93;366
USDRUBF;5;20250110;140500;102.92;102.96;102.83;102.87;589
USDRUBF;5;20250110;141000;102.85;102.93;102.84;102.9;171
USDRUBF;5;20250110;141500;102.91;102.92;102.89;102.89;63
USDRUBF;5;20250110;142000;102.88;102.98;102.86;102.98;501
USDRUBF;5;20250110;142500;102.96;102.96;102.92;102.94;234
USDRUBF;5;20250110;143000;102.91;102.95;102.89;102.91;248
USDRUBF;5;20250110;143500;102.95;102.96;102.9;102.94;189
USDRUBF;5;20250110;144000;102.95;102.96;102.89;102.93;253
USDRUBF;5;20250110;144500;102.94;102.94;102.91;102.91;67
USDRUBF;5;20250110;145000;102.92;102.93;102.9;102.93;23
USDRUBF;5;20250110;145500;102.92;102.94;102.88;102.88;76
USDRUBF;5;20250110;150000;102.9;102.91;102.87;102.9;161
USDRUBF;5;20250110;150500;102.87;102.93;102.79;102.83;762
USDRUBF;5;20250110;151000;102.83;102.91;102.83;102.89;539
USDRUBF;5;20250110;151500;102.89;102.9;102.8;102.83;373
USDRUBF;5;20250110;152000;102.82;102.84;102.8;102.82;35
USDRUBF;5;20250110;152500;102.84;102.91;102.81;102.91;500
USDRUBF;5;20250110;153000;102.92;102.93;102.84;102.89;1215
USDRUBF;5;20250110;153500;102.89;102.9;102.83;102.88;418
USDRUBF;5;20250110;154000;102.89;102.91;102.83;102.83;198
USDRUBF;5;20250110;154500;102.84;102.86;102.83;102.85;46
USDRUBF;5;20250110;155000;102.83;102.85;102.81;102.83;586
USDRUBF;5;20250110;155500;102.84;102.87;102.84;102.86;69
USDRUBF;5;20250110;160000;102.84;102.9;102.84;102.9;68
USDRUBF;5;20250110;160500;102.9;102.92;102.88;102.9;131
USDRUBF;5;20250110;161000;102.89;102.94;102.89;102.91;331
USDRUBF;5;20250110;161500;102.92;102.95;102.88;102.9;1622
USDRUBF;5;20250110;162000;102.9;102.93;102.87;102.9;1058
USDRUBF;5;20250110;162500;102.9;102.9;102.78;102.8;1895
USDRUBF;5;20250110;163000;102.8;102.9;102.79;102.89;1641
USDRUBF;5;20250110;163500;102.89;102.91;102.85;102.87;1099
USDRUBF;5;20250110;164000;102.86;102.88;102.8;102.85;678
USDRUBF;5;20250110;164500;102.87;102.9;102.87;102.87;125
USDRUBF;5;20250110;165000;102.9;102.94;102.89;102.94;189
USDRUBF;5;20250110;165500;102.94;103.01;102.94;103.01;527
USDRUBF;5;20250110;170000;103.02;103.02;102.97;103;168
USDRUBF;5;20250110;170500;102.97;103.01;102.97;103;40
USDRUBF;5;20250110;171000;103;103;102.93;102.95;378
USDRUBF;5;20250110;171500;102.95;103.02;102.95;103;229
USDRUBF;5;20250110;172000;102.98;103;102.92;102.92;109
USDRUBF;5;20250110;172500;102.94;103;102.91;102.97;115
USDRUBF;5;20250110;173000;102.97;102.99;102.91;102.91;90
USDRUBF;5;20250110;173500;102.93;102.95;102.91;102.91;149
USDRUBF;5;20250110;174000;102.91;102.95;102.84;102.84;661
USDRUBF;5;20250110;174500;102.83;102.83;102.65;102.74;3144
USDRUBF;5;20250110;175000;102.73;102.77;102.69;102.75;401
USDRUBF;5;20250110;175500;102.78;102.88;102.77;102.8;374
USDRUBF;5;20250110;180000;102.83;102.88;102.81;102.87;215
USDRUBF;5;20250110;180500;102.84;102.89;102.84;102.88;119
USDRUBF;5;20250110;181000;102.88;102.91;102.85;102.89;329
USDRUBF;5;20250110;181500;102.88;102.99;102.88;102.99;1036
USDRUBF;5;20250110;182000;102.98;102.99;102.95;102.95;1729
USDRUBF;5;20250110;182500;102.96;102.98;102.95;102.95;1947
USDRUBF;5;20250110;183000;102.95;102.98;102.95;102.98;1162
USDRUBF;5;20250110;183500;102.98;103.01;102.95;102.97;271
USDRUBF;5;20250110;184000;102.97;103.01;102.95;103;308
USDRUBF;5;20250110;184500;103;103.01;102.98;103;172
USDRUBF;5;20250110;190500;103.02;103.42;103.02;103.32;1079
USDRUBF;5;20250110;191000;103.32;103.35;103.25;103.34;408
USDRUBF;5;20250110;191500;103.33;103.34;103.29;103.3;131
USDRUBF;5;20250110;192000;103.3;103.31;103.19;103.2;635
USDRUBF;5;20250110;192500;103.22;103.29;103.17;103.26;162
USDRUBF;5;20250110;193000;103.28;103.3;103.25;103.3;84
USDRUBF;5;20250110;193500;103.27;103.31;103.25;103.31;188
USDRUBF;5;20250110;194000;103.31;103.32;103.28;103.28;294
USDRUBF;5;20250110;194500;103.28;103.32;103.24;103.3;86
USDRUBF;5;20250110;195000;103.3;103.31;103.28;103.3;25
USDRUBF;5;20250110;195500;103.3;103.31;103.28;103.3;48
USDRUBF;5;20250110;200000;103.3;103.3;103.28;103.28;47
USDRUBF;5;20250110;200500;103.29;103.29;103.27;103.29;25
USDRUBF;5;20250110;201000;103.27;103.28;103.25;103.25;61
USDRUBF;5;20250110;201500;103.27;103.29;103.26;103.29;81
USDRUBF;5;20250110;202000;103.29;103.29;103.26;103.26;16
USDRUBF;5;20250110;202500;103.26;103.28;103.26;103.26;10
USDRUBF;5;20250110;203000;103.28;103.28;103.24;103.24;101
USDRUBF;5;20250110;203500;103.24;103.24;103.22;103.22;165
USDRUBF;5;20250110;204000;103.23;103.24;103.14;103.18;284
USDRUBF;5;20250110;204500;103.18;103.24;103.18;103.21;61
USDRUBF;5;20250110;205000;103.25;103.26;103.21;103.21;68
USDRUBF;5;20250110;205500;103.24;103.29;103.17;103.17;202
USDRUBF;5;20250110;210000;103.18;103.18;103.11;103.15;136
USDRUBF;5;20250110;210500;103.15;103.19;103.13;103.19;32
USDRUBF;5;20250110;211000;103.19;103.22;103.18;103.22;40
USDRUBF;5;20250110;211500;103.23;103.25;103.22;103.25;26
USDRUBF;5;20250110;212000;103.24;103.25;103.22;103.24;39
USDRUBF;5;20250110;212500;103.23;103.23;103.21;103.21;5
USDRUBF;5;20250110;213000;103.25;103.26;103.22;103.25;38
USDRUBF;5;20250110;213500;103.25;103.28;103.23;103.24;44
USDRUBF;5;20250110;214000;103.23;103.25;103.22;103.22;6
USDRUBF;5;20250110;214500;103.25;103.26;103.25;103.26;8
USDRUBF;5;20250110;215000;103.25;103.26;103.25;103.26;3
USDRUBF;5;20250110;215500;103.25;103.25;103.19;103.19;18
USDRUBF;5;20250110;220000;103.19;103.23;103.19;103.23;39
USDRUBF;5;20250110;220500;103.24;103.27;103.24;103.27;15
USDRUBF;5;20250110;221000;103.24;103.25;103.23;103.25;24
USDRUBF;5;20250110;221500;103.26;103.26;103.23;103.23;30
USDRUBF;5;20250110;222000;103.22;103.25;103.15;103.2;126
USDRUBF;5;20250110;222500;103.16;103.18;103.16;103.18;4
USDRUBF;5;20250110;223000;103.17;103.19;103.13;103.13;61
USDRUBF;5;20250110;223500;103.13;103.19;103.12;103.17;39
USDRUBF;5;20250110;224000;103.17;103.18;103.17;103.18;2
USDRUBF;5;20250110;224500;103.18;103.21;103.17;103.21;22
USDRUBF;5;20250110;225000;103.19;103.22;103.19;103.19;26
USDRUBF;5;20250110;225500;103.22;103.23;103.22;103.23;21
USDRUBF;5;20250110;230000;103.24;103.25;103.24;103.25;17
USDRUBF;5;20250110;230500;103.23;103.25;103.22;103.22;21
USDRUBF;5;20250110;231000;103.25;103.25;103.22;103.22;23
USDRUBF;5;20250110;231500;103.23;103.24;103.21;103.24;24
USDRUBF;5;20250110;232000;103.23;103.24;103.21;103.21;22
USDRUBF;5;20250110;232500;103.24;103.26;103.24;103.25;12
USDRUBF;5;20250110;233000;103.25;103.28;103.25;103.26;92
USDRUBF;5;20250110;233500;103.28;103.29;103.25;103.25;15
USDRUBF;5;20250110;234000;103.25;103.25;103.25;103.25;10
USDRUBF;5;20250110;234500;103.25;103.29;103.25;103.25;14
USDRUBF;5;20250113;100000;103.23;103.37;103.16;103.34;766
USDRUBF;5;20250113;100500;103.31;103.49;103.31;103.41;714
USDRUBF;5;20250113;101000;103.42;103.49;103.35;103.44;408
USDRUBF;5;20250113;101500;103.44;103.65;103.43;103.56;1026
USDRUBF;5;20250113;102000;103.54;103.54;103.33;103.33;987
USDRUBF;5;20250113;102500;103.33;103.37;103.19;103.23;862
USDRUBF;5;20250113;103000;103.22;103.45;103.22;103.41;653
USDRUBF;5;20250113;103500;103.42;103.56;103.4;103.52;470
USDRUBF;5;20250113;104000;103.49;103.79;103.49;103.63;1044
USDRUBF;5;20250113;104500;103.63;103.66;103.58;103.58;179
USDRUBF;5;20250113;105000;103.59;103.7;103.54;103.7;403
USDRUBF;5;20250113;105500;103.7;103.76;103.69;103.76;749
USDRUBF;5;20250113;110000;103.74;103.86;103.73;103.86;455
USDRUBF;5;20250113;110500;103.86;103.92;103.77;103.79;1292
USDRUBF;5;20250113;111000;103.79;103.8;103.7;103.72;818
USDRUBF;5;20250113;111500;103.76;103.88;103.76;103.82;415
USDRUBF;5;20250113;112000;103.84;103.85;103.77;103.8;223
USDRUBF;5;20250113;112500;103.83;104;103.78;103.98;648
USDRUBF;5;20250113;113000;103.97;104;103.91;103.96;493
USDRUBF;5;20250113;113500;103.97;103.97;103.85;103.85;322
USDRUBF;5;20250113;114000;103.87;103.89;103.83;103.83;212
USDRUBF;5;20250113;114500;103.81;103.84;103.71;103.73;356
USDRUBF;5;20250113;115000;103.73;103.79;103.72;103.74;208
USDRUBF;5;20250113;115500;103.74;103.77;103.69;103.74;434
USDRUBF;5;20250113;120000;103.72;103.79;103.62;103.75;801
USDRUBF;5;20250113;120500;103.77;103.77;103.66;103.66;118
USDRUBF;5;20250113;121000;103.66;103.67;103.52;103.56;555
USDRUBF;5;20250113;121500;103.54;103.55;103.52;103.54;358
USDRUBF;5;20250113;122000;103.54;103.62;103.52;103.61;662
USDRUBF;5;20250113;122500;103.6;103.6;103.51;103.56;841
USDRUBF;5;20250113;123000;103.55;103.55;103.4;103.54;574
USDRUBF;5;20250113;123500;103.54;103.57;103.53;103.57;567
USDRUBF;5;20250113;124000;103.58;103.61;103.57;103.61;699
USDRUBF;5;20250113;124500;103.62;103.64;103.5;103.5;505
USDRUBF;5;20250113;125000;103.52;103.59;103.52;103.58;195
USDRUBF;5;20250113;125500;103.58;103.62;103.57;103.58;193
USDRUBF;5;20250113;130000;103.57;103.59;103.49;103.5;289
USDRUBF;5;20250113;130500;103.48;103.57;103.48;103.56;299
USDRUBF;5;20250113;131000;103.53;103.55;103.47;103.47;101
USDRUBF;5;20250113;131500;103.46;103.47;103.37;103.45;292
USDRUBF;5;20250113;132000;103.43;103.56;103.42;103.5;374
USDRUBF;5;20250113;132500;103.48;103.48;103.43;103.47;117
USDRUBF;5;20250113;133000;103.47;103.48;103.44;103.47;51
USDRUBF;5;20250113;133500;103.47;103.47;103.42;103.44;157
USDRUBF;5;20250113;134000;103.44;103.44;103.33;103.34;184
USDRUBF;5;20250113;134500;103.33;103.35;103.25;103.29;477
USDRUBF;5;20250113;135000;103.29;103.3;103.2;103.24;766
USDRUBF;5;20250113;135500;103.24;103.24;103.16;103.19;475
USDRUBF;5;20250113;140500;103.2;103.21;103.04;103.1;1114
USDRUBF;5;20250113;141000;103.09;103.12;103.07;103.09;234
USDRUBF;5;20250113;141500;103.09;103.2;103.08;103.2;372
USDRUBF;5;20250113;142000;103.2;103.31;103.2;103.27;566
USDRUBF;5;20250113;142500;103.27;103.31;103.24;103.31;511
USDRUBF;5;20250113;143000;103.3;103.39;103.3;103.38;426
USDRUBF;5;20250113;143500;103.38;103.41;103.36;103.37;497
USDRUBF;5;20250113;144000;103.38;103.38;103.3;103.3;121
USDRUBF;5;20250113;144500;103.29;103.35;103.24;103.34;1118
USDRUBF;5;20250113;145000;103.35;103.37;103.26;103.26;192
USDRUBF;5;20250113;145500;103.24;103.39;103.24;103.36;229
USDRUBF;5;20250113;150000;103.38;103.38;103.32;103.38;103
USDRUBF;5;20250113;150500;103.37;103.37;103.28;103.28;429
USDRUBF;5;20250113;151000;103.28;103.38;103.28;103.34;609
USDRUBF;5;20250113;151500;103.36;103.46;103.36;103.43;526
USDRUBF;5;20250113;152000;103.42;103.42;103.34;103.4;388
USDRUBF;5;20250113;152500;103.4;103.4;103.33;103.36;223
USDRUBF;5;20250113;153000;103.37;103.39;103.31;103.39;137
USDRUBF;5;20250113;153500;103.36;103.44;103.35;103.41;360
USDRUBF;5;20250113;154000;103.41;103.46;103.4;103.46;61
USDRUBF;5;20250113;154500;103.45;103.45;103.39;103.41;95
USDRUBF;5;20250113;155000;103.4;103.4;103.27;103.3;346
USDRUBF;5;20250113;155500;103.31;103.31;103.26;103.26;47
USDRUBF;5;20250113;160000;103.27;103.29;103.26;103.27;46
USDRUBF;5;20250113;160500;103.27;103.3;103.27;103.29;57
USDRUBF;5;20250113;161000;103.27;103.3;103.25;103.29;110
USDRUBF;5;20250113;161500;103.24;103.29;103.24;103.27;72
USDRUBF;5;20250113;162000;103.29;103.33;103.26;103.33;24
USDRUBF;5;20250113;162500;103.34;103.34;103.3;103.31;29
USDRUBF;5;20250113;163000;103.32;103.38;103.32;103.37;28
USDRUBF;5;20250113;163500;103.38;103.45;103.38;103.44;324
USDRUBF;5;20250113;164000;103.43;103.43;103.39;103.4;60
USDRUBF;5;20250113;164500;103.42;103.46;103.39;103.43;114
USDRUBF;5;20250113;165000;103.43;103.47;103.43;103.44;44
USDRUBF;5;20250113;165500;103.44;103.44;103.4;103.43;105
USDRUBF;5;20250113;170000;103.43;103.43;103.41;103.41;25
USDRUBF;5;20250113;170500;103.42;103.43;103.38;103.41;270
USDRUBF;5;20250113;171000;103.4;103.42;103.4;103.42;16
USDRUBF;5;20250113;171500;103.41;103.43;103.39;103.39;38
USDRUBF;5;20250113;172000;103.38;103.39;103.34;103.36;32
USDRUBF;5;20250113;172500;103.34;103.35;103.3;103.34;131
USDRUBF;5;20250113;173000;103.32;103.33;103.26;103.27;98
USDRUBF;5;20250113;173500;103.28;103.33;103.28;103.31;89
USDRUBF;5;20250113;174000;103.3;103.31;103.28;103.29;22
USDRUBF;5;20250113;174500;103.31;103.32;103.3;103.31;42
USDRUBF;5;20250113;175000;103.31;103.32;103.25;103.27;167
USDRUBF;5;20250113;175500;103.24;103.26;103.23;103.26;93
USDRUBF;5;20250113;180000;103.24;103.43;103.24;103.4;2834
USDRUBF;5;20250113;180500;103.39;103.45;103.36;103.44;529
USDRUBF;5;20250113;181000;103.44;103.44;103.36;103.38;1499
USDRUBF;5;20250113;181500;103.38;103.43;103.38;103.43;200
USDRUBF;5;20250113;182000;103.43;103.46;103.4;103.4;649
USDRUBF;5;20250113;182500;103.42;103.42;103.39;103.39;177
USDRUBF;5;20250113;183000;103.39;103.4;103.37;103.37;243
USDRUBF;5;20250113;183500;103.38;103.4;103.38;103.4;322
USDRUBF;5;20250113;184000;103.4;103.4;103.37;103.38;292
USDRUBF;5;20250113;184500;103.4;103.42;103.38;103.38;125
USDRUBF;5;20250113;190500;103.45;103.49;103.42;103.47;127
USDRUBF;5;20250113;191000;103.47;103.47;103.45;103.46;30
USDRUBF;5;20250113;191500;103.47;103.48;103.45;103.45;40
USDRUBF;5;20250113;192000;103.48;103.48;103.46;103.47;7
USDRUBF;5;20250113;192500;103.46;103.48;103.46;103.48;18
USDRUBF;5;20250113;193000;103.47;103.49;103.42;103.46;74
USDRUBF;5;20250113;193500;103.44;103.48;103.44;103.48;49
USDRUBF;5;20250113;194000;103.49;103.49;103.47;103.47;22
USDRUBF;5;20250113;194500;103.46;103.46;103.38;103.41;156
USDRUBF;5;20250113;195000;103.41;103.45;103.41;103.45;21
USDRUBF;5;20250113;195500;103.45;103.45;103.44;103.45;16
USDRUBF;5;20250113;200000;103.47;103.53;103.47;103.49;65
USDRUBF;5;20250113;200500;103.53;103.53;103.49;103.5;90
USDRUBF;5;20250113;201000;103.52;103.52;103.47;103.49;28
USDRUBF;5;20250113;201500;103.47;103.5;103.47;103.5;27
USDRUBF;5;20250113;202000;103.47;103.48;103.44;103.44;42
USDRUBF;5;20250113;202500;103.47;103.47;103.44;103.44;3
USDRUBF;5;20250113;203000;103.47;103.47;103.45;103.45;10
USDRUBF;5;20250113;203500;103.46;103.46;103.44;103.44;11
USDRUBF;5;20250113;204000;103.45;103.46;103.45;103.46;8
USDRUBF;5;20250113;204500;103.43;103.49;103.43;103.49;50
USDRUBF;5;20250113;205000;103.46;103.5;103.46;103.49;18
USDRUBF;5;20250113;205500;103.5;103.5;103.5;103.5;12
USDRUBF;5;20250113;210000;103.5;103.53;103.5;103.53;63
USDRUBF;5;20250113;210500;103.52;103.53;103.52;103.53;7
USDRUBF;5;20250113;211000;103.52;103.53;103.5;103.5;16
USDRUBF;5;20250113;211500;103.54;103.64;103.52;103.63;322
USDRUBF;5;20250113;212000;103.63;103.64;103.59;103.59;25
USDRUBF;5;20250113;212500;103.59;103.64;103.59;103.63;22
USDRUBF;5;20250113;213000;103.62;103.66;103.62;103.66;17
USDRUBF;5;20250113;213500;103.66;103.66;103.65;103.65;7
USDRUBF;5;20250113;214000;103.66;103.66;103.66;103.66;3
USDRUBF;5;20250113;214500;103.67;103.75;103.67;103.71;66
USDRUBF;5;20250113;215000;103.71;103.9;103.71;103.84;257
USDRUBF;5;20250113;215500;103.84;103.99;103.83;103.88;511
USDRUBF;5;20250113;220000;103.89;103.93;103.89;103.91;60
USDRUBF;5;20250113;220500;103.91;103.91;103.87;103.89;53
USDRUBF;5;20250113;221000;103.9;103.93;103.89;103.89;67
USDRUBF;5;20250113;221500;103.92;104;103.9;103.97;283
USDRUBF;5;20250113;222000;103.97;104.05;103.94;104.03;741
USDRUBF;5;20250113;222500;104.02;104.05;103.94;103.94;157
USDRUBF;5;20250113;223000;103.94;103.94;103.88;103.88;26
USDRUBF;5;20250113;223500;103.88;103.91;103.87;103.87;39
USDRUBF;5;20250113;224000;103.87;103.88;103.85;103.88;19
USDRUBF;5;20250113;224500;103.88;103.88;103.84;103.84;2
USDRUBF;5;20250113;225000;103.82;103.85;103.82;103.82;22
USDRUBF;5;20250113;225500;103.8;103.85;103.77;103.85;215
USDRUBF;5;20250113;230000;103.8;103.84;103.8;103.81;53
USDRUBF;5;20250113;230500;103.79;103.79;103.78;103.78;33
USDRUBF;5;20250113;231000;103.77;103.81;103.77;103.81;16
USDRUBF;5;20250113;231500;103.8;103.88;103.79;103.8;150
USDRUBF;5;20250113;232000;103.79;103.79;103.79;103.79;1
USDRUBF;5;20250113;232500;103.79;103.79;103.79;103.79;1
USDRUBF;5;20250113;233000;103.79;103.8;103.78;103.8;22
USDRUBF;5;20250113;233500;103.82;103.82;103.82;103.82;6
USDRUBF;5;20250113;234000;103.81;103.84;103.79;103.79;52
USDRUBF;5;20250113;234500;103.82;103.87;103.79;103.86;78
USDRUBF;5;20250114;100000;103.78;103.92;103.66;103.83;533
USDRUBF;5;20250114;100500;103.82;103.9;103.82;103.89;349
USDRUBF;5;20250114;101000;103.89;104.05;103.89;103.92;1120
USDRUBF;5;20250114;101500;103.93;104.01;103.92;103.99;289
USDRUBF;5;20250114;102000;103.98;104.08;103.91;104.03;976
USDRUBF;5;20250114;102500;104.02;104.13;104.02;104.11;596
USDRUBF;5;20250114;103000;104.12;104.34;104.11;104.29;972
USDRUBF;5;20250114;103500;104.31;104.35;104.25;104.34;2328
USDRUBF;5;20250114;104000;104.35;104.44;104.23;104.33;1135
USDRUBF;5;20250114;104500;104.33;104.4;104.24;104.27;808
USDRUBF;5;20250114;105000;104.28;104.29;104.22;104.27;155
USDRUBF;5;20250114;105500;104.27;104.29;104.24;104.28;286
USDRUBF;5;20250114;110000;104.27;104.42;104.27;104.27;1134
USDRUBF;5;20250114;110500;104.26;104.34;104.24;104.27;653
USDRUBF;5;20250114;111000;104.27;104.32;104.25;104.28;156
USDRUBF;5;20250114;111500;104.28;104.3;104.26;104.29;77
USDRUBF;5;20250114;112000;104.27;104.28;104.21;104.21;226
USDRUBF;5;20250114;112500;104.22;104.23;104.05;104.15;1139
USDRUBF;5;20250114;113000;104.15;104.15;104.08;104.09;129
USDRUBF;5;20250114;113500;104.09;104.17;104.09;104.17;309
USDRUBF;5;20250114;114000;104.16;104.16;104.07;104.09;277
USDRUBF;5;20250114;114500;104.11;104.12;104.08;104.12;207
USDRUBF;5;20250114;115000;104.1;104.12;103.97;103.98;424
USDRUBF;5;20250114;115500;103.99;104.02;103.96;104.02;212
USDRUBF;5;20250114;120000;104.02;104.06;103.97;103.97;414
USDRUBF;5;20250114;120500;103.97;104.02;103.95;104.01;398
USDRUBF;5;20250114;121000;104.01;104.01;103.95;103.98;77
USDRUBF;5;20250114;121500;103.98;103.98;103.85;103.88;359
USDRUBF;5;20250114;122000;103.87;104.11;103.86;104.01;873
USDRUBF;5;20250114;122500;104.04;104.04;103.96;103.98;260
USDRUBF;5;20250114;123000;103.97;103.98;103.96;103.98;29
USDRUBF;5;20250114;123500;103.99;104;103.97;103.97;193
USDRUBF;5;20250114;124000;103.97;103.97;103.91;103.97;287
USDRUBF;5;20250114;124500;103.98;103.99;103.91;103.91;293
USDRUBF;5;20250114;125000;103.94;103.94;103.91;103.92;22
USDRUBF;5;20250114;125500;103.92;103.92;103.89;103.91;75
USDRUBF;5;20250114;130000;103.91;103.93;103.89;103.93;16
USDRUBF;5;20250114;130500;103.91;103.91;103.74;103.83;1206
USDRUBF;5;20250114;131000;103.82;103.84;103.77;103.84;156
USDRUBF;5;20250114;131500;103.83;103.84;103.81;103.81;68
USDRUBF;5;20250114;132000;103.82;103.83;103.81;103.82;36
USDRUBF;5;20250114;132500;103.8;103.81;103.61;103.68;754
USDRUBF;5;20250114;133000;103.65;103.66;103.55;103.66;767
USDRUBF;5;20250114;133500;103.66;103.69;103.65;103.67;297
USDRUBF;5;20250114;134000;103.65;103.73;103.65;103.7;767
USDRUBF;5;20250114;134500;103.69;103.72;103.66;103.69;613
USDRUBF;5;20250114;135000;103.68;103.69;103.65;103.69;50
USDRUBF;5;20250114;135500;103.67;103.75;103.66;103.73;466
USDRUBF;5;20250114;140500;103.73;103.73;103.67;103.71;214
USDRUBF;5;20250114;141000;103.7;103.84;103.69;103.73;410
USDRUBF;5;20250114;141500;103.77;103.84;103.75;103.81;465
USDRUBF;5;20250114;142000;103.8;103.82;103.77;103.8;382
USDRUBF;5;20250114;142500;103.8;103.81;103.78;103.79;78
USDRUBF;5;20250114;143000;103.8;103.82;103.78;103.8;41
USDRUBF;5;20250114;143500;103.78;103.8;103.74;103.75;640
USDRUBF;5;20250114;144000;103.75;103.76;103.74;103.75;118
USDRUBF;5;20250114;144500;103.75;103.78;103.74;103.78;714
USDRUBF;5;20250114;145000;103.79;103.82;103.77;103.8;343
USDRUBF;5;20250114;145500;103.79;103.8;103.74;103.76;478
USDRUBF;5;20250114;150000;103.77;103.77;103.75;103.77;41
USDRUBF;5;20250114;150500;103.76;103.78;103.76;103.77;280
USDRUBF;5;20250114;151000;103.77;103.8;103.76;103.8;450
USDRUBF;5;20250114;151500;103.8;103.84;103.79;103.81;322
USDRUBF;5;20250114;152000;103.79;103.84;103.78;103.81;350
USDRUBF;5;20250114;152500;103.81;103.85;103.61;103.65;931
USDRUBF;5;20250114;153000;103.65;103.71;103.65;103.66;263
USDRUBF;5;20250114;153500;103.65;103.7;103.64;103.66;121
USDRUBF;5;20250114;154000;103.63;103.65;103.56;103.57;577
USDRUBF;5;20250114;154500;103.57;103.63;103.52;103.62;796
USDRUBF;5;20250114;155000;103.6;103.64;103.59;103.62;108
USDRUBF;5;20250114;155500;103.61;103.62;103.58;103.6;65
USDRUBF;5;20250114;160000;103.59;103.59;103.49;103.5;627
USDRUBF;5;20250114;160500;103.53;103.53;103.43;103.46;692
USDRUBF;5;20250114;161000;103.46;103.49;103.43;103.46;172
USDRUBF;5;20250114;161500;103.47;103.5;103.44;103.44;100
USDRUBF;5;20250114;162000;103.46;103.55;103.44;103.55;287
USDRUBF;5;20250114;162500;103.56;103.59;103.54;103.58;183
USDRUBF;5;20250114;163000;103.55;103.59;103.55;103.59;75
USDRUBF;5;20250114;163500;103.59;103.59;103.56;103.59;85
USDRUBF;5;20250114;164000;103.59;103.59;103.57;103.58;59
USDRUBF;5;20250114;164500;103.58;103.59;103.57;103.59;25
USDRUBF;5;20250114;165000;103.57;103.57;103.52;103.53;432
USDRUBF;5;20250114;165500;103.56;103.58;103.54;103.55;141
USDRUBF;5;20250114;170000;103.55;103.57;103.55;103.57;108
USDRUBF;5;20250114;170500;103.56;103.56;103.56;103.56;8
USDRUBF;5;20250114;171000;103.54;103.61;103.54;103.61;136
USDRUBF;5;20250114;171500;103.58;103.59;103.58;103.58;68
USDRUBF;5;20250114;172000;103.57;103.57;103.56;103.56;13
USDRUBF;5;20250114;172500;103.55;103.55;103.53;103.53;37
USDRUBF;5;20250114;173000;103.55;103.69;103.55;103.64;756
USDRUBF;5;20250114;173500;103.64;103.68;103.6;103.66;2087
USDRUBF;5;20250114;174000;103.67;103.74;103.66;103.71;475
USDRUBF;5;20250114;174500;103.7;103.72;103.7;103.72;345
USDRUBF;5;20250114;175000;103.72;103.74;103.71;103.72;75
USDRUBF;5;20250114;175500;103.72;103.73;103.7;103.7;91
USDRUBF;5;20250114;180000;103.7;103.72;103.7;103.71;424
USDRUBF;5;20250114;180500;103.71;103.73;103.6;103.64;846
USDRUBF;5;20250114;181000;103.62;103.65;103.6;103.64;347
USDRUBF;5;20250114;181500;103.65;103.7;103.64;103.64;409
USDRUBF;5;20250114;182000;103.65;103.65;103.62;103.64;191
USDRUBF;5;20250114;182500;103.64;103.65;103.64;103.65;83
USDRUBF;5;20250114;183000;103.65;103.7;103.65;103.67;306
USDRUBF;5;20250114;183500;103.7;103.7;103.65;103.67;123
USDRUBF;5;20250114;184000;103.65;103.66;103.59;103.6;186
USDRUBF;5;20250114;184500;103.6;103.6;103.57;103.57;200
USDRUBF;5;20250114;190500;103.65;103.8;103.65;103.74;755
USDRUBF;5;20250114;191000;103.72;103.79;103.64;103.66;251
USDRUBF;5;20250114;191500;103.64;103.72;103.63;103.72;243
USDRUBF;5;20250114;192000;103.67;103.67;103.62;103.62;59
USDRUBF;5;20250114;192500;103.62;103.65;103.62;103.64;14
USDRUBF;5;20250114;193000;103.62;103.63;103.61;103.62;76
USDRUBF;5;20250114;193500;103.63;103.66;103.61;103.63;51
USDRUBF;5;20250114;194000;103.63;103.63;103.61;103.61;16
USDRUBF;5;20250114;194500;103.63;103.63;103.62;103.63;13
USDRUBF;5;20250114;195000;103.63;103.64;103.61;103.64;44
USDRUBF;5;20250114;195500;103.61;103.64;103.61;103.64;31
USDRUBF;5;20250114;200000;103.63;103.64;103.63;103.63;16
USDRUBF;5;20250114;200500;103.63;103.65;103.63;103.64;21
USDRUBF;5;20250114;201000;103.64;103.67;103.64;103.66;85
USDRUBF;5;20250114;201500;103.67;103.68;103.65;103.68;104
USDRUBF;5;20250114;202000;103.67;103.69;103.65;103.65;32
USDRUBF;5;20250114;202500;103.67;103.7;103.67;103.7;24
USDRUBF;5;20250114;203000;103.68;103.68;103.68;103.68;1
USDRUBF;5;20250114;203500;103.68;103.7;103.67;103.7;9
USDRUBF;5;20250114;204000;103.67;103.7;103.67;103.7;2
USDRUBF;5;20250114;204500;103.69;103.69;103.68;103.68;5
USDRUBF;5;20250114;205000;103.7;103.7;103.68;103.68;16
USDRUBF;5;20250114;205500;103.68;103.68;103.68;103.68;1
USDRUBF;5;20250114;210500;103.7;103.72;103.7;103.72;9
USDRUBF;5;20250114;211000;103.72;103.72;103.69;103.7;11
USDRUBF;5;20250114;211500;103.7;103.7;103.7;103.7;10
USDRUBF;5;20250114;212500;103.7;103.71;103.7;103.71;3
USDRUBF;5;20250114;213000;103.7;103.73;103.7;103.71;12
USDRUBF;5;20250114;213500;103.72;103.73;103.71;103.73;13
USDRUBF;5;20250114;214000;103.73;103.73;103.73;103.73;8
USDRUBF;5;20250114;214500;103.72;103.72;103.72;103.72;2
USDRUBF;5;20250114;215000;103.74;103.75;103.71;103.75;25
USDRUBF;5;20250114;215500;103.72;103.72;103.71;103.71;13
USDRUBF;5;20250114;220000;103.72;103.75;103.71;103.73;22
USDRUBF;5;20250114;220500;103.74;103.76;103.73;103.73;122
USDRUBF;5;20250114;221000;103.75;103.75;103.75;103.75;6
USDRUBF;5;20250114;221500;103.74;103.75;103.74;103.75;11
USDRUBF;5;20250114;222000;103.74;103.75;103.73;103.75;5
USDRUBF;5;20250114;222500;103.75;103.75;103.73;103.73;15
USDRUBF;5;20250114;223000;103.73;103.73;103.73;103.73;2
USDRUBF;5;20250114;223500;103.74;103.74;103.74;103.74;8
USDRUBF;5;20250114;224000;103.75;103.75;103.75;103.75;3
USDRUBF;5;20250114;224500;103.75;103.83;103.75;103.81;284
USDRUBF;5;20250114;225000;103.79;103.93;103.79;103.84;563
USDRUBF;5;20250114;225500;103.84;103.86;103.82;103.82;26
USDRUBF;5;20250114;230000;103.82;103.83;103.8;103.83;35
USDRUBF;5;20250114;230500;103.81;103.81;103.71;103.78;202
USDRUBF;5;20250114;231000;103.75;103.75;103.71;103.72;169
USDRUBF;5;20250114;231500;103.74;103.75;103.72;103.75;31
USDRUBF;5;20250114;232000;103.74;103.74;103.74;103.74;1
USDRUBF;5;20250114;232500;103.73;103.78;103.73;103.76;49
USDRUBF;5;20250114;233000;103.76;103.78;103.76;103.78;3
USDRUBF;5;20250114;233500;103.76;103.78;103.76;103.78;2
USDRUBF;5;20250114;234000;103.76;103.76;103.75;103.75;21
USDRUBF;5;20250114;234500;103.76;103.88;103.71;103.71;175
USDRUBF;5;20250115;100000;103.72;103.99;103.72;103.75;421
USDRUBF;5;20250115;100500;103.78;103.87;103.7;103.7;388
USDRUBF;5;20250115;101000;103.7;103.7;103.45;103.45;1469
USDRUBF;5;20250115;101500;103.45;103.62;103.44;103.54;409
USDRUBF;5;20250115;102000;103.53;103.64;103.5;103.64;320
USDRUBF;5;20250115;102500;103.65;103.73;103.65;103.71;198
USDRUBF;5;20250115;103000;103.71;103.75;103.7;103.7;206
USDRUBF;5;20250115;103500;103.7;103.72;103.66;103.7;151
USDRUBF;5;20250115;104000;103.71;103.75;103.64;103.68;479
USDRUBF;5;20250115;104500;103.69;103.7;103.63;103.69;467
USDRUBF;5;20250115;105000;103.66;103.66;103.63;103.63;42
USDRUBF;5;20250115;105500;103.63;103.73;103.62;103.69;154
USDRUBF;5;20250115;110000;103.7;103.74;103.69;103.71;511
USDRUBF;5;20250115;110500;103.71;103.87;103.71;103.87;407
USDRUBF;5;20250115;111000;103.87;103.93;103.85;103.85;609
USDRUBF;5;20250115;111500;103.86;103.87;103.75;103.75;544
USDRUBF;5;20250115;112000;103.8;103.82;103.69;103.69;90
USDRUBF;5;20250115;112500;103.69;103.74;103.67;103.74;92
USDRUBF;5;20250115;113000;103.71;103.71;103.5;103.58;618
USDRUBF;5;20250115;113500;103.58;103.58;103.49;103.55;181
USDRUBF;5;20250115;114000;103.5;103.62;103.49;103.59;256
USDRUBF;5;20250115;114500;103.6;103.68;103.57;103.68;298
USDRUBF;5;20250115;115000;103.68;103.68;103.62;103.64;307
USDRUBF;5;20250115;115500;103.65;103.67;103.64;103.65;164
USDRUBF;5;20250115;120000;103.65;103.68;103.63;103.68;396
USDRUBF;5;20250115;120500;103.69;103.7;103.63;103.65;899
USDRUBF;5;20250115;121000;103.65;103.66;103.55;103.56;774
USDRUBF;5;20250115;121500;103.55;103.57;103.52;103.54;519
USDRUBF;5;20250115;122000;103.54;103.77;103.54;103.77;1937
USDRUBF;5;20250115;122500;103.77;103.85;103.75;103.83;530
USDRUBF;5;20250115;123000;103.84;103.87;103.8;103.83;391
USDRUBF;5;20250115;123500;103.83;103.96;103.83;103.95;930
USDRUBF;5;20250115;124000;103.95;103.98;103.92;103.94;305
USDRUBF;5;20250115;124500;103.94;103.96;103.91;103.92;195
USDRUBF;5;20250115;125000;103.93;103.96;103.92;103.93;87
USDRUBF;5;20250115;125500;103.93;103.96;103.93;103.94;77
USDRUBF;5;20250115;130000;103.95;103.96;103.91;103.92;48
USDRUBF;5;20250115;130500;103.91;104.05;103.91;104.03;943
USDRUBF;5;20250115;131000;104.06;104.3;103.92;104.17;4156
USDRUBF;5;20250115;131500;104.17;104.23;104.17;104.18;1026
USDRUBF;5;20250115;132000;104.18;104.22;104.17;104.18;268
USDRUBF;5;20250115;132500;104.21;104.23;104.18;104.21;118
USDRUBF;5;20250115;133000;104.22;104.24;104.17;104.19;409
USDRUBF;5;20250115;133500;104.17;104.2;104.17;104.17;3207
USDRUBF;5;20250115;134000;104.18;104.26;104.17;104.25;4647
USDRUBF;5;20250115;134500;104.24;104.26;104.2;104.25;374
USDRUBF;5;20250115;135000;104.25;104.26;104.23;104.24;300
USDRUBF;5;20250115;135500;104.24;104.33;104.17;104.19;1474
USDRUBF;5;20250115;140500;104.22;104.26;104.17;104.2;1071
USDRUBF;5;20250115;141000;104.19;104.21;104.07;104.1;6430
USDRUBF;5;20250115;141500;104.11;104.17;104.1;104.14;457
USDRUBF;5;20250115;142000;104.14;104.18;104.14;104.16;198
USDRUBF;5;20250115;142500;104.14;104.16;104.14;104.14;66
USDRUBF;5;20250115;143000;104.15;104.19;104.08;104.13;378
USDRUBF;5;20250115;143500;104.13;104.17;104.11;104.15;303
USDRUBF;5;20250115;144000;104.14;104.15;104.1;104.1;130
USDRUBF;5;20250115;144500;104.1;104.11;104.05;104.06;663
USDRUBF;5;20250115;145000;104.07;104.09;103.99;104;781
USDRUBF;5;20250115;145500;104;104;103.98;103.99;733
USDRUBF;5;20250115;150000;104;104.02;104;104.02;330
USDRUBF;5;20250115;150500;104.03;104.07;104.02;104.02;178
USDRUBF;5;20250115;151000;104.03;104.06;104.01;104.02;123
USDRUBF;5;20250115;151500;104.02;104.04;103.99;103.99;292
USDRUBF;5;20250115;152000;103.99;104.01;103.98;104.01;107
USDRUBF;5;20250115;152500;104.01;104.05;104.01;104.02;156
USDRUBF;5;20250115;153000;104.01;104.03;103.93;103.96;386
USDRUBF;5;20250115;153500;103.96;104;103.93;103.95;181
USDRUBF;5;20250115;154000;103.97;103.98;103.96;103.96;62
USDRUBF;5;20250115;154500;103.96;104.03;103.91;103.94;327
USDRUBF;5;20250115;155000;103.95;103.97;103.95;103.95;175
USDRUBF;5;20250115;155500;103.98;104.06;103.98;104.03;414
USDRUBF;5;20250115;160000;104.04;104.09;104.04;104.07;108
USDRUBF;5;20250115;160500;104.08;104.11;104.07;104.09;217
USDRUBF;5;20250115;161000;104.08;104.1;104.06;104.07;39
USDRUBF;5;20250115;161500;104.07;104.08;104.06;104.08;26
USDRUBF;5;20250115;162000;104.07;104.08;104.06;104.07;122
USDRUBF;5;20250115;162500;104.06;104.06;104.06;104.06;171
USDRUBF;5;20250115;163000;104.06;104.06;104.03;104.04;1323
USDRUBF;5;20250115;163500;104.04;104.04;103.96;103.98;491
USDRUBF;5;20250115;164000;103.95;104;103.95;104;137
USDRUBF;5;20250115;164500;104;104;103.97;103.97;265
USDRUBF;5;20250115;165000;103.98;103.98;103.95;103.97;260
USDRUBF;5;20250115;165500;103.97;104.06;103.96;103.98;619
USDRUBF;5;20250115;170000;104;104.01;103.94;103.95;312
USDRUBF;5;20250115;170500;103.96;103.96;103.9;103.94;167
USDRUBF;5;20250115;171000;103.93;103.94;103.89;103.91;193
USDRUBF;5;20250115;171500;103.93;103.95;103.9;103.92;517
USDRUBF;5;20250115;172000;103.92;104.01;103.9;104.01;330
USDRUBF;5;20250115;172500;104.02;104.04;103.96;103.99;93
USDRUBF;5;20250115;173000;103.97;104.02;103.97;103.99;67
USDRUBF;5;20250115;173500;103.99;104.06;103.98;104.03;867
USDRUBF;5;20250115;174000;104.05;104.06;104.01;104.06;94
USDRUBF;5;20250115;174500;104.07;104.08;103.95;103.95;344
USDRUBF;5;20250115;175000;103.95;103.98;103.93;103.98;322
USDRUBF;5;20250115;175500;103.98;104;103.95;103.99;114
USDRUBF;5;20250115;180000;103.99;104;103.97;103.99;65
USDRUBF;5;20250115;180500;103.98;104.02;103.97;104;174
USDRUBF;5;20250115;181000;103.98;103.99;103.95;103.95;44
USDRUBF;5;20250115;181500;103.95;103.97;103.94;103.95;72
USDRUBF;5;20250115;182000;103.96;103.97;103.95;103.96;70
USDRUBF;5;20250115;182500;103.96;103.96;103.92;103.94;252
USDRUBF;5;20250115;183000;103.93;103.97;103.91;103.93;94
USDRUBF;5;20250115;183500;103.94;104;103.94;104;86
USDRUBF;5;20250115;184000;103.99;104;103.95;104;164
USDRUBF;5;20250115;184500;103.99;103.99;103.93;103.97;291
USDRUBF;5;20250115;190500;104;104.15;103.84;104.07;440
USDRUBF;5;20250115;191000;104.05;104.07;104;104.01;173
USDRUBF;5;20250115;191500;104.01;104.09;104;104.07;138
USDRUBF;5;20250115;192000;104.05;104.07;103.99;104.07;46
USDRUBF;5;20250115;192500;104.07;104.07;104.02;104.02;27
USDRUBF;5;20250115;193000;104;104;103.92;103.92;101
USDRUBF;5;20250115;193500;103.92;103.96;103.87;103.87;243
USDRUBF;5;20250115;194000;103.86;103.91;103.79;103.86;647
USDRUBF;5;20250115;194500;103.85;103.9;103.84;103.9;46
USDRUBF;5;20250115;195000;103.89;103.89;103.73;103.75;176
USDRUBF;5;20250115;195500;103.74;103.75;103.7;103.71;247
USDRUBF;5;20250115;200000;103.71;103.71;103.59;103.68;439
USDRUBF;5;20250115;200500;103.68;103.74;103.66;103.71;114
USDRUBF;5;20250115;201000;103.69;103.72;103.69;103.7;29
USDRUBF;5;20250115;201500;103.74;103.8;103.74;103.76;80
USDRUBF;5;20250115;202000;103.76;103.8;103.75;103.77;90
USDRUBF;5;20250115;202500;103.78;103.83;103.77;103.8;56
USDRUBF;5;20250115;203000;103.8;103.8;103.74;103.74;58
USDRUBF;5;20250115;203500;103.73;103.77;103.73;103.73;14
USDRUBF;5;20250115;204000;103.75;103.79;103.75;103.77;41
USDRUBF;5;20250115;204500;103.77;103.77;103.74;103.77;12
USDRUBF;5;20250115;205000;103.74;103.79;103.74;103.79;9
USDRUBF;5;20250115;205500;103.81;103.82;103.79;103.79;29
USDRUBF;5;20250115;210000;103.77;103.79;103.77;103.79;31
USDRUBF;5;20250115;210500;103.76;103.78;103.76;103.76;4
USDRUBF;5;20250115;211000;103.8;103.8;103.77;103.77;4
USDRUBF;5;20250115;211500;103.78;103.81;103.78;103.8;50
USDRUBF;5;20250115;212000;103.82;103.82;103.82;103.82;1
USDRUBF;5;20250115;212500;103.8;103.8;103.78;103.78;21
USDRUBF;5;20250115;213000;103.81;103.81;103.81;103.81;4
USDRUBF;5;20250115;213500;103.8;103.8;103.75;103.8;55
USDRUBF;5;20250115;214000;103.79;103.79;103.79;103.79;19
USDRUBF;5;20250115;214500;103.79;103.83;103.79;103.83;53
USDRUBF;5;20250115;215000;103.8;103.82;103.79;103.82;46
USDRUBF;5;20250115;215500;103.82;103.82;103.82;103.82;2
USDRUBF;5;20250115;220000;103.79;103.8;103.79;103.8;18
USDRUBF;5;20250115;220500;103.8;103.8;103.79;103.79;21
USDRUBF;5;20250115;221000;103.79;103.79;103.79;103.79;14
USDRUBF;5;20250115;221500;103.79;103.79;103.79;103.79;1
USDRUBF;5;20250115;222000;103.79;103.79;103.78;103.78;18
USDRUBF;5;20250115;222500;103.78;103.8;103.78;103.8;6
USDRUBF;5;20250115;223000;103.77;103.79;103.75;103.78;34
USDRUBF;5;20250115;223500;103.78;103.78;103.78;103.78;2
USDRUBF;5;20250115;224000;103.77;103.8;103.77;103.8;19
USDRUBF;5;20250115;224500;103.8;103.81;103.8;103.8;6
USDRUBF;5;20250115;225000;103.81;103.83;103.8;103.83;17
USDRUBF;5;20250115;225500;103.81;103.81;103.78;103.78;19
USDRUBF;5;20250115;230000;103.78;103.78;103.77;103.77;2
USDRUBF;5;20250115;230500;103.78;103.78;103.78;103.78;10
USDRUBF;5;20250115;231000;103.79;103.79;103.78;103.78;27
USDRUBF;5;20250115;231500;103.79;103.79;103.78;103.79;5
USDRUBF;5;20250115;232000;103.77;103.8;103.75;103.8;83
USDRUBF;5;20250115;232500;103.81;103.82;103.79;103.81;109
USDRUBF;5;20250115;233000;103.81;103.84;103.79;103.79;99
USDRUBF;5;20250115;233500;103.79;103.81;103.76;103.8;81
USDRUBF;5;20250115;234000;103.79;103.86;103.79;103.86;80
USDRUBF;5;20250115;234500;103.87;103.87;103.74;103.74;40
USDRUBF;5;20250116;100000;103.68;103.85;103.66;103.71;1051
USDRUBF;5;20250116;100500;103.71;103.72;103.56;103.7;569
USDRUBF;5;20250116;101000;103.69;103.7;103.6;103.7;307
USDRUBF;5;20250116;101500;103.64;103.76;103.64;103.67;2971
USDRUBF;5;20250116;102000;103.67;103.7;103.57;103.64;1937
USDRUBF;5;20250116;102500;103.65;103.7;103.64;103.66;2159
USDRUBF;5;20250116;103000;103.68;103.77;103.64;103.72;1158
USDRUBF;5;20250116;103500;103.73;103.79;103.65;103.7;1012
USDRUBF;5;20250116;104000;103.7;103.76;103.68;103.69;465
USDRUBF;5;20250116;104500;103.7;103.7;103.66;103.7;3292
USDRUBF;5;20250116;105000;103.69;103.7;103.66;103.7;623
USDRUBF;5;20250116;105500;103.7;103.7;103.68;103.7;306
USDRUBF;5;20250116;110000;103.7;103.7;103.59;103.65;870
USDRUBF;5;20250116;110500;103.67;103.7;103.66;103.68;368
USDRUBF;5;20250116;111000;103.67;103.69;103.64;103.69;220
USDRUBF;5;20250116;111500;103.69;103.7;103.69;103.7;1246
USDRUBF;5;20250116;112000;103.69;103.69;103.61;103.63;390
USDRUBF;5;20250116;112500;103.63;103.65;103.59;103.64;148
USDRUBF;5;20250116;113000;103.65;103.65;103.55;103.56;587
USDRUBF;5;20250116;113500;103.57;103.65;103.56;103.57;320
USDRUBF;5;20250116;114000;103.62;103.7;103.62;103.69;724
USDRUBF;5;20250116;114500;103.68;103.68;103.62;103.62;340
USDRUBF;5;20250116;115000;103.62;103.62;103.53;103.53;1636
USDRUBF;5;20250116;115500;103.54;103.61;103.54;103.59;174
USDRUBF;5;20250116;120000;103.57;103.57;103.5;103.51;314
USDRUBF;5;20250116;120500;103.52;103.57;103.45;103.57;821
USDRUBF;5;20250116;121000;103.56;103.57;103.54;103.57;283
USDRUBF;5;20250116;121500;103.57;103.58;103.55;103.56;172
USDRUBF;5;20250116;122000;103.57;103.66;103.56;103.63;399
USDRUBF;5;20250116;122500;103.63;103.65;103.58;103.63;240
USDRUBF;5;20250116;123000;103.62;103.65;103.6;103.65;110
USDRUBF;5;20250116;123500;103.62;103.64;103.59;103.64;77
USDRUBF;5;20250116;124000;103.63;103.65;103.61;103.65;158
USDRUBF;5;20250116;124500;103.65;103.7;103.65;103.68;209
USDRUBF;5;20250116;125000;103.67;103.69;103.59;103.6;141
USDRUBF;5;20250116;125500;103.6;103.6;103.56;103.6;57
USDRUBF;5;20250116;130000;103.59;103.63;103.56;103.62;89
USDRUBF;5;20250116;130500;103.62;103.62;103.59;103.61;33
USDRUBF;5;20250116;131000;103.61;103.61;103.56;103.58;108
USDRUBF;5;20250116;131500;103.58;103.58;103.48;103.5;545
USDRUBF;5;20250116;132000;103.5;103.5;103.43;103.47;348
USDRUBF;5;20250116;132500;103.47;103.49;103.47;103.47;35
USDRUBF;5;20250116;133000;103.48;103.49;103.43;103.45;139
USDRUBF;5;20250116;133500;103.44;103.54;103.43;103.54;291
USDRUBF;5;20250116;134000;103.53;103.53;103.44;103.48;189
USDRUBF;5;20250116;134500;103.49;103.49;103.48;103.49;121
USDRUBF;5;20250116;135000;103.48;103.54;103.46;103.54;55
USDRUBF;5;20250116;135500;103.52;103.52;103.49;103.52;176
USDRUBF;5;20250116;140500;103.54;103.56;103.51;103.55;179
USDRUBF;5;20250116;141000;103.55;103.63;103.54;103.62;394
USDRUBF;5;20250116;141500;103.62;103.68;103.62;103.65;184
USDRUBF;5;20250116;142000;103.66;103.68;103.6;103.62;265
USDRUBF;5;20250116;142500;103.62;103.66;103.6;103.6;144
USDRUBF;5;20250116;143000;103.59;103.6;103.58;103.59;77
USDRUBF;5;20250116;143500;103.58;103.58;103.55;103.56;65
USDRUBF;5;20250116;144000;103.56;103.57;103.52;103.56;136
USDRUBF;5;20250116;144500;103.57;103.64;103.55;103.64;187
USDRUBF;5;20250116;145000;103.66;103.66;103.62;103.62;39
USDRUBF;5;20250116;145500;103.62;103.63;103.61;103.63;76
USDRUBF;5;20250116;150000;103.65;103.68;103.64;103.68;118
USDRUBF;5;20250116;150500;103.69;103.69;103.65;103.69;232
USDRUBF;5;20250116;151000;103.69;103.69;103.63;103.64;298
USDRUBF;5;20250116;151500;103.65;103.68;103.65;103.68;7
USDRUBF;5;20250116;152000;103.68;103.68;103.66;103.68;111
USDRUBF;5;20250116;152500;103.69;103.7;103.68;103.7;171
USDRUBF;5;20250116;153000;103.69;103.76;103.69;103.72;402
USDRUBF;5;20250116;153500;103.71;103.71;103.7;103.71;106
USDRUBF;5;20250116;154000;103.74;103.74;103.67;103.67;96
USDRUBF;5;20250116;154500;103.67;103.71;103.67;103.7;69
USDRUBF;5;20250116;155000;103.7;103.75;103.7;103.73;250
USDRUBF;5;20250116;155500;103.74;103.75;103.74;103.74;61
USDRUBF;5;20250116;160000;103.76;103.84;103.76;103.84;462
USDRUBF;5;20250116;160500;103.84;103.86;103.81;103.83;568
USDRUBF;5;20250116;161000;103.85;103.87;103.85;103.87;123
USDRUBF;5;20250116;161500;103.86;103.86;103.83;103.86;92
USDRUBF;5;20250116;162000;103.85;103.86;103.8;103.84;196
USDRUBF;5;20250116;162500;103.85;103.85;103.82;103.82;59
USDRUBF;5;20250116;163000;103.82;103.83;103.7;103.75;373
USDRUBF;5;20250116;163500;103.77;103.8;103.71;103.8;282
USDRUBF;5;20250116;164000;103.81;103.85;103.77;103.8;338
USDRUBF;5;20250116;164500;103.82;103.82;103.71;103.73;442
USDRUBF;5;20250116;165000;103.73;103.73;103.64;103.7;272
USDRUBF;5;20250116;165500;103.71;103.76;103.68;103.71;184
USDRUBF;5;20250116;170000;103.7;103.74;103.68;103.73;34
USDRUBF;5;20250116;170500;103.75;103.79;103.73;103.74;176
USDRUBF;5;20250116;171000;103.77;103.8;103.73;103.74;460
USDRUBF;5;20250116;171500;103.74;103.78;103.74;103.74;61
USDRUBF;5;20250116;172000;103.74;103.74;103.72;103.74;40
USDRUBF;5;20250116;172500;103.73;103.73;103.68;103.71;147
USDRUBF;5;20250116;173000;103.68;103.72;103.68;103.7;167
USDRUBF;5;20250116;173500;103.68;103.71;103.65;103.68;193
USDRUBF;5;20250116;174000;103.69;103.71;103.69;103.71;61
USDRUBF;5;20250116;174500;103.69;103.7;103.68;103.7;11
USDRUBF;5;20250116;175000;103.68;103.73;103.68;103.71;175
USDRUBF;5;20250116;175500;103.7;103.7;103.61;103.61;518
USDRUBF;5;20250116;180000;103.61;103.63;103.59;103.63;197
USDRUBF;5;20250116;180500;103.64;103.65;103.64;103.64;40
USDRUBF;5;20250116;181000;103.64;103.66;103.62;103.64;115
USDRUBF;5;20250116;181500;103.62;103.65;103.61;103.62;37
USDRUBF;5;20250116;182000;103.63;103.68;103.63;103.66;638
USDRUBF;5;20250116;182500;103.68;103.68;103.63;103.65;84
USDRUBF;5;20250116;183000;103.66;103.66;103.61;103.61;116
USDRUBF;5;20250116;183500;103.63;103.65;103.62;103.63;168
USDRUBF;5;20250116;184000;103.62;103.69;103.62;103.66;151
USDRUBF;5;20250116;184500;103.68;103.68;103.63;103.65;87
USDRUBF;5;20250116;190500;103.7;103.72;103.55;103.57;158
USDRUBF;5;20250116;191000;103.55;103.63;103.54;103.62;92
USDRUBF;5;20250116;191500;103.62;103.64;103.6;103.6;127
USDRUBF;5;20250116;192000;103.6;103.69;103.6;103.62;203
USDRUBF;5;20250116;192500;103.64;103.64;103.62;103.62;28
USDRUBF;5;20250116;193000;103.65;103.67;103.63;103.65;33
USDRUBF;5;20250116;193500;103.64;103.64;103.62;103.62;66
USDRUBF;5;20250116;194000;103.62;103.65;103.62;103.65;35
USDRUBF;5;20250116;194500;103.65;103.65;103.65;103.65;7
USDRUBF;5;20250116;195000;103.62;103.68;103.62;103.68;38
USDRUBF;5;20250116;195500;103.67;103.69;103.64;103.64;50
USDRUBF;5;20250116;200000;103.67;103.67;103.66;103.66;16
USDRUBF;5;20250116;200500;103.63;103.64;103.62;103.62;9
USDRUBF;5;20250116;201000;103.63;103.65;103.62;103.65;28
USDRUBF;5;20250116;201500;103.65;103.66;103.65;103.66;10
USDRUBF;5;20250116;202000;103.64;103.64;103.63;103.63;4
USDRUBF;5;20250116;202500;103.63;103.63;103.62;103.62;18
USDRUBF;5;20250116;203000;103.62;103.63;103.62;103.63;6
USDRUBF;5;20250116;204000;103.63;103.63;103.62;103.62;57
USDRUBF;5;20250116;204500;103.62;103.62;103.6;103.6;181
USDRUBF;5;20250116;205000;103.61;103.61;103.61;103.61;4
USDRUBF;5;20250116;205500;103.61;103.61;103.6;103.61;107
USDRUBF;5;20250116;210000;103.61;103.62;103.6;103.61;28
USDRUBF;5;20250116;210500;103.61;103.62;103.61;103.62;11
USDRUBF;5;20250116;211000;103.62;103.64;103.62;103.64;20
USDRUBF;5;20250116;211500;103.62;103.62;103.58;103.59;314
USDRUBF;5;20250116;212000;103.61;103.61;103.61;103.61;1
USDRUBF;5;20250116;212500;103.59;103.62;103.59;103.6;23
USDRUBF;5;20250116;213000;103.62;103.62;103.6;103.62;19
USDRUBF;5;20250116;213500;103.63;103.63;103.62;103.62;15
USDRUBF;5;20250116;214000;103.6;103.6;103.6;103.6;29
USDRUBF;5;20250116;214500;103.6;103.61;103.6;103.6;5
USDRUBF;5;20250116;215000;103.63;103.64;103.61;103.64;31
USDRUBF;5;20250116;215500;103.6;103.6;103.59;103.59;53
USDRUBF;5;20250116;220000;103.59;103.62;103.59;103.62;8
USDRUBF;5;20250116;220500;103.61;103.61;103.61;103.61;1
USDRUBF;5;20250116;221000;103.6;103.63;103.59;103.59;19
USDRUBF;5;20250116;221500;103.62;103.63;103.59;103.63;24
USDRUBF;5;20250116;222000;103.64;103.64;103.64;103.64;8
USDRUBF;5;20250116;222500;103.65;103.65;103.65;103.65;11
USDRUBF;5;20250116;223000;103.65;103.67;103.63;103.67;30
USDRUBF;5;20250116;223500;103.65;103.66;103.65;103.66;2
USDRUBF;5;20250116;224000;103.67;103.68;103.67;103.68;25
USDRUBF;5;20250116;224500;103.68;103.68;103.66;103.66;19
USDRUBF;5;20250116;225000;103.66;103.67;103.64;103.64;50
USDRUBF;5;20250116;230000;103.63;103.65;103.61;103.65;26
USDRUBF;5;20250116;230500;103.64;103.64;103.63;103.63;7
USDRUBF;5;20250116;231000;103.66;103.71;103.66;103.71;111
USDRUBF;5;20250116;231500;103.71;103.72;103.71;103.72;30
USDRUBF;5;20250116;232000;103.71;103.73;103.71;103.73;4
USDRUBF;5;20250116;232500;103.73;103.78;103.7;103.72;152
USDRUBF;5;20250116;233000;103.74;103.77;103.74;103.75;34
USDRUBF;5;20250116;233500;103.77;103.77;103.75;103.75;41
USDRUBF;5;20250116;234000;103.76;103.8;103.74;103.74;85
USDRUBF;5;20250116;234500;103.74;103.78;103.73;103.73;41
USDRUBF;5;20250117;100000;103.72;103.87;103.69;103.85;604
USDRUBF;5;20250117;100500;103.84;103.89;103.8;103.88;274
USDRUBF;5;20250117;101000;103.87;103.98;103.84;103.96;196
USDRUBF;5;20250117;101500;103.97;104.03;103.86;103.86;1688
USDRUBF;5;20250117;102000;103.87;103.99;103.87;103.9;701
USDRUBF;5;20250117;102500;103.92;103.92;103.82;103.83;355
USDRUBF;5;20250117;103000;103.81;103.87;103.8;103.86;103
USDRUBF;5;20250117;103500;103.85;103.86;103.8;103.83;109
USDRUBF;5;20250117;104000;103.81;103.84;103.75;103.79;938
USDRUBF;5;20250117;104500;103.79;103.8;103.7;103.7;1335
USDRUBF;5;20250117;105000;103.71;103.8;103.7;103.76;1060
USDRUBF;5;20250117;105500;103.76;103.78;103.72;103.73;159
USDRUBF;5;20250117;110000;103.73;103.75;103.71;103.74;58
USDRUBF;5;20250117;110500;103.74;103.77;103.74;103.74;126
USDRUBF;5;20250117;111000;103.75;103.76;103.67;103.69;874
USDRUBF;5;20250117;111500;103.69;103.72;103.62;103.66;550
USDRUBF;5;20250117;112000;103.65;103.66;103.6;103.64;281
USDRUBF;5;20250117;112500;103.65;103.67;103.62;103.64;194
USDRUBF;5;20250117;113000;103.64;103.65;103.62;103.62;89
USDRUBF;5;20250117;113500;103.65;103.66;103.6;103.63;312
USDRUBF;5;20250117;114000;103.63;103.65;103.62;103.63;109
USDRUBF;5;20250117;114500;103.63;103.63;103.57;103.58;358
USDRUBF;5;20250117;115000;103.58;103.64;103.56;103.64;887
USDRUBF;5;20250117;115500;103.63;103.65;103.59;103.59;351
USDRUBF;5;20250117;120000;103.58;103.61;103.53;103.6;664
USDRUBF;5;20250117;120500;103.6;103.6;103.55;103.56;241
USDRUBF;5;20250117;121000;103.56;103.57;103.56;103.57;96
USDRUBF;5;20250117;121500;103.57;103.57;103.54;103.54;304
USDRUBF;5;20250117;122000;103.54;103.55;103.52;103.52;100
USDRUBF;5;20250117;122500;103.53;103.53;103.47;103.5;892
USDRUBF;5;20250117;123000;103.49;103.55;103.47;103.49;1119
USDRUBF;5;20250117;123500;103.5;103.51;103.47;103.49;939
USDRUBF;5;20250117;124000;103.49;103.49;103.47;103.47;50
USDRUBF;5;20250117;124500;103.47;103.47;103.35;103.44;1042
USDRUBF;5;20250117;125000;103.42;103.46;103.38;103.46;800
USDRUBF;5;20250117;125500;103.46;103.54;103.46;103.53;987
USDRUBF;5;20250117;130000;103.54;103.54;103.37;103.43;413
USDRUBF;5;20250117;130500;103.42;103.53;103.37;103.4;421
USDRUBF;5;20250117;131000;103.37;103.52;103.36;103.52;958
USDRUBF;5;20250117;131500;103.49;103.52;103.46;103.46;207
USDRUBF;5;20250117;132000;103.49;103.5;103.45;103.48;298
USDRUBF;5;20250117;132500;103.48;103.49;103.47;103.47;73
USDRUBF;5;20250117;133000;103.45;103.49;103.37;103.44;604
USDRUBF;5;20250117;133500;103.42;103.5;103.41;103.49;182
USDRUBF;5;20250117;134000;103.46;103.49;103.46;103.49;17
USDRUBF;5;20250117;134500;103.46;103.46;103.44;103.44;30
USDRUBF;5;20250117;135000;103.44;103.47;103.44;103.47;83
USDRUBF;5;20250117;135500;103.47;103.49;103.46;103.47;33
USDRUBF;5;20250117;140500;103.49;103.49;103.41;103.45;623
USDRUBF;5;20250117;141000;103.46;103.48;103.46;103.48;32
USDRUBF;5;20250117;141500;103.48;103.49;103.46;103.47;25
USDRUBF;5;20250117;142000;103.49;103.51;103.48;103.51;26
USDRUBF;5;20250117;142500;103.52;103.53;103.49;103.51;199
USDRUBF;5;20250117;143000;103.52;103.63;103.52;103.62;270
USDRUBF;5;20250117;143500;103.62;103.63;103.59;103.63;64
USDRUBF;5;20250117;144000;103.63;103.63;103.6;103.62;201
USDRUBF;5;20250117;144500;103.62;103.63;103.59;103.62;62
USDRUBF;5;20250117;145000;103.62;103.65;103.61;103.65;245
USDRUBF;5;20250117;145500;103.64;103.65;103.63;103.65;34
USDRUBF;5;20250117;150000;103.66;103.66;103.64;103.66;41
USDRUBF;5;20250117;150500;103.66;103.66;103.56;103.58;929
USDRUBF;5;20250117;151000;103.57;103.6;103.55;103.56;450
USDRUBF;5;20250117;151500;103.55;103.6;103.55;103.59;147
USDRUBF;5;20250117;152000;103.59;103.59;103.55;103.57;79
USDRUBF;5;20250117;152500;103.56;103.58;103.46;103.51;516
USDRUBF;5;20250117;153000;103.51;103.54;103.51;103.54;27
USDRUBF;5;20250117;153500;103.54;103.54;103.49;103.53;213
USDRUBF;5;20250117;154000;103.53;103.55;103.52;103.52;42
USDRUBF;5;20250117;154500;103.53;103.54;103.5;103.51;55
USDRUBF;5;20250117;155000;103.52;103.53;103.49;103.51;108
USDRUBF;5;20250117;155500;103.51;103.59;103.5;103.56;238
USDRUBF;5;20250117;160000;103.56;103.56;103.55;103.55;16
USDRUBF;5;20250117;160500;103.55;103.59;103.51;103.59;238
USDRUBF;5;20250117;161000;103.59;103.6;103.54;103.58;375
USDRUBF;5;20250117;161500;103.58;103.6;103.56;103.57;123
USDRUBF;5;20250117;162000;103.56;103.58;103.55;103.58;33
USDRUBF;5;20250117;162500;103.57;103.58;103.55;103.56;54
USDRUBF;5;20250117;163000;103.53;103.57;103.53;103.55;41
USDRUBF;5;20250117;163500;103.56;103.57;103.52;103.54;377
USDRUBF;5;20250117;164000;103.54;103.55;103.51;103.54;38
USDRUBF;5;20250117;164500;103.54;103.56;103.48;103.51;872
USDRUBF;5;20250117;165000;103.51;103.52;103.49;103.49;65
USDRUBF;5;20250117;165500;103.48;103.5;103.48;103.49;467
USDRUBF;5;20250117;170000;103.49;103.52;103.48;103.48;294
USDRUBF;5;20250117;170500;103.48;103.52;103.48;103.49;148
USDRUBF;5;20250117;171000;103.48;103.48;103.42;103.46;315
USDRUBF;5;20250117;171500;103.45;103.49;103.35;103.38;684
USDRUBF;5;20250117;172000;103.36;103.38;103.35;103.36;108
USDRUBF;5;20250117;172500;103.37;103.37;103.34;103.35;208
USDRUBF;5;20250117;173000;103.36;103.36;103.3;103.32;433
USDRUBF;5;20250117;173500;103.32;103.32;103.19;103.2;655
USDRUBF;5;20250117;174000;103.2;103.2;103.07;103.15;732
USDRUBF;5;20250117;174500;103.15;103.15;102.96;103.02;2085
USDRUBF;5;20250117;175000;103.01;103.12;102.95;103.12;1097
USDRUBF;5;20250117;175500;103.11;103.16;103.04;103.04;1274
USDRUBF;5;20250117;180000;103.04;103.04;102.94;102.95;1153
USDRUBF;5;20250117;180500;102.93;102.98;102.93;102.98;358
USDRUBF;5;20250117;181000;102.96;102.98;102.94;102.94;410
USDRUBF;5;20250117;181500;102.93;102.99;102.92;102.99;498
USDRUBF;5;20250117;182000;102.98;103;102.93;102.93;698
USDRUBF;5;20250117;182500;102.96;103;102.96;103;243
USDRUBF;5;20250117;183000;103;103;102.98;103;236
USDRUBF;5;20250117;183500;103;103;102.91;102.91;340
USDRUBF;5;20250117;184000;102.91;102.99;102.9;102.9;1463
USDRUBF;5;20250117;184500;102.9;102.96;102.68;102.82;5197
USDRUBF;5;20250117;190500;102.74;102.91;102.74;102.91;316
USDRUBF;5;20250117;191000;102.91;102.93;102.83;102.85;416
USDRUBF;5;20250117;191500;102.85;102.89;102.78;102.78;477
USDRUBF;5;20250117;192000;102.79;102.88;102.78;102.88;250
USDRUBF;5;20250117;192500;102.88;102.88;102.86;102.87;43
USDRUBF;5;20250117;193000;102.87;102.9;102.78;102.79;367
USDRUBF;5;20250117;193500;102.78;102.82;102.78;102.78;29
USDRUBF;5;20250117;194000;102.81;102.86;102.81;102.84;46
USDRUBF;5;20250117;194500;102.86;102.89;102.85;102.85;103
USDRUBF;5;20250117;195000;102.85;102.89;102.84;102.89;38
USDRUBF;5;20250117;195500;102.89;102.93;102.89;102.91;64
USDRUBF;5;20250117;200000;102.9;102.92;102.9;102.92;102
USDRUBF;5;20250117;200500;102.9;102.92;102.89;102.9;55
USDRUBF;5;20250117;201000;102.89;102.91;102.89;102.91;64
USDRUBF;5;20250117;201500;102.9;102.91;102.9;102.91;16
USDRUBF;5;20250117;202000;102.91;102.93;102.9;102.92;50
USDRUBF;5;20250117;202500;102.92;102.94;102.92;102.94;21
USDRUBF;5;20250117;203000;102.94;102.95;102.92;102.92;13
USDRUBF;5;20250117;203500;102.93;102.94;102.92;102.92;6
USDRUBF;5;20250117;204000;102.92;102.92;102.89;102.91;54
USDRUBF;5;20250117;204500;102.91;102.94;102.89;102.89;86
USDRUBF;5;20250117;205000;102.89;102.9;102.85;102.9;106
USDRUBF;5;20250117;205500;102.89;102.9;102.71;102.9;402
USDRUBF;5;20250117;210000;102.9;102.94;102.9;102.92;159
USDRUBF;5;20250117;210500;102.95;102.95;102.94;102.95;26
USDRUBF;5;20250117;211000;102.95;102.96;102.95;102.96;20
USDRUBF;5;20250117;211500;102.93;102.94;102.93;102.93;29
USDRUBF;5;20250117;212000;102.92;102.92;102.9;102.9;31
USDRUBF;5;20250117;212500;102.89;102.92;102.89;102.92;11
USDRUBF;5;20250117;213000;102.93;102.93;102.89;102.92;33
USDRUBF;5;20250117;213500;102.91;102.92;102.88;102.88;49
USDRUBF;5;20250117;214000;102.9;102.91;102.9;102.91;8
USDRUBF;5;20250117;214500;102.91;102.91;102.91;102.91;6
USDRUBF;5;20250117;215000;102.9;102.91;102.89;102.91;16
USDRUBF;5;20250117;215500;102.89;102.9;102.86;102.9;72
USDRUBF;5;20250117;220000;102.9;102.91;102.87;102.88;33
USDRUBF;5;20250117;220500;102.89;102.92;102.89;102.92;6
USDRUBF;5;20250117;221000;102.89;102.91;102.89;102.89;20
USDRUBF;5;20250117;221500;102.9;102.94;102.9;102.94;26
USDRUBF;5;20250117;222000;102.94;102.95;102.94;102.95;41
USDRUBF;5;20250117;222500;102.93;102.93;102.92;102.92;20
USDRUBF;5;20250117;223000;102.95;102.95;102.94;102.94;2
USDRUBF;5;20250117;223500;102.95;102.95;102.93;102.95;8
USDRUBF;5;20250117;224000;102.95;102.95;102.92;102.95;30
USDRUBF;5;20250117;224500;102.93;102.95;102.92;102.95;22
USDRUBF;5;20250117;225000;102.93;102.95;102.91;102.93;30
USDRUBF;5;20250117;225500;102.93;102.93;102.92;102.92;14
USDRUBF;5;20250117;230000;102.91;102.93;102.91;102.91;24
USDRUBF;5;20250117;230500;102.93;102.95;102.93;102.95;12
USDRUBF;5;20250117;231000;102.92;102.95;102.92;102.92;12
USDRUBF;5;20250117;231500;102.93;102.95;102.91;102.91;34
USDRUBF;5;20250117;232000;102.91;102.97;102.91;102.97;138
USDRUBF;5;20250117;232500;102.96;102.97;102.95;102.97;54
USDRUBF;5;20250117;233000;102.96;102.98;102.96;102.96;64
USDRUBF;5;20250117;233500;102.96;102.96;102.95;102.96;15
USDRUBF;5;20250117;234000;102.96;102.97;102.93;102.96;181
USDRUBF;5;20250117;234500;102.97;102.99;102.97;102.99;344
USDRUBF;5;20250120;100000;103.1;103.15;102.57;102.61;2904
USDRUBF;5;20250120;100500;102.66;102.79;102.58;102.7;2102
USDRUBF;5;20250120;101000;102.7;102.76;102.68;102.7;2394
USDRUBF;5;20250120;101500;102.69;102.7;102.51;102.62;3024
USDRUBF;5;20250120;102000;102.62;102.7;102.58;102.7;944
USDRUBF;5;20250120;102500;102.7;102.7;102.64;102.67;510
USDRUBF;5;20250120;103000;102.67;102.7;102.63;102.7;792
USDRUBF;5;20250120;103500;102.7;102.79;102.67;102.78;685
USDRUBF;5;20250120;104000;102.75;102.8;102.7;102.72;877
USDRUBF;5;20250120;104500;102.74;102.74;102.64;102.68;593
USDRUBF;5;20250120;105000;102.65;102.75;102.51;102.7;1940
USDRUBF;5;20250120;105500;102.69;102.76;102.67;102.71;401
USDRUBF;5;20250120;110000;102.71;102.74;102.61;102.65;467
USDRUBF;5;20250120;110500;102.67;102.73;102.64;102.72;163
USDRUBF;5;20250120;111000;102.72;102.8;102.71;102.75;515
USDRUBF;5;20250120;111500;102.75;102.76;102.71;102.72;353
USDRUBF;5;20250120;112000;102.72;102.74;102.7;102.73;206
USDRUBF;5;20250120;112500;102.74;102.78;102.72;102.73;245
USDRUBF;5;20250120;113000;102.74;102.75;102.72;102.72;69
USDRUBF;5;20250120;113500;102.72;102.72;102.68;102.71;229
USDRUBF;5;20250120;114000;102.69;102.69;102.65;102.68;121
USDRUBF;5;20250120;114500;102.66;102.69;102.58;102.59;267
USDRUBF;5;20250120;115000;102.59;102.61;102.44;102.5;2180
USDRUBF;5;20250120;115500;102.51;102.52;102.36;102.38;1457
USDRUBF;5;20250120;120000;102.37;102.37;102.29;102.29;2471
USDRUBF;5;20250120;120500;102.29;102.42;102.29;102.36;1369
USDRUBF;5;20250120;121000;102.39;102.47;102.35;102.42;439
USDRUBF;5;20250120;121500;102.41;102.54;102.4;102.49;561
USDRUBF;5;20250120;122000;102.48;102.5;102.43;102.46;446
USDRUBF;5;20250120;122500;102.45;102.49;102.34;102.42;507
USDRUBF;5;20250120;123000;102.42;102.46;102.42;102.42;337
USDRUBF;5;20250120;123500;102.44;102.55;102.44;102.54;272
USDRUBF;5;20250120;124000;102.55;102.57;102.51;102.53;267
USDRUBF;5;20250120;124500;102.51;102.55;102.43;102.54;406
USDRUBF;5;20250120;125000;102.55;102.57;102.51;102.55;336
USDRUBF;5;20250120;125500;102.52;102.56;102.52;102.55;146
USDRUBF;5;20250120;130000;102.55;102.57;102.53;102.53;242
USDRUBF;5;20250120;130500;102.53;102.58;102.53;102.55;282
USDRUBF;5;20250120;131000;102.55;102.56;102.53;102.54;312
USDRUBF;5;20250120;131500;102.54;102.54;102.48;102.5;198
USDRUBF;5;20250120;132000;102.48;102.5;102.47;102.5;189
USDRUBF;5;20250120;132500;102.5;102.5;102.41;102.42;472
USDRUBF;5;20250120;133000;102.42;102.44;102.41;102.44;184
USDRUBF;5;20250120;133500;102.44;102.45;102.43;102.44;280
USDRUBF;5;20250120;134000;102.43;102.5;102.4;102.47;489
USDRUBF;5;20250120;134500;102.49;102.5;102.46;102.49;58
USDRUBF;5;20250120;135000;102.5;102.54;102.5;102.54;111
USDRUBF;5;20250120;135500;102.54;102.58;102.53;102.56;145
USDRUBF;5;20250120;140500;102.55;102.6;102.52;102.58;1165
USDRUBF;5;20250120;141000;102.56;102.58;102.55;102.55;24
USDRUBF;5;20250120;141500;102.56;102.59;102.55;102.57;273
USDRUBF;5;20250120;142000;102.56;102.57;102.5;102.5;249
USDRUBF;5;20250120;142500;102.5;102.53;102.49;102.49;362
USDRUBF;5;20250120;143000;102.49;102.51;102.47;102.51;287
USDRUBF;5;20250120;143500;102.51;102.54;102.5;102.5;189
USDRUBF;5;20250120;144000;102.49;102.5;102.47;102.5;152
USDRUBF;5;20250120;144500;102.47;102.49;102.47;102.49;76
USDRUBF;5;20250120;145000;102.49;102.49;102.46;102.46;596
USDRUBF;5;20250120;145500;102.49;102.49;102.46;102.48;624
USDRUBF;5;20250120;150000;102.46;102.48;102.42;102.48;721
USDRUBF;5;20250120;150500;102.48;102.49;102.47;102.48;152
USDRUBF;5;20250120;151000;102.47;102.48;102.41;102.42;232
USDRUBF;5;20250120;151500;102.42;102.44;102.41;102.42;137
USDRUBF;5;20250120;152000;102.42;102.42;102.33;102.36;364
USDRUBF;5;20250120;152500;102.35;102.35;102.26;102.3;737
USDRUBF;5;20250120;153000;102.32;102.32;102.28;102.32;60
USDRUBF;5;20250120;153500;102.32;102.36;102.3;102.32;210
USDRUBF;5;20250120;154000;102.31;102.32;102.27;102.28;264
USDRUBF;5;20250120;154500;102.28;102.28;102.09;102.11;1486
USDRUBF;5;20250120;155000;102.11;102.29;102.08;102.26;567
USDRUBF;5;20250120;155500;102.28;102.29;102.18;102.21;360
USDRUBF;5;20250120;160000;102.21;102.26;102.2;102.2;630
USDRUBF;5;20250120;160500;102.18;102.23;102.11;102.23;489
USDRUBF;5;20250120;161000;102.23;102.27;102.17;102.18;253
USDRUBF;5;20250120;161500;102.2;102.22;102.15;102.22;170
USDRUBF;5;20250120;162000;102.21;102.22;102.18;102.19;656
USDRUBF;5;20250120;162500;102.18;102.21;102.03;102.21;1012
USDRUBF;5;20250120;163000;102.16;102.22;102.07;102.12;882
USDRUBF;5;20250120;163500;102.13;102.3;102.13;102.21;1060
USDRUBF;5;20250120;164000;102.23;102.25;102.13;102.13;382
USDRUBF;5;20250120;164500;102.13;102.14;102.03;102.1;479
USDRUBF;5;20250120;165000;102.15;102.24;102.15;102.2;351
USDRUBF;5;20250120;165500;102.19;102.24;102.16;102.21;613
USDRUBF;5;20250120;170000;102.2;102.22;102.14;102.16;184
USDRUBF;5;20250120;170500;102.17;102.26;102.17;102.26;128
USDRUBF;5;20250120;171000;102.27;102.28;102.11;102.15;492
USDRUBF;5;20250120;171500;102.15;102.17;102.1;102.1;341
USDRUBF;5;20250120;172000;102.09;102.1;102.03;102.06;295
USDRUBF;5;20250120;172500;102.06;102.07;102.02;102.07;342
USDRUBF;5;20250120;173000;102.06;102.07;102.02;102.02;231
USDRUBF;5;20250120;173500;102.06;102.19;102.06;102.18;843
USDRUBF;5;20250120;174000;102.16;102.19;102.09;102.09;159
USDRUBF;5;20250120;174500;102.1;102.16;102.07;102.12;313
USDRUBF;5;20250120;175000;102.12;102.18;102.12;102.17;96
USDRUBF;5;20250120;175500;102.17;102.19;102.1;102.1;428
USDRUBF;5;20250120;180000;102.11;102.14;101.91;102;3340
USDRUBF;5;20250120;180500;102;102.08;101.98;102.03;1154
USDRUBF;5;20250120;181000;102.04;102.12;101.99;102.08;618
USDRUBF;5;20250120;181500;102.07;102.22;102.07;102.14;1432
USDRUBF;5;20250120;182000;102.14;102.15;102.11;102.11;444
USDRUBF;5;20250120;182500;102.1;102.14;102.1;102.13;321
USDRUBF;5;20250120;183000;102.14;102.18;102.12;102.12;1034
USDRUBF;5;20250120;183500;102.11;102.18;102.1;102.18;727
USDRUBF;5;20250120;184000;102.15;102.15;102.05;102.05;690
USDRUBF;5;20250120;184500;102.1;102.1;102.04;102.1;222
USDRUBF;5;20250120;190500;102.12;102.22;102.04;102.07;481
USDRUBF;5;20250120;191000;102.07;102.19;102.07;102.13;208
USDRUBF;5;20250120;191500;102.14;102.16;102.13;102.14;40
USDRUBF;5;20250120;192000;102.14;102.17;102.1;102.11;126
USDRUBF;5;20250120;192500;102.14;102.14;102.06;102.1;58
USDRUBF;5;20250120;193000;102.06;102.07;102.03;102.04;37
USDRUBF;5;20250120;193500;102.04;102.05;102;102.02;88
USDRUBF;5;20250120;194000;102;102.03;102;102.03;23
USDRUBF;5;20250120;194500;102;102.06;102;102.06;45
USDRUBF;5;20250120;195000;102.05;102.08;102.03;102.08;44
USDRUBF;5;20250120;195500;102.09;102.17;102.08;102.13;186
USDRUBF;5;20250120;200000;102.14;102.17;102.13;102.13;96
USDRUBF;5;20250120;200500;102.17;102.17;102.12;102.14;49
USDRUBF;5;20250120;201000;102.14;102.16;102.12;102.14;32
USDRUBF;5;20250120;201500;102.14;102.15;102.14;102.14;11
USDRUBF;5;20250120;202000;102.12;102.15;102.12;102.15;10
USDRUBF;5;20250120;202500;102.15;102.19;102.15;102.19;273
USDRUBF;5;20250120;203000;102.2;102.2;102.15;102.17;113
USDRUBF;5;20250120;203500;102.18;102.2;102.15;102.15;75
USDRUBF;5;20250120;204000;102.15;102.17;102.13;102.14;68
USDRUBF;5;20250120;204500;102.14;102.18;102.1;102.14;98
USDRUBF;5;20250120;205000;102.14;102.14;102.1;102.1;73
USDRUBF;5;20250120;205500;102.11;102.14;102.11;102.14;16
USDRUBF;5;20250120;210000;102.12;102.12;102.06;102.09;73
USDRUBF;5;20250120;210500;102.09;102.12;102.08;102.08;84
USDRUBF;5;20250120;211000;102.08;102.1;102.05;102.07;29
USDRUBF;5;20250120;211500;102.06;102.1;102.06;102.1;39
USDRUBF;5;20250120;212000;102.1;102.13;102.1;102.12;35
USDRUBF;5;20250120;212500;102.12;102.13;102.1;102.11;12
USDRUBF;5;20250120;213000;102.12;102.12;102.1;102.1;4
USDRUBF;5;20250120;213500;102.1;102.1;102.02;102.06;211
USDRUBF;5;20250120;214000;102.05;102.08;102.03;102.03;60
USDRUBF;5;20250120;214500;102.03;102.11;102.03;102.04;182
USDRUBF;5;20250120;215000;102.08;102.09;102.04;102.04;103
USDRUBF;5;20250120;215500;102.07;102.09;102.05;102.05;66
USDRUBF;5;20250120;220000;102.08;102.08;102.04;102.06;22
USDRUBF;5;20250120;220500;102.11;102.12;102.11;102.11;19
USDRUBF;5;20250120;221000;102.11;102.12;102.09;102.11;12
USDRUBF;5;20250120;221500;102.1;102.1;102.09;102.09;9
USDRUBF;5;20250120;222000;102.09;102.14;102.09;102.12;68
USDRUBF;5;20250120;222500;102.15;102.17;102.13;102.17;28
USDRUBF;5;20250120;223000;102.17;102.17;102.15;102.16;27
USDRUBF;5;20250120;223500;102.15;102.15;102.14;102.14;11
USDRUBF;5;20250120;224000;102.14;102.16;102.12;102.15;23
USDRUBF;5;20250120;224500;102.11;102.14;102.08;102.08;42
USDRUBF;5;20250120;225000;102.08;102.08;102.06;102.06;22
USDRUBF;5;20250120;225500;102.08;102.2;102.08;102.12;234
USDRUBF;5;20250120;230000;102.09;102.11;102.04;102.05;140
USDRUBF;5;20250120;230500;102.05;102.07;102.02;102.06;143
USDRUBF;5;20250120;231000;102.05;102.05;102.02;102.04;20
USDRUBF;5;20250120;231500;102.03;102.04;102.03;102.03;8
USDRUBF;5;20250120;232000;102.03;102.06;102.03;102.04;28
USDRUBF;5;20250120;232500;102.05;102.05;102.03;102.05;17
USDRUBF;5;20250120;233000;102.04;102.05;102.03;102.03;14
USDRUBF;5;20250120;233500;102.03;102.05;102.02;102.05;123
USDRUBF;5;20250120;234000;102.05;102.08;102.02;102.06;139
USDRUBF;5;20250120;234500;102.05;102.07;102.02;102.07;148
USDRUBF;5;20250121;100000;102.1;102.14;102.01;102.02;868
USDRUBF;5;20250121;100500;102.03;102.2;102.02;102.12;760
USDRUBF;5;20250121;101000;102.17;102.26;102.12;102.15;505
USDRUBF;5;20250121;101500;102.15;102.33;101.99;102.25;2493
USDRUBF;5;20250121;102000;102.26;102.35;102.04;102.27;2654
USDRUBF;5;20250121;102500;102.27;102.3;102.18;102.2;731
USDRUBF;5;20250121;103000;102.15;102.2;102.04;102.04;617
USDRUBF;5;20250121;103500;102.05;102.18;102.05;102.13;74
USDRUBF;5;20250121;104000;102.15;102.17;102.11;102.17;151
USDRUBF;5;20250121;104500;102.18;102.2;102.11;102.17;217
USDRUBF;5;20250121;105000;102.19;102.19;102.14;102.16;47
USDRUBF;5;20250121;105500;102.16;102.19;102.08;102.09;72
USDRUBF;5;20250121;110000;102.07;102.13;102;102.01;478
USDRUBF;5;20250121;110500;102.02;102.04;101.82;101.93;1582
USDRUBF;5;20250121;111000;101.93;101.95;101.73;101.8;977
USDRUBF;5;20250121;111500;101.79;101.86;101.74;101.76;1076
USDRUBF;5;20250121;112000;101.76;101.76;101.62;101.66;1357
USDRUBF;5;20250121;112500;101.65;101.78;101.65;101.72;5020
USDRUBF;5;20250121;113000;101.71;101.84;101.7;101.83;2124
USDRUBF;5;20250121;113500;101.84;101.87;101.68;101.69;2592
USDRUBF;5;20250121;114000;101.69;101.74;101.63;101.72;903
USDRUBF;5;20250121;114500;101.74;101.75;101.68;101.72;191
USDRUBF;5;20250121;115000;101.72;101.78;101.68;101.72;641
USDRUBF;5;20250121;115500;101.71;101.73;101.66;101.68;321
USDRUBF;5;20250121;120000;101.68;101.72;101.64;101.69;454
USDRUBF;5;20250121;120500;101.68;101.74;101.65;101.67;519
USDRUBF;5;20250121;121000;101.67;101.78;101.64;101.77;728
USDRUBF;5;20250121;121500;101.77;101.84;101.68;101.7;1848
USDRUBF;5;20250121;122000;101.7;101.71;101.6;101.6;918
USDRUBF;5;20250121;122500;101.6;101.62;101.58;101.58;544
USDRUBF;5;20250121;123000;101.58;101.62;101.44;101.48;1431
USDRUBF;5;20250121;123500;101.51;101.52;101.41;101.47;1362
USDRUBF;5;20250121;124000;101.47;101.49;101.35;101.4;1440
USDRUBF;5;20250121;124500;101.39;101.44;101.35;101.37;659
USDRUBF;5;20250121;125000;101.35;101.35;101.15;101.25;2049
USDRUBF;5;20250121;125500;101.26;101.26;101.19;101.25;746
USDRUBF;5;20250121;130000;101.24;101.24;101;101.16;2355
USDRUBF;5;20250121;130500;101.16;101.32;101.12;101.27;1110
USDRUBF;5;20250121;131000;101.28;101.41;101.23;101.28;529
USDRUBF;5;20250121;131500;101.28;101.29;101.15;101.16;885
USDRUBF;5;20250121;132000;101.16;101.16;101.04;101.12;654
USDRUBF;5;20250121;132500;101.12;101.14;101.1;101.13;160
USDRUBF;5;20250121;133000;101.14;101.15;101.11;101.11;219
USDRUBF;5;20250121;133500;101.12;101.28;101.08;101.2;1526
USDRUBF;5;20250121;134000;101.21;101.22;101.15;101.16;289
USDRUBF;5;20250121;134500;101.15;101.16;101.06;101.11;436
USDRUBF;5;20250121;135000;101.11;101.15;101.05;101.13;374
USDRUBF;5;20250121;135500;101.1;101.16;101.07;101.12;282
USDRUBF;5;20250121;140500;101.09;101.22;101.08;101.22;544
USDRUBF;5;20250121;141000;101.23;101.35;101.22;101.3;1069
USDRUBF;5;20250121;141500;101.3;101.36;101.27;101.32;443
USDRUBF;5;20250121;142000;101.33;101.34;101.24;101.24;331
USDRUBF;5;20250121;142500;101.22;101.35;101.2;101.31;208
USDRUBF;5;20250121;143000;101.29;101.29;101.15;101.21;231
USDRUBF;5;20250121;143500;101.19;101.31;101.17;101.27;186
USDRUBF;5;20250121;144000;101.28;101.28;101.17;101.21;157
USDRUBF;5;20250121;144500;101.21;101.3;101.17;101.26;237
USDRUBF;5;20250121;145000;101.25;101.35;101.25;101.31;403
USDRUBF;5;20250121;145500;101.31;101.48;101.31;101.44;835
USDRUBF;5;20250121;150000;101.44;101.48;101.36;101.38;619
USDRUBF;5;20250121;150500;101.36;101.39;101.28;101.3;221
USDRUBF;5;20250121;151000;101.29;101.3;101.17;101.29;894
USDRUBF;5;20250121;151500;101.28;101.32;101.28;101.31;141
USDRUBF;5;20250121;152000;101.31;101.32;101.17;101.18;535
USDRUBF;5;20250121;152500;101.17;101.24;101.15;101.18;643
USDRUBF;5;20250121;153000;101.18;101.19;101.06;101.07;406
USDRUBF;5;20250121;153500;101.09;101.11;101.06;101.06;109
USDRUBF;5;20250121;154000;101.07;101.13;101.06;101.11;347
USDRUBF;5;20250121;154500;101.1;101.16;101.1;101.14;72
USDRUBF;5;20250121;155000;101.13;101.17;101.11;101.17;142
USDRUBF;5;20250121;155500;101.17;101.17;101.01;101.01;608
USDRUBF;5;20250121;160000;101.01;101.05;100.95;100.96;586
USDRUBF;5;20250121;160500;100.95;100.97;100.91;100.92;611
USDRUBF;5;20250121;161000;100.93;100.99;100.91;100.97;583
USDRUBF;5;20250121;161500;100.96;100.97;100.92;100.92;159
USDRUBF;5;20250121;162000;100.92;100.97;100.87;100.88;1915
USDRUBF;5;20250121;162500;100.88;100.94;100.87;100.92;491
USDRUBF;5;20250121;163000;100.91;101;100.9;100.98;1022
USDRUBF;5;20250121;163500;100.96;101.06;100.9;100.98;744
USDRUBF;5;20250121;164000;100.97;101.03;100.89;100.96;372
USDRUBF;5;20250121;164500;100.96;101;100.91;100.99;145
USDRUBF;5;20250121;165000;100.99;100.99;100.91;100.95;153
USDRUBF;5;20250121;165500;100.97;101.09;100.96;101.06;502
USDRUBF;5;20250121;170000;101.04;101.16;101.02;101.14;1278
USDRUBF;5;20250121;170500;101.14;101.15;100.98;100.99;1475
USDRUBF;5;20250121;171000;100.98;101.05;100.98;101.02;139
USDRUBF;5;20250121;171500;101.01;101.03;100.9;100.92;389
USDRUBF;5;20250121;172000;100.94;100.98;100.94;100.96;36
USDRUBF;5;20250121;172500;100.95;100.95;100.89;100.91;112
USDRUBF;5;20250121;173000;100.91;100.95;100.85;100.9;457
USDRUBF;5;20250121;173500;100.92;100.96;100.8;100.82;978
USDRUBF;5;20250121;174000;100.82;100.85;100.75;100.78;657
USDRUBF;5;20250121;174500;100.78;100.82;100.64;100.66;1143
USDRUBF;5;20250121;175000;100.68;100.85;100.68;100.85;404
USDRUBF;5;20250121;175500;100.84;100.85;100.6;100.76;673
USDRUBF;5;20250121;180000;100.76;100.76;100.54;100.59;613
USDRUBF;5;20250121;180500;100.58;100.7;100.55;100.68;836
USDRUBF;5;20250121;181000;100.67;100.68;100.63;100.67;534
USDRUBF;5;20250121;181500;100.67;100.68;100.64;100.68;256
USDRUBF;5;20250121;182000;100.68;100.68;100.63;100.65;372
USDRUBF;5;20250121;182500;100.65;100.7;100.62;100.64;411
USDRUBF;5;20250121;183000;100.64;100.64;100.53;100.6;839
USDRUBF;5;20250121;183500;100.55;100.58;100.51;100.52;234
USDRUBF;5;20250121;184000;100.52;100.54;100.44;100.45;998
USDRUBF;5;20250121;184500;100.44;100.44;100.28;100.28;1463
USDRUBF;5;20250121;190500;100.38;100.57;100.38;100.54;751
USDRUBF;5;20250121;191000;100.54;100.59;100.53;100.59;352
USDRUBF;5;20250121;191500;100.58;100.63;100.58;100.61;315
USDRUBF;5;20250121;192000;100.58;100.63;100.58;100.59;106
USDRUBF;5;20250121;192500;100.59;100.65;100.56;100.56;165
USDRUBF;5;20250121;193000;100.56;100.56;100.53;100.54;103
USDRUBF;5;20250121;193500;100.56;100.56;100.46;100.48;65
USDRUBF;5;20250121;194000;100.47;100.49;100.39;100.44;153
USDRUBF;5;20250121;194500;100.44;100.66;100.44;100.66;427
USDRUBF;5;20250121;195000;100.63;100.67;100.53;100.53;294
USDRUBF;5;20250121;195500;100.53;100.6;100.51;100.55;178
USDRUBF;5;20250121;200000;100.55;100.62;100.54;100.62;133
USDRUBF;5;20250121;200500;100.62;100.62;100.54;100.54;142
USDRUBF;5;20250121;201000;100.54;100.54;100.45;100.49;113
USDRUBF;5;20250121;201500;100.49;100.49;100.24;100.4;347
USDRUBF;5;20250121;202000;100.44;100.53;100.4;100.53;128
USDRUBF;5;20250121;202500;100.52;100.55;100.48;100.55;91
USDRUBF;5;20250121;203000;100.52;100.55;100.48;100.48;116
USDRUBF;5;20250121;203500;100.49;100.49;100.47;100.47;17
USDRUBF;5;20250121;204000;100.5;100.55;100.47;100.48;119
USDRUBF;5;20250121;204500;100.54;100.55;100.51;100.55;9
USDRUBF;5;20250121;205000;100.55;100.61;100.55;100.61;54
USDRUBF;5;20250121;205500;100.61;100.64;100.6;100.6;62
USDRUBF;5;20250121;210000;100.58;100.6;100.53;100.55;92
USDRUBF;5;20250121;210500;100.56;100.57;100.54;100.55;19
USDRUBF;5;20250121;211000;100.55;100.59;100.55;100.59;47
USDRUBF;5;20250121;211500;100.56;100.58;100.54;100.54;29
USDRUBF;5;20250121;212000;100.58;100.58;100.56;100.56;18
USDRUBF;5;20250121;212500;100.57;100.58;100.5;100.58;76
USDRUBF;5;20250121;213000;100.56;100.6;100.56;100.58;41
USDRUBF;5;20250121;213500;100.57;100.58;100.55;100.57;15
USDRUBF;5;20250121;214000;100.57;100.57;100.53;100.56;29
USDRUBF;5;20250121;214500;100.57;100.59;100.55;100.59;17
USDRUBF;5;20250121;215000;100.59;100.64;100.57;100.57;72
USDRUBF;5;20250121;215500;100.6;100.66;100.56;100.6;102
USDRUBF;5;20250121;220000;100.59;100.62;100.57;100.6;90
USDRUBF;5;20250121;220500;100.59;100.6;100.55;100.57;45
USDRUBF;5;20250121;221000;100.54;100.54;100.52;100.52;28
USDRUBF;5;20250121;221500;100.51;100.51;100.4;100.48;318
USDRUBF;5;20250121;222000;100.47;100.53;100.45;100.48;178
USDRUBF;5;20250121;222500;100.51;100.51;100.47;100.51;67
USDRUBF;5;20250121;223000;100.51;100.54;100.5;100.5;61
USDRUBF;5;20250121;223500;100.54;100.54;100.4;100.48;254
USDRUBF;5;20250121;224000;100.49;100.52;100.47;100.49;73
USDRUBF;5;20250121;224500;100.49;100.5;100.36;100.44;268
USDRUBF;5;20250121;225000;100.45;100.49;100.43;100.49;55
USDRUBF;5;20250121;225500;100.47;100.53;100.46;100.53;74
USDRUBF;5;20250121;230000;100.55;100.57;100.53;100.57;24
USDRUBF;5;20250121;230500;100.57;100.57;100.56;100.56;8
USDRUBF;5;20250121;231000;100.54;100.54;100.54;100.54;6
USDRUBF;5;20250121;231500;100.54;100.55;100.51;100.55;10
USDRUBF;5;20250121;232000;100.55;100.55;100.5;100.51;23
USDRUBF;5;20250121;232500;100.45;100.47;100.44;100.44;4
USDRUBF;5;20250121;233000;100.47;100.47;100.44;100.45;23
USDRUBF;5;20250121;233500;100.45;100.45;100.41;100.44;60
USDRUBF;5;20250121;234000;100.44;100.45;100.41;100.42;31
USDRUBF;5;20250121;234500;100.42;100.51;100.37;100.5;107
USDRUBF;5;20250122;100000;100.39;100.49;100.3;100.49;1114
USDRUBF;5;20250122;100500;100.49;100.52;100.25;100.29;688
USDRUBF;5;20250122;101000;100.3;100.49;100.3;100.44;491
USDRUBF;5;20250122;101500;100.44;100.54;100.3;100.31;718
USDRUBF;5;20250122;102000;100.32;100.35;100.19;100.28;2002
USDRUBF;5;20250122;102500;100.28;100.29;100.11;100.14;798
USDRUBF;5;20250122;103000;100.16;100.27;100.15;100.24;559
USDRUBF;5;20250122;103500;100.23;100.36;100.23;100.32;265
USDRUBF;5;20250122;104000;100.33;100.41;100.27;100.4;440
USDRUBF;5;20250122;104500;100.4;100.41;100.28;100.29;659
USDRUBF;5;20250122;105000;100.28;100.31;100.19;100.31;495
USDRUBF;5;20250122;105500;100.32;100.34;100.25;100.34;391
USDRUBF;5;20250122;110000;100.35;100.43;100.2;100.38;1654
USDRUBF;5;20250122;110500;100.38;100.53;100.32;100.32;1877
USDRUBF;5;20250122;111000;100.31;100.46;100.31;100.45;311
USDRUBF;5;20250122;111500;100.45;100.57;100.36;100.54;1041
USDRUBF;5;20250122;112000;100.56;100.63;100.47;100.47;805
USDRUBF;5;20250122;112500;100.48;100.52;100.22;100.33;478
USDRUBF;5;20250122;113000;100.33;100.38;100.21;100.37;240
USDRUBF;5;20250122;113500;100.36;100.43;100.28;100.28;1271
USDRUBF;5;20250122;114000;100.28;100.38;100.21;100.34;645
USDRUBF;5;20250122;114500;100.34;100.7;100.29;100.56;2140
USDRUBF;5;20250122;115000;100.55;100.59;100.35;100.4;1081
USDRUBF;5;20250122;115500;100.38;100.41;100.36;100.38;151
USDRUBF;5;20250122;120000;100.39;100.41;100.35;100.38;222
USDRUBF;5;20250122;120500;100.4;100.41;100.38;100.41;94
USDRUBF;5;20250122;121000;100.41;100.41;100.36;100.36;102
USDRUBF;5;20250122;121500;100.38;100.4;100.35;100.35;110
USDRUBF;5;20250122;122000;100.34;100.37;100.31;100.33;60
USDRUBF;5;20250122;122500;100.34;100.35;100.15;100.2;2941
USDRUBF;5;20250122;123000;100.2;100.23;100.12;100.12;698
USDRUBF;5;20250122;123500;100.13;100.21;100.12;100.2;322
USDRUBF;5;20250122;124000;100.18;100.2;100.15;100.15;77
USDRUBF;5;20250122;124500;100.15;100.17;100.13;100.15;324
USDRUBF;5;20250122;125000;100.15;100.18;100.06;100.15;1005
USDRUBF;5;20250122;125500;100.13;100.15;100.08;100.11;676
USDRUBF;5;20250122;130000;100.11;100.14;100.02;100.05;447
USDRUBF;5;20250122;130500;100.05;100.07;99.98;100.01;769
USDRUBF;5;20250122;131000;100;100.03;99.98;100;369
USDRUBF;5;20250122;131500;99.99;100.14;99.99;100.11;440
USDRUBF;5;20250122;132000;100.11;100.11;100.06;100.08;128
USDRUBF;5;20250122;132500;100.1;100.13;100.05;100.06;201
USDRUBF;5;20250122;133000;100.07;100.12;100.05;100.12;310
USDRUBF;5;20250122;133500;100.12;100.12;100.07;100.07;183
USDRUBF;5;20250122;134000;100.07;100.08;99.98;99.99;651
USDRUBF;5;20250122;134500;100;100.04;100;100.03;225
USDRUBF;5;20250122;135000;100.03;100.05;100;100.05;69
USDRUBF;5;20250122;135500;100.05;100.08;100.03;100.08;116
USDRUBF;5;20250122;140500;100.08;100.08;100.01;100.03;288
USDRUBF;5;20250122;141000;100.05;100.05;100.01;100.05;109
USDRUBF;5;20250122;141500;100.04;100.1;100.04;100.08;402
USDRUBF;5;20250122;142000;100.1;100.13;100;100.03;772
USDRUBF;5;20250122;142500;100.04;100.14;100.03;100.08;711
USDRUBF;5;20250122;143000;100.1;100.14;100.09;100.09;377
USDRUBF;5;20250122;143500;100.08;100.13;100.07;100.1;187
USDRUBF;5;20250122;144000;100.13;100.13;100.03;100.03;412
USDRUBF;5;20250122;144500;100.03;100.07;100.03;100.05;134
USDRUBF;5;20250122;145000;100.05;100.06;100.02;100.05;298
USDRUBF;5;20250122;145500;100.05;100.05;99.98;100;438
USDRUBF;5;20250122;150000;99.99;100;99.95;100;395
USDRUBF;5;20250122;150500;100;100.02;99.97;99.99;231
USDRUBF;5;20250122;151000;99.99;99.99;99.91;99.91;1314
USDRUBF;5;20250122;151500;99.9;99.91;99.63;99.68;1977
USDRUBF;5;20250122;152000;99.68;99.83;99.68;99.82;1584
USDRUBF;5;20250122;152500;99.83;99.91;99.78;99.8;1592
USDRUBF;5;20250122;153000;99.81;99.86;99.75;99.85;194
USDRUBF;5;20250122;153500;99.87;99.88;99.79;99.88;173
USDRUBF;5;20250122;154000;99.86;99.87;99.83;99.85;379
USDRUBF;5;20250122;154500;99.83;99.9;99.83;99.9;329
USDRUBF;5;20250122;155000;99.89;99.9;99.83;99.87;380
USDRUBF;5;20250122;155500;99.84;99.88;99.82;99.88;210
USDRUBF;5;20250122;160000;99.85;99.88;99.85;99.86;15
USDRUBF;5;20250122;160500;99.88;99.89;99.86;99.86;67
USDRUBF;5;20250122;161000;99.87;99.9;99.86;99.88;171
USDRUBF;5;20250122;161500;99.87;99.9;99.86;99.88;195
USDRUBF;5;20250122;162000;99.89;99.91;99.88;99.91;223
USDRUBF;5;20250122;162500;99.9;99.9;99.85;99.85;316
USDRUBF;5;20250122;163000;99.85;99.88;99.85;99.87;99
USDRUBF;5;20250122;163500;99.88;99.91;99.88;99.88;452
USDRUBF;5;20250122;164000;99.91;99.91;99.88;99.89;15
USDRUBF;5;20250122;164500;99.89;99.97;99.88;99.95;201
USDRUBF;5;20250122;165000;99.95;99.96;99.86;99.87;248
USDRUBF;5;20250122;165500;99.87;99.88;99.85;99.87;310
USDRUBF;5;20250122;170000;99.87;99.9;99.85;99.9;57
USDRUBF;5;20250122;170500;99.9;99.91;99.85;99.86;81
USDRUBF;5;20250122;171000;99.87;99.92;99.85;99.88;363
USDRUBF;5;20250122;171500;99.91;99.93;99.89;99.9;17
USDRUBF;5;20250122;172000;99.9;99.93;99.89;99.91;122
USDRUBF;5;20250122;172500;99.91;99.93;99.9;99.91;127
USDRUBF;5;20250122;173000;99.91;99.93;99.9;99.92;207
USDRUBF;5;20250122;173500;99.93;99.96;99.88;99.93;857
USDRUBF;5;20250122;174000;99.93;99.99;99.91;99.97;200
USDRUBF;5;20250122;174500;99.98;100.07;99.92;99.98;1740
USDRUBF;5;20250122;175000;99.98;100.03;99.97;99.99;546
USDRUBF;5;20250122;175500;100.01;100.04;99.99;100.02;160
USDRUBF;5;20250122;180000;100.01;100.02;99.97;99.98;343
USDRUBF;5;20250122;180500;99.96;100.04;99.93;100.02;1017
USDRUBF;5;20250122;181000;100.02;100.12;99.96;100.05;1424
USDRUBF;5;20250122;181500;100.05;100.06;99.92;100;1798
USDRUBF;5;20250122;182000;100;100;99.9;99.96;663
USDRUBF;5;20250122;182500;99.96;99.98;99.91;99.95;181
USDRUBF;5;20250122;183000;99.94;99.96;99.91;99.95;390
USDRUBF;5;20250122;183500;99.95;99.98;99.91;99.92;207
USDRUBF;5;20250122;184000;99.92;99.98;99.92;99.97;121
USDRUBF;5;20250122;184500;99.97;100;99.93;99.95;647
USDRUBF;5;20250122;190500;100.01;100.2;99.66;99.87;991
USDRUBF;5;20250122;191000;99.85;99.99;99.85;99.99;271
USDRUBF;5;20250122;191500;99.97;100.04;99.92;100.01;245
USDRUBF;5;20250122;192000;100.01;100.13;100.01;100.13;416
USDRUBF;5;20250122;192500;100.13;100.2;100.13;100.19;195
USDRUBF;5;20250122;193000;100.19;100.52;100.19;100.42;889
USDRUBF;5;20250122;193500;100.42;100.42;100.27;100.36;314
USDRUBF;5;20250122;194000;100.35;100.4;100.28;100.36;177
USDRUBF;5;20250122;194500;100.37;100.39;100.21;100.25;251
USDRUBF;5;20250122;195000;100.25;100.25;100.18;100.18;116
USDRUBF;5;20250122;195500;100.18;100.35;100.18;100.27;268
USDRUBF;5;20250122;200000;100.27;100.28;100.21;100.21;126
USDRUBF;5;20250122;200500;100.2;100.26;100.18;100.22;143
USDRUBF;5;20250122;201000;100.22;100.25;100.21;100.24;57
USDRUBF;5;20250122;201500;100.21;100.4;100.21;100.4;577
USDRUBF;5;20250122;202000;100.39;100.42;100.38;100.39;157
USDRUBF;5;20250122;202500;100.39;100.55;100.28;100.55;1273
USDRUBF;5;20250122;203000;100.55;100.56;100.38;100.42;2268
USDRUBF;5;20250122;203500;100.42;100.48;100.36;100.48;228
USDRUBF;5;20250122;204000;100.44;100.52;100.38;100.4;587
USDRUBF;5;20250122;204500;100.42;100.48;100.41;100.43;94
USDRUBF;5;20250122;205000;100.43;100.5;100.37;100.46;434
USDRUBF;5;20250122;205500;100.46;100.49;100.43;100.43;47
USDRUBF;5;20250122;210000;100.45;100.47;100.41;100.41;118
USDRUBF;5;20250122;210500;100.42;100.47;100.41;100.47;31
USDRUBF;5;20250122;211000;100.47;100.55;100.46;100.52;133
USDRUBF;5;20250122;211500;100.55;100.73;100.55;100.67;795
USDRUBF;5;20250122;212000;100.64;100.67;100.6;100.64;177
USDRUBF;5;20250122;212500;100.63;100.64;100.59;100.62;99
USDRUBF;5;20250122;213000;100.61;100.64;100.58;100.58;151
USDRUBF;5;20250122;213500;100.59;100.66;100.59;100.66;341
USDRUBF;5;20250122;214000;100.66;100.74;100.66;100.72;150
USDRUBF;5;20250122;214500;100.74;100.8;100.74;100.8;177
USDRUBF;5;20250122;215000;100.81;100.81;100.75;100.76;306
USDRUBF;5;20250122;215500;100.76;100.77;100.71;100.76;232
USDRUBF;5;20250122;220000;100.74;100.75;100.73;100.74;72
USDRUBF;5;20250122;220500;100.75;100.76;100.71;100.71;126
USDRUBF;5;20250122;221000;100.71;100.74;100.65;100.65;126
USDRUBF;5;20250122;221500;100.64;100.7;100.64;100.64;60
USDRUBF;5;20250122;222000;100.65;100.67;100.64;100.64;27
USDRUBF;5;20250122;222500;100.63;100.66;100.61;100.62;107
USDRUBF;5;20250122;223000;100.62;100.62;100.51;100.52;222
USDRUBF;5;20250122;223500;100.51;100.53;100.5;100.53;58
USDRUBF;5;20250122;224000;100.5;100.52;100.46;100.49;177
USDRUBF;5;20250122;224500;100.48;100.52;100.47;100.52;49
USDRUBF;5;20250122;225000;100.52;100.53;100.52;100.53;661
USDRUBF;5;20250122;225500;100.53;100.63;100.52;100.63;375
USDRUBF;5;20250122;230000;100.62;100.62;100.59;100.61;54
USDRUBF;5;20250122;230500;100.6;100.6;100.58;100.58;16
USDRUBF;5;20250122;231000;100.59;100.59;100.56;100.58;13
USDRUBF;5;20250122;231500;100.56;100.56;100.55;100.56;13
USDRUBF;5;20250122;232000;100.56;100.56;100.56;100.56;13
USDRUBF;5;20250122;232500;100.56;100.65;100.56;100.65;201
USDRUBF;5;20250122;233000;100.62;100.64;100.59;100.64;22
USDRUBF;5;20250122;233500;100.64;100.66;100.61;100.64;23
USDRUBF;5;20250122;234000;100.64;100.66;100.63;100.65;36
USDRUBF;5;20250122;234500;100.68;100.69;100.61;100.65;76
USDRUBF;5;20250123;100000;100.59;100.87;100.55;100.68;1192
USDRUBF;5;20250123;100500;100.68;100.68;100.48;100.57;383
USDRUBF;5;20250123;101000;100.56;100.75;100.56;100.75;332
USDRUBF;5;20250123;101500;100.77;100.84;100.66;100.69;640
USDRUBF;5;20250123;102000;100.68;100.74;100.65;100.71;189
USDRUBF;5;20250123;102500;100.7;100.83;100.7;100.81;507
USDRUBF;5;20250123;103000;100.82;100.95;100.82;100.88;1144
USDRUBF;5;20250123;103500;100.88;101.02;100.86;100.99;1453
USDRUBF;5;20250123;104000;100.99;101.03;100.92;100.93;1300
USDRUBF;5;20250123;104500;100.93;101.07;100.92;101.05;1058
USDRUBF;5;20250123;105000;101.04;101.16;101.03;101.08;1492
USDRUBF;5;20250123;105500;101.07;101.09;101.01;101.04;618
USDRUBF;5;20250123;110000;101.07;101.15;101.06;101.06;1229
USDRUBF;5;20250123;110500;101.07;101.12;101.06;101.06;464
USDRUBF;5;20250123;111000;101.06;101.08;101.06;101.07;56
USDRUBF;5;20250123;111500;101.08;101.09;101.06;101.07;222
USDRUBF;5;20250123;112000;101.06;101.08;100.96;101.07;1006
USDRUBF;5;20250123;112500;101.07;101.07;101.01;101.05;515
USDRUBF;5;20250123;113000;101.02;101.05;101.01;101.02;640
USDRUBF;5;20250123;113500;101.02;101.08;101.02;101.08;530
USDRUBF;5;20250123;114000;101.08;101.14;101.08;101.12;408
USDRUBF;5;20250123;114500;101.12;101.15;101.06;101.1;368
USDRUBF;5;20250123;115000;101.1;101.13;101.08;101.11;211
USDRUBF;5;20250123;115500;101.1;101.2;101.03;101.03;1277
USDRUBF;5;20250123;120000;101.06;101.08;101.01;101.07;222
USDRUBF;5;20250123;120500;101.08;101.08;101.06;101.07;203
USDRUBF;5;20250123;121000;101.07;101.07;101.04;101.07;77
USDRUBF;5;20250123;121500;101.08;101.13;101.06;101.08;796
USDRUBF;5;20250123;122000;101.08;101.09;101.06;101.08;413
USDRUBF;5;20250123;122500;101.08;101.13;101.06;101.12;577
USDRUBF;5;20250123;123000;101.11;101.11;101.07;101.11;256
USDRUBF;5;20250123;123500;101.09;101.11;101.07;101.09;84
USDRUBF;5;20250123;124000;101.1;101.12;101.06;101.08;570
USDRUBF;5;20250123;124500;101.08;101.09;101.03;101.04;381
USDRUBF;5;20250123;125000;101.04;101.06;100.99;101.01;376
USDRUBF;5;20250123;125500;101.01;101.06;101.01;101.02;225
USDRUBF;5;20250123;130000;101.03;101.05;101;101;187
USDRUBF;5;20250123;130500;101.03;101.08;101.03;101.03;446
USDRUBF;5;20250123;131000;101.06;101.06;100.96;100.99;241
USDRUBF;5;20250123;131500;100.98;100.98;100.91;100.91;193
USDRUBF;5;20250123;132000;100.91;101.02;100.9;100.99;362
USDRUBF;5;20250123;132500;100.99;101.01;100.98;100.99;117
USDRUBF;5;20250123;133000;101.01;101.02;100.99;100.99;146
USDRUBF;5;20250123;133500;101;101.11;101;101.08;2800
USDRUBF;5;20250123;134000;101.08;101.13;101.08;101.1;291
USDRUBF;5;20250123;134500;101.09;101.15;101.09;101.15;793
USDRUBF;5;20250123;135000;101.14;101.14;101.1;101.1;147
USDRUBF;5;20250123;135500;101.11;101.11;101.09;101.11;205
USDRUBF;5;20250123;140500;101.1;101.13;101.09;101.1;547
USDRUBF;5;20250123;141000;101.11;101.12;101.1;101.1;136
USDRUBF;5;20250123;141500;101.1;101.12;101.08;101.09;2562
USDRUBF;5;20250123;142000;101.09;101.09;100.97;101;1392
USDRUBF;5;20250123;142500;101;101.02;100.77;100.83;851
USDRUBF;5;20250123;143000;100.83;100.88;100.74;100.85;2677
USDRUBF;5;20250123;143500;100.85;100.89;100.83;100.86;120
USDRUBF;5;20250123;144000;100.83;100.87;100.82;100.86;123
USDRUBF;5;20250123;144500;100.85;100.91;100.84;100.86;181
USDRUBF;5;20250123;145000;100.89;100.9;100.82;100.82;313
USDRUBF;5;20250123;145500;100.82;100.82;100.69;100.77;1112
USDRUBF;5;20250123;150000;100.76;100.78;100.63;100.65;955
USDRUBF;5;20250123;150500;100.65;100.69;100.64;100.66;127
USDRUBF;5;20250123;151000;100.66;100.83;100.66;100.77;1268
USDRUBF;5;20250123;151500;100.78;100.82;100.77;100.82;48
USDRUBF;5;20250123;152000;100.82;100.89;100.82;100.83;229
USDRUBF;5;20250123;152500;100.84;100.89;100.81;100.86;329
USDRUBF;5;20250123;153000;100.88;100.9;100.84;100.9;480
USDRUBF;5;20250123;153500;100.9;100.96;100.9;100.94;248
USDRUBF;5;20250123;154000;100.96;100.96;100.9;100.92;682
USDRUBF;5;20250123;154500;100.92;100.96;100.92;100.96;259
USDRUBF;5;20250123;155000;100.96;100.96;100.92;100.92;69
USDRUBF;5;20250123;155500;100.92;100.95;100.91;100.93;122
USDRUBF;5;20250123;160000;100.93;100.98;100.91;100.92;1259
USDRUBF;5;20250123;160500;100.92;100.95;100.89;100.92;171
USDRUBF;5;20250123;161000;100.92;100.98;100.92;100.97;52
USDRUBF;5;20250123;161500;100.96;101.05;100.95;101.05;201
USDRUBF;5;20250123;162000;101.02;101.07;101.02;101.06;204
USDRUBF;5;20250123;162500;101.06;101.06;101.01;101.01;251
USDRUBF;5;20250123;163000;101.03;101.06;101;101.01;390
USDRUBF;5;20250123;163500;101.01;101.02;100.92;100.92;401
USDRUBF;5;20250123;164000;100.91;100.92;100.88;100.89;62
USDRUBF;5;20250123;164500;100.89;100.94;100.88;100.93;118
USDRUBF;5;20250123;165000;100.91;100.99;100.9;100.99;46
USDRUBF;5;20250123;165500;101;101;100.96;100.98;76
USDRUBF;5;20250123;170000;100.97;100.98;100.93;100.95;125
USDRUBF;5;20250123;170500;100.96;100.97;100.9;100.97;168
USDRUBF;5;20250123;171000;100.97;100.97;100.95;100.95;82
USDRUBF;5;20250123;171500;100.95;100.98;100.95;100.96;1075
USDRUBF;5;20250123;172000;100.96;100.97;100.87;100.89;1264
USDRUBF;5;20250123;172500;100.9;100.97;100.89;100.94;217
USDRUBF;5;20250123;173000;100.95;100.96;100.87;100.89;182
USDRUBF;5;20250123;173500;100.88;100.94;100.86;100.89;298
USDRUBF;5;20250123;174000;100.88;100.89;100.86;100.87;93
USDRUBF;5;20250123;174500;100.86;100.89;100.83;100.83;526
USDRUBF;5;20250123;175000;100.85;100.9;100.81;100.81;744
USDRUBF;5;20250123;175500;100.81;100.85;100.79;100.79;182
USDRUBF;5;20250123;180000;100.8;100.83;100.78;100.8;238
USDRUBF;5;20250123;180500;100.8;100.85;100.77;100.79;198
USDRUBF;5;20250123;181000;100.78;100.81;100.68;100.68;527
USDRUBF;5;20250123;181500;100.7;100.74;100.66;100.68;243
USDRUBF;5;20250123;182000;100.7;100.81;100.7;100.75;283
USDRUBF;5;20250123;182500;100.74;100.91;100.74;100.82;330
USDRUBF;5;20250123;183000;100.83;100.86;100.78;100.84;348
USDRUBF;5;20250123;183500;100.84;100.87;100.81;100.87;98
USDRUBF;5;20250123;184000;100.84;100.85;100.82;100.82;45
USDRUBF;5;20250123;184500;100.85;100.85;100.81;100.83;273
USDRUBF;5;20250123;190500;100.92;101.07;100.92;101.02;472
USDRUBF;5;20250123;191000;101.01;101.19;100.98;101.03;1157
USDRUBF;5;20250123;191500;101.03;101.07;101.03;101.07;84
USDRUBF;5;20250123;192000;101.03;101.07;101.01;101.07;105
USDRUBF;5;20250123;192500;101.07;101.21;101.07;101.2;343
USDRUBF;5;20250123;193000;101.18;101.4;101.18;101.4;781
USDRUBF;5;20250123;193500;101.4;101.44;101.24;101.26;481
USDRUBF;5;20250123;194000;101.27;101.34;101.24;101.28;299
USDRUBF;5;20250123;194500;101.3;101.3;101.2;101.24;181
USDRUBF;5;20250123;195000;101.22;101.33;101.2;101.32;181
USDRUBF;5;20250123;195500;101.32;101.34;101.28;101.29;221
USDRUBF;5;20250123;200000;101.31;101.33;101.29;101.29;120
USDRUBF;5;20250123;200500;101.3;101.33;101.24;101.26;198
USDRUBF;5;20250123;201000;101.24;101.31;101.21;101.31;144
USDRUBF;5;20250123;201500;101.28;101.28;101.23;101.28;61
USDRUBF;5;20250123;202000;101.29;101.29;101.22;101.26;88
USDRUBF;5;20250123;202500;101.26;101.26;101.24;101.24;36
USDRUBF;5;20250123;203000;101.26;101.28;101.22;101.25;101
USDRUBF;5;20250123;203500;101.26;101.26;101.22;101.22;103
USDRUBF;5;20250123;204000;101.23;101.25;101.21;101.23;13
USDRUBF;5;20250123;204500;101.21;101.23;101.2;101.22;123
USDRUBF;5;20250123;205000;101.22;101.23;101.22;101.22;9
USDRUBF;5;20250123;205500;101.23;101.24;101.23;101.23;13
USDRUBF;5;20250123;210000;101.25;101.28;101.25;101.28;50
USDRUBF;5;20250123;210500;101.28;101.31;101.28;101.31;77
USDRUBF;5;20250123;211000;101.31;101.31;101.24;101.27;52
USDRUBF;5;20250123;211500;101.27;101.27;101.27;101.27;1
USDRUBF;5;20250123;212000;101.27;101.3;101.25;101.3;74
USDRUBF;5;20250123;212500;101.31;101.35;101.28;101.28;56
USDRUBF;5;20250123;213000;101.3;101.3;101.26;101.27;32
USDRUBF;5;20250123;213500;101.27;101.29;101.27;101.27;9
USDRUBF;5;20250123;214000;101.28;101.28;101.27;101.27;24
USDRUBF;5;20250123;214500;101.27;101.29;101.27;101.29;6
USDRUBF;5;20250123;215000;101.29;101.35;101.26;101.34;119
USDRUBF;5;20250123;215500;101.33;101.33;101.31;101.32;26
USDRUBF;5;20250123;220000;101.32;101.34;101.3;101.32;223
USDRUBF;5;20250123;220500;101.32;101.39;101.32;101.39;732
USDRUBF;5;20250123;221000;101.36;101.39;101.34;101.35;163
USDRUBF;5;20250123;221500;101.35;101.35;101.34;101.35;72
USDRUBF;5;20250123;222000;101.35;101.35;101.32;101.33;301
USDRUBF;5;20250123;222500;101.33;101.33;101.29;101.33;98
USDRUBF;5;20250123;223000;101.33;101.33;101.31;101.32;47
USDRUBF;5;20250123;223500;101.32;101.33;101.32;101.32;37
USDRUBF;5;20250123;224000;101.31;101.33;101.31;101.32;63
USDRUBF;5;20250123;224500;101.32;101.33;101.31;101.33;152
USDRUBF;5;20250123;225000;101.32;101.33;101.3;101.32;26
USDRUBF;5;20250123;225500;101.32;101.32;101.3;101.3;16
USDRUBF;5;20250123;230000;101.31;101.32;101.3;101.31;35
USDRUBF;5;20250123;230500;101.31;101.33;101.31;101.33;133
USDRUBF;5;20250123;231000;101.32;101.32;101.31;101.31;59
USDRUBF;5;20250123;231500;101.32;101.34;101.32;101.33;106
USDRUBF;5;20250123;232000;101.33;101.34;101.33;101.34;212
USDRUBF;5;20250123;232500;101.34;101.43;101.34;101.36;324
USDRUBF;5;20250123;233000;101.36;101.4;101.36;101.37;92
USDRUBF;5;20250123;233500;101.37;101.39;101.36;101.36;257
USDRUBF;5;20250123;234000;101.35;101.35;101.25;101.28;700
USDRUBF;5;20250123;234500;101.3;101.32;101.21;101.22;155
USDRUBF;5;20250124;100000;101.12;101.13;100.91;101;808
USDRUBF;5;20250124;100500;100.98;101.2;100.98;101.15;824
USDRUBF;5;20250124;101000;101.15;101.22;101.12;101.12;381
USDRUBF;5;20250124;101500;101.12;101.16;101;101.1;1497
USDRUBF;5;20250124;102000;101.1;101.1;100.94;101.01;1469
USDRUBF;5;20250124;102500;100.98;101.07;100.98;101.03;394
USDRUBF;5;20250124;103000;101.02;101.02;100.71;100.8;2107
USDRUBF;5;20250124;103500;100.8;100.86;100.76;100.82;324
USDRUBF;5;20250124;104000;100.81;100.84;100.75;100.81;777
USDRUBF;5;20250124;104500;100.82;100.88;100.78;100.86;1208
USDRUBF;5;20250124;105000;100.86;100.88;100.83;100.83;880
USDRUBF;5;20250124;105500;100.83;100.84;100.79;100.79;2058
USDRUBF;5;20250124;110000;100.8;100.81;100.5;100.51;1370
USDRUBF;5;20250124;110500;100.52;100.6;100.41;100.59;908
USDRUBF;5;20250124;111000;100.6;100.6;100.5;100.57;227
USDRUBF;5;20250124;111500;100.56;100.58;100.42;100.53;456
USDRUBF;5;20250124;112000;100.52;100.52;100.35;100.35;787
USDRUBF;5;20250124;112500;100.35;100.42;100.28;100.37;830
USDRUBF;5;20250124;113000;100.36;100.4;100.29;100.3;1082
USDRUBF;5;20250124;113500;100.31;100.43;100.23;100.39;3606
USDRUBF;5;20250124;114000;100.4;100.52;100.4;100.42;663
USDRUBF;5;20250124;114500;100.4;100.47;100.25;100.25;705
USDRUBF;5;20250124;115000;100.26;100.33;100.25;100.25;321
USDRUBF;5;20250124;115500;100.26;100.32;100.24;100.31;362
USDRUBF;5;20250124;120000;100.29;100.35;100.27;100.35;290
USDRUBF;5;20250124;120500;100.36;100.39;100.29;100.32;1247
USDRUBF;5;20250124;121000;100.33;100.36;100.29;100.3;295
USDRUBF;5;20250124;121500;100.3;100.3;100.14;100.23;892
USDRUBF;5;20250124;122000;100.2;100.2;100.02;100.05;1605
USDRUBF;5;20250124;122500;100.05;100.09;100.02;100.04;479
USDRUBF;5;20250124;123000;100.07;100.07;99.97;100;842
USDRUBF;5;20250124;123500;100;100;99.9;99.99;981
USDRUBF;5;20250124;124000;100;100.11;99.97;100.09;459
USDRUBF;5;20250124;124500;100.07;100.14;100.01;100.13;213
USDRUBF;5;20250124;125000;100.12;100.12;99.93;99.94;414
USDRUBF;5;20250124;125500;99.94;100.06;99.87;99.96;1301
USDRUBF;5;20250124;130000;99.94;99.97;99.75;99.9;792
USDRUBF;5;20250124;130500;99.9;99.96;99.86;99.89;780
USDRUBF;5;20250124;131000;99.89;99.9;99.88;99.9;723
USDRUBF;5;20250124;131500;99.89;100.04;99.88;99.99;3364
USDRUBF;5;20250124;132000;99.98;100.08;99.97;99.99;775
USDRUBF;5;20250124;132500;99.98;100.01;99.97;99.97;183
USDRUBF;5;20250124;133000;99.97;99.98;99.86;99.92;817
USDRUBF;5;20250124;133500;99.92;99.98;99.91;99.97;430
USDRUBF;5;20250124;134000;99.97;100.06;99.96;100.04;1188
USDRUBF;5;20250124;134500;100.03;100.03;99.94;99.97;336
USDRUBF;5;20250124;135000;99.98;100.21;99.98;100.19;678
USDRUBF;5;20250124;135500;100.16;100.23;100.12;100.23;918
USDRUBF;5;20250124;140500;100.22;100.3;100.22;100.29;1137
USDRUBF;5;20250124;141000;100.28;100.38;100.27;100.31;524
USDRUBF;5;20250124;141500;100.31;100.32;100.27;100.31;224
USDRUBF;5;20250124;142000;100.3;100.3;100.22;100.24;532
USDRUBF;5;20250124;142500;100.23;100.34;100.23;100.33;203
USDRUBF;5;20250124;143000;100.35;100.39;100.34;100.37;399
USDRUBF;5;20250124;143500;100.38;100.43;100.33;100.38;344
USDRUBF;5;20250124;144000;100.39;100.41;100.35;100.37;203
USDRUBF;5;20250124;144500;100.38;100.39;100.32;100.35;192
USDRUBF;5;20250124;145000;100.35;100.37;100.3;100.31;346
USDRUBF;5;20250124;145500;100.31;100.34;100.31;100.31;69
USDRUBF;5;20250124;150000;100.32;100.38;100.31;100.37;731
USDRUBF;5;20250124;150500;100.37;100.39;100.34;100.38;66
USDRUBF;5;20250124;151000;100.39;100.4;100.32;100.34;86
USDRUBF;5;20250124;151500;100.32;100.36;100.29;100.36;90
USDRUBF;5;20250124;152000;100.34;100.34;100.19;100.19;314
USDRUBF;5;20250124;152500;100.18;100.21;100.12;100.17;260
USDRUBF;5;20250124;153000;100.15;100.23;100.08;100.13;233
USDRUBF;5;20250124;153500;100.15;100.2;100.11;100.13;130
USDRUBF;5;20250124;154000;100.1;100.13;100.08;100.12;90
USDRUBF;5;20250124;154500;100.15;100.16;100.12;100.13;164
USDRUBF;5;20250124;155000;100.17;100.17;100.06;100.13;472
USDRUBF;5;20250124;155500;100.13;100.15;100.08;100.11;197
USDRUBF;5;20250124;160000;100.12;100.15;100.03;100.08;150
USDRUBF;5;20250124;160500;100.07;100.17;100.04;100.15;502
USDRUBF;5;20250124;161000;100.15;100.22;100.1;100.21;551
USDRUBF;5;20250124;161500;100.24;100.35;100.24;100.34;1111
USDRUBF;5;20250124;162000;100.34;100.35;100.26;100.3;3232
USDRUBF;5;20250124;162500;100.3;100.39;100.27;100.37;599
USDRUBF;5;20250124;163000;100.36;100.47;100.33;100.39;1029
USDRUBF;5;20250124;163500;100.39;100.54;100.34;100.53;884
USDRUBF;5;20250124;164000;100.53;100.56;100.43;100.44;1278
USDRUBF;5;20250124;164500;100.45;100.47;100.38;100.47;718
USDRUBF;5;20250124;165000;100.45;100.47;100.4;100.43;349
USDRUBF;5;20250124;165500;100.42;100.42;100.33;100.34;506
USDRUBF;5;20250124;170000;100.34;100.4;100.32;100.38;674
USDRUBF;5;20250124;170500;100.39;100.43;100.33;100.43;484
USDRUBF;5;20250124;171000;100.43;100.64;100.43;100.61;603
USDRUBF;5;20250124;171500;100.62;100.69;100.53;100.54;922
USDRUBF;5;20250124;172000;100.56;100.61;100.47;100.59;890
USDRUBF;5;20250124;172500;100.57;100.69;100.56;100.69;465
USDRUBF;5;20250124;173000;100.69;100.7;100.62;100.68;408
USDRUBF;5;20250124;173500;100.68;100.69;100.62;100.65;235
USDRUBF;5;20250124;174000;100.63;100.63;100.5;100.55;366
USDRUBF;5;20250124;174500;100.53;100.62;100.52;100.61;169
USDRUBF;5;20250124;175000;100.6;100.61;100.55;100.59;150
USDRUBF;5;20250124;175500;100.59;100.6;100.55;100.57;100
USDRUBF;5;20250124;180000;100.58;100.59;100.55;100.56;95
USDRUBF;5;20250124;180500;100.55;100.56;100.44;100.48;292
USDRUBF;5;20250124;181000;100.48;100.5;100.45;100.45;99
USDRUBF;5;20250124;181500;100.47;100.49;100.47;100.48;14
USDRUBF;5;20250124;182000;100.49;100.51;100.38;100.38;144
USDRUBF;5;20250124;182500;100.38;100.4;100.29;100.29;523
USDRUBF;5;20250124;183000;100.29;100.32;100.22;100.28;389
USDRUBF;5;20250124;183500;100.28;100.3;100.25;100.27;102
USDRUBF;5;20250124;184000;100.27;100.28;100.22;100.26;114
USDRUBF;5;20250124;184500;100.28;100.31;100.26;100.31;203
USDRUBF;5;20250124;190500;100.28;100.49;100.28;100.49;427
USDRUBF;5;20250124;191000;100.46;100.46;100.37;100.44;100
USDRUBF;5;20250124;191500;100.44;100.47;100.41;100.45;128
USDRUBF;5;20250124;192000;100.45;100.53;100.45;100.51;245
USDRUBF;5;20250124;192500;100.48;100.48;100.43;100.43;54
USDRUBF;5;20250124;193000;100.45;100.46;100.43;100.43;72
USDRUBF;5;20250124;193500;100.44;100.49;100.44;100.46;23
USDRUBF;5;20250124;194000;100.46;100.48;100.45;100.48;19
USDRUBF;5;20250124;194500;100.48;100.48;100.45;100.48;13
USDRUBF;5;20250124;195000;100.45;100.46;100.42;100.42;46
USDRUBF;5;20250124;195500;100.47;100.47;100.42;100.44;8
USDRUBF;5;20250124;200000;100.43;100.44;100.42;100.42;10
USDRUBF;5;20250124;200500;100.42;100.44;100.42;100.42;9
USDRUBF;5;20250124;201000;100.42;100.42;100.4;100.4;36
USDRUBF;5;20250124;201500;100.41;100.41;100.4;100.4;13
USDRUBF;5;20250124;202000;100.4;100.41;100.4;100.41;8
USDRUBF;5;20250124;202500;100.42;100.42;100.4;100.41;27
USDRUBF;5;20250124;203000;100.41;100.41;100.4;100.4;82
USDRUBF;5;20250124;203500;100.4;100.43;100.4;100.43;12
USDRUBF;5;20250124;204000;100.41;100.42;100.4;100.42;13
USDRUBF;5;20250124;204500;100.43;100.43;100.41;100.43;4
USDRUBF;5;20250124;205000;100.43;100.44;100.43;100.44;32
USDRUBF;5;20250124;205500;100.45;100.45;100.4;100.4;122
USDRUBF;5;20250124;210000;100.42;100.42;100.4;100.42;4
USDRUBF;5;20250124;210500;100.42;100.45;100.4;100.45;89
USDRUBF;5;20250124;211000;100.41;100.44;100.41;100.41;22
USDRUBF;5;20250124;211500;100.41;100.42;100.4;100.4;31
USDRUBF;5;20250124;212000;100.42;100.45;100.42;100.45;17
USDRUBF;5;20250124;212500;100.44;100.47;100.44;100.47;60
USDRUBF;5;20250124;213000;100.45;100.47;100.44;100.46;42
USDRUBF;5;20250124;213500;100.46;100.48;100.46;100.47;34
USDRUBF;5;20250124;214000;100.48;100.48;100.46;100.48;42
USDRUBF;5;20250124;214500;100.46;100.49;100.38;100.38;400
USDRUBF;5;20250124;215000;100.38;100.42;100.38;100.42;27
USDRUBF;5;20250124;215500;100.44;100.45;100.42;100.43;26
USDRUBF;5;20250124;220000;100.42;100.43;100.41;100.43;73
USDRUBF;5;20250124;220500;100.43;100.44;100.42;100.42;13
USDRUBF;5;20250124;221000;100.43;100.44;100.4;100.44;82
USDRUBF;5;20250124;221500;100.41;100.43;100.41;100.41;30
USDRUBF;5;20250124;222000;100.41;100.42;100.41;100.42;12
USDRUBF;5;20250124;222500;100.41;100.43;100.36;100.36;583
USDRUBF;5;20250124;223000;100.35;100.35;100.33;100.35;8
USDRUBF;5;20250124;223500;100.38;100.38;100.35;100.35;6
USDRUBF;5;20250124;224000;100.34;100.4;100.34;100.39;44
USDRUBF;5;20250124;224500;100.4;100.43;100.39;100.4;74
USDRUBF;5;20250124;225000;100.42;100.42;100.37;100.37;47
USDRUBF;5;20250124;225500;100.34;100.34;100.33;100.33;25
USDRUBF;5;20250124;230000;100.36;100.39;100.33;100.33;58
USDRUBF;5;20250124;230500;100.33;100.34;100.32;100.33;13
USDRUBF;5;20250124;231000;100.32;100.35;100.31;100.34;75
USDRUBF;5;20250124;231500;100.35;100.35;100.32;100.32;56
USDRUBF;5;20250124;232000;100.32;100.32;100.26;100.29;104
USDRUBF;5;20250124;232500;100.26;100.29;100.26;100.28;15
USDRUBF;5;20250124;233000;100.3;100.33;100.3;100.33;10
USDRUBF;5;20250124;233500;100.33;100.34;100.32;100.32;40
USDRUBF;5;20250124;234000;100.33;100.35;100.25;100.35;540
USDRUBF;5;20250124;234500;100.3;100.35;100.25;100.26;375
USDRUBF;5;20250127;090000;100.42;100.44;100.36;100.39;136
USDRUBF;5;20250127;090500;100.4;100.44;100.35;100.43;485
USDRUBF;5;20250127;091000;100.43;100.5;100.42;100.47;249
USDRUBF;5;20250127;091500;100.47;100.48;100.45;100.48;79
USDRUBF;5;20250127;092000;100.49;100.53;100.45;100.53;120
USDRUBF;5;20250127;092500;100.52;100.53;100.49;100.53;78
USDRUBF;5;20250127;093000;100.51;100.6;100.51;100.6;79
USDRUBF;5;20250127;093500;100.58;100.61;100.58;100.58;53
USDRUBF;5;20250127;094000;100.59;100.6;100.57;100.6;59
USDRUBF;5;20250127;094500;100.59;100.65;100.59;100.65;95
USDRUBF;5;20250127;095000;100.65;100.73;100.63;100.66;291
USDRUBF;5;20250127;095500;100.65;100.68;100.57;100.57;172
USDRUBF;5;20250127;100000;100.6;100.6;100.38;100.42;347
USDRUBF;5;20250127;100500;100.43;100.43;100.22;100.23;684
USDRUBF;5;20250127;101000;100.25;100.25;100.11;100.15;299
USDRUBF;5;20250127;101500;100.17;100.23;100.1;100.22;298
USDRUBF;5;20250127;102000;100.22;100.29;100.17;100.22;623
USDRUBF;5;20250127;102500;100.21;100.23;100.12;100.12;226
USDRUBF;5;20250127;103000;100.13;100.17;100.11;100.15;258
USDRUBF;5;20250127;103500;100.12;100.13;100.05;100.08;401
USDRUBF;5;20250127;104000;100.08;100.11;100.03;100.04;300
USDRUBF;5;20250127;104500;100.04;100.04;99.83;99.86;893
USDRUBF;5;20250127;105000;99.84;99.85;99.72;99.83;794
USDRUBF;5;20250127;105500;99.85;99.85;99.68;99.71;1050
USDRUBF;5;20250127;110000;99.69;99.71;99.61;99.61;559
USDRUBF;5;20250127;110500;99.62;99.65;99.54;99.62;1210
USDRUBF;5;20250127;111000;99.62;99.73;99.59;99.68;848
USDRUBF;5;20250127;111500;99.65;99.66;99.51;99.57;1571
USDRUBF;5;20250127;112000;99.55;99.7;99.48;99.64;1538
USDRUBF;5;20250127;112500;99.64;99.72;99.6;99.71;741
USDRUBF;5;20250127;113000;99.7;99.71;99.58;99.6;2076
USDRUBF;5;20250127;113500;99.61;99.69;99.46;99.5;1021
USDRUBF;5;20250127;114000;99.5;99.65;99.49;99.56;1025
USDRUBF;5;20250127;114500;99.56;99.57;99.37;99.37;836
USDRUBF;5;20250127;115000;99.37;99.42;99.32;99.34;592
USDRUBF;5;20250127;115500;99.33;99.45;99.31;99.33;558
USDRUBF;5;20250127;120000;99.33;99.34;99.28;99.29;638
USDRUBF;5;20250127;120500;99.28;99.36;99.28;99.35;637
USDRUBF;5;20250127;121000;99.35;99.36;99.31;99.33;237
USDRUBF;5;20250127;121500;99.31;99.39;99.27;99.32;883
USDRUBF;5;20250127;122000;99.33;99.42;99.3;99.37;991
USDRUBF;5;20250127;122500;99.37;99.38;99.3;99.3;1218
USDRUBF;5;20250127;123000;99.32;99.34;99.29;99.31;485
USDRUBF;5;20250127;123500;99.31;99.32;99.23;99.27;359
USDRUBF;5;20250127;124000;99.25;99.27;99.18;99.2;687
USDRUBF;5;20250127;124500;99.2;99.24;99.2;99.22;308
USDRUBF;5;20250127;125000;99.22;99.36;99.21;99.27;1022
USDRUBF;5;20250127;125500;99.27;99.35;99.25;99.34;241
USDRUBF;5;20250127;130000;99.34;99.39;99.31;99.37;367
USDRUBF;5;20250127;130500;99.36;99.42;99.33;99.41;338
USDRUBF;5;20250127;131000;99.41;99.46;99.39;99.41;341
USDRUBF;5;20250127;131500;99.41;99.41;99.31;99.38;428
USDRUBF;5;20250127;132000;99.38;99.39;99.24;99.33;768
USDRUBF;5;20250127;132500;99.31;99.35;99.25;99.31;877
USDRUBF;5;20250127;133000;99.28;99.44;99.28;99.42;726
USDRUBF;5;20250127;133500;99.43;99.43;99.39;99.41;328
USDRUBF;5;20250127;134000;99.4;99.53;99.35;99.36;988
USDRUBF;5;20250127;134500;99.36;99.36;99.23;99.26;890
USDRUBF;5;20250127;135000;99.26;99.28;99.16;99.2;1216
USDRUBF;5;20250127;135500;99.2;99.25;99.15;99.16;472
USDRUBF;5;20250127;140500;99.16;99.26;99.11;99.23;828
USDRUBF;5;20250127;141000;99.23;99.23;99;99.09;1991
USDRUBF;5;20250127;141500;99.06;99.07;98.99;99.01;1175
USDRUBF;5;20250127;142000;99.01;99.05;98.86;98.94;1055
USDRUBF;5;20250127;142500;98.93;98.97;98.9;98.96;418
USDRUBF;5;20250127;143000;98.95;99.17;98.92;99.14;1068
USDRUBF;5;20250127;143500;99.13;99.29;99.07;99.29;301
USDRUBF;5;20250127;144000;99.26;99.43;99.24;99.4;429
USDRUBF;5;20250127;144500;99.41;99.48;99.34;99.41;700
USDRUBF;5;20250127;145000;99.41;99.51;99.41;99.47;482
USDRUBF;5;20250127;145500;99.47;99.51;99.44;99.46;148
USDRUBF;5;20250127;150000;99.47;99.49;99.28;99.3;747
USDRUBF;5;20250127;150500;99.29;99.36;99.24;99.3;323
USDRUBF;5;20250127;151000;99.29;99.34;99.12;99.15;364
USDRUBF;5;20250127;151500;99.15;99.32;99.1;99.17;468
USDRUBF;5;20250127;152000;99.18;99.2;99.17;99.2;83
USDRUBF;5;20250127;152500;99.2;99.36;99.17;99.35;484
USDRUBF;5;20250127;153000;99.37;99.45;99.32;99.41;995
USDRUBF;5;20250127;153500;99.4;99.45;99.34;99.45;268
USDRUBF;5;20250127;154000;99.43;99.54;99.4;99.5;1181
USDRUBF;5;20250127;154500;99.53;99.61;99.44;99.45;471
USDRUBF;5;20250127;155000;99.45;99.65;99.45;99.62;456
USDRUBF;5;20250127;155500;99.62;99.69;99.52;99.66;775
USDRUBF;5;20250127;160000;99.66;99.67;99.55;99.57;566
USDRUBF;5;20250127;160500;99.56;99.56;99.42;99.48;321
USDRUBF;5;20250127;161000;99.48;99.53;99.47;99.47;213
USDRUBF;5;20250127;161500;99.47;99.5;99.42;99.43;205
USDRUBF;5;20250127;162000;99.48;99.5;99.4;99.43;114
USDRUBF;5;20250127;162500;99.42;99.42;99.36;99.38;466
USDRUBF;5;20250127;163000;99.37;99.56;99.35;99.53;337
USDRUBF;5;20250127;163500;99.53;99.53;99.36;99.38;685
USDRUBF;5;20250127;164000;99.37;99.41;99.34;99.39;170
USDRUBF;5;20250127;164500;99.4;99.42;99.36;99.39;298
USDRUBF;5;20250127;165000;99.37;99.4;99.25;99.29;236
USDRUBF;5;20250127;165500;99.29;99.29;99.25;99.28;125
USDRUBF;5;20250127;170000;99.28;99.37;99.17;99.25;1331
USDRUBF;5;20250127;170500;99.24;99.36;99.24;99.33;804
USDRUBF;5;20250127;171000;99.35;99.35;99.2;99.27;364
USDRUBF;5;20250127;171500;99.27;99.37;99.25;99.35;136
USDRUBF;5;20250127;172000;99.36;99.5;99.35;99.4;389
USDRUBF;5;20250127;172500;99.42;99.5;99.36;99.44;496
USDRUBF;5;20250127;173000;99.44;99.44;99.31;99.34;740
USDRUBF;5;20250127;173500;99.34;99.36;99.29;99.33;276
USDRUBF;5;20250127;174000;99.33;99.38;99.31;99.35;234
USDRUBF;5;20250127;174500;99.35;99.36;99.18;99.19;453
USDRUBF;5;20250127;175000;99.2;99.23;99.1;99.21;516
USDRUBF;5;20250127;175500;99.21;99.37;99.2;99.35;439
USDRUBF;5;20250127;180000;99.36;99.4;99.3;99.35;622
USDRUBF;5;20250127;180500;99.34;99.4;99.31;99.33;694
USDRUBF;5;20250127;181000;99.33;99.5;99.33;99.5;921
USDRUBF;5;20250127;181500;99.49;99.57;99.46;99.52;330
USDRUBF;5;20250127;182000;99.54;99.72;99.52;99.72;1521
USDRUBF;5;20250127;182500;99.73;99.76;99.7;99.7;1108
USDRUBF;5;20250127;183000;99.71;99.72;99.7;99.72;849
USDRUBF;5;20250127;183500;99.71;99.72;99.7;99.71;471
USDRUBF;5;20250127;184000;99.72;99.73;99.7;99.7;497
USDRUBF;5;20250127;184500;99.7;99.71;99.7;99.7;400
USDRUBF;5;20250127;190500;99.72;99.89;99.67;99.67;537
USDRUBF;5;20250127;191000;99.7;99.7;99.55;99.55;413
USDRUBF;5;20250127;191500;99.58;99.59;99.52;99.55;212
USDRUBF;5;20250127;192000;99.55;99.73;99.55;99.73;440
USDRUBF;5;20250127;192500;99.74;99.75;99.6;99.62;366
USDRUBF;5;20250127;193000;99.61;99.62;99.59;99.62;47
USDRUBF;5;20250127;193500;99.64;99.73;99.64;99.7;115
USDRUBF;5;20250127;194000;99.68;99.68;99.65;99.68;17
USDRUBF;5;20250127;194500;99.67;99.73;99.64;99.7;223
USDRUBF;5;20250127;195000;99.73;99.9;99.71;99.87;266
USDRUBF;5;20250127;195500;99.87;99.9;99.74;99.74;247
USDRUBF;5;20250127;200000;99.75;99.82;99.75;99.8;51
USDRUBF;5;20250127;200500;99.8;99.81;99.72;99.74;122
USDRUBF;5;20250127;201000;99.74;99.79;99.7;99.78;132
USDRUBF;5;20250127;201500;99.75;99.77;99.74;99.77;20
USDRUBF;5;20250127;202000;99.78;99.78;99.74;99.78;27
USDRUBF;5;20250127;202500;99.78;99.81;99.78;99.81;66
USDRUBF;5;20250127;203000;99.81;99.88;99.8;99.84;110
USDRUBF;5;20250127;203500;99.85;99.86;99.83;99.85;30
USDRUBF;5;20250127;204000;99.83;99.86;99.83;99.86;23
USDRUBF;5;20250127;204500;99.85;99.86;99.78;99.78;193
USDRUBF;5;20250127;205000;99.78;99.81;99.77;99.81;13
USDRUBF;5;20250127;205500;99.8;99.8;99.75;99.8;61
USDRUBF;5;20250127;210000;99.82;99.83;99.82;99.83;8
USDRUBF;5;20250127;210500;99.79;99.79;99.75;99.76;10
USDRUBF;5;20250127;211000;99.73;99.75;99.72;99.72;36
USDRUBF;5;20250127;211500;99.72;99.83;99.72;99.82;48
USDRUBF;5;20250127;212000;99.82;99.84;99.77;99.77;38
USDRUBF;5;20250127;212500;99.76;99.79;99.76;99.79;11
USDRUBF;5;20250127;213000;99.79;99.79;99.72;99.77;96
USDRUBF;5;20250127;213500;99.78;99.79;99.75;99.78;35
USDRUBF;5;20250127;214000;99.78;99.79;99.75;99.76;59
USDRUBF;5;20250127;214500;99.76;99.76;99.76;99.76;1
USDRUBF;5;20250127;215000;99.76;99.76;99.62;99.65;537
USDRUBF;5;20250127;215500;99.65;99.69;99.65;99.65;31
USDRUBF;5;20250127;220000;99.65;99.73;99.65;99.73;53
USDRUBF;5;20250127;220500;99.72;99.74;99.72;99.74;2
USDRUBF;5;20250127;221000;99.74;99.75;99.74;99.75;17
USDRUBF;5;20250127;221500;99.74;99.76;99.74;99.74;11
USDRUBF;5;20250127;222000;99.74;99.75;99.7;99.7;120
USDRUBF;5;20250127;222500;99.7;99.73;99.7;99.73;8
USDRUBF;5;20250127;223000;99.72;99.74;99.71;99.72;25
USDRUBF;5;20250127;223500;99.73;99.81;99.73;99.74;127
USDRUBF;5;20250127;224500;99.73;99.73;99.71;99.71;9
USDRUBF;5;20250127;225000;99.7;99.71;99.69;99.71;5
USDRUBF;5;20250127;225500;99.7;99.7;99.69;99.7;14
USDRUBF;5;20250127;230000;99.7;99.81;99.69;99.75;273
USDRUBF;5;20250127;230500;99.79;99.79;99.74;99.74;13
USDRUBF;5;20250127;231000;99.75;99.75;99.74;99.74;7
USDRUBF;5;20250127;231500;99.74;99.77;99.74;99.75;3
USDRUBF;5;20250127;232000;99.74;99.75;99.7;99.74;29
USDRUBF;5;20250127;232500;99.73;99.75;99.73;99.75;9
USDRUBF;5;20250127;233000;99.75;99.75;99.75;99.75;7
USDRUBF;5;20250127;233500;99.74;99.74;99.72;99.72;28
USDRUBF;5;20250127;234000;99.72;99.72;99.67;99.67;31
USDRUBF;5;20250127;234500;99.68;99.72;99.68;99.72;27
USDRUBF;5;20250128;090000;99.73;99.96;99.73;99.92;275
USDRUBF;5;20250128;090500;99.92;99.94;99.83;99.87;115
USDRUBF;5;20250128;091000;99.89;99.89;99.88;99.88;15
USDRUBF;5;20250128;091500;99.88;99.88;99.8;99.8;65
USDRUBF;5;20250128;092000;99.82;99.85;99.81;99.81;27
USDRUBF;5;20250128;092500;99.81;99.81;99.78;99.8;20
USDRUBF;5;20250128;093000;99.8;99.84;99.78;99.84;28
USDRUBF;5;20250128;093500;99.85;99.9;99.82;99.9;34
USDRUBF;5;20250128;094000;99.88;99.9;99.85;99.89;51
USDRUBF;5;20250128;094500;99.88;99.95;99.88;99.95;185
USDRUBF;5;20250128;095000;99.94;100.03;99.94;99.95;429
USDRUBF;5;20250128;095500;99.97;99.98;99.94;99.97;128
USDRUBF;5;20250128;100000;99.97;100.22;99.96;100.17;1352
USDRUBF;5;20250128;100500;100.18;100.23;100.1;100.13;446
USDRUBF;5;20250128;101000;100.1;100.37;100.1;100.37;854
USDRUBF;5;20250128;101500;100.36;100.66;100.36;100.47;1639
USDRUBF;5;20250128;102000;100.46;100.71;100.44;100.65;2043
USDRUBF;5;20250128;102500;100.66;100.74;100.4;100.4;1857
USDRUBF;5;20250128;103000;100.43;100.66;100.43;100.64;1349
USDRUBF;5;20250128;103500;100.61;100.64;100.44;100.45;1026
USDRUBF;5;20250128;104000;100.44;100.65;100.35;100.44;1411
USDRUBF;5;20250128;104500;100.46;100.5;100.4;100.42;381
USDRUBF;5;20250128;105000;100.4;100.42;100.28;100.31;746
USDRUBF;5;20250128;105500;100.31;100.39;100.08;100.18;1220
USDRUBF;5;20250128;110000;100.18;100.23;100.05;100.08;921
USDRUBF;5;20250128;110500;100.09;100.15;100.06;100.09;554
USDRUBF;5;20250128;111000;100.07;100.1;99.99;100.02;791
USDRUBF;5;20250128;111500;100.02;100.05;99.89;99.99;754
USDRUBF;5;20250128;112000;99.99;100.16;99.96;100.11;482
USDRUBF;5;20250128;112500;100.12;100.2;100.09;100.1;493
USDRUBF;5;20250128;113000;100.12;100.16;100.07;100.14;214
USDRUBF;5;20250128;113500;100.16;100.17;100.12;100.15;192
USDRUBF;5;20250128;114000;100.12;100.28;100.05;100.16;591
USDRUBF;5;20250128;114500;100.16;100.18;99.98;100.05;453
USDRUBF;5;20250128;115000;100.01;100.05;99.98;100.05;155
USDRUBF;5;20250128;115500;100.06;100.21;100.05;100.15;494
USDRUBF;5;20250128;120000;100.17;100.2;100.09;100.11;475
USDRUBF;5;20250128;120500;100.1;100.1;100.02;100.06;251
USDRUBF;5;20250128;121000;100.04;100.1;100.03;100.06;237
USDRUBF;5;20250128;121500;100.06;100.14;100.04;100.05;333
USDRUBF;5;20250128;122000;100.05;100.05;100.02;100.05;88
USDRUBF;5;20250128;122500;100.04;100.06;100.02;100.02;85
USDRUBF;5;20250128;123000;100.01;100.03;99.81;99.84;721
USDRUBF;5;20250128;123500;99.83;99.86;99.76;99.84;526
USDRUBF;5;20250128;124000;99.84;99.84;99.77;99.79;123
USDRUBF;5;20250128;124500;99.76;99.81;99.75;99.77;257
USDRUBF;5;20250128;125000;99.79;99.79;99.72;99.72;137
USDRUBF;5;20250128;125500;99.72;99.84;99.69;99.79;223
USDRUBF;5;20250128;130000;99.75;99.77;99.56;99.62;441
USDRUBF;5;20250128;130500;99.6;99.6;99.5;99.53;1056
USDRUBF;5;20250128;131000;99.53;99.6;99.49;99.57;711
USDRUBF;5;20250128;131500;99.57;99.6;99.49;99.57;487
USDRUBF;5;20250128;132000;99.56;99.6;99.52;99.6;587
USDRUBF;5;20250128;132500;99.6;99.62;99.43;99.48;1171
USDRUBF;5;20250128;133000;99.48;99.6;99.43;99.5;1167
USDRUBF;5;20250128;133500;99.5;99.61;99.45;99.61;466
USDRUBF;5;20250128;134000;99.6;99.65;99.53;99.53;551
USDRUBF;5;20250128;134500;99.52;99.61;99.51;99.57;345
USDRUBF;5;20250128;135000;99.57;99.6;99.54;99.6;152
USDRUBF;5;20250128;135500;99.59;99.62;99.51;99.6;305
USDRUBF;5;20250128;140500;99.61;99.63;99.53;99.59;174
USDRUBF;5;20250128;141000;99.58;99.58;99.5;99.5;110
USDRUBF;5;20250128;141500;99.5;99.59;99.45;99.56;243
USDRUBF;5;20250128;142000;99.56;99.56;99.49;99.49;156
USDRUBF;5;20250128;142500;99.49;99.59;99.44;99.54;323
USDRUBF;5;20250128;143000;99.57;99.57;99.46;99.52;351
USDRUBF;5;20250128;143500;99.52;99.57;99.5;99.52;285
USDRUBF;5;20250128;144000;99.53;99.56;99.42;99.55;395
USDRUBF;5;20250128;144500;99.54;99.55;99.47;99.5;135
USDRUBF;5;20250128;145000;99.5;99.57;99.46;99.52;590
USDRUBF;5;20250128;145500;99.53;99.7;99.49;99.66;641
USDRUBF;5;20250128;150000;99.68;99.72;99.64;99.7;363
USDRUBF;5;20250128;150500;99.7;99.74;99.66;99.68;308
USDRUBF;5;20250128;151000;99.69;99.72;99.56;99.61;340
USDRUBF;5;20250128;151500;99.6;99.69;99.58;99.69;100
USDRUBF;5;20250128;152000;99.69;99.71;99.45;99.53;346
USDRUBF;5;20250128;152500;99.52;99.56;99.51;99.55;330
USDRUBF;5;20250128;153000;99.54;99.58;99.49;99.57;240
USDRUBF;5;20250128;153500;99.57;99.7;99.53;99.55;648
USDRUBF;5;20250128;154000;99.55;99.58;99.47;99.54;659
USDRUBF;5;20250128;154500;99.56;99.57;99.48;99.57;346
USDRUBF;5;20250128;155000;99.56;99.62;99.56;99.6;126
USDRUBF;5;20250128;155500;99.6;99.6;99.35;99.53;840
USDRUBF;5;20250128;160000;99.52;99.56;99.45;99.54;209
USDRUBF;5;20250128;160500;99.53;99.58;99.46;99.56;389
USDRUBF;5;20250128;161000;99.58;99.58;99.54;99.55;125
USDRUBF;5;20250128;161500;99.56;99.6;99.53;99.6;161
USDRUBF;5;20250128;162000;99.6;99.6;99.53;99.59;124
USDRUBF;5;20250128;162500;99.59;99.65;99.59;99.63;255
USDRUBF;5;20250128;163000;99.63;99.73;99.53;99.54;408
USDRUBF;5;20250128;163500;99.54;99.59;99.54;99.59;34
USDRUBF;5;20250128;164000;99.57;99.59;99.5;99.55;407
USDRUBF;5;20250128;164500;99.5;99.52;99.44;99.44;337
USDRUBF;5;20250128;165000;99.45;99.55;99.44;99.52;88
USDRUBF;5;20250128;165500;99.5;99.54;99.47;99.54;63
USDRUBF;5;20250128;170000;99.5;99.52;99.49;99.51;36
USDRUBF;5;20250128;170500;99.51;99.52;99.45;99.46;180
USDRUBF;5;20250128;171000;99.45;99.48;99.43;99.48;325
USDRUBF;5;20250128;171500;99.48;99.51;99.47;99.49;96
USDRUBF;5;20250128;172000;99.49;99.51;99.34;99.36;365
USDRUBF;5;20250128;172500;99.35;99.41;99.22;99.28;630
USDRUBF;5;20250128;173000;99.28;99.33;99.18;99.22;842
USDRUBF;5;20250128;173500;99.23;99.31;99.15;99.19;406
USDRUBF;5;20250128;174000;99.19;99.3;99.15;99.26;540
USDRUBF;5;20250128;174500;99.27;99.34;99.24;99.29;401
USDRUBF;5;20250128;175000;99.27;99.3;99.2;99.2;370
USDRUBF;5;20250128;175500;99.23;99.42;99.23;99.4;565
USDRUBF;5;20250128;180000;99.39;99.46;99.36;99.43;370
USDRUBF;5;20250128;180500;99.44;99.49;99.31;99.38;444
USDRUBF;5;20250128;181000;99.36;99.37;99.2;99.2;503
USDRUBF;5;20250128;181500;99.23;99.27;99.19;99.24;178
USDRUBF;5;20250128;182000;99.25;99.3;99.21;99.3;218
USDRUBF;5;20250128;182500;99.29;99.39;99.26;99.35;216
USDRUBF;5;20250128;183000;99.33;99.47;99.33;99.47;827
USDRUBF;5;20250128;183500;99.47;99.47;99.31;99.35;639
USDRUBF;5;20250128;184000;99.33;99.36;99.32;99.36;244
USDRUBF;5;20250128;184500;99.36;99.45;99.35;99.4;197
USDRUBF;5;20250128;190500;99.5;99.63;99.4;99.59;227
USDRUBF;5;20250128;191000;99.59;99.61;99.55;99.61;133
USDRUBF;5;20250128;191500;99.62;99.66;99.61;99.62;82
USDRUBF;5;20250128;192000;99.66;99.69;99.62;99.69;152
USDRUBF;5;20250128;192500;99.7;99.71;99.66;99.68;154
USDRUBF;5;20250128;193000;99.67;99.72;99.67;99.72;165
USDRUBF;5;20250128;193500;99.7;99.73;99.7;99.7;62
USDRUBF;5;20250128;194000;99.7;99.73;99.68;99.68;160
USDRUBF;5;20250128;194500;99.68;99.7;99.68;99.68;74
USDRUBF;5;20250128;195000;99.68;99.71;99.68;99.69;29
USDRUBF;5;20250128;195500;99.7;99.71;99.68;99.69;166
USDRUBF;5;20250128;200000;99.69;99.69;99.57;99.57;448
USDRUBF;5;20250128;200500;99.6;99.62;99.58;99.58;61
USDRUBF;5;20250128;201000;99.57;99.58;99.55;99.55;48
USDRUBF;5;20250128;201500;99.54;99.56;99.53;99.56;97
USDRUBF;5;20250128;202000;99.59;99.65;99.58;99.65;118
USDRUBF;5;20250128;202500;99.66;99.67;99.65;99.67;21
USDRUBF;5;20250128;203000;99.66;99.7;99.65;99.66;197
USDRUBF;5;20250128;203500;99.69;99.72;99.65;99.65;175
USDRUBF;5;20250128;204000;99.66;99.68;99.64;99.64;33
USDRUBF;5;20250128;204500;99.64;99.64;99.62;99.63;40
USDRUBF;5;20250128;205000;99.63;99.63;99.6;99.6;277
USDRUBF;5;20250128;205500;99.6;99.62;99.57;99.62;34
USDRUBF;5;20250128;210000;99.61;99.62;99.59;99.59;62
USDRUBF;5;20250128;210500;99.58;99.61;99.58;99.58;13
USDRUBF;5;20250128;211000;99.59;99.65;99.58;99.65;115
USDRUBF;5;20250128;211500;99.65;99.66;99.63;99.63;16
USDRUBF;5;20250128;212000;99.65;99.65;99.63;99.63;45
USDRUBF;5;20250128;212500;99.65;99.66;99.64;99.66;11
USDRUBF;5;20250128;213000;99.65;99.65;99.63;99.63;34
USDRUBF;5;20250128;213500;99.64;99.65;99.6;99.6;107
USDRUBF;5;20250128;214000;99.61;99.61;99.61;99.61;2
USDRUBF;5;20250128;214500;99.59;99.63;99.59;99.63;29
USDRUBF;5;20250128;215000;99.6;99.62;99.59;99.59;52
USDRUBF;5;20250128;215500;99.6;99.63;99.6;99.63;13
USDRUBF;5;20250128;220000;99.63;99.66;99.6;99.6;191
USDRUBF;5;20250128;220500;99.6;99.61;99.58;99.58;52
USDRUBF;5;20250128;221000;99.58;99.58;99.55;99.55;172
USDRUBF;5;20250128;221500;99.54;99.55;99.51;99.54;39
USDRUBF;5;20250128;222000;99.54;99.55;99.54;99.55;13
USDRUBF;5;20250128;222500;99.55;99.58;99.55;99.58;52
USDRUBF;5;20250128;223000;99.58;99.61;99.57;99.58;46
USDRUBF;5;20250128;223500;99.58;99.61;99.57;99.57;15
USDRUBF;5;20250128;224000;99.56;99.56;99.56;99.56;12
USDRUBF;5;20250128;224500;99.57;99.57;99.57;99.57;3
USDRUBF;5;20250128;225000;99.57;99.57;99.55;99.55;47
USDRUBF;5;20250128;225500;99.55;99.55;99.55;99.55;6
USDRUBF;5;20250128;230000;99.56;99.61;99.56;99.6;136
USDRUBF;5;20250128;230500;99.59;99.6;99.58;99.6;14
USDRUBF;5;20250128;231000;99.6;99.65;99.6;99.65;53
USDRUBF;5;20250128;231500;99.61;99.61;99.59;99.61;5
USDRUBF;5;20250128;232000;99.58;99.58;99.56;99.56;7
USDRUBF;5;20250128;232500;99.58;99.62;99.58;99.59;123
USDRUBF;5;20250128;233000;99.59;99.59;99.58;99.58;20
USDRUBF;5;20250128;233500;99.61;99.61;99.59;99.59;13
USDRUBF;5;20250128;234000;99.6;99.64;99.6;99.64;19
USDRUBF;5;20250128;234500;99.64;99.69;99.63;99.69;72
USDRUBF;5;20250129;090000;99.65;99.68;99.62;99.65;580
USDRUBF;5;20250129;090500;99.65;99.7;99.61;99.7;144
USDRUBF;5;20250129;091000;99.7;99.78;99.63;99.67;273
USDRUBF;5;20250129;091500;99.62;99.63;99.48;99.5;225
USDRUBF;5;20250129;092000;99.48;99.49;99.41;99.41;65
USDRUBF;5;20250129;092500;99.42;99.44;99.37;99.37;82
USDRUBF;5;20250129;093000;99.37;99.47;99.34;99.44;149
USDRUBF;5;20250129;093500;99.44;99.54;99.44;99.52;30
USDRUBF;5;20250129;094000;99.52;99.55;99.51;99.54;13
USDRUBF;5;20250129;094500;99.53;99.59;99.51;99.56;73
USDRUBF;5;20250129;095000;99.58;99.59;99.55;99.57;17
USDRUBF;5;20250129;095500;99.57;99.69;99.54;99.69;49
USDRUBF;5;20250129;100000;99.69;99.69;99.37;99.55;552
USDRUBF;5;20250129;100500;99.52;99.71;99.43;99.69;436
USDRUBF;5;20250129;101000;99.71;100.04;99.65;100.02;1129
USDRUBF;5;20250129;101500;100.01;100.08;99.87;99.95;779
USDRUBF;5;20250129;102000;99.93;99.97;99.78;99.85;429
USDRUBF;5;20250129;102500;99.88;99.95;99.69;99.69;531
USDRUBF;5;20250129;103000;99.68;99.71;99.46;99.47;864
USDRUBF;5;20250129;103500;99.46;99.61;99.44;99.58;679
USDRUBF;5;20250129;104000;99.59;99.6;99.4;99.49;641
USDRUBF;5;20250129;104500;99.47;99.47;99.19;99.27;1293
USDRUBF;5;20250129;105000;99.24;99.31;99.18;99.3;610
USDRUBF;5;20250129;105500;99.3;99.42;99.3;99.4;515
USDRUBF;5;20250129;110000;99.38;99.68;99.32;99.5;1023
USDRUBF;5;20250129;110500;99.52;99.55;99.4;99.44;403
USDRUBF;5;20250129;111000;99.44;99.55;99.43;99.47;394
USDRUBF;5;20250129;111500;99.46;99.48;99.36;99.42;485
USDRUBF;5;20250129;112000;99.41;99.55;99.37;99.43;386
USDRUBF;5;20250129;112500;99.44;99.47;99.37;99.37;93
USDRUBF;5;20250129;113000;99.37;99.42;99.32;99.42;190
USDRUBF;5;20250129;113500;99.43;99.47;99.36;99.38;503
USDRUBF;5;20250129;114000;99.39;99.47;99.37;99.41;233
USDRUBF;5;20250129;114500;99.41;99.47;99.32;99.36;420
USDRUBF;5;20250129;115000;99.36;99.43;99.34;99.4;208
USDRUBF;5;20250129;115500;99.42;99.56;99.34;99.48;976
USDRUBF;5;20250129;120000;99.48;99.64;99.45;99.45;1243
USDRUBF;5;20250129;120500;99.46;99.54;99.36;99.38;635
USDRUBF;5;20250129;121000;99.37;99.51;99.33;99.51;756
USDRUBF;5;20250129;121500;99.5;99.56;99.47;99.5;1449
USDRUBF;5;20250129;122000;99.5;99.56;99.5;99.55;260
USDRUBF;5;20250129;122500;99.54;99.59;99.45;99.45;1840
USDRUBF;5;20250129;123000;99.45;99.66;99.43;99.62;917
USDRUBF;5;20250129;123500;99.64;99.65;99.5;99.53;490
USDRUBF;5;20250129;124000;99.53;99.56;99.48;99.5;715
USDRUBF;5;20250129;124500;99.5;99.61;99.5;99.55;849
USDRUBF;5;20250129;125000;99.56;99.64;99.55;99.56;372
USDRUBF;5;20250129;125500;99.59;99.65;99.56;99.62;179
USDRUBF;5;20250129;130000;99.63;99.67;99.58;99.6;370
USDRUBF;5;20250129;130500;99.6;99.64;99.55;99.6;336
USDRUBF;5;20250129;131000;99.62;99.63;99.56;99.6;138
USDRUBF;5;20250129;131500;99.6;99.65;99.59;99.65;159
USDRUBF;5;20250129;132000;99.66;99.67;99.6;99.61;105
USDRUBF;5;20250129;132500;99.62;99.64;99.56;99.64;300
USDRUBF;5;20250129;133000;99.63;99.63;99.51;99.54;378
USDRUBF;5;20250129;133500;99.52;99.55;99.52;99.54;87
USDRUBF;5;20250129;134000;99.55;99.6;99.5;99.58;237
USDRUBF;5;20250129;134500;99.56;99.64;99.53;99.64;346
USDRUBF;5;20250129;135000;99.62;99.63;99.59;99.6;124
USDRUBF;5;20250129;135500;99.61;99.64;99.54;99.59;452
USDRUBF;5;20250129;140500;99.57;99.68;99.56;99.64;641
USDRUBF;5;20250129;141000;99.65;99.68;99.62;99.65;321
USDRUBF;5;20250129;141500;99.67;99.67;99.63;99.67;185
USDRUBF;5;20250129;142000;99.67;99.74;99.67;99.72;583
USDRUBF;5;20250129;142500;99.7;99.73;99.69;99.72;148
USDRUBF;5;20250129;143000;99.7;99.72;99.65;99.7;990
USDRUBF;5;20250129;143500;99.7;99.77;99.65;99.76;872
USDRUBF;5;20250129;144000;99.76;99.77;99.73;99.76;296
USDRUBF;5;20250129;144500;99.78;99.78;99.74;99.78;298
USDRUBF;5;20250129;145000;99.75;99.81;99.75;99.77;453
USDRUBF;5;20250129;145500;99.79;99.79;99.68;99.72;601
USDRUBF;5;20250129;150000;99.73;99.74;99.65;99.69;487
USDRUBF;5;20250129;150500;99.7;99.78;99.69;99.77;428
USDRUBF;5;20250129;151000;99.76;99.77;99.72;99.73;90
USDRUBF;5;20250129;151500;99.74;99.74;99.68;99.71;549
USDRUBF;5;20250129;152000;99.69;99.69;99.65;99.67;1393
USDRUBF;5;20250129;152500;99.68;99.77;99.67;99.69;995
USDRUBF;5;20250129;153000;99.7;99.71;99.65;99.69;399
USDRUBF;5;20250129;153500;99.68;99.76;99.68;99.71;1217
USDRUBF;5;20250129;154000;99.71;99.74;99.69;99.73;108
USDRUBF;5;20250129;154500;99.73;99.74;99.53;99.53;1225
USDRUBF;5;20250129;155000;99.53;99.58;99.5;99.58;1255
USDRUBF;5;20250129;155500;99.57;99.61;99.5;99.52;985
USDRUBF;5;20250129;160000;99.5;99.52;99.45;99.52;1854
USDRUBF;5;20250129;160500;99.5;99.54;99.49;99.51;287
USDRUBF;5;20250129;161000;99.51;99.54;99.51;99.53;81
USDRUBF;5;20250129;161500;99.54;99.6;99.54;99.56;879
USDRUBF;5;20250129;162000;99.59;99.6;99.55;99.56;79
USDRUBF;5;20250129;162500;99.56;99.59;99.52;99.55;821
USDRUBF;5;20250129;163000;99.55;99.56;99.55;99.56;109
USDRUBF;5;20250129;163500;99.55;99.62;99.54;99.62;329
USDRUBF;5;20250129;164000;99.63;99.63;99.58;99.58;107
USDRUBF;5;20250129;164500;99.57;99.57;99.57;99.57;11
USDRUBF;5;20250129;165000;99.56;99.59;99.54;99.54;94
USDRUBF;5;20250129;165500;99.57;99.59;99.54;99.59;45
USDRUBF;5;20250129;170000;99.59;99.59;99.52;99.53;808
USDRUBF;5;20250129;170500;99.52;99.55;99.51;99.52;338
USDRUBF;5;20250129;171000;99.51;99.55;99.49;99.52;237
USDRUBF;5;20250129;171500;99.53;99.53;99.49;99.49;135
USDRUBF;5;20250129;172000;99.49;99.62;99.47;99.55;469
USDRUBF;5;20250129;172500;99.56;99.67;99.56;99.62;398
USDRUBF;5;20250129;173000;99.62;99.63;99.55;99.59;586
USDRUBF;5;20250129;173500;99.58;99.63;99.58;99.59;100
USDRUBF;5;20250129;174000;99.59;99.61;99.54;99.58;323
USDRUBF;5;20250129;174500;99.56;99.6;99.52;99.54;83
USDRUBF;5;20250129;175000;99.53;99.58;99.49;99.51;129
USDRUBF;5;20250129;175500;99.51;99.53;99.34;99.35;799
USDRUBF;5;20250129;180000;99.34;99.48;99.31;99.46;825
USDRUBF;5;20250129;180500;99.44;99.49;99.37;99.48;404
USDRUBF;5;20250129;181000;99.5;99.5;99.42;99.48;121
USDRUBF;5;20250129;181500;99.49;99.5;99.37;99.42;215
USDRUBF;5;20250129;182000;99.41;99.43;99.4;99.42;96
USDRUBF;5;20250129;182500;99.43;99.48;99.42;99.47;179
USDRUBF;5;20250129;183000;99.46;99.54;99.44;99.47;251
USDRUBF;5;20250129;183500;99.47;99.55;99.47;99.52;68
USDRUBF;5;20250129;184000;99.52;99.56;99.51;99.53;531
USDRUBF;5;20250129;184500;99.52;99.55;99.46;99.49;162
USDRUBF;5;20250129;190500;99.6;99.6;99.49;99.55;538
USDRUBF;5;20250129;191000;99.52;99.57;99.48;99.52;214
USDRUBF;5;20250129;191500;99.53;99.57;99.51;99.55;123
USDRUBF;5;20250129;192000;99.52;99.55;99.51;99.52;21
USDRUBF;5;20250129;192500;99.53;99.57;99.53;99.56;114
USDRUBF;5;20250129;193000;99.57;99.58;99.55;99.57;79
USDRUBF;5;20250129;193500;99.56;99.56;99.45;99.54;268
USDRUBF;5;20250129;194000;99.55;99.56;99.54;99.54;23
USDRUBF;5;20250129;194500;99.54;99.54;99.54;99.54;2
USDRUBF;5;20250129;195000;99.55;99.55;99.53;99.54;12
USDRUBF;5;20250129;195500;99.53;99.56;99.53;99.56;21
USDRUBF;5;20250129;200000;99.56;99.57;99.54;99.54;34
USDRUBF;5;20250129;200500;99.57;99.57;99.53;99.55;35
USDRUBF;5;20250129;201000;99.55;99.55;99.54;99.54;19
USDRUBF;5;20250129;201500;99.55;99.55;99.54;99.54;12
USDRUBF;5;20250129;202000;99.53;99.54;99.47;99.52;90
USDRUBF;5;20250129;202500;99.52;99.53;99.52;99.53;26
USDRUBF;5;20250129;203000;99.5;99.52;99.49;99.49;57
USDRUBF;5;20250129;203500;99.49;99.51;99.49;99.51;99
USDRUBF;5;20250129;204000;99.5;99.51;99.5;99.5;17
USDRUBF;5;20250129;204500;99.51;99.52;99.49;99.51;23
USDRUBF;5;20250129;205000;99.52;99.53;99.51;99.53;26
USDRUBF;5;20250129;205500;99.51;99.51;99.51;99.51;6
USDRUBF;5;20250129;210000;99.52;99.55;99.51;99.54;47
USDRUBF;5;20250129;210500;99.55;99.56;99.55;99.56;41
USDRUBF;5;20250129;211000;99.57;99.57;99.56;99.56;13
USDRUBF;5;20250129;211500;99.57;99.58;99.56;99.56;23
USDRUBF;5;20250129;212000;99.55;99.58;99.55;99.58;23
USDRUBF;5;20250129;212500;99.57;99.57;99.57;99.57;8
USDRUBF;5;20250129;213000;99.56;99.56;99.56;99.56;1
USDRUBF;5;20250129;213500;99.57;99.57;99.55;99.56;27
USDRUBF;5;20250129;214000;99.55;99.55;99.55;99.55;16
USDRUBF;5;20250129;214500;99.55;99.56;99.55;99.55;10
USDRUBF;5;20250129;215000;99.56;99.56;99.55;99.55;12
USDRUBF;5;20250129;215500;99.55;99.55;99.54;99.54;71
USDRUBF;5;20250129;220000;99.53;99.54;99.51;99.51;62
USDRUBF;5;20250129;220500;99.53;99.54;99.53;99.53;35
USDRUBF;5;20250129;221000;99.53;99.54;99.53;99.53;24
USDRUBF;5;20250129;221500;99.53;99.53;99.51;99.53;42
USDRUBF;5;20250129;222000;99.53;99.54;99.51;99.52;26
USDRUBF;5;20250129;222500;99.52;99.52;99.51;99.51;6
USDRUBF;5;20250129;223000;99.52;99.52;99.52;99.52;11
USDRUBF;5;20250129;223500;99.51;99.53;99.51;99.53;7
USDRUBF;5;20250129;224000;99.51;99.54;99.5;99.53;20
USDRUBF;5;20250129;224500;99.53;99.53;99.49;99.49;47
USDRUBF;5;20250129;225000;99.48;99.49;99.46;99.47;31
USDRUBF;5;20250129;225500;99.47;99.5;99.47;99.5;62
USDRUBF;5;20250129;231000;99.51;99.51;99.5;99.5;6
USDRUBF;5;20250129;231500;99.5;99.5;99.5;99.5;1
USDRUBF;5;20250129;232000;99.49;99.51;99.49;99.51;13
USDRUBF;5;20250129;233000;99.5;99.5;99.5;99.5;4
USDRUBF;5;20250129;233500;99.5;99.53;99.5;99.51;15
USDRUBF;5;20250129;234000;99.53;99.55;99.53;99.53;19
USDRUBF;5;20250129;234500;99.55;99.55;99.47;99.5;64
USDRUBF;5;20250130;090000;99.48;99.57;99.44;99.55;95
USDRUBF;5;20250130;090500;99.54;99.55;99.51;99.52;43
USDRUBF;5;20250130;091000;99.55;99.56;99.55;99.56;16
USDRUBF;5;20250130;091500;99.56;99.56;99.5;99.5;8
USDRUBF;5;20250130;092000;99.5;99.51;99.47;99.49;52
USDRUBF;5;20250130;092500;99.51;99.52;99.51;99.52;11
USDRUBF;5;20250130;093500;99.53;99.55;99.53;99.55;2
USDRUBF;5;20250130;094000;99.51;99.51;99.5;99.5;10
USDRUBF;5;20250130;094500;99.51;99.51;99.51;99.51;3
USDRUBF;5;20250130;095000;99.54;99.54;99.53;99.53;10
USDRUBF;5;20250130;095500;99.52;99.52;99.51;99.51;12
USDRUBF;5;20250130;100000;99.53;99.56;99.31;99.39;878
USDRUBF;5;20250130;100500;99.4;99.47;99.23;99.44;1063
USDRUBF;5;20250130;101000;99.44;99.49;99.4;99.44;151
USDRUBF;5;20250130;101500;99.43;99.49;99.28;99.45;492
USDRUBF;5;20250130;102000;99.46;99.5;99.36;99.42;474
USDRUBF;5;20250130;102500;99.38;99.42;99.33;99.37;224
USDRUBF;5;20250130;103000;99.35;99.45;99.31;99.43;450
USDRUBF;5;20250130;103500;99.45;99.68;99.45;99.58;826
USDRUBF;5;20250130;104000;99.58;99.63;99.55;99.57;100
USDRUBF;5;20250130;104500;99.57;99.64;99.56;99.62;187
USDRUBF;5;20250130;105000;99.65;99.66;99.52;99.52;356
USDRUBF;5;20250130;105500;99.55;99.58;99.51;99.51;77
USDRUBF;5;20250130;110000;99.52;99.58;99.48;99.52;824
USDRUBF;5;20250130;110500;99.54;99.62;99.51;99.62;337
USDRUBF;5;20250130;111000;99.63;99.78;99.63;99.76;392
USDRUBF;5;20250130;111500;99.78;99.89;99.72;99.82;1078
USDRUBF;5;20250130;112000;99.81;99.86;99.75;99.83;970
USDRUBF;5;20250130;112500;99.8;99.84;99.66;99.77;731
USDRUBF;5;20250130;113000;99.76;99.84;99.75;99.79;258
USDRUBF;5;20250130;113500;99.79;99.8;99.71;99.75;755
USDRUBF;5;20250130;114000;99.72;99.74;99.61;99.65;317
USDRUBF;5;20250130;114500;99.66;99.77;99.65;99.73;521
USDRUBF;5;20250130;115000;99.74;99.74;99.67;99.67;672
USDRUBF;5;20250130;115500;99.66;99.68;99.53;99.62;950
USDRUBF;5;20250130;120000;99.63;99.68;99.62;99.66;98
USDRUBF;5;20250130;120500;99.65;99.71;99.65;99.7;125
USDRUBF;5;20250130;121000;99.7;99.73;99.66;99.66;56
USDRUBF;5;20250130;121500;99.64;99.69;99.64;99.67;45
USDRUBF;5;20250130;122000;99.66;99.68;99.65;99.65;44
USDRUBF;5;20250130;122500;99.63;99.66;99.62;99.63;60
USDRUBF;5;20250130;123000;99.63;99.72;99.63;99.67;193
USDRUBF;5;20250130;123500;99.69;99.71;99.65;99.65;81
USDRUBF;5;20250130;124000;99.65;99.65;99.59;99.59;162
USDRUBF;5;20250130;124500;99.62;99.63;99.52;99.53;367
USDRUBF;5;20250130;125000;99.53;99.54;99.42;99.44;2326
USDRUBF;5;20250130;125500;99.45;99.52;99.4;99.44;792
USDRUBF;5;20250130;130000;99.45;99.53;99.41;99.53;752
USDRUBF;5;20250130;130500;99.53;99.54;99.42;99.42;459
USDRUBF;5;20250130;131000;99.43;99.43;99.29;99.33;1148
USDRUBF;5;20250130;131500;99.32;99.32;99.26;99.26;282
USDRUBF;5;20250130;132000;99.26;99.31;99.26;99.3;656
USDRUBF;5;20250130;132500;99.3;99.34;99.27;99.33;1487
USDRUBF;5;20250130;133000;99.32;99.34;99.27;99.3;624
USDRUBF;5;20250130;133500;99.3;99.32;99.25;99.29;304
USDRUBF;5;20250130;134000;99.29;99.32;99.27;99.31;1585
USDRUBF;5;20250130;134500;99.3;99.39;99.3;99.35;238
USDRUBF;5;20250130;135000;99.35;99.39;99.34;99.39;104
USDRUBF;5;20250130;135500;99.41;99.46;99.37;99.41;490
USDRUBF;5;20250130;140500;99.42;99.48;99.41;99.41;579
USDRUBF;5;20250130;141000;99.41;99.42;99.32;99.34;370
USDRUBF;5;20250130;141500;99.33;99.37;99.31;99.33;860
USDRUBF;5;20250130;142000;99.33;99.37;99.33;99.37;258
USDRUBF;5;20250130;142500;99.37;99.4;99.26;99.31;646
USDRUBF;5;20250130;143000;99.31;99.31;99.27;99.3;67
USDRUBF;5;20250130;143500;99.3;99.32;99.25;99.27;164
USDRUBF;5;20250130;144000;99.26;99.27;99.21;99.21;397
USDRUBF;5;20250130;144500;99.22;99.34;99.21;99.31;155
USDRUBF;5;20250130;145000;99.27;99.27;99.15;99.17;2759
USDRUBF;5;20250130;145500;99.17;99.19;99.03;99.06;3159
USDRUBF;5;20250130;150000;99.06;99.06;98.87;99.02;2685
USDRUBF;5;20250130;150500;99.02;99.18;99;99.16;1309
USDRUBF;5;20250130;151000;99.16;99.19;99.07;99.13;1333
USDRUBF;5;20250130;151500;99.12;99.13;99;99.02;666
USDRUBF;5;20250130;152000;99.02;99.04;98.91;99.01;1547
USDRUBF;5;20250130;152500;99.02;99.03;98.8;98.87;1754
USDRUBF;5;20250130;153000;98.88;99.04;98.81;99.01;1096
USDRUBF;5;20250130;153500;99.01;99.01;98.86;98.92;234
USDRUBF;5;20250130;154000;98.91;98.95;98.83;98.89;767
USDRUBF;5;20250130;154500;98.89;99.02;98.84;98.97;1669
USDRUBF;5;20250130;155000;98.98;99.07;98.9;99.02;765
USDRUBF;5;20250130;155500;99.02;99.07;98.94;99.05;420
USDRUBF;5;20250130;160000;99.06;99.06;98.86;98.9;255
USDRUBF;5;20250130;160500;98.9;98.94;98.7;98.77;1697
USDRUBF;5;20250130;161000;98.77;98.79;98.65;98.71;1880
USDRUBF;5;20250130;161500;98.71;98.79;98.62;98.75;1549
USDRUBF;5;20250130;162000;98.76;98.78;98.67;98.7;715
USDRUBF;5;20250130;162500;98.67;98.7;98.52;98.68;1007
USDRUBF;5;20250130;163000;98.68;98.81;98.56;98.78;664
USDRUBF;5;20250130;163500;98.75;98.98;98.7;98.88;1862
USDRUBF;5;20250130;164000;98.87;98.98;98.81;98.89;2343
USDRUBF;5;20250130;164500;98.9;98.91;98.73;98.74;791
USDRUBF;5;20250130;165000;98.74;98.76;98.67;98.71;908
USDRUBF;5;20250130;165500;98.69;98.73;98.62;98.67;721
USDRUBF;5;20250130;170000;98.68;98.7;98.61;98.63;445
USDRUBF;5;20250130;170500;98.63;98.7;98.63;98.7;173
USDRUBF;5;20250130;171000;98.66;98.67;98.57;98.57;377
USDRUBF;5;20250130;171500;98.59;98.78;98.56;98.78;690
USDRUBF;5;20250130;172000;98.77;98.79;98.6;98.65;455
USDRUBF;5;20250130;172500;98.63;98.66;98.59;98.65;159
USDRUBF;5;20250130;173000;98.64;98.82;98.59;98.79;2799
USDRUBF;5;20250130;173500;98.79;98.83;98.62;98.7;1455
USDRUBF;5;20250130;174000;98.67;98.7;98.6;98.68;1731
USDRUBF;5;20250130;174500;98.68;98.77;98.65;98.69;1152
USDRUBF;5;20250130;175000;98.69;98.69;98.54;98.56;720
USDRUBF;5;20250130;175500;98.54;98.61;98.52;98.55;303
USDRUBF;5;20250130;180000;98.55;98.62;98.53;98.58;586
USDRUBF;5;20250130;180500;98.57;98.59;98.32;98.34;2525
USDRUBF;5;20250130;181000;98.35;98.45;98.32;98.43;1476
USDRUBF;5;20250130;181500;98.41;98.46;98.34;98.4;1181
USDRUBF;5;20250130;182000;98.39;98.45;98.33;98.33;962
USDRUBF;5;20250130;182500;98.35;98.46;98.34;98.44;1051
USDRUBF;5;20250130;183000;98.45;98.45;98.34;98.38;301
USDRUBF;5;20250130;183500;98.39;98.4;98.32;98.32;112
USDRUBF;5;20250130;184000;98.32;98.36;98.22;98.28;1323
USDRUBF;5;20250130;184500;98.27;98.32;98.25;98.29;330
USDRUBF;5;20250130;190500;98.39;98.39;98.3;98.35;493
USDRUBF;5;20250130;191000;98.35;98.39;98.3;98.36;378
USDRUBF;5;20250130;191500;98.35;98.4;98.34;98.36;168
USDRUBF;5;20250130;192000;98.36;98.4;98.35;98.35;74
USDRUBF;5;20250130;192500;98.37;98.43;98.37;98.42;83
USDRUBF;5;20250130;193000;98.39;98.42;98.33;98.33;100
USDRUBF;5;20250130;193500;98.35;98.36;98.33;98.34;21
USDRUBF;5;20250130;194000;98.34;98.35;98.31;98.34;44
USDRUBF;5;20250130;194500;98.34;98.35;98.29;98.29;107
USDRUBF;5;20250130;195000;98.29;98.33;98.29;98.32;110
USDRUBF;5;20250130;195500;98.31;98.32;98.28;98.28;61
USDRUBF;5;20250130;200000;98.28;98.33;98.28;98.32;174
USDRUBF;5;20250130;200500;98.32;98.33;98.32;98.33;32
USDRUBF;5;20250130;201000;98.33;98.39;98.33;98.35;329
USDRUBF;5;20250130;201500;98.35;98.35;98.31;98.31;122
USDRUBF;5;20250130;202000;98.31;98.34;98.31;98.31;90
USDRUBF;5;20250130;202500;98.31;98.31;98.3;98.31;64
USDRUBF;5;20250130;203000;98.31;98.32;98.29;98.31;30
USDRUBF;5;20250130;203500;98.29;98.31;98.29;98.31;10
USDRUBF;5;20250130;204000;98.31;98.31;98.28;98.3;136
USDRUBF;5;20250130;204500;98.29;98.3;98.27;98.3;28
USDRUBF;5;20250130;205000;98.3;98.31;98.27;98.31;81
USDRUBF;5;20250130;205500;98.28;98.31;98.27;98.27;31
USDRUBF;5;20250130;210000;98.3;98.32;98.28;98.32;102
USDRUBF;5;20250130;210500;98.32;98.32;98.3;98.3;16
USDRUBF;5;20250130;211000;98.3;98.31;98.29;98.3;33
USDRUBF;5;20250130;211500;98.3;98.31;98.3;98.3;99
USDRUBF;5;20250130;212000;98.3;98.36;98.3;98.36;192
USDRUBF;5;20250130;212500;98.37;98.37;98.32;98.33;34
USDRUBF;5;20250130;213000;98.38;98.38;98.35;98.35;12
USDRUBF;5;20250130;213500;98.38;98.39;98.36;98.36;34
USDRUBF;5;20250130;214000;98.37;98.39;98.34;98.34;91
USDRUBF;5;20250130;214500;98.37;98.37;98.34;98.37;10
USDRUBF;5;20250130;215000;98.35;98.37;98.35;98.35;116
USDRUBF;5;20250130;215500;98.35;98.36;98.33;98.33;33
USDRUBF;5;20250130;220000;98.36;98.4;98.36;98.4;93
USDRUBF;5;20250130;220500;98.4;98.4;98.36;98.36;89
USDRUBF;5;20250130;221000;98.36;98.36;98.36;98.36;21
USDRUBF;5;20250130;221500;98.36;98.39;98.35;98.39;133
USDRUBF;5;20250130;222000;98.38;98.41;98.38;98.4;63
USDRUBF;5;20250130;222500;98.39;98.41;98.39;98.41;5
USDRUBF;5;20250130;223000;98.41;98.42;98.41;98.42;10
USDRUBF;5;20250130;223500;98.42;98.44;98.41;98.44;34
USDRUBF;5;20250130;224000;98.42;98.42;98.41;98.41;52
USDRUBF;5;20250130;224500;98.42;98.42;98.4;98.42;7
USDRUBF;5;20250130;225000;98.41;98.43;98.4;98.43;38
USDRUBF;5;20250130;225500;98.44;98.44;98.41;98.44;28
USDRUBF;5;20250130;230000;98.41;98.43;98.4;98.42;42
USDRUBF;5;20250130;230500;98.4;98.44;98.4;98.44;122
USDRUBF;5;20250130;231000;98.44;98.44;98.42;98.43;30
USDRUBF;5;20250130;231500;98.43;98.43;98.41;98.41;34
USDRUBF;5;20250130;232000;98.41;98.42;98.41;98.41;38
USDRUBF;5;20250130;232500;98.41;98.41;98.35;98.35;2068
USDRUBF;5;20250130;233000;98.37;98.37;98.31;98.31;138
USDRUBF;5;20250130;233500;98.35;98.35;98.3;98.35;42
USDRUBF;5;20250130;234000;98.33;98.36;98.31;98.36;92
USDRUBF;5;20250130;234500;98.37;98.42;98.35;98.4;318
USDRUBF;5;20250131;090000;98.41;98.48;98.41;98.44;345
USDRUBF;5;20250131;090500;98.44;98.45;98.42;98.42;390
USDRUBF;5;20250131;091000;98.44;98.44;98.42;98.43;74
USDRUBF;5;20250131;091500;98.43;98.47;98.4;98.4;419
USDRUBF;5;20250131;092000;98.44;98.44;98.28;98.3;155
USDRUBF;5;20250131;092500;98.31;98.32;98.17;98.17;364
USDRUBF;5;20250131;093000;98.17;98.37;98.16;98.32;396
USDRUBF;5;20250131;093500;98.32;98.36;98.32;98.35;10
USDRUBF;5;20250131;094000;98.34;98.42;98.34;98.42;51
USDRUBF;5;20250131;094500;98.39;98.45;98.39;98.43;25
USDRUBF;5;20250131;095000;98.43;98.45;98.42;98.42;56
USDRUBF;5;20250131;095500;98.45;98.48;98.42;98.47;38
USDRUBF;5;20250131;100000;98.46;98.64;98.43;98.61;792
USDRUBF;5;20250131;100500;98.63;98.74;98.55;98.72;726
USDRUBF;5;20250131;101000;98.71;98.73;98.54;98.61;644
USDRUBF;5;20250131;101500;98.62;98.73;98.6;98.66;462
USDRUBF;5;20250131;102000;98.64;98.79;98.64;98.75;533
USDRUBF;5;20250131;102500;98.71;98.82;98.64;98.76;527
USDRUBF;5;20250131;103000;98.78;98.94;98.75;98.89;1052
USDRUBF;5;20250131;103500;98.91;98.96;98.69;98.72;734
USDRUBF;5;20250131;104000;98.74;98.83;98.68;98.7;346
USDRUBF;5;20250131;104500;98.69;98.72;98.66;98.68;231
USDRUBF;5;20250131;105000;98.66;98.73;98.62;98.64;634
USDRUBF;5;20250131;105500;98.63;98.68;98.62;98.63;503
USDRUBF;5;20250131;110000;98.62;98.68;98.59;98.68;327
USDRUBF;5;20250131;110500;98.68;98.7;98.59;98.6;241
USDRUBF;5;20250131;111000;98.59;98.61;98.54;98.54;685
USDRUBF;5;20250131;111500;98.55;98.62;98.49;98.62;721
USDRUBF;5;20250131;112000;98.62;98.64;98.58;98.6;313
USDRUBF;5;20250131;112500;98.62;98.63;98.53;98.57;213
USDRUBF;5;20250131;113000;98.57;98.64;98.52;98.56;458
USDRUBF;5;20250131;113500;98.59;98.64;98.59;98.62;136
USDRUBF;5;20250131;114000;98.6;98.6;98.53;98.53;182
USDRUBF;5;20250131;114500;98.57;98.61;98.57;98.61;160
USDRUBF;5;20250131;115000;98.62;98.63;98.6;98.62;109
USDRUBF;5;20250131;115500;98.62;98.63;98.56;98.58;239
USDRUBF;5;20250131;120000;98.58;98.63;98.51;98.55;1002
USDRUBF;5;20250131;120500;98.55;98.59;98.45;98.57;1151
USDRUBF;5;20250131;121000;98.58;98.72;98.53;98.57;904
USDRUBF;5;20250131;121500;98.56;98.6;98.47;98.56;252
USDRUBF;5;20250131;122000;98.57;98.62;98.5;98.53;203
USDRUBF;5;20250131;122500;98.53;98.53;98.34;98.42;776
USDRUBF;5;20250131;123000;98.4;98.5;98.39;98.48;465
USDRUBF;5;20250131;123500;98.5;98.52;98.45;98.52;108
USDRUBF;5;20250131;124000;98.5;98.55;98.46;98.52;744
USDRUBF;5;20250131;124500;98.52;98.55;98.49;98.5;290
USDRUBF;5;20250131;125000;98.51;98.56;98.5;98.55;207
USDRUBF;5;20250131;125500;98.54;98.69;98.51;98.69;588
USDRUBF;5;20250131;130000;98.69;98.91;98.64;98.82;1326
USDRUBF;5;20250131;130500;98.84;98.91;98.71;98.91;1463
USDRUBF;5;20250131;131000;98.9;98.93;98.78;98.83;1404
USDRUBF;5;20250131;131500;98.85;98.9;98.74;98.78;691
USDRUBF;5;20250131;132000;98.78;98.85;98.7;98.7;717
USDRUBF;5;20250131;132500;98.69;98.75;98.68;98.7;518
USDRUBF;5;20250131;133000;98.7;98.83;98.7;98.72;363
USDRUBF;5;20250131;133500;98.71;98.87;98.67;98.81;429
USDRUBF;5;20250131;134000;98.82;98.93;98.79;98.83;631
USDRUBF;5;20250131;134500;98.83;98.86;98.74;98.74;314
USDRUBF;5;20250131;135000;98.76;98.83;98.73;98.77;133
USDRUBF;5;20250131;135500;98.76;98.79;98.73;98.78;88
USDRUBF;5;20250131;140500;98.76;98.76;98.6;98.74;809
USDRUBF;5;20250131;141000;98.73;98.84;98.7;98.76;801
USDRUBF;5;20250131;141500;98.77;98.83;98.75;98.78;272
USDRUBF;5;20250131;142000;98.75;98.77;98.63;98.64;551
USDRUBF;5;20250131;142500;98.65;98.79;98.63;98.73;726
USDRUBF;5;20250131;143000;98.73;98.85;98.69;98.71;221
USDRUBF;5;20250131;143500;98.73;98.73;98.56;98.59;620
USDRUBF;5;20250131;144000;98.56;98.65;98.43;98.57;1057
USDRUBF;5;20250131;144500;98.59;98.75;98.56;98.66;538
USDRUBF;5;20250131;145000;98.68;98.71;98.62;98.64;177
USDRUBF;5;20250131;145500;98.66;98.71;98.62;98.62;283
USDRUBF;5;20250131;150000;98.62;98.64;98.58;98.58;264
USDRUBF;5;20250131;150500;98.54;98.63;98.54;98.54;137
USDRUBF;5;20250131;151000;98.53;98.54;98.49;98.54;239
USDRUBF;5;20250131;151500;98.55;98.6;98.55;98.58;59
USDRUBF;5;20250131;152000;98.6;98.66;98.54;98.6;383
USDRUBF;5;20250131;152500;98.65;98.65;98.56;98.6;258
USDRUBF;5;20250131;153000;98.6;98.61;98.55;98.61;413
USDRUBF;5;20250131;153500;98.6;98.63;98.57;98.58;465
USDRUBF;5;20250131;154000;98.6;98.6;98.54;98.55;107
USDRUBF;5;20250131;154500;98.54;98.6;98.54;98.6;105
USDRUBF;5;20250131;155000;98.6;98.73;98.55;98.71;470
USDRUBF;5;20250131;155500;98.69;98.81;98.69;98.79;263
USDRUBF;5;20250131;160000;98.8;98.9;98.8;98.84;570
USDRUBF;5;20250131;160500;98.87;98.91;98.79;98.82;698
USDRUBF;5;20250131;161000;98.83;98.86;98.8;98.81;605
USDRUBF;5;20250131;161500;98.83;98.92;98.83;98.88;806
USDRUBF;5;20250131;162000;98.88;98.9;98.74;98.82;326
USDRUBF;5;20250131;162500;98.83;98.87;98.81;98.86;220
USDRUBF;5;20250131;163000;98.85;98.88;98.78;98.8;321
USDRUBF;5;20250131;163500;98.78;98.79;98.73;98.73;291
USDRUBF;5;20250131;164000;98.72;98.78;98.67;98.73;186
USDRUBF;5;20250131;164500;98.72;98.89;98.68;98.89;639
USDRUBF;5;20250131;165000;98.88;98.88;98.66;98.69;306
USDRUBF;5;20250131;165500;98.68;98.77;98.64;98.67;151
USDRUBF;5;20250131;170000;98.65;98.76;98.65;98.75;97
USDRUBF;5;20250131;170500;98.76;98.79;98.7;98.74;420
USDRUBF;5;20250131;171000;98.75;98.82;98.74;98.82;512
USDRUBF;5;20250131;171500;98.83;98.88;98.8;98.8;509
USDRUBF;5;20250131;172000;98.81;98.83;98.73;98.75;266
USDRUBF;5;20250131;172500;98.74;98.83;98.71;98.78;629
USDRUBF;5;20250131;173000;98.77;98.81;98.66;98.75;725
USDRUBF;5;20250131;173500;98.72;98.87;98.69;98.83;977
USDRUBF;5;20250131;174000;98.83;98.83;98.65;98.8;4848
USDRUBF;5;20250131;174500;98.81;98.86;98.8;98.86;221
USDRUBF;5;20250131;175000;98.85;98.99;98.85;98.97;466
USDRUBF;5;20250131;175500;98.98;99.1;98.98;99.06;771
USDRUBF;5;20250131;180000;99.08;99.31;99.06;99.25;1862
USDRUBF;5;20250131;180500;99.26;99.35;99.22;99.23;1616
USDRUBF;5;20250131;181000;99.24;99.25;99.19;99.23;477
USDRUBF;5;20250131;181500;99.23;99.25;99.17;99.17;1135
USDRUBF;5;20250131;182000;99.18;99.18;99.14;99.14;771
USDRUBF;5;20250131;182500;99.15;99.23;99.12;99.2;1176
USDRUBF;5;20250131;183000;99.19;99.26;99.12;99.12;367
USDRUBF;5;20250131;183500;99.13;99.2;99.12;99.19;95
USDRUBF;5;20250131;184000;99.16;99.2;99.08;99.09;316
USDRUBF;5;20250131;184500;99.09;99.14;99.08;99.11;123
USDRUBF;5;20250131;190500;99.14;99.34;99.12;99.34;448
USDRUBF;5;20250131;191000;99.35;99.37;99.25;99.25;172
USDRUBF;5;20250131;191500;99.28;99.3;99.2;99.29;114
USDRUBF;5;20250131;192000;99.28;99.33;99.27;99.33;84
USDRUBF;5;20250131;192500;99.33;99.33;99.2;99.2;172
USDRUBF;5;20250131;193000;99.18;99.21;99.18;99.18;42
USDRUBF;5;20250131;193500;99.18;99.18;99.14;99.15;25
USDRUBF;5;20250131;194000;99.15;99.22;99.15;99.22;71
USDRUBF;5;20250131;194500;99.24;99.24;99.16;99.17;25
USDRUBF;5;20250131;195000;99.16;99.16;99.13;99.13;76
USDRUBF;5;20250131;195500;99.15;99.19;99.15;99.19;51
USDRUBF;5;20250131;200000;99.18;99.19;99.11;99.11;136
USDRUBF;5;20250131;200500;99.12;99.12;99.06;99.07;82
USDRUBF;5;20250131;201000;99.05;99.06;99.01;99.03;74
USDRUBF;5;20250131;201500;99.03;99.06;99.01;99.02;66
USDRUBF;5;20250131;202000;99.01;99.15;99.01;99.11;116
USDRUBF;5;20250131;202500;99.12;99.13;99.07;99.08;128
USDRUBF;5;20250131;203000;99.09;99.17;99.08;99.14;103
USDRUBF;5;20250131;203500;99.15;99.16;99.13;99.13;41
USDRUBF;5;20250131;204000;99.15;99.17;99.15;99.17;17
USDRUBF;5;20250131;204500;99.15;99.16;99.13;99.15;75
USDRUBF;5;20250131;205000;99.15;99.17;99.14;99.17;51
USDRUBF;5;20250131;205500;99.14;99.14;99.14;99.14;1
USDRUBF;5;20250131;210000;99.14;99.15;99.09;99.12;136
USDRUBF;5;20250131;210500;99.13;99.13;99.09;99.12;17
USDRUBF;5;20250131;211000;99.13;99.16;99.13;99.13;20
USDRUBF;5;20250131;211500;99.16;99.19;99.16;99.19;66
USDRUBF;5;20250131;212000;99.2;99.25;99.2;99.25;53
USDRUBF;5;20250131;212500;99.25;99.29;99.23;99.29;273
USDRUBF;5;20250131;213000;99.3;99.34;99.3;99.31;77
USDRUBF;5;20250131;213500;99.31;99.31;99.27;99.29;80
USDRUBF;5;20250131;214000;99.32;99.32;99.2;99.28;109
USDRUBF;5;20250131;214500;99.28;99.29;99.25;99.25;35
USDRUBF;5;20250131;215000;99.25;99.26;99.23;99.26;19
USDRUBF;5;20250131;215500;99.26;99.26;99.24;99.25;35
USDRUBF;5;20250131;220000;99.25;99.26;99.24;99.26;86
USDRUBF;5;20250131;220500;99.25;99.26;99.2;99.24;147
USDRUBF;5;20250131;221000;99.24;99.28;99.24;99.28;111
USDRUBF;5;20250131;221500;99.28;99.28;99.25;99.25;6
USDRUBF;5;20250131;222000;99.25;99.29;99.23;99.29;81
USDRUBF;5;20250131;222500;99.28;99.28;99.28;99.28;9
USDRUBF;5;20250131;223000;99.28;99.29;99.26;99.27;13
USDRUBF;5;20250131;223500;99.27;99.29;99.26;99.29;58
USDRUBF;5;20250131;224000;99.29;99.31;99.26;99.3;50
USDRUBF;5;20250131;224500;99.3;99.39;99.3;99.38;273
USDRUBF;5;20250131;225000;99.38;99.43;99.38;99.41;70
USDRUBF;5;20250131;225500;99.43;99.43;99.41;99.41;63
USDRUBF;5;20250131;230000;99.43;99.45;99.43;99.44;69
USDRUBF;5;20250131;230500;99.44;99.48;99.43;99.45;79
USDRUBF;5;20250131;231000;99.47;99.48;99.46;99.48;42
USDRUBF;5;20250131;231500;99.47;99.48;99.47;99.48;10
USDRUBF;5;20250131;232000;99.49;99.5;99.48;99.48;137
USDRUBF;5;20250131;232500;99.49;99.49;99.48;99.48;181
USDRUBF;5;20250131;233000;99.48;99.49;99.48;99.49;167
USDRUBF;5;20250131;233500;99.48;99.5;99.48;99.48;104
USDRUBF;5;20250131;234000;99.49;99.5;99.48;99.48;186
USDRUBF;5;20250131;234500;99.5;99.5;99.47;99.47;810
USDRUBF;5;20250203;090000;99.63;99.95;99.63;99.86;3745
USDRUBF;5;20250203;090500;99.86;100.06;99.86;100.04;509
USDRUBF;5;20250203;091000;100.05;100.09;100.03;100.08;190
USDRUBF;5;20250203;091500;100.09;100.11;99.96;99.96;1069
USDRUBF;5;20250203;092000;99.95;100;99.93;99.98;196
USDRUBF;5;20250203;092500;100;100.05;99.99;100.04;186
USDRUBF;5;20250203;093000;100.04;100.13;100;100.01;798
USDRUBF;5;20250203;093500;100;100.04;99.97;99.98;211
USDRUBF;5;20250203;094000;100;100;99.98;99.98;302
USDRUBF;5;20250203;094500;99.99;99.99;99.95;99.95;457
USDRUBF;5;20250203;095000;99.94;99.94;99.85;99.9;225
USDRUBF;5;20250203;095500;99.9;100.05;99.86;99.98;545
USDRUBF;5;20250203;100000;100.02;100.22;99.93;99.98;1516
USDRUBF;5;20250203;100500;99.99;100.18;99.99;100.13;2328
USDRUBF;5;20250203;101000;100.12;100.19;99.99;99.99;785
USDRUBF;5;20250203;101500;100;100.35;100;100.31;1364
USDRUBF;5;20250203;102000;100.34;100.55;100.31;100.33;821
USDRUBF;5;20250203;102500;100.36;100.4;100.25;100.39;2365
USDRUBF;5;20250203;103000;100.37;100.6;100.37;100.49;1449
USDRUBF;5;20250203;103500;100.48;100.53;100.4;100.45;374
USDRUBF;5;20250203;104000;100.46;100.46;100.33;100.33;515
USDRUBF;5;20250203;104500;100.33;100.39;100.28;100.28;142
USDRUBF;5;20250203;105000;100.28;100.28;100.09;100.16;725
USDRUBF;5;20250203;105500;100.15;100.21;100.12;100.2;1409
USDRUBF;5;20250203;110000;100.17;100.23;100.14;100.22;216
USDRUBF;5;20250203;110500;100.22;100.3;100.22;100.25;583
USDRUBF;5;20250203;111000;100.25;100.29;100.23;100.24;220
USDRUBF;5;20250203;111500;100.26;100.3;100.22;100.25;155
USDRUBF;5;20250203;112000;100.24;100.27;100.2;100.2;375
USDRUBF;5;20250203;112500;100.22;100.28;100.2;100.2;626
USDRUBF;5;20250203;113000;100.19;100.26;100.09;100.09;1004
USDRUBF;5;20250203;113500;100.09;100.13;100.06;100.1;435
USDRUBF;5;20250203;114000;100.1;100.14;100.1;100.13;118
USDRUBF;5;20250203;114500;100.14;100.16;100.14;100.14;111
USDRUBF;5;20250203;115000;100.14;100.18;100.13;100.13;411
USDRUBF;5;20250203;115500;100.13;100.14;100.04;100.07;1122
USDRUBF;5;20250203;120000;100.05;100.08;100.04;100.07;106
USDRUBF;5;20250203;120500;100.07;100.07;100.04;100.04;139
USDRUBF;5;20250203;121000;100.05;100.29;100.04;100.17;2406
USDRUBF;5;20250203;121500;100.18;100.28;100.09;100.11;299
USDRUBF;5;20250203;122000;100.12;100.13;100.01;100.01;395
USDRUBF;5;20250203;122500;100.01;100.03;100.01;100.02;79
USDRUBF;5;20250203;123000;100.02;100.02;99.8;99.9;1932
USDRUBF;5;20250203;123500;99.91;99.98;99.8;99.83;749
USDRUBF;5;20250203;124000;99.83;99.95;99.83;99.95;551
USDRUBF;5;20250203;124500;99.9;99.94;99.76;99.76;383
USDRUBF;5;20250203;125000;99.77;99.78;99.61;99.66;1261
USDRUBF;5;20250203;125500;99.62;99.95;99.57;99.83;806
USDRUBF;5;20250203;130000;99.82;99.89;99.72;99.77;409
USDRUBF;5;20250203;130500;99.79;99.89;99.79;99.82;493
USDRUBF;5;20250203;131000;99.84;99.98;99.81;99.92;404
USDRUBF;5;20250203;131500;99.9;99.95;99.81;99.83;231
USDRUBF;5;20250203;132000;99.83;99.84;99.77;99.77;572
USDRUBF;5;20250203;132500;99.76;99.87;99.75;99.86;647
USDRUBF;5;20250203;133000;99.84;99.84;99.72;99.72;520
USDRUBF;5;20250203;133500;99.72;99.74;99.61;99.74;890
USDRUBF;5;20250203;134000;99.72;99.84;99.64;99.8;796
USDRUBF;5;20250203;134500;99.77;99.78;99.65;99.71;1046
USDRUBF;5;20250203;135000;99.69;99.82;99.66;99.8;601
USDRUBF;5;20250203;135500;99.78;99.79;99.68;99.76;1212
USDRUBF;5;20250203;140500;99.77;99.82;99.68;99.7;750
USDRUBF;5;20250203;141000;99.7;99.79;99.61;99.68;982
USDRUBF;5;20250203;141500;99.68;99.82;99.66;99.79;1022
USDRUBF;5;20250203;142000;99.8;99.82;99.7;99.79;629
USDRUBF;5;20250203;142500;99.8;99.84;99.78;99.82;240
USDRUBF;5;20250203;143000;99.82;99.87;99.79;99.81;406
USDRUBF;5;20250203;143500;99.84;99.97;99.84;99.94;401
USDRUBF;5;20250203;144000;99.96;100.02;99.92;100.01;1196
USDRUBF;5;20250203;144500;100;100.07;99.93;99.93;984
USDRUBF;5;20250203;145000;99.93;100.03;99.92;100;147
USDRUBF;5;20250203;145500;100;100;99.87;99.88;220
USDRUBF;5;20250203;150000;99.91;100.03;99.88;99.97;423
USDRUBF;5;20250203;150500;99.98;100.03;99.92;99.93;112
USDRUBF;5;20250203;151000;99.91;99.98;99.86;99.98;299
USDRUBF;5;20250203;151500;99.96;99.99;99.89;99.97;283
USDRUBF;5;20250203;152000;99.99;99.99;99.88;99.93;336
USDRUBF;5;20250203;152500;99.9;99.9;99.7;99.81;771
USDRUBF;5;20250203;153000;99.79;99.91;99.78;99.91;672
USDRUBF;5;20250203;153500;99.91;99.97;99.85;99.97;317
USDRUBF;5;20250203;154000;99.97;100;99.93;99.99;165
USDRUBF;5;20250203;154500;99.98;100.02;99.96;99.96;413
USDRUBF;5;20250203;155000;99.96;99.99;99.86;99.99;432
USDRUBF;5;20250203;155500;100;100;99.92;99.93;490
USDRUBF;5;20250203;160000;99.93;99.93;99.85;99.89;657
USDRUBF;5;20250203;160500;99.88;99.88;99.77;99.87;476
USDRUBF;5;20250203;161000;99.88;100.03;99.87;100.02;464
USDRUBF;5;20250203;161500;100.03;100.09;99.96;100.05;448
USDRUBF;5;20250203;162000;100.05;100.06;99.92;99.95;257
USDRUBF;5;20250203;162500;99.94;99.97;99.89;99.94;91
USDRUBF;5;20250203;163000;99.94;100.08;99.93;99.93;205
USDRUBF;5;20250203;163500;99.94;100.01;99.91;99.97;115
USDRUBF;5;20250203;164000;99.96;99.96;99.86;99.88;218
USDRUBF;5;20250203;164500;99.88;99.97;99.87;99.97;173
USDRUBF;5;20250203;165000;99.95;99.95;99.74;99.75;672
USDRUBF;5;20250203;165500;99.74;99.91;99.69;99.85;1130
USDRUBF;5;20250203;170000;99.83;99.92;99.81;99.83;438
USDRUBF;5;20250203;170500;99.83;99.86;99.76;99.8;557
USDRUBF;5;20250203;171000;99.83;99.93;99.8;99.9;541
USDRUBF;5;20250203;171500;99.86;99.88;99.75;99.87;656
USDRUBF;5;20250203;172000;99.86;99.86;99.7;99.72;644
USDRUBF;5;20250203;172500;99.71;99.72;99.61;99.64;1139
USDRUBF;5;20250203;173000;99.65;99.71;99.58;99.67;1621
USDRUBF;5;20250203;173500;99.67;99.68;99.57;99.6;2068
USDRUBF;5;20250203;174000;99.6;99.7;99.52;99.69;1350
USDRUBF;5;20250203;174500;99.67;99.86;99.66;99.85;2102
USDRUBF;5;20250203;175000;99.85;99.92;99.81;99.86;2710
USDRUBF;5;20250203;175500;99.84;99.89;99.81;99.82;919
USDRUBF;5;20250203;180000;99.84;99.91;99.8;99.9;1116
USDRUBF;5;20250203;180500;99.92;99.95;99.82;99.9;1558
USDRUBF;5;20250203;181000;99.92;99.99;99.86;99.98;1609
USDRUBF;5;20250203;181500;99.98;100.05;99.93;100.03;780
USDRUBF;5;20250203;182000;100.03;100.03;99.89;99.94;1402
USDRUBF;5;20250203;182500;99.94;99.96;99.9;99.93;421
USDRUBF;5;20250203;183000;99.92;99.94;99.81;99.87;1076
USDRUBF;5;20250203;183500;99.84;99.85;99.76;99.76;397
USDRUBF;5;20250203;184000;99.75;99.77;99.64;99.64;367
USDRUBF;5;20250203;184500;99.66;99.72;99.61;99.7;759
USDRUBF;5;20250203;190500;99.57;99.83;99.53;99.75;901
USDRUBF;5;20250203;191000;99.75;99.76;99.69;99.74;236
USDRUBF;5;20250203;191500;99.73;99.78;99.72;99.77;321
USDRUBF;5;20250203;192000;99.77;99.77;99.72;99.76;102
USDRUBF;5;20250203;192500;99.76;99.77;99.72;99.72;218
USDRUBF;5;20250203;193000;99.74;99.75;99.7;99.74;123
USDRUBF;5;20250203;193500;99.74;99.75;99.71;99.75;141
USDRUBF;5;20250203;194000;99.75;99.75;99.71;99.71;80
USDRUBF;5;20250203;194500;99.74;99.74;99.71;99.74;8
USDRUBF;5;20250203;195000;99.71;99.78;99.7;99.76;159
USDRUBF;5;20250203;195500;99.77;99.83;99.77;99.83;168
USDRUBF;5;20250203;200000;99.83;99.83;99.79;99.79;33
USDRUBF;5;20250203;200500;99.79;99.82;99.79;99.79;34
USDRUBF;5;20250203;201000;99.83;99.85;99.8;99.8;184
USDRUBF;5;20250203;201500;99.84;99.84;99.8;99.83;102
USDRUBF;5;20250203;202000;99.82;99.84;99.81;99.82;64
USDRUBF;5;20250203;202500;99.83;99.83;99.76;99.76;62
USDRUBF;5;20250203;203000;99.76;99.79;99.76;99.79;8
USDRUBF;5;20250203;203500;99.78;99.78;99.75;99.78;36
USDRUBF;5;20250203;204000;99.77;99.8;99.77;99.78;52
USDRUBF;5;20250203;204500;99.8;99.81;99.78;99.79;5
USDRUBF;5;20250203;205000;99.79;99.8;99.77;99.77;29
USDRUBF;5;20250203;205500;99.78;99.8;99.77;99.77;20
USDRUBF;5;20250203;210000;99.77;99.78;99.76;99.77;200
USDRUBF;5;20250203;210500;99.77;99.79;99.77;99.79;18
USDRUBF;5;20250203;211000;99.79;99.87;99.78;99.86;331
USDRUBF;5;20250203;211500;99.83;99.88;99.82;99.85;200
USDRUBF;5;20250203;212000;99.88;100.01;99.88;99.98;945
USDRUBF;5;20250203;212500;100;100;99.88;99.93;373
USDRUBF;5;20250203;213000;99.92;99.94;99.87;99.94;83
USDRUBF;5;20250203;213500;99.95;100.06;99.92;99.93;788
USDRUBF;5;20250203;214000;99.92;99.99;99.92;99.95;88
USDRUBF;5;20250203;214500;99.96;99.98;99.9;99.91;269
USDRUBF;5;20250203;215000;99.93;99.93;99.9;99.9;40
USDRUBF;5;20250203;215500;99.91;99.97;99.9;99.94;72
USDRUBF;5;20250203;220000;99.94;99.98;99.88;99.9;234
USDRUBF;5;20250203;220500;99.92;99.94;99.87;99.87;78
USDRUBF;5;20250203;221000;99.9;99.92;99.89;99.89;48
USDRUBF;5;20250203;221500;99.93;99.93;99.89;99.91;25
USDRUBF;5;20250203;222000;99.9;99.9;99.88;99.89;42
USDRUBF;5;20250203;222500;99.89;99.9;99.85;99.87;59
USDRUBF;5;20250203;223000;99.9;99.91;99.86;99.87;56
USDRUBF;5;20250203;223500;99.87;99.87;99.86;99.86;57
USDRUBF;5;20250203;224000;99.86;99.86;99.85;99.85;29
USDRUBF;5;20250203;224500;99.85;99.88;99.83;99.88;95
USDRUBF;5;20250203;225000;99.85;99.89;99.85;99.86;27
USDRUBF;5;20250203;225500;99.86;99.86;99.83;99.85;51
USDRUBF;5;20250203;230000;99.84;99.88;99.84;99.87;31
USDRUBF;5;20250203;230500;99.89;99.9;99.88;99.88;22
USDRUBF;5;20250203;231000;99.88;99.9;99.86;99.87;42
USDRUBF;5;20250203;231500;99.88;99.88;99.85;99.85;21
USDRUBF;5;20250203;232000;99.84;99.84;99.78;99.83;87
USDRUBF;5;20250203;232500;99.81;99.84;99.81;99.84;71
USDRUBF;5;20250203;233000;99.83;99.83;99.83;99.83;15
USDRUBF;5;20250203;233500;99.82;99.86;99.82;99.83;26
USDRUBF;5;20250203;234000;99.85;99.88;99.82;99.87;67
USDRUBF;5;20250203;234500;99.87;99.89;99.8;99.86;134
USDRUBF;5;20250204;090000;99.94;99.98;99.86;99.87;153
USDRUBF;5;20250204;090500;99.85;99.88;99.79;99.79;81
USDRUBF;5;20250204;091000;99.78;99.78;99.72;99.78;99
USDRUBF;5;20250204;091500;99.76;99.9;99.76;99.81;201
USDRUBF;5;20250204;092000;99.83;99.83;99.77;99.8;137
USDRUBF;5;20250204;092500;99.8;99.9;99.8;99.85;324
USDRUBF;5;20250204;093000;99.83;99.85;99.8;99.8;33
USDRUBF;5;20250204;093500;99.76;99.79;99.72;99.76;100
USDRUBF;5;20250204;094000;99.75;99.76;99.71;99.73;44
USDRUBF;5;20250204;094500;99.73;99.85;99.72;99.85;69
USDRUBF;5;20250204;095000;99.85;99.89;99.8;99.84;67
USDRUBF;5;20250204;095500;99.79;99.85;99.75;99.8;172
USDRUBF;5;20250204;100000;99.83;99.9;99.68;99.71;757
USDRUBF;5;20250204;100500;99.7;99.71;99.65;99.65;610
USDRUBF;5;20250204;101000;99.65;99.71;99.57;99.71;964
USDRUBF;5;20250204;101500;99.71;99.71;99.58;99.63;371
USDRUBF;5;20250204;102000;99.63;99.68;99.53;99.58;645
USDRUBF;5;20250204;102500;99.58;99.67;99.56;99.62;466
USDRUBF;5;20250204;103000;99.63;99.63;99.51;99.53;637
USDRUBF;5;20250204;103500;99.53;99.6;99.47;99.58;1245
USDRUBF;5;20250204;104000;99.57;99.63;99.54;99.54;675
USDRUBF;5;20250204;104500;99.55;99.55;99.49;99.5;754
USDRUBF;5;20250204;105000;99.49;99.49;99.41;99.42;644
USDRUBF;5;20250204;105500;99.43;99.45;99.37;99.45;622
USDRUBF;5;20250204;110000;99.42;99.43;99.37;99.4;440
USDRUBF;5;20250204;110500;99.41;99.45;99.39;99.43;580
USDRUBF;5;20250204;111000;99.43;99.52;99.38;99.43;889
USDRUBF;5;20250204;111500;99.42;99.54;99.37;99.54;560
USDRUBF;5;20250204;112000;99.53;99.54;99.37;99.41;561
USDRUBF;5;20250204;112500;99.41;99.5;99.39;99.47;315
USDRUBF;5;20250204;113000;99.48;99.57;99.42;99.44;759
USDRUBF;5;20250204;113500;99.44;99.45;99.41;99.45;190
USDRUBF;5;20250204;114000;99.44;99.48;99.42;99.46;247
USDRUBF;5;20250204;114500;99.47;99.51;99.44;99.48;541
USDRUBF;5;20250204;115000;99.48;99.53;99.47;99.47;580
USDRUBF;5;20250204;115500;99.5;99.51;99.45;99.45;446
USDRUBF;5;20250204;120000;99.49;99.49;99.38;99.38;663
USDRUBF;5;20250204;120500;99.39;99.48;99.37;99.47;229
USDRUBF;5;20250204;121000;99.48;99.65;99.45;99.53;1737
USDRUBF;5;20250204;121500;99.53;99.55;99.46;99.51;1366
USDRUBF;5;20250204;122000;99.47;99.49;99.41;99.44;242
USDRUBF;5;20250204;122500;99.42;99.51;99.4;99.45;686
USDRUBF;5;20250204;123000;99.5;99.52;99.42;99.47;1216
USDRUBF;5;20250204;123500;99.46;99.52;99.41;99.52;529
USDRUBF;5;20250204;124000;99.51;99.61;99.49;99.6;329
USDRUBF;5;20250204;124500;99.61;99.65;99.57;99.63;371
USDRUBF;5;20250204;125000;99.64;99.66;99.58;99.6;201
USDRUBF;5;20250204;125500;99.58;99.6;99.51;99.55;173
USDRUBF;5;20250204;130000;99.56;99.62;99.56;99.6;222
USDRUBF;5;20250204;130500;99.6;99.6;99.53;99.58;156
USDRUBF;5;20250204;131000;99.59;99.65;99.54;99.64;565
USDRUBF;5;20250204;131500;99.66;99.69;99.66;99.66;235
USDRUBF;5;20250204;132000;99.66;99.66;99.54;99.64;381
USDRUBF;5;20250204;132500;99.63;99.68;99.6;99.67;605
USDRUBF;5;20250204;133000;99.66;99.76;99.64;99.7;962
USDRUBF;5;20250204;133500;99.71;99.74;99.66;99.7;162
USDRUBF;5;20250204;134000;99.71;99.73;99.55;99.58;154
USDRUBF;5;20250204;134500;99.57;99.58;99.48;99.5;431
USDRUBF;5;20250204;135000;99.5;99.52;99.46;99.51;608
USDRUBF;5;20250204;135500;99.53;99.55;99.44;99.48;622
USDRUBF;5;20250204;140500;99.45;99.51;99.4;99.43;961
USDRUBF;5;20250204;141000;99.44;99.58;99.4;99.54;264
USDRUBF;5;20250204;141500;99.55;99.59;99.53;99.54;179
USDRUBF;5;20250204;142000;99.55;99.59;99.51;99.58;361
USDRUBF;5;20250204;142500;99.59;99.61;99.54;99.54;368
USDRUBF;5;20250204;143000;99.55;99.55;99.42;99.45;203
USDRUBF;5;20250204;143500;99.44;99.51;99.43;99.51;312
USDRUBF;5;20250204;144000;99.51;99.51;99.42;99.42;123
USDRUBF;5;20250204;144500;99.41;99.43;99.39;99.41;232
USDRUBF;5;20250204;145000;99.41;99.43;99.4;99.41;33
USDRUBF;5;20250204;145500;99.41;99.42;99.41;99.42;20
USDRUBF;5;20250204;150000;99.42;99.46;99.38;99.45;552
USDRUBF;5;20250204;150500;99.47;99.48;99.39;99.43;442
USDRUBF;5;20250204;151000;99.42;99.48;99.4;99.47;148
USDRUBF;5;20250204;151500;99.49;99.51;99.45;99.45;31
USDRUBF;5;20250204;152000;99.48;99.55;99.46;99.54;105
USDRUBF;5;20250204;152500;99.54;99.56;99.5;99.52;84
USDRUBF;5;20250204;153000;99.51;99.53;99.5;99.51;25
USDRUBF;5;20250204;153500;99.51;99.51;99.41;99.43;603
USDRUBF;5;20250204;154000;99.43;99.46;99.43;99.46;74
USDRUBF;5;20250204;154500;99.45;99.5;99.44;99.44;170
USDRUBF;5;20250204;155000;99.44;99.49;99.4;99.47;169
USDRUBF;5;20250204;155500;99.49;99.5;99.41;99.43;203
USDRUBF;5;20250204;160000;99.42;99.46;99.41;99.46;38
USDRUBF;5;20250204;160500;99.46;99.5;99.43;99.46;44
USDRUBF;5;20250204;161000;99.46;99.5;99.43;99.45;521
USDRUBF;5;20250204;161500;99.47;99.51;99.47;99.49;174
USDRUBF;5;20250204;162000;99.49;99.57;99.47;99.56;292
USDRUBF;5;20250204;162500;99.56;99.62;99.55;99.6;966
USDRUBF;5;20250204;163000;99.59;99.59;99.44;99.48;718
USDRUBF;5;20250204;163500;99.47;99.55;99.46;99.54;104
USDRUBF;5;20250204;164000;99.53;99.55;99.48;99.51;141
USDRUBF;5;20250204;164500;99.53;99.55;99.52;99.55;32
USDRUBF;5;20250204;165000;99.54;99.56;99.53;99.53;63
USDRUBF;5;20250204;165500;99.55;99.62;99.55;99.56;311
USDRUBF;5;20250204;170000;99.58;99.62;99.58;99.59;121
USDRUBF;5;20250204;170500;99.6;99.61;99.55;99.56;277
USDRUBF;5;20250204;171000;99.56;99.59;99.55;99.56;87
USDRUBF;5;20250204;171500;99.58;99.6;99.52;99.56;282
USDRUBF;5;20250204;172000;99.56;99.61;99.52;99.55;252
USDRUBF;5;20250204;172500;99.55;99.59;99.53;99.53;195
USDRUBF;5;20250204;173000;99.52;99.57;99.5;99.51;289
USDRUBF;5;20250204;173500;99.5;99.52;99.48;99.51;385
USDRUBF;5;20250204;174000;99.49;99.5;99.42;99.42;1092
USDRUBF;5;20250204;174500;99.43;99.43;99.28;99.33;1747
USDRUBF;5;20250204;175000;99.31;99.33;99.26;99.32;1425
USDRUBF;5;20250204;175500;99.32;99.34;99.29;99.3;291
USDRUBF;5;20250204;180000;99.3;99.33;99.27;99.31;1231
USDRUBF;5;20250204;180500;99.32;99.32;99.26;99.27;453
USDRUBF;5;20250204;181000;99.27;99.33;99.26;99.33;410
USDRUBF;5;20250204;181500;99.32;99.35;99.3;99.3;356
USDRUBF;5;20250204;182000;99.3;99.33;99.29;99.3;406
USDRUBF;5;20250204;182500;99.3;99.31;99.23;99.23;323
USDRUBF;5;20250204;183000;99.23;99.29;99.23;99.25;448
USDRUBF;5;20250204;183500;99.24;99.25;99.2;99.22;630
USDRUBF;5;20250204;184000;99.22;99.23;99.21;99.22;285
USDRUBF;5;20250204;184500;99.22;99.31;99.2;99.3;466
USDRUBF;5;20250204;190500;99.21;99.41;99.21;99.37;361
USDRUBF;5;20250204;191000;99.38;99.43;99.36;99.39;218
USDRUBF;5;20250204;191500;99.38;99.45;99.36;99.36;137
USDRUBF;5;20250204;192000;99.39;99.39;99.38;99.38;8
USDRUBF;5;20250204;192500;99.37;99.37;99.34;99.37;51
USDRUBF;5;20250204;193000;99.38;99.41;99.38;99.4;33
USDRUBF;5;20250204;193500;99.4;99.45;99.3;99.35;286
USDRUBF;5;20250204;194000;99.34;99.37;99.33;99.35;18
USDRUBF;5;20250204;194500;99.35;99.39;99.32;99.39;48
USDRUBF;5;20250204;195000;99.38;99.43;99.38;99.41;48
USDRUBF;5;20250204;195500;99.4;99.42;99.4;99.42;14
USDRUBF;5;20250204;200000;99.42;99.44;99.42;99.43;21
USDRUBF;5;20250204;200500;99.44;99.45;99.42;99.42;21
USDRUBF;5;20250204;201000;99.41;99.44;99.41;99.41;24
USDRUBF;5;20250204;201500;99.43;99.43;99.39;99.41;60
USDRUBF;5;20250204;202000;99.41;99.43;99.4;99.43;19
USDRUBF;5;20250204;202500;99.43;99.44;99.4;99.41;57
USDRUBF;5;20250204;203000;99.41;99.44;99.37;99.37;54
USDRUBF;5;20250204;203500;99.4;99.4;99.37;99.37;22
USDRUBF;5;20250204;204000;99.4;99.43;99.4;99.4;39
USDRUBF;5;20250204;204500;99.43;99.45;99.43;99.45;22
USDRUBF;5;20250204;205000;99.43;99.43;99.43;99.43;9
USDRUBF;5;20250204;205500;99.43;99.46;99.43;99.43;44
USDRUBF;5;20250204;210000;99.43;99.46;99.41;99.41;32
USDRUBF;5;20250204;210500;99.42;99.43;99.41;99.42;13
USDRUBF;5;20250204;211000;99.42;99.44;99.41;99.44;59
USDRUBF;5;20250204;211500;99.45;99.45;99.42;99.45;20
USDRUBF;5;20250204;212000;99.46;99.46;99.46;99.46;23
USDRUBF;5;20250204;212500;99.47;99.49;99.47;99.49;58
USDRUBF;5;20250204;213000;99.49;99.55;99.48;99.52;163
USDRUBF;5;20250204;213500;99.52;99.56;99.5;99.54;133
USDRUBF;5;20250204;214000;99.55;99.57;99.53;99.57;112
USDRUBF;5;20250204;214500;99.57;99.67;99.57;99.65;416
USDRUBF;5;20250204;215000;99.65;99.75;99.65;99.73;251
USDRUBF;5;20250204;215500;99.72;99.75;99.68;99.68;215
USDRUBF;5;20250204;220000;99.7;99.7;99.68;99.7;61
USDRUBF;5;20250204;220500;99.67;99.82;99.65;99.79;465
USDRUBF;5;20250204;221000;99.78;99.82;99.72;99.73;268
USDRUBF;5;20250204;221500;99.74;99.84;99.74;99.8;264
USDRUBF;5;20250204;222000;99.79;99.82;99.72;99.8;128
USDRUBF;5;20250204;222500;99.83;99.83;99.8;99.8;29
USDRUBF;5;20250204;223000;99.81;99.82;99.74;99.75;149
USDRUBF;5;20250204;223500;99.75;99.79;99.73;99.73;84
USDRUBF;5;20250204;224000;99.72;99.78;99.66;99.78;194
USDRUBF;5;20250204;224500;99.75;99.76;99.72;99.76;64
USDRUBF;5;20250204;225000;99.77;99.79;99.77;99.77;34
USDRUBF;5;20250204;225500;99.8;99.85;99.78;99.83;213
USDRUBF;5;20250204;230000;99.83;99.86;99.82;99.85;56
USDRUBF;5;20250204;230500;99.85;99.87;99.84;99.87;52
USDRUBF;5;20250204;231000;99.84;99.85;99.84;99.85;4
USDRUBF;5;20250204;231500;99.85;99.87;99.84;99.85;75
USDRUBF;5;20250204;232000;99.86;99.91;99.84;99.9;288
USDRUBF;5;20250204;232500;99.9;99.91;99.86;99.86;268
USDRUBF;5;20250204;233000;99.9;99.9;99.87;99.9;9
USDRUBF;5;20250204;233500;99.87;99.88;99.86;99.87;22
USDRUBF;5;20250204;234000;99.87;99.89;99.84;99.85;100
USDRUBF;5;20250204;234500;99.85;99.89;99.82;99.85;106
USDRUBF;5;20250205;090000;99.82;99.9;99.73;99.74;173
USDRUBF;5;20250205;090500;99.74;99.75;99.68;99.7;111
USDRUBF;5;20250205;091000;99.7;99.75;99.7;99.75;82
USDRUBF;5;20250205;091500;99.76;99.79;99.74;99.79;43
USDRUBF;5;20250205;092000;99.8;99.8;99.8;99.8;10
USDRUBF;5;20250205;092500;99.8;99.88;99.8;99.82;184
USDRUBF;5;20250205;093000;99.83;99.88;99.83;99.88;43
USDRUBF;5;20250205;093500;99.87;99.88;99.87;99.87;33
USDRUBF;5;20250205;094000;99.88;99.88;99.87;99.88;102
USDRUBF;5;20250205;094500;99.88;99.92;99.87;99.87;260
USDRUBF;5;20250205;095000;99.87;99.91;99.86;99.91;91
USDRUBF;5;20250205;095500;99.9;100.24;99.9;100.16;857
USDRUBF;5;20250205;100000;100.12;100.25;100.12;100.13;1029
USDRUBF;5;20250205;100500;100.15;100.22;100.08;100.16;1099
USDRUBF;5;20250205;101000;100.16;100.23;99.99;99.99;612
USDRUBF;5;20250205;101500;99.99;100.1;99.97;100;514
USDRUBF;5;20250205;102000;100.01;100.01;99.77;99.89;567
USDRUBF;5;20250205;102500;99.9;99.92;99.81;99.83;578
USDRUBF;5;20250205;103000;99.83;99.94;99.78;99.86;707
USDRUBF;5;20250205;103500;99.85;99.85;99.75;99.78;266
USDRUBF;5;20250205;104000;99.77;99.82;99.67;99.76;877
USDRUBF;5;20250205;104500;99.7;99.74;99.64;99.69;234
USDRUBF;5;20250205;105000;99.69;99.69;99.55;99.61;701
USDRUBF;5;20250205;105500;99.59;99.61;99.51;99.52;297
USDRUBF;5;20250205;110000;99.52;99.53;99.43;99.46;954
USDRUBF;5;20250205;110500;99.46;99.46;99.34;99.35;1055
USDRUBF;5;20250205;111000;99.35;99.44;99.3;99.33;661
USDRUBF;5;20250205;111500;99.32;99.32;99.16;99.18;2090
USDRUBF;5;20250205;112000;99.18;99.19;99;99.01;4487
USDRUBF;5;20250205;112500;99.01;99.2;98.98;99.05;2261
USDRUBF;5;20250205;113000;99.05;99.05;98.86;98.92;2834
USDRUBF;5;20250205;113500;98.93;98.94;98.86;98.89;980
USDRUBF;5;20250205;114000;98.89;98.94;98.81;98.9;1343
USDRUBF;5;20250205;114500;98.9;98.92;98.84;98.86;743
USDRUBF;5;20250205;115000;98.85;99.01;98.81;98.86;1657
USDRUBF;5;20250205;115500;98.85;98.88;98.78;98.79;1113
USDRUBF;5;20250205;120000;98.78;98.82;98.75;98.79;697
USDRUBF;5;20250205;120500;98.77;98.82;98.76;98.79;600
USDRUBF;5;20250205;121000;98.77;98.96;98.77;98.9;2836
USDRUBF;5;20250205;121500;98.85;98.9;98.71;98.78;1169
USDRUBF;5;20250205;122000;98.78;98.8;98.62;98.66;1472
USDRUBF;5;20250205;122500;98.67;98.69;98.51;98.58;1604
USDRUBF;5;20250205;123000;98.6;98.61;98.49;98.52;1247
USDRUBF;5;20250205;123500;98.52;98.58;98.48;98.55;1015
USDRUBF;5;20250205;124000;98.52;98.56;98.48;98.48;853
USDRUBF;5;20250205;124500;98.48;98.51;98.38;98.42;2078
USDRUBF;5;20250205;125000;98.42;98.64;98.35;98.42;1093
USDRUBF;5;20250205;125500;98.45;98.58;98.41;98.46;1220
USDRUBF;5;20250205;130000;98.47;98.49;98.33;98.39;1184
USDRUBF;5;20250205;130500;98.39;98.39;98.29;98.33;1758
USDRUBF;5;20250205;131000;98.33;98.34;98.18;98.21;4239
USDRUBF;5;20250205;131500;98.2;98.36;98.2;98.35;761
USDRUBF;5;20250205;132000;98.34;98.42;98.3;98.35;656
USDRUBF;5;20250205;132500;98.4;98.45;98.27;98.29;383
USDRUBF;5;20250205;133000;98.27;98.31;98.17;98.19;561
USDRUBF;5;20250205;133500;98.19;98.29;98.12;98.24;1492
USDRUBF;5;20250205;134000;98.21;98.23;98.15;98.17;1033
USDRUBF;5;20250205;134500;98.15;98.16;98.03;98.04;2860
USDRUBF;5;20250205;135000;98.05;98.08;97.88;97.99;2884
USDRUBF;5;20250205;135500;98;98.54;97.94;98.24;7250
USDRUBF;5;20250205;140500;98.22;98.22;97.82;98.11;2692
USDRUBF;5;20250205;141000;98.12;98.18;98.09;98.13;1084
USDRUBF;5;20250205;141500;98.13;98.15;98.06;98.07;1244
USDRUBF;5;20250205;142000;98.07;98.31;98.05;98.27;2810
USDRUBF;5;20250205;142500;98.26;98.35;98.11;98.22;3608
USDRUBF;5;20250205;143000;98.22;98.22;98.04;98.1;2156
USDRUBF;5;20250205;143500;98.1;98.2;98.1;98.11;986
USDRUBF;5;20250205;144000;98.11;98.21;98.11;98.19;2475
USDRUBF;5;20250205;144500;98.19;98.33;98.14;98.28;2299
USDRUBF;5;20250205;145000;98.3;98.34;98.26;98.33;984
USDRUBF;5;20250205;145500;98.33;98.4;98.16;98.39;1199
USDRUBF;5;20250205;150000;98.4;98.4;98.24;98.32;1053
USDRUBF;5;20250205;150500;98.32;98.36;98.05;98.21;3225
USDRUBF;5;20250205;151000;98.21;98.21;98.02;98.1;2206
USDRUBF;5;20250205;151500;98.1;98.17;98.06;98.1;1628
USDRUBF;5;20250205;152000;98.07;98.12;98.03;98.09;627
USDRUBF;5;20250205;152500;98.1;98.13;98.01;98.03;1089
USDRUBF;5;20250205;153000;98.03;98.17;98.02;98.12;902
USDRUBF;5;20250205;153500;98.12;98.12;98.03;98.06;497
USDRUBF;5;20250205;154000;98.05;98.17;98;98.17;1233
USDRUBF;5;20250205;154500;98.17;98.29;98.16;98.16;1127
USDRUBF;5;20250205;155000;98.19;98.23;98.12;98.22;360
USDRUBF;5;20250205;155500;98.23;98.23;98.11;98.16;929
USDRUBF;5;20250205;160000;98.12;98.14;97.92;97.92;794
USDRUBF;5;20250205;160500;97.92;97.97;97.74;97.88;2276
USDRUBF;5;20250205;161000;97.88;97.9;97.82;97.88;245
USDRUBF;5;20250205;161500;97.89;97.96;97.87;97.93;994
USDRUBF;5;20250205;162000;97.93;98.07;97.93;98.05;493
USDRUBF;5;20250205;162500;98.07;98.13;98.05;98.13;573
USDRUBF;5;20250205;163000;98.14;98.18;98.04;98.05;635
USDRUBF;5;20250205;163500;98.08;98.24;98.08;98.23;474
USDRUBF;5;20250205;164000;98.23;98.27;98.18;98.26;415
USDRUBF;5;20250205;164500;98.27;98.3;98.21;98.24;677
USDRUBF;5;20250205;165000;98.22;98.27;98.16;98.26;191
USDRUBF;5;20250205;165500;98.26;98.34;98.25;98.32;552
USDRUBF;5;20250205;170000;98.32;98.32;98.16;98.18;384
USDRUBF;5;20250205;170500;98.17;98.24;98.13;98.15;148
USDRUBF;5;20250205;171000;98.14;98.34;98.14;98.32;327
USDRUBF;5;20250205;171500;98.3;98.33;98.24;98.27;301
USDRUBF;5;20250205;172000;98.29;98.29;98.22;98.24;105
USDRUBF;5;20250205;172500;98.24;98.28;98.16;98.16;207
USDRUBF;5;20250205;173000;98.16;98.18;98.12;98.15;100
USDRUBF;5;20250205;173500;98.17;98.25;98.13;98.15;331
USDRUBF;5;20250205;174000;98.14;98.16;98.08;98.08;223
USDRUBF;5;20250205;174500;98.07;98.08;97.86;97.94;1183
USDRUBF;5;20250205;175000;97.94;98.01;97.88;97.92;1125
USDRUBF;5;20250205;175500;97.91;98.02;97.85;97.92;1177
USDRUBF;5;20250205;180000;97.91;97.94;97.77;97.84;2064
USDRUBF;5;20250205;180500;97.83;97.91;97.8;97.84;405
USDRUBF;5;20250205;181000;97.84;97.91;97.63;97.67;3087
USDRUBF;5;20250205;181500;97.64;97.76;97.55;97.72;3646
USDRUBF;5;20250205;182000;97.71;97.74;97.56;97.69;1497
USDRUBF;5;20250205;182500;97.69;97.78;97.58;97.62;957
USDRUBF;5;20250205;183000;97.61;97.69;97.53;97.59;1055
USDRUBF;5;20250205;183500;97.54;97.58;97.47;97.52;1011
USDRUBF;5;20250205;184000;97.53;97.56;97.49;97.51;422
USDRUBF;5;20250205;184500;97.5;97.57;97.47;97.51;652
USDRUBF;5;20250205;190500;97.73;97.87;97.5;97.74;1118
USDRUBF;5;20250205;191000;97.74;97.82;97.69;97.76;861
USDRUBF;5;20250205;191500;97.8;97.92;97.68;97.89;553
USDRUBF;5;20250205;192000;97.9;97.93;97.67;97.69;392
USDRUBF;5;20250205;192500;97.67;97.82;97.63;97.8;290
USDRUBF;5;20250205;193000;97.81;97.83;97.57;97.75;507
USDRUBF;5;20250205;193500;97.74;97.74;97.59;97.63;172
USDRUBF;5;20250205;194000;97.61;97.71;97.6;97.7;158
USDRUBF;5;20250205;194500;97.68;97.78;97.66;97.7;188
USDRUBF;5;20250205;195000;97.69;97.71;97.64;97.69;95
USDRUBF;5;20250205;195500;97.67;97.81;97.63;97.74;326
USDRUBF;5;20250205;200000;97.76;97.85;97.76;97.8;219
USDRUBF;5;20250205;200500;97.8;97.8;97.68;97.7;150
USDRUBF;5;20250205;201000;97.69;97.69;97.61;97.67;220
USDRUBF;5;20250205;201500;97.68;97.72;97.63;97.72;68
USDRUBF;5;20250205;202000;97.73;97.86;97.73;97.8;217
USDRUBF;5;20250205;202500;97.83;97.85;97.8;97.83;43
USDRUBF;5;20250205;203000;97.82;97.82;97.71;97.71;109
USDRUBF;5;20250205;203500;97.73;97.75;97.63;97.66;259
USDRUBF;5;20250205;204000;97.65;97.73;97.63;97.73;68
USDRUBF;5;20250205;204500;97.72;97.74;97.71;97.74;81
USDRUBF;5;20250205;205000;97.73;97.74;97.71;97.72;55
USDRUBF;5;20250205;205500;97.72;97.75;97.72;97.73;52
USDRUBF;5;20250205;210000;97.75;97.75;97.6;97.74;356
USDRUBF;5;20250205;210500;97.72;97.74;97.7;97.7;125
USDRUBF;5;20250205;211000;97.72;97.73;97.7;97.72;86
USDRUBF;5;20250205;211500;97.72;97.73;97.7;97.73;25
USDRUBF;5;20250205;212000;97.72;97.73;97.71;97.71;15
USDRUBF;5;20250205;212500;97.72;97.74;97.7;97.74;77
USDRUBF;5;20250205;213000;97.73;97.74;97.72;97.74;37
USDRUBF;5;20250205;213500;97.73;97.74;97.71;97.72;26
USDRUBF;5;20250205;214000;97.73;97.73;97.69;97.71;33
USDRUBF;5;20250205;214500;97.7;97.71;97.63;97.65;217
USDRUBF;5;20250205;215000;97.64;97.65;97.58;97.63;187
USDRUBF;5;20250205;215500;97.63;97.63;97.56;97.57;157
USDRUBF;5;20250205;220000;97.57;97.66;97.57;97.66;126
USDRUBF;5;20250205;220500;97.63;97.64;97.58;97.62;86
USDRUBF;5;20250205;221000;97.64;97.69;97.62;97.65;115
USDRUBF;5;20250205;221500;97.65;97.65;97.6;97.6;67
USDRUBF;5;20250205;222000;97.61;97.65;97.61;97.65;8
USDRUBF;5;20250205;222500;97.65;97.71;97.65;97.68;224
USDRUBF;5;20250205;223000;97.71;97.72;97.67;97.69;372
USDRUBF;5;20250205;223500;97.69;97.69;97.66;97.66;109
USDRUBF;5;20250205;224000;97.66;97.71;97.58;97.63;254
USDRUBF;5;20250205;224500;97.63;97.63;97.53;97.53;208
USDRUBF;5;20250205;225000;97.55;97.59;97.54;97.59;76
USDRUBF;5;20250205;225500;97.6;97.69;97.53;97.53;194
USDRUBF;5;20250205;230000;97.53;97.55;97.49;97.53;388
USDRUBF;5;20250205;230500;97.51;97.54;97.5;97.52;115
USDRUBF;5;20250205;231000;97.53;97.55;97.53;97.55;51
USDRUBF;5;20250205;231500;97.59;97.66;97.56;97.56;159
USDRUBF;5;20250205;232000;97.57;97.63;97.57;97.63;49
USDRUBF;5;20250205;232500;97.63;97.63;97.61;97.63;24
USDRUBF;5;20250205;233000;97.61;97.64;97.6;97.63;61
USDRUBF;5;20250205;233500;97.63;97.63;97.59;97.62;13
USDRUBF;5;20250205;234000;97.62;97.62;97.6;97.61;18
USDRUBF;5;20250205;234500;97.62;97.69;97.61;97.65;138
USDRUBF;5;20250206;090000;97.6;97.74;97.48;97.53;242
USDRUBF;5;20250206;090500;97.51;97.58;97.49;97.55;214
USDRUBF;5;20250206;091000;97.51;97.56;97.42;97.42;330
USDRUBF;5;20250206;091500;97.43;97.45;97.29;97.38;1074
USDRUBF;5;20250206;092000;97.37;97.37;97.28;97.3;951
USDRUBF;5;20250206;092500;97.29;97.37;97.28;97.28;323
USDRUBF;5;20250206;093000;97.28;97.35;97.28;97.31;459
USDRUBF;5;20250206;093500;97.33;97.33;97.26;97.27;442
USDRUBF;5;20250206;094000;97.26;97.3;97.24;97.29;1206
USDRUBF;5;20250206;094500;97.28;97.29;97.23;97.23;891
USDRUBF;5;20250206;095000;97.23;97.33;97.23;97.27;417
USDRUBF;5;20250206;095500;97.29;97.3;97.22;97.23;1544
USDRUBF;5;20250206;100000;97.23;97.29;97.04;97.2;7387
USDRUBF;5;20250206;100500;97.21;97.46;97.15;97.42;1678
USDRUBF;5;20250206;101000;97.46;97.55;97.24;97.39;5986
USDRUBF;5;20250206;101500;97.39;97.41;97.26;97.28;1848
USDRUBF;5;20250206;102000;97.28;97.4;97.17;97.39;4005
USDRUBF;5;20250206;102500;97.4;97.47;97.37;97.41;1694
USDRUBF;5;20250206;103000;97.42;97.45;97.38;97.4;1573
USDRUBF;5;20250206;103500;97.4;97.42;97.32;97.32;1875
USDRUBF;5;20250206;104000;97.32;97.48;97.28;97.42;1276
USDRUBF;5;20250206;104500;97.44;97.49;97.37;97.48;1124
USDRUBF;5;20250206;105000;97.48;97.55;97.37;97.48;2036
USDRUBF;5;20250206;105500;97.48;97.64;97.48;97.61;1581
USDRUBF;5;20250206;110000;97.62;97.79;97.62;97.77;1459
USDRUBF;5;20250206;110500;97.77;97.8;97.7;97.8;509
USDRUBF;5;20250206;111000;97.8;97.98;97.79;97.95;1755
USDRUBF;5;20250206;111500;97.96;97.97;97.76;97.94;1608
USDRUBF;5;20250206;112000;97.91;98;97.82;97.87;1172
USDRUBF;5;20250206;112500;97.87;97.92;97.81;97.9;958
USDRUBF;5;20250206;113000;97.89;97.96;97.85;97.94;1038
USDRUBF;5;20250206;113500;97.94;97.97;97.77;97.84;1114
USDRUBF;5;20250206;114000;97.85;97.89;97.81;97.86;637
USDRUBF;5;20250206;114500;97.87;97.89;97.84;97.89;235
USDRUBF;5;20250206;115000;97.89;97.9;97.79;97.79;1023
USDRUBF;5;20250206;115500;97.84;98;97.84;97.95;710
USDRUBF;5;20250206;120000;97.95;98.07;97.94;98.06;876
USDRUBF;5;20250206;120500;98.05;98.08;98.01;98.01;454
USDRUBF;5;20250206;121000;98.04;98.08;98.01;98.03;278
USDRUBF;5;20250206;121500;98.04;98.08;98.03;98.05;734
USDRUBF;5;20250206;122000;98.06;98.13;98.03;98.09;1250
USDRUBF;5;20250206;122500;98.09;98.12;98.04;98.06;414
USDRUBF;5;20250206;123000;98.06;98.08;97.86;97.88;1047
USDRUBF;5;20250206;123500;97.89;97.95;97.82;97.87;456
USDRUBF;5;20250206;124000;97.86;97.94;97.85;97.9;264
USDRUBF;5;20250206;124500;97.88;97.93;97.85;97.85;95
USDRUBF;5;20250206;125000;97.85;97.88;97.7;97.7;551
USDRUBF;5;20250206;125500;97.73;97.74;97.58;97.71;838
USDRUBF;5;20250206;130000;97.69;97.8;97.69;97.74;911
USDRUBF;5;20250206;130500;97.74;97.74;97.54;97.56;668
USDRUBF;5;20250206;131000;97.58;97.65;97.52;97.61;305
USDRUBF;5;20250206;131500;97.61;97.75;97.55;97.67;389
USDRUBF;5;20250206;132000;97.69;97.74;97.63;97.64;273
USDRUBF;5;20250206;132500;97.63;97.71;97.58;97.65;572
USDRUBF;5;20250206;133000;97.66;97.8;97.63;97.79;162
USDRUBF;5;20250206;133500;97.79;97.79;97.73;97.78;96
USDRUBF;5;20250206;134000;97.77;97.94;97.75;97.94;223
USDRUBF;5;20250206;134500;97.94;97.94;97.86;97.89;279
USDRUBF;5;20250206;135000;97.89;97.97;97.86;97.92;284
USDRUBF;5;20250206;135500;97.94;97.95;97.9;97.93;75
USDRUBF;5;20250206;140500;97.92;97.92;97.83;97.89;323
USDRUBF;5;20250206;141000;97.91;97.91;97.81;97.82;295
USDRUBF;5;20250206;141500;97.83;97.83;97.74;97.81;215
USDRUBF;5;20250206;142000;97.81;97.85;97.78;97.82;144
USDRUBF;5;20250206;142500;97.83;97.88;97.73;97.85;581
USDRUBF;5;20250206;143000;97.83;97.9;97.8;97.89;237
USDRUBF;5;20250206;143500;97.9;97.91;97.85;97.91;43
USDRUBF;5;20250206;144000;97.91;97.96;97.89;97.94;191
USDRUBF;5;20250206;144500;97.94;97.96;97.91;97.94;358
USDRUBF;5;20250206;145000;97.95;97.96;97.91;97.95;1838
USDRUBF;5;20250206;145500;97.95;97.97;97.88;97.89;1139
USDRUBF;5;20250206;150000;97.89;97.99;97.86;97.9;1845
USDRUBF;5;20250206;150500;97.93;97.94;97.78;97.78;2312
USDRUBF;5;20250206;151000;97.78;97.97;97.75;97.97;1220
USDRUBF;5;20250206;151500;97.97;98;97.94;98;435
USDRUBF;5;20250206;152000;98;98.08;98;98.06;897
USDRUBF;5;20250206;152500;98.07;98.09;98;98.05;252
USDRUBF;5;20250206;153000;98.07;98.17;98.04;98.08;1259
USDRUBF;5;20250206;153500;98.08;98.15;98.08;98.15;426
USDRUBF;5;20250206;154000;98.16;98.2;98.14;98.17;757
USDRUBF;5;20250206;154500;98.19;98.19;98.15;98.16;233
USDRUBF;5;20250206;155000;98.18;98.18;98.13;98.13;391
USDRUBF;5;20250206;155500;98.16;98.29;98.13;98.28;408
USDRUBF;5;20250206;160000;98.28;98.34;98.24;98.3;676
USDRUBF;5;20250206;160500;98.31;98.37;98.26;98.36;383
USDRUBF;5;20250206;161000;98.35;98.44;98.33;98.44;530
USDRUBF;5;20250206;161500;98.44;98.5;98.43;98.5;462
USDRUBF;5;20250206;162000;98.5;98.63;98.48;98.52;991
USDRUBF;5;20250206;162500;98.51;98.59;98.48;98.58;615
USDRUBF;5;20250206;163000;98.57;98.59;98.47;98.51;1604
USDRUBF;5;20250206;163500;98.51;98.64;98.51;98.61;941
USDRUBF;5;20250206;164000;98.58;98.66;98.53;98.63;1480
USDRUBF;5;20250206;164500;98.64;98.85;98.63;98.82;1488
USDRUBF;5;20250206;165000;98.83;98.89;98.7;98.76;1396
USDRUBF;5;20250206;165500;98.77;98.83;98.76;98.79;1190
USDRUBF;5;20250206;170000;98.82;98.98;98.82;98.95;1032
USDRUBF;5;20250206;170500;98.97;98.98;98.82;98.82;1177
USDRUBF;5;20250206;171000;98.81;98.98;98.81;98.91;1158
USDRUBF;5;20250206;171500;98.93;98.94;98.85;98.86;492
USDRUBF;5;20250206;172000;98.88;99.03;98.85;99;1475
USDRUBF;5;20250206;172500;98.95;98.99;98.86;98.9;678
USDRUBF;5;20250206;173000;98.9;99.1;98.89;99.09;1829
USDRUBF;5;20250206;173500;99.06;99.19;99.04;99.12;1086
USDRUBF;5;20250206;174000;99.14;99.2;99.1;99.17;1138
USDRUBF;5;20250206;174500;99.17;99.23;98.98;99;940
USDRUBF;5;20250206;175000;99.01;99.02;98.93;98.94;845
USDRUBF;5;20250206;175500;98.95;99;98.9;98.98;508
USDRUBF;5;20250206;180000;98.98;99.1;98.9;98.9;733
USDRUBF;5;20250206;180500;98.91;98.95;98.89;98.9;1043
USDRUBF;5;20250206;181000;98.89;99.06;98.81;99.01;851
USDRUBF;5;20250206;181500;99.02;99.05;98.93;99.02;529
USDRUBF;5;20250206;182000;99.01;99.02;98.95;98.96;339
USDRUBF;5;20250206;182500;98.96;99.04;98.94;99.04;742
USDRUBF;5;20250206;183000;99.03;99.07;98.97;99.04;421
USDRUBF;5;20250206;183500;99.04;99.1;99.01;99.06;161
USDRUBF;5;20250206;184000;99.06;99.07;98.93;98.93;860
USDRUBF;5;20250206;184500;98.96;98.99;98.92;98.96;1273
USDRUBF;5;20250206;190500;98.99;99.07;98.93;99.03;293
USDRUBF;5;20250206;191000;99.02;99.02;98.9;98.92;166
USDRUBF;5;20250206;191500;98.92;99;98.82;98.83;401
USDRUBF;5;20250206;192000;98.84;98.85;98.7;98.75;367
USDRUBF;5;20250206;192500;98.75;98.8;98.72;98.8;140
USDRUBF;5;20250206;193000;98.8;99.07;98.75;99.02;1898
USDRUBF;5;20250206;193500;99.03;99.06;98.92;98.94;275
USDRUBF;5;20250206;194000;98.96;98.99;98.8;98.86;357
USDRUBF;5;20250206;194500;98.86;98.9;98.81;98.9;93
USDRUBF;5;20250206;195000;98.86;98.89;98.8;98.87;107
USDRUBF;5;20250206;195500;98.86;98.87;98.77;98.8;199
USDRUBF;5;20250206;200000;98.8;98.84;98.78;98.84;52
USDRUBF;5;20250206;200500;98.81;98.87;98.8;98.85;29
USDRUBF;5;20250206;201000;98.85;98.86;98.81;98.85;49
USDRUBF;5;20250206;201500;98.82;98.84;98.81;98.84;72
USDRUBF;5;20250206;202000;98.84;98.84;98.82;98.82;24
USDRUBF;5;20250206;202500;98.83;98.84;98.83;98.84;10
USDRUBF;5;20250206;203000;98.84;98.87;98.84;98.87;104
USDRUBF;5;20250206;203500;98.87;98.9;98.85;98.85;35
USDRUBF;5;20250206;204000;98.88;98.9;98.86;98.87;22
USDRUBF;5;20250206;204500;98.9;98.96;98.86;98.9;119
USDRUBF;5;20250206;205000;98.9;98.91;98.89;98.89;34
USDRUBF;5;20250206;205500;98.9;98.92;98.89;98.89;63
USDRUBF;5;20250206;210000;98.87;98.91;98.87;98.91;21
USDRUBF;5;20250206;210500;98.9;98.91;98.86;98.86;25
USDRUBF;5;20250206;211000;98.85;98.89;98.85;98.89;4
USDRUBF;5;20250206;211500;98.85;98.89;98.85;98.89;11
USDRUBF;5;20250206;212000;98.9;98.9;98.85;98.88;14
USDRUBF;5;20250206;212500;98.88;98.91;98.8;98.9;97
USDRUBF;5;20250206;213000;98.9;98.9;98.84;98.87;38
USDRUBF;5;20250206;213500;98.85;98.88;98.85;98.85;13
USDRUBF;5;20250206;214000;98.84;98.85;98.81;98.85;29
USDRUBF;5;20250206;214500;98.84;98.99;98.82;98.93;576
USDRUBF;5;20250206;215000;98.9;98.92;98.89;98.92;30
USDRUBF;5;20250206;215500;98.89;98.98;98.89;98.98;85
USDRUBF;5;20250206;220000;98.98;98.99;98.98;98.98;131
USDRUBF;5;20250206;220500;98.98;98.99;98.96;98.96;115
USDRUBF;5;20250206;221500;98.96;98.97;98.93;98.97;41
USDRUBF;5;20250206;222000;98.98;99.07;98.96;98.98;343
USDRUBF;5;20250206;222500;98.97;98.97;98.95;98.95;5
USDRUBF;5;20250206;223000;98.94;98.97;98.94;98.97;8
USDRUBF;5;20250206;223500;98.98;99;98.97;99;55
USDRUBF;5;20250206;224000;99;99;98.96;98.97;81
USDRUBF;5;20250206;224500;98.97;98.98;98.97;98.97;372
USDRUBF;5;20250206;225000;98.97;99;98.95;98.98;528
USDRUBF;5;20250206;225500;99;99.01;98.97;98.97;68
USDRUBF;5;20250206;230000;98.98;99.01;98.87;98.9;87
USDRUBF;5;20250206;230500;98.91;98.91;98.88;98.9;14
USDRUBF;5;20250206;231000;98.89;98.95;98.89;98.94;36
USDRUBF;5;20250206;231500;98.92;98.92;98.88;98.9;59
USDRUBF;5;20250206;232000;98.9;98.92;98.9;98.92;12
USDRUBF;5;20250206;232500;98.92;98.94;98.92;98.93;16
USDRUBF;5;20250206;233500;98.94;98.94;98.92;98.92;6
USDRUBF;5;20250206;234000;98.94;98.94;98.9;98.9;50
USDRUBF;5;20250206;234500;98.92;98.98;98.9;98.9;60
USDRUBF;5;20250207;090000;98.86;99.02;98.85;98.98;200
USDRUBF;5;20250207;090500;98.98;98.98;98.9;98.92;56
USDRUBF;5;20250207;091000;98.92;98.92;98.91;98.92;5
USDRUBF;5;20250207;091500;98.93;98.94;98.9;98.94;86
USDRUBF;5;20250207;092000;98.93;98.94;98.92;98.93;64
USDRUBF;5;20250207;092500;98.92;99.08;98.92;99.07;680
USDRUBF;5;20250207;093000;99.08;99.11;99.02;99.05;37
USDRUBF;5;20250207;093500;99.09;99.12;99.09;99.1;51
USDRUBF;5;20250207;094000;99.1;99.1;99;99;106
USDRUBF;5;20250207;094500;99;99;98.91;98.94;81
USDRUBF;5;20250207;095000;98.94;98.95;98.94;98.94;427
USDRUBF;5;20250207;095500;98.94;99.05;98.94;99.05;219
USDRUBF;5;20250207;100000;99.07;99.14;99.04;99.1;296
USDRUBF;5;20250207;100500;99.09;99.11;98.83;98.84;536
USDRUBF;5;20250207;101000;98.83;99.01;98.74;98.97;673
USDRUBF;5;20250207;101500;98.95;99.2;98.9;99.2;590
USDRUBF;5;20250207;102000;99.2;99.28;99.16;99.24;540
USDRUBF;5;20250207;102500;99.24;99.27;99.16;99.16;537
USDRUBF;5;20250207;103000;99.17;99.27;99.1;99.1;443
USDRUBF;5;20250207;103500;99.1;99.13;98.94;98.95;2158
USDRUBF;5;20250207;104000;98.95;99.09;98.92;99.04;636
USDRUBF;5;20250207;104500;99.04;99.11;99.01;99.07;172
USDRUBF;5;20250207;105000;99.09;99.11;99.05;99.09;55
USDRUBF;5;20250207;105500;99.09;99.1;98.95;99.07;553
USDRUBF;5;20250207;110000;99.05;99.13;99.04;99.12;277
USDRUBF;5;20250207;110500;99.14;99.18;99.06;99.11;291
USDRUBF;5;20250207;111000;99.12;99.12;98.92;98.94;653
USDRUBF;5;20250207;111500;98.93;99.04;98.93;98.98;396
USDRUBF;5;20250207;112000;98.97;99.02;98.93;99.02;168
USDRUBF;5;20250207;112500;99.03;99.1;99.02;99.04;552
USDRUBF;5;20250207;113000;99.04;99.07;98.98;99;311
USDRUBF;5;20250207;113500;99;99.07;98.93;99.07;396
USDRUBF;5;20250207;114000;99.04;99.06;98.92;98.92;571
USDRUBF;5;20250207;114500;98.97;99.01;98.97;98.99;117
USDRUBF;5;20250207;115000;98.98;99;98.92;98.92;189
USDRUBF;5;20250207;115500;98.92;98.92;98.8;98.83;1079
USDRUBF;5;20250207;120000;98.83;98.86;98.76;98.78;1531
USDRUBF;5;20250207;120500;98.78;98.8;98.75;98.79;775
USDRUBF;5;20250207;121000;98.78;98.78;98.56;98.58;1332
USDRUBF;5;20250207;121500;98.58;98.68;98.58;98.65;979
USDRUBF;5;20250207;122000;98.66;98.71;98.58;98.58;544
USDRUBF;5;20250207;122500;98.58;98.61;98.56;98.61;1265
USDRUBF;5;20250207;123000;98.57;98.64;98.51;98.59;1008
USDRUBF;5;20250207;123500;98.59;98.88;98.57;98.77;789
USDRUBF;5;20250207;124000;98.78;98.87;98.72;98.72;424
USDRUBF;5;20250207;124500;98.75;98.75;98.58;98.61;645
USDRUBF;5;20250207;125000;98.61;98.66;98.61;98.61;73
USDRUBF;5;20250207;125500;98.61;98.67;98.57;98.64;361
USDRUBF;5;20250207;130000;98.65;98.65;98.48;98.53;710
USDRUBF;5;20250207;130500;98.52;98.59;98.45;98.55;524
USDRUBF;5;20250207;131000;98.55;98.56;98.46;98.55;481
USDRUBF;5;20250207;131500;98.52;98.52;98.46;98.49;43
USDRUBF;5;20250207;132000;98.49;98.55;98.42;98.43;366
USDRUBF;5;20250207;132500;98.42;98.51;98.42;98.48;206
USDRUBF;5;20250207;133000;98.48;98.5;98.41;98.43;198
USDRUBF;5;20250207;133500;98.42;98.42;98.3;98.35;901
USDRUBF;5;20250207;134000;98.33;98.58;98.31;98.44;425
USDRUBF;5;20250207;134500;98.42;98.42;98.3;98.33;540
USDRUBF;5;20250207;135000;98.33;98.4;98.29;98.38;321
USDRUBF;5;20250207;135500;98.37;98.42;98.31;98.42;435
USDRUBF;5;20250207;140500;98.38;98.44;98.34;98.41;358
USDRUBF;5;20250207;141000;98.4;98.43;98.34;98.38;130
USDRUBF;5;20250207;141500;98.39;98.44;98.34;98.44;461
USDRUBF;5;20250207;142000;98.41;98.44;98.37;98.38;114
USDRUBF;5;20250207;142500;98.38;98.39;98.32;98.33;187
USDRUBF;5;20250207;143000;98.34;98.34;98.25;98.25;1477
USDRUBF;5;20250207;143500;98.25;98.28;98.19;98.2;1865
USDRUBF;5;20250207;144000;98.18;98.29;98.18;98.29;219
USDRUBF;5;20250207;144500;98.29;98.5;98.25;98.4;1100
USDRUBF;5;20250207;145000;98.4;98.54;98.39;98.54;798
USDRUBF;5;20250207;145500;98.56;98.62;98.44;98.47;628
USDRUBF;5;20250207;150000;98.46;98.63;98.44;98.55;822
USDRUBF;5;20250207;150500;98.57;98.61;98.48;98.5;294
USDRUBF;5;20250207;151000;98.53;98.56;98.48;98.51;394
USDRUBF;5;20250207;151500;98.5;98.57;98.4;98.42;490
USDRUBF;5;20250207;152000;98.45;98.48;98.42;98.48;164
USDRUBF;5;20250207;152500;98.48;98.56;98.47;98.55;157
USDRUBF;5;20250207;153000;98.54;98.55;98.52;98.54;38
USDRUBF;5;20250207;153500;98.54;98.62;98.5;98.53;437
USDRUBF;5;20250207;154000;98.51;98.54;98.49;98.51;75
USDRUBF;5;20250207;154500;98.49;98.49;98.35;98.4;182
USDRUBF;5;20250207;155000;98.36;98.56;98.36;98.48;225
USDRUBF;5;20250207;155500;98.49;98.51;98.33;98.36;555
USDRUBF;5;20250207;160000;98.37;98.4;98.29;98.34;1064
USDRUBF;5;20250207;160500;98.31;98.39;98.24;98.38;2795
USDRUBF;5;20250207;161000;98.39;98.42;98.38;98.42;103
USDRUBF;5;20250207;161500;98.41;98.46;98.37;98.38;204
USDRUBF;5;20250207;162000;98.38;98.4;98.35;98.38;289
USDRUBF;5;20250207;162500;98.37;98.6;98.37;98.54;961
USDRUBF;5;20250207;163000;98.55;98.73;98.52;98.71;561
USDRUBF;5;20250207;163500;98.72;98.9;98.67;98.85;468
USDRUBF;5;20250207;164000;98.86;98.9;98.8;98.82;366
USDRUBF;5;20250207;164500;98.82;98.87;98.74;98.78;495
USDRUBF;5;20250207;165000;98.78;98.82;98.65;98.69;852
USDRUBF;5;20250207;165500;98.69;98.84;98.68;98.79;270
USDRUBF;5;20250207;170000;98.83;98.93;98.79;98.9;648
USDRUBF;5;20250207;170500;98.88;99.01;98.88;99.01;771
USDRUBF;5;20250207;171000;99.01;99.03;98.97;99;477
USDRUBF;5;20250207;171500;99;99.03;98.95;99.03;745
USDRUBF;5;20250207;172000;99.03;99.08;98.97;98.97;426
USDRUBF;5;20250207;172500;99;99;98.87;98.87;598
USDRUBF;5;20250207;173000;98.87;98.98;98.83;98.95;374
USDRUBF;5;20250207;173500;98.95;98.99;98.95;98.96;203
USDRUBF;5;20250207;174000;98.97;98.99;98.93;98.96;154
USDRUBF;5;20250207;174500;98.98;99.04;98.97;99.03;545
USDRUBF;5;20250207;175000;99.05;99.12;99.02;99.09;1916
USDRUBF;5;20250207;175500;99.09;99.13;99.01;99.01;172
USDRUBF;5;20250207;180000;99.04;99.07;99.03;99.04;83
USDRUBF;5;20250207;180500;99.04;99.05;99.01;99.03;103
USDRUBF;5;20250207;181000;99.03;99.06;98.98;99.06;135
USDRUBF;5;20250207;181500;99.04;99.08;99.04;99.04;138
USDRUBF;5;20250207;182000;99.05;99.06;99;99.03;291
USDRUBF;5;20250207;182500;99.01;99.04;98.97;99.03;221
USDRUBF;5;20250207;183000;99.04;99.05;99;99.04;331
USDRUBF;5;20250207;183500;99.06;99.1;99.05;99.05;324
USDRUBF;5;20250207;184000;99.05;99.1;99.02;99.02;212
USDRUBF;5;20250207;184500;99.02;99.04;98.96;99;919
USDRUBF;5;20250207;190500;99.09;99.18;98.96;99.15;479
USDRUBF;5;20250207;191000;99.14;99.16;99.09;99.09;117
USDRUBF;5;20250207;191500;99.11;99.14;99.09;99.12;131
USDRUBF;5;20250207;192000;99.11;99.13;99.11;99.13;50
USDRUBF;5;20250207;192500;99.11;99.12;99.03;99.04;178
USDRUBF;5;20250207;193000;99.04;99.09;99.02;99.08;52
USDRUBF;5;20250207;193500;99.09;99.11;99.09;99.11;16
USDRUBF;5;20250207;194000;99.11;99.12;99.09;99.11;92
USDRUBF;5;20250207;194500;99.11;99.11;99.04;99.1;211
USDRUBF;5;20250207;195000;99.1;99.12;99.04;99.11;158
USDRUBF;5;20250207;195500;99.11;99.11;99.1;99.11;18
USDRUBF;5;20250207;200000;99.11;99.12;99.08;99.11;35
USDRUBF;5;20250207;200500;99.09;99.09;99.05;99.09;37
USDRUBF;5;20250207;201000;99.08;99.08;99.06;99.06;11
USDRUBF;5;20250207;201500;99.07;99.17;99.07;99.17;303
USDRUBF;5;20250207;202000;99.15;99.2;99.14;99.2;394
USDRUBF;5;20250207;202500;99.19;99.2;99.17;99.19;50
USDRUBF;5;20250207;203000;99.17;99.24;99.15;99.24;1296
USDRUBF;5;20250207;203500;99.24;99.25;99.22;99.22;314
USDRUBF;5;20250207;204000;99.22;99.24;99.22;99.24;15
USDRUBF;5;20250207;204500;99.23;99.23;99.21;99.21;23
USDRUBF;5;20250207;205000;99.24;99.25;99.2;99.2;385
USDRUBF;5;20250207;205500;99.2;99.23;99.2;99.2;39
USDRUBF;5;20250207;210000;99.2;99.21;99.17;99.19;166
USDRUBF;5;20250207;210500;99.2;99.2;99.17;99.17;20
USDRUBF;5;20250207;211000;99.16;99.19;99.14;99.19;66
USDRUBF;5;20250207;211500;99.18;99.18;99.17;99.18;29
USDRUBF;5;20250207;212000;99.18;99.18;99.17;99.17;7
USDRUBF;5;20250207;212500;99.2;99.2;99.18;99.2;12
USDRUBF;5;20250207;213000;99.18;99.2;99.17;99.18;30
USDRUBF;5;20250207;213500;99.18;99.18;99.16;99.16;19
USDRUBF;5;20250207;214000;99.16;99.16;99.12;99.16;70
USDRUBF;5;20250207;214500;99.16;99.16;99.16;99.16;3
USDRUBF;5;20250207;215000;99.15;99.17;99.15;99.17;9
USDRUBF;5;20250207;215500;99.17;99.18;99.17;99.18;14
USDRUBF;5;20250207;220000;99.17;99.17;99.15;99.15;23
USDRUBF;5;20250207;220500;99.15;99.19;99.15;99.15;26
USDRUBF;5;20250207;221000;99.15;99.15;99.15;99.15;2
USDRUBF;5;20250207;221500;99.16;99.16;99.16;99.16;3
USDRUBF;5;20250207;222000;99.15;99.18;99.15;99.18;29
USDRUBF;5;20250207;222500;99.17;99.17;99.16;99.16;5
USDRUBF;5;20250207;223000;99.16;99.16;99.15;99.15;10
USDRUBF;5;20250207;223500;99.17;99.17;99.15;99.17;33
USDRUBF;5;20250207;224000;99.17;99.18;99.15;99.15;19
USDRUBF;5;20250207;224500;99.15;99.18;99.15;99.17;20
USDRUBF;5;20250207;225000;99.17;99.17;99.17;99.17;5
USDRUBF;5;20250207;225500;99.16;99.16;99.16;99.16;1
USDRUBF;5;20250207;230000;99.16;99.18;99.15;99.18;20
USDRUBF;5;20250207;230500;99.17;99.17;99.17;99.17;2
USDRUBF;5;20250207;231000;99.18;99.18;99.17;99.17;8
USDRUBF;5;20250207;231500;99.17;99.18;99.17;99.18;56
USDRUBF;5;20250207;232000;99.17;99.18;99.17;99.17;4
USDRUBF;5;20250207;232500;99.17;99.19;99.16;99.19;4
USDRUBF;5;20250207;233000;99.16;99.16;99.16;99.16;4
USDRUBF;5;20250207;233500;99.17;99.17;99.15;99.15;10
USDRUBF;5;20250207;234000;99.18;99.18;99.15;99.16;53
USDRUBF;5;20250207;234500;99.16;99.28;99.15;99.2;611
USDRUBF;5;20250210;090000;99.2;99.26;99.12;99.13;344
USDRUBF;5;20250210;090500;99.13;99.13;99.08;99.09;469
USDRUBF;5;20250210;091000;99.13;99.13;99.03;99.03;33
USDRUBF;5;20250210;091500;99.04;99.04;99;99.03;91
USDRUBF;5;20250210;092000;99.05;99.05;99.02;99.03;36
USDRUBF;5;20250210;092500;99.04;99.05;98.98;98.98;125
USDRUBF;5;20250210;093000;98.96;98.99;98.94;98.95;58
USDRUBF;5;20250210;093500;98.95;99.03;98.94;99.02;116
USDRUBF;5;20250210;094000;99.02;99.04;99.01;99.03;77
USDRUBF;5;20250210;094500;99.03;99.03;98.99;99.01;158
USDRUBF;5;20250210;095000;99.01;99.03;98.81;98.88;750
USDRUBF;5;20250210;095500;98.88;98.9;98.84;98.84;180
USDRUBF;5;20250210;100000;98.84;98.86;98.69;98.77;1022
USDRUBF;5;20250210;100500;98.74;98.83;98.72;98.79;201
USDRUBF;5;20250210;101000;98.82;99.05;98.79;99.01;777
USDRUBF;5;20250210;101500;99.02;99.13;99.02;99.1;259
USDRUBF;5;20250210;102000;99.13;99.14;99;99.06;184
USDRUBF;5;20250210;102500;99.04;99.07;99.02;99.03;118
USDRUBF;5;20250210;103000;99.08;99.11;99.03;99.1;738
USDRUBF;5;20250210;103500;99.08;99.09;99.03;99.09;441
USDRUBF;5;20250210;104000;99.08;99.13;98.93;98.96;768
USDRUBF;5;20250210;104500;98.91;99;98.85;98.93;1109
USDRUBF;5;20250210;105000;98.94;98.97;98.91;98.92;147
USDRUBF;5;20250210;105500;98.95;99;98.95;98.95;417
USDRUBF;5;20250210;110000;98.98;98.98;98.93;98.95;13
USDRUBF;5;20250210;110500;98.96;98.97;98.9;98.94;319
USDRUBF;5;20250210;111000;98.94;98.96;98.94;98.94;229
USDRUBF;5;20250210;111500;98.91;98.91;98.8;98.86;232
USDRUBF;5;20250210;112000;98.84;98.84;98.69;98.69;241
USDRUBF;5;20250210;112500;98.72;98.77;98.62;98.65;474
USDRUBF;5;20250210;113000;98.69;98.78;98.59;98.73;1567
USDRUBF;5;20250210;113500;98.73;98.82;98.7;98.7;1096
USDRUBF;5;20250210;114000;98.71;98.77;98.67;98.68;559
USDRUBF;5;20250210;114500;98.69;98.75;98.56;98.63;374
USDRUBF;5;20250210;115000;98.66;98.7;98.65;98.68;192
USDRUBF;5;20250210;115500;98.67;98.69;98.63;98.66;773
USDRUBF;5;20250210;120000;98.64;98.67;98.54;98.64;355
USDRUBF;5;20250210;120500;98.66;98.68;98.57;98.59;194
USDRUBF;5;20250210;121000;98.56;98.61;98.47;98.5;341
USDRUBF;5;20250210;121500;98.47;98.54;98.4;98.54;378
USDRUBF;5;20250210;122000;98.52;98.65;98.5;98.54;185
USDRUBF;5;20250210;122500;98.57;98.66;98.52;98.66;194
USDRUBF;5;20250210;123000;98.66;98.67;98.55;98.58;248
USDRUBF;5;20250210;123500;98.52;98.56;98.44;98.46;355
USDRUBF;5;20250210;124000;98.43;98.46;98.35;98.41;316
USDRUBF;5;20250210;124500;98.4;98.44;98.34;98.36;351
USDRUBF;5;20250210;125000;98.34;98.44;98.3;98.42;257
USDRUBF;5;20250210;125500;98.42;98.48;98.38;98.44;214
USDRUBF;5;20250210;130000;98.43;98.44;98.37;98.44;137
USDRUBF;5;20250210;130500;98.45;98.52;98.34;98.52;280
USDRUBF;5;20250210;131000;98.5;98.56;98.45;98.54;182
USDRUBF;5;20250210;131500;98.54;98.62;98.54;98.56;70
USDRUBF;5;20250210;132000;98.57;98.57;98.54;98.55;22
USDRUBF;5;20250210;132500;98.55;98.61;98.51;98.57;414
USDRUBF;5;20250210;133000;98.55;98.56;98.5;98.53;141
USDRUBF;5;20250210;133500;98.54;98.6;98.51;98.52;329
USDRUBF;5;20250210;134000;98.52;98.62;98.5;98.58;206
USDRUBF;5;20250210;134500;98.59;98.64;98.59;98.63;107
USDRUBF;5;20250210;135000;98.6;98.62;98.6;98.62;65
USDRUBF;5;20250210;135500;98.61;98.65;98.6;98.63;134
USDRUBF;5;20250210;140500;98.62;98.66;98.62;98.64;52
USDRUBF;5;20250210;141000;98.64;98.65;98.58;98.62;228
USDRUBF;5;20250210;141500;98.62;98.62;98.56;98.6;54
USDRUBF;5;20250210;142000;98.58;98.64;98.55;98.56;174
USDRUBF;5;20250210;142500;98.56;98.58;98.55;98.55;85
USDRUBF;5;20250210;143000;98.55;98.56;98.51;98.51;535
USDRUBF;5;20250210;143500;98.51;98.51;98.46;98.5;282
USDRUBF;5;20250210;144000;98.5;98.57;98.5;98.52;104
USDRUBF;5;20250210;144500;98.51;98.54;98.48;98.54;61
USDRUBF;5;20250210;145000;98.52;98.52;98.42;98.49;215
USDRUBF;5;20250210;145500;98.48;98.5;98.47;98.5;33
USDRUBF;5;20250210;150000;98.52;98.54;98.47;98.47;70
USDRUBF;5;20250210;150500;98.5;98.51;98.48;98.5;20
USDRUBF;5;20250210;151000;98.48;98.49;98.46;98.48;32
USDRUBF;5;20250210;151500;98.47;98.5;98.47;98.5;72
USDRUBF;5;20250210;152000;98.51;98.59;98.51;98.57;171
USDRUBF;5;20250210;152500;98.56;98.58;98.55;98.58;17
USDRUBF;5;20250210;153000;98.58;98.6;98.55;98.58;64
USDRUBF;5;20250210;153500;98.59;98.59;98.58;98.59;70
USDRUBF;5;20250210;154000;98.6;98.69;98.6;98.62;399
USDRUBF;5;20250210;154500;98.62;98.63;98.57;98.57;100
USDRUBF;5;20250210;155000;98.56;98.63;98.53;98.57;106
USDRUBF;5;20250210;155500;98.6;98.61;98.55;98.6;127
USDRUBF;5;20250210;160000;98.57;98.57;98.52;98.57;47
USDRUBF;5;20250210;160500;98.6;98.61;98.58;98.61;36
USDRUBF;5;20250210;161000;98.58;98.6;98.52;98.52;43
USDRUBF;5;20250210;161500;98.51;98.51;98.44;98.49;145
USDRUBF;5;20250210;162000;98.49;98.58;98.48;98.58;334
USDRUBF;5;20250210;162500;98.55;98.58;98.53;98.53;143
USDRUBF;5;20250210;163000;98.53;98.56;98.53;98.54;67
USDRUBF;5;20250210;163500;98.55;98.55;98.42;98.42;235
USDRUBF;5;20250210;164000;98.42;98.46;98.36;98.44;918
USDRUBF;5;20250210;164500;98.41;98.45;98.38;98.43;304
USDRUBF;5;20250210;165000;98.44;98.48;98.41;98.41;191
USDRUBF;5;20250210;165500;98.41;98.5;98.38;98.45;183
USDRUBF;5;20250210;170000;98.44;98.5;98.33;98.39;1004
USDRUBF;5;20250210;170500;98.38;98.39;98.32;98.37;292
USDRUBF;5;20250210;171000;98.38;98.38;98.33;98.37;174
USDRUBF;5;20250210;171500;98.34;98.37;98.32;98.35;143
USDRUBF;5;20250210;172000;98.37;98.38;98.24;98.24;920
USDRUBF;5;20250210;172500;98.23;98.29;98.17;98.23;458
USDRUBF;5;20250210;173000;98.23;98.24;98.07;98.13;527
USDRUBF;5;20250210;173500;98.1;98.12;97.96;97.97;898
USDRUBF;5;20250210;174000;97.97;98.19;97.95;98.12;1521
USDRUBF;5;20250210;174500;98.15;98.16;98.02;98.05;711
USDRUBF;5;20250210;175000;98.05;98.08;97.97;98.03;635
USDRUBF;5;20250210;175500;98.04;98.1;98.02;98.09;112
USDRUBF;5;20250210;180000;98.08;98.08;97.91;97.95;798
USDRUBF;5;20250210;180500;97.93;97.97;97.9;97.97;198
USDRUBF;5;20250210;181000;97.98;98.02;97.94;97.98;264
USDRUBF;5;20250210;181500;97.94;98.01;97.88;98;454
USDRUBF;5;20250210;182000;98.02;98.07;98.01;98.06;380
USDRUBF;5;20250210;182500;98.06;98.12;98.02;98.02;309
USDRUBF;5;20250210;183000;98.02;98.07;97.97;97.97;304
USDRUBF;5;20250210;183500;97.97;97.99;97.9;97.91;171
USDRUBF;5;20250210;184000;97.9;97.96;97.9;97.95;173
USDRUBF;5;20250210;184500;97.91;97.94;97.83;97.92;624
USDRUBF;5;20250210;190500;97.93;98.01;97.9;97.92;384
USDRUBF;5;20250210;191000;97.91;97.94;97.9;97.91;80
USDRUBF;5;20250210;191500;97.9;97.93;97.85;97.93;118
USDRUBF;5;20250210;192000;97.94;98.05;97.93;97.98;123
USDRUBF;5;20250210;192500;97.99;98.05;97.99;98.02;95
USDRUBF;5;20250210;193000;98.02;98.05;98.01;98.02;46
USDRUBF;5;20250210;193500;98.04;98.04;98.02;98.03;33
USDRUBF;5;20250210;194000;98.02;98.09;98.02;98.07;127
USDRUBF;5;20250210;194500;98.07;98.07;98.04;98.07;68
USDRUBF;5;20250210;195000;98.05;98.06;98;98;109
USDRUBF;5;20250210;195500;98.02;98.07;98.02;98.07;76
USDRUBF;5;20250210;200000;98.06;98.07;98.03;98.03;95
USDRUBF;5;20250210;200500;98.06;98.07;98.04;98.07;50
USDRUBF;5;20250210;201000;98.04;98.08;98.04;98.08;38
USDRUBF;5;20250210;201500;98.06;98.08;98.04;98.04;60
USDRUBF;5;20250210;202000;98.04;98.06;98.04;98.06;24
USDRUBF;5;20250210;202500;98.04;98.06;98.03;98.03;51
USDRUBF;5;20250210;203000;98.03;98.05;98.03;98.05;15
USDRUBF;5;20250210;203500;98.05;98.05;98.03;98.03;6
USDRUBF;5;20250210;204000;98.02;98.03;98;98.01;43
USDRUBF;5;20250210;204500;98.03;98.05;98;98;85
USDRUBF;5;20250210;205000;98.03;98.04;98;98;24
USDRUBF;5;20250210;205500;98.01;98.02;98;98.02;52
USDRUBF;5;20250210;210000;98;98.04;98;98;94
USDRUBF;5;20250210;210500;98;98.01;98;98.01;22
USDRUBF;5;20250210;211000;98;98.02;98;98;69
USDRUBF;5;20250210;211500;97.99;97.99;97.97;97.97;9
USDRUBF;5;20250210;212000;97.97;97.99;97.96;97.99;22
USDRUBF;5;20250210;212500;98;98;97.98;98;4
USDRUBF;5;20250210;213000;97.98;98;97.98;98;7
USDRUBF;5;20250210;213500;98;98.01;98;98;13
USDRUBF;5;20250210;214000;97.98;97.98;97.98;97.98;1
USDRUBF;5;20250210;214500;97.98;98.01;97.98;98.01;25
USDRUBF;5;20250210;215000;98.01;98.01;98.01;98.01;8
USDRUBF;5;20250210;215500;98.01;98.03;98;98.03;83
USDRUBF;5;20250210;220000;98.03;98.03;98.03;98.03;2
USDRUBF;5;20250210;220500;98.03;98.04;97.94;97.95;294
USDRUBF;5;20250210;221000;97.95;97.95;97.93;97.94;39
USDRUBF;5;20250210;221500;97.93;97.94;97.93;97.94;29
USDRUBF;5;20250210;222000;97.94;97.95;97.93;97.93;11
USDRUBF;5;20250210;222500;97.95;97.95;97.94;97.95;87
USDRUBF;5;20250210;223000;97.95;97.95;97.94;97.95;122
USDRUBF;5;20250210;223500;97.95;98.05;97.94;98.03;3642
USDRUBF;5;20250210;224000;98.03;98.04;97.99;98.02;49
USDRUBF;5;20250210;224500;98.05;98.11;98.05;98.11;159
USDRUBF;5;20250210;225000;98.11;98.26;98.1;98.24;244
USDRUBF;5;20250210;225500;98.22;98.23;98.12;98.23;283
USDRUBF;5;20250210;230000;98.22;98.24;98.18;98.24;49
USDRUBF;5;20250210;230500;98.24;98.26;98.19;98.19;33
USDRUBF;5;20250210;231000;98.17;98.17;98.12;98.12;179
USDRUBF;5;20250210;231500;98.13;98.17;98.12;98.17;88
USDRUBF;5;20250210;232000;98.17;98.17;98.16;98.17;29
USDRUBF;5;20250210;232500;98.17;98.18;98.16;98.16;50
USDRUBF;5;20250210;233000;98.16;98.18;98.16;98.18;36
USDRUBF;5;20250210;233500;98.18;98.18;98.17;98.17;98
USDRUBF;5;20250210;234000;98.17;98.18;98.17;98.18;494
USDRUBF;5;20250210;234500;98.17;98.18;98.17;98.18;90
USDRUBF;5;20250211;090000;98.17;98.17;97.95;98;181
USDRUBF;5;20250211;090500;98.02;98.07;98.02;98.02;72
USDRUBF;5;20250211;091000;98.04;98.1;97.99;98.04;92
USDRUBF;5;20250211;091500;98.05;98.08;98.02;98.03;43
USDRUBF;5;20250211;092000;98.02;98.05;97.87;97.89;131
USDRUBF;5;20250211;092500;97.89;97.97;97.84;97.95;178
USDRUBF;5;20250211;093000;97.95;98.05;97.95;98;95
USDRUBF;5;20250211;093500;98;98;97.94;97.94;29
USDRUBF;5;20250211;094000;97.97;98;97.93;97.99;105
USDRUBF;5;20250211;094500;97.97;98;97.94;98;43
USDRUBF;5;20250211;095000;98;98.01;98;98.01;41
USDRUBF;5;20250211;095500;97.97;97.97;97.93;97.94;39
USDRUBF;5;20250211;100000;97.94;97.94;97.73;97.82;842
USDRUBF;5;20250211;100500;97.8;97.86;97.65;97.66;884
USDRUBF;5;20250211;101000;97.67;97.71;97.56;97.58;478
USDRUBF;5;20250211;101500;97.6;97.69;97.58;97.66;785
USDRUBF;5;20250211;102000;97.67;97.7;97.62;97.65;872
USDRUBF;5;20250211;102500;97.65;97.83;97.65;97.77;1004
USDRUBF;5;20250211;103000;97.78;97.85;97.78;97.85;769
USDRUBF;5;20250211;103500;97.85;97.85;97.8;97.84;623
USDRUBF;5;20250211;104000;97.84;97.84;97.75;97.81;332
USDRUBF;5;20250211;104500;97.82;97.85;97.73;97.73;122
USDRUBF;5;20250211;105000;97.72;97.83;97.7;97.8;160
USDRUBF;5;20250211;105500;97.8;97.85;97.71;97.8;137
USDRUBF;5;20250211;110000;97.8;97.8;97.68;97.7;643
USDRUBF;5;20250211;110500;97.72;97.76;97.7;97.73;354
USDRUBF;5;20250211;111000;97.74;97.83;97.73;97.83;206
USDRUBF;5;20250211;111500;97.8;98.16;97.75;98.12;1354
USDRUBF;5;20250211;112000;98.13;98.15;98.02;98.04;327
USDRUBF;5;20250211;112500;98.02;98.04;97.83;97.89;831
USDRUBF;5;20250211;113000;97.9;97.98;97.9;97.93;195
USDRUBF;5;20250211;113500;97.91;97.94;97.79;97.79;184
USDRUBF;5;20250211;114000;97.78;97.78;97.61;97.65;888
USDRUBF;5;20250211;114500;97.64;97.68;97.58;97.67;460
USDRUBF;5;20250211;115000;97.66;97.66;97.43;97.46;1074
USDRUBF;5;20250211;115500;97.46;97.62;97.37;97.62;1982
USDRUBF;5;20250211;120000;97.56;97.6;97.5;97.56;308
USDRUBF;5;20250211;120500;97.54;97.54;97.41;97.41;998
USDRUBF;5;20250211;121000;97.43;97.55;97.4;97.48;640
USDRUBF;5;20250211;121500;97.47;97.5;97.3;97.33;1045
USDRUBF;5;20250211;122000;97.33;97.39;97.29;97.33;951
USDRUBF;5;20250211;122500;97.35;97.39;97.3;97.34;701
USDRUBF;5;20250211;123000;97.35;97.36;97.3;97.33;120
USDRUBF;5;20250211;123500;97.34;97.35;97.29;97.29;199
USDRUBF;5;20250211;124000;97.3;97.32;97.21;97.32;716
USDRUBF;5;20250211;124500;97.31;97.35;97.24;97.34;340
USDRUBF;5;20250211;125000;97.34;97.47;97.29;97.45;550
USDRUBF;5;20250211;125500;97.47;97.49;97.36;97.46;468
USDRUBF;5;20250211;130000;97.46;97.5;97.42;97.5;464
USDRUBF;5;20250211;130500;97.5;97.5;97.34;97.38;560
USDRUBF;5;20250211;131000;97.37;97.41;97.32;97.37;474
USDRUBF;5;20250211;131500;97.36;97.38;97.25;97.32;1033
USDRUBF;5;20250211;132000;97.29;97.34;97.22;97.28;453
USDRUBF;5;20250211;132500;97.26;97.33;97.18;97.18;415
USDRUBF;5;20250211;133000;97.18;97.24;97.14;97.18;482
USDRUBF;5;20250211;133500;97.17;97.26;97.12;97.25;326
USDRUBF;5;20250211;134000;97.25;97.25;97.16;97.24;287
USDRUBF;5;20250211;134500;97.23;97.34;97.21;97.29;335
USDRUBF;5;20250211;135000;97.31;97.33;97.2;97.24;507
USDRUBF;5;20250211;135500;97.26;97.38;97.26;97.29;529
USDRUBF;5;20250211;140500;97.25;97.33;97.23;97.32;443
USDRUBF;5;20250211;141000;97.32;97.36;97.3;97.34;207
USDRUBF;5;20250211;141500;97.32;97.38;97.31;97.33;110
USDRUBF;5;20250211;142000;97.32;97.4;97.29;97.37;322
USDRUBF;5;20250211;142500;97.38;97.45;97.35;97.36;704
USDRUBF;5;20250211;143000;97.35;97.39;97.33;97.37;195
USDRUBF;5;20250211;143500;97.38;97.4;97.2;97.2;732
USDRUBF;5;20250211;144000;97.22;97.3;97.18;97.29;978
USDRUBF;5;20250211;144500;97.28;97.29;97.21;97.22;437
USDRUBF;5;20250211;145000;97.21;97.24;97.13;97.15;830
USDRUBF;5;20250211;145500;97.14;97.2;97.11;97.2;917
USDRUBF;5;20250211;150000;97.2;97.31;97.15;97.28;3026
USDRUBF;5;20250211;150500;97.28;97.3;97.26;97.29;1409
USDRUBF;5;20250211;151000;97.29;97.45;97.29;97.42;1628
USDRUBF;5;20250211;151500;97.42;97.57;97.39;97.57;2588
USDRUBF;5;20250211;152000;97.56;97.62;97.53;97.53;725
USDRUBF;5;20250211;152500;97.56;97.6;97.53;97.53;308
USDRUBF;5;20250211;153000;97.55;97.65;97.5;97.54;350
USDRUBF;5;20250211;153500;97.55;97.56;97.44;97.44;574
USDRUBF;5;20250211;154000;97.44;97.54;97.44;97.46;195
USDRUBF;5;20250211;154500;97.44;97.59;97.43;97.57;736
USDRUBF;5;20250211;155000;97.58;97.59;97.52;97.56;186
USDRUBF;5;20250211;155500;97.57;97.57;97.48;97.49;229
USDRUBF;5;20250211;160000;97.5;97.55;97.47;97.53;147
USDRUBF;5;20250211;160500;97.51;97.55;97.39;97.39;751
USDRUBF;5;20250211;161000;97.39;97.46;97.33;97.43;730
USDRUBF;5;20250211;161500;97.43;97.48;97.33;97.39;1500
USDRUBF;5;20250211;162000;97.4;97.46;97.39;97.4;168
USDRUBF;5;20250211;162500;97.42;97.53;97.42;97.46;216
USDRUBF;5;20250211;163000;97.45;97.45;97.36;97.38;141
USDRUBF;5;20250211;163500;97.37;97.39;97.35;97.37;132
USDRUBF;5;20250211;164000;97.38;97.39;97.26;97.28;322
USDRUBF;5;20250211;164500;97.31;97.31;97.2;97.22;246
USDRUBF;5;20250211;165000;97.23;97.23;97.12;97.16;323
USDRUBF;5;20250211;165500;97.13;97.28;97.12;97.28;304
USDRUBF;5;20250211;170000;97.29;97.32;97.19;97.22;361
USDRUBF;5;20250211;170500;97.24;97.25;97.1;97.21;1073
USDRUBF;5;20250211;171000;97.21;97.23;97.14;97.2;314
USDRUBF;5;20250211;171500;97.2;97.22;97.18;97.18;132
USDRUBF;5;20250211;172000;97.21;97.21;97.08;97.15;776
USDRUBF;5;20250211;172500;97.13;97.31;97.12;97.3;671
USDRUBF;5;20250211;173000;97.28;97.36;97.24;97.27;595
USDRUBF;5;20250211;173500;97.3;97.32;97.22;97.22;434
USDRUBF;5;20250211;174000;97.23;97.27;97.17;97.22;301
USDRUBF;5;20250211;174500;97.22;97.26;97.17;97.21;290
USDRUBF;5;20250211;175000;97.2;97.22;97.1;97.1;310
USDRUBF;5;20250211;175500;97.12;97.17;97.11;97.13;144
USDRUBF;5;20250211;180000;97.13;97.16;97.1;97.11;200
USDRUBF;5;20250211;180500;97.14;97.21;97.05;97.09;1062
USDRUBF;5;20250211;181000;97.11;97.18;97.07;97.16;366
USDRUBF;5;20250211;181500;97.18;97.19;97.07;97.07;469
USDRUBF;5;20250211;182000;97.07;97.08;97.02;97.04;432
USDRUBF;5;20250211;182500;97.04;97.1;96.95;96.98;1660
USDRUBF;5;20250211;183000;96.97;97.02;96.93;96.93;188
USDRUBF;5;20250211;183500;96.93;96.98;96.92;96.95;324
USDRUBF;5;20250211;184000;96.95;97.01;96.94;96.95;435
USDRUBF;5;20250211;184500;96.95;96.99;96.94;96.97;192
USDRUBF;5;20250211;190500;97;97.12;96.93;96.98;376
USDRUBF;5;20250211;191000;96.96;97.02;96.93;97;195
USDRUBF;5;20250211;191500;96.99;97.02;96.95;97;177
USDRUBF;5;20250211;192000;96.99;97;96.96;96.97;90
USDRUBF;5;20250211;192500;96.97;97.01;96.94;96.97;205
USDRUBF;5;20250211;193000;96.95;96.95;96.87;96.87;279
USDRUBF;5;20250211;193500;96.89;96.93;96.88;96.88;92
USDRUBF;5;20250211;194000;96.89;96.9;96.8;96.84;369
USDRUBF;5;20250211;194500;96.84;96.89;96.8;96.82;365
USDRUBF;5;20250211;195000;96.8;96.93;96.73;96.92;420
USDRUBF;5;20250211;195500;96.91;96.93;96.87;96.92;90
USDRUBF;5;20250211;200000;96.94;97.05;96.91;97.03;454
USDRUBF;5;20250211;200500;97.07;97.1;97.05;97.07;286
USDRUBF;5;20250211;201000;97.08;97.14;97.03;97.03;221
USDRUBF;5;20250211;201500;97.05;97.08;97.03;97.08;86
USDRUBF;5;20250211;202000;97.08;97.14;97.08;97.12;70
USDRUBF;5;20250211;202500;97.12;97.12;97.09;97.09;78
USDRUBF;5;20250211;203000;97.09;97.09;96.98;97.02;202
USDRUBF;5;20250211;203500;97.01;97.01;96.94;96.99;58
USDRUBF;5;20250211;204000;96.98;96.98;96.93;96.97;53
USDRUBF;5;20250211;204500;96.97;97;96.94;97;60
USDRUBF;5;20250211;205000;97.01;97.04;97;97.01;67
USDRUBF;5;20250211;205500;97.03;97.03;97.03;97.03;3
USDRUBF;5;20250211;210000;97.04;97.05;97.03;97.05;30
USDRUBF;5;20250211;210500;97.05;97.06;97.03;97.04;86
USDRUBF;5;20250211;211000;97.02;97.04;97;97.01;80
USDRUBF;5;20250211;211500;97.01;97.03;97.01;97.03;7
USDRUBF;5;20250211;212000;97.02;97.05;97.02;97.05;43
USDRUBF;5;20250211;212500;97.05;97.08;97.05;97.08;30
USDRUBF;5;20250211;213000;97.08;97.09;97.05;97.06;16
USDRUBF;5;20250211;213500;97.08;97.08;97.04;97.07;6
USDRUBF;5;20250211;214000;97.06;97.09;97.06;97.09;37
USDRUBF;5;20250211;214500;97.09;97.09;97.09;97.09;3
USDRUBF;5;20250211;215000;97.09;97.09;97.03;97.03;34
USDRUBF;5;20250211;215500;97.02;97.09;97.02;97.08;49
USDRUBF;5;20250211;220000;97.1;97.12;97.1;97.12;67
USDRUBF;5;20250211;220500;97.11;97.12;97.07;97.08;75
USDRUBF;5;20250211;221000;97.07;97.11;97.07;97.08;37
USDRUBF;5;20250211;221500;97.08;97.1;97.08;97.08;22
USDRUBF;5;20250211;222000;97.08;97.1;97.07;97.07;14
USDRUBF;5;20250211;222500;97.09;97.09;97.09;97.09;1
USDRUBF;5;20250211;223000;97.08;97.09;97.08;97.09;5
USDRUBF;5;20250211;223500;97.11;97.14;97.11;97.12;65
USDRUBF;5;20250211;224000;97.12;97.15;97.11;97.15;40
USDRUBF;5;20250211;224500;97.16;97.17;97.15;97.16;92
USDRUBF;5;20250211;225000;97.14;97.14;97.1;97.12;31
USDRUBF;5;20250211;225500;97.14;97.15;97.06;97.06;91
USDRUBF;5;20250211;230000;97.06;97.09;97.06;97.08;18
USDRUBF;5;20250211;230500;97.08;97.08;97.01;97.01;31
USDRUBF;5;20250211;231000;97.01;97.03;97;97;42
USDRUBF;5;20250211;231500;97;97.02;97;97.02;75
USDRUBF;5;20250211;232000;97.01;97.01;97;97.01;27
USDRUBF;5;20250211;232500;97.01;97.01;97;97.01;77
USDRUBF;5;20250211;233000;97.01;97.01;96.98;96.98;153
USDRUBF;5;20250211;233500;96.96;96.98;96.95;96.95;20
USDRUBF;5;20250211;234000;96.94;96.94;96.9;96.9;36
USDRUBF;5;20250211;234500;96.92;96.97;96.9;96.97;163
USDRUBF;5;20250212;090000;97.15;97.17;96.97;97.04;109
USDRUBF;5;20250212;090500;97.04;97.08;97;97;69
USDRUBF;5;20250212;091000;97;97.07;96.96;97.04;104
USDRUBF;5;20250212;091500;97.03;97.17;97.03;97.15;134
USDRUBF;5;20250212;092000;97.12;97.15;97.11;97.15;39
USDRUBF;5;20250212;092500;97.15;97.15;97.12;97.12;27
USDRUBF;5;20250212;093000;97.11;97.11;97.02;97.03;51
USDRUBF;5;20250212;093500;97.03;97.04;96.9;96.9;172
USDRUBF;5;20250212;094000;96.88;96.95;96.87;96.93;90
USDRUBF;5;20250212;094500;96.93;96.93;96.82;96.82;172
USDRUBF;5;20250212;095000;96.84;96.87;96.8;96.8;98
USDRUBF;5;20250212;095500;96.8;96.82;96.73;96.74;136
USDRUBF;5;20250212;100000;96.74;96.86;96.66;96.83;1157
USDRUBF;5;20250212;100500;96.84;96.84;96.66;96.69;1680
USDRUBF;5;20250212;101000;96.71;96.76;96.56;96.58;807
USDRUBF;5;20250212;101500;96.58;96.58;96.44;96.45;1288
USDRUBF;5;20250212;102000;96.46;96.55;96.4;96.5;1073
USDRUBF;5;20250212;102500;96.52;96.54;96.36;96.4;1209
USDRUBF;5;20250212;103000;96.38;96.4;96.33;96.36;2309
USDRUBF;5;20250212;103500;96.34;96.36;96.24;96.25;3151
USDRUBF;5;20250212;104000;96.28;96.3;96.2;96.23;658
USDRUBF;5;20250212;104500;96.23;96.24;96.08;96.17;1700
USDRUBF;5;20250212;105000;96.19;96.21;96.05;96.11;1981
USDRUBF;5;20250212;105500;96.09;96.11;96.01;96.04;1039
USDRUBF;5;20250212;110000;96.04;96.06;95.7;95.94;8019
USDRUBF;5;20250212;110500;95.93;95.96;95.88;95.92;2757
USDRUBF;5;20250212;111000;95.93;96.02;95.85;95.99;5214
USDRUBF;5;20250212;111500;95.96;96.05;95.9;95.99;2925
USDRUBF;5;20250212;112000;96;96.11;95.93;95.97;1784
USDRUBF;5;20250212;112500;95.99;96.01;95.87;95.93;2036
USDRUBF;5;20250212;113000;95.92;95.94;95.85;95.85;1490
USDRUBF;5;20250212;113500;95.85;95.89;95.8;95.8;3572
USDRUBF;5;20250212;114000;95.82;95.88;95.77;95.85;2158
USDRUBF;5;20250212;114500;95.84;95.84;95.53;95.6;4013
USDRUBF;5;20250212;115000;95.6;95.79;95.58;95.77;1910
USDRUBF;5;20250212;115500;95.79;95.91;95.72;95.8;992
USDRUBF;5;20250212;120000;95.82;95.93;95.81;95.87;1655
USDRUBF;5;20250212;120500;95.87;95.96;95.84;95.91;462
USDRUBF;5;20250212;121000;95.91;95.95;95.86;95.88;447
USDRUBF;5;20250212;121500;95.88;95.91;95.81;95.91;1028
USDRUBF;5;20250212;122000;95.88;95.92;95.74;95.75;792
USDRUBF;5;20250212;122500;95.75;95.89;95.72;95.83;608
USDRUBF;5;20250212;123000;95.83;95.94;95.82;95.93;586
USDRUBF;5;20250212;123500;95.91;96.02;95.86;95.99;472
USDRUBF;5;20250212;124000;96.02;96.12;95.99;96.12;757
USDRUBF;5;20250212;124500;96.12;96.22;96.04;96.09;1692
USDRUBF;5;20250212;125000;96.09;96.27;96.09;96.1;1338
USDRUBF;5;20250212;125500;96.1;96.12;96;96;412
USDRUBF;5;20250212;130000;96;96;95.9;95.98;767
USDRUBF;5;20250212;130500;95.98;95.98;95.87;95.93;248
USDRUBF;5;20250212;131000;95.91;95.93;95.81;95.89;657
USDRUBF;5;20250212;131500;95.89;95.89;95.77;95.82;2569
USDRUBF;5;20250212;132000;95.8;95.84;95.78;95.79;583
USDRUBF;5;20250212;132500;95.79;95.95;95.74;95.89;751
USDRUBF;5;20250212;133000;95.89;95.92;95.8;95.86;692
USDRUBF;5;20250212;133500;95.84;95.84;95.6;95.6;2326
USDRUBF;5;20250212;134000;95.6;95.79;95.51;95.79;1818
USDRUBF;5;20250212;134500;95.75;95.81;95.7;95.81;1184
USDRUBF;5;20250212;135000;95.8;95.85;95.66;95.71;1294
USDRUBF;5;20250212;135500;95.71;95.75;95.62;95.68;515
USDRUBF;5;20250212;140500;95.65;95.71;95.61;95.67;1236
USDRUBF;5;20250212;141000;95.7;95.82;95.66;95.8;1734
USDRUBF;5;20250212;141500;95.8;95.83;95.73;95.75;697
USDRUBF;5;20250212;142000;95.75;95.77;95.71;95.72;266
USDRUBF;5;20250212;142500;95.74;95.8;95.67;95.71;557
USDRUBF;5;20250212;143000;95.7;95.77;95.7;95.75;806
USDRUBF;5;20250212;143500;95.76;95.82;95.69;95.76;1801
USDRUBF;5;20250212;144000;95.75;95.84;95.73;95.78;337
USDRUBF;5;20250212;144500;95.79;95.9;95.79;95.83;689
USDRUBF;5;20250212;145000;95.83;95.84;95.78;95.8;364
USDRUBF;5;20250212;145500;95.83;96.02;95.83;95.98;716
USDRUBF;5;20250212;150000;95.98;96.06;95.97;96.02;372
USDRUBF;5;20250212;150500;96.02;96.06;95.96;96.01;1632
USDRUBF;5;20250212;151000;96.01;96.09;95.99;96.05;759
USDRUBF;5;20250212;151500;96.08;96.11;96.04;96.06;565
USDRUBF;5;20250212;152000;96.08;96.08;96.02;96.02;328
USDRUBF;5;20250212;152500;96.05;96.11;96.02;96.04;732
USDRUBF;5;20250212;153000;96.04;96.18;96.04;96.15;597
USDRUBF;5;20250212;153500;96.19;96.26;96.14;96.2;1638
USDRUBF;5;20250212;154000;96.18;96.18;95.97;96;810
USDRUBF;5;20250212;154500;95.99;96.08;95.93;96.05;1322
USDRUBF;5;20250212;155000;96.05;96.14;95.95;96.03;898
USDRUBF;5;20250212;155500;96.04;96.12;96.04;96.11;358
USDRUBF;5;20250212;160000;96.1;96.2;96.1;96.19;505
USDRUBF;5;20250212;160500;96.18;96.24;96.15;96.23;451
USDRUBF;5;20250212;161000;96.23;96.26;96.19;96.22;262
USDRUBF;5;20250212;161500;96.24;96.24;96.03;96.05;1807
USDRUBF;5;20250212;162000;96.05;96.05;95.96;95.97;1377
USDRUBF;5;20250212;162500;95.99;96;95.87;95.97;4547
USDRUBF;5;20250212;163000;95.99;96.09;95.99;96.09;2914
USDRUBF;5;20250212;163500;96.08;96.12;96.05;96.07;636
USDRUBF;5;20250212;164000;96.06;96.1;95.97;96.04;944
USDRUBF;5;20250212;164500;96.07;96.09;96;96.05;668
USDRUBF;5;20250212;165000;96.09;96.12;96.06;96.12;626
USDRUBF;5;20250212;165500;96.12;96.12;96.02;96.03;1227
USDRUBF;5;20250212;170000;96.02;96.15;96.02;96.12;1823
USDRUBF;5;20250212;170500;96.12;96.13;95.94;96;631
USDRUBF;5;20250212;171000;96;96.07;95.97;95.98;455
USDRUBF;5;20250212;171500;96.01;96.04;95.9;95.93;173
USDRUBF;5;20250212;172000;95.9;95.95;95.84;95.92;564
USDRUBF;5;20250212;172500;95.92;95.95;95.89;95.9;412
USDRUBF;5;20250212;173000;95.86;95.87;95.7;95.76;517
USDRUBF;5;20250212;173500;95.76;95.93;95.76;95.93;601
USDRUBF;5;20250212;174000;95.89;95.95;95.85;95.91;288
USDRUBF;5;20250212;174500;95.93;95.96;95.72;95.83;884
USDRUBF;5;20250212;175000;95.84;95.89;95.76;95.86;406
USDRUBF;5;20250212;175500;95.88;95.89;95.78;95.82;255
USDRUBF;5;20250212;180000;95.82;95.9;95.8;95.84;488
USDRUBF;5;20250212;180500;95.83;95.86;95.72;95.76;430
USDRUBF;5;20250212;181000;95.74;95.78;95.63;95.69;705
USDRUBF;5;20250212;181500;95.68;95.69;95.55;95.56;945
USDRUBF;5;20250212;182000;95.56;95.65;95.43;95.47;1655
USDRUBF;5;20250212;182500;95.47;95.5;95.39;95.48;1363
USDRUBF;5;20250212;183000;95.47;95.48;95.36;95.39;1515
USDRUBF;5;20250212;183500;95.39;95.45;95.29;95.29;1006
USDRUBF;5;20250212;184000;95.3;95.33;95.2;95.27;2077
USDRUBF;5;20250212;184500;95.27;95.31;95.22;95.3;671
USDRUBF;5;20250212;190500;95.31;95.51;95.21;95.5;1038
USDRUBF;5;20250212;191000;95.47;95.5;95.4;95.47;1101
USDRUBF;5;20250212;191500;95.45;95.47;95.33;95.35;491
USDRUBF;5;20250212;192000;95.39;95.41;95.31;95.36;372
USDRUBF;5;20250212;192500;95.33;95.37;95.33;95.37;252
USDRUBF;5;20250212;193000;95.4;95.46;95.39;95.43;462
USDRUBF;5;20250212;193500;95.44;95.45;95.3;95.32;683
USDRUBF;5;20250212;194000;95.32;95.35;95.21;95.33;408
USDRUBF;5;20250212;194500;95.33;95.37;95.15;95.15;418
USDRUBF;5;20250212;195000;95.17;95.26;95.12;95.23;257
USDRUBF;5;20250212;195500;95.26;95.27;95.1;95.11;1103
USDRUBF;5;20250212;200000;95.1;95.11;94.51;94.76;4102
USDRUBF;5;20250212;200500;94.78;94.91;94.61;94.85;1170
USDRUBF;5;20250212;201000;94.87;94.95;94.82;94.89;1203
USDRUBF;5;20250212;201500;94.89;94.95;94.7;94.7;678
USDRUBF;5;20250212;202000;94.68;94.68;94.2;94.31;3107
USDRUBF;5;20250212;202500;94.26;94.32;93.6;93.75;5488
USDRUBF;5;20250212;203000;93.75;94.17;93.73;94.17;2881
USDRUBF;5;20250212;203500;94.17;94.25;93.94;94.15;1908
USDRUBF;5;20250212;204000;94.15;94.27;94.12;94.14;625
USDRUBF;5;20250212;204500;94.13;94.34;94.12;94.34;352
USDRUBF;5;20250212;205000;94.34;94.43;94.05;94.13;2063
USDRUBF;5;20250212;205500;94.18;94.18;93.9;94.07;1249
USDRUBF;5;20250212;210000;94.04;94.04;93.6;93.6;2124
USDRUBF;5;20250212;210500;93.61;93.8;93.33;93.41;5955
USDRUBF;5;20250212;211000;93.41;93.63;93.33;93.39;901
USDRUBF;5;20250212;211500;93.36;93.67;93.3;93.3;1645
USDRUBF;5;20250212;212000;93.31;93.54;93.3;93.54;2839
USDRUBF;5;20250212;212500;93.54;93.84;93.53;93.69;1258
USDRUBF;5;20250212;213000;93.71;93.72;93.33;93.41;776
USDRUBF;5;20250212;213500;93.42;93.56;93.08;93.25;1892
USDRUBF;5;20250212;214000;93.23;93.4;93.01;93.09;2814
USDRUBF;5;20250212;214500;93.07;93.13;92.27;92.27;4461
USDRUBF;5;20250212;215000;92.31;92.5;91.76;92.5;6089
USDRUBF;5;20250212;215500;92.5;92.92;92.36;92.92;2504
USDRUBF;5;20250212;220000;92.92;93.18;92.85;92.97;2234
USDRUBF;5;20250212;220500;92.95;93.02;92.58;92.82;2122
USDRUBF;5;20250212;221000;92.82;93.21;92.72;93.21;1347
USDRUBF;5;20250212;221500;93.22;93.54;93.15;93.46;3137
USDRUBF;5;20250212;222000;93.47;93.74;93.16;93.16;2645
USDRUBF;5;20250212;222500;93.17;93.31;93.03;93.15;3012
USDRUBF;5;20250212;223000;93.15;93.3;92.54;92.74;2594
USDRUBF;5;20250212;223500;92.74;92.88;92.64;92.85;1097
USDRUBF;5;20250212;224000;92.85;92.85;92.42;92.5;4021
USDRUBF;5;20250212;224500;92.51;92.51;92.1;92.35;3287
USDRUBF;5;20250212;225000;92.35;92.51;92.12;92.3;2047
USDRUBF;5;20250212;225500;92.24;92.33;91.96;92.01;2396
USDRUBF;5;20250212;230000;92.03;92.31;92.01;92.16;1617
USDRUBF;5;20250212;230500;92.17;92.2;92.07;92.18;573
USDRUBF;5;20250212;231000;92.16;92.21;92.14;92.2;1047
USDRUBF;5;20250212;231500;92.2;92.43;92.02;92.37;1144
USDRUBF;5;20250212;232000;92.32;92.48;92.21;92.41;521
USDRUBF;5;20250212;232500;92.4;92.4;92.23;92.23;802
USDRUBF;5;20250212;233000;92.24;92.35;92.22;92.32;1479
USDRUBF;5;20250212;233500;92.32;92.33;92.23;92.26;1078
USDRUBF;5;20250212;234000;92.25;92.3;92.21;92.29;1097
USDRUBF;5;20250212;234500;92.29;92.46;92.26;92.46;1165
USDRUBF;5;20250213;090000;92.6;93.18;92.45;92.62;2478
USDRUBF;5;20250213;090500;92.6;92.72;92.45;92.59;829
USDRUBF;5;20250213;091000;92.62;92.85;92.55;92.66;1078
USDRUBF;5;20250213;091500;92.73;92.91;92.7;92.74;1096
USDRUBF;5;20250213;092000;92.8;93.03;92.75;92.95;834
USDRUBF;5;20250213;092500;92.96;93.05;92.68;92.68;1713
USDRUBF;5;20250213;093000;92.68;92.91;92.67;92.91;553
USDRUBF;5;20250213;093500;92.9;92.91;92.63;92.65;957
USDRUBF;5;20250213;094000;92.65;92.73;92.55;92.61;1275
USDRUBF;5;20250213;094500;92.61;92.64;92.5;92.53;1101
USDRUBF;5;20250213;095000;92.52;92.53;92.14;92.17;3453
USDRUBF;5;20250213;095500;92.17;92.25;92.13;92.17;2248
USDRUBF;5;20250213;100000;92.18;92.49;92.14;92.4;5096
USDRUBF;5;20250213;100500;92.4;92.79;92.3;92.72;3203
USDRUBF;5;20250213;101000;92.73;92.79;92.29;92.5;3479
USDRUBF;5;20250213;101500;92.55;92.56;92.37;92.41;2076
USDRUBF;5;20250213;102000;92.4;92.4;92.11;92.27;5631
USDRUBF;5;20250213;102500;92.26;92.73;92.24;92.67;2554
USDRUBF;5;20250213;103000;92.68;93.23;92.62;93.16;3134
USDRUBF;5;20250213;103500;93.16;93.24;92.99;93.03;3523
USDRUBF;5;20250213;104000;93.03;93.06;92.79;92.9;2153
USDRUBF;5;20250213;104500;92.9;92.95;92.83;92.94;841
USDRUBF;5;20250213;105000;92.94;93.3;92.93;93.3;3028
USDRUBF;5;20250213;105500;93.29;94.12;93.27;94.07;8353
USDRUBF;5;20250213;110000;94.02;94.15;93.47;93.66;4735
USDRUBF;5;20250213;110500;93.65;93.65;93.21;93.25;3201
USDRUBF;5;20250213;111000;93.22;93.68;93.2;93.37;2600
USDRUBF;5;20250213;111500;93.36;93.44;93.22;93.38;1718
USDRUBF;5;20250213;112000;93.38;93.39;93.28;93.33;693
USDRUBF;5;20250213;112500;93.33;93.34;93.25;93.31;599
USDRUBF;5;20250213;113000;93.29;93.3;93.1;93.11;917
USDRUBF;5;20250213;113500;93.14;93.25;92.97;93.21;2658
USDRUBF;5;20250213;114000;93.24;93.29;93.08;93.15;845
USDRUBF;5;20250213;114500;93.14;93.31;93.12;93.18;705
USDRUBF;5;20250213;115000;93.17;93.17;92.97;93.05;799
USDRUBF;5;20250213;115500;93.03;93.08;92.88;93.02;801
USDRUBF;5;20250213;120000;93.02;93.03;92.68;92.75;1705
USDRUBF;5;20250213;120500;92.72;93.04;92.72;93.04;753
USDRUBF;5;20250213;121000;93.05;93.07;92.8;92.93;1698
USDRUBF;5;20250213;121500;92.93;92.96;92.59;92.87;947
USDRUBF;5;20250213;122000;92.87;92.96;92.81;92.91;694
USDRUBF;5;20250213;122500;92.91;92.93;92.54;92.59;1771
USDRUBF;5;20250213;123000;92.58;93;92.56;92.9;1958
USDRUBF;5;20250213;123500;92.86;92.89;92.66;92.71;473
USDRUBF;5;20250213;124000;92.72;92.8;92.67;92.74;653
USDRUBF;5;20250213;124500;92.77;92.81;92.73;92.81;882
USDRUBF;5;20250213;125000;92.81;92.91;92.79;92.79;370
USDRUBF;5;20250213;125500;92.78;92.89;92.75;92.87;527
USDRUBF;5;20250213;130000;92.88;92.98;92.86;92.92;609
USDRUBF;5;20250213;130500;92.89;93.01;92.83;92.99;702
USDRUBF;5;20250213;131000;92.98;93.05;92.73;92.93;1770
USDRUBF;5;20250213;131500;92.95;93.05;92.89;92.94;676
USDRUBF;5;20250213;132000;92.97;93.11;92.95;93.09;603
USDRUBF;5;20250213;132500;93.06;93.33;93.03;93.22;905
USDRUBF;5;20250213;133000;93.24;93.42;93.19;93.26;1165
USDRUBF;5;20250213;133500;93.26;93.28;93.08;93.2;667
USDRUBF;5;20250213;134000;93.18;93.32;93.07;93.1;1025
USDRUBF;5;20250213;134500;93.1;93.14;92.98;92.99;807
USDRUBF;5;20250213;135000;93.02;93.04;92.93;92.96;426
USDRUBF;5;20250213;135500;92.96;93.12;92.87;93.12;516
USDRUBF;5;20250213;140500;93.1;93.15;93.05;93.11;397
USDRUBF;5;20250213;141000;93.13;93.13;93.01;93.05;480
USDRUBF;5;20250213;141500;93.08;93.19;93.06;93.06;693
USDRUBF;5;20250213;142000;93.11;93.11;92.98;92.99;977
USDRUBF;5;20250213;142500;92.99;93.04;92.92;93.02;529
USDRUBF;5;20250213;143000;93.02;93.06;92.99;92.99;485
USDRUBF;5;20250213;143500;92.99;93.03;92.96;93;647
USDRUBF;5;20250213;144000;93.02;93.08;92.99;93;387
USDRUBF;5;20250213;144500;93;93.03;92.97;93.01;217
USDRUBF;5;20250213;145000;93.01;93.03;92.91;92.94;417
USDRUBF;5;20250213;145500;92.93;92.94;92.86;92.87;781
USDRUBF;5;20250213;150000;92.87;92.99;92.86;92.9;757
USDRUBF;5;20250213;150500;92.9;92.95;92.81;92.84;759
USDRUBF;5;20250213;151000;92.85;92.86;92.78;92.8;494
USDRUBF;5;20250213;151500;92.8;92.87;92.78;92.83;580
USDRUBF;5;20250213;152000;92.8;92.84;92.63;92.63;568
USDRUBF;5;20250213;152500;92.64;92.82;92.64;92.77;342
USDRUBF;5;20250213;153000;92.79;92.9;92.79;92.89;210
USDRUBF;5;20250213;153500;92.87;93.17;92.86;93.17;1096
USDRUBF;5;20250213;154000;93.19;93.4;93.14;93.33;1215
USDRUBF;5;20250213;154500;93.32;93.65;93.32;93.52;1787
USDRUBF;5;20250213;155000;93.56;93.61;93.34;93.41;676
USDRUBF;5;20250213;155500;93.39;93.41;93.2;93.32;544
USDRUBF;5;20250213;160000;93.32;93.51;93.32;93.49;601
USDRUBF;5;20250213;160500;93.49;93.53;93.46;93.53;648
USDRUBF;5;20250213;161000;93.54;93.55;93.47;93.52;261
USDRUBF;5;20250213;161500;93.51;93.62;93.42;93.47;1649
USDRUBF;5;20250213;162000;93.48;93.5;93.43;93.46;458
USDRUBF;5;20250213;162500;93.47;93.53;93.4;93.42;491
USDRUBF;5;20250213;163000;93.41;93.43;93.14;93.32;996
USDRUBF;5;20250213;163500;93.3;93.33;93.22;93.29;435
USDRUBF;5;20250213;164000;93.27;93.32;93.15;93.21;624
USDRUBF;5;20250213;164500;93.19;93.19;92.94;93.05;725
USDRUBF;5;20250213;165000;93.05;93.1;92.97;93.01;556
USDRUBF;5;20250213;165500;93.01;93.01;92.93;92.96;687
USDRUBF;5;20250213;170000;92.93;93.01;92.9;92.99;530
USDRUBF;5;20250213;170500;93;93.23;92.99;93.23;1310
USDRUBF;5;20250213;171000;93.23;93.41;93.22;93.32;492
USDRUBF;5;20250213;171500;93.29;93.35;93.29;93.29;173
USDRUBF;5;20250213;172000;93.29;93.31;93.16;93.18;160
USDRUBF;5;20250213;172500;93.16;93.33;93.15;93.33;232
USDRUBF;5;20250213;173000;93.33;93.38;93.23;93.27;200
USDRUBF;5;20250213;173500;93.29;93.3;93.1;93.1;490
USDRUBF;5;20250213;174000;93.07;93.2;93.06;93.12;234
USDRUBF;5;20250213;174500;93.14;93.16;93.05;93.13;155
USDRUBF;5;20250213;175000;93.12;93.12;93.02;93.04;233
USDRUBF;5;20250213;175500;93.01;93.06;92.94;92.94;966
USDRUBF;5;20250213;180000;92.98;92.98;92.84;92.86;1584
USDRUBF;5;20250213;180500;92.89;92.9;92.59;92.75;1176
USDRUBF;5;20250213;181000;92.75;92.8;92.68;92.74;787
USDRUBF;5;20250213;181500;92.74;92.88;92.73;92.85;631
USDRUBF;5;20250213;182000;92.88;92.88;92.69;92.71;462
USDRUBF;5;20250213;182500;92.72;92.8;92.65;92.76;562
USDRUBF;5;20250213;183000;92.77;92.8;92.68;92.79;1022
USDRUBF;5;20250213;183500;92.76;92.86;92.7;92.79;508
USDRUBF;5;20250213;184000;92.79;92.8;92.78;92.79;506
USDRUBF;5;20250213;184500;92.8;92.8;92.75;92.75;356
USDRUBF;5;20250213;190500;92.88;93.06;92.45;92.66;1300
USDRUBF;5;20250213;191000;92.66;92.66;92.45;92.52;615
USDRUBF;5;20250213;191500;92.52;92.63;92.52;92.63;322
USDRUBF;5;20250213;192000;92.62;92.68;92.56;92.57;158
USDRUBF;5;20250213;192500;92.6;92.62;92.56;92.6;209
USDRUBF;5;20250213;193000;92.58;92.62;92.55;92.59;307
USDRUBF;5;20250213;193500;92.58;92.6;92.52;92.55;231
USDRUBF;5;20250213;194000;92.55;92.67;92.52;92.67;135
USDRUBF;5;20250213;194500;92.62;92.68;92.62;92.66;127
USDRUBF;5;20250213;195000;92.66;92.66;92.56;92.61;219
USDRUBF;5;20250213;195500;92.61;92.63;92.51;92.52;273
USDRUBF;5;20250213;200000;92.52;92.62;92.51;92.6;135
USDRUBF;5;20250213;200500;92.61;92.73;92.61;92.68;428
USDRUBF;5;20250213;201000;92.68;92.8;92.68;92.74;149
USDRUBF;5;20250213;201500;92.74;92.76;92.66;92.7;86
USDRUBF;5;20250213;202000;92.69;92.7;92.62;92.69;220
USDRUBF;5;20250213;202500;92.69;92.83;92.69;92.8;136
USDRUBF;5;20250213;203000;92.83;92.87;92.79;92.86;133
USDRUBF;5;20250213;203500;92.88;92.88;92.81;92.83;57
USDRUBF;5;20250213;204000;92.83;92.86;92.69;92.73;155
USDRUBF;5;20250213;204500;92.77;92.78;92.7;92.74;35
USDRUBF;5;20250213;205000;92.75;92.84;92.75;92.84;47
USDRUBF;5;20250213;205500;92.81;92.85;92.81;92.82;111
USDRUBF;5;20250213;210000;92.82;92.84;92.78;92.79;239
USDRUBF;5;20250213;210500;92.79;92.92;92.77;92.92;330
USDRUBF;5;20250213;211000;92.9;92.93;92.79;92.79;164
USDRUBF;5;20250213;211500;92.78;92.78;92.63;92.71;191
USDRUBF;5;20250213;212000;92.7;92.87;92.7;92.76;140
USDRUBF;5;20250213;212500;92.8;92.8;92.63;92.65;136
USDRUBF;5;20250213;213000;92.67;92.68;92.61;92.62;103
USDRUBF;5;20250213;213500;92.63;92.66;92.61;92.66;66
USDRUBF;5;20250213;214000;92.63;92.73;92.63;92.69;171
USDRUBF;5;20250213;214500;92.69;92.71;92.66;92.71;60
USDRUBF;5;20250213;215000;92.72;92.77;92.72;92.77;28
USDRUBF;5;20250213;215500;92.77;92.94;92.74;92.82;683
USDRUBF;5;20250213;220000;92.81;92.87;92.81;92.83;252
USDRUBF;5;20250213;220500;92.82;92.84;92.78;92.83;48
USDRUBF;5;20250213;221000;92.82;92.83;92.8;92.8;31
USDRUBF;5;20250213;221500;92.8;92.81;92.76;92.76;45
USDRUBF;5;20250213;222000;92.75;92.76;92.7;92.72;61
USDRUBF;5;20250213;222500;92.7;92.75;92.7;92.75;50
USDRUBF;5;20250213;223000;92.78;92.78;92.73;92.74;42
USDRUBF;5;20250213;223500;92.73;92.77;92.73;92.76;18
USDRUBF;5;20250213;224000;92.73;92.74;92.72;92.72;20
USDRUBF;5;20250213;224500;92.75;92.81;92.74;92.79;195
USDRUBF;5;20250213;225000;92.75;92.77;92.69;92.75;125
USDRUBF;5;20250213;225500;92.72;92.74;92.65;92.68;76
USDRUBF;5;20250213;230000;92.69;92.69;92.62;92.62;100
USDRUBF;5;20250213;230500;92.62;92.66;92.62;92.62;53
USDRUBF;5;20250213;231000;92.63;92.63;92.62;92.62;48
USDRUBF;5;20250213;231500;92.61;92.63;92.6;92.6;155
USDRUBF;5;20250213;232000;92.6;92.6;92.54;92.55;130
USDRUBF;5;20250213;232500;92.56;92.59;92.55;92.57;64
USDRUBF;5;20250213;233000;92.57;92.59;92.44;92.52;351
USDRUBF;5;20250213;233500;92.52;92.54;92.44;92.45;218
USDRUBF;5;20250213;234000;92.44;92.49;92.4;92.47;247
USDRUBF;5;20250213;234500;92.47;92.48;92.25;92.39;525
USDRUBF;5;20250214;090000;92.33;92.6;92.2;92.21;628
USDRUBF;5;20250214;090500;92.21;92.32;92.16;92.18;373
USDRUBF;5;20250214;091000;92.17;92.47;92.11;92.35;706
USDRUBF;5;20250214;091500;92.35;92.35;92.28;92.29;446
USDRUBF;5;20250214;092000;92.29;92.3;92.11;92.11;192
USDRUBF;5;20250214;092500;92.12;92.12;91.8;91.85;1945
USDRUBF;5;20250214;093000;91.84;91.88;91.8;91.84;1001
USDRUBF;5;20250214;093500;91.84;91.84;91.3;91.51;3713
USDRUBF;5;20250214;094000;91.49;91.85;91.47;91.77;867
USDRUBF;5;20250214;094500;91.76;91.81;91.41;91.76;1768
USDRUBF;5;20250214;095000;91.77;91.77;91.63;91.63;458
USDRUBF;5;20250214;095500;91.68;91.69;91.57;91.58;404
USDRUBF;5;20250214;100000;91.57;92.25;91.54;92.14;1625
USDRUBF;5;20250214;100500;92.18;92.35;92.04;92.16;1508
USDRUBF;5;20250214;101000;92.17;92.41;92.09;92.4;765
USDRUBF;5;20250214;101500;92.41;92.58;92.33;92.55;1315
USDRUBF;5;20250214;102000;92.59;92.76;92.5;92.56;1238
USDRUBF;5;20250214;102500;92.52;92.69;92.17;92.62;2593
USDRUBF;5;20250214;103000;92.59;92.91;92.59;92.79;4288
USDRUBF;5;20250214;103500;92.8;93.06;92.7;93.06;2119
USDRUBF;5;20250214;104000;93.06;93.06;92.72;92.74;933
USDRUBF;5;20250214;104500;92.75;92.87;92.62;92.7;721
USDRUBF;5;20250214;105000;92.73;92.77;92.47;92.52;606
USDRUBF;5;20250214;105500;92.52;92.59;92.46;92.56;381
USDRUBF;5;20250214;110000;92.58;92.65;92.51;92.55;188
USDRUBF;5;20250214;110500;92.57;92.75;92.55;92.58;1303
USDRUBF;5;20250214;111000;92.58;92.62;92.37;92.47;2564
USDRUBF;5;20250214;111500;92.45;92.45;92.14;92.14;1989
USDRUBF;5;20250214;112000;92.16;92.29;92.11;92.24;1742
USDRUBF;5;20250214;112500;92.18;92.29;92.15;92.19;1586
USDRUBF;5;20250214;113000;92.19;92.23;91.9;91.9;1960
USDRUBF;5;20250214;113500;91.91;92;91.81;91.97;2552
USDRUBF;5;20250214;114000;91.92;92.06;91.86;91.93;2572
USDRUBF;5;20250214;114500;91.91;92.09;91.91;92.05;447
USDRUBF;5;20250214;115000;92.05;92.05;91.8;91.87;1482
USDRUBF;5;20250214;115500;91.87;92.06;91.6;91.9;3869
USDRUBF;5;20250214;120000;91.92;91.93;91.77;91.85;359
USDRUBF;5;20250214;120500;91.86;92.12;91.86;92.11;838
USDRUBF;5;20250214;121000;92.1;92.22;92.02;92.18;916
USDRUBF;5;20250214;121500;92.17;92.18;91.89;92.11;427
USDRUBF;5;20250214;122000;92.13;92.16;92.07;92.13;298
USDRUBF;5;20250214;122500;92.11;92.15;91.97;92.01;900
USDRUBF;5;20250214;123000;91.99;92.36;91.97;92.33;850
USDRUBF;5;20250214;123500;92.34;92.46;92.15;92.42;898
USDRUBF;5;20250214;124000;92.44;92.49;92.32;92.33;729
USDRUBF;5;20250214;124500;92.34;92.34;92.25;92.31;691
USDRUBF;5;20250214;125000;92.29;92.38;92.25;92.36;1037
USDRUBF;5;20250214;125500;92.34;92.49;92.32;92.39;625
USDRUBF;5;20250214;130000;92.36;92.43;92.33;92.33;372
USDRUBF;5;20250214;130500;92.34;92.56;92.32;92.49;1026
USDRUBF;5;20250214;131000;92.49;92.56;92.36;92.45;738
USDRUBF;5;20250214;131500;92.43;92.5;92.38;92.4;365
USDRUBF;5;20250214;132000;92.4;92.65;92.4;92.61;371
USDRUBF;5;20250214;132500;92.65;92.79;92.61;92.76;979
USDRUBF;5;20250214;133000;92.79;92.8;92.65;92.79;882
USDRUBF;5;20250214;133500;92.79;92.91;92.76;92.91;638
USDRUBF;5;20250214;134000;92.91;92.91;92.77;92.84;643
USDRUBF;5;20250214;134500;92.86;92.9;92.77;92.83;565
USDRUBF;5;20250214;135000;92.81;92.86;92.62;92.65;1106
USDRUBF;5;20250214;135500;92.66;92.91;92.64;92.9;1766
USDRUBF;5;20250214;140500;92.9;93.16;92.82;92.96;2043
USDRUBF;5;20250214;141000;92.97;93.05;92.73;92.79;2446
USDRUBF;5;20250214;141500;92.78;92.92;92.69;92.77;1295
USDRUBF;5;20250214;142000;92.75;92.78;92.47;92.72;2215
USDRUBF;5;20250214;142500;92.73;92.97;92.72;92.92;1085
USDRUBF;5;20250214;143000;92.9;93.1;92.87;93.01;1322
USDRUBF;5;20250214;143500;93;93.03;92.75;92.88;544
USDRUBF;5;20250214;144000;92.88;93.06;92.86;93.03;774
USDRUBF;5;20250214;144500;93.03;93.06;92.94;92.98;585
USDRUBF;5;20250214;145000;92.99;93.03;92.93;92.98;456
USDRUBF;5;20250214;145500;92.99;93.01;92.95;92.96;226
USDRUBF;5;20250214;150000;92.99;93.15;92.88;93.15;2557
USDRUBF;5;20250214;150500;93.16;93.58;93.15;93.44;3332
USDRUBF;5;20250214;151000;93.44;93.55;93.26;93.44;1492
USDRUBF;5;20250214;151500;93.46;93.69;93.46;93.61;926
USDRUBF;5;20250214;152000;93.6;93.66;93.45;93.53;2273
USDRUBF;5;20250214;152500;93.53;93.75;93.52;93.66;1033
USDRUBF;5;20250214;153000;93.67;93.77;93.57;93.61;712
USDRUBF;5;20250214;153500;93.61;93.82;93.54;93.75;725
USDRUBF;5;20250214;154000;93.75;93.79;93.69;93.71;361
USDRUBF;5;20250214;154500;93.73;94;93.73;93.84;2025
USDRUBF;5;20250214;155000;93.87;93.98;93.82;93.94;810
USDRUBF;5;20250214;155500;93.95;94.02;93.87;93.91;2003
USDRUBF;5;20250214;160000;93.91;94.19;93.88;93.96;1563
USDRUBF;5;20250214;160500;93.96;94.35;93.96;94.31;1998
USDRUBF;5;20250214;161000;94.35;94.55;94.3;94.46;2312
USDRUBF;5;20250214;161500;94.49;94.5;94.32;94.35;2193
USDRUBF;5;20250214;162000;94.33;94.5;94.27;94.47;1717
USDRUBF;5;20250214;162500;94.47;94.49;94.03;94.1;2487
USDRUBF;5;20250214;163000;94.08;94.2;94.01;94.01;1702
USDRUBF;5;20250214;163500;94;94.35;93.86;94.3;2161
USDRUBF;5;20250214;164000;94.26;94.35;93.98;94.12;1879
USDRUBF;5;20250214;164500;94.15;94.29;94.08;94.08;983
USDRUBF;5;20250214;165000;94.1;94.14;93.67;93.72;2290
USDRUBF;5;20250214;165500;93.72;93.93;93.7;93.86;1931
USDRUBF;5;20250214;170000;93.87;93.94;93.81;93.93;619
USDRUBF;5;20250214;170500;93.94;94.2;93.93;94.11;2385
USDRUBF;5;20250214;171000;94.12;94.16;93.9;93.99;915
USDRUBF;5;20250214;171500;93.99;94.08;93.9;93.97;1401
USDRUBF;5;20250214;172000;93.99;94.01;93.87;93.98;1057
USDRUBF;5;20250214;172500;93.97;94;93.93;93.94;396
USDRUBF;5;20250214;173000;93.96;93.98;93.81;93.82;545
USDRUBF;5;20250214;173500;93.82;93.9;93.82;93.84;516
USDRUBF;5;20250214;174000;93.84;93.85;93.68;93.68;1289
USDRUBF;5;20250214;174500;93.68;93.73;93.5;93.66;1884
USDRUBF;5;20250214;175000;93.66;93.74;93.53;93.55;574
USDRUBF;5;20250214;175500;93.56;93.58;93.36;93.36;923
USDRUBF;5;20250214;180000;93.38;93.46;93.35;93.44;905
USDRUBF;5;20250214;180500;93.45;93.47;93.26;93.29;1018
USDRUBF;5;20250214;181000;93.28;93.38;93.25;93.38;508
USDRUBF;5;20250214;181500;93.38;93.56;93.33;93.56;756
USDRUBF;5;20250214;182000;93.53;93.73;93.49;93.66;856
USDRUBF;5;20250214;182500;93.66;93.75;93.58;93.65;746
USDRUBF;5;20250214;183000;93.66;93.69;93.41;93.47;920
USDRUBF;5;20250214;183500;93.47;93.48;93.11;93.2;1606
USDRUBF;5;20250214;184000;93.2;93.4;93.2;93.36;472
USDRUBF;5;20250214;184500;93.37;93.53;93.34;93.45;546
USDRUBF;5;20250214;190500;93.42;93.67;93.42;93.6;346
USDRUBF;5;20250214;191000;93.62;93.66;93.58;93.62;212
USDRUBF;5;20250214;191500;93.62;93.72;93.61;93.66;364
USDRUBF;5;20250214;192000;93.65;93.65;93.45;93.46;605
USDRUBF;5;20250214;192500;93.49;93.52;93.45;93.49;60
USDRUBF;5;20250214;193000;93.46;93.58;93.45;93.58;120
USDRUBF;5;20250214;193500;93.56;93.57;93.47;93.49;205
USDRUBF;5;20250214;194000;93.52;93.61;93.51;93.61;351
USDRUBF;5;20250214;194500;93.59;93.66;93.56;93.65;498
USDRUBF;5;20250214;195000;93.65;93.69;93.6;93.69;403
USDRUBF;5;20250214;195500;93.66;93.69;93.62;93.62;172
USDRUBF;5;20250214;200000;93.65;93.71;93.65;93.7;244
USDRUBF;5;20250214;200500;93.7;93.72;93.68;93.68;157
USDRUBF;5;20250214;201000;93.67;93.71;93.65;93.65;125
USDRUBF;5;20250214;201500;93.67;93.78;93.67;93.78;245
USDRUBF;5;20250214;202000;93.78;93.84;93.71;93.77;261
USDRUBF;5;20250214;202500;93.8;93.85;93.78;93.85;143
USDRUBF;5;20250214;203000;93.85;93.86;93.82;93.84;195
USDRUBF;5;20250214;203500;93.83;93.83;93.7;93.81;333
USDRUBF;5;20250214;204000;93.79;93.87;93.79;93.87;177
USDRUBF;5;20250214;204500;93.86;93.88;93.8;93.82;130
USDRUBF;5;20250214;205000;93.82;93.86;93.82;93.83;89
USDRUBF;5;20250214;205500;93.83;93.83;93.79;93.8;77
USDRUBF;5;20250214;210000;93.8;93.81;93.7;93.7;92
USDRUBF;5;20250214;210500;93.73;93.83;93.71;93.79;124
USDRUBF;5;20250214;211000;93.79;93.8;93.62;93.64;186
USDRUBF;5;20250214;211500;93.65;93.71;93.61;93.71;73
USDRUBF;5;20250214;212000;93.71;93.73;93.68;93.7;18
USDRUBF;5;20250214;212500;93.7;93.74;93.69;93.69;28
USDRUBF;5;20250214;213000;93.69;93.72;93.67;93.68;83
USDRUBF;5;20250214;213500;93.67;93.71;93.67;93.71;59
USDRUBF;5;20250214;214000;93.72;93.75;93.69;93.73;53
USDRUBF;5;20250214;214500;93.75;93.75;93.71;93.71;16
USDRUBF;5;20250214;215000;93.71;93.71;93.71;93.71;2
USDRUBF;5;20250214;215500;93.71;93.73;93.71;93.71;19
USDRUBF;5;20250214;220000;93.71;93.73;93.7;93.7;39
USDRUBF;5;20250214;220500;93.7;93.71;93.67;93.69;134
USDRUBF;5;20250214;221000;93.68;93.7;93.67;93.67;41
USDRUBF;5;20250214;221500;93.67;93.69;93.67;93.69;8
USDRUBF;5;20250214;222000;93.69;93.69;93.66;93.68;84
USDRUBF;5;20250214;222500;93.67;93.77;93.66;93.74;164
USDRUBF;5;20250214;223000;93.72;93.78;93.72;93.77;170
USDRUBF;5;20250214;223500;93.74;93.77;93.7;93.72;131
USDRUBF;5;20250214;224000;93.72;93.72;93.71;93.72;5
USDRUBF;5;20250214;224500;93.71;93.71;93.68;93.69;24
USDRUBF;5;20250214;225000;93.72;93.72;93.7;93.7;29
USDRUBF;5;20250214;225500;93.69;93.7;93.67;93.7;56
USDRUBF;5;20250214;230000;93.69;93.7;93.68;93.7;42
USDRUBF;5;20250214;230500;93.7;93.7;93.65;93.66;70
USDRUBF;5;20250214;231000;93.65;93.67;93.64;93.67;45
USDRUBF;5;20250214;231500;93.66;93.7;93.66;93.67;68
USDRUBF;5;20250214;232000;93.67;93.7;93.66;93.7;29
USDRUBF;5;20250214;232500;93.7;93.75;93.67;93.74;154
USDRUBF;5;20250214;233000;93.75;93.79;93.74;93.78;438
USDRUBF;5;20250214;233500;93.78;93.85;93.74;93.85;170
USDRUBF;5;20250214;234000;93.84;93.87;93.79;93.85;124
USDRUBF;5;20250214;234500;93.86;93.87;93.74;93.79;186
USDRUBF;5;20250217;090000;93.72;93.82;93.27;93.3;1118
USDRUBF;5;20250217;090500;93.29;93.3;92.93;93.14;1717
USDRUBF;5;20250217;091000;93.14;93.22;93.06;93.15;251
USDRUBF;5;20250217;091500;93.15;93.15;93.01;93.13;413
USDRUBF;5;20250217;092000;93.14;93.18;93.07;93.08;355
USDRUBF;5;20250217;092500;93.09;93.17;93.05;93.1;253
USDRUBF;5;20250217;093000;93.06;93.11;93.02;93.1;861
USDRUBF;5;20250217;093500;93.09;93.22;93.09;93.19;921
USDRUBF;5;20250217;094000;93.18;93.32;93.18;93.27;737
USDRUBF;5;20250217;094500;93.24;93.33;93.22;93.33;223
USDRUBF;5;20250217;095000;93.3;93.33;93.27;93.33;184
USDRUBF;5;20250217;095500;93.32;93.35;93.11;93.17;401
USDRUBF;5;20250217;100000;93.18;93.65;93.05;93.48;1111
USDRUBF;5;20250217;100500;93.44;93.65;92.91;93.34;2803
USDRUBF;5;20250217;101000;93.34;93.49;93.26;93.31;685
USDRUBF;5;20250217;101500;93.31;93.35;93.11;93.24;915
USDRUBF;5;20250217;102000;93.22;93.22;92.9;92.94;1146
USDRUBF;5;20250217;102500;92.94;92.95;92.56;92.62;2189
USDRUBF;5;20250217;103000;92.58;92.77;92.56;92.77;884
USDRUBF;5;20250217;103500;92.72;92.78;92.6;92.69;606
USDRUBF;5;20250217;104000;92.67;92.76;92.63;92.65;873
USDRUBF;5;20250217;104500;92.63;92.78;92.6;92.74;697
USDRUBF;5;20250217;105000;92.74;93.04;92.7;92.94;782
USDRUBF;5;20250217;105500;92.92;93.23;92.92;93.1;1681
USDRUBF;5;20250217;110000;93.1;93.3;93.04;93.04;761
USDRUBF;5;20250217;110500;93.07;93.17;93.03;93.09;260
USDRUBF;5;20250217;111000;93.12;93.15;93.03;93.06;239
USDRUBF;5;20250217;111500;93.07;93.19;93.06;93.11;303
USDRUBF;5;20250217;112000;93.11;93.14;93;93.07;396
USDRUBF;5;20250217;112500;93.04;93.09;92.88;92.98;592
USDRUBF;5;20250217;113000;92.97;93.13;92.95;93.13;225
USDRUBF;5;20250217;113500;93.14;93.17;93.09;93.17;169
USDRUBF;5;20250217;114000;93.17;93.26;93.12;93.22;705
USDRUBF;5;20250217;114500;93.22;93.25;93.1;93.13;369
USDRUBF;5;20250217;115000;93.13;93.24;93.1;93.24;163
USDRUBF;5;20250217;115500;93.24;93.29;93.2;93.28;668
USDRUBF;5;20250217;120000;93.27;93.43;93.27;93.29;1214
USDRUBF;5;20250217;120500;93.29;93.4;93.28;93.29;262
USDRUBF;5;20250217;121000;93.29;93.36;93.28;93.28;251
USDRUBF;5;20250217;121500;93.29;93.33;93.11;93.13;2377
USDRUBF;5;20250217;122000;93.16;93.23;93.14;93.19;1259
USDRUBF;5;20250217;122500;93.16;93.2;93.15;93.15;312
USDRUBF;5;20250217;123000;93.16;93.25;93.15;93.2;585
USDRUBF;5;20250217;123500;93.19;93.22;93.15;93.21;251
USDRUBF;5;20250217;124000;93.2;93.2;93.11;93.13;160
USDRUBF;5;20250217;124500;93.11;93.21;93.03;93.11;605
USDRUBF;5;20250217;125000;93.12;93.14;93.07;93.12;159
USDRUBF;5;20250217;125500;93.09;93.11;93;93.05;572
USDRUBF;5;20250217;130000;93.02;93.04;92.96;93;150
USDRUBF;5;20250217;130500;93;93;92.92;92.93;380
USDRUBF;5;20250217;131000;92.92;93.02;92.91;92.97;538
USDRUBF;5;20250217;131500;92.95;92.99;92.92;92.93;234
USDRUBF;5;20250217;132000;92.92;92.92;92.84;92.88;309
USDRUBF;5;20250217;132500;92.85;92.98;92.85;92.92;62
USDRUBF;5;20250217;133000;92.9;93.1;92.88;93.1;322
USDRUBF;5;20250217;133500;93.12;93.23;93.05;93.18;857
USDRUBF;5;20250217;134000;93.18;93.35;93.14;93.14;705
USDRUBF;5;20250217;134500;93.18;93.32;93.15;93.16;356
USDRUBF;5;20250217;135000;93.17;93.18;93.03;93.03;502
USDRUBF;5;20250217;135500;93.04;93.08;93.02;93.08;153
USDRUBF;5;20250217;140500;93.09;93.09;93;93.02;263
USDRUBF;5;20250217;141000;93.02;93.14;93.02;93.07;69
USDRUBF;5;20250217;141500;93.08;93.18;93.08;93.15;161
USDRUBF;5;20250217;142000;93.16;93.19;93.15;93.19;103
USDRUBF;5;20250217;142500;93.18;93.18;93.14;93.14;87
USDRUBF;5;20250217;143000;93.15;93.2;93.11;93.16;54
USDRUBF;5;20250217;143500;93.16;93.2;93.15;93.18;54
USDRUBF;5;20250217;144000;93.18;93.27;93.16;93.26;138
USDRUBF;5;20250217;144500;93.27;93.29;93.04;93.06;347
USDRUBF;5;20250217;145000;93.04;93.12;93.04;93.12;119
USDRUBF;5;20250217;145500;93.14;93.21;93.12;93.12;80
USDRUBF;5;20250217;150000;93.11;93.13;93.07;93.1;92
USDRUBF;5;20250217;150500;93.09;93.09;93.03;93.06;52
USDRUBF;5;20250217;151000;93.05;93.11;93.05;93.11;75
USDRUBF;5;20250217;151500;93.07;93.12;93.06;93.12;35
USDRUBF;5;20250217;152000;93.11;93.31;93.11;93.23;289
USDRUBF;5;20250217;152500;93.25;93.26;93.21;93.22;37
USDRUBF;5;20250217;153000;93.21;93.26;93.15;93.17;134
USDRUBF;5;20250217;153500;93.16;93.16;93.05;93.05;232
USDRUBF;5;20250217;154000;93.03;93.11;92.95;93.09;807
USDRUBF;5;20250217;154500;93.1;93.14;93.04;93.08;739
USDRUBF;5;20250217;155000;93.08;93.08;92.92;92.99;533
USDRUBF;5;20250217;155500;92.98;93.04;92.95;93.04;113
USDRUBF;5;20250217;160000;92.97;92.99;92.87;92.96;750
USDRUBF;5;20250217;160500;92.98;92.99;92.91;92.98;230
USDRUBF;5;20250217;161000;92.98;93;92.92;93;319
USDRUBF;5;20250217;161500;92.98;93.02;92.97;93;260
USDRUBF;5;20250217;162000;93;93.02;92.99;93.01;159
USDRUBF;5;20250217;162500;93.01;93.12;92.9;92.95;685
USDRUBF;5;20250217;163000;92.98;93;92.92;92.98;489
USDRUBF;5;20250217;163500;92.97;92.97;92.74;92.74;1288
USDRUBF;5;20250217;164000;92.75;92.9;92.66;92.85;779
USDRUBF;5;20250217;164500;92.84;92.96;92.81;92.87;369
USDRUBF;5;20250217;165000;92.87;92.9;92.7;92.75;603
USDRUBF;5;20250217;165500;92.74;92.95;92.74;92.76;622
USDRUBF;5;20250217;170000;92.75;92.75;92.56;92.66;1363
USDRUBF;5;20250217;170500;92.65;92.73;92.61;92.63;604
USDRUBF;5;20250217;171000;92.62;92.68;92.59;92.64;294
USDRUBF;5;20250217;171500;92.61;92.61;92.36;92.41;2704
USDRUBF;5;20250217;172000;92.42;92.42;92.26;92.28;996
USDRUBF;5;20250217;172500;92.29;92.37;92.05;92.1;1759
USDRUBF;5;20250217;173000;92.08;92.11;91.92;92.1;2220
USDRUBF;5;20250217;173500;92.08;92.25;92.06;92.24;1366
USDRUBF;5;20250217;174000;92.24;92.25;91.98;92.01;965
USDRUBF;5;20250217;174500;92.01;92.33;91.91;92.18;1600
USDRUBF;5;20250217;175000;92.18;92.26;92.16;92.26;687
USDRUBF;5;20250217;175500;92.24;92.24;92.15;92.19;422
USDRUBF;5;20250217;180000;92.19;92.19;92.03;92.05;923
USDRUBF;5;20250217;180500;92.04;92.13;91.93;91.95;666
USDRUBF;5;20250217;181000;91.95;92.14;91.87;92.02;1086
USDRUBF;5;20250217;181500;92.01;92.18;91.95;92.15;568
USDRUBF;5;20250217;182000;92.12;92.17;92.07;92.17;678
USDRUBF;5;20250217;182500;92.16;92.17;91.94;91.97;794
USDRUBF;5;20250217;183000;91.97;91.97;91.81;91.89;1244
USDRUBF;5;20250217;183500;91.91;91.99;91.87;91.94;331
USDRUBF;5;20250217;184000;91.94;91.97;91.84;91.88;461
USDRUBF;5;20250217;184500;91.88;91.92;91.83;91.85;298
USDRUBF;5;20250217;190500;91.99;92.14;91.86;92.07;598
USDRUBF;5;20250217;191000;92.1;92.12;92;92.03;446
USDRUBF;5;20250217;191500;92.04;92.09;91.93;91.95;662
USDRUBF;5;20250217;192000;91.98;92.1;91.94;92.09;200
USDRUBF;5;20250217;192500;92.08;92.1;92.02;92.08;142
USDRUBF;5;20250217;193000;92.07;92.09;92.03;92.03;93
USDRUBF;5;20250217;193500;92.02;92.05;91.8;91.8;1023
USDRUBF;5;20250217;194000;91.8;92.01;91.76;91.84;866
USDRUBF;5;20250217;194500;91.84;91.86;91.71;91.81;468
USDRUBF;5;20250217;195000;91.81;92.02;91.81;91.95;306
USDRUBF;5;20250217;195500;91.96;92.05;91.95;92.05;223
USDRUBF;5;20250217;200000;92.05;92.05;91.99;92.04;293
USDRUBF;5;20250217;200500;92.03;92.04;91.93;91.94;198
USDRUBF;5;20250217;201000;91.94;92.05;91.94;92.04;171
USDRUBF;5;20250217;201500;92.04;92.18;92.02;92.16;416
USDRUBF;5;20250217;202000;92.16;92.2;91.95;91.98;367
USDRUBF;5;20250217;202500;91.98;92.14;91.97;92.1;168
USDRUBF;5;20250217;203000;92.1;92.13;92.06;92.1;189
USDRUBF;5;20250217;203500;92.1;92.13;92.08;92.13;61
USDRUBF;5;20250217;204000;92.13;92.16;92.11;92.12;162
USDRUBF;5;20250217;204500;92.14;92.17;92.09;92.09;135
USDRUBF;5;20250217;205000;92.08;92.08;92.02;92.02;94
USDRUBF;5;20250217;205500;92.03;92.06;91.91;91.93;195
USDRUBF;5;20250217;210000;91.93;92.01;91.9;92;131
USDRUBF;5;20250217;210500;92.02;92.02;91.99;91.99;43
USDRUBF;5;20250217;211000;92;92.07;91.96;92.07;135
USDRUBF;5;20250217;211500;92.05;92.1;92.05;92.1;22
USDRUBF;5;20250217;212000;92.09;92.09;92.01;92.03;94
USDRUBF;5;20250217;212500;92;92;91.95;91.99;68
USDRUBF;5;20250217;213000;92;92.03;91.99;92;53
USDRUBF;5;20250217;213500;92;92.05;91.99;92.05;60
USDRUBF;5;20250217;214000;92.03;92.05;91.96;91.96;103
USDRUBF;5;20250217;214500;91.97;92.01;91.97;91.98;123
USDRUBF;5;20250217;215000;91.99;92;91.95;92;99
USDRUBF;5;20250217;215500;92;92;91.98;91.99;38
USDRUBF;5;20250217;220000;91.99;92;91.98;92;36
USDRUBF;5;20250217;220500;91.99;92.03;91.98;91.99;115
USDRUBF;5;20250217;221000;91.98;92.01;91.97;91.99;48
USDRUBF;5;20250217;221500;92.02;92.04;92;92.03;101
USDRUBF;5;20250217;222000;92.05;92.09;92.03;92.04;175
USDRUBF;5;20250217;222500;92.04;92.11;92.01;92.08;214
USDRUBF;5;20250217;223000;92.1;92.1;91.97;91.97;81
USDRUBF;5;20250217;223500;91.97;92.03;91.93;92.02;313
USDRUBF;5;20250217;224000;92.02;92.04;91.99;92.02;73
USDRUBF;5;20250217;224500;92;92.02;91.99;91.99;42
USDRUBF;5;20250217;225000;92.02;92.04;91.99;92.04;58
USDRUBF;5;20250217;225500;92.03;92.06;92.02;92.06;55
USDRUBF;5;20250217;230000;92.06;92.1;92.06;92.07;30
USDRUBF;5;20250217;230500;92.07;92.08;92.04;92.08;59
USDRUBF;5;20250217;231000;92.04;92.09;91.97;92;302
USDRUBF;5;20250217;231500;92;92.02;91.99;92.02;22
USDRUBF;5;20250217;232000;92;92.05;91.97;92.02;108
USDRUBF;5;20250217;232500;92.05;92.05;91.98;92.01;50
USDRUBF;5;20250217;233000;92.01;92.04;91.97;91.97;76
USDRUBF;5;20250217;233500;91.97;91.97;91.83;91.93;371
USDRUBF;5;20250217;234000;91.92;91.97;91.9;91.96;190
USDRUBF;5;20250217;234500;91.95;91.95;91.87;91.91;46
USDRUBF;5;20250218;090000;91.94;92.25;91.93;92.19;594
USDRUBF;5;20250218;090500;92.24;92.26;92.04;92.1;327
USDRUBF;5;20250218;091000;92.09;92.23;92.09;92.21;150
USDRUBF;5;20250218;091500;92.21;92.27;92.21;92.27;115
USDRUBF;5;20250218;092000;92.23;92.39;92.23;92.39;164
USDRUBF;5;20250218;092500;92.39;92.42;92.33;92.4;181
USDRUBF;5;20250218;093000;92.43;92.45;92.37;92.38;125
USDRUBF;5;20250218;093500;92.4;92.5;92.4;92.46;164
USDRUBF;5;20250218;094000;92.47;92.48;92.4;92.43;202
USDRUBF;5;20250218;094500;92.39;92.42;92.3;92.38;297
USDRUBF;5;20250218;095000;92.38;92.43;92.35;92.42;258
USDRUBF;5;20250218;095500;92.42;92.43;92.36;92.4;130
USDRUBF;5;20250218;100000;92.4;92.7;92.4;92.65;883
USDRUBF;5;20250218;100500;92.61;92.83;92.6;92.74;805
USDRUBF;5;20250218;101000;92.78;92.85;92.69;92.74;1166
USDRUBF;5;20250218;101500;92.75;92.8;92.5;92.7;903
USDRUBF;5;20250218;102000;92.66;92.84;92.56;92.79;692
USDRUBF;5;20250218;102500;92.8;92.84;92.72;92.8;171
USDRUBF;5;20250218;103000;92.79;92.81;92.7;92.72;314
USDRUBF;5;20250218;103500;92.71;92.71;92.6;92.7;403
USDRUBF;5;20250218;104000;92.7;92.71;92.56;92.56;362
USDRUBF;5;20250218;104500;92.56;92.7;92.54;92.62;1111
USDRUBF;5;20250218;105000;92.64;92.7;92.57;92.61;535
USDRUBF;5;20250218;105500;92.59;92.64;92.54;92.54;352
USDRUBF;5;20250218;110000;92.57;92.59;92.31;92.56;1734
USDRUBF;5;20250218;110500;92.57;92.63;92.56;92.6;1112
USDRUBF;5;20250218;111000;92.58;92.61;92.44;92.54;1026
USDRUBF;5;20250218;111500;92.53;92.62;92.47;92.62;398
USDRUBF;5;20250218;112000;92.58;92.63;92.57;92.57;295
USDRUBF;5;20250218;112500;92.58;92.59;92.53;92.54;775
USDRUBF;5;20250218;113000;92.51;92.56;92.42;92.54;1835
USDRUBF;5;20250218;113500;92.53;92.55;92.47;92.5;760
USDRUBF;5;20250218;114000;92.49;92.5;92.4;92.46;100
USDRUBF;5;20250218;114500;92.47;92.52;92.37;92.47;862
USDRUBF;5;20250218;115000;92.47;92.47;92.38;92.41;749
USDRUBF;5;20250218;115500;92.41;92.47;92.4;92.41;1420
USDRUBF;5;20250218;120000;92.41;92.41;92.27;92.34;1316
USDRUBF;5;20250218;120500;92.35;92.55;92.32;92.5;1969
USDRUBF;5;20250218;121000;92.52;92.54;92.39;92.42;643
USDRUBF;5;20250218;121500;92.47;92.62;92.46;92.51;1680
USDRUBF;5;20250218;122000;92.52;92.53;92.43;92.45;743
USDRUBF;5;20250218;122500;92.43;92.45;92.36;92.41;454
USDRUBF;5;20250218;123000;92.42;92.52;92.42;92.48;844
USDRUBF;5;20250218;123500;92.48;92.53;92.47;92.51;356
USDRUBF;5;20250218;124000;92.48;92.49;92.43;92.45;313
USDRUBF;5;20250218;124500;92.47;92.47;92.39;92.41;424
USDRUBF;5;20250218;125000;92.39;92.44;92.37;92.43;401
USDRUBF;5;20250218;125500;92.44;92.48;92.37;92.44;709
USDRUBF;5;20250218;130000;92.45;92.48;92.42;92.46;282
USDRUBF;5;20250218;130500;92.47;92.53;92.43;92.48;822
USDRUBF;5;20250218;131000;92.47;92.48;92.35;92.4;310
USDRUBF;5;20250218;131500;92.41;92.44;92.35;92.4;343
USDRUBF;5;20250218;132000;92.38;92.43;92.38;92.4;194
USDRUBF;5;20250218;132500;92.39;92.42;92.38;92.4;409
USDRUBF;5;20250218;133000;92.4;92.41;92.38;92.41;166
USDRUBF;5;20250218;133500;92.41;92.43;92.4;92.4;95
USDRUBF;5;20250218;134000;92.39;92.46;92.38;92.39;217
USDRUBF;5;20250218;134500;92.4;92.45;92.39;92.45;66
USDRUBF;5;20250218;135000;92.46;92.46;92.41;92.44;237
USDRUBF;5;20250218;135500;92.42;92.45;92.41;92.42;142
USDRUBF;5;20250218;140500;92.41;92.44;92.4;92.44;148
USDRUBF;5;20250218;141000;92.43;92.45;92.4;92.44;398
USDRUBF;5;20250218;141500;92.44;92.51;92.42;92.51;887
USDRUBF;5;20250218;142000;92.49;92.73;92.45;92.61;1768
USDRUBF;5;20250218;142500;92.6;92.66;92.45;92.52;1564
USDRUBF;5;20250218;143000;92.52;92.55;92.42;92.44;542
USDRUBF;5;20250218;143500;92.45;92.54;92.44;92.49;931
USDRUBF;5;20250218;144000;92.49;92.5;92.45;92.48;465
USDRUBF;5;20250218;144500;92.45;92.48;92.45;92.46;72
USDRUBF;5;20250218;145000;92.49;92.49;92.1;92.16;1052
USDRUBF;5;20250218;145500;92.15;92.29;92.01;92.21;1161
USDRUBF;5;20250218;150000;92.22;92.4;92.2;92.29;673
USDRUBF;5;20250218;150500;92.29;92.3;92.26;92.27;695
USDRUBF;5;20250218;151000;92.26;92.54;92.23;92.53;3725
USDRUBF;5;20250218;151500;92.55;92.87;92.54;92.75;1865
USDRUBF;5;20250218;152000;92.77;92.8;92.51;92.58;819
USDRUBF;5;20250218;152500;92.61;92.61;92.37;92.42;945
USDRUBF;5;20250218;153000;92.44;92.62;92.43;92.54;627
USDRUBF;5;20250218;153500;92.55;92.55;92.46;92.51;243
USDRUBF;5;20250218;154000;92.49;92.59;92.43;92.49;539
USDRUBF;5;20250218;154500;92.5;92.53;92.36;92.39;381
USDRUBF;5;20250218;155000;92.37;92.39;92.23;92.23;733
USDRUBF;5;20250218;155500;92.23;92.37;92.18;92.23;636
USDRUBF;5;20250218;160000;92.21;92.35;92.18;92.29;847
USDRUBF;5;20250218;160500;92.27;92.38;92.22;92.26;764
USDRUBF;5;20250218;161000;92.26;92.38;92.17;92.32;1803
USDRUBF;5;20250218;161500;92.32;92.44;92.32;92.44;530
USDRUBF;5;20250218;162000;92.45;92.55;92.42;92.46;367
USDRUBF;5;20250218;162500;92.47;92.49;92.32;92.32;210
USDRUBF;5;20250218;163000;92.32;92.39;92.12;92.15;730
USDRUBF;5;20250218;163500;92.15;92.45;92.13;92.45;1263
USDRUBF;5;20250218;164000;92.44;92.47;92.26;92.28;404
USDRUBF;5;20250218;164500;92.3;92.35;92.18;92.26;289
USDRUBF;5;20250218;165000;92.24;92.33;92.09;92.13;1954
USDRUBF;5;20250218;165500;92.13;92.2;92.09;92.18;456
USDRUBF;5;20250218;170000;92.18;92.21;92.13;92.17;117
USDRUBF;5;20250218;170500;92.15;92.27;92.13;92.26;214
USDRUBF;5;20250218;171000;92.26;92.42;92.26;92.34;847
USDRUBF;5;20250218;171500;92.38;92.42;92.3;92.41;387
USDRUBF;5;20250218;172000;92.4;92.42;92.27;92.32;465
USDRUBF;5;20250218;172500;92.33;92.38;92.29;92.34;688
USDRUBF;5;20250218;173000;92.33;92.41;92.33;92.39;265
USDRUBF;5;20250218;173500;92.4;92.49;92.37;92.46;892
USDRUBF;5;20250218;174000;92.49;92.5;92.4;92.48;450
USDRUBF;5;20250218;174500;92.48;92.57;92.35;92.45;795
USDRUBF;5;20250218;175000;92.45;92.49;92.37;92.44;342
USDRUBF;5;20250218;175500;92.45;92.46;92.41;92.45;208
USDRUBF;5;20250218;180000;92.45;92.6;92.45;92.56;804
USDRUBF;5;20250218;180500;92.56;92.66;92.56;92.59;628
USDRUBF;5;20250218;181000;92.58;92.6;92.48;92.56;517
USDRUBF;5;20250218;181500;92.58;92.65;92.56;92.61;705
USDRUBF;5;20250218;182000;92.61;92.61;92.45;92.47;567
USDRUBF;5;20250218;182500;92.45;92.55;92.43;92.47;376
USDRUBF;5;20250218;183000;92.49;92.57;92.49;92.51;326
USDRUBF;5;20250218;183500;92.49;92.51;92.49;92.51;49
USDRUBF;5;20250218;184000;92.51;92.51;92.48;92.49;355
USDRUBF;5;20250218;184500;92.5;92.52;92.46;92.46;597
USDRUBF;5;20250218;190500;92.49;92.59;92.46;92.58;347
USDRUBF;5;20250218;191000;92.58;92.63;92.58;92.61;176
USDRUBF;5;20250218;191500;92.6;92.63;92.57;92.57;116
USDRUBF;5;20250218;192000;92.58;92.63;92.54;92.63;60
USDRUBF;5;20250218;192500;92.62;92.62;92.59;92.62;61
USDRUBF;5;20250218;193000;92.59;92.65;92.59;92.61;263
USDRUBF;5;20250218;193500;92.6;92.63;92.58;92.62;123
USDRUBF;5;20250218;194000;92.62;92.62;92.57;92.59;158
USDRUBF;5;20250218;194500;92.57;92.61;92.53;92.55;204
USDRUBF;5;20250218;195000;92.55;92.55;92.51;92.55;89
USDRUBF;5;20250218;195500;92.52;92.56;92.51;92.54;70
USDRUBF;5;20250218;200000;92.55;92.57;92.54;92.57;17
USDRUBF;5;20250218;200500;92.57;92.62;92.56;92.6;89
USDRUBF;5;20250218;201000;92.62;92.7;92.6;92.69;401
USDRUBF;5;20250218;201500;92.69;92.74;92.65;92.65;206
USDRUBF;5;20250218;202000;92.65;92.69;92.64;92.68;63
USDRUBF;5;20250218;202500;92.68;92.73;92.67;92.71;85
USDRUBF;5;20250218;203000;92.71;92.72;92.66;92.72;163
USDRUBF;5;20250218;203500;92.68;92.74;92.68;92.74;96
USDRUBF;5;20250218;204000;92.72;92.77;92.69;92.7;178
USDRUBF;5;20250218;204500;92.7;92.7;92.66;92.67;60
USDRUBF;5;20250218;205000;92.68;92.7;92.66;92.68;78
USDRUBF;5;20250218;205500;92.7;92.73;92.69;92.73;56
USDRUBF;5;20250218;210000;92.73;92.74;92.71;92.74;82
USDRUBF;5;20250218;210500;92.75;92.75;92.71;92.71;57
USDRUBF;5;20250218;211000;92.71;92.74;92.61;92.66;123
USDRUBF;5;20250218;211500;92.66;92.66;92.58;92.58;157
USDRUBF;5;20250218;212000;92.59;92.65;92.57;92.65;81
USDRUBF;5;20250218;212500;92.62;92.63;92.54;92.54;168
USDRUBF;5;20250218;213000;92.54;92.59;92.53;92.56;72
USDRUBF;5;20250218;213500;92.57;92.62;92.57;92.6;21
USDRUBF;5;20250218;214000;92.61;92.7;92.59;92.66;73
USDRUBF;5;20250218;214500;92.64;92.67;92.62;92.67;35
USDRUBF;5;20250218;215000;92.65;92.74;92.63;92.71;107
USDRUBF;5;20250218;215500;92.72;92.78;92.72;92.78;104
USDRUBF;5;20250218;220000;92.77;92.78;92.74;92.75;64
USDRUBF;5;20250218;220500;92.75;92.75;92.72;92.72;15
USDRUBF;5;20250218;221000;92.74;92.74;92.72;92.73;40
USDRUBF;5;20250218;221500;92.73;92.74;92.7;92.71;42
USDRUBF;5;20250218;222000;92.72;92.72;92.7;92.7;7
USDRUBF;5;20250218;222500;92.7;92.71;92.68;92.68;40
USDRUBF;5;20250218;223000;92.68;92.68;92.62;92.62;77
USDRUBF;5;20250218;223500;92.64;92.64;92.62;92.62;15
USDRUBF;5;20250218;224000;92.63;92.63;92.61;92.61;22
USDRUBF;5;20250218;224500;92.61;92.62;92.61;92.61;10
USDRUBF;5;20250218;225000;92.63;92.63;92.6;92.61;39
USDRUBF;5;20250218;225500;92.6;92.64;92.59;92.64;37
USDRUBF;5;20250218;230000;92.63;92.67;92.61;92.64;89
USDRUBF;5;20250218;230500;92.64;92.64;92.61;92.64;4
USDRUBF;5;20250218;231000;92.64;92.64;92.61;92.61;13
USDRUBF;5;20250218;231500;92.6;92.64;92.6;92.64;10
USDRUBF;5;20250218;232000;92.62;92.63;92.61;92.61;22
USDRUBF;5;20250218;232500;92.61;92.63;92.6;92.61;37
USDRUBF;5;20250218;233000;92.61;92.65;92.6;92.64;334
USDRUBF;5;20250218;233500;92.64;92.66;92.62;92.62;71
USDRUBF;5;20250218;234000;92.62;92.62;92.61;92.62;28
USDRUBF;5;20250218;234500;92.62;92.64;92.57;92.57;181
USDRUBF;5;20250219;090000;92.56;92.6;92.45;92.52;242
USDRUBF;5;20250219;090500;92.6;92.74;92.59;92.66;105
USDRUBF;5;20250219;091000;92.71;92.73;92.68;92.71;11
USDRUBF;5;20250219;091500;92.69;92.71;92.61;92.66;71
USDRUBF;5;20250219;092000;92.66;92.66;92.51;92.51;208
USDRUBF;5;20250219;092500;92.51;92.51;92.29;92.42;657
USDRUBF;5;20250219;093000;92.43;92.43;92.33;92.33;70
USDRUBF;5;20250219;093500;92.32;92.4;92.29;92.4;129
USDRUBF;5;20250219;094000;92.39;92.42;92.33;92.35;141
USDRUBF;5;20250219;094500;92.33;92.33;92.3;92.3;97
USDRUBF;5;20250219;095000;92.31;92.31;92.26;92.26;108
USDRUBF;5;20250219;095500;92.26;92.29;92.21;92.27;216
USDRUBF;5;20250219;100000;92.24;92.45;92.24;92.42;443
USDRUBF;5;20250219;100500;92.41;92.47;92.4;92.44;205
USDRUBF;5;20250219;101000;92.45;92.46;92.33;92.46;509
USDRUBF;5;20250219;101500;92.46;92.46;92.29;92.29;569
USDRUBF;5;20250219;102000;92.3;92.34;92.29;92.29;263
USDRUBF;5;20250219;102500;92.29;92.29;92.05;92.17;829
USDRUBF;5;20250219;103000;92.2;92.24;92.11;92.2;656
USDRUBF;5;20250219;103500;92.2;92.25;92.2;92.25;179
USDRUBF;5;20250219;104000;92.24;92.3;92.2;92.22;284
USDRUBF;5;20250219;104500;92.2;92.22;92.06;92.19;749
USDRUBF;5;20250219;105000;92.17;92.24;92.07;92.17;550
USDRUBF;5;20250219;105500;92.17;92.25;92.15;92.17;877
USDRUBF;5;20250219;110000;92.16;92.17;92.07;92.08;606
USDRUBF;5;20250219;110500;92.08;92.2;92.07;92.15;327
USDRUBF;5;20250219;111000;92.16;92.29;92.16;92.21;385
USDRUBF;5;20250219;111500;92.22;92.32;92.16;92.29;133
USDRUBF;5;20250219;112000;92.31;92.41;92.3;92.35;907
USDRUBF;5;20250219;112500;92.36;92.36;92.27;92.27;263
USDRUBF;5;20250219;113000;92.26;92.36;92.24;92.32;402
USDRUBF;5;20250219;113500;92.34;92.34;92.23;92.25;171
USDRUBF;5;20250219;114000;92.27;92.32;92.2;92.29;275
USDRUBF;5;20250219;114500;92.28;92.28;92.13;92.19;411
USDRUBF;5;20250219;115000;92.17;92.18;92.06;92.07;421
USDRUBF;5;20250219;115500;92.07;92.19;92.07;92.19;290
USDRUBF;5;20250219;120000;92.19;92.19;92.08;92.08;153
USDRUBF;5;20250219;120500;92.08;92.11;92.03;92.11;290
USDRUBF;5;20250219;121000;92.11;92.11;92.04;92.06;149
USDRUBF;5;20250219;121500;92.07;92.13;92.05;92.07;313
USDRUBF;5;20250219;122000;92.07;92.1;92.04;92.04;233
USDRUBF;5;20250219;122500;92.04;92.09;91.92;91.93;1091
USDRUBF;5;20250219;123000;91.93;91.95;91.8;91.89;1043
USDRUBF;5;20250219;123500;91.87;91.95;91.84;91.95;337
USDRUBF;5;20250219;124000;91.93;91.97;91.83;91.86;384
USDRUBF;5;20250219;124500;91.88;91.88;91.76;91.86;1428
USDRUBF;5;20250219;125000;91.85;91.89;91.8;91.84;490
USDRUBF;5;20250219;125500;91.82;91.83;91.76;91.78;600
USDRUBF;5;20250219;130000;91.78;91.87;91.75;91.83;528
USDRUBF;5;20250219;130500;91.82;91.82;91.57;91.57;2609
USDRUBF;5;20250219;131000;91.57;91.76;91.52;91.73;2091
USDRUBF;5;20250219;131500;91.7;91.84;91.53;91.78;1777
USDRUBF;5;20250219;132000;91.79;91.83;91.64;91.69;1151
USDRUBF;5;20250219;132500;91.69;91.77;91.6;91.62;322
USDRUBF;5;20250219;133000;91.61;91.72;91.57;91.65;899
USDRUBF;5;20250219;133500;91.63;91.69;91.57;91.62;876
USDRUBF;5;20250219;134000;91.63;91.65;91.57;91.57;287
USDRUBF;5;20250219;134500;91.57;91.69;91.56;91.66;607
USDRUBF;5;20250219;135000;91.65;91.67;91.62;91.65;184
USDRUBF;5;20250219;135500;91.65;91.65;91.52;91.54;1143
USDRUBF;5;20250219;140500;91.54;91.65;91.41;91.51;1854
USDRUBF;5;20250219;141000;91.49;91.52;91.35;91.49;1187
USDRUBF;5;20250219;141500;91.49;91.57;91.46;91.52;578
USDRUBF;5;20250219;142000;91.52;91.74;91.52;91.69;956
USDRUBF;5;20250219;142500;91.7;91.85;91.62;91.65;1311
USDRUBF;5;20250219;143000;91.68;91.71;91.51;91.6;434
USDRUBF;5;20250219;143500;91.63;91.77;91.62;91.72;1086
USDRUBF;5;20250219;144000;91.73;91.74;91.5;91.53;748
USDRUBF;5;20250219;144500;91.52;91.59;91.51;91.54;171
USDRUBF;5;20250219;145000;91.6;91.81;91.55;91.75;486
USDRUBF;5;20250219;145500;91.72;91.74;91.67;91.7;138
USDRUBF;5;20250219;150000;91.74;91.78;91.7;91.71;540
USDRUBF;5;20250219;150500;91.71;91.75;91.68;91.75;162
USDRUBF;5;20250219;151000;91.75;91.75;91.65;91.65;182
USDRUBF;5;20250219;151500;91.69;91.73;91.64;91.73;141
USDRUBF;5;20250219;152000;91.7;91.82;91.68;91.79;581
USDRUBF;5;20250219;152500;91.77;91.83;91.77;91.83;122
USDRUBF;5;20250219;153000;91.83;91.85;91.69;91.69;759
USDRUBF;5;20250219;153500;91.68;91.8;91.66;91.73;628
USDRUBF;5;20250219;154000;91.75;91.84;91.75;91.78;260
USDRUBF;5;20250219;154500;91.78;91.9;91.76;91.85;637
USDRUBF;5;20250219;155000;91.84;91.9;91.81;91.85;229
USDRUBF;5;20250219;155500;91.82;91.85;91.71;91.74;331
USDRUBF;5;20250219;160000;91.71;91.79;91.64;91.67;230
USDRUBF;5;20250219;160500;91.68;91.79;91.67;91.75;98
USDRUBF;5;20250219;161000;91.76;91.76;91.66;91.68;129
USDRUBF;5;20250219;161500;91.65;91.67;91.54;91.54;364
USDRUBF;5;20250219;162000;91.56;91.61;91.46;91.49;1191
USDRUBF;5;20250219;162500;91.5;91.55;91.4;91.44;512
USDRUBF;5;20250219;163000;91.42;91.61;91.4;91.56;743
USDRUBF;5;20250219;163500;91.56;91.61;91.52;91.58;486
USDRUBF;5;20250219;164000;91.57;91.57;91.48;91.54;523
USDRUBF;5;20250219;164500;91.54;91.67;91.5;91.6;515
USDRUBF;5;20250219;165000;91.6;91.67;91.57;91.63;199
USDRUBF;5;20250219;165500;91.63;91.72;91.63;91.67;347
USDRUBF;5;20250219;170000;91.67;91.73;91.62;91.66;283
USDRUBF;5;20250219;170500;91.68;91.78;91.68;91.78;274
USDRUBF;5;20250219;171000;91.78;91.85;91.76;91.81;383
USDRUBF;5;20250219;171500;91.81;91.87;91.78;91.86;190
USDRUBF;5;20250219;172000;91.87;91.94;91.77;91.94;798
USDRUBF;5;20250219;172500;91.92;91.97;91.82;91.92;1314
USDRUBF;5;20250219;173000;91.91;91.94;91.88;91.94;556
USDRUBF;5;20250219;173500;91.93;92.13;91.93;92.12;1013
USDRUBF;5;20250219;174000;92.12;92.14;91.98;92.04;1788
USDRUBF;5;20250219;174500;92.04;92.08;91.97;92.01;549
USDRUBF;5;20250219;175000;92.02;92.05;91.99;92.05;706
USDRUBF;5;20250219;175500;92.04;92.05;91.98;92.03;648
USDRUBF;5;20250219;180000;92;92.05;91.97;92.03;357
USDRUBF;5;20250219;180500;92.05;92.14;92.05;92.07;639
USDRUBF;5;20250219;181000;92.07;92.07;91.84;91.9;1030
USDRUBF;5;20250219;181500;91.92;91.94;91.86;91.9;575
USDRUBF;5;20250219;182000;91.92;91.96;91.91;91.96;233
USDRUBF;5;20250219;182500;91.96;92.04;91.93;92.04;500
USDRUBF;5;20250219;183000;92.02;92.05;91.91;91.98;705
USDRUBF;5;20250219;183500;91.94;91.95;91.85;91.88;296
USDRUBF;5;20250219;184000;91.91;91.94;91.88;91.9;162
USDRUBF;5;20250219;184500;91.9;91.98;91.9;91.97;653
USDRUBF;5;20250219;190500;92;92.13;91.87;91.87;655
USDRUBF;5;20250219;191000;91.87;91.94;91.81;91.83;392
USDRUBF;5;20250219;191500;91.83;91.91;91.82;91.86;296
USDRUBF;5;20250219;192000;91.88;91.9;91.81;91.85;225
USDRUBF;5;20250219;192500;91.84;91.87;91.8;91.83;176
USDRUBF;5;20250219;193000;91.83;91.88;91.83;91.84;129
USDRUBF;5;20250219;193500;91.85;91.87;91.82;91.85;115
USDRUBF;5;20250219;194000;91.84;91.85;91.71;91.71;475
USDRUBF;5;20250219;194500;91.7;91.77;91.65;91.76;137
USDRUBF;5;20250219;195000;91.76;91.84;91.76;91.81;86
USDRUBF;5;20250219;195500;91.8;91.87;91.8;91.87;62
USDRUBF;5;20250219;200000;91.87;91.87;91.81;91.83;57
USDRUBF;5;20250219;200500;91.83;91.83;91.75;91.76;87
USDRUBF;5;20250219;201000;91.75;91.76;91.7;91.7;88
USDRUBF;5;20250219;201500;91.69;91.71;91.67;91.68;54
USDRUBF;5;20250219;202000;91.67;91.69;91.62;91.65;129
USDRUBF;5;20250219;202500;91.65;91.65;91.55;91.6;481
USDRUBF;5;20250219;203000;91.6;91.6;91.52;91.55;420
USDRUBF;5;20250219;203500;91.55;91.66;91.5;91.65;363
USDRUBF;5;20250219;204000;91.66;91.7;91.62;91.7;193
USDRUBF;5;20250219;204500;91.66;91.7;91.61;91.61;113
USDRUBF;5;20250219;205000;91.61;91.62;91.54;91.54;207
USDRUBF;5;20250219;205500;91.56;91.6;91.55;91.6;143
USDRUBF;5;20250219;210000;91.58;91.59;91.58;91.59;47
USDRUBF;5;20250219;210500;91.58;91.59;91.54;91.55;244
USDRUBF;5;20250219;211000;91.53;91.53;91.41;91.43;434
USDRUBF;5;20250219;211500;91.42;91.42;91.2;91.29;1266
USDRUBF;5;20250219;212000;91.26;91.32;91.19;91.28;315
USDRUBF;5;20250219;212500;91.27;91.31;91.21;91.21;166
USDRUBF;5;20250219;213000;91.25;91.44;91.17;91.43;288
USDRUBF;5;20250219;213500;91.43;91.44;91.33;91.33;151
USDRUBF;5;20250219;214000;91.33;91.41;91.31;91.33;334
USDRUBF;5;20250219;214500;91.33;91.35;91.32;91.35;78
USDRUBF;5;20250219;215000;91.35;91.36;91.34;91.36;72
USDRUBF;5;20250219;215500;91.37;91.4;91.37;91.39;79
USDRUBF;5;20250219;220000;91.4;91.4;91.33;91.33;80
USDRUBF;5;20250219;220500;91.33;91.34;91.25;91.3;305
USDRUBF;5;20250219;221000;91.27;91.37;91.27;91.36;185
USDRUBF;5;20250219;221500;91.36;91.4;91.36;91.4;105
USDRUBF;5;20250219;222000;91.38;91.39;91.36;91.39;108
USDRUBF;5;20250219;222500;91.39;91.42;91.38;91.41;76
USDRUBF;5;20250219;223000;91.42;91.5;91.41;91.5;159
USDRUBF;5;20250219;223500;91.5;91.5;91.48;91.5;34
USDRUBF;5;20250219;224000;91.51;91.53;91.47;91.49;28
USDRUBF;5;20250219;224500;91.49;91.53;91.47;91.53;73
USDRUBF;5;20250219;225000;91.53;91.54;91.51;91.52;30
USDRUBF;5;20250219;225500;91.52;91.53;91.47;91.47;83
USDRUBF;5;20250219;230000;91.48;91.49;91.44;91.44;61
USDRUBF;5;20250219;230500;91.44;91.47;91.44;91.45;11
USDRUBF;5;20250219;231000;91.44;91.44;91.41;91.44;35
USDRUBF;5;20250219;231500;91.44;91.49;91.41;91.49;61
USDRUBF;5;20250219;232000;91.49;91.5;91.47;91.48;46
USDRUBF;5;20250219;232500;91.49;91.5;91.47;91.5;46
USDRUBF;5;20250219;233000;91.51;91.52;91.48;91.52;94
USDRUBF;5;20250219;233500;91.5;91.52;91.4;91.41;146
USDRUBF;5;20250219;234000;91.41;91.49;91.41;91.49;24
USDRUBF;5;20250219;234500;91.49;91.54;91.45;91.54;79
USDRUBF;5;20250220;090000;91.49;91.52;91.34;91.49;223
USDRUBF;5;20250220;090500;91.53;91.67;91.42;91.5;380
USDRUBF;5;20250220;091000;91.51;91.51;91.38;91.47;215
USDRUBF;5;20250220;091500;91.44;91.46;91.34;91.41;128
USDRUBF;5;20250220;092000;91.4;91.4;91.33;91.34;173
USDRUBF;5;20250220;092500;91.34;91.4;91.33;91.36;85
USDRUBF;5;20250220;093000;91.39;91.52;91.36;91.5;161
USDRUBF;5;20250220;093500;91.5;91.6;91.43;91.46;324
USDRUBF;5;20250220;094000;91.48;91.48;91.4;91.41;316
USDRUBF;5;20250220;094500;91.41;91.5;91.38;91.42;148
USDRUBF;5;20250220;095000;91.43;91.54;91.42;91.49;82
USDRUBF;5;20250220;095500;91.46;91.46;91.44;91.46;233
USDRUBF;5;20250220;100000;91.46;91.67;91.46;91.65;1313
USDRUBF;5;20250220;100500;91.63;91.66;91.4;91.49;474
USDRUBF;5;20250220;101000;91.5;91.61;91.21;91.21;805
USDRUBF;5;20250220;101500;91.21;91.28;91.12;91.12;996
USDRUBF;5;20250220;102000;91.12;91.16;91;91.02;2059
USDRUBF;5;20250220;102500;91.02;91.05;90.77;90.84;3364
USDRUBF;5;20250220;103000;90.85;90.95;90.75;90.78;1548
USDRUBF;5;20250220;103500;90.78;90.8;90.64;90.71;1512
USDRUBF;5;20250220;104000;90.72;90.76;90.65;90.71;1042
USDRUBF;5;20250220;104500;90.71;90.94;90.67;90.87;1488
USDRUBF;5;20250220;105000;90.85;90.96;90.81;90.92;718
USDRUBF;5;20250220;105500;90.92;90.92;90.75;90.78;1021
USDRUBF;5;20250220;110000;90.76;90.89;90.75;90.84;559
USDRUBF;5;20250220;110500;90.84;90.85;90.74;90.77;1134
USDRUBF;5;20250220;111000;90.8;90.96;90.79;90.88;483
USDRUBF;5;20250220;111500;90.91;90.94;90.85;90.94;281
USDRUBF;5;20250220;112000;90.94;90.96;90.82;90.9;451
USDRUBF;5;20250220;112500;90.9;90.97;90.85;90.95;435
USDRUBF;5;20250220;113000;90.96;90.96;90.71;90.71;477
USDRUBF;5;20250220;113500;90.71;90.78;90.68;90.72;331
USDRUBF;5;20250220;114000;90.72;90.74;90.51;90.61;1155
USDRUBF;5;20250220;114500;90.61;90.64;90.37;90.39;1503
USDRUBF;5;20250220;115000;90.38;90.38;90.26;90.29;4486
USDRUBF;5;20250220;115500;90.26;90.3;90.26;90.29;1294
USDRUBF;5;20250220;120000;90.27;90.3;90.2;90.29;1862
USDRUBF;5;20250220;120500;90.3;90.44;90.29;90.43;1661
USDRUBF;5;20250220;121000;90.41;90.59;90.41;90.57;2270
USDRUBF;5;20250220;121500;90.58;90.64;90.45;90.53;1038
USDRUBF;5;20250220;122000;90.54;90.62;90.49;90.49;369
USDRUBF;5;20250220;122500;90.5;90.53;90.4;90.42;456
USDRUBF;5;20250220;123000;90.44;90.53;90.31;90.31;453
USDRUBF;5;20250220;123500;90.3;90.44;90.25;90.35;649
USDRUBF;5;20250220;124000;90.34;90.38;90.29;90.33;250
USDRUBF;5;20250220;124500;90.34;90.46;90.27;90.46;548
USDRUBF;5;20250220;125000;90.43;90.44;90.23;90.27;598
USDRUBF;5;20250220;125500;90.28;90.28;90.12;90.15;972
USDRUBF;5;20250220;130000;90.15;90.23;90.13;90.2;779
USDRUBF;5;20250220;130500;90.17;90.17;89.99;90.01;2530
USDRUBF;5;20250220;131000;90.03;90.06;89.94;89.99;1895
USDRUBF;5;20250220;131500;89.97;90.09;89.93;90;917
USDRUBF;5;20250220;132000;90.01;90.08;89.93;89.97;972
USDRUBF;5;20250220;132500;89.96;90.05;89.92;89.93;735
USDRUBF;5;20250220;133000;89.92;89.97;89.89;89.9;925
USDRUBF;5;20250220;133500;89.9;90;89.85;89.96;834
USDRUBF;5;20250220;134000;89.98;90.17;89.94;90.14;591
USDRUBF;5;20250220;134500;90.11;90.22;90.06;90.15;845
USDRUBF;5;20250220;135000;90.16;90.22;89.98;89.98;1172
USDRUBF;5;20250220;135500;89.98;90.09;89.95;89.96;812
USDRUBF;5;20250220;140500;89.95;89.98;89.81;89.81;989
USDRUBF;5;20250220;141000;89.81;89.92;89.75;89.88;1914
USDRUBF;5;20250220;141500;89.9;89.99;89.86;89.97;1157
USDRUBF;5;20250220;142000;89.98;90.05;89.92;89.99;1398
USDRUBF;5;20250220;142500;89.96;90.02;89.84;89.89;813
USDRUBF;5;20250220;143000;89.89;89.9;89.78;89.8;396
USDRUBF;5;20250220;143500;89.79;90.03;89.77;89.94;962
USDRUBF;5;20250220;144000;89.94;90.01;89.87;89.97;457
USDRUBF;5;20250220;144500;89.97;90;89.87;89.98;346
USDRUBF;5;20250220;145000;89.98;89.98;89.8;89.88;514
USDRUBF;5;20250220;145500;89.85;89.88;89.71;89.85;817
USDRUBF;5;20250220;150000;89.85;89.86;89.7;89.7;1436
USDRUBF;5;20250220;150500;89.7;89.89;89.7;89.86;1436
USDRUBF;5;20250220;151000;89.86;89.88;89.75;89.8;647
USDRUBF;5;20250220;151500;89.79;89.86;89.74;89.85;215
USDRUBF;5;20250220;152000;89.86;90.06;89.86;90.05;1127
USDRUBF;5;20250220;152500;90.03;90.19;89.95;90.18;1574
USDRUBF;5;20250220;153000;90.18;90.35;90.08;90.32;1120
USDRUBF;5;20250220;153500;90.31;90.35;90.12;90.17;834
USDRUBF;5;20250220;154000;90.18;90.27;89.97;90.21;1219
USDRUBF;5;20250220;154500;90.2;90.25;90.04;90.07;580
USDRUBF;5;20250220;155000;90.07;90.24;90.02;90.21;253
USDRUBF;5;20250220;155500;90.18;90.25;90.13;90.15;267
USDRUBF;5;20250220;160000;90.14;90.14;89.93;90;1056
USDRUBF;5;20250220;160500;90.01;90.16;90.01;90.09;199
USDRUBF;5;20250220;161000;90.08;90.12;89.98;90.08;343
USDRUBF;5;20250220;161500;90.09;90.18;90;90.05;387
USDRUBF;5;20250220;162000;90.07;90.07;89.93;89.95;511
USDRUBF;5;20250220;162500;89.95;89.96;89.86;89.93;747
USDRUBF;5;20250220;163000;89.93;89.96;89.86;89.9;436
USDRUBF;5;20250220;163500;89.9;89.95;89.88;89.93;213
USDRUBF;5;20250220;164000;89.93;89.96;89.9;89.92;438
USDRUBF;5;20250220;164500;89.91;89.91;89.72;89.74;863
USDRUBF;5;20250220;165000;89.74;89.96;89.6;89.92;3290
USDRUBF;5;20250220;165500;89.91;90.09;89.9;90.02;1074
USDRUBF;5;20250220;170000;90.03;90.04;89.97;90.01;434
USDRUBF;5;20250220;170500;90.02;90.06;89.97;90;272
USDRUBF;5;20250220;171000;90;90.05;89.89;89.99;1325
USDRUBF;5;20250220;171500;90;90.06;89.98;90.02;131
USDRUBF;5;20250220;172000;90.03;90.12;89.97;90.12;310
USDRUBF;5;20250220;172500;90.12;90.12;89.98;90;325
USDRUBF;5;20250220;173000;90;90.04;89.98;90.01;274
USDRUBF;5;20250220;173500;90;90.03;89.85;89.87;1107
USDRUBF;5;20250220;174000;89.88;89.91;89.77;89.85;2366
USDRUBF;5;20250220;174500;89.83;89.84;89.67;89.72;1406
USDRUBF;5;20250220;175000;89.7;89.75;89.66;89.72;518
USDRUBF;5;20250220;175500;89.73;89.74;89.71;89.73;195
USDRUBF;5;20250220;180000;89.73;89.84;89.71;89.78;1207
USDRUBF;5;20250220;180500;89.76;89.82;89.51;89.56;1098
USDRUBF;5;20250220;181000;89.54;89.73;89.5;89.69;1146
USDRUBF;5;20250220;181500;89.7;89.73;89.6;89.6;1005
USDRUBF;5;20250220;182000;89.62;89.62;89.4;89.49;1226
USDRUBF;5;20250220;182500;89.48;89.6;89.41;89.53;847
USDRUBF;5;20250220;183000;89.54;89.54;89.38;89.41;1654
USDRUBF;5;20250220;183500;89.42;89.44;89.34;89.36;598
USDRUBF;5;20250220;184000;89.35;89.42;89.34;89.36;655
USDRUBF;5;20250220;184500;89.37;89.4;89.35;89.36;265
USDRUBF;5;20250220;190500;89.37;89.65;89.33;89.6;579
USDRUBF;5;20250220;191000;89.61;89.64;89.52;89.52;447
USDRUBF;5;20250220;191500;89.53;89.53;89.22;89.22;709
USDRUBF;5;20250220;192000;89.22;89.35;89.2;89.27;727
USDRUBF;5;20250220;192500;89.28;89.4;89.28;89.29;262
USDRUBF;5;20250220;193000;89.27;89.32;89.2;89.24;432
USDRUBF;5;20250220;193500;89.21;89.29;89.11;89.13;825
USDRUBF;5;20250220;194000;89.14;89.14;89.02;89.12;709
USDRUBF;5;20250220;194500;89.1;89.11;89.01;89.07;423
USDRUBF;5;20250220;195000;89.07;89.13;89.06;89.08;234
USDRUBF;5;20250220;195500;89.08;89.16;89.08;89.12;62
USDRUBF;5;20250220;200000;89.13;89.18;89.01;89.01;850
USDRUBF;5;20250220;200500;89.01;89.06;88.9;88.91;1317
USDRUBF;5;20250220;201000;88.91;88.99;88.9;88.93;618
USDRUBF;5;20250220;201500;88.95;88.99;88.85;88.85;604
USDRUBF;5;20250220;202000;88.87;89;88.85;88.99;773
USDRUBF;5;20250220;202500;88.99;89.07;88.96;89.07;711
USDRUBF;5;20250220;203000;89.05;89.11;89.01;89.07;402
USDRUBF;5;20250220;203500;89.07;89.14;89.04;89.04;344
USDRUBF;5;20250220;204000;89.04;89.05;89;89.05;284
USDRUBF;5;20250220;204500;89.06;89.08;89.02;89.06;396
USDRUBF;5;20250220;205000;89.05;89.05;89.02;89.05;114
USDRUBF;5;20250220;205500;89.04;89.2;89.04;89.15;283
USDRUBF;5;20250220;210000;89.2;89.3;89.18;89.29;343
USDRUBF;5;20250220;210500;89.29;89.3;89.11;89.15;287
USDRUBF;5;20250220;211000;89.15;89.18;89.11;89.11;106
USDRUBF;5;20250220;211500;89.12;89.12;89.04;89.05;166
USDRUBF;5;20250220;212000;89.05;89.07;89.04;89.06;43
USDRUBF;5;20250220;212500;89.04;89.11;89.04;89.08;145
USDRUBF;5;20250220;213000;89.1;89.17;89.1;89.11;160
USDRUBF;5;20250220;213500;89.11;89.13;89.04;89.06;83
USDRUBF;5;20250220;214000;89.06;89.07;89.03;89.05;54
USDRUBF;5;20250220;214500;89.05;89.1;89.05;89.1;25
USDRUBF;5;20250220;215000;89.1;89.18;89;89.18;593
USDRUBF;5;20250220;215500;89.19;89.25;89.15;89.22;461
USDRUBF;5;20250220;220000;89.22;89.22;89.17;89.2;59
USDRUBF;5;20250220;220500;89.2;89.22;89.19;89.22;40
USDRUBF;5;20250220;221000;89.22;89.23;89.19;89.2;56
USDRUBF;5;20250220;221500;89.23;89.23;89.17;89.18;97
USDRUBF;5;20250220;222000;89.18;89.22;89.18;89.19;40
USDRUBF;5;20250220;222500;89.19;89.21;89.15;89.18;64
USDRUBF;5;20250220;223000;89.17;89.18;89.13;89.13;56
USDRUBF;5;20250220;223500;89.14;89.17;89.13;89.16;83
USDRUBF;5;20250220;224000;89.13;89.23;89.13;89.19;227
USDRUBF;5;20250220;224500;89.2;89.33;89.17;89.17;549
USDRUBF;5;20250220;225000;89.16;89.2;89.16;89.18;50
USDRUBF;5;20250220;225500;89.18;89.2;89.15;89.16;209
USDRUBF;5;20250220;230000;89.18;89.18;89.15;89.15;35
USDRUBF;5;20250220;230500;89.19;89.24;89.19;89.22;42
USDRUBF;5;20250220;231000;89.22;89.3;89.22;89.3;42
USDRUBF;5;20250220;231500;89.28;89.29;89.25;89.25;50
USDRUBF;5;20250220;232000;89.28;89.3;89.27;89.3;108
USDRUBF;5;20250220;232500;89.27;89.3;89.27;89.29;88
USDRUBF;5;20250220;233000;89.29;89.3;89.24;89.27;53
USDRUBF;5;20250220;233500;89.25;89.27;89.25;89.27;21
USDRUBF;5;20250220;234000;89.27;89.28;89.25;89.26;96
USDRUBF;5;20250220;234500;89.27;89.3;89.24;89.3;123
USDRUBF;5;20250221;090000;89.35;89.42;89.1;89.1;491
USDRUBF;5;20250221;090500;89.11;89.13;89;89;581
USDRUBF;5;20250221;091000;89;89.18;89;89.12;229
USDRUBF;5;20250221;091500;89.08;89.13;89.04;89.05;93
USDRUBF;5;20250221;092000;89.05;89.05;88.77;88.8;1093
USDRUBF;5;20250221;092500;88.77;88.92;88.77;88.84;519
USDRUBF;5;20250221;093000;88.85;89.05;88.82;89.02;586
USDRUBF;5;20250221;093500;89;89;88.87;88.88;385
USDRUBF;5;20250221;094000;88.88;88.88;88.8;88.8;288
USDRUBF;5;20250221;094500;88.82;89;88.81;88.97;309
USDRUBF;5;20250221;095000;88.97;89;88.92;88.95;214
USDRUBF;5;20250221;095500;88.97;89.09;88.92;89.01;406
USDRUBF;5;20250221;100000;89.02;89.1;88.64;88.96;1117
USDRUBF;5;20250221;100500;88.99;89.37;88.95;89.34;2021
USDRUBF;5;20250221;101000;89.34;89.54;89.32;89.37;1608
USDRUBF;5;20250221;101500;89.4;89.43;89.17;89.35;1073
USDRUBF;5;20250221;102000;89.34;89.69;89.26;89.64;1006
USDRUBF;5;20250221;102500;89.67;89.67;89.49;89.55;732
USDRUBF;5;20250221;103000;89.56;89.64;89.37;89.49;796
USDRUBF;5;20250221;103500;89.48;89.58;89.44;89.5;889
USDRUBF;5;20250221;104000;89.5;89.51;89.35;89.41;505
USDRUBF;5;20250221;104500;89.41;89.47;89.3;89.45;1198
USDRUBF;5;20250221;105000;89.44;89.48;89.38;89.45;971
USDRUBF;5;20250221;105500;89.45;89.62;89.45;89.53;952
USDRUBF;5;20250221;110000;89.54;89.56;89.28;89.33;772
USDRUBF;5;20250221;110500;89.35;89.45;89.35;89.41;536
USDRUBF;5;20250221;111000;89.39;89.46;89.39;89.45;304
USDRUBF;5;20250221;111500;89.46;89.49;89.33;89.33;413
USDRUBF;5;20250221;112000;89.32;89.36;89.13;89.36;820
USDRUBF;5;20250221;112500;89.35;89.44;89.29;89.44;494
USDRUBF;5;20250221;113000;89.45;89.48;89.33;89.39;436
USDRUBF;5;20250221;113500;89.38;89.49;89.38;89.48;202
USDRUBF;5;20250221;114000;89.48;89.5;89.44;89.44;69
USDRUBF;5;20250221;114500;89.44;89.55;89.43;89.51;134
USDRUBF;5;20250221;115000;89.51;89.55;89.36;89.38;344
USDRUBF;5;20250221;115500;89.37;89.44;89.33;89.43;115
USDRUBF;5;20250221;120000;89.44;89.46;89.22;89.22;570
USDRUBF;5;20250221;120500;89.21;89.32;89.07;89.07;760
USDRUBF;5;20250221;121000;89.07;89.3;89.02;89.3;778
USDRUBF;5;20250221;121500;89.29;89.34;89.2;89.26;428
USDRUBF;5;20250221;122000;89.27;89.27;89.09;89.14;397
USDRUBF;5;20250221;122500;89.11;89.17;89;89.12;956
USDRUBF;5;20250221;123000;89.12;89.27;89.1;89.22;471
USDRUBF;5;20250221;123500;89.21;89.33;89.2;89.28;908
USDRUBF;5;20250221;124000;89.29;89.29;89.19;89.23;334
USDRUBF;5;20250221;124500;89.23;89.29;89.14;89.24;388
USDRUBF;5;20250221;125000;89.24;89.4;89.24;89.36;2133
USDRUBF;5;20250221;125500;89.37;89.43;89.32;89.4;4684
USDRUBF;5;20250221;130000;89.4;89.43;89.32;89.35;2608
USDRUBF;5;20250221;130500;89.35;89.68;89.33;89.65;4882
USDRUBF;5;20250221;131000;89.67;89.77;89.65;89.65;2627
USDRUBF;5;20250221;131500;89.66;89.93;89.65;89.91;1773
USDRUBF;5;20250221;132000;89.9;90;89.87;89.9;1221
USDRUBF;5;20250221;132500;89.92;90.01;89.65;89.69;3202
USDRUBF;5;20250221;133000;89.69;89.76;89.55;89.6;3841
USDRUBF;5;20250221;133500;89.6;89.98;89.51;89.95;2855
USDRUBF;5;20250221;134000;89.98;90.19;89.94;90.08;2215
USDRUBF;5;20250221;134500;90.09;90.25;90.05;90.08;1176
USDRUBF;5;20250221;135000;90.08;90.1;89.95;90.03;960
USDRUBF;5;20250221;135500;90.05;90.1;89.96;90.09;619
USDRUBF;5;20250221;140500;90.09;90.26;90.09;90.25;1358
USDRUBF;5;20250221;141000;90.25;90.3;90.18;90.28;1171
USDRUBF;5;20250221;141500;90.3;90.41;90.17;90.17;2894
USDRUBF;5;20250221;142000;90.2;90.3;90.05;90.08;1442
USDRUBF;5;20250221;142500;90.08;90.08;89.95;89.99;1073
USDRUBF;5;20250221;143000;89.99;90.01;89.87;89.96;2593
USDRUBF;5;20250221;143500;89.96;89.98;89.95;89.98;612
USDRUBF;5;20250221;144000;89.95;89.98;89.83;89.89;1224
USDRUBF;5;20250221;144500;89.93;89.97;89.75;89.79;595
USDRUBF;5;20250221;145000;89.76;89.9;89.67;89.74;602
USDRUBF;5;20250221;145500;89.71;89.85;89.61;89.85;400
USDRUBF;5;20250221;150000;89.86;89.98;89.85;89.94;319
USDRUBF;5;20250221;150500;89.94;90;89.9;89.91;574
USDRUBF;5;20250221;151000;89.91;89.94;89.83;89.91;1306
USDRUBF;5;20250221;151500;89.9;90.03;89.9;90.01;1031
USDRUBF;5;20250221;152000;90;90.02;89.99;89.99;63
USDRUBF;5;20250221;152500;89.99;90.02;89.91;89.98;239
USDRUBF;5;20250221;153000;89.96;90.05;89.9;90.03;450
USDRUBF;5;20250221;153500;90.04;90.16;89.93;90.04;1220
USDRUBF;5;20250221;154000;90.04;90.1;90;90.05;196
USDRUBF;5;20250221;154500;90.08;90.19;90.06;90.09;213
USDRUBF;5;20250221;155000;90.1;90.11;89.99;90.04;248
USDRUBF;5;20250221;155500;90.02;90.33;90.02;90.31;2171
USDRUBF;5;20250221;160000;90.28;90.44;90.26;90.42;2267
USDRUBF;5;20250221;160500;90.42;90.43;90.33;90.38;1674
USDRUBF;5;20250221;161000;90.36;90.43;90.29;90.32;849
USDRUBF;5;20250221;161500;90.34;90.4;90.25;90.25;1383
USDRUBF;5;20250221;162000;90.25;90.25;90.1;90.15;1439
USDRUBF;5;20250221;162500;90.13;90.17;90.06;90.14;544
USDRUBF;5;20250221;163000;90.13;90.18;90.09;90.18;284
USDRUBF;5;20250221;163500;90.16;90.27;90.12;90.18;679
USDRUBF;5;20250221;164000;90.18;90.23;90.15;90.16;246
USDRUBF;5;20250221;164500;90.17;90.18;90.01;90.03;627
USDRUBF;5;20250221;165000;90.05;90.09;89.91;89.95;735
USDRUBF;5;20250221;165500;89.95;89.98;89.9;89.94;843
USDRUBF;5;20250221;170000;89.92;89.97;89.73;89.78;2355
USDRUBF;5;20250221;170500;89.78;89.83;89.72;89.78;612
USDRUBF;5;20250221;171000;89.81;89.81;89.68;89.72;2208
USDRUBF;5;20250221;171500;89.75;89.8;89.68;89.68;339
USDRUBF;5;20250221;172000;89.71;89.87;89.7;89.85;803
USDRUBF;5;20250221;172500;89.85;89.98;89.75;89.81;551
USDRUBF;5;20250221;173000;89.8;89.91;89.76;89.87;194
USDRUBF;5;20250221;173500;89.88;89.88;89.81;89.85;187
USDRUBF;5;20250221;174000;89.86;89.89;89.75;89.75;365
USDRUBF;5;20250221;174500;89.73;89.75;89.51;89.52;1260
USDRUBF;5;20250221;175000;89.54;89.54;89.37;89.48;681
USDRUBF;5;20250221;175500;89.48;89.5;89.42;89.44;409
USDRUBF;5;20250221;180000;89.44;89.44;89.28;89.37;803
USDRUBF;5;20250221;180500;89.38;89.44;89.3;89.32;891
USDRUBF;5;20250221;181000;89.32;89.38;89.28;89.34;376
USDRUBF;5;20250221;181500;89.34;89.44;89.27;89.44;848
USDRUBF;5;20250221;182000;89.45;89.52;89.33;89.35;1380
USDRUBF;5;20250221;182500;89.35;89.35;89.26;89.27;479
USDRUBF;5;20250221;183000;89.27;89.27;89.05;89.21;1958
USDRUBF;5;20250221;183500;89.16;89.18;89.04;89.06;571
USDRUBF;5;20250221;184000;89.06;89.16;89;89.01;503
USDRUBF;5;20250221;184500;89;89.11;89;89.03;549
USDRUBF;5;20250221;190500;89.17;89.18;88.97;89.03;612
USDRUBF;5;20250221;191000;89.06;89.21;89.02;89.16;237
USDRUBF;5;20250221;191500;89.17;89.22;89.16;89.17;241
USDRUBF;5;20250221;192000;89.2;89.22;89.17;89.19;50
USDRUBF;5;20250221;192500;89.19;89.19;89.03;89.03;253
USDRUBF;5;20250221;193000;89.04;89.13;89.04;89.09;311
USDRUBF;5;20250221;193500;89.08;89.08;89.06;89.07;74
USDRUBF;5;20250221;194000;89.06;89.06;88.93;88.96;219
USDRUBF;5;20250221;194500;88.97;88.98;88.88;88.92;307
USDRUBF;5;20250221;195000;88.96;89.11;88.96;89.08;310
USDRUBF;5;20250221;195500;89.08;89.1;89;89.07;373
USDRUBF;5;20250221;200000;89.07;89.1;89.02;89.09;239
USDRUBF;5;20250221;200500;89.1;89.12;89.07;89.09;97
USDRUBF;5;20250221;201000;89.1;89.19;89.1;89.16;150
USDRUBF;5;20250221;201500;89.17;89.19;89.15;89.19;42
USDRUBF;5;20250221;202000;89.18;89.2;89.16;89.2;33
USDRUBF;5;20250221;202500;89.2;89.2;89.15;89.17;47
USDRUBF;5;20250221;203000;89.15;89.15;89.1;89.1;96
USDRUBF;5;20250221;203500;89.11;89.12;89.05;89.12;124
USDRUBF;5;20250221;204000;89.13;89.13;89.11;89.11;13
USDRUBF;5;20250221;204500;89.11;89.13;89.08;89.13;22
USDRUBF;5;20250221;205000;89.13;89.16;89.13;89.16;16
USDRUBF;5;20250221;205500;89.17;89.18;89.15;89.15;37
USDRUBF;5;20250221;210000;89.16;89.16;89.1;89.1;60
USDRUBF;5;20250221;210500;89.1;89.1;89.06;89.07;34
USDRUBF;5;20250221;211000;89.07;89.15;89.06;89.15;80
USDRUBF;5;20250221;211500;89.14;89.17;89.1;89.17;22
USDRUBF;5;20250221;212000;89.17;89.2;89.17;89.2;34
USDRUBF;5;20250221;212500;89.19;89.2;89.17;89.2;69
USDRUBF;5;20250221;213000;89.17;89.23;89.17;89.23;113
USDRUBF;5;20250221;213500;89.23;89.33;89.23;89.3;475
USDRUBF;5;20250221;214000;89.31;89.31;89.26;89.26;117
USDRUBF;5;20250221;214500;89.27;89.28;89.24;89.24;42
USDRUBF;5;20250221;215000;89.27;89.29;89.26;89.27;46
USDRUBF;5;20250221;215500;89.29;89.33;89.29;89.3;114
USDRUBF;5;20250221;220000;89.31;89.34;89.3;89.3;71
USDRUBF;5;20250221;220500;89.3;89.3;89.29;89.29;8
USDRUBF;5;20250221;221000;89.3;89.3;89.28;89.3;57
USDRUBF;5;20250221;221500;89.29;89.31;89.24;89.28;240
USDRUBF;5;20250221;222000;89.3;89.34;89.26;89.34;437
USDRUBF;5;20250221;222500;89.32;89.37;89.32;89.35;228
USDRUBF;5;20250221;223000;89.36;89.39;89.36;89.39;236
USDRUBF;5;20250221;223500;89.38;89.39;89.36;89.38;125
USDRUBF;5;20250221;224000;89.38;89.39;89.38;89.39;79
USDRUBF;5;20250221;224500;89.38;89.39;89.37;89.39;55
USDRUBF;5;20250221;225000;89.39;89.4;89.39;89.4;149
USDRUBF;5;20250221;225500;89.4;89.4;89.38;89.4;55
USDRUBF;5;20250221;230000;89.4;89.44;89.39;89.43;435
USDRUBF;5;20250221;230500;89.44;89.44;89.39;89.39;59
USDRUBF;5;20250221;231000;89.37;89.38;89.31;89.32;74
USDRUBF;5;20250221;231500;89.34;89.34;89.3;89.32;61
USDRUBF;5;20250221;232000;89.31;89.35;89.26;89.34;248
USDRUBF;5;20250221;232500;89.34;89.34;89.3;89.33;82
USDRUBF;5;20250221;233000;89.32;89.37;89.31;89.37;106
USDRUBF;5;20250221;233500;89.37;89.38;89.37;89.38;15
USDRUBF;5;20250221;234000;89.37;89.38;89.02;89.32;506
USDRUBF;5;20250221;234500;89.34;89.39;89.22;89.29;127
USDRUBF;5;20250224;090000;89.29;89.29;89.05;89.16;456
USDRUBF;5;20250224;090500;89.16;89.16;88.7;88.7;1763
USDRUBF;5;20250224;091000;88.75;88.87;88.7;88.85;499
USDRUBF;5;20250224;091500;88.82;89;88.81;88.95;386
USDRUBF;5;20250224;092000;88.95;89.02;88.88;88.88;369
USDRUBF;5;20250224;092500;88.87;88.95;88.84;88.91;357
USDRUBF;5;20250224;093000;88.92;89.08;88.92;88.98;315
USDRUBF;5;20250224;093500;88.95;89.03;88.94;89.03;62
USDRUBF;5;20250224;094000;89.02;89.04;88.81;88.81;329
USDRUBF;5;20250224;094500;88.82;88.93;88.79;88.88;341
USDRUBF;5;20250224;095000;88.89;88.89;88.81;88.83;346
USDRUBF;5;20250224;095500;88.84;88.93;88.8;88.92;409
USDRUBF;5;20250224;100000;88.92;89.12;88.73;88.93;1102
USDRUBF;5;20250224;100500;88.91;89.57;88.91;89.46;1439
USDRUBF;5;20250224;101000;89.47;89.49;89.2;89.23;1475
USDRUBF;5;20250224;101500;89.27;89.47;89.2;89.45;903
USDRUBF;5;20250224;102000;89.46;89.51;89.27;89.33;1650
USDRUBF;5;20250224;102500;89.33;89.61;89.33;89.51;703
USDRUBF;5;20250224;103000;89.54;89.55;89.3;89.35;968
USDRUBF;5;20250224;103500;89.33;89.52;89.33;89.33;605
USDRUBF;5;20250224;104000;89.34;89.38;89.28;89.38;834
USDRUBF;5;20250224;104500;89.38;89.53;89.33;89.44;1076
USDRUBF;5;20250224;105000;89.46;89.5;89.37;89.45;697
USDRUBF;5;20250224;105500;89.45;89.84;89.45;89.68;1705
USDRUBF;5;20250224;110000;89.74;89.94;89.62;89.7;1625
USDRUBF;5;20250224;110500;89.68;89.68;89.35;89.35;594
USDRUBF;5;20250224;111000;89.4;89.47;89.28;89.41;411
USDRUBF;5;20250224;111500;89.4;89.58;89.36;89.57;328
USDRUBF;5;20250224;112000;89.54;89.54;89.16;89.32;827
USDRUBF;5;20250224;112500;89.36;89.5;89.35;89.43;396
USDRUBF;5;20250224;113000;89.45;89.45;89.16;89.19;453
USDRUBF;5;20250224;113500;89.17;89.32;89.12;89.17;677
USDRUBF;5;20250224;114000;89.19;89.24;89.12;89.16;165
USDRUBF;5;20250224;114500;89.21;89.29;89.2;89.23;239
USDRUBF;5;20250224;115000;89.26;89.26;89.12;89.12;297
USDRUBF;5;20250224;115500;89.18;89.22;89.09;89.16;550
USDRUBF;5;20250224;120000;89.13;89.15;88.94;89.06;1245
USDRUBF;5;20250224;120500;89.05;89.06;88.95;89.02;467
USDRUBF;5;20250224;121000;89.01;89.15;88.96;89.11;282
USDRUBF;5;20250224;121500;89.09;89.11;88.97;89.09;391
USDRUBF;5;20250224;122000;89.08;89.09;88.99;89.07;422
USDRUBF;5;20250224;122500;89.07;89.07;88.98;89.01;269
USDRUBF;5;20250224;123000;89.01;89.02;88.93;88.97;692
USDRUBF;5;20250224;123500;88.96;89.04;88.95;89.04;375
USDRUBF;5;20250224;124000;89.04;89.07;88.91;88.95;380
USDRUBF;5;20250224;124500;88.96;88.96;88.85;88.93;822
USDRUBF;5;20250224;125000;88.93;88.97;88.85;88.94;445
USDRUBF;5;20250224;125500;88.93;89.19;88.88;89.09;516
USDRUBF;5;20250224;130000;89.09;89.19;89.03;89.14;356
USDRUBF;5;20250224;130500;89.16;89.19;89.09;89.15;343
USDRUBF;5;20250224;131000;89.14;89.14;89.05;89.1;312
USDRUBF;5;20250224;131500;89.08;89.13;89.03;89.09;381
USDRUBF;5;20250224;132000;89.09;89.22;89.01;89.18;436
USDRUBF;5;20250224;132500;89.16;89.16;88.93;88.97;291
USDRUBF;5;20250224;133000;88.95;89.03;88.93;88.99;272
USDRUBF;5;20250224;133500;88.96;89.02;88.94;88.96;228
USDRUBF;5;20250224;134000;88.96;89.26;88.93;89.22;357
USDRUBF;5;20250224;134500;89.22;89.24;89.01;89.06;266
USDRUBF;5;20250224;135000;89.03;89.09;88.96;89.08;189
USDRUBF;5;20250224;135500;89.07;89.12;88.99;89.03;66
USDRUBF;5;20250224;140500;89;89.1;89;89.04;20
USDRUBF;5;20250224;141000;89.03;89.16;89.03;89.15;225
USDRUBF;5;20250224;141500;89.16;89.33;89.16;89.25;609
USDRUBF;5;20250224;142000;89.25;89.29;89.18;89.22;274
USDRUBF;5;20250224;142500;89.21;89.22;89.12;89.16;334
USDRUBF;5;20250224;143000;89.14;89.18;89.1;89.1;133
USDRUBF;5;20250224;143500;89.11;89.13;89.09;89.09;234
USDRUBF;5;20250224;144000;89.11;89.11;89.02;89.06;283
USDRUBF;5;20250224;144500;89.04;89.06;89.02;89.05;179
USDRUBF;5;20250224;145000;89.04;89.08;89.03;89.04;432
USDRUBF;5;20250224;145500;89.03;89.07;89.03;89.07;193
USDRUBF;5;20250224;150000;89.06;89.1;89.03;89.06;108
USDRUBF;5;20250224;150500;89.07;89.09;89.03;89.05;264
USDRUBF;5;20250224;151000;89.04;89.04;88.91;88.96;445
USDRUBF;5;20250224;151500;88.96;89.08;88.82;89.08;1273
USDRUBF;5;20250224;152000;89.09;89.12;89.02;89.06;613
USDRUBF;5;20250224;152500;89.05;89.1;89.03;89.03;153
USDRUBF;5;20250224;153000;89.05;89.07;88.97;88.97;336
USDRUBF;5;20250224;153500;88.98;89;88.89;88.9;392
USDRUBF;5;20250224;154000;88.88;88.93;88.85;88.85;427
USDRUBF;5;20250224;154500;88.85;88.88;88.78;88.81;1143
USDRUBF;5;20250224;155000;88.8;88.85;88.72;88.74;769
USDRUBF;5;20250224;155500;88.74;88.99;88.67;88.98;1675
USDRUBF;5;20250224;160000;88.95;89.1;88.88;89;955
USDRUBF;5;20250224;160500;89.01;89.14;88.96;89.1;706
USDRUBF;5;20250224;161000;89.1;89.12;88.99;89.12;246
USDRUBF;5;20250224;161500;89.13;89.19;89.09;89.17;182
USDRUBF;5;20250224;162000;89.18;89.24;89.15;89.24;246
USDRUBF;5;20250224;162500;89.22;89.25;89.05;89.05;384
USDRUBF;5;20250224;163000;89.08;89.17;89.06;89.09;693
USDRUBF;5;20250224;163500;89.09;89.11;89.06;89.11;100
USDRUBF;5;20250224;164000;89.13;89.17;89.09;89.13;189
USDRUBF;5;20250224;164500;89.15;89.19;89.13;89.15;101
USDRUBF;5;20250224;165000;89.17;89.18;89.13;89.13;103
USDRUBF;5;20250224;165500;89.15;89.15;89.08;89.09;140
USDRUBF;5;20250224;170000;89.12;89.12;88.98;88.99;417
USDRUBF;5;20250224;170500;88.97;89.04;88.9;89.04;698
USDRUBF;5;20250224;171000;89.04;89.04;88.94;89.02;311
USDRUBF;5;20250224;171500;89.01;89.06;88.98;89;254
USDRUBF;5;20250224;172000;89;89;88.91;88.94;241
USDRUBF;5;20250224;172500;88.93;89.02;88.92;89.02;183
USDRUBF;5;20250224;173000;89.02;89.13;89.01;89.05;221
USDRUBF;5;20250224;173500;89.05;89.07;89;89.02;73
USDRUBF;5;20250224;174000;89.02;89.05;88.92;88.93;308
USDRUBF;5;20250224;174500;88.91;88.97;88.87;88.95;360
USDRUBF;5;20250224;175000;88.95;89.08;88.93;89.04;276
USDRUBF;5;20250224;175500;89.03;89.04;88.92;89.03;377
USDRUBF;5;20250224;180000;89;89.01;88.94;88.97;259
USDRUBF;5;20250224;180500;88.97;89.15;88.94;88.99;6703
USDRUBF;5;20250224;181000;88.98;89.07;88.91;88.94;875
USDRUBF;5;20250224;181500;88.95;89.05;88.92;89.02;366
USDRUBF;5;20250224;182000;89.02;89.05;89.01;89.03;334
USDRUBF;5;20250224;182500;89.04;89.07;88.92;88.92;929
USDRUBF;5;20250224;183000;88.92;88.95;88.85;88.87;1527
USDRUBF;5;20250224;183500;88.86;88.93;88.71;88.75;1687
USDRUBF;5;20250224;184000;88.75;88.77;88.7;88.74;2180
USDRUBF;5;20250224;184500;88.74;88.76;88.66;88.69;2303
USDRUBF;5;20250224;190500;88.7;88.8;88.51;88.76;1925
USDRUBF;5;20250224;191000;88.72;88.78;88.61;88.67;788
USDRUBF;5;20250224;191500;88.71;88.86;88.68;88.79;670
USDRUBF;5;20250224;192000;88.8;88.82;88.68;88.68;640
USDRUBF;5;20250224;192500;88.72;88.75;88.61;88.73;272
USDRUBF;5;20250224;193000;88.73;88.75;88.64;88.72;669
USDRUBF;5;20250224;193500;88.72;88.74;88.6;88.67;558
USDRUBF;5;20250224;194000;88.65;88.67;88.63;88.63;124
USDRUBF;5;20250224;194500;88.65;88.66;88.59;88.65;423
USDRUBF;5;20250224;195000;88.67;88.69;88.65;88.67;119
USDRUBF;5;20250224;195500;88.65;88.67;88.65;88.65;65
USDRUBF;5;20250224;200000;88.64;88.67;88.61;88.67;216
USDRUBF;5;20250224;200500;88.68;88.71;88.68;88.71;65
USDRUBF;5;20250224;201000;88.71;88.78;88.71;88.75;115
USDRUBF;5;20250224;201500;88.76;88.77;88.69;88.7;110
USDRUBF;5;20250224;202000;88.68;88.72;88.64;88.66;115
USDRUBF;5;20250224;202500;88.67;88.68;88.64;88.65;79
USDRUBF;5;20250224;203000;88.64;88.66;88.61;88.61;74
USDRUBF;5;20250224;203500;88.63;88.65;88.6;88.62;83
USDRUBF;5;20250224;204000;88.62;88.62;88.59;88.61;88
USDRUBF;5;20250224;204500;88.6;88.64;88.56;88.62;361
USDRUBF;5;20250224;205000;88.59;88.62;88.55;88.55;409
USDRUBF;5;20250224;205500;88.55;88.55;88.39;88.44;1642
USDRUBF;5;20250224;210000;88.45;88.46;88.32;88.41;693
USDRUBF;5;20250224;210500;88.41;88.51;88.37;88.48;556
USDRUBF;5;20250224;211000;88.48;88.5;88.45;88.47;100
USDRUBF;5;20250224;211500;88.46;88.46;88.4;88.41;190
USDRUBF;5;20250224;212000;88.41;88.44;88.36;88.44;262
USDRUBF;5;20250224;212500;88.43;88.48;88.39;88.4;238
USDRUBF;5;20250224;213000;88.39;88.44;88.38;88.43;45
USDRUBF;5;20250224;213500;88.43;88.43;88.3;88.38;789
USDRUBF;5;20250224;214000;88.35;88.36;88.2;88.26;817
USDRUBF;5;20250224;214500;88.26;88.3;88.24;88.29;722
USDRUBF;5;20250224;215000;88.28;88.3;88.24;88.28;145
USDRUBF;5;20250224;215500;88.28;88.3;88.26;88.27;277
USDRUBF;5;20250224;220000;88.26;88.29;88.25;88.29;546
USDRUBF;5;20250224;220500;88.29;88.32;88.2;88.31;563
USDRUBF;5;20250224;221000;88.3;88.38;88.28;88.3;284
USDRUBF;5;20250224;221500;88.28;88.3;88.25;88.26;29
USDRUBF;5;20250224;222000;88.24;88.32;88.24;88.26;78
USDRUBF;5;20250224;222500;88.27;88.34;88.26;88.33;233
USDRUBF;5;20250224;223000;88.34;88.34;88.27;88.31;65
USDRUBF;5;20250224;223500;88.3;88.35;88.3;88.35;66
USDRUBF;5;20250224;224000;88.35;88.35;88.3;88.34;114
USDRUBF;5;20250224;224500;88.34;88.36;88.31;88.36;72
USDRUBF;5;20250224;225000;88.36;88.38;88.32;88.36;97
USDRUBF;5;20250224;225500;88.32;88.32;88.27;88.29;51
USDRUBF;5;20250224;230000;88.27;88.3;88.21;88.22;183
USDRUBF;5;20250224;230500;88.23;88.26;88.22;88.26;32
USDRUBF;5;20250224;231000;88.25;88.26;88.21;88.25;81
USDRUBF;5;20250224;231500;88.25;88.27;88.2;88.21;248
USDRUBF;5;20250224;232000;88.24;88.24;88.21;88.21;84
USDRUBF;5;20250224;232500;88.23;88.24;88.16;88.19;308
USDRUBF;5;20250224;233000;88.17;88.17;88.08;88.1;846
USDRUBF;5;20250224;233500;88.1;88.12;88.04;88.1;608
USDRUBF;5;20250224;234000;88.11;88.15;88.06;88.15;457
USDRUBF;5;20250224;234500;88.15;88.18;88.12;88.18;213
USDRUBF;5;20250225;090000;88.18;88.4;88.1;88.36;520
USDRUBF;5;20250225;090500;88.36;88.39;88.3;88.35;249
USDRUBF;5;20250225;091000;88.31;88.35;88.28;88.28;160
USDRUBF;5;20250225;091500;88.31;88.32;88.27;88.32;185
USDRUBF;5;20250225;092000;88.28;88.31;88.21;88.24;275
USDRUBF;5;20250225;092500;88.22;88.23;88.19;88.21;138
USDRUBF;5;20250225;093000;88.2;88.25;88.19;88.22;177
USDRUBF;5;20250225;093500;88.24;88.31;88.24;88.31;359
USDRUBF;5;20250225;094000;88.28;88.32;88.26;88.3;134
USDRUBF;5;20250225;094500;88.31;88.33;88.17;88.17;589
USDRUBF;5;20250225;095000;88.18;88.2;88.05;88.09;895
USDRUBF;5;20250225;095500;88.08;88.14;88.08;88.11;163
USDRUBF;5;20250225;100000;88.11;88.34;88.08;88.23;1172
USDRUBF;5;20250225;100500;88.22;88.22;87.94;88.02;2120
USDRUBF;5;20250225;101000;88.01;88.03;87.57;87.68;6201
USDRUBF;5;20250225;101500;87.72;87.84;87.66;87.75;1645
USDRUBF;5;20250225;102000;87.72;87.81;87.65;87.72;2265
USDRUBF;5;20250225;102500;87.73;87.76;87.67;87.71;1430
USDRUBF;5;20250225;103000;87.7;87.82;87.66;87.78;1202
USDRUBF;5;20250225;103500;87.79;87.84;87.69;87.71;1231
USDRUBF;5;20250225;104000;87.72;87.76;87.67;87.72;588
USDRUBF;5;20250225;104500;87.72;87.79;87.65;87.78;1598
USDRUBF;5;20250225;105000;87.76;87.8;87.66;87.69;1408
USDRUBF;5;20250225;105500;87.69;87.85;87.67;87.82;1445
USDRUBF;5;20250225;110000;87.79;87.91;87.75;87.79;3456
USDRUBF;5;20250225;110500;87.8;87.82;87.73;87.73;571
USDRUBF;5;20250225;111000;87.74;87.78;87.72;87.73;366
USDRUBF;5;20250225;111500;87.74;87.83;87.74;87.76;428
USDRUBF;5;20250225;112000;87.79;87.79;87.71;87.76;983
USDRUBF;5;20250225;112500;87.76;87.78;87.73;87.78;178
USDRUBF;5;20250225;113000;87.78;87.8;87.72;87.79;240
USDRUBF;5;20250225;113500;87.79;87.81;87.73;87.8;477
USDRUBF;5;20250225;114000;87.77;87.81;87.75;87.81;345
USDRUBF;5;20250225;114500;87.81;87.83;87.71;87.73;455
USDRUBF;5;20250225;115000;87.72;87.79;87.52;87.57;2738
USDRUBF;5;20250225;115500;87.59;87.65;87.41;87.49;2096
USDRUBF;5;20250225;120000;87.49;87.6;87.48;87.51;1110
USDRUBF;5;20250225;120500;87.51;87.61;87.5;87.6;490
USDRUBF;5;20250225;121000;87.59;87.63;87.5;87.61;640
USDRUBF;5;20250225;121500;87.63;87.69;87.58;87.64;647
USDRUBF;5;20250225;122000;87.63;87.68;87.59;87.6;883
USDRUBF;5;20250225;122500;87.56;87.59;87.34;87.47;2604
USDRUBF;5;20250225;123000;87.46;87.55;87.41;87.5;836
USDRUBF;5;20250225;123500;87.49;87.74;87.45;87.66;1329
USDRUBF;5;20250225;124000;87.65;87.71;87.61;87.68;1070
USDRUBF;5;20250225;124500;87.7;87.73;87.56;87.6;1039
USDRUBF;5;20250225;125000;87.59;87.69;87.57;87.66;504
USDRUBF;5;20250225;125500;87.64;87.74;87.64;87.71;1021
USDRUBF;5;20250225;130000;87.71;87.78;87.66;87.78;1435
USDRUBF;5;20250225;130500;87.78;87.92;87.76;87.86;2688
USDRUBF;5;20250225;131000;87.86;87.96;87.84;87.86;2366
USDRUBF;5;20250225;131500;87.85;87.87;87.79;87.86;362
USDRUBF;5;20250225;132000;87.84;87.87;87.77;87.77;567
USDRUBF;5;20250225;132500;87.77;87.78;87.74;87.74;529
USDRUBF;5;20250225;133000;87.78;87.79;87.74;87.76;400
USDRUBF;5;20250225;133500;87.77;87.84;87.76;87.83;864
USDRUBF;5;20250225;134000;87.85;87.85;87.72;87.75;870
USDRUBF;5;20250225;134500;87.73;87.78;87.65;87.67;722
USDRUBF;5;20250225;135000;87.67;87.69;87.61;87.65;733
USDRUBF;5;20250225;135500;87.63;87.63;87.52;87.54;663
USDRUBF;5;20250225;140500;87.55;87.74;87.54;87.63;1656
USDRUBF;5;20250225;141000;87.63;87.71;87.56;87.68;1723
USDRUBF;5;20250225;141500;87.7;87.79;87.64;87.73;864
USDRUBF;5;20250225;142000;87.73;87.77;87.7;87.71;414
USDRUBF;5;20250225;142500;87.71;87.8;87.71;87.8;291
USDRUBF;5;20250225;143000;87.79;87.84;87.69;87.74;2969
USDRUBF;5;20250225;143500;87.74;87.76;87.66;87.75;1634
USDRUBF;5;20250225;144000;87.74;87.83;87.74;87.81;1408
USDRUBF;5;20250225;144500;87.82;87.82;87.68;87.7;948
USDRUBF;5;20250225;145000;87.7;87.77;87.69;87.72;264
USDRUBF;5;20250225;145500;87.72;87.74;87.64;87.74;444
USDRUBF;5;20250225;150000;87.74;87.76;87.5;87.55;1536
USDRUBF;5;20250225;150500;87.55;87.67;87.5;87.63;1404
USDRUBF;5;20250225;151000;87.63;87.71;87.6;87.7;493
USDRUBF;5;20250225;151500;87.67;87.73;87.62;87.71;283
USDRUBF;5;20250225;152000;87.7;87.7;87.62;87.7;295
USDRUBF;5;20250225;152500;87.69;87.7;87.64;87.7;483
USDRUBF;5;20250225;153000;87.69;87.71;87.66;87.7;248
USDRUBF;5;20250225;153500;87.69;87.71;87.67;87.7;251
USDRUBF;5;20250225;154000;87.68;87.73;87.61;87.63;835
USDRUBF;5;20250225;154500;87.66;87.7;87.64;87.69;239
USDRUBF;5;20250225;155000;87.67;87.68;87.63;87.63;307
USDRUBF;5;20250225;155500;87.64;87.66;87.57;87.66;660
USDRUBF;5;20250225;160000;87.65;87.65;87.5;87.54;1092
USDRUBF;5;20250225;160500;87.53;87.55;87.48;87.49;360
USDRUBF;5;20250225;161000;87.5;87.59;87.4;87.55;776
USDRUBF;5;20250225;161500;87.55;87.64;87.51;87.63;433
USDRUBF;5;20250225;162000;87.61;87.66;87.55;87.61;333
USDRUBF;5;20250225;162500;87.63;87.66;87.62;87.63;223
USDRUBF;5;20250225;163000;87.64;87.65;87.53;87.55;63
USDRUBF;5;20250225;163500;87.51;87.65;87.5;87.6;378
USDRUBF;5;20250225;164000;87.58;87.62;87.5;87.5;314
USDRUBF;5;20250225;164500;87.53;87.6;87.49;87.5;403
USDRUBF;5;20250225;165000;87.48;87.53;87.43;87.44;274
USDRUBF;5;20250225;165500;87.43;87.55;87.39;87.53;539
USDRUBF;5;20250225;170000;87.53;87.59;87.46;87.52;464
USDRUBF;5;20250225;170500;87.52;87.56;87.52;87.53;400
USDRUBF;5;20250225;171000;87.53;87.55;87.5;87.51;177
USDRUBF;5;20250225;171500;87.52;87.53;87.47;87.48;80
USDRUBF;5;20250225;172000;87.48;87.58;87.47;87.53;267
USDRUBF;5;20250225;172500;87.55;87.56;87.45;87.48;672
USDRUBF;5;20250225;173000;87.49;87.64;87.48;87.57;454
USDRUBF;5;20250225;173500;87.58;87.68;87.55;87.67;540
USDRUBF;5;20250225;174000;87.65;87.68;87.55;87.59;266
USDRUBF;5;20250225;174500;87.6;87.62;87.55;87.57;165
USDRUBF;5;20250225;175000;87.57;87.57;87.5;87.53;177
USDRUBF;5;20250225;175500;87.51;87.52;87.47;87.5;517
USDRUBF;5;20250225;180000;87.5;87.51;87.46;87.48;283
USDRUBF;5;20250225;180500;87.48;87.49;87.35;87.35;855
USDRUBF;5;20250225;181000;87.35;87.37;87.22;87.23;1587
USDRUBF;5;20250225;181500;87.24;87.26;87.11;87.14;2905
USDRUBF;5;20250225;182000;87.16;87.25;87.1;87.22;1470
USDRUBF;5;20250225;182500;87.25;87.28;87.15;87.19;996
USDRUBF;5;20250225;183000;87.19;87.24;87.16;87.21;728
USDRUBF;5;20250225;183500;87.19;87.24;87.16;87.23;1188
USDRUBF;5;20250225;184000;87.2;87.24;87.17;87.18;536
USDRUBF;5;20250225;184500;87.18;87.2;87.16;87.17;893
USDRUBF;5;20250225;190500;87.2;87.31;87.01;87.08;1354
USDRUBF;5;20250225;191000;87.08;87.14;87.05;87.11;433
USDRUBF;5;20250225;191500;87.11;87.13;87.03;87.05;528
USDRUBF;5;20250225;192000;87.03;87.08;87.03;87.07;418
USDRUBF;5;20250225;192500;87.06;87.12;87.04;87.07;294
USDRUBF;5;20250225;193000;87.05;87.14;87.05;87.14;335
USDRUBF;5;20250225;193500;87.13;87.15;87.09;87.14;200
USDRUBF;5;20250225;194000;87.12;87.12;87.05;87.06;206
USDRUBF;5;20250225;194500;87.06;87.13;87.04;87.13;283
USDRUBF;5;20250225;195000;87.11;87.18;87.11;87.16;260
USDRUBF;5;20250225;195500;87.16;87.19;87.15;87.17;99
USDRUBF;5;20250225;200000;87.16;87.2;87.15;87.19;203
USDRUBF;5;20250225;200500;87.19;87.26;87.17;87.25;280
USDRUBF;5;20250225;201000;87.25;87.26;87.22;87.26;104
USDRUBF;5;20250225;201500;87.26;87.26;87.23;87.24;474
USDRUBF;5;20250225;202000;87.24;87.35;87.24;87.35;215
USDRUBF;5;20250225;202500;87.35;87.37;87.23;87.32;486
USDRUBF;5;20250225;203000;87.28;87.33;87.28;87.32;85
USDRUBF;5;20250225;203500;87.3;87.35;87.28;87.33;205
USDRUBF;5;20250225;204000;87.34;87.4;87.34;87.39;164
USDRUBF;5;20250225;204500;87.4;87.43;87.33;87.37;165
USDRUBF;5;20250225;205000;87.38;87.42;87.34;87.38;83
USDRUBF;5;20250225;205500;87.37;87.37;87.28;87.28;162
USDRUBF;5;20250225;210000;87.28;87.3;87.19;87.19;177
USDRUBF;5;20250225;210500;87.19;87.21;87.15;87.18;238
USDRUBF;5;20250225;211000;87.17;87.19;87.16;87.16;90
USDRUBF;5;20250225;211500;87.18;87.22;87.16;87.16;81
USDRUBF;5;20250225;212000;87.17;87.18;87.14;87.14;376
USDRUBF;5;20250225;212500;87.14;87.24;87.14;87.2;143
USDRUBF;5;20250225;213000;87.19;87.27;87.16;87.27;143
USDRUBF;5;20250225;213500;87.27;87.31;87.2;87.23;203
USDRUBF;5;20250225;214000;87.24;87.24;87.18;87.19;30
USDRUBF;5;20250225;214500;87.17;87.23;87.16;87.19;156
USDRUBF;5;20250225;215000;87.18;87.24;87.16;87.16;218
USDRUBF;5;20250225;215500;87.17;87.17;87.13;87.14;229
USDRUBF;5;20250225;220000;87.13;87.19;87.12;87.15;223
USDRUBF;5;20250225;220500;87.16;87.25;87.15;87.21;128
USDRUBF;5;20250225;221000;87.2;87.21;87.13;87.13;244
USDRUBF;5;20250225;221500;87.13;87.16;87.13;87.14;297
USDRUBF;5;20250225;222000;87.16;87.21;87.15;87.15;121
USDRUBF;5;20250225;222500;87.15;87.19;87.15;87.17;59
USDRUBF;5;20250225;223000;87.16;87.18;87.16;87.16;62
USDRUBF;5;20250225;223500;87.15;87.15;87.12;87.15;1099
USDRUBF;5;20250225;224000;87.15;87.17;87.14;87.14;56
USDRUBF;5;20250225;224500;87.15;87.15;87.12;87.12;253
USDRUBF;5;20250225;225000;87.12;87.14;87.12;87.12;297
USDRUBF;5;20250225;225500;87.13;87.13;87.04;87.08;930
USDRUBF;5;20250225;230000;87.1;87.11;87.05;87.06;322
USDRUBF;5;20250225;230500;87.06;87.07;87.04;87.07;75
USDRUBF;5;20250225;231000;87.07;87.12;87.06;87.12;248
USDRUBF;5;20250225;231500;87.12;87.12;87.09;87.09;38
USDRUBF;5;20250225;232000;87.08;87.1;87.07;87.1;55
USDRUBF;5;20250225;232500;87.09;87.09;87.05;87.05;102
USDRUBF;5;20250225;233000;87.06;87.1;87.06;87.1;72
USDRUBF;5;20250225;233500;87.1;87.1;87.05;87.08;153
USDRUBF;5;20250225;234000;87.08;87.12;87.07;87.12;193
USDRUBF;5;20250225;234500;87.12;87.49;87.1;87.12;963
USDRUBF;5;20250226;090000;87.15;87.4;87.15;87.38;749
USDRUBF;5;20250226;090500;87.33;87.42;87.27;87.36;329
USDRUBF;5;20250226;091000;87.33;87.47;87.33;87.4;284
USDRUBF;5;20250226;091500;87.44;87.5;87.38;87.47;1544
USDRUBF;5;20250226;092000;87.48;87.5;87.41;87.47;660
USDRUBF;5;20250226;092500;87.47;87.67;87.44;87.58;949
USDRUBF;5;20250226;093000;87.58;87.73;87.58;87.66;907
USDRUBF;5;20250226;093500;87.63;87.69;87.45;87.53;1359
USDRUBF;5;20250226;094000;87.53;87.56;87.37;87.55;493
USDRUBF;5;20250226;094500;87.55;87.57;87.45;87.56;276
USDRUBF;5;20250226;095000;87.53;87.57;87.51;87.54;673
USDRUBF;5;20250226;095500;87.54;87.54;87.41;87.49;271
USDRUBF;5;20250226;100000;87.46;87.56;87.25;87.32;1073
USDRUBF;5;20250226;100500;87.33;87.45;87.33;87.39;1017
USDRUBF;5;20250226;101000;87.38;87.43;87.32;87.43;549
USDRUBF;5;20250226;101500;87.43;87.65;87.39;87.54;982
USDRUBF;5;20250226;102000;87.54;87.62;87.45;87.51;812
USDRUBF;5;20250226;102500;87.53;87.53;87.46;87.5;156
USDRUBF;5;20250226;103000;87.52;87.54;87.44;87.47;637
USDRUBF;5;20250226;103500;87.5;87.63;87.48;87.62;837
USDRUBF;5;20250226;104000;87.61;87.71;87.6;87.64;1261
USDRUBF;5;20250226;104500;87.68;87.72;87.61;87.64;879
USDRUBF;5;20250226;105000;87.64;87.67;87.55;87.61;483
USDRUBF;5;20250226;105500;87.6;87.74;87.56;87.74;789
USDRUBF;5;20250226;110000;87.75;87.84;87.72;87.77;1847
USDRUBF;5;20250226;110500;87.75;87.78;87.57;87.58;1468
USDRUBF;5;20250226;111000;87.57;87.58;87.5;87.5;2424
USDRUBF;5;20250226;111500;87.5;87.51;87.37;87.4;2684
USDRUBF;5;20250226;112000;87.41;87.55;87.39;87.5;636
USDRUBF;5;20250226;112500;87.5;87.56;87.46;87.51;682
USDRUBF;5;20250226;113000;87.51;87.6;87.5;87.59;344
USDRUBF;5;20250226;113500;87.59;87.6;87.3;87.33;769
USDRUBF;5;20250226;114000;87.32;87.35;87.22;87.26;1474
USDRUBF;5;20250226;114500;87.26;87.43;87.26;87.31;1058
USDRUBF;5;20250226;115000;87.32;87.38;87.16;87.2;837
USDRUBF;5;20250226;115500;87.19;87.26;87.1;87.24;1288
USDRUBF;5;20250226;120000;87.26;87.26;87.16;87.22;444
USDRUBF;5;20250226;120500;87.21;87.26;87.13;87.24;797
USDRUBF;5;20250226;121000;87.2;87.27;87.2;87.2;263
USDRUBF;5;20250226;121500;87.19;87.22;87.11;87.17;870
USDRUBF;5;20250226;122000;87.13;87.18;86.97;87.03;4834
USDRUBF;5;20250226;122500;87.03;87.06;86.8;86.9;3051
USDRUBF;5;20250226;123000;86.9;86.95;86.7;86.77;2279
USDRUBF;5;20250226;123500;86.79;86.8;86.61;86.61;1604
USDRUBF;5;20250226;124000;86.62;86.69;86.56;86.59;1623
USDRUBF;5;20250226;124500;86.6;86.81;86.59;86.79;1954
USDRUBF;5;20250226;125000;86.79;86.87;86.71;86.83;891
USDRUBF;5;20250226;125500;86.84;86.85;86.75;86.79;395
USDRUBF;5;20250226;130000;86.76;86.82;86.65;86.8;908
USDRUBF;5;20250226;130500;86.78;86.79;86.66;86.72;785
USDRUBF;5;20250226;131000;86.72;86.72;86.56;86.61;1859
USDRUBF;5;20250226;131500;86.62;86.8;86.6;86.8;1803
USDRUBF;5;20250226;132000;86.78;86.82;86.68;86.71;993
USDRUBF;5;20250226;132500;86.71;86.99;86.61;86.96;1551
USDRUBF;5;20250226;133000;86.97;87.09;86.77;87.08;2004
USDRUBF;5;20250226;133500;87.09;87.77;87.01;87.74;3303
USDRUBF;5;20250226;134000;87.77;88;87.53;87.89;6501
USDRUBF;5;20250226;134500;87.9;88.2;87.78;87.83;6004
USDRUBF;5;20250226;135000;87.86;88.1;87.81;87.93;2234
USDRUBF;5;20250226;135500;87.91;88.03;87.88;87.93;1736
USDRUBF;5;20250226;140500;87.93;88.3;87.92;88.12;3492
USDRUBF;5;20250226;141000;88.11;88.63;88.11;88.56;4002
USDRUBF;5;20250226;141500;88.59;88.65;88.36;88.36;4001
USDRUBF;5;20250226;142000;88.39;88.42;87.94;88.13;3127
USDRUBF;5;20250226;142500;88.1;88.39;88.08;88.22;2055
USDRUBF;5;20250226;143000;88.21;88.36;88.1;88.17;1113
USDRUBF;5;20250226;143500;88.19;88.38;88.19;88.34;1801
USDRUBF;5;20250226;144000;88.33;88.38;88.16;88.24;1565
USDRUBF;5;20250226;144500;88.24;88.3;88.12;88.19;1060
USDRUBF;5;20250226;145000;88.21;88.27;87.8;87.96;2438
USDRUBF;5;20250226;145500;87.93;87.98;87.8;87.88;980
USDRUBF;5;20250226;150000;87.84;88.07;87.82;87.93;1177
USDRUBF;5;20250226;150500;87.91;87.96;87.82;87.85;568
USDRUBF;5;20250226;151000;87.85;88.23;87.83;88.1;515
USDRUBF;5;20250226;151500;88.11;88.18;88.01;88.18;656
USDRUBF;5;20250226;152000;88.18;88.26;88.05;88.08;612
USDRUBF;5;20250226;152500;88.09;88.2;88.07;88.13;767
USDRUBF;5;20250226;153000;88.15;88.15;88.06;88.06;1059
USDRUBF;5;20250226;153500;88.05;88.14;88.02;88.04;355
USDRUBF;5;20250226;154000;88.09;88.09;87.82;87.91;1017
USDRUBF;5;20250226;154500;87.9;88.02;87.88;87.9;785
USDRUBF;5;20250226;155000;87.93;88.17;87.88;88.17;812
USDRUBF;5;20250226;155500;88.16;88.18;88.05;88.09;1055
USDRUBF;5;20250226;160000;88.1;88.24;88.01;88.03;823
USDRUBF;5;20250226;160500;88.05;88.13;88.04;88.09;600
USDRUBF;5;20250226;161000;88.1;88.44;88.06;88.37;2247
USDRUBF;5;20250226;161500;88.37;88.44;88.27;88.37;1681
USDRUBF;5;20250226;162000;88.37;88.37;88.11;88.14;890
USDRUBF;5;20250226;162500;88.14;88.19;87.97;88.05;1411
USDRUBF;5;20250226;163000;88.06;88.25;88.03;88.19;399
USDRUBF;5;20250226;163500;88.19;88.19;88.08;88.12;337
USDRUBF;5;20250226;164000;88.14;88.25;88.11;88.18;1019
USDRUBF;5;20250226;164500;88.21;88.29;88.16;88.16;724
USDRUBF;5;20250226;165000;88.17;88.24;88.12;88.23;542
USDRUBF;5;20250226;165500;88.23;88.38;88.2;88.29;922
USDRUBF;5;20250226;170000;88.3;88.41;88.3;88.41;704
USDRUBF;5;20250226;170500;88.42;88.47;88.26;88.39;691
USDRUBF;5;20250226;171000;88.4;88.43;88.3;88.38;552
USDRUBF;5;20250226;171500;88.38;88.78;88.38;88.56;2746
USDRUBF;5;20250226;172000;88.57;88.65;88.47;88.54;1369
USDRUBF;5;20250226;172500;88.52;88.85;88.47;88.75;2385
USDRUBF;5;20250226;173000;88.75;89.23;88.75;89.12;3319
USDRUBF;5;20250226;173500;89.12;89.44;89.12;89.44;3595
USDRUBF;5;20250226;174000;89.42;89.47;89.18;89.29;2462
USDRUBF;5;20250226;174500;89.29;89.54;89.29;89.49;3510
USDRUBF;5;20250226;175000;89.48;89.58;89.41;89.45;2517
USDRUBF;5;20250226;175500;89.44;89.5;89.16;89.22;2676
USDRUBF;5;20250226;180000;89.26;89.4;89.15;89.2;2075
USDRUBF;5;20250226;180500;89.2;89.22;88.99;88.99;2832
USDRUBF;5;20250226;181000;89;89.06;88.57;88.8;3538
USDRUBF;5;20250226;181500;88.82;88.92;88.59;88.64;1955
USDRUBF;5;20250226;182000;88.65;88.95;88.55;88.91;1402
USDRUBF;5;20250226;182500;88.9;89.95;88.85;88.95;4968
USDRUBF;5;20250226;183000;88.97;89.18;88.94;89.13;1599
USDRUBF;5;20250226;183500;89.13;89.19;89.11;89.19;522
USDRUBF;5;20250226;184000;89.19;89.22;88.88;88.93;947
USDRUBF;5;20250226;184500;88.93;89.05;88.89;88.94;373
USDRUBF;5;20250226;190500;88.95;89.37;88.88;89.09;2222
USDRUBF;5;20250226;191000;89.08;89.27;89.07;89.1;764
USDRUBF;5;20250226;191500;89.12;89.27;89.11;89.17;923
USDRUBF;5;20250226;192000;89.17;89.39;89.17;89.32;795
USDRUBF;5;20250226;192500;89.34;89.45;89.34;89.4;503
USDRUBF;5;20250226;193000;89.42;89.73;89.42;89.6;1367
USDRUBF;5;20250226;193500;89.6;89.75;89.37;89.46;1109
USDRUBF;5;20250226;194000;89.39;89.56;89.35;89.37;862
USDRUBF;5;20250226;194500;89.38;89.57;89.38;89.52;624
USDRUBF;5;20250226;195000;89.52;89.56;89.45;89.56;343
USDRUBF;5;20250226;195500;89.54;89.59;89.28;89.29;971
USDRUBF;5;20250226;200000;89.32;89.46;89.26;89.32;807
USDRUBF;5;20250226;200500;89.36;89.43;89.29;89.32;991
USDRUBF;5;20250226;201000;89.32;89.37;89.25;89.37;652
USDRUBF;5;20250226;201500;89.37;89.37;89.15;89.15;404
USDRUBF;5;20250226;202000;89.15;89.35;89.15;89.16;803
USDRUBF;5;20250226;202500;89.19;89.33;89.19;89.26;247
USDRUBF;5;20250226;203000;89.22;89.3;89.17;89.3;335
USDRUBF;5;20250226;203500;89.3;89.35;89.27;89.32;138
USDRUBF;5;20250226;204000;89.33;89.35;89.31;89.34;77
USDRUBF;5;20250226;204500;89.33;89.38;89.29;89.36;458
USDRUBF;5;20250226;205000;89.36;89.52;89.31;89.52;523
USDRUBF;5;20250226;205500;89.46;89.55;89.46;89.5;243
USDRUBF;5;20250226;210000;89.5;89.55;89.43;89.5;798
USDRUBF;5;20250226;210500;89.46;89.47;89.4;89.45;183
USDRUBF;5;20250226;211000;89.45;89.6;89.43;89.57;258
USDRUBF;5;20250226;211500;89.57;89.65;89.5;89.52;344
USDRUBF;5;20250226;212000;89.53;89.57;89.52;89.54;221
USDRUBF;5;20250226;212500;89.54;89.55;89.49;89.51;218
USDRUBF;5;20250226;213000;89.49;89.67;89.49;89.67;318
USDRUBF;5;20250226;213500;89.65;89.7;89.6;89.64;548
USDRUBF;5;20250226;214000;89.61;89.73;89.6;89.73;397
USDRUBF;5;20250226;214500;89.73;89.75;89.6;89.6;821
USDRUBF;5;20250226;215000;89.63;89.69;89.6;89.69;200
USDRUBF;5;20250226;215500;89.67;89.8;89.67;89.73;552
USDRUBF;5;20250226;220000;89.73;89.73;89.63;89.64;277
USDRUBF;5;20250226;220500;89.64;89.73;89.59;89.68;387
USDRUBF;5;20250226;221000;89.68;89.69;89.58;89.59;130
USDRUBF;5;20250226;221500;89.6;89.61;89.52;89.55;329
USDRUBF;5;20250226;222000;89.53;89.62;89.53;89.6;381
USDRUBF;5;20250226;222500;89.59;89.59;89.53;89.57;165
USDRUBF;5;20250226;223000;89.58;89.58;89.51;89.56;134
USDRUBF;5;20250226;223500;89.57;89.57;89.5;89.51;307
USDRUBF;5;20250226;224000;89.52;89.52;89.42;89.46;546
USDRUBF;5;20250226;224500;89.52;89.55;89.47;89.49;61
USDRUBF;5;20250226;225000;89.46;89.51;89.4;89.49;172
USDRUBF;5;20250226;225500;89.47;89.5;89.41;89.5;170
USDRUBF;5;20250226;230000;89.5;89.54;89.43;89.43;56
USDRUBF;5;20250226;230500;89.44;89.45;89.41;89.41;78
USDRUBF;5;20250226;231000;89.41;89.51;89.4;89.51;143
USDRUBF;5;20250226;231500;89.51;89.55;89.5;89.51;28
USDRUBF;5;20250226;232000;89.52;89.52;89.51;89.52;58
USDRUBF;5;20250226;232500;89.53;89.55;89.51;89.55;45
USDRUBF;5;20250226;233000;89.56;89.58;89.56;89.58;19
USDRUBF;5;20250226;233500;89.58;89.61;89.58;89.61;16
USDRUBF;5;20250226;234000;89.59;89.59;89.55;89.59;170
USDRUBF;5;20250226;234500;89.55;89.58;89.52;89.56;131
USDRUBF;5;20250227;090000;89.7;89.77;89.63;89.73;571
USDRUBF;5;20250227;090500;89.73;89.73;89.55;89.61;372
USDRUBF;5;20250227;091000;89.61;89.69;89.56;89.69;165
USDRUBF;5;20250227;091500;89.64;89.71;89.58;89.6;569
USDRUBF;5;20250227;092000;89.58;89.72;89.58;89.72;293
USDRUBF;5;20250227;092500;89.73;89.75;89.64;89.67;137
USDRUBF;5;20250227;093000;89.66;89.71;89.64;89.64;165
USDRUBF;5;20250227;093500;89.63;89.73;89.62;89.72;412
USDRUBF;5;20250227;094000;89.71;89.72;89.7;89.71;698
USDRUBF;5;20250227;094500;89.71;89.72;89.7;89.72;976
USDRUBF;5;20250227;095000;89.72;89.73;89.7;89.71;593
USDRUBF;5;20250227;095500;89.7;89.72;89.59;89.72;3157
USDRUBF;5;20250227;100000;89.71;90.34;89.68;90.3;5857
USDRUBF;5;20250227;100500;90.3;90.45;90.09;90.4;6889
USDRUBF;5;20250227;101000;90.4;90.4;90.02;90.09;2301
USDRUBF;5;20250227;101500;90.12;90.23;89.9;89.9;2150
USDRUBF;5;20250227;102000;89.89;89.95;89.44;89.5;5344
USDRUBF;5;20250227;102500;89.46;89.6;89.44;89.54;3540
USDRUBF;5;20250227;103000;89.52;89.53;89.41;89.41;1666
USDRUBF;5;20250227;103500;89.42;89.43;88.92;88.97;5975
USDRUBF;5;20250227;104000;88.96;89.07;88.7;88.75;2706
USDRUBF;5;20250227;104500;88.76;88.9;88.65;88.88;2521
USDRUBF;5;20250227;105000;88.89;88.9;88.67;88.77;5789
USDRUBF;5;20250227;105500;88.77;88.79;88.57;88.62;1965
USDRUBF;5;20250227;110000;88.62;88.64;88.37;88.41;4996
USDRUBF;5;20250227;110500;88.41;88.82;88.38;88.8;4513
USDRUBF;5;20250227;111000;88.82;88.91;88.61;88.61;1633
USDRUBF;5;20250227;111500;88.6;88.72;88.54;88.6;8089
USDRUBF;5;20250227;112000;88.59;88.68;88.5;88.57;6234
USDRUBF;5;20250227;112500;88.56;88.57;88.4;88.42;1887
USDRUBF;5;20250227;113000;88.41;88.44;88.26;88.33;1327
USDRUBF;5;20250227;113500;88.36;88.65;88.36;88.65;3083
USDRUBF;5;20250227;114000;88.65;88.65;88.55;88.62;1580
USDRUBF;5;20250227;114500;88.63;88.65;88.48;88.65;1194
USDRUBF;5;20250227;115000;88.65;89.05;88.59;89.03;2662
USDRUBF;5;20250227;115500;89.03;89.23;89.03;89.17;3374
USDRUBF;5;20250227;120000;89.19;89.23;88.92;89;989
USDRUBF;5;20250227;120500;89.02;89.07;88.64;88.74;917
USDRUBF;5;20250227;121000;88.78;88.96;88.72;88.95;821
USDRUBF;5;20250227;121500;88.96;88.97;88.8;88.93;447
USDRUBF;5;20250227;122000;88.91;89.28;88.9;89.13;2095
USDRUBF;5;20250227;122500;89.12;89.32;89.1;89.31;1329
USDRUBF;5;20250227;123000;89.3;89.3;88.98;89.09;867
USDRUBF;5;20250227;123500;89.07;89.12;88.84;88.85;482
USDRUBF;5;20250227;124000;88.86;89.08;88.86;89.06;1186
USDRUBF;5;20250227;124500;89.07;89.11;89;89.04;428
USDRUBF;5;20250227;125000;89.05;89.25;89.02;89.24;1145
USDRUBF;5;20250227;125500;89.24;89.25;89.12;89.2;445
USDRUBF;5;20250227;130000;89.23;89.25;89.08;89.11;593
USDRUBF;5;20250227;130500;89.09;89.18;88.9;88.97;1708
USDRUBF;5;20250227;131000;89.01;89.08;88.92;89.08;404
USDRUBF;5;20250227;131500;89.08;89.12;88.96;88.99;406
USDRUBF;5;20250227;132000;88.99;89.07;88.99;89.07;298
USDRUBF;5;20250227;132500;89.05;89.05;88.93;88.98;264
USDRUBF;5;20250227;133000;88.98;89.01;88.89;88.95;655
USDRUBF;5;20250227;133500;88.95;89.08;88.9;89.04;952
USDRUBF;5;20250227;134000;89.03;89.11;88.94;89.05;593
USDRUBF;5;20250227;134500;89.04;89.12;88.92;88.95;1046
USDRUBF;5;20250227;135000;88.98;89.03;88.93;88.97;1117
USDRUBF;5;20250227;135500;88.99;89.03;88.93;89.03;340
USDRUBF;5;20250227;140500;88.97;89.09;88.92;89.03;1396
USDRUBF;5;20250227;141000;89.03;89.12;89;89.08;940
USDRUBF;5;20250227;141500;89.06;89.1;89;89;1028
USDRUBF;5;20250227;142000;89.01;89.01;88.81;88.92;1426
USDRUBF;5;20250227;142500;88.94;89.03;88.88;88.97;1564
USDRUBF;5;20250227;143000;88.99;89.16;88.93;89.16;900
USDRUBF;5;20250227;143500;89.14;89.16;89.03;89.08;763
USDRUBF;5;20250227;144000;89.08;89.16;88.97;89.01;854
USDRUBF;5;20250227;144500;89.01;89.07;88.98;89.06;522
USDRUBF;5;20250227;145000;89.06;89.14;89.04;89.07;330
USDRUBF;5;20250227;145500;89.1;89.14;89.05;89.1;392
USDRUBF;5;20250227;150000;89.09;89.13;89.05;89.11;424
USDRUBF;5;20250227;150500;89.11;89.13;89.03;89.04;390
USDRUBF;5;20250227;151000;89.03;89.13;89;89.04;964
USDRUBF;5;20250227;151500;89.05;89.08;88.96;89.01;435
USDRUBF;5;20250227;152000;89.01;89.02;88.94;88.94;233
USDRUBF;5;20250227;152500;88.96;89;88.9;88.99;171
USDRUBF;5;20250227;153000;88.96;88.97;88.82;88.9;1621
USDRUBF;5;20250227;153500;88.92;88.97;88.87;88.96;552
USDRUBF;5;20250227;154000;88.93;88.93;88.87;88.88;223
USDRUBF;5;20250227;154500;88.87;88.88;88.82;88.85;391
USDRUBF;5;20250227;155000;88.85;88.93;88.83;88.93;270
USDRUBF;5;20250227;155500;88.9;88.91;88.82;88.9;1090
USDRUBF;5;20250227;160000;88.9;88.9;88.75;88.9;3074
USDRUBF;5;20250227;160500;88.9;88.94;88.87;88.89;3428
USDRUBF;5;20250227;161000;88.88;88.88;88.76;88.78;1462
USDRUBF;5;20250227;161500;88.78;88.84;88.76;88.84;689
USDRUBF;5;20250227;162000;88.82;88.94;88.8;88.82;970
USDRUBF;5;20250227;162500;88.81;88.96;88.81;88.95;904
USDRUBF;5;20250227;163000;88.95;89.22;88.93;89.2;1333
USDRUBF;5;20250227;163500;89.23;89.68;89.21;89.63;3652
USDRUBF;5;20250227;164000;89.61;89.7;89.39;89.65;2064
USDRUBF;5;20250227;164500;89.66;89.68;89.46;89.54;720
USDRUBF;5;20250227;165000;89.52;89.62;89.5;89.61;610
USDRUBF;5;20250227;165500;89.59;89.63;89.41;89.48;767
USDRUBF;5;20250227;170000;89.47;89.51;89.26;89.39;1159
USDRUBF;5;20250227;170500;89.36;89.6;89.34;89.56;1406
USDRUBF;5;20250227;171000;89.52;89.58;89.49;89.54;295
USDRUBF;5;20250227;171500;89.53;89.62;89.46;89.6;378
USDRUBF;5;20250227;172000;89.56;89.61;89.46;89.47;468
USDRUBF;5;20250227;172500;89.45;89.5;89.41;89.43;448
USDRUBF;5;20250227;173000;89.47;89.7;89.45;89.65;702
USDRUBF;5;20250227;173500;89.67;90.04;89.65;89.95;1674
USDRUBF;5;20250227;174000;89.97;90.03;89.83;89.85;990
USDRUBF;5;20250227;174500;89.82;89.9;89.74;89.87;577
USDRUBF;5;20250227;175000;89.87;90.18;89.86;90.06;1370
USDRUBF;5;20250227;175500;90.06;90.27;90.06;90.24;1240
USDRUBF;5;20250227;180000;90.25;90.47;90.23;90.24;2435
USDRUBF;5;20250227;180500;90.25;90.29;90.21;90.24;860
USDRUBF;5;20250227;181000;90.24;90.27;90.07;90.07;1595
USDRUBF;5;20250227;181500;90.07;90.35;90.06;90.29;1098
USDRUBF;5;20250227;182000;90.29;90.38;90.22;90.35;1838
USDRUBF;5;20250227;182500;90.35;90.46;90.25;90.26;2422
USDRUBF;5;20250227;183000;90.28;90.39;90.2;90.2;584
USDRUBF;5;20250227;183500;90.21;90.23;90.13;90.21;515
USDRUBF;5;20250227;184000;90.23;90.28;90.16;90.27;426
USDRUBF;5;20250227;184500;90.26;90.35;90.22;90.3;608
USDRUBF;5;20250227;190500;90.3;90.54;90.2;90.47;978
USDRUBF;5;20250227;191000;90.5;90.57;90.45;90.56;969
USDRUBF;5;20250227;191500;90.57;90.59;90.47;90.48;869
USDRUBF;5;20250227;192000;90.48;90.57;90.48;90.52;448
USDRUBF;5;20250227;192500;90.54;90.57;90.47;90.56;635
USDRUBF;5;20250227;193000;90.56;90.85;90.56;90.73;1117
USDRUBF;5;20250227;193500;90.77;90.85;90.61;90.62;1204
USDRUBF;5;20250227;194000;90.65;90.79;90.63;90.74;467
USDRUBF;5;20250227;194500;90.72;90.87;90.72;90.81;1034
USDRUBF;5;20250227;195000;90.81;90.84;90.7;90.76;669
USDRUBF;5;20250227;195500;90.75;90.76;90.67;90.72;440
USDRUBF;5;20250227;200000;90.76;90.8;90.68;90.68;169
USDRUBF;5;20250227;200500;90.69;90.71;90.52;90.56;693
USDRUBF;5;20250227;201000;90.6;90.7;90.57;90.59;481
USDRUBF;5;20250227;201500;90.56;90.77;90.56;90.77;347
USDRUBF;5;20250227;202000;90.73;90.8;90.68;90.7;496
USDRUBF;5;20250227;202500;90.68;90.69;90.59;90.62;252
USDRUBF;5;20250227;203000;90.6;90.68;90.55;90.64;466
USDRUBF;5;20250227;203500;90.63;90.75;90.63;90.75;287
USDRUBF;5;20250227;204000;90.71;90.81;90.7;90.77;162
USDRUBF;5;20250227;204500;90.75;90.82;90.75;90.81;248
USDRUBF;5;20250227;205000;90.81;90.95;90.81;90.94;486
USDRUBF;5;20250227;205500;90.93;90.95;90.85;90.9;266
USDRUBF;5;20250227;210000;90.9;90.91;90.78;90.87;1431
USDRUBF;5;20250227;210500;90.86;90.88;90.73;90.76;299
USDRUBF;5;20250227;211000;90.74;90.76;90.7;90.7;166
USDRUBF;5;20250227;211500;90.7;90.77;90.66;90.7;438
USDRUBF;5;20250227;212000;90.72;90.73;90.67;90.67;319
USDRUBF;5;20250227;212500;90.68;90.71;90.65;90.69;271
USDRUBF;5;20250227;213000;90.68;90.71;90.65;90.7;120
USDRUBF;5;20250227;213500;90.68;90.71;90.61;90.66;296
USDRUBF;5;20250227;214000;90.68;90.71;90.65;90.71;87
USDRUBF;5;20250227;214500;90.7;90.8;90.69;90.77;74
USDRUBF;5;20250227;215000;90.75;90.78;90.71;90.74;137
USDRUBF;5;20250227;215500;90.75;90.76;90.71;90.73;55
USDRUBF;5;20250227;220000;90.7;90.71;90.66;90.71;84
USDRUBF;5;20250227;220500;90.71;90.72;90.5;90.6;1712
USDRUBF;5;20250227;221000;90.61;90.65;90.51;90.6;439
USDRUBF;5;20250227;221500;90.6;90.64;90.58;90.64;204
USDRUBF;5;20250227;222000;90.64;90.68;90.64;90.66;130
USDRUBF;5;20250227;222500;90.66;90.67;90.53;90.58;429
USDRUBF;5;20250227;223000;90.58;90.59;90.52;90.54;212
USDRUBF;5;20250227;223500;90.54;90.57;90.45;90.57;534
USDRUBF;5;20250227;224000;90.58;90.59;90.51;90.52;244
USDRUBF;5;20250227;224500;90.51;90.57;90.51;90.55;90
USDRUBF;5;20250227;225000;90.57;90.58;90.56;90.56;73
USDRUBF;5;20250227;225500;90.55;90.59;90.53;90.59;99
USDRUBF;5;20250227;230000;90.59;90.6;90.59;90.6;52
USDRUBF;5;20250227;230500;90.59;90.63;90.59;90.61;493
USDRUBF;5;20250227;231000;90.62;90.65;90.62;90.65;96
USDRUBF;5;20250227;231500;90.65;90.67;90.6;90.61;253
USDRUBF;5;20250227;232000;90.63;90.64;90.6;90.63;97
USDRUBF;5;20250227;232500;90.64;90.76;90.64;90.76;204
USDRUBF;5;20250227;233000;90.76;90.95;90.76;90.91;756
USDRUBF;5;20250227;233500;90.91;91;90.88;90.88;665
USDRUBF;5;20250227;234000;90.87;90.89;90.78;90.8;371
USDRUBF;5;20250227;234500;90.8;90.8;90.74;90.74;514
USDRUBF;5;20250228;090000;90.78;90.82;90.57;90.64;801
USDRUBF;5;20250228;090500;90.6;90.65;90.53;90.6;636
USDRUBF;5;20250228;091000;90.61;90.7;90.56;90.68;204
USDRUBF;5;20250228;091500;90.63;90.67;90.53;90.57;294
USDRUBF;5;20250228;092000;90.55;90.58;90.51;90.52;1256
USDRUBF;5;20250228;092500;90.52;90.54;90.42;90.52;631
USDRUBF;5;20250228;093000;90.49;90.55;90.48;90.49;286
USDRUBF;5;20250228;093500;90.49;90.49;90.44;90.47;140
USDRUBF;5;20250228;094000;90.46;90.48;90.45;90.45;103
USDRUBF;5;20250228;094500;90.48;90.5;90.46;90.5;444
USDRUBF;5;20250228;095000;90.5;90.67;90.49;90.67;1415
USDRUBF;5;20250228;095500;90.67;90.75;90.63;90.69;275
USDRUBF;5;20250228;100000;90.7;90.82;90.56;90.73;423
USDRUBF;5;20250228;100500;90.71;90.71;90.37;90.5;1449
USDRUBF;5;20250228;101000;90.46;90.57;90.3;90.42;1057
USDRUBF;5;20250228;101500;90.44;90.48;90.17;90.17;1247
USDRUBF;5;20250228;102000;90.15;90.29;90.02;90.27;2073
USDRUBF;5;20250228;102500;90.26;90.26;90.08;90.13;832
USDRUBF;5;20250228;103000;90.12;90.28;90.1;90.17;875
USDRUBF;5;20250228;103500;90.15;90.24;90.12;90.2;1525
USDRUBF;5;20250228;104000;90.2;90.43;90.12;90.35;1364
USDRUBF;5;20250228;104500;90.37;90.45;90.27;90.42;1380
USDRUBF;5;20250228;105000;90.4;90.4;90.18;90.25;1285
USDRUBF;5;20250228;105500;90.26;90.27;90.13;90.2;506
USDRUBF;5;20250228;110000;90.19;90.3;90.12;90.12;702
USDRUBF;5;20250228;110500;90.12;90.17;89.95;90.13;2266
USDRUBF;5;20250228;111000;90.14;90.28;90.09;90.24;744
USDRUBF;5;20250228;111500;90.24;90.35;90.07;90.11;1942
USDRUBF;5;20250228;112000;90.11;90.15;90.02;90.07;1527
USDRUBF;5;20250228;112500;90.08;90.15;90.06;90.1;2263
USDRUBF;5;20250228;113000;90.09;90.13;90.04;90.04;596
USDRUBF;5;20250228;113500;90.04;90.13;90.02;90.11;1054
USDRUBF;5;20250228;114000;90.11;90.14;90.09;90.13;1129
USDRUBF;5;20250228;114500;90.11;90.15;90.1;90.14;1370
USDRUBF;5;20250228;115000;90.13;90.15;90.09;90.15;1153
USDRUBF;5;20250228;115500;90.15;90.2;90.1;90.15;4315
USDRUBF;5;20250228;120000;90.15;90.2;90.1;90.15;1876
USDRUBF;5;20250228;120500;90.15;90.2;90.08;90.18;4576
USDRUBF;5;20250228;121000;90.17;90.17;90.05;90.09;1022
USDRUBF;5;20250228;121500;90.08;90.09;89.97;89.99;1677
USDRUBF;5;20250228;122000;89.98;89.99;89.88;89.9;1339
USDRUBF;5;20250228;122500;89.9;89.9;89.85;89.9;3006
USDRUBF;5;20250228;123000;89.9;89.9;89.77;89.84;12512
USDRUBF;5;20250228;123500;89.84;89.9;89.81;89.89;923
USDRUBF;5;20250228;124000;89.88;89.9;89.82;89.9;1594
USDRUBF;5;20250228;124500;89.89;89.9;89.85;89.89;1417
USDRUBF;5;20250228;125000;89.89;89.9;89.84;89.9;495
USDRUBF;5;20250228;125500;89.9;89.9;89.84;89.88;4326
USDRUBF;5;20250228;130000;89.88;89.9;89.82;89.86;856
USDRUBF;5;20250228;130500;89.86;89.9;89.86;89.9;693
USDRUBF;5;20250228;131000;89.9;89.9;89.85;89.86;722
USDRUBF;5;20250228;131500;89.87;89.9;89.85;89.89;221
USDRUBF;5;20250228;132000;89.89;89.9;89.85;89.86;346
USDRUBF;5;20250228;132500;89.86;89.87;89.84;89.87;637
USDRUBF;5;20250228;133000;89.87;89.9;89.86;89.9;558
USDRUBF;5;20250228;133500;89.9;89.9;89.85;89.86;1054
USDRUBF;5;20250228;134000;89.86;89.9;89.84;89.86;600
USDRUBF;5;20250228;134500;89.86;89.9;89.84;89.88;738
USDRUBF;5;20250228;135000;89.88;89.9;89.87;89.89;1267
USDRUBF;5;20250228;135500;89.87;90.04;89.87;89.98;2955
USDRUBF;5;20250228;140500;89.99;90.11;89.97;90.05;2154
USDRUBF;5;20250228;141000;90.05;90.12;90.05;90.07;1886
USDRUBF;5;20250228;141500;90.06;90.09;90.01;90.06;1085
USDRUBF;5;20250228;142000;90.06;90.06;89.95;90.01;1504
USDRUBF;5;20250228;142500;90.01;90.02;89.92;89.95;1574
USDRUBF;5;20250228;143000;89.97;89.98;89.9;89.93;274
USDRUBF;5;20250228;143500;89.95;89.95;89.86;89.86;181
USDRUBF;5;20250228;144000;89.86;89.9;89.83;89.89;288
USDRUBF;5;20250228;144500;89.88;89.94;89.86;89.91;215
USDRUBF;5;20250228;145000;89.9;89.93;89.85;89.93;183
USDRUBF;5;20250228;145500;89.94;90.15;89.93;90.15;323
USDRUBF;5;20250228;150000;90.15;90.29;90.14;90.2;929
USDRUBF;5;20250228;150500;90.22;90.22;90.02;90.19;1312
USDRUBF;5;20250228;151000;90.19;90.33;90.19;90.19;1194
USDRUBF;5;20250228;151500;90.21;90.25;90.07;90.08;733
USDRUBF;5;20250228;152000;90.09;90.12;90.07;90.1;218
USDRUBF;5;20250228;152500;90.09;90.15;90.04;90.14;464
USDRUBF;5;20250228;153000;90.13;90.15;89.95;89.95;479
USDRUBF;5;20250228;153500;89.95;90.01;89.88;89.98;607
USDRUBF;5;20250228;154000;89.98;90.14;89.97;90.07;565
USDRUBF;5;20250228;154500;90.08;90.17;90.04;90.13;1032
USDRUBF;5;20250228;155000;90.13;90.22;90.03;90.16;1942
USDRUBF;5;20250228;155500;90.18;90.25;90.07;90.16;1658
USDRUBF;5;20250228;160000;90.16;90.36;90.16;90.31;2086
USDRUBF;5;20250228;160500;90.3;90.8;90.29;90.4;3972
USDRUBF;5;20250228;161000;90.4;90.58;90.39;90.48;1316
USDRUBF;5;20250228;161500;90.49;90.68;90.49;90.63;886
USDRUBF;5;20250228;162000;90.66;90.68;90.57;90.62;454
USDRUBF;5;20250228;162500;90.64;90.65;90.45;90.48;629
USDRUBF;5;20250228;163000;90.48;90.59;90.35;90.53;931
USDRUBF;5;20250228;163500;90.59;90.81;90.59;90.67;2819
USDRUBF;5;20250228;164000;90.67;90.71;90.55;90.64;643
USDRUBF;5;20250228;164500;90.66;90.67;90.5;90.5;1025
USDRUBF;5;20250228;165000;90.49;90.59;90.48;90.52;336
USDRUBF;5;20250228;165500;90.52;90.57;90.47;90.51;570
USDRUBF;5;20250228;170000;90.51;90.57;90.49;90.53;325
USDRUBF;5;20250228;170500;90.5;90.5;90.33;90.42;1137
USDRUBF;5;20250228;171000;90.43;90.44;90.26;90.27;758
USDRUBF;5;20250228;171500;90.26;90.33;90.23;90.32;391
USDRUBF;5;20250228;172000;90.32;90.39;90.3;90.35;231
USDRUBF;5;20250228;172500;90.32;90.4;90.21;90.27;658
USDRUBF;5;20250228;173000;90.27;90.36;90.24;90.33;418
USDRUBF;5;20250228;173500;90.32;90.37;90.28;90.35;481
USDRUBF;5;20250228;174000;90.37;90.44;90.25;90.3;951
USDRUBF;5;20250228;174500;90.33;90.39;90.21;90.39;690
USDRUBF;5;20250228;175000;90.35;90.58;90.35;90.55;1655
USDRUBF;5;20250228;175500;90.55;90.68;90.54;90.59;488
USDRUBF;5;20250228;180000;90.6;90.62;90.48;90.53;385
USDRUBF;5;20250228;180500;90.54;90.54;90.38;90.42;440
USDRUBF;5;20250228;181000;90.4;90.44;90.36;90.36;194
USDRUBF;5;20250228;181500;90.36;90.54;90.33;90.51;549
USDRUBF;5;20250228;182000;90.5;90.53;90.44;90.49;562
USDRUBF;5;20250228;182500;90.48;90.51;90.42;90.42;230
USDRUBF;5;20250228;183000;90.44;90.54;90.4;90.41;628
USDRUBF;5;20250228;183500;90.41;90.55;90.36;90.36;755
USDRUBF;5;20250228;184000;90.37;90.38;90.18;90.18;643
USDRUBF;5;20250228;184500;90.17;90.23;90.13;90.2;304
USDRUBF;5;20250228;190500;90.33;90.59;90.09;90.14;1744
USDRUBF;5;20250228;191000;90.12;90.33;90.06;90.26;774
USDRUBF;5;20250228;191500;90.3;90.41;90.3;90.35;456
USDRUBF;5;20250228;192000;90.33;90.33;90.21;90.32;274
USDRUBF;5;20250228;192500;90.33;90.35;90.3;90.3;80
USDRUBF;5;20250228;193000;90.32;90.37;90.31;90.33;204
USDRUBF;5;20250228;193500;90.33;90.33;90.06;90.06;545
USDRUBF;5;20250228;194000;90.1;90.21;90.1;90.1;324
USDRUBF;5;20250228;194500;90.15;90.18;90.11;90.16;235
USDRUBF;5;20250228;195000;90.13;90.24;90.01;90.1;1085
USDRUBF;5;20250228;195500;90.11;90.13;89.51;89.52;3276
USDRUBF;5;20250228;200000;89.52;89.83;89.33;89.77;2221
USDRUBF;5;20250228;200500;89.77;89.85;89.68;89.84;304
USDRUBF;5;20250228;201000;89.83;89.92;89.76;89.81;900
USDRUBF;5;20250228;201500;89.81;89.92;89.79;89.86;839
USDRUBF;5;20250228;202000;89.83;89.89;89.8;89.86;302
USDRUBF;5;20250228;202500;89.86;89.9;89.79;89.79;1528
USDRUBF;5;20250228;203000;89.79;89.83;89.55;89.73;3406
USDRUBF;5;20250228;203500;89.73;89.74;89.54;89.54;475
USDRUBF;5;20250228;204000;89.53;89.7;89.35;89.69;1667
USDRUBF;5;20250228;204500;89.69;89.74;89.5;89.71;732
USDRUBF;5;20250228;205000;89.74;89.75;89.66;89.7;371
USDRUBF;5;20250228;205500;89.72;89.8;89.66;89.8;303
USDRUBF;5;20250228;210000;89.8;89.85;89.57;89.6;509
USDRUBF;5;20250228;210500;89.61;89.79;89.53;89.72;343
USDRUBF;5;20250228;211000;89.73;89.89;89.71;89.8;403
USDRUBF;5;20250228;211500;89.81;89.98;89.7;89.95;539
USDRUBF;5;20250228;212000;89.98;90.74;89.8;90.22;3797
USDRUBF;5;20250228;212500;90.22;90.5;90.1;90.3;3229
USDRUBF;5;20250228;213000;90.3;90.37;89.97;90.12;1181
USDRUBF;5;20250228;213500;90.13;90.32;90.1;90.18;1007
USDRUBF;5;20250228;214000;90.19;90.24;90.14;90.21;587
USDRUBF;5;20250228;214500;90.17;90.27;90.1;90.22;632
USDRUBF;5;20250228;215000;90.22;90.32;90.14;90.2;530
USDRUBF;5;20250228;215500;90.21;90.23;90.11;90.11;167
USDRUBF;5;20250228;220000;90.11;90.13;90.03;90.11;288
USDRUBF;5;20250228;220500;90.14;90.16;90.09;90.13;114
USDRUBF;5;20250228;221000;90.13;90.26;90.1;90.1;380
USDRUBF;5;20250228;221500;90.08;90.17;90.07;90.09;214
USDRUBF;5;20250228;222000;90.07;90.12;90.07;90.12;30
USDRUBF;5;20250228;222500;90.12;90.12;90.08;90.11;52
USDRUBF;5;20250228;223000;90.11;90.11;90.07;90.07;87
USDRUBF;5;20250228;223500;90.06;90.06;89.89;89.91;297
USDRUBF;5;20250228;224000;89.95;90.01;89.91;89.94;126
USDRUBF;5;20250228;224500;89.91;89.96;89.87;89.95;260
USDRUBF;5;20250228;225000;89.97;89.99;89.86;89.86;45
USDRUBF;5;20250228;225500;89.86;89.86;89.8;89.82;215
USDRUBF;5;20250228;230000;89.82;89.82;89.42;89.68;831
USDRUBF;5;20250228;230500;89.69;89.72;89.51;89.51;2008
USDRUBF;5;20250228;231000;89.52;89.56;89.34;89.54;972
USDRUBF;5;20250228;231500;89.54;89.59;89.53;89.53;229
USDRUBF;5;20250228;232000;89.51;89.53;89.46;89.51;268
USDRUBF;5;20250228;232500;89.5;89.51;89.22;89.27;391
USDRUBF;5;20250228;233000;89.27;89.42;89.26;89.39;118
USDRUBF;5;20250228;233500;89.39;89.47;89.39;89.41;138
USDRUBF;5;20250228;234000;89.41;89.45;89.37;89.37;198
USDRUBF;5;20250228;234500;89.39;89.42;89.3;89.3;199
USDRUBF;5;20250303;090000;89.45;90.05;89.45;90;1109
USDRUBF;5;20250303;090500;90.01;90.1;89.91;90.06;693
USDRUBF;5;20250303;091000;90.06;90.07;89.81;89.9;608
USDRUBF;5;20250303;091500;89.9;90.11;89.85;90.07;656
USDRUBF;5;20250303;092000;90.07;90.26;90.07;90.17;1021
USDRUBF;5;20250303;092500;90.17;90.18;90.06;90.06;166
USDRUBF;5;20250303;093000;90.1;90.25;90.09;90.25;382
USDRUBF;5;20250303;093500;90.26;90.29;90.15;90.21;552
USDRUBF;5;20250303;094000;90.23;90.3;90.16;90.16;290
USDRUBF;5;20250303;094500;90.16;90.29;90.16;90.29;160
USDRUBF;5;20250303;095000;90.29;90.36;90.29;90.31;417
USDRUBF;5;20250303;095500;90.31;90.33;90.15;90.18;235
USDRUBF;5;20250303;100000;90.18;90.53;90.18;90.41;1354
USDRUBF;5;20250303;100500;90.44;90.47;90.35;90.47;1642
USDRUBF;5;20250303;101000;90.44;90.55;90.41;90.51;1329
USDRUBF;5;20250303;101500;90.5;90.65;90.49;90.56;2259
USDRUBF;5;20250303;102000;90.51;90.56;90.28;90.39;923
USDRUBF;5;20250303;102500;90.36;90.39;90.23;90.34;1382
USDRUBF;5;20250303;103000;90.36;90.39;90.17;90.22;1596
USDRUBF;5;20250303;103500;90.22;90.4;90.14;90.35;1374
USDRUBF;5;20250303;104000;90.35;90.39;90.23;90.39;443
USDRUBF;5;20250303;104500;90.39;90.45;90.31;90.35;1105
USDRUBF;5;20250303;105000;90.33;90.39;90.3;90.31;193
USDRUBF;5;20250303;105500;90.31;90.31;90.27;90.27;58
USDRUBF;5;20250303;110000;90.28;90.3;90.23;90.25;501
USDRUBF;5;20250303;110500;90.25;90.26;90.18;90.19;483
USDRUBF;5;20250303;111000;90.2;90.23;90.14;90.14;227
USDRUBF;5;20250303;111500;90.15;90.16;90.06;90.15;750
USDRUBF;5;20250303;112000;90.12;90.13;89.94;90.01;708
USDRUBF;5;20250303;112500;90.03;90.08;89.99;90.07;378
USDRUBF;5;20250303;113000;90.06;90.06;89.92;89.92;438
USDRUBF;5;20250303;113500;89.95;90.05;89.92;89.99;1179
USDRUBF;5;20250303;114000;89.98;90.04;89.92;89.99;502
USDRUBF;5;20250303;114500;90;90.05;89.95;90.05;364
USDRUBF;5;20250303;115000;90.05;90.06;90;90.01;157
USDRUBF;5;20250303;115500;90.03;90.03;89.91;89.96;317
USDRUBF;5;20250303;120000;89.96;90.17;89.96;90.03;731
USDRUBF;5;20250303;120500;90.03;90.1;90;90.06;236
USDRUBF;5;20250303;121000;90.04;90.09;90.02;90.08;66
USDRUBF;5;20250303;121500;90.06;90.15;90.03;90.15;182
USDRUBF;5;20250303;122000;90.15;90.28;90.09;90.15;1518
USDRUBF;5;20250303;122500;90.15;90.19;90.11;90.16;624
USDRUBF;5;20250303;123000;90.18;90.3;90.15;90.26;404
USDRUBF;5;20250303;123500;90.22;90.3;90.18;90.27;853
USDRUBF;5;20250303;124000;90.27;90.29;90.2;90.27;245
USDRUBF;5;20250303;124500;90.27;90.3;90.23;90.29;465
USDRUBF;5;20250303;125000;90.3;90.35;90.2;90.33;1488
USDRUBF;5;20250303;125500;90.35;90.36;90.22;90.22;565
USDRUBF;5;20250303;130000;90.22;90.37;90.22;90.27;1364
USDRUBF;5;20250303;130500;90.24;90.29;90.16;90.24;926
USDRUBF;5;20250303;131000;90.2;90.26;90.18;90.25;544
USDRUBF;5;20250303;131500;90.27;90.29;90.18;90.24;392
USDRUBF;5;20250303;132000;90.24;90.27;90.21;90.26;222
USDRUBF;5;20250303;132500;90.27;90.33;90.22;90.33;200
USDRUBF;5;20250303;133000;90.35;90.41;90.34;90.35;361
USDRUBF;5;20250303;133500;90.35;90.49;90.35;90.43;1085
USDRUBF;5;20250303;134000;90.43;90.46;90.35;90.37;818
USDRUBF;5;20250303;134500;90.39;90.44;90.33;90.35;1188
USDRUBF;5;20250303;135000;90.36;90.44;90.36;90.4;545
USDRUBF;5;20250303;135500;90.4;90.47;90.33;90.47;467
USDRUBF;5;20250303;140500;90.47;90.51;90.42;90.48;851
USDRUBF;5;20250303;141000;90.48;90.62;90.46;90.62;1163
USDRUBF;5;20250303;141500;90.61;90.81;90.6;90.75;1783
USDRUBF;5;20250303;142000;90.78;90.89;90.76;90.88;1252
USDRUBF;5;20250303;142500;90.89;91.07;90.82;90.85;2494
USDRUBF;5;20250303;143000;90.91;90.94;90.76;90.8;852
USDRUBF;5;20250303;143500;90.8;90.86;90.72;90.86;806
USDRUBF;5;20250303;144000;90.86;90.92;90.78;90.83;548
USDRUBF;5;20250303;144500;90.84;90.88;90.8;90.81;282
USDRUBF;5;20250303;145000;90.85;90.95;90.77;90.81;444
USDRUBF;5;20250303;145500;90.84;90.91;90.79;90.84;457
USDRUBF;5;20250303;150000;90.87;90.9;90.81;90.82;247
USDRUBF;5;20250303;150500;90.84;90.92;90.8;90.89;527
USDRUBF;5;20250303;151000;90.86;90.86;90.8;90.81;403
USDRUBF;5;20250303;151500;90.8;90.86;90.78;90.78;446
USDRUBF;5;20250303;152000;90.78;90.8;90.63;90.69;902
USDRUBF;5;20250303;152500;90.7;90.79;90.68;90.68;288
USDRUBF;5;20250303;153000;90.7;90.72;90.64;90.64;154
USDRUBF;5;20250303;153500;90.67;90.79;90.66;90.74;416
USDRUBF;5;20250303;154000;90.73;90.75;90.57;90.61;1216
USDRUBF;5;20250303;154500;90.62;90.64;90.58;90.63;137
USDRUBF;5;20250303;155000;90.64;90.69;90.61;90.63;247
USDRUBF;5;20250303;155500;90.63;90.76;90.62;90.75;492
USDRUBF;5;20250303;160000;90.77;90.79;90.68;90.75;566
USDRUBF;5;20250303;160500;90.75;90.78;90.68;90.74;313
USDRUBF;5;20250303;161000;90.75;90.82;90.71;90.77;581
USDRUBF;5;20250303;161500;90.74;90.81;90.74;90.8;340
USDRUBF;5;20250303;162000;90.82;90.85;90.76;90.8;895
USDRUBF;5;20250303;162500;90.78;90.85;90.76;90.83;310
USDRUBF;5;20250303;163000;90.84;90.89;90.7;90.71;1686
USDRUBF;5;20250303;163500;90.7;90.79;90.64;90.77;703
USDRUBF;5;20250303;164000;90.74;90.89;90.74;90.83;533
USDRUBF;5;20250303;164500;90.84;91;90.79;90.79;1051
USDRUBF;5;20250303;165000;90.79;90.91;90.77;90.85;565
USDRUBF;5;20250303;165500;90.86;90.92;90.82;90.89;754
USDRUBF;5;20250303;170000;90.9;90.9;90.78;90.81;485
USDRUBF;5;20250303;170500;90.82;90.88;90.81;90.88;294
USDRUBF;5;20250303;171000;90.87;90.89;90.81;90.85;357
USDRUBF;5;20250303;171500;90.86;90.88;90.82;90.82;185
USDRUBF;5;20250303;172000;90.82;90.85;90.76;90.8;315
USDRUBF;5;20250303;172500;90.81;90.81;90.71;90.75;450
USDRUBF;5;20250303;173000;90.76;90.83;90.74;90.81;498
USDRUBF;5;20250303;173500;90.84;90.9;90.76;90.8;339
USDRUBF;5;20250303;174000;90.78;90.78;90.51;90.54;1562
USDRUBF;5;20250303;174500;90.56;90.65;90.44;90.6;1510
USDRUBF;5;20250303;175000;90.56;90.74;90.56;90.63;659
USDRUBF;5;20250303;175500;90.64;90.65;90.52;90.58;383
USDRUBF;5;20250303;180000;90.58;90.58;90.36;90.51;1158
USDRUBF;5;20250303;180500;90.47;90.55;90.4;90.43;712
USDRUBF;5;20250303;181000;90.42;90.45;90.34;90.38;629
USDRUBF;5;20250303;181500;90.38;90.49;90.38;90.46;364
USDRUBF;5;20250303;182000;90.46;90.51;90.34;90.35;560
USDRUBF;5;20250303;182500;90.35;90.35;90.19;90.23;1675
USDRUBF;5;20250303;183000;90.21;90.23;90.1;90.18;926
USDRUBF;5;20250303;183500;90.17;90.17;90.07;90.09;776
USDRUBF;5;20250303;184000;90.09;90.18;90.08;90.16;591
USDRUBF;5;20250303;184500;90.15;90.16;90.05;90.06;637
USDRUBF;5;20250303;190500;90.25;90.32;90.01;90.28;1107
USDRUBF;5;20250303;191000;90.27;90.4;90.24;90.26;627
USDRUBF;5;20250303;191500;90.26;90.45;90.26;90.42;289
USDRUBF;5;20250303;192000;90.44;90.47;90.35;90.35;533
USDRUBF;5;20250303;192500;90.35;90.4;90.34;90.36;83
USDRUBF;5;20250303;193000;90.37;90.49;90.37;90.45;233
USDRUBF;5;20250303;193500;90.44;90.54;90.44;90.54;366
USDRUBF;5;20250303;194000;90.54;90.55;90.46;90.47;1273
USDRUBF;5;20250303;194500;90.48;90.48;90.26;90.32;671
USDRUBF;5;20250303;195000;90.3;90.34;90.22;90.33;947
USDRUBF;5;20250303;195500;90.31;90.32;90.2;90.22;408
USDRUBF;5;20250303;200000;90.2;90.34;90.19;90.25;534
USDRUBF;5;20250303;200500;90.26;90.33;90.19;90.32;124
USDRUBF;5;20250303;201000;90.32;90.41;90.27;90.41;232
USDRUBF;5;20250303;201500;90.38;90.41;90.3;90.3;81
USDRUBF;5;20250303;202000;90.3;90.34;90.2;90.31;203
USDRUBF;5;20250303;202500;90.33;90.33;90.22;90.22;81
USDRUBF;5;20250303;203000;90.21;90.25;90.18;90.22;216
USDRUBF;5;20250303;203500;90.21;90.24;90.2;90.22;157
USDRUBF;5;20250303;204000;90.25;90.3;90.25;90.26;47
USDRUBF;5;20250303;204500;90.27;90.27;90.2;90.2;205
USDRUBF;5;20250303;205000;90.19;90.2;90.14;90.17;340
USDRUBF;5;20250303;205500;90.18;90.22;90.17;90.22;34
USDRUBF;5;20250303;210000;90.19;90.22;90.19;90.19;63
USDRUBF;5;20250303;210500;90.2;90.22;90.2;90.2;60
USDRUBF;5;20250303;211000;90.19;90.22;90.12;90.19;324
USDRUBF;5;20250303;211500;90.17;90.38;90.16;90.35;327
USDRUBF;5;20250303;212000;90.36;90.6;90.35;90.47;817
USDRUBF;5;20250303;212500;90.48;90.6;90.46;90.55;311
USDRUBF;5;20250303;213000;90.58;90.62;90.51;90.62;410
USDRUBF;5;20250303;213500;90.63;90.66;90.52;90.56;214
USDRUBF;5;20250303;214000;90.56;90.58;90.44;90.54;348
USDRUBF;5;20250303;214500;90.56;90.65;90.56;90.63;269
USDRUBF;5;20250303;215000;90.63;90.7;90.62;90.7;300
USDRUBF;5;20250303;215500;90.7;90.7;90.53;90.64;397
USDRUBF;5;20250303;220000;90.65;90.66;90.57;90.6;177
USDRUBF;5;20250303;220500;90.59;90.63;90.55;90.63;153
USDRUBF;5;20250303;221000;90.63;90.65;90.55;90.6;118
USDRUBF;5;20250303;221500;90.58;90.58;90.3;90.44;627
USDRUBF;5;20250303;222000;90.37;90.42;90.12;90.22;1007
USDRUBF;5;20250303;222500;90.22;90.22;89.82;89.9;3439
USDRUBF;5;20250303;223000;89.91;90.06;89.81;90.01;1731
USDRUBF;5;20250303;223500;90.01;90.05;89.63;89.63;1836
USDRUBF;5;20250303;224000;89.63;89.79;89.58;89.65;1972
USDRUBF;5;20250303;224500;89.65;90.03;89.52;90.03;1950
USDRUBF;5;20250303;225000;90.05;90.11;89.8;89.96;1392
USDRUBF;5;20250303;225500;89.96;89.97;89.82;89.84;494
USDRUBF;5;20250303;230000;89.84;90.07;89.52;89.86;1988
USDRUBF;5;20250303;230500;89.87;89.96;89.81;89.96;281
USDRUBF;5;20250303;231000;89.95;90.19;89.91;90.12;1007
USDRUBF;5;20250303;231500;90.16;90.19;90.05;90.11;693
USDRUBF;5;20250303;232000;90.11;90.18;90.01;90.12;444
USDRUBF;5;20250303;232500;90.12;90.2;89.96;90.16;651
USDRUBF;5;20250303;233000;90.19;90.2;90.1;90.11;314
USDRUBF;5;20250303;233500;90.1;90.15;90.06;90.11;175
USDRUBF;5;20250303;234000;90.11;90.17;90.11;90.17;68
USDRUBF;5;20250303;234500;90.16;90.25;90.04;90.06;124
USDRUBF;5;20250304;090000;90.02;90.05;89.55;89.87;1426
USDRUBF;5;20250304;090500;89.85;89.98;89.8;89.98;364
USDRUBF;5;20250304;091000;89.94;90.26;89.94;90.23;551
USDRUBF;5;20250304;091500;90.19;90.23;90.07;90.2;310
USDRUBF;5;20250304;092000;90.17;90.21;89.93;90.06;731
USDRUBF;5;20250304;092500;90.02;90.07;89.94;90.01;243
USDRUBF;5;20250304;093000;89.98;90.01;89.89;89.96;325
USDRUBF;5;20250304;093500;89.98;89.98;89.8;89.8;211
USDRUBF;5;20250304;094000;89.77;89.85;89.74;89.84;370
USDRUBF;5;20250304;094500;89.84;89.84;89.8;89.8;2943
USDRUBF;5;20250304;095000;89.8;89.89;89.76;89.88;505
USDRUBF;5;20250304;095500;89.87;89.98;89.8;89.93;305
USDRUBF;5;20250304;100000;89.91;90.2;89.84;90.15;1961
USDRUBF;5;20250304;100500;90.19;90.34;90.13;90.33;1097
USDRUBF;5;20250304;101000;90.33;90.35;90.21;90.27;841
USDRUBF;5;20250304;101500;90.27;90.37;90.18;90.19;961
USDRUBF;5;20250304;102000;90.2;90.25;90.06;90.11;1959
USDRUBF;5;20250304;102500;90.12;90.15;89.99;90.09;2148
USDRUBF;5;20250304;103000;90.1;90.15;90.06;90.08;295
USDRUBF;5;20250304;103500;90.12;90.19;90.04;90.05;2084
USDRUBF;5;20250304;104000;90.05;90.1;90.01;90.05;1361
USDRUBF;5;20250304;104500;90.04;90.06;89.95;89.98;194
USDRUBF;5;20250304;105000;89.97;90.2;89.95;90.18;470
USDRUBF;5;20250304;105500;90.21;90.25;90.11;90.13;1115
USDRUBF;5;20250304;110000;90.13;90.14;90.06;90.06;1103
USDRUBF;5;20250304;110500;90.06;90.16;90.03;90.15;1113
USDRUBF;5;20250304;111000;90.17;90.25;90.13;90.23;493
USDRUBF;5;20250304;111500;90.22;90.25;90.19;90.23;530
USDRUBF;5;20250304;112000;90.2;90.22;90.11;90.14;244
USDRUBF;5;20250304;112500;90.15;90.18;90.05;90.16;3380
USDRUBF;5;20250304;113000;90.13;90.17;90.05;90.12;688
USDRUBF;5;20250304;113500;90.09;90.15;90.08;90.1;781
USDRUBF;5;20250304;114000;90.1;90.25;90.09;90.22;4794
USDRUBF;5;20250304;114500;90.25;90.33;90.17;90.31;2174
USDRUBF;5;20250304;115000;90.27;90.33;90.21;90.33;322
USDRUBF;5;20250304;115500;90.32;90.4;90.32;90.37;1342
USDRUBF;5;20250304;120000;90.37;90.45;90.35;90.44;898
USDRUBF;5;20250304;120500;90.45;90.48;90.28;90.29;637
USDRUBF;5;20250304;121000;90.27;90.33;90.21;90.26;456
USDRUBF;5;20250304;121500;90.24;90.41;90.23;90.4;908
USDRUBF;5;20250304;122000;90.38;90.47;90.36;90.44;626
USDRUBF;5;20250304;122500;90.45;90.51;90.42;90.45;1393
USDRUBF;5;20250304;123000;90.45;90.52;90.4;90.45;3692
USDRUBF;5;20250304;123500;90.41;90.52;90.41;90.5;550
USDRUBF;5;20250304;124000;90.5;90.5;90.32;90.34;191
USDRUBF;5;20250304;124500;90.32;90.38;90.3;90.36;521
USDRUBF;5;20250304;125000;90.37;90.42;90.28;90.35;1550
USDRUBF;5;20250304;125500;90.35;90.36;90.3;90.3;715
USDRUBF;5;20250304;130000;90.31;90.34;90.27;90.33;243
USDRUBF;5;20250304;130500;90.33;90.33;90.26;90.29;158
USDRUBF;5;20250304;131000;90.29;90.35;90.28;90.34;473
USDRUBF;5;20250304;131500;90.32;90.33;90.27;90.31;242
USDRUBF;5;20250304;132000;90.32;90.35;90.28;90.35;1340
USDRUBF;5;20250304;132500;90.35;90.35;90.29;90.34;328
USDRUBF;5;20250304;133000;90.33;90.35;90.29;90.33;375
USDRUBF;5;20250304;133500;90.34;90.41;90.29;90.41;1694
USDRUBF;5;20250304;134000;90.4;90.44;90.35;90.35;514
USDRUBF;5;20250304;134500;90.35;90.38;90.3;90.38;113
USDRUBF;5;20250304;135000;90.39;90.42;90.35;90.36;109
USDRUBF;5;20250304;135500;90.36;90.38;90.35;90.35;134
USDRUBF;5;20250304;140500;90.35;90.37;90.28;90.31;255
USDRUBF;5;20250304;141000;90.29;90.31;90.23;90.23;309
USDRUBF;5;20250304;141500;90.22;90.27;90.17;90.21;1696
USDRUBF;5;20250304;142000;90.2;90.25;90.19;90.22;789
USDRUBF;5;20250304;142500;90.24;90.27;90.22;90.26;271
USDRUBF;5;20250304;143000;90.24;90.26;90.18;90.21;675
USDRUBF;5;20250304;143500;90.21;90.24;90.15;90.18;152
USDRUBF;5;20250304;144000;90.19;90.21;90.11;90.16;598
USDRUBF;5;20250304;144500;90.15;90.16;90.06;90.07;501
USDRUBF;5;20250304;145000;90.09;90.1;90.03;90.03;356
USDRUBF;5;20250304;145500;90.06;90.1;90.03;90.07;95
USDRUBF;5;20250304;150000;90.06;90.07;90.01;90.02;347
USDRUBF;5;20250304;150500;90.04;90.19;90.03;90.17;396
USDRUBF;5;20250304;151000;90.19;90.38;90.16;90.33;522
USDRUBF;5;20250304;151500;90.38;90.38;90.26;90.27;237
USDRUBF;5;20250304;152000;90.3;90.33;90.26;90.29;248
USDRUBF;5;20250304;152500;90.28;90.29;90.18;90.22;240
USDRUBF;5;20250304;153000;90.22;90.22;90.14;90.18;105
USDRUBF;5;20250304;153500;90.15;90.17;90.13;90.14;497
USDRUBF;5;20250304;154000;90.14;90.18;90.12;90.17;195
USDRUBF;5;20250304;154500;90.15;90.15;90.02;90.12;1020
USDRUBF;5;20250304;155000;90.1;90.19;90.05;90.15;963
USDRUBF;5;20250304;155500;90.15;90.18;90.08;90.11;1137
USDRUBF;5;20250304;160000;90.17;90.23;90.13;90.16;1629
USDRUBF;5;20250304;160500;90.16;90.16;90.13;90.15;291
USDRUBF;5;20250304;161000;90.14;90.16;90.08;90.13;922
USDRUBF;5;20250304;161500;90.14;90.15;90.1;90.14;394
USDRUBF;5;20250304;162000;90.12;90.15;90.12;90.14;246
USDRUBF;5;20250304;162500;90.14;90.16;90.13;90.14;341
USDRUBF;5;20250304;163000;90.13;90.19;90.12;90.19;619
USDRUBF;5;20250304;163500;90.15;90.22;90.14;90.22;177
USDRUBF;5;20250304;164000;90.21;90.22;90.17;90.17;292
USDRUBF;5;20250304;164500;90.17;90.28;90.16;90.28;653
USDRUBF;5;20250304;165000;90.27;90.4;90.22;90.31;1065
USDRUBF;5;20250304;165500;90.34;90.38;90.26;90.3;394
USDRUBF;5;20250304;170000;90.31;90.36;90.29;90.32;261
USDRUBF;5;20250304;170500;90.31;90.34;90.29;90.34;123
USDRUBF;5;20250304;171000;90.35;90.36;90.27;90.28;135
USDRUBF;5;20250304;171500;90.28;90.33;90.26;90.32;276
USDRUBF;5;20250304;172000;90.33;90.38;90.31;90.31;303
USDRUBF;5;20250304;172500;90.32;90.33;90.26;90.27;157
USDRUBF;5;20250304;173000;90.26;90.27;90.19;90.2;457
USDRUBF;5;20250304;173500;90.2;90.27;90.19;90.2;843
USDRUBF;5;20250304;174000;90.2;90.2;90.08;90.09;1186
USDRUBF;5;20250304;174500;90.09;90.09;89.87;89.94;2037
USDRUBF;5;20250304;175000;89.93;89.99;89.86;89.95;883
USDRUBF;5;20250304;175500;89.96;89.99;89.91;89.93;927
USDRUBF;5;20250304;180000;89.93;90.13;89.91;90.03;658
USDRUBF;5;20250304;180500;90.04;90.13;90;90.02;312
USDRUBF;5;20250304;181000;90.02;90.05;89.9;89.93;397
USDRUBF;5;20250304;181500;89.93;89.95;89.88;89.95;296
USDRUBF;5;20250304;182000;89.97;90.05;89.97;90.03;322
USDRUBF;5;20250304;182500;90;90.04;89.96;89.96;671
USDRUBF;5;20250304;183000;89.98;90;89.93;89.95;205
USDRUBF;5;20250304;183500;89.98;90.04;89.97;90.01;355
USDRUBF;5;20250304;184000;90.01;90.04;89.8;89.96;1237
USDRUBF;5;20250304;184500;89.96;89.96;89.9;89.9;179
USDRUBF;5;20250304;190500;89.93;89.93;89.6;89.6;2993
USDRUBF;5;20250304;191000;89.6;89.7;89.5;89.61;2644
USDRUBF;5;20250304;191500;89.6;89.6;89.5;89.54;777
USDRUBF;5;20250304;192000;89.54;89.7;89.52;89.61;1088
USDRUBF;5;20250304;192500;89.6;89.7;89.57;89.62;425
USDRUBF;5;20250304;193000;89.61;89.61;89.57;89.58;187
USDRUBF;5;20250304;193500;89.58;89.64;89.58;89.6;152
USDRUBF;5;20250304;194000;89.57;89.64;89.56;89.62;181
USDRUBF;5;20250304;194500;89.6;89.76;89.6;89.76;327
USDRUBF;5;20250304;195000;89.73;89.79;89.68;89.77;341
USDRUBF;5;20250304;195500;89.76;89.81;89.72;89.72;175
USDRUBF;5;20250304;200000;89.73;89.73;89.67;89.71;174
USDRUBF;5;20250304;200500;89.71;89.71;89.67;89.7;47
USDRUBF;5;20250304;201000;89.69;89.69;89.61;89.68;228
USDRUBF;5;20250304;201500;89.69;89.69;89.65;89.65;108
USDRUBF;5;20250304;202000;89.64;89.66;89.64;89.64;65
USDRUBF;5;20250304;202500;89.63;89.63;89.55;89.55;502
USDRUBF;5;20250304;203000;89.55;89.58;89.5;89.51;456
USDRUBF;5;20250304;203500;89.51;89.56;89.5;89.56;636
USDRUBF;5;20250304;204000;89.57;89.66;89.54;89.66;82
USDRUBF;5;20250304;204500;89.67;89.67;89.61;89.64;124
USDRUBF;5;20250304;205000;89.64;89.64;89.61;89.61;23
USDRUBF;5;20250304;205500;89.59;89.59;89.54;89.54;77
USDRUBF;5;20250304;210000;89.55;89.62;89.54;89.58;50
USDRUBF;5;20250304;210500;89.57;89.58;89.53;89.55;37
USDRUBF;5;20250304;211000;89.56;89.57;89.51;89.57;94
USDRUBF;5;20250304;211500;89.57;89.58;89.55;89.58;84
USDRUBF;5;20250304;212000;89.57;89.59;89.5;89.56;243
USDRUBF;5;20250304;212500;89.58;89.66;89.53;89.6;112
USDRUBF;5;20250304;213000;89.63;89.68;89.59;89.59;86
USDRUBF;5;20250304;213500;89.6;89.61;89.57;89.57;85
USDRUBF;5;20250304;214000;89.58;89.58;89.51;89.55;222
USDRUBF;5;20250304;214500;89.55;89.63;89.55;89.55;302
USDRUBF;5;20250304;215000;89.55;89.59;89.55;89.59;44
USDRUBF;5;20250304;215500;89.59;89.59;89.57;89.57;18
USDRUBF;5;20250304;220000;89.57;89.57;89.51;89.51;55
USDRUBF;5;20250304;220500;89.51;89.55;89.51;89.53;27
USDRUBF;5;20250304;221000;89.55;89.6;89.55;89.55;77
USDRUBF;5;20250304;221500;89.55;89.63;89.55;89.63;135
USDRUBF;5;20250304;222000;89.63;89.66;89.63;89.65;97
USDRUBF;5;20250304;222500;89.65;89.67;89.62;89.66;87
USDRUBF;5;20250304;223000;89.67;89.68;89.64;89.64;165
USDRUBF;5;20250304;223500;89.66;89.72;89.66;89.68;151
USDRUBF;5;20250304;224000;89.69;89.71;89.64;89.69;31
USDRUBF;5;20250304;224500;89.69;89.69;89.63;89.65;99
USDRUBF;5;20250304;225000;89.64;89.66;89.64;89.65;41
USDRUBF;5;20250304;225500;89.67;89.69;89.59;89.59;261
USDRUBF;5;20250304;230000;89.64;89.64;89.53;89.56;138
USDRUBF;5;20250304;230500;89.6;89.6;89.57;89.57;57
USDRUBF;5;20250304;231000;89.58;89.6;89.58;89.6;67
USDRUBF;5;20250304;231500;89.6;89.63;89.59;89.61;320
USDRUBF;5;20250304;232000;89.61;89.62;89.57;89.57;131
USDRUBF;5;20250304;232500;89.55;89.57;89.53;89.57;42
USDRUBF;5;20250304;233000;89.57;89.62;89.56;89.62;83
USDRUBF;5;20250304;233500;89.62;89.65;89.59;89.61;69
USDRUBF;5;20250304;234000;89.63;89.69;89.6;89.62;179
USDRUBF;5;20250304;234500;89.64;89.68;89.6;89.63;55
USDRUBF;5;20250305;090000;89.71;89.97;89.69;89.88;657
USDRUBF;5;20250305;090500;89.84;89.93;89.8;89.9;223
USDRUBF;5;20250305;091000;89.93;89.99;89.84;89.84;257
USDRUBF;5;20250305;091500;89.88;89.89;89.8;89.86;149
USDRUBF;5;20250305;092000;89.89;89.93;89.85;89.85;116
USDRUBF;5;20250305;092500;89.86;89.92;89.84;89.86;36
USDRUBF;5;20250305;093000;89.89;89.92;89.82;89.91;706
USDRUBF;5;20250305;093500;89.9;89.95;89.9;89.92;659
USDRUBF;5;20250305;094000;89.94;89.94;89.9;89.9;326
USDRUBF;5;20250305;094500;89.9;89.97;89.9;89.97;580
USDRUBF;5;20250305;095000;89.97;89.99;89.94;89.96;197
USDRUBF;5;20250305;095500;89.98;90.11;89.94;90.02;911
USDRUBF;5;20250305;100000;90.03;90.35;90.03;90.31;1214
USDRUBF;5;20250305;100500;90.32;90.45;90.32;90.45;1744
USDRUBF;5;20250305;101000;90.46;90.51;90.39;90.39;1488
USDRUBF;5;20250305;101500;90.39;90.57;90.39;90.51;1302
USDRUBF;5;20250305;102000;90.51;90.55;90.4;90.44;458
USDRUBF;5;20250305;102500;90.46;90.64;90.37;90.61;1094
USDRUBF;5;20250305;103000;90.62;90.7;90.5;90.55;2470
USDRUBF;5;20250305;103500;90.55;90.65;90.47;90.47;1003
USDRUBF;5;20250305;104000;90.48;90.54;90.43;90.51;1709
USDRUBF;5;20250305;104500;90.5;90.57;90.45;90.46;513
USDRUBF;5;20250305;105000;90.45;90.58;90.43;90.49;668
USDRUBF;5;20250305;105500;90.48;90.6;90.48;90.6;743
USDRUBF;5;20250305;110000;90.6;90.68;90.57;90.6;856
USDRUBF;5;20250305;110500;90.59;90.64;90.55;90.61;1059
USDRUBF;5;20250305;111000;90.61;90.64;90.57;90.6;1383
USDRUBF;5;20250305;111500;90.6;90.66;90.56;90.6;755
USDRUBF;5;20250305;112000;90.6;90.63;90.54;90.58;571
USDRUBF;5;20250305;112500;90.59;90.66;90.58;90.64;662
USDRUBF;5;20250305;113000;90.63;90.67;90.58;90.59;390
USDRUBF;5;20250305;113500;90.61;90.66;90.57;90.6;648
USDRUBF;5;20250305;114000;90.59;90.66;90.58;90.62;1971
USDRUBF;5;20250305;114500;90.62;90.66;90.58;90.63;2295
USDRUBF;5;20250305;115000;90.63;90.64;90.56;90.63;1426
USDRUBF;5;20250305;115500;90.61;90.67;90.61;90.62;373
USDRUBF;5;20250305;120000;90.63;90.76;90.44;90.47;2118
USDRUBF;5;20250305;120500;90.47;90.52;90.43;90.48;1648
USDRUBF;5;20250305;121000;90.49;90.65;90.49;90.58;762
USDRUBF;5;20250305;121500;90.6;90.61;90.25;90.55;2091
USDRUBF;5;20250305;122000;90.52;90.53;90.44;90.49;405
USDRUBF;5;20250305;122500;90.46;90.47;90.33;90.37;1734
USDRUBF;5;20250305;123000;90.34;90.39;90.28;90.36;655
USDRUBF;5;20250305;123500;90.36;90.53;90.36;90.52;374
USDRUBF;5;20250305;124000;90.53;90.57;90.41;90.45;507
USDRUBF;5;20250305;124500;90.42;90.46;90.41;90.43;264
USDRUBF;5;20250305;125000;90.41;90.42;90.26;90.3;628
USDRUBF;5;20250305;125500;90.29;90.4;90.29;90.31;613
USDRUBF;5;20250305;130000;90.3;90.33;90.23;90.33;419
USDRUBF;5;20250305;130500;90.34;90.36;90.3;90.32;136
USDRUBF;5;20250305;131000;90.33;90.33;90.18;90.2;464
USDRUBF;5;20250305;131500;90.2;90.21;90.09;90.1;1077
USDRUBF;5;20250305;132000;90.09;90.23;90.09;90.22;584
USDRUBF;5;20250305;132500;90.2;90.27;90.19;90.19;706
USDRUBF;5;20250305;133000;90.2;90.27;90.18;90.21;530
USDRUBF;5;20250305;133500;90.2;90.27;90.18;90.27;269
USDRUBF;5;20250305;134000;90.26;90.26;90.15;90.2;457
USDRUBF;5;20250305;134500;90.2;90.24;90.2;90.24;150
USDRUBF;5;20250305;135000;90.24;90.3;90.24;90.29;291
USDRUBF;5;20250305;135500;90.28;90.38;90.24;90.37;768
USDRUBF;5;20250305;140500;90.37;90.49;90.34;90.47;483
USDRUBF;5;20250305;141000;90.47;90.48;90.36;90.45;280
USDRUBF;5;20250305;141500;90.47;90.5;90.42;90.48;307
USDRUBF;5;20250305;142000;90.47;90.55;90.47;90.55;171
USDRUBF;5;20250305;142500;90.55;90.59;90.51;90.56;297
USDRUBF;5;20250305;143000;90.56;90.62;90.48;90.54;906
USDRUBF;5;20250305;143500;90.54;90.56;90.51;90.52;274
USDRUBF;5;20250305;144000;90.52;90.62;90.47;90.56;585
USDRUBF;5;20250305;144500;90.54;90.61;90.53;90.59;513
USDRUBF;5;20250305;145000;90.6;90.61;90.54;90.56;258
USDRUBF;5;20250305;145500;90.57;90.62;90.57;90.6;378
USDRUBF;5;20250305;150000;90.62;90.62;90.45;90.46;253
USDRUBF;5;20250305;150500;90.5;90.55;90.48;90.53;616
USDRUBF;5;20250305;151000;90.52;90.55;90.49;90.55;308
USDRUBF;5;20250305;151500;90.55;90.58;90.42;90.48;493
USDRUBF;5;20250305;152000;90.46;90.49;90.41;90.42;70
USDRUBF;5;20250305;152500;90.41;90.49;90.4;90.46;148
USDRUBF;5;20250305;153000;90.45;90.51;90.36;90.38;412
USDRUBF;5;20250305;153500;90.36;90.4;90.28;90.35;306
USDRUBF;5;20250305;154000;90.35;90.4;90.29;90.36;261
USDRUBF;5;20250305;154500;90.36;90.53;90.36;90.5;148
USDRUBF;5;20250305;155000;90.53;90.53;90.43;90.43;181
USDRUBF;5;20250305;155500;90.43;90.5;90.4;90.5;529
USDRUBF;5;20250305;160000;90.55;90.57;90.42;90.44;481
USDRUBF;5;20250305;160500;90.44;90.5;90.44;90.45;92
USDRUBF;5;20250305;161000;90.46;90.47;90.4;90.4;213
USDRUBF;5;20250305;161500;90.41;90.44;90.4;90.42;157
USDRUBF;5;20250305;162000;90.42;90.42;90.26;90.26;747
USDRUBF;5;20250305;162500;90.26;90.27;90.19;90.19;546
USDRUBF;5;20250305;163000;90.21;90.35;90.19;90.32;434
USDRUBF;5;20250305;163500;90.31;90.31;90.13;90.18;673
USDRUBF;5;20250305;164000;90.19;90.2;90.1;90.15;739
USDRUBF;5;20250305;164500;90.13;90.16;90.05;90.15;801
USDRUBF;5;20250305;165000;90.13;90.23;90.13;90.23;258
USDRUBF;5;20250305;165500;90.2;90.26;90.17;90.25;233
USDRUBF;5;20250305;170000;90.23;90.23;90.05;90.1;440
USDRUBF;5;20250305;170500;90.1;90.15;90.02;90.03;465
USDRUBF;5;20250305;171000;90.02;90.06;90.01;90.03;517
USDRUBF;5;20250305;171500;90.04;90.11;90;90.08;747
USDRUBF;5;20250305;172000;90.09;90.18;90.09;90.18;289
USDRUBF;5;20250305;172500;90.16;90.18;90.09;90.09;293
USDRUBF;5;20250305;173000;90.1;90.17;90.07;90.1;1041
USDRUBF;5;20250305;173500;90.1;90.14;90;90.03;1690
USDRUBF;5;20250305;174000;90.01;90.15;90;90.08;775
USDRUBF;5;20250305;174500;90.08;90.13;90.05;90.07;399
USDRUBF;5;20250305;175000;90.07;90.1;90.01;90.07;271
USDRUBF;5;20250305;175500;90.04;90.06;90;90.06;1532
USDRUBF;5;20250305;180000;90.02;90.06;90;90.06;407
USDRUBF;5;20250305;180500;90.04;90.04;89.94;89.94;901
USDRUBF;5;20250305;181000;89.97;90.1;89.95;90.06;962
USDRUBF;5;20250305;181500;90.07;90.14;90.03;90.09;565
USDRUBF;5;20250305;182000;90.1;90.58;90.06;90.17;2292
USDRUBF;5;20250305;182500;90.18;90.19;90.14;90.16;334
USDRUBF;5;20250305;183000;90.17;90.17;90.07;90.07;366
USDRUBF;5;20250305;183500;90.1;90.13;90.05;90.06;300
USDRUBF;5;20250305;184000;90.05;90.09;90.04;90.05;430
USDRUBF;5;20250305;184500;90.03;90.08;90.03;90.03;122
USDRUBF;5;20250305;190500;90.04;90.3;89.95;90.3;520
USDRUBF;5;20250305;191000;90.3;90.32;90.24;90.25;532
USDRUBF;5;20250305;191500;90.3;90.31;90.26;90.27;247
USDRUBF;5;20250305;192000;90.27;90.32;90.27;90.28;212
USDRUBF;5;20250305;192500;90.31;90.33;90.29;90.31;1190
USDRUBF;5;20250305;193000;90.31;90.32;90.27;90.29;85
USDRUBF;5;20250305;193500;90.3;90.33;90.3;90.32;139
USDRUBF;5;20250305;194000;90.31;90.32;90.25;90.26;151
USDRUBF;5;20250305;194500;90.26;90.3;90.25;90.29;86
USDRUBF;5;20250305;195000;90.3;90.31;90.28;90.3;32
USDRUBF;5;20250305;195500;90.31;90.32;90.26;90.26;52
USDRUBF;5;20250305;200000;90.26;90.3;90.25;90.3;149
USDRUBF;5;20250305;200500;90.29;90.29;90.24;90.26;145
USDRUBF;5;20250305;201000;90.27;90.27;90.13;90.17;358
USDRUBF;5;20250305;201500;90.17;90.24;90.17;90.2;60
USDRUBF;5;20250305;202000;90.23;90.23;90.17;90.22;68
USDRUBF;5;20250305;202500;90.21;90.24;90.2;90.2;50
USDRUBF;5;20250305;203000;90.22;90.27;90.2;90.2;124
USDRUBF;5;20250305;203500;90.2;90.24;90.16;90.24;162
USDRUBF;5;20250305;204000;90.24;90.26;90.23;90.26;44
USDRUBF;5;20250305;204500;90.27;90.31;90.27;90.31;107
USDRUBF;5;20250305;205000;90.3;90.31;90.28;90.31;58
USDRUBF;5;20250305;205500;90.31;90.32;90.25;90.28;104
USDRUBF;5;20250305;210000;90.28;90.32;90.28;90.32;39
USDRUBF;5;20250305;210500;90.31;90.32;90.3;90.31;41
USDRUBF;5;20250305;211000;90.31;90.31;90.3;90.3;23
USDRUBF;5;20250305;211500;90.32;90.32;90.3;90.3;7
USDRUBF;5;20250305;212000;90.3;90.32;90.3;90.31;213
USDRUBF;5;20250305;212500;90.33;90.43;90.32;90.42;830
USDRUBF;5;20250305;213000;90.42;90.48;90.42;90.48;145
USDRUBF;5;20250305;213500;90.46;90.54;90.41;90.45;431
USDRUBF;5;20250305;214000;90.47;90.47;90.4;90.43;139
USDRUBF;5;20250305;214500;90.4;90.45;90.38;90.44;110
USDRUBF;5;20250305;215000;90.45;90.5;90.45;90.47;158
USDRUBF;5;20250305;215500;90.49;90.49;90.44;90.46;226
USDRUBF;5;20250305;220000;90.46;90.48;90.46;90.47;248
USDRUBF;5;20250305;220500;90.48;90.5;90.35;90.45;442
USDRUBF;5;20250305;221000;90.45;90.46;90.42;90.46;63
USDRUBF;5;20250305;221500;90.47;90.9;90.41;90.64;2972
USDRUBF;5;20250305;222000;90.63;90.75;90.6;90.7;854
USDRUBF;5;20250305;222500;90.66;90.71;90.62;90.69;337
USDRUBF;5;20250305;223000;90.67;90.69;90.64;90.64;217
USDRUBF;5;20250305;223500;90.66;90.66;90.57;90.57;301
USDRUBF;5;20250305;224000;90.56;90.69;90.56;90.63;346
USDRUBF;5;20250305;224500;90.63;90.63;90.56;90.6;71
USDRUBF;5;20250305;225000;90.6;90.67;90.6;90.65;182
USDRUBF;5;20250305;225500;90.65;90.67;90.6;90.61;138
USDRUBF;5;20250305;230000;90.62;90.67;90.62;90.65;122
USDRUBF;5;20250305;230500;90.67;90.68;90.65;90.67;52
USDRUBF;5;20250305;231000;90.65;90.68;90.65;90.68;37
USDRUBF;5;20250305;231500;90.67;90.67;90.64;90.64;80
USDRUBF;5;20250305;232000;90.64;90.67;90.63;90.66;267
USDRUBF;5;20250305;232500;90.63;90.7;90.63;90.7;417
USDRUBF;5;20250305;233000;90.67;90.73;90.66;90.73;111
USDRUBF;5;20250305;233500;90.7;90.73;90.67;90.68;276
USDRUBF;5;20250305;234000;90.67;90.7;90.65;90.69;62
USDRUBF;5;20250305;234500;90.65;90.7;90.61;90.61;68
USDRUBF;5;20250306;090000;90.66;90.89;90.61;90.84;484
USDRUBF;5;20250306;090500;90.86;90.88;90.55;90.64;314
USDRUBF;5;20250306;091000;90.65;90.72;90.53;90.61;205
USDRUBF;5;20250306;091500;90.62;90.72;90.61;90.7;100
USDRUBF;5;20250306;092000;90.71;90.75;90.63;90.63;262
USDRUBF;5;20250306;092500;90.62;90.67;90.61;90.61;120
USDRUBF;5;20250306;093000;90.65;90.68;90.61;90.68;148
USDRUBF;5;20250306;093500;90.64;90.69;90.64;90.69;45
USDRUBF;5;20250306;094000;90.69;90.7;90.67;90.7;400
USDRUBF;5;20250306;094500;90.7;90.7;90.64;90.65;75
USDRUBF;5;20250306;095000;90.69;90.87;90.69;90.86;2117
USDRUBF;5;20250306;095500;90.85;90.94;90.8;90.88;1676
USDRUBF;5;20250306;100000;90.9;91.01;90.55;90.65;2320
USDRUBF;5;20250306;100500;90.61;90.7;90.51;90.62;1057
USDRUBF;5;20250306;101000;90.62;90.79;90.62;90.75;385
USDRUBF;5;20250306;101500;90.77;90.77;90.64;90.68;312
USDRUBF;5;20250306;102000;90.63;90.64;90.56;90.58;663
USDRUBF;5;20250306;102500;90.57;90.67;90.48;90.5;894
USDRUBF;5;20250306;103000;90.5;90.5;90.41;90.46;649
USDRUBF;5;20250306;103500;90.46;90.63;90.43;90.59;829
USDRUBF;5;20250306;104000;90.6;90.61;90.46;90.49;791
USDRUBF;5;20250306;104500;90.49;90.55;90.42;90.42;586
USDRUBF;5;20250306;105000;90.44;90.54;90.44;90.52;310
USDRUBF;5;20250306;105500;90.54;90.61;90.52;90.58;535
USDRUBF;5;20250306;110000;90.59;90.67;90.56;90.67;198
USDRUBF;5;20250306;110500;90.66;90.71;90.61;90.63;530
USDRUBF;5;20250306;111000;90.66;90.7;90.62;90.7;139
USDRUBF;5;20250306;111500;90.68;90.71;90.61;90.71;144
USDRUBF;5;20250306;112000;90.73;90.74;90.65;90.67;507
USDRUBF;5;20250306;112500;90.66;90.69;90.63;90.69;735
USDRUBF;5;20250306;113000;90.7;90.7;90.54;90.56;617
USDRUBF;5;20250306;113500;90.54;90.55;90.37;90.41;1376
USDRUBF;5;20250306;114000;90.43;90.53;90.4;90.47;456
USDRUBF;5;20250306;114500;90.46;90.49;90.4;90.46;381
USDRUBF;5;20250306;115000;90.45;90.49;90.41;90.48;252
USDRUBF;5;20250306;115500;90.48;90.52;90.45;90.48;305
USDRUBF;5;20250306;120000;90.47;90.52;90.42;90.47;346
USDRUBF;5;20250306;120500;90.47;90.51;90.45;90.51;243
USDRUBF;5;20250306;121000;90.5;90.51;90.4;90.43;766
USDRUBF;5;20250306;121500;90.44;90.44;90.35;90.39;453
USDRUBF;5;20250306;122000;90.38;90.4;90.23;90.25;1440
USDRUBF;5;20250306;122500;90.23;90.31;90.18;90.28;1110
USDRUBF;5;20250306;123000;90.27;90.28;90.16;90.22;429
USDRUBF;5;20250306;123500;90.23;90.31;90.17;90.31;212
USDRUBF;5;20250306;124000;90.29;90.29;90.25;90.28;238
USDRUBF;5;20250306;124500;90.26;90.27;90.2;90.27;291
USDRUBF;5;20250306;125000;90.27;90.28;90.24;90.27;116
USDRUBF;5;20250306;125500;90.28;90.37;90.28;90.32;617
USDRUBF;5;20250306;130000;90.3;90.36;90.26;90.34;241
USDRUBF;5;20250306;130500;90.35;90.47;90.31;90.4;323
USDRUBF;5;20250306;131000;90.41;90.43;90.35;90.35;479
USDRUBF;5;20250306;131500;90.35;90.42;90.32;90.39;297
USDRUBF;5;20250306;132000;90.41;90.41;90.33;90.39;224
USDRUBF;5;20250306;132500;90.38;90.38;90.33;90.36;62
USDRUBF;5;20250306;133000;90.34;90.34;90.29;90.32;653
USDRUBF;5;20250306;133500;90.32;90.33;90.22;90.27;407
USDRUBF;5;20250306;134000;90.25;90.3;90.23;90.25;350
USDRUBF;5;20250306;134500;90.24;90.27;90.17;90.23;663
USDRUBF;5;20250306;135000;90.25;90.28;90.23;90.26;94
USDRUBF;5;20250306;135500;90.26;90.26;90.22;90.24;129
USDRUBF;5;20250306;140500;90.26;90.28;90.21;90.24;531
USDRUBF;5;20250306;141000;90.26;90.3;90.24;90.29;252
USDRUBF;5;20250306;141500;90.27;90.3;90.26;90.3;107
USDRUBF;5;20250306;142000;90.31;90.32;90.2;90.24;711
USDRUBF;5;20250306;142500;90.23;90.24;90.2;90.21;430
USDRUBF;5;20250306;143000;90.2;90.25;90.19;90.24;359
USDRUBF;5;20250306;143500;90.22;90.24;90.17;90.21;179
USDRUBF;5;20250306;144000;90.2;90.24;90.14;90.24;703
USDRUBF;5;20250306;144500;90.23;90.24;90.19;90.24;115
USDRUBF;5;20250306;145000;90.23;90.27;90.22;90.27;108
USDRUBF;5;20250306;145500;90.27;90.28;90.2;90.22;192
USDRUBF;5;20250306;150000;90.2;90.29;90.2;90.23;120
USDRUBF;5;20250306;150500;90.26;90.32;90.23;90.24;170
USDRUBF;5;20250306;151000;90.29;90.3;90.25;90.29;302
USDRUBF;5;20250306;151500;90.27;90.34;90.26;90.31;109
USDRUBF;5;20250306;152000;90.33;90.38;90.31;90.38;188
USDRUBF;5;20250306;152500;90.38;90.41;90.34;90.34;230
USDRUBF;5;20250306;153000;90.33;90.37;90.33;90.33;204
USDRUBF;5;20250306;153500;90.36;90.39;90.34;90.39;105
USDRUBF;5;20250306;154000;90.36;90.38;90.35;90.38;48
USDRUBF;5;20250306;154500;90.37;90.37;90.27;90.3;165
USDRUBF;5;20250306;155000;90.3;90.31;90.22;90.23;361
USDRUBF;5;20250306;155500;90.23;90.28;90.22;90.26;263
USDRUBF;5;20250306;160000;90.25;90.28;90.21;90.25;154
USDRUBF;5;20250306;160500;90.25;90.26;90.18;90.19;672
USDRUBF;5;20250306;161000;90.19;90.2;90.13;90.17;605
USDRUBF;5;20250306;161500;90.16;90.18;90.11;90.11;747
USDRUBF;5;20250306;162000;90.11;90.2;90.06;90.06;1589
USDRUBF;5;20250306;162500;90.06;90.13;90.05;90.11;618
USDRUBF;5;20250306;163000;90.11;90.12;90.09;90.09;611
USDRUBF;5;20250306;163500;90.1;90.14;90.08;90.08;276
USDRUBF;5;20250306;164000;90.09;90.09;90.01;90.06;798
USDRUBF;5;20250306;164500;90.08;90.09;90;90.03;973
USDRUBF;5;20250306;165000;90.01;90.1;90;90.07;693
USDRUBF;5;20250306;165500;90.03;90.04;90;90.04;453
USDRUBF;5;20250306;170000;90.02;90.03;90;90.03;134
USDRUBF;5;20250306;170500;90.01;90.07;90;90.06;201
USDRUBF;5;20250306;171000;90.05;90.06;90.02;90.02;736
USDRUBF;5;20250306;171500;90.02;90.03;90;90;212
USDRUBF;5;20250306;172000;90;90.07;90;90.05;271
USDRUBF;5;20250306;172500;90.09;90.11;89.98;90.01;978
USDRUBF;5;20250306;173000;90;90.06;89.97;90.05;409
USDRUBF;5;20250306;173500;90.04;90.11;90.03;90.1;209
USDRUBF;5;20250306;174000;90.09;90.1;90.05;90.05;187
USDRUBF;5;20250306;174500;90.06;90.2;90.04;90.19;730
USDRUBF;5;20250306;175000;90.21;90.24;90.16;90.18;713
USDRUBF;5;20250306;175500;90.18;90.19;90.11;90.14;520
USDRUBF;5;20250306;180000;90.14;90.14;90.1;90.1;223
USDRUBF;5;20250306;180500;90.1;90.15;90.09;90.13;461
USDRUBF;5;20250306;181000;90.13;90.22;90.11;90.22;338
USDRUBF;5;20250306;181500;90.23;90.29;90.2;90.29;805
USDRUBF;5;20250306;182000;90.28;90.31;90.24;90.28;729
USDRUBF;5;20250306;182500;90.29;90.29;90.22;90.25;220
USDRUBF;5;20250306;183000;90.25;90.33;90.25;90.33;486
USDRUBF;5;20250306;183500;90.33;90.33;90.27;90.3;138
USDRUBF;5;20250306;184000;90.28;90.28;90.21;90.21;123
USDRUBF;5;20250306;184500;90.21;90.29;90.21;90.23;156
USDRUBF;5;20250306;190500;90.32;90.37;90.25;90.32;254
USDRUBF;5;20250306;191000;90.29;90.29;90.22;90.26;175
USDRUBF;5;20250306;191500;90.25;90.34;90.24;90.34;290
USDRUBF;5;20250306;192000;90.34;90.35;90.31;90.31;224
USDRUBF;5;20250306;192500;90.33;90.37;90.32;90.37;160
USDRUBF;5;20250306;193000;90.37;90.38;90.33;90.33;122
USDRUBF;5;20250306;193500;90.36;90.44;90.32;90.43;381
USDRUBF;5;20250306;194000;90.44;90.46;90.43;90.45;281
USDRUBF;5;20250306;194500;90.45;90.51;90.45;90.48;377
USDRUBF;5;20250306;195000;90.48;90.49;90.38;90.43;232
USDRUBF;5;20250306;195500;90.43;90.46;90.39;90.39;78
USDRUBF;5;20250306;200000;90.39;90.52;90.39;90.51;154
USDRUBF;5;20250306;200500;90.51;90.6;90.5;90.57;286
USDRUBF;5;20250306;201000;90.57;90.61;90.54;90.57;466
USDRUBF;5;20250306;201500;90.58;90.6;90.5;90.53;282
USDRUBF;5;20250306;202000;90.52;90.53;90.47;90.47;453
USDRUBF;5;20250306;202500;90.47;90.47;90.35;90.38;156
USDRUBF;5;20250306;203000;90.33;90.36;90.26;90.34;449
USDRUBF;5;20250306;203500;90.35;90.44;90.35;90.43;157
USDRUBF;5;20250306;204000;90.44;90.44;90.35;90.35;83
USDRUBF;5;20250306;204500;90.35;90.44;90.35;90.43;97
USDRUBF;5;20250306;205000;90.4;90.45;90.35;90.35;194
USDRUBF;5;20250306;205500;90.36;90.36;90.3;90.32;75
USDRUBF;5;20250306;210000;90.33;90.34;90.3;90.34;25
USDRUBF;5;20250306;210500;90.32;90.39;90.32;90.36;60
USDRUBF;5;20250306;211000;90.36;90.44;90.36;90.44;19
USDRUBF;5;20250306;211500;90.43;90.43;90.39;90.41;26
USDRUBF;5;20250306;212000;90.4;90.49;90.4;90.43;111
USDRUBF;5;20250306;212500;90.42;90.43;90.39;90.39;65
USDRUBF;5;20250306;213000;90.39;90.39;90.35;90.35;77
USDRUBF;5;20250306;213500;90.36;90.36;90.33;90.33;92
USDRUBF;5;20250306;214000;90.33;90.4;90.33;90.4;80
USDRUBF;5;20250306;214500;90.38;90.4;90.38;90.4;7
USDRUBF;5;20250306;215000;90.38;90.41;90.38;90.41;49
USDRUBF;5;20250306;215500;90.39;90.4;90.39;90.4;57
USDRUBF;5;20250306;220000;90.38;90.39;90.35;90.35;60
USDRUBF;5;20250306;220500;90.38;90.38;90.35;90.35;42
USDRUBF;5;20250306;221000;90.36;90.36;90.35;90.35;29
USDRUBF;5;20250306;221500;90.35;90.36;90.34;90.36;31
USDRUBF;5;20250306;222000;90.37;90.38;90.37;90.38;22
USDRUBF;5;20250306;222500;90.38;90.39;90.37;90.39;31
USDRUBF;5;20250306;223000;90.37;90.38;90.34;90.35;47
USDRUBF;5;20250306;223500;90.34;90.34;90.33;90.34;53
USDRUBF;5;20250306;224000;90.35;90.38;90.34;90.38;51
USDRUBF;5;20250306;224500;90.38;90.39;90.37;90.38;51
USDRUBF;5;20250306;225000;90.37;90.38;90.35;90.36;54
USDRUBF;5;20250306;225500;90.36;90.36;90.33;90.34;31
USDRUBF;5;20250306;230000;90.34;90.35;90.26;90.32;152
USDRUBF;5;20250306;230500;90.32;90.32;90.26;90.29;53
USDRUBF;5;20250306;231000;90.28;90.3;90.28;90.3;23
USDRUBF;5;20250306;231500;90.3;90.31;90.28;90.3;16
USDRUBF;5;20250306;232000;90.3;90.33;90.28;90.33;105
USDRUBF;5;20250306;232500;90.33;90.38;90.33;90.34;69
USDRUBF;5;20250306;233000;90.35;90.36;90.34;90.35;31
USDRUBF;5;20250306;233500;90.35;90.36;90.28;90.29;139
USDRUBF;5;20250306;234000;90.3;90.34;90.3;90.32;112
USDRUBF;5;20250306;234500;90.32;90.32;90.24;90.29;77
USDRUBF;5;20250307;090000;90.25;90.36;90.21;90.36;130
USDRUBF;5;20250307;090500;90.36;90.39;90.31;90.31;46
USDRUBF;5;20250307;091000;90.34;90.38;90.33;90.33;37
USDRUBF;5;20250307;091500;90.37;90.38;90.33;90.36;30
USDRUBF;5;20250307;092000;90.36;90.38;90.34;90.36;53
USDRUBF;5;20250307;092500;90.37;90.43;90.37;90.4;77
USDRUBF;5;20250307;093000;90.4;90.43;90.38;90.42;169
USDRUBF;5;20250307;093500;90.41;90.44;90.41;90.42;90
USDRUBF;5;20250307;094000;90.41;90.41;90.35;90.39;144
USDRUBF;5;20250307;094500;90.36;90.38;90.35;90.36;24
USDRUBF;5;20250307;095000;90.39;90.41;90.38;90.4;38
USDRUBF;5;20250307;095500;90.4;90.41;90.38;90.41;77
USDRUBF;5;20250307;100000;90.41;90.47;90.29;90.33;370
USDRUBF;5;20250307;100500;90.33;90.35;90.16;90.28;586
USDRUBF;5;20250307;101000;90.28;90.43;90.28;90.37;141
USDRUBF;5;20250307;101500;90.4;90.44;90.28;90.41;513
USDRUBF;5;20250307;102000;90.41;90.45;90.35;90.4;699
USDRUBF;5;20250307;102500;90.43;90.45;90.39;90.41;420
USDRUBF;5;20250307;103000;90.41;90.46;90.38;90.42;278
USDRUBF;5;20250307;103500;90.42;90.43;90.33;90.36;549
USDRUBF;5;20250307;104000;90.34;90.4;90.23;90.28;791
USDRUBF;5;20250307;104500;90.26;90.34;90.23;90.32;376
USDRUBF;5;20250307;105000;90.3;90.32;90.24;90.31;109
USDRUBF;5;20250307;105500;90.29;90.32;90.24;90.25;153
USDRUBF;5;20250307;110000;90.25;90.27;90.16;90.27;649
USDRUBF;5;20250307;110500;90.27;90.27;90.16;90.18;514
USDRUBF;5;20250307;111000;90.17;90.18;90.08;90.1;2501
USDRUBF;5;20250307;111500;90.12;90.13;90.05;90.09;625
USDRUBF;5;20250307;112000;90.09;90.09;90.02;90.05;681
USDRUBF;5;20250307;112500;90.06;90.06;90;90;3871
USDRUBF;5;20250307;113000;90;90.06;90;90.03;2554
USDRUBF;5;20250307;113500;90.02;90.03;89.9;89.96;2204
USDRUBF;5;20250307;114000;89.95;89.95;89.84;89.91;1003
USDRUBF;5;20250307;114500;89.9;89.91;89.88;89.9;390
USDRUBF;5;20250307;115000;89.89;89.9;89.87;89.87;168
USDRUBF;5;20250307;115500;89.87;89.97;89.87;89.95;1515
USDRUBF;5;20250307;120000;89.95;89.95;89.84;89.88;531
USDRUBF;5;20250307;120500;89.85;89.91;89.83;89.87;328
USDRUBF;5;20250307;121000;89.86;89.97;89.85;89.97;1386
USDRUBF;5;20250307;121500;89.95;89.96;89.86;89.86;1024
USDRUBF;5;20250307;122000;89.88;89.89;89.81;89.85;491
USDRUBF;5;20250307;122500;89.86;89.88;89.84;89.86;548
USDRUBF;5;20250307;123000;89.86;89.86;89.79;89.86;1027
USDRUBF;5;20250307;123500;89.85;89.89;89.85;89.87;927
USDRUBF;5;20250307;124000;89.86;89.88;89.65;89.74;1427
USDRUBF;5;20250307;124500;89.72;89.73;89.54;89.64;1741
USDRUBF;5;20250307;125000;89.61;89.7;89.58;89.69;1320
USDRUBF;5;20250307;125500;89.69;89.72;89.38;89.46;3238
USDRUBF;5;20250307;130000;89.46;89.47;89.15;89.28;5762
USDRUBF;5;20250307;130500;89.28;89.39;89.25;89.36;2219
USDRUBF;5;20250307;131000;89.35;89.43;89.31;89.42;938
USDRUBF;5;20250307;131500;89.4;89.42;89.29;89.4;1361
USDRUBF;5;20250307;132000;89.39;89.45;89.36;89.44;823
USDRUBF;5;20250307;132500;89.46;89.62;89.46;89.52;714
USDRUBF;5;20250307;133000;89.5;89.62;89.5;89.51;406
USDRUBF;5;20250307;133500;89.5;89.55;89.47;89.54;264
USDRUBF;5;20250307;134000;89.51;89.51;89.31;89.36;739
USDRUBF;5;20250307;134500;89.35;89.47;89.34;89.43;728
USDRUBF;5;20250307;135000;89.44;89.46;89.4;89.4;334
USDRUBF;5;20250307;135500;89.41;89.47;89.41;89.46;216
USDRUBF;5;20250307;140500;89.46;89.46;89.41;89.41;466
USDRUBF;5;20250307;141000;89.41;89.41;89.35;89.35;628
USDRUBF;5;20250307;141500;89.34;89.4;89.28;89.37;605
USDRUBF;5;20250307;142000;89.39;89.41;89.29;89.37;547
USDRUBF;5;20250307;142500;89.36;89.48;89.34;89.46;280
USDRUBF;5;20250307;143000;89.46;89.47;89.39;89.42;659
USDRUBF;5;20250307;143500;89.43;89.58;89.41;89.47;395
USDRUBF;5;20250307;144000;89.5;89.51;89.43;89.5;1444
USDRUBF;5;20250307;144500;89.49;89.51;89.4;89.44;786
USDRUBF;5;20250307;145000;89.44;89.45;89.34;89.42;303
USDRUBF;5;20250307;145500;89.4;89.4;89.3;89.37;631
USDRUBF;5;20250307;150000;89.38;89.46;89.3;89.42;534
USDRUBF;5;20250307;150500;89.43;89.44;89.34;89.43;154
USDRUBF;5;20250307;151000;89.43;89.43;89.36;89.38;179
USDRUBF;5;20250307;151500;89.36;89.39;89.33;89.35;188
USDRUBF;5;20250307;152000;89.33;89.33;89.11;89.2;3956
USDRUBF;5;20250307;152500;89.2;89.22;89.18;89.2;1555
USDRUBF;5;20250307;153000;89.18;89.19;89.01;89.11;3647
USDRUBF;5;20250307;153500;89.1;89.17;89.05;89.09;1077
USDRUBF;5;20250307;154000;89.09;89.14;89.05;89.07;2843
USDRUBF;5;20250307;154500;89.07;89.07;88.9;88.9;4286
USDRUBF;5;20250307;155000;88.9;88.99;88.87;88.94;2483
USDRUBF;5;20250307;155500;88.94;88.95;88.78;88.81;3027
USDRUBF;5;20250307;160000;88.82;88.84;88.66;88.82;2647
USDRUBF;5;20250307;160500;88.81;88.94;88.72;88.92;2221
USDRUBF;5;20250307;161000;88.92;88.96;88.87;88.9;606
USDRUBF;5;20250307;161500;88.9;88.96;88.85;88.96;565
USDRUBF;5;20250307;162000;88.96;89.01;88.95;89.01;909
USDRUBF;5;20250307;162500;89.01;89.04;88.8;88.82;913
USDRUBF;5;20250307;163000;88.84;88.87;88.57;88.66;2264
USDRUBF;5;20250307;163500;88.65;88.82;88.62;88.77;1140
USDRUBF;5;20250307;164000;88.77;88.8;88.68;88.69;995
USDRUBF;5;20250307;164500;88.7;88.82;88.69;88.81;459
USDRUBF;5;20250307;165000;88.81;88.89;88.78;88.86;773
USDRUBF;5;20250307;165500;88.86;88.97;88.75;88.96;1383
USDRUBF;5;20250307;170000;88.96;88.98;88.89;88.95;560
USDRUBF;5;20250307;170500;88.93;88.96;88.82;88.82;664
USDRUBF;5;20250307;171000;88.83;88.91;88.7;88.9;2128
USDRUBF;5;20250307;171500;88.92;89.24;88.91;89.2;3019
USDRUBF;5;20250307;172000;89.2;89.7;89.2;89.59;5568
USDRUBF;5;20250307;172500;89.62;89.67;89.29;89.37;5571
USDRUBF;5;20250307;173000;89.4;89.55;89.39;89.49;1344
USDRUBF;5;20250307;173500;89.48;89.51;89.12;89.12;2562
USDRUBF;5;20250307;174000;89.15;89.18;89.04;89.13;2946
USDRUBF;5;20250307;174500;89.13;89.18;88.85;89.07;2220
USDRUBF;5;20250307;175000;89.05;89.1;88.96;89.08;829
USDRUBF;5;20250307;175500;89.09;89.22;89;89.19;946
USDRUBF;5;20250307;180000;89.18;89.18;88.95;89.04;784
USDRUBF;5;20250307;180500;89.04;89.17;89.02;89.15;1170
USDRUBF;5;20250307;181000;89.15;89.22;89.14;89.2;605
USDRUBF;5;20250307;181500;89.19;89.35;89.16;89.3;1127
USDRUBF;5;20250307;182000;89.28;89.38;89.26;89.38;846
USDRUBF;5;20250307;182500;89.35;89.38;89.26;89.28;459
USDRUBF;5;20250307;183000;89.28;89.34;89.14;89.18;2069
USDRUBF;5;20250307;183500;89.17;89.32;89.16;89.26;374
USDRUBF;5;20250307;184000;89.26;89.35;89.21;89.24;452
USDRUBF;5;20250307;184500;89.24;89.28;89.2;89.2;444
USDRUBF;5;20250307;190500;89.28;89.34;89.05;89.18;835
USDRUBF;5;20250307;191000;89.16;89.16;88.86;88.96;775
USDRUBF;5;20250307;191500;88.97;89.24;88.92;89.22;751
USDRUBF;5;20250307;192000;89.22;89.24;89.13;89.18;341
USDRUBF;5;20250307;192500;89.18;89.26;89.18;89.22;322
USDRUBF;5;20250307;193000;89.22;89.22;89.07;89.17;297
USDRUBF;5;20250307;193500;89.16;89.31;89.16;89.27;255
USDRUBF;5;20250307;194000;89.28;89.36;89.28;89.3;265
USDRUBF;5;20250307;194500;89.31;89.38;89.29;89.31;278
USDRUBF;5;20250307;195000;89.28;89.31;89.09;89.09;195
USDRUBF;5;20250307;195500;89.12;89.21;89.01;89.05;488
USDRUBF;5;20250307;200000;89.02;89.06;89;89.02;347
USDRUBF;5;20250307;200500;89.01;89.08;88.9;89.08;515
USDRUBF;5;20250307;201000;89.08;89.09;88.97;89.03;248
USDRUBF;5;20250307;201500;89.01;89.04;88.95;89;308
USDRUBF;5;20250307;202000;89.01;89.01;88.53;88.72;1909
USDRUBF;5;20250307;202500;88.72;88.76;88.3;88.6;2558
USDRUBF;5;20250307;203000;88.61;88.78;88.47;88.68;1060
USDRUBF;5;20250307;203500;88.67;88.82;88.6;88.7;771
USDRUBF;5;20250307;204000;88.7;88.77;88.49;88.49;1265
USDRUBF;5;20250307;204500;88.5;88.71;88.41;88.7;1078
USDRUBF;5;20250307;205000;88.7;88.71;88.65;88.7;300
USDRUBF;5;20250307;205500;88.7;88.77;88.6;88.62;351
USDRUBF;5;20250307;210000;88.63;88.72;88.53;88.66;704
USDRUBF;5;20250307;210500;88.67;88.75;88.65;88.71;522
USDRUBF;5;20250307;211000;88.71;88.72;88.57;88.69;761
USDRUBF;5;20250307;211500;88.7;88.7;88.64;88.64;192
USDRUBF;5;20250307;212000;88.67;88.67;88.62;88.66;148
USDRUBF;5;20250307;212500;88.67;88.67;88.62;88.62;180
USDRUBF;5;20250307;213000;88.64;88.66;88.6;88.6;264
USDRUBF;5;20250307;213500;88.62;88.71;88.6;88.71;278
USDRUBF;5;20250307;214000;88.7;88.77;88.67;88.7;341
USDRUBF;5;20250307;214500;88.67;88.76;88.67;88.74;218
USDRUBF;5;20250307;215000;88.72;88.9;88.71;88.71;742
USDRUBF;5;20250307;215500;88.75;88.83;88.63;88.8;979
USDRUBF;5;20250307;220000;88.77;88.77;88.71;88.73;61
USDRUBF;5;20250307;220500;88.72;88.8;88.63;88.66;787
USDRUBF;5;20250307;221000;88.66;88.68;88.65;88.66;220
USDRUBF;5;20250307;221500;88.66;88.76;88.66;88.66;187
USDRUBF;5;20250307;222000;88.69;88.69;88.63;88.68;102
USDRUBF;5;20250307;222500;88.65;88.67;88.63;88.66;187
USDRUBF;5;20250307;223000;88.67;88.68;88.51;88.56;873
USDRUBF;5;20250307;223500;88.58;88.64;88.56;88.61;215
USDRUBF;5;20250307;224000;88.59;88.61;88.58;88.6;64
USDRUBF;5;20250307;224500;88.58;88.6;88.54;88.56;107
USDRUBF;5;20250307;225000;88.54;88.61;88.51;88.58;120
USDRUBF;5;20250307;225500;88.55;88.66;88.53;88.61;493
USDRUBF;5;20250307;230000;88.64;88.64;88.53;88.56;176
USDRUBF;5;20250307;230500;88.55;88.56;88.48;88.51;348
USDRUBF;5;20250307;231000;88.48;88.55;88.45;88.51;584
USDRUBF;5;20250307;231500;88.53;88.55;88.51;88.52;247
USDRUBF;5;20250307;232000;88.53;88.61;88.53;88.53;236
USDRUBF;5;20250307;232500;88.53;88.62;88.5;88.61;258
USDRUBF;5;20250307;233000;88.61;88.62;88.5;88.55;197
USDRUBF;5;20250307;233500;88.53;88.56;88.5;88.5;405
USDRUBF;5;20250307;234000;88.55;88.57;88.53;88.55;171
USDRUBF;5;20250307;234500;88.56;88.56;88.53;88.54;311
USDRUBF;5;20250310;090000;88.67;88.87;88.63;88.84;701
USDRUBF;5;20250310;090500;88.84;88.87;88.69;88.69;822
USDRUBF;5;20250310;091000;88.73;88.85;88.63;88.77;405
USDRUBF;5;20250310;091500;88.8;88.86;88.8;88.8;327
USDRUBF;5;20250310;092000;88.8;88.86;88.79;88.86;247
USDRUBF;5;20250310;092500;88.84;88.86;88.8;88.82;182
USDRUBF;5;20250310;093000;88.81;88.83;88.66;88.7;530
USDRUBF;5;20250310;093500;88.71;88.71;88.45;88.49;967
USDRUBF;5;20250310;094000;88.48;88.63;88.47;88.62;252
USDRUBF;5;20250310;094500;88.61;88.68;88.6;88.68;167
USDRUBF;5;20250310;095000;88.68;88.71;88.65;88.7;163
USDRUBF;5;20250310;095500;88.68;88.75;88.63;88.75;223
USDRUBF;5;20250310;100000;88.74;89.07;88.74;88.97;2655
USDRUBF;5;20250310;100500;88.98;89.04;88.85;88.95;1501
USDRUBF;5;20250310;101000;88.97;89.03;88.91;88.97;1028
USDRUBF;5;20250310;101500;88.96;89.1;88.9;89.01;1275
USDRUBF;5;20250310;102000;89.02;89.21;89.02;89.17;1446
USDRUBF;5;20250310;102500;89.17;89.25;89.12;89.13;1009
USDRUBF;5;20250310;103000;89.15;89.18;88.9;89;1203
USDRUBF;5;20250310;103500;89.02;89.16;89.01;89.11;1127
USDRUBF;5;20250310;104000;89.11;89.13;89.04;89.05;388
USDRUBF;5;20250310;104500;89.07;89.07;88.98;89.01;268
USDRUBF;5;20250310;105000;89.04;89.06;88.76;88.95;956
USDRUBF;5;20250310;105500;88.94;89;88.82;88.86;1052
USDRUBF;5;20250310;110000;88.84;88.97;88.8;88.94;405
USDRUBF;5;20250310;110500;88.96;88.96;88.85;88.95;385
USDRUBF;5;20250310;111000;88.95;89.08;88.86;89;861
USDRUBF;5;20250310;111500;89.01;89.04;88.96;88.99;326
USDRUBF;5;20250310;112000;88.98;89.01;88.87;88.9;317
USDRUBF;5;20250310;112500;88.89;88.93;88.84;88.86;203
USDRUBF;5;20250310;113000;88.85;88.92;88.8;88.88;922
USDRUBF;5;20250310;113500;88.9;88.9;88.77;88.8;806
USDRUBF;5;20250310;114000;88.8;88.81;88.75;88.77;517
USDRUBF;5;20250310;114500;88.76;88.85;88.68;88.73;961
USDRUBF;5;20250310;115000;88.72;88.94;88.7;88.86;959
USDRUBF;5;20250310;115500;88.87;88.94;88.83;88.93;320
USDRUBF;5;20250310;120000;88.95;88.98;88.91;88.94;300
USDRUBF;5;20250310;120500;88.95;89.07;88.95;89;604
USDRUBF;5;20250310;121000;89.01;89.14;89;89.08;492
USDRUBF;5;20250310;121500;89.09;89.14;88.93;88.94;379
USDRUBF;5;20250310;122000;88.92;88.97;88.8;88.97;396
USDRUBF;5;20250310;122500;88.94;89;88.84;89;534
USDRUBF;5;20250310;123000;89.03;89.1;88.99;89.04;428
USDRUBF;5;20250310;123500;89.04;89.04;88.95;88.97;274
USDRUBF;5;20250310;124000;88.96;88.98;88.87;88.9;271
USDRUBF;5;20250310;124500;88.87;88.98;88.87;88.98;613
USDRUBF;5;20250310;125000;88.97;89;88.95;89;392
USDRUBF;5;20250310;125500;89.02;89.02;88.96;88.98;185
USDRUBF;5;20250310;130000;88.98;88.99;88.94;88.96;280
USDRUBF;5;20250310;130500;88.96;88.97;88.9;88.9;398
USDRUBF;5;20250310;131000;88.9;88.9;88.77;88.77;860
USDRUBF;5;20250310;131500;88.77;88.84;88.58;88.61;1333
USDRUBF;5;20250310;132000;88.61;88.68;88.55;88.64;810
USDRUBF;5;20250310;132500;88.64;88.65;88.51;88.55;653
USDRUBF;5;20250310;133000;88.51;88.52;88.14;88.45;4162
USDRUBF;5;20250310;133500;88.46;88.64;88.46;88.56;581
USDRUBF;5;20250310;134000;88.56;88.6;88.45;88.58;291
USDRUBF;5;20250310;134500;88.57;88.62;88.5;88.57;971
USDRUBF;5;20250310;135000;88.56;88.68;88.52;88.57;532
USDRUBF;5;20250310;135500;88.56;88.56;88.49;88.49;272
USDRUBF;5;20250310;140500;88.53;88.62;88.49;88.6;297
USDRUBF;5;20250310;141000;88.6;88.68;88.59;88.68;299
USDRUBF;5;20250310;141500;88.67;88.75;88.53;88.61;620
USDRUBF;5;20250310;142000;88.61;88.67;88.52;88.52;238
USDRUBF;5;20250310;142500;88.54;88.61;88.53;88.6;155
USDRUBF;5;20250310;143000;88.59;88.67;88.56;88.61;345
USDRUBF;5;20250310;143500;88.6;88.68;88.58;88.67;399
USDRUBF;5;20250310;144000;88.69;88.69;88.53;88.55;497
USDRUBF;5;20250310;144500;88.53;88.54;88.45;88.5;636
USDRUBF;5;20250310;145000;88.48;88.62;88.42;88.61;605
USDRUBF;5;20250310;145500;88.6;88.61;88.5;88.55;195
USDRUBF;5;20250310;150000;88.53;88.62;88.53;88.53;168
USDRUBF;5;20250310;150500;88.56;88.58;88.52;88.55;83
USDRUBF;5;20250310;151000;88.52;88.52;88.46;88.48;132
USDRUBF;5;20250310;151500;88.46;88.53;88.45;88.47;171
USDRUBF;5;20250310;152000;88.47;88.52;88.34;88.34;402
USDRUBF;5;20250310;152500;88.36;88.47;88.34;88.47;339
USDRUBF;5;20250310;153000;88.47;88.48;88.41;88.43;186
USDRUBF;5;20250310;153500;88.43;88.47;88.33;88.37;502
USDRUBF;5;20250310;154000;88.34;88.47;88.32;88.4;629
USDRUBF;5;20250310;154500;88.4;88.51;88.4;88.49;287
USDRUBF;5;20250310;155000;88.49;88.54;88.49;88.52;230
USDRUBF;5;20250310;155500;88.54;88.54;88.47;88.5;222
USDRUBF;5;20250310;160000;88.49;88.49;88.4;88.44;1349
USDRUBF;5;20250310;160500;88.44;88.44;88.31;88.33;414
USDRUBF;5;20250310;161000;88.35;88.35;88.2;88.32;1133
USDRUBF;5;20250310;161500;88.3;88.42;88.24;88.42;417
USDRUBF;5;20250310;162000;88.4;88.4;88.33;88.37;423
USDRUBF;5;20250310;162500;88.38;88.38;88.33;88.35;147
USDRUBF;5;20250310;163000;88.38;88.38;88.32;88.32;144
USDRUBF;5;20250310;163500;88.32;88.55;88.3;88.53;1803
USDRUBF;5;20250310;164000;88.54;88.64;88.52;88.59;788
USDRUBF;5;20250310;164500;88.59;88.61;88.55;88.57;177
USDRUBF;5;20250310;165000;88.55;88.56;88.46;88.47;219
USDRUBF;5;20250310;165500;88.48;88.56;88.45;88.53;401
USDRUBF;5;20250310;170000;88.53;88.55;88.43;88.44;274
USDRUBF;5;20250310;170500;88.46;88.47;88.4;88.41;155
USDRUBF;5;20250310;171000;88.43;88.51;88.42;88.47;235
USDRUBF;5;20250310;171500;88.47;88.57;88.39;88.4;465
USDRUBF;5;20250310;172000;88.41;88.5;88.41;88.43;391
USDRUBF;5;20250310;172500;88.41;88.41;88.31;88.32;479
USDRUBF;5;20250310;173000;88.32;88.32;88.08;88.12;2572
USDRUBF;5;20250310;173500;88.12;88.13;88.02;88.02;1615
USDRUBF;5;20250310;174000;88.02;88.05;87.82;87.89;4559
USDRUBF;5;20250310;174500;87.89;88.05;87.8;88.02;1626
USDRUBF;5;20250310;175000;88;88;87.75;87.78;1798
USDRUBF;5;20250310;175500;87.79;87.85;87.75;87.81;858
USDRUBF;5;20250310;180000;87.8;87.87;87.78;87.83;1135
USDRUBF;5;20250310;180500;87.82;87.87;87.8;87.81;852
USDRUBF;5;20250310;181000;87.81;87.82;87.63;87.65;2293
USDRUBF;5;20250310;181500;87.65;87.82;87.62;87.79;1251
USDRUBF;5;20250310;182000;87.81;87.88;87.75;87.81;785
USDRUBF;5;20250310;182500;87.82;87.82;87.65;87.68;594
USDRUBF;5;20250310;183000;87.67;87.67;87.6;87.63;805
USDRUBF;5;20250310;183500;87.62;87.63;87.55;87.55;937
USDRUBF;5;20250310;184000;87.56;87.6;87.48;87.51;1047
USDRUBF;5;20250310;184500;87.51;87.55;87.5;87.51;285
USDRUBF;5;20250310;190500;87.54;87.63;87.33;87.41;1487
USDRUBF;5;20250310;191000;87.42;87.49;87.4;87.46;984
USDRUBF;5;20250310;191500;87.45;87.52;87.44;87.5;500
USDRUBF;5;20250310;192000;87.5;87.52;87.43;87.49;454
USDRUBF;5;20250310;192500;87.52;87.63;87.42;87.62;1538
USDRUBF;5;20250310;193000;87.59;87.6;87.51;87.56;303
USDRUBF;5;20250310;193500;87.54;87.58;87.22;87.32;2083
USDRUBF;5;20250310;194000;87.32;87.47;87.32;87.39;440
USDRUBF;5;20250310;194500;87.37;87.39;87.29;87.37;891
USDRUBF;5;20250310;195000;87.37;87.48;87.37;87.48;423
USDRUBF;5;20250310;195500;87.49;87.55;87.38;87.42;571
USDRUBF;5;20250310;200000;87.43;87.44;87.33;87.35;327
USDRUBF;5;20250310;200500;87.34;87.38;87.23;87.3;983
USDRUBF;5;20250310;201000;87.3;87.31;87.25;87.29;326
USDRUBF;5;20250310;201500;87.29;87.36;87.28;87.35;216
USDRUBF;5;20250310;202000;87.35;87.39;87.3;87.31;422
USDRUBF;5;20250310;202500;87.33;87.39;87.3;87.39;388
USDRUBF;5;20250310;203000;87.39;87.43;87.37;87.39;69
USDRUBF;5;20250310;203500;87.39;87.43;87.39;87.42;129
USDRUBF;5;20250310;204000;87.42;87.54;87.42;87.46;327
USDRUBF;5;20250310;204500;87.47;87.51;87.46;87.51;124
USDRUBF;5;20250310;205000;87.52;87.52;87.42;87.47;159
USDRUBF;5;20250310;205500;87.48;87.51;87.47;87.51;84
USDRUBF;5;20250310;210000;87.49;87.65;87.48;87.65;362
USDRUBF;5;20250310;210500;87.62;88.04;87.55;87.65;1668
USDRUBF;5;20250310;211000;87.66;87.66;87.55;87.57;527
USDRUBF;5;20250310;211500;87.59;87.61;87.55;87.6;100
USDRUBF;5;20250310;212000;87.6;87.6;87.54;87.55;35
USDRUBF;5;20250310;212500;87.54;87.55;87.47;87.47;241
USDRUBF;5;20250310;213000;87.47;87.6;87.45;87.57;510
USDRUBF;5;20250310;213500;87.58;87.58;87.5;87.58;286
USDRUBF;5;20250310;214000;87.57;87.58;87.53;87.53;93
USDRUBF;5;20250310;214500;87.53;87.55;87.51;87.54;212
USDRUBF;5;20250310;215000;87.53;87.53;87.5;87.51;62
USDRUBF;5;20250310;215500;87.5;87.5;87.46;87.46;399
USDRUBF;5;20250310;220000;87.47;87.55;87.47;87.55;217
USDRUBF;5;20250310;220500;87.55;87.59;87.47;87.54;761
USDRUBF;5;20250310;221000;87.51;87.56;87.51;87.54;172
USDRUBF;5;20250310;221500;87.54;87.54;87.5;87.5;162
USDRUBF;5;20250310;222000;87.5;87.53;87.48;87.48;319
USDRUBF;5;20250310;222500;87.51;87.54;87.51;87.54;69
USDRUBF;5;20250310;223000;87.55;87.59;87.53;87.56;99
USDRUBF;5;20250310;223500;87.57;87.64;87.55;87.61;487
USDRUBF;5;20250310;224000;87.62;87.63;87.57;87.57;227
USDRUBF;5;20250310;224500;87.57;87.61;87.56;87.61;150
USDRUBF;5;20250310;225000;87.62;87.65;87.62;87.65;67
USDRUBF;5;20250310;225500;87.65;87.68;87.64;87.66;154
USDRUBF;5;20250310;230000;87.66;87.67;87.62;87.65;309
USDRUBF;5;20250310;230500;87.67;87.7;87.65;87.7;45
USDRUBF;5;20250310;231000;87.69;87.7;87.67;87.67;269
USDRUBF;5;20250310;231500;87.66;87.67;87.65;87.65;81
USDRUBF;5;20250310;232000;87.65;87.67;87.65;87.67;501
USDRUBF;5;20250310;232500;87.66;87.72;87.65;87.72;145
USDRUBF;5;20250310;233000;87.72;87.73;87.68;87.72;61
USDRUBF;5;20250310;233500;87.71;87.73;87.66;87.7;230
USDRUBF;5;20250310;234000;87.7;87.75;87.7;87.75;71
USDRUBF;5;20250310;234500;87.77;87.79;87.72;87.74;103
USDRUBF;5;20250311;090000;87.8;87.89;87.59;87.66;607
USDRUBF;5;20250311;090500;87.7;87.76;87.66;87.69;147
USDRUBF;5;20250311;091000;87.69;87.71;87.61;87.65;260
USDRUBF;5;20250311;091500;87.64;87.66;87.55;87.55;510
USDRUBF;5;20250311;092000;87.55;87.56;87.47;87.49;429
USDRUBF;5;20250311;092500;87.49;87.54;87.49;87.5;287
USDRUBF;5;20250311;093000;87.5;87.57;87.45;87.53;284
USDRUBF;5;20250311;093500;87.53;87.57;87.49;87.5;203
USDRUBF;5;20250311;094000;87.49;87.53;87.39;87.45;545
USDRUBF;5;20250311;094500;87.44;87.6;87.37;87.57;524
USDRUBF;5;20250311;095000;87.58;87.6;87.53;87.53;199
USDRUBF;5;20250311;095500;87.53;87.58;87.49;87.53;65
USDRUBF;5;20250311;100000;87.49;87.7;87.41;87.65;1116
USDRUBF;5;20250311;100500;87.69;87.7;87.21;87.39;2336
USDRUBF;5;20250311;101000;87.37;87.52;87.32;87.5;1594
USDRUBF;5;20250311;101500;87.49;87.6;87.47;87.58;718
USDRUBF;5;20250311;102000;87.58;87.59;87.48;87.49;193
USDRUBF;5;20250311;102500;87.5;87.66;87.5;87.58;888
USDRUBF;5;20250311;103000;87.61;87.74;87.56;87.71;1212
USDRUBF;5;20250311;103500;87.74;87.75;87.4;87.42;1875
USDRUBF;5;20250311;104000;87.43;87.51;87.41;87.46;3580
USDRUBF;5;20250311;104500;87.45;87.52;87.43;87.45;2583
USDRUBF;5;20250311;105000;87.45;87.57;87.45;87.49;1374
USDRUBF;5;20250311;105500;87.49;87.57;87.45;87.53;1008
USDRUBF;5;20250311;110000;87.53;87.63;87.49;87.53;1641
USDRUBF;5;20250311;110500;87.53;87.6;87.47;87.59;520
USDRUBF;5;20250311;111000;87.58;87.61;87.49;87.61;994
USDRUBF;5;20250311;111500;87.61;87.63;87.57;87.6;311
USDRUBF;5;20250311;112000;87.59;87.63;87.54;87.62;665
USDRUBF;5;20250311;112500;87.63;87.65;87.57;87.57;321
USDRUBF;5;20250311;113000;87.58;87.65;87.57;87.62;2559
USDRUBF;5;20250311;113500;87.64;87.65;87.49;87.52;830
USDRUBF;5;20250311;114000;87.53;87.6;87.52;87.53;235
USDRUBF;5;20250311;114500;87.51;87.56;87.45;87.48;601
USDRUBF;5;20250311;115000;87.51;87.52;87.47;87.48;128
USDRUBF;5;20250311;115500;87.48;87.51;87.47;87.51;85
USDRUBF;5;20250311;120000;87.5;87.51;87.44;87.47;575
USDRUBF;5;20250311;120500;87.49;87.49;87.4;87.42;739
USDRUBF;5;20250311;121000;87.45;87.49;87.11;87.2;2223
USDRUBF;5;20250311;121500;87.17;87.25;87.1;87.25;2088
USDRUBF;5;20250311;122000;87.25;87.31;87.19;87.22;742
USDRUBF;5;20250311;122500;87.21;87.34;87.21;87.28;401
USDRUBF;5;20250311;123000;87.32;87.35;87.14;87.16;1507
USDRUBF;5;20250311;123500;87.15;87.19;86.94;87.05;3439
USDRUBF;5;20250311;124000;87.03;87.12;87.01;87.04;789
USDRUBF;5;20250311;124500;87.02;87.07;86.95;87.04;1122
USDRUBF;5;20250311;125000;87.01;87.03;86.85;86.92;1627
USDRUBF;5;20250311;125500;86.94;86.97;86.9;86.91;897
USDRUBF;5;20250311;130000;86.94;87.03;86.82;86.84;1550
USDRUBF;5;20250311;130500;86.81;86.81;86.6;86.66;3457
USDRUBF;5;20250311;131000;86.66;86.69;86.63;86.68;4275
USDRUBF;5;20250311;131500;86.66;86.77;86.64;86.75;3149
USDRUBF;5;20250311;132000;86.74;86.78;86.67;86.71;821
USDRUBF;5;20250311;132500;86.73;86.75;86.63;86.67;699
USDRUBF;5;20250311;133000;86.66;86.78;86.65;86.72;726
USDRUBF;5;20250311;133500;86.72;86.85;86.71;86.73;1057
USDRUBF;5;20250311;134000;86.72;86.75;86.65;86.68;642
USDRUBF;5;20250311;134500;86.68;86.72;86.64;86.69;1246
USDRUBF;5;20250311;135000;86.68;86.69;86.63;86.68;931
USDRUBF;5;20250311;135500;86.68;86.81;86.67;86.79;732
USDRUBF;5;20250311;140500;86.8;86.82;86.53;86.67;1701
USDRUBF;5;20250311;141000;86.63;86.82;86.63;86.77;476
USDRUBF;5;20250311;141500;86.78;86.81;86.63;86.69;1110
USDRUBF;5;20250311;142000;86.7;86.71;86.6;86.7;555
USDRUBF;5;20250311;142500;86.66;86.74;86.63;86.7;453
USDRUBF;5;20250311;143000;86.7;86.75;86.67;86.74;432
USDRUBF;5;20250311;143500;86.75;86.76;86.7;86.73;573
USDRUBF;5;20250311;144000;86.74;86.75;86.69;86.72;336
USDRUBF;5;20250311;144500;86.73;86.74;86.7;86.72;339
USDRUBF;5;20250311;145000;86.73;86.8;86.72;86.78;347
USDRUBF;5;20250311;145500;86.79;86.79;86.67;86.74;908
USDRUBF;5;20250311;150000;86.7;86.79;86.65;86.79;638
USDRUBF;5;20250311;150500;86.79;86.81;86.72;86.74;388
USDRUBF;5;20250311;151000;86.75;86.75;86.45;86.48;2380
USDRUBF;5;20250311;151500;86.47;86.57;86.4;86.54;1025
USDRUBF;5;20250311;152000;86.52;86.52;86.38;86.44;697
USDRUBF;5;20250311;152500;86.46;86.5;86.41;86.44;654
USDRUBF;5;20250311;153000;86.44;86.49;86.41;86.49;500
USDRUBF;5;20250311;153500;86.46;86.65;86.44;86.6;1123
USDRUBF;5;20250311;154000;86.6;86.61;86.54;86.57;236
USDRUBF;5;20250311;154500;86.58;86.61;86.55;86.57;245
USDRUBF;5;20250311;155000;86.55;86.62;86.54;86.62;295
USDRUBF;5;20250311;155500;86.59;86.87;86.59;86.77;1469
USDRUBF;5;20250311;160000;86.76;86.76;86.65;86.68;478
USDRUBF;5;20250311;160500;86.68;86.71;86.47;86.55;1115
USDRUBF;5;20250311;161000;86.51;86.58;86.41;86.55;895
USDRUBF;5;20250311;161500;86.53;86.64;86.52;86.62;716
USDRUBF;5;20250311;162000;86.6;86.6;86.5;86.55;325
USDRUBF;5;20250311;162500;86.53;86.66;86.49;86.66;351
USDRUBF;5;20250311;163000;86.64;86.65;86.47;86.53;778
USDRUBF;5;20250311;163500;86.53;86.64;86.46;86.6;915
USDRUBF;5;20250311;164000;86.58;86.59;86.45;86.49;580
USDRUBF;5;20250311;164500;86.49;86.54;86.45;86.53;259
USDRUBF;5;20250311;165000;86.51;86.63;86.5;86.54;963
USDRUBF;5;20250311;165500;86.53;86.54;86.42;86.5;668
USDRUBF;5;20250311;170000;86.51;86.63;86.47;86.49;1258
USDRUBF;5;20250311;170500;86.52;86.52;86.38;86.41;680
USDRUBF;5;20250311;171000;86.4;86.46;86.35;86.42;640
USDRUBF;5;20250311;171500;86.42;86.43;86.38;86.38;209
USDRUBF;5;20250311;172000;86.4;86.42;86.37;86.39;199
USDRUBF;5;20250311;172500;86.39;86.52;86.38;86.5;594
USDRUBF;5;20250311;173000;86.49;86.53;86.43;86.48;340
USDRUBF;5;20250311;173500;86.51;86.66;86.5;86.66;1034
USDRUBF;5;20250311;174000;86.66;86.68;86.5;86.57;747
USDRUBF;5;20250311;174500;86.54;86.54;86.32;86.35;1582
USDRUBF;5;20250311;175000;86.33;86.46;86.33;86.43;431
USDRUBF;5;20250311;175500;86.43;86.48;86.37;86.42;510
USDRUBF;5;20250311;180000;86.4;86.4;86.12;86.15;2914
USDRUBF;5;20250311;180500;86.16;86.55;86.14;86.55;2120
USDRUBF;5;20250311;181000;86.57;86.86;86.52;86.8;3029
USDRUBF;5;20250311;181500;86.8;87.02;86.75;87.01;2721
USDRUBF;5;20250311;182000;87.01;87.19;86.96;87.12;1733
USDRUBF;5;20250311;182500;87.1;87.14;86.88;86.92;1192
USDRUBF;5;20250311;183000;86.91;86.91;86.83;86.87;588
USDRUBF;5;20250311;183500;86.87;87;86.87;86.99;478
USDRUBF;5;20250311;184000;86.99;87;86.85;86.89;374
USDRUBF;5;20250311;184500;86.89;87;86.88;86.97;467
USDRUBF;5;20250311;190500;86.99;87.23;86.93;87.15;1337
USDRUBF;5;20250311;191000;87.16;87.23;87.14;87.18;311
USDRUBF;5;20250311;191500;87.18;87.19;87.06;87.07;709
USDRUBF;5;20250311;192000;87.1;87.15;87.07;87.15;215
USDRUBF;5;20250311;192500;87.14;87.16;87.07;87.09;231
USDRUBF;5;20250311;193000;87.09;87.17;87.09;87.13;135
USDRUBF;5;20250311;193500;87.13;87.15;87.13;87.15;141
USDRUBF;5;20250311;194000;87.16;87.17;86.92;86.94;465
USDRUBF;5;20250311;194500;86.94;86.98;86.79;86.85;408
USDRUBF;5;20250311;195000;86.84;87.06;86.82;87.02;703
USDRUBF;5;20250311;195500;87.01;87.08;86.96;86.99;171
USDRUBF;5;20250311;200000;86.99;87.03;86.85;86.95;583
USDRUBF;5;20250311;200500;86.96;87.03;86.95;86.96;195
USDRUBF;5;20250311;201000;86.96;86.96;86.9;86.9;131
USDRUBF;5;20250311;201500;86.9;87.07;86.86;87.03;176
USDRUBF;5;20250311;202000;86.97;87.06;86.92;86.95;360
USDRUBF;5;20250311;202500;86.95;87.02;86.92;86.94;317
USDRUBF;5;20250311;203000;86.94;86.98;86.93;86.97;77
USDRUBF;5;20250311;203500;86.95;86.97;86.88;86.88;139
USDRUBF;5;20250311;204000;86.87;87.11;86.87;87.08;259
USDRUBF;5;20250311;204500;87.08;87.08;86.9;86.9;136
USDRUBF;5;20250311;205000;86.93;86.95;86.9;86.92;42
USDRUBF;5;20250311;205500;86.92;87;86.84;86.95;521
USDRUBF;5;20250311;210000;86.97;87.09;86.91;86.99;552
USDRUBF;5;20250311;210500;86.98;87.27;86.96;87.18;742
USDRUBF;5;20250311;211000;87.19;87.4;87.19;87.26;1170
USDRUBF;5;20250311;211500;87.26;87.34;87.13;87.16;698
USDRUBF;5;20250311;212000;87.18;87.36;87.11;87.36;564
USDRUBF;5;20250311;212500;87.37;87.43;87.25;87.35;370
USDRUBF;5;20250311;213000;87.32;87.5;87.32;87.5;929
USDRUBF;5;20250311;213500;87.51;87.96;87.49;87.87;2059
USDRUBF;5;20250311;214000;87.84;88.09;87.76;87.76;3268
USDRUBF;5;20250311;214500;87.79;88.05;87.79;88.01;1784
USDRUBF;5;20250311;215000;88;88.02;87.81;87.89;992
USDRUBF;5;20250311;215500;87.87;87.98;87.83;87.9;1081
USDRUBF;5;20250311;220000;87.92;88.18;87.92;88.17;2236
USDRUBF;5;20250311;220500;88.17;88.28;88.01;88.01;3076
USDRUBF;5;20250311;221000;88;88.13;87.98;88.11;877
USDRUBF;5;20250311;221500;88.08;88.23;88.08;88.18;1022
USDRUBF;5;20250311;222000;88.18;88.22;87.8;87.8;5106
USDRUBF;5;20250311;222500;87.8;88.02;87.78;87.98;1582
USDRUBF;5;20250311;223000;87.95;88.08;87.77;87.82;1610
USDRUBF;5;20250311;223500;87.8;87.98;87.75;87.98;661
USDRUBF;5;20250311;224000;87.98;88.1;87.86;87.9;1058
USDRUBF;5;20250311;224500;87.92;87.95;87.85;87.85;306
USDRUBF;5;20250311;225000;87.85;87.92;87.84;87.87;163
USDRUBF;5;20250311;225500;87.87;87.87;87.75;87.81;499
USDRUBF;5;20250311;230000;87.78;87.8;87.6;87.65;1113
USDRUBF;5;20250311;230500;87.66;87.81;87.62;87.66;633
USDRUBF;5;20250311;231000;87.68;87.68;87.46;87.51;1146
USDRUBF;5;20250311;231500;87.5;87.51;87.37;87.43;440
USDRUBF;5;20250311;232000;87.42;87.61;87.41;87.52;374
USDRUBF;5;20250311;232500;87.51;87.51;87.35;87.47;304
USDRUBF;5;20250311;233000;87.47;87.59;87.47;87.56;191
USDRUBF;5;20250311;233500;87.56;87.63;87.51;87.52;394
USDRUBF;5;20250311;234000;87.53;87.61;87.51;87.55;440
USDRUBF;5;20250311;234500;87.55;87.74;87.53;87.74;229
USDRUBF;5;20250312;090000;87.75;87.85;87.36;87.46;662
USDRUBF;5;20250312;090500;87.45;87.46;87.37;87.41;292
USDRUBF;5;20250312;091000;87.42;87.44;87.3;87.34;278
USDRUBF;5;20250312;091500;87.32;87.41;87.22;87.22;624
USDRUBF;5;20250312;092000;87.27;87.32;87.22;87.3;294
USDRUBF;5;20250312;092500;87.31;87.36;87.26;87.32;243
USDRUBF;5;20250312;093000;87.32;87.36;87.3;87.33;178
USDRUBF;5;20250312;093500;87.35;87.36;87.29;87.3;245
USDRUBF;5;20250312;094000;87.33;87.33;87.26;87.28;124
USDRUBF;5;20250312;094500;87.28;87.28;87.18;87.25;378
USDRUBF;5;20250312;095000;87.24;87.32;87.21;87.24;836
USDRUBF;5;20250312;095500;87.22;87.29;87.21;87.24;196
USDRUBF;5;20250312;100000;87.25;87.82;87.25;87.77;1111
USDRUBF;5;20250312;100500;87.79;87.9;87.71;87.88;1272
USDRUBF;5;20250312;101000;87.89;87.95;87.73;87.86;1337
USDRUBF;5;20250312;101500;87.87;87.98;87.86;87.92;772
USDRUBF;5;20250312;102000;87.92;87.94;87.74;87.88;943
USDRUBF;5;20250312;102500;87.86;87.92;87.79;87.79;2280
USDRUBF;5;20250312;103000;87.78;87.91;87.76;87.88;1981
USDRUBF;5;20250312;103500;87.85;88.09;87.84;88.05;4873
USDRUBF;5;20250312;104000;88.04;88.26;87.97;87.98;3147
USDRUBF;5;20250312;104500;88.02;88.1;87.98;88.01;1282
USDRUBF;5;20250312;105000;88.01;88.05;87.88;87.92;990
USDRUBF;5;20250312;105500;87.95;87.99;87.86;87.89;707
USDRUBF;5;20250312;110000;87.9;87.93;87.84;87.84;659
USDRUBF;5;20250312;110500;87.83;87.89;87.54;87.62;1035
USDRUBF;5;20250312;111000;87.6;87.67;87.54;87.61;1456
USDRUBF;5;20250312;111500;87.57;87.6;87.38;87.58;824
USDRUBF;5;20250312;112000;87.57;87.57;87.46;87.52;1042
USDRUBF;5;20250312;112500;87.52;87.58;87.49;87.57;463
USDRUBF;5;20250312;113000;87.57;87.74;87.47;87.47;773
USDRUBF;5;20250312;113500;87.48;87.51;87.31;87.42;780
USDRUBF;5;20250312;114000;87.39;87.47;87.37;87.44;428
USDRUBF;5;20250312;114500;87.41;87.57;87.41;87.54;574
USDRUBF;5;20250312;115000;87.52;87.63;87.47;87.5;598
USDRUBF;5;20250312;115500;87.5;87.54;87.46;87.48;309
USDRUBF;5;20250312;120000;87.48;87.63;87.46;87.63;373
USDRUBF;5;20250312;120500;87.61;87.68;87.59;87.61;264
USDRUBF;5;20250312;121000;87.62;87.68;87.62;87.67;228
USDRUBF;5;20250312;121500;87.68;87.69;87.6;87.62;215
USDRUBF;5;20250312;122000;87.63;87.67;87.62;87.67;144
USDRUBF;5;20250312;122500;87.65;87.75;87.65;87.75;420
USDRUBF;5;20250312;123000;87.75;87.78;87.69;87.75;242
USDRUBF;5;20250312;123500;87.71;87.73;87.65;87.71;175
USDRUBF;5;20250312;124000;87.69;87.73;87.62;87.69;280
USDRUBF;5;20250312;124500;87.72;87.75;87.67;87.75;342
USDRUBF;5;20250312;125000;87.75;87.79;87.72;87.79;225
USDRUBF;5;20250312;125500;87.79;87.91;87.77;87.9;948
USDRUBF;5;20250312;130000;87.89;87.95;87.85;87.88;619
USDRUBF;5;20250312;130500;87.89;87.91;87.84;87.86;178
USDRUBF;5;20250312;131000;87.84;87.88;87.82;87.85;159
USDRUBF;5;20250312;131500;87.87;87.94;87.83;87.92;381
USDRUBF;5;20250312;132000;87.92;87.98;87.86;87.88;474
USDRUBF;5;20250312;132500;87.88;87.96;87.86;87.94;326
USDRUBF;5;20250312;133000;87.92;88.28;87.89;88.02;3090
USDRUBF;5;20250312;133500;88.02;88.02;87.91;87.96;372
USDRUBF;5;20250312;134000;87.99;88.02;87.95;87.98;490
USDRUBF;5;20250312;134500;87.99;88.01;87.92;87.92;339
USDRUBF;5;20250312;135000;87.94;87.95;87.86;87.86;403
USDRUBF;5;20250312;135500;87.86;87.92;87.86;87.91;336
USDRUBF;5;20250312;140500;87.89;88.08;87.87;87.97;1310
USDRUBF;5;20250312;141000;87.99;88.1;87.93;87.97;1006
USDRUBF;5;20250312;141500;87.99;88.1;87.96;88.03;660
USDRUBF;5;20250312;142000;88.06;88.1;88;88.07;317
USDRUBF;5;20250312;142500;88.05;88.14;88.01;88.05;628
USDRUBF;5;20250312;143000;88.1;88.14;88.06;88.1;450
USDRUBF;5;20250312;143500;88.08;88.23;88.02;88.17;1034
USDRUBF;5;20250312;144000;88.15;88.28;88.15;88.23;934
USDRUBF;5;20250312;144500;88.25;88.38;88.13;88.13;1978
USDRUBF;5;20250312;145000;88.12;88.22;88.09;88.17;766
USDRUBF;5;20250312;145500;88.15;88.2;88.07;88.2;333
USDRUBF;5;20250312;150000;88.2;88.28;88.2;88.24;320
USDRUBF;5;20250312;150500;88.24;88.38;88.23;88.36;700
USDRUBF;5;20250312;151000;88.36;88.38;88.28;88.33;940
USDRUBF;5;20250312;151500;88.34;88.36;88.28;88.32;844
USDRUBF;5;20250312;152000;88.32;88.34;88.29;88.32;246
USDRUBF;5;20250312;152500;88.32;88.33;88.25;88.25;415
USDRUBF;5;20250312;153000;88.28;88.41;88.06;88.11;1843
USDRUBF;5;20250312;153500;88.15;88.2;88.02;88.07;929
USDRUBF;5;20250312;154000;88.05;88.09;87.94;88.01;768
USDRUBF;5;20250312;154500;88.01;88.09;87.91;88.03;788
USDRUBF;5;20250312;155000;88.06;88.11;87.99;88.05;393
USDRUBF;5;20250312;155500;88.06;88.09;88.04;88.06;388
USDRUBF;5;20250312;160000;88.07;88.1;88.06;88.08;456
USDRUBF;5;20250312;160500;88.09;88.1;88;88.01;454
USDRUBF;5;20250312;161000;88;88.07;87.98;87.99;1225
USDRUBF;5;20250312;161500;87.98;88.06;87.77;87.84;2499
USDRUBF;5;20250312;162000;87.84;87.9;87.77;87.86;1873
USDRUBF;5;20250312;162500;87.86;87.96;87.84;87.94;2300
USDRUBF;5;20250312;163000;87.92;87.92;87.82;87.87;1539
USDRUBF;5;20250312;163500;87.86;88.03;87.8;88.03;1873
USDRUBF;5;20250312;164000;88.03;88.08;87.87;87.94;2335
USDRUBF;5;20250312;164500;87.94;88.05;87.94;88;966
USDRUBF;5;20250312;165000;88.01;88.03;87.91;87.96;381
USDRUBF;5;20250312;165500;87.97;88.08;87.97;88.04;931
USDRUBF;5;20250312;170000;88.04;88.08;87.89;87.95;467
USDRUBF;5;20250312;170500;87.95;87.97;87.88;87.88;224
USDRUBF;5;20250312;171000;87.89;87.92;87.88;87.89;108
USDRUBF;5;20250312;171500;87.88;88.01;87.88;87.97;468
USDRUBF;5;20250312;172000;87.97;87.99;87.93;87.93;243
USDRUBF;5;20250312;172500;87.93;87.94;87.87;87.88;522
USDRUBF;5;20250312;173000;87.88;87.88;87.79;87.87;900
USDRUBF;5;20250312;173500;87.87;87.88;87.8;87.82;211
USDRUBF;5;20250312;174000;87.82;87.9;87.8;87.9;568
USDRUBF;5;20250312;174500;87.9;87.93;87.87;87.88;341
USDRUBF;5;20250312;175000;87.9;88.1;87.9;88.06;740
USDRUBF;5;20250312;175500;88.05;88.06;88.01;88.03;351
USDRUBF;5;20250312;180000;88.04;88.2;88.04;88.17;1881
USDRUBF;5;20250312;180500;88.19;88.27;88.16;88.27;605
USDRUBF;5;20250312;181000;88.25;88.33;88.17;88.18;764
USDRUBF;5;20250312;181500;88.18;88.2;87.97;87.99;456
USDRUBF;5;20250312;182000;87.97;88;87.95;87.96;362
USDRUBF;5;20250312;182500;87.96;87.96;87.85;87.85;390
USDRUBF;5;20250312;183000;87.83;87.88;87.79;87.83;639
USDRUBF;5;20250312;183500;87.82;87.83;87.77;87.8;478
USDRUBF;5;20250312;184000;87.79;87.88;87.78;87.88;433
USDRUBF;5;20250312;184500;87.88;87.9;87.85;87.85;291
USDRUBF;5;20250312;190500;87.83;88.13;87.77;87.8;666
USDRUBF;5;20250312;191000;87.8;87.89;87.79;87.83;444
USDRUBF;5;20250312;191500;87.78;87.8;87.58;87.69;912
USDRUBF;5;20250312;192000;87.69;87.69;87.47;87.56;1164
USDRUBF;5;20250312;192500;87.58;87.68;87.49;87.68;893
USDRUBF;5;20250312;193000;87.68;87.75;87.61;87.75;343
USDRUBF;5;20250312;193500;87.75;87.8;87.64;87.65;475
USDRUBF;5;20250312;194000;87.66;87.68;87.62;87.64;89
USDRUBF;5;20250312;194500;87.64;87.82;87.64;87.81;166
USDRUBF;5;20250312;195000;87.78;87.78;87.66;87.75;321
USDRUBF;5;20250312;195500;87.75;87.79;87.74;87.79;67
USDRUBF;5;20250312;200000;87.8;87.93;87.8;87.93;118
USDRUBF;5;20250312;200500;87.91;87.91;87.82;87.87;92
USDRUBF;5;20250312;201000;87.84;87.92;87.81;87.88;122
USDRUBF;5;20250312;201500;87.88;87.91;87.73;87.73;134
USDRUBF;5;20250312;202000;87.77;87.84;87.71;87.82;191
USDRUBF;5;20250312;202500;87.82;87.88;87.75;87.77;247
USDRUBF;5;20250312;203000;87.74;87.74;87.62;87.66;311
USDRUBF;5;20250312;203500;87.66;87.68;87.61;87.64;127
USDRUBF;5;20250312;204000;87.65;87.71;87.63;87.71;97
USDRUBF;5;20250312;204500;87.7;87.73;87.66;87.71;118
USDRUBF;5;20250312;205000;87.7;87.85;87.7;87.75;206
USDRUBF;5;20250312;205500;87.75;87.77;87.7;87.7;36
USDRUBF;5;20250312;210000;87.7;87.76;87.66;87.76;103
USDRUBF;5;20250312;210500;87.76;87.76;87.68;87.7;50
USDRUBF;5;20250312;211000;87.68;87.73;87.68;87.72;18
USDRUBF;5;20250312;211500;87.72;87.82;87.71;87.77;140
USDRUBF;5;20250312;212000;87.77;87.77;87.72;87.75;55
USDRUBF;5;20250312;212500;87.74;87.78;87.73;87.78;57
USDRUBF;5;20250312;213000;87.78;87.83;87.78;87.79;65
USDRUBF;5;20250312;213500;87.78;87.82;87.77;87.77;82
USDRUBF;5;20250312;214000;87.8;87.81;87.76;87.76;139
USDRUBF;5;20250312;214500;87.75;87.75;87.73;87.73;8
USDRUBF;5;20250312;215000;87.73;87.9;87.73;87.9;103
USDRUBF;5;20250312;215500;87.89;88.1;87.87;88.05;660
USDRUBF;5;20250312;220000;88.03;88.09;87.96;88.08;347
USDRUBF;5;20250312;220500;88.05;88.06;87.88;87.88;94
USDRUBF;5;20250312;221000;87.9;87.99;87.9;87.98;87
USDRUBF;5;20250312;221500;87.97;87.97;87.91;87.96;63
USDRUBF;5;20250312;222000;87.94;87.94;87.91;87.92;19
USDRUBF;5;20250312;222500;87.92;87.93;87.9;87.9;47
USDRUBF;5;20250312;223000;87.88;87.93;87.88;87.89;29
USDRUBF;5;20250312;223500;87.91;87.95;87.89;87.95;50
USDRUBF;5;20250312;224000;87.96;87.97;87.94;87.94;19
USDRUBF;5;20250312;224500;87.94;87.96;87.88;87.88;33
USDRUBF;5;20250312;225000;87.89;87.91;87.88;87.91;26
USDRUBF;5;20250312;225500;87.92;87.98;87.92;87.95;73
USDRUBF;5;20250312;230000;87.98;88;87.95;87.95;107
USDRUBF;5;20250312;230500;87.94;87.95;87.93;87.95;22
USDRUBF;5;20250312;231000;87.95;87.97;87.93;87.93;219
USDRUBF;5;20250312;231500;87.92;87.94;87.9;87.9;71
USDRUBF;5;20250312;232000;87.88;87.92;87.88;87.91;28
USDRUBF;5;20250312;232500;87.9;87.92;87.89;87.89;18
USDRUBF;5;20250312;233000;87.88;87.9;87.88;87.9;11
USDRUBF;5;20250312;233500;87.91;87.96;87.91;87.95;89
USDRUBF;5;20250312;234000;87.94;87.96;87.92;87.95;74
USDRUBF;5;20250312;234500;87.96;87.98;87.93;87.93;68
USDRUBF;5;20250313;090000;87.93;88.08;87.83;87.96;352
USDRUBF;5;20250313;090500;87.97;88.09;87.95;88.01;257
USDRUBF;5;20250313;091000;88.05;88.12;88.01;88.06;290
USDRUBF;5;20250313;091500;88.09;88.13;88.07;88.1;75
USDRUBF;5;20250313;092000;88.08;88.14;88.07;88.12;236
USDRUBF;5;20250313;092500;88.1;88.12;88.05;88.05;108
USDRUBF;5;20250313;093000;88.05;88.11;88.05;88.08;236
USDRUBF;5;20250313;093500;88.08;88.15;88.07;88.1;218
USDRUBF;5;20250313;094000;88.11;88.23;88.08;88.11;216
USDRUBF;5;20250313;094500;88.11;88.16;88.11;88.16;69
USDRUBF;5;20250313;095000;88.13;88.24;88.13;88.18;352
USDRUBF;5;20250313;095500;88.19;88.25;88.15;88.18;378
USDRUBF;5;20250313;100000;88.19;88.37;88.11;88.12;2006
USDRUBF;5;20250313;100500;88.13;88.19;88.07;88.08;622
USDRUBF;5;20250313;101000;88.08;88.16;87.98;87.98;913
USDRUBF;5;20250313;101500;88;88.06;87.93;87.99;1307
USDRUBF;5;20250313;102000;87.99;88.08;87.95;88.05;883
USDRUBF;5;20250313;102500;88.05;88.12;88.03;88.11;527
USDRUBF;5;20250313;103000;88.11;88.22;88.09;88.21;404
USDRUBF;5;20250313;103500;88.21;88.24;88.11;88.17;634
USDRUBF;5;20250313;104000;88.15;88.23;88.14;88.22;344
USDRUBF;5;20250313;104500;88.23;88.31;88.23;88.26;561
USDRUBF;5;20250313;105000;88.26;88.27;88.18;88.22;544
USDRUBF;5;20250313;105500;88.22;88.22;88.12;88.12;391
USDRUBF;5;20250313;110000;88.13;88.13;87.94;87.98;3639
USDRUBF;5;20250313;110500;87.98;87.98;87.87;87.92;2824
USDRUBF;5;20250313;111000;87.9;87.94;87.75;87.77;878
USDRUBF;5;20250313;111500;87.76;87.77;87.66;87.69;728
USDRUBF;5;20250313;112000;87.69;87.69;87.33;87.44;2332
USDRUBF;5;20250313;112500;87.43;87.63;87.41;87.55;1857
USDRUBF;5;20250313;113000;87.54;87.68;87.46;87.65;1814
USDRUBF;5;20250313;113500;87.64;87.67;87.54;87.66;1062
USDRUBF;5;20250313;114000;87.65;87.71;87.55;87.61;493
USDRUBF;5;20250313;114500;87.62;87.71;87.58;87.61;302
USDRUBF;5;20250313;115000;87.62;87.67;87.56;87.67;294
USDRUBF;5;20250313;115500;87.67;87.78;87.62;87.65;389
USDRUBF;5;20250313;120000;87.63;87.66;87.61;87.66;137
USDRUBF;5;20250313;120500;87.64;87.66;87.55;87.55;124
USDRUBF;5;20250313;121000;87.56;87.6;87.49;87.54;247
USDRUBF;5;20250313;121500;87.53;87.54;87.44;87.52;716
USDRUBF;5;20250313;122000;87.53;87.54;87.48;87.51;176
USDRUBF;5;20250313;122500;87.49;87.52;87.47;87.47;308
USDRUBF;5;20250313;123000;87.47;87.48;87.36;87.36;477
USDRUBF;5;20250313;123500;87.36;87.42;87.36;87.4;525
USDRUBF;5;20250313;124000;87.39;87.39;87.12;87.17;1974
USDRUBF;5;20250313;124500;87.17;87.21;87.05;87.13;2573
USDRUBF;5;20250313;125000;87.15;87.15;87.01;87.12;946
USDRUBF;5;20250313;125500;87.11;87.19;87.09;87.11;927
USDRUBF;5;20250313;130000;87.11;87.18;86.86;87.02;3826
USDRUBF;5;20250313;130500;87;87.04;86.9;86.99;1383
USDRUBF;5;20250313;131000;87.02;87.04;86.96;86.98;1325
USDRUBF;5;20250313;131500;86.98;87;86.87;86.99;1231
USDRUBF;5;20250313;132000;86.97;86.97;86.9;86.94;571
USDRUBF;5;20250313;132500;86.93;86.97;86.82;86.84;1380
USDRUBF;5;20250313;133000;86.84;87;86.83;86.92;1112
USDRUBF;5;20250313;133500;86.92;86.98;86.88;86.88;724
USDRUBF;5;20250313;134000;86.89;86.97;86.86;86.91;333
USDRUBF;5;20250313;134500;86.92;86.94;86.84;86.86;553
USDRUBF;5;20250313;135000;86.84;86.92;86.83;86.88;1248
USDRUBF;5;20250313;135500;86.89;87.11;86.85;87.01;1627
USDRUBF;5;20250313;140500;87.06;87.19;87.01;87.18;537
USDRUBF;5;20250313;141000;87.17;87.31;87.12;87.29;1090
USDRUBF;5;20250313;141500;87.31;87.47;87.27;87.35;1508
USDRUBF;5;20250313;142000;87.34;87.4;87.22;87.29;1084
USDRUBF;5;20250313;142500;87.33;87.41;87.18;87.28;1208
USDRUBF;5;20250313;143000;87.27;87.42;87.27;87.41;644
USDRUBF;5;20250313;143500;87.38;87.47;87.32;87.34;1082
USDRUBF;5;20250313;144000;87.35;87.4;87.33;87.34;250
USDRUBF;5;20250313;144500;87.33;87.33;87.27;87.27;210
USDRUBF;5;20250313;145000;87.27;87.28;87.18;87.26;1072
USDRUBF;5;20250313;145500;87.23;87.42;87.12;87.39;1331
USDRUBF;5;20250313;150000;87.41;87.45;87.34;87.39;1033
USDRUBF;5;20250313;150500;87.38;87.4;87.21;87.24;518
USDRUBF;5;20250313;151000;87.21;87.21;87.05;87.16;803
USDRUBF;5;20250313;151500;87.14;87.19;87.1;87.12;952
USDRUBF;5;20250313;152000;87.12;87.12;86.95;87.02;1724
USDRUBF;5;20250313;152500;87.05;87.14;87.03;87.1;662
USDRUBF;5;20250313;153000;87.1;87.32;87.05;87.32;816
USDRUBF;5;20250313;153500;87.29;87.34;87.21;87.29;504
USDRUBF;5;20250313;154000;87.3;87.35;87.24;87.35;661
USDRUBF;5;20250313;154500;87.36;87.39;87.17;87.22;758
USDRUBF;5;20250313;155000;87.22;87.25;87.13;87.25;1266
USDRUBF;5;20250313;155500;87.22;87.32;87.19;87.25;521
USDRUBF;5;20250313;160000;87.23;87.26;87.18;87.18;182
USDRUBF;5;20250313;160500;87.2;87.3;87.19;87.24;197
USDRUBF;5;20250313;161000;87.22;87.37;87.21;87.31;488
USDRUBF;5;20250313;161500;87.3;87.3;87.18;87.24;390
USDRUBF;5;20250313;162000;87.24;87.25;87.19;87.25;363
USDRUBF;5;20250313;162500;87.23;87.27;87.18;87.25;268
USDRUBF;5;20250313;163000;87.23;87.23;87.16;87.16;146
USDRUBF;5;20250313;163500;87.15;87.2;87.09;87.13;504
USDRUBF;5;20250313;164000;87.12;87.16;87.09;87.13;195
USDRUBF;5;20250313;164500;87.13;87.27;87.13;87.24;850
USDRUBF;5;20250313;165000;87.28;87.53;87.28;87.49;1243
USDRUBF;5;20250313;165500;87.47;87.6;87.37;87.52;1139
USDRUBF;5;20250313;170000;87.52;87.63;87.52;87.59;966
USDRUBF;5;20250313;170500;87.6;87.66;87.58;87.6;831
USDRUBF;5;20250313;171000;87.6;87.72;87.59;87.66;759
USDRUBF;5;20250313;171500;87.68;87.82;87.68;87.76;1355
USDRUBF;5;20250313;172000;87.76;87.85;87.67;87.72;1017
USDRUBF;5;20250313;172500;87.68;87.68;87.51;87.55;883
USDRUBF;5;20250313;173000;87.53;87.59;87.52;87.52;217
USDRUBF;5;20250313;173500;87.53;87.59;87.43;87.54;420
USDRUBF;5;20250313;174000;87.5;87.53;87.38;87.4;639
USDRUBF;5;20250313;174500;87.38;87.4;87.3;87.32;531
USDRUBF;5;20250313;175000;87.32;87.43;87.27;87.35;619
USDRUBF;5;20250313;175500;87.35;87.37;87.27;87.3;314
USDRUBF;5;20250313;180000;87.31;87.4;87.25;87.35;983
USDRUBF;5;20250313;180500;87.36;87.39;87.29;87.34;826
USDRUBF;5;20250313;181000;87.35;87.43;87.31;87.31;1124
USDRUBF;5;20250313;181500;87.34;87.36;87.27;87.3;506
USDRUBF;5;20250313;182000;87.3;87.31;87.2;87.2;436
USDRUBF;5;20250313;182500;87.2;87.21;87.15;87.19;533
USDRUBF;5;20250313;183000;87.19;87.24;87.14;87.17;567
USDRUBF;5;20250313;183500;87.18;87.21;87.15;87.15;739
USDRUBF;5;20250313;184000;87.16;87.19;87.05;87.08;779
USDRUBF;5;20250313;184500;87.05;87.08;86.81;86.83;3576
USDRUBF;5;20250313;190500;87.05;87.35;86.15;86.62;6273
USDRUBF;5;20250313;191000;86.67;86.67;86.24;86.33;3053
USDRUBF;5;20250313;191500;86.33;86.53;86.21;86.36;3263
USDRUBF;5;20250313;192000;86.35;86.56;86.3;86.54;2075
USDRUBF;5;20250313;192500;86.54;86.54;86.03;86.18;4380
USDRUBF;5;20250313;193000;86.17;86.53;86.15;86.49;1854
USDRUBF;5;20250313;193500;86.49;86.62;86.39;86.58;1123
USDRUBF;5;20250313;194000;86.59;86.68;86.41;86.51;2630
USDRUBF;5;20250313;194500;86.53;86.6;86.25;86.4;2184
USDRUBF;5;20250313;195000;86.38;86.52;86.38;86.51;753
USDRUBF;5;20250313;195500;86.48;86.58;86.48;86.56;172
USDRUBF;5;20250313;200000;86.55;86.56;86.31;86.31;557
USDRUBF;5;20250313;200500;86.33;86.4;86.27;86.33;599
USDRUBF;5;20250313;201000;86.3;86.37;86.28;86.37;370
USDRUBF;5;20250313;201500;86.37;86.49;86.26;86.32;1235
USDRUBF;5;20250313;202000;86.34;86.48;86.31;86.47;358
USDRUBF;5;20250313;202500;86.46;86.5;86.3;86.38;770
USDRUBF;5;20250313;203000;86.38;86.51;86.29;86.34;439
USDRUBF;5;20250313;203500;86.34;86.36;86.22;86.23;891
USDRUBF;5;20250313;204000;86.23;86.36;86.12;86.33;1840
USDRUBF;5;20250313;204500;86.33;86.5;86.33;86.41;640
USDRUBF;5;20250313;205000;86.41;86.41;86.25;86.27;473
USDRUBF;5;20250313;205500;86.26;86.43;86.26;86.41;1017
USDRUBF;5;20250313;210000;86.42;86.46;86.37;86.42;273
USDRUBF;5;20250313;210500;86.44;86.44;86.33;86.44;301
USDRUBF;5;20250313;211000;86.42;86.42;86.32;86.36;481
USDRUBF;5;20250313;211500;86.34;86.45;86.27;86.45;374
USDRUBF;5;20250313;212000;86.45;86.49;86.37;86.38;404
USDRUBF;5;20250313;212500;86.37;86.44;86.37;86.44;99
USDRUBF;5;20250313;213000;86.45;86.45;86.33;86.34;257
USDRUBF;5;20250313;213500;86.31;86.41;86.3;86.41;236
USDRUBF;5;20250313;214000;86.41;86.41;86.35;86.35;135
USDRUBF;5;20250313;214500;86.36;86.45;86.36;86.44;914
USDRUBF;5;20250313;215000;86.44;86.44;86.32;86.37;586
USDRUBF;5;20250313;215500;86.35;86.43;86.34;86.36;157
USDRUBF;5;20250313;220000;86.35;86.35;86.24;86.34;441
USDRUBF;5;20250313;220500;86.35;86.44;86.35;86.44;116
USDRUBF;5;20250313;221000;86.44;86.44;86.37;86.37;67
USDRUBF;5;20250313;221500;86.4;86.42;86.3;86.3;203
USDRUBF;5;20250313;222000;86.35;86.39;86.33;86.39;163
USDRUBF;5;20250313;222500;86.39;86.5;86.36;86.44;456
USDRUBF;5;20250313;223000;86.45;86.47;86.42;86.47;190
USDRUBF;5;20250313;223500;86.46;86.46;86.39;86.39;102
USDRUBF;5;20250313;224000;86.42;86.47;86.41;86.46;228
USDRUBF;5;20250313;224500;86.45;86.48;86.39;86.47;224
USDRUBF;5;20250313;225000;86.48;86.52;86.44;86.52;115
USDRUBF;5;20250313;225500;86.53;86.53;86.49;86.53;179
USDRUBF;5;20250313;230000;86.53;86.55;86.46;86.49;136
USDRUBF;5;20250313;230500;86.49;86.52;86.48;86.5;90
USDRUBF;5;20250313;231000;86.5;86.53;86.49;86.52;214
USDRUBF;5;20250313;231500;86.51;86.6;86.44;86.51;812
USDRUBF;5;20250313;232000;86.51;86.51;86.47;86.48;255
USDRUBF;5;20250313;232500;86.49;86.52;86.42;86.52;192
USDRUBF;5;20250313;233000;86.49;86.49;86.41;86.46;134
USDRUBF;5;20250313;233500;86.46;86.6;86.43;86.58;802
USDRUBF;5;20250313;234000;86.59;86.61;86.5;86.52;172
USDRUBF;5;20250313;234500;86.53;86.56;86.41;86.5;384
USDRUBF;5;20250314;090000;86.61;86.73;86.55;86.72;808
USDRUBF;5;20250314;090500;86.7;86.73;86.65;86.67;297
USDRUBF;5;20250314;091000;86.67;86.83;86.67;86.83;644
USDRUBF;5;20250314;091500;86.8;86.91;86.77;86.82;529
USDRUBF;5;20250314;092000;86.79;86.8;86.7;86.72;410
USDRUBF;5;20250314;092500;86.72;86.86;86.64;86.82;286
USDRUBF;5;20250314;093000;86.84;86.88;86.79;86.84;239
USDRUBF;5;20250314;093500;86.83;86.84;86.77;86.82;128
USDRUBF;5;20250314;094000;86.78;86.82;86.75;86.8;226
USDRUBF;5;20250314;094500;86.76;86.82;86.76;86.82;87
USDRUBF;5;20250314;095000;86.8;86.82;86.77;86.78;52
USDRUBF;5;20250314;095500;86.8;86.86;86.74;86.83;346
USDRUBF;5;20250314;100000;86.83;86.97;86.79;86.97;1617
USDRUBF;5;20250314;100500;86.97;87.09;86.95;87.05;1117
USDRUBF;5;20250314;101000;87.09;87.24;87.05;87.12;1470
USDRUBF;5;20250314;101500;87.14;87.27;87.08;87.21;4741
USDRUBF;5;20250314;102000;87.21;87.26;87.05;87.23;2523
USDRUBF;5;20250314;102500;87.24;87.27;87.07;87.1;1940
USDRUBF;5;20250314;103000;87.11;87.15;87.05;87.1;851
USDRUBF;5;20250314;103500;87.09;87.15;87.02;87.15;565
USDRUBF;5;20250314;104000;87.13;87.21;87.1;87.11;798
USDRUBF;5;20250314;104500;87.11;87.37;87.1;87.33;1492
USDRUBF;5;20250314;105000;87.32;87.34;87.24;87.25;547
USDRUBF;5;20250314;105500;87.24;87.27;87.18;87.21;1013
USDRUBF;5;20250314;110000;87.22;87.27;87.18;87.2;1048
USDRUBF;5;20250314;110500;87.22;87.25;87.19;87.2;912
USDRUBF;5;20250314;111000;87.2;87.22;87.2;87.21;1061
USDRUBF;5;20250314;111500;87.23;87.26;87.21;87.25;726
USDRUBF;5;20250314;112000;87.24;87.26;87.2;87.2;388
USDRUBF;5;20250314;112500;87.2;87.29;87.18;87.25;1408
USDRUBF;5;20250314;113000;87.25;87.27;87.2;87.22;616
USDRUBF;5;20250314;113500;87.22;87.23;87.2;87.2;203
USDRUBF;5;20250314;114000;87.21;87.22;87.17;87.2;2412
USDRUBF;5;20250314;114500;87.21;87.24;87.2;87.22;369
USDRUBF;5;20250314;115000;87.22;87.22;87.2;87.2;205
USDRUBF;5;20250314;115500;87.2;87.21;87.17;87.17;1355
USDRUBF;5;20250314;120000;87.18;87.19;87.1;87.11;2361
USDRUBF;5;20250314;120500;87.11;87.15;87;87.04;955
USDRUBF;5;20250314;121000;87.01;87.07;86.95;87.04;863
USDRUBF;5;20250314;121500;87.06;87.06;86.94;86.99;795
USDRUBF;5;20250314;122000;86.99;87;86.91;87;615
USDRUBF;5;20250314;122500;87.01;87.04;86.97;86.97;405
USDRUBF;5;20250314;123000;86.99;87.02;86.87;86.9;1588
USDRUBF;5;20250314;123500;86.91;87.01;86.87;86.98;463
USDRUBF;5;20250314;124000;87.01;87.13;86.98;87.13;628
USDRUBF;5;20250314;124500;87.1;87.1;87.01;87.01;1504
USDRUBF;5;20250314;125000;87.01;87.04;86.92;86.94;370
USDRUBF;5;20250314;125500;86.94;86.98;86.86;86.89;500
USDRUBF;5;20250314;130000;86.89;86.89;86.63;86.66;757
USDRUBF;5;20250314;130500;86.63;86.73;86.57;86.65;827
USDRUBF;5;20250314;131000;86.64;86.78;86.59;86.73;848
USDRUBF;5;20250314;131500;86.73;86.81;86.66;86.72;1011
USDRUBF;5;20250314;132000;86.72;86.81;86.7;86.76;572
USDRUBF;5;20250314;132500;86.75;86.77;86.68;86.73;161
USDRUBF;5;20250314;133000;86.71;86.72;86.51;86.56;1360
USDRUBF;5;20250314;133500;86.57;86.62;86.54;86.62;747
USDRUBF;5;20250314;134000;86.6;86.67;86.59;86.6;588
USDRUBF;5;20250314;134500;86.6;86.66;86.55;86.58;758
USDRUBF;5;20250314;135000;86.57;86.61;86.53;86.57;235
USDRUBF;5;20250314;135500;86.53;86.57;86.5;86.53;636
USDRUBF;5;20250314;140500;86.53;86.56;86.47;86.54;568
USDRUBF;5;20250314;141000;86.56;86.64;86.55;86.62;601
USDRUBF;5;20250314;141500;86.65;86.75;86.64;86.72;435
USDRUBF;5;20250314;142000;86.71;86.75;86.64;86.67;367
USDRUBF;5;20250314;142500;86.69;86.69;86.55;86.65;589
USDRUBF;5;20250314;143000;86.64;86.67;86.54;86.58;336
USDRUBF;5;20250314;143500;86.59;86.64;86.55;86.61;511
USDRUBF;5;20250314;144000;86.6;86.68;86.59;86.59;331
USDRUBF;5;20250314;144500;86.6;86.61;86.55;86.57;119
USDRUBF;5;20250314;145000;86.58;86.64;86.56;86.62;157
USDRUBF;5;20250314;145500;86.62;86.62;86.59;86.62;106
USDRUBF;5;20250314;150000;86.6;86.62;86.52;86.53;242
USDRUBF;5;20250314;150500;86.54;86.69;86.52;86.68;789
USDRUBF;5;20250314;151000;86.68;86.73;86.57;86.57;725
USDRUBF;5;20250314;151500;86.59;86.64;86.55;86.6;298
USDRUBF;5;20250314;152000;86.62;86.62;86.51;86.55;302
USDRUBF;5;20250314;152500;86.58;86.64;86.55;86.59;521
USDRUBF;5;20250314;153000;86.57;86.67;86.56;86.61;793
USDRUBF;5;20250314;153500;86.61;86.62;86.51;86.53;372
USDRUBF;5;20250314;154000;86.55;86.58;86.43;86.52;1042
USDRUBF;5;20250314;154500;86.52;86.52;86.38;86.46;1224
USDRUBF;5;20250314;155000;86.44;86.49;86.39;86.43;995
USDRUBF;5;20250314;155500;86.4;86.44;86.33;86.39;1252
USDRUBF;5;20250314;160000;86.35;86.41;86.1;86.17;3210
USDRUBF;5;20250314;160500;86.18;86.3;86.07;86.07;1317
USDRUBF;5;20250314;161000;86.07;86.21;86.06;86.2;1330
USDRUBF;5;20250314;161500;86.2;86.21;85.95;86.07;3614
USDRUBF;5;20250314;162000;86.06;86.14;86;86.14;589
USDRUBF;5;20250314;162500;86.15;86.17;86.07;86.11;451
USDRUBF;5;20250314;163000;86.13;86.29;86.07;86.18;351
USDRUBF;5;20250314;163500;86.19;86.22;86.12;86.22;315
USDRUBF;5;20250314;164000;86.22;86.22;86.09;86.22;586
USDRUBF;5;20250314;164500;86.21;86.25;86.11;86.22;554
USDRUBF;5;20250314;165000;86.23;86.39;86.23;86.37;679
USDRUBF;5;20250314;165500;86.39;86.46;86.32;86.43;761
USDRUBF;5;20250314;170000;86.41;86.47;86.31;86.31;968
USDRUBF;5;20250314;170500;86.31;86.33;86.26;86.3;598
USDRUBF;5;20250314;171000;86.28;86.33;86.23;86.3;1371
USDRUBF;5;20250314;171500;86.3;86.42;86.3;86.39;610
USDRUBF;5;20250314;172000;86.4;86.42;86.35;86.39;341
USDRUBF;5;20250314;172500;86.39;86.77;86.39;86.54;3832
USDRUBF;5;20250314;173000;86.55;86.63;86.44;86.45;1278
USDRUBF;5;20250314;173500;86.45;86.5;86.42;86.45;725
USDRUBF;5;20250314;174000;86.45;86.47;86.3;86.3;1042
USDRUBF;5;20250314;174500;86.3;86.44;86.24;86.42;929
USDRUBF;5;20250314;175000;86.42;86.53;86.27;86.29;1095
USDRUBF;5;20250314;175500;86.27;86.39;86.24;86.35;641
USDRUBF;5;20250314;180000;86.35;86.51;86.32;86.51;621
USDRUBF;5;20250314;180500;86.51;86.57;86.48;86.56;577
USDRUBF;5;20250314;181000;86.55;86.59;86.43;86.45;1264
USDRUBF;5;20250314;181500;86.45;86.46;86.44;86.45;943
USDRUBF;5;20250314;182000;86.45;86.46;86.44;86.46;1017
USDRUBF;5;20250314;182500;86.45;86.55;86.44;86.47;380
USDRUBF;5;20250314;183000;86.46;86.48;86.44;86.45;375
USDRUBF;5;20250314;183500;86.45;86.52;86.44;86.44;2330
USDRUBF;5;20250314;184000;86.44;86.52;86.44;86.46;441
USDRUBF;5;20250314;184500;86.46;86.49;86.4;86.4;780
USDRUBF;5;20250314;190500;86.5;86.55;86.47;86.54;688
USDRUBF;5;20250314;191000;86.54;86.56;86.5;86.54;719
USDRUBF;5;20250314;191500;86.54;86.59;86.5;86.59;520
USDRUBF;5;20250314;192000;86.57;86.64;86.53;86.54;650
USDRUBF;5;20250314;192500;86.54;86.56;86.51;86.51;440
USDRUBF;5;20250314;193000;86.51;86.52;86.48;86.52;169
USDRUBF;5;20250314;193500;86.52;86.53;86.5;86.52;92
USDRUBF;5;20250314;194000;86.52;86.54;86.5;86.54;215
USDRUBF;5;20250314;194500;86.54;86.56;86.52;86.52;183
USDRUBF;5;20250314;195000;86.52;86.53;86.48;86.5;289
USDRUBF;5;20250314;195500;86.5;86.58;86.5;86.58;961
USDRUBF;5;20250314;200000;86.58;86.59;86.53;86.53;571
USDRUBF;5;20250314;200500;86.56;86.65;86.52;86.65;894
USDRUBF;5;20250314;201000;86.65;86.7;86.6;86.65;1146
USDRUBF;5;20250314;201500;86.66;86.67;86.65;86.66;203
USDRUBF;5;20250314;202000;86.66;86.67;86.65;86.66;80
USDRUBF;5;20250314;202500;86.66;86.66;86.65;86.65;519
USDRUBF;5;20250314;203000;86.65;86.66;86.59;86.61;597
USDRUBF;5;20250314;203500;86.59;86.61;86.58;86.59;210
USDRUBF;5;20250314;204000;86.59;86.6;86.57;86.57;115
USDRUBF;5;20250314;204500;86.59;86.6;86.55;86.57;801
USDRUBF;5;20250314;205000;86.58;86.6;86.58;86.59;35
USDRUBF;5;20250314;205500;86.59;86.62;86.58;86.58;211
USDRUBF;5;20250314;210000;86.59;86.61;86.58;86.61;131
USDRUBF;5;20250314;210500;86.6;86.61;86.59;86.61;100
USDRUBF;5;20250314;211000;86.62;86.62;86.6;86.6;7
USDRUBF;5;20250314;211500;86.6;86.6;86.59;86.59;140
USDRUBF;5;20250314;212000;86.58;86.58;86.55;86.58;121
USDRUBF;5;20250314;212500;86.57;86.6;86.56;86.6;154
USDRUBF;5;20250314;213000;86.57;86.6;86.56;86.6;115
USDRUBF;5;20250314;213500;86.57;86.58;86.56;86.58;13
USDRUBF;5;20250314;214000;86.57;86.58;86.57;86.58;50
USDRUBF;5;20250314;214500;86.58;86.61;86.57;86.57;75
USDRUBF;5;20250314;215000;86.58;86.6;86.58;86.6;99
USDRUBF;5;20250314;215500;86.59;86.6;86.58;86.58;79
USDRUBF;5;20250314;220000;86.59;86.59;86.58;86.58;42
USDRUBF;5;20250314;220500;86.58;86.59;86.58;86.58;29
USDRUBF;5;20250314;221000;86.58;86.59;86.56;86.56;151
USDRUBF;5;20250314;221500;86.55;86.58;86.55;86.55;49
USDRUBF;5;20250314;222000;86.58;86.61;86.56;86.61;131
USDRUBF;5;20250314;222500;86.61;86.63;86.59;86.61;99
USDRUBF;5;20250314;223000;86.63;86.64;86.61;86.61;46
USDRUBF;5;20250314;223500;86.61;86.72;86.61;86.65;269
USDRUBF;5;20250314;224000;86.67;86.68;86.58;86.64;303
USDRUBF;5;20250314;224500;86.61;86.62;86.58;86.61;37
USDRUBF;5;20250314;225000;86.62;86.62;86.59;86.6;35
USDRUBF;5;20250314;225500;86.59;86.6;86.56;86.59;101
USDRUBF;5;20250314;230000;86.59;86.62;86.59;86.61;104
USDRUBF;5;20250314;230500;86.61;86.65;86.61;86.64;63
USDRUBF;5;20250314;231000;86.65;86.65;86.58;86.63;150
USDRUBF;5;20250314;231500;86.63;86.63;86.59;86.59;111
USDRUBF;5;20250314;232000;86.58;86.63;86.57;86.57;157
USDRUBF;5;20250314;232500;86.57;86.6;86.49;86.51;428
USDRUBF;5;20250314;233000;86.51;86.56;86.46;86.56;281
USDRUBF;5;20250314;233500;86.54;86.62;86.54;86.6;114
USDRUBF;5;20250314;234000;86.6;86.66;86.6;86.64;215
USDRUBF;5;20250314;234500;86.65;86.65;86.55;86.59;64
USDRUBF;5;20250317;090000;86.55;86.64;86.39;86.55;1322
USDRUBF;5;20250317;090500;86.53;86.57;86.44;86.46;622
USDRUBF;5;20250317;091000;86.47;86.5;86.4;86.46;413
USDRUBF;5;20250317;091500;86.49;86.49;86.3;86.39;738
USDRUBF;5;20250317;092000;86.39;86.4;86.35;86.39;233
USDRUBF;5;20250317;092500;86.39;86.4;86.38;86.39;168
USDRUBF;5;20250317;093000;86.4;86.42;86.34;86.38;592
USDRUBF;5;20250317;093500;86.38;86.39;86.32;86.33;121
USDRUBF;5;20250317;094000;86.33;86.37;86.28;86.37;388
USDRUBF;5;20250317;094500;86.36;86.36;86.29;86.33;235
USDRUBF;5;20250317;095000;86.33;86.4;86.33;86.37;104
USDRUBF;5;20250317;095500;86.35;86.36;86.29;86.3;152
USDRUBF;5;20250317;100000;86.32;86.42;86.17;86.4;1147
USDRUBF;5;20250317;100500;86.4;86.4;86.16;86.21;784
USDRUBF;5;20250317;101000;86.18;86.28;86.18;86.23;427
USDRUBF;5;20250317;101500;86.23;86.31;86.12;86.22;1427
USDRUBF;5;20250317;102000;86.23;86.37;86.2;86.31;1737
USDRUBF;5;20250317;102500;86.32;86.34;86.11;86.18;936
USDRUBF;5;20250317;103000;86.16;86.31;86.14;86.31;1685
USDRUBF;5;20250317;103500;86.29;86.34;86.26;86.29;1080
USDRUBF;5;20250317;104000;86.3;86.3;86.16;86.16;817
USDRUBF;5;20250317;104500;86.2;86.23;86.14;86.15;904
USDRUBF;5;20250317;105000;86.15;86.24;86.11;86.2;2428
USDRUBF;5;20250317;105500;86.2;86.21;86.14;86.19;946
USDRUBF;5;20250317;110000;86.18;86.18;86.08;86.1;1062
USDRUBF;5;20250317;110500;86.09;86.18;86.05;86.16;1808
USDRUBF;5;20250317;111000;86.15;86.25;86.05;86.06;1878
USDRUBF;5;20250317;111500;86.07;86.08;85.91;85.91;2395
USDRUBF;5;20250317;112000;85.91;86.04;85.86;85.95;6666
USDRUBF;5;20250317;112500;85.95;86.01;85.75;85.82;8914
USDRUBF;5;20250317;113000;85.83;85.86;85.61;85.65;6163
USDRUBF;5;20250317;113500;85.63;85.65;85.5;85.59;4602
USDRUBF;5;20250317;114000;85.59;85.68;85.38;85.61;4245
USDRUBF;5;20250317;114500;85.61;85.65;85.5;85.61;2479
USDRUBF;5;20250317;115000;85.61;85.69;85.51;85.52;1682
USDRUBF;5;20250317;115500;85.54;85.65;85.5;85.55;1856
USDRUBF;5;20250317;120000;85.53;85.64;85.52;85.61;1363
USDRUBF;5;20250317;120500;85.62;85.62;85.51;85.56;1495
USDRUBF;5;20250317;121000;85.57;85.63;85.52;85.55;2353
USDRUBF;5;20250317;121500;85.54;85.63;85.43;85.63;2263
USDRUBF;5;20250317;122000;85.62;85.63;85.52;85.6;805
USDRUBF;5;20250317;122500;85.61;85.66;85.59;85.61;956
USDRUBF;5;20250317;123000;85.6;85.68;85.55;85.63;840
USDRUBF;5;20250317;123500;85.63;85.67;85.55;85.61;1927
USDRUBF;5;20250317;124000;85.58;85.58;85.48;85.52;1210
USDRUBF;5;20250317;124500;85.52;85.59;85.5;85.55;813
USDRUBF;5;20250317;125000;85.54;85.56;85.49;85.52;1008
USDRUBF;5;20250317;125500;85.52;85.55;85.46;85.52;1628
USDRUBF;5;20250317;130000;85.53;85.53;85.48;85.51;722
USDRUBF;5;20250317;130500;85.52;85.54;85.41;85.43;743
USDRUBF;5;20250317;131000;85.42;85.47;85.39;85.4;869
USDRUBF;5;20250317;131500;85.39;85.4;85.34;85.38;966
USDRUBF;5;20250317;132000;85.38;85.38;85.23;85.28;1934
USDRUBF;5;20250317;132500;85.28;85.4;85.22;85.32;1243
USDRUBF;5;20250317;133000;85.3;85.35;85.26;85.28;749
USDRUBF;5;20250317;133500;85.28;85.32;85.24;85.24;1643
USDRUBF;5;20250317;134000;85.24;85.29;85.21;85.28;636
USDRUBF;5;20250317;134500;85.28;85.3;85.15;85.28;1640
USDRUBF;5;20250317;135000;85.27;85.27;85.05;85.16;2293
USDRUBF;5;20250317;135500;85.15;85.28;85.11;85.15;1372
USDRUBF;5;20250317;140500;85.2;85.2;85.07;85.09;691
USDRUBF;5;20250317;141000;85.07;85.16;85.04;85.07;1834
USDRUBF;5;20250317;141500;85.07;85.22;85.07;85.17;1082
USDRUBF;5;20250317;142000;85.15;85.17;85.07;85.17;895
USDRUBF;5;20250317;142500;85.16;85.19;85.12;85.12;460
USDRUBF;5;20250317;143000;85.12;85.15;85.11;85.15;829
USDRUBF;5;20250317;143500;85.15;85.18;85.14;85.16;584
USDRUBF;5;20250317;144000;85.16;85.17;85.1;85.12;428
USDRUBF;5;20250317;144500;85.12;85.27;85.1;85.26;2329
USDRUBF;5;20250317;145000;85.27;85.38;85.21;85.3;2444
USDRUBF;5;20250317;145500;85.26;85.36;85.22;85.24;716
USDRUBF;5;20250317;150000;85.22;85.23;85.14;85.21;931
USDRUBF;5;20250317;150500;85.21;85.25;85.16;85.17;664
USDRUBF;5;20250317;151000;85.16;85.32;85.14;85.25;1604
USDRUBF;5;20250317;151500;85.28;85.34;85.22;85.34;1530
USDRUBF;5;20250317;152000;85.34;85.35;85.2;85.26;1404
USDRUBF;5;20250317;152500;85.26;85.28;85.19;85.23;1100
USDRUBF;5;20250317;153000;85.25;85.33;85.19;85.21;800
USDRUBF;5;20250317;153500;85.21;85.24;85.15;85.21;540
USDRUBF;5;20250317;154000;85.2;85.27;85.19;85.24;381
USDRUBF;5;20250317;154500;85.24;85.27;85.13;85.17;1109
USDRUBF;5;20250317;155000;85.17;85.18;85.13;85.14;210
USDRUBF;5;20250317;155500;85.17;85.23;85.15;85.2;849
USDRUBF;5;20250317;160000;85.16;85.25;85.16;85.23;665
USDRUBF;5;20250317;160500;85.24;85.29;85.22;85.27;476
USDRUBF;5;20250317;161000;85.28;85.3;85.22;85.3;380
USDRUBF;5;20250317;161500;85.3;85.31;85.14;85.15;711
USDRUBF;5;20250317;162000;85.15;85.17;85.04;85.04;3914
USDRUBF;5;20250317;162500;85.07;85.11;85.04;85.05;927
USDRUBF;5;20250317;163000;85.04;85.06;84.88;84.93;2920
USDRUBF;5;20250317;163500;84.92;84.95;84.82;84.93;1509
USDRUBF;5;20250317;164000;84.94;84.99;84.9;84.96;1074
USDRUBF;5;20250317;164500;84.96;84.97;84.85;84.93;822
USDRUBF;5;20250317;165000;84.92;84.93;84.83;84.88;1502
USDRUBF;5;20250317;165500;84.88;84.89;84.8;84.83;2020
USDRUBF;5;20250317;170000;84.84;84.84;84.61;84.65;3873
USDRUBF;5;20250317;170500;84.65;84.7;84.56;84.6;2659
USDRUBF;5;20250317;171000;84.6;84.6;84.47;84.59;4376
USDRUBF;5;20250317;171500;84.59;84.78;84.57;84.69;2715
USDRUBF;5;20250317;172000;84.7;84.7;84.56;84.59;1739
USDRUBF;5;20250317;172500;84.59;84.68;84.56;84.64;884
USDRUBF;5;20250317;173000;84.64;84.73;84.61;84.69;1454
USDRUBF;5;20250317;173500;84.71;84.78;84.65;84.76;584
USDRUBF;5;20250317;174000;84.78;84.79;84.68;84.68;1725
USDRUBF;5;20250317;174500;84.67;84.68;84.41;84.56;2766
USDRUBF;5;20250317;175000;84.57;84.69;84.55;84.69;1093
USDRUBF;5;20250317;175500;84.65;84.68;84.6;84.67;1024
USDRUBF;5;20250317;180000;84.66;84.66;84.42;84.49;1289
USDRUBF;5;20250317;180500;84.5;84.53;84.3;84.31;2547
USDRUBF;5;20250317;181000;84.32;84.43;84.25;84.28;2004
USDRUBF;5;20250317;181500;84.26;84.34;84.21;84.34;2007
USDRUBF;5;20250317;182000;84.33;84.34;84.26;84.29;1617
USDRUBF;5;20250317;182500;84.29;84.29;84.14;84.16;2159
USDRUBF;5;20250317;183000;84.16;84.2;84.04;84.09;2347
USDRUBF;5;20250317;183500;84.07;84.09;83.91;84.01;5329
USDRUBF;5;20250317;184000;84.01;84.08;84;84.05;2946
USDRUBF;5;20250317;184500;84.04;84.05;84;84;1811
USDRUBF;5;20250317;190500;84.01;84.38;84;84.24;1829
USDRUBF;5;20250317;191000;84.24;84.27;84.15;84.24;933
USDRUBF;5;20250317;191500;84.24;84.26;84.17;84.21;1047
USDRUBF;5;20250317;192000;84.22;84.32;84.21;84.3;939
USDRUBF;5;20250317;192500;84.29;84.31;84.11;84.12;1108
USDRUBF;5;20250317;193000;84.13;84.2;84.1;84.1;824
USDRUBF;5;20250317;193500;84.12;84.15;84.05;84.13;458
USDRUBF;5;20250317;194000;84.12;84.13;84.01;84.04;646
USDRUBF;5;20250317;194500;84.04;84.08;84.02;84.07;569
USDRUBF;5;20250317;195000;84.06;84.1;84.05;84.06;365
USDRUBF;5;20250317;195500;84.07;84.07;84;84;1067
USDRUBF;5;20250317;200000;84.02;84.2;84.02;84.17;1157
USDRUBF;5;20250317;200500;84.14;84.23;84.11;84.11;873
USDRUBF;5;20250317;201000;84.11;84.11;83.85;83.94;2303
USDRUBF;5;20250317;201500;83.93;83.95;83.85;83.9;1075
USDRUBF;5;20250317;202000;83.89;83.9;83.83;83.83;2064
USDRUBF;5;20250317;202500;83.84;83.9;83.76;83.76;997
USDRUBF;5;20250317;203000;83.77;83.82;83.73;83.8;626
USDRUBF;5;20250317;203500;83.82;83.82;83.7;83.71;700
USDRUBF;5;20250317;204000;83.7;83.77;83.65;83.66;938
USDRUBF;5;20250317;204500;83.67;83.78;83.62;83.76;1168
USDRUBF;5;20250317;205000;83.75;83.81;83.74;83.81;616
USDRUBF;5;20250317;205500;83.8;83.85;83.79;83.85;928
USDRUBF;5;20250317;210000;83.83;83.86;83.79;83.8;1115
USDRUBF;5;20250317;210500;83.83;83.85;83.79;83.81;697
USDRUBF;5;20250317;211000;83.82;83.84;83.75;83.78;473
USDRUBF;5;20250317;211500;83.79;83.9;83.77;83.86;900
USDRUBF;5;20250317;212000;83.89;83.89;83.82;83.85;797
USDRUBF;5;20250317;212500;83.85;83.86;83.79;83.82;453
USDRUBF;5;20250317;213000;83.81;83.84;83.74;83.77;610
USDRUBF;5;20250317;213500;83.77;83.84;83.76;83.82;392
USDRUBF;5;20250317;214000;83.82;83.84;83.82;83.82;324
USDRUBF;5;20250317;214500;83.81;83.85;83.8;83.8;246
USDRUBF;5;20250317;215000;83.82;83.84;83.8;83.84;177
USDRUBF;5;20250317;215500;83.82;83.85;83.75;83.77;576
USDRUBF;5;20250317;220000;83.75;83.88;83.75;83.86;304
USDRUBF;5;20250317;220500;83.86;83.89;83.84;83.88;277
USDRUBF;5;20250317;221000;83.86;83.89;83.85;83.86;353
USDRUBF;5;20250317;221500;83.87;83.92;83.86;83.92;474
USDRUBF;5;20250317;222000;83.93;83.96;83.9;83.92;279
USDRUBF;5;20250317;222500;83.94;83.95;83.81;83.87;867
USDRUBF;5;20250317;223000;83.87;83.9;83.86;83.89;213
USDRUBF;5;20250317;223500;83.87;83.9;83.84;83.85;291
USDRUBF;5;20250317;224000;83.86;83.87;83.82;83.86;288
USDRUBF;5;20250317;224500;83.83;83.86;83.81;83.84;147
USDRUBF;5;20250317;225000;83.85;83.85;83.83;83.84;258
USDRUBF;5;20250317;225500;83.84;83.88;83.83;83.88;169
USDRUBF;5;20250317;230000;83.88;83.9;83.87;83.89;148
USDRUBF;5;20250317;230500;83.9;83.91;83.83;83.88;378
USDRUBF;5;20250317;231000;83.88;83.91;83.84;83.86;170
USDRUBF;5;20250317;231500;83.84;83.85;83.73;83.83;715
USDRUBF;5;20250317;232000;83.82;83.82;83.74;83.75;349
USDRUBF;5;20250317;232500;83.77;83.77;83.71;83.73;830
USDRUBF;5;20250317;233000;83.73;83.75;83.71;83.74;481
USDRUBF;5;20250317;233500;83.74;83.84;83.72;83.83;1084
USDRUBF;5;20250317;234000;83.83;83.87;83.81;83.83;259
USDRUBF;5;20250317;234500;83.83;83.84;83.74;83.79;1006
USDRUBF;5;20250318;090000;83.79;83.8;83.71;83.77;1318
USDRUBF;5;20250318;090500;83.76;83.88;83.7;83.83;1750
USDRUBF;5;20250318;091000;83.83;83.95;83.81;83.82;1623
USDRUBF;5;20250318;091500;83.84;83.9;83.82;83.83;608
USDRUBF;5;20250318;092000;83.82;83.94;83.76;83.94;674
USDRUBF;5;20250318;092500;83.93;83.95;83.86;83.94;461
USDRUBF;5;20250318;093000;83.93;83.95;83.9;83.94;275
USDRUBF;5;20250318;093500;83.95;83.96;83.88;83.96;680
USDRUBF;5;20250318;094000;83.92;83.96;83.9;83.93;239
USDRUBF;5;20250318;094500;83.95;84.06;83.94;84.01;851
USDRUBF;5;20250318;095000;84;84.07;83.97;84.06;624
USDRUBF;5;20250318;095500;84.07;84.09;84.02;84.03;511
USDRUBF;5;20250318;100000;84.03;84.12;83.9;83.9;3540
USDRUBF;5;20250318;100500;83.9;83.93;83.42;83.64;6045
USDRUBF;5;20250318;101000;83.62;83.84;83.59;83.78;2822
USDRUBF;5;20250318;101500;83.78;83.81;83.35;83.57;3227
USDRUBF;5;20250318;102000;83.59;83.63;83.18;83.26;5247
USDRUBF;5;20250318;102500;83.23;83.28;83.1;83.22;5582
USDRUBF;5;20250318;103000;83.24;83.43;83.22;83.31;3218
USDRUBF;5;20250318;103500;83.34;83.4;83.23;83.39;2750
USDRUBF;5;20250318;104000;83.37;83.4;83.24;83.3;1907
USDRUBF;5;20250318;104500;83.3;83.36;83.26;83.31;1704
USDRUBF;5;20250318;105000;83.31;83.34;83.23;83.3;2789
USDRUBF;5;20250318;105500;83.3;83.3;83.16;83.18;1738
USDRUBF;5;20250318;110000;83.18;83.21;83.13;83.21;1161
USDRUBF;5;20250318;110500;83.21;83.25;83.13;83.13;1794
USDRUBF;5;20250318;111000;83.13;83.18;83.05;83.14;2695
USDRUBF;5;20250318;111500;83.14;83.15;83.12;83.13;882
USDRUBF;5;20250318;112000;83.14;83.14;83.05;83.06;1847
USDRUBF;5;20250318;112500;83.05;83.09;82.93;82.94;3567
USDRUBF;5;20250318;113000;82.94;82.94;82.8;82.83;5179
USDRUBF;5;20250318;113500;82.83;82.9;82.63;82.74;3955
USDRUBF;5;20250318;114000;82.71;82.82;82.62;82.74;2688
USDRUBF;5;20250318;114500;82.73;82.88;82.66;82.81;1513
USDRUBF;5;20250318;115000;82.81;82.87;82.75;82.83;1543
USDRUBF;5;20250318;115500;82.83;82.84;82.68;82.81;1649
USDRUBF;5;20250318;120000;82.82;83.03;82.79;82.96;3167
USDRUBF;5;20250318;120500;82.96;82.98;82.84;82.89;1371
USDRUBF;5;20250318;121000;82.89;83.02;82.88;83;1426
USDRUBF;5;20250318;121500;83;83.22;83;83.03;3526
USDRUBF;5;20250318;122000;83.04;83.12;82.92;82.99;1338
USDRUBF;5;20250318;122500;82.98;83.08;82.9;83.03;1494
USDRUBF;5;20250318;123000;83.03;83.18;83;83.15;1204
USDRUBF;5;20250318;123500;83.18;83.36;83.13;83.31;1640
USDRUBF;5;20250318;124000;83.32;83.57;83.32;83.55;3508
USDRUBF;5;20250318;124500;83.55;83.84;83.55;83.81;5346
USDRUBF;5;20250318;125000;83.81;83.84;83.6;83.7;4952
USDRUBF;5;20250318;125500;83.72;83.73;83.57;83.68;2362
USDRUBF;5;20250318;130000;83.68;83.99;83.68;83.99;5765
USDRUBF;5;20250318;130500;83.97;83.99;83.9;83.93;1588
USDRUBF;5;20250318;131000;83.96;83.97;83.56;83.56;2404
USDRUBF;5;20250318;131500;83.56;83.69;83.55;83.56;2287
USDRUBF;5;20250318;132000;83.57;83.68;83.55;83.55;1467
USDRUBF;5;20250318;132500;83.55;83.65;83.55;83.62;1663
USDRUBF;5;20250318;133000;83.62;83.7;83.47;83.53;2894
USDRUBF;5;20250318;133500;83.55;83.75;83.47;83.72;1941
USDRUBF;5;20250318;134000;83.72;83.88;83.6;83.63;3483
USDRUBF;5;20250318;134500;83.63;83.74;83.47;83.48;3120
USDRUBF;5;20250318;135000;83.49;83.71;83.47;83.65;1224
USDRUBF;5;20250318;135500;83.65;83.67;83.57;83.63;738
USDRUBF;5;20250318;140500;83.62;83.69;83.57;83.67;702
USDRUBF;5;20250318;141000;83.69;83.93;83.68;83.88;1524
USDRUBF;5;20250318;141500;83.91;83.98;83.86;83.91;2158
USDRUBF;5;20250318;142000;83.9;83.92;83.78;83.84;1794
USDRUBF;5;20250318;142500;83.86;83.95;83.84;83.9;1713
USDRUBF;5;20250318;143000;83.91;83.92;83.75;83.76;1403
USDRUBF;5;20250318;143500;83.76;83.78;83.69;83.77;952
USDRUBF;5;20250318;144000;83.78;83.83;83.76;83.83;486
USDRUBF;5;20250318;144500;83.82;83.94;83.82;83.92;1520
USDRUBF;5;20250318;145000;83.9;83.95;83.89;83.92;923
USDRUBF;5;20250318;145500;83.92;83.96;83.9;83.96;1108
USDRUBF;5;20250318;150000;83.95;83.98;83.87;83.87;1460
USDRUBF;5;20250318;150500;83.88;83.91;83.72;83.79;1877
USDRUBF;5;20250318;151000;83.81;83.82;83.77;83.8;1076
USDRUBF;5;20250318;151500;83.8;83.95;83.79;83.93;1714
USDRUBF;5;20250318;152000;83.95;84.06;83.89;83.98;3594
USDRUBF;5;20250318;152500;83.97;84.15;83.94;84.1;4824
USDRUBF;5;20250318;153000;84.1;84.26;84.07;84.24;2804
USDRUBF;5;20250318;153500;84.24;84.28;84.15;84.26;1415
USDRUBF;5;20250318;154000;84.26;84.51;84.26;84.49;4332
USDRUBF;5;20250318;154500;84.49;84.58;84.4;84.53;4866
USDRUBF;5;20250318;155000;84.53;84.55;84.28;84.39;2095
USDRUBF;5;20250318;155500;84.38;84.44;84.3;84.34;1399
USDRUBF;5;20250318;160000;84.35;84.49;84.32;84.49;1240
USDRUBF;5;20250318;160500;84.48;85;84.45;84.94;5875
USDRUBF;5;20250318;161000;84.95;85.04;84.71;84.71;5604
USDRUBF;5;20250318;161500;84.74;84.81;84.56;84.58;5068
USDRUBF;5;20250318;162000;84.6;84.7;84.6;84.62;2342
USDRUBF;5;20250318;162500;84.63;84.78;84.61;84.65;2131
USDRUBF;5;20250318;163000;84.65;84.67;84.39;84.42;2261
USDRUBF;5;20250318;163500;84.41;84.46;84.38;84.45;887
USDRUBF;5;20250318;164000;84.46;85.2;84.46;85.05;5250
USDRUBF;5;20250318;164500;85.06;85.24;84.92;85.01;6063
USDRUBF;5;20250318;165000;85.02;85.14;84.86;84.88;5645
USDRUBF;5;20250318;165500;84.87;84.96;84.87;84.95;1338
USDRUBF;5;20250318;170000;84.96;85.18;84.95;85.09;2349
USDRUBF;5;20250318;170500;85.1;85.18;85.06;85.1;2213
USDRUBF;5;20250318;171000;85.06;85.14;84.65;84.87;6549
USDRUBF;5;20250318;171500;84.84;84.94;84.75;84.79;2583
USDRUBF;5;20250318;172000;84.79;84.82;84.51;84.58;2964
USDRUBF;5;20250318;172500;84.58;84.9;84.44;84.69;5312
USDRUBF;5;20250318;173000;84.7;84.73;84.5;84.67;2374
USDRUBF;5;20250318;173500;84.68;84.69;84.43;84.52;2066
USDRUBF;5;20250318;174000;84.5;84.5;84.35;84.45;2805
USDRUBF;5;20250318;174500;84.45;84.52;84.32;84.35;1346
USDRUBF;5;20250318;175000;84.38;84.6;84.34;84.44;2936
USDRUBF;5;20250318;175500;84.44;84.49;84.24;84.4;3792
USDRUBF;5;20250318;180000;84.41;84.5;84.34;84.4;3752
USDRUBF;5;20250318;180500;84.41;84.46;84.18;84.18;4143
USDRUBF;5;20250318;181000;84.21;84.21;83.65;83.75;7749
USDRUBF;5;20250318;181500;83.75;84.36;83.65;83.97;6242
USDRUBF;5;20250318;182000;83.99;84.09;83.95;84;2316
USDRUBF;5;20250318;182500;84;84.02;83.75;83.76;4766
USDRUBF;5;20250318;183000;83.75;83.78;83.56;83.62;3994
USDRUBF;5;20250318;183500;83.62;83.74;83.62;83.7;1236
USDRUBF;5;20250318;184000;83.7;83.78;83.67;83.75;803
USDRUBF;5;20250318;184500;83.75;83.84;83.66;83.73;902
USDRUBF;5;20250318;190500;83.89;84.22;83.67;83.94;3293
USDRUBF;5;20250318;191000;83.97;83.97;83.33;83.49;4183
USDRUBF;5;20250318;191500;83.51;83.8;83.38;83.71;1670
USDRUBF;5;20250318;192000;83.75;83.77;83.46;83.48;1069
USDRUBF;5;20250318;192500;83.5;83.75;83.48;83.75;1050
USDRUBF;5;20250318;193000;83.76;83.76;83.45;83.56;1395
USDRUBF;5;20250318;193500;83.55;83.61;83.39;83.51;1977
USDRUBF;5;20250318;194000;83.52;83.62;83.35;83.35;1437
USDRUBF;5;20250318;194500;83.37;84.1;83.34;83.79;2623
USDRUBF;5;20250318;195000;83.78;83.99;83.63;83.88;1097
USDRUBF;5;20250318;195500;83.9;83.99;83.76;83.94;573
USDRUBF;5;20250318;200000;83.94;83.96;83.79;83.9;555
USDRUBF;5;20250318;200500;83.9;83.96;83.7;83.7;581
USDRUBF;5;20250318;201000;83.7;83.85;83.55;83.74;575
USDRUBF;5;20250318;201500;83.76;84.14;83.73;84.14;1042
USDRUBF;5;20250318;202000;84.14;84.88;84.14;84.53;3478
USDRUBF;5;20250318;202500;84.52;84.54;84.12;84.31;2096
USDRUBF;5;20250318;203000;84.25;84.28;83.96;84.05;907
USDRUBF;5;20250318;203500;84.05;84.12;84.04;84.04;490
USDRUBF;5;20250318;204000;84.08;84.35;84.08;84.35;643
USDRUBF;5;20250318;204500;84.35;84.54;84.3;84.54;659
USDRUBF;5;20250318;205000;84.51;84.79;84.46;84.58;1507
USDRUBF;5;20250318;205500;84.62;84.62;84.3;84.5;950
USDRUBF;5;20250318;210000;84.54;84.83;84.54;84.7;951
USDRUBF;5;20250318;210500;84.7;84.93;84.6;84.7;1024
USDRUBF;5;20250318;211000;84.74;84.8;84.66;84.71;717
USDRUBF;5;20250318;211500;84.67;84.95;84.67;84.82;1522
USDRUBF;5;20250318;212000;84.83;84.9;84.72;84.76;562
USDRUBF;5;20250318;212500;84.74;84.93;84.71;84.82;781
USDRUBF;5;20250318;213000;84.85;84.92;84.77;84.85;367
USDRUBF;5;20250318;213500;84.85;85.05;84.81;85.04;2332
USDRUBF;5;20250318;214000;85.01;85.07;84.91;84.99;933
USDRUBF;5;20250318;214500;84.98;85;84.78;84.8;672
USDRUBF;5;20250318;215000;84.78;84.89;84.72;84.85;858
USDRUBF;5;20250318;215500;84.83;84.99;84.8;84.95;710
USDRUBF;5;20250318;220000;84.91;84.98;84.86;84.87;319
USDRUBF;5;20250318;220500;84.9;84.91;84.81;84.83;174
USDRUBF;5;20250318;221000;84.83;84.98;84.81;84.87;402
USDRUBF;5;20250318;221500;84.88;84.92;84.84;84.85;343
USDRUBF;5;20250318;222000;84.87;84.91;84.8;84.8;522
USDRUBF;5;20250318;222500;84.8;84.88;84.75;84.83;1017
USDRUBF;5;20250318;223000;84.82;84.87;84.75;84.75;120
USDRUBF;5;20250318;223500;84.75;84.78;84.73;84.76;368
USDRUBF;5;20250318;224000;84.73;84.89;84.72;84.8;208
USDRUBF;5;20250318;224500;84.81;84.84;84.76;84.78;339
USDRUBF;5;20250318;225000;84.77;84.81;84.74;84.8;323
USDRUBF;5;20250318;225500;84.8;84.8;84.71;84.71;224
USDRUBF;5;20250318;230000;84.71;84.75;84.67;84.75;308
USDRUBF;5;20250318;230500;84.75;84.86;84.74;84.8;495
USDRUBF;5;20250318;231000;84.79;84.86;84.76;84.8;131
USDRUBF;5;20250318;231500;84.83;84.84;84.76;84.78;94
USDRUBF;5;20250318;232000;84.8;84.83;84.78;84.83;91
USDRUBF;5;20250318;232500;84.83;84.97;84.83;84.95;587
USDRUBF;5;20250318;233000;84.93;84.95;84.85;84.92;240
USDRUBF;5;20250318;233500;84.91;85.02;84.9;84.96;735
USDRUBF;5;20250318;234000;84.98;85.12;84.93;85.06;723
USDRUBF;5;20250318;234500;85.05;85.07;84.81;85;441
USDRUBF;5;20250319;090000;84.9;85;84.51;84.75;1306
USDRUBF;5;20250319;090500;84.72;84.83;84.71;84.75;364
USDRUBF;5;20250319;091000;84.71;84.81;84.6;84.78;686
USDRUBF;5;20250319;091500;84.77;84.84;84.71;84.73;457
USDRUBF;5;20250319;092000;84.73;84.91;84.7;84.81;1172
USDRUBF;5;20250319;092500;84.82;84.83;84.77;84.83;467
USDRUBF;5;20250319;093000;84.83;84.88;84.75;84.78;754
USDRUBF;5;20250319;093500;84.78;84.8;84.73;84.77;627
USDRUBF;5;20250319;094000;84.73;84.81;84.73;84.78;543
USDRUBF;5;20250319;094500;84.78;84.82;84.71;84.76;410
USDRUBF;5;20250319;095000;84.77;84.77;84.64;84.66;538
USDRUBF;5;20250319;095500;84.67;84.76;84.64;84.7;518
USDRUBF;5;20250319;100000;84.71;84.95;84.71;84.83;1293
USDRUBF;5;20250319;100500;84.83;85.07;84.75;85.07;2113
USDRUBF;5;20250319;101000;85.04;85.38;85.03;85.29;4908
USDRUBF;5;20250319;101500;85.29;85.5;85.27;85.43;1952
USDRUBF;5;20250319;102000;85.45;85.47;85.21;85.42;1746
USDRUBF;5;20250319;102500;85.39;85.49;85.34;85.37;2424
USDRUBF;5;20250319;103000;85.36;85.43;85.21;85.23;2119
USDRUBF;5;20250319;103500;85.23;85.28;85.01;85.01;5269
USDRUBF;5;20250319;104000;85.01;85.18;85;85.13;2115
USDRUBF;5;20250319;104500;85.12;85.13;84.89;84.89;1842
USDRUBF;5;20250319;105000;84.91;85;84.78;84.92;1942
USDRUBF;5;20250319;105500;84.91;85.01;84.89;85;993
USDRUBF;5;20250319;110000;85;85.01;84.86;84.86;3718
USDRUBF;5;20250319;110500;84.87;84.88;84.52;84.61;6816
USDRUBF;5;20250319;111000;84.62;84.78;84.52;84.74;1643
USDRUBF;5;20250319;111500;84.77;84.85;84.69;84.77;2585
USDRUBF;5;20250319;112000;84.77;84.79;84.65;84.77;1652
USDRUBF;5;20250319;112500;84.78;84.79;84.7;84.75;1177
USDRUBF;5;20250319;113000;84.75;84.77;84.68;84.68;347
USDRUBF;5;20250319;113500;84.68;84.77;84.66;84.7;861
USDRUBF;5;20250319;114000;84.7;84.81;84.68;84.74;1469
USDRUBF;5;20250319;114500;84.75;84.78;84.57;84.57;2097
USDRUBF;5;20250319;115000;84.59;84.75;84.59;84.71;979
USDRUBF;5;20250319;115500;84.71;84.75;84.64;84.65;930
USDRUBF;5;20250319;120000;84.64;84.66;84.52;84.53;1805
USDRUBF;5;20250319;120500;84.53;84.69;84.52;84.66;2273
USDRUBF;5;20250319;121000;84.65;84.84;84.63;84.73;1183
USDRUBF;5;20250319;121500;84.73;84.83;84.72;84.73;491
USDRUBF;5;20250319;122000;84.71;84.72;84.36;84.41;3254
USDRUBF;5;20250319;122500;84.39;84.97;84.38;84.64;4196
USDRUBF;5;20250319;123000;84.62;84.63;84.54;84.59;1350
USDRUBF;5;20250319;123500;84.58;84.63;84.53;84.63;590
USDRUBF;5;20250319;124000;84.63;84.74;84.61;84.64;1233
USDRUBF;5;20250319;124500;84.66;84.69;84.61;84.69;473
USDRUBF;5;20250319;125000;84.7;84.7;84.64;84.67;489
USDRUBF;5;20250319;125500;84.7;84.72;84.66;84.67;578
USDRUBF;5;20250319;130000;84.69;84.84;84.59;84.75;2407
USDRUBF;5;20250319;130500;84.74;84.92;84.74;84.92;1040
USDRUBF;5;20250319;131000;84.92;84.94;84.86;84.89;528
USDRUBF;5;20250319;131500;84.9;84.98;84.81;84.84;1125
USDRUBF;5;20250319;132000;84.84;85.02;84.83;84.98;1328
USDRUBF;5;20250319;132500;84.97;85.06;84.94;85.03;1584
USDRUBF;5;20250319;133000;85.05;85.1;84.99;84.99;1048
USDRUBF;5;20250319;133500;84.99;84.99;84.81;84.85;3250
USDRUBF;5;20250319;134000;84.86;84.95;84.76;84.95;2208
USDRUBF;5;20250319;134500;84.95;85;84.91;84.98;1625
USDRUBF;5;20250319;135000;85;85.04;84.93;85;1275
USDRUBF;5;20250319;135500;84.99;85;84.89;84.98;713
USDRUBF;5;20250319;140500;85.01;85.16;84.96;85.14;3505
USDRUBF;5;20250319;141000;85.14;85.34;85.08;85.26;3745
USDRUBF;5;20250319;141500;85.28;85.36;85.15;85.16;1490
USDRUBF;5;20250319;142000;85.17;85.18;85.03;85.12;2491
USDRUBF;5;20250319;142500;85.14;85.18;85.07;85.15;2130
USDRUBF;5;20250319;143000;85.14;85.29;85.07;85.25;3080
USDRUBF;5;20250319;143500;85.24;85.41;85.23;85.36;2071
USDRUBF;5;20250319;144000;85.35;85.42;85.3;85.37;4052
USDRUBF;5;20250319;144500;85.39;85.4;85.31;85.34;743
USDRUBF;5;20250319;145000;85.35;85.39;85.32;85.36;1080
USDRUBF;5;20250319;145500;85.36;85.44;85.3;85.36;1546
USDRUBF;5;20250319;150000;85.35;85.6;85.34;85.6;3385
USDRUBF;5;20250319;150500;85.6;85.68;85.53;85.65;2687
USDRUBF;5;20250319;151000;85.66;85.79;85.62;85.65;2569
USDRUBF;5;20250319;151500;85.63;85.7;85.53;85.54;2008
USDRUBF;5;20250319;152000;85.53;85.61;85.41;85.47;1313
USDRUBF;5;20250319;152500;85.47;85.52;85.41;85.49;2173
USDRUBF;5;20250319;153000;85.5;85.51;85.26;85.37;1809
USDRUBF;5;20250319;153500;85.34;85.42;85.11;85.14;4592
USDRUBF;5;20250319;154000;85.11;85.15;84.95;85.07;4526
USDRUBF;5;20250319;154500;85.06;85.08;85.02;85.07;468
USDRUBF;5;20250319;155000;85.08;85.08;84.95;85.05;1636
USDRUBF;5;20250319;155500;85.03;85.14;84.97;85.13;4593
USDRUBF;5;20250319;160000;85.11;85.27;85.01;85.11;2184
USDRUBF;5;20250319;160500;85.1;85.1;84.98;85;1706
USDRUBF;5;20250319;161000;85.01;85.06;84.97;85.05;535
USDRUBF;5;20250319;161500;85.04;85.13;85.02;85.08;1474
USDRUBF;5;20250319;162000;85.07;85.15;85.06;85.12;768
USDRUBF;5;20250319;162500;85.14;85.2;85.14;85.2;286
USDRUBF;5;20250319;163000;85.2;85.47;85.2;85.45;1853
USDRUBF;5;20250319;163500;85.45;85.68;85.41;85.61;4362
USDRUBF;5;20250319;164000;85.61;85.7;85.56;85.6;2849
USDRUBF;5;20250319;164500;85.6;85.6;85.46;85.56;1608
USDRUBF;5;20250319;165000;85.54;85.73;85.53;85.59;2320
USDRUBF;5;20250319;165500;85.59;85.6;85.45;85.46;1099
USDRUBF;5;20250319;170000;85.48;85.53;85.44;85.49;911
USDRUBF;5;20250319;170500;85.48;85.5;85.45;85.46;288
USDRUBF;5;20250319;171000;85.47;85.49;85.23;85.25;1984
USDRUBF;5;20250319;171500;85.24;85.33;85.23;85.32;1302
USDRUBF;5;20250319;172000;85.34;85.38;85.33;85.35;585
USDRUBF;5;20250319;172500;85.38;85.44;85.33;85.42;1188
USDRUBF;5;20250319;173000;85.41;85.57;85.4;85.5;2359
USDRUBF;5;20250319;173500;85.5;85.59;85.5;85.58;2821
USDRUBF;5;20250319;174000;85.58;85.62;85.45;85.45;2697
USDRUBF;5;20250319;174500;85.45;85.52;85.41;85.48;2134
USDRUBF;5;20250319;175000;85.45;85.53;85.44;85.5;1756
USDRUBF;5;20250319;175500;85.5;85.52;85.46;85.46;640
USDRUBF;5;20250319;180000;85.45;85.53;85.41;85.41;1420
USDRUBF;5;20250319;180500;85.42;85.52;85.39;85.51;565
USDRUBF;5;20250319;181000;85.51;85.61;85.5;85.59;1199
USDRUBF;5;20250319;181500;85.6;85.65;85.59;85.61;714
USDRUBF;5;20250319;182000;85.61;85.64;85.52;85.53;800
USDRUBF;5;20250319;182500;85.52;85.57;85.5;85.55;1076
USDRUBF;5;20250319;183000;85.56;85.65;85.54;85.63;745
USDRUBF;5;20250319;183500;85.61;85.63;85.51;85.59;2427
USDRUBF;5;20250319;184000;85.58;85.62;85.38;85.39;593
USDRUBF;5;20250319;184500;85.39;85.39;85.23;85.23;1366
USDRUBF;5;20250319;190500;85.27;85.49;85.12;85.34;2490
USDRUBF;5;20250319;191000;85.36;85.59;85.36;85.55;612
USDRUBF;5;20250319;191500;85.57;85.6;85.54;85.58;695
USDRUBF;5;20250319;192000;85.58;85.61;85.53;85.56;332
USDRUBF;5;20250319;192500;85.57;85.71;85.56;85.71;507
USDRUBF;5;20250319;193000;85.7;85.88;85.66;85.8;1524
USDRUBF;5;20250319;193500;85.77;85.8;85.65;85.65;672
USDRUBF;5;20250319;194000;85.66;85.75;85.64;85.66;1222
USDRUBF;5;20250319;194500;85.67;85.7;85.63;85.64;358
USDRUBF;5;20250319;195000;85.66;85.71;85.64;85.71;522
USDRUBF;5;20250319;195500;85.69;85.71;85.68;85.7;335
USDRUBF;5;20250319;200000;85.7;85.71;85.58;85.61;991
USDRUBF;5;20250319;200500;85.61;85.68;85.59;85.59;308
USDRUBF;5;20250319;201000;85.59;85.62;85.58;85.61;155
USDRUBF;5;20250319;201500;85.61;85.61;85.55;85.57;213
USDRUBF;5;20250319;202000;85.59;85.71;85.59;85.68;622
USDRUBF;5;20250319;202500;85.68;85.71;85.65;85.66;224
USDRUBF;5;20250319;203000;85.66;85.74;85.66;85.73;258
USDRUBF;5;20250319;203500;85.75;85.75;85.62;85.62;157
USDRUBF;5;20250319;204000;85.62;85.65;85.6;85.62;222
USDRUBF;5;20250319;204500;85.62;85.65;85.62;85.62;178
USDRUBF;5;20250319;205000;85.62;85.65;85.61;85.65;238
USDRUBF;5;20250319;205500;85.69;85.7;85.63;85.65;103
USDRUBF;5;20250319;210000;85.65;85.69;85.64;85.66;52
USDRUBF;5;20250319;210500;85.68;85.7;85.65;85.69;75
USDRUBF;5;20250319;211000;85.69;85.7;85.67;85.69;43
USDRUBF;5;20250319;211500;85.72;85.72;85.67;85.68;225
USDRUBF;5;20250319;212000;85.68;85.7;85.6;85.63;238
USDRUBF;5;20250319;212500;85.62;85.67;85.6;85.65;333
USDRUBF;5;20250319;213000;85.67;85.7;85.65;85.7;133
USDRUBF;5;20250319;213500;85.67;85.7;85.66;85.66;35
USDRUBF;5;20250319;214000;85.68;85.7;85.68;85.7;63
USDRUBF;5;20250319;214500;85.68;85.7;85.65;85.7;335
USDRUBF;5;20250319;215000;85.68;85.75;85.68;85.75;82
USDRUBF;5;20250319;215500;85.74;85.86;85.72;85.81;512
USDRUBF;5;20250319;220000;85.78;85.8;85.71;85.77;328
USDRUBF;5;20250319;220500;85.77;85.79;85.73;85.73;67
USDRUBF;5;20250319;221000;85.73;85.76;85.73;85.75;8
USDRUBF;5;20250319;221500;85.75;85.77;85.72;85.72;198
USDRUBF;5;20250319;222000;85.73;85.77;85.71;85.77;280
USDRUBF;5;20250319;222500;85.77;85.86;85.74;85.82;218
USDRUBF;5;20250319;223000;85.84;85.86;85.78;85.85;271
USDRUBF;5;20250319;223500;85.83;85.83;85.78;85.78;143
USDRUBF;5;20250319;224000;85.78;85.8;85.75;85.76;104
USDRUBF;5;20250319;224500;85.75;85.76;85.72;85.72;37
USDRUBF;5;20250319;225000;85.72;85.8;85.72;85.77;212
USDRUBF;5;20250319;225500;85.76;85.78;85.75;85.76;31
USDRUBF;5;20250319;230000;85.76;85.76;85.73;85.75;37
USDRUBF;5;20250319;230500;85.72;85.77;85.72;85.73;57
USDRUBF;5;20250319;231000;85.75;85.75;85.71;85.71;127
USDRUBF;5;20250319;231500;85.72;85.72;85.71;85.71;319
USDRUBF;5;20250319;232000;85.71;85.72;85.71;85.71;51
USDRUBF;5;20250319;232500;85.71;85.72;85.71;85.71;18
USDRUBF;5;20250319;233000;85.71;85.72;85.68;85.68;49
USDRUBF;5;20250319;233500;85.68;85.72;85.67;85.72;197
USDRUBF;5;20250319;234000;85.72;85.72;85.66;85.66;93
USDRUBF;5;20250319;234500;85.71;85.72;85.66;85.66;117
USDRUBF;5;20250320;090000;85.66;85.94;85.66;85.79;1123
USDRUBF;5;20250320;090500;85.74;85.9;85.74;85.85;440
USDRUBF;5;20250320;091000;85.85;85.9;85.82;85.88;452
USDRUBF;5;20250320;091500;85.88;85.94;85.82;85.89;298
USDRUBF;5;20250320;092000;85.92;86;85.8;85.91;1154
USDRUBF;5;20250320;092500;85.91;85.91;85.81;85.83;336
USDRUBF;5;20250320;093000;85.84;85.9;85.83;85.9;86
USDRUBF;5;20250320;093500;85.89;86.03;85.88;86;980
USDRUBF;5;20250320;094000;86;86.04;85.97;86;478
USDRUBF;5;20250320;094500;85.97;86;85.83;85.93;839
USDRUBF;5;20250320;095000;85.9;86.01;85.89;86.01;268
USDRUBF;5;20250320;095500;85.98;86.02;85.96;86.02;415
USDRUBF;5;20250320;100000;86;86.03;85.6;85.6;5236
USDRUBF;5;20250320;100500;85.6;85.6;85.34;85.35;2998
USDRUBF;5;20250320;101000;85.39;85.58;85.32;85.56;2522
USDRUBF;5;20250320;101500;85.57;85.62;85.4;85.59;1845
USDRUBF;5;20250320;102000;85.59;85.71;85.52;85.58;1538
USDRUBF;5;20250320;102500;85.55;85.56;85.48;85.51;1289
USDRUBF;5;20250320;103000;85.51;85.67;85.5;85.62;1030
USDRUBF;5;20250320;103500;85.62;85.71;85.6;85.62;782
USDRUBF;5;20250320;104000;85.62;85.71;85.61;85.7;768
USDRUBF;5;20250320;104500;85.69;85.77;85.68;85.77;816
USDRUBF;5;20250320;105000;85.77;85.85;85.73;85.74;2532
USDRUBF;5;20250320;105500;85.74;85.77;85.68;85.76;1889
USDRUBF;5;20250320;110000;85.76;85.86;85.74;85.79;1087
USDRUBF;5;20250320;110500;85.79;86.02;85.75;85.86;3503
USDRUBF;5;20250320;111000;85.88;86.01;85.85;86;2685
USDRUBF;5;20250320;111500;86.01;86.06;85.99;86.02;3507
USDRUBF;5;20250320;112000;86;86.02;85.92;85.97;1487
USDRUBF;5;20250320;112500;85.96;86.03;85.94;85.99;1738
USDRUBF;5;20250320;113000;85.98;86.05;85.94;86;1738
USDRUBF;5;20250320;113500;86;86.14;85.97;86.11;2509
USDRUBF;5;20250320;114000;86.12;86.18;86.1;86.15;5296
USDRUBF;5;20250320;114500;86.13;86.18;86.07;86.11;2710
USDRUBF;5;20250320;115000;86.11;86.23;86.08;86.19;1778
USDRUBF;5;20250320;115500;86.22;86.32;86.17;86.29;1947
USDRUBF;5;20250320;120000;86.3;86.34;86.24;86.25;2440
USDRUBF;5;20250320;120500;86.26;86.33;86.16;86.3;2327
USDRUBF;5;20250320;121000;86.31;86.36;86.24;86.34;1987
USDRUBF;5;20250320;121500;86.34;86.36;86.26;86.35;2272
USDRUBF;5;20250320;122000;86.34;86.34;86.21;86.25;2248
USDRUBF;5;20250320;122500;86.25;86.48;86.24;86.48;5278
USDRUBF;5;20250320;123000;86.48;86.49;86.27;86.4;2754
USDRUBF;5;20250320;123500;86.39;86.46;86.35;86.46;1310
USDRUBF;5;20250320;124000;86.43;86.54;86.42;86.43;1972
USDRUBF;5;20250320;124500;86.45;86.45;86.34;86.41;794
USDRUBF;5;20250320;125000;86.43;86.46;86.4;86.4;363
USDRUBF;5;20250320;125500;86.4;86.47;86.4;86.43;547
USDRUBF;5;20250320;130000;86.42;86.59;86.4;86.58;2988
USDRUBF;5;20250320;130500;86.58;86.61;86.5;86.54;1730
USDRUBF;5;20250320;131000;86.54;86.57;86.49;86.54;2119
USDRUBF;5;20250320;131500;86.55;86.57;86.46;86.46;1746
USDRUBF;5;20250320;132000;86.48;86.52;86.45;86.47;998
USDRUBF;5;20250320;132500;86.47;86.49;86.39;86.4;617
USDRUBF;5;20250320;133000;86.4;86.47;86.39;86.41;1405
USDRUBF;5;20250320;133500;86.41;86.49;86.41;86.48;424
USDRUBF;5;20250320;134000;86.49;86.52;86.46;86.5;637
USDRUBF;5;20250320;134500;86.52;86.57;86.5;86.54;1595
USDRUBF;5;20250320;135000;86.51;86.55;86.47;86.49;704
USDRUBF;5;20250320;135500;86.48;86.77;86.47;86.77;2035
USDRUBF;5;20250320;140500;86.77;86.8;86.66;86.69;2949
USDRUBF;5;20250320;141000;86.69;86.72;86.6;86.63;1294
USDRUBF;5;20250320;141500;86.63;86.74;86.62;86.72;1438
USDRUBF;5;20250320;142000;86.72;86.77;86.71;86.72;1301
USDRUBF;5;20250320;142500;86.73;86.73;86.66;86.69;1492
USDRUBF;5;20250320;143000;86.69;86.74;86.62;86.67;1128
USDRUBF;5;20250320;143500;86.68;86.72;86.64;86.7;568
USDRUBF;5;20250320;144000;86.7;86.76;86.69;86.69;416
USDRUBF;5;20250320;144500;86.68;86.69;86.55;86.56;1148
USDRUBF;5;20250320;145000;86.57;86.58;86.51;86.53;904
USDRUBF;5;20250320;145500;86.53;86.61;86.52;86.6;630
USDRUBF;5;20250320;150000;86.6;86.62;86.5;86.55;855
USDRUBF;5;20250320;150500;86.55;86.58;86.51;86.57;486
USDRUBF;5;20250320;151000;86.58;86.67;86.43;86.57;3348
USDRUBF;5;20250320;151500;86.58;86.74;86.57;86.73;2892
USDRUBF;5;20250320;152000;86.73;86.77;86.67;86.73;3451
USDRUBF;5;20250320;152500;86.73;86.76;86.65;86.69;967
USDRUBF;5;20250320;153000;86.69;86.72;86.63;86.63;801
USDRUBF;5;20250320;153500;86.63;86.65;86.6;86.64;976
USDRUBF;5;20250320;154000;86.63;86.65;86.54;86.55;1993
USDRUBF;5;20250320;154500;86.55;86.6;86.5;86.58;1165
USDRUBF;5;20250320;155000;86.58;86.6;86.53;86.58;1054
USDRUBF;5;20250320;155500;86.57;86.69;86.57;86.65;1310
USDRUBF;5;20250320;160000;86.64;86.73;86.63;86.71;1637
USDRUBF;5;20250320;160500;86.71;86.83;86.71;86.76;1058
USDRUBF;5;20250320;161000;86.77;86.83;86.72;86.81;1112
USDRUBF;5;20250320;161500;86.82;86.83;86.67;86.68;1252
USDRUBF;5;20250320;162000;86.7;86.76;86.65;86.72;2097
USDRUBF;5;20250320;162500;86.73;86.74;86.67;86.72;753
USDRUBF;5;20250320;163000;86.72;86.78;86.7;86.76;532
USDRUBF;5;20250320;163500;86.74;86.79;86.72;86.74;833
USDRUBF;5;20250320;164000;86.75;86.85;86.7;86.79;1128
USDRUBF;5;20250320;164500;86.76;86.8;86.74;86.75;749
USDRUBF;5;20250320;165000;86.75;86.75;86.6;86.69;1780
USDRUBF;5;20250320;165500;86.68;86.74;86.58;86.58;2151
USDRUBF;5;20250320;170000;86.58;86.64;86.51;86.52;695
USDRUBF;5;20250320;170500;86.52;86.68;86.5;86.68;793
USDRUBF;5;20250320;171000;86.68;86.68;86.53;86.6;1165
USDRUBF;5;20250320;171500;86.61;86.72;86.57;86.65;1098
USDRUBF;5;20250320;172000;86.64;86.69;86.51;86.54;873
USDRUBF;5;20250320;172500;86.56;86.58;86.35;86.41;2291
USDRUBF;5;20250320;173000;86.39;86.72;86.3;86.63;6012
USDRUBF;5;20250320;173500;86.63;86.67;86.55;86.65;1204
USDRUBF;5;20250320;174000;86.65;86.69;86.43;86.47;2809
USDRUBF;5;20250320;174500;86.47;86.61;86.43;86.5;1633
USDRUBF;5;20250320;175000;86.47;86.51;86.35;86.38;5712
USDRUBF;5;20250320;175500;86.38;86.38;86.27;86.34;2035
USDRUBF;5;20250320;180000;86.34;86.34;86.21;86.24;1830
USDRUBF;5;20250320;180500;86.26;86.33;86.22;86.32;1475
USDRUBF;5;20250320;181000;86.31;86.33;86.23;86.23;757
USDRUBF;5;20250320;181500;86.23;86.26;86.1;86.15;848
USDRUBF;5;20250320;182000;86.13;86.23;85.99;85.99;5984
USDRUBF;5;20250320;182500;85.99;86.04;85.91;85.97;3054
USDRUBF;5;20250320;183000;85.96;85.96;85.86;85.95;1784
USDRUBF;5;20250320;183500;85.93;86.08;85.9;85.98;2206
USDRUBF;5;20250320;184000;85.98;86.06;85.97;86.04;1904
USDRUBF;5;20250320;184500;86.05;86.05;85.98;85.99;1101
USDRUBF;5;20250320;190500;86.14;86.4;85.98;86.27;2719
USDRUBF;5;20250320;191000;86.29;86.35;86.24;86.33;1042
USDRUBF;5;20250320;191500;86.34;86.36;86.3;86.35;772
USDRUBF;5;20250320;192000;86.35;86.37;86.3;86.33;480
USDRUBF;5;20250320;192500;86.33;86.49;86.33;86.49;721
USDRUBF;5;20250320;193000;86.47;86.52;86.4;86.44;596
USDRUBF;5;20250320;193500;86.47;86.57;86.41;86.47;669
USDRUBF;5;20250320;194000;86.45;86.51;86.44;86.48;394
USDRUBF;5;20250320;194500;86.46;86.48;86.39;86.42;548
USDRUBF;5;20250320;195000;86.41;86.51;86.38;86.45;634
USDRUBF;5;20250320;195500;86.46;86.53;86.46;86.5;242
USDRUBF;5;20250320;200000;86.49;86.5;86.46;86.48;354
USDRUBF;5;20250320;200500;86.46;86.53;86.46;86.53;141
USDRUBF;5;20250320;201000;86.53;86.55;86.52;86.54;181
USDRUBF;5;20250320;201500;86.56;86.59;86.53;86.57;248
USDRUBF;5;20250320;202000;86.57;86.6;86.5;86.5;564
USDRUBF;5;20250320;202500;86.51;86.54;86.48;86.54;170
USDRUBF;5;20250320;203000;86.54;86.58;86.5;86.53;228
USDRUBF;5;20250320;203500;86.51;86.52;86.48;86.5;106
USDRUBF;5;20250320;204000;86.47;86.62;86.47;86.57;584
USDRUBF;5;20250320;204500;86.55;86.61;86.54;86.56;281
USDRUBF;5;20250320;205000;86.56;86.59;86.49;86.49;256
USDRUBF;5;20250320;205500;86.5;86.52;86.47;86.5;136
USDRUBF;5;20250320;210000;86.48;86.49;86.35;86.4;602
USDRUBF;5;20250320;210500;86.4;86.58;86.4;86.58;146
USDRUBF;5;20250320;211000;86.56;86.6;86.5;86.53;331
USDRUBF;5;20250320;211500;86.53;86.53;86.42;86.44;243
USDRUBF;5;20250320;212000;86.46;86.48;86.44;86.48;32
USDRUBF;5;20250320;212500;86.45;86.45;86.43;86.44;36
USDRUBF;5;20250320;213000;86.42;86.48;86.41;86.47;118
USDRUBF;5;20250320;213500;86.48;86.52;86.48;86.49;87
USDRUBF;5;20250320;214000;86.52;86.53;86.5;86.5;40
USDRUBF;5;20250320;214500;86.52;86.53;86.5;86.5;27
USDRUBF;5;20250320;215000;86.51;86.52;86.45;86.52;390
USDRUBF;5;20250320;215500;86.47;86.48;86.3;86.4;388
USDRUBF;5;20250320;220000;86.4;86.42;86.36;86.4;170
USDRUBF;5;20250320;220500;86.37;86.45;86.35;86.37;187
USDRUBF;5;20250320;221000;86.37;86.37;86.33;86.33;180
USDRUBF;5;20250320;221500;86.34;86.35;86.3;86.33;151
USDRUBF;5;20250320;222000;86.33;86.34;86.33;86.34;33
USDRUBF;5;20250320;222500;86.34;86.35;86.3;86.3;435
USDRUBF;5;20250320;223000;86.32;86.34;86.27;86.28;281
USDRUBF;5;20250320;223500;86.27;86.3;86.25;86.26;332
USDRUBF;5;20250320;224000;86.26;86.29;86.25;86.28;157
USDRUBF;5;20250320;224500;86.28;86.28;86.25;86.25;284
USDRUBF;5;20250320;225000;86.26;86.27;86.22;86.27;226
USDRUBF;5;20250320;225500;86.27;86.27;86.24;86.26;24
USDRUBF;5;20250320;230000;86.25;86.29;86.25;86.27;99
USDRUBF;5;20250320;230500;86.28;86.29;86.28;86.28;23
USDRUBF;5;20250320;231000;86.29;86.3;86.28;86.28;128
USDRUBF;5;20250320;231500;86.3;86.3;86.3;86.3;306
USDRUBF;5;20250320;232000;86.3;86.3;86.27;86.28;93
USDRUBF;5;20250320;232500;86.28;86.3;86.24;86.3;602
USDRUBF;5;20250320;233000;86.28;86.35;86.28;86.35;137
USDRUBF;5;20250320;233500;86.33;86.35;86.33;86.35;54
USDRUBF;5;20250320;234000;86.35;86.35;86.31;86.31;19
USDRUBF;5;20250320;234500;86.31;86.35;86.3;86.33;30
USDRUBF;5;20250321;090000;86.35;86.59;86.34;86.44;912
USDRUBF;5;20250321;090500;86.44;86.59;86.43;86.55;421
USDRUBF;5;20250321;091000;86.56;86.62;86.43;86.46;407
USDRUBF;5;20250321;091500;86.47;86.56;86.42;86.54;255
USDRUBF;5;20250321;092000;86.54;86.58;86.5;86.52;170
USDRUBF;5;20250321;092500;86.5;86.51;86.46;86.51;215
USDRUBF;5;20250321;093000;86.5;86.54;86.25;86.48;1387
USDRUBF;5;20250321;093500;86.47;86.54;86.45;86.47;261
USDRUBF;5;20250321;094000;86.46;86.54;86.44;86.54;436
USDRUBF;5;20250321;094500;86.54;86.56;86.47;86.5;642
USDRUBF;5;20250321;095000;86.5;86.57;86.5;86.53;349
USDRUBF;5;20250321;095500;86.53;86.78;86.53;86.67;1228
USDRUBF;5;20250321;100000;86.68;86.84;86.53;86.78;1910
USDRUBF;5;20250321;100500;86.74;86.79;86.64;86.67;751
USDRUBF;5;20250321;101000;86.64;86.73;86.56;86.65;1679
USDRUBF;5;20250321;101500;86.65;86.76;86.65;86.7;1510
USDRUBF;5;20250321;102000;86.72;86.72;86.62;86.63;705
USDRUBF;5;20250321;102500;86.64;86.68;86.58;86.61;880
USDRUBF;5;20250321;103000;86.6;86.64;86.55;86.64;611
USDRUBF;5;20250321;103500;86.63;86.67;86.54;86.58;589
USDRUBF;5;20250321;104000;86.6;86.66;86.58;86.6;687
USDRUBF;5;20250321;104500;86.59;86.62;86.54;86.58;452
USDRUBF;5;20250321;105000;86.57;86.6;86.54;86.58;357
USDRUBF;5;20250321;105500;86.56;86.67;86.55;86.61;497
USDRUBF;5;20250321;110000;86.61;86.66;86.59;86.63;219
USDRUBF;5;20250321;110500;86.63;86.69;86.59;86.69;430
USDRUBF;5;20250321;111000;86.65;86.7;86.62;86.65;219
USDRUBF;5;20250321;111500;86.65;86.68;86.63;86.68;208
USDRUBF;5;20250321;112000;86.64;86.64;86.53;86.54;468
USDRUBF;5;20250321;112500;86.54;86.54;86.45;86.46;921
USDRUBF;5;20250321;113000;86.48;86.53;86.43;86.51;940
USDRUBF;5;20250321;113500;86.48;86.58;86.44;86.46;611
USDRUBF;5;20250321;114000;86.47;86.48;86.43;86.43;430
USDRUBF;5;20250321;114500;86.43;86.43;86.33;86.36;658
USDRUBF;5;20250321;115000;86.35;86.36;86.15;86.2;1592
USDRUBF;5;20250321;115500;86.21;86.28;86.17;86.21;681
USDRUBF;5;20250321;120000;86.21;86.22;86.05;86.08;2652
USDRUBF;5;20250321;120500;86.08;86.1;85.95;85.96;2316
USDRUBF;5;20250321;121000;85.95;86.19;85.95;86.16;2526
USDRUBF;5;20250321;121500;86.15;86.18;86.08;86.14;623
USDRUBF;5;20250321;122000;86.14;86.18;86.07;86.18;539
USDRUBF;5;20250321;122500;86.17;86.24;86.15;86.19;467
USDRUBF;5;20250321;123000;86.17;86.22;86.09;86.21;403
USDRUBF;5;20250321;123500;86.2;86.23;86.18;86.2;345
USDRUBF;5;20250321;124000;86.21;86.23;86.15;86.18;272
USDRUBF;5;20250321;124500;86.17;86.25;86.17;86.25;286
USDRUBF;5;20250321;125000;86.25;86.33;86.25;86.33;299
USDRUBF;5;20250321;125500;86.32;86.38;86.32;86.34;366
USDRUBF;5;20250321;130000;86.34;86.37;86.24;86.32;1483
USDRUBF;5;20250321;130500;86.31;86.35;86.21;86.3;556
USDRUBF;5;20250321;131000;86.29;86.36;86.23;86.36;554
USDRUBF;5;20250321;131500;86.34;86.44;86.32;86.4;830
USDRUBF;5;20250321;132000;86.41;86.44;86.31;86.43;964
USDRUBF;5;20250321;132500;86.43;86.45;86.33;86.36;961
USDRUBF;5;20250321;133000;86.35;86.48;86.21;86.29;1695
USDRUBF;5;20250321;133500;86.28;86.43;86.23;86.43;484
USDRUBF;5;20250321;134000;86.43;86.47;86.37;86.39;422
USDRUBF;5;20250321;134500;86.37;86.42;86.3;86.32;1432
USDRUBF;5;20250321;135000;86.32;86.38;86.3;86.36;491
USDRUBF;5;20250321;135500;86.37;86.39;86.35;86.39;228
USDRUBF;5;20250321;140500;86.36;86.42;86.35;86.36;445
USDRUBF;5;20250321;141000;86.35;86.4;86.33;86.33;386
USDRUBF;5;20250321;141500;86.32;86.36;86.3;86.36;355
USDRUBF;5;20250321;142000;86.36;86.37;86.35;86.36;87
USDRUBF;5;20250321;142500;86.37;86.37;86.3;86.32;113
USDRUBF;5;20250321;143000;86.34;86.42;86.32;86.36;329
USDRUBF;5;20250321;143500;86.38;86.44;86.31;86.32;634
USDRUBF;5;20250321;144000;86.33;86.37;86.26;86.28;894
USDRUBF;5;20250321;144500;86.29;86.33;86.15;86.18;739
USDRUBF;5;20250321;145000;86.2;86.23;86.12;86.21;611
USDRUBF;5;20250321;145500;86.25;86.26;86.16;86.24;330
USDRUBF;5;20250321;150000;86.18;86.19;86.02;86.13;2134
USDRUBF;5;20250321;150500;86.14;86.22;86.09;86.17;683
USDRUBF;5;20250321;151000;86.16;86.27;86.1;86.21;567
USDRUBF;5;20250321;151500;86.24;86.39;86.23;86.3;890
USDRUBF;5;20250321;152000;86.3;86.37;86.25;86.34;807
USDRUBF;5;20250321;152500;86.35;86.36;86.24;86.31;718
USDRUBF;5;20250321;153000;86.29;86.42;86.27;86.39;556
USDRUBF;5;20250321;153500;86.38;86.43;86.33;86.34;654
USDRUBF;5;20250321;154000;86.37;86.41;86.34;86.36;163
USDRUBF;5;20250321;154500;86.35;86.41;86.31;86.36;640
USDRUBF;5;20250321;155000;86.36;86.36;86.31;86.34;197
USDRUBF;5;20250321;155500;86.32;86.33;86.2;86.31;924
USDRUBF;5;20250321;160000;86.28;86.28;86.11;86.13;1027
USDRUBF;5;20250321;160500;86.11;86.14;85.94;85.95;2332
USDRUBF;5;20250321;161000;85.98;86.15;85.92;86.1;1860
USDRUBF;5;20250321;161500;86.06;86.06;85.83;85.91;2248
USDRUBF;5;20250321;162000;85.91;86.04;85.85;85.93;1314
USDRUBF;5;20250321;162500;85.93;86.04;85.86;85.87;1894
USDRUBF;5;20250321;163000;85.86;85.9;85.77;85.81;1796
USDRUBF;5;20250321;163500;85.8;85.86;85.7;85.83;2708
USDRUBF;5;20250321;164000;85.81;85.84;85.75;85.84;772
USDRUBF;5;20250321;164500;85.84;85.97;85.8;85.88;1276
USDRUBF;5;20250321;165000;85.89;86;85.88;85.9;1382
USDRUBF;5;20250321;165500;85.93;86.04;85.9;86.03;975
USDRUBF;5;20250321;170000;86.02;86.05;85.97;86.01;930
USDRUBF;5;20250321;170500;86.03;86.08;85.9;85.9;675
USDRUBF;5;20250321;171000;85.93;85.99;85.93;85.97;241
USDRUBF;5;20250321;171500;85.96;86.06;85.9;86.01;523
USDRUBF;5;20250321;172000;86.02;86.05;85.95;86.01;495
USDRUBF;5;20250321;172500;86.01;86.01;85.96;85.99;223
USDRUBF;5;20250321;173000;85.99;86.01;85.93;85.97;300
USDRUBF;5;20250321;173500;85.99;85.99;85.95;85.95;174
USDRUBF;5;20250321;174000;85.97;85.97;85.86;85.94;400
USDRUBF;5;20250321;174500;85.93;85.95;85.85;85.85;276
USDRUBF;5;20250321;175000;85.86;85.93;85.83;85.9;426
USDRUBF;5;20250321;175500;85.9;85.96;85.85;85.85;736
USDRUBF;5;20250321;180000;85.84;85.89;85.78;85.83;561
USDRUBF;5;20250321;180500;85.85;85.85;85.73;85.77;345
USDRUBF;5;20250321;181000;85.78;85.89;85.75;85.76;804
USDRUBF;5;20250321;181500;85.76;85.78;85.7;85.73;1257
USDRUBF;5;20250321;182000;85.72;85.81;85.72;85.81;584
USDRUBF;5;20250321;182500;85.8;85.87;85.76;85.86;468
USDRUBF;5;20250321;183000;85.87;85.88;85.78;85.82;684
USDRUBF;5;20250321;183500;85.8;85.9;85.73;85.85;440
USDRUBF;5;20250321;184000;85.88;85.89;85.76;85.76;262
USDRUBF;5;20250321;184500;85.76;85.8;85.6;85.7;1176
USDRUBF;5;20250321;190500;85.8;85.96;85.75;85.92;905
USDRUBF;5;20250321;191000;85.92;86.07;85.9;85.98;1018
USDRUBF;5;20250321;191500;85.98;86.03;85.91;85.91;745
USDRUBF;5;20250321;192000;85.94;85.99;85.89;85.99;225
USDRUBF;5;20250321;192500;85.98;85.98;85.85;85.88;190
USDRUBF;5;20250321;193000;85.9;85.9;85.76;85.83;136
USDRUBF;5;20250321;193500;85.8;85.85;85.79;85.8;103
USDRUBF;5;20250321;194000;85.84;85.91;85.83;85.91;105
USDRUBF;5;20250321;194500;85.89;85.91;85.8;85.82;116
USDRUBF;5;20250321;195000;85.82;85.9;85.8;85.89;75
USDRUBF;5;20250321;195500;85.9;85.9;85.87;85.87;45
USDRUBF;5;20250321;200000;85.87;85.94;85.87;85.92;263
USDRUBF;5;20250321;200500;85.93;85.95;85.92;85.93;97
USDRUBF;5;20250321;201000;85.93;85.95;85.89;85.93;550
USDRUBF;5;20250321;201500;85.9;85.96;85.89;85.96;160
USDRUBF;5;20250321;202000;85.96;85.96;85.92;85.92;114
USDRUBF;5;20250321;202500;85.91;85.95;85.9;85.95;128
USDRUBF;5;20250321;203000;85.95;85.97;85.93;85.95;33
USDRUBF;5;20250321;203500;85.94;85.94;85.92;85.92;99
USDRUBF;5;20250321;204000;85.93;85.96;85.92;85.96;225
USDRUBF;5;20250321;204500;85.97;85.97;85.93;85.93;111
USDRUBF;5;20250321;205000;85.94;85.95;85.93;85.93;27
USDRUBF;5;20250321;205500;85.93;85.96;85.93;85.96;21
USDRUBF;5;20250321;210000;85.96;85.99;85.94;85.96;70
USDRUBF;5;20250321;210500;85.95;85.96;85.92;85.93;97
USDRUBF;5;20250321;211000;85.96;85.97;85.95;85.97;15
USDRUBF;5;20250321;211500;85.97;85.98;85.94;85.98;101
USDRUBF;5;20250321;212000;85.98;85.99;85.95;85.99;17
USDRUBF;5;20250321;212500;85.99;86.02;85.97;86.02;244
USDRUBF;5;20250321;213000;86;86.02;85.99;86.02;63
USDRUBF;5;20250321;213500;86.02;86.02;85.97;85.97;36
USDRUBF;5;20250321;214000;85.99;86;85.97;85.97;25
USDRUBF;5;20250321;214500;85.97;86;85.97;85.99;42
USDRUBF;5;20250321;215000;86;86;85.97;85.98;11
USDRUBF;5;20250321;215500;85.99;85.99;85.97;85.97;25
USDRUBF;5;20250321;220000;85.98;85.99;85.96;85.96;28
USDRUBF;5;20250321;220500;85.96;86.04;85.96;85.99;147
USDRUBF;5;20250321;221000;86.01;86.04;86.01;86.02;22
USDRUBF;5;20250321;221500;86.02;86.03;86;86.02;48
USDRUBF;5;20250321;222000;86.02;86.06;86.02;86.05;98
USDRUBF;5;20250321;222500;86.04;86.04;86.03;86.03;32
USDRUBF;5;20250321;223000;86.03;86.03;85.99;86;293
USDRUBF;5;20250321;223500;86.01;86.01;86;86.01;44
USDRUBF;5;20250321;224000;85.98;86.02;85.98;85.98;28
USDRUBF;5;20250321;224500;86;86.05;86;86.05;77
USDRUBF;5;20250321;225000;86.03;86.05;86.02;86.02;62
USDRUBF;5;20250321;225500;86.02;86.1;86.02;86.06;234
USDRUBF;5;20250321;230000;86.06;86.07;86.02;86.02;48
USDRUBF;5;20250321;230500;86.02;86.06;86.02;86.02;42
USDRUBF;5;20250321;231000;86.03;86.04;86.02;86.04;27
USDRUBF;5;20250321;231500;86.02;86.08;86.01;86.04;151
USDRUBF;5;20250321;232000;86.03;86.06;86.02;86.02;15
USDRUBF;5;20250321;232500;86.03;86.06;86.02;86.06;21
USDRUBF;5;20250321;233000;86.06;86.06;86;86;68
USDRUBF;5;20250321;233500;86;86;85.98;85.98;51
USDRUBF;5;20250321;234000;86;86.04;85.97;86;139
USDRUBF;5;20250321;234500;86.01;86.04;86;86.03;154
USDRUBF;5;20250324;090000;86.06;86.06;85.61;85.7;1948
USDRUBF;5;20250324;090500;85.7;85.8;85.6;85.7;1989
USDRUBF;5;20250324;091000;85.7;85.71;85.64;85.69;392
USDRUBF;5;20250324;091500;85.69;85.7;85.63;85.7;404
USDRUBF;5;20250324;092000;85.65;85.7;85.6;85.69;419
USDRUBF;5;20250324;092500;85.69;85.7;85.61;85.62;255
USDRUBF;5;20250324;093000;85.62;85.64;85.5;85.52;1330
USDRUBF;5;20250324;093500;85.5;85.53;85.3;85.39;2278
USDRUBF;5;20250324;094000;85.38;85.45;85.31;85.43;1058
USDRUBF;5;20250324;094500;85.43;85.47;85.36;85.36;553
USDRUBF;5;20250324;095000;85.36;85.36;85.3;85.3;781
USDRUBF;5;20250324;095500;85.33;85.38;85.25;85.31;1441
USDRUBF;5;20250324;100000;85.31;85.56;85.22;85.3;2966
USDRUBF;5;20250324;100500;85.29;85.34;85.03;85.08;2515
USDRUBF;5;20250324;101000;85.08;85.21;85.01;85.21;1900
USDRUBF;5;20250324;101500;85.21;85.23;85.11;85.15;823
USDRUBF;5;20250324;102000;85.16;85.24;85.16;85.21;460
USDRUBF;5;20250324;102500;85.23;85.37;85.18;85.24;1287
USDRUBF;5;20250324;103000;85.24;85.36;85.2;85.35;1050
USDRUBF;5;20250324;103500;85.36;85.47;85.35;85.36;1454
USDRUBF;5;20250324;104000;85.37;85.5;85.34;85.43;1520
USDRUBF;5;20250324;104500;85.44;85.5;85.29;85.37;1660
USDRUBF;5;20250324;105000;85.38;85.4;85.2;85.25;2283
USDRUBF;5;20250324;105500;85.25;85.25;85.06;85.07;3335
USDRUBF;5;20250324;110000;85.06;85.14;85.03;85.1;1435
USDRUBF;5;20250324;110500;85.1;85.2;85.03;85.07;862
USDRUBF;5;20250324;111000;85.04;85.04;84.9;84.95;3287
USDRUBF;5;20250324;111500;84.93;85.03;84.83;84.99;3166
USDRUBF;5;20250324;112000;84.99;85.01;84.87;84.93;1095
USDRUBF;5;20250324;112500;84.95;85.04;84.94;85.01;860
USDRUBF;5;20250324;113000;85.01;85.05;84.97;84.99;758
USDRUBF;5;20250324;113500;84.97;84.99;84.92;84.96;358
USDRUBF;5;20250324;114000;84.99;85.02;84.95;84.99;571
USDRUBF;5;20250324;114500;84.98;84.99;84.94;84.98;264
USDRUBF;5;20250324;115000;84.95;85.04;84.92;85.01;991
USDRUBF;5;20250324;115500;85.03;85.29;85;85.19;1797
USDRUBF;5;20250324;120000;85.19;85.25;85.09;85.13;1353
USDRUBF;5;20250324;120500;85.13;85.28;85.03;85.08;953
USDRUBF;5;20250324;121000;85.09;85.19;85.07;85.09;792
USDRUBF;5;20250324;121500;85.12;85.3;85.12;85.27;673
USDRUBF;5;20250324;122000;85.27;85.36;85.23;85.31;654
USDRUBF;5;20250324;122500;85.34;85.36;85.24;85.24;823
USDRUBF;5;20250324;123000;85.24;85.38;85.23;85.28;723
USDRUBF;5;20250324;123500;85.29;85.41;85.28;85.34;1268
USDRUBF;5;20250324;124000;85.35;85.55;85.35;85.44;978
USDRUBF;5;20250324;124500;85.44;85.69;85.44;85.54;2317
USDRUBF;5;20250324;125000;85.54;85.72;85.51;85.72;1429
USDRUBF;5;20250324;125500;85.72;86.18;85.7;85.97;4439
USDRUBF;5;20250324;130000;85.96;86.01;85.89;85.96;2068
USDRUBF;5;20250324;130500;85.97;86.02;85.86;85.91;1733
USDRUBF;5;20250324;131000;85.91;86;85.91;85.96;650
USDRUBF;5;20250324;131500;85.95;85.99;85.84;85.88;821
USDRUBF;5;20250324;132000;85.89;85.98;85.84;85.96;896
USDRUBF;5;20250324;132500;85.97;85.99;85.88;85.94;453
USDRUBF;5;20250324;133000;85.95;86.09;85.93;86.08;2093
USDRUBF;5;20250324;133500;86.08;86.2;86.02;86.12;1368
USDRUBF;5;20250324;134000;86.12;86.15;85.94;85.97;927
USDRUBF;5;20250324;134500;85.97;86.15;85.96;86.12;1786
USDRUBF;5;20250324;135000;86.13;86.2;86.06;86.12;995
USDRUBF;5;20250324;135500;86.11;86.14;86;86.05;782
USDRUBF;5;20250324;140500;86.09;86.33;86.09;86.29;1675
USDRUBF;5;20250324;141000;86.3;86.33;86.16;86.19;974
USDRUBF;5;20250324;141500;86.19;86.27;86.16;86.21;1068
USDRUBF;5;20250324;142000;86.21;86.47;86.19;86.32;1601
USDRUBF;5;20250324;142500;86.34;86.34;86.04;86.04;1063
USDRUBF;5;20250324;143000;86.03;86.1;85.95;86.05;2309
USDRUBF;5;20250324;143500;86.04;86.18;85.99;86.03;2065
USDRUBF;5;20250324;144000;86.03;86.08;85.98;86.07;398
USDRUBF;5;20250324;144500;86.06;86.07;85.98;86.02;484
USDRUBF;5;20250324;145000;85.99;86.17;85.96;86.02;1157
USDRUBF;5;20250324;145500;86.01;86.11;85.93;85.96;1137
USDRUBF;5;20250324;150000;85.98;86.06;85.95;85.99;1416
USDRUBF;5;20250324;150500;85.99;86.07;85.97;86.05;841
USDRUBF;5;20250324;151000;86.04;86.09;86.01;86.03;890
USDRUBF;5;20250324;151500;86.03;86.08;86.02;86.04;618
USDRUBF;5;20250324;152000;86.05;86.11;86.03;86.08;620
USDRUBF;5;20250324;152500;86.08;86.09;86;86.07;967
USDRUBF;5;20250324;153000;86.06;86.25;86.02;86.18;2278
USDRUBF;5;20250324;153500;86.2;86.24;86.09;86.18;1516
USDRUBF;5;20250324;154000;86.17;86.29;86.13;86.19;3497
USDRUBF;5;20250324;154500;86.2;86.22;86.07;86.16;1179
USDRUBF;5;20250324;155000;86.16;86.19;85.94;85.94;2374
USDRUBF;5;20250324;155500;85.95;86.04;85.87;85.95;2685
USDRUBF;5;20250324;160000;85.96;86.1;85.91;86.01;2149
USDRUBF;5;20250324;160500;86.02;86.06;85.94;85.94;900
USDRUBF;5;20250324;161000;85.94;86;85.93;85.94;512
USDRUBF;5;20250324;161500;85.94;85.98;85.91;85.95;905
USDRUBF;5;20250324;162000;85.95;85.96;85.76;85.76;1235
USDRUBF;5;20250324;162500;85.76;85.87;85.74;85.87;733
USDRUBF;5;20250324;163000;85.83;85.98;85.81;85.91;873
USDRUBF;5;20250324;163500;85.91;86.06;85.9;85.97;890
USDRUBF;5;20250324;164000;85.98;86.04;85.98;85.98;540
USDRUBF;5;20250324;164500;85.97;86.05;85.93;85.96;853
USDRUBF;5;20250324;165000;85.95;86.05;85.92;85.98;1476
USDRUBF;5;20250324;165500;85.97;86.01;85.86;85.9;1484
USDRUBF;5;20250324;170000;85.9;85.9;85.82;85.83;365
USDRUBF;5;20250324;170500;85.82;85.85;85.75;85.82;758
USDRUBF;5;20250324;171000;85.84;85.91;85.77;85.91;1088
USDRUBF;5;20250324;171500;85.9;86.15;85.89;86.14;2413
USDRUBF;5;20250324;172000;86.14;86.29;86.08;86.19;3815
USDRUBF;5;20250324;172500;86.21;86.27;86.09;86.17;1033
USDRUBF;5;20250324;173000;86.18;86.22;86.11;86.13;551
USDRUBF;5;20250324;173500;86.14;86.26;86.13;86.24;1234
USDRUBF;5;20250324;174000;86.26;86.33;86.13;86.33;2747
USDRUBF;5;20250324;174500;86.33;86.5;86.33;86.44;2551
USDRUBF;5;20250324;175000;86.44;86.45;86.22;86.25;2006
USDRUBF;5;20250324;175500;86.24;86.28;86.19;86.25;598
USDRUBF;5;20250324;180000;86.26;86.31;86.05;86.22;1960
USDRUBF;5;20250324;180500;86.2;86.22;86.06;86.14;714
USDRUBF;5;20250324;181000;86.14;86.2;86.12;86.16;536
USDRUBF;5;20250324;181500;86.15;86.21;86.08;86.21;435
USDRUBF;5;20250324;182000;86.21;86.26;86.14;86.22;906
USDRUBF;5;20250324;182500;86.23;86.33;86.19;86.21;742
USDRUBF;5;20250324;183000;86.2;86.3;86.19;86.22;691
USDRUBF;5;20250324;183500;86.23;86.24;86.18;86.21;260
USDRUBF;5;20250324;184000;86.21;86.21;86.17;86.18;239
USDRUBF;5;20250324;184500;86.18;86.19;86.11;86.12;747
USDRUBF;5;20250324;190500;86.18;86.37;86.12;86.28;750
USDRUBF;5;20250324;191000;86.29;86.32;86.24;86.3;369
USDRUBF;5;20250324;191500;86.3;86.36;86.22;86.27;500
USDRUBF;5;20250324;192000;86.27;86.33;86.24;86.24;289
USDRUBF;5;20250324;192500;86.25;86.33;86.23;86.26;322
USDRUBF;5;20250324;193000;86.28;86.31;86.22;86.22;140
USDRUBF;5;20250324;193500;86.22;86.28;86.18;86.28;212
USDRUBF;5;20250324;194000;86.28;86.3;86.26;86.29;100
USDRUBF;5;20250324;194500;86.29;86.29;86.25;86.26;27
USDRUBF;5;20250324;195000;86.28;86.33;86.27;86.32;131
USDRUBF;5;20250324;195500;86.3;86.32;86.25;86.25;85
USDRUBF;5;20250324;200000;86.26;86.27;86.22;86.25;123
USDRUBF;5;20250324;200500;86.26;86.35;86.23;86.31;201
USDRUBF;5;20250324;201000;86.3;86.34;86.29;86.29;59
USDRUBF;5;20250324;201500;86.29;86.31;86.27;86.3;96
USDRUBF;5;20250324;202000;86.28;86.35;86.27;86.35;262
USDRUBF;5;20250324;202500;86.33;86.37;86.32;86.32;165
USDRUBF;5;20250324;203000;86.35;86.38;86.33;86.33;240
USDRUBF;5;20250324;203500;86.33;86.34;86.28;86.33;165
USDRUBF;5;20250324;204000;86.32;86.33;86.28;86.32;102
USDRUBF;5;20250324;204500;86.31;86.33;86.3;86.33;16
USDRUBF;5;20250324;205000;86.31;86.32;86.3;86.3;47
USDRUBF;5;20250324;205500;86.29;86.3;86.27;86.29;34
USDRUBF;5;20250324;210000;86.28;86.29;86.25;86.29;64
USDRUBF;5;20250324;210500;86.27;86.29;86.25;86.26;101
USDRUBF;5;20250324;211000;86.28;86.59;86.23;86.42;1391
USDRUBF;5;20250324;211500;86.45;86.87;86.44;86.74;2431
USDRUBF;5;20250324;212000;86.74;86.88;86.66;86.73;1751
USDRUBF;5;20250324;212500;86.72;86.79;86.62;86.72;829
USDRUBF;5;20250324;213000;86.74;86.83;86.59;86.63;902
USDRUBF;5;20250324;213500;86.61;86.89;86.61;86.8;1402
USDRUBF;5;20250324;214000;86.79;86.84;86.54;86.67;1725
USDRUBF;5;20250324;214500;86.65;86.7;86.47;86.69;1219
USDRUBF;5;20250324;215000;86.69;86.72;86.56;86.67;373
USDRUBF;5;20250324;215500;86.66;86.66;86.53;86.55;412
USDRUBF;5;20250324;220000;86.57;86.75;86.52;86.74;735
USDRUBF;5;20250324;220500;86.73;86.74;86.53;86.62;602
USDRUBF;5;20250324;221000;86.64;86.67;86.58;86.63;376
USDRUBF;5;20250324;221500;86.65;86.73;86.64;86.66;190
USDRUBF;5;20250324;222000;86.66;86.71;86.62;86.62;311
USDRUBF;5;20250324;222500;86.66;86.66;86.57;86.58;309
USDRUBF;5;20250324;223000;86.58;86.65;86.51;86.58;685
USDRUBF;5;20250324;223500;86.57;86.62;86.52;86.58;408
USDRUBF;5;20250324;224000;86.57;86.66;86.57;86.65;279
USDRUBF;5;20250324;224500;86.62;86.68;86.53;86.53;474
USDRUBF;5;20250324;225000;86.52;86.61;86.51;86.51;402
USDRUBF;5;20250324;225500;86.51;86.54;86.48;86.5;278
USDRUBF;5;20250324;230000;86.5;86.51;86.47;86.51;131
USDRUBF;5;20250324;230500;86.51;86.51;86.43;86.48;134
USDRUBF;5;20250324;231000;86.49;86.54;86.4;86.4;604
USDRUBF;5;20250324;231500;86.4;86.45;86.35;86.42;504
USDRUBF;5;20250324;232000;86.42;86.45;86.4;86.43;135
USDRUBF;5;20250324;232500;86.43;86.58;86.36;86.5;310
USDRUBF;5;20250324;233000;86.52;86.52;86.39;86.45;47
USDRUBF;5;20250324;233500;86.43;86.48;86.39;86.39;96
USDRUBF;5;20250324;234000;86.41;86.5;86.38;86.5;69
USDRUBF;5;20250324;234500;86.42;86.5;86.38;86.38;37
USDRUBF;5;20250325;090000;86.35;86.49;86.07;86.1;1383
USDRUBF;5;20250325;090500;86.09;86.31;86.05;86.29;433
USDRUBF;5;20250325;091000;86.31;86.31;86.12;86.29;287
USDRUBF;5;20250325;091500;86.29;86.32;86.21;86.3;179
USDRUBF;5;20250325;092000;86.28;86.28;86.17;86.17;129
USDRUBF;5;20250325;092500;86.19;86.29;86.19;86.22;306
USDRUBF;5;20250325;093000;86.25;86.25;86.19;86.23;97
USDRUBF;5;20250325;093500;86.24;86.43;86.2;86.43;273
USDRUBF;5;20250325;094000;86.42;86.58;86.26;86.54;796
USDRUBF;5;20250325;094500;86.5;86.59;86.43;86.5;384
USDRUBF;5;20250325;095000;86.52;86.56;86.37;86.37;522
USDRUBF;5;20250325;095500;86.39;86.55;86.33;86.54;325
USDRUBF;5;20250325;100000;86.54;86.63;86.15;86.18;1411
USDRUBF;5;20250325;100500;86.19;86.24;86.03;86.13;1318
USDRUBF;5;20250325;101000;86.13;86.13;85.85;85.92;1929
USDRUBF;5;20250325;101500;85.91;86.01;85.88;86.01;771
USDRUBF;5;20250325;102000;86;86.07;85.95;85.98;641
USDRUBF;5;20250325;102500;86;86.03;85.83;85.87;537
USDRUBF;5;20250325;103000;85.85;85.95;85.83;85.91;1383
USDRUBF;5;20250325;103500;85.9;86.01;85.87;86.01;597
USDRUBF;5;20250325;104000;86.01;86.08;85.95;86.01;808
USDRUBF;5;20250325;104500;86.01;86.08;86;86.03;331
USDRUBF;5;20250325;105000;86.03;86.16;86.01;86.12;1184
USDRUBF;5;20250325;105500;86.1;86.1;86.03;86.05;446
USDRUBF;5;20250325;110000;86.03;86.09;85.92;86.03;844
USDRUBF;5;20250325;110500;86.05;86.1;86.02;86.02;664
USDRUBF;5;20250325;111000;86.03;86.25;86.02;86.18;921
USDRUBF;5;20250325;111500;86.18;86.27;86.17;86.24;387
USDRUBF;5;20250325;112000;86.25;86.27;86.04;86.07;669
USDRUBF;5;20250325;112500;86.08;86.15;86.04;86.15;403
USDRUBF;5;20250325;113000;86.15;86.15;86.02;86.06;577
USDRUBF;5;20250325;113500;86.06;86.1;86.03;86.06;372
USDRUBF;5;20250325;114000;86.1;86.15;86.09;86.14;426
USDRUBF;5;20250325;114500;86.13;86.14;85.92;85.98;645
USDRUBF;5;20250325;115000;85.97;86;85.95;85.98;232
USDRUBF;5;20250325;115500;85.98;86;85.95;85.97;61
USDRUBF;5;20250325;120000;85.98;86.04;85.93;86.01;695
USDRUBF;5;20250325;120500;86.03;86.07;85.97;86;888
USDRUBF;5;20250325;121000;86;86.03;85.89;85.9;898
USDRUBF;5;20250325;121500;85.89;85.94;85.85;85.89;853
USDRUBF;5;20250325;122000;85.9;85.92;85.87;85.88;177
USDRUBF;5;20250325;122500;85.88;86.03;85.85;86;1833
USDRUBF;5;20250325;123000;86.02;86.06;85.94;86.06;619
USDRUBF;5;20250325;123500;86.05;86.12;85.96;85.99;954
USDRUBF;5;20250325;124000;85.99;86;85.9;85.96;851
USDRUBF;5;20250325;124500;85.96;86.05;85.96;86.03;493
USDRUBF;5;20250325;125000;86.03;86.03;85.98;86;196
USDRUBF;5;20250325;125500;86;86.05;85.96;86.01;111
USDRUBF;5;20250325;130000;86.03;86.03;85.87;85.88;543
USDRUBF;5;20250325;130500;85.88;86.65;85.86;86.06;3001
USDRUBF;5;20250325;131000;86.05;86.07;85.91;85.94;1096
USDRUBF;5;20250325;131500;85.93;85.93;85.85;85.87;706
USDRUBF;5;20250325;132000;85.88;85.95;85.88;85.91;510
USDRUBF;5;20250325;132500;85.9;85.94;85.89;85.94;96
USDRUBF;5;20250325;133000;85.93;86.01;85.89;85.96;252
USDRUBF;5;20250325;133500;85.96;85.96;85.9;85.92;217
USDRUBF;5;20250325;134000;85.91;85.92;85.86;85.9;421
USDRUBF;5;20250325;134500;85.9;85.92;85.87;85.91;270
USDRUBF;5;20250325;135000;85.92;85.93;85.89;85.92;122
USDRUBF;5;20250325;135500;85.9;85.92;85.89;85.89;126
USDRUBF;5;20250325;140500;85.92;85.92;85.8;85.8;2070
USDRUBF;5;20250325;141000;85.8;85.89;85.76;85.82;701
USDRUBF;5;20250325;141500;85.81;85.81;85.62;85.64;1876
USDRUBF;5;20250325;142000;85.64;85.69;85.6;85.6;827
USDRUBF;5;20250325;142500;85.6;85.67;85.5;85.64;1558
USDRUBF;5;20250325;143000;85.67;85.7;85.58;85.69;748
USDRUBF;5;20250325;143500;85.67;85.78;85.65;85.74;549
USDRUBF;5;20250325;144000;85.72;85.75;85.66;85.72;479
USDRUBF;5;20250325;144500;85.71;85.73;85.67;85.69;433
USDRUBF;5;20250325;145000;85.69;85.71;85.65;85.67;357
USDRUBF;5;20250325;145500;85.69;85.77;85.69;85.76;268
USDRUBF;5;20250325;150000;85.75;85.75;85.56;85.69;1127
USDRUBF;5;20250325;150500;85.67;85.72;85.64;85.72;281
USDRUBF;5;20250325;151000;85.72;85.79;85.68;85.79;300
USDRUBF;5;20250325;151500;85.79;85.82;85.74;85.8;232
USDRUBF;5;20250325;152000;85.8;85.83;85.79;85.83;548
USDRUBF;5;20250325;152500;85.84;85.97;85.83;85.92;3609
USDRUBF;5;20250325;153000;85.92;86;85.92;85.92;842
USDRUBF;5;20250325;153500;85.93;86;85.92;85.98;1592
USDRUBF;5;20250325;154000;85.97;85.97;85.91;85.93;855
USDRUBF;5;20250325;154500;85.95;86.03;85.9;85.97;1772
USDRUBF;5;20250325;155000;85.97;86.05;85.97;85.99;758
USDRUBF;5;20250325;155500;85.98;86.02;85.97;85.98;509
USDRUBF;5;20250325;160000;86.01;86.1;85.95;86.06;1172
USDRUBF;5;20250325;160500;86.07;86.07;85.96;86;334
USDRUBF;5;20250325;161000;85.99;86.23;85.97;86.2;1366
USDRUBF;5;20250325;161500;86.2;86.27;86.03;86.06;1061
USDRUBF;5;20250325;162000;86.09;86.13;85.95;86.03;735
USDRUBF;5;20250325;162500;86.03;86.11;86;86.05;518
USDRUBF;5;20250325;163000;86.05;86.11;86.02;86.06;829
USDRUBF;5;20250325;163500;86.05;86.09;86.02;86.04;395
USDRUBF;5;20250325;164000;86.09;86.17;86.06;86.13;336
USDRUBF;5;20250325;164500;86.15;86.15;86.06;86.09;301
USDRUBF;5;20250325;165000;86.09;86.11;86.05;86.06;259
USDRUBF;5;20250325;165500;86.07;86.09;85.98;86.01;283
USDRUBF;5;20250325;170000;86.01;86.08;85.88;85.9;1005
USDRUBF;5;20250325;170500;85.86;85.87;85.74;85.76;2705
USDRUBF;5;20250325;171000;85.75;85.79;85.68;85.72;3053
USDRUBF;5;20250325;171500;85.7;85.72;85.61;85.61;3810
USDRUBF;5;20250325;172000;85.62;85.65;85.58;85.65;817
USDRUBF;5;20250325;172500;85.65;85.65;85.46;85.47;4373
USDRUBF;5;20250325;173000;85.47;85.47;85.28;85.33;3941
USDRUBF;5;20250325;173500;85.34;85.49;85.28;85.49;3642
USDRUBF;5;20250325;174000;85.49;85.51;85.41;85.46;1329
USDRUBF;5;20250325;174500;85.45;85.55;85.3;85.3;3647
USDRUBF;5;20250325;175000;85.3;85.33;85.08;85.2;4747
USDRUBF;5;20250325;175500;85.2;85.31;85.14;85.26;1382
USDRUBF;5;20250325;180000;85.24;85.25;85.06;85.13;1885
USDRUBF;5;20250325;180500;85.12;85.17;85.06;85.11;1076
USDRUBF;5;20250325;181000;85.11;85.17;85.08;85.13;1220
USDRUBF;5;20250325;181500;85.14;85.21;85.09;85.2;1004
USDRUBF;5;20250325;182000;85.18;85.25;85.11;85.17;996
USDRUBF;5;20250325;182500;85.17;85.25;85.17;85.21;466
USDRUBF;5;20250325;183000;85.23;85.33;85.22;85.3;1333
USDRUBF;5;20250325;183500;85.29;85.3;85.21;85.22;286
USDRUBF;5;20250325;184000;85.24;85.27;85.2;85.24;606
USDRUBF;5;20250325;184500;85.23;85.27;85.2;85.26;553
USDRUBF;5;20250325;192000;85.29;85.39;85.02;85.06;2250
USDRUBF;5;20250325;192500;85.09;85.25;85.06;85.2;872
USDRUBF;5;20250325;193000;85.19;85.3;85.15;85.3;581
USDRUBF;5;20250325;193500;85.29;85.34;85.24;85.25;243
USDRUBF;5;20250325;194000;85.27;85.37;85.24;85.37;386
USDRUBF;5;20250325;194500;85.37;85.39;85.33;85.33;161
USDRUBF;5;20250325;195000;85.36;85.36;85.25;85.25;145
USDRUBF;5;20250325;195500;85.25;85.29;85.22;85.27;344
USDRUBF;5;20250325;200000;85.27;85.3;85.27;85.29;78
USDRUBF;5;20250325;200500;85.29;85.31;85.29;85.3;218
USDRUBF;5;20250325;201000;85.3;85.3;85.29;85.3;158
USDRUBF;5;20250325;201500;85.3;85.37;85.28;85.37;476
USDRUBF;5;20250325;202000;85.37;85.48;85.36;85.45;344
USDRUBF;5;20250325;202500;85.45;85.48;85.4;85.4;300
USDRUBF;5;20250325;203000;85.4;85.56;85.4;85.47;307
USDRUBF;5;20250325;203500;85.49;85.56;85.46;85.48;368
USDRUBF;5;20250325;204000;85.48;85.48;85.44;85.47;76
USDRUBF;5;20250325;204500;85.47;85.47;85.4;85.41;52
USDRUBF;5;20250325;205000;85.41;85.41;85.32;85.39;170
USDRUBF;5;20250325;205500;85.4;85.44;85.37;85.39;59
USDRUBF;5;20250325;210000;85.4;85.41;85.38;85.4;36
USDRUBF;5;20250325;210500;85.4;85.4;85.36;85.36;55
USDRUBF;5;20250325;211000;85.35;85.35;85.3;85.3;198
USDRUBF;5;20250325;211500;85.31;85.33;85.23;85.25;166
USDRUBF;5;20250325;212000;85.25;85.25;85.22;85.22;114
USDRUBF;5;20250325;212500;85.22;85.24;85.2;85.23;416
USDRUBF;5;20250325;213000;85.26;85.3;85.24;85.3;220
USDRUBF;5;20250325;213500;85.29;85.3;85.22;85.22;130
USDRUBF;5;20250325;214000;85.25;85.25;85.2;85.2;540
USDRUBF;5;20250325;214500;85.2;85.26;85.16;85.22;393
USDRUBF;5;20250325;215000;85.25;85.25;85.14;85.15;284
USDRUBF;5;20250325;215500;85.18;85.18;85.12;85.12;102
USDRUBF;5;20250325;220000;85.15;85.15;85.11;85.13;63
USDRUBF;5;20250325;220500;85.12;85.14;85.11;85.12;34
USDRUBF;5;20250325;221000;85.12;85.14;85.05;85.06;331
USDRUBF;5;20250325;221500;85.06;85.15;85.04;85.12;512
USDRUBF;5;20250325;222000;85.11;85.15;85.09;85.15;80
USDRUBF;5;20250325;222500;85.17;85.21;85.16;85.2;141
USDRUBF;5;20250325;223000;85.17;85.21;85.17;85.18;57
USDRUBF;5;20250325;223500;85.2;85.23;85.17;85.23;121
USDRUBF;5;20250325;224000;85.23;85.24;85.2;85.23;105
USDRUBF;5;20250325;224500;85.23;85.23;85.19;85.22;36
USDRUBF;5;20250325;225000;85.21;85.24;85.21;85.21;57
USDRUBF;5;20250325;225500;85.21;85.23;85.16;85.21;102
USDRUBF;5;20250325;230000;85.22;85.24;85.16;85.16;147
USDRUBF;5;20250325;230500;85.17;85.19;85.15;85.15;37
USDRUBF;5;20250325;231000;85.15;85.17;85.12;85.16;329
USDRUBF;5;20250325;231500;85.14;85.16;85.14;85.16;28
USDRUBF;5;20250325;232000;85.13;85.13;85.13;85.13;1
USDRUBF;5;20250325;232500;85.16;85.17;85.16;85.17;21
USDRUBF;5;20250325;233000;85.17;85.24;85.17;85.19;38
USDRUBF;5;20250325;233500;85.2;85.27;85.18;85.26;112
USDRUBF;5;20250325;234000;85.22;85.31;85.19;85.25;129
USDRUBF;5;20250325;234500;85.28;85.33;85.24;85.33;84
USDRUBF;5;20250326;090000;85.28;85.4;85.25;85.4;411
USDRUBF;5;20250326;090500;85.39;85.4;85.23;85.28;280
USDRUBF;5;20250326;091000;85.3;85.38;85.26;85.32;299
USDRUBF;5;20250326;091500;85.31;85.39;85.31;85.35;206
USDRUBF;5;20250326;092000;85.37;85.46;85.32;85.46;482
USDRUBF;5;20250326;092500;85.46;85.46;85.43;85.44;170
USDRUBF;5;20250326;093000;85.43;85.46;85.39;85.4;159
USDRUBF;5;20250326;093500;85.4;85.42;85.29;85.34;250
USDRUBF;5;20250326;094000;85.31;85.35;85.29;85.29;123
USDRUBF;5;20250326;094500;85.31;85.31;85.25;85.26;122
USDRUBF;5;20250326;095000;85.26;85.26;85.17;85.23;282
USDRUBF;5;20250326;095500;85.23;85.27;85.17;85.19;150
USDRUBF;5;20250326;100000;85.19;85.37;85.1;85.26;1117
USDRUBF;5;20250326;100500;85.28;85.59;85.27;85.52;2563
USDRUBF;5;20250326;101000;85.53;85.73;85.49;85.59;1516
USDRUBF;5;20250326;101500;85.62;85.64;85.52;85.54;887
USDRUBF;5;20250326;102000;85.56;85.59;85.42;85.59;714
USDRUBF;5;20250326;102500;85.58;85.67;85.56;85.66;1025
USDRUBF;5;20250326;103000;85.65;85.71;85.51;85.54;708
USDRUBF;5;20250326;103500;85.56;85.56;85.39;85.42;1500
USDRUBF;5;20250326;104000;85.43;85.63;85.36;85.62;1447
USDRUBF;5;20250326;104500;85.63;85.73;85.55;85.62;1118
USDRUBF;5;20250326;105000;85.62;85.68;85.57;85.64;357
USDRUBF;5;20250326;105500;85.66;85.68;85.57;85.58;118
USDRUBF;5;20250326;110000;85.58;85.59;85.51;85.53;424
USDRUBF;5;20250326;110500;85.55;85.56;85.47;85.49;417
USDRUBF;5;20250326;111000;85.49;85.64;85.49;85.54;761
USDRUBF;5;20250326;111500;85.57;85.58;85.5;85.53;157
USDRUBF;5;20250326;112000;85.56;85.62;85.54;85.61;79
USDRUBF;5;20250326;112500;85.61;85.67;85.57;85.6;299
USDRUBF;5;20250326;113000;85.65;85.65;85.53;85.53;335
USDRUBF;5;20250326;113500;85.51;85.62;85.47;85.58;507
USDRUBF;5;20250326;114000;85.6;85.64;85.52;85.52;330
USDRUBF;5;20250326;114500;85.54;85.57;85.38;85.47;544
USDRUBF;5;20250326;115000;85.45;85.47;85.39;85.44;268
USDRUBF;5;20250326;115500;85.43;85.52;85.33;85.48;1212
USDRUBF;5;20250326;120000;85.48;85.57;85.46;85.55;517
USDRUBF;5;20250326;120500;85.55;85.63;85.55;85.6;607
USDRUBF;5;20250326;121000;85.6;85.63;85.49;85.49;359
USDRUBF;5;20250326;121500;85.48;85.57;85.46;85.57;125
USDRUBF;5;20250326;122000;85.57;85.57;85.51;85.54;74
USDRUBF;5;20250326;122500;85.53;85.55;85.5;85.51;65
USDRUBF;5;20250326;123000;85.53;85.58;85.51;85.51;296
USDRUBF;5;20250326;123500;85.53;85.55;85.5;85.51;216
USDRUBF;5;20250326;124000;85.54;85.55;85.39;85.46;597
USDRUBF;5;20250326;124500;85.45;85.51;85.41;85.45;284
USDRUBF;5;20250326;125000;85.43;85.44;85.39;85.44;637
USDRUBF;5;20250326;125500;85.43;85.53;85.43;85.49;908
USDRUBF;5;20250326;130000;85.5;85.52;85.47;85.49;325
USDRUBF;5;20250326;130500;85.5;85.53;85.49;85.53;121
USDRUBF;5;20250326;131000;85.54;85.63;85.51;85.61;292
USDRUBF;5;20250326;131500;85.61;85.64;85.51;85.53;566
USDRUBF;5;20250326;132000;85.55;85.58;85.47;85.5;351
USDRUBF;5;20250326;132500;85.5;85.57;85.49;85.55;183
USDRUBF;5;20250326;133000;85.53;85.61;85.52;85.59;247
USDRUBF;5;20250326;133500;85.57;85.58;85.53;85.58;75
USDRUBF;5;20250326;134000;85.58;85.58;85.53;85.53;195
USDRUBF;5;20250326;134500;85.55;85.58;85.47;85.58;639
USDRUBF;5;20250326;135000;85.59;85.62;85.55;85.6;436
USDRUBF;5;20250326;135500;85.6;85.63;85.56;85.59;206
USDRUBF;5;20250326;140500;85.61;85.75;85.61;85.7;1669
USDRUBF;5;20250326;141000;85.7;85.7;85.56;85.59;739
USDRUBF;5;20250326;141500;85.6;85.61;85.54;85.55;345
USDRUBF;5;20250326;142000;85.55;85.55;85.45;85.47;946
USDRUBF;5;20250326;142500;85.47;85.52;85.47;85.5;607
USDRUBF;5;20250326;143000;85.5;85.63;85.42;85.48;2306
USDRUBF;5;20250326;143500;85.48;85.54;85.4;85.4;1148
USDRUBF;5;20250326;144000;85.4;85.43;85.34;85.35;574
USDRUBF;5;20250326;144500;85.34;85.41;85.27;85.29;1256
USDRUBF;5;20250326;145000;85.28;85.35;85.28;85.28;660
USDRUBF;5;20250326;145500;85.29;85.37;85.21;85.24;930
USDRUBF;5;20250326;150000;85.24;85.28;85.16;85.23;1941
USDRUBF;5;20250326;150500;85.21;85.31;85.15;85.26;2664
USDRUBF;5;20250326;151000;85.26;85.38;85.24;85.29;1400
USDRUBF;5;20250326;151500;85.3;85.38;85.23;85.25;997
USDRUBF;5;20250326;152000;85.23;85.26;85.2;85.22;591
USDRUBF;5;20250326;152500;85.21;85.23;85.09;85.19;5428
USDRUBF;5;20250326;153000;85.19;85.19;85.14;85.18;1894
USDRUBF;5;20250326;153500;85.18;85.25;85.18;85.22;1726
USDRUBF;5;20250326;154000;85.2;85.27;85.13;85.21;3000
USDRUBF;5;20250326;154500;85.21;85.25;85.16;85.19;3749
USDRUBF;5;20250326;155000;85.19;85.26;85.18;85.23;563
USDRUBF;5;20250326;155500;85.23;85.44;85.22;85.3;1447
USDRUBF;5;20250326;160000;85.3;85.31;85.1;85.11;1023
USDRUBF;5;20250326;160500;85.13;85.18;85.07;85.07;708
USDRUBF;5;20250326;161000;85.07;85.13;85.07;85.09;286
USDRUBF;5;20250326;161500;85.08;85.13;85.07;85.11;141
USDRUBF;5;20250326;162000;85.09;85.17;85;85.07;1632
USDRUBF;5;20250326;162500;85.06;85.06;84.94;84.96;1823
USDRUBF;5;20250326;163000;84.95;85.06;84.93;84.97;1215
USDRUBF;5;20250326;163500;84.95;85.25;84.94;85.23;2156
USDRUBF;5;20250326;164000;85.21;85.25;85.18;85.19;848
USDRUBF;5;20250326;164500;85.19;85.25;85.17;85.19;1507
USDRUBF;5;20250326;165000;85.19;85.21;85.17;85.21;724
USDRUBF;5;20250326;165500;85.21;85.26;85.19;85.23;749
USDRUBF;5;20250326;170000;85.23;85.32;85.22;85.29;733
USDRUBF;5;20250326;170500;85.28;85.39;85.27;85.28;1148
USDRUBF;5;20250326;171000;85.29;85.32;85.25;85.28;797
USDRUBF;5;20250326;171500;85.28;85.29;85.22;85.22;315
USDRUBF;5;20250326;172000;85.22;85.22;85.13;85.13;545
USDRUBF;5;20250326;172500;85.14;85.23;85.14;85.22;325
USDRUBF;5;20250326;173000;85.2;85.45;85.2;85.4;1573
USDRUBF;5;20250326;173500;85.4;85.41;85.31;85.35;722
USDRUBF;5;20250326;174000;85.33;85.36;85.27;85.28;752
USDRUBF;5;20250326;174500;85.27;85.32;85.24;85.32;331
USDRUBF;5;20250326;175000;85.32;85.38;85.25;85.27;522
USDRUBF;5;20250326;175500;85.25;85.32;85.22;85.3;503
USDRUBF;5;20250326;180000;85.29;85.45;85.28;85.4;1736
USDRUBF;5;20250326;180500;85.4;85.41;85.34;85.35;709
USDRUBF;5;20250326;181000;85.33;85.33;85.25;85.29;254
USDRUBF;5;20250326;181500;85.28;85.3;85.23;85.24;500
USDRUBF;5;20250326;182000;85.24;85.25;85.18;85.21;493
USDRUBF;5;20250326;182500;85.21;85.31;85.21;85.29;265
USDRUBF;5;20250326;183000;85.26;85.3;85.23;85.3;167
USDRUBF;5;20250326;183500;85.29;85.3;85.21;85.21;348
USDRUBF;5;20250326;184000;85.21;85.21;85.1;85.13;943
USDRUBF;5;20250326;184500;85.13;85.16;85;85.05;1778
USDRUBF;5;20250326;190500;85.16;85.27;84.96;85.18;845
USDRUBF;5;20250326;191000;85.16;85.21;85.15;85.18;235
USDRUBF;5;20250326;191500;85.17;85.19;85.14;85.16;176
USDRUBF;5;20250326;192000;85.14;85.21;85.13;85.18;278
USDRUBF;5;20250326;192500;85.18;85.24;85.12;85.2;214
USDRUBF;5;20250326;193000;85.22;85.24;85.15;85.17;171
USDRUBF;5;20250326;193500;85.18;85.21;85.13;85.13;114
USDRUBF;5;20250326;194000;85.15;85.2;85.14;85.2;105
USDRUBF;5;20250326;194500;85.2;85.28;85.17;85.27;241
USDRUBF;5;20250326;195000;85.28;85.29;85.23;85.26;74
USDRUBF;5;20250326;195500;85.22;85.26;85.19;85.19;86
USDRUBF;5;20250326;200000;85.2;85.23;85.2;85.22;88
USDRUBF;5;20250326;200500;85.22;85.22;85.19;85.22;119
USDRUBF;5;20250326;201000;85.22;85.24;85.19;85.22;347
USDRUBF;5;20250326;201500;85.22;85.24;85.2;85.2;57
USDRUBF;5;20250326;202000;85.21;85.25;85.21;85.24;118
USDRUBF;5;20250326;202500;85.23;85.26;85.22;85.26;42
USDRUBF;5;20250326;203000;85.25;85.25;85.23;85.23;43
USDRUBF;5;20250326;203500;85.24;85.26;85.24;85.26;4
USDRUBF;5;20250326;204000;85.24;85.28;85.24;85.24;47
USDRUBF;5;20250326;204500;85.24;85.25;85.23;85.25;33
USDRUBF;5;20250326;205000;85.25;85.25;85.23;85.23;10
USDRUBF;5;20250326;205500;85.23;85.25;85.23;85.23;36
USDRUBF;5;20250326;210000;85.25;85.26;85.19;85.22;173
USDRUBF;5;20250326;210500;85.22;85.23;85.21;85.23;42
USDRUBF;5;20250326;211000;85.23;85.24;85.21;85.23;45
USDRUBF;5;20250326;211500;85.23;85.23;85.22;85.23;7
USDRUBF;5;20250326;212000;85.23;85.23;85.2;85.22;31
USDRUBF;5;20250326;212500;85.21;85.21;85.13;85.17;237
USDRUBF;5;20250326;213000;85.16;85.17;85.16;85.17;113
USDRUBF;5;20250326;213500;85.17;85.25;85.16;85.25;472
USDRUBF;5;20250326;214000;85.25;85.25;85.21;85.24;44
USDRUBF;5;20250326;214500;85.24;85.24;85.22;85.22;28
USDRUBF;5;20250326;215000;85.22;85.22;85.22;85.22;31
USDRUBF;5;20250326;215500;85.23;85.24;85.23;85.24;18
USDRUBF;5;20250326;220000;85.24;85.25;85.23;85.25;20
USDRUBF;5;20250326;220500;85.25;85.26;85.25;85.26;48
USDRUBF;5;20250326;221000;85.26;85.3;85.26;85.3;183
USDRUBF;5;20250326;221500;85.3;85.3;85.24;85.28;72
USDRUBF;5;20250326;222000;85.26;85.35;85.26;85.35;165
USDRUBF;5;20250326;222500;85.34;85.37;85.34;85.37;67
USDRUBF;5;20250326;223000;85.37;85.38;85.34;85.38;50
USDRUBF;5;20250326;223500;85.38;85.4;85.37;85.37;288
USDRUBF;5;20250326;224000;85.37;85.4;85.37;85.4;92
USDRUBF;5;20250326;224500;85.4;85.49;85.4;85.45;255
USDRUBF;5;20250326;225000;85.43;85.45;85.41;85.42;65
USDRUBF;5;20250326;225500;85.42;85.47;85.41;85.45;61
USDRUBF;5;20250326;230000;85.47;85.52;85.47;85.47;306
USDRUBF;5;20250326;230500;85.45;85.46;85.4;85.46;189
USDRUBF;5;20250326;231000;85.42;85.45;85.4;85.44;233
USDRUBF;5;20250326;231500;85.44;85.44;85.39;85.39;62
USDRUBF;5;20250326;232000;85.41;85.43;85.41;85.43;83
USDRUBF;5;20250326;232500;85.41;85.46;85.41;85.46;67
USDRUBF;5;20250326;233000;85.45;85.45;85.4;85.4;26
USDRUBF;5;20250326;233500;85.4;85.4;85.37;85.37;31
USDRUBF;5;20250326;234000;85.39;85.42;85.35;85.35;84
USDRUBF;5;20250326;234500;85.37;85.49;85.35;85.36;134
USDRUBF;5;20250327;090000;85.36;85.37;85.23;85.24;227
USDRUBF;5;20250327;090500;85.25;85.28;85.22;85.28;172
USDRUBF;5;20250327;091000;85.3;85.45;85.3;85.43;347
USDRUBF;5;20250327;091500;85.43;85.46;85.39;85.44;299
USDRUBF;5;20250327;092000;85.42;85.43;85.4;85.43;267
USDRUBF;5;20250327;092500;85.41;85.43;85.34;85.4;214
USDRUBF;5;20250327;093000;85.39;85.41;85.37;85.4;137
USDRUBF;5;20250327;093500;85.43;85.55;85.42;85.45;558
USDRUBF;5;20250327;094000;85.46;85.51;85.44;85.51;254
USDRUBF;5;20250327;094500;85.51;85.52;85.47;85.5;243
USDRUBF;5;20250327;095000;85.5;85.5;85.47;85.47;346
USDRUBF;5;20250327;095500;85.48;85.49;85.41;85.41;204
USDRUBF;5;20250327;100000;85.41;85.48;85.28;85.3;1130
USDRUBF;5;20250327;100500;85.27;85.3;85.22;85.3;1515
USDRUBF;5;20250327;101000;85.3;85.35;85.24;85.29;1015
USDRUBF;5;20250327;101500;85.28;85.32;85.25;85.25;307
USDRUBF;5;20250327;102000;85.25;85.32;85.22;85.32;1018
USDRUBF;5;20250327;102500;85.33;85.33;85.21;85.23;658
USDRUBF;5;20250327;103000;85.22;85.27;85.21;85.24;477
USDRUBF;5;20250327;103500;85.24;85.38;85.22;85.34;746
USDRUBF;5;20250327;104000;85.31;85.39;85.28;85.29;918
USDRUBF;5;20250327;104500;85.3;85.32;85.26;85.27;230
USDRUBF;5;20250327;105000;85.29;85.37;85.26;85.34;502
USDRUBF;5;20250327;105500;85.33;85.46;85.33;85.42;548
USDRUBF;5;20250327;110000;85.45;85.48;85.35;85.36;943
USDRUBF;5;20250327;110500;85.37;85.42;85.34;85.38;729
USDRUBF;5;20250327;111000;85.37;85.43;85.3;85.37;927
USDRUBF;5;20250327;111500;85.38;85.4;85.33;85.34;332
USDRUBF;5;20250327;112000;85.35;85.35;85.3;85.32;348
USDRUBF;5;20250327;112500;85.3;85.34;85.3;85.31;345
USDRUBF;5;20250327;113000;85.32;85.4;85.3;85.34;341
USDRUBF;5;20250327;113500;85.36;85.5;85.36;85.44;758
USDRUBF;5;20250327;114000;85.44;85.67;85.42;85.62;2869
USDRUBF;5;20250327;114500;85.62;85.77;85.62;85.73;2753
USDRUBF;5;20250327;115000;85.72;85.85;85.68;85.73;1907
USDRUBF;5;20250327;115500;85.73;85.74;85.63;85.66;1352
USDRUBF;5;20250327;120000;85.67;85.72;85.56;85.64;1115
USDRUBF;5;20250327;120500;85.65;85.65;85.57;85.59;315
USDRUBF;5;20250327;121000;85.59;85.64;85.53;85.56;989
USDRUBF;5;20250327;121500;85.58;85.58;85.52;85.54;409
USDRUBF;5;20250327;122000;85.53;85.57;85.52;85.55;977
USDRUBF;5;20250327;122500;85.54;85.55;85.5;85.54;1318
USDRUBF;5;20250327;123000;85.52;85.53;85.44;85.47;1049
USDRUBF;5;20250327;123500;85.46;85.49;85.43;85.43;325
USDRUBF;5;20250327;124000;85.44;85.46;85.38;85.4;550
USDRUBF;5;20250327;124500;85.4;85.44;85.37;85.41;914
USDRUBF;5;20250327;125000;85.41;85.44;85.38;85.38;184
USDRUBF;5;20250327;125500;85.4;85.47;85.38;85.47;387
USDRUBF;5;20250327;130000;85.47;85.5;85.44;85.47;620
USDRUBF;5;20250327;130500;85.47;85.54;85.46;85.51;571
USDRUBF;5;20250327;131000;85.49;85.51;85.45;85.45;460
USDRUBF;5;20250327;131500;85.46;85.49;85.42;85.49;501
USDRUBF;5;20250327;132000;85.47;85.48;85.37;85.42;891
USDRUBF;5;20250327;132500;85.41;85.41;85.33;85.36;472
USDRUBF;5;20250327;133000;85.36;85.37;85.32;85.34;166
USDRUBF;5;20250327;133500;85.34;85.35;85.26;85.26;928
USDRUBF;5;20250327;134000;85.26;85.3;85.2;85.22;971
USDRUBF;5;20250327;134500;85.21;85.23;85.12;85.17;1168
USDRUBF;5;20250327;135000;85.15;85.21;85.11;85.2;442
USDRUBF;5;20250327;135500;85.2;85.23;85.11;85.2;970
USDRUBF;5;20250327;140500;85.19;85.24;85.11;85.13;1133
USDRUBF;5;20250327;141000;85.12;85.12;85.02;85.03;1435
USDRUBF;5;20250327;141500;85.02;85.15;85.01;85.13;2326
USDRUBF;5;20250327;142000;85.1;85.12;85.02;85.12;272
USDRUBF;5;20250327;142500;85.09;85.14;85.03;85.12;983
USDRUBF;5;20250327;143000;85.14;85.26;85.1;85.18;1134
USDRUBF;5;20250327;143500;85.17;85.17;85.08;85.11;630
USDRUBF;5;20250327;144000;85.11;85.2;85.07;85.2;285
USDRUBF;5;20250327;144500;85.15;85.24;85.13;85.24;355
USDRUBF;5;20250327;145000;85.25;85.27;85.19;85.24;257
USDRUBF;5;20250327;145500;85.25;85.27;85.23;85.26;195
USDRUBF;5;20250327;150000;85.26;85.26;85.15;85.15;264
USDRUBF;5;20250327;150500;85.15;85.22;85.14;85.19;201
USDRUBF;5;20250327;151000;85.17;85.23;85.16;85.23;186
USDRUBF;5;20250327;151500;85.21;85.23;85.17;85.22;192
USDRUBF;5;20250327;152000;85.21;85.23;85.19;85.23;176
USDRUBF;5;20250327;152500;85.23;85.24;85.2;85.23;160
USDRUBF;5;20250327;153000;85.24;85.26;85.21;85.22;150
USDRUBF;5;20250327;153500;85.22;85.29;85.22;85.24;108
USDRUBF;5;20250327;154000;85.25;85.3;85.2;85.23;183
USDRUBF;5;20250327;154500;85.25;85.29;85.23;85.29;103
USDRUBF;5;20250327;155000;85.29;85.36;85.24;85.27;845
USDRUBF;5;20250327;155500;85.27;85.35;85.26;85.33;231
USDRUBF;5;20250327;160000;85.33;85.37;85.31;85.34;184
USDRUBF;5;20250327;160500;85.34;85.35;85.27;85.27;231
USDRUBF;5;20250327;161000;85.27;85.27;85.22;85.26;540
USDRUBF;5;20250327;161500;85.26;85.31;85.25;85.3;200
USDRUBF;5;20250327;162000;85.3;85.34;85.27;85.32;88
USDRUBF;5;20250327;162500;85.3;85.33;85.28;85.33;76
USDRUBF;5;20250327;163000;85.32;85.32;85.25;85.28;245
USDRUBF;5;20250327;163500;85.25;85.29;85.18;85.21;765
USDRUBF;5;20250327;164000;85.21;85.21;85.1;85.15;610
USDRUBF;5;20250327;164500;85.11;85.21;85.1;85.15;536
USDRUBF;5;20250327;165000;85.15;85.16;85.06;85.09;648
USDRUBF;5;20250327;165500;85.09;85.12;85.06;85.08;369
USDRUBF;5;20250327;170000;85.07;85.11;85.06;85.09;260
USDRUBF;5;20250327;170500;85.07;85.1;85;85.04;2131
USDRUBF;5;20250327;171000;85.05;85.11;85.03;85.11;1146
USDRUBF;5;20250327;171500;85.09;85.17;85.01;85.03;844
USDRUBF;5;20250327;172000;85.03;85.03;84.95;84.95;1107
USDRUBF;5;20250327;172500;84.95;85.04;84.94;84.97;655
USDRUBF;5;20250327;173000;84.97;85.04;84.76;84.82;3535
USDRUBF;5;20250327;173500;84.81;84.83;84.61;84.69;3731
USDRUBF;5;20250327;174000;84.7;84.83;84.61;84.68;2539
USDRUBF;5;20250327;174500;84.67;84.67;84.51;84.57;3287
USDRUBF;5;20250327;175000;84.56;84.59;84.42;84.51;2684
USDRUBF;5;20250327;175500;84.51;84.61;84.4;84.55;2819
USDRUBF;5;20250327;180000;84.54;84.73;84.51;84.68;2071
USDRUBF;5;20250327;180500;84.7;84.74;84.64;84.64;1428
USDRUBF;5;20250327;181000;84.67;84.67;84.56;84.66;494
USDRUBF;5;20250327;181500;84.66;84.73;84.57;84.64;992
USDRUBF;5;20250327;182000;84.63;84.66;84.59;84.61;300
USDRUBF;5;20250327;182500;84.61;84.63;84.56;84.59;510
USDRUBF;5;20250327;183000;84.59;84.59;84.49;84.55;672
USDRUBF;5;20250327;183500;84.55;84.6;84.54;84.59;217
USDRUBF;5;20250327;184000;84.59;84.68;84.58;84.64;277
USDRUBF;5;20250327;184500;84.65;84.7;84.65;84.7;537
USDRUBF;5;20250327;190500;84.64;84.83;84.64;84.77;538
USDRUBF;5;20250327;191000;84.78;84.8;84.73;84.76;283
USDRUBF;5;20250327;191500;84.75;84.8;84.75;84.78;142
USDRUBF;5;20250327;192000;84.8;84.8;84.77;84.77;89
USDRUBF;5;20250327;192500;84.77;84.84;84.76;84.84;306
USDRUBF;5;20250327;193000;84.83;84.92;84.8;84.92;568
USDRUBF;5;20250327;193500;84.92;84.93;84.83;84.87;708
USDRUBF;5;20250327;194000;84.9;84.92;84.83;84.88;374
USDRUBF;5;20250327;194500;84.89;84.9;84.82;84.86;290
USDRUBF;5;20250327;195000;84.87;84.93;84.86;84.91;460
USDRUBF;5;20250327;195500;84.91;84.92;84.88;84.9;102
USDRUBF;5;20250327;200000;84.88;84.9;84.85;84.85;183
USDRUBF;5;20250327;200500;84.85;84.9;84.82;84.88;224
USDRUBF;5;20250327;201000;84.87;84.88;84.85;84.88;73
USDRUBF;5;20250327;201500;84.85;84.86;84.82;84.85;125
USDRUBF;5;20250327;202000;84.84;84.88;84.76;84.77;114
USDRUBF;5;20250327;202500;84.77;84.85;84.75;84.85;234
USDRUBF;5;20250327;203000;84.84;84.85;84.82;84.84;89
USDRUBF;5;20250327;203500;84.83;84.84;84.81;84.83;19
USDRUBF;5;20250327;204000;84.82;84.82;84.76;84.78;67
USDRUBF;5;20250327;204500;84.76;84.78;84.73;84.77;73
USDRUBF;5;20250327;205000;84.78;84.78;84.72;84.78;153
USDRUBF;5;20250327;205500;84.79;84.79;84.75;84.77;24
USDRUBF;5;20250327;210000;84.77;84.79;84.75;84.79;68
USDRUBF;5;20250327;210500;84.76;84.77;84.75;84.75;66
USDRUBF;5;20250327;211000;84.75;84.75;84.68;84.69;372
USDRUBF;5;20250327;211500;84.7;84.71;84.7;84.71;53
USDRUBF;5;20250327;212000;84.71;84.78;84.71;84.77;163
USDRUBF;5;20250327;212500;84.74;84.79;84.74;84.77;141
USDRUBF;5;20250327;213000;84.78;84.81;84.78;84.78;106
USDRUBF;5;20250327;213500;84.81;84.84;84.8;84.82;133
USDRUBF;5;20250327;214000;84.82;84.83;84.79;84.81;73
USDRUBF;5;20250327;214500;84.81;84.81;84.77;84.78;58
USDRUBF;5;20250327;215000;84.78;84.79;84.78;84.79;10
USDRUBF;5;20250327;215500;84.76;84.81;84.76;84.8;102
USDRUBF;5;20250327;220000;84.8;84.87;84.77;84.82;527
USDRUBF;5;20250327;220500;84.82;84.88;84.82;84.86;314
USDRUBF;5;20250327;221000;84.87;84.87;84.85;84.86;41
USDRUBF;5;20250327;221500;84.85;84.87;84.85;84.86;5
USDRUBF;5;20250327;222000;84.86;84.87;84.84;84.84;34
USDRUBF;5;20250327;222500;84.84;84.87;84.84;84.87;151
USDRUBF;5;20250327;223000;84.87;84.87;84.84;84.84;169
USDRUBF;5;20250327;223500;84.85;84.87;84.84;84.87;169
USDRUBF;5;20250327;224000;84.87;84.88;84.85;84.86;32
USDRUBF;5;20250327;224500;84.84;84.87;84.84;84.84;10
USDRUBF;5;20250327;225000;84.84;84.88;84.84;84.86;65
USDRUBF;5;20250327;225500;84.87;84.88;84.85;84.87;25
USDRUBF;5;20250327;230000;84.87;84.9;84.86;84.86;134
USDRUBF;5;20250327;230500;84.88;84.88;84.88;84.88;1
USDRUBF;5;20250327;231000;84.88;84.89;84.86;84.86;110
USDRUBF;5;20250327;231500;84.86;84.87;84.84;84.87;21
USDRUBF;5;20250327;232000;84.85;84.87;84.83;84.86;60
USDRUBF;5;20250327;232500;84.86;84.87;84.86;84.86;14
USDRUBF;5;20250327;233000;84.85;84.9;84.84;84.9;118
USDRUBF;5;20250327;233500;84.9;84.91;84.9;84.91;49
USDRUBF;5;20250327;234000;84.91;84.91;84.79;84.86;150
USDRUBF;5;20250327;234500;84.82;84.9;84.81;84.87;118
USDRUBF;5;20250328;090000;84.85;84.94;84.71;84.84;809
USDRUBF;5;20250328;090500;84.84;84.88;84.79;84.82;375
USDRUBF;5;20250328;091000;84.82;84.86;84.73;84.75;264
USDRUBF;5;20250328;091500;84.79;84.88;84.75;84.87;249
USDRUBF;5;20250328;092000;84.86;84.86;84.83;84.86;91
USDRUBF;5;20250328;092500;84.86;84.89;84.84;84.85;344
USDRUBF;5;20250328;093000;84.87;84.89;84.85;84.86;220
USDRUBF;5;20250328;093500;84.87;84.9;84.85;84.85;449
USDRUBF;5;20250328;094000;84.85;84.89;84.83;84.87;168
USDRUBF;5;20250328;094500;84.87;84.87;84.84;84.84;23
USDRUBF;5;20250328;095000;84.87;84.88;84.85;84.85;10
USDRUBF;5;20250328;095500;84.85;84.9;84.85;84.87;157
USDRUBF;5;20250328;100000;84.86;84.98;84.84;84.85;1106
USDRUBF;5;20250328;100500;84.83;84.99;84.83;84.92;405
USDRUBF;5;20250328;101000;84.96;85.1;84.92;85.02;1134
USDRUBF;5;20250328;101500;85.03;85.04;84.84;84.95;1209
USDRUBF;5;20250328;102000;84.94;84.98;84.88;84.97;239
USDRUBF;5;20250328;102500;84.97;84.99;84.92;84.94;428
USDRUBF;5;20250328;103000;84.91;84.99;84.9;84.93;633
USDRUBF;5;20250328;103500;84.93;84.97;84.87;84.87;747
USDRUBF;5;20250328;104000;84.87;84.9;84.81;84.86;439
USDRUBF;5;20250328;104500;84.84;84.91;84.82;84.86;626
USDRUBF;5;20250328;105000;84.86;84.91;84.84;84.85;504
USDRUBF;5;20250328;105500;84.84;84.88;84.83;84.87;448
USDRUBF;5;20250328;110000;84.87;84.92;84.78;84.81;1424
USDRUBF;5;20250328;110500;84.8;84.84;84.79;84.84;276
USDRUBF;5;20250328;111000;84.85;84.85;84.77;84.77;697
USDRUBF;5;20250328;111500;84.78;84.79;84.74;84.75;762
USDRUBF;5;20250328;112000;84.75;84.78;84.72;84.76;417
USDRUBF;5;20250328;112500;84.75;84.77;84.56;84.63;2144
USDRUBF;5;20250328;113000;84.61;84.69;84.51;84.68;1167
USDRUBF;5;20250328;113500;84.66;84.76;84.61;84.74;446
USDRUBF;5;20250328;114000;84.76;84.82;84.72;84.75;455
USDRUBF;5;20250328;114500;84.76;84.88;84.76;84.83;484
USDRUBF;5;20250328;115000;84.87;84.89;84.83;84.89;266
USDRUBF;5;20250328;115500;84.87;84.87;84.81;84.84;220
USDRUBF;5;20250328;120000;84.82;84.92;84.82;84.9;472
USDRUBF;5;20250328;120500;84.9;84.92;84.87;84.89;149
USDRUBF;5;20250328;121000;84.89;84.89;84.83;84.85;404
USDRUBF;5;20250328;121500;84.87;84.91;84.86;84.87;291
USDRUBF;5;20250328;122000;84.89;84.92;84.88;84.89;310
USDRUBF;5;20250328;122500;84.91;84.96;84.88;84.94;229
USDRUBF;5;20250328;123000;84.95;85.07;84.95;85.03;1050
USDRUBF;5;20250328;123500;85.02;85.08;85;85.07;1236
USDRUBF;5;20250328;124000;85.08;85.1;85.01;85.02;791
USDRUBF;5;20250328;124500;85.01;85.1;84.92;84.97;2042
USDRUBF;5;20250328;125000;84.95;84.95;84.73;84.83;1908
USDRUBF;5;20250328;125500;84.82;85.01;84.78;84.96;352
USDRUBF;5;20250328;130000;84.96;84.96;84.83;84.88;427
USDRUBF;5;20250328;130500;84.88;84.99;84.87;84.99;545
USDRUBF;5;20250328;131000;84.98;85.13;84.98;85.04;1168
USDRUBF;5;20250328;131500;85.04;85.09;85.02;85.07;660
USDRUBF;5;20250328;132000;85.07;85.13;85.06;85.12;959
USDRUBF;5;20250328;132500;85.13;85.14;85.09;85.12;815
USDRUBF;5;20250328;133000;85.11;85.25;85.11;85.19;1456
USDRUBF;5;20250328;133500;85.21;85.31;85.2;85.27;1485
USDRUBF;5;20250328;134000;85.26;85.32;85.23;85.27;440
USDRUBF;5;20250328;134500;85.3;85.34;85.24;85.33;684
USDRUBF;5;20250328;135000;85.33;85.35;85.23;85.23;765
USDRUBF;5;20250328;135500;85.24;85.34;85.23;85.26;349
USDRUBF;5;20250328;140500;85.29;85.38;85.2;85.25;997
USDRUBF;5;20250328;141000;85.27;85.34;85.21;85.21;763
USDRUBF;5;20250328;141500;85.23;85.23;85.15;85.18;356
USDRUBF;5;20250328;142000;85.16;85.21;85.15;85.16;357
USDRUBF;5;20250328;142500;85.16;85.19;85.1;85.15;924
USDRUBF;5;20250328;143000;85.14;85.14;85.02;85.1;627
USDRUBF;5;20250328;143500;85.11;85.14;85.1;85.1;183
USDRUBF;5;20250328;144000;85.1;85.16;85.09;85.15;93
USDRUBF;5;20250328;144500;85.15;85.19;85.13;85.15;210
USDRUBF;5;20250328;145000;85.18;85.18;85.07;85.1;400
USDRUBF;5;20250328;145500;85.1;85.11;85.06;85.06;212
USDRUBF;5;20250328;150000;85.06;85.24;85.03;85.2;710
USDRUBF;5;20250328;150500;85.2;85.31;85.2;85.3;777
USDRUBF;5;20250328;151000;85.29;85.45;85.25;85.42;919
USDRUBF;5;20250328;151500;85.45;85.47;85.43;85.47;364
USDRUBF;5;20250328;152000;85.47;85.49;85.38;85.41;1399
USDRUBF;5;20250328;152500;85.4;85.47;85.4;85.46;637
USDRUBF;5;20250328;153000;85.46;85.7;85.45;85.66;2560
USDRUBF;5;20250328;153500;85.68;86.29;85.66;86.16;6168
USDRUBF;5;20250328;154000;86.17;86.26;86.01;86.17;3817
USDRUBF;5;20250328;154500;86.17;86.32;86.12;86.31;2109
USDRUBF;5;20250328;155000;86.31;86.57;86.28;86.46;4275
USDRUBF;5;20250328;155500;86.46;86.48;86.23;86.37;3943
USDRUBF;5;20250328;160000;86.37;86.57;86.32;86.33;3114
USDRUBF;5;20250328;160500;86.32;86.48;86.32;86.47;2154
USDRUBF;5;20250328;161000;86.47;86.7;86.38;86.7;3888
USDRUBF;5;20250328;161500;86.7;86.8;86.53;86.56;2945
USDRUBF;5;20250328;162000;86.55;86.67;86.43;86.45;2298
USDRUBF;5;20250328;162500;86.44;86.81;86.43;86.8;2913
USDRUBF;5;20250328;163000;86.79;86.87;86.73;86.81;4191
USDRUBF;5;20250328;163500;86.82;86.98;86.81;86.98;2560
USDRUBF;5;20250328;164000;86.95;86.98;86.68;86.7;2767
USDRUBF;5;20250328;164500;86.69;86.79;86.66;86.66;1548
USDRUBF;5;20250328;165000;86.7;86.84;86.67;86.81;1322
USDRUBF;5;20250328;165500;86.8;86.83;86.51;86.69;3329
USDRUBF;5;20250328;170000;86.67;86.74;86.66;86.69;1243
USDRUBF;5;20250328;170500;86.66;86.74;86.61;86.66;1553
USDRUBF;5;20250328;171000;86.68;86.68;86.61;86.66;873
USDRUBF;5;20250328;171500;86.65;86.85;86.64;86.85;2849
USDRUBF;5;20250328;172000;86.82;87.14;86.82;87.13;6742
USDRUBF;5;20250328;172500;87.12;87.18;86.94;87.02;3836
USDRUBF;5;20250328;173000;87;87.35;86.98;87.29;4596
USDRUBF;5;20250328;173500;87.3;87.54;87.26;87.33;6022
USDRUBF;5;20250328;174000;87.33;87.35;87.23;87.25;2420
USDRUBF;5;20250328;174500;87.26;87.32;87.17;87.23;1351
USDRUBF;5;20250328;175000;87.2;87.28;87.05;87.06;1409
USDRUBF;5;20250328;175500;87.07;87.24;87.05;87.1;1560
USDRUBF;5;20250328;180000;87.1;87.17;87.05;87.09;2096
USDRUBF;5;20250328;180500;87.1;87.28;87.07;87.22;1554
USDRUBF;5;20250328;181000;87.19;87.22;87.13;87.16;636
USDRUBF;5;20250328;181500;87.15;87.19;87.1;87.1;573
USDRUBF;5;20250328;182000;87.12;87.15;87.04;87.07;1569
USDRUBF;5;20250328;182500;87.06;87.12;87.05;87.08;466
USDRUBF;5;20250328;183000;87.08;87.13;87.08;87.08;768
USDRUBF;5;20250328;183500;87.08;87.3;87.07;87.1;1330
USDRUBF;5;20250328;184000;87.1;87.1;87.02;87.02;1828
USDRUBF;5;20250328;184500;87.03;87.05;87.01;87.01;1440
USDRUBF;5;20250328;190500;87.07;87.3;87.02;87.29;1505
USDRUBF;5;20250328;191000;87.26;87.26;87.15;87.18;558
USDRUBF;5;20250328;191500;87.18;87.28;87.13;87.28;540
USDRUBF;5;20250328;192000;87.28;87.3;87.21;87.23;331
USDRUBF;5;20250328;192500;87.23;87.28;87.22;87.25;268
USDRUBF;5;20250328;193000;87.27;87.34;87.23;87.3;500
USDRUBF;5;20250328;193500;87.3;87.31;87.24;87.24;239
USDRUBF;5;20250328;194000;87.22;87.26;87.21;87.22;111
USDRUBF;5;20250328;194500;87.26;87.26;87.21;87.23;169
USDRUBF;5;20250328;195000;87.22;87.26;87.2;87.22;260
USDRUBF;5;20250328;195500;87.23;87.27;87.23;87.27;92
USDRUBF;5;20250328;200000;87.24;87.25;87.18;87.21;233
USDRUBF;5;20250328;200500;87.21;87.21;87.17;87.18;90
USDRUBF;5;20250328;201000;87.2;87.21;87.18;87.21;49
USDRUBF;5;20250328;201500;87.2;87.23;87.19;87.23;155
USDRUBF;5;20250328;202000;87.23;87.28;87.22;87.27;473
USDRUBF;5;20250328;202500;87.27;87.27;87.2;87.2;94
USDRUBF;5;20250328;203000;87.21;87.47;87.2;87.43;959
USDRUBF;5;20250328;203500;87.43;87.47;87.34;87.46;666
USDRUBF;5;20250328;204000;87.45;87.47;87.37;87.39;144
USDRUBF;5;20250328;204500;87.39;87.46;87.39;87.41;282
USDRUBF;5;20250328;205000;87.41;87.42;87.32;87.36;262
USDRUBF;5;20250328;205500;87.36;87.4;87.33;87.4;317
USDRUBF;5;20250328;210000;87.38;87.44;87.37;87.43;119
USDRUBF;5;20250328;210500;87.41;87.55;87.38;87.51;1005
USDRUBF;5;20250328;211000;87.51;87.55;87.51;87.52;173
USDRUBF;5;20250328;211500;87.54;87.55;87.51;87.54;172
USDRUBF;5;20250328;212000;87.55;87.59;87.52;87.54;522
USDRUBF;5;20250328;212500;87.54;87.58;87.54;87.57;135
USDRUBF;5;20250328;213000;87.55;87.65;87.55;87.59;993
USDRUBF;5;20250328;213500;87.59;87.62;87.5;87.53;356
USDRUBF;5;20250328;214000;87.51;87.58;87.45;87.55;768
USDRUBF;5;20250328;214500;87.55;87.58;87.43;87.45;152
USDRUBF;5;20250328;215000;87.45;87.5;87.35;87.41;306
USDRUBF;5;20250328;215500;87.41;87.43;87.38;87.4;90
USDRUBF;5;20250328;220000;87.42;87.51;87.39;87.49;205
USDRUBF;5;20250328;220500;87.5;87.6;87.5;87.6;244
USDRUBF;5;20250328;221000;87.6;87.6;87.45;87.48;319
USDRUBF;5;20250328;221500;87.44;87.46;87.41;87.42;93
USDRUBF;5;20250328;222000;87.41;87.42;87.33;87.36;355
USDRUBF;5;20250328;222500;87.38;87.41;87.36;87.4;188
USDRUBF;5;20250328;223000;87.4;87.4;87.37;87.39;76
USDRUBF;5;20250328;223500;87.37;87.4;87.33;87.37;217
USDRUBF;5;20250328;224000;87.35;87.36;87.33;87.36;118
USDRUBF;5;20250328;224500;87.35;87.37;87.33;87.35;126
USDRUBF;5;20250328;225000;87.37;87.4;87.36;87.38;42
USDRUBF;5;20250328;225500;87.36;87.39;87.35;87.36;46
USDRUBF;5;20250328;230000;87.36;87.38;87.35;87.36;100
USDRUBF;5;20250328;230500;87.35;87.37;87.33;87.34;105
USDRUBF;5;20250328;231000;87.34;87.35;87.28;87.28;146
USDRUBF;5;20250328;231500;87.28;87.34;87.28;87.28;55
USDRUBF;5;20250328;232000;87.27;87.38;87.26;87.33;300
USDRUBF;5;20250328;232500;87.33;87.39;87.3;87.38;215
USDRUBF;5;20250328;233000;87.38;87.39;87.32;87.38;106
USDRUBF;5;20250328;233500;87.37;87.43;87.31;87.36;353
USDRUBF;5;20250328;234000;87.35;87.38;87.3;87.3;54
USDRUBF;5;20250328;234500;87.33;87.39;87.31;87.32;130
USDRUBF;5;20250331;090000;87.5;87.77;87.45;87.58;1831
USDRUBF;5;20250331;090500;87.58;87.61;87.45;87.6;955
USDRUBF;5;20250331;091000;87.61;87.64;87.49;87.56;597
USDRUBF;5;20250331;091500;87.52;87.61;87.47;87.5;820
USDRUBF;5;20250331;092000;87.5;87.62;87.49;87.62;552
USDRUBF;5;20250331;092500;87.63;87.85;87.63;87.83;988
USDRUBF;5;20250331;093000;87.84;87.86;87.65;87.76;454
USDRUBF;5;20250331;093500;87.76;87.83;87.75;87.75;517
USDRUBF;5;20250331;094000;87.75;87.76;87.67;87.67;215
USDRUBF;5;20250331;094500;87.67;87.76;87.67;87.76;218
USDRUBF;5;20250331;095000;87.76;87.87;87.75;87.87;989
USDRUBF;5;20250331;095500;87.85;88.05;87.83;87.86;1254
USDRUBF;5;20250331;100000;87.9;88.01;87.58;87.68;2619
USDRUBF;5;20250331;100500;87.68;87.78;87.48;87.66;2337
USDRUBF;5;20250331;101000;87.66;87.9;87.62;87.71;2541
USDRUBF;5;20250331;101500;87.7;88.04;87.67;87.78;1795
USDRUBF;5;20250331;102000;87.79;87.82;87.69;87.7;540
USDRUBF;5;20250331;102500;87.71;87.8;87.66;87.72;700
USDRUBF;5;20250331;103000;87.69;87.7;87.45;87.47;3220
USDRUBF;5;20250331;103500;87.47;87.72;87.41;87.71;13911
USDRUBF;5;20250331;104000;87.69;87.77;87.6;87.6;1084
USDRUBF;5;20250331;104500;87.61;87.66;87.18;87.28;2145
USDRUBF;5;20250331;105000;87.28;87.29;87.2;87.26;600
USDRUBF;5;20250331;105500;87.26;87.29;87.2;87.21;724
USDRUBF;5;20250331;110000;87.21;87.38;87.17;87.35;1013
USDRUBF;5;20250331;110500;87.35;87.4;87.29;87.36;956
USDRUBF;5;20250331;111000;87.35;87.35;87.11;87.11;1311
USDRUBF;5;20250331;111500;87.13;87.33;87.06;87.29;1316
USDRUBF;5;20250331;112000;87.29;87.38;87.21;87.36;726
USDRUBF;5;20250331;112500;87.36;87.45;87.31;87.35;552
USDRUBF;5;20250331;113000;87.34;87.41;87.25;87.28;718
USDRUBF;5;20250331;113500;87.27;87.48;87.27;87.45;1031
USDRUBF;5;20250331;114000;87.46;87.49;87.41;87.47;427
USDRUBF;5;20250331;114500;87.47;87.48;87.28;87.34;1006
USDRUBF;5;20250331;115000;87.31;87.35;87.23;87.23;374
USDRUBF;5;20250331;115500;87.24;87.29;87.14;87.29;1357
USDRUBF;5;20250331;120000;87.27;87.35;87.21;87.3;1757
USDRUBF;5;20250331;120500;87.3;87.43;87.29;87.4;781
USDRUBF;5;20250331;121000;87.41;87.46;87.37;87.37;675
USDRUBF;5;20250331;121500;87.37;87.42;87.28;87.4;1459
USDRUBF;5;20250331;122000;87.4;87.44;87.37;87.39;573
USDRUBF;5;20250331;122500;87.39;87.44;87.32;87.41;985
USDRUBF;5;20250331;123000;87.41;87.53;87.34;87.34;945
USDRUBF;5;20250331;123500;87.33;87.58;87.32;87.52;718
USDRUBF;5;20250331;124000;87.49;87.56;87.48;87.49;707
USDRUBF;5;20250331;124500;87.51;87.54;87.46;87.51;179
USDRUBF;5;20250331;125000;87.48;87.49;87.31;87.31;935
USDRUBF;5;20250331;125500;87.31;87.36;87.23;87.23;437
USDRUBF;5;20250331;130000;87.22;87.27;87.17;87.21;478
USDRUBF;5;20250331;130500;87.22;87.23;87.03;87.04;2281
USDRUBF;5;20250331;131000;87.03;87.05;86.91;86.93;3437
USDRUBF;5;20250331;131500;86.92;86.93;86.87;86.91;1460
USDRUBF;5;20250331;132000;86.9;86.94;86.88;86.92;2346
USDRUBF;5;20250331;132500;86.91;86.91;86.86;86.87;289
USDRUBF;5;20250331;133000;86.87;86.87;86.68;86.71;2968
USDRUBF;5;20250331;133500;86.69;86.74;86.63;86.72;1344
USDRUBF;5;20250331;134000;86.72;86.8;86.67;86.72;509
USDRUBF;5;20250331;134500;86.71;86.78;86.64;86.73;508
USDRUBF;5;20250331;135000;86.75;86.96;86.75;86.87;1323
USDRUBF;5;20250331;135500;86.89;86.99;86.86;86.9;341
USDRUBF;5;20250331;140500;86.91;86.91;86.72;86.85;663
USDRUBF;5;20250331;141000;86.86;86.88;86.79;86.88;904
USDRUBF;5;20250331;141500;86.88;86.91;86.79;86.85;433
USDRUBF;5;20250331;142000;86.83;86.84;86.76;86.83;244
USDRUBF;5;20250331;142500;86.83;86.87;86.77;86.8;249
USDRUBF;5;20250331;143000;86.78;86.85;86.69;86.81;543
USDRUBF;5;20250331;143500;86.81;86.83;86.73;86.75;384
USDRUBF;5;20250331;144000;86.78;86.85;86.76;86.81;305
USDRUBF;5;20250331;144500;86.8;86.81;86.69;86.69;282
USDRUBF;5;20250331;145000;86.66;86.69;86.56;86.62;872
USDRUBF;5;20250331;145500;86.62;86.66;86.61;86.63;436
USDRUBF;5;20250331;150000;86.64;86.68;86.55;86.68;967
USDRUBF;5;20250331;150500;86.69;86.8;86.66;86.78;897
USDRUBF;5;20250331;151000;86.77;86.77;86.71;86.75;438
USDRUBF;5;20250331;151500;86.79;87.09;86.79;87.09;945
USDRUBF;5;20250331;152000;87.1;87.22;86.95;86.99;1190
USDRUBF;5;20250331;152500;86.97;87.13;86.96;87.13;813
USDRUBF;5;20250331;153000;87.13;87.15;86.96;87;885
USDRUBF;5;20250331;153500;86.99;87.02;86.86;87.02;625
USDRUBF;5;20250331;154000;87.04;87.07;86.93;86.96;394
USDRUBF;5;20250331;154500;86.95;87.05;86.95;87.01;440
USDRUBF;5;20250331;155000;86.98;87;86.9;86.93;289
USDRUBF;5;20250331;155500;86.91;87.01;86.88;86.98;391
USDRUBF;5;20250331;160000;86.99;86.99;86.78;86.81;483
USDRUBF;5;20250331;160500;86.82;86.84;86.71;86.81;721
USDRUBF;5;20250331;161000;86.79;86.83;86.77;86.77;143
USDRUBF;5;20250331;161500;86.79;86.92;86.76;86.84;892
USDRUBF;5;20250331;162000;86.84;87.04;86.8;86.89;527
USDRUBF;5;20250331;162500;86.93;86.93;86.72;86.86;561
USDRUBF;5;20250331;163000;86.84;86.91;86.79;86.87;204
USDRUBF;5;20250331;163500;86.89;86.89;86.82;86.86;117
USDRUBF;5;20250331;164000;86.83;86.92;86.83;86.83;98
USDRUBF;5;20250331;164500;86.82;86.87;86.8;86.81;71
USDRUBF;5;20250331;165000;86.81;86.94;86.8;86.93;302
USDRUBF;5;20250331;165500;86.94;87.05;86.86;87.04;537
USDRUBF;5;20250331;170000;87.03;87.1;86.91;86.91;2452
USDRUBF;5;20250331;170500;86.93;86.96;86.89;86.96;206
USDRUBF;5;20250331;171000;86.94;86.98;86.9;86.92;1247
USDRUBF;5;20250331;171500;86.92;86.97;86.89;86.94;2534
USDRUBF;5;20250331;172000;86.95;87.29;86.9;87.27;2577
USDRUBF;5;20250331;172500;87.27;87.35;87.22;87.34;1372
USDRUBF;5;20250331;173000;87.34;87.4;87.28;87.3;2181
USDRUBF;5;20250331;173500;87.36;87.37;87.22;87.32;1022
USDRUBF;5;20250331;174000;87.31;87.47;87.28;87.45;561
USDRUBF;5;20250331;174500;87.43;87.46;87.22;87.24;1294
USDRUBF;5;20250331;175000;87.23;87.29;87.09;87.25;678
USDRUBF;5;20250331;175500;87.23;87.25;87.16;87.2;492
USDRUBF;5;20250331;180000;87.2;87.28;87.18;87.23;449
USDRUBF;5;20250331;180500;87.23;87.25;87.05;87.12;1082
USDRUBF;5;20250331;181000;87.09;87.13;86.92;86.92;591
USDRUBF;5;20250331;181500;86.93;87.02;86.86;87.02;981
USDRUBF;5;20250331;182000;87.02;87.08;86.87;86.92;584
USDRUBF;5;20250331;182500;86.93;86.94;86.82;86.82;444
USDRUBF;5;20250331;183000;86.82;87.01;86.82;86.9;927
USDRUBF;5;20250331;183500;86.92;86.97;86.91;86.93;78
USDRUBF;5;20250331;184000;86.93;86.96;86.85;86.9;685
USDRUBF;5;20250331;184500;86.9;86.93;86.78;86.79;406
USDRUBF;5;20250331;190500;86.75;87.02;86.75;87.01;1175
USDRUBF;5;20250331;191000;87.03;87.03;86.93;86.98;625
USDRUBF;5;20250331;191500;86.99;87.09;86.93;87.06;731
USDRUBF;5;20250331;192000;87.08;87.14;87;87.05;717
USDRUBF;5;20250331;192500;87.05;87.11;87.05;87.08;56
USDRUBF;5;20250331;193000;87.11;87.11;87.07;87.07;33
USDRUBF;5;20250331;193500;87.06;87.08;87.05;87.08;50
USDRUBF;5;20250331;194000;87.07;87.08;87.05;87.06;48
USDRUBF;5;20250331;194500;87.07;87.1;87.06;87.07;76
USDRUBF;5;20250331;195000;87.06;87.08;87.02;87.08;50
USDRUBF;5;20250331;195500;87.08;87.08;86.91;86.97;314
USDRUBF;5;20250331;200000;86.93;86.98;86.89;86.94;128
USDRUBF;5;20250331;200500;86.93;86.93;86.86;86.87;86
USDRUBF;5;20250331;201000;86.86;86.91;86.82;86.91;129
USDRUBF;5;20250331;201500;86.91;86.92;86.89;86.92;44
USDRUBF;5;20250331;202000;86.9;87.04;86.83;86.96;498
USDRUBF;5;20250331;202500;86.98;86.98;86.87;86.89;97
USDRUBF;5;20250331;203000;86.87;86.9;86.82;86.87;206
USDRUBF;5;20250331;203500;86.85;86.89;86.84;86.89;82
USDRUBF;5;20250331;204000;86.89;86.89;86.85;86.85;42
USDRUBF;5;20250331;204500;86.88;86.9;86.78;86.81;533
USDRUBF;5;20250331;205000;86.82;86.82;86.75;86.78;296
USDRUBF;5;20250331;205500;86.76;86.8;86.55;86.66;1947
USDRUBF;5;20250331;210000;86.64;86.73;86.62;86.73;318
USDRUBF;5;20250331;210500;86.74;86.78;86.74;86.77;182
USDRUBF;5;20250331;211000;86.75;86.78;86.73;86.73;208
USDRUBF;5;20250331;211500;86.77;86.79;86.74;86.79;88
USDRUBF;5;20250331;212000;86.8;86.82;86.75;86.77;121
USDRUBF;5;20250331;212500;86.78;86.8;86.77;86.8;49
USDRUBF;5;20250331;213000;86.81;86.85;86.8;86.82;178
USDRUBF;5;20250331;213500;86.82;86.84;86.8;86.81;94
USDRUBF;5;20250331;214000;86.83;86.86;86.83;86.83;49
USDRUBF;5;20250331;214500;86.81;86.84;86.81;86.82;17
USDRUBF;5;20250331;215000;86.84;86.94;86.84;86.87;159
USDRUBF;5;20250331;215500;86.88;86.94;86.88;86.92;71
USDRUBF;5;20250331;220000;86.91;86.91;86.88;86.9;47
USDRUBF;5;20250331;220500;86.91;86.98;86.91;86.93;84
USDRUBF;5;20250331;221000;86.92;86.95;86.91;86.93;65
USDRUBF;5;20250331;221500;86.92;86.95;86.92;86.95;30
USDRUBF;5;20250331;222000;86.95;86.95;86.95;86.95;10
USDRUBF;5;20250331;222500;86.95;86.97;86.95;86.95;30
USDRUBF;5;20250331;223000;86.93;86.96;86.93;86.93;3
USDRUBF;5;20250331;223500;86.94;86.96;86.88;86.93;249
USDRUBF;5;20250331;224000;86.93;86.93;86.87;86.92;46
USDRUBF;5;20250331;224500;86.9;86.91;86.9;86.91;6
USDRUBF;5;20250331;225000;86.87;86.89;86.86;86.89;21
USDRUBF;5;20250331;225500;86.88;86.9;86.87;86.9;44
USDRUBF;5;20250331;230000;86.91;86.95;86.91;86.91;83
USDRUBF;5;20250331;230500;86.91;86.91;86.89;86.91;20
USDRUBF;5;20250331;231000;86.91;86.93;86.89;86.91;127
USDRUBF;5;20250331;231500;86.91;86.92;86.91;86.92;13
USDRUBF;5;20250331;232000;86.96;86.98;86.94;86.94;35
USDRUBF;5;20250331;232500;86.98;86.99;86.92;86.92;125
USDRUBF;5;20250331;233000;86.96;86.98;86.94;86.94;78
USDRUBF;5;20250331;233500;86.95;86.98;86.95;86.98;53
USDRUBF;5;20250331;234000;86.95;86.98;86.93;86.97;156
USDRUBF;5;20250331;234500;86.97;87;86.95;86.96;107
USDRUBF;5;20250401;090000;87;87.14;86.93;86.96;379
USDRUBF;5;20250401;090500;86.96;86.99;86.93;86.99;147
USDRUBF;5;20250401;091000;86.98;86.99;86.96;86.98;193
USDRUBF;5;20250401;091500;86.96;86.96;86.92;86.93;44
USDRUBF;5;20250401;092000;86.94;86.96;86.93;86.94;157
USDRUBF;5;20250401;092500;86.93;86.98;86.93;86.98;103
USDRUBF;5;20250401;093000;86.98;87.01;86.97;87.01;46
USDRUBF;5;20250401;093500;87;87.02;86.99;87.02;40
USDRUBF;5;20250401;094000;87.02;87.1;87.02;87.1;148
USDRUBF;5;20250401;094500;87.1;87.11;87.05;87.07;75
USDRUBF;5;20250401;095000;87.05;87.14;87.05;87.06;174
USDRUBF;5;20250401;095500;87.06;87.08;87;87.04;193
USDRUBF;5;20250401;100000;87.04;87.1;86.87;86.93;1161
USDRUBF;5;20250401;100500;86.91;86.95;86.7;86.7;917
USDRUBF;5;20250401;101000;86.69;86.69;86.42;86.51;2077
USDRUBF;5;20250401;101500;86.52;86.57;86.31;86.44;1357
USDRUBF;5;20250401;102000;86.43;86.52;86.4;86.52;1020
USDRUBF;5;20250401;102500;86.52;86.55;86.41;86.41;382
USDRUBF;5;20250401;103000;86.41;86.45;86.35;86.45;663
USDRUBF;5;20250401;103500;86.43;86.53;86.4;86.48;447
USDRUBF;5;20250401;104000;86.48;86.55;86.42;86.49;299
USDRUBF;5;20250401;104500;86.49;86.49;86.36;86.41;905
USDRUBF;5;20250401;105000;86.41;86.54;86.32;86.53;847
USDRUBF;5;20250401;105500;86.53;86.66;86.53;86.61;875
USDRUBF;5;20250401;110000;86.6;86.6;86.41;86.48;1367
USDRUBF;5;20250401;110500;86.48;86.52;86.37;86.37;1217
USDRUBF;5;20250401;111000;86.38;86.49;86.36;86.45;586
USDRUBF;5;20250401;111500;86.44;86.52;86.42;86.5;197
USDRUBF;5;20250401;112000;86.5;86.5;86.27;86.37;613
USDRUBF;5;20250401;112500;86.37;86.38;86.33;86.34;411
USDRUBF;5;20250401;113000;86.36;86.43;86.34;86.34;229
USDRUBF;5;20250401;113500;86.35;86.53;86.29;86.46;726
USDRUBF;5;20250401;114000;86.44;86.47;86.32;86.36;381
USDRUBF;5;20250401;114500;86.34;86.36;86.25;86.28;588
USDRUBF;5;20250401;115000;86.27;86.28;86.19;86.25;1080
USDRUBF;5;20250401;115500;86.23;86.39;86.21;86.39;612
USDRUBF;5;20250401;120000;86.35;86.35;86.29;86.33;156
USDRUBF;5;20250401;120500;86.33;86.33;86.23;86.29;269
USDRUBF;5;20250401;121000;86.29;86.32;86.23;86.24;99
USDRUBF;5;20250401;121500;86.22;86.27;86.2;86.21;269
USDRUBF;5;20250401;122000;86.22;86.24;86.2;86.2;174
USDRUBF;5;20250401;122500;86.2;86.29;86.17;86.27;1399
USDRUBF;5;20250401;123000;86.27;86.34;86.24;86.29;609
USDRUBF;5;20250401;123500;86.31;86.32;86.26;86.28;262
USDRUBF;5;20250401;124000;86.28;86.29;86.22;86.27;349
USDRUBF;5;20250401;124500;86.29;86.34;86.23;86.24;619
USDRUBF;5;20250401;125000;86.25;86.26;86.18;86.21;566
USDRUBF;5;20250401;125500;86.21;86.25;86.18;86.23;536
USDRUBF;5;20250401;130000;86.23;86.27;86.18;86.27;323
USDRUBF;5;20250401;130500;86.27;86.36;86.25;86.35;529
USDRUBF;5;20250401;131000;86.35;86.37;86.27;86.33;755
USDRUBF;5;20250401;131500;86.31;86.33;86.27;86.27;295
USDRUBF;5;20250401;132000;86.3;86.34;86.27;86.28;760
USDRUBF;5;20250401;132500;86.27;86.35;86.27;86.34;985
USDRUBF;5;20250401;133000;86.34;86.4;86.29;86.29;1364
USDRUBF;5;20250401;133500;86.3;86.36;86.29;86.33;343
USDRUBF;5;20250401;134000;86.33;86.33;86.25;86.28;407
USDRUBF;5;20250401;134500;86.28;86.31;86.27;86.31;342
USDRUBF;5;20250401;135000;86.3;86.36;86.3;86.33;105
USDRUBF;5;20250401;135500;86.31;86.44;86.28;86.36;276
USDRUBF;5;20250401;140500;86.39;86.44;86.35;86.44;158
USDRUBF;5;20250401;141000;86.44;86.5;86.44;86.49;443
USDRUBF;5;20250401;141500;86.5;86.55;86.4;86.41;837
USDRUBF;5;20250401;142000;86.43;86.51;86.41;86.48;213
USDRUBF;5;20250401;142500;86.47;86.5;86.4;86.47;305
USDRUBF;5;20250401;143000;86.48;86.52;86.47;86.49;254
USDRUBF;5;20250401;143500;86.51;86.55;86.5;86.5;347
USDRUBF;5;20250401;144000;86.51;86.53;86.46;86.5;312
USDRUBF;5;20250401;144500;86.53;86.54;86.44;86.51;200
USDRUBF;5;20250401;145000;86.52;86.54;86.5;86.54;248
USDRUBF;5;20250401;145500;86.53;86.54;86.49;86.52;486
USDRUBF;5;20250401;150000;86.52;86.53;86.47;86.5;634
USDRUBF;5;20250401;150500;86.49;86.5;86.4;86.49;555
USDRUBF;5;20250401;151000;86.49;86.5;86.4;86.48;751
USDRUBF;5;20250401;151500;86.45;86.49;86.38;86.46;183
USDRUBF;5;20250401;152000;86.44;86.47;86.38;86.45;611
USDRUBF;5;20250401;152500;86.45;86.5;86.43;86.5;498
USDRUBF;5;20250401;153000;86.5;86.54;86.46;86.51;742
USDRUBF;5;20250401;153500;86.5;86.51;86.45;86.47;479
USDRUBF;5;20250401;154000;86.44;86.49;86.44;86.48;387
USDRUBF;5;20250401;154500;86.48;86.48;86.44;86.47;145
USDRUBF;5;20250401;155000;86.48;86.5;86.42;86.42;90
USDRUBF;5;20250401;155500;86.44;86.46;86.41;86.43;70
USDRUBF;5;20250401;160000;86.42;86.44;86.28;86.28;784
USDRUBF;5;20250401;160500;86.28;86.33;86.27;86.32;206
USDRUBF;5;20250401;161000;86.32;86.32;86.28;86.31;24
USDRUBF;5;20250401;161500;86.32;86.39;86.32;86.36;426
USDRUBF;5;20250401;162000;86.37;86.38;86.15;86.18;1318
USDRUBF;5;20250401;162500;86.15;86.2;85.95;86.05;3867
USDRUBF;5;20250401;163000;86.05;86.09;85.94;86.06;1321
USDRUBF;5;20250401;163500;86.06;86.13;86.02;86.03;1737
USDRUBF;5;20250401;164000;86.03;86.07;85.9;86.06;1473
USDRUBF;5;20250401;164500;86.05;86.09;85.94;86.05;1296
USDRUBF;5;20250401;165000;86.04;86.07;86;86.03;327
USDRUBF;5;20250401;165500;86.05;86.05;85.85;85.86;765
USDRUBF;5;20250401;170000;85.86;85.95;85.84;85.89;894
USDRUBF;5;20250401;170500;85.9;85.91;85.76;85.82;1999
USDRUBF;5;20250401;171000;85.79;85.83;85.75;85.83;1361
USDRUBF;5;20250401;171500;85.82;85.9;85.82;85.83;435
USDRUBF;5;20250401;172000;85.83;85.83;85.74;85.74;565
USDRUBF;5;20250401;172500;85.74;85.75;85.69;85.7;799
USDRUBF;5;20250401;173000;85.72;85.78;85.71;85.74;617
USDRUBF;5;20250401;173500;85.72;85.74;85.58;85.61;1730
USDRUBF;5;20250401;174000;85.62;85.72;85.61;85.71;646
USDRUBF;5;20250401;174500;85.69;85.75;85.68;85.71;883
USDRUBF;5;20250401;175000;85.72;85.72;85.56;85.67;750
USDRUBF;5;20250401;175500;85.65;85.67;85.59;85.64;345
USDRUBF;5;20250401;180000;85.62;85.66;85.59;85.66;271
USDRUBF;5;20250401;180500;85.66;85.69;85.59;85.61;360
USDRUBF;5;20250401;181000;85.62;85.63;85.53;85.53;626
USDRUBF;5;20250401;181500;85.54;85.64;85.52;85.52;1075
USDRUBF;5;20250401;182000;85.53;85.56;85.51;85.54;489
USDRUBF;5;20250401;182500;85.54;85.56;85.5;85.5;850
USDRUBF;5;20250401;183000;85.5;85.58;85.42;85.47;1748
USDRUBF;5;20250401;183500;85.46;85.51;85.43;85.45;389
USDRUBF;5;20250401;184000;85.44;85.46;85.41;85.43;532
USDRUBF;5;20250401;184500;85.43;85.51;85.41;85.45;267
USDRUBF;5;20250401;190500;85.5;85.68;85.5;85.54;1016
USDRUBF;5;20250401;191000;85.54;85.54;85.45;85.54;676
USDRUBF;5;20250401;191500;85.54;85.56;85.49;85.51;135
USDRUBF;5;20250401;192000;85.53;85.54;85.5;85.53;136
USDRUBF;5;20250401;192500;85.52;85.57;85.5;85.55;307
USDRUBF;5;20250401;193000;85.56;85.67;85.56;85.62;317
USDRUBF;5;20250401;193500;85.62;85.64;85.6;85.63;170
USDRUBF;5;20250401;194000;85.62;85.73;85.62;85.69;683
USDRUBF;5;20250401;194500;85.67;85.74;85.67;85.74;285
USDRUBF;5;20250401;195000;85.74;85.74;85.69;85.69;303
USDRUBF;5;20250401;195500;85.69;85.71;85.66;85.66;159
USDRUBF;5;20250401;200000;85.66;85.69;85.63;85.69;105
USDRUBF;5;20250401;200500;85.69;85.71;85.69;85.7;67
USDRUBF;5;20250401;201000;85.69;85.71;85.67;85.68;41
USDRUBF;5;20250401;201500;85.7;85.72;85.69;85.72;50
USDRUBF;5;20250401;202000;85.72;85.74;85.71;85.73;296
USDRUBF;5;20250401;202500;85.72;85.73;85.71;85.71;102
USDRUBF;5;20250401;203000;85.71;85.72;85.71;85.71;51
USDRUBF;5;20250401;203500;85.71;85.72;85.71;85.72;10
USDRUBF;5;20250401;204000;85.72;85.73;85.71;85.71;73
USDRUBF;5;20250401;204500;85.72;85.74;85.7;85.72;169
USDRUBF;5;20250401;205000;85.73;85.8;85.72;85.8;474
USDRUBF;5;20250401;205500;85.8;85.84;85.71;85.75;508
USDRUBF;5;20250401;210000;85.73;85.79;85.73;85.76;148
USDRUBF;5;20250401;210500;85.75;85.77;85.74;85.76;40
USDRUBF;5;20250401;211000;85.75;85.76;85.71;85.71;160
USDRUBF;5;20250401;211500;85.72;85.74;85.64;85.68;160
USDRUBF;5;20250401;212000;85.64;85.68;85.55;85.58;232
USDRUBF;5;20250401;212500;85.56;85.67;85.56;85.67;186
USDRUBF;5;20250401;213000;85.67;85.67;85.58;85.58;106
USDRUBF;5;20250401;213500;85.62;85.62;85.53;85.58;184
USDRUBF;5;20250401;214000;85.59;85.59;85.54;85.57;76
USDRUBF;5;20250401;214500;85.58;85.62;85.56;85.59;230
USDRUBF;5;20250401;215000;85.59;85.66;85.58;85.62;465
USDRUBF;5;20250401;215500;85.63;85.69;85.6;85.68;237
USDRUBF;5;20250401;220000;85.68;85.76;85.65;85.72;292
USDRUBF;5;20250401;220500;85.74;85.74;85.67;85.7;118
USDRUBF;5;20250401;221000;85.71;85.74;85.71;85.71;71
USDRUBF;5;20250401;221500;85.72;85.74;85.7;85.7;337
USDRUBF;5;20250401;222000;85.7;85.71;85.61;85.63;435
USDRUBF;5;20250401;222500;85.63;85.64;85.6;85.64;284
USDRUBF;5;20250401;223000;85.63;85.71;85.63;85.67;283
USDRUBF;5;20250401;223500;85.7;85.7;85.67;85.67;24
USDRUBF;5;20250401;224000;85.69;85.72;85.68;85.72;130
USDRUBF;5;20250401;224500;85.72;85.8;85.72;85.79;205
USDRUBF;5;20250401;225000;85.79;85.79;85.72;85.73;28
USDRUBF;5;20250401;225500;85.75;85.77;85.74;85.74;94
USDRUBF;5;20250401;230000;85.76;85.76;85.73;85.73;9
USDRUBF;5;20250401;230500;85.74;85.81;85.74;85.81;83
USDRUBF;5;20250401;231000;85.8;85.81;85.78;85.79;54
USDRUBF;5;20250401;231500;85.79;85.84;85.79;85.82;68
USDRUBF;5;20250401;232000;85.85;85.87;85.85;85.87;355
USDRUBF;5;20250401;232500;85.86;85.88;85.85;85.88;298
USDRUBF;5;20250401;233000;85.88;85.95;85.85;85.94;332
USDRUBF;5;20250401;233500;85.93;85.96;85.93;85.96;95
USDRUBF;5;20250401;234000;85.93;86;85.85;86;353
USDRUBF;5;20250401;234500;86;86.06;85.95;86;374
USDRUBF;5;20250402;090000;86;86;85.79;85.86;367
USDRUBF;5;20250402;090500;85.85;85.92;85.79;85.79;137
USDRUBF;5;20250402;091000;85.8;85.91;85.8;85.91;34
USDRUBF;5;20250402;091500;85.92;86;85.89;85.95;243
USDRUBF;5;20250402;092000;85.96;86.06;85.96;85.98;350
USDRUBF;5;20250402;092500;85.97;86;85.91;85.94;223
USDRUBF;5;20250402;093000;85.93;85.95;85.91;85.92;35
USDRUBF;5;20250402;093500;85.93;85.93;85.85;85.92;280
USDRUBF;5;20250402;094000;85.92;85.92;85.86;85.89;216
USDRUBF;5;20250402;094500;85.88;86.08;85.86;85.94;960
USDRUBF;5;20250402;095000;85.97;86.06;85.93;85.93;530
USDRUBF;5;20250402;095500;85.93;85.99;85.89;85.96;153
USDRUBF;5;20250402;100000;85.94;86.17;85.91;86.01;500
USDRUBF;5;20250402;100500;86.04;86.08;85.91;86.03;645
USDRUBF;5;20250402;101000;86.05;86.17;85.94;86.17;1538
USDRUBF;5;20250402;101500;86.17;86.38;86.16;86.22;1606
USDRUBF;5;20250402;102000;86.22;86.28;86.05;86.08;683
USDRUBF;5;20250402;102500;86.1;86.12;86.03;86.08;315
USDRUBF;5;20250402;103000;86.09;86.11;85.99;86.09;641
USDRUBF;5;20250402;103500;86.1;86.1;86.02;86.02;143
USDRUBF;5;20250402;104000;86.06;86.08;85.95;86.02;883
USDRUBF;5;20250402;104500;86.04;86.05;85.87;85.98;393
USDRUBF;5;20250402;105000;85.96;86;85.9;85.98;235
USDRUBF;5;20250402;105500;86;86;85.93;85.96;117
USDRUBF;5;20250402;110000;85.95;85.96;85.87;85.9;519
USDRUBF;5;20250402;110500;85.9;85.9;85.84;85.84;477
USDRUBF;5;20250402;111000;85.85;85.92;85.85;85.88;526
USDRUBF;5;20250402;111500;85.87;85.89;85.81;85.84;1051
USDRUBF;5;20250402;112000;85.84;85.9;85.83;85.89;718
USDRUBF;5;20250402;112500;85.9;86.02;85.89;85.98;1525
USDRUBF;5;20250402;113000;85.98;85.99;85.92;85.95;656
USDRUBF;5;20250402;113500;85.95;85.99;85.95;85.96;442
USDRUBF;5;20250402;114000;85.96;85.97;85.91;85.92;603
USDRUBF;5;20250402;114500;85.92;85.94;85.9;85.94;289
USDRUBF;5;20250402;115000;85.92;85.95;85.82;85.92;1134
USDRUBF;5;20250402;115500;85.92;85.95;85.87;85.92;362
USDRUBF;5;20250402;120000;85.91;85.97;85.91;85.95;548
USDRUBF;5;20250402;120500;85.95;85.96;85.92;85.96;293
USDRUBF;5;20250402;121000;85.96;85.97;85.91;85.94;216
USDRUBF;5;20250402;121500;85.94;85.95;85.93;85.93;34
USDRUBF;5;20250402;122000;85.92;85.99;85.84;85.95;672
USDRUBF;5;20250402;122500;85.95;85.98;85.85;85.87;393
USDRUBF;5;20250402;123000;85.86;85.9;85.85;85.88;280
USDRUBF;5;20250402;123500;85.89;85.9;85.8;85.89;954
USDRUBF;5;20250402;124000;85.9;85.91;85.81;85.82;178
USDRUBF;5;20250402;124500;85.82;85.85;85.81;85.85;466
USDRUBF;5;20250402;125000;85.86;86.04;85.86;86.01;581
USDRUBF;5;20250402;125500;86.05;86.06;85.95;85.97;718
USDRUBF;5;20250402;130000;85.98;86.08;85.97;86.04;344
USDRUBF;5;20250402;130500;86.02;86.03;85.98;85.98;251
USDRUBF;5;20250402;131000;85.98;85.99;85.88;85.89;255
USDRUBF;5;20250402;131500;85.88;85.89;85.86;85.88;128
USDRUBF;5;20250402;132000;85.89;85.94;85.89;85.9;185
USDRUBF;5;20250402;132500;85.91;85.96;85.91;85.95;97
USDRUBF;5;20250402;133000;85.93;86.04;85.93;86;464
USDRUBF;5;20250402;133500;86.03;86.06;86.01;86.04;138
USDRUBF;5;20250402;134000;86.04;86.15;85.98;86.15;467
USDRUBF;5;20250402;134500;86.16;86.2;86.08;86.08;706
USDRUBF;5;20250402;135000;86.08;86.12;86.04;86.08;520
USDRUBF;5;20250402;135500;86.08;86.1;86;86.04;225
USDRUBF;5;20250402;140500;86.05;86.05;85.87;85.9;349
USDRUBF;5;20250402;141000;85.9;85.93;85.85;85.92;184
USDRUBF;5;20250402;141500;85.93;85.96;85.9;85.92;162
USDRUBF;5;20250402;142000;85.9;85.92;85.86;85.88;221
USDRUBF;5;20250402;142500;85.88;85.89;85.85;85.87;145
USDRUBF;5;20250402;143000;85.85;85.94;85.83;85.89;487
USDRUBF;5;20250402;143500;85.88;85.94;85.83;85.92;538
USDRUBF;5;20250402;144000;85.92;85.97;85.87;85.94;462
USDRUBF;5;20250402;144500;85.94;85.97;85.86;85.87;257
USDRUBF;5;20250402;145000;85.85;85.91;85.85;85.88;184
USDRUBF;5;20250402;145500;85.89;86.03;85.87;85.94;1121
USDRUBF;5;20250402;150000;85.96;85.97;85.88;85.93;559
USDRUBF;5;20250402;150500;85.89;85.92;85.86;85.86;123
USDRUBF;5;20250402;151000;85.87;85.87;85.8;85.84;280
USDRUBF;5;20250402;151500;85.84;85.87;85.83;85.85;191
USDRUBF;5;20250402;152000;85.87;85.88;85.8;85.84;545
USDRUBF;5;20250402;152500;85.81;85.81;85.65;85.67;1226
USDRUBF;5;20250402;153000;85.66;85.78;85.66;85.76;668
USDRUBF;5;20250402;153500;85.75;85.82;85.7;85.8;894
USDRUBF;5;20250402;154000;85.8;85.96;85.8;85.95;832
USDRUBF;5;20250402;154500;85.95;86.07;85.92;85.92;886
USDRUBF;5;20250402;155000;85.93;86.04;85.93;85.95;718
USDRUBF;5;20250402;155500;85.95;86.1;85.95;85.98;997
USDRUBF;5;20250402;160000;86.01;86.18;86.01;86.1;1089
USDRUBF;5;20250402;160500;86.09;86.19;86.05;86.12;907
USDRUBF;5;20250402;161000;86.14;86.2;86.06;86.07;709
USDRUBF;5;20250402;161500;86.05;86.15;86.01;86.08;1111
USDRUBF;5;20250402;162000;86.1;86.16;85.99;86.09;898
USDRUBF;5;20250402;162500;86.11;86.13;86.02;86.07;393
USDRUBF;5;20250402;163000;86.1;86.12;86.06;86.06;195
USDRUBF;5;20250402;163500;86.04;86.04;85.89;85.89;652
USDRUBF;5;20250402;164000;85.91;85.98;85.88;85.96;196
USDRUBF;5;20250402;164500;85.98;86.03;85.91;86;295
USDRUBF;5;20250402;165000;85.98;86.07;85.93;86.01;148
USDRUBF;5;20250402;165500;86.02;86.18;85.97;86.13;580
USDRUBF;5;20250402;170000;86.15;86.2;86.01;86.09;853
USDRUBF;5;20250402;170500;86.07;86.09;86.01;86.08;330
USDRUBF;5;20250402;171000;86.05;86.08;85.99;86;283
USDRUBF;5;20250402;171500;85.98;86.05;85.98;86.01;194
USDRUBF;5;20250402;172000;86;86.05;85.97;86.04;164
USDRUBF;5;20250402;172500;86.03;86.05;85.97;85.97;351
USDRUBF;5;20250402;173000;85.97;86.07;85.97;86.02;468
USDRUBF;5;20250402;173500;86;86.03;85.96;86.03;125
USDRUBF;5;20250402;174000;86.02;86.03;85.85;85.9;609
USDRUBF;5;20250402;174500;85.89;85.89;85.82;85.89;356
USDRUBF;5;20250402;175000;85.86;85.86;85.8;85.85;237
USDRUBF;5;20250402;175500;85.83;85.84;85.78;85.83;284
USDRUBF;5;20250402;180000;85.83;85.83;85.67;85.77;849
USDRUBF;5;20250402;180500;85.76;85.77;85.69;85.7;744
USDRUBF;5;20250402;181000;85.69;85.76;85.65;85.71;657
USDRUBF;5;20250402;181500;85.68;85.69;85.63;85.64;316
USDRUBF;5;20250402;182000;85.64;85.7;85.61;85.63;575
USDRUBF;5;20250402;182500;85.64;85.77;85.64;85.68;403
USDRUBF;5;20250402;183000;85.68;85.99;85.66;85.8;1738
USDRUBF;5;20250402;183500;85.81;85.85;85.63;85.65;443
USDRUBF;5;20250402;184000;85.65;85.72;85.65;85.71;290
USDRUBF;5;20250402;184500;85.7;85.81;85.7;85.81;719
USDRUBF;5;20250402;190500;85.77;85.92;85.77;85.87;578
USDRUBF;5;20250402;191000;85.88;85.89;85.83;85.86;206
USDRUBF;5;20250402;191500;85.83;85.92;85.78;85.92;632
USDRUBF;5;20250402;192000;85.92;85.92;85.83;85.88;544
USDRUBF;5;20250402;192500;85.89;85.9;85.8;85.82;438
USDRUBF;5;20250402;193000;85.82;85.91;85.82;85.91;326
USDRUBF;5;20250402;193500;85.91;85.94;85.88;85.89;215
USDRUBF;5;20250402;194000;85.89;85.91;85.87;85.91;53
USDRUBF;5;20250402;194500;85.9;85.9;85.88;85.88;21
USDRUBF;5;20250402;195000;85.9;85.9;85.87;85.88;46
USDRUBF;5;20250402;195500;85.88;85.88;85.87;85.88;13
USDRUBF;5;20250402;200000;85.85;85.85;85.71;85.72;233
USDRUBF;5;20250402;200500;85.74;85.79;85.7;85.73;167
USDRUBF;5;20250402;201000;85.75;85.81;85.62;85.62;226
USDRUBF;5;20250402;201500;85.63;85.65;85.53;85.57;783
USDRUBF;5;20250402;202000;85.57;85.68;85.43;85.64;1165
USDRUBF;5;20250402;202500;85.62;85.63;85.56;85.57;332
USDRUBF;5;20250402;203000;85.56;85.71;85.54;85.71;310
USDRUBF;5;20250402;203500;85.71;85.73;85.61;85.68;157
USDRUBF;5;20250402;204000;85.68;85.71;85.6;85.65;157
USDRUBF;5;20250402;204500;85.65;85.7;85.62;85.7;45
USDRUBF;5;20250402;205000;85.7;85.78;85.7;85.75;97
USDRUBF;5;20250402;205500;85.75;85.81;85.74;85.79;199
USDRUBF;5;20250402;210000;85.78;85.82;85.78;85.82;149
USDRUBF;5;20250402;210500;85.81;85.87;85.81;85.85;407
USDRUBF;5;20250402;211000;85.85;85.87;85.79;85.79;304
USDRUBF;5;20250402;211500;85.82;85.82;85.78;85.78;31
USDRUBF;5;20250402;212000;85.77;85.79;85.75;85.76;31
USDRUBF;5;20250402;212500;85.76;85.84;85.76;85.83;76
USDRUBF;5;20250402;213000;85.84;85.84;85.8;85.8;26
USDRUBF;5;20250402;213500;85.79;85.79;85.73;85.73;78
USDRUBF;5;20250402;214000;85.74;85.77;85.72;85.77;47
USDRUBF;5;20250402;214500;85.77;85.8;85.76;85.8;32
USDRUBF;5;20250402;215000;85.8;85.85;85.8;85.84;42
USDRUBF;5;20250402;215500;85.84;85.85;85.81;85.84;52
USDRUBF;5;20250402;220000;85.81;85.81;85.71;85.76;141
USDRUBF;5;20250402;220500;85.76;85.83;85.74;85.82;64
USDRUBF;5;20250402;221000;85.82;85.85;85.79;85.79;115
USDRUBF;5;20250402;221500;85.79;85.82;85.71;85.72;87
USDRUBF;5;20250402;222000;85.75;85.78;85.73;85.74;100
USDRUBF;5;20250402;222500;85.76;85.77;85.76;85.77;4
USDRUBF;5;20250402;223000;85.75;85.84;85.75;85.84;78
USDRUBF;5;20250402;223500;85.84;85.84;85.84;85.84;2
USDRUBF;5;20250402;224000;85.8;85.8;85.77;85.8;85
USDRUBF;5;20250402;224500;85.81;85.82;85.8;85.82;20
USDRUBF;5;20250402;225000;85.82;85.86;85.82;85.86;75
USDRUBF;5;20250402;225500;85.84;85.91;85.84;85.91;187
USDRUBF;5;20250402;230000;85.91;85.93;85.86;85.91;136
USDRUBF;5;20250402;230500;85.87;85.88;85.83;85.85;64
USDRUBF;5;20250402;231000;85.87;85.88;85.84;85.84;84
USDRUBF;5;20250402;231500;85.84;85.85;85.72;85.75;124
USDRUBF;5;20250402;232000;85.76;85.76;85.7;85.74;296
USDRUBF;5;20250402;232500;85.77;85.84;85.72;85.76;458
USDRUBF;5;20250402;233000;85.82;85.89;85.8;85.81;111
USDRUBF;5;20250402;233500;85.8;85.89;85.8;85.8;125
USDRUBF;5;20250402;234000;85.81;85.88;85.73;85.88;261
USDRUBF;5;20250402;234500;85.86;85.93;85.82;85.91;218
USDRUBF;5;20250403;090000;85.93;86.1;85.73;85.93;646
USDRUBF;5;20250403;090500;85.93;85.96;85.86;85.9;257
USDRUBF;5;20250403;091000;85.89;85.93;85.84;85.87;126
USDRUBF;5;20250403;091500;85.9;85.91;85.78;85.86;485
USDRUBF;5;20250403;092000;85.86;85.93;85.81;85.93;137
USDRUBF;5;20250403;092500;85.89;86.04;85.89;85.99;243
USDRUBF;5;20250403;093000;86.01;86.09;85.98;86.08;377
USDRUBF;5;20250403;093500;86.09;86.1;85.92;85.96;316
USDRUBF;5;20250403;094000;85.96;86.01;85.9;85.93;428
USDRUBF;5;20250403;094500;85.92;85.92;85.85;85.85;143
USDRUBF;5;20250403;095000;85.85;85.94;85.85;85.94;221
USDRUBF;5;20250403;095500;85.94;86.01;85.91;85.92;406
USDRUBF;5;20250403;100000;85.94;86.16;85.84;86.09;838
USDRUBF;5;20250403;100500;86.09;86.24;86.09;86.19;1012
USDRUBF;5;20250403;101000;86.17;86.21;86.1;86.18;791
USDRUBF;5;20250403;101500;86.17;86.23;86.17;86.19;428
USDRUBF;5;20250403;102000;86.21;86.35;86.2;86.26;1053
USDRUBF;5;20250403;102500;86.3;86.44;86.3;86.4;1002
USDRUBF;5;20250403;103000;86.4;86.5;86.4;86.48;1180
USDRUBF;5;20250403;103500;86.48;86.49;86.32;86.32;2311
USDRUBF;5;20250403;104000;86.34;86.42;86.3;86.31;605
USDRUBF;5;20250403;104500;86.31;86.34;86.3;86.33;261
USDRUBF;5;20250403;105000;86.33;86.42;86.33;86.35;690
USDRUBF;5;20250403;105500;86.34;86.42;86.32;86.38;767
USDRUBF;5;20250403;110000;86.38;86.4;86.29;86.32;551
USDRUBF;5;20250403;110500;86.33;86.39;86.32;86.38;423
USDRUBF;5;20250403;111000;86.39;86.39;86.31;86.35;178
USDRUBF;5;20250403;111500;86.35;86.42;86.34;86.41;353
USDRUBF;5;20250403;112000;86.39;86.44;86.38;86.41;815
USDRUBF;5;20250403;112500;86.4;86.41;86.32;86.4;682
USDRUBF;5;20250403;113000;86.4;86.4;86.32;86.32;283
USDRUBF;5;20250403;113500;86.31;86.33;86.22;86.22;866
USDRUBF;5;20250403;114000;86.23;86.28;86.22;86.25;212
USDRUBF;5;20250403;114500;86.24;86.25;86.13;86.13;312
USDRUBF;5;20250403;115000;86.15;86.17;86.13;86.14;161
USDRUBF;5;20250403;115500;86.13;86.3;86.13;86.28;575
USDRUBF;5;20250403;120000;86.28;86.29;86.17;86.17;520
USDRUBF;5;20250403;120500;86.19;86.23;86.12;86.13;700
USDRUBF;5;20250403;121000;86.13;86.14;86.02;86.03;595
USDRUBF;5;20250403;121500;86.03;86.03;85.73;85.79;2452
USDRUBF;5;20250403;122000;85.77;85.87;85.67;85.79;2183
USDRUBF;5;20250403;122500;85.8;85.92;85.78;85.83;1776
USDRUBF;5;20250403;123000;85.81;85.83;85.75;85.79;334
USDRUBF;5;20250403;123500;85.8;85.87;85.8;85.86;486
USDRUBF;5;20250403;124000;85.82;85.82;85.41;85.46;4963
USDRUBF;5;20250403;124500;85.43;85.48;85.33;85.36;2454
USDRUBF;5;20250403;125000;85.37;85.42;85.23;85.25;2587
USDRUBF;5;20250403;125500;85.24;85.43;85.2;85.43;2746
USDRUBF;5;20250403;130000;85.4;85.42;85.3;85.39;2474
USDRUBF;5;20250403;130500;85.38;85.38;85.23;85.37;1678
USDRUBF;5;20250403;131000;85.38;85.4;85.17;85.2;1814
USDRUBF;5;20250403;131500;85.2;85.24;85.11;85.19;2246
USDRUBF;5;20250403;132000;85.2;85.39;85.14;85.33;1768
USDRUBF;5;20250403;132500;85.34;85.5;85.28;85.4;1302
USDRUBF;5;20250403;133000;85.4;85.48;85.35;85.43;600
USDRUBF;5;20250403;133500;85.43;85.53;85.41;85.49;569
USDRUBF;5;20250403;134000;85.51;85.52;85.39;85.39;599
USDRUBF;5;20250403;134500;85.39;85.4;85.27;85.27;758
USDRUBF;5;20250403;135000;85.28;85.37;85.26;85.27;569
USDRUBF;5;20250403;135500;85.28;85.38;85.25;85.25;857
USDRUBF;5;20250403;140500;85.36;85.36;85.24;85.31;555
USDRUBF;5;20250403;141000;85.33;85.4;85.29;85.4;430
USDRUBF;5;20250403;141500;85.39;85.45;85.36;85.41;817
USDRUBF;5;20250403;142000;85.4;85.52;85.38;85.5;323
USDRUBF;5;20250403;142500;85.5;85.69;85.46;85.64;814
USDRUBF;5;20250403;143000;85.64;85.73;85.54;85.66;965
USDRUBF;5;20250403;143500;85.67;85.7;85.59;85.7;1220
USDRUBF;5;20250403;144000;85.67;85.71;85.56;85.58;742
USDRUBF;5;20250403;144500;85.57;85.62;85.51;85.53;382
USDRUBF;5;20250403;145000;85.55;85.6;85.52;85.59;138
USDRUBF;5;20250403;145500;85.58;85.72;85.58;85.71;331
USDRUBF;5;20250403;150000;85.71;85.79;85.68;85.73;822
USDRUBF;5;20250403;150500;85.73;85.73;85.6;85.6;584
USDRUBF;5;20250403;151000;85.61;85.69;85.58;85.67;315
USDRUBF;5;20250403;151500;85.67;85.67;85.61;85.62;578
USDRUBF;5;20250403;152000;85.61;85.64;85.57;85.64;233
USDRUBF;5;20250403;152500;85.64;85.65;85.55;85.57;234
USDRUBF;5;20250403;153000;85.54;85.56;85.48;85.52;1021
USDRUBF;5;20250403;153500;85.51;85.59;85.47;85.58;935
USDRUBF;5;20250403;154000;85.6;85.63;85.54;85.61;197
USDRUBF;5;20250403;154500;85.63;85.63;85.51;85.56;597
USDRUBF;5;20250403;155000;85.56;85.59;85.36;85.39;680
USDRUBF;5;20250403;155500;85.41;85.52;85.4;85.5;268
USDRUBF;5;20250403;160000;85.49;85.57;85.48;85.54;230
USDRUBF;5;20250403;160500;85.56;85.7;85.53;85.6;1093
USDRUBF;5;20250403;161000;85.61;85.65;85.57;85.65;325
USDRUBF;5;20250403;161500;85.63;85.9;85.55;85.84;1375
USDRUBF;5;20250403;162000;85.87;85.89;85.78;85.87;609
USDRUBF;5;20250403;162500;85.88;85.97;85.84;85.94;695
USDRUBF;5;20250403;163000;85.94;85.98;85.86;85.88;1556
USDRUBF;5;20250403;163500;85.86;85.98;85.86;85.94;497
USDRUBF;5;20250403;164000;85.95;85.98;85.74;85.77;559
USDRUBF;5;20250403;164500;85.76;85.87;85.66;85.7;1148
USDRUBF;5;20250403;165000;85.7;85.84;85.59;85.8;778
USDRUBF;5;20250403;165500;85.79;85.82;85.66;85.77;553
USDRUBF;5;20250403;170000;85.76;85.76;85.63;85.69;402
USDRUBF;5;20250403;170500;85.69;85.7;85.55;85.57;501
USDRUBF;5;20250403;171000;85.57;85.63;85.55;85.57;311
USDRUBF;5;20250403;171500;85.57;85.7;85.56;85.63;615
USDRUBF;5;20250403;172000;85.64;85.67;85.55;85.58;586
USDRUBF;5;20250403;172500;85.57;85.6;85.5;85.57;1545
USDRUBF;5;20250403;173000;85.55;85.58;85.45;85.45;389
USDRUBF;5;20250403;173500;85.45;85.55;85.36;85.52;863
USDRUBF;5;20250403;174000;85.55;85.62;85.45;85.47;601
USDRUBF;5;20250403;174500;85.47;85.48;85.42;85.45;570
USDRUBF;5;20250403;175000;85.44;85.65;85.4;85.62;985
USDRUBF;5;20250403;175500;85.62;85.88;85.62;85.81;1594
USDRUBF;5;20250403;180000;85.84;86.14;85.8;86.07;2894
USDRUBF;5;20250403;180500;86.09;86.16;85.9;85.99;1574
USDRUBF;5;20250403;181000;86.01;86.06;85.97;85.98;978
USDRUBF;5;20250403;181500;85.99;86.13;85.99;86.08;1385
USDRUBF;5;20250403;182000;86.09;86.12;86.03;86.06;599
USDRUBF;5;20250403;182500;86.05;86.14;86.05;86.06;1828
USDRUBF;5;20250403;183000;86.06;86.11;85.89;86.01;898
USDRUBF;5;20250403;183500;86;86.1;85.97;86.1;822
USDRUBF;5;20250403;184000;86.1;86.25;86.1;86.22;730
USDRUBF;5;20250403;184500;86.22;86.3;86.21;86.23;647
USDRUBF;5;20250403;190500;86.21;86.5;86.09;86.43;1760
USDRUBF;5;20250403;191000;86.44;86.61;86.44;86.5;2438
USDRUBF;5;20250403;191500;86.53;86.68;86.5;86.62;1888
USDRUBF;5;20250403;192000;86.62;86.71;86.6;86.62;1439
USDRUBF;5;20250403;192500;86.61;86.73;86.61;86.64;574
USDRUBF;5;20250403;193000;86.65;86.69;86.62;86.65;564
USDRUBF;5;20250403;193500;86.65;86.7;86.63;86.7;309
USDRUBF;5;20250403;194000;86.68;86.7;86.68;86.68;190
USDRUBF;5;20250403;194500;86.68;86.68;86.53;86.53;704
USDRUBF;5;20250403;195000;86.53;86.56;86.51;86.51;285
USDRUBF;5;20250403;195500;86.52;86.53;86.51;86.51;161
USDRUBF;5;20250403;200000;86.52;86.57;86.51;86.53;671
USDRUBF;5;20250403;200500;86.52;86.56;86.49;86.49;343
USDRUBF;5;20250403;201000;86.49;86.5;86.47;86.47;95
USDRUBF;5;20250403;201500;86.47;86.52;86.47;86.47;155
USDRUBF;5;20250403;202000;86.48;86.51;86.47;86.48;63
USDRUBF;5;20250403;202500;86.48;86.57;86.48;86.57;473
USDRUBF;5;20250403;203000;86.57;86.57;86.52;86.52;131
USDRUBF;5;20250403;203500;86.5;86.52;86.47;86.51;89
USDRUBF;5;20250403;204000;86.51;86.52;86.47;86.47;141
USDRUBF;5;20250403;204500;86.49;86.5;86.47;86.47;29
USDRUBF;5;20250403;205000;86.47;86.5;86.46;86.5;85
USDRUBF;5;20250403;205500;86.5;86.5;86.43;86.44;163
USDRUBF;5;20250403;210000;86.44;86.5;86.44;86.5;138
USDRUBF;5;20250403;210500;86.49;86.49;86.45;86.45;53
USDRUBF;5;20250403;211000;86.43;86.47;86.43;86.46;111
USDRUBF;5;20250403;211500;86.46;86.48;86.45;86.48;117
USDRUBF;5;20250403;212000;86.46;86.49;86.46;86.48;34
USDRUBF;5;20250403;212500;86.48;86.49;86.46;86.48;68
USDRUBF;5;20250403;213000;86.46;86.47;86.45;86.46;103
USDRUBF;5;20250403;213500;86.47;86.47;86.37;86.37;340
USDRUBF;5;20250403;214000;86.35;86.36;86.32;86.34;140
USDRUBF;5;20250403;214500;86.35;86.36;86.33;86.33;240
USDRUBF;5;20250403;215000;86.33;86.34;86.29;86.31;159
USDRUBF;5;20250403;215500;86.3;86.31;86.26;86.3;593
USDRUBF;5;20250403;220000;86.29;86.3;86.29;86.29;11
USDRUBF;5;20250403;220500;86.31;86.38;86.31;86.33;97
USDRUBF;5;20250403;221000;86.34;86.37;86.34;86.34;54
USDRUBF;5;20250403;221500;86.36;86.42;86.34;86.38;129
USDRUBF;5;20250403;222000;86.38;86.46;86.38;86.46;36
USDRUBF;5;20250403;222500;86.47;86.48;86.42;86.47;189
USDRUBF;5;20250403;223000;86.45;86.47;86.41;86.46;90
USDRUBF;5;20250403;223500;86.44;86.44;86.4;86.42;89
USDRUBF;5;20250403;224000;86.42;86.43;86.4;86.43;33
USDRUBF;5;20250403;224500;86.41;86.47;86.4;86.47;26
USDRUBF;5;20250403;225000;86.47;86.47;86.45;86.47;68
USDRUBF;5;20250403;225500;86.48;86.49;86.46;86.46;37
USDRUBF;5;20250403;230000;86.46;86.49;86.46;86.48;31
USDRUBF;5;20250403;230500;86.47;86.48;86.46;86.47;111
USDRUBF;5;20250403;231000;86.49;86.61;86.48;86.6;1224
USDRUBF;5;20250403;231500;86.6;86.6;86.53;86.55;202
USDRUBF;5;20250403;232000;86.55;86.55;86.43;86.47;379
USDRUBF;5;20250403;232500;86.47;86.48;86.42;86.48;459
USDRUBF;5;20250403;233000;86.48;86.5;86.4;86.4;271
USDRUBF;5;20250403;233500;86.42;86.44;86.36;86.36;81
USDRUBF;5;20250403;234000;86.38;86.41;86.32;86.38;102
USDRUBF;5;20250403;234500;86.38;86.4;86.27;86.29;240
USDRUBF;5;20250404;090000;86.29;86.3;86.12;86.17;944
USDRUBF;5;20250404;090500;86.18;86.19;86.1;86.1;1597
USDRUBF;5;20250404;091000;86.1;86.12;86.05;86.09;313
USDRUBF;5;20250404;091500;86.09;86.12;86.03;86.11;154
USDRUBF;5;20250404;092000;86.11;86.15;86.06;86.1;222
USDRUBF;5;20250404;092500;86.11;86.13;86.1;86.1;29
USDRUBF;5;20250404;093000;86.1;86.2;86.1;86.17;436
USDRUBF;5;20250404;093500;86.18;86.2;86.14;86.19;156
USDRUBF;5;20250404;094000;86.18;86.19;86.15;86.16;92
USDRUBF;5;20250404;094500;86.15;86.18;86.12;86.18;56
USDRUBF;5;20250404;095000;86.19;86.2;86.17;86.18;217
USDRUBF;5;20250404;095500;86.18;86.21;86.15;86.2;301
USDRUBF;5;20250404;100000;86.18;86.25;86.01;86.12;1386
USDRUBF;5;20250404;100500;86.11;86.11;86.02;86.04;354
USDRUBF;5;20250404;101000;86.04;86.1;85.77;85.79;1815
USDRUBF;5;20250404;101500;85.79;85.81;85.72;85.81;1217
USDRUBF;5;20250404;102000;85.81;85.81;85.74;85.75;625
USDRUBF;5;20250404;102500;85.75;85.8;85.65;85.7;2456
USDRUBF;5;20250404;103000;85.7;85.7;85.6;85.68;1482
USDRUBF;5;20250404;103500;85.68;85.8;85.66;85.78;1126
USDRUBF;5;20250404;104000;85.78;85.78;85.64;85.69;622
USDRUBF;5;20250404;104500;85.69;85.71;85.56;85.64;836
USDRUBF;5;20250404;105000;85.62;85.71;85.6;85.67;854
USDRUBF;5;20250404;105500;85.68;85.76;85.65;85.69;1251
USDRUBF;5;20250404;110000;85.69;85.82;85.66;85.76;946
USDRUBF;5;20250404;110500;85.77;85.79;85.72;85.77;328
USDRUBF;5;20250404;111000;85.77;85.77;85.69;85.72;341
USDRUBF;5;20250404;111500;85.72;85.75;85.64;85.75;497
USDRUBF;5;20250404;112000;85.75;85.77;85.66;85.72;371
USDRUBF;5;20250404;112500;85.69;85.73;85.67;85.7;186
USDRUBF;5;20250404;113000;85.7;85.73;85.66;85.69;702
USDRUBF;5;20250404;113500;85.7;85.87;85.63;85.84;614
USDRUBF;5;20250404;114000;85.85;85.89;85.72;85.76;925
USDRUBF;5;20250404;114500;85.78;85.82;85.74;85.78;99
USDRUBF;5;20250404;115000;85.79;85.82;85.77;85.81;171
USDRUBF;5;20250404;115500;85.81;85.96;85.81;85.92;707
USDRUBF;5;20250404;120000;85.95;86.05;85.93;86.01;668
USDRUBF;5;20250404;120500;86;86.05;85.89;85.91;441
USDRUBF;5;20250404;121000;85.93;85.98;85.92;85.96;249
USDRUBF;5;20250404;121500;85.96;85.97;85.83;85.87;352
USDRUBF;5;20250404;122000;85.88;85.93;85.88;85.9;144
USDRUBF;5;20250404;122500;85.92;85.92;85.88;85.92;89
USDRUBF;5;20250404;123000;85.92;85.93;85.88;85.91;365
USDRUBF;5;20250404;123500;85.9;85.96;85.81;85.89;765
USDRUBF;5;20250404;124000;85.89;85.89;85.79;85.82;790
USDRUBF;5;20250404;124500;85.82;85.84;85.77;85.82;211
USDRUBF;5;20250404;125000;85.83;85.83;85.68;85.8;500
USDRUBF;5;20250404;125500;85.79;85.81;85.73;85.8;89
USDRUBF;5;20250404;130000;85.8;85.8;85.75;85.77;170
USDRUBF;5;20250404;130500;85.79;85.89;85.78;85.87;700
USDRUBF;5;20250404;131000;85.88;86.13;85.88;86.09;1575
USDRUBF;5;20250404;131500;86.09;86.09;85.93;85.94;422
USDRUBF;5;20250404;132000;85.95;85.98;85.84;85.86;433
USDRUBF;5;20250404;132500;85.85;85.96;85.84;85.89;952
USDRUBF;5;20250404;133000;85.9;86.04;85.89;86;978
USDRUBF;5;20250404;133500;86;86.15;85.96;86.1;661
USDRUBF;5;20250404;134000;86.1;86.23;86.01;86.21;598
USDRUBF;5;20250404;134500;86.21;86.26;86.16;86.22;1020
USDRUBF;5;20250404;135000;86.22;86.36;86.21;86.34;892
USDRUBF;5;20250404;135500;86.36;86.45;86.35;86.41;1863
USDRUBF;5;20250404;140500;86.44;86.69;86.34;86.69;2390
USDRUBF;5;20250404;141000;86.67;86.84;86.66;86.71;5214
USDRUBF;5;20250404;141500;86.74;86.89;86.72;86.85;1733
USDRUBF;5;20250404;142000;86.84;86.93;86.75;86.76;3120
USDRUBF;5;20250404;142500;86.75;87.08;86.75;87.08;4311
USDRUBF;5;20250404;143000;87.08;87.56;87.08;87.52;5110
USDRUBF;5;20250404;143500;87.53;87.74;87.51;87.66;3967
USDRUBF;5;20250404;144000;87.66;87.8;87.58;87.71;3922
USDRUBF;5;20250404;144500;87.7;87.74;87.52;87.53;4173
USDRUBF;5;20250404;145000;87.55;87.59;87.48;87.54;3094
USDRUBF;5;20250404;145500;87.55;87.69;87.34;87.49;4067
USDRUBF;5;20250404;150000;87.5;87.76;87.49;87.76;3059
USDRUBF;5;20250404;150500;87.76;87.86;87.68;87.8;2862
USDRUBF;5;20250404;151000;87.8;87.83;87.57;87.74;2555
USDRUBF;5;20250404;151500;87.73;87.86;87.69;87.8;4577
USDRUBF;5;20250404;152000;87.79;87.83;87.72;87.75;2080
USDRUBF;5;20250404;152500;87.75;87.77;87.7;87.71;1552
USDRUBF;5;20250404;153000;87.71;87.76;87.59;87.64;1579
USDRUBF;5;20250404;153500;87.64;87.73;87.63;87.7;1307
USDRUBF;5;20250404;154000;87.69;87.75;87.68;87.72;854
USDRUBF;5;20250404;154500;87.72;87.75;87.64;87.73;682
USDRUBF;5;20250404;155000;87.73;87.83;87.73;87.83;985
USDRUBF;5;20250404;155500;87.83;87.86;87.79;87.83;715
USDRUBF;5;20250404;160000;87.84;87.9;87.83;87.87;2465
USDRUBF;5;20250404;160500;87.87;87.92;87.83;87.92;976
USDRUBF;5;20250404;161000;87.93;87.93;87.84;87.85;1074
USDRUBF;5;20250404;161500;87.86;87.89;87.81;87.82;1379
USDRUBF;5;20250404;162000;87.83;87.9;87.8;87.86;836
USDRUBF;5;20250404;162500;87.86;87.96;87.86;87.93;882
USDRUBF;5;20250404;163000;87.94;87.97;87.92;87.93;1106
USDRUBF;5;20250404;163500;87.93;88;87.92;87.93;1549
USDRUBF;5;20250404;164000;87.94;88;87.81;87.95;2097
USDRUBF;5;20250404;164500;87.93;87.94;87.68;87.82;2722
USDRUBF;5;20250404;165000;87.82;87.92;87.78;87.91;700
USDRUBF;5;20250404;165500;87.89;87.95;87.88;87.94;636
USDRUBF;5;20250404;170000;87.95;87.98;87.95;87.97;388
USDRUBF;5;20250404;170500;87.96;88.04;87.96;88;2527
USDRUBF;5;20250404;171000;88.01;88.06;88;88.05;1650
USDRUBF;5;20250404;171500;88.04;88.09;87.71;87.79;2905
USDRUBF;5;20250404;172000;87.76;87.86;87.62;87.81;1213
USDRUBF;5;20250404;172500;87.83;87.85;87.74;87.76;467
USDRUBF;5;20250404;173000;87.77;87.79;87.68;87.77;759
USDRUBF;5;20250404;173500;87.78;87.93;87.77;87.89;919
USDRUBF;5;20250404;174000;87.89;88.07;87.88;88.02;843
USDRUBF;5;20250404;174500;88.03;88.32;88.03;88.16;2603
USDRUBF;5;20250404;175000;88.17;88.33;88.17;88.31;2226
USDRUBF;5;20250404;175500;88.31;88.49;88.3;88.45;3107
USDRUBF;5;20250404;180000;88.44;88.5;87.93;88.01;4537
USDRUBF;5;20250404;180500;87.99;88.19;87.89;88.16;2046
USDRUBF;5;20250404;181000;88.14;88.29;88.06;88.06;2008
USDRUBF;5;20250404;181500;88.06;88.07;87.94;87.98;2042
USDRUBF;5;20250404;182000;87.98;88;87.92;87.95;1180
USDRUBF;5;20250404;182500;87.96;88.15;87.96;88.11;1512
USDRUBF;5;20250404;183000;88.13;88.18;88.07;88.07;870
USDRUBF;5;20250404;183500;88.14;88.14;88.05;88.05;593
USDRUBF;5;20250404;184000;88.05;88.07;87.93;87.99;439
USDRUBF;5;20250404;184500;88;88.05;87.97;88.05;394
USDRUBF;5;20250404;190500;88.06;88.2;87.85;88.19;1923
USDRUBF;5;20250404;191000;88.19;88.21;88.14;88.16;476
USDRUBF;5;20250404;191500;88.16;88.33;88.13;88.32;1038
USDRUBF;5;20250404;192000;88.32;88.36;88.28;88.28;490
USDRUBF;5;20250404;192500;88.3;88.37;88.28;88.3;509
USDRUBF;5;20250404;193000;88.31;88.35;88.3;88.31;291
USDRUBF;5;20250404;193500;88.31;88.33;88.27;88.3;509
USDRUBF;5;20250404;194000;88.3;88.31;88.24;88.31;417
USDRUBF;5;20250404;194500;88.32;88.37;88.29;88.34;883
USDRUBF;5;20250404;195000;88.36;88.39;88.36;88.36;521
USDRUBF;5;20250404;195500;88.36;88.38;88.32;88.38;313
USDRUBF;5;20250404;200000;88.38;88.4;88.35;88.38;636
USDRUBF;5;20250404;200500;88.36;88.39;88.36;88.36;104
USDRUBF;5;20250404;201000;88.36;88.38;88.35;88.36;67
USDRUBF;5;20250404;201500;88.37;88.46;88.37;88.43;490
USDRUBF;5;20250404;202000;88.43;88.45;88.4;88.42;119
USDRUBF;5;20250404;202500;88.41;88.41;88.33;88.34;210
USDRUBF;5;20250404;203000;88.34;88.37;88.28;88.28;202
USDRUBF;5;20250404;203500;88.29;88.29;88.19;88.19;228
USDRUBF;5;20250404;204000;88.18;88.19;88.06;88.14;491
USDRUBF;5;20250404;204500;88.1;88.13;88.04;88.04;196
USDRUBF;5;20250404;205000;88.06;88.07;87.89;87.93;786
USDRUBF;5;20250404;205500;87.91;88.11;87.87;88.02;488
USDRUBF;5;20250404;210000;88.01;88.05;87.93;87.93;401
USDRUBF;5;20250404;210500;87.92;87.92;87.71;87.74;609
USDRUBF;5;20250404;211000;87.74;87.84;87.72;87.76;408
USDRUBF;5;20250404;211500;87.76;87.76;87.67;87.76;427
USDRUBF;5;20250404;212000;87.76;87.92;87.76;87.84;394
USDRUBF;5;20250404;212500;87.86;87.92;87.86;87.9;124
USDRUBF;5;20250404;213000;87.92;87.95;87.91;87.92;57
USDRUBF;5;20250404;213500;87.92;87.99;87.89;87.96;185
USDRUBF;5;20250404;214000;87.95;87.99;87.94;87.99;94
USDRUBF;5;20250404;214500;87.96;88.07;87.96;88.05;238
USDRUBF;5;20250404;215000;88.05;88.06;88;88;134
USDRUBF;5;20250404;215500;88.01;88.04;87.99;88.01;73
USDRUBF;5;20250404;220000;88.01;88.01;87.98;87.98;209
USDRUBF;5;20250404;220500;87.99;88.02;87.96;87.99;199
USDRUBF;5;20250404;221000;88.02;88.03;87.99;88;47
USDRUBF;5;20250404;221500;88.01;88.01;87.94;87.94;150
USDRUBF;5;20250404;222000;87.94;87.99;87.9;87.96;265
USDRUBF;5;20250404;222500;87.96;87.99;87.96;87.97;69
USDRUBF;5;20250404;223000;87.98;88.01;87.98;87.99;29
USDRUBF;5;20250404;223500;87.99;87.99;87.92;87.95;251
USDRUBF;5;20250404;224000;87.95;87.95;87.9;87.9;89
USDRUBF;5;20250404;224500;87.9;87.92;87.87;87.92;93
USDRUBF;5;20250404;225000;87.93;87.95;87.86;87.91;189
USDRUBF;5;20250404;225500;87.91;87.91;87.91;87.91;117
USDRUBF;5;20250404;230000;87.92;87.92;87.91;87.91;24
USDRUBF;5;20250404;230500;87.91;87.91;87.91;87.91;47
USDRUBF;5;20250404;231000;87.9;87.99;87.89;87.97;134
USDRUBF;5;20250404;231500;87.99;88.13;87.98;88.13;232
USDRUBF;5;20250404;232000;88.12;88.2;88.11;88.2;129
USDRUBF;5;20250404;232500;88.2;88.2;88.04;88.07;259
USDRUBF;5;20250404;233000;88.06;88.06;87.94;88.01;269
USDRUBF;5;20250404;233500;87.98;87.99;87.88;87.99;273
USDRUBF;5;20250404;234000;87.99;88.02;87.99;88;56
USDRUBF;5;20250404;234500;88.02;88.03;87.81;87.98;422
USDRUBF;5;20250407;090000;88.09;88.92;88.09;88.91;5195
USDRUBF;5;20250407;090500;88.91;89.17;88.79;88.85;2736
USDRUBF;5;20250407;091000;88.86;89.02;88.85;88.89;1322
USDRUBF;5;20250407;091500;88.9;88.93;88.74;88.79;1154
USDRUBF;5;20250407;092000;88.79;88.84;88.69;88.71;1572
USDRUBF;5;20250407;092500;88.71;88.84;88.69;88.79;828
USDRUBF;5;20250407;093000;88.82;88.94;88.8;88.87;657
USDRUBF;5;20250407;093500;88.91;88.94;88.82;88.84;801
USDRUBF;5;20250407;094000;88.86;88.95;88.82;88.95;1028
USDRUBF;5;20250407;094500;88.94;88.98;88.89;88.95;1117
USDRUBF;5;20250407;095000;88.91;89.08;88.88;88.98;1671
USDRUBF;5;20250407;095500;88.99;88.99;88.83;88.98;670
USDRUBF;5;20250407;100000;88.96;88.97;88.43;88.5;1702
USDRUBF;5;20250407;100500;88.5;88.71;88.48;88.67;1293
USDRUBF;5;20250407;101000;88.64;88.67;88.51;88.51;1149
USDRUBF;5;20250407;101500;88.5;88.55;88.3;88.35;1206
USDRUBF;5;20250407;102000;88.35;88.55;88.32;88.49;1228
USDRUBF;5;20250407;102500;88.51;88.64;88.49;88.56;911
USDRUBF;5;20250407;103000;88.57;88.61;88.47;88.52;790
USDRUBF;5;20250407;103500;88.5;88.54;88.42;88.42;1029
USDRUBF;5;20250407;104000;88.42;88.59;88.41;88.58;684
USDRUBF;5;20250407;104500;88.59;88.69;88.56;88.63;1336
USDRUBF;5;20250407;105000;88.64;88.69;88.61;88.63;441
USDRUBF;5;20250407;105500;88.64;88.69;88.62;88.65;1271
USDRUBF;5;20250407;110000;88.69;88.77;88.61;88.63;1300
USDRUBF;5;20250407;110500;88.63;88.74;88.5;88.69;1409
USDRUBF;5;20250407;111000;88.69;88.73;88.66;88.72;493
USDRUBF;5;20250407;111500;88.72;88.75;88.7;88.74;156
USDRUBF;5;20250407;112000;88.74;88.78;88.71;88.72;452
USDRUBF;5;20250407;112500;88.75;88.75;88.64;88.72;2228
USDRUBF;5;20250407;113000;88.71;88.77;88.71;88.72;295
USDRUBF;5;20250407;113500;88.7;88.79;88.68;88.75;809
USDRUBF;5;20250407;114000;88.76;88.88;88.73;88.81;2309
USDRUBF;5;20250407;114500;88.8;88.83;88.77;88.81;959
USDRUBF;5;20250407;115000;88.8;88.83;88.76;88.78;1165
USDRUBF;5;20250407;115500;88.78;88.78;88.61;88.71;833
USDRUBF;5;20250407;120000;88.71;88.81;88.7;88.77;896
USDRUBF;5;20250407;120500;88.75;88.8;88.67;88.78;333
USDRUBF;5;20250407;121000;88.77;88.8;88.71;88.75;483
USDRUBF;5;20250407;121500;88.73;88.75;88.62;88.71;1221
USDRUBF;5;20250407;122000;88.73;88.96;88.72;88.88;2277
USDRUBF;5;20250407;122500;88.89;88.93;88.81;88.9;1353
USDRUBF;5;20250407;123000;88.9;88.91;88.78;88.83;1178
USDRUBF;5;20250407;123500;88.83;88.9;88.76;88.77;988
USDRUBF;5;20250407;124000;88.77;88.82;88.75;88.75;519
USDRUBF;5;20250407;124500;88.75;88.77;88.71;88.71;319
USDRUBF;5;20250407;125000;88.7;88.79;88.61;88.68;1604
USDRUBF;5;20250407;125500;88.7;88.75;88.65;88.69;956
USDRUBF;5;20250407;130000;88.69;88.75;88.66;88.7;475
USDRUBF;5;20250407;130500;88.71;88.74;88.66;88.68;573
USDRUBF;5;20250407;131000;88.67;88.75;88.6;88.64;800
USDRUBF;5;20250407;131500;88.61;88.67;88.55;88.56;473
USDRUBF;5;20250407;132000;88.57;88.63;88.56;88.57;204
USDRUBF;5;20250407;132500;88.57;88.58;88.41;88.44;1248
USDRUBF;5;20250407;133000;88.43;88.44;88.21;88.35;3919
USDRUBF;5;20250407;133500;88.35;88.45;88.3;88.45;543
USDRUBF;5;20250407;134000;88.44;88.55;88.39;88.4;961
USDRUBF;5;20250407;134500;88.39;88.41;88.19;88.26;1098
USDRUBF;5;20250407;135000;88.25;88.34;88.24;88.25;241
USDRUBF;5;20250407;135500;88.26;88.32;88.25;88.27;454
USDRUBF;5;20250407;140500;88.3;88.32;88.26;88.31;361
USDRUBF;5;20250407;141000;88.34;88.47;88.3;88.41;559
USDRUBF;5;20250407;141500;88.41;88.46;88.38;88.46;247
USDRUBF;5;20250407;142000;88.47;88.47;88.38;88.41;278
USDRUBF;5;20250407;142500;88.4;88.41;88.31;88.32;778
USDRUBF;5;20250407;143000;88.3;88.31;88.24;88.28;450
USDRUBF;5;20250407;143500;88.27;88.29;88.2;88.24;546
USDRUBF;5;20250407;144000;88.22;88.29;88.2;88.28;231
USDRUBF;5;20250407;144500;88.27;88.3;88.24;88.24;1424
USDRUBF;5;20250407;145000;88.26;88.27;88.19;88.2;565
USDRUBF;5;20250407;145500;88.19;88.29;88.17;88.27;582
USDRUBF;5;20250407;150000;88.24;88.41;88.24;88.41;1560
USDRUBF;5;20250407;150500;88.41;88.44;88.33;88.44;938
USDRUBF;5;20250407;151000;88.45;88.55;88.45;88.48;663
USDRUBF;5;20250407;151500;88.5;88.57;88.44;88.52;1276
USDRUBF;5;20250407;152000;88.54;88.58;88.53;88.54;666
USDRUBF;5;20250407;152500;88.56;88.7;88.56;88.62;1256
USDRUBF;5;20250407;153000;88.59;88.62;88.52;88.57;573
USDRUBF;5;20250407;153500;88.58;88.66;88.55;88.66;215
USDRUBF;5;20250407;154000;88.64;88.66;88.52;88.52;450
USDRUBF;5;20250407;154500;88.55;88.61;88.48;88.61;343
USDRUBF;5;20250407;155000;88.6;88.61;88.5;88.54;461
USDRUBF;5;20250407;155500;88.54;88.57;88.49;88.54;588
USDRUBF;5;20250407;160000;88.51;88.57;88.49;88.52;572
USDRUBF;5;20250407;160500;88.5;88.53;88.48;88.51;561
USDRUBF;5;20250407;161000;88.5;88.52;88.48;88.5;148
USDRUBF;5;20250407;161500;88.5;88.52;88.36;88.43;1089
USDRUBF;5;20250407;162000;88.41;88.45;88.37;88.45;541
USDRUBF;5;20250407;162500;88.44;88.44;88.28;88.32;427
USDRUBF;5;20250407;163000;88.34;88.39;88.26;88.38;675
USDRUBF;5;20250407;163500;88.36;88.42;88.28;88.3;383
USDRUBF;5;20250407;164000;88.28;88.33;88.17;88.28;983
USDRUBF;5;20250407;164500;88.25;88.27;87.95;88.1;2029
USDRUBF;5;20250407;165000;88.07;88.11;87.94;87.95;1300
USDRUBF;5;20250407;165500;87.97;88.14;87.95;88.12;1081
USDRUBF;5;20250407;170000;88.11;88.19;88.06;88.17;445
USDRUBF;5;20250407;170500;88.17;88.25;88;88.05;1364
USDRUBF;5;20250407;171000;88.07;88.07;87.77;87.77;2016
USDRUBF;5;20250407;171500;87.77;87.77;87.1;87.5;7233
USDRUBF;5;20250407;172000;87.5;87.72;87.38;87.69;2473
USDRUBF;5;20250407;172500;87.67;87.85;87.67;87.82;1850
USDRUBF;5;20250407;173000;87.84;88.04;87.81;88;1577
USDRUBF;5;20250407;173500;88.01;88.14;87.93;87.99;813
USDRUBF;5;20250407;174000;87.99;88.09;87.88;87.94;1080
USDRUBF;5;20250407;174500;87.91;88.11;87.79;88.11;1449
USDRUBF;5;20250407;175000;88.11;88.2;88.01;88.18;702
USDRUBF;5;20250407;175500;88.17;88.27;88.07;88.11;1213
USDRUBF;5;20250407;180000;88.08;88.18;88.03;88.03;895
USDRUBF;5;20250407;180500;88.03;88.16;87.94;88.13;1166
USDRUBF;5;20250407;181000;88.14;88.18;88.08;88.13;619
USDRUBF;5;20250407;181500;88.14;88.27;88.09;88.16;1411
USDRUBF;5;20250407;182000;88.14;88.22;88.13;88.17;462
USDRUBF;5;20250407;182500;88.15;88.23;88.08;88.2;931
USDRUBF;5;20250407;183000;88.2;88.23;88.09;88.12;1203
USDRUBF;5;20250407;183500;88.11;88.15;88.09;88.09;652
USDRUBF;5;20250407;184000;88.07;88.11;87.9;88;763
USDRUBF;5;20250407;184500;88;88.14;88;88.08;737
USDRUBF;5;20250407;190500;88.18;88.18;87.95;88.09;1138
USDRUBF;5;20250407;191000;88.07;88.3;88.01;88.3;842
USDRUBF;5;20250407;191500;88.3;88.54;88.26;88.43;1165
USDRUBF;5;20250407;192000;88.42;88.54;88.27;88.34;1066
USDRUBF;5;20250407;192500;88.4;88.41;88.3;88.3;289
USDRUBF;5;20250407;193000;88.34;88.45;88.34;88.45;304
USDRUBF;5;20250407;193500;88.44;88.45;88.38;88.4;241
USDRUBF;5;20250407;194000;88.4;88.42;88.39;88.4;83
USDRUBF;5;20250407;194500;88.4;88.42;88.28;88.32;446
USDRUBF;5;20250407;195000;88.3;88.38;88.27;88.27;895
USDRUBF;5;20250407;195500;88.27;88.32;88.14;88.23;428
USDRUBF;5;20250407;200000;88.23;88.26;88.02;88.26;668
USDRUBF;5;20250407;200500;88.24;88.26;88.2;88.2;121
USDRUBF;5;20250407;201000;88.19;88.19;88.08;88.11;299
USDRUBF;5;20250407;201500;88.09;88.11;88.05;88.09;81
USDRUBF;5;20250407;202000;88.09;88.23;88.07;88.23;231
USDRUBF;5;20250407;202500;88.18;88.25;88.18;88.25;88
USDRUBF;5;20250407;203000;88.24;88.25;88.18;88.2;122
USDRUBF;5;20250407;203500;88.23;88.26;88.17;88.18;160
USDRUBF;5;20250407;204000;88.2;88.23;88.19;88.2;195
USDRUBF;5;20250407;204500;88.24;88.25;88.21;88.24;67
USDRUBF;5;20250407;205000;88.25;88.33;88.24;88.27;385
USDRUBF;5;20250407;205500;88.29;88.33;88.21;88.21;158
USDRUBF;5;20250407;210000;88.26;88.31;88.24;88.31;115
USDRUBF;5;20250407;210500;88.26;88.3;88.26;88.28;59
USDRUBF;5;20250407;211000;88.26;88.3;88.26;88.3;110
USDRUBF;5;20250407;211500;88.3;88.32;88.25;88.25;81
USDRUBF;5;20250407;212000;88.26;88.32;88.26;88.3;265
USDRUBF;5;20250407;212500;88.31;88.32;88.3;88.32;34
USDRUBF;5;20250407;213000;88.29;88.32;88.28;88.31;28
USDRUBF;5;20250407;213500;88.3;88.32;88.27;88.29;186
USDRUBF;5;20250407;214000;88.29;88.3;88.25;88.26;79
USDRUBF;5;20250407;214500;88.28;88.28;88.23;88.26;191
USDRUBF;5;20250407;215000;88.24;88.31;88.24;88.31;66
USDRUBF;5;20250407;215500;88.31;88.31;88.28;88.29;36
USDRUBF;5;20250407;220000;88.31;88.31;88.23;88.3;200
USDRUBF;5;20250407;220500;88.29;88.3;88.26;88.29;55
USDRUBF;5;20250407;221000;88.29;88.31;88.28;88.3;68
USDRUBF;5;20250407;221500;88.3;88.33;88.26;88.29;84
USDRUBF;5;20250407;222000;88.31;88.31;88.27;88.29;94
USDRUBF;5;20250407;222500;88.27;88.31;88.25;88.31;139
USDRUBF;5;20250407;223000;88.31;88.41;88.31;88.33;360
USDRUBF;5;20250407;223500;88.35;88.36;88.33;88.34;28
USDRUBF;5;20250407;224000;88.32;88.32;88.28;88.28;98
USDRUBF;5;20250407;224500;88.26;88.3;88.26;88.28;17
USDRUBF;5;20250407;225000;88.31;88.31;88.29;88.31;10
USDRUBF;5;20250407;225500;88.31;88.34;88.31;88.34;80
USDRUBF;5;20250407;230000;88.34;88.35;88.32;88.32;13
USDRUBF;5;20250407;230500;88.31;88.33;88.29;88.3;85
USDRUBF;5;20250407;231000;88.3;88.31;88.28;88.28;51
USDRUBF;5;20250407;231500;88.31;88.31;88.25;88.25;80
USDRUBF;5;20250407;232000;88.25;88.25;88.19;88.23;121
USDRUBF;5;20250407;232500;88.23;88.27;88.23;88.25;38
USDRUBF;5;20250407;233000;88.23;88.23;88.15;88.16;145
USDRUBF;5;20250407;233500;88.19;88.19;88.15;88.15;43
USDRUBF;5;20250407;234000;88.17;88.2;88.13;88.14;72
USDRUBF;5;20250407;234500;88.14;88.21;88.13;88.14;59
USDRUBF;5;20250408;090000;88.15;88.44;87.88;88.15;1385
USDRUBF;5;20250408;090500;88.21;88.3;88.17;88.3;275
USDRUBF;5;20250408;091000;88.3;88.35;88.21;88.28;350
USDRUBF;5;20250408;091500;88.26;88.26;88.19;88.23;182
USDRUBF;5;20250408;092000;88.21;88.24;88.2;88.24;86
USDRUBF;5;20250408;092500;88.23;88.29;88.17;88.2;133
USDRUBF;5;20250408;093000;88.17;88.21;88.16;88.2;153
USDRUBF;5;20250408;093500;88.18;88.18;88.13;88.15;83
USDRUBF;5;20250408;094000;88.15;88.2;87.9;87.9;835
USDRUBF;5;20250408;094500;87.9;87.95;87.88;87.88;338
USDRUBF;5;20250408;095000;87.88;87.99;87.88;87.89;724
USDRUBF;5;20250408;095500;87.88;88.34;87.86;88.08;1145
USDRUBF;5;20250408;100000;88.03;88.08;87.57;87.64;2898
USDRUBF;5;20250408;100500;87.64;87.97;87.58;87.92;1957
USDRUBF;5;20250408;101000;87.89;87.98;87.79;87.86;522
USDRUBF;5;20250408;101500;87.84;87.86;87.72;87.77;484
USDRUBF;5;20250408;102000;87.78;87.94;87.75;87.87;805
USDRUBF;5;20250408;102500;87.89;87.93;87.84;87.89;444
USDRUBF;5;20250408;103000;87.89;88;87.85;88;784
USDRUBF;5;20250408;103500;87.98;88.03;87.88;88.01;587
USDRUBF;5;20250408;104000;88.02;88.11;87.98;88.09;1482
USDRUBF;5;20250408;104500;88.1;88.1;87.93;87.96;714
USDRUBF;5;20250408;105000;87.96;87.99;87.91;87.91;262
USDRUBF;5;20250408;105500;87.93;87.93;87.83;87.9;674
USDRUBF;5;20250408;110000;87.9;87.9;87.7;87.76;947
USDRUBF;5;20250408;110500;87.76;87.95;87.73;87.9;804
USDRUBF;5;20250408;111000;87.91;87.99;87.9;87.96;342
USDRUBF;5;20250408;111500;87.96;88.09;87.94;88.02;1154
USDRUBF;5;20250408;112000;88.07;88.17;88.04;88.14;717
USDRUBF;5;20250408;112500;88.14;88.17;87.95;88.14;1290
USDRUBF;5;20250408;113000;88.14;88.14;87.92;87.94;910
USDRUBF;5;20250408;113500;87.94;88.08;87.92;88.07;480
USDRUBF;5;20250408;114000;88.06;88.06;87.95;87.99;354
USDRUBF;5;20250408;114500;87.98;88.05;87.98;87.98;859
USDRUBF;5;20250408;115000;87.98;88.05;87.94;88.02;602
USDRUBF;5;20250408;115500;88.01;88.13;88;88.07;1397
USDRUBF;5;20250408;120000;88.11;88.26;88.09;88.18;1956
USDRUBF;5;20250408;120500;88.18;88.39;88.13;88.39;1397
USDRUBF;5;20250408;121000;88.37;88.42;88.28;88.33;1325
USDRUBF;5;20250408;121500;88.35;88.36;88.3;88.31;301
USDRUBF;5;20250408;122000;88.33;88.37;88.19;88.25;761
USDRUBF;5;20250408;122500;88.27;88.33;88.22;88.25;143
USDRUBF;5;20250408;123000;88.26;88.34;88.19;88.25;814
USDRUBF;5;20250408;123500;88.23;88.3;88.08;88.09;198
USDRUBF;5;20250408;124000;88.08;88.1;88.01;88.04;323
USDRUBF;5;20250408;124500;88.02;88.09;88.02;88.09;333
USDRUBF;5;20250408;125000;88.07;88.1;88.01;88.01;209
USDRUBF;5;20250408;125500;88.02;88.12;88;88.12;285
USDRUBF;5;20250408;130000;88.12;88.32;88.12;88.26;1273
USDRUBF;5;20250408;130500;88.29;88.4;88.17;88.18;678
USDRUBF;5;20250408;131000;88.2;88.21;88.07;88.08;434
USDRUBF;5;20250408;131500;88.08;88.23;88.07;88.12;540
USDRUBF;5;20250408;132000;88.13;88.23;88.13;88.13;330
USDRUBF;5;20250408;132500;88.15;88.32;88.15;88.32;423
USDRUBF;5;20250408;133000;88.32;88.4;88.24;88.27;909
USDRUBF;5;20250408;133500;88.3;88.38;88.21;88.27;693
USDRUBF;5;20250408;134000;88.25;88.25;88.11;88.12;358
USDRUBF;5;20250408;134500;88.13;88.15;88.07;88.14;430
USDRUBF;5;20250408;135000;88.15;88.16;88.1;88.12;202
USDRUBF;5;20250408;135500;88.12;88.17;88.1;88.15;394
USDRUBF;5;20250408;140500;88.17;88.19;88.04;88.07;598
USDRUBF;5;20250408;141000;88.09;88.14;88.01;88.01;470
USDRUBF;5;20250408;141500;88.02;88.08;87.97;88.07;614
USDRUBF;5;20250408;142000;88.06;88.13;87.99;88.06;672
USDRUBF;5;20250408;142500;88.06;88.08;87.98;88.04;532
USDRUBF;5;20250408;143000;88.06;88.1;87.88;87.91;1026
USDRUBF;5;20250408;143500;87.91;87.91;87.82;87.85;937
USDRUBF;5;20250408;144000;87.85;87.95;87.84;87.92;576
USDRUBF;5;20250408;144500;87.91;87.91;87.8;87.83;724
USDRUBF;5;20250408;145000;87.82;87.93;87.71;87.87;2068
USDRUBF;5;20250408;145500;87.85;87.93;87.83;87.88;1075
USDRUBF;5;20250408;150000;87.86;87.88;87.78;87.8;876
USDRUBF;5;20250408;150500;87.79;87.91;87.79;87.87;549
USDRUBF;5;20250408;151000;87.87;88.12;87.87;88.1;2695
USDRUBF;5;20250408;151500;88.12;88.24;88.05;88.13;1075
USDRUBF;5;20250408;152000;88.09;88.15;88.06;88.11;530
USDRUBF;5;20250408;152500;88.12;88.2;88.07;88.18;386
USDRUBF;5;20250408;153000;88.2;88.23;88.06;88.2;342
USDRUBF;5;20250408;153500;88.2;88.29;88.2;88.26;500
USDRUBF;5;20250408;154000;88.26;88.28;88.1;88.27;684
USDRUBF;5;20250408;154500;88.28;88.28;88.18;88.25;396
USDRUBF;5;20250408;155000;88.25;88.36;88.22;88.22;918
USDRUBF;5;20250408;155500;88.22;88.28;88.17;88.25;652
USDRUBF;5;20250408;160000;88.26;88.31;88.08;88.08;1210
USDRUBF;5;20250408;160500;88.1;88.22;88.07;88.18;396
USDRUBF;5;20250408;161000;88.19;88.22;88.11;88.11;296
USDRUBF;5;20250408;161500;88.12;88.13;88.04;88.13;630
USDRUBF;5;20250408;162000;88.12;88.16;88.05;88.13;327
USDRUBF;5;20250408;162500;88.12;88.15;88.01;88.03;853
USDRUBF;5;20250408;163000;88.02;88.1;87.99;88.09;1546
USDRUBF;5;20250408;163500;88.06;88.16;88.06;88.09;541
USDRUBF;5;20250408;164000;88.1;88.24;88.09;88.18;312
USDRUBF;5;20250408;164500;88.16;88.29;88.15;88.27;297
USDRUBF;5;20250408;165000;88.27;88.31;88.18;88.21;727
USDRUBF;5;20250408;165500;88.21;88.38;88.14;88.38;920
USDRUBF;5;20250408;170000;88.38;88.58;88.19;88.26;2415
USDRUBF;5;20250408;170500;88.27;88.33;88.2;88.26;642
USDRUBF;5;20250408;171000;88.32;88.36;88.24;88.34;876
USDRUBF;5;20250408;171500;88.32;88.35;88.25;88.27;283
USDRUBF;5;20250408;172000;88.28;88.32;88.26;88.28;327
USDRUBF;5;20250408;172500;88.29;88.33;88.22;88.22;278
USDRUBF;5;20250408;173000;88.23;88.31;88.23;88.28;154
USDRUBF;5;20250408;173500;88.28;88.32;88.25;88.27;225
USDRUBF;5;20250408;174000;88.29;88.3;88.24;88.3;57
USDRUBF;5;20250408;174500;88.28;88.29;88.25;88.26;197
USDRUBF;5;20250408;175000;88.28;88.3;88.25;88.28;172
USDRUBF;5;20250408;175500;88.27;88.47;88.27;88.38;1441
USDRUBF;5;20250408;180000;88.36;88.41;88.22;88.22;714
USDRUBF;5;20250408;180500;88.25;88.35;88.25;88.28;450
USDRUBF;5;20250408;181000;88.26;88.26;88.16;88.2;743
USDRUBF;5;20250408;181500;88.2;88.28;88.2;88.27;775
USDRUBF;5;20250408;182000;88.27;88.28;88.16;88.19;1018
USDRUBF;5;20250408;182500;88.19;88.22;88.18;88.22;518
USDRUBF;5;20250408;183000;88.21;88.38;88.18;88.23;992
USDRUBF;5;20250408;183500;88.23;88.29;88.23;88.24;177
USDRUBF;5;20250408;184000;88.24;88.26;88.21;88.21;242
USDRUBF;5;20250408;184500;88.22;88.22;88.15;88.17;484
USDRUBF;5;20250408;190500;88.18;88.4;88.18;88.37;756
USDRUBF;5;20250408;191000;88.34;88.38;88.2;88.22;765
USDRUBF;5;20250408;191500;88.17;88.28;88.15;88.28;301
USDRUBF;5;20250408;192000;88.28;88.36;88.24;88.36;214
USDRUBF;5;20250408;192500;88.35;88.4;88.31;88.35;396
USDRUBF;5;20250408;193000;88.31;88.38;88.31;88.38;78
USDRUBF;5;20250408;193500;88.36;88.48;88.34;88.46;478
USDRUBF;5;20250408;194000;88.49;88.59;88.46;88.56;597
USDRUBF;5;20250408;194500;88.57;88.7;88.57;88.6;758
USDRUBF;5;20250408;195000;88.6;88.63;88.55;88.61;347
USDRUBF;5;20250408;195500;88.61;88.76;88.61;88.72;768
USDRUBF;5;20250408;200000;88.73;88.85;88.65;88.72;1163
USDRUBF;5;20250408;200500;88.73;88.77;88.66;88.71;576
USDRUBF;5;20250408;201000;88.71;88.77;88.6;88.62;478
USDRUBF;5;20250408;201500;88.62;88.64;88.55;88.62;358
USDRUBF;5;20250408;202000;88.63;88.63;88.56;88.63;477
USDRUBF;5;20250408;202500;88.64;88.7;88.6;88.63;276
USDRUBF;5;20250408;203000;88.63;88.75;88.63;88.75;351
USDRUBF;5;20250408;203500;88.73;88.75;88.64;88.66;553
USDRUBF;5;20250408;204000;88.65;88.67;88.61;88.61;238
USDRUBF;5;20250408;204500;88.6;88.6;88.51;88.56;323
USDRUBF;5;20250408;205000;88.59;88.66;88.59;88.62;138
USDRUBF;5;20250408;205500;88.59;88.62;88.56;88.6;201
USDRUBF;5;20250408;210000;88.58;88.6;88.56;88.56;35
USDRUBF;5;20250408;210500;88.55;88.59;88.52;88.55;194
USDRUBF;5;20250408;211000;88.55;88.56;88.54;88.55;148
USDRUBF;5;20250408;211500;88.56;88.56;88.53;88.53;70
USDRUBF;5;20250408;212000;88.53;88.54;88.52;88.52;41
USDRUBF;5;20250408;212500;88.52;88.54;88.52;88.52;25
USDRUBF;5;20250408;213000;88.52;88.55;88.46;88.55;175
USDRUBF;5;20250408;213500;88.54;88.59;88.54;88.58;103
USDRUBF;5;20250408;214000;88.59;88.59;88.58;88.59;193
USDRUBF;5;20250408;214500;88.59;88.6;88.57;88.6;206
USDRUBF;5;20250408;215000;88.6;88.66;88.59;88.64;204
USDRUBF;5;20250408;215500;88.65;88.69;88.64;88.69;110
USDRUBF;5;20250408;220000;88.68;88.7;88.59;88.59;114
USDRUBF;5;20250408;220500;88.61;88.7;88.6;88.69;271
USDRUBF;5;20250408;221000;88.68;88.7;88.61;88.61;335
USDRUBF;5;20250408;221500;88.66;88.69;88.61;88.63;251
USDRUBF;5;20250408;222000;88.64;88.7;88.61;88.63;525
USDRUBF;5;20250408;222500;88.67;88.73;88.63;88.73;317
USDRUBF;5;20250408;223000;88.73;88.96;88.73;88.92;1017
USDRUBF;5;20250408;223500;88.94;89.06;88.84;89.04;1229
USDRUBF;5;20250408;224000;89.03;89.18;89.01;89.06;1099
USDRUBF;5;20250408;224500;89.04;89.06;89.02;89.02;373
USDRUBF;5;20250408;225000;89.02;89.02;88.95;88.96;833
USDRUBF;5;20250408;225500;88.99;89.02;88.94;89;210
USDRUBF;5;20250408;230000;89;89;88.98;88.98;207
USDRUBF;5;20250408;230500;88.98;89;88.98;88.98;205
USDRUBF;5;20250408;231000;88.98;89.17;88.98;89.17;622
USDRUBF;5;20250408;231500;89.16;89.19;89.08;89.19;607
USDRUBF;5;20250408;232000;89.19;89.21;89.18;89.2;824
USDRUBF;5;20250408;232500;89.2;89.26;89.2;89.23;413
USDRUBF;5;20250408;233000;89.26;89.32;89.21;89.23;1022
USDRUBF;5;20250408;233500;89.23;89.27;89.2;89.25;295
USDRUBF;5;20250408;234000;89.25;89.26;89.19;89.26;384
USDRUBF;5;20250408;234500;89.26;89.31;89.18;89.31;417
USDRUBF;5;20250409;090000;89.32;89.34;89.03;89.13;1430
USDRUBF;5;20250409;090500;89.14;89.2;89.05;89.06;834
USDRUBF;5;20250409;091000;89.09;89.1;88.9;89.03;1203
USDRUBF;5;20250409;091500;88.98;89.05;88.88;88.95;646
USDRUBF;5;20250409;092000;88.95;88.95;88.89;88.9;298
USDRUBF;5;20250409;092500;88.89;88.95;88.86;88.95;438
USDRUBF;5;20250409;093000;88.95;89.1;88.92;89;857
USDRUBF;5;20250409;093500;89;89;88.88;88.97;740
USDRUBF;5;20250409;094000;88.97;89.03;88.93;88.93;308
USDRUBF;5;20250409;094500;88.94;88.97;88.86;88.86;507
USDRUBF;5;20250409;095000;88.87;88.95;88.87;88.9;407
USDRUBF;5;20250409;095500;88.9;88.96;88.88;88.91;381
USDRUBF;5;20250409;100000;88.95;89.13;88.9;88.97;1551
USDRUBF;5;20250409;100500;88.98;89.04;88.94;88.95;3307
USDRUBF;5;20250409;101000;88.95;89.05;88.94;88.98;2859
USDRUBF;5;20250409;101500;88.99;89.05;88.94;88.95;1818
USDRUBF;5;20250409;102000;88.95;88.99;88.94;88.97;457
USDRUBF;5;20250409;102500;88.97;88.99;88.94;88.95;888
USDRUBF;5;20250409;103000;88.94;89.06;88.94;88.98;2362
USDRUBF;5;20250409;103500;88.98;88.98;88.87;88.91;1449
USDRUBF;5;20250409;104000;88.9;88.97;88.82;88.82;1361
USDRUBF;5;20250409;104500;88.84;88.88;88.83;88.85;618
USDRUBF;5;20250409;105000;88.88;88.94;88.81;88.81;1666
USDRUBF;5;20250409;105500;88.82;88.91;88.73;88.74;1352
USDRUBF;5;20250409;110000;88.73;88.82;88.62;88.66;1969
USDRUBF;5;20250409;110500;88.66;88.74;88.63;88.65;353
USDRUBF;5;20250409;111000;88.65;88.66;88.57;88.57;1200
USDRUBF;5;20250409;111500;88.57;88.64;88.52;88.59;1308
USDRUBF;5;20250409;112000;88.59;88.69;88.58;88.67;677
USDRUBF;5;20250409;112500;88.69;88.72;88.62;88.66;619
USDRUBF;5;20250409;113000;88.67;88.71;88.61;88.7;409
USDRUBF;5;20250409;113500;88.68;88.71;88.58;88.62;394
USDRUBF;5;20250409;114000;88.62;88.65;88.6;88.63;730
USDRUBF;5;20250409;114500;88.65;88.65;88.53;88.55;677
USDRUBF;5;20250409;115000;88.55;88.6;88.43;88.45;1078
USDRUBF;5;20250409;115500;88.45;88.48;88.39;88.42;990
USDRUBF;5;20250409;120000;88.42;88.48;88.39;88.43;734
USDRUBF;5;20250409;120500;88.43;88.53;88.42;88.5;418
USDRUBF;5;20250409;121000;88.51;88.52;88.34;88.39;1783
USDRUBF;5;20250409;121500;88.38;88.45;88.36;88.45;284
USDRUBF;5;20250409;122000;88.44;88.45;88.4;88.42;208
USDRUBF;5;20250409;122500;88.44;88.44;88.4;88.42;308
USDRUBF;5;20250409;123000;88.42;88.42;88.31;88.36;1098
USDRUBF;5;20250409;123500;88.35;88.6;88.34;88.56;733
USDRUBF;5;20250409;124000;88.59;88.68;88.45;88.56;651
USDRUBF;5;20250409;124500;88.55;88.79;88.5;88.69;3584
USDRUBF;5;20250409;125000;88.69;88.78;88.63;88.75;2357
USDRUBF;5;20250409;125500;88.73;88.81;88.72;88.79;1314
USDRUBF;5;20250409;130000;88.79;88.85;88.7;88.82;1329
USDRUBF;5;20250409;130500;88.81;88.81;88.75;88.81;645
USDRUBF;5;20250409;131000;88.81;88.87;88.63;88.69;1168
USDRUBF;5;20250409;131500;88.7;88.77;88.61;88.72;598
USDRUBF;5;20250409;132000;88.72;88.79;88.63;88.78;372
USDRUBF;5;20250409;132500;88.78;88.79;88.63;88.64;1798
USDRUBF;5;20250409;133000;88.66;88.69;88.63;88.68;391
USDRUBF;5;20250409;133500;88.69;88.74;88.63;88.67;325
USDRUBF;5;20250409;134000;88.65;88.66;88.62;88.64;95
USDRUBF;5;20250409;134500;88.64;88.67;88.62;88.64;150
USDRUBF;5;20250409;135000;88.63;88.65;88.6;88.63;238
USDRUBF;5;20250409;135500;88.61;88.65;88.59;88.65;584
USDRUBF;5;20250409;140500;88.65;89.19;88.65;89.01;2770
USDRUBF;5;20250409;141000;89.05;89.11;88.95;89.01;1183
USDRUBF;5;20250409;141500;89.01;89.1;88.97;88.97;1125
USDRUBF;5;20250409;142000;88.97;89;88.92;88.95;634
USDRUBF;5;20250409;142500;88.95;88.97;88.85;88.91;580
USDRUBF;5;20250409;143000;88.93;88.97;88.87;88.88;364
USDRUBF;5;20250409;143500;88.89;88.89;88.85;88.86;187
USDRUBF;5;20250409;144000;88.86;88.88;88.84;88.86;418
USDRUBF;5;20250409;144500;88.87;88.95;88.86;88.91;385
USDRUBF;5;20250409;145000;88.92;89.06;88.92;89.04;720
USDRUBF;5;20250409;145500;89.04;89.05;88.95;89.02;686
USDRUBF;5;20250409;150000;89.03;89.05;88.97;89.03;1423
USDRUBF;5;20250409;150500;89.04;89.08;88.96;89;1457
USDRUBF;5;20250409;151000;89;89.01;88.93;88.97;477
USDRUBF;5;20250409;151500;88.94;89;88.84;88.89;647
USDRUBF;5;20250409;152000;88.88;88.92;88.65;88.74;1048
USDRUBF;5;20250409;152500;88.72;88.74;88.6;88.69;1018
USDRUBF;5;20250409;153000;88.7;88.79;88.68;88.7;761
USDRUBF;5;20250409;153500;88.71;88.79;88.7;88.72;720
USDRUBF;5;20250409;154000;88.73;88.77;88.68;88.71;788
USDRUBF;5;20250409;154500;88.71;88.71;88.57;88.59;810
USDRUBF;5;20250409;155000;88.59;88.61;88.5;88.51;1176
USDRUBF;5;20250409;155500;88.51;88.68;88.51;88.65;728
USDRUBF;5;20250409;160000;88.66;88.66;88.51;88.62;1002
USDRUBF;5;20250409;160500;88.62;88.63;88.52;88.54;367
USDRUBF;5;20250409;161000;88.53;88.61;88.43;88.6;1567
USDRUBF;5;20250409;161500;88.6;88.7;88.56;88.56;713
USDRUBF;5;20250409;162000;88.57;88.64;88.53;88.6;635
USDRUBF;5;20250409;162500;88.6;88.61;88.54;88.54;268
USDRUBF;5;20250409;163000;88.54;88.56;88.48;88.48;406
USDRUBF;5;20250409;163500;88.51;88.53;88.47;88.48;461
USDRUBF;5;20250409;164000;88.48;88.48;88.4;88.42;841
USDRUBF;5;20250409;164500;88.4;88.52;88.36;88.48;419
USDRUBF;5;20250409;165000;88.47;88.59;88.47;88.56;444
USDRUBF;5;20250409;165500;88.56;88.59;88.52;88.53;294
USDRUBF;5;20250409;170000;88.53;88.55;88.5;88.54;387
USDRUBF;5;20250409;170500;88.54;88.64;88.53;88.63;312
USDRUBF;5;20250409;171000;88.63;88.63;88.48;88.48;543
USDRUBF;5;20250409;171500;88.47;88.5;88.36;88.42;1724
USDRUBF;5;20250409;172000;88.4;88.46;88.39;88.41;316
USDRUBF;5;20250409;172500;88.42;88.46;88.41;88.45;397
USDRUBF;5;20250409;173000;88.44;88.45;88.37;88.39;382
USDRUBF;5;20250409;173500;88.4;88.53;88.39;88.5;924
USDRUBF;5;20250409;174000;88.49;88.5;88.34;88.36;927
USDRUBF;5;20250409;174500;88.35;88.36;88.26;88.33;1197
USDRUBF;5;20250409;175000;88.32;88.38;88.25;88.26;1340
USDRUBF;5;20250409;175500;88.27;88.55;88.27;88.53;721
USDRUBF;5;20250409;180000;88.53;88.6;88.46;88.5;1066
USDRUBF;5;20250409;180500;88.5;88.5;88.37;88.45;433
USDRUBF;5;20250409;181000;88.47;88.62;88.44;88.6;745
USDRUBF;5;20250409;181500;88.61;88.63;88.41;88.45;899
USDRUBF;5;20250409;182000;88.46;88.46;88.28;88.29;638
USDRUBF;5;20250409;182500;88.3;88.37;88.26;88.33;694
USDRUBF;5;20250409;183000;88.33;88.35;88.24;88.24;466
USDRUBF;5;20250409;183500;88.26;88.34;88.2;88.26;674
USDRUBF;5;20250409;184000;88.25;88.25;88.16;88.16;926
USDRUBF;5;20250409;184500;88.17;88.21;88.05;88.13;1093
USDRUBF;5;20250409;190500;88.13;88.3;88.13;88.18;946
USDRUBF;5;20250409;191000;88.17;88.17;88.06;88.12;1131
USDRUBF;5;20250409;191500;88.12;88.15;88.08;88.12;610
USDRUBF;5;20250409;192000;88.1;88.21;88.1;88.17;477
USDRUBF;5;20250409;192500;88.17;88.22;88.15;88.22;222
USDRUBF;5;20250409;193000;88.22;88.23;88.16;88.18;283
USDRUBF;5;20250409;193500;88.16;88.18;88.06;88.1;405
USDRUBF;5;20250409;194000;88.08;88.11;88;88.03;800
USDRUBF;5;20250409;194500;88.01;88.05;88;88.03;262
USDRUBF;5;20250409;195000;88.04;88.04;87.94;87.94;1046
USDRUBF;5;20250409;195500;87.94;87.96;87.92;87.93;339
USDRUBF;5;20250409;200000;87.93;87.94;87.89;87.91;434
USDRUBF;5;20250409;200500;87.91;87.92;87.84;87.87;710
USDRUBF;5;20250409;201000;87.87;87.93;87.85;87.85;720
USDRUBF;5;20250409;201500;87.85;87.88;87.84;87.85;676
USDRUBF;5;20250409;202000;87.84;87.85;87.6;87.68;1697
USDRUBF;5;20250409;202500;87.7;87.72;87.57;87.64;1454
USDRUBF;5;20250409;203000;87.61;87.88;87.5;87.78;2557
USDRUBF;5;20250409;203500;87.77;87.87;87.67;87.75;1100
USDRUBF;5;20250409;204000;87.74;87.74;87.68;87.72;352
USDRUBF;5;20250409;204500;87.71;87.79;87.7;87.73;1663
USDRUBF;5;20250409;205000;87.73;87.73;87.6;87.66;1216
USDRUBF;5;20250409;205500;87.66;87.68;87.33;87.39;1859
USDRUBF;5;20250409;210000;87.39;87.54;87.34;87.47;820
USDRUBF;5;20250409;210500;87.48;87.53;86.97;87.1;3083
USDRUBF;5;20250409;211000;87.1;87.23;87.07;87.22;1533
USDRUBF;5;20250409;211500;87.21;87.21;86.99;87.02;1492
USDRUBF;5;20250409;212000;87.02;87.05;86.8;86.86;1940
USDRUBF;5;20250409;212500;86.85;86.97;86.63;86.94;2860
USDRUBF;5;20250409;213000;86.93;86.98;86.53;86.98;2342
USDRUBF;5;20250409;213500;86.96;87.17;86.95;87.1;1099
USDRUBF;5;20250409;214000;87.11;87.19;87.05;87.15;613
USDRUBF;5;20250409;214500;87.15;87.2;87.1;87.14;518
USDRUBF;5;20250409;215000;87.14;87.14;87.03;87.03;308
USDRUBF;5;20250409;215500;87.03;87.03;86.81;86.82;925
USDRUBF;5;20250409;220000;86.82;86.91;86.78;86.86;1176
USDRUBF;5;20250409;220500;86.87;86.93;86.86;86.89;1243
USDRUBF;5;20250409;221000;86.89;86.98;86.8;86.98;1166
USDRUBF;5;20250409;221500;86.98;87.08;86.9;87.05;650
USDRUBF;5;20250409;222000;87.06;87.15;87.05;87.05;456
USDRUBF;5;20250409;222500;87.06;87.12;87.01;87.09;158
USDRUBF;5;20250409;223000;87.12;87.12;87;87.05;468
USDRUBF;5;20250409;223500;87.06;87.16;87.03;87.09;397
USDRUBF;5;20250409;224000;87.09;87.11;87.04;87.11;387
USDRUBF;5;20250409;224500;87.12;87.15;87.04;87.04;273
USDRUBF;5;20250409;225000;87.05;87.07;87.01;87.01;270
USDRUBF;5;20250409;225500;87;87.07;87;87.01;524
USDRUBF;5;20250409;230000;87;87.02;86.95;86.98;274
USDRUBF;5;20250409;230500;86.97;87;86.96;86.96;159
USDRUBF;5;20250409;231000;86.95;86.99;86.93;86.97;257
USDRUBF;5;20250409;231500;86.96;86.96;86.83;86.89;668
USDRUBF;5;20250409;232000;86.84;86.97;86.82;86.95;478
USDRUBF;5;20250409;232500;86.96;86.96;86.92;86.92;309
USDRUBF;5;20250409;233000;86.93;87;86.91;87;219
USDRUBF;5;20250409;233500;86.99;87.02;86.91;87.01;96
USDRUBF;5;20250409;234000;87;87.05;86.9;87.01;200
USDRUBF;5;20250409;234500;86.99;87.04;86.89;86.96;514
USDRUBF;5;20250410;090000;87.05;87.21;86.96;87.15;725
USDRUBF;5;20250410;090500;87.18;87.38;87.17;87.21;560
USDRUBF;5;20250410;091000;87.21;87.33;87.2;87.27;593
USDRUBF;5;20250410;091500;87.27;87.3;87.2;87.23;315
USDRUBF;5;20250410;092000;87.23;87.3;87.2;87.26;386
USDRUBF;5;20250410;092500;87.26;87.29;87.25;87.26;459
USDRUBF;5;20250410;093000;87.26;87.29;87.23;87.28;1046
USDRUBF;5;20250410;093500;87.25;87.4;87.24;87.39;408
USDRUBF;5;20250410;094000;87.39;87.41;87.27;87.36;703
USDRUBF;5;20250410;094500;87.37;87.41;87.36;87.38;117
USDRUBF;5;20250410;095000;87.4;87.41;87.21;87.28;133
USDRUBF;5;20250410;095500;87.21;87.21;87.01;87.13;1076
USDRUBF;5;20250410;100000;87.11;87.38;87.03;87.38;1757
USDRUBF;5;20250410;100500;87.38;87.62;87.38;87.62;940
USDRUBF;5;20250410;101000;87.61;87.62;87.47;87.48;899
USDRUBF;5;20250410;101500;87.47;87.5;87.35;87.46;583
USDRUBF;5;20250410;102000;87.48;87.48;87.39;87.44;277
USDRUBF;5;20250410;102500;87.42;87.61;87.42;87.55;648
USDRUBF;5;20250410;103000;87.56;87.57;87.49;87.55;557
USDRUBF;5;20250410;103500;87.55;87.67;87.5;87.67;562
USDRUBF;5;20250410;104000;87.66;87.7;87.59;87.61;411
USDRUBF;5;20250410;104500;87.61;87.62;87.53;87.61;337
USDRUBF;5;20250410;105000;87.61;87.63;87.56;87.58;447
USDRUBF;5;20250410;105500;87.59;87.62;87.56;87.61;263
USDRUBF;5;20250410;110000;87.61;87.64;87.42;87.48;651
USDRUBF;5;20250410;110500;87.49;87.55;87.46;87.55;298
USDRUBF;5;20250410;111000;87.55;87.61;87.52;87.58;428
USDRUBF;5;20250410;111500;87.57;87.6;87.52;87.6;126
USDRUBF;5;20250410;112000;87.61;87.66;87.56;87.63;180
USDRUBF;5;20250410;112500;87.62;87.63;87.56;87.59;132
USDRUBF;5;20250410;113000;87.62;87.84;87.61;87.75;654
USDRUBF;5;20250410;113500;87.75;87.76;87.66;87.75;525
USDRUBF;5;20250410;114000;87.75;87.87;87.75;87.86;1110
USDRUBF;5;20250410;114500;87.84;87.9;87.77;87.78;994
USDRUBF;5;20250410;115000;87.77;87.79;87.7;87.75;462
USDRUBF;5;20250410;115500;87.79;87.82;87.69;87.69;723
USDRUBF;5;20250410;120000;87.71;87.75;87.67;87.68;200
USDRUBF;5;20250410;120500;87.71;87.71;87.61;87.62;378
USDRUBF;5;20250410;121000;87.62;87.67;87.54;87.59;1126
USDRUBF;5;20250410;121500;87.6;87.63;87.57;87.6;94
USDRUBF;5;20250410;122000;87.6;87.72;87.6;87.68;323
USDRUBF;5;20250410;122500;87.69;87.73;87.67;87.7;305
USDRUBF;5;20250410;123000;87.7;87.8;87.62;87.63;1022
USDRUBF;5;20250410;123500;87.63;87.65;87.6;87.62;73
USDRUBF;5;20250410;124000;87.64;87.64;87.52;87.52;268
USDRUBF;5;20250410;124500;87.51;87.54;87.4;87.47;801
USDRUBF;5;20250410;125000;87.47;87.52;87.44;87.51;178
USDRUBF;5;20250410;125500;87.52;87.55;87.49;87.52;294
USDRUBF;5;20250410;130000;87.51;87.51;87.43;87.44;485
USDRUBF;5;20250410;130500;87.45;87.54;87.43;87.45;150
USDRUBF;5;20250410;131000;87.44;87.45;87.37;87.39;1214
USDRUBF;5;20250410;131500;87.36;87.41;87.36;87.4;205
USDRUBF;5;20250410;132000;87.4;87.4;87.33;87.36;238
USDRUBF;5;20250410;132500;87.34;87.35;87.25;87.31;258
USDRUBF;5;20250410;133000;87.31;87.32;87.11;87.11;957
USDRUBF;5;20250410;133500;87.12;87.15;87.03;87.15;703
USDRUBF;5;20250410;134000;87.17;87.25;87.13;87.25;407
USDRUBF;5;20250410;134500;87.25;87.3;87.23;87.29;292
USDRUBF;5;20250410;135000;87.28;87.36;87.25;87.25;440
USDRUBF;5;20250410;135500;87.24;87.31;87.22;87.31;350
USDRUBF;5;20250410;140500;87.3;87.36;87.23;87.31;669
USDRUBF;5;20250410;141000;87.3;87.58;87.26;87.55;741
USDRUBF;5;20250410;141500;87.59;88;87.57;87.66;3509
USDRUBF;5;20250410;142000;87.67;87.68;87.41;87.45;834
USDRUBF;5;20250410;142500;87.43;87.53;87.41;87.5;295
USDRUBF;5;20250410;143000;87.5;87.53;87.45;87.53;626
USDRUBF;5;20250410;143500;87.54;87.56;87.47;87.49;229
USDRUBF;5;20250410;144000;87.49;87.51;87.4;87.44;221
USDRUBF;5;20250410;144500;87.43;87.54;87.42;87.54;320
USDRUBF;5;20250410;145000;87.55;87.56;87.51;87.52;109
USDRUBF;5;20250410;145500;87.54;87.54;87.45;87.48;292
USDRUBF;5;20250410;150000;87.48;87.52;87.41;87.44;274
USDRUBF;5;20250410;150500;87.45;87.49;87.42;87.47;189
USDRUBF;5;20250410;151000;87.44;87.44;87.27;87.3;355
USDRUBF;5;20250410;151500;87.3;87.32;87.23;87.24;251
USDRUBF;5;20250410;152000;87.25;87.26;87.11;87.12;560
USDRUBF;5;20250410;152500;87.12;87.2;87.09;87.17;453
USDRUBF;5;20250410;153000;87.16;87.27;87.16;87.27;1052
USDRUBF;5;20250410;153500;87.27;87.33;87.24;87.33;223
USDRUBF;5;20250410;154000;87.32;87.4;87.29;87.32;793
USDRUBF;5;20250410;154500;87.31;87.34;87.19;87.19;750
USDRUBF;5;20250410;155000;87.2;87.28;87.12;87.12;543
USDRUBF;5;20250410;155500;87.11;87.15;87;87.05;1852
USDRUBF;5;20250410;160000;87.03;87.24;86.93;87.16;2185
USDRUBF;5;20250410;160500;87.17;87.19;87.04;87.11;1056
USDRUBF;5;20250410;161000;87.11;87.11;86.92;86.92;779
USDRUBF;5;20250410;161500;86.92;86.95;86.86;86.93;1708
USDRUBF;5;20250410;162000;86.91;86.94;86.87;86.87;584
USDRUBF;5;20250410;162500;86.87;87.04;86.87;87;1020
USDRUBF;5;20250410;163000;87.02;87.15;87;87.11;981
USDRUBF;5;20250410;163500;87.13;87.29;87.11;87.27;607
USDRUBF;5;20250410;164000;87.26;87.38;87.21;87.21;1566
USDRUBF;5;20250410;164500;87.26;87.3;87.17;87.22;333
USDRUBF;5;20250410;165000;87.2;87.27;87.16;87.27;625
USDRUBF;5;20250410;165500;87.26;87.35;87.23;87.3;892
USDRUBF;5;20250410;170000;87.33;87.33;87.18;87.23;523
USDRUBF;5;20250410;170500;87.26;87.28;87.2;87.28;467
USDRUBF;5;20250410;171000;87.29;87.36;87.23;87.35;426
USDRUBF;5;20250410;171500;87.34;87.38;87.18;87.22;668
USDRUBF;5;20250410;172000;87.23;87.23;87.17;87.18;100
USDRUBF;5;20250410;172500;87.2;87.24;87.17;87.24;102
USDRUBF;5;20250410;173000;87.25;87.25;87.21;87.23;23
USDRUBF;5;20250410;173500;87.23;87.23;87.15;87.15;704
USDRUBF;5;20250410;174000;87.15;87.16;87.08;87.14;700
USDRUBF;5;20250410;174500;87.12;87.16;87.11;87.13;145
USDRUBF;5;20250410;175000;87.14;87.15;87;87.04;563
USDRUBF;5;20250410;175500;87.03;87.04;86.87;86.94;1484
USDRUBF;5;20250410;180000;86.97;86.99;86.79;86.8;2226
USDRUBF;5;20250410;180500;86.8;86.8;86.65;86.76;3586
USDRUBF;5;20250410;181000;86.77;86.95;86.77;86.94;701
USDRUBF;5;20250410;181500;86.92;86.94;86.82;86.82;945
USDRUBF;5;20250410;182000;86.81;86.83;86.78;86.82;857
USDRUBF;5;20250410;182500;86.82;86.82;86.66;86.66;3995
USDRUBF;5;20250410;183000;86.66;86.72;86.57;86.57;1938
USDRUBF;5;20250410;183500;86.57;86.6;86.57;86.6;934
USDRUBF;5;20250410;184000;86.6;86.66;86.56;86.63;1738
USDRUBF;5;20250410;184500;86.66;86.66;86.55;86.65;702
USDRUBF;5;20250410;190500;86.66;87.06;86.66;86.91;1591
USDRUBF;5;20250410;191000;86.95;86.98;86.9;86.93;404
USDRUBF;5;20250410;191500;86.97;87.18;86.92;87.12;933
USDRUBF;5;20250410;192000;87.1;87.14;86.91;87;312
USDRUBF;5;20250410;192500;87;87.31;87;87.19;753
USDRUBF;5;20250410;193000;87.2;87.23;87.11;87.11;444
USDRUBF;5;20250410;193500;87.11;87.12;87.09;87.09;61
USDRUBF;5;20250410;194000;87.1;87.11;87.08;87.08;57
USDRUBF;5;20250410;194500;87.09;87.11;87.01;87.05;116
USDRUBF;5;20250410;195000;87.07;87.07;86.93;86.94;539
USDRUBF;5;20250410;195500;86.93;87.04;86.93;86.97;409
USDRUBF;5;20250410;200000;86.97;87.12;86.97;87.02;129
USDRUBF;5;20250410;200500;87.02;87.07;87;87.02;141
USDRUBF;5;20250410;201000;87.03;87.07;86.96;86.98;184
USDRUBF;5;20250410;201500;86.99;87.06;86.98;87.06;326
USDRUBF;5;20250410;202000;87.06;87.11;87.05;87.1;156
USDRUBF;5;20250410;202500;87.13;87.14;87.07;87.1;89
USDRUBF;5;20250410;203000;87.07;87.1;87.03;87.03;38
USDRUBF;5;20250410;203500;87.06;87.06;86.97;86.98;318
USDRUBF;5;20250410;204000;86.98;86.98;86.93;86.93;206
USDRUBF;5;20250410;204500;86.94;86.94;86.89;86.92;427
USDRUBF;5;20250410;205000;86.92;86.97;86.91;86.97;83
USDRUBF;5;20250410;205500;86.97;86.97;86.87;86.9;373
USDRUBF;5;20250410;210000;86.86;86.97;86.86;86.96;381
USDRUBF;5;20250410;210500;86.97;87.06;86.97;87.03;182
USDRUBF;5;20250410;211000;87.03;87.05;87.03;87.04;264
USDRUBF;5;20250410;211500;87.03;87.05;87.03;87.05;255
USDRUBF;5;20250410;212000;87.07;87.09;87.05;87.07;34
USDRUBF;5;20250410;212500;87.09;87.11;87.05;87.11;97
USDRUBF;5;20250410;213000;87.08;87.1;87.05;87.06;190
USDRUBF;5;20250410;213500;87.09;87.1;87.04;87.06;106
USDRUBF;5;20250410;214000;87.06;87.07;86.97;87;701
USDRUBF;5;20250410;214500;87;87;86.96;86.99;96
USDRUBF;5;20250410;215000;86.98;87.02;86.98;86.99;43
USDRUBF;5;20250410;215500;87.01;87.08;87.01;87.08;104
USDRUBF;5;20250410;220000;87.08;87.1;87.03;87.03;163
USDRUBF;5;20250410;220500;87.07;87.08;87.01;87.04;123
USDRUBF;5;20250410;221000;87.08;87.08;87.05;87.07;93
USDRUBF;5;20250410;221500;87.07;87.08;87.04;87.07;48
USDRUBF;5;20250410;222000;87.05;87.11;87.05;87.11;177
USDRUBF;5;20250410;222500;87.11;87.11;87.07;87.08;95
USDRUBF;5;20250410;223000;87.09;87.1;87.07;87.07;118
USDRUBF;5;20250410;223500;87.09;87.09;87.05;87.07;141
USDRUBF;5;20250410;224000;87.05;87.05;87.01;87.02;113
USDRUBF;5;20250410;224500;87.02;87.07;86.95;86.97;789
USDRUBF;5;20250410;225000;86.99;87.01;86.84;86.92;1331
USDRUBF;5;20250410;225500;86.91;86.95;86.89;86.94;121
USDRUBF;5;20250410;230000;86.94;86.97;86.92;86.97;95
USDRUBF;5;20250410;230500;86.97;87;86.96;87;16
USDRUBF;5;20250410;231000;86.96;86.99;86.96;86.99;7
USDRUBF;5;20250410;231500;86.99;87;86.98;86.99;33
USDRUBF;5;20250410;232000;86.97;87.04;86.95;87.04;151
USDRUBF;5;20250410;232500;87.04;87.04;86.95;86.95;59
USDRUBF;5;20250410;233000;86.95;86.99;86.9;86.98;129
USDRUBF;5;20250410;233500;86.98;87.03;86.98;87.03;11
USDRUBF;5;20250410;234000;87.01;87.05;87;87.02;46
USDRUBF;5;20250410;234500;87.01;87.05;86.81;87.04;165
USDRUBF;5;20250411;090000;87;87.03;86.73;86.94;645
USDRUBF;5;20250411;090500;86.92;86.97;86.88;86.92;588
USDRUBF;5;20250411;091000;86.92;86.98;86.78;86.87;678
USDRUBF;5;20250411;091500;86.8;86.83;86.57;86.58;927
USDRUBF;5;20250411;092000;86.57;86.67;86.5;86.6;1979
USDRUBF;5;20250411;092500;86.6;86.61;86.57;86.61;1282
USDRUBF;5;20250411;093000;86.6;86.61;86.51;86.51;840
USDRUBF;5;20250411;093500;86.5;86.53;86.41;86.53;1704
USDRUBF;5;20250411;094000;86.51;86.54;86.5;86.52;249
USDRUBF;5;20250411;094500;86.52;86.61;86.49;86.57;460
USDRUBF;5;20250411;095000;86.6;86.66;86.54;86.6;1067
USDRUBF;5;20250411;095500;86.59;86.59;86.51;86.55;495
USDRUBF;5;20250411;100000;86.53;86.7;86.1;86.11;3063
USDRUBF;5;20250411;100500;86.13;86.36;86.09;86.33;1456
USDRUBF;5;20250411;101000;86.31;86.39;86.23;86.31;735
USDRUBF;5;20250411;101500;86.31;86.34;86.11;86.13;1256
USDRUBF;5;20250411;102000;86.14;86.38;86.1;86.27;1436
USDRUBF;5;20250411;102500;86.26;86.31;86.18;86.31;963
USDRUBF;5;20250411;103000;86.3;86.47;86.29;86.44;1009
USDRUBF;5;20250411;103500;86.45;86.54;86.44;86.51;582
USDRUBF;5;20250411;104000;86.5;86.56;86.46;86.46;268
USDRUBF;5;20250411;104500;86.47;86.56;86.47;86.52;141
USDRUBF;5;20250411;105000;86.54;86.62;86.5;86.57;790
USDRUBF;5;20250411;105500;86.55;86.58;86.5;86.51;382
USDRUBF;5;20250411;110000;86.51;86.56;86.38;86.5;898
USDRUBF;5;20250411;110500;86.52;86.57;86.48;86.5;919
USDRUBF;5;20250411;111000;86.51;86.65;86.51;86.55;1049
USDRUBF;5;20250411;111500;86.54;86.64;86.5;86.51;692
USDRUBF;5;20250411;112000;86.51;86.52;86.43;86.48;212
USDRUBF;5;20250411;112500;86.5;86.59;86.46;86.59;442
USDRUBF;5;20250411;113000;86.59;86.63;86.49;86.54;585
USDRUBF;5;20250411;113500;86.55;86.66;86.54;86.57;634
USDRUBF;5;20250411;114000;86.56;86.6;86.55;86.57;172
USDRUBF;5;20250411;114500;86.6;86.69;86.55;86.63;828
USDRUBF;5;20250411;115000;86.64;86.66;86.57;86.66;537
USDRUBF;5;20250411;115500;86.66;86.87;86.65;86.81;1219
USDRUBF;5;20250411;120000;86.83;86.9;86.77;86.81;1067
USDRUBF;5;20250411;120500;86.79;86.81;86.7;86.73;157
USDRUBF;5;20250411;121000;86.73;86.73;86.63;86.66;507
USDRUBF;5;20250411;121500;86.65;86.65;86.46;86.5;850
USDRUBF;5;20250411;122000;86.46;86.46;86.38;86.38;370
USDRUBF;5;20250411;122500;86.38;86.44;86.35;86.4;480
USDRUBF;5;20250411;123000;86.4;86.49;86.38;86.38;299
USDRUBF;5;20250411;123500;86.38;86.39;86.25;86.29;684
USDRUBF;5;20250411;124000;86.28;86.29;86.23;86.25;330
USDRUBF;5;20250411;124500;86.25;86.36;86.23;86.34;801
USDRUBF;5;20250411;125000;86.35;86.4;86.33;86.34;288
USDRUBF;5;20250411;125500;86.36;86.45;86.36;86.44;341
USDRUBF;5;20250411;130000;86.44;86.48;86.33;86.36;352
USDRUBF;5;20250411;130500;86.33;86.34;86.25;86.28;622
USDRUBF;5;20250411;131000;86.25;86.25;86.17;86.18;458
USDRUBF;5;20250411;131500;86.19;86.25;86.19;86.24;676
USDRUBF;5;20250411;132000;86.22;86.25;86.2;86.23;118
USDRUBF;5;20250411;132500;86.23;86.26;86.21;86.24;502
USDRUBF;5;20250411;133000;86.24;86.26;86.2;86.2;359
USDRUBF;5;20250411;133500;86.21;86.24;86.2;86.2;253
USDRUBF;5;20250411;134000;86.2;86.22;86.18;86.21;161
USDRUBF;5;20250411;134500;86.2;86.22;86.01;86.06;1856
USDRUBF;5;20250411;135000;86.02;86.1;86.01;86.05;977
USDRUBF;5;20250411;135500;86.03;86.1;86;86.06;1138
USDRUBF;5;20250411;140500;86.06;86.06;85.89;85.92;2826
USDRUBF;5;20250411;141000;85.93;85.94;85.88;85.91;1073
USDRUBF;5;20250411;141500;85.93;85.94;85.91;85.92;233
USDRUBF;5;20250411;142000;85.93;85.93;85.87;85.87;578
USDRUBF;5;20250411;142500;85.86;85.94;85.79;85.94;1762
USDRUBF;5;20250411;143000;85.94;86.04;85.89;85.92;1520
USDRUBF;5;20250411;143500;85.92;85.97;85.88;85.96;1632
USDRUBF;5;20250411;144000;85.95;86.02;85.92;86.02;1071
USDRUBF;5;20250411;144500;86.01;86.03;85.85;85.85;979
USDRUBF;5;20250411;145000;85.84;85.9;85.69;85.77;3234
USDRUBF;5;20250411;145500;85.78;85.85;85.75;85.83;1184
USDRUBF;5;20250411;150000;85.81;85.81;85.7;85.71;654
USDRUBF;5;20250411;150500;85.71;85.83;85.69;85.81;488
USDRUBF;5;20250411;151000;85.83;85.95;85.81;85.9;790
USDRUBF;5;20250411;151500;85.9;86.04;85.9;85.97;1629
USDRUBF;5;20250411;152000;85.98;86;85.83;85.93;1249
USDRUBF;5;20250411;152500;85.93;86;85.88;85.89;440
USDRUBF;5;20250411;153000;85.89;85.89;85.8;85.84;271
USDRUBF;5;20250411;153500;85.82;85.96;85.81;85.96;335
USDRUBF;5;20250411;154000;85.96;85.97;85.9;85.96;339
USDRUBF;5;20250411;154500;85.94;85.97;85.81;85.85;219
USDRUBF;5;20250411;155000;85.82;85.94;85.81;85.89;254
USDRUBF;5;20250411;155500;85.88;85.88;85.78;85.8;832
USDRUBF;5;20250411;160000;85.82;86.01;85.8;85.91;798
USDRUBF;5;20250411;160500;85.9;85.92;85.83;85.83;281
USDRUBF;5;20250411;161000;85.84;85.84;85.77;85.78;274
USDRUBF;5;20250411;161500;85.76;85.82;85.75;85.8;138
USDRUBF;5;20250411;162000;85.79;85.89;85.77;85.8;227
USDRUBF;5;20250411;162500;85.81;85.82;85.75;85.82;135
USDRUBF;5;20250411;163000;85.82;85.82;85.72;85.73;328
USDRUBF;5;20250411;163500;85.72;85.78;85.65;85.76;1516
USDRUBF;5;20250411;164000;85.76;85.76;85.67;85.69;361
USDRUBF;5;20250411;164500;85.69;85.81;85.65;85.79;850
USDRUBF;5;20250411;165000;85.82;85.88;85.75;85.8;878
USDRUBF;5;20250411;165500;85.77;85.89;85.76;85.86;460
USDRUBF;5;20250411;170000;85.88;85.9;85.73;85.74;666
USDRUBF;5;20250411;170500;85.72;85.74;85.71;85.74;233
USDRUBF;5;20250411;171000;85.72;85.77;85.68;85.72;1276
USDRUBF;5;20250411;171500;85.72;85.76;85.69;85.71;633
USDRUBF;5;20250411;172000;85.71;85.74;85.67;85.69;561
USDRUBF;5;20250411;172500;85.68;85.75;85.67;85.74;291
USDRUBF;5;20250411;173000;85.75;85.78;85.66;85.71;516
USDRUBF;5;20250411;173500;85.72;85.73;85.67;85.71;334
USDRUBF;5;20250411;174000;85.72;85.74;85.69;85.72;262
USDRUBF;5;20250411;174500;85.72;85.77;85.54;85.72;1745
USDRUBF;5;20250411;175000;85.71;85.83;85.71;85.8;765
USDRUBF;5;20250411;175500;85.79;85.8;85.62;85.7;341
USDRUBF;5;20250411;180000;85.71;85.71;85.61;85.68;712
USDRUBF;5;20250411;180500;85.67;85.7;85.65;85.65;179
USDRUBF;5;20250411;181000;85.65;85.65;85.43;85.5;1429
USDRUBF;5;20250411;181500;85.49;85.49;85.19;85.22;3267
USDRUBF;5;20250411;182000;85.22;85.29;85.04;85.09;3021
USDRUBF;5;20250411;182500;85.09;85.1;84.88;84.95;2949
USDRUBF;5;20250411;183000;84.96;84.99;84.9;84.9;1240
USDRUBF;5;20250411;183500;84.91;84.95;84.87;84.87;980
USDRUBF;5;20250411;184000;84.89;84.92;84.8;84.82;949
USDRUBF;5;20250411;184500;84.8;84.91;84.78;84.91;1399
USDRUBF;5;20250411;190500;84.98;85.14;84.87;85.01;1454
USDRUBF;5;20250411;191000;84.98;85.07;84.98;85.05;973
USDRUBF;5;20250411;191500;85.07;85.15;84.95;84.95;827
USDRUBF;5;20250411;192000;84.95;85.1;84.95;85.1;840
USDRUBF;5;20250411;192500;85.1;85.15;85.05;85.12;511
USDRUBF;5;20250411;193000;85.12;85.13;85.1;85.12;297
USDRUBF;5;20250411;193500;85.12;85.25;85.12;85.16;1197
USDRUBF;5;20250411;194000;85.15;85.22;85.15;85.17;330
USDRUBF;5;20250411;194500;85.17;85.19;85.03;85.06;363
USDRUBF;5;20250411;195000;85.06;85.14;85.05;85.13;445
USDRUBF;5;20250411;195500;85.13;85.15;85.06;85.07;224
USDRUBF;5;20250411;200000;85.07;85.09;85.01;85.02;397
USDRUBF;5;20250411;200500;85.01;85.02;84.98;85.01;411
USDRUBF;5;20250411;201000;85;85.1;84.92;84.97;667
USDRUBF;5;20250411;201500;84.97;85.03;84.97;84.99;401
USDRUBF;5;20250411;202000;84.97;85.02;84.96;84.98;249
USDRUBF;5;20250411;202500;84.99;85.09;84.98;85.08;248
USDRUBF;5;20250411;203000;85.08;85.08;85.03;85.08;263
USDRUBF;5;20250411;203500;85.08;85.08;84.99;85.01;201
USDRUBF;5;20250411;204000;84.99;85.03;84.98;85.03;156
USDRUBF;5;20250411;204500;85;85;84.94;84.98;104
USDRUBF;5;20250411;205000;84.98;84.98;84.6;84.83;2229
USDRUBF;5;20250411;205500;84.83;84.89;84.63;84.86;2608
USDRUBF;5;20250411;210000;84.86;84.87;84.76;84.76;253
USDRUBF;5;20250411;210500;84.77;84.89;84.76;84.89;160
USDRUBF;5;20250411;211000;84.89;84.93;84.86;84.87;188
USDRUBF;5;20250411;211500;84.88;84.89;84.81;84.82;230
USDRUBF;5;20250411;212000;84.83;84.86;84.81;84.85;65
USDRUBF;5;20250411;212500;84.84;84.86;84.81;84.82;105
USDRUBF;5;20250411;213000;84.83;84.96;84.82;84.94;260
USDRUBF;5;20250411;213500;84.92;85.01;84.91;84.93;274
USDRUBF;5;20250411;214000;84.96;84.97;84.92;84.94;118
USDRUBF;5;20250411;214500;84.93;85.08;84.93;85.04;195
USDRUBF;5;20250411;215000;85.05;85.15;85.04;85.07;396
USDRUBF;5;20250411;215500;85.08;85.1;85.04;85.06;284
USDRUBF;5;20250411;220000;85.08;85.1;85.03;85.06;80
USDRUBF;5;20250411;220500;85.06;85.06;84.98;85.02;39
USDRUBF;5;20250411;221000;85;85;84.9;84.92;127
USDRUBF;5;20250411;221500;84.96;84.99;84.94;84.98;107
USDRUBF;5;20250411;222000;84.98;84.99;84.92;84.95;261
USDRUBF;5;20250411;222500;84.95;84.99;84.92;84.98;144
USDRUBF;5;20250411;223000;84.99;85.07;84.96;85.06;320
USDRUBF;5;20250411;223500;85.03;85.11;85.03;85.08;194
USDRUBF;5;20250411;224000;85.11;85.17;85.06;85.06;273
USDRUBF;5;20250411;224500;85.09;85.12;85.02;85.05;173
USDRUBF;5;20250411;225000;85.07;85.11;85.02;85.11;69
USDRUBF;5;20250411;225500;85.11;85.11;85.07;85.1;29
USDRUBF;5;20250411;230000;85.11;85.14;85.08;85.1;264
USDRUBF;5;20250411;230500;85.14;85.14;85.08;85.08;66
USDRUBF;5;20250411;231000;85.11;85.15;85.08;85.13;198
USDRUBF;5;20250411;231500;85.13;85.13;85.05;85.07;212
USDRUBF;5;20250411;232000;85.06;85.08;85.01;85.01;90
USDRUBF;5;20250411;232500;85;85.08;84.97;85.08;159
USDRUBF;5;20250411;233000;85.08;85.11;85;85.01;301
USDRUBF;5;20250411;233500;85;85.09;85;85.05;111
USDRUBF;5;20250411;234000;85.09;85.12;85.06;85.11;62
USDRUBF;5;20250411;234500;85.09;85.17;85.08;85.11;284
USDRUBF;5;20250414;090000;85.1;85.38;85.02;85.23;1145
USDRUBF;5;20250414;090500;85.2;85.25;85.05;85.1;767
USDRUBF;5;20250414;091000;85.1;85.14;84.9;84.91;1143
USDRUBF;5;20250414;091500;84.91;84.94;84.81;84.87;395
USDRUBF;5;20250414;092000;84.84;84.88;84.64;84.76;832
USDRUBF;5;20250414;092500;84.74;85.02;84.72;85.02;621
USDRUBF;5;20250414;093000;85.02;85.07;84.97;85.06;160
USDRUBF;5;20250414;093500;85.07;85.07;84.9;84.93;273
USDRUBF;5;20250414;094000;84.9;84.9;84.81;84.86;235
USDRUBF;5;20250414;094500;84.89;84.89;84.83;84.85;400
USDRUBF;5;20250414;095000;84.85;85.03;84.83;84.9;716
USDRUBF;5;20250414;095500;84.91;84.94;84.85;84.93;143
USDRUBF;5;20250414;100000;84.89;85.22;84.88;85.11;1153
USDRUBF;5;20250414;100500;85.16;85.33;85.13;85.3;669
USDRUBF;5;20250414;101000;85.3;85.37;85.23;85.34;828
USDRUBF;5;20250414;101500;85.35;85.42;85.22;85.27;990
USDRUBF;5;20250414;102000;85.3;85.32;85.22;85.22;270
USDRUBF;5;20250414;102500;85.21;85.24;85.16;85.19;380
USDRUBF;5;20250414;103000;85.2;85.21;85.16;85.21;391
USDRUBF;5;20250414;103500;85.18;85.22;85.17;85.22;83
USDRUBF;5;20250414;104000;85.22;85.22;85.14;85.16;260
USDRUBF;5;20250414;104500;85.15;85.16;85.07;85.11;831
USDRUBF;5;20250414;105000;85.1;85.1;84.9;84.9;1307
USDRUBF;5;20250414;105500;84.92;84.92;84.84;84.9;1618
USDRUBF;5;20250414;110000;84.89;85.03;84.8;85.02;1304
USDRUBF;5;20250414;110500;85;85.04;84.89;84.92;983
USDRUBF;5;20250414;111000;84.91;84.93;84.76;84.78;1458
USDRUBF;5;20250414;111500;84.76;84.81;84.73;84.77;558
USDRUBF;5;20250414;112000;84.77;84.77;84.44;84.59;3015
USDRUBF;5;20250414;112500;84.58;84.65;84.54;84.56;1215
USDRUBF;5;20250414;113000;84.56;84.57;84.5;84.55;476
USDRUBF;5;20250414;113500;84.55;84.71;84.54;84.7;619
USDRUBF;5;20250414;114000;84.69;84.7;84.6;84.67;764
USDRUBF;5;20250414;114500;84.67;84.7;84.56;84.56;1235
USDRUBF;5;20250414;115000;84.58;84.64;84.55;84.58;257
USDRUBF;5;20250414;115500;84.57;84.58;84.46;84.47;1096
USDRUBF;5;20250414;120000;84.47;84.55;84.39;84.53;919
USDRUBF;5;20250414;120500;84.53;84.64;84.45;84.48;2008
USDRUBF;5;20250414;121000;84.49;84.54;84.44;84.46;1218
USDRUBF;5;20250414;121500;84.46;84.46;84.32;84.41;874
USDRUBF;5;20250414;122000;84.43;84.64;84.42;84.59;568
USDRUBF;5;20250414;122500;84.59;84.69;84.58;84.61;1127
USDRUBF;5;20250414;123000;84.61;84.64;84.5;84.55;1970
USDRUBF;5;20250414;123500;84.55;84.61;84.45;84.58;1622
USDRUBF;5;20250414;124000;84.6;84.67;84.53;84.58;981
USDRUBF;5;20250414;124500;84.56;84.63;84.55;84.59;396
USDRUBF;5;20250414;125000;84.59;84.59;84.53;84.56;680
USDRUBF;5;20250414;125500;84.55;84.66;84.54;84.63;761
USDRUBF;5;20250414;130000;84.65;84.66;84.56;84.56;575
USDRUBF;5;20250414;130500;84.57;84.59;84.52;84.53;300
USDRUBF;5;20250414;131000;84.54;84.56;84.51;84.54;200
USDRUBF;5;20250414;131500;84.54;84.64;84.54;84.64;720
USDRUBF;5;20250414;132000;84.64;84.78;84.62;84.71;2053
USDRUBF;5;20250414;132500;84.7;84.71;84.63;84.66;430
USDRUBF;5;20250414;133000;84.64;84.65;84.6;84.62;360
USDRUBF;5;20250414;133500;84.63;84.63;84.59;84.6;75
USDRUBF;5;20250414;134000;84.59;84.6;84.54;84.56;462
USDRUBF;5;20250414;134500;84.56;84.56;84.5;84.53;325
USDRUBF;5;20250414;135000;84.5;84.52;84.44;84.44;865
USDRUBF;5;20250414;135500;84.46;84.51;84.44;84.49;338
USDRUBF;5;20250414;140500;84.49;84.49;84.43;84.48;321
USDRUBF;5;20250414;141000;84.48;84.48;84.38;84.39;659
USDRUBF;5;20250414;141500;84.38;84.42;84.35;84.39;873
USDRUBF;5;20250414;142000;84.38;84.38;84.27;84.32;2197
USDRUBF;5;20250414;142500;84.32;84.32;84.24;84.31;813
USDRUBF;5;20250414;143000;84.31;84.35;84.31;84.34;373
USDRUBF;5;20250414;143500;84.34;84.43;84.34;84.4;464
USDRUBF;5;20250414;144000;84.4;84.4;84.33;84.36;471
USDRUBF;5;20250414;144500;84.35;84.35;84.24;84.26;301
USDRUBF;5;20250414;145000;84.27;84.38;84.26;84.38;838
USDRUBF;5;20250414;145500;84.38;84.48;84.35;84.44;1359
USDRUBF;5;20250414;150000;84.46;84.48;84.44;84.48;167
USDRUBF;5;20250414;150500;84.48;84.52;84.48;84.49;274
USDRUBF;5;20250414;151000;84.49;84.63;84.44;84.62;1170
USDRUBF;5;20250414;151500;84.63;84.66;84.61;84.62;388
USDRUBF;5;20250414;152000;84.61;84.65;84.61;84.64;182
USDRUBF;5;20250414;152500;84.64;84.68;84.62;84.64;376
USDRUBF;5;20250414;153000;84.64;84.66;84.6;84.61;440
USDRUBF;5;20250414;153500;84.63;84.65;84.52;84.55;529
USDRUBF;5;20250414;154000;84.56;84.63;84.55;84.6;770
USDRUBF;5;20250414;154500;84.58;84.58;84.54;84.57;474
USDRUBF;5;20250414;155000;84.55;84.62;84.49;84.57;298
USDRUBF;5;20250414;155500;84.57;84.6;84.52;84.53;209
USDRUBF;5;20250414;160000;84.54;84.56;84.48;84.5;497
USDRUBF;5;20250414;160500;84.5;84.57;84.5;84.57;328
USDRUBF;5;20250414;161000;84.57;84.69;84.56;84.63;493
USDRUBF;5;20250414;161500;84.64;84.79;84.56;84.79;2070
USDRUBF;5;20250414;162000;84.77;84.86;84.71;84.8;1267
USDRUBF;5;20250414;162500;84.8;84.82;84.72;84.74;402
USDRUBF;5;20250414;163000;84.73;84.78;84.68;84.69;960
USDRUBF;5;20250414;163500;84.67;84.72;84.64;84.69;958
USDRUBF;5;20250414;164000;84.69;84.71;84.58;84.6;397
USDRUBF;5;20250414;164500;84.6;84.67;84.58;84.58;292
USDRUBF;5;20250414;165000;84.58;84.65;84.55;84.58;569
USDRUBF;5;20250414;165500;84.57;84.62;84.55;84.55;329
USDRUBF;5;20250414;170000;84.55;84.57;84.49;84.52;912
USDRUBF;5;20250414;170500;84.48;84.63;84.43;84.55;1309
USDRUBF;5;20250414;171000;84.54;84.61;84.53;84.57;327
USDRUBF;5;20250414;171500;84.56;84.7;84.56;84.68;541
USDRUBF;5;20250414;172000;84.66;84.66;84.55;84.59;1143
USDRUBF;5;20250414;172500;84.59;84.63;84.53;84.54;278
USDRUBF;5;20250414;173000;84.56;84.59;84.47;84.49;439
USDRUBF;5;20250414;173500;84.49;84.57;84.48;84.49;240
USDRUBF;5;20250414;174000;84.49;84.49;84.34;84.36;1108
USDRUBF;5;20250414;174500;84.39;84.48;84.33;84.46;1069
USDRUBF;5;20250414;175000;84.46;84.48;84.41;84.42;413
USDRUBF;5;20250414;175500;84.42;84.51;84.4;84.5;1329
USDRUBF;5;20250414;180000;84.5;84.62;84.5;84.55;1173
USDRUBF;5;20250414;180500;84.55;84.7;84.54;84.66;1046
USDRUBF;5;20250414;181000;84.68;84.75;84.65;84.69;979
USDRUBF;5;20250414;181500;84.69;84.7;84.61;84.63;444
USDRUBF;5;20250414;182000;84.63;84.63;84.54;84.55;534
USDRUBF;5;20250414;182500;84.55;84.63;84.54;84.6;430
USDRUBF;5;20250414;183000;84.59;84.59;84.51;84.52;561
USDRUBF;5;20250414;183500;84.57;84.61;84.53;84.6;323
USDRUBF;5;20250414;184000;84.61;84.63;84.56;84.57;721
USDRUBF;5;20250414;184500;84.57;84.6;84.52;84.56;697
USDRUBF;5;20250414;190500;84.61;84.75;84.59;84.74;870
USDRUBF;5;20250414;191000;84.74;84.75;84.7;84.74;295
USDRUBF;5;20250414;191500;84.72;84.87;84.72;84.85;681
USDRUBF;5;20250414;192000;84.88;84.98;84.85;84.88;669
USDRUBF;5;20250414;192500;84.87;84.87;84.73;84.74;486
USDRUBF;5;20250414;193000;84.74;84.83;84.74;84.78;203
USDRUBF;5;20250414;193500;84.79;84.8;84.78;84.78;75
USDRUBF;5;20250414;194000;84.79;84.84;84.77;84.82;118
USDRUBF;5;20250414;194500;84.82;84.86;84.82;84.85;129
USDRUBF;5;20250414;195000;84.85;84.94;84.83;84.94;245
USDRUBF;5;20250414;195500;84.93;85.57;84.93;85.39;5203
USDRUBF;5;20250414;200000;85.42;85.48;85.21;85.29;1785
USDRUBF;5;20250414;200500;85.3;85.38;85.17;85.24;831
USDRUBF;5;20250414;201000;85.24;85.33;85.24;85.32;1789
USDRUBF;5;20250414;201500;85.32;85.4;85.21;85.28;1186
USDRUBF;5;20250414;202000;85.3;85.3;85.15;85.15;255
USDRUBF;5;20250414;202500;85.14;85.18;85.11;85.12;185
USDRUBF;5;20250414;203000;85.11;85.16;85.11;85.12;420
USDRUBF;5;20250414;203500;85.12;85.19;85.11;85.13;500
USDRUBF;5;20250414;204000;85.15;85.16;85.11;85.11;106
USDRUBF;5;20250414;204500;85.1;85.12;84.93;84.97;357
USDRUBF;5;20250414;205000;84.97;85.08;84.95;85.04;227
USDRUBF;5;20250414;205500;85.03;85.04;84.95;84.96;219
USDRUBF;5;20250414;210000;84.98;85.1;84.95;85.06;87
USDRUBF;5;20250414;210500;85.07;85.11;85.06;85.11;131
USDRUBF;5;20250414;211000;85.12;85.2;85.12;85.13;248
USDRUBF;5;20250414;211500;85.13;85.13;85.07;85.12;99
USDRUBF;5;20250414;212000;85.12;85.15;85.01;85.01;214
USDRUBF;5;20250414;212500;85.02;85.06;85.01;85.03;84
USDRUBF;5;20250414;213000;85.02;85.04;84.89;84.89;342
USDRUBF;5;20250414;213500;84.89;84.99;84.89;84.99;165
USDRUBF;5;20250414;214000;84.99;85;84.96;84.97;68
USDRUBF;5;20250414;214500;84.98;84.98;84.92;84.96;166
USDRUBF;5;20250414;215000;84.94;84.96;84.9;84.96;251
USDRUBF;5;20250414;215500;84.98;84.98;84.95;84.95;19
USDRUBF;5;20250414;220000;84.95;85;84.95;85;24
USDRUBF;5;20250414;220500;84.99;85.04;84.99;85.04;14
USDRUBF;5;20250414;221000;85.02;85.07;85;85.02;168
USDRUBF;5;20250414;221500;85.02;85.09;85.01;85.04;101
USDRUBF;5;20250414;222000;85.03;85.05;85.01;85.01;23
USDRUBF;5;20250414;222500;85;85;84.86;84.91;140
USDRUBF;5;20250414;223000;84.9;84.93;84.87;84.9;105
USDRUBF;5;20250414;223500;84.91;84.94;84.91;84.91;112
USDRUBF;5;20250414;224000;84.94;84.95;84.94;84.95;148
USDRUBF;5;20250414;224500;84.94;84.95;84.92;84.92;19
USDRUBF;5;20250414;225000;84.92;84.92;84.86;84.86;83
USDRUBF;5;20250414;225500;84.86;84.9;84.79;84.87;162
USDRUBF;5;20250414;230000;84.87;84.88;84.84;84.84;78
USDRUBF;5;20250414;230500;84.83;84.85;84.76;84.8;204
USDRUBF;5;20250414;231000;84.8;84.8;84.73;84.75;66
USDRUBF;5;20250414;231500;84.73;84.76;84.72;84.76;65
USDRUBF;5;20250414;232000;84.75;84.77;84.72;84.77;62
USDRUBF;5;20250414;232500;84.75;84.78;84.75;84.77;19
USDRUBF;5;20250414;233000;84.75;84.79;84.73;84.76;189
USDRUBF;5;20250414;233500;84.78;84.83;84.77;84.82;60
USDRUBF;5;20250414;234000;84.84;84.85;84.79;84.84;64
USDRUBF;5;20250414;234500;84.84;84.84;84.75;84.75;61
USDRUBF;5;20250415;090000;84.81;84.82;84.64;84.74;455
USDRUBF;5;20250415;090500;84.74;84.93;84.69;84.88;242
USDRUBF;5;20250415;091000;84.88;85.04;84.8;85.04;169
USDRUBF;5;20250415;091500;85.03;85.06;84.88;84.89;177
USDRUBF;5;20250415;092000;84.89;84.95;84.78;84.78;103
USDRUBF;5;20250415;092500;84.75;84.75;84.61;84.63;340
USDRUBF;5;20250415;093000;84.63;84.63;84.56;84.62;752
USDRUBF;5;20250415;093500;84.62;84.71;84.6;84.71;811
USDRUBF;5;20250415;094000;84.73;84.73;84.26;84.68;2562
USDRUBF;5;20250415;094500;84.68;84.72;84.64;84.64;875
USDRUBF;5;20250415;095000;84.64;84.69;84.64;84.66;59
USDRUBF;5;20250415;095500;84.66;84.7;84.64;84.65;151
USDRUBF;5;20250415;100000;84.68;84.9;84.61;84.84;819
USDRUBF;5;20250415;100500;84.84;84.86;84.64;84.68;891
USDRUBF;5;20250415;101000;84.67;84.68;84.58;84.58;1031
USDRUBF;5;20250415;101500;84.59;84.64;84.58;84.63;940
USDRUBF;5;20250415;102000;84.64;84.65;84.58;84.59;463
USDRUBF;5;20250415;102500;84.58;84.69;84.58;84.66;1619
USDRUBF;5;20250415;103000;84.67;84.77;84.65;84.74;640
USDRUBF;5;20250415;103500;84.77;84.84;84.75;84.78;531
USDRUBF;5;20250415;104000;84.79;84.81;84.61;84.64;1424
USDRUBF;5;20250415;104500;84.66;84.67;84.53;84.53;1102
USDRUBF;5;20250415;105000;84.53;84.57;84.51;84.55;566
USDRUBF;5;20250415;105500;84.55;84.64;84.55;84.61;433
USDRUBF;5;20250415;110000;84.6;84.64;84.49;84.49;2104
USDRUBF;5;20250415;110500;84.49;84.49;84.25;84.35;5526
USDRUBF;5;20250415;111000;84.35;84.41;84.04;84.09;5033
USDRUBF;5;20250415;111500;84.09;84.18;84.06;84.09;3625
USDRUBF;5;20250415;112000;84.09;84.18;84.05;84.16;2522
USDRUBF;5;20250415;112500;84.15;84.16;84.08;84.11;1843
USDRUBF;5;20250415;113000;84.1;84.13;84;84.02;2269
USDRUBF;5;20250415;113500;84.03;84.03;83.75;83.76;3522
USDRUBF;5;20250415;114000;83.74;83.84;83.7;83.8;4393
USDRUBF;5;20250415;114500;83.79;83.86;83.74;83.83;2169
USDRUBF;5;20250415;115000;83.84;83.86;83.81;83.84;1814
USDRUBF;5;20250415;115500;83.84;83.84;83.75;83.81;2678
USDRUBF;5;20250415;120000;83.81;83.82;83.66;83.74;2815
USDRUBF;5;20250415;120500;83.74;83.9;83.66;83.86;2565
USDRUBF;5;20250415;121000;83.9;83.91;83.83;83.88;1292
USDRUBF;5;20250415;121500;83.89;83.9;83.8;83.84;1691
USDRUBF;5;20250415;122000;83.85;83.86;83.78;83.82;1136
USDRUBF;5;20250415;122500;83.81;83.83;83.6;83.7;4041
USDRUBF;5;20250415;123000;83.69;83.78;83.64;83.7;4287
USDRUBF;5;20250415;123500;83.71;83.76;83.68;83.72;1683
USDRUBF;5;20250415;124000;83.72;83.95;83.71;83.95;2181
USDRUBF;5;20250415;124500;83.95;84.07;83.91;84.03;2335
USDRUBF;5;20250415;125000;84.02;84.13;83.98;84.05;1080
USDRUBF;5;20250415;125500;84.05;84.11;84.04;84.09;286
USDRUBF;5;20250415;130000;84.09;84.2;84.07;84.16;2050
USDRUBF;5;20250415;130500;84.17;84.19;84.09;84.11;1111
USDRUBF;5;20250415;131000;84.11;84.13;84.09;84.13;406
USDRUBF;5;20250415;131500;84.13;84.15;84.11;84.14;523
USDRUBF;5;20250415;132000;84.14;84.14;84.09;84.1;647
USDRUBF;5;20250415;132500;84.09;84.11;84.04;84.05;1389
USDRUBF;5;20250415;133000;84.06;84.08;84.01;84.03;548
USDRUBF;5;20250415;133500;84.05;84.05;84.03;84.04;289
USDRUBF;5;20250415;134000;84.04;84.05;84.03;84.04;280
USDRUBF;5;20250415;134500;84.03;84.09;84.02;84.09;1059
USDRUBF;5;20250415;135000;84.08;84.12;84.03;84.07;1071
USDRUBF;5;20250415;135500;84.05;84.14;84.05;84.06;743
USDRUBF;5;20250415;140500;84.06;84.08;83.98;84.06;1778
USDRUBF;5;20250415;141000;84.06;84.07;84.03;84.05;870
USDRUBF;5;20250415;141500;84.06;84.06;84.03;84.05;608
USDRUBF;5;20250415;142000;84.05;84.09;84.04;84.07;2011
USDRUBF;5;20250415;142500;84.07;84.1;84.05;84.09;509
USDRUBF;5;20250415;143000;84.09;84.14;84.05;84.05;2098
USDRUBF;5;20250415;143500;84.06;84.06;83.98;83.99;1187
USDRUBF;5;20250415;144000;83.99;84;83.96;83.96;823
USDRUBF;5;20250415;144500;83.96;84;83.9;83.98;2014
USDRUBF;5;20250415;145000;83.98;84.14;83.98;84.09;1147
USDRUBF;5;20250415;145500;84.11;84.15;83.96;83.99;1848
USDRUBF;5;20250415;150000;84;84.08;84;84;837
USDRUBF;5;20250415;150500;84.01;84.03;83.87;83.96;1458
USDRUBF;5;20250415;151000;83.94;84.02;83.9;83.99;1433
USDRUBF;5;20250415;151500;84;84;83.93;83.99;440
USDRUBF;5;20250415;152000;83.98;84.03;83.95;83.96;823
USDRUBF;5;20250415;152500;83.95;84.01;83.95;84;378
USDRUBF;5;20250415;153000;84;84.1;83.99;84.01;1086
USDRUBF;5;20250415;153500;84;84.33;84;84.27;3781
USDRUBF;5;20250415;154000;84.3;84.32;84.21;84.24;1124
USDRUBF;5;20250415;154500;84.25;84.33;84.23;84.32;2471
USDRUBF;5;20250415;155000;84.33;84.38;84.26;84.3;1810
USDRUBF;5;20250415;155500;84.32;84.36;84.25;84.28;1033
USDRUBF;5;20250415;160000;84.29;84.36;84.13;84.15;1822
USDRUBF;5;20250415;160500;84.14;84.21;84.08;84.12;2303
USDRUBF;5;20250415;161000;84.12;84.13;84.07;84.07;1226
USDRUBF;5;20250415;161500;84.09;84.12;84.03;84.09;1202
USDRUBF;5;20250415;162000;84.07;84.11;84.02;84.02;839
USDRUBF;5;20250415;162500;84.02;84.1;84.02;84.09;649
USDRUBF;5;20250415;163000;84.08;84.12;84.07;84.1;397
USDRUBF;5;20250415;163500;84.11;84.12;84.06;84.09;243
USDRUBF;5;20250415;164000;84.1;84.13;84.09;84.1;641
USDRUBF;5;20250415;164500;84.1;84.27;84.09;84.24;3474
USDRUBF;5;20250415;165000;84.25;84.35;84.22;84.23;3586
USDRUBF;5;20250415;165500;84.23;84.3;84.14;84.17;761
USDRUBF;5;20250415;170000;84.19;84.23;84.06;84.11;1065
USDRUBF;5;20250415;170500;84.1;84.13;84.05;84.12;796
USDRUBF;5;20250415;171000;84.11;84.22;84.02;84.06;2890
USDRUBF;5;20250415;171500;84.09;84.1;84.03;84.05;688
USDRUBF;5;20250415;172000;84.05;84.12;84.03;84.1;622
USDRUBF;5;20250415;172500;84.1;84.16;84.09;84.16;1279
USDRUBF;5;20250415;173000;84.14;84.25;84.11;84.2;956
USDRUBF;5;20250415;173500;84.22;84.54;84.22;84.45;3021
USDRUBF;5;20250415;174000;84.45;84.51;84.24;84.25;1111
USDRUBF;5;20250415;174500;84.25;84.27;84.17;84.17;514
USDRUBF;5;20250415;175000;84.19;84.34;84.19;84.28;242
USDRUBF;5;20250415;175500;84.27;84.38;84.26;84.32;559
USDRUBF;5;20250415;180000;84.35;84.43;84.3;84.42;1877
USDRUBF;5;20250415;180500;84.42;84.44;84.34;84.39;460
USDRUBF;5;20250415;181000;84.38;84.38;84.3;84.3;240
USDRUBF;5;20250415;181500;84.33;84.33;84.17;84.21;438
USDRUBF;5;20250415;182000;84.2;84.25;84.15;84.15;361
USDRUBF;5;20250415;182500;84.15;84.3;84.13;84.29;361
USDRUBF;5;20250415;183000;84.3;84.35;84.16;84.2;1175
USDRUBF;5;20250415;183500;84.22;84.24;84.17;84.2;232
USDRUBF;5;20250415;184000;84.21;84.21;84.15;84.21;432
USDRUBF;5;20250415;184500;84.2;84.3;84.17;84.21;1029
USDRUBF;5;20250415;190500;84.32;84.43;84.21;84.27;841
USDRUBF;5;20250415;191000;84.29;84.37;84.28;84.37;629
USDRUBF;5;20250415;191500;84.37;84.42;84.31;84.4;504
USDRUBF;5;20250415;192000;84.39;84.43;84.38;84.4;173
USDRUBF;5;20250415;192500;84.39;84.4;84.31;84.35;700
USDRUBF;5;20250415;193000;84.34;84.43;84.34;84.41;454
USDRUBF;5;20250415;193500;84.41;84.43;84.38;84.39;369
USDRUBF;5;20250415;194000;84.39;84.4;84.36;84.38;342
USDRUBF;5;20250415;194500;84.38;84.41;84.38;84.38;491
USDRUBF;5;20250415;195000;84.39;84.39;84.33;84.36;330
USDRUBF;5;20250415;195500;84.36;84.36;84.31;84.34;145
USDRUBF;5;20250415;200000;84.32;84.35;84.23;84.3;655
USDRUBF;5;20250415;200500;84.31;84.39;84.3;84.37;412
USDRUBF;5;20250415;201000;84.36;84.36;84.3;84.33;371
USDRUBF;5;20250415;201500;84.32;84.33;84.29;84.33;156
USDRUBF;5;20250415;202000;84.31;84.32;84.28;84.32;101
USDRUBF;5;20250415;202500;84.31;84.32;84.27;84.28;99
USDRUBF;5;20250415;203000;84.3;84.33;84.28;84.29;978
USDRUBF;5;20250415;203500;84.29;84.29;84.23;84.27;401
USDRUBF;5;20250415;204000;84.27;84.29;84.22;84.26;177
USDRUBF;5;20250415;204500;84.26;84.28;84.24;84.24;86
USDRUBF;5;20250415;205000;84.24;84.24;84.17;84.21;305
USDRUBF;5;20250415;205500;84.21;84.23;84.19;84.22;41
USDRUBF;5;20250415;210000;84.22;84.22;84.18;84.21;90
USDRUBF;5;20250415;210500;84.22;84.23;84.19;84.19;70
USDRUBF;5;20250415;211000;84.22;84.22;84.19;84.19;40
USDRUBF;5;20250415;211500;84.21;84.28;84.19;84.28;76
USDRUBF;5;20250415;212000;84.28;84.29;84.28;84.29;58
USDRUBF;5;20250415;212500;84.29;84.35;84.27;84.31;308
USDRUBF;5;20250415;213000;84.31;84.37;84.3;84.34;201
USDRUBF;5;20250415;213500;84.34;84.34;84.22;84.24;47
USDRUBF;5;20250415;214000;84.24;84.26;84.21;84.23;50
USDRUBF;5;20250415;214500;84.23;84.23;84.2;84.2;33
USDRUBF;5;20250415;215000;84.2;84.21;84.18;84.19;27
USDRUBF;5;20250415;215500;84.18;84.23;84.18;84.22;32
USDRUBF;5;20250415;220000;84.21;84.26;84.21;84.23;37
USDRUBF;5;20250415;220500;84.23;84.26;84.23;84.23;51
USDRUBF;5;20250415;221000;84.23;84.25;84.22;84.22;69
USDRUBF;5;20250415;221500;84.25;84.25;84.19;84.22;42
USDRUBF;5;20250415;222000;84.22;84.22;84.19;84.22;22
USDRUBF;5;20250415;222500;84.22;84.22;84.15;84.15;54
USDRUBF;5;20250415;223000;84.16;84.19;84.12;84.19;37
USDRUBF;5;20250415;223500;84.16;84.19;84.16;84.16;29
USDRUBF;5;20250415;224000;84.17;84.19;84.16;84.17;12
USDRUBF;5;20250415;224500;84.16;84.19;84.16;84.19;18
USDRUBF;5;20250415;225000;84.17;84.18;84.15;84.15;200
USDRUBF;5;20250415;225500;84.18;84.18;84.16;84.16;28
USDRUBF;5;20250415;230000;84.16;84.16;84.15;84.16;58
USDRUBF;5;20250415;230500;84.16;84.16;84.15;84.16;101
USDRUBF;5;20250415;231000;84.17;84.18;84.15;84.18;847
USDRUBF;5;20250415;231500;84.18;84.19;84.16;84.16;13
USDRUBF;5;20250415;232000;84.15;84.18;84.14;84.14;78
USDRUBF;5;20250415;232500;84.16;84.16;84.12;84.15;109
USDRUBF;5;20250415;233000;84.15;84.17;84.14;84.17;67
USDRUBF;5;20250415;233500;84.17;84.17;84.13;84.17;25
USDRUBF;5;20250415;234000;84.16;84.19;84.14;84.15;28
USDRUBF;5;20250415;234500;84.15;84.21;84.14;84.14;79
USDRUBF;5;20250416;090000;84.24;84.35;84.14;84.18;731
USDRUBF;5;20250416;090500;84.25;84.35;84.18;84.25;1108
USDRUBF;5;20250416;091000;84.22;84.26;84.16;84.24;190
USDRUBF;5;20250416;091500;84.23;84.27;84.21;84.25;227
USDRUBF;5;20250416;092000;84.25;84.33;84.22;84.33;325
USDRUBF;5;20250416;092500;84.34;84.4;84.32;84.37;607
USDRUBF;5;20250416;093000;84.38;84.39;84.28;84.34;284
USDRUBF;5;20250416;093500;84.34;84.45;84.34;84.45;394
USDRUBF;5;20250416;094000;84.45;84.46;84.38;84.38;1279
USDRUBF;5;20250416;094500;84.4;84.43;84.4;84.42;437
USDRUBF;5;20250416;095000;84.42;84.5;84.42;84.5;482
USDRUBF;5;20250416;095500;84.5;84.55;84.48;84.52;757
USDRUBF;5;20250416;100000;84.53;84.56;84.43;84.44;1796
USDRUBF;5;20250416;100500;84.46;84.46;84.26;84.3;685
USDRUBF;5;20250416;101000;84.3;84.31;84.21;84.22;399
USDRUBF;5;20250416;101500;84.21;84.26;84.15;84.15;638
USDRUBF;5;20250416;102000;84.15;84.15;83.95;84.05;902
USDRUBF;5;20250416;102500;84.01;84.04;83.93;83.98;823
USDRUBF;5;20250416;103000;83.98;84.04;83.9;84;690
USDRUBF;5;20250416;103500;84.02;84.09;84.02;84.05;281
USDRUBF;5;20250416;104000;84.06;84.14;84.05;84.14;914
USDRUBF;5;20250416;104500;84.14;84.16;84.09;84.11;439
USDRUBF;5;20250416;105000;84.1;84.16;84.1;84.14;185
USDRUBF;5;20250416;105500;84.14;84.22;84.1;84.21;717
USDRUBF;5;20250416;110000;84.2;84.3;84.2;84.25;639
USDRUBF;5;20250416;110500;84.26;84.35;84.23;84.27;1117
USDRUBF;5;20250416;111000;84.26;84.26;84.15;84.16;216
USDRUBF;5;20250416;111500;84.14;84.27;84.1;84.27;728
USDRUBF;5;20250416;112000;84.25;84.25;84.19;84.21;793
USDRUBF;5;20250416;112500;84.22;84.27;84.21;84.24;1042
USDRUBF;5;20250416;113000;84.25;84.33;84.16;84.17;1769
USDRUBF;5;20250416;113500;84.17;84.25;84.11;84.25;680
USDRUBF;5;20250416;114000;84.24;84.24;84.21;84.22;213
USDRUBF;5;20250416;114500;84.22;84.23;84.14;84.17;622
USDRUBF;5;20250416;115000;84.16;84.18;84.13;84.14;275
USDRUBF;5;20250416;115500;84.13;84.28;84.11;84.27;1980
USDRUBF;5;20250416;120000;84.26;84.38;84.26;84.32;1140
USDRUBF;5;20250416;120500;84.31;84.55;84.31;84.52;1792
USDRUBF;5;20250416;121000;84.53;84.92;84.53;84.86;4155
USDRUBF;5;20250416;121500;84.85;84.98;84.84;84.9;2370
USDRUBF;5;20250416;122000;84.94;85.01;84.86;84.91;7319
USDRUBF;5;20250416;122500;84.93;84.96;84.84;84.89;1815
USDRUBF;5;20250416;123000;84.9;84.98;84.87;84.95;1778
USDRUBF;5;20250416;123500;84.95;85;84.88;84.88;2306
USDRUBF;5;20250416;124000;84.88;84.96;84.8;84.83;2093
USDRUBF;5;20250416;124500;84.83;84.97;84.83;84.87;808
USDRUBF;5;20250416;125000;84.89;84.93;84.88;84.89;308
USDRUBF;5;20250416;125500;84.91;84.91;84.76;84.8;1337
USDRUBF;5;20250416;130000;84.8;84.93;84.78;84.82;2643
USDRUBF;5;20250416;130500;84.84;84.93;84.82;84.91;1010
USDRUBF;5;20250416;131000;84.91;84.97;84.91;84.93;1036
USDRUBF;5;20250416;131500;84.92;84.92;84.82;84.85;981
USDRUBF;5;20250416;132000;84.86;84.87;84.81;84.82;724
USDRUBF;5;20250416;132500;84.85;84.88;84.81;84.81;245
USDRUBF;5;20250416;133000;84.82;84.86;84.82;84.84;418
USDRUBF;5;20250416;133500;84.85;84.92;84.85;84.88;626
USDRUBF;5;20250416;134000;84.89;84.93;84.86;84.87;479
USDRUBF;5;20250416;134500;84.9;84.9;84.86;84.87;191
USDRUBF;5;20250416;135000;84.88;84.93;84.88;84.88;686
USDRUBF;5;20250416;135500;84.88;84.89;84.75;84.89;2322
USDRUBF;5;20250416;140500;84.9;85;84.89;84.98;613
USDRUBF;5;20250416;141000;84.97;84.98;84.91;84.93;308
USDRUBF;5;20250416;141500;84.91;84.93;84.87;84.87;1008
USDRUBF;5;20250416;142000;84.87;84.99;84.86;84.99;1938
USDRUBF;5;20250416;142500;84.97;84.97;84.87;84.91;544
USDRUBF;5;20250416;143000;84.91;84.98;84.9;84.92;340
USDRUBF;5;20250416;143500;84.94;84.96;84.93;84.93;132
USDRUBF;5;20250416;144000;84.95;84.96;84.91;84.94;213
USDRUBF;5;20250416;144500;84.95;85.03;84.95;84.97;615
USDRUBF;5;20250416;145000;84.97;85.17;84.96;85.16;1116
USDRUBF;5;20250416;145500;85.15;85.42;85.15;85.32;3957
USDRUBF;5;20250416;150000;85.35;85.45;85.32;85.38;2512
USDRUBF;5;20250416;150500;85.38;85.4;85.33;85.34;622
USDRUBF;5;20250416;151000;85.33;85.35;85.23;85.26;1303
USDRUBF;5;20250416;151500;85.25;85.29;85.17;85.25;2094
USDRUBF;5;20250416;152000;85.24;85.27;85.23;85.27;774
USDRUBF;5;20250416;152500;85.24;85.24;85.2;85.21;601
USDRUBF;5;20250416;153000;85.2;85.25;85.1;85.13;1779
USDRUBF;5;20250416;153500;85.14;85.27;85.11;85.24;1663
USDRUBF;5;20250416;154000;85.25;85.35;85.23;85.29;2057
USDRUBF;5;20250416;154500;85.3;85.33;85.1;85.14;3258
USDRUBF;5;20250416;155000;85.12;85.13;84.91;84.96;3737
USDRUBF;5;20250416;155500;84.94;85.03;84.93;84.96;490
USDRUBF;5;20250416;160000;84.98;85.12;84.98;85.05;1874
USDRUBF;5;20250416;160500;85.06;85.15;85.03;85.04;1088
USDRUBF;5;20250416;161000;85.05;85.05;84.97;84.99;527
USDRUBF;5;20250416;161500;85.01;85.1;84.97;85.01;757
USDRUBF;5;20250416;162000;85.01;85.04;84.95;84.99;1224
USDRUBF;5;20250416;162500;85.02;85.14;85.02;85.13;777
USDRUBF;5;20250416;163000;85.14;85.19;85.1;85.15;1292
USDRUBF;5;20250416;163500;85.14;85.16;85.12;85.16;1414
USDRUBF;5;20250416;164000;85.14;85.19;85.08;85.1;1501
USDRUBF;5;20250416;164500;85.1;85.15;85.09;85.1;1592
USDRUBF;5;20250416;165000;85.12;85.15;85.05;85.07;954
USDRUBF;5;20250416;165500;85.06;85.1;84.96;85.01;1755
USDRUBF;5;20250416;170000;85;85.02;84.91;84.97;1423
USDRUBF;5;20250416;170500;84.98;85.11;84.97;85.06;1283
USDRUBF;5;20250416;171000;85.07;85.13;85.05;85.11;491
USDRUBF;5;20250416;171500;85.12;85.15;85.02;85.04;2830
USDRUBF;5;20250416;172000;85.02;85.09;85;85;1685
USDRUBF;5;20250416;172500;85;85;84.82;84.91;2051
USDRUBF;5;20250416;173000;84.9;84.97;84.9;84.94;421
USDRUBF;5;20250416;173500;84.94;84.94;84.61;84.69;2638
USDRUBF;5;20250416;174000;84.68;84.69;84.6;84.62;1201
USDRUBF;5;20250416;174500;84.63;84.76;84.56;84.76;1333
USDRUBF;5;20250416;175000;84.75;84.75;84.61;84.73;564
USDRUBF;5;20250416;175500;84.73;84.8;84.69;84.72;794
USDRUBF;5;20250416;180000;84.72;84.75;84.61;84.72;719
USDRUBF;5;20250416;180500;84.7;84.82;84.66;84.77;251
USDRUBF;5;20250416;181000;84.76;84.84;84.71;84.73;402
USDRUBF;5;20250416;181500;84.73;84.74;84.6;84.61;1066
USDRUBF;5;20250416;182000;84.62;84.85;84.6;84.75;943
USDRUBF;5;20250416;182500;84.75;84.8;84.5;84.55;1966
USDRUBF;5;20250416;183000;84.55;84.58;84.52;84.57;417
USDRUBF;5;20250416;183500;84.54;84.58;84.52;84.58;191
USDRUBF;5;20250416;184000;84.57;84.58;84.53;84.54;220
USDRUBF;5;20250416;184500;84.56;84.59;84.5;84.52;1012
USDRUBF;5;20250416;190500;84.52;84.67;84.47;84.51;842
USDRUBF;5;20250416;191000;84.52;84.64;84.5;84.58;564
USDRUBF;5;20250416;191500;84.58;84.64;84.56;84.63;243
USDRUBF;5;20250416;192000;84.61;84.69;84.61;84.63;153
USDRUBF;5;20250416;192500;84.65;84.67;84.61;84.63;131
USDRUBF;5;20250416;193000;84.64;84.7;84.6;84.7;160
USDRUBF;5;20250416;193500;84.69;84.7;84.57;84.6;145
USDRUBF;5;20250416;194000;84.57;84.64;84.57;84.64;52
USDRUBF;5;20250416;194500;84.64;84.65;84.57;84.59;107
USDRUBF;5;20250416;195000;84.58;84.6;84.54;84.58;177
USDRUBF;5;20250416;195500;84.56;84.66;84.56;84.65;155
USDRUBF;5;20250416;200000;84.66;84.67;84.63;84.63;41
USDRUBF;5;20250416;200500;84.64;84.64;84.59;84.6;221
USDRUBF;5;20250416;201000;84.6;84.6;84.53;84.57;200
USDRUBF;5;20250416;201500;84.53;84.59;84.53;84.56;55
USDRUBF;5;20250416;202000;84.58;84.6;84.56;84.59;18
USDRUBF;5;20250416;202500;84.56;84.56;84.54;84.56;206
USDRUBF;5;20250416;203000;84.56;84.59;84.56;84.59;88
USDRUBF;5;20250416;203500;84.6;84.76;84.56;84.56;430
USDRUBF;5;20250416;204000;84.57;84.66;84.56;84.65;251
USDRUBF;5;20250416;204500;84.66;84.75;84.62;84.75;112
USDRUBF;5;20250416;205000;84.75;84.77;84.68;84.7;214
USDRUBF;5;20250416;205500;84.7;84.72;84.68;84.72;165
USDRUBF;5;20250416;210000;84.71;84.74;84.63;84.65;83
USDRUBF;5;20250416;210500;84.66;84.66;84.59;84.64;292
USDRUBF;5;20250416;211000;84.64;84.65;84.64;84.64;27
USDRUBF;5;20250416;211500;84.64;84.65;84.62;84.65;100
USDRUBF;5;20250416;212000;84.64;84.69;84.64;84.69;66
USDRUBF;5;20250416;212500;84.68;84.69;84.61;84.64;124
USDRUBF;5;20250416;213000;84.61;84.61;84.55;84.56;88
USDRUBF;5;20250416;213500;84.55;84.62;84.55;84.62;129
USDRUBF;5;20250416;214000;84.63;84.72;84.63;84.64;115
USDRUBF;5;20250416;214500;84.69;84.73;84.68;84.73;87
USDRUBF;5;20250416;215000;84.73;84.74;84.63;84.63;208
USDRUBF;5;20250416;215500;84.65;84.68;84.61;84.66;213
USDRUBF;5;20250416;220000;84.66;84.67;84.63;84.63;52
USDRUBF;5;20250416;220500;84.63;84.63;84.59;84.59;108
USDRUBF;5;20250416;221000;84.6;84.6;84.57;84.58;116
USDRUBF;5;20250416;221500;84.57;84.59;84.57;84.59;29
USDRUBF;5;20250416;222000;84.58;84.58;84.52;84.53;211
USDRUBF;5;20250416;222500;84.55;84.65;84.55;84.55;262
USDRUBF;5;20250416;223000;84.54;84.56;84.54;84.55;15
USDRUBF;5;20250416;223500;84.56;84.58;84.55;84.55;96
USDRUBF;5;20250416;224000;84.54;84.57;84.54;84.57;20
USDRUBF;5;20250416;224500;84.57;84.58;84.54;84.57;37
USDRUBF;5;20250416;225000;84.58;84.58;84.58;84.58;10
USDRUBF;5;20250416;225500;84.59;84.6;84.55;84.58;41
USDRUBF;5;20250416;230000;84.55;84.55;84.52;84.55;72
USDRUBF;5;20250416;230500;84.55;84.59;84.52;84.56;77
USDRUBF;5;20250416;231000;84.56;84.58;84.56;84.58;3
USDRUBF;5;20250416;231500;84.57;84.6;84.57;84.6;35
USDRUBF;5;20250416;232000;84.58;84.65;84.57;84.65;255
USDRUBF;5;20250416;232500;84.62;84.67;84.61;84.62;90
USDRUBF;5;20250416;233000;84.62;84.67;84.62;84.62;85
USDRUBF;5;20250416;233500;84.63;84.65;84.62;84.62;15
USDRUBF;5;20250416;234000;84.65;84.74;84.65;84.68;361
USDRUBF;5;20250416;234500;84.68;84.7;84.57;84.57;104
USDRUBF;5;20250417;090000;84.61;84.67;84.46;84.55;378
USDRUBF;5;20250417;090500;84.54;84.57;84.44;84.5;547
USDRUBF;5;20250417;091000;84.49;84.63;84.47;84.51;323
USDRUBF;5;20250417;091500;84.52;84.7;84.52;84.69;280
USDRUBF;5;20250417;092000;84.69;84.82;84.67;84.77;432
USDRUBF;5;20250417;092500;84.77;84.78;84.66;84.68;294
USDRUBF;5;20250417;093000;84.68;84.74;84.66;84.7;222
USDRUBF;5;20250417;093500;84.69;84.73;84.6;84.6;286
USDRUBF;5;20250417;094000;84.6;84.65;84.52;84.59;215
USDRUBF;5;20250417;094500;84.61;84.62;84.57;84.62;66
USDRUBF;5;20250417;095000;84.58;84.65;84.57;84.61;85
USDRUBF;5;20250417;095500;84.62;84.68;84.52;84.58;139
USDRUBF;5;20250417;100000;84.55;84.56;84.27;84.35;1232
USDRUBF;5;20250417;100500;84.38;84.43;84.31;84.37;1345
USDRUBF;5;20250417;101000;84.36;84.37;84.17;84.18;1419
USDRUBF;5;20250417;101500;84.17;84.24;84.1;84.22;2318
USDRUBF;5;20250417;102000;84.2;84.21;84.14;84.14;729
USDRUBF;5;20250417;102500;84.14;84.22;84.11;84.11;944
USDRUBF;5;20250417;103000;84.12;84.13;84.07;84.07;930
USDRUBF;5;20250417;103500;84.07;84.09;83.94;83.99;5382
USDRUBF;5;20250417;104000;83.98;84.09;83.94;84.07;2039
USDRUBF;5;20250417;104500;84.06;84.11;83.92;84.07;2408
USDRUBF;5;20250417;105000;84.07;84.1;84.02;84.03;929
USDRUBF;5;20250417;105500;84.03;84.06;83.94;83.97;789
USDRUBF;5;20250417;110000;83.96;83.96;83.73;83.82;2065
USDRUBF;5;20250417;110500;83.82;83.88;83.76;83.87;1334
USDRUBF;5;20250417;111000;83.87;83.91;83.75;83.78;1347
USDRUBF;5;20250417;111500;83.75;83.96;83.74;83.96;1605
USDRUBF;5;20250417;112000;83.95;84;83.86;83.91;1738
USDRUBF;5;20250417;112500;83.91;83.95;83.87;83.92;1848
USDRUBF;5;20250417;113000;83.91;84.02;83.88;83.99;1195
USDRUBF;5;20250417;113500;83.99;84.02;83.96;83.98;677
USDRUBF;5;20250417;114000;84;84.01;83.72;83.75;1377
USDRUBF;5;20250417;114500;83.73;83.82;83.64;83.73;5719
USDRUBF;5;20250417;115000;83.71;83.81;83.68;83.68;902
USDRUBF;5;20250417;115500;83.69;83.75;83.6;83.69;2921
USDRUBF;5;20250417;120000;83.68;83.68;83.34;83.35;4425
USDRUBF;5;20250417;120500;83.35;83.69;83.29;83.33;5640
USDRUBF;5;20250417;121000;83.32;83.32;83.21;83.24;3440
USDRUBF;5;20250417;121500;83.23;83.39;83.19;83.35;2848
USDRUBF;5;20250417;122000;83.35;83.54;83.33;83.51;3072
USDRUBF;5;20250417;122500;83.53;83.55;83.36;83.5;2032
USDRUBF;5;20250417;123000;83.49;83.53;83.35;83.43;1536
USDRUBF;5;20250417;123500;83.43;83.53;83.37;83.5;1944
USDRUBF;5;20250417;124000;83.5;83.51;83.37;83.39;1586
USDRUBF;5;20250417;124500;83.38;83.55;83.37;83.55;2260
USDRUBF;5;20250417;125000;83.53;83.58;83.52;83.57;390
USDRUBF;5;20250417;125500;83.57;83.64;83.52;83.61;1153
USDRUBF;5;20250417;130000;83.61;83.67;83.61;83.67;949
USDRUBF;5;20250417;130500;83.67;83.67;83.57;83.62;430
USDRUBF;5;20250417;131000;83.61;83.61;83.53;83.55;249
USDRUBF;5;20250417;131500;83.55;83.75;83.55;83.7;1406
USDRUBF;5;20250417;132000;83.7;83.72;83.62;83.65;549
USDRUBF;5;20250417;132500;83.65;83.7;83.63;83.7;322
USDRUBF;5;20250417;133000;83.69;83.7;83.64;83.65;331
USDRUBF;5;20250417;133500;83.65;83.67;83.61;83.65;812
USDRUBF;5;20250417;134000;83.65;83.66;83.52;83.52;720
USDRUBF;5;20250417;134500;83.51;83.57;83.44;83.53;791
USDRUBF;5;20250417;135000;83.53;83.59;83.42;83.59;1234
USDRUBF;5;20250417;135500;83.59;83.59;83.4;83.43;1867
USDRUBF;5;20250417;140500;83.44;83.54;83.25;83.31;1438
USDRUBF;5;20250417;141000;83.31;83.32;83.25;83.25;1082
USDRUBF;5;20250417;141500;83.25;83.26;83.2;83.24;1145
USDRUBF;5;20250417;142000;83.26;83.36;83.23;83.29;835
USDRUBF;5;20250417;142500;83.29;83.31;83.2;83.23;951
USDRUBF;5;20250417;143000;83.23;83.27;83.11;83.13;2226
USDRUBF;5;20250417;143500;83.13;83.21;83.09;83.2;2478
USDRUBF;5;20250417;144000;83.19;83.19;83.11;83.18;747
USDRUBF;5;20250417;144500;83.17;83.29;83.16;83.25;1248
USDRUBF;5;20250417;145000;83.25;83.37;83.25;83.28;1075
USDRUBF;5;20250417;145500;83.3;83.36;83.26;83.36;746
USDRUBF;5;20250417;150000;83.36;83.36;83.27;83.29;880
USDRUBF;5;20250417;150500;83.3;83.34;83.26;83.27;446
USDRUBF;5;20250417;151000;83.26;83.28;83.14;83.15;850
USDRUBF;5;20250417;151500;83.14;83.28;83.12;83.28;615
USDRUBF;5;20250417;152000;83.28;83.52;83.26;83.42;1768
USDRUBF;5;20250417;152500;83.45;83.48;83.42;83.45;396
USDRUBF;5;20250417;153000;83.48;83.48;83.4;83.43;256
USDRUBF;5;20250417;153500;83.43;83.43;83.36;83.39;472
USDRUBF;5;20250417;154000;83.38;83.38;83.29;83.31;430
USDRUBF;5;20250417;154500;83.34;83.35;83.21;83.31;546
USDRUBF;5;20250417;155000;83.3;83.38;83.27;83.31;303
USDRUBF;5;20250417;155500;83.31;83.45;83.29;83.37;502
USDRUBF;5;20250417;160000;83.35;83.36;83.26;83.33;285
USDRUBF;5;20250417;160500;83.33;83.44;83.31;83.32;612
USDRUBF;5;20250417;161000;83.33;83.42;83.32;83.34;246
USDRUBF;5;20250417;161500;83.33;83.44;83.32;83.42;169
USDRUBF;5;20250417;162000;83.42;83.42;83.36;83.4;392
USDRUBF;5;20250417;162500;83.41;83.47;83.39;83.4;491
USDRUBF;5;20250417;163000;83.39;83.41;83.36;83.4;98
USDRUBF;5;20250417;163500;83.41;83.43;83.34;83.42;481
USDRUBF;5;20250417;164000;83.41;83.52;83.41;83.45;708
USDRUBF;5;20250417;164500;83.46;83.5;83.46;83.47;140
USDRUBF;5;20250417;165000;83.48;83.57;83.42;83.52;1604
USDRUBF;5;20250417;165500;83.52;83.53;83.38;83.51;584
USDRUBF;5;20250417;170000;83.51;83.51;83.37;83.4;684
USDRUBF;5;20250417;170500;83.38;83.5;83.38;83.49;520
USDRUBF;5;20250417;171000;83.5;83.51;83.36;83.4;667
USDRUBF;5;20250417;171500;83.39;83.44;83.37;83.4;277
USDRUBF;5;20250417;172000;83.42;83.44;83.37;83.39;165
USDRUBF;5;20250417;172500;83.37;83.42;83.32;83.39;246
USDRUBF;5;20250417;173000;83.4;83.52;83.39;83.47;997
USDRUBF;5;20250417;173500;83.48;83.53;83.43;83.48;433
USDRUBF;5;20250417;174000;83.48;83.55;83.45;83.48;1064
USDRUBF;5;20250417;174500;83.48;83.5;83.4;83.5;1028
USDRUBF;5;20250417;175000;83.48;83.48;83.39;83.43;743
USDRUBF;5;20250417;175500;83.43;83.44;83.34;83.36;413
USDRUBF;5;20250417;180000;83.36;83.39;83.2;83.27;3034
USDRUBF;5;20250417;180500;83.29;83.34;83.2;83.23;2303
USDRUBF;5;20250417;181000;83.24;83.24;83.11;83.17;2011
USDRUBF;5;20250417;181500;83.14;83.16;83.08;83.08;1989
USDRUBF;5;20250417;182000;83.09;83.14;82.95;83.03;3709
USDRUBF;5;20250417;182500;83.02;83.07;82.91;83.05;2529
USDRUBF;5;20250417;183000;83.04;83.04;82.83;82.87;6989
USDRUBF;5;20250417;183500;82.87;82.94;82.82;82.85;1702
USDRUBF;5;20250417;184000;82.84;82.98;82.81;82.85;1818
USDRUBF;5;20250417;184500;82.85;83.05;82.82;83;2386
USDRUBF;5;20250417;190500;82.87;83.06;82.8;82.8;1889
USDRUBF;5;20250417;191000;82.83;82.91;82.83;82.86;1003
USDRUBF;5;20250417;191500;82.88;82.89;82.68;82.7;1207
USDRUBF;5;20250417;192000;82.69;82.74;82.41;82.67;2782
USDRUBF;5;20250417;192500;82.67;82.68;82.43;82.65;1406
USDRUBF;5;20250417;193000;82.65;82.76;82.62;82.69;937
USDRUBF;5;20250417;193500;82.7;82.72;82.55;82.7;601
USDRUBF;5;20250417;194000;82.71;82.73;82.68;82.71;333
USDRUBF;5;20250417;194500;82.68;82.71;82.61;82.68;296
USDRUBF;5;20250417;195000;82.68;82.78;82.68;82.78;208
USDRUBF;5;20250417;195500;82.78;82.78;82.72;82.75;272
USDRUBF;5;20250417;200000;82.76;82.76;82.67;82.72;453
USDRUBF;5;20250417;200500;82.72;82.73;82.61;82.66;461
USDRUBF;5;20250417;201000;82.66;82.67;82.4;82.48;1008
USDRUBF;5;20250417;201500;82.49;82.5;82.36;82.38;607
USDRUBF;5;20250417;202000;82.4;82.48;82.33;82.43;1191
USDRUBF;5;20250417;202500;82.43;82.59;82.42;82.42;854
USDRUBF;5;20250417;203000;82.43;82.5;82.35;82.43;535
USDRUBF;5;20250417;203500;82.43;82.5;82.38;82.39;690
USDRUBF;5;20250417;204000;82.4;82.41;82.33;82.36;1805
USDRUBF;5;20250417;204500;82.38;82.49;82.37;82.38;710
USDRUBF;5;20250417;205000;82.4;82.41;82.2;82.25;1622
USDRUBF;5;20250417;205500;82.25;82.32;82.2;82.31;496
USDRUBF;5;20250417;210000;82.31;82.36;82.27;82.29;741
USDRUBF;5;20250417;210500;82.29;82.29;82.1;82.11;1274
USDRUBF;5;20250417;211000;82.14;82.28;82.11;82.22;1082
USDRUBF;5;20250417;211500;82.22;82.26;82.18;82.25;627
USDRUBF;5;20250417;212000;82.26;82.39;82.24;82.39;611
USDRUBF;5;20250417;212500;82.38;82.43;82.25;82.26;935
USDRUBF;5;20250417;213000;82.29;82.45;82.29;82.35;621
USDRUBF;5;20250417;213500;82.36;82.39;82.25;82.26;770
USDRUBF;5;20250417;214000;82.26;82.35;82.25;82.3;691
USDRUBF;5;20250417;214500;82.3;82.33;82.2;82.25;496
USDRUBF;5;20250417;215000;82.25;82.25;82.15;82.18;341
USDRUBF;5;20250417;215500;82.19;82.27;82.19;82.22;400
USDRUBF;5;20250417;220000;82.26;82.28;82.16;82.23;321
USDRUBF;5;20250417;220500;82.23;82.25;82.19;82.25;196
USDRUBF;5;20250417;221000;82.21;82.26;82.19;82.26;192
USDRUBF;5;20250417;221500;82.26;82.31;82.24;82.28;213
USDRUBF;5;20250417;222000;82.33;82.39;82.3;82.33;254
USDRUBF;5;20250417;222500;82.29;82.3;82.26;82.29;145
USDRUBF;5;20250417;223000;82.29;82.33;82.28;82.31;241
USDRUBF;5;20250417;223500;82.31;82.33;82.3;82.32;253
USDRUBF;5;20250417;224000;82.32;82.38;82.32;82.38;215
USDRUBF;5;20250417;224500;82.35;82.39;82.26;82.26;586
USDRUBF;5;20250417;225000;82.28;82.28;82.17;82.19;392
USDRUBF;5;20250417;225500;82.18;82.27;82.16;82.23;401
USDRUBF;5;20250417;230000;82.24;82.33;82.23;82.28;311
USDRUBF;5;20250417;230500;82.28;82.31;82.25;82.31;52
USDRUBF;5;20250417;231000;82.31;82.31;82.28;82.3;83
USDRUBF;5;20250417;231500;82.31;82.31;82.21;82.25;102
USDRUBF;5;20250417;232000;82.24;82.24;82.16;82.21;328
USDRUBF;5;20250417;232500;82.21;82.23;82.15;82.2;278
USDRUBF;5;20250417;233000;82.2;82.23;82.17;82.2;197
USDRUBF;5;20250417;233500;82.2;82.23;82.15;82.21;284
USDRUBF;5;20250417;234000;82.16;82.21;82.15;82.2;201
USDRUBF;5;20250417;234500;82.2;82.24;82.15;82.16;268
USDRUBF;5;20250418;090000;82.29;82.53;82.28;82.43;637
USDRUBF;5;20250418;090500;82.45;82.63;82.41;82.52;774
USDRUBF;5;20250418;091000;82.58;82.58;82.42;82.46;302
USDRUBF;5;20250418;091500;82.42;82.5;82.42;82.47;304
USDRUBF;5;20250418;092000;82.45;82.5;82.44;82.5;193
USDRUBF;5;20250418;092500;82.48;82.53;82.47;82.53;374
USDRUBF;5;20250418;093000;82.51;82.51;82.43;82.47;202
USDRUBF;5;20250418;093500;82.44;82.47;82.42;82.45;143
USDRUBF;5;20250418;094000;82.42;82.46;82.42;82.45;143
USDRUBF;5;20250418;094500;82.45;82.46;82.44;82.45;104
USDRUBF;5;20250418;095000;82.44;82.54;82.43;82.46;763
USDRUBF;5;20250418;095500;82.48;82.57;82.42;82.48;659
USDRUBF;5;20250418;100000;82.49;82.65;82.32;82.45;1229
USDRUBF;5;20250418;100500;82.43;82.43;82.32;82.38;1110
USDRUBF;5;20250418;101000;82.36;82.45;82.35;82.42;709
USDRUBF;5;20250418;101500;82.42;82.5;82.35;82.44;1229
USDRUBF;5;20250418;102000;82.44;82.45;82.31;82.33;871
USDRUBF;5;20250418;102500;82.33;82.37;82.22;82.25;1264
USDRUBF;5;20250418;103000;82.25;82.26;82.03;82.04;2618
USDRUBF;5;20250418;103500;82.05;82.09;82.01;82.09;989
USDRUBF;5;20250418;104000;82.08;82.1;82.05;82.06;762
USDRUBF;5;20250418;104500;82.06;82.12;82.05;82.11;1126
USDRUBF;5;20250418;105000;82.11;82.2;82.05;82.19;1561
USDRUBF;5;20250418;105500;82.2;82.25;82.04;82.12;1616
USDRUBF;5;20250418;110000;82.12;82.21;82.08;82.14;1090
USDRUBF;5;20250418;110500;82.13;82.17;81.88;81.99;3220
USDRUBF;5;20250418;111000;81.99;82.05;81.99;82;705
USDRUBF;5;20250418;111500;82.01;82.06;81.73;81.76;2849
USDRUBF;5;20250418;112000;81.75;81.75;81.62;81.65;2137
USDRUBF;5;20250418;112500;81.65;81.83;81.61;81.63;2821
USDRUBF;5;20250418;113000;81.64;81.9;81.58;81.84;2418
USDRUBF;5;20250418;113500;81.84;81.97;81.74;81.94;2816
USDRUBF;5;20250418;114000;81.93;81.95;81.88;81.92;697
USDRUBF;5;20250418;114500;81.91;82.15;81.88;82.06;1921
USDRUBF;5;20250418;115000;82.06;82.16;82.06;82.1;1007
USDRUBF;5;20250418;115500;82.1;82.45;82.09;82.34;2217
USDRUBF;5;20250418;120000;82.34;82.9;82.34;82.81;7619
USDRUBF;5;20250418;120500;82.81;82.92;82.62;82.64;3927
USDRUBF;5;20250418;121000;82.65;82.79;82.63;82.73;1160
USDRUBF;5;20250418;121500;82.77;82.85;82.64;82.64;892
USDRUBF;5;20250418;122000;82.64;82.64;82.52;82.59;2501
USDRUBF;5;20250418;122500;82.58;82.6;82.54;82.59;437
USDRUBF;5;20250418;123000;82.59;82.7;82.59;82.6;1540
USDRUBF;5;20250418;123500;82.62;82.64;82.49;82.64;1006
USDRUBF;5;20250418;124000;82.62;82.98;82.62;82.88;2145
USDRUBF;5;20250418;124500;82.9;82.98;82.9;82.93;1069
USDRUBF;5;20250418;125000;82.94;83.04;82.93;83.03;999
USDRUBF;5;20250418;125500;83.01;83.08;82.85;82.86;1693
USDRUBF;5;20250418;130000;82.87;83.01;82.87;82.95;863
USDRUBF;5;20250418;130500;82.96;83.08;82.95;83.03;1355
USDRUBF;5;20250418;131000;83.05;83.17;83.02;83.11;1022
USDRUBF;5;20250418;131500;83.15;83.25;83.09;83.21;2199
USDRUBF;5;20250418;132000;83.2;83.29;83.19;83.22;1197
USDRUBF;5;20250418;132500;83.22;83.36;83.22;83.33;1791
USDRUBF;5;20250418;133000;83.33;83.41;83.1;83.11;1839
USDRUBF;5;20250418;133500;83.1;83.27;83.09;83.14;726
USDRUBF;5;20250418;134000;83.16;83.17;83.05;83.07;638
USDRUBF;5;20250418;134500;83.08;83.11;83.04;83.04;431
USDRUBF;5;20250418;135000;83.05;83.05;82.87;82.92;1740
USDRUBF;5;20250418;135500;82.88;83.07;82.88;83.07;388
USDRUBF;5;20250418;140500;83.07;83.16;83.04;83.1;1068
USDRUBF;5;20250418;141000;83.11;83.11;82.94;82.97;438
USDRUBF;5;20250418;141500;82.97;83.02;82.94;82.96;382
USDRUBF;5;20250418;142000;82.95;82.99;82.93;82.95;257
USDRUBF;5;20250418;142500;82.95;83.02;82.95;83.01;407
USDRUBF;5;20250418;143000;83.03;83.07;83.01;83.06;357
USDRUBF;5;20250418;143500;83.05;83.05;82.95;83.04;864
USDRUBF;5;20250418;144000;83.01;83.19;83;83.18;1481
USDRUBF;5;20250418;144500;83.17;83.33;83.16;83.31;839
USDRUBF;5;20250418;145000;83.32;83.37;83.2;83.34;1363
USDRUBF;5;20250418;145500;83.32;83.34;83.19;83.24;2088
USDRUBF;5;20250418;150000;83.24;83.34;83.18;83.25;1494
USDRUBF;5;20250418;150500;83.25;83.5;83.24;83.46;2163
USDRUBF;5;20250418;151000;83.48;83.5;83.39;83.41;815
USDRUBF;5;20250418;151500;83.46;83.54;83.39;83.39;870
USDRUBF;5;20250418;152000;83.39;83.4;83.22;83.35;990
USDRUBF;5;20250418;152500;83.35;83.44;83.33;83.4;435
USDRUBF;5;20250418;153000;83.43;83.52;83.39;83.51;1242
USDRUBF;5;20250418;153500;83.51;83.57;83.48;83.53;507
USDRUBF;5;20250418;154000;83.51;83.51;83.39;83.4;880
USDRUBF;5;20250418;154500;83.4;83.47;83.4;83.43;165
USDRUBF;5;20250418;155000;83.44;83.46;83.24;83.28;1024
USDRUBF;5;20250418;155500;83.27;83.28;83.03;83.09;1241
USDRUBF;5;20250418;160000;83.09;83.22;83.06;83.18;1271
USDRUBF;5;20250418;160500;83.19;83.26;82.97;83.02;2105
USDRUBF;5;20250418;161000;83.04;83.05;82.9;83.04;907
USDRUBF;5;20250418;161500;83.03;83.04;82.84;82.96;1859
USDRUBF;5;20250418;162000;82.97;83.03;82.84;82.87;1524
USDRUBF;5;20250418;162500;82.86;82.93;82.81;82.82;1134
USDRUBF;5;20250418;163000;82.84;82.97;82.81;82.95;925
USDRUBF;5;20250418;163500;82.95;82.98;82.86;82.93;485
USDRUBF;5;20250418;164000;82.94;83.06;82.94;82.99;766
USDRUBF;5;20250418;164500;82.99;83.11;82.94;83.11;898
USDRUBF;5;20250418;165000;83.08;83.13;82.91;82.91;530
USDRUBF;5;20250418;165500;82.92;82.95;82.66;82.79;1823
USDRUBF;5;20250418;170000;82.74;82.85;82.68;82.76;1167
USDRUBF;5;20250418;170500;82.75;82.85;82.65;82.67;873
USDRUBF;5;20250418;171000;82.66;82.66;82.56;82.63;1588
USDRUBF;5;20250418;171500;82.61;82.63;82.44;82.49;2630
USDRUBF;5;20250418;172000;82.5;82.5;82.43;82.44;2309
USDRUBF;5;20250418;172500;82.45;82.54;82.36;82.54;2067
USDRUBF;5;20250418;173000;82.56;82.71;82.47;82.71;2358
USDRUBF;5;20250418;173500;82.69;82.74;82.62;82.68;1372
USDRUBF;5;20250418;174000;82.67;82.72;82.46;82.46;1062
USDRUBF;5;20250418;174500;82.48;82.52;82.32;82.4;2700
USDRUBF;5;20250418;175000;82.39;82.42;82.29;82.39;705
USDRUBF;5;20250418;175500;82.38;82.41;82.31;82.35;613
USDRUBF;5;20250418;180000;82.34;82.34;82.25;82.26;1044
USDRUBF;5;20250418;180500;82.27;82.5;82.25;82.4;1015
USDRUBF;5;20250418;181000;82.42;82.44;82.33;82.35;609
USDRUBF;5;20250418;181500;82.35;82.4;82.33;82.34;830
USDRUBF;5;20250418;182000;82.34;82.37;82.28;82.29;731
USDRUBF;5;20250418;182500;82.3;82.31;82.21;82.28;657
USDRUBF;5;20250418;183000;82.3;82.33;82.24;82.31;393
USDRUBF;5;20250418;183500;82.3;82.32;82.21;82.27;187
USDRUBF;5;20250418;184000;82.26;82.26;82.15;82.16;402
USDRUBF;5;20250418;184500;82.15;82.18;82.12;82.18;922
USDRUBF;5;20250418;190500;82.18;82.41;82.1;82.1;1148
USDRUBF;5;20250418;191000;82.13;82.16;82.09;82.11;705
USDRUBF;5;20250418;191500;82.12;82.13;82.05;82.1;452
USDRUBF;5;20250418;192000;82.09;82.1;82.08;82.1;202
USDRUBF;5;20250418;192500;82.11;82.34;82.1;82.3;995
USDRUBF;5;20250418;193000;82.3;82.35;82.25;82.3;296
USDRUBF;5;20250418;193500;82.3;82.35;82.27;82.35;173
USDRUBF;5;20250418;194000;82.35;82.37;82.31;82.37;169
USDRUBF;5;20250418;194500;82.37;82.43;82.34;82.41;191
USDRUBF;5;20250418;195000;82.42;82.44;82.4;82.41;129
USDRUBF;5;20250418;195500;82.43;82.43;82.2;82.21;617
USDRUBF;5;20250418;200000;82.2;82.48;82.2;82.45;403
USDRUBF;5;20250418;200500;82.47;82.51;82.4;82.44;368
USDRUBF;5;20250418;201000;82.44;82.48;82.42;82.46;100
USDRUBF;5;20250418;201500;82.48;82.6;82.45;82.52;362
USDRUBF;5;20250418;202000;82.49;82.68;82.47;82.49;400
USDRUBF;5;20250418;202500;82.51;82.57;82.49;82.54;150
USDRUBF;5;20250418;203000;82.51;82.56;82.5;82.52;78
USDRUBF;5;20250418;203500;82.52;82.55;82.42;82.43;136
USDRUBF;5;20250418;204000;82.44;82.45;82.38;82.39;109
USDRUBF;5;20250418;204500;82.41;82.42;82.4;82.41;52
USDRUBF;5;20250418;205000;82.42;82.43;82.39;82.4;101
USDRUBF;5;20250418;205500;82.41;82.41;82.38;82.4;14
USDRUBF;5;20250418;210000;82.42;82.51;82.42;82.42;136
USDRUBF;5;20250418;210500;82.4;82.42;82.39;82.42;55
USDRUBF;5;20250418;211000;82.39;82.46;82.39;82.46;139
USDRUBF;5;20250418;211500;82.47;82.54;82.47;82.53;120
USDRUBF;5;20250418;212000;82.55;82.56;82.52;82.55;45
USDRUBF;5;20250418;212500;82.56;82.58;82.54;82.54;70
USDRUBF;5;20250418;213000;82.54;82.54;82.41;82.44;278
USDRUBF;5;20250418;213500;82.44;82.47;82.43;82.43;28
USDRUBF;5;20250418;214000;82.44;82.45;82.32;82.33;178
USDRUBF;5;20250418;214500;82.32;82.34;82.27;82.3;409
USDRUBF;5;20250418;215000;82.32;82.38;82.3;82.35;58
USDRUBF;5;20250418;215500;82.35;82.36;82.31;82.36;151
USDRUBF;5;20250418;220000;82.33;82.34;82.31;82.34;34
USDRUBF;5;20250418;220500;82.32;82.34;82.27;82.31;63
USDRUBF;5;20250418;221000;82.3;82.3;82.29;82.29;3
USDRUBF;5;20250418;221500;82.3;82.3;82.23;82.29;131
USDRUBF;5;20250418;222000;82.3;82.32;82.28;82.32;42
USDRUBF;5;20250418;222500;82.32;82.42;82.29;82.38;77
USDRUBF;5;20250418;223000;82.38;82.44;82.37;82.42;179
USDRUBF;5;20250418;223500;82.37;82.43;82.36;82.39;171
USDRUBF;5;20250418;224000;82.39;82.4;82.36;82.36;108
USDRUBF;5;20250418;224500;82.38;82.42;82.37;82.42;173
USDRUBF;5;20250418;225000;82.4;82.4;82.34;82.39;198
USDRUBF;5;20250418;225500;82.35;82.37;82.31;82.35;74
USDRUBF;5;20250418;230000;82.32;82.34;82.3;82.3;121
USDRUBF;5;20250418;230500;82.32;82.33;82.3;82.33;48
USDRUBF;5;20250418;231000;82.3;82.33;82.3;82.3;13
USDRUBF;5;20250418;231500;82.3;82.33;82.3;82.33;14
USDRUBF;5;20250418;232000;82.32;82.36;82.3;82.36;78
USDRUBF;5;20250418;232500;82.37;82.38;82.36;82.37;59
USDRUBF;5;20250418;233000;82.36;82.42;82.36;82.41;121
USDRUBF;5;20250418;233500;82.42;82.43;82.4;82.42;53
USDRUBF;5;20250418;234000;82.43;82.44;82.36;82.42;170
USDRUBF;5;20250418;234500;82.42;82.47;82.33;82.47;432
USDRUBF;5;20250421;090000;82.25;82.28;81.87;81.88;3414
USDRUBF;5;20250421;090500;81.88;81.95;81.77;81.94;1264
USDRUBF;5;20250421;091000;81.94;81.96;81.8;81.83;619
USDRUBF;5;20250421;091500;81.84;81.85;81.73;81.77;945
USDRUBF;5;20250421;092000;81.77;81.84;81.71;81.79;1202
USDRUBF;5;20250421;092500;81.8;82.05;81.8;81.99;666
USDRUBF;5;20250421;093000;81.96;81.96;81.85;81.86;484
USDRUBF;5;20250421;093500;81.86;81.94;81.83;81.93;218
USDRUBF;5;20250421;094000;81.96;81.96;81.85;81.85;173
USDRUBF;5;20250421;094500;81.85;81.94;81.84;81.94;217
USDRUBF;5;20250421;095000;81.93;81.96;81.91;81.96;490
USDRUBF;5;20250421;095500;81.94;82.02;81.9;81.96;810
USDRUBF;5;20250421;100000;81.96;82.07;81.55;81.62;2350
USDRUBF;5;20250421;100500;81.63;81.88;81.59;81.86;1263
USDRUBF;5;20250421;101000;81.86;81.95;81.76;81.79;1461
USDRUBF;5;20250421;101500;81.77;81.81;81.68;81.71;1395
USDRUBF;5;20250421;102000;81.71;81.8;81.7;81.75;649
USDRUBF;5;20250421;102500;81.76;81.79;81.68;81.71;1298
USDRUBF;5;20250421;103000;81.71;81.71;81.62;81.67;1582
USDRUBF;5;20250421;103500;81.66;81.72;81.6;81.67;1031
USDRUBF;5;20250421;104000;81.69;81.76;81.58;81.72;2001
USDRUBF;5;20250421;104500;81.73;81.78;81.69;81.75;848
USDRUBF;5;20250421;105000;81.77;81.85;81.76;81.85;687
USDRUBF;5;20250421;105500;81.85;81.96;81.83;81.9;910
USDRUBF;5;20250421;110000;81.91;82;81.89;81.96;1033
USDRUBF;5;20250421;110500;81.95;81.97;81.79;81.86;1411
USDRUBF;5;20250421;111000;81.85;81.87;81.8;81.86;411
USDRUBF;5;20250421;111500;81.85;81.89;81.74;81.76;356
USDRUBF;5;20250421;112000;81.72;81.75;81.62;81.75;837
USDRUBF;5;20250421;112500;81.75;81.82;81.68;81.78;685
USDRUBF;5;20250421;113000;81.79;81.82;81.75;81.78;270
USDRUBF;5;20250421;113500;81.77;81.89;81.77;81.84;501
USDRUBF;5;20250421;114000;81.87;81.9;81.8;81.85;359
USDRUBF;5;20250421;114500;81.86;81.89;81.8;81.86;443
USDRUBF;5;20250421;115000;81.87;82.05;81.85;81.97;2076
USDRUBF;5;20250421;115500;81.99;82.06;81.94;82.06;518
USDRUBF;5;20250421;120000;82.05;82.18;81.97;82.14;2254
USDRUBF;5;20250421;120500;82.14;82.27;82.12;82.21;1811
USDRUBF;5;20250421;121000;82.23;82.28;82.01;82.04;1030
USDRUBF;5;20250421;121500;82.08;82.17;82.06;82.17;412
USDRUBF;5;20250421;122000;82.17;82.25;82.11;82.2;748
USDRUBF;5;20250421;122500;82.2;82.22;82.03;82.07;700
USDRUBF;5;20250421;123000;82.06;82.06;82.01;82.01;339
USDRUBF;5;20250421;123500;82.03;82.14;82.03;82.05;419
USDRUBF;5;20250421;124000;82.04;82.11;82.04;82.08;369
USDRUBF;5;20250421;124500;82.06;82.17;82.04;82.13;1058
USDRUBF;5;20250421;125000;82.12;82.14;82.04;82.12;353
USDRUBF;5;20250421;125500;82.1;82.13;82.08;82.1;348
USDRUBF;5;20250421;130000;82.09;82.14;82;82.11;361
USDRUBF;5;20250421;130500;82.11;82.25;82.09;82.22;897
USDRUBF;5;20250421;131000;82.24;82.3;82.23;82.27;1561
USDRUBF;5;20250421;131500;82.27;82.28;82;82.03;912
USDRUBF;5;20250421;132000;82;82.04;81.88;81.93;1861
USDRUBF;5;20250421;132500;81.93;82.07;81.92;82.03;718
USDRUBF;5;20250421;133000;82.01;82.19;82.01;82.17;366
USDRUBF;5;20250421;133500;82.18;82.2;82.14;82.2;980
USDRUBF;5;20250421;134000;82.19;82.2;82.16;82.19;345
USDRUBF;5;20250421;134500;82.19;82.24;82.18;82.21;525
USDRUBF;5;20250421;135000;82.19;82.24;82.15;82.22;298
USDRUBF;5;20250421;135500;82.21;82.29;82.2;82.27;654
USDRUBF;5;20250421;140500;82.23;82.28;82.22;82.27;474
USDRUBF;5;20250421;141000;82.27;82.3;82.26;82.3;524
USDRUBF;5;20250421;141500;82.3;82.39;82.3;82.31;387
USDRUBF;5;20250421;142000;82.31;82.31;82.2;82.24;974
USDRUBF;5;20250421;142500;82.24;82.27;82.2;82.22;520
USDRUBF;5;20250421;143000;82.2;82.2;82.05;82.07;317
USDRUBF;5;20250421;143500;82.08;82.08;81.98;82.06;943
USDRUBF;5;20250421;144000;82.07;82.1;82.06;82.1;366
USDRUBF;5;20250421;144500;82.11;82.18;82.08;82.16;716
USDRUBF;5;20250421;145000;82.15;82.19;82.14;82.18;616
USDRUBF;5;20250421;145500;82.18;82.19;82.17;82.17;476
USDRUBF;5;20250421;150000;82.16;82.18;82.15;82.17;286
USDRUBF;5;20250421;150500;82.15;82.21;82.13;82.2;878
USDRUBF;5;20250421;151000;82.2;82.24;82.15;82.15;874
USDRUBF;5;20250421;151500;82.15;82.23;82.12;82.22;410
USDRUBF;5;20250421;152000;82.18;82.33;82.15;82.32;505
USDRUBF;5;20250421;152500;82.32;82.32;82.26;82.26;405
USDRUBF;5;20250421;153000;82.25;82.28;82.15;82.26;446
USDRUBF;5;20250421;153500;82.28;82.33;82.27;82.3;277
USDRUBF;5;20250421;154000;82.3;82.47;82.29;82.43;1581
USDRUBF;5;20250421;154500;82.43;82.43;82.33;82.33;550
USDRUBF;5;20250421;155000;82.34;82.44;82.31;82.44;326
USDRUBF;5;20250421;155500;82.44;82.45;82.32;82.38;515
USDRUBF;5;20250421;160000;82.39;82.42;82.36;82.4;776
USDRUBF;5;20250421;160500;82.38;82.4;82.23;82.27;605
USDRUBF;5;20250421;161000;82.25;82.34;82.25;82.29;211
USDRUBF;5;20250421;161500;82.28;82.3;82.2;82.3;260
USDRUBF;5;20250421;162000;82.3;82.32;82.22;82.27;329
USDRUBF;5;20250421;162500;82.27;82.27;82.23;82.27;103
USDRUBF;5;20250421;163000;82.27;82.29;82.07;82.18;842
USDRUBF;5;20250421;163500;82.14;82.18;82.13;82.17;263
USDRUBF;5;20250421;164000;82.17;82.17;82.13;82.17;311
USDRUBF;5;20250421;164500;82.16;82.19;82.15;82.15;216
USDRUBF;5;20250421;165000;82.17;82.18;82.12;82.17;183
USDRUBF;5;20250421;165500;82.17;82.27;82.16;82.17;496
USDRUBF;5;20250421;170000;82.17;82.26;82.17;82.21;378
USDRUBF;5;20250421;170500;82.22;82.3;82.17;82.2;1645
USDRUBF;5;20250421;171000;82.2;82.2;82.15;82.17;717
USDRUBF;5;20250421;171500;82.17;82.19;82.14;82.17;348
USDRUBF;5;20250421;172000;82.17;82.29;82.15;82.24;3080
USDRUBF;5;20250421;172500;82.23;82.35;82.23;82.27;738
USDRUBF;5;20250421;173000;82.28;82.33;82.26;82.33;1058
USDRUBF;5;20250421;173500;82.34;82.4;82.32;82.33;337
USDRUBF;5;20250421;174000;82.33;82.33;82.23;82.27;269
USDRUBF;5;20250421;174500;82.26;82.29;82.24;82.26;405
USDRUBF;5;20250421;175000;82.26;82.26;82.2;82.23;305
USDRUBF;5;20250421;175500;82.23;82.32;82.19;82.3;860
USDRUBF;5;20250421;180000;82.32;82.34;82.22;82.25;984
USDRUBF;5;20250421;180500;82.25;82.48;82.25;82.39;1732
USDRUBF;5;20250421;181000;82.38;82.47;82.29;82.33;1446
USDRUBF;5;20250421;181500;82.35;82.39;82.17;82.23;1656
USDRUBF;5;20250421;182000;82.21;82.26;82.11;82.18;863
USDRUBF;5;20250421;182500;82.18;82.2;82.14;82.19;327
USDRUBF;5;20250421;183000;82.18;82.25;82.15;82.22;1134
USDRUBF;5;20250421;183500;82.22;82.35;82.21;82.33;488
USDRUBF;5;20250421;184000;82.33;82.33;82.27;82.28;714
USDRUBF;5;20250421;184500;82.28;82.28;82.21;82.23;824
USDRUBF;5;20250421;190500;82.26;82.55;82.26;82.46;1845
USDRUBF;5;20250421;191000;82.47;82.56;82.44;82.45;884
USDRUBF;5;20250421;191500;82.45;82.45;82.34;82.35;980
USDRUBF;5;20250421;192000;82.35;82.36;82.27;82.36;399
USDRUBF;5;20250421;192500;82.37;82.48;82.37;82.46;797
USDRUBF;5;20250421;193000;82.44;82.48;82.36;82.37;372
USDRUBF;5;20250421;193500;82.36;82.45;82.33;82.41;323
USDRUBF;5;20250421;194000;82.4;82.4;82.38;82.38;7
USDRUBF;5;20250421;194500;82.38;82.41;82.38;82.39;123
USDRUBF;5;20250421;195000;82.39;82.42;82.3;82.31;211
USDRUBF;5;20250421;195500;82.31;82.36;82.31;82.35;94
USDRUBF;5;20250421;200000;82.35;82.42;82.33;82.42;104
USDRUBF;5;20250421;200500;82.4;82.44;82.38;82.43;209
USDRUBF;5;20250421;201000;82.39;82.43;82.36;82.39;45
USDRUBF;5;20250421;201500;82.38;82.38;82.35;82.35;26
USDRUBF;5;20250421;202000;82.35;82.43;82.35;82.4;112
USDRUBF;5;20250421;202500;82.43;82.43;82.39;82.4;44
USDRUBF;5;20250421;203000;82.4;82.41;82.38;82.41;75
USDRUBF;5;20250421;203500;82.38;82.41;82.38;82.4;29
USDRUBF;5;20250421;204000;82.4;82.47;82.39;82.47;164
USDRUBF;5;20250421;204500;82.44;82.48;82.42;82.42;187
USDRUBF;5;20250421;205000;82.42;82.44;82.4;82.4;92
USDRUBF;5;20250421;205500;82.4;82.43;82.35;82.35;267
USDRUBF;5;20250421;210000;82.33;82.39;82.33;82.37;279
USDRUBF;5;20250421;210500;82.35;82.39;82.34;82.37;75
USDRUBF;5;20250421;211000;82.35;82.37;82.34;82.35;145
USDRUBF;5;20250421;211500;82.37;82.37;82.34;82.35;165
USDRUBF;5;20250421;212000;82.37;82.37;82.28;82.33;213
USDRUBF;5;20250421;212500;82.31;82.31;82.23;82.28;362
USDRUBF;5;20250421;213000;82.25;82.34;82.25;82.34;266
USDRUBF;5;20250421;213500;82.34;82.35;82.3;82.34;186
USDRUBF;5;20250421;214000;82.33;82.33;82.27;82.28;143
USDRUBF;5;20250421;214500;82.31;82.31;82.28;82.31;98
USDRUBF;5;20250421;215000;82.33;82.33;82.29;82.3;189
USDRUBF;5;20250421;215500;82.3;82.34;82.29;82.34;308
USDRUBF;5;20250421;220000;82.31;82.31;82.27;82.27;233
USDRUBF;5;20250421;220500;82.27;82.3;82.26;82.26;169
USDRUBF;5;20250421;221000;82.27;82.31;82.27;82.31;66
USDRUBF;5;20250421;221500;82.32;82.33;82.26;82.28;190
USDRUBF;5;20250421;222000;82.29;82.32;82.29;82.32;82
USDRUBF;5;20250421;222500;82.33;82.34;82.3;82.3;60
USDRUBF;5;20250421;223000;82.32;82.33;82.31;82.31;11
USDRUBF;5;20250421;223500;82.31;82.32;82.3;82.32;36
USDRUBF;5;20250421;224000;82.31;82.33;82.31;82.32;25
USDRUBF;5;20250421;224500;82.31;82.33;82.31;82.33;23
USDRUBF;5;20250421;225000;82.32;82.34;82.31;82.32;99
USDRUBF;5;20250421;225500;82.31;82.35;82.31;82.34;39
USDRUBF;5;20250421;230000;82.34;82.36;82.33;82.33;41
USDRUBF;5;20250421;230500;82.34;82.35;82.34;82.34;5
USDRUBF;5;20250421;231000;82.34;82.34;82.3;82.31;214
USDRUBF;5;20250421;231500;82.3;82.31;82.29;82.29;501
USDRUBF;5;20250421;232000;82.28;82.28;82.22;82.27;322
USDRUBF;5;20250421;232500;82.27;82.27;82.23;82.23;6
USDRUBF;5;20250421;233000;82.25;82.26;82.24;82.25;81
USDRUBF;5;20250421;233500;82.25;82.25;82.22;82.24;27
USDRUBF;5;20250421;234000;82.24;82.26;82.22;82.26;50
USDRUBF;5;20250421;234500;82.24;82.46;82.2;82.42;480
USDRUBF;5;20250422;090000;82.2;82.33;82.12;82.12;924
USDRUBF;5;20250422;090500;82.12;82.18;82.07;82.14;1374
USDRUBF;5;20250422;091000;82.11;82.17;82.1;82.13;495
USDRUBF;5;20250422;091500;82.14;82.19;82.07;82.1;2232
USDRUBF;5;20250422;092000;82.07;82.23;82.07;82.23;391
USDRUBF;5;20250422;092500;82.24;82.37;82.24;82.32;492
USDRUBF;5;20250422;093000;82.31;82.33;82.23;82.25;472
USDRUBF;5;20250422;093500;82.25;82.37;82.25;82.35;512
USDRUBF;5;20250422;094000;82.35;82.5;82.35;82.36;505
USDRUBF;5;20250422;094500;82.36;82.41;82.34;82.36;318
USDRUBF;5;20250422;095000;82.39;82.49;82.36;82.39;295
USDRUBF;5;20250422;095500;82.4;82.44;82.4;82.4;207
USDRUBF;5;20250422;100000;82.43;82.51;82.17;82.18;2175
USDRUBF;5;20250422;100500;82.17;82.18;82.06;82.09;1670
USDRUBF;5;20250422;101000;82.07;82.07;81.74;81.83;2866
USDRUBF;5;20250422;101500;81.8;82.01;81.73;82;1731
USDRUBF;5;20250422;102000;81.99;82.05;81.92;82;712
USDRUBF;5;20250422;102500;81.97;81.98;81.9;81.92;406
USDRUBF;5;20250422;103000;81.93;82.02;81.91;81.99;523
USDRUBF;5;20250422;103500;81.96;82.15;81.95;82.03;734
USDRUBF;5;20250422;104000;82.03;82.2;82.01;82.11;1298
USDRUBF;5;20250422;104500;82.13;82.33;82.13;82.25;1639
USDRUBF;5;20250422;105000;82.26;82.27;82.15;82.2;721
USDRUBF;5;20250422;105500;82.18;82.25;82.14;82.25;513
USDRUBF;5;20250422;110000;82.26;82.26;82.13;82.21;766
USDRUBF;5;20250422;110500;82.21;82.27;82.18;82.23;1013
USDRUBF;5;20250422;111000;82.24;82.28;82.21;82.28;337
USDRUBF;5;20250422;111500;82.27;82.3;82.22;82.26;626
USDRUBF;5;20250422;112000;82.25;82.37;82.22;82.33;628
USDRUBF;5;20250422;112500;82.34;82.34;82.25;82.3;598
USDRUBF;5;20250422;113000;82.29;82.36;82.28;82.35;366
USDRUBF;5;20250422;113500;82.36;82.38;82.33;82.35;574
USDRUBF;5;20250422;114000;82.37;82.37;82.21;82.35;773
USDRUBF;5;20250422;114500;82.34;82.36;82.31;82.33;245
USDRUBF;5;20250422;115000;82.33;82.45;82.33;82.43;514
USDRUBF;5;20250422;115500;82.42;82.46;82.37;82.43;851
USDRUBF;5;20250422;120000;82.45;82.49;82.4;82.44;754
USDRUBF;5;20250422;120500;82.43;82.45;82.37;82.39;101
USDRUBF;5;20250422;121000;82.35;82.36;82.27;82.3;938
USDRUBF;5;20250422;121500;82.28;82.28;82.11;82.12;1209
USDRUBF;5;20250422;122000;82.12;82.13;82.06;82.08;683
USDRUBF;5;20250422;122500;82.07;82.08;82.03;82.08;703
USDRUBF;5;20250422;123000;82.06;82.06;81.99;82;1487
USDRUBF;5;20250422;123500;82;82.03;81.97;81.97;1789
USDRUBF;5;20250422;124000;81.97;81.99;81.92;81.93;1297
USDRUBF;5;20250422;124500;81.93;82;81.93;81.97;1171
USDRUBF;5;20250422;125000;81.95;82.02;81.95;82.02;954
USDRUBF;5;20250422;125500;82.01;82.1;82.01;82.07;938
USDRUBF;5;20250422;130000;82.05;82.05;81.96;81.98;629
USDRUBF;5;20250422;130500;81.97;82.04;81.96;81.98;425
USDRUBF;5;20250422;131000;81.98;82.01;81.91;81.99;751
USDRUBF;5;20250422;131500;82;82;81.91;81.91;235
USDRUBF;5;20250422;132000;81.91;81.93;81.84;81.88;619
USDRUBF;5;20250422;132500;81.89;81.89;81.7;81.76;2629
USDRUBF;5;20250422;133000;81.75;81.75;81.63;81.7;1891
USDRUBF;5;20250422;133500;81.7;81.77;81.57;81.57;1212
USDRUBF;5;20250422;134000;81.56;81.75;81.55;81.75;181
USDRUBF;5;20250422;134500;81.75;81.75;81.66;81.75;21
USDRUBF;5;20250422;142000;81.75;81.98;81.72;81.86;1508
USDRUBF;5;20250422;142500;81.88;81.93;81.79;81.8;876
USDRUBF;5;20250422;143500;81.8;81.95;81.77;81.89;487
USDRUBF;5;20250422;144000;81.92;81.95;81.86;81.87;783
USDRUBF;5;20250422;144500;81.87;81.87;81.78;81.81;1310
USDRUBF;5;20250422;145000;81.83;81.83;81.76;81.77;965
USDRUBF;5;20250422;145500;81.76;81.85;81.72;81.73;2299
USDRUBF;5;20250422;150000;81.72;81.78;81.7;81.73;1557
USDRUBF;5;20250422;150500;81.76;81.92;81.73;81.91;1143
USDRUBF;5;20250422;151000;81.91;82.01;81.88;81.97;1640
USDRUBF;5;20250422;151500;81.97;82.02;81.93;81.94;889
USDRUBF;5;20250422;152000;81.95;82.07;81.94;82.04;836
USDRUBF;5;20250422;152500;82.03;82.04;81.95;81.96;742
USDRUBF;5;20250422;153000;81.98;81.98;81.88;81.9;843
USDRUBF;5;20250422;153500;81.89;81.92;81.85;81.91;795
USDRUBF;5;20250422;154000;81.91;81.96;81.9;81.93;758
USDRUBF;5;20250422;154500;81.91;81.99;81.91;81.93;531
USDRUBF;5;20250422;155000;81.94;81.99;81.9;81.95;835
USDRUBF;5;20250422;155500;81.96;82.07;81.94;82.04;547
USDRUBF;5;20250422;160000;82.04;82.05;81.89;81.93;689
USDRUBF;5;20250422;160500;81.94;81.98;81.9;81.98;335
USDRUBF;5;20250422;161000;81.97;82.02;81.88;81.94;812
USDRUBF;5;20250422;161500;81.93;81.93;81.72;81.78;1868
USDRUBF;5;20250422;162000;81.78;81.78;81.69;81.72;968
USDRUBF;5;20250422;162500;81.74;81.75;81.68;81.68;444
USDRUBF;5;20250422;163000;81.69;81.79;81.65;81.78;1083
USDRUBF;5;20250422;163500;81.78;81.82;81.75;81.78;679
USDRUBF;5;20250422;164000;81.78;81.79;81.73;81.75;455
USDRUBF;5;20250422;164500;81.78;81.79;81.73;81.74;453
USDRUBF;5;20250422;165000;81.75;81.8;81.74;81.8;349
USDRUBF;5;20250422;165500;81.77;81.89;81.76;81.82;631
USDRUBF;5;20250422;170000;81.82;81.83;81.67;81.8;714
USDRUBF;5;20250422;170500;81.79;81.87;81.76;81.85;1110
USDRUBF;5;20250422;171000;81.85;81.86;81.79;81.81;680
USDRUBF;5;20250422;171500;81.81;81.82;81.65;81.65;710
USDRUBF;5;20250422;172000;81.67;81.72;81.65;81.68;742
USDRUBF;5;20250422;172500;81.69;81.82;81.64;81.76;2215
USDRUBF;5;20250422;173000;81.78;81.93;81.76;81.89;1461
USDRUBF;5;20250422;173500;81.9;81.94;81.88;81.89;1770
USDRUBF;5;20250422;174000;81.87;81.98;81.87;81.97;1468
USDRUBF;5;20250422;174500;81.97;82;81.94;81.97;1058
USDRUBF;5;20250422;175000;81.96;82.03;81.94;82.02;1333
USDRUBF;5;20250422;175500;82.02;82.09;82;82.07;1358
USDRUBF;5;20250422;180000;82.08;82.17;82.08;82.12;2027
USDRUBF;5;20250422;180500;82.12;82.27;82.11;82.24;2336
USDRUBF;5;20250422;181000;82.25;82.43;82.24;82.31;3860
USDRUBF;5;20250422;181500;82.33;82.44;82.3;82.38;1833
USDRUBF;5;20250422;182000;82.38;82.41;82.31;82.38;1885
USDRUBF;5;20250422;182500;82.38;82.45;82.31;82.32;1924
USDRUBF;5;20250422;183000;82.32;82.37;82.22;82.25;1908
USDRUBF;5;20250422;183500;82.26;82.32;82.12;82.13;1456
USDRUBF;5;20250422;184000;82.13;82.2;82.1;82.11;569
USDRUBF;5;20250422;184500;82.11;82.15;82.08;82.11;536
USDRUBF;5;20250422;190500;82.16;82.35;82.12;82.26;1094
USDRUBF;5;20250422;191000;82.24;82.31;82.16;82.27;627
USDRUBF;5;20250422;191500;82.27;82.33;81.97;82.07;1224
USDRUBF;5;20250422;192000;82.05;82.1;81.95;82.05;778
USDRUBF;5;20250422;192500;82.1;82.18;81.97;82.03;463
USDRUBF;5;20250422;193000;82.04;82.23;82.03;82.19;257
USDRUBF;5;20250422;193500;82.17;82.21;82.13;82.17;116
USDRUBF;5;20250422;194000;82.17;82.17;82.1;82.14;328
USDRUBF;5;20250422;194500;82.14;82.19;82.14;82.17;121
USDRUBF;5;20250422;195000;82.15;82.24;82.14;82.24;115
USDRUBF;5;20250422;195500;82.25;82.3;82.25;82.25;187
USDRUBF;5;20250422;200000;82.25;82.28;82.22;82.28;131
USDRUBF;5;20250422;200500;82.28;82.29;82.26;82.28;45
USDRUBF;5;20250422;201000;82.29;82.3;82.27;82.3;205
USDRUBF;5;20250422;201500;82.3;82.35;82.29;82.32;457
USDRUBF;5;20250422;202000;82.35;82.35;82.31;82.34;119
USDRUBF;5;20250422;202500;82.35;82.36;82.24;82.25;327
USDRUBF;5;20250422;203000;82.21;82.27;82.14;82.14;580
USDRUBF;5;20250422;203500;82.14;82.18;82.11;82.13;261
USDRUBF;5;20250422;204000;82.13;82.25;82.12;82.21;503
USDRUBF;5;20250422;204500;82.18;82.2;82.12;82.17;206
USDRUBF;5;20250422;205000;82.16;82.24;82.14;82.18;276
USDRUBF;5;20250422;205500;82.15;82.22;82.15;82.18;175
USDRUBF;5;20250422;210000;82.16;82.22;82.13;82.2;190
USDRUBF;5;20250422;210500;82.22;82.22;82.1;82.1;329
USDRUBF;5;20250422;211000;82.09;82.09;81.9;81.93;1369
USDRUBF;5;20250422;211500;81.91;81.99;81.84;81.89;917
USDRUBF;5;20250422;212000;81.92;82;81.91;81.95;286
USDRUBF;5;20250422;212500;81.97;81.99;81.93;81.97;119
USDRUBF;5;20250422;213000;81.95;81.95;81.89;81.94;269
USDRUBF;5;20250422;213500;81.95;82.04;81.83;82.04;436
USDRUBF;5;20250422;214000;82.05;82.13;82.02;82.1;429
USDRUBF;5;20250422;214500;82.12;82.14;81.94;81.99;243
USDRUBF;5;20250422;215000;81.98;82.08;81.93;82.06;441
USDRUBF;5;20250422;215500;82.04;82.11;82.03;82.11;263
USDRUBF;5;20250422;220000;82.1;82.13;82.06;82.08;91
USDRUBF;5;20250422;220500;82.08;82.11;82.07;82.1;43
USDRUBF;5;20250422;221000;82.11;82.13;82.09;82.12;69
USDRUBF;5;20250422;221500;82.09;82.11;82.07;82.07;70
USDRUBF;5;20250422;222000;82.07;82.08;82.01;82.05;172
USDRUBF;5;20250422;222500;82.05;82.27;82;82.26;600
USDRUBF;5;20250422;223000;82.23;82.44;82.17;82.36;1301
USDRUBF;5;20250422;223500;82.32;82.39;82.3;82.33;236
USDRUBF;5;20250422;224000;82.38;82.4;82.31;82.33;195
USDRUBF;5;20250422;224500;82.32;82.35;82.27;82.31;162
USDRUBF;5;20250422;225000;82.3;82.38;82.3;82.38;234
USDRUBF;5;20250422;225500;82.38;82.39;82.33;82.36;29
USDRUBF;5;20250422;230000;82.34;82.37;82.31;82.32;65
USDRUBF;5;20250422;230500;82.33;82.35;82.32;82.32;70
USDRUBF;5;20250422;231000;82.32;82.34;82.31;82.31;97
USDRUBF;5;20250422;231500;82.33;82.33;82.29;82.29;25
USDRUBF;5;20250422;232000;82.29;82.33;82.27;82.3;27
USDRUBF;5;20250422;232500;82.3;82.35;82.3;82.35;71
USDRUBF;5;20250422;233000;82.36;82.38;82.34;82.37;130
USDRUBF;5;20250422;233500;82.34;82.37;82.33;82.33;31
USDRUBF;5;20250422;234000;82.32;82.33;82.29;82.3;21
USDRUBF;5;20250422;234500;82.3;82.39;82.21;82.39;347
USDRUBF;5;20250423;090000;82.38;82.38;82.3;82.36;337
USDRUBF;5;20250423;090500;82.35;82.39;82.35;82.36;250
USDRUBF;5;20250423;091000;82.39;82.42;82.35;82.4;348
USDRUBF;5;20250423;091500;82.36;82.43;82.32;82.4;317
USDRUBF;5;20250423;092000;82.4;82.62;82.38;82.54;2023
USDRUBF;5;20250423;092500;82.58;82.61;82.53;82.53;741
USDRUBF;5;20250423;093000;82.55;82.59;82.5;82.5;326
USDRUBF;5;20250423;093500;82.5;82.58;82.49;82.56;540
USDRUBF;5;20250423;094000;82.55;82.56;82.49;82.5;799
USDRUBF;5;20250423;094500;82.5;82.5;82.32;82.39;459
USDRUBF;5;20250423;095000;82.37;82.45;82.34;82.45;794
USDRUBF;5;20250423;095500;82.44;82.55;82.42;82.55;262
USDRUBF;5;20250423;100000;82.53;82.97;82.41;82.87;2269
USDRUBF;5;20250423;100500;82.88;82.9;82.75;82.85;2616
USDRUBF;5;20250423;101000;82.86;83.11;82.83;83.11;1970
USDRUBF;5;20250423;101500;83.13;83.45;83.13;83.32;6179
USDRUBF;5;20250423;102000;83.33;83.45;83.2;83.37;3066
USDRUBF;5;20250423;102500;83.36;83.45;83.32;83.34;2054
USDRUBF;5;20250423;103000;83.35;83.63;83.34;83.51;2573
USDRUBF;5;20250423;103500;83.52;83.65;83.46;83.65;1490
USDRUBF;5;20250423;104000;83.66;83.87;83.66;83.85;3467
USDRUBF;5;20250423;104500;83.85;84.04;83.75;83.8;5021
USDRUBF;5;20250423;105000;83.81;83.81;83.5;83.67;3140
USDRUBF;5;20250423;105500;83.69;83.77;83.65;83.71;691
USDRUBF;5;20250423;110000;83.72;83.83;83.6;83.61;1804
USDRUBF;5;20250423;110500;83.62;83.66;83.6;83.61;896
USDRUBF;5;20250423;111000;83.61;83.64;83.53;83.58;1085
USDRUBF;5;20250423;111500;83.58;83.59;83.41;83.52;2611
USDRUBF;5;20250423;112000;83.53;83.55;83.32;83.34;1220
USDRUBF;5;20250423;112500;83.34;83.43;83.34;83.37;628
USDRUBF;5;20250423;113000;83.36;83.39;83.25;83.37;1276
USDRUBF;5;20250423;113500;83.38;83.42;83.29;83.32;922
USDRUBF;5;20250423;114000;83.32;83.34;83.19;83.23;711
USDRUBF;5;20250423;114500;83.23;83.29;83.16;83.23;531
USDRUBF;5;20250423;115000;83.23;83.36;83.23;83.29;360
USDRUBF;5;20250423;115500;83.27;83.31;83.23;83.3;457
USDRUBF;5;20250423;120000;83.29;83.31;83.16;83.2;717
USDRUBF;5;20250423;120500;83.19;83.25;83.19;83.24;432
USDRUBF;5;20250423;121000;83.24;83.25;83.19;83.25;545
USDRUBF;5;20250423;121500;83.26;83.38;83.26;83.37;892
USDRUBF;5;20250423;122000;83.38;83.51;83.37;83.49;1144
USDRUBF;5;20250423;122500;83.5;83.53;83.42;83.42;1528
USDRUBF;5;20250423;123000;83.42;83.5;83.37;83.44;839
USDRUBF;5;20250423;123500;83.44;83.49;83.35;83.36;387
USDRUBF;5;20250423;124000;83.37;83.42;83.35;83.37;413
USDRUBF;5;20250423;124500;83.38;83.4;83.34;83.35;422
USDRUBF;5;20250423;125000;83.35;83.36;83.22;83.29;871
USDRUBF;5;20250423;125500;83.26;83.3;83.21;83.26;1116
USDRUBF;5;20250423;130000;83.26;83.28;83.21;83.22;812
USDRUBF;5;20250423;130500;83.22;83.23;83.12;83.12;904
USDRUBF;5;20250423;131000;83.13;83.24;83.13;83.21;1018
USDRUBF;5;20250423;131500;83.24;83.3;83.2;83.21;837
USDRUBF;5;20250423;132000;83.21;83.25;83.2;83.21;232
USDRUBF;5;20250423;132500;83.22;83.23;83.13;83.14;210
USDRUBF;5;20250423;133000;83.13;83.22;83.12;83.22;387
USDRUBF;5;20250423;133500;83.21;83.34;83.18;83.21;1745
USDRUBF;5;20250423;134000;83.21;83.23;83.08;83.15;818
USDRUBF;5;20250423;134500;83.15;83.2;83.13;83.16;569
USDRUBF;5;20250423;135000;83.18;83.22;83.17;83.19;321
USDRUBF;5;20250423;135500;83.2;83.28;83.19;83.24;523
USDRUBF;5;20250423;140500;83.25;83.28;83.2;83.2;827
USDRUBF;5;20250423;141000;83.21;83.28;83.21;83.22;746
USDRUBF;5;20250423;141500;83.21;83.31;83.21;83.29;990
USDRUBF;5;20250423;142000;83.31;83.45;83.28;83.42;955
USDRUBF;5;20250423;142500;83.45;83.58;83.43;83.57;1099
USDRUBF;5;20250423;143000;83.57;83.59;83.37;83.38;1507
USDRUBF;5;20250423;143500;83.41;83.41;83.27;83.3;708
USDRUBF;5;20250423;144000;83.31;83.35;83.27;83.35;520
USDRUBF;5;20250423;144500;83.35;83.35;83.28;83.32;419
USDRUBF;5;20250423;145000;83.32;83.35;83.31;83.33;164
USDRUBF;5;20250423;145500;83.32;83.35;83.26;83.28;223
USDRUBF;5;20250423;150000;83.28;83.3;83.24;83.24;564
USDRUBF;5;20250423;150500;83.24;83.35;83.21;83.33;401
USDRUBF;5;20250423;151000;83.34;83.45;83.31;83.42;2157
USDRUBF;5;20250423;151500;83.42;83.59;83.4;83.59;1634
USDRUBF;5;20250423;152000;83.58;83.67;83.45;83.5;1602
USDRUBF;5;20250423;152500;83.49;83.5;83.39;83.4;452
USDRUBF;5;20250423;153000;83.41;83.48;83.38;83.47;680
USDRUBF;5;20250423;153500;83.47;83.51;83.42;83.42;777
USDRUBF;5;20250423;154000;83.41;83.46;83.37;83.43;712
USDRUBF;5;20250423;154500;83.43;83.51;83.42;83.47;371
USDRUBF;5;20250423;155000;83.48;83.56;83.45;83.5;431
USDRUBF;5;20250423;155500;83.5;83.64;83.49;83.51;1455
USDRUBF;5;20250423;160000;83.51;83.62;83.5;83.55;433
USDRUBF;5;20250423;160500;83.54;83.54;83.37;83.37;923
USDRUBF;5;20250423;161000;83.38;83.4;83.32;83.35;357
USDRUBF;5;20250423;161500;83.35;83.43;83.29;83.4;403
USDRUBF;5;20250423;162000;83.39;83.39;83.26;83.34;313
USDRUBF;5;20250423;162500;83.31;83.31;83.26;83.28;352
USDRUBF;5;20250423;163000;83.29;83.3;83.28;83.3;373
USDRUBF;5;20250423;163500;83.3;83.48;83.29;83.32;3660
USDRUBF;5;20250423;164000;83.32;83.4;83.27;83.3;959
USDRUBF;5;20250423;164500;83.3;83.33;83.25;83.3;815
USDRUBF;5;20250423;165000;83.29;83.34;83.27;83.29;473
USDRUBF;5;20250423;165500;83.3;83.32;83.25;83.25;682
USDRUBF;5;20250423;170000;83.28;83.41;83.23;83.4;447
USDRUBF;5;20250423;170500;83.39;83.4;83.31;83.37;687
USDRUBF;5;20250423;171000;83.38;83.49;83.36;83.44;428
USDRUBF;5;20250423;171500;83.43;83.65;83.42;83.6;870
USDRUBF;5;20250423;172000;83.6;83.62;83.36;83.44;2331
USDRUBF;5;20250423;172500;83.45;83.48;83.41;83.43;714
USDRUBF;5;20250423;173000;83.45;83.52;83.4;83.46;739
USDRUBF;5;20250423;173500;83.43;83.45;83.35;83.41;377
USDRUBF;5;20250423;174000;83.41;83.43;83.35;83.41;320
USDRUBF;5;20250423;174500;83.42;83.48;83.35;83.48;552
USDRUBF;5;20250423;175000;83.46;83.56;83.46;83.53;656
USDRUBF;5;20250423;175500;83.54;83.6;83.5;83.57;744
USDRUBF;5;20250423;180000;83.56;83.74;83.55;83.59;1801
USDRUBF;5;20250423;180500;83.58;83.59;83.52;83.57;617
USDRUBF;5;20250423;181000;83.56;83.56;83.46;83.47;493
USDRUBF;5;20250423;181500;83.49;83.5;83.4;83.43;765
USDRUBF;5;20250423;182000;83.44;83.53;83.44;83.47;880
USDRUBF;5;20250423;182500;83.46;83.5;83.43;83.47;369
USDRUBF;5;20250423;183000;83.47;83.48;83.45;83.47;278
USDRUBF;5;20250423;183500;83.48;83.6;83.45;83.57;467
USDRUBF;5;20250423;184000;83.58;83.58;83.51;83.52;278
USDRUBF;5;20250423;184500;83.52;83.52;83.47;83.49;457
USDRUBF;5;20250423;190500;83.53;83.77;83.5;83.72;1036
USDRUBF;5;20250423;191000;83.74;83.9;83.69;83.9;984
USDRUBF;5;20250423;191500;83.86;83.99;83.83;83.99;611
USDRUBF;5;20250423;192000;83.99;84.04;83.88;83.91;1174
USDRUBF;5;20250423;192500;83.94;84.12;83.94;84.07;981
USDRUBF;5;20250423;193000;84.1;84.14;83.89;83.92;644
USDRUBF;5;20250423;193500;83.89;83.97;83.88;83.91;390
USDRUBF;5;20250423;194000;83.89;83.91;83.81;83.81;283
USDRUBF;5;20250423;194500;83.81;83.81;83.66;83.79;726
USDRUBF;5;20250423;195000;83.76;83.81;83.72;83.77;211
USDRUBF;5;20250423;195500;83.75;83.78;83.71;83.71;123
USDRUBF;5;20250423;200000;83.71;83.74;83.68;83.73;216
USDRUBF;5;20250423;200500;83.71;83.74;83.7;83.7;137
USDRUBF;5;20250423;201000;83.7;83.84;83.7;83.83;144
USDRUBF;5;20250423;201500;83.84;83.88;83.8;83.85;169
USDRUBF;5;20250423;202000;83.83;83.88;83.77;83.88;188
USDRUBF;5;20250423;202500;83.89;83.94;83.88;83.92;272
USDRUBF;5;20250423;203000;83.92;83.97;83.91;83.93;261
USDRUBF;5;20250423;203500;83.96;84;83.93;83.97;281
USDRUBF;5;20250423;204000;83.96;83.96;83.91;83.93;408
USDRUBF;5;20250423;204500;83.93;83.98;83.92;83.97;134
USDRUBF;5;20250423;205000;83.96;83.99;83.95;83.97;131
USDRUBF;5;20250423;205500;83.96;83.96;83.94;83.95;549
USDRUBF;5;20250423;210000;83.96;83.96;83.94;83.94;225
USDRUBF;5;20250423;210500;83.94;83.99;83.94;83.99;303
USDRUBF;5;20250423;211000;83.98;83.99;83.96;83.98;236
USDRUBF;5;20250423;211500;83.96;83.99;83.96;83.99;66
USDRUBF;5;20250423;212000;83.97;84.1;83.97;84;546
USDRUBF;5;20250423;212500;84;84.01;83.98;84;111
USDRUBF;5;20250423;213000;83.98;84;83.98;84;85
USDRUBF;5;20250423;213500;84;84.01;83.99;83.99;45
USDRUBF;5;20250423;214000;83.99;84.01;83.99;84;73
USDRUBF;5;20250423;214500;83.99;84.04;83.99;84.02;93
USDRUBF;5;20250423;215000;84.02;84.05;83.99;84;763
USDRUBF;5;20250423;215500;84;84.03;84;84.02;274
USDRUBF;5;20250423;220000;84.04;84.07;83.98;83.98;153
USDRUBF;5;20250423;220500;83.97;83.98;83.96;83.98;103
USDRUBF;5;20250423;221000;83.99;83.99;83.95;83.95;71
USDRUBF;5;20250423;221500;83.96;84;83.96;83.98;106
USDRUBF;5;20250423;222000;83.98;83.99;83.96;83.98;32
USDRUBF;5;20250423;222500;84;84;83.96;83.97;74
USDRUBF;5;20250423;223000;83.99;84.01;83.99;84.01;122
USDRUBF;5;20250423;223500;84.02;84.03;84;84;143
USDRUBF;5;20250423;224000;84.03;84.03;84;84.02;14
USDRUBF;5;20250423;224500;84.01;84.01;84;84;52
USDRUBF;5;20250423;225000;84;84.01;83.98;83.98;41
USDRUBF;5;20250423;225500;83.97;83.98;83.92;83.96;100
USDRUBF;5;20250423;230000;83.96;84;83.96;83.96;85
USDRUBF;5;20250423;230500;83.97;84;83.97;83.99;30
USDRUBF;5;20250423;231000;83.99;84.02;83.97;83.97;176
USDRUBF;5;20250423;231500;84.01;84.02;83.93;83.95;239
USDRUBF;5;20250423;232000;83.98;83.99;83.97;83.97;36
USDRUBF;5;20250423;232500;83.99;84;83.97;83.98;36
USDRUBF;5;20250423;233000;84;84.03;84;84.02;72
USDRUBF;5;20250423;233500;84.01;84.03;84;84.03;25
USDRUBF;5;20250423;234000;84.03;84.05;84.01;84.05;113
USDRUBF;5;20250423;234500;84.05;84.06;84;84.01;113
USDRUBF;5;20250424;090000;84.07;84.14;84.02;84.05;499
USDRUBF;5;20250424;090500;84.05;84.15;83.95;83.96;409
USDRUBF;5;20250424;091000;83.97;83.97;83.85;83.86;492
USDRUBF;5;20250424;091500;83.85;83.9;83.76;83.82;253
USDRUBF;5;20250424;092000;83.82;83.82;83.76;83.78;228
USDRUBF;5;20250424;092500;83.78;83.85;83.75;83.79;416
USDRUBF;5;20250424;093000;83.79;83.86;83.76;83.86;282
USDRUBF;5;20250424;093500;83.85;83.9;83.81;83.82;183
USDRUBF;5;20250424;094000;83.82;83.91;83.81;83.86;159
USDRUBF;5;20250424;094500;83.89;83.93;83.85;83.86;172
USDRUBF;5;20250424;095000;83.88;83.88;83.8;83.87;417
USDRUBF;5;20250424;095500;83.88;83.94;83.86;83.89;262
USDRUBF;5;20250424;100000;83.89;84.04;83.74;83.91;1433
USDRUBF;5;20250424;100500;83.94;84;83.83;83.99;1257
USDRUBF;5;20250424;101000;83.98;84.05;83.91;84.01;819
USDRUBF;5;20250424;101500;84.03;84.04;83.77;83.81;1069
USDRUBF;5;20250424;102000;83.81;83.85;83.72;83.73;1411
USDRUBF;5;20250424;102500;83.75;83.75;83.45;83.54;2720
USDRUBF;5;20250424;103000;83.51;83.57;83.45;83.54;1291
USDRUBF;5;20250424;103500;83.53;83.61;83.52;83.56;1005
USDRUBF;5;20250424;104000;83.58;83.62;83.56;83.6;479
USDRUBF;5;20250424;104500;83.6;83.6;83.41;83.41;810
USDRUBF;5;20250424;105000;83.41;83.46;83.29;83.44;2177
USDRUBF;5;20250424;105500;83.43;83.43;83.3;83.35;777
USDRUBF;5;20250424;110000;83.32;83.38;83.25;83.31;1903
USDRUBF;5;20250424;110500;83.32;83.37;83.28;83.31;702
USDRUBF;5;20250424;111000;83.31;83.39;83.3;83.36;525
USDRUBF;5;20250424;111500;83.37;83.51;83.34;83.5;658
USDRUBF;5;20250424;112000;83.49;83.59;83.36;83.56;1479
USDRUBF;5;20250424;112500;83.57;83.68;83.57;83.63;742
USDRUBF;5;20250424;113000;83.65;83.66;83.55;83.58;698
USDRUBF;5;20250424;113500;83.57;83.62;83.47;83.52;866
USDRUBF;5;20250424;114000;83.54;83.58;83.42;83.49;575
USDRUBF;5;20250424;114500;83.49;83.64;83.49;83.57;837
USDRUBF;5;20250424;115000;83.59;83.63;83.45;83.51;558
USDRUBF;5;20250424;115500;83.5;83.58;83.46;83.57;504
USDRUBF;5;20250424;120000;83.57;83.6;83.47;83.5;723
USDRUBF;5;20250424;120500;83.49;83.55;83.44;83.47;336
USDRUBF;5;20250424;121000;83.47;83.55;83.43;83.51;698
USDRUBF;5;20250424;121500;83.52;83.77;83.52;83.77;997
USDRUBF;5;20250424;122000;83.76;83.85;83.71;83.74;713
USDRUBF;5;20250424;122500;83.74;83.75;83.62;83.65;505
USDRUBF;5;20250424;123000;83.65;83.68;83.54;83.65;826
USDRUBF;5;20250424;123500;83.61;83.66;83.6;83.64;432
USDRUBF;5;20250424;124000;83.63;83.65;83.57;83.61;537
USDRUBF;5;20250424;124500;83.58;83.66;83.56;83.64;307
USDRUBF;5;20250424;125000;83.64;83.65;83.58;83.58;903
USDRUBF;5;20250424;125500;83.56;83.66;83.55;83.58;486
USDRUBF;5;20250424;130000;83.57;83.62;83.56;83.61;330
USDRUBF;5;20250424;130500;83.61;83.61;83.53;83.53;202
USDRUBF;5;20250424;131000;83.54;83.67;83.52;83.65;483
USDRUBF;5;20250424;131500;83.64;83.71;83.59;83.7;748
USDRUBF;5;20250424;132000;83.68;83.72;83.59;83.61;348
USDRUBF;5;20250424;132500;83.6;83.62;83.59;83.61;90
USDRUBF;5;20250424;133000;83.61;83.66;83.6;83.65;581
USDRUBF;5;20250424;133500;83.64;83.67;83.62;83.62;235
USDRUBF;5;20250424;134000;83.63;83.76;83.63;83.74;133
USDRUBF;5;20250424;134500;83.73;83.76;83.65;83.65;292
USDRUBF;5;20250424;135000;83.66;83.66;83.59;83.59;406
USDRUBF;5;20250424;135500;83.59;83.66;83.55;83.61;325
USDRUBF;5;20250424;140500;83.63;83.63;83.53;83.53;558
USDRUBF;5;20250424;141000;83.54;83.54;83.49;83.5;331
USDRUBF;5;20250424;141500;83.49;83.52;83.46;83.5;193
USDRUBF;5;20250424;142000;83.49;83.49;83.38;83.41;559
USDRUBF;5;20250424;142500;83.39;83.46;83.34;83.41;584
USDRUBF;5;20250424;143000;83.4;83.4;83.36;83.4;96
USDRUBF;5;20250424;143500;83.39;83.49;83.39;83.49;476
USDRUBF;5;20250424;144000;83.47;83.48;83.38;83.44;701
USDRUBF;5;20250424;144500;83.43;83.45;83.4;83.42;346
USDRUBF;5;20250424;145000;83.41;83.41;83.31;83.35;649
USDRUBF;5;20250424;145500;83.35;83.41;83.35;83.37;270
USDRUBF;5;20250424;150000;83.37;83.43;83.33;83.43;955
USDRUBF;5;20250424;150500;83.41;83.5;83.38;83.48;1112
USDRUBF;5;20250424;151000;83.48;83.53;83.42;83.42;452
USDRUBF;5;20250424;151500;83.42;83.54;83.41;83.45;439
USDRUBF;5;20250424;152000;83.45;83.45;83.38;83.44;519
USDRUBF;5;20250424;152500;83.44;83.56;83.41;83.54;519
USDRUBF;5;20250424;153000;83.55;83.62;83.52;83.54;590
USDRUBF;5;20250424;153500;83.53;83.6;83.53;83.55;268
USDRUBF;5;20250424;154000;83.55;83.56;83.47;83.47;267
USDRUBF;5;20250424;154500;83.48;83.55;83.45;83.51;183
USDRUBF;5;20250424;155000;83.52;83.52;83.48;83.49;248
USDRUBF;5;20250424;155500;83.47;83.52;83.46;83.48;246
USDRUBF;5;20250424;160000;83.48;83.48;83.33;83.44;1263
USDRUBF;5;20250424;160500;83.45;83.46;83.37;83.43;203
USDRUBF;5;20250424;161000;83.43;83.45;83.42;83.45;215
USDRUBF;5;20250424;161500;83.45;83.47;83.42;83.45;244
USDRUBF;5;20250424;162000;83.43;83.5;83.43;83.49;262
USDRUBF;5;20250424;162500;83.46;83.48;83.42;83.45;101
USDRUBF;5;20250424;163000;83.46;83.58;83.44;83.56;344
USDRUBF;5;20250424;163500;83.55;83.55;83.49;83.54;600
USDRUBF;5;20250424;164000;83.54;83.54;83.45;83.49;859
USDRUBF;5;20250424;164500;83.48;83.59;83.47;83.57;444
USDRUBF;5;20250424;165000;83.57;83.62;83.55;83.56;722
USDRUBF;5;20250424;165500;83.56;83.56;83.51;83.53;399
USDRUBF;5;20250424;170000;83.55;83.56;83.42;83.55;512
USDRUBF;5;20250424;170500;83.52;83.58;83.51;83.53;134
USDRUBF;5;20250424;171000;83.52;83.53;83.5;83.53;100
USDRUBF;5;20250424;171500;83.52;83.59;83.48;83.59;576
USDRUBF;5;20250424;172000;83.59;83.69;83.57;83.61;882
USDRUBF;5;20250424;172500;83.6;83.63;83.54;83.57;373
USDRUBF;5;20250424;173000;83.58;83.61;83.54;83.54;192
USDRUBF;5;20250424;173500;83.56;83.58;83.56;83.56;160
USDRUBF;5;20250424;174000;83.56;83.56;83.48;83.54;713
USDRUBF;5;20250424;174500;83.55;83.56;83.5;83.52;575
USDRUBF;5;20250424;175000;83.51;83.51;83.41;83.41;562
USDRUBF;5;20250424;175500;83.4;83.45;83.25;83.25;2602
USDRUBF;5;20250424;180000;83.25;83.32;83.11;83.23;3659
USDRUBF;5;20250424;180500;83.2;83.4;83.2;83.33;723
USDRUBF;5;20250424;181000;83.33;83.45;83.33;83.39;654
USDRUBF;5;20250424;181500;83.4;83.44;83.36;83.38;641
USDRUBF;5;20250424;182000;83.39;83.41;83.27;83.41;898
USDRUBF;5;20250424;182500;83.42;83.44;83.34;83.37;565
USDRUBF;5;20250424;183000;83.37;83.45;83.36;83.43;637
USDRUBF;5;20250424;183500;83.41;83.43;83.37;83.37;103
USDRUBF;5;20250424;184000;83.39;83.42;83.32;83.4;518
USDRUBF;5;20250424;184500;83.35;83.37;83.26;83.26;332
USDRUBF;5;20250424;190500;83.36;83.47;83.33;83.4;983
USDRUBF;5;20250424;191000;83.4;83.45;83.38;83.38;207
USDRUBF;5;20250424;191500;83.38;83.48;83.38;83.43;292
USDRUBF;5;20250424;192000;83.47;83.55;83.46;83.51;472
USDRUBF;5;20250424;192500;83.51;83.59;83.5;83.51;443
USDRUBF;5;20250424;193000;83.5;83.51;83.45;83.51;120
USDRUBF;5;20250424;193500;83.48;83.53;83.48;83.5;95
USDRUBF;5;20250424;194000;83.51;83.51;83.47;83.49;16
USDRUBF;5;20250424;194500;83.51;83.56;83.5;83.53;199
USDRUBF;5;20250424;195000;83.54;83.57;83.48;83.48;286
USDRUBF;5;20250424;195500;83.5;83.52;83.46;83.52;29
USDRUBF;5;20250424;200000;83.52;83.53;83.5;83.52;129
USDRUBF;5;20250424;200500;83.53;83.55;83.52;83.53;73
USDRUBF;5;20250424;201000;83.53;83.56;83.53;83.56;150
USDRUBF;5;20250424;201500;83.53;83.56;83.5;83.55;69
USDRUBF;5;20250424;202000;83.53;83.54;83.51;83.52;52
USDRUBF;5;20250424;202500;83.51;83.52;83.46;83.46;153
USDRUBF;5;20250424;203000;83.5;83.52;83.47;83.5;66
USDRUBF;5;20250424;203500;83.5;83.52;83.47;83.47;59
USDRUBF;5;20250424;204000;83.47;83.5;83.46;83.48;152
USDRUBF;5;20250424;204500;83.49;83.51;83.47;83.47;86
USDRUBF;5;20250424;205000;83.47;83.52;83.47;83.5;55
USDRUBF;5;20250424;205500;83.52;83.54;83.51;83.54;136
USDRUBF;5;20250424;210000;83.51;83.51;83.51;83.51;26
USDRUBF;5;20250424;210500;83.52;83.53;83.5;83.51;83
USDRUBF;5;20250424;211000;83.51;83.51;83.45;83.49;227
USDRUBF;5;20250424;211500;83.48;83.49;83.48;83.49;99
USDRUBF;5;20250424;212000;83.47;83.5;83.47;83.47;71
USDRUBF;5;20250424;212500;83.47;83.47;83.45;83.47;151
USDRUBF;5;20250424;213000;83.46;83.48;83.46;83.48;82
USDRUBF;5;20250424;213500;83.48;83.49;83.47;83.49;92
USDRUBF;5;20250424;214000;83.48;83.51;83.47;83.51;27
USDRUBF;5;20250424;214500;83.5;83.51;83.49;83.49;13
USDRUBF;5;20250424;215000;83.5;83.53;83.5;83.53;143
USDRUBF;5;20250424;215500;83.53;83.53;83.48;83.49;188
USDRUBF;5;20250424;220000;83.49;83.51;83.49;83.5;8
USDRUBF;5;20250424;220500;83.51;83.53;83.51;83.52;75
USDRUBF;5;20250424;221000;83.54;83.57;83.54;83.56;194
USDRUBF;5;20250424;221500;83.57;83.57;83.53;83.53;23
USDRUBF;5;20250424;222000;83.54;83.54;83.53;83.54;25
USDRUBF;5;20250424;222500;83.54;83.6;83.54;83.57;262
USDRUBF;5;20250424;223000;83.58;83.6;83.57;83.58;63
USDRUBF;5;20250424;223500;83.59;83.59;83.57;83.57;32
USDRUBF;5;20250424;224000;83.57;83.57;83.55;83.55;53
USDRUBF;5;20250424;224500;83.58;83.58;83.58;83.58;12
USDRUBF;5;20250424;225000;83.58;83.6;83.56;83.6;43
USDRUBF;5;20250424;225500;83.57;83.6;83.57;83.6;35
USDRUBF;5;20250424;230000;83.6;83.61;83.6;83.6;46
USDRUBF;5;20250424;230500;83.59;83.59;83.57;83.57;60
USDRUBF;5;20250424;231000;83.57;83.58;83.57;83.57;11
USDRUBF;5;20250424;231500;83.55;83.56;83.52;83.55;193
USDRUBF;5;20250424;232000;83.55;83.55;83.53;83.55;56
USDRUBF;5;20250424;232500;83.55;83.55;83.55;83.55;3
USDRUBF;5;20250424;233000;83.53;83.53;83.5;83.5;72
USDRUBF;5;20250424;233500;83.54;83.54;83.51;83.51;14
USDRUBF;5;20250424;234000;83.52;83.52;83.49;83.49;32
USDRUBF;5;20250424;234500;83.5;83.6;83.5;83.6;80
USDRUBF;5;20250425;090000;83.6;83.68;83.5;83.53;453
USDRUBF;5;20250425;090500;83.57;83.61;83.49;83.49;200
USDRUBF;5;20250425;091000;83.49;83.53;83.43;83.47;202
USDRUBF;5;20250425;091500;83.45;83.55;83.44;83.55;230
USDRUBF;5;20250425;092000;83.53;83.54;83.49;83.54;160
USDRUBF;5;20250425;092500;83.52;83.56;83.5;83.52;262
USDRUBF;5;20250425;093000;83.5;83.56;83.49;83.51;198
USDRUBF;5;20250425;093500;83.51;83.54;83.46;83.54;204
USDRUBF;5;20250425;094000;83.53;83.54;83.49;83.49;260
USDRUBF;5;20250425;094500;83.52;83.52;83.41;83.43;437
USDRUBF;5;20250425;095000;83.43;83.43;83.3;83.31;1296
USDRUBF;5;20250425;095500;83.3;83.35;83.14;83.27;1490
USDRUBF;5;20250425;100000;83.27;83.37;83.16;83.37;1190
USDRUBF;5;20250425;100500;83.37;83.46;83.29;83.42;952
USDRUBF;5;20250425;101000;83.42;83.5;83.39;83.44;565
USDRUBF;5;20250425;101500;83.42;83.47;83.4;83.42;297
USDRUBF;5;20250425;102000;83.41;83.42;83.36;83.38;206
USDRUBF;5;20250425;102500;83.34;83.44;83.33;83.43;264
USDRUBF;5;20250425;103000;83.41;83.42;83.31;83.35;686
USDRUBF;5;20250425;103500;83.36;83.41;83.31;83.37;805
USDRUBF;5;20250425;104000;83.34;83.41;83.34;83.35;330
USDRUBF;5;20250425;104500;83.37;83.41;83.28;83.3;588
USDRUBF;5;20250425;105000;83.3;83.39;83.28;83.32;560
USDRUBF;5;20250425;105500;83.32;83.42;83.32;83.36;601
USDRUBF;5;20250425;110000;83.36;83.41;83.29;83.32;1410
USDRUBF;5;20250425;110500;83.32;83.45;83.3;83.39;1161
USDRUBF;5;20250425;111000;83.4;83.42;83.34;83.4;370
USDRUBF;5;20250425;111500;83.4;83.42;83.32;83.33;304
USDRUBF;5;20250425;112000;83.35;83.39;83.33;83.35;320
USDRUBF;5;20250425;112500;83.35;83.39;83.31;83.32;177
USDRUBF;5;20250425;113000;83.31;83.37;83.3;83.33;187
USDRUBF;5;20250425;113500;83.32;83.37;83.32;83.33;96
USDRUBF;5;20250425;114000;83.34;83.37;83.33;83.37;77
USDRUBF;5;20250425;114500;83.36;83.36;83.31;83.31;170
USDRUBF;5;20250425;115000;83.3;83.44;83.28;83.43;645
USDRUBF;5;20250425;115500;83.43;83.44;83.33;83.33;406
USDRUBF;5;20250425;120000;83.34;83.35;83.21;83.28;675
USDRUBF;5;20250425;120500;83.3;83.35;83.29;83.32;360
USDRUBF;5;20250425;121000;83.34;83.4;83.33;83.38;429
USDRUBF;5;20250425;121500;83.37;83.39;83.29;83.32;222
USDRUBF;5;20250425;122000;83.32;83.32;83.26;83.26;105
USDRUBF;5;20250425;122500;83.27;83.31;83.26;83.29;197
USDRUBF;5;20250425;123000;83.27;83.28;83.19;83.25;725
USDRUBF;5;20250425;123500;83.25;83.26;83.04;83.18;2199
USDRUBF;5;20250425;124000;83.17;83.19;83.12;83.18;816
USDRUBF;5;20250425;124500;83.17;83.17;83.12;83.14;1009
USDRUBF;5;20250425;125000;83.13;83.22;83.12;83.17;966
USDRUBF;5;20250425;125500;83.17;83.2;83.14;83.18;465
USDRUBF;5;20250425;130000;83.18;83.19;83.13;83.16;569
USDRUBF;5;20250425;130500;83.15;83.18;83.11;83.16;660
USDRUBF;5;20250425;131000;83.16;83.2;83.14;83.18;658
USDRUBF;5;20250425;131500;83.17;83.22;83.16;83.22;98
USDRUBF;5;20250425;132000;83.2;83.29;83.2;83.29;323
USDRUBF;5;20250425;132500;83.28;83.29;83.22;83.24;522
USDRUBF;5;20250425;133000;83.25;83.46;83.24;83.44;1103
USDRUBF;5;20250425;133500;83.46;83.48;83.32;83.36;1470
USDRUBF;5;20250425;134000;83.37;83.4;83.2;83.23;693
USDRUBF;5;20250425;134500;83.23;83.23;83.12;83.17;781
USDRUBF;5;20250425;135000;83.17;83.26;83.14;83.19;164
USDRUBF;5;20250425;135500;83.19;83.31;83.19;83.24;266
USDRUBF;5;20250425;140500;83.24;83.34;83.18;83.28;409
USDRUBF;5;20250425;141000;83.29;83.31;83.19;83.19;188
USDRUBF;5;20250425;141500;83.19;83.33;83.19;83.28;1304
USDRUBF;5;20250425;142000;83.28;83.28;83.17;83.17;420
USDRUBF;5;20250425;142500;83.19;83.25;83.16;83.21;406
USDRUBF;5;20250425;143000;83.2;83.2;83.11;83.11;874
USDRUBF;5;20250425;143500;83.12;83.15;83.09;83.14;1070
USDRUBF;5;20250425;144000;83.14;83.21;83.11;83.2;815
USDRUBF;5;20250425;144500;83.18;83.2;83.16;83.17;73
USDRUBF;5;20250425;145000;83.19;83.19;83.13;83.17;609
USDRUBF;5;20250425;145500;83.17;83.19;83.06;83.14;2214
USDRUBF;5;20250425;150000;83.15;83.15;83.11;83.15;261
USDRUBF;5;20250425;150500;83.13;83.13;83.07;83.1;350
USDRUBF;5;20250425;151000;83.11;83.15;83.08;83.13;320
USDRUBF;5;20250425;151500;83.14;83.16;83.12;83.16;664
USDRUBF;5;20250425;152000;83.16;83.23;83.14;83.22;909
USDRUBF;5;20250425;152500;83.24;83.29;83.18;83.2;646
USDRUBF;5;20250425;153000;83.18;83.31;83.17;83.3;888
USDRUBF;5;20250425;153500;83.31;83.4;83.31;83.35;1119
USDRUBF;5;20250425;154000;83.36;83.37;83.33;83.36;201
USDRUBF;5;20250425;154500;83.34;83.34;83.26;83.3;1162
USDRUBF;5;20250425;155000;83.28;83.33;83.25;83.33;194
USDRUBF;5;20250425;155500;83.34;83.38;83.3;83.36;289
USDRUBF;5;20250425;160000;83.37;83.39;83.34;83.35;954
USDRUBF;5;20250425;160500;83.36;83.39;83.34;83.36;325
USDRUBF;5;20250425;161000;83.37;83.42;83.35;83.39;375
USDRUBF;5;20250425;161500;83.39;83.44;83.39;83.43;191
USDRUBF;5;20250425;162000;83.42;83.42;83.34;83.41;426
USDRUBF;5;20250425;162500;83.41;83.45;83.38;83.38;293
USDRUBF;5;20250425;163000;83.38;83.4;83.29;83.39;541
USDRUBF;5;20250425;163500;83.38;83.4;83.35;83.39;225
USDRUBF;5;20250425;164000;83.38;83.39;83.35;83.37;188
USDRUBF;5;20250425;164500;83.39;83.46;83.36;83.45;639
USDRUBF;5;20250425;165000;83.46;83.47;83.4;83.47;414
USDRUBF;5;20250425;165500;83.45;83.49;83.44;83.49;261
USDRUBF;5;20250425;170000;83.47;83.49;83.41;83.42;314
USDRUBF;5;20250425;170500;83.41;83.48;83.38;83.4;725
USDRUBF;5;20250425;171000;83.43;83.45;83.42;83.42;227
USDRUBF;5;20250425;171500;83.43;83.46;83.4;83.46;325
USDRUBF;5;20250425;172000;83.45;83.47;83.42;83.43;265
USDRUBF;5;20250425;172500;83.44;83.45;83.42;83.43;761
USDRUBF;5;20250425;173000;83.41;83.41;83.28;83.36;1224
USDRUBF;5;20250425;173500;83.36;83.37;83.33;83.34;123
USDRUBF;5;20250425;174000;83.35;83.37;83.29;83.31;274
USDRUBF;5;20250425;174500;83.3;83.36;83.26;83.27;426
USDRUBF;5;20250425;175000;83.27;83.32;83.2;83.3;1070
USDRUBF;5;20250425;175500;83.3;83.34;83.26;83.29;444
USDRUBF;5;20250425;180000;83.31;83.31;83.23;83.24;601
USDRUBF;5;20250425;180500;83.25;83.28;83.2;83.27;248
USDRUBF;5;20250425;181000;83.27;83.27;83.18;83.22;690
USDRUBF;5;20250425;181500;83.22;83.31;83.19;83.3;398
USDRUBF;5;20250425;182000;83.29;83.36;83.28;83.34;470
USDRUBF;5;20250425;182500;83.35;83.36;83.3;83.32;817
USDRUBF;5;20250425;183000;83.32;83.34;83.27;83.34;1168
USDRUBF;5;20250425;183500;83.34;83.38;83.33;83.33;635
USDRUBF;5;20250425;184000;83.35;83.37;83.29;83.29;272
USDRUBF;5;20250425;184500;83.29;83.33;83.28;83.31;483
USDRUBF;5;20250425;190500;83.39;83.4;83.32;83.38;556
USDRUBF;5;20250425;191000;83.37;83.4;83.35;83.38;358
USDRUBF;5;20250425;191500;83.37;83.42;83.36;83.41;288
USDRUBF;5;20250425;192000;83.4;83.41;83.35;83.37;108
USDRUBF;5;20250425;192500;83.4;83.41;83.35;83.35;461
USDRUBF;5;20250425;193000;83.35;83.39;83.32;83.39;363
USDRUBF;5;20250425;193500;83.39;83.39;83.35;83.37;205
USDRUBF;5;20250425;194000;83.37;83.38;83.32;83.38;202
USDRUBF;5;20250425;194500;83.35;83.38;83.35;83.38;24
USDRUBF;5;20250425;195000;83.38;83.38;83.35;83.35;12
USDRUBF;5;20250425;195500;83.38;83.38;83.36;83.37;82
USDRUBF;5;20250425;200000;83.36;83.36;83.35;83.36;62
USDRUBF;5;20250425;200500;83.36;83.36;83.36;83.36;8
USDRUBF;5;20250425;201000;83.36;83.4;83.36;83.37;281
USDRUBF;5;20250425;201500;83.4;83.42;83.37;83.42;197
USDRUBF;5;20250425;202000;83.42;83.43;83.41;83.41;34
USDRUBF;5;20250425;202500;83.43;83.45;83.42;83.45;115
USDRUBF;5;20250425;203000;83.45;83.45;83.41;83.41;49
USDRUBF;5;20250425;203500;83.41;83.44;83.4;83.44;37
USDRUBF;5;20250425;204000;83.43;83.44;83.41;83.43;26
USDRUBF;5;20250425;204500;83.44;83.44;83.41;83.41;31
USDRUBF;5;20250425;205000;83.41;83.43;83.4;83.43;24
USDRUBF;5;20250425;205500;83.43;83.45;83.42;83.42;88
USDRUBF;5;20250425;210000;83.42;83.45;83.42;83.45;43
USDRUBF;5;20250425;210500;83.43;83.45;83.41;83.42;100
USDRUBF;5;20250425;211000;83.42;83.44;83.42;83.42;6
USDRUBF;5;20250425;211500;83.43;83.43;83.4;83.4;77
USDRUBF;5;20250425;212000;83.4;83.42;83.39;83.4;80
USDRUBF;5;20250425;212500;83.41;83.41;83.37;83.37;45
USDRUBF;5;20250425;213000;83.35;83.38;83.35;83.38;50
USDRUBF;5;20250425;213500;83.39;83.41;83.36;83.36;121
USDRUBF;5;20250425;214000;83.35;83.37;83.33;83.37;46
USDRUBF;5;20250425;214500;83.37;83.39;83.35;83.38;50
USDRUBF;5;20250425;215000;83.39;83.4;83.37;83.37;43
USDRUBF;5;20250425;215500;83.36;83.37;83.35;83.37;16
USDRUBF;5;20250425;220000;83.36;83.38;83.35;83.35;15
USDRUBF;5;20250425;220500;83.36;83.36;83.35;83.35;19
USDRUBF;5;20250425;221000;83.36;83.38;83.35;83.38;32
USDRUBF;5;20250425;221500;83.38;83.38;83.35;83.38;21
USDRUBF;5;20250425;222000;83.38;83.38;83.37;83.37;16
USDRUBF;5;20250425;222500;83.36;83.38;83.36;83.37;42
USDRUBF;5;20250425;223000;83.36;83.39;83.36;83.39;75
USDRUBF;5;20250425;223500;83.4;83.4;83.36;83.36;97
USDRUBF;5;20250425;224000;83.38;83.4;83.36;83.37;92
USDRUBF;5;20250425;224500;83.37;83.38;83.37;83.38;11
USDRUBF;5;20250425;225000;83.38;83.39;83.36;83.36;51
USDRUBF;5;20250425;225500;83.38;83.41;83.38;83.41;38
USDRUBF;5;20250425;230000;83.41;83.42;83.39;83.42;73
USDRUBF;5;20250425;230500;83.41;83.41;83.4;83.4;16
USDRUBF;5;20250425;231000;83.41;83.41;83.38;83.41;131
USDRUBF;5;20250425;231500;83.4;83.42;83.39;83.42;96
USDRUBF;5;20250425;232000;83.4;83.42;83.39;83.41;94
USDRUBF;5;20250425;232500;83.41;83.41;83.36;83.37;153
USDRUBF;5;20250425;233000;83.4;83.4;83.38;83.4;50
USDRUBF;5;20250425;233500;83.37;83.4;83.35;83.35;207
USDRUBF;5;20250425;234000;83.39;83.39;83.35;83.37;46
USDRUBF;5;20250425;234500;83.37;83.4;83.36;83.37;85
USDRUBF;5;20250428;090000;83.37;83.6;83.34;83.5;1890
USDRUBF;5;20250428;090500;83.48;83.69;83.48;83.64;916
USDRUBF;5;20250428;091000;83.65;83.67;83.59;83.61;772
USDRUBF;5;20250428;091500;83.61;83.62;83.58;83.6;277
USDRUBF;5;20250428;092000;83.6;83.63;83.58;83.58;298
USDRUBF;5;20250428;092500;83.55;83.6;83.52;83.6;189
USDRUBF;5;20250428;093000;83.6;83.64;83.58;83.58;152
USDRUBF;5;20250428;093500;83.6;83.6;83.49;83.52;384
USDRUBF;5;20250428;094000;83.52;83.53;83.48;83.49;145
USDRUBF;5;20250428;094500;83.5;83.5;83.43;83.44;188
USDRUBF;5;20250428;095000;83.45;83.5;83.43;83.48;350
USDRUBF;5;20250428;095500;83.47;83.69;83.46;83.64;684
USDRUBF;5;20250428;100000;83.63;83.79;83.53;83.58;1267
USDRUBF;5;20250428;100500;83.57;83.65;83.48;83.51;2009
USDRUBF;5;20250428;101000;83.53;83.53;83.17;83.32;9058
USDRUBF;5;20250428;101500;83.32;83.34;83.19;83.25;1571
USDRUBF;5;20250428;102000;83.25;83.25;82.88;83.01;3586
USDRUBF;5;20250428;102500;82.99;83.05;82.95;83.02;1138
USDRUBF;5;20250428;103000;83.01;83.04;82.96;83.01;1584
USDRUBF;5;20250428;103500;82.99;83.14;82.98;83.14;932
USDRUBF;5;20250428;104000;83.14;83.16;83.05;83.1;609
USDRUBF;5;20250428;104500;83.09;83.14;83.06;83.13;305
USDRUBF;5;20250428;105000;83.11;83.12;83.02;83.04;563
USDRUBF;5;20250428;105500;83.05;83.11;83.01;83.1;778
USDRUBF;5;20250428;110000;83.09;83.09;83.02;83.05;780
USDRUBF;5;20250428;110500;83.05;83.12;83.04;83.11;1075
USDRUBF;5;20250428;111000;83.11;83.15;83.1;83.13;560
USDRUBF;5;20250428;111500;83.12;83.16;83.09;83.12;697
USDRUBF;5;20250428;112000;83.13;83.13;83.05;83.05;118
USDRUBF;5;20250428;112500;83.05;83.07;82.96;83.02;636
USDRUBF;5;20250428;113000;83.02;83.04;82.95;83.02;788
USDRUBF;5;20250428;113500;83;83.01;82.95;82.95;258
USDRUBF;5;20250428;114000;82.95;82.95;82.83;82.9;621
USDRUBF;5;20250428;114500;82.88;82.88;82.82;82.86;910
USDRUBF;5;20250428;115000;82.84;82.84;82.82;82.82;539
USDRUBF;5;20250428;115500;82.82;82.83;82.76;82.82;1035
USDRUBF;5;20250428;120000;82.81;82.89;82.77;82.88;1308
USDRUBF;5;20250428;120500;82.87;82.93;82.83;82.86;697
USDRUBF;5;20250428;121000;82.86;82.88;82.81;82.85;638
USDRUBF;5;20250428;121500;82.85;82.86;82.78;82.78;457
USDRUBF;5;20250428;122000;82.79;82.81;82.72;82.73;856
USDRUBF;5;20250428;122500;82.73;82.74;82.66;82.7;1100
USDRUBF;5;20250428;123000;82.69;82.76;82.68;82.74;1424
USDRUBF;5;20250428;123500;82.73;82.76;82.7;82.76;188
USDRUBF;5;20250428;124000;82.76;82.84;82.75;82.84;453
USDRUBF;5;20250428;124500;82.84;82.91;82.81;82.88;446
USDRUBF;5;20250428;125000;82.88;82.92;82.86;82.9;448
USDRUBF;5;20250428;125500;82.9;82.93;82.89;82.93;657
USDRUBF;5;20250428;130000;82.93;83.03;82.93;83.01;1460
USDRUBF;5;20250428;130500;83.01;83.02;82.93;82.97;380
USDRUBF;5;20250428;131000;82.97;82.98;82.93;82.95;218
USDRUBF;5;20250428;131500;82.95;82.99;82.95;82.96;506
USDRUBF;5;20250428;132000;82.95;82.98;82.95;82.96;341
USDRUBF;5;20250428;132500;82.95;82.96;82.84;82.84;258
USDRUBF;5;20250428;133000;82.83;82.88;82.73;82.74;820
USDRUBF;5;20250428;133500;82.73;82.76;82.7;82.72;711
USDRUBF;5;20250428;134000;82.73;82.75;82.7;82.7;310
USDRUBF;5;20250428;134500;82.72;82.74;82.66;82.66;272
USDRUBF;5;20250428;135000;82.67;82.76;82.66;82.76;646
USDRUBF;5;20250428;135500;82.77;82.78;82.69;82.69;518
USDRUBF;5;20250428;140500;82.69;82.7;82.62;82.69;711
USDRUBF;5;20250428;141000;82.68;82.7;82.64;82.7;654
USDRUBF;5;20250428;141500;82.69;82.7;82.6;82.61;1466
USDRUBF;5;20250428;142000;82.61;82.65;82.54;82.55;896
USDRUBF;5;20250428;142500;82.53;82.61;82.5;82.59;2019
USDRUBF;5;20250428;143000;82.59;82.63;82.5;82.5;810
USDRUBF;5;20250428;143500;82.5;82.61;82.43;82.57;1734
USDRUBF;5;20250428;144000;82.57;82.58;82.46;82.55;568
USDRUBF;5;20250428;144500;82.53;82.59;82.48;82.48;282
USDRUBF;5;20250428;145000;82.48;82.6;82.42;82.55;825
USDRUBF;5;20250428;145500;82.55;82.57;82.47;82.5;577
USDRUBF;5;20250428;150000;82.5;82.5;82.41;82.5;1316
USDRUBF;5;20250428;150500;82.5;82.58;82.48;82.57;1174
USDRUBF;5;20250428;151000;82.56;82.61;82.52;82.59;717
USDRUBF;5;20250428;151500;82.58;82.78;82.56;82.58;778
USDRUBF;5;20250428;152000;82.59;82.63;82.53;82.55;467
USDRUBF;5;20250428;152500;82.56;82.61;82.53;82.54;436
USDRUBF;5;20250428;153000;82.54;82.55;82.36;82.46;2784
USDRUBF;5;20250428;153500;82.46;82.51;82.45;82.51;703
USDRUBF;5;20250428;154000;82.52;82.64;82.52;82.62;968
USDRUBF;5;20250428;154500;82.62;82.64;82.54;82.56;352
USDRUBF;5;20250428;155000;82.56;82.7;82.56;82.68;1639
USDRUBF;5;20250428;155500;82.68;82.75;82.67;82.73;937
USDRUBF;5;20250428;160000;82.74;82.78;82.68;82.77;653
USDRUBF;5;20250428;160500;82.77;82.77;82.65;82.69;615
USDRUBF;5;20250428;161000;82.7;82.72;82.67;82.68;307
USDRUBF;5;20250428;161500;82.7;82.82;82.7;82.75;645
USDRUBF;5;20250428;162000;82.76;82.76;82.67;82.69;387
USDRUBF;5;20250428;162500;82.68;82.73;82.65;82.68;514
USDRUBF;5;20250428;163000;82.67;82.72;82.65;82.68;604
USDRUBF;5;20250428;163500;82.68;82.71;82.67;82.68;140
USDRUBF;5;20250428;164000;82.67;82.67;82.57;82.61;599
USDRUBF;5;20250428;164500;82.62;82.69;82.61;82.62;241
USDRUBF;5;20250428;165000;82.62;82.67;82.62;82.67;171
USDRUBF;5;20250428;165500;82.64;82.7;82.57;82.66;558
USDRUBF;5;20250428;170000;82.66;82.66;82.61;82.62;190
USDRUBF;5;20250428;170500;82.62;82.63;82.51;82.52;367
USDRUBF;5;20250428;171000;82.52;82.62;82.52;82.61;276
USDRUBF;5;20250428;171500;82.62;82.63;82.56;82.59;582
USDRUBF;5;20250428;172000;82.59;82.59;82.52;82.53;894
USDRUBF;5;20250428;172500;82.52;82.57;82.52;82.55;448
USDRUBF;5;20250428;173000;82.55;82.6;82.51;82.6;1251
USDRUBF;5;20250428;173500;82.58;82.72;82.58;82.66;1523
USDRUBF;5;20250428;174000;82.65;82.65;82.57;82.59;409
USDRUBF;5;20250428;174500;82.57;82.61;82.54;82.58;916
USDRUBF;5;20250428;175000;82.58;82.64;82.58;82.59;646
USDRUBF;5;20250428;175500;82.59;82.63;82.59;82.62;335
USDRUBF;5;20250428;180000;82.62;82.62;82.56;82.58;1431
USDRUBF;5;20250428;180500;82.59;82.6;82.49;82.51;763
USDRUBF;5;20250428;181000;82.51;82.51;82.38;82.46;2619
USDRUBF;5;20250428;181500;82.47;82.49;82.42;82.43;1031
USDRUBF;5;20250428;182000;82.43;82.59;82.4;82.47;1627
USDRUBF;5;20250428;182500;82.47;82.53;82.38;82.4;1254
USDRUBF;5;20250428;183000;82.39;82.4;82.26;82.32;1998
USDRUBF;5;20250428;183500;82.32;82.34;82.21;82.27;1376
USDRUBF;5;20250428;184000;82.27;82.27;82.17;82.18;978
USDRUBF;5;20250428;184500;82.17;82.29;82.17;82.27;569
USDRUBF;5;20250428;200000;82.32;82.38;82.24;82.29;908
USDRUBF;5;20250428;200500;82.29;82.39;82.28;82.39;549
USDRUBF;5;20250428;201000;82.38;82.4;82.32;82.37;546
USDRUBF;5;20250428;201500;82.37;82.45;82.37;82.45;359
USDRUBF;5;20250428;202000;82.45;82.58;82.45;82.52;723
USDRUBF;5;20250428;202500;82.56;82.56;82.42;82.46;232
USDRUBF;5;20250428;203000;82.45;82.51;82.45;82.47;95
USDRUBF;5;20250428;203500;82.47;82.49;82.46;82.48;120
USDRUBF;5;20250428;204000;82.48;82.51;82.48;82.49;326
USDRUBF;5;20250428;204500;82.49;82.56;82.48;82.53;163
USDRUBF;5;20250428;205000;82.54;82.55;82.53;82.54;76
USDRUBF;5;20250428;205500;82.56;82.56;82.54;82.56;32
USDRUBF;5;20250428;210000;82.53;82.54;82.52;82.54;32
USDRUBF;5;20250428;210500;82.53;82.53;82.51;82.53;71
USDRUBF;5;20250428;211000;82.53;82.54;82.51;82.51;4
USDRUBF;5;20250428;211500;82.52;82.52;82.47;82.47;137
USDRUBF;5;20250428;212000;82.46;82.46;82.41;82.42;198
USDRUBF;5;20250428;212500;82.42;82.45;82.39;82.42;140
USDRUBF;5;20250428;213000;82.44;82.53;82.44;82.51;144
USDRUBF;5;20250428;213500;82.52;82.54;82.51;82.53;76
USDRUBF;5;20250428;214000;82.55;82.57;82.55;82.55;96
USDRUBF;5;20250428;214500;82.53;82.65;82.53;82.65;265
USDRUBF;5;20250428;215000;82.65;82.66;82.62;82.62;103
USDRUBF;5;20250428;215500;82.61;82.64;82.59;82.64;143
USDRUBF;5;20250428;220000;82.62;82.65;82.58;82.6;161
USDRUBF;5;20250428;220500;82.61;82.61;82.52;82.52;65
USDRUBF;5;20250428;221000;82.55;82.58;82.55;82.58;52
USDRUBF;5;20250428;221500;82.55;82.57;82.55;82.56;43
USDRUBF;5;20250428;222000;82.56;82.56;82.54;82.54;77
USDRUBF;5;20250428;222500;82.55;82.56;82.51;82.51;134
USDRUBF;5;20250428;223000;82.54;82.56;82.54;82.56;19
USDRUBF;5;20250428;223500;82.56;82.59;82.55;82.59;70
USDRUBF;5;20250428;224000;82.58;82.59;82.56;82.58;18
USDRUBF;5;20250428;224500;82.58;82.59;82.57;82.58;35
USDRUBF;5;20250428;225000;82.59;82.6;82.57;82.57;34
USDRUBF;5;20250428;225500;82.57;82.58;82.57;82.58;18
USDRUBF;5;20250428;230000;82.58;82.6;82.58;82.59;63
USDRUBF;5;20250428;230500;82.57;82.57;82.56;82.56;25
USDRUBF;5;20250428;231000;82.56;82.57;82.56;82.57;16
USDRUBF;5;20250428;231500;82.57;82.57;82.57;82.57;2
USDRUBF;5;20250428;232000;82.56;82.57;82.54;82.54;155
USDRUBF;5;20250428;232500;82.55;82.56;82.54;82.54;84
USDRUBF;5;20250428;233000;82.56;82.56;82.53;82.55;24
USDRUBF;5;20250428;233500;82.55;82.56;82.55;82.55;41
USDRUBF;5;20250428;234000;82.54;82.56;82.54;82.56;116
USDRUBF;5;20250428;234500;82.56;82.57;82.54;82.54;308
USDRUBF;5;20250429;090000;82.6;82.61;82.46;82.5;364
USDRUBF;5;20250429;090500;82.53;82.57;82.51;82.55;424
USDRUBF;5;20250429;091000;82.55;82.64;82.55;82.59;206
USDRUBF;5;20250429;091500;82.61;82.63;82.56;82.63;246
USDRUBF;5;20250429;092000;82.63;82.7;82.58;82.58;735
USDRUBF;5;20250429;092500;82.57;82.57;82.53;82.57;198
USDRUBF;5;20250429;093000;82.56;82.57;82.52;82.57;274
USDRUBF;5;20250429;093500;82.57;82.57;82.54;82.56;514
USDRUBF;5;20250429;094000;82.56;82.57;82.54;82.55;604
USDRUBF;5;20250429;094500;82.56;82.6;82.53;82.6;363
USDRUBF;5;20250429;095000;82.57;82.59;82.56;82.57;274
USDRUBF;5;20250429;095500;82.59;82.67;82.59;82.59;178
USDRUBF;5;20250429;100000;82.58;82.61;82.35;82.35;1114
USDRUBF;5;20250429;100500;82.37;82.4;82.23;82.25;1090
USDRUBF;5;20250429;101000;82.3;82.35;82.23;82.27;1193
USDRUBF;5;20250429;101500;82.26;82.31;82.21;82.26;1107
USDRUBF;5;20250429;102000;82.29;82.32;82.27;82.28;291
USDRUBF;5;20250429;102500;82.28;82.28;82.23;82.24;481
USDRUBF;5;20250429;103000;82.24;82.31;82.24;82.24;571
USDRUBF;5;20250429;103500;82.24;82.24;82.05;82.06;2140
USDRUBF;5;20250429;104000;82.07;82.2;82.04;82.16;1494
USDRUBF;5;20250429;104500;82.16;82.19;82.07;82.14;1048
USDRUBF;5;20250429;105000;82.15;82.21;82.07;82.2;1454
USDRUBF;5;20250429;105500;82.21;82.33;82.21;82.32;605
USDRUBF;5;20250429;110000;82.32;82.42;82.11;82.15;1080
USDRUBF;5;20250429;110500;82.15;82.24;82.15;82.21;198
USDRUBF;5;20250429;111000;82.2;82.2;82.09;82.13;387
USDRUBF;5;20250429;111500;82.13;82.26;82.09;82.26;444
USDRUBF;5;20250429;112000;82.26;82.28;82.16;82.18;539
USDRUBF;5;20250429;112500;82.18;82.18;82.14;82.15;129
USDRUBF;5;20250429;113000;82.14;82.33;82.14;82.29;383
USDRUBF;5;20250429;113500;82.29;82.37;82.2;82.36;504
USDRUBF;5;20250429;114000;82.35;82.39;82.29;82.33;802
USDRUBF;5;20250429;114500;82.33;82.43;82.28;82.37;1033
USDRUBF;5;20250429;115000;82.39;82.48;82.36;82.47;262
USDRUBF;5;20250429;115500;82.47;82.68;82.47;82.6;3267
USDRUBF;5;20250429;120000;82.6;82.67;82.41;82.44;1651
USDRUBF;5;20250429;120500;82.43;82.52;82.38;82.49;789
USDRUBF;5;20250429;121000;82.52;82.65;82.5;82.53;802
USDRUBF;5;20250429;121500;82.5;82.51;82.36;82.36;743
USDRUBF;5;20250429;122000;82.36;82.37;82.28;82.29;1823
USDRUBF;5;20250429;122500;82.29;82.48;82.29;82.45;1675
USDRUBF;5;20250429;123000;82.44;82.52;82.42;82.43;593
USDRUBF;5;20250429;123500;82.42;82.45;82.36;82.43;204
USDRUBF;5;20250429;124000;82.41;82.45;82.32;82.32;446
USDRUBF;5;20250429;124500;82.34;82.37;82.27;82.37;920
USDRUBF;5;20250429;125000;82.38;82.39;82.28;82.31;400
USDRUBF;5;20250429;125500;82.31;82.32;82.23;82.25;950
USDRUBF;5;20250429;130000;82.25;82.27;82.18;82.18;932
USDRUBF;5;20250429;130500;82.17;82.18;82.14;82.14;581
USDRUBF;5;20250429;131000;82.15;82.22;82.15;82.17;374
USDRUBF;5;20250429;131500;82.17;82.34;82.16;82.31;475
USDRUBF;5;20250429;132000;82.31;82.31;82.2;82.2;303
USDRUBF;5;20250429;132500;82.19;82.19;82.14;82.18;384
USDRUBF;5;20250429;133000;82.18;82.18;82.1;82.13;724
USDRUBF;5;20250429;133500;82.11;82.22;82.1;82.22;295
USDRUBF;5;20250429;134000;82.21;82.26;82.18;82.18;230
USDRUBF;5;20250429;134500;82.18;82.18;82.13;82.16;473
USDRUBF;5;20250429;135000;82.15;82.25;82.15;82.25;499
USDRUBF;5;20250429;135500;82.22;82.29;82.2;82.25;474
USDRUBF;5;20250429;140500;82.22;82.25;82.2;82.22;262
USDRUBF;5;20250429;141000;82.22;82.32;82.21;82.32;301
USDRUBF;5;20250429;141500;82.32;82.33;82.24;82.28;205
USDRUBF;5;20250429;142000;82.25;82.25;82.19;82.22;157
USDRUBF;5;20250429;142500;82.23;82.24;82.18;82.21;275
USDRUBF;5;20250429;143000;82.2;82.2;82.15;82.18;353
USDRUBF;5;20250429;143500;82.18;82.18;82.11;82.17;589
USDRUBF;5;20250429;144000;82.18;82.19;82.15;82.18;533
USDRUBF;5;20250429;144500;82.17;82.18;82.12;82.18;646
USDRUBF;5;20250429;145000;82.17;82.19;82.12;82.14;301
USDRUBF;5;20250429;145500;82.13;82.16;82.1;82.11;321
USDRUBF;5;20250429;150000;82.11;82.13;82.03;82.04;1275
USDRUBF;5;20250429;150500;82.04;82.09;82.04;82.08;976
USDRUBF;5;20250429;151000;82.09;82.14;82.08;82.11;744
USDRUBF;5;20250429;151500;82.12;82.14;82.07;82.09;1347
USDRUBF;5;20250429;152000;82.09;82.12;82.07;82.1;439
USDRUBF;5;20250429;152500;82.1;82.1;82.04;82.06;282
USDRUBF;5;20250429;153000;82.05;82.14;82.05;82.11;720
USDRUBF;5;20250429;153500;82.11;82.16;82.11;82.14;215
USDRUBF;5;20250429;154000;82.14;82.2;82.13;82.14;466
USDRUBF;5;20250429;154500;82.15;82.27;82.14;82.24;363
USDRUBF;5;20250429;155000;82.23;82.3;82.19;82.26;412
USDRUBF;5;20250429;155500;82.29;82.31;82.26;82.3;380
USDRUBF;5;20250429;160000;82.3;82.31;82.26;82.26;374
USDRUBF;5;20250429;160500;82.28;82.37;82.28;82.36;779
USDRUBF;5;20250429;161000;82.35;82.42;82.33;82.41;1232
USDRUBF;5;20250429;161500;82.41;82.41;82.35;82.35;613
USDRUBF;5;20250429;162000;82.35;82.4;82.31;82.37;826
USDRUBF;5;20250429;162500;82.36;82.37;82.31;82.34;352
USDRUBF;5;20250429;163000;82.34;82.35;82.32;82.32;225
USDRUBF;5;20250429;163500;82.33;82.37;82.27;82.3;777
USDRUBF;5;20250429;164000;82.31;82.32;82.22;82.24;361
USDRUBF;5;20250429;164500;82.25;82.33;82.24;82.31;213
USDRUBF;5;20250429;165000;82.31;82.38;82.29;82.35;310
USDRUBF;5;20250429;165500;82.34;82.36;82.26;82.3;282
USDRUBF;5;20250429;170000;82.33;82.33;82.23;82.25;367
USDRUBF;5;20250429;170500;82.23;82.29;82.23;82.28;319
USDRUBF;5;20250429;171000;82.28;82.29;82.26;82.27;258
USDRUBF;5;20250429;171500;82.25;82.29;82.23;82.28;405
USDRUBF;5;20250429;172000;82.28;82.31;82.26;82.27;294
USDRUBF;5;20250429;172500;82.28;82.29;82.25;82.26;84
USDRUBF;5;20250429;173000;82.26;82.29;82.25;82.25;129
USDRUBF;5;20250429;173500;82.25;82.26;82.12;82.12;364
USDRUBF;5;20250429;174000;82.13;82.19;82.11;82.17;769
USDRUBF;5;20250429;174500;82.17;82.29;82.12;82.23;732
USDRUBF;5;20250429;175000;82.23;82.3;82.21;82.3;262
USDRUBF;5;20250429;175500;82.3;82.39;82.29;82.38;703
USDRUBF;5;20250429;180000;82.39;82.39;82.27;82.29;300
USDRUBF;5;20250429;180500;82.33;82.34;82.25;82.25;282
USDRUBF;5;20250429;181000;82.25;82.28;82.14;82.17;1202
USDRUBF;5;20250429;181500;82.16;82.18;82.15;82.17;69
USDRUBF;5;20250429;182000;82.16;82.19;82.13;82.14;189
USDRUBF;5;20250429;182500;82.14;82.19;82.1;82.15;492
USDRUBF;5;20250429;183000;82.15;82.15;82.1;82.11;370
USDRUBF;5;20250429;183500;82.11;82.14;82.09;82.09;491
USDRUBF;5;20250429;184000;82.08;82.17;82.02;82.13;1659
USDRUBF;5;20250429;184500;82.11;82.14;82.02;82.02;925
USDRUBF;5;20250429;190500;82.11;82.12;82.01;82.09;1308
USDRUBF;5;20250429;191000;82.09;82.13;82.06;82.1;194
USDRUBF;5;20250429;191500;82.12;82.19;82.11;82.18;392
USDRUBF;5;20250429;192000;82.18;82.22;82.15;82.2;392
USDRUBF;5;20250429;192500;82.21;82.26;82.18;82.26;382
USDRUBF;5;20250429;193000;82.26;82.29;82.19;82.21;303
USDRUBF;5;20250429;193500;82.21;82.29;82.19;82.25;184
USDRUBF;5;20250429;194000;82.25;82.27;82.15;82.17;227
USDRUBF;5;20250429;194500;82.17;82.21;82.17;82.2;152
USDRUBF;5;20250429;195000;82.21;82.25;82.19;82.25;603
USDRUBF;5;20250429;195500;82.24;82.26;82.19;82.23;259
USDRUBF;5;20250429;200000;82.25;82.26;82.22;82.26;202
USDRUBF;5;20250429;200500;82.24;82.29;82.23;82.23;261
USDRUBF;5;20250429;201000;82.23;82.26;82.2;82.23;171
USDRUBF;5;20250429;201500;82.26;82.26;82.14;82.15;141
USDRUBF;5;20250429;202000;82.17;82.2;82.15;82.2;148
USDRUBF;5;20250429;202500;82.21;82.24;82.2;82.23;203
USDRUBF;5;20250429;203000;82.23;82.23;82.2;82.23;77
USDRUBF;5;20250429;203500;82.23;82.24;82.21;82.21;12
USDRUBF;5;20250429;204000;82.21;82.24;82.19;82.22;70
USDRUBF;5;20250429;204500;82.23;82.24;82.22;82.22;16
USDRUBF;5;20250429;205000;82.2;82.22;82.19;82.2;18
USDRUBF;5;20250429;205500;82.21;82.25;82.21;82.25;32
USDRUBF;5;20250429;210000;82.26;82.28;82.25;82.27;52
USDRUBF;5;20250429;210500;82.28;82.3;82.21;82.21;183
USDRUBF;5;20250429;211000;82.21;82.24;82.19;82.24;45
USDRUBF;5;20250429;211500;82.24;82.24;82.22;82.24;11
USDRUBF;5;20250429;212000;82.25;82.25;82.23;82.23;62
USDRUBF;5;20250429;212500;82.23;82.23;82.2;82.2;141
USDRUBF;5;20250429;213000;82.19;82.21;82.17;82.21;74
USDRUBF;5;20250429;213500;82.19;82.21;82.19;82.21;89
USDRUBF;5;20250429;214000;82.23;82.25;82.22;82.22;47
USDRUBF;5;20250429;214500;82.24;82.24;82.21;82.22;14
USDRUBF;5;20250429;215000;82.22;82.24;82.22;82.23;36
USDRUBF;5;20250429;215500;82.24;82.24;82.23;82.23;11
USDRUBF;5;20250429;220000;82.24;82.25;82.22;82.22;75
USDRUBF;5;20250429;220500;82.23;82.24;82.22;82.22;26
USDRUBF;5;20250429;221000;82.22;82.25;82.22;82.22;129
USDRUBF;5;20250429;221500;82.24;82.26;82.22;82.25;29
USDRUBF;5;20250429;222000;82.26;82.26;82.24;82.24;20
USDRUBF;5;20250429;222500;82.24;82.26;82.24;82.26;21
USDRUBF;5;20250429;223000;82.26;82.26;82.25;82.26;16
USDRUBF;5;20250429;223500;82.26;82.27;82.26;82.27;39
USDRUBF;5;20250429;224000;82.25;82.27;82.25;82.27;18
USDRUBF;5;20250429;224500;82.27;82.27;82.24;82.24;77
USDRUBF;5;20250429;225000;82.25;82.26;82.24;82.26;16
USDRUBF;5;20250429;225500;82.26;82.27;82.25;82.27;37
USDRUBF;5;20250429;230000;82.27;82.27;82.24;82.27;46
USDRUBF;5;20250429;230500;82.27;82.27;82.26;82.26;17
USDRUBF;5;20250429;231000;82.25;82.27;82.25;82.25;62
USDRUBF;5;20250429;231500;82.24;82.25;82.24;82.25;37
USDRUBF;5;20250429;232000;82.25;82.25;82.24;82.24;8
USDRUBF;5;20250429;232500;82.27;82.27;82.24;82.27;47
USDRUBF;5;20250429;233000;82.27;82.27;82.25;82.26;15
USDRUBF;5;20250429;233500;82.26;82.26;82.26;82.26;3
USDRUBF;5;20250429;234000;82.26;82.27;82.26;82.26;15
USDRUBF;5;20250429;234500;82.27;82.35;82.26;82.35;407
USDRUBF;5;20250430;090000;82.31;82.32;82.17;82.24;246
USDRUBF;5;20250430;090500;82.22;82.24;82.19;82.22;95
USDRUBF;5;20250430;091000;82.24;82.28;82.22;82.26;134
USDRUBF;5;20250430;091500;82.28;82.3;82.25;82.27;208
USDRUBF;5;20250430;092000;82.3;82.31;82.25;82.25;213
USDRUBF;5;20250430;092500;82.25;82.34;82.22;82.31;250
USDRUBF;5;20250430;093000;82.33;82.36;82.31;82.36;128
USDRUBF;5;20250430;093500;82.36;82.36;82.28;82.32;225
USDRUBF;5;20250430;094000;82.33;82.33;82.24;82.25;79
USDRUBF;5;20250430;094500;82.26;82.26;82.2;82.24;205
USDRUBF;5;20250430;095000;82.2;82.24;82.2;82.24;199
USDRUBF;5;20250430;095500;82.24;82.32;82.23;82.24;85
USDRUBF;5;20250430;100000;82.25;82.41;82.17;82.31;1433
USDRUBF;5;20250430;100500;82.36;82.67;82.34;82.55;1123
USDRUBF;5;20250430;101000;82.55;82.61;82.45;82.55;938
USDRUBF;5;20250430;101500;82.54;82.55;82.41;82.48;451
USDRUBF;5;20250430;102000;82.5;82.5;82.38;82.42;384
USDRUBF;5;20250430;102500;82.43;82.43;82.33;82.36;651
USDRUBF;5;20250430;103000;82.38;82.39;82.21;82.24;1391
USDRUBF;5;20250430;103500;82.24;82.27;82.19;82.19;804
USDRUBF;5;20250430;104000;82.19;82.19;82.04;82.06;1178
USDRUBF;5;20250430;104500;82.05;82.06;81.91;82.04;3473
USDRUBF;5;20250430;105000;82.04;82.11;82;82.1;1049
USDRUBF;5;20250430;105500;82.1;82.1;81.96;81.96;1060
USDRUBF;5;20250430;110000;81.97;81.99;81.88;81.9;1376
USDRUBF;5;20250430;110500;81.88;81.92;81.82;81.88;1290
USDRUBF;5;20250430;111000;81.87;81.92;81.83;81.9;620
USDRUBF;5;20250430;111500;81.89;81.91;81.82;81.85;489
USDRUBF;5;20250430;112000;81.84;81.86;81.78;81.85;1822
USDRUBF;5;20250430;112500;81.85;81.89;81.81;81.83;795
USDRUBF;5;20250430;113000;81.83;81.87;81.75;81.86;2420
USDRUBF;5;20250430;113500;81.85;81.85;81.72;81.75;1558
USDRUBF;5;20250430;114000;81.75;81.87;81.74;81.84;848
USDRUBF;5;20250430;114500;81.87;81.97;81.84;81.95;715
USDRUBF;5;20250430;115000;81.94;81.98;81.84;81.87;567
USDRUBF;5;20250430;115500;81.87;81.9;81.85;81.88;592
USDRUBF;5;20250430;120000;81.88;81.9;81.81;81.85;1016
USDRUBF;5;20250430;120500;81.84;81.86;81.8;81.84;394
USDRUBF;5;20250430;121000;81.85;81.94;81.84;81.94;834
USDRUBF;5;20250430;121500;81.94;81.94;81.85;81.87;380
USDRUBF;5;20250430;122000;81.88;81.92;81.85;81.87;187
USDRUBF;5;20250430;122500;81.86;81.88;81.84;81.85;277
USDRUBF;5;20250430;123000;81.85;81.88;81.8;81.81;694
USDRUBF;5;20250430;123500;81.81;81.84;81.77;81.79;377
USDRUBF;5;20250430;124000;81.8;81.88;81.77;81.84;809
USDRUBF;5;20250430;124500;81.84;81.98;81.81;81.91;870
USDRUBF;5;20250430;125000;81.89;81.91;81.81;81.84;626
USDRUBF;5;20250430;125500;81.84;81.86;81.81;81.85;165
USDRUBF;5;20250430;130000;81.86;81.89;81.84;81.87;461
USDRUBF;5;20250430;130500;81.87;81.89;81.83;81.88;581
USDRUBF;5;20250430;131000;81.87;81.88;81.84;81.84;99
USDRUBF;5;20250430;131500;81.85;81.87;81.84;81.86;54
USDRUBF;5;20250430;132000;81.86;81.87;81.84;81.84;154
USDRUBF;5;20250430;132500;81.85;81.86;81.83;81.85;647
USDRUBF;5;20250430;133000;81.84;81.84;81.8;81.81;502
USDRUBF;5;20250430;133500;81.8;81.83;81.8;81.83;221
USDRUBF;5;20250430;134000;81.83;81.85;81.81;81.81;332
USDRUBF;5;20250430;134500;81.81;81.82;81.76;81.76;913
USDRUBF;5;20250430;135000;81.77;81.81;81.75;81.78;346
USDRUBF;5;20250430;135500;81.79;81.79;81.75;81.78;623
USDRUBF;5;20250430;140500;81.78;81.83;81.75;81.82;700
USDRUBF;5;20250430;141000;81.82;81.83;81.76;81.78;225
USDRUBF;5;20250430;141500;81.76;81.79;81.65;81.71;2058
USDRUBF;5;20250430;142000;81.7;81.72;81.65;81.71;375
USDRUBF;5;20250430;142500;81.72;81.73;81.66;81.66;296
USDRUBF;5;20250430;143000;81.65;81.86;81.65;81.81;1710
USDRUBF;5;20250430;143500;81.83;81.95;81.76;81.91;1541
USDRUBF;5;20250430;144000;81.93;82.01;81.89;81.95;2150
USDRUBF;5;20250430;144500;81.95;81.97;81.86;81.86;781
USDRUBF;5;20250430;145000;81.86;81.93;81.86;81.88;486
USDRUBF;5;20250430;145500;81.89;81.94;81.86;81.92;991
USDRUBF;5;20250430;150000;81.92;81.96;81.85;81.88;681
USDRUBF;5;20250430;150500;81.87;81.89;81.75;81.79;1548
USDRUBF;5;20250430;151000;81.78;81.82;81.73;81.79;1063
USDRUBF;5;20250430;151500;81.79;81.82;81.75;81.77;730
USDRUBF;5;20250430;152000;81.75;81.79;81.6;81.65;2296
USDRUBF;5;20250430;152500;81.65;81.72;81.65;81.68;602
USDRUBF;5;20250430;153000;81.68;81.75;81.61;81.71;675
USDRUBF;5;20250430;153500;81.71;81.92;81.7;81.88;1295
USDRUBF;5;20250430;154000;81.88;81.96;81.85;81.9;1382
USDRUBF;5;20250430;154500;81.9;81.93;81.85;81.86;833
USDRUBF;5;20250430;155000;81.86;81.87;81.79;81.83;958
USDRUBF;5;20250430;155500;81.84;81.84;81.74;81.76;305
USDRUBF;5;20250430;160000;81.75;81.8;81.73;81.73;430
USDRUBF;5;20250430;160500;81.74;81.79;81.7;81.74;1424
USDRUBF;5;20250430;161000;81.74;81.74;81.63;81.68;902
USDRUBF;5;20250430;161500;81.69;81.78;81.68;81.74;876
USDRUBF;5;20250430;162000;81.74;81.74;81.61;81.64;1282
USDRUBF;5;20250430;162500;81.64;81.68;81.61;81.63;596
USDRUBF;5;20250430;163000;81.63;81.68;81.57;81.68;1296
USDRUBF;5;20250430;163500;81.66;81.67;81.61;81.62;548
USDRUBF;5;20250430;164000;81.63;81.65;81.59;81.6;398
USDRUBF;5;20250430;164500;81.58;81.6;81.52;81.59;1245
USDRUBF;5;20250430;165000;81.6;81.68;81.6;81.65;500
USDRUBF;5;20250430;165500;81.66;81.74;81.64;81.66;410
USDRUBF;5;20250430;170000;81.65;81.69;81.55;81.59;1004
USDRUBF;5;20250430;170500;81.59;81.62;81.55;81.57;723
USDRUBF;5;20250430;171000;81.57;81.71;81.53;81.71;1711
USDRUBF;5;20250430;171500;81.7;81.79;81.7;81.74;1407
USDRUBF;5;20250430;172000;81.75;81.77;81.69;81.69;478
USDRUBF;5;20250430;172500;81.7;81.73;81.68;81.68;773
USDRUBF;5;20250430;173000;81.7;81.84;81.68;81.75;1745
USDRUBF;5;20250430;173500;81.76;81.79;81.72;81.72;559
USDRUBF;5;20250430;174000;81.73;81.75;81.69;81.71;449
USDRUBF;5;20250430;174500;81.71;81.75;81.69;81.69;711
USDRUBF;5;20250430;175000;81.69;81.74;81.63;81.67;1468
USDRUBF;5;20250430;175500;81.67;81.68;81.57;81.6;1207
USDRUBF;5;20250430;180000;81.61;81.63;81.55;81.56;1086
USDRUBF;5;20250430;180500;81.55;81.56;81.51;81.54;2084
USDRUBF;5;20250430;181000;81.54;81.56;81.51;81.55;1465
USDRUBF;5;20250430;181500;81.53;81.62;81.52;81.6;1144
USDRUBF;5;20250430;182000;81.6;81.61;81.48;81.6;2583
USDRUBF;5;20250430;182500;81.6;81.61;81.54;81.56;590
USDRUBF;5;20250430;183000;81.55;81.6;81.53;81.6;649
USDRUBF;5;20250430;183500;81.6;81.66;81.58;81.64;696
USDRUBF;5;20250430;184000;81.63;81.63;81.56;81.56;135
USDRUBF;5;20250430;184500;81.56;81.58;81.44;81.44;1637
USDRUBF;5;20250430;190500;81.49;81.71;81.49;81.63;2192
USDRUBF;5;20250430;191000;81.66;81.68;81.63;81.66;252
USDRUBF;5;20250430;191500;81.67;81.74;81.64;81.7;501
USDRUBF;5;20250430;192000;81.69;81.75;81.63;81.71;392
USDRUBF;5;20250430;192500;81.74;81.75;81.67;81.72;237
USDRUBF;5;20250430;193000;81.73;81.76;81.71;81.74;323
USDRUBF;5;20250430;193500;81.74;81.76;81.7;81.73;251
USDRUBF;5;20250430;194000;81.75;81.78;81.72;81.74;163
USDRUBF;5;20250430;194500;81.73;81.74;81.7;81.7;174
USDRUBF;5;20250430;195000;81.71;81.75;81.71;81.75;145
USDRUBF;5;20250430;195500;81.74;81.79;81.73;81.79;158
USDRUBF;5;20250430;200000;81.79;81.89;81.79;81.85;483
USDRUBF;5;20250430;200500;81.84;81.9;81.83;81.88;378
USDRUBF;5;20250430;201000;81.9;81.97;81.89;81.92;755
USDRUBF;5;20250430;201500;81.9;81.97;81.89;81.95;407
USDRUBF;5;20250430;202000;81.96;81.96;81.88;81.89;211
USDRUBF;5;20250430;202500;81.89;81.93;81.8;81.93;371
USDRUBF;5;20250430;203000;81.91;81.95;81.91;81.92;385
USDRUBF;5;20250430;203500;81.95;81.97;81.8;81.89;558
USDRUBF;5;20250430;204000;81.86;81.87;81.77;81.82;347
USDRUBF;5;20250430;204500;81.82;81.83;81.76;81.83;147
USDRUBF;5;20250430;205000;81.78;81.83;81.78;81.79;129
USDRUBF;5;20250430;205500;81.77;81.84;81.76;81.84;126
USDRUBF;5;20250430;210000;81.83;81.83;81.78;81.78;243
USDRUBF;5;20250430;210500;81.8;81.82;81.8;81.82;39
USDRUBF;5;20250430;211000;81.82;81.82;81.79;81.79;32
USDRUBF;5;20250430;211500;81.79;81.81;81.78;81.78;31
USDRUBF;5;20250430;212000;81.81;81.82;81.79;81.79;37
USDRUBF;5;20250430;212500;81.79;81.87;81.79;81.87;56
USDRUBF;5;20250430;213000;81.87;81.9;81.87;81.88;59
USDRUBF;5;20250430;213500;81.86;81.88;81.78;81.79;193
USDRUBF;5;20250430;214000;81.79;81.82;81.79;81.79;22
USDRUBF;5;20250430;214500;81.81;81.84;81.79;81.82;67
USDRUBF;5;20250430;215000;81.84;81.85;81.81;81.82;153
USDRUBF;5;20250430;215500;81.82;81.87;81.82;81.86;15
USDRUBF;5;20250430;220000;81.87;81.89;81.85;81.85;93
USDRUBF;5;20250430;220500;81.85;81.89;81.84;81.86;66
USDRUBF;5;20250430;221000;81.88;81.9;81.86;81.86;54
USDRUBF;5;20250430;221500;81.86;81.89;81.86;81.89;10
USDRUBF;5;20250430;222000;81.89;81.89;81.88;81.89;21
USDRUBF;5;20250430;222500;81.88;81.88;81.86;81.87;88
USDRUBF;5;20250430;223000;81.87;81.94;81.87;81.9;517
USDRUBF;5;20250430;223500;81.91;81.92;81.89;81.92;21
USDRUBF;5;20250430;224000;81.9;81.92;81.9;81.9;35
USDRUBF;5;20250430;224500;81.9;81.9;81.88;81.88;47
USDRUBF;5;20250430;225000;81.89;81.92;81.88;81.92;72
USDRUBF;5;20250430;225500;81.92;81.94;81.91;81.93;159
USDRUBF;5;20250430;230000;81.94;81.97;81.94;81.96;221
USDRUBF;5;20250430;230500;81.96;81.99;81.96;81.99;320
USDRUBF;5;20250430;231000;81.97;82;81.97;81.98;151
USDRUBF;5;20250430;231500;81.98;82;81.98;81.98;74
USDRUBF;5;20250430;232000;81.99;82;81.98;81.99;204
USDRUBF;5;20250430;232500;82;82.04;82;82.03;85
USDRUBF;5;20250430;233000;82.03;82.14;82.03;82.13;462
USDRUBF;5;20250430;233500;82.13;82.16;82.1;82.15;344
USDRUBF;5;20250430;234000;82.15;82.22;82.12;82.2;500
USDRUBF;5;20250430;234500;82.2;82.23;82.17;82.17;151
