<TICKER>;<PER>;<DATE>;<TIME>;<OPEN>;<HIGH>;<LOW>;<CLOSE>;<VOL>
USDRUBF;5;20240902;100000;90.41;90.49;90.35;90.38;446
USDRUBF;5;20240902;100500;90.38;90.42;90.22;90.23;479
USDRUBF;5;20240902;101000;90.22;90.33;90.22;90.32;225
USDRUBF;5;20240902;101500;90.31;90.34;90.26;90.26;158
USDRUBF;5;20240902;102000;90.26;90.26;90.15;90.19;321
USDRUBF;5;20240902;102500;90.19;90.32;90.17;90.28;698
USDRUBF;5;20240902;103000;90.28;90.32;90.23;90.31;460
USDRUBF;5;20240902;103500;90.31;90.55;90.31;90.36;975
USDRUBF;5;20240902;104000;90.36;90.46;90.36;90.41;317
USDRUBF;5;20240902;104500;90.42;90.42;90.24;90.3;728
USDRUBF;5;20240902;105000;90.3;90.33;90.25;90.29;532
USDRUBF;5;20240902;105500;90.3;90.37;90.3;90.37;134
USDRUBF;5;20240902;110000;90.35;90.35;90.33;90.33;135
USDRUBF;5;20240902;110500;90.34;90.34;90.3;90.3;196
USDRUBF;5;20240902;111000;90.3;90.38;90.27;90.36;876
USDRUBF;5;20240902;111500;90.35;90.57;90.35;90.48;421
USDRUBF;5;20240902;112000;90.5;90.55;90.41;90.44;434
USDRUBF;5;20240902;112500;90.42;90.44;90.32;90.33;557
USDRUBF;5;20240902;113000;90.33;90.4;90.32;90.36;88
USDRUBF;5;20240902;113500;90.33;90.34;90.26;90.3;631
USDRUBF;5;20240902;114000;90.3;90.32;90.26;90.26;756
USDRUBF;5;20240902;114500;90.26;90.26;90.22;90.23;480
USDRUBF;5;20240902;115000;90.22;90.28;90.2;90.25;936
USDRUBF;5;20240902;115500;90.24;90.31;90.22;90.22;588
USDRUBF;5;20240902;120000;90.22;90.28;90.18;90.21;945
USDRUBF;5;20240902;120500;90.22;90.28;90.1;90.14;2087
USDRUBF;5;20240902;121000;90.13;90.14;90.03;90.09;2054
USDRUBF;5;20240902;121500;90.08;90.08;89.8;89.9;2251
USDRUBF;5;20240902;122000;89.91;89.92;89.83;89.89;758
USDRUBF;5;20240902;122500;89.88;89.88;89.73;89.8;1074
USDRUBF;5;20240902;123000;89.8;89.83;89.76;89.82;1569
USDRUBF;5;20240902;123500;89.8;89.89;89.8;89.86;481
USDRUBF;5;20240902;124000;89.86;89.96;89.77;89.8;706
USDRUBF;5;20240902;124500;89.77;89.8;89.65;89.77;1687
USDRUBF;5;20240902;125000;89.78;89.86;89.78;89.82;207
USDRUBF;5;20240902;125500;89.84;89.86;89.79;89.79;249
USDRUBF;5;20240902;130000;89.81;89.82;89.64;89.65;787
USDRUBF;5;20240902;130500;89.65;89.7;89.65;89.68;131
USDRUBF;5;20240902;131000;89.66;89.7;89.64;89.64;444
USDRUBF;5;20240902;131500;89.64;89.7;89.64;89.69;55
USDRUBF;5;20240902;132000;89.69;89.7;89.66;89.7;103
USDRUBF;5;20240902;132500;89.7;89.78;89.69;89.76;705
USDRUBF;5;20240902;133000;89.75;89.76;89.7;89.7;193
USDRUBF;5;20240902;133500;89.7;89.71;89.66;89.69;709
USDRUBF;5;20240902;134000;89.69;89.7;89.65;89.65;241
USDRUBF;5;20240902;134500;89.65;89.65;89.61;89.61;249
USDRUBF;5;20240902;135000;89.62;89.62;89.54;89.57;596
USDRUBF;5;20240902;135500;89.56;89.56;89.5;89.53;536
USDRUBF;5;20240902;140500;89.53;89.54;89.37;89.41;981
USDRUBF;5;20240902;141000;89.41;89.51;89.29;89.48;970
USDRUBF;5;20240902;141500;89.47;89.51;89.28;89.5;881
USDRUBF;5;20240902;142000;89.49;89.53;89.43;89.53;808
USDRUBF;5;20240902;142500;89.5;89.54;89.44;89.54;346
USDRUBF;5;20240902;143000;89.53;89.53;89.42;89.5;1162
USDRUBF;5;20240902;143500;89.48;89.52;89.43;89.51;1779
USDRUBF;5;20240902;144000;89.51;89.51;89.45;89.47;491
USDRUBF;5;20240902;144500;89.47;89.47;89.44;89.45;829
USDRUBF;5;20240902;145000;89.45;89.47;89.44;89.45;542
USDRUBF;5;20240902;145500;89.44;89.45;89.39;89.44;1534
USDRUBF;5;20240902;150000;89.44;89.45;89.41;89.42;941
USDRUBF;5;20240902;150500;89.42;89.46;89.42;89.45;1008
USDRUBF;5;20240902;151000;89.45;89.49;89.45;89.49;338
USDRUBF;5;20240902;151500;89.49;89.54;89.49;89.52;440
USDRUBF;5;20240902;152000;89.53;89.62;89.53;89.6;552
USDRUBF;5;20240902;152500;89.6;89.61;89.54;89.54;341
USDRUBF;5;20240902;153000;89.57;89.63;89.54;89.58;313
USDRUBF;5;20240902;153500;89.6;89.6;89.46;89.48;356
USDRUBF;5;20240902;154000;89.46;89.53;89.42;89.53;857
USDRUBF;5;20240902;154500;89.5;89.56;89.48;89.54;209
USDRUBF;5;20240902;155000;89.54;89.55;89.52;89.53;575
USDRUBF;5;20240902;155500;89.52;89.52;89.47;89.47;325
USDRUBF;5;20240902;160000;89.47;89.47;89.4;89.44;278
USDRUBF;5;20240902;160500;89.42;89.44;89.32;89.33;671
USDRUBF;5;20240902;161000;89.31;89.38;89.31;89.35;1189
USDRUBF;5;20240902;161500;89.34;89.37;89.29;89.29;773
USDRUBF;5;20240902;162000;89.3;89.31;89.23;89.23;544
USDRUBF;5;20240902;162500;89.23;89.24;89.19;89.2;485
USDRUBF;5;20240902;163000;89.2;89.2;89.11;89.11;847
USDRUBF;5;20240902;163500;89.12;89.23;89.11;89.11;2134
USDRUBF;5;20240902;164000;89.11;89.14;89.09;89.1;1547
USDRUBF;5;20240902;164500;89.1;89.22;89.09;89.18;1662
USDRUBF;5;20240902;165000;89.18;89.22;89.13;89.13;1109
USDRUBF;5;20240902;165500;89.14;89.19;89.1;89.1;987
USDRUBF;5;20240902;170000;89.11;89.11;88.95;89.01;1418
USDRUBF;5;20240902;170500;88.99;89.04;88.92;89.01;993
USDRUBF;5;20240902;171000;89.01;89.23;89.01;89.21;1005
USDRUBF;5;20240902;171500;89.21;89.26;89.21;89.23;179
USDRUBF;5;20240902;172000;89.25;89.25;89.21;89.21;101
USDRUBF;5;20240902;172500;89.23;89.26;89.21;89.25;330
USDRUBF;5;20240902;173000;89.26;89.32;89.25;89.32;74
USDRUBF;5;20240902;173500;89.32;89.37;89.32;89.33;220
USDRUBF;5;20240902;174000;89.31;89.34;89.28;89.29;193
USDRUBF;5;20240902;174500;89.29;89.4;89.23;89.39;628
USDRUBF;5;20240902;175000;89.4;89.41;89.36;89.39;286
USDRUBF;5;20240902;175500;89.38;89.4;89.25;89.29;665
USDRUBF;5;20240902;180000;89.3;89.31;89.26;89.29;986
USDRUBF;5;20240902;180500;89.29;89.3;89.27;89.28;148
USDRUBF;5;20240902;181000;89.28;89.37;89.26;89.36;748
USDRUBF;5;20240902;181500;89.35;89.39;89.27;89.39;408
USDRUBF;5;20240902;182000;89.38;89.43;89.38;89.41;271
USDRUBF;5;20240902;182500;89.4;89.43;89.4;89.41;199
USDRUBF;5;20240902;183000;89.42;89.44;89.41;89.43;387
USDRUBF;5;20240902;183500;89.43;89.43;89.37;89.39;124
USDRUBF;5;20240902;184000;89.37;89.39;89.29;89.29;114
USDRUBF;5;20240902;184500;89.31;89.38;89.31;89.35;81
USDRUBF;5;20240902;190500;89.35;89.35;89.23;89.25;244
USDRUBF;5;20240902;191000;89.25;89.25;89.24;89.24;20
USDRUBF;5;20240902;191500;89.24;89.25;89.22;89.24;63
USDRUBF;5;20240902;192000;89.25;89.25;89.16;89.19;230
USDRUBF;5;20240902;192500;89.19;89.2;89.17;89.18;56
USDRUBF;5;20240902;193000;89.2;89.24;89.2;89.21;72
USDRUBF;5;20240902;193500;89.23;89.24;89.22;89.22;64
USDRUBF;5;20240902;194000;89.24;89.25;89.23;89.23;28
USDRUBF;5;20240902;194500;89.22;89.23;89.22;89.23;59
USDRUBF;5;20240902;195000;89.21;89.23;89.21;89.22;19
USDRUBF;5;20240902;195500;89.21;89.22;89.2;89.2;28
USDRUBF;5;20240902;200000;89.2;89.2;89.18;89.19;24
USDRUBF;5;20240902;200500;89.19;89.19;89.19;89.19;1
USDRUBF;5;20240902;201000;89.17;89.17;89.17;89.17;5
USDRUBF;5;20240902;201500;89.17;89.18;89.16;89.18;27
USDRUBF;5;20240902;202000;89.18;89.18;89.18;89.18;18
USDRUBF;5;20240902;202500;89.17;89.19;89.17;89.19;7
USDRUBF;5;20240902;203500;89.19;89.19;89.14;89.16;77
USDRUBF;5;20240902;204000;89.16;89.16;89.14;89.14;18
USDRUBF;5;20240902;204500;89.14;89.17;89.14;89.17;14
USDRUBF;5;20240902;205000;89.17;89.18;89.17;89.18;27
USDRUBF;5;20240902;205500;89.19;89.19;89.19;89.19;2
USDRUBF;5;20240902;210000;89.16;89.19;89.16;89.19;5
USDRUBF;5;20240902;210500;89.19;89.19;89.16;89.17;5
USDRUBF;5;20240902;211000;89.17;89.18;89.16;89.16;4
USDRUBF;5;20240902;211500;89.17;89.17;89.15;89.15;2
USDRUBF;5;20240902;212000;89.18;89.18;89.18;89.18;2
USDRUBF;5;20240902;212500;89.18;89.18;89.18;89.18;1
USDRUBF;5;20240902;213000;89.19;89.19;89.17;89.17;7
USDRUBF;5;20240902;213500;89.19;89.19;89.17;89.17;2
USDRUBF;5;20240902;214000;89.19;89.19;89.19;89.19;2
USDRUBF;5;20240902;214500;89.19;89.19;89.19;89.19;2
USDRUBF;5;20240902;215000;89.17;89.17;89.17;89.17;1
USDRUBF;5;20240902;215500;89.17;89.17;89.17;89.17;1
USDRUBF;5;20240902;220000;89.16;89.18;89.13;89.15;57
USDRUBF;5;20240902;220500;89.15;89.15;89.14;89.14;12
USDRUBF;5;20240902;221500;89.14;89.18;89.14;89.17;12
USDRUBF;5;20240902;222000;89.17;89.17;89.14;89.15;51
USDRUBF;5;20240902;222500;89.16;89.18;89.16;89.18;15
USDRUBF;5;20240902;223000;89.19;89.22;89.19;89.2;132
USDRUBF;5;20240902;223500;89.19;89.2;89.18;89.18;63
USDRUBF;5;20240902;224000;89.17;89.17;89.16;89.16;34
USDRUBF;5;20240902;224500;89.16;89.16;89.15;89.15;16
USDRUBF;5;20240902;225000;89.16;89.2;89.15;89.2;56
USDRUBF;5;20240902;225500;89.2;89.22;89.2;89.22;65
USDRUBF;5;20240902;230000;89.22;89.25;89.21;89.22;68
USDRUBF;5;20240902;230500;89.25;89.25;89.21;89.21;24
USDRUBF;5;20240902;231500;89.21;89.23;89.21;89.23;3
USDRUBF;5;20240902;232000;89.23;89.25;89.23;89.25;20
USDRUBF;5;20240902;232500;89.23;89.24;89.23;89.24;13
USDRUBF;5;20240902;233000;89.23;89.25;89.22;89.22;27
USDRUBF;5;20240902;233500;89.22;89.23;89.22;89.23;15
USDRUBF;5;20240902;234000;89.23;89.23;89.16;89.16;125
USDRUBF;5;20240902;234500;89.16;89.2;89.16;89.2;57
USDRUBF;5;20240903;100000;89.3;89.3;89.15;89.16;455
USDRUBF;5;20240903;100500;89.2;89.29;89.18;89.22;435
USDRUBF;5;20240903;101000;89.22;89.35;89.22;89.29;942
USDRUBF;5;20240903;101500;89.28;89.32;89.04;89.15;1347
USDRUBF;5;20240903;102000;89.16;89.3;89.15;89.22;4260
USDRUBF;5;20240903;102500;89.19;89.32;89.16;89.28;490
USDRUBF;5;20240903;103000;89.27;89.28;89.19;89.25;459
USDRUBF;5;20240903;103500;89.25;89.29;89.2;89.28;1023
USDRUBF;5;20240903;104000;89.27;89.29;89.1;89.1;1634
USDRUBF;5;20240903;104500;89.12;89.14;88.94;88.95;1530
USDRUBF;5;20240903;105000;88.96;89.08;88.94;89.08;1705
USDRUBF;5;20240903;105500;89.07;89.08;88.85;88.85;2106
USDRUBF;5;20240903;110000;88.86;88.99;88.8;88.85;2067
USDRUBF;5;20240903;110500;88.85;88.95;88.8;88.88;1062
USDRUBF;5;20240903;111000;88.88;88.88;88.73;88.75;662
USDRUBF;5;20240903;111500;88.74;88.8;88.72;88.8;1109
USDRUBF;5;20240903;112000;88.79;88.91;88.75;88.85;1672
USDRUBF;5;20240903;112500;88.85;88.91;88.84;88.87;857
USDRUBF;5;20240903;113000;88.83;88.97;88.78;88.94;675
USDRUBF;5;20240903;113500;88.95;88.95;88.8;88.86;904
USDRUBF;5;20240903;114000;88.86;88.86;88.8;88.81;721
USDRUBF;5;20240903;114500;88.82;88.89;88.78;88.83;908
USDRUBF;5;20240903;115000;88.85;88.85;88.76;88.8;401
USDRUBF;5;20240903;115500;88.82;88.92;88.82;88.92;271
USDRUBF;5;20240903;120000;88.95;88.95;88.89;88.93;190
USDRUBF;5;20240903;120500;88.92;88.93;88.85;88.85;322
USDRUBF;5;20240903;121000;88.89;88.91;88.74;88.75;821
USDRUBF;5;20240903;121500;88.76;88.76;88.64;88.74;1633
USDRUBF;5;20240903;122000;88.7;88.73;88.66;88.73;2298
USDRUBF;5;20240903;122500;88.74;88.8;88.74;88.79;863
USDRUBF;5;20240903;123000;88.8;88.82;88.75;88.75;209
USDRUBF;5;20240903;123500;88.75;88.8;88.69;88.7;830
USDRUBF;5;20240903;124000;88.7;88.7;88.65;88.67;482
USDRUBF;5;20240903;124500;88.65;88.68;88.64;88.66;506
USDRUBF;5;20240903;125000;88.65;88.69;88.63;88.63;775
USDRUBF;5;20240903;125500;88.62;88.81;88.62;88.81;1255
USDRUBF;5;20240903;130000;88.8;88.89;88.78;88.86;840
USDRUBF;5;20240903;130500;88.88;88.91;88.82;88.82;533
USDRUBF;5;20240903;131000;88.84;89.03;88.82;88.85;1021
USDRUBF;5;20240903;131500;88.85;88.86;88.78;88.82;414
USDRUBF;5;20240903;132000;88.81;88.82;88.78;88.81;284
USDRUBF;5;20240903;132500;88.8;88.82;88.79;88.8;185
USDRUBF;5;20240903;133000;88.81;88.82;88.77;88.78;216
USDRUBF;5;20240903;133500;88.79;88.79;88.76;88.78;131
USDRUBF;5;20240903;134000;88.79;88.87;88.79;88.84;451
USDRUBF;5;20240903;134500;88.84;88.93;88.84;88.86;556
USDRUBF;5;20240903;135000;88.88;88.9;88.81;88.88;1472
USDRUBF;5;20240903;135500;88.87;88.87;88.81;88.84;606
USDRUBF;5;20240903;140500;88.83;88.83;88.77;88.77;251
USDRUBF;5;20240903;141000;88.8;88.8;88.72;88.73;1071
USDRUBF;5;20240903;141500;88.7;88.7;88.65;88.65;190
USDRUBF;5;20240903;142000;88.65;88.71;88.62;88.67;372
USDRUBF;5;20240903;142500;88.66;88.69;88.64;88.67;696
USDRUBF;5;20240903;143000;88.66;88.69;88.64;88.64;724
USDRUBF;5;20240903;143500;88.66;88.74;88.64;88.66;996
USDRUBF;5;20240903;144000;88.64;88.64;88.6;88.61;449
USDRUBF;5;20240903;144500;88.65;88.66;88.6;88.65;826
USDRUBF;5;20240903;145000;88.66;88.72;88.65;88.72;1509
USDRUBF;5;20240903;145500;88.72;88.8;88.66;88.68;459
USDRUBF;5;20240903;150000;88.66;88.66;88.65;88.65;180
USDRUBF;5;20240903;150500;88.66;88.66;88.6;88.6;319
USDRUBF;5;20240903;151000;88.6;88.69;88.6;88.68;604
USDRUBF;5;20240903;151500;88.66;88.67;88.56;88.59;1178
USDRUBF;5;20240903;152000;88.56;88.59;88.51;88.53;1584
USDRUBF;5;20240903;152500;88.53;88.59;88.5;88.54;1822
USDRUBF;5;20240903;153000;88.54;88.57;88.52;88.52;611
USDRUBF;5;20240903;153500;88.55;88.55;88.49;88.55;663
USDRUBF;5;20240903;154000;88.53;88.54;88.5;88.54;452
USDRUBF;5;20240903;154500;88.53;88.54;88.51;88.51;123
USDRUBF;5;20240903;155000;88.51;88.53;88.5;88.5;877
USDRUBF;5;20240903;155500;88.51;88.52;88.5;88.5;592
USDRUBF;5;20240903;160000;88.5;88.53;88.5;88.51;941
USDRUBF;5;20240903;160500;88.5;88.5;88.34;88.35;719
USDRUBF;5;20240903;161000;88.36;88.36;88.26;88.32;848
USDRUBF;5;20240903;161500;88.3;88.33;88.23;88.31;750
USDRUBF;5;20240903;162000;88.29;88.36;88.25;88.31;1038
USDRUBF;5;20240903;162500;88.34;88.45;88.25;88.31;2136
USDRUBF;5;20240903;163000;88.31;88.34;88.25;88.29;325
USDRUBF;5;20240903;163500;88.28;88.32;88.21;88.31;474
USDRUBF;5;20240903;164000;88.3;88.3;88.2;88.23;307
USDRUBF;5;20240903;164500;88.23;88.23;88.15;88.18;1176
USDRUBF;5;20240903;165000;88.16;88.19;88.07;88.07;1239
USDRUBF;5;20240903;165500;88.06;88.15;88.04;88.13;1158
USDRUBF;5;20240903;170000;88.13;88.34;88.1;88.34;902
USDRUBF;5;20240903;170500;88.34;88.41;88.3;88.36;468
USDRUBF;5;20240903;171000;88.36;88.36;88.24;88.27;906
USDRUBF;5;20240903;171500;88.32;88.36;88.19;88.34;649
USDRUBF;5;20240903;172000;88.32;88.32;88.19;88.25;618
USDRUBF;5;20240903;172500;88.25;88.25;88.16;88.25;306
USDRUBF;5;20240903;173000;88.23;88.28;88.23;88.28;470
USDRUBF;5;20240903;173500;88.26;88.3;88.25;88.27;240
USDRUBF;5;20240903;174000;88.26;88.3;88.14;88.18;2032
USDRUBF;5;20240903;174500;88.17;88.21;88.1;88.19;2008
USDRUBF;5;20240903;175000;88.16;88.19;88.09;88.12;742
USDRUBF;5;20240903;175500;88.11;88.2;88.08;88.11;1070
USDRUBF;5;20240903;180000;88.11;88.14;87.95;87.96;2333
USDRUBF;5;20240903;180500;87.96;88.03;87.95;87.97;1783
USDRUBF;5;20240903;181000;87.97;87.97;87.84;87.96;1183
USDRUBF;5;20240903;181500;87.93;87.96;87.89;87.92;484
USDRUBF;5;20240903;182000;87.92;87.93;87.9;87.91;520
USDRUBF;5;20240903;182500;87.9;87.92;87.88;87.9;729
USDRUBF;5;20240903;183000;87.9;87.95;87.9;87.94;389
USDRUBF;5;20240903;183500;87.95;88;87.9;87.91;1558
USDRUBF;5;20240903;184000;87.91;87.94;87.83;87.9;624
USDRUBF;5;20240903;184500;87.9;88.14;87.88;87.95;1610
USDRUBF;5;20240903;190500;87.88;88.08;87.88;87.98;505
USDRUBF;5;20240903;191000;87.99;88.01;87.93;87.94;144
USDRUBF;5;20240903;191500;87.94;87.94;87.89;87.89;242
USDRUBF;5;20240903;192000;87.89;87.92;87.88;87.92;72
USDRUBF;5;20240903;192500;87.92;87.94;87.91;87.94;94
USDRUBF;5;20240903;193000;87.91;87.94;87.91;87.93;27
USDRUBF;5;20240903;193500;87.93;87.95;87.91;87.95;177
USDRUBF;5;20240903;194000;87.95;87.96;87.93;87.93;85
USDRUBF;5;20240903;194500;87.92;87.99;87.91;87.99;148
USDRUBF;5;20240903;195000;87.98;87.99;87.98;87.99;79
USDRUBF;5;20240903;195500;87.98;87.98;87.94;87.94;31
USDRUBF;5;20240903;200000;87.94;87.95;87.93;87.94;45
USDRUBF;5;20240903;200500;87.93;87.93;87.92;87.92;3
USDRUBF;5;20240903;201000;87.92;87.92;87.91;87.91;115
USDRUBF;5;20240903;201500;87.91;87.92;87.91;87.92;80
USDRUBF;5;20240903;202000;87.92;87.92;87.92;87.92;31
USDRUBF;5;20240903;202500;87.92;87.92;87.92;87.92;24
USDRUBF;5;20240903;203000;87.92;87.93;87.92;87.93;77
USDRUBF;5;20240903;203500;87.93;87.96;87.93;87.94;31
USDRUBF;5;20240903;204000;87.95;87.95;87.92;87.93;37
USDRUBF;5;20240903;204500;87.93;87.93;87.92;87.92;30
USDRUBF;5;20240903;205000;87.92;87.94;87.84;87.88;186
USDRUBF;5;20240903;205500;87.88;87.9;87.88;87.9;26
USDRUBF;5;20240903;210000;87.89;87.9;87.88;87.89;34
USDRUBF;5;20240903;210500;87.88;87.88;87.86;87.86;148
USDRUBF;5;20240903;211000;87.86;87.88;87.85;87.86;37
USDRUBF;5;20240903;211500;87.87;87.87;87.85;87.86;16
USDRUBF;5;20240903;212000;87.85;87.85;87.8;87.8;169
USDRUBF;5;20240903;212500;87.8;87.81;87.79;87.79;40
USDRUBF;5;20240903;213000;87.8;87.81;87.8;87.8;53
USDRUBF;5;20240903;213500;87.81;87.82;87.78;87.81;53
USDRUBF;5;20240903;214000;87.78;87.81;87.78;87.81;92
USDRUBF;5;20240903;214500;87.79;87.79;87.78;87.79;83
USDRUBF;5;20240903;215000;87.79;87.79;87.78;87.78;75
USDRUBF;5;20240903;215500;87.78;87.78;87.76;87.78;18
USDRUBF;5;20240903;220000;87.76;87.77;87.76;87.77;17
USDRUBF;5;20240903;220500;87.77;87.77;87.77;87.77;16
USDRUBF;5;20240903;221000;87.79;87.79;87.78;87.78;10
USDRUBF;5;20240903;221500;87.78;87.79;87.76;87.76;52
USDRUBF;5;20240903;222000;87.76;87.77;87.76;87.77;32
USDRUBF;5;20240903;222500;87.77;87.77;87.73;87.74;48
USDRUBF;5;20240903;223000;87.73;87.74;87.71;87.71;40
USDRUBF;5;20240903;223500;87.71;87.74;87.7;87.74;134
USDRUBF;5;20240903;224000;87.74;87.74;87.71;87.74;15
USDRUBF;5;20240903;224500;87.73;87.74;87.7;87.7;121
USDRUBF;5;20240903;225000;87.71;87.73;87.67;87.71;150
USDRUBF;5;20240903;225500;87.71;87.72;87.71;87.72;8
USDRUBF;5;20240903;230000;87.72;87.76;87.68;87.76;71
USDRUBF;5;20240903;230500;87.76;87.79;87.76;87.78;201
USDRUBF;5;20240903;231000;87.77;87.78;87.75;87.75;33
USDRUBF;5;20240903;231500;87.74;87.78;87.74;87.77;9
USDRUBF;5;20240903;232000;87.77;87.77;87.75;87.76;16
USDRUBF;5;20240903;232500;87.76;87.76;87.73;87.75;11
USDRUBF;5;20240903;233000;87.76;87.76;87.71;87.71;154
USDRUBF;5;20240903;233500;87.72;87.72;87.72;87.72;16
USDRUBF;5;20240903;234000;87.74;87.75;87.72;87.75;33
USDRUBF;5;20240903;234500;87.72;87.75;87.7;87.74;133
USDRUBF;5;20240904;100000;87.88;88.08;87.84;88.07;894
USDRUBF;5;20240904;100500;88.07;88.07;87.96;88;608
USDRUBF;5;20240904;101000;88;88.14;87.98;88.12;381
USDRUBF;5;20240904;101500;88.14;88.45;88.12;88.31;2267
USDRUBF;5;20240904;102000;88.36;88.4;88.33;88.38;958
USDRUBF;5;20240904;102500;88.38;88.47;88.19;88.21;2587
USDRUBF;5;20240904;103000;88.2;88.31;88.18;88.29;2936
USDRUBF;5;20240904;103500;88.29;88.33;88.26;88.28;2065
USDRUBF;5;20240904;104000;88.26;88.36;88.24;88.25;3294
USDRUBF;5;20240904;104500;88.25;88.51;88.25;88.5;2403
USDRUBF;5;20240904;105000;88.5;88.5;88.38;88.4;1255
USDRUBF;5;20240904;105500;88.4;88.41;88.36;88.41;534
USDRUBF;5;20240904;110000;88.4;88.45;88.38;88.42;466
USDRUBF;5;20240904;110500;88.44;88.47;88.3;88.3;769
USDRUBF;5;20240904;111000;88.28;88.31;88.23;88.27;190
USDRUBF;5;20240904;111500;88.28;88.38;88.28;88.37;102
USDRUBF;5;20240904;112000;88.38;88.42;88.31;88.33;586
USDRUBF;5;20240904;112500;88.35;88.37;88.32;88.37;266
USDRUBF;5;20240904;113000;88.36;88.38;88.25;88.38;645
USDRUBF;5;20240904;113500;88.37;88.37;88.29;88.34;354
USDRUBF;5;20240904;114000;88.34;88.45;88.32;88.43;460
USDRUBF;5;20240904;114500;88.43;88.46;88.38;88.41;77
USDRUBF;5;20240904;115000;88.4;88.42;88.32;88.36;831
USDRUBF;5;20240904;115500;88.38;88.39;88.27;88.31;492
USDRUBF;5;20240904;120000;88.28;88.42;88.26;88.4;899
USDRUBF;5;20240904;120500;88.41;88.47;88.39;88.39;585
USDRUBF;5;20240904;121000;88.38;88.43;88.28;88.41;554
USDRUBF;5;20240904;121500;88.41;88.47;88.38;88.45;298
USDRUBF;5;20240904;122000;88.48;88.54;88.45;88.54;747
USDRUBF;5;20240904;122500;88.52;88.55;88.52;88.52;214
USDRUBF;5;20240904;123000;88.52;88.57;88.52;88.53;597
USDRUBF;5;20240904;123500;88.55;88.56;88.52;88.55;350
USDRUBF;5;20240904;124000;88.55;88.58;88.53;88.58;561
USDRUBF;5;20240904;124500;88.58;88.59;88.55;88.56;763
USDRUBF;5;20240904;125000;88.58;88.59;88.51;88.51;530
USDRUBF;5;20240904;125500;88.53;88.57;88.48;88.5;619
USDRUBF;5;20240904;130000;88.5;88.5;88.39;88.44;660
USDRUBF;5;20240904;130500;88.42;88.46;88.39;88.41;1735
USDRUBF;5;20240904;131000;88.41;88.44;88.38;88.4;1164
USDRUBF;5;20240904;131500;88.41;88.45;88.39;88.42;246
USDRUBF;5;20240904;132000;88.38;88.57;88.38;88.55;710
USDRUBF;5;20240904;132500;88.55;88.61;88.5;88.56;707
USDRUBF;5;20240904;133000;88.57;88.65;88.57;88.61;1175
USDRUBF;5;20240904;133500;88.61;88.68;88.51;88.68;1445
USDRUBF;5;20240904;134000;88.68;88.7;88.6;88.69;955
USDRUBF;5;20240904;134500;88.69;88.75;88.67;88.72;1535
USDRUBF;5;20240904;135000;88.72;88.72;88.63;88.67;596
USDRUBF;5;20240904;135500;88.66;88.67;88.61;88.61;464
USDRUBF;5;20240904;140500;88.64;88.67;88.59;88.67;311
USDRUBF;5;20240904;141000;88.67;88.67;88.61;88.64;119
USDRUBF;5;20240904;141500;88.64;88.66;88.62;88.63;128
USDRUBF;5;20240904;142000;88.66;88.7;88.64;88.65;389
USDRUBF;5;20240904;142500;88.68;88.68;88.2;88.34;2701
USDRUBF;5;20240904;143000;88.33;88.68;88.33;88.67;1814
USDRUBF;5;20240904;143500;88.67;88.81;88.65;88.81;1319
USDRUBF;5;20240904;144000;88.81;88.94;88.72;88.89;1283
USDRUBF;5;20240904;144500;88.9;89;88.9;88.95;834
USDRUBF;5;20240904;145000;88.98;89.1;88.84;89.1;981
USDRUBF;5;20240904;145500;89.11;89.17;88.91;88.99;1328
USDRUBF;5;20240904;150000;89;89.18;88.99;89.13;1424
USDRUBF;5;20240904;150500;89.12;89.17;89;89.01;2213
USDRUBF;5;20240904;151000;89.01;89.05;88.92;88.98;2100
USDRUBF;5;20240904;151500;89;89.07;88.97;89.01;2333
USDRUBF;5;20240904;152000;89.05;89.05;88.9;88.92;549
USDRUBF;5;20240904;152500;88.94;88.94;88.77;88.77;911
USDRUBF;5;20240904;153000;88.78;88.81;88.76;88.76;475
USDRUBF;5;20240904;153500;88.76;88.77;88.75;88.75;600
USDRUBF;5;20240904;154000;88.74;88.77;88.69;88.7;896
USDRUBF;5;20240904;154500;88.7;88.78;88.7;88.78;791
USDRUBF;5;20240904;155000;88.78;88.83;88.76;88.8;553
USDRUBF;5;20240904;155500;88.79;88.83;88.78;88.8;829
USDRUBF;5;20240904;160000;88.82;88.83;88.75;88.77;436
USDRUBF;5;20240904;160500;88.76;88.76;88.69;88.73;735
USDRUBF;5;20240904;161000;88.74;88.74;88.66;88.7;264
USDRUBF;5;20240904;161500;88.7;88.7;88.55;88.6;1166
USDRUBF;5;20240904;162000;88.62;88.66;88.52;88.55;1352
USDRUBF;5;20240904;162500;88.55;88.58;88.46;88.58;1530
USDRUBF;5;20240904;163000;88.57;88.63;88.55;88.63;238
USDRUBF;5;20240904;163500;88.62;88.7;88.62;88.65;438
USDRUBF;5;20240904;164000;88.66;88.71;88.65;88.68;122
USDRUBF;5;20240904;164500;88.72;88.77;88.68;88.77;94
USDRUBF;5;20240904;165000;88.77;88.79;88.71;88.75;139
USDRUBF;5;20240904;165500;88.73;88.77;88.69;88.7;128
USDRUBF;5;20240904;170000;88.72;88.81;88.68;88.8;853
USDRUBF;5;20240904;170500;88.8;88.83;88.77;88.83;211
USDRUBF;5;20240904;171000;88.84;88.88;88.8;88.88;510
USDRUBF;5;20240904;171500;88.88;88.94;88.88;88.94;576
USDRUBF;5;20240904;172000;88.91;88.93;88.88;88.93;154
USDRUBF;5;20240904;172500;88.92;89.01;88.9;88.98;874
USDRUBF;5;20240904;173000;88.98;89.09;88.94;89.06;710
USDRUBF;5;20240904;173500;89.07;89.12;89.04;89.07;457
USDRUBF;5;20240904;174000;89.07;89.2;89.07;89.16;1522
USDRUBF;5;20240904;174500;89.2;89.29;89.17;89.18;1470
USDRUBF;5;20240904;175000;89.19;89.2;88.95;89.03;2408
USDRUBF;5;20240904;175500;89.05;89.06;88.91;89.01;695
USDRUBF;5;20240904;180000;89.02;89.05;88.93;89.04;811
USDRUBF;5;20240904;180500;89.04;89.19;89.04;89.13;881
USDRUBF;5;20240904;181000;89.11;89.19;89.08;89.19;221
USDRUBF;5;20240904;181500;89.2;89.26;89.18;89.24;185
USDRUBF;5;20240904;182000;89.22;89.22;89.1;89.1;309
USDRUBF;5;20240904;182500;89.12;89.2;89.12;89.12;458
USDRUBF;5;20240904;183000;89.13;89.18;89.07;89.17;377
USDRUBF;5;20240904;183500;89.16;89.2;89.13;89.18;340
USDRUBF;5;20240904;184000;89.18;89.19;88.86;88.94;2859
USDRUBF;5;20240904;184500;88.94;88.98;88.68;88.94;5837
USDRUBF;5;20240904;190500;88.95;88.98;88.87;88.95;426
USDRUBF;5;20240904;191000;88.97;88.99;88.91;88.99;232
USDRUBF;5;20240904;191500;88.97;88.97;88.93;88.95;104
USDRUBF;5;20240904;192000;88.95;88.95;88.87;88.92;120
USDRUBF;5;20240904;192500;88.91;88.91;88.87;88.87;62
USDRUBF;5;20240904;193000;88.88;88.88;88.87;88.87;38
USDRUBF;5;20240904;193500;88.87;88.87;88.79;88.84;113
USDRUBF;5;20240904;194000;88.84;88.86;88.81;88.86;53
USDRUBF;5;20240904;194500;88.85;88.91;88.85;88.91;134
USDRUBF;5;20240904;195000;88.92;88.93;88.89;88.89;94
USDRUBF;5;20240904;195500;88.91;88.95;88.91;88.94;181
USDRUBF;5;20240904;200000;88.92;88.97;88.9;88.96;66
USDRUBF;5;20240904;200500;88.96;88.97;88.96;88.97;35
USDRUBF;5;20240904;201000;88.97;88.98;88.96;88.96;18
USDRUBF;5;20240904;201500;88.97;88.97;88.93;88.93;59
USDRUBF;5;20240904;202000;88.94;88.95;88.94;88.95;3
USDRUBF;5;20240904;202500;88.96;88.97;88.93;88.94;79
USDRUBF;5;20240904;203000;88.96;88.97;88.95;88.95;21
USDRUBF;5;20240904;203500;88.92;88.92;88.92;88.92;1
USDRUBF;5;20240904;204000;88.93;88.94;88.92;88.92;13
USDRUBF;5;20240904;204500;88.92;88.93;88.9;88.92;41
USDRUBF;5;20240904;205000;88.9;88.92;88.89;88.92;24
USDRUBF;5;20240904;205500;88.88;88.89;88.87;88.89;70
USDRUBF;5;20240904;210000;88.87;88.87;88.87;88.87;12
USDRUBF;5;20240904;210500;88.89;88.89;88.88;88.88;6
USDRUBF;5;20240904;211000;88.87;88.87;88.87;88.87;21
USDRUBF;5;20240904;211500;88.88;88.88;88.88;88.88;25
USDRUBF;5;20240904;212000;88.88;88.9;88.87;88.87;144
USDRUBF;5;20240904;212500;88.86;88.86;88.81;88.84;61
USDRUBF;5;20240904;213000;88.84;88.87;88.84;88.87;9
USDRUBF;5;20240904;213500;88.86;88.86;88.86;88.86;9
USDRUBF;5;20240904;214500;88.85;88.86;88.82;88.82;56
USDRUBF;5;20240904;215000;88.84;88.86;88.82;88.86;38
USDRUBF;5;20240904;220000;88.83;88.85;88.83;88.85;8
USDRUBF;5;20240904;220500;88.86;88.86;88.84;88.84;2
USDRUBF;5;20240904;221000;88.86;88.86;88.86;88.86;2
USDRUBF;5;20240904;221500;88.86;88.87;88.86;88.87;58
USDRUBF;5;20240904;222000;88.86;88.86;88.82;88.86;71
USDRUBF;5;20240904;222500;88.87;88.89;88.87;88.89;58
USDRUBF;5;20240904;223000;88.9;88.9;88.9;88.9;21
USDRUBF;5;20240904;223500;88.87;88.9;88.86;88.88;31
USDRUBF;5;20240904;225000;88.91;88.91;88.91;88.91;2
USDRUBF;5;20240904;225500;88.91;88.92;88.91;88.92;4
USDRUBF;5;20240904;230000;88.92;88.92;88.92;88.92;10
USDRUBF;5;20240904;230500;88.92;88.92;88.92;88.92;1
USDRUBF;5;20240904;231000;88.92;88.92;88.92;88.92;7
USDRUBF;5;20240904;231500;88.92;88.92;88.91;88.92;10
USDRUBF;5;20240904;232000;88.91;88.91;88.9;88.9;6
USDRUBF;5;20240904;232500;88.91;88.91;88.85;88.85;24
USDRUBF;5;20240904;234000;88.86;88.88;88.86;88.88;35
USDRUBF;5;20240904;234500;88.88;88.94;88.85;88.86;42
USDRUBF;5;20240905;100000;88.95;89.36;88.95;89.01;2297
USDRUBF;5;20240905;100500;89.01;89.04;88.71;88.85;1630
USDRUBF;5;20240905;101000;88.86;88.89;88.64;88.64;1216
USDRUBF;5;20240905;101500;88.64;88.72;88.54;88.72;969
USDRUBF;5;20240905;102000;88.69;88.72;88.6;88.62;149
USDRUBF;5;20240905;102500;88.61;88.63;88.57;88.58;226
USDRUBF;5;20240905;103000;88.6;88.62;88.57;88.6;196
USDRUBF;5;20240905;103500;88.61;88.66;88.59;88.66;572
USDRUBF;5;20240905;104000;88.62;88.69;88.52;88.6;585
USDRUBF;5;20240905;104500;88.59;88.59;88.45;88.47;357
USDRUBF;5;20240905;105000;88.48;88.62;88.47;88.6;658
USDRUBF;5;20240905;105500;88.6;88.72;88.6;88.71;411
USDRUBF;5;20240905;110000;88.71;88.78;88.71;88.73;884
USDRUBF;5;20240905;110500;88.74;88.74;88.55;88.55;1002
USDRUBF;5;20240905;111000;88.56;88.62;88.56;88.6;421
USDRUBF;5;20240905;111500;88.58;88.58;88.52;88.56;747
USDRUBF;5;20240905;112000;88.56;88.6;88.53;88.54;883
USDRUBF;5;20240905;112500;88.54;88.56;88.53;88.55;836
USDRUBF;5;20240905;113000;88.56;88.57;88.55;88.55;674
USDRUBF;5;20240905;113500;88.55;88.59;88.55;88.58;459
USDRUBF;5;20240905;114000;88.57;88.6;88.57;88.6;1029
USDRUBF;5;20240905;114500;88.59;88.63;88.58;88.58;278
USDRUBF;5;20240905;115000;88.59;88.66;88.59;88.64;328
USDRUBF;5;20240905;115500;88.65;88.74;88.65;88.74;89
USDRUBF;5;20240905;120000;88.72;88.91;88.72;88.91;194
USDRUBF;5;20240905;120500;88.93;88.94;88.87;88.9;408
USDRUBF;5;20240905;121000;88.9;88.97;88.87;88.87;272
USDRUBF;5;20240905;121500;88.87;88.88;88.83;88.84;151
USDRUBF;5;20240905;122000;88.85;88.92;88.85;88.92;158
USDRUBF;5;20240905;122500;88.93;89.01;88.93;88.97;150
USDRUBF;5;20240905;123000;88.98;88.99;88.87;88.87;271
USDRUBF;5;20240905;123500;88.89;88.93;88.88;88.88;1480
USDRUBF;5;20240905;124000;88.9;88.93;88.9;88.9;152
USDRUBF;5;20240905;124500;88.93;89;88.89;88.89;989
USDRUBF;5;20240905;125000;88.92;88.96;88.91;88.95;70
USDRUBF;5;20240905;125500;88.93;89.03;88.93;88.94;59
USDRUBF;5;20240905;130000;88.96;89;88.95;88.98;73
USDRUBF;5;20240905;130500;88.98;89.08;88.94;89.07;316
USDRUBF;5;20240905;131000;89.09;89.18;89.09;89.16;1049
USDRUBF;5;20240905;131500;89.18;89.27;89.16;89.24;1215
USDRUBF;5;20240905;132000;89.26;89.33;89.16;89.16;1736
USDRUBF;5;20240905;132500;89.2;89.27;89.19;89.26;669
USDRUBF;5;20240905;133000;89.23;89.31;89.22;89.26;1130
USDRUBF;5;20240905;133500;89.25;89.29;89.22;89.29;196
USDRUBF;5;20240905;134000;89.3;89.43;89.29;89.38;1328
USDRUBF;5;20240905;134500;89.35;89.39;89.23;89.25;454
USDRUBF;5;20240905;135000;89.28;89.28;89.18;89.21;372
USDRUBF;5;20240905;135500;89.21;89.37;89.19;89.37;335
USDRUBF;5;20240905;140500;89.36;89.55;89.35;89.5;881
USDRUBF;5;20240905;141000;89.48;89.48;89.29;89.34;517
USDRUBF;5;20240905;141500;89.37;89.39;89.35;89.35;133
USDRUBF;5;20240905;142000;89.36;89.38;89.33;89.37;323
USDRUBF;5;20240905;142500;89.38;89.39;89.35;89.37;28
USDRUBF;5;20240905;143000;89.39;89.41;89.35;89.37;1480
USDRUBF;5;20240905;143500;89.35;89.4;89.35;89.39;226
USDRUBF;5;20240905;144000;89.39;89.43;89.39;89.42;313
USDRUBF;5;20240905;144500;89.42;89.43;89.26;89.37;2221
USDRUBF;5;20240905;145000;89.37;89.38;89.32;89.32;923
USDRUBF;5;20240905;145500;89.33;89.35;89.14;89.21;1927
USDRUBF;5;20240905;150000;89.22;89.23;89.13;89.15;1070
USDRUBF;5;20240905;150500;89.15;89.19;89.14;89.16;356
USDRUBF;5;20240905;151000;89.17;89.18;89.12;89.16;667
USDRUBF;5;20240905;151500;89.16;89.18;89.13;89.16;689
USDRUBF;5;20240905;152000;89.2;89.22;89.1;89.12;1153
USDRUBF;5;20240905;152500;89.11;89.13;89.04;89.12;300
USDRUBF;5;20240905;153000;89.14;89.27;89.14;89.27;129
USDRUBF;5;20240905;153500;89.26;89.28;89.17;89.17;103
USDRUBF;5;20240905;154000;89.16;89.16;89.07;89.14;407
USDRUBF;5;20240905;154500;89.11;89.19;89.11;89.16;323
USDRUBF;5;20240905;155000;89.16;89.33;89.03;89.24;2245
USDRUBF;5;20240905;155500;89.23;89.29;89.18;89.22;253
USDRUBF;5;20240905;160000;89.22;89.26;89.22;89.26;48
USDRUBF;5;20240905;160500;89.28;89.33;89.28;89.33;304
USDRUBF;5;20240905;161000;89.33;89.47;89.33;89.45;473
USDRUBF;5;20240905;161500;89.48;89.48;89.41;89.45;163
USDRUBF;5;20240905;162000;89.48;89.5;89.33;89.35;531
USDRUBF;5;20240905;162500;89.35;89.38;89.35;89.36;96
USDRUBF;5;20240905;163000;89.37;89.37;89.33;89.33;170
USDRUBF;5;20240905;163500;89.34;89.35;89.34;89.35;123
USDRUBF;5;20240905;164000;89.35;89.35;89.34;89.35;120
USDRUBF;5;20240905;164500;89.35;89.35;89.32;89.32;374
USDRUBF;5;20240905;165000;89.31;89.31;89.24;89.24;178
USDRUBF;5;20240905;165500;89.24;89.28;89.22;89.22;122
USDRUBF;5;20240905;170000;89.21;89.21;89.12;89.17;975
USDRUBF;5;20240905;170500;89.17;89.17;89.07;89.08;1132
USDRUBF;5;20240905;171000;89.08;89.17;89.06;89.14;313
USDRUBF;5;20240905;171500;89.14;89.14;89.09;89.11;580
USDRUBF;5;20240905;172000;89.11;89.23;89.11;89.22;240
USDRUBF;5;20240905;172500;89.18;89.21;89.17;89.17;147
USDRUBF;5;20240905;173000;89.18;89.18;89.14;89.15;206
USDRUBF;5;20240905;173500;89.15;89.27;89.15;89.27;239
USDRUBF;5;20240905;174000;89.27;89.35;89.27;89.33;470
USDRUBF;5;20240905;174500;89.35;89.35;89.28;89.32;783
USDRUBF;5;20240905;175000;89.33;89.35;89.2;89.25;452
USDRUBF;5;20240905;175500;89.25;89.27;89.23;89.23;666
USDRUBF;5;20240905;180000;89.2;89.2;88.96;89.01;1071
USDRUBF;5;20240905;180500;89.02;89.11;88.88;88.88;4233
USDRUBF;5;20240905;181000;88.87;88.98;88.83;88.96;1072
USDRUBF;5;20240905;181500;88.93;89;88.93;88.95;981
USDRUBF;5;20240905;182000;88.94;89;88.92;89;386
USDRUBF;5;20240905;182500;89;89.07;88.98;88.99;856
USDRUBF;5;20240905;183000;88.98;89.03;88.97;89.03;728
USDRUBF;5;20240905;183500;89.02;89.08;89.01;89.08;517
USDRUBF;5;20240905;184000;89.08;89.14;89.03;89.04;650
USDRUBF;5;20240905;184500;89.04;89.12;89.01;89.12;452
USDRUBF;5;20240905;190500;89.05;89.11;89.01;89.05;538
USDRUBF;5;20240905;191000;89.05;89.06;89.02;89.06;227
USDRUBF;5;20240905;191500;89.06;89.1;89.06;89.08;153
USDRUBF;5;20240905;192000;89.07;89.07;89.03;89.03;13
USDRUBF;5;20240905;192500;89.02;89.04;89.01;89.04;65
USDRUBF;5;20240905;193000;89.04;89.05;89;89;208
USDRUBF;5;20240905;193500;89;89;88.95;88.97;24
USDRUBF;5;20240905;194000;88.97;88.97;88.94;88.94;233
USDRUBF;5;20240905;194500;88.99;88.99;88.94;88.96;141
USDRUBF;5;20240905;195000;88.96;88.99;88.96;88.98;58
USDRUBF;5;20240905;195500;88.98;88.98;88.96;88.97;170
USDRUBF;5;20240905;200000;88.96;89;88.96;88.99;54
USDRUBF;5;20240905;200500;89;89.04;89;89.01;43
USDRUBF;5;20240905;201000;89.01;89.03;89;89.03;30
USDRUBF;5;20240905;201500;89.01;89.03;88.99;88.99;125
USDRUBF;5;20240905;202000;88.97;88.99;88.94;88.99;276
USDRUBF;5;20240905;202500;88.98;88.98;88.98;88.98;2
USDRUBF;5;20240905;203000;88.96;88.96;88.95;88.95;3
USDRUBF;5;20240905;203500;88.96;88.99;88.95;88.99;45
USDRUBF;5;20240905;204000;88.95;88.95;88.94;88.95;64
USDRUBF;5;20240905;204500;88.95;88.95;88.94;88.95;15
USDRUBF;5;20240905;205000;88.94;89;88.94;88.96;87
USDRUBF;5;20240905;205500;88.97;88.97;88.95;88.95;18
USDRUBF;5;20240905;210000;88.95;88.97;88.94;88.97;102
USDRUBF;5;20240905;210500;88.95;88.96;88.95;88.96;18
USDRUBF;5;20240905;211000;88.97;88.97;88.94;88.95;96
USDRUBF;5;20240905;211500;88.94;88.97;88.94;88.95;116
USDRUBF;5;20240905;212000;88.94;88.97;88.93;88.96;39
USDRUBF;5;20240905;212500;88.96;88.96;88.96;88.96;2
USDRUBF;5;20240905;213000;88.96;88.96;88.95;88.96;6
USDRUBF;5;20240905;214000;88.95;88.96;88.95;88.96;9
USDRUBF;5;20240905;214500;88.97;88.97;88.97;88.97;26
USDRUBF;5;20240905;215000;88.94;88.96;88.94;88.95;6
USDRUBF;5;20240905;215500;88.94;88.94;88.94;88.94;1
USDRUBF;5;20240905;220000;88.94;88.94;88.94;88.94;6
USDRUBF;5;20240905;220500;88.94;88.94;88.93;88.93;83
USDRUBF;5;20240905;221000;88.94;88.96;88.93;88.93;44
USDRUBF;5;20240905;221500;88.94;88.94;88.94;88.94;12
USDRUBF;5;20240905;222000;88.93;88.93;88.93;88.93;8
USDRUBF;5;20240905;222500;88.96;88.96;88.96;88.96;1
USDRUBF;5;20240905;223000;88.96;88.96;88.96;88.96;2
USDRUBF;5;20240905;223500;88.96;88.96;88.93;88.93;4
USDRUBF;5;20240905;224000;88.96;88.96;88.96;88.96;1
USDRUBF;5;20240905;225000;88.97;88.97;88.96;88.96;9
USDRUBF;5;20240905;225500;88.96;88.96;88.96;88.96;82
USDRUBF;5;20240905;230500;88.98;88.98;88.94;88.94;23
USDRUBF;5;20240905;231000;88.98;89.01;88.97;89.01;103
USDRUBF;5;20240905;232000;89;89.01;88.98;89.01;7
USDRUBF;5;20240905;233000;89;89.01;89;89.01;20
USDRUBF;5;20240905;233500;89.02;89.1;89.02;89.1;50
USDRUBF;5;20240905;234000;89.03;89.03;89;89;21
USDRUBF;5;20240905;234500;88.95;88.98;88.94;88.98;52
USDRUBF;5;20240906;100000;89.12;89.24;89.02;89.18;219
USDRUBF;5;20240906;100500;89.19;89.21;89;89.19;578
USDRUBF;5;20240906;101000;89.19;89.2;89.1;89.15;368
USDRUBF;5;20240906;101500;89.18;89.24;89.18;89.2;128
USDRUBF;5;20240906;102000;89.2;89.2;89;89.05;1287
USDRUBF;5;20240906;102500;89.05;89.12;89.04;89.08;215
USDRUBF;5;20240906;103000;89.12;89.16;89.07;89.1;199
USDRUBF;5;20240906;103500;89.08;89.19;89.06;89.16;120
USDRUBF;5;20240906;104000;89.19;89.33;89.18;89.31;362
USDRUBF;5;20240906;104500;89.3;89.33;89.26;89.29;193
USDRUBF;5;20240906;105000;89.29;89.29;89.23;89.26;70
USDRUBF;5;20240906;105500;89.22;89.3;89.21;89.3;141
USDRUBF;5;20240906;110000;89.3;89.35;89.26;89.35;216
USDRUBF;5;20240906;110500;89.36;89.39;89.33;89.39;113
USDRUBF;5;20240906;111000;89.38;89.43;89.38;89.41;112
USDRUBF;5;20240906;111500;89.41;89.55;89.41;89.55;734
USDRUBF;5;20240906;112000;89.55;89.58;89.49;89.49;532
USDRUBF;5;20240906;112500;89.52;89.56;89.51;89.54;308
USDRUBF;5;20240906;113000;89.56;89.6;89.54;89.57;553
USDRUBF;5;20240906;113500;89.55;89.57;89.42;89.43;935
USDRUBF;5;20240906;114000;89.43;89.46;89.37;89.4;471
USDRUBF;5;20240906;114500;89.4;89.5;89.4;89.48;135
USDRUBF;5;20240906;115000;89.48;89.51;89.43;89.45;220
USDRUBF;5;20240906;115500;89.48;89.54;89.45;89.5;189
USDRUBF;5;20240906;120000;89.55;89.55;89.44;89.51;161
USDRUBF;5;20240906;120500;89.5;89.54;89.47;89.54;289
USDRUBF;5;20240906;121000;89.54;89.54;89.48;89.52;124
USDRUBF;5;20240906;121500;89.51;89.52;89.45;89.48;61
USDRUBF;5;20240906;122000;89.47;89.51;89.46;89.48;129
USDRUBF;5;20240906;122500;89.48;89.55;89.48;89.53;280
USDRUBF;5;20240906;123000;89.55;89.55;89.48;89.52;259
USDRUBF;5;20240906;123500;89.52;89.52;89.48;89.52;130
USDRUBF;5;20240906;124000;89.52;89.53;89.52;89.52;110
USDRUBF;5;20240906;124500;89.53;89.56;89.53;89.56;155
USDRUBF;5;20240906;125000;89.54;89.56;89.53;89.53;120
USDRUBF;5;20240906;125500;89.53;89.54;89.52;89.54;112
USDRUBF;5;20240906;130000;89.54;89.57;89.52;89.57;162
USDRUBF;5;20240906;130500;89.56;89.6;89.56;89.59;292
USDRUBF;5;20240906;131000;89.6;89.61;89.56;89.58;224
USDRUBF;5;20240906;131500;89.6;89.6;89.53;89.58;188
USDRUBF;5;20240906;132000;89.57;89.58;89.42;89.5;709
USDRUBF;5;20240906;132500;89.5;89.52;89.41;89.41;410
USDRUBF;5;20240906;133000;89.41;89.47;89.4;89.46;228
USDRUBF;5;20240906;133500;89.46;89.47;89.46;89.47;71
USDRUBF;5;20240906;134000;89.47;89.53;89.47;89.53;123
USDRUBF;5;20240906;134500;89.55;89.58;89.52;89.54;222
USDRUBF;5;20240906;135000;89.53;89.53;89.5;89.53;132
USDRUBF;5;20240906;135500;89.53;89.57;89.52;89.53;246
USDRUBF;5;20240906;140500;89.54;89.57;89.54;89.57;119
USDRUBF;5;20240906;141000;89.57;89.68;89.56;89.62;655
USDRUBF;5;20240906;141500;89.65;89.75;89.58;89.59;367
USDRUBF;5;20240906;142000;89.58;89.71;89.58;89.62;1574
USDRUBF;5;20240906;142500;89.62;89.66;89.58;89.64;1218
USDRUBF;5;20240906;143000;89.64;89.65;89.62;89.64;147
USDRUBF;5;20240906;143500;89.65;89.69;89.21;89.68;1454
USDRUBF;5;20240906;144000;89.65;89.69;89.63;89.66;277
USDRUBF;5;20240906;144500;89.68;89.69;89.5;89.51;380
USDRUBF;5;20240906;145000;89.52;89.58;89.5;89.57;237
USDRUBF;5;20240906;145500;89.55;89.58;89.55;89.55;19
USDRUBF;5;20240906;150000;89.58;89.62;89.5;89.58;774
USDRUBF;5;20240906;150500;89.57;89.63;89.55;89.61;240
USDRUBF;5;20240906;151000;89.6;89.63;89.54;89.63;135
USDRUBF;5;20240906;151500;89.65;89.69;89.52;89.53;1327
USDRUBF;5;20240906;152000;89.55;89.55;89.49;89.52;545
USDRUBF;5;20240906;152500;89.52;89.6;89.46;89.47;1865
USDRUBF;5;20240906;153000;89.47;89.59;89.45;89.46;432
USDRUBF;5;20240906;153500;89.5;89.5;89.31;89.34;810
USDRUBF;5;20240906;154000;89.34;89.4;89.31;89.35;585
USDRUBF;5;20240906;154500;89.35;89.4;89.35;89.38;882
USDRUBF;5;20240906;155000;89.37;89.56;89.31;89.56;512
USDRUBF;5;20240906;155500;89.55;89.55;89.51;89.52;116
USDRUBF;5;20240906;160000;89.52;89.56;89.5;89.56;705
USDRUBF;5;20240906;160500;89.53;89.54;89.51;89.51;78
USDRUBF;5;20240906;161000;89.54;89.54;89.51;89.51;45
USDRUBF;5;20240906;161500;89.53;89.61;89.53;89.6;388
USDRUBF;5;20240906;162000;89.6;89.65;89.6;89.64;171
USDRUBF;5;20240906;162500;89.62;89.63;89.62;89.63;10
USDRUBF;5;20240906;163000;89.64;89.68;89.62;89.65;508
USDRUBF;5;20240906;163500;89.64;89.7;89.64;89.69;97
USDRUBF;5;20240906;164000;89.68;89.69;89.67;89.69;94
USDRUBF;5;20240906;164500;89.7;89.74;89.69;89.72;252
USDRUBF;5;20240906;165000;89.72;89.77;89.72;89.77;144
USDRUBF;5;20240906;165500;89.76;89.8;89.76;89.79;50
USDRUBF;5;20240906;170000;89.77;89.78;89.76;89.78;55
USDRUBF;5;20240906;170500;89.77;89.77;89.67;89.68;127
USDRUBF;5;20240906;171000;89.68;89.71;89.63;89.66;686
USDRUBF;5;20240906;171500;89.65;89.7;89.65;89.67;81
USDRUBF;5;20240906;172000;89.67;89.68;89.62;89.67;437
USDRUBF;5;20240906;172500;89.65;89.68;89.65;89.67;83
USDRUBF;5;20240906;173000;89.67;89.72;89.67;89.69;205
USDRUBF;5;20240906;173500;89.68;89.76;89.68;89.74;246
USDRUBF;5;20240906;174000;89.75;89.75;89.71;89.75;90
USDRUBF;5;20240906;174500;89.76;89.78;89.72;89.75;313
USDRUBF;5;20240906;175000;89.75;89.75;89.69;89.72;507
USDRUBF;5;20240906;175500;89.72;89.76;89.71;89.71;366
USDRUBF;5;20240906;180000;89.71;89.81;89.7;89.81;479
USDRUBF;5;20240906;180500;89.81;89.83;89.8;89.83;700
USDRUBF;5;20240906;181000;89.81;89.87;89.81;89.87;444
USDRUBF;5;20240906;181500;89.87;89.87;89.82;89.82;298
USDRUBF;5;20240906;182000;89.81;89.81;89.8;89.8;703
USDRUBF;5;20240906;182500;89.81;89.88;89.8;89.84;362
USDRUBF;5;20240906;183000;89.84;89.9;89.83;89.89;120
USDRUBF;5;20240906;183500;89.88;89.89;89.86;89.86;77
USDRUBF;5;20240906;184000;89.87;89.88;89.85;89.87;185
USDRUBF;5;20240906;184500;89.87;89.9;89.86;89.9;117
USDRUBF;5;20240906;190500;89.84;89.88;89.82;89.82;174
USDRUBF;5;20240906;191000;89.84;89.85;89.8;89.85;453
USDRUBF;5;20240906;191500;89.85;89.85;89.83;89.84;32
USDRUBF;5;20240906;192000;89.85;89.87;89.83;89.87;37
USDRUBF;5;20240906;192500;89.87;89.88;89.86;89.86;42
USDRUBF;5;20240906;193000;89.86;89.89;89.86;89.89;21
USDRUBF;5;20240906;193500;89.88;89.89;89.85;89.85;39
USDRUBF;5;20240906;194000;89.86;89.88;89.85;89.88;14
USDRUBF;5;20240906;194500;89.87;89.87;89.84;89.87;13
USDRUBF;5;20240906;195000;89.87;89.88;89.85;89.85;30
USDRUBF;5;20240906;195500;89.85;89.88;89.85;89.86;72
USDRUBF;5;20240906;200000;89.87;89.88;89.86;89.86;18
USDRUBF;5;20240906;200500;89.89;89.9;89.89;89.9;33
USDRUBF;5;20240906;201000;89.9;89.91;89.88;89.91;106
USDRUBF;5;20240906;201500;89.9;89.94;89.9;89.92;39
USDRUBF;5;20240906;202000;89.93;89.93;89.9;89.9;27
USDRUBF;5;20240906;202500;89.93;89.95;89.9;89.92;42
USDRUBF;5;20240906;203000;89.95;89.96;89.93;89.94;40
USDRUBF;5;20240906;203500;89.93;89.95;89.92;89.95;20
USDRUBF;5;20240906;204000;89.94;89.95;89.92;89.92;21
USDRUBF;5;20240906;204500;89.93;89.95;89.93;89.95;7
USDRUBF;5;20240906;205000;89.94;89.95;89.93;89.93;14
USDRUBF;5;20240906;205500;89.92;89.92;89.89;89.92;22
USDRUBF;5;20240906;210000;89.9;89.9;89.89;89.89;6
USDRUBF;5;20240906;211000;89.89;89.89;89.89;89.89;2
USDRUBF;5;20240906;211500;89.89;89.9;89.88;89.89;16
USDRUBF;5;20240906;212000;89.88;89.88;89.84;89.86;127
USDRUBF;5;20240906;212500;89.84;89.84;89.8;89.82;711
USDRUBF;5;20240906;213000;89.82;89.83;89.82;89.82;15
USDRUBF;5;20240906;213500;89.84;89.84;89.84;89.84;5
USDRUBF;5;20240906;214000;89.84;89.84;89.84;89.84;2
USDRUBF;5;20240906;215000;89.82;89.85;89.82;89.85;4
USDRUBF;5;20240906;215500;89.82;89.87;89.82;89.87;36
USDRUBF;5;20240906;220000;89.86;89.87;89.85;89.87;13
USDRUBF;5;20240906;220500;89.87;89.87;89.87;89.87;1
USDRUBF;5;20240906;221000;89.86;89.86;89.85;89.85;31
USDRUBF;5;20240906;221500;89.85;89.85;89.85;89.85;1
USDRUBF;5;20240906;222000;89.87;89.87;89.87;89.87;10
USDRUBF;5;20240906;222500;89.86;89.86;89.86;89.86;1
USDRUBF;5;20240906;223000;89.85;89.85;89.85;89.85;2
USDRUBF;5;20240906;223500;89.85;89.86;89.85;89.85;95
USDRUBF;5;20240906;224000;89.86;89.86;89.86;89.86;24
USDRUBF;5;20240906;225000;89.85;89.85;89.85;89.85;10
USDRUBF;5;20240906;225500;89.85;89.87;89.85;89.85;10
USDRUBF;5;20240906;230000;89.87;89.88;89.87;89.88;31
USDRUBF;5;20240906;230500;89.85;89.85;89.85;89.85;41
USDRUBF;5;20240906;231000;89.86;89.89;89.82;89.89;106
USDRUBF;5;20240906;231500;89.84;89.86;89.84;89.86;17
USDRUBF;5;20240906;232000;89.86;89.86;89.86;89.86;3
USDRUBF;5;20240906;232500;89.82;89.82;89.77;89.77;169
USDRUBF;5;20240906;233000;89.77;89.78;89.76;89.77;23
USDRUBF;5;20240906;233500;89.78;89.78;89.72;89.75;92
USDRUBF;5;20240906;234000;89.75;89.76;89.74;89.74;60
USDRUBF;5;20240906;234500;89.73;89.75;89.73;89.75;62
USDRUBF;5;20240909;100000;89.84;89.96;89.81;89.96;402
USDRUBF;5;20240909;100500;89.96;90.01;89.94;90;650
USDRUBF;5;20240909;101000;90;90;89.93;89.93;165
USDRUBF;5;20240909;101500;89.95;90.07;89.95;90.02;182
USDRUBF;5;20240909;102000;90.05;90.06;89.96;89.98;132
USDRUBF;5;20240909;102500;89.92;89.96;89.89;89.93;461
USDRUBF;5;20240909;103000;89.93;90.03;89.86;89.9;773
USDRUBF;5;20240909;103500;89.9;89.91;89.79;89.82;226
USDRUBF;5;20240909;104000;89.81;89.82;89.75;89.79;182
USDRUBF;5;20240909;104500;89.77;89.89;89.77;89.89;79
USDRUBF;5;20240909;105000;89.9;89.94;89.9;89.93;142
USDRUBF;5;20240909;105500;89.92;90.02;89.91;90.02;249
USDRUBF;5;20240909;110000;90.02;90.3;90.01;90.29;1844
USDRUBF;5;20240909;110500;90.28;90.44;90.28;90.33;611
USDRUBF;5;20240909;111000;90.34;90.37;90.32;90.35;228
USDRUBF;5;20240909;111500;90.34;90.34;90.1;90.15;3242
USDRUBF;5;20240909;112000;90.16;90.18;90.07;90.15;609
USDRUBF;5;20240909;112500;90.18;90.24;90.15;90.23;130
USDRUBF;5;20240909;113000;90.23;90.29;90.2;90.24;355
USDRUBF;5;20240909;113500;90.23;90.24;90.22;90.22;98
USDRUBF;5;20240909;114000;90.24;90.28;90.23;90.23;173
USDRUBF;5;20240909;114500;90.23;90.25;90.22;90.25;57
USDRUBF;5;20240909;115000;90.24;90.28;90.23;90.28;107
USDRUBF;5;20240909;115500;90.27;90.29;90.26;90.26;97
USDRUBF;5;20240909;120000;90.26;90.33;90.26;90.27;183
USDRUBF;5;20240909;120500;90.28;90.3;90.27;90.29;95
USDRUBF;5;20240909;121000;90.29;90.29;90.26;90.29;117
USDRUBF;5;20240909;121500;90.29;90.3;90.29;90.3;2
USDRUBF;5;20240909;122000;90.31;90.41;90.31;90.39;236
USDRUBF;5;20240909;122500;90.36;90.38;90.34;90.37;73
USDRUBF;5;20240909;123000;90.35;90.35;90.34;90.35;39
USDRUBF;5;20240909;123500;90.36;90.37;90.35;90.37;140
USDRUBF;5;20240909;124000;90.4;90.41;90.37;90.41;576
USDRUBF;5;20240909;124500;90.41;90.43;90.38;90.38;1052
USDRUBF;5;20240909;125000;90.42;90.43;90.3;90.32;297
USDRUBF;5;20240909;125500;90.3;90.36;90.3;90.35;268
USDRUBF;5;20240909;130000;90.34;90.34;90.27;90.29;541
USDRUBF;5;20240909;130500;90.28;90.31;90.28;90.31;27
USDRUBF;5;20240909;131000;90.3;90.35;90.3;90.35;204
USDRUBF;5;20240909;131500;90.34;90.35;90.32;90.34;120
USDRUBF;5;20240909;132000;90.34;90.35;90.33;90.35;881
USDRUBF;5;20240909;132500;90.35;90.4;90.34;90.39;580
USDRUBF;5;20240909;133000;90.39;90.4;90.37;90.4;414
USDRUBF;5;20240909;133500;90.4;90.47;90.4;90.47;929
USDRUBF;5;20240909;134000;90.47;90.49;90.43;90.44;486
USDRUBF;5;20240909;134500;90.45;90.45;90.41;90.45;203
USDRUBF;5;20240909;135000;90.45;90.47;90.44;90.47;57
USDRUBF;5;20240909;135500;90.47;90.51;90.47;90.48;206
USDRUBF;5;20240909;140500;90.49;90.53;90.41;90.43;1038
USDRUBF;5;20240909;141000;90.43;90.46;90.25;90.42;1772
USDRUBF;5;20240909;141500;90.41;90.42;90.33;90.33;330
USDRUBF;5;20240909;142000;90.33;90.41;90.33;90.39;162
USDRUBF;5;20240909;142500;90.4;90.41;90.38;90.41;68
USDRUBF;5;20240909;143000;90.41;90.49;90.41;90.49;135
USDRUBF;5;20240909;143500;90.46;90.47;90.43;90.44;30
USDRUBF;5;20240909;144000;90.43;90.44;90.39;90.39;387
USDRUBF;5;20240909;144500;90.4;90.42;90.35;90.37;320
USDRUBF;5;20240909;145000;90.37;90.37;90.34;90.35;196
USDRUBF;5;20240909;145500;90.33;90.37;90.33;90.37;563
USDRUBF;5;20240909;150000;90.38;90.38;90.33;90.33;239
USDRUBF;5;20240909;150500;90.34;90.35;90.31;90.32;154
USDRUBF;5;20240909;151000;90.35;90.36;90.32;90.33;52
USDRUBF;5;20240909;151500;90.32;90.36;90.29;90.29;225
USDRUBF;5;20240909;152000;90.29;90.3;90.25;90.28;1042
USDRUBF;5;20240909;152500;90.29;90.41;90.29;90.35;2622
USDRUBF;5;20240909;153000;90.35;90.42;90.32;90.34;1057
USDRUBF;5;20240909;153500;90.37;90.42;90.35;90.4;550
USDRUBF;5;20240909;154000;90.4;90.44;90.39;90.4;366
USDRUBF;5;20240909;154500;90.41;90.44;90.4;90.43;803
USDRUBF;5;20240909;155000;90.43;90.45;90.43;90.43;1414
USDRUBF;5;20240909;155500;90.43;90.46;90.11;90.35;2154
USDRUBF;5;20240909;160000;90.36;90.39;90.36;90.36;295
USDRUBF;5;20240909;160500;90.36;90.36;90.31;90.32;179
USDRUBF;5;20240909;161000;90.31;90.37;90.31;90.37;194
USDRUBF;5;20240909;161500;90.37;90.37;90.37;90.37;100
USDRUBF;5;20240909;162000;90.38;90.4;90.36;90.39;164
USDRUBF;5;20240909;162500;90.4;90.48;90.4;90.46;524
USDRUBF;5;20240909;163000;90.48;90.49;90.45;90.45;93
USDRUBF;5;20240909;163500;90.47;90.55;90.43;90.46;549
USDRUBF;5;20240909;164000;90.48;90.5;90.44;90.49;306
USDRUBF;5;20240909;164500;90.48;90.49;90.46;90.49;42
USDRUBF;5;20240909;165000;90.47;90.48;90.47;90.47;119
USDRUBF;5;20240909;165500;90.48;90.51;90.48;90.5;584
USDRUBF;5;20240909;170000;90.49;90.52;90.48;90.52;190
USDRUBF;5;20240909;170500;90.52;90.53;90.49;90.49;159
USDRUBF;5;20240909;171000;90.49;90.53;90.49;90.52;36
USDRUBF;5;20240909;171500;90.51;90.53;90.5;90.51;45
USDRUBF;5;20240909;172000;90.49;90.49;90.3;90.44;1276
USDRUBF;5;20240909;172500;90.43;90.43;90.37;90.38;535
USDRUBF;5;20240909;173000;90.38;90.48;90.38;90.47;506
USDRUBF;5;20240909;173500;90.48;90.51;90.41;90.5;487
USDRUBF;5;20240909;174000;90.48;90.49;90.47;90.47;255
USDRUBF;5;20240909;174500;90.48;90.48;90.45;90.46;48
USDRUBF;5;20240909;175000;90.45;90.48;90.44;90.46;30
USDRUBF;5;20240909;175500;90.46;90.47;90.43;90.44;15
USDRUBF;5;20240909;180000;90.42;90.45;90.42;90.44;122
USDRUBF;5;20240909;180500;90.44;90.45;90.4;90.4;290
USDRUBF;5;20240909;181000;90.4;90.4;90.37;90.39;179
USDRUBF;5;20240909;181500;90.39;90.44;90.39;90.44;45
USDRUBF;5;20240909;182000;90.45;90.45;90.45;90.45;151
USDRUBF;5;20240909;182500;90.43;90.47;90.42;90.47;172
USDRUBF;5;20240909;183000;90.46;90.46;90.41;90.42;77
USDRUBF;5;20240909;183500;90.42;90.42;90.4;90.42;266
USDRUBF;5;20240909;184000;90.4;90.43;90.4;90.41;336
USDRUBF;5;20240909;184500;90.41;90.45;90.39;90.41;154
USDRUBF;5;20240909;190500;90.4;90.41;90.37;90.39;63
USDRUBF;5;20240909;191000;90.38;90.38;90.36;90.36;45
USDRUBF;5;20240909;191500;90.36;90.37;90.34;90.37;65
USDRUBF;5;20240909;192000;90.37;90.37;90.36;90.36;4
USDRUBF;5;20240909;192500;90.37;90.37;90.36;90.36;33
USDRUBF;5;20240909;193000;90.38;90.38;90.35;90.35;26
USDRUBF;5;20240909;193500;90.35;90.35;90.34;90.35;16
USDRUBF;5;20240909;194000;90.35;90.35;90.34;90.34;11
USDRUBF;5;20240909;194500;90.35;90.35;90.32;90.33;32
USDRUBF;5;20240909;195000;90.33;90.38;90.33;90.38;54
USDRUBF;5;20240909;195500;90.38;90.4;90.38;90.4;27
USDRUBF;5;20240909;200000;90.4;90.4;90.4;90.4;7
USDRUBF;5;20240909;200500;90.37;90.37;90.37;90.37;6
USDRUBF;5;20240909;201000;90.38;90.4;90.37;90.4;51
USDRUBF;5;20240909;202000;90.4;90.41;90.39;90.39;55
USDRUBF;5;20240909;202500;90.37;90.39;90.37;90.39;11
USDRUBF;5;20240909;203000;90.38;90.38;90.38;90.38;5
USDRUBF;5;20240909;204000;90.38;90.38;90.38;90.38;5
USDRUBF;5;20240909;204500;90.37;90.37;90.35;90.35;8
USDRUBF;5;20240909;205000;90.35;90.36;90.35;90.36;6
USDRUBF;5;20240909;210000;90.37;90.37;90.35;90.35;5
USDRUBF;5;20240909;210500;90.35;90.35;90.31;90.32;25
USDRUBF;5;20240909;211000;90.32;90.32;90.32;90.32;8
USDRUBF;5;20240909;211500;90.34;90.34;90.34;90.34;2
USDRUBF;5;20240909;212000;90.33;90.34;90.33;90.34;23
USDRUBF;5;20240909;212500;90.35;90.35;90.35;90.35;5
USDRUBF;5;20240909;213000;90.36;90.37;90.35;90.35;9
USDRUBF;5;20240909;213500;90.35;90.37;90.35;90.37;6
USDRUBF;5;20240909;214000;90.36;90.38;90.36;90.38;16
USDRUBF;5;20240909;214500;90.37;90.56;90.37;90.42;753
USDRUBF;5;20240909;215000;90.42;90.42;90.42;90.42;3
USDRUBF;5;20240909;220000;90.43;90.43;90.43;90.43;1
USDRUBF;5;20240909;220500;90.43;90.43;90.43;90.43;8
USDRUBF;5;20240909;221000;90.43;90.43;90.43;90.43;16
USDRUBF;5;20240909;221500;90.43;90.43;90.43;90.43;6
USDRUBF;5;20240909;222000;90.42;90.42;90.42;90.42;1
USDRUBF;5;20240909;222500;90.42;90.42;90.42;90.42;2
USDRUBF;5;20240909;223000;90.44;90.44;90.42;90.42;3
USDRUBF;5;20240909;223500;90.43;90.43;90.43;90.43;49
USDRUBF;5;20240909;224000;90.43;90.44;90.43;90.44;18
USDRUBF;5;20240909;224500;90.44;90.48;90.44;90.47;39
USDRUBF;5;20240909;225500;90.48;90.48;90.48;90.48;151
USDRUBF;5;20240909;231000;90.48;90.48;90.48;90.48;10
USDRUBF;5;20240909;231500;90.48;90.48;90.48;90.48;5
USDRUBF;5;20240909;232000;90.45;90.45;90.45;90.45;1
USDRUBF;5;20240909;232500;90.44;90.46;90.42;90.42;42
USDRUBF;5;20240909;233000;90.43;90.43;90.43;90.43;2
USDRUBF;5;20240909;233500;90.44;90.45;90.44;90.45;6
USDRUBF;5;20240909;234000;90.44;90.44;90.41;90.43;47
USDRUBF;5;20240909;234500;90.43;90.46;90.43;90.46;46
USDRUBF;5;20240910;100000;90.47;90.67;90.47;90.55;750
USDRUBF;5;20240910;100500;90.56;90.58;90.55;90.58;214
USDRUBF;5;20240910;101000;90.56;90.58;90.52;90.57;851
USDRUBF;5;20240910;101500;90.57;90.71;90.54;90.6;1458
USDRUBF;5;20240910;102000;90.59;90.7;90.59;90.68;245
USDRUBF;5;20240910;102500;90.7;90.77;90.7;90.74;568
USDRUBF;5;20240910;103000;90.73;90.74;90.68;90.68;330
USDRUBF;5;20240910;103500;90.67;90.67;90.61;90.64;140
USDRUBF;5;20240910;104000;90.66;90.66;90.62;90.65;70
USDRUBF;5;20240910;104500;90.67;90.71;90.66;90.7;139
USDRUBF;5;20240910;105000;90.73;90.75;90.68;90.69;107
USDRUBF;5;20240910;105500;90.71;90.76;90.69;90.75;414
USDRUBF;5;20240910;110000;90.76;90.8;90.75;90.78;208
USDRUBF;5;20240910;110500;90.78;90.78;90.71;90.74;312
USDRUBF;5;20240910;111000;90.74;90.76;90.69;90.7;53
USDRUBF;5;20240910;111500;90.68;90.69;90.64;90.66;77
USDRUBF;5;20240910;112000;90.66;90.68;90.64;90.65;370
USDRUBF;5;20240910;112500;90.65;90.72;90.65;90.72;159
USDRUBF;5;20240910;113000;90.73;90.75;90.71;90.75;35
USDRUBF;5;20240910;113500;90.75;90.75;90.75;90.75;4
USDRUBF;5;20240910;114000;90.72;90.72;90.7;90.7;69
USDRUBF;5;20240910;114500;90.72;90.79;90.72;90.78;35
USDRUBF;5;20240910;115000;90.76;90.78;90.73;90.73;151
USDRUBF;5;20240910;115500;90.74;90.76;90.73;90.73;54
USDRUBF;5;20240910;120000;90.73;90.78;90.72;90.78;150
USDRUBF;5;20240910;120500;90.78;90.86;90.78;90.86;1072
USDRUBF;5;20240910;121000;90.86;90.89;90.82;90.85;287
USDRUBF;5;20240910;121500;90.85;90.89;90.81;90.82;141
USDRUBF;5;20240910;122000;90.84;90.86;90.84;90.85;57
USDRUBF;5;20240910;122500;90.84;90.84;90.75;90.77;86
USDRUBF;5;20240910;123000;90.78;90.78;90.66;90.68;218
USDRUBF;5;20240910;123500;90.68;90.75;90.66;90.66;142
USDRUBF;5;20240910;124000;90.66;90.66;90.6;90.64;240
USDRUBF;5;20240910;124500;90.68;90.76;90.65;90.65;614
USDRUBF;5;20240910;125000;90.65;90.69;90.64;90.67;60
USDRUBF;5;20240910;125500;90.64;90.69;90.64;90.65;63
USDRUBF;5;20240910;130000;90.68;90.68;90.65;90.67;177
USDRUBF;5;20240910;130500;90.67;90.7;90.67;90.67;259
USDRUBF;5;20240910;131000;90.68;90.75;90.68;90.73;411
USDRUBF;5;20240910;131500;90.73;90.78;90.73;90.78;532
USDRUBF;5;20240910;132000;90.78;90.81;90.77;90.8;207
USDRUBF;5;20240910;132500;90.79;90.8;90.76;90.76;25
USDRUBF;5;20240910;133000;90.77;90.77;90.77;90.77;6
USDRUBF;5;20240910;133500;90.77;90.79;90.72;90.72;86
USDRUBF;5;20240910;134000;90.71;90.72;90.66;90.68;409
USDRUBF;5;20240910;134500;90.69;90.69;90.61;90.68;250
USDRUBF;5;20240910;135000;90.69;90.69;90.58;90.59;338
USDRUBF;5;20240910;135500;90.63;90.68;90.6;90.64;237
USDRUBF;5;20240910;140500;90.62;90.68;90.62;90.62;115
USDRUBF;5;20240910;141000;90.66;90.77;90.66;90.77;77
USDRUBF;5;20240910;141500;90.78;90.85;90.75;90.79;442
USDRUBF;5;20240910;142000;90.8;90.82;90.79;90.82;46
USDRUBF;5;20240910;142500;90.83;90.88;90.83;90.87;76
USDRUBF;5;20240910;143000;90.85;90.87;90.82;90.87;280
USDRUBF;5;20240910;143500;90.86;90.86;90.79;90.79;191
USDRUBF;5;20240910;144000;90.79;90.79;90.73;90.79;167
USDRUBF;5;20240910;144500;90.77;90.8;90.76;90.79;287
USDRUBF;5;20240910;145000;90.78;90.8;90.77;90.77;303
USDRUBF;5;20240910;145500;90.79;90.79;90.65;90.69;356
USDRUBF;5;20240910;150000;90.69;90.72;90.68;90.72;23
USDRUBF;5;20240910;150500;90.72;90.72;90.7;90.7;16
USDRUBF;5;20240910;151000;90.7;90.71;90.7;90.71;16
USDRUBF;5;20240910;151500;90.7;90.72;90.7;90.7;21
USDRUBF;5;20240910;152000;90.68;90.68;90.64;90.65;185
USDRUBF;5;20240910;152500;90.65;90.65;90.62;90.62;151
USDRUBF;5;20240910;153000;90.63;90.68;90.61;90.67;471
USDRUBF;5;20240910;153500;90.68;90.72;90.67;90.71;60
USDRUBF;5;20240910;154000;90.71;90.72;90.67;90.69;307
USDRUBF;5;20240910;154500;90.68;90.68;90.68;90.68;8
USDRUBF;5;20240910;155000;90.69;90.7;90.69;90.7;27
USDRUBF;5;20240910;155500;90.69;90.7;90.68;90.68;15
USDRUBF;5;20240910;160000;90.68;90.7;90.67;90.7;137
USDRUBF;5;20240910;160500;90.71;90.72;90.69;90.69;79
USDRUBF;5;20240910;161000;90.68;90.69;90.68;90.68;14
USDRUBF;5;20240910;161500;90.68;90.68;90.62;90.64;329
USDRUBF;5;20240910;162000;90.64;90.67;90.64;90.66;109
USDRUBF;5;20240910;162500;90.66;90.66;90.62;90.63;83
USDRUBF;5;20240910;163000;90.63;90.63;90.55;90.55;396
USDRUBF;5;20240910;163500;90.54;90.54;90.48;90.52;592
USDRUBF;5;20240910;164000;90.48;90.49;90.33;90.41;977
USDRUBF;5;20240910;164500;90.4;90.41;90.35;90.4;611
USDRUBF;5;20240910;165000;90.4;90.41;90.37;90.37;367
USDRUBF;5;20240910;165500;90.37;90.37;90.32;90.35;1166
USDRUBF;5;20240910;170000;90.34;90.39;90.31;90.34;361
USDRUBF;5;20240910;170500;90.34;90.35;90.27;90.27;774
USDRUBF;5;20240910;171000;90.26;90.29;90.22;90.29;598
USDRUBF;5;20240910;171500;90.28;90.48;90.26;90.46;695
USDRUBF;5;20240910;172000;90.46;90.47;90.41;90.45;147
USDRUBF;5;20240910;172500;90.46;90.48;90.45;90.48;50
USDRUBF;5;20240910;173000;90.47;90.49;90.45;90.46;264
USDRUBF;5;20240910;173500;90.47;90.61;90.47;90.61;521
USDRUBF;5;20240910;174000;90.61;90.63;90.56;90.62;1687
USDRUBF;5;20240910;174500;90.64;90.68;90.62;90.63;314
USDRUBF;5;20240910;175000;90.61;90.62;90.57;90.57;227
USDRUBF;5;20240910;175500;90.59;90.65;90.56;90.58;1484
USDRUBF;5;20240910;180000;90.59;90.65;90.57;90.64;152
USDRUBF;5;20240910;180500;90.65;90.69;90.64;90.67;298
USDRUBF;5;20240910;181000;90.69;90.71;90.66;90.7;215
USDRUBF;5;20240910;181500;90.7;90.75;90.67;90.71;166
USDRUBF;5;20240910;182000;90.71;90.71;90.65;90.65;264
USDRUBF;5;20240910;182500;90.68;90.69;90.65;90.65;83
USDRUBF;5;20240910;183000;90.68;90.69;90.66;90.67;151
USDRUBF;5;20240910;183500;90.66;90.68;90.64;90.65;166
USDRUBF;5;20240910;184000;90.64;90.67;90.62;90.66;140
USDRUBF;5;20240910;184500;90.67;90.71;90.67;90.71;188
USDRUBF;5;20240910;190500;90.48;90.64;90.48;90.64;287
USDRUBF;5;20240910;191000;90.64;90.64;90.56;90.62;158
USDRUBF;5;20240910;191500;90.63;90.64;90.59;90.59;224
USDRUBF;5;20240910;192000;90.58;90.6;90.56;90.6;108
USDRUBF;5;20240910;192500;90.6;90.62;90.6;90.61;119
USDRUBF;5;20240910;193000;90.62;90.63;90.6;90.63;33
USDRUBF;5;20240910;193500;90.61;90.63;90.61;90.63;19
USDRUBF;5;20240910;194000;90.63;90.64;90.63;90.64;21
USDRUBF;5;20240910;194500;90.64;90.65;90.64;90.65;47
USDRUBF;5;20240910;195000;90.65;90.65;90.64;90.65;135
USDRUBF;5;20240910;195500;90.65;90.66;90.64;90.66;136
USDRUBF;5;20240910;200000;90.67;90.67;90.67;90.67;4
USDRUBF;5;20240910;200500;90.65;90.65;90.65;90.65;17
USDRUBF;5;20240910;201000;90.66;90.66;90.66;90.66;17
USDRUBF;5;20240910;201500;90.67;90.67;90.65;90.66;92
USDRUBF;5;20240910;202000;90.66;90.66;90.66;90.66;12
USDRUBF;5;20240910;202500;90.65;90.66;90.64;90.65;57
USDRUBF;5;20240910;203000;90.64;90.65;90.58;90.63;206
USDRUBF;5;20240910;203500;90.63;90.64;90.62;90.62;11
USDRUBF;5;20240910;204000;90.63;90.63;90.63;90.63;5
USDRUBF;5;20240910;204500;90.63;90.63;90.62;90.63;6
USDRUBF;5;20240910;205000;90.62;90.65;90.62;90.63;24
USDRUBF;5;20240910;205500;90.64;90.65;90.64;90.65;14
USDRUBF;5;20240910;210000;90.65;90.65;90.65;90.65;4
USDRUBF;5;20240910;210500;90.65;90.65;90.65;90.65;2
USDRUBF;5;20240910;211000;90.65;90.65;90.65;90.65;9
USDRUBF;5;20240910;211500;90.65;90.65;90.65;90.65;3
USDRUBF;5;20240910;212000;90.65;90.65;90.65;90.65;1
USDRUBF;5;20240910;212500;90.65;90.66;90.65;90.66;9
USDRUBF;5;20240910;213000;90.65;90.65;90.65;90.65;1
USDRUBF;5;20240910;213500;90.65;90.65;90.65;90.65;2
USDRUBF;5;20240910;214000;90.65;90.66;90.63;90.66;56
USDRUBF;5;20240910;214500;90.66;90.66;90.66;90.66;16
USDRUBF;5;20240910;215000;90.66;90.66;90.66;90.66;17
USDRUBF;5;20240910;215500;90.66;90.66;90.66;90.66;29
USDRUBF;5;20240910;220000;90.66;90.66;90.65;90.66;7
USDRUBF;5;20240910;220500;90.66;90.66;90.65;90.66;5
USDRUBF;5;20240910;221000;90.65;90.65;90.65;90.65;2
USDRUBF;5;20240910;221500;90.65;90.66;90.65;90.66;8
USDRUBF;5;20240910;222000;90.65;90.66;90.65;90.66;56
USDRUBF;5;20240910;222500;90.66;90.66;90.66;90.66;3
USDRUBF;5;20240910;223000;90.65;90.67;90.65;90.67;5
USDRUBF;5;20240910;223500;90.65;90.68;90.65;90.68;5
USDRUBF;5;20240910;224000;90.67;90.67;90.67;90.67;2
USDRUBF;5;20240910;224500;90.67;90.67;90.67;90.67;16
USDRUBF;5;20240910;225000;90.68;90.68;90.68;90.68;5
USDRUBF;5;20240910;225500;90.68;90.68;90.67;90.68;36
USDRUBF;5;20240910;230500;90.68;90.68;90.68;90.68;3
USDRUBF;5;20240910;231000;90.68;90.68;90.68;90.68;28
USDRUBF;5;20240910;231500;90.68;90.68;90.67;90.68;3
USDRUBF;5;20240910;232000;90.67;90.67;90.67;90.67;1
USDRUBF;5;20240910;233000;90.68;90.68;90.67;90.68;5
USDRUBF;5;20240910;233500;90.68;90.68;90.68;90.68;33
USDRUBF;5;20240910;234000;90.68;90.68;90.67;90.67;66
USDRUBF;5;20240910;234500;90.67;90.68;90.67;90.68;27
USDRUBF;5;20240911;100000;90.69;90.88;90.65;90.84;870
USDRUBF;5;20240911;100500;90.84;90.89;90.8;90.88;655
USDRUBF;5;20240911;101000;90.88;90.88;90.81;90.81;258
USDRUBF;5;20240911;101500;90.83;90.89;90.83;90.86;337
USDRUBF;5;20240911;102000;90.87;90.9;90.85;90.85;118
USDRUBF;5;20240911;102500;90.85;90.85;90.82;90.84;106
USDRUBF;5;20240911;103000;90.85;90.9;90.83;90.85;272
USDRUBF;5;20240911;103500;90.89;90.9;90.88;90.9;127
USDRUBF;5;20240911;104000;90.89;90.9;90.76;90.79;688
USDRUBF;5;20240911;104500;90.79;90.82;90.71;90.76;1490
USDRUBF;5;20240911;105000;90.77;90.78;90.75;90.76;420
USDRUBF;5;20240911;105500;90.78;90.78;90.66;90.7;359
USDRUBF;5;20240911;110000;90.7;90.75;90.64;90.69;448
USDRUBF;5;20240911;110500;90.67;90.72;90.61;90.66;358
USDRUBF;5;20240911;111000;90.67;90.72;90.67;90.69;327
USDRUBF;5;20240911;111500;90.72;90.77;90.71;90.77;140
USDRUBF;5;20240911;112000;90.77;90.8;90.69;90.76;855
USDRUBF;5;20240911;112500;90.75;90.76;90.57;90.59;4264
USDRUBF;5;20240911;113000;90.59;90.6;90.56;90.6;5390
USDRUBF;5;20240911;113500;90.6;90.63;90.55;90.56;2876
USDRUBF;5;20240911;114000;90.56;90.58;90.51;90.55;344
USDRUBF;5;20240911;114500;90.54;90.54;90.33;90.36;706
USDRUBF;5;20240911;115000;90.36;90.45;90.3;90.3;733
USDRUBF;5;20240911;115500;90.3;90.33;90.28;90.32;156
USDRUBF;5;20240911;120000;90.3;90.42;90.26;90.37;1154
USDRUBF;5;20240911;120500;90.32;90.32;90.25;90.27;286
USDRUBF;5;20240911;121000;90.26;90.28;90.22;90.26;284
USDRUBF;5;20240911;121500;90.27;90.33;90.26;90.27;622
USDRUBF;5;20240911;122000;90.26;90.31;90.26;90.3;248
USDRUBF;5;20240911;122500;90.32;90.37;90.32;90.34;250
USDRUBF;5;20240911;123000;90.35;90.35;90.27;90.32;163
USDRUBF;5;20240911;123500;90.34;90.38;90.28;90.29;447
USDRUBF;5;20240911;124000;90.29;90.42;90.29;90.38;67
USDRUBF;5;20240911;124500;90.41;90.43;90.4;90.43;54
USDRUBF;5;20240911;125000;90.42;90.43;90.4;90.4;98
USDRUBF;5;20240911;125500;90.42;90.43;90.4;90.4;17
USDRUBF;5;20240911;130000;90.4;90.4;90.27;90.33;400
USDRUBF;5;20240911;130500;90.32;90.35;90.28;90.35;344
USDRUBF;5;20240911;131000;90.35;90.4;90.32;90.4;119
USDRUBF;5;20240911;131500;90.37;90.41;90.35;90.38;266
USDRUBF;5;20240911;132000;90.38;90.43;90.34;90.35;55
USDRUBF;5;20240911;132500;90.33;90.38;90.33;90.37;152
USDRUBF;5;20240911;133000;90.34;90.39;90.34;90.39;222
USDRUBF;5;20240911;133500;90.39;90.39;90.37;90.37;155
USDRUBF;5;20240911;134000;90.38;90.38;90.37;90.37;144
USDRUBF;5;20240911;134500;90.37;90.41;90.33;90.33;64
USDRUBF;5;20240911;135000;90.36;90.37;90.33;90.37;30
USDRUBF;5;20240911;135500;90.37;90.43;90.36;90.42;194
USDRUBF;5;20240911;140500;90.34;90.4;90.25;90.27;353
USDRUBF;5;20240911;141000;90.28;90.31;90.15;90.22;3833
USDRUBF;5;20240911;141500;90.2;90.26;90.08;90.25;2386
USDRUBF;5;20240911;142000;90.24;90.24;90.13;90.15;549
USDRUBF;5;20240911;142500;90.15;90.28;90.1;90.26;739
USDRUBF;5;20240911;143000;90.28;90.38;90.25;90.38;168
USDRUBF;5;20240911;143500;90.37;90.38;90.32;90.33;112
USDRUBF;5;20240911;144000;90.35;90.37;90.33;90.34;106
USDRUBF;5;20240911;144500;90.32;90.32;90.26;90.28;25
USDRUBF;5;20240911;145000;90.28;90.32;90.28;90.32;212
USDRUBF;5;20240911;145500;90.29;90.32;90.29;90.3;211
USDRUBF;5;20240911;150000;90.3;90.3;90.21;90.22;401
USDRUBF;5;20240911;150500;90.23;90.26;90.22;90.22;49
USDRUBF;5;20240911;151000;90.22;90.22;90.16;90.2;204
USDRUBF;5;20240911;151500;90.18;90.21;90.15;90.15;621
USDRUBF;5;20240911;152000;90.15;90.17;90.14;90.16;234
USDRUBF;5;20240911;152500;90.16;90.17;90.16;90.17;138
USDRUBF;5;20240911;153000;90.16;90.2;90.13;90.18;439
USDRUBF;5;20240911;153500;90.14;90.35;90.12;90.32;405
USDRUBF;5;20240911;154000;90.3;90.3;90.13;90.17;2534
USDRUBF;5;20240911;154500;90.15;90.18;90.11;90.15;153
USDRUBF;5;20240911;155000;90.12;90.15;90.09;90.1;406
USDRUBF;5;20240911;155500;90.1;90.14;90.09;90.1;291
USDRUBF;5;20240911;160000;90.12;90.12;90;90.05;510
USDRUBF;5;20240911;160500;90.05;90.05;89.94;89.98;532
USDRUBF;5;20240911;161000;89.98;90.02;89.94;90.01;417
USDRUBF;5;20240911;161500;90.01;90.09;90;90.09;90
USDRUBF;5;20240911;162000;90.09;90.1;90.02;90.07;218
USDRUBF;5;20240911;162500;90.08;90.16;90.08;90.09;490
USDRUBF;5;20240911;163000;90.11;90.14;90.08;90.14;101
USDRUBF;5;20240911;163500;90.14;90.17;90.14;90.17;18
USDRUBF;5;20240911;164000;90.17;90.17;90.16;90.16;59
USDRUBF;5;20240911;164500;90.15;90.17;90.13;90.17;50
USDRUBF;5;20240911;165000;90.17;90.19;90.17;90.19;59
USDRUBF;5;20240911;165500;90.18;90.21;90.17;90.2;318
USDRUBF;5;20240911;170000;90.2;90.25;90.2;90.24;173
USDRUBF;5;20240911;170500;90.25;90.26;90.22;90.22;81
USDRUBF;5;20240911;171000;90.23;90.24;90.22;90.23;63
USDRUBF;5;20240911;171500;90.25;90.33;90.24;90.31;442
USDRUBF;5;20240911;172000;90.31;90.38;90.31;90.38;206
USDRUBF;5;20240911;172500;90.37;90.37;90.31;90.31;302
USDRUBF;5;20240911;173000;90.31;90.35;90.3;90.31;311
USDRUBF;5;20240911;173500;90.32;90.4;90.32;90.37;198
USDRUBF;5;20240911;174000;90.37;90.38;90.3;90.3;209
USDRUBF;5;20240911;174500;90.34;90.42;90.32;90.4;343
USDRUBF;5;20240911;175000;90.42;90.42;90.38;90.4;82
USDRUBF;5;20240911;175500;90.39;90.4;90.38;90.4;65
USDRUBF;5;20240911;180000;90.4;90.42;90.4;90.42;335
USDRUBF;5;20240911;180500;90.42;90.42;90.4;90.41;91
USDRUBF;5;20240911;181000;90.41;90.42;90.33;90.41;356
USDRUBF;5;20240911;181500;90.41;90.42;90.37;90.4;134
USDRUBF;5;20240911;182000;90.41;90.48;90.41;90.47;467
USDRUBF;5;20240911;182500;90.45;90.45;90.43;90.45;231
USDRUBF;5;20240911;183000;90.48;90.53;90.46;90.53;366
USDRUBF;5;20240911;183500;90.52;90.53;90.5;90.52;57
USDRUBF;5;20240911;184000;90.52;90.53;90.51;90.52;253
USDRUBF;5;20240911;184500;90.53;90.54;90.51;90.54;134
USDRUBF;5;20240911;190500;90.51;90.51;90.38;90.38;603
USDRUBF;5;20240911;191000;90.38;90.43;90.38;90.42;67
USDRUBF;5;20240911;191500;90.43;90.43;90.4;90.4;41
USDRUBF;5;20240911;192000;90.4;90.4;90.38;90.38;19
USDRUBF;5;20240911;192500;90.38;90.38;90.37;90.37;9
USDRUBF;5;20240911;193000;90.38;90.4;90.32;90.34;165
USDRUBF;5;20240911;193500;90.34;90.36;90.34;90.35;4
USDRUBF;5;20240911;194000;90.35;90.37;90.35;90.35;32
USDRUBF;5;20240911;194500;90.35;90.36;90.35;90.36;7
USDRUBF;5;20240911;195000;90.36;90.36;90.31;90.32;108
USDRUBF;5;20240911;195500;90.34;90.35;90.29;90.3;251
USDRUBF;5;20240911;200000;90.3;90.31;90.29;90.31;70
USDRUBF;5;20240911;200500;90.32;90.32;90.28;90.31;75
USDRUBF;5;20240911;201000;90.31;90.31;90.3;90.31;25
USDRUBF;5;20240911;201500;90.3;90.32;90.3;90.31;114
USDRUBF;5;20240911;202500;90.32;90.34;90.32;90.34;5
USDRUBF;5;20240911;203500;90.34;90.35;90.33;90.33;20
USDRUBF;5;20240911;204000;90.32;90.32;90.28;90.29;13
USDRUBF;5;20240911;204500;90.3;90.3;90.3;90.3;1
USDRUBF;5;20240911;205000;90.3;90.3;90.3;90.3;2
USDRUBF;5;20240911;205500;90.3;90.3;90.3;90.3;2
USDRUBF;5;20240911;210000;90.29;90.29;90.28;90.28;2
USDRUBF;5;20240911;210500;90.31;90.32;90.31;90.32;24
USDRUBF;5;20240911;211000;90.32;90.32;90.29;90.29;13
USDRUBF;5;20240911;212000;90.32;90.33;90.3;90.3;45
USDRUBF;5;20240911;212500;90.3;90.3;90.3;90.3;15
USDRUBF;5;20240911;213000;90.32;90.33;90.32;90.33;2
USDRUBF;5;20240911;213500;90.33;90.43;90.33;90.37;158
USDRUBF;5;20240911;214000;90.38;90.41;90.38;90.38;12
USDRUBF;5;20240911;214500;90.42;90.42;90.38;90.38;11
USDRUBF;5;20240911;215000;90.4;90.41;90.37;90.41;16
USDRUBF;5;20240911;215500;90.38;90.38;90.37;90.37;10
USDRUBF;5;20240911;220000;90.36;90.36;90.34;90.34;13
USDRUBF;5;20240911;220500;90.33;90.34;90.33;90.34;16
USDRUBF;5;20240911;221000;90.33;90.36;90.32;90.32;8
USDRUBF;5;20240911;221500;90.32;90.32;90.31;90.32;26
USDRUBF;5;20240911;222000;90.31;90.35;90.31;90.33;30
USDRUBF;5;20240911;222500;90.32;90.32;90.3;90.31;109
USDRUBF;5;20240911;223500;90.35;90.35;90.35;90.35;5
USDRUBF;5;20240911;224000;90.35;90.35;90.34;90.35;61
USDRUBF;5;20240911;224500;90.36;90.38;90.36;90.38;6
USDRUBF;5;20240911;225500;90.35;90.35;90.35;90.35;41
USDRUBF;5;20240911;230000;90.34;90.34;90.34;90.34;9
USDRUBF;5;20240911;230500;90.36;90.36;90.3;90.34;12
USDRUBF;5;20240911;231500;90.31;90.33;90.31;90.33;2
USDRUBF;5;20240911;232000;90.34;90.34;90.34;90.34;8
USDRUBF;5;20240911;232500;90.34;90.34;90.33;90.33;5
USDRUBF;5;20240911;234000;90.32;90.34;90.32;90.34;16
USDRUBF;5;20240911;234500;90.34;90.37;90.34;90.37;38
USDRUBF;5;20240912;100000;90.38;90.45;90.34;90.43;150
USDRUBF;5;20240912;100500;90.44;90.48;90.42;90.48;405
USDRUBF;5;20240912;101000;90.49;90.65;90.49;90.6;381
USDRUBF;5;20240912;101500;90.6;90.63;90.52;90.52;293
USDRUBF;5;20240912;102000;90.52;90.62;90.52;90.62;187
USDRUBF;5;20240912;102500;90.62;90.71;90.62;90.65;506
USDRUBF;5;20240912;103000;90.66;90.72;90.65;90.66;234
USDRUBF;5;20240912;103500;90.67;90.72;90.66;90.72;127
USDRUBF;5;20240912;104000;90.72;90.83;90.71;90.8;430
USDRUBF;5;20240912;104500;90.82;90.85;90.75;90.75;741
USDRUBF;5;20240912;105000;90.77;90.83;90.77;90.83;162
USDRUBF;5;20240912;105500;90.82;90.82;90.76;90.76;262
USDRUBF;5;20240912;110000;90.78;90.82;90.77;90.82;209
USDRUBF;5;20240912;110500;90.8;90.85;90.67;90.68;3448
USDRUBF;5;20240912;111000;90.68;90.76;90.68;90.75;440
USDRUBF;5;20240912;111500;90.75;90.8;90.74;90.75;357
USDRUBF;5;20240912;112000;90.77;90.9;90.74;90.81;2436
USDRUBF;5;20240912;112500;90.81;90.82;90.74;90.8;348
USDRUBF;5;20240912;113000;90.79;90.81;90.75;90.8;135
USDRUBF;5;20240912;113500;90.79;90.79;90.75;90.78;176
USDRUBF;5;20240912;114000;90.77;90.8;90.77;90.78;203
USDRUBF;5;20240912;114500;90.79;90.87;90.77;90.86;141
USDRUBF;5;20240912;115000;90.84;90.87;90.82;90.83;298
USDRUBF;5;20240912;115500;90.83;90.86;90.8;90.8;118
USDRUBF;5;20240912;120000;90.81;90.84;90.81;90.81;23
USDRUBF;5;20240912;120500;90.82;90.83;90.75;90.76;102
USDRUBF;5;20240912;121000;90.76;90.8;90.73;90.8;33
USDRUBF;5;20240912;121500;90.82;90.93;90.82;90.84;314
USDRUBF;5;20240912;122000;90.84;90.84;90.8;90.83;59
USDRUBF;5;20240912;122500;90.84;90.85;90.83;90.83;26
USDRUBF;5;20240912;123000;90.85;90.87;90.84;90.85;73
USDRUBF;5;20240912;123500;90.82;90.83;90.8;90.8;29
USDRUBF;5;20240912;124000;90.81;90.82;90.8;90.82;112
USDRUBF;5;20240912;124500;90.82;90.86;90.82;90.86;52
USDRUBF;5;20240912;125000;90.87;90.88;90.84;90.84;73
USDRUBF;5;20240912;125500;90.84;90.84;90.82;90.82;284
USDRUBF;5;20240912;130000;90.84;90.85;90.84;90.84;155
USDRUBF;5;20240912;130500;90.85;90.85;90.82;90.82;344
USDRUBF;5;20240912;131000;90.84;90.84;90.81;90.82;50
USDRUBF;5;20240912;131500;90.83;90.83;90.81;90.81;73
USDRUBF;5;20240912;132000;90.8;90.8;90.8;90.8;17
USDRUBF;5;20240912;132500;90.79;90.79;90.69;90.73;932
USDRUBF;5;20240912;133000;90.73;90.8;90.72;90.8;104
USDRUBF;5;20240912;133500;90.78;90.8;90.74;90.75;69
USDRUBF;5;20240912;134000;90.73;90.75;90.72;90.74;11
USDRUBF;5;20240912;134500;90.75;90.75;90.64;90.71;552
USDRUBF;5;20240912;135000;90.75;90.78;90.74;90.78;67
USDRUBF;5;20240912;135500;90.78;90.81;90.72;90.77;396
USDRUBF;5;20240912;140500;90.79;90.79;90.71;90.74;1007
USDRUBF;5;20240912;141000;90.75;90.78;90.74;90.74;55
USDRUBF;5;20240912;141500;90.74;90.75;90.74;90.75;55
USDRUBF;5;20240912;142000;90.74;90.74;90.66;90.67;275
USDRUBF;5;20240912;142500;90.67;90.71;90.63;90.71;794
USDRUBF;5;20240912;143000;90.74;90.74;90.7;90.71;47
USDRUBF;5;20240912;143500;90.71;90.71;90.71;90.71;10
USDRUBF;5;20240912;144000;90.71;90.74;90.71;90.74;33
USDRUBF;5;20240912;144500;90.73;90.77;90.73;90.77;136
USDRUBF;5;20240912;145000;90.77;90.8;90.77;90.78;36
USDRUBF;5;20240912;145500;90.78;90.81;90.78;90.81;23
USDRUBF;5;20240912;150000;90.8;90.8;90.76;90.78;311
USDRUBF;5;20240912;150500;90.8;90.82;90.8;90.81;208
USDRUBF;5;20240912;151000;90.81;90.81;90.8;90.8;110
USDRUBF;5;20240912;151500;90.8;90.82;90.78;90.79;246
USDRUBF;5;20240912;152000;90.79;90.79;90.77;90.77;160
USDRUBF;5;20240912;152500;90.74;90.75;90.71;90.71;203
USDRUBF;5;20240912;153000;90.71;90.74;90.7;90.74;52
USDRUBF;5;20240912;153500;90.74;90.75;90.71;90.71;29
USDRUBF;5;20240912;154000;90.7;90.7;90.61;90.61;380
USDRUBF;5;20240912;154500;90.62;90.64;90.61;90.62;44
USDRUBF;5;20240912;155000;90.64;90.68;90.63;90.63;236
USDRUBF;5;20240912;155500;90.66;90.69;90.64;90.66;116
USDRUBF;5;20240912;160000;90.68;90.68;90.64;90.64;29
USDRUBF;5;20240912;160500;90.64;90.66;90.61;90.62;104
USDRUBF;5;20240912;161000;90.61;90.66;90.61;90.64;25
USDRUBF;5;20240912;161500;90.63;90.67;90.63;90.64;22
USDRUBF;5;20240912;162000;90.64;90.66;90.64;90.66;22
USDRUBF;5;20240912;162500;90.66;90.66;90.62;90.64;542
USDRUBF;5;20240912;163000;90.66;90.68;90.64;90.65;215
USDRUBF;5;20240912;163500;90.65;90.67;90.63;90.67;153
USDRUBF;5;20240912;164000;90.67;90.67;90.66;90.66;79
USDRUBF;5;20240912;164500;90.66;90.68;90.66;90.67;59
USDRUBF;5;20240912;165000;90.68;90.75;90.68;90.73;92
USDRUBF;5;20240912;165500;90.73;90.74;90.72;90.72;132
USDRUBF;5;20240912;170000;90.74;90.74;90.72;90.74;31
USDRUBF;5;20240912;170500;90.73;90.84;90.73;90.81;2868
USDRUBF;5;20240912;171000;90.8;90.85;90.78;90.82;461
USDRUBF;5;20240912;171500;90.83;90.83;90.8;90.81;98
USDRUBF;5;20240912;172000;90.8;90.83;90.8;90.81;277
USDRUBF;5;20240912;172500;90.8;90.82;90.8;90.8;86
USDRUBF;5;20240912;173000;90.8;90.8;90.78;90.78;879
USDRUBF;5;20240912;173500;90.79;90.8;90.79;90.8;416
USDRUBF;5;20240912;174000;90.8;90.84;90.8;90.83;100
USDRUBF;5;20240912;174500;90.8;90.8;90.77;90.77;35
USDRUBF;5;20240912;175000;90.77;90.8;90.77;90.8;33
USDRUBF;5;20240912;175500;90.8;90.83;90.79;90.8;127
USDRUBF;5;20240912;180000;90.84;90.87;90.83;90.87;92
USDRUBF;5;20240912;180500;90.87;90.87;90.84;90.84;217
USDRUBF;5;20240912;181000;90.84;90.84;90.8;90.8;196
USDRUBF;5;20240912;181500;90.82;90.83;90.81;90.83;43
USDRUBF;5;20240912;182000;90.82;90.83;90.82;90.82;15
USDRUBF;5;20240912;182500;90.83;90.85;90.82;90.85;203
USDRUBF;5;20240912;183000;90.86;90.96;90.86;90.96;728
USDRUBF;5;20240912;183500;90.95;90.96;90.92;90.92;310
USDRUBF;5;20240912;184000;90.93;90.93;90.92;90.92;80
USDRUBF;5;20240912;184500;90.93;90.93;90.92;90.92;261
USDRUBF;5;20240912;190500;90.82;90.88;90.82;90.87;145
USDRUBF;5;20240912;191000;90.87;90.87;90.84;90.84;163
USDRUBF;5;20240912;191500;90.84;90.85;90.82;90.82;416
USDRUBF;5;20240912;192000;90.82;90.84;90.82;90.84;49
USDRUBF;5;20240912;192500;90.83;90.83;90.82;90.82;45
USDRUBF;5;20240912;193000;90.83;90.84;90.83;90.84;23
USDRUBF;5;20240912;193500;90.84;90.84;90.78;90.79;285
USDRUBF;5;20240912;194000;90.81;90.82;90.81;90.82;5
USDRUBF;5;20240912;194500;90.83;90.83;90.81;90.81;23
USDRUBF;5;20240912;195000;90.8;90.8;90.8;90.8;16
USDRUBF;5;20240912;195500;90.81;90.83;90.79;90.79;16
USDRUBF;5;20240912;200000;90.79;90.79;90.79;90.79;9
USDRUBF;5;20240912;200500;90.81;90.82;90.8;90.8;12
USDRUBF;5;20240912;201000;90.82;90.82;90.8;90.8;35
USDRUBF;5;20240912;201500;90.79;90.79;90.78;90.78;54
USDRUBF;5;20240912;202000;90.8;90.81;90.8;90.81;6
USDRUBF;5;20240912;202500;90.79;90.82;90.79;90.82;96
USDRUBF;5;20240912;203000;90.79;90.82;90.79;90.82;30
USDRUBF;5;20240912;203500;90.8;90.83;90.78;90.81;176
USDRUBF;5;20240912;204000;90.82;90.82;90.79;90.79;57
USDRUBF;5;20240912;204500;90.78;90.78;90.74;90.77;155
USDRUBF;5;20240912;205000;90.75;90.75;90.7;90.7;188
USDRUBF;5;20240912;205500;90.7;90.7;90.67;90.69;296
USDRUBF;5;20240912;210000;90.68;90.69;90.67;90.69;81
USDRUBF;5;20240912;210500;90.68;90.7;90.68;90.7;77
USDRUBF;5;20240912;211000;90.69;90.69;90.68;90.68;3
USDRUBF;5;20240912;211500;90.69;90.69;90.69;90.69;2
USDRUBF;5;20240912;212000;90.69;90.69;90.68;90.68;30
USDRUBF;5;20240912;212500;90.69;90.7;90.69;90.7;4
USDRUBF;5;20240912;213000;90.69;90.69;90.69;90.69;2
USDRUBF;5;20240912;213500;90.69;90.69;90.68;90.68;17
USDRUBF;5;20240912;214000;90.67;90.68;90.67;90.68;40
USDRUBF;5;20240912;214500;90.68;90.69;90.68;90.68;30
USDRUBF;5;20240912;215000;90.69;90.7;90.69;90.7;3
USDRUBF;5;20240912;215500;90.68;90.7;90.67;90.67;407
USDRUBF;5;20240912;220000;90.69;90.69;90.69;90.69;13
USDRUBF;5;20240912;220500;90.7;90.7;90.7;90.7;1
USDRUBF;5;20240912;221000;90.68;90.68;90.68;90.68;9
USDRUBF;5;20240912;221500;90.68;90.68;90.68;90.68;2
USDRUBF;5;20240912;222000;90.69;90.69;90.68;90.68;11
USDRUBF;5;20240912;222500;90.68;90.68;90.67;90.67;13
USDRUBF;5;20240912;223000;90.68;90.69;90.68;90.69;4
USDRUBF;5;20240912;223500;90.68;90.68;90.68;90.68;7
USDRUBF;5;20240912;224000;90.69;90.69;90.67;90.67;7
USDRUBF;5;20240912;224500;90.69;90.69;90.67;90.67;47
USDRUBF;5;20240912;225000;90.68;90.68;90.67;90.68;4
USDRUBF;5;20240912;225500;90.68;90.72;90.68;90.71;161
USDRUBF;5;20240912;230000;90.72;90.73;90.72;90.73;22
USDRUBF;5;20240912;231000;90.72;90.72;90.72;90.72;36
USDRUBF;5;20240912;231500;90.73;90.73;90.68;90.69;58
USDRUBF;5;20240912;232000;90.68;90.71;90.68;90.71;42
USDRUBF;5;20240912;232500;90.71;90.72;90.71;90.72;11
USDRUBF;5;20240912;233000;90.71;90.74;90.71;90.74;102
USDRUBF;5;20240912;233500;90.72;90.72;90.71;90.72;19
USDRUBF;5;20240912;234000;90.72;90.72;90.71;90.71;68
USDRUBF;5;20240912;234500;90.71;90.72;90.71;90.71;61
USDRUBF;5;20240913;100000;90.8;90.81;90.63;90.64;653
USDRUBF;5;20240913;100500;90.65;90.71;90.65;90.7;187
USDRUBF;5;20240913;101000;90.65;90.67;90.45;90.47;488
USDRUBF;5;20240913;101500;90.45;90.55;90.31;90.46;1237
USDRUBF;5;20240913;102000;90.46;90.51;90.38;90.4;873
USDRUBF;5;20240913;102500;90.41;90.45;90.39;90.45;69
USDRUBF;5;20240913;103000;90.46;90.48;90.35;90.48;2975
USDRUBF;5;20240913;103500;90.48;90.52;90.42;90.45;3150
USDRUBF;5;20240913;104000;90.44;90.45;90.43;90.43;150
USDRUBF;5;20240913;104500;90.43;90.44;90.39;90.41;581
USDRUBF;5;20240913;105000;90.41;90.46;90.4;90.45;360
USDRUBF;5;20240913;105500;90.44;90.48;90.32;90.37;1374
USDRUBF;5;20240913;110000;90.38;90.39;90.25;90.35;1092
USDRUBF;5;20240913;110500;90.32;90.36;90.32;90.33;165
USDRUBF;5;20240913;111000;90.34;90.4;90.33;90.4;120
USDRUBF;5;20240913;111500;90.37;90.42;90.3;90.39;4403
USDRUBF;5;20240913;112000;90.39;90.4;90.26;90.29;2761
USDRUBF;5;20240913;112500;90.3;90.4;90.19;90.27;1954
USDRUBF;5;20240913;113000;90.28;90.29;90.22;90.26;486
USDRUBF;5;20240913;113500;90.26;90.28;90.19;90.21;944
USDRUBF;5;20240913;114000;90.22;90.26;90.2;90.23;384
USDRUBF;5;20240913;114500;90.26;90.3;90.25;90.29;318
USDRUBF;5;20240913;115000;90.3;90.36;90.26;90.36;696
USDRUBF;5;20240913;115500;90.33;90.39;90.27;90.31;704
USDRUBF;5;20240913;120000;90.32;90.32;90.26;90.28;105
USDRUBF;5;20240913;120500;90.29;90.29;90.28;90.29;17
USDRUBF;5;20240913;121000;90.3;90.31;90.25;90.25;329
USDRUBF;5;20240913;121500;90.27;90.31;90.27;90.3;5
USDRUBF;5;20240913;122000;90.3;90.37;90.3;90.34;102
USDRUBF;5;20240913;122500;90.32;90.33;90.28;90.29;171
USDRUBF;5;20240913;123000;90.27;90.3;90.25;90.29;295
USDRUBF;5;20240913;123500;90.3;90.3;90.28;90.28;24
USDRUBF;5;20240913;124000;90.28;90.35;90.27;90.35;118
USDRUBF;5;20240913;124500;90.36;90.36;90.31;90.31;27
USDRUBF;5;20240913;125000;90.31;90.34;90.27;90.34;62
USDRUBF;5;20240913;125500;90.34;90.35;90.33;90.35;59
USDRUBF;5;20240913;130000;90.35;90.38;90.34;90.37;100
USDRUBF;5;20240913;130500;90.34;90.39;90.34;90.37;189
USDRUBF;5;20240913;131000;90.33;90.36;90.32;90.32;301
USDRUBF;5;20240913;131500;90.33;90.33;90.3;90.31;40
USDRUBF;5;20240913;132000;90.32;90.35;90.29;90.33;72
USDRUBF;5;20240913;132500;90.35;90.36;90.28;90.33;219
USDRUBF;5;20240913;133000;90.3;90.32;90.24;90.3;1265
USDRUBF;5;20240913;133500;90.29;90.36;90.24;90.33;989
USDRUBF;5;20240913;134000;90.33;90.55;90.33;90.38;867
USDRUBF;5;20240913;134500;90.39;90.44;90.37;90.38;107
USDRUBF;5;20240913;135000;90.37;90.41;90.36;90.4;88
USDRUBF;5;20240913;135500;90.4;90.46;90.39;90.45;293
USDRUBF;5;20240913;140500;90.44;90.55;90.44;90.49;264
USDRUBF;5;20240913;141000;90.48;90.5;90.46;90.48;62
USDRUBF;5;20240913;141500;90.49;90.54;90.47;90.52;222
USDRUBF;5;20240913;142000;90.54;90.55;90.43;90.43;402
USDRUBF;5;20240913;142500;90.45;90.47;90.45;90.47;89
USDRUBF;5;20240913;143000;90.47;90.56;90.45;90.48;326
USDRUBF;5;20240913;143500;90.48;90.51;90.45;90.47;226
USDRUBF;5;20240913;144000;90.5;90.5;90.47;90.48;24
USDRUBF;5;20240913;144500;90.5;90.5;90.46;90.47;124
USDRUBF;5;20240913;145000;90.48;90.49;90.45;90.46;71
USDRUBF;5;20240913;145500;90.5;90.6;90.5;90.58;298
USDRUBF;5;20240913;150000;90.58;90.6;90.56;90.58;85
USDRUBF;5;20240913;150500;90.59;90.6;90.58;90.6;123
USDRUBF;5;20240913;151000;90.6;90.6;90.58;90.58;255
USDRUBF;5;20240913;151500;90.57;90.57;90.5;90.54;212
USDRUBF;5;20240913;152000;90.55;90.59;90.55;90.58;48
USDRUBF;5;20240913;152500;90.56;90.58;90.53;90.53;130
USDRUBF;5;20240913;153000;90.56;90.6;90.56;90.6;550
USDRUBF;5;20240913;153500;90.57;90.6;90.57;90.59;98
USDRUBF;5;20240913;154000;90.6;90.69;90.6;90.65;467
USDRUBF;5;20240913;154500;90.65;90.72;90.65;90.7;216
USDRUBF;5;20240913;155000;90.71;90.76;90.71;90.75;137
USDRUBF;5;20240913;155500;90.77;90.78;90.69;90.72;482
USDRUBF;5;20240913;160000;90.76;90.88;90.76;90.83;536
USDRUBF;5;20240913;160500;90.83;90.85;90.78;90.79;548
USDRUBF;5;20240913;161000;90.84;90.87;90.71;90.71;475
USDRUBF;5;20240913;161500;90.71;90.8;90.69;90.76;1970
USDRUBF;5;20240913;162000;90.77;90.79;90.75;90.79;80
USDRUBF;5;20240913;162500;90.77;90.78;90.72;90.75;835
USDRUBF;5;20240913;163000;90.75;90.78;90.75;90.76;169
USDRUBF;5;20240913;163500;90.77;90.78;90.76;90.78;34
USDRUBF;5;20240913;164000;90.78;90.78;90.7;90.7;487
USDRUBF;5;20240913;164500;90.7;90.71;90.63;90.7;630
USDRUBF;5;20240913;165000;90.7;90.78;90.7;90.78;338
USDRUBF;5;20240913;165500;90.76;90.77;90.74;90.76;313
USDRUBF;5;20240913;170000;90.77;90.84;90.77;90.83;468
USDRUBF;5;20240913;170500;90.83;90.85;90.81;90.84;50
USDRUBF;5;20240913;171000;90.81;90.86;90.81;90.86;453
USDRUBF;5;20240913;171500;90.86;90.94;90.86;90.94;780
USDRUBF;5;20240913;172000;90.93;91.03;90.93;90.99;833
USDRUBF;5;20240913;172500;90.98;90.99;90.93;90.95;477
USDRUBF;5;20240913;173000;90.97;90.99;90.87;90.95;1183
USDRUBF;5;20240913;173500;90.96;90.96;90.91;90.93;728
USDRUBF;5;20240913;174000;90.92;90.92;90.86;90.86;398
USDRUBF;5;20240913;174500;90.87;90.91;90.83;90.91;284
USDRUBF;5;20240913;175000;90.9;90.92;90.89;90.89;279
USDRUBF;5;20240913;175500;90.89;90.93;90.87;90.93;504
USDRUBF;5;20240913;180000;90.9;90.92;90.86;90.86;459
USDRUBF;5;20240913;180500;90.86;90.94;90.86;90.93;230
USDRUBF;5;20240913;181000;90.92;90.92;90.89;90.92;146
USDRUBF;5;20240913;181500;90.92;90.96;90.92;90.94;291
USDRUBF;5;20240913;182000;90.93;90.97;90.93;90.97;288
USDRUBF;5;20240913;182500;90.96;90.97;90.93;90.95;583
USDRUBF;5;20240913;183000;90.95;91;90.91;91;872
USDRUBF;5;20240913;183500;91.01;91.02;91;91.01;181
USDRUBF;5;20240913;184000;91.01;91.04;91.01;91.01;311
USDRUBF;5;20240913;184500;91;91.01;90.95;90.99;193
USDRUBF;5;20240913;190500;90.98;91;90.91;90.92;172
USDRUBF;5;20240913;191000;90.96;91;90.93;90.99;97
USDRUBF;5;20240913;191500;90.98;91.15;90.97;91.05;1243
USDRUBF;5;20240913;192000;91.04;91.05;91.01;91.01;107
USDRUBF;5;20240913;192500;91.02;91.02;90.95;90.95;92
USDRUBF;5;20240913;193000;90.94;90.95;90.93;90.95;99
USDRUBF;5;20240913;193500;90.95;90.95;90.94;90.94;20
USDRUBF;5;20240913;194000;90.93;90.94;90.92;90.92;223
USDRUBF;5;20240913;194500;90.91;90.93;90.88;90.93;97
USDRUBF;5;20240913;195000;90.92;90.93;90.9;90.93;3
USDRUBF;5;20240913;195500;90.91;90.93;90.91;90.93;10
USDRUBF;5;20240913;200000;90.92;90.93;90.92;90.92;36
USDRUBF;5;20240913;200500;90.93;90.96;90.93;90.95;64
USDRUBF;5;20240913;201000;90.93;90.95;90.93;90.95;6
USDRUBF;5;20240913;201500;90.95;90.95;90.93;90.93;21
USDRUBF;5;20240913;202000;90.94;90.95;90.92;90.94;42
USDRUBF;5;20240913;202500;90.93;90.96;90.93;90.93;26
USDRUBF;5;20240913;203000;90.94;90.95;90.93;90.93;36
USDRUBF;5;20240913;203500;90.92;90.93;90.92;90.93;23
USDRUBF;5;20240913;204000;90.93;90.93;90.92;90.92;22
USDRUBF;5;20240913;204500;90.92;90.92;90.91;90.91;52
USDRUBF;5;20240913;205000;90.91;90.91;90.9;90.9;52
USDRUBF;5;20240913;205500;90.92;90.92;90.91;90.91;3
USDRUBF;5;20240913;210000;90.91;90.91;90.9;90.91;24
USDRUBF;5;20240913;211000;90.91;90.91;90.91;90.91;21
USDRUBF;5;20240913;211500;90.9;90.9;90.89;90.89;32
USDRUBF;5;20240913;212000;90.9;90.9;90.87;90.88;25
USDRUBF;5;20240913;212500;90.88;90.88;90.88;90.88;1
USDRUBF;5;20240913;213000;90.89;90.89;90.88;90.88;17
USDRUBF;5;20240913;213500;90.9;90.9;90.88;90.9;18
USDRUBF;5;20240913;214000;90.88;90.9;90.88;90.9;25
USDRUBF;5;20240913;215000;90.9;90.9;90.9;90.9;6
USDRUBF;5;20240913;215500;90.89;90.89;90.88;90.88;38
USDRUBF;5;20240913;220000;90.87;90.87;90.87;90.87;46
USDRUBF;5;20240913;220500;90.87;90.88;90.87;90.88;15
USDRUBF;5;20240913;221000;90.88;90.88;90.86;90.88;138
USDRUBF;5;20240913;221500;90.88;90.88;90.86;90.86;3
USDRUBF;5;20240913;222000;90.87;90.87;90.86;90.86;20
USDRUBF;5;20240913;222500;90.87;90.88;90.85;90.85;118
USDRUBF;5;20240913;223000;90.86;90.86;90.86;90.86;10
USDRUBF;5;20240913;223500;90.86;90.86;90.85;90.86;13
USDRUBF;5;20240913;224000;90.86;90.86;90.85;90.85;11
USDRUBF;5;20240913;224500;90.85;90.85;90.83;90.83;70
USDRUBF;5;20240913;225000;90.84;90.85;90.84;90.85;10
USDRUBF;5;20240913;225500;90.84;90.84;90.84;90.84;4
USDRUBF;5;20240913;230500;90.84;90.85;90.83;90.83;15
USDRUBF;5;20240913;231000;90.84;90.84;90.84;90.84;8
USDRUBF;5;20240913;231500;90.83;90.84;90.83;90.84;4
USDRUBF;5;20240913;232000;90.85;90.88;90.85;90.88;43
USDRUBF;5;20240913;232500;90.84;90.84;90.82;90.84;61
USDRUBF;5;20240913;233000;90.83;90.83;90.82;90.83;19
USDRUBF;5;20240913;233500;90.83;90.87;90.83;90.87;29
USDRUBF;5;20240913;234000;90.88;90.88;90.83;90.88;71
USDRUBF;5;20240913;234500;90.87;90.89;90.85;90.89;107
USDRUBF;5;20240916;100000;90.98;91.03;90.93;90.97;898
USDRUBF;5;20240916;100500;90.97;90.97;90.9;90.93;653
USDRUBF;5;20240916;101000;90.94;90.94;90.79;90.83;787
USDRUBF;5;20240916;101500;90.84;91.01;90.84;91.01;374
USDRUBF;5;20240916;102000;91.01;91.07;90.99;90.99;789
USDRUBF;5;20240916;102500;90.98;91.04;90.95;91.02;562
USDRUBF;5;20240916;103000;91.02;91.23;91.02;91.17;1281
USDRUBF;5;20240916;103500;91.18;91.22;91.17;91.18;448
USDRUBF;5;20240916;104000;91.18;91.19;91.13;91.14;454
USDRUBF;5;20240916;104500;91.15;91.22;91.15;91.21;236
USDRUBF;5;20240916;105000;91.2;91.26;91.2;91.24;1011
USDRUBF;5;20240916;105500;91.21;91.27;91.21;91.22;1148
USDRUBF;5;20240916;110000;91.23;91.29;91.2;91.22;2590
USDRUBF;5;20240916;110500;91.23;91.24;91.18;91.22;1071
USDRUBF;5;20240916;111000;91.22;91.24;91.18;91.24;711
USDRUBF;5;20240916;111500;91.24;91.26;91.2;91.2;468
USDRUBF;5;20240916;112000;91.22;91.23;91.18;91.23;370
USDRUBF;5;20240916;112500;91.22;91.23;91.2;91.21;198
USDRUBF;5;20240916;113000;91.21;91.26;91.21;91.22;509
USDRUBF;5;20240916;113500;91.23;91.27;91.21;91.27;266
USDRUBF;5;20240916;114000;91.27;91.27;91.23;91.23;686
USDRUBF;5;20240916;114500;91.23;91.23;91.13;91.13;364
USDRUBF;5;20240916;115000;91.15;91.18;91.13;91.15;112
USDRUBF;5;20240916;115500;91.18;91.2;91.14;91.17;186
USDRUBF;5;20240916;120000;91.18;91.19;91.13;91.13;217
USDRUBF;5;20240916;120500;91.13;91.14;91.1;91.13;163
USDRUBF;5;20240916;121000;91.13;91.19;91.13;91.17;192
USDRUBF;5;20240916;121500;91.15;91.2;91.12;91.2;397
USDRUBF;5;20240916;122000;91.18;91.25;91.18;91.25;408
USDRUBF;5;20240916;122500;91.25;91.25;91.22;91.23;39
USDRUBF;5;20240916;123000;91.24;91.28;91.24;91.26;78
USDRUBF;5;20240916;123500;91.26;91.26;91.22;91.25;94
USDRUBF;5;20240916;124000;91.22;91.25;91.22;91.25;39
USDRUBF;5;20240916;124500;91.25;91.27;91.23;91.25;307
USDRUBF;5;20240916;125000;91.23;91.26;91.23;91.25;166
USDRUBF;5;20240916;125500;91.26;91.27;91.25;91.26;72
USDRUBF;5;20240916;130000;91.27;91.31;91.27;91.31;584
USDRUBF;5;20240916;130500;91.29;91.3;91.29;91.29;52
USDRUBF;5;20240916;131000;91.28;91.29;91.26;91.26;117
USDRUBF;5;20240916;131500;91.26;91.29;91.25;91.29;88
USDRUBF;5;20240916;132000;91.29;91.35;91.29;91.31;384
USDRUBF;5;20240916;132500;91.31;91.34;91.3;91.33;1255
USDRUBF;5;20240916;133000;91.34;91.35;91.33;91.33;726
USDRUBF;5;20240916;133500;91.33;91.34;91.3;91.32;589
USDRUBF;5;20240916;134000;91.32;91.35;91.31;91.33;245
USDRUBF;5;20240916;134500;91.33;91.34;91.33;91.34;557
USDRUBF;5;20240916;135000;91.33;91.34;91.33;91.33;263
USDRUBF;5;20240916;135500;91.33;91.34;91.28;91.29;1563
USDRUBF;5;20240916;140500;91.28;91.29;91.15;91.26;366
USDRUBF;5;20240916;141000;91.27;91.31;91.27;91.31;386
USDRUBF;5;20240916;141500;91.31;91.35;91.31;91.34;265
USDRUBF;5;20240916;142000;91.33;91.35;91.33;91.33;103
USDRUBF;5;20240916;142500;91.31;91.32;91.3;91.32;173
USDRUBF;5;20240916;143000;91.32;91.32;91.3;91.31;357
USDRUBF;5;20240916;143500;91.3;91.32;91.3;91.32;9
USDRUBF;5;20240916;144000;91.3;91.32;91.3;91.32;20
USDRUBF;5;20240916;144500;91.32;91.32;91.28;91.28;625
USDRUBF;5;20240916;145000;91.27;91.28;91.21;91.23;541
USDRUBF;5;20240916;145500;91.23;91.23;91.12;91.17;3653
USDRUBF;5;20240916;150000;91.18;91.19;91.15;91.18;1130
USDRUBF;5;20240916;150500;91.18;91.19;91.13;91.18;817
USDRUBF;5;20240916;151000;91.18;91.18;91.14;91.17;180
USDRUBF;5;20240916;151500;91.16;91.17;91.12;91.17;195
USDRUBF;5;20240916;152000;91.17;91.22;91.17;91.21;134
USDRUBF;5;20240916;152500;91.21;91.21;91.18;91.19;133
USDRUBF;5;20240916;153000;91.2;91.2;91.2;91.2;55
USDRUBF;5;20240916;153500;91.22;91.22;91.19;91.2;33
USDRUBF;5;20240916;154000;91.23;91.23;91.2;91.2;85
USDRUBF;5;20240916;154500;91.23;91.23;91.18;91.18;123
USDRUBF;5;20240916;155000;91.17;91.22;91.17;91.21;24
USDRUBF;5;20240916;155500;91.21;91.25;91.21;91.25;93
USDRUBF;5;20240916;160000;91.25;91.26;91.23;91.23;225
USDRUBF;5;20240916;160500;91.23;91.27;91.23;91.26;124
USDRUBF;5;20240916;161000;91.24;91.31;91.23;91.3;355
USDRUBF;5;20240916;161500;91.3;91.31;91.27;91.31;366
USDRUBF;5;20240916;162000;91.31;91.32;91.3;91.32;168
USDRUBF;5;20240916;162500;91.31;91.34;91.31;91.34;355
USDRUBF;5;20240916;163000;91.34;91.34;91.3;91.3;81
USDRUBF;5;20240916;163500;91.29;91.33;91.29;91.29;62
USDRUBF;5;20240916;164000;91.32;91.33;91.3;91.33;66
USDRUBF;5;20240916;164500;91.33;91.41;91.33;91.39;606
USDRUBF;5;20240916;165000;91.38;91.41;91.38;91.4;769
USDRUBF;5;20240916;165500;91.39;91.43;91.39;91.41;1136
USDRUBF;5;20240916;170000;91.42;91.5;91.41;91.47;1857
USDRUBF;5;20240916;170500;91.48;91.5;91.46;91.47;1134
USDRUBF;5;20240916;171000;91.47;91.5;91.4;91.47;807
USDRUBF;5;20240916;171500;91.49;91.54;91.42;91.43;1901
USDRUBF;5;20240916;172000;91.45;91.6;91.45;91.45;1561
USDRUBF;5;20240916;172500;91.45;91.48;91.42;91.42;314
USDRUBF;5;20240916;173000;91.42;91.42;91.31;91.33;540
USDRUBF;5;20240916;173500;91.32;91.35;91.31;91.35;598
USDRUBF;5;20240916;174000;91.35;91.35;91.35;91.35;142
USDRUBF;5;20240916;174500;91.35;91.37;91.35;91.36;161
USDRUBF;5;20240916;175000;91.35;91.35;91.31;91.32;915
USDRUBF;5;20240916;175500;91.32;91.32;91.29;91.31;613
USDRUBF;5;20240916;180000;91.3;91.32;91.28;91.31;28
USDRUBF;5;20240916;180500;91.3;91.34;91.3;91.31;184
USDRUBF;5;20240916;181000;91.29;91.31;91.25;91.28;289
USDRUBF;5;20240916;181500;91.27;91.33;91.27;91.3;353
USDRUBF;5;20240916;182000;91.31;91.32;91.27;91.31;259
USDRUBF;5;20240916;182500;91.3;91.35;91.25;91.33;169
USDRUBF;5;20240916;183000;91.33;91.34;91.31;91.34;387
USDRUBF;5;20240916;183500;91.34;91.34;91.33;91.34;87
USDRUBF;5;20240916;184000;91.32;91.34;91.28;91.31;153
USDRUBF;5;20240916;184500;91.32;91.34;91.31;91.34;154
USDRUBF;5;20240916;190500;91.31;91.36;91.25;91.33;213
USDRUBF;5;20240916;191000;91.33;91.37;91.29;91.33;448
USDRUBF;5;20240916;191500;91.31;91.33;91.29;91.33;22
USDRUBF;5;20240916;192000;91.36;91.4;91.36;91.4;169
USDRUBF;5;20240916;192500;91.39;91.45;91.39;91.43;184
USDRUBF;5;20240916;193000;91.44;91.49;91.43;91.44;194
USDRUBF;5;20240916;193500;91.44;91.49;91.44;91.48;28
USDRUBF;5;20240916;194000;91.49;91.49;91.48;91.48;12
USDRUBF;5;20240916;194500;91.45;91.45;91.44;91.44;4
USDRUBF;5;20240916;195000;91.46;91.47;91.44;91.47;50
USDRUBF;5;20240916;195500;91.43;91.46;91.43;91.44;10
USDRUBF;5;20240916;200000;91.43;91.47;91.43;91.43;65
USDRUBF;5;20240916;200500;91.46;91.48;91.46;91.48;30
USDRUBF;5;20240916;201000;91.46;91.48;91.45;91.47;29
USDRUBF;5;20240916;201500;91.47;91.47;91.47;91.47;6
USDRUBF;5;20240916;202000;91.45;91.45;91.44;91.45;11
USDRUBF;5;20240916;202500;91.46;91.46;91.44;91.44;17
USDRUBF;5;20240916;203000;91.44;91.46;91.44;91.45;186
USDRUBF;5;20240916;203500;91.46;91.46;91.44;91.46;41
USDRUBF;5;20240916;204000;91.46;91.46;91.45;91.45;13
USDRUBF;5;20240916;205000;91.45;91.46;91.45;91.46;23
USDRUBF;5;20240916;205500;91.46;91.46;91.46;91.46;10
USDRUBF;5;20240916;210000;91.46;91.46;91.45;91.46;62
USDRUBF;5;20240916;210500;91.46;91.48;91.46;91.46;31
USDRUBF;5;20240916;211000;91.46;91.46;91.46;91.46;1
USDRUBF;5;20240916;211500;91.45;91.48;91.45;91.47;6
USDRUBF;5;20240916;212000;91.48;91.5;91.47;91.49;78
USDRUBF;5;20240916;212500;91.49;91.49;91.49;91.49;2
USDRUBF;5;20240916;213000;91.49;91.5;91.49;91.5;21
USDRUBF;5;20240916;214000;91.49;91.49;91.48;91.48;146
USDRUBF;5;20240916;214500;91.49;91.5;91.49;91.49;17
USDRUBF;5;20240916;215000;91.5;91.54;91.49;91.5;146
USDRUBF;5;20240916;215500;91.51;91.54;91.51;91.54;5
USDRUBF;5;20240916;220500;91.5;91.52;91.5;91.52;4
USDRUBF;5;20240916;221000;91.52;91.52;91.47;91.47;51
USDRUBF;5;20240916;221500;91.46;91.47;91.46;91.47;6
USDRUBF;5;20240916;222500;91.46;91.46;91.46;91.46;2
USDRUBF;5;20240916;223000;91.46;91.48;91.44;91.44;271
USDRUBF;5;20240916;223500;91.43;91.43;91.35;91.36;221
USDRUBF;5;20240916;224000;91.35;91.36;91.33;91.33;173
USDRUBF;5;20240916;224500;91.33;91.33;91.31;91.31;280
USDRUBF;5;20240916;225000;91.31;91.31;91.27;91.27;160
USDRUBF;5;20240916;225500;91.3;91.3;91.25;91.27;101
USDRUBF;5;20240916;230000;91.28;91.32;91.28;91.32;79
USDRUBF;5;20240916;230500;91.32;91.32;91.31;91.32;62
USDRUBF;5;20240916;231000;91.32;91.32;91.32;91.32;14
USDRUBF;5;20240916;231500;91.36;91.36;91.36;91.36;2
USDRUBF;5;20240916;232000;91.38;91.38;91.38;91.38;10
USDRUBF;5;20240916;232500;91.36;91.38;91.36;91.38;24
USDRUBF;5;20240916;233000;91.38;91.38;91.36;91.36;2
USDRUBF;5;20240916;233500;91.37;91.37;91.37;91.37;1
USDRUBF;5;20240916;234000;91.36;91.36;91.33;91.33;36
USDRUBF;5;20240916;234500;91.3;91.3;91.29;91.3;19
USDRUBF;5;20240917;100000;91.36;91.53;91.35;91.42;1107
USDRUBF;5;20240917;100500;91.44;91.45;91.27;91.28;212
USDRUBF;5;20240917;101000;91.27;91.37;91.25;91.31;234
USDRUBF;5;20240917;101500;91.32;91.37;91.31;91.35;415
USDRUBF;5;20240917;102000;91.35;91.42;91.35;91.38;233
USDRUBF;5;20240917;102500;91.38;91.41;91.31;91.37;169
USDRUBF;5;20240917;103000;91.34;91.36;91.31;91.34;634
USDRUBF;5;20240917;103500;91.34;91.34;91.3;91.3;248
USDRUBF;5;20240917;104000;91.34;91.36;91.33;91.34;303
USDRUBF;5;20240917;104500;91.34;91.35;91.33;91.33;252
USDRUBF;5;20240917;105000;91.3;91.3;91.17;91.21;817
USDRUBF;5;20240917;105500;91.2;91.2;91.12;91.17;1582
USDRUBF;5;20240917;110000;91.16;91.31;91.13;91.26;1750
USDRUBF;5;20240917;110500;91.26;91.35;91.25;91.3;1327
USDRUBF;5;20240917;111000;91.3;91.31;91.26;91.26;1333
USDRUBF;5;20240917;111500;91.28;91.28;91.17;91.19;714
USDRUBF;5;20240917;112000;91.19;91.28;91.18;91.2;2085
USDRUBF;5;20240917;112500;91.18;91.19;91.12;91.12;897
USDRUBF;5;20240917;113000;91.14;91.15;91.07;91.1;2118
USDRUBF;5;20240917;113500;91.09;91.09;91.01;91.07;1371
USDRUBF;5;20240917;114000;91.05;91.1;91.03;91.07;898
USDRUBF;5;20240917;114500;91.07;91.09;91.06;91.07;627
USDRUBF;5;20240917;115000;91.07;91.08;91.03;91.06;1072
USDRUBF;5;20240917;115500;91.06;91.08;91.03;91.08;282
USDRUBF;5;20240917;120000;91.09;91.12;91.08;91.08;706
USDRUBF;5;20240917;120500;91.1;91.16;91.07;91.15;830
USDRUBF;5;20240917;121000;91.15;91.26;91.15;91.26;767
USDRUBF;5;20240917;121500;91.25;91.25;91.21;91.24;865
USDRUBF;5;20240917;122000;91.24;91.24;91.18;91.24;909
USDRUBF;5;20240917;122500;91.21;91.22;91.17;91.22;894
USDRUBF;5;20240917;123000;91.22;91.25;91.22;91.24;730
USDRUBF;5;20240917;123500;91.25;91.31;91.25;91.31;342
USDRUBF;5;20240917;124000;91.3;91.37;91.3;91.35;593
USDRUBF;5;20240917;124500;91.35;91.43;91.35;91.4;465
USDRUBF;5;20240917;125000;91.38;91.41;91.38;91.38;118
USDRUBF;5;20240917;125500;91.38;91.38;91.3;91.34;1632
USDRUBF;5;20240917;130000;91.36;91.36;91.29;91.3;153
USDRUBF;5;20240917;130500;91.3;91.31;91.14;91.14;304
USDRUBF;5;20240917;131000;91.11;91.15;91.1;91.1;222
USDRUBF;5;20240917;131500;91.08;91.08;91;91;510
USDRUBF;5;20240917;132000;91;91.03;90.95;91.01;1197
USDRUBF;5;20240917;132500;91;91.02;90.93;90.97;1187
USDRUBF;5;20240917;133000;90.94;91.02;90.92;90.99;1542
USDRUBF;5;20240917;133500;90.99;91.18;90.99;91.15;2510
USDRUBF;5;20240917;134000;91.13;91.2;91.12;91.16;2002
USDRUBF;5;20240917;134500;91.15;91.21;91.07;91.1;1510
USDRUBF;5;20240917;135000;91.08;91.23;91.07;91.18;1098
USDRUBF;5;20240917;135500;91.17;91.23;91.13;91.13;1155
USDRUBF;5;20240917;140500;91.13;91.2;91.08;91.18;1623
USDRUBF;5;20240917;141000;91.17;91.22;90.97;91.04;5239
USDRUBF;5;20240917;141500;90.99;91.11;90.82;90.95;7475
USDRUBF;5;20240917;142000;90.95;91.04;90.79;91;4825
USDRUBF;5;20240917;142500;91;91.06;90.98;91.05;858
USDRUBF;5;20240917;143000;91.04;91.12;91.01;91.05;900
USDRUBF;5;20240917;143500;91.05;91.08;91;91;680
USDRUBF;5;20240917;144000;91;91.04;90.92;91;1541
USDRUBF;5;20240917;144500;90.98;91.1;90.98;91.1;604
USDRUBF;5;20240917;145000;91.07;91.1;91.02;91.03;667
USDRUBF;5;20240917;145500;91.05;91.2;91.03;91.2;723
USDRUBF;5;20240917;150000;91.2;91.26;91.17;91.18;1507
USDRUBF;5;20240917;150500;91.23;91.26;91.22;91.25;312
USDRUBF;5;20240917;151000;91.24;91.27;91.2;91.26;502
USDRUBF;5;20240917;151500;91.26;91.28;91.23;91.25;167
USDRUBF;5;20240917;152000;91.23;91.32;91.23;91.3;733
USDRUBF;5;20240917;152500;91.3;91.33;91.19;91.2;820
USDRUBF;5;20240917;153000;91.18;91.23;91.1;91.14;253
USDRUBF;5;20240917;153500;91.14;91.22;91.11;91.22;398
USDRUBF;5;20240917;154000;91.21;91.23;91.15;91.17;686
USDRUBF;5;20240917;154500;91.17;91.2;91.17;91.2;112
USDRUBF;5;20240917;155000;91.18;91.18;91.14;91.14;29
USDRUBF;5;20240917;155500;91.15;91.15;90.96;91.04;4081
USDRUBF;5;20240917;160000;91.04;91.13;91.03;91.12;468
USDRUBF;5;20240917;160500;91.11;91.17;91.1;91.1;498
USDRUBF;5;20240917;161000;91.11;91.18;91.07;91.17;651
USDRUBF;5;20240917;161500;91.16;91.3;91.15;91.27;746
USDRUBF;5;20240917;162000;91.29;91.3;91.2;91.27;913
USDRUBF;5;20240917;162500;91.25;91.36;91.25;91.35;881
USDRUBF;5;20240917;163000;91.35;91.37;91.28;91.28;551
USDRUBF;5;20240917;163500;91.3;91.3;91.24;91.26;688
USDRUBF;5;20240917;164000;91.29;91.31;91.25;91.25;511
USDRUBF;5;20240917;164500;91.25;91.29;91.11;91.13;665
USDRUBF;5;20240917;165000;91.14;91.25;91.14;91.23;628
USDRUBF;5;20240917;165500;91.22;91.27;91.22;91.23;543
USDRUBF;5;20240917;170000;91.24;91.27;91.21;91.25;409
USDRUBF;5;20240917;170500;91.24;91.26;91.13;91.15;382
USDRUBF;5;20240917;171000;91.15;91.21;91.13;91.18;591
USDRUBF;5;20240917;171500;91.19;91.22;91.16;91.17;394
USDRUBF;5;20240917;172000;91.16;91.22;91.15;91.21;497
USDRUBF;5;20240917;172500;91.22;91.29;91.16;91.29;377
USDRUBF;5;20240917;173000;91.28;91.42;91.26;91.4;1369
USDRUBF;5;20240917;173500;91.38;91.42;91.36;91.39;443
USDRUBF;5;20240917;174000;91.38;91.39;91.37;91.38;430
USDRUBF;5;20240917;174500;91.38;91.47;91.38;91.44;653
USDRUBF;5;20240917;175000;91.47;91.48;91.41;91.44;629
USDRUBF;5;20240917;175500;91.44;91.47;91.4;91.44;432
USDRUBF;5;20240917;180000;91.43;91.53;91.41;91.49;1842
USDRUBF;5;20240917;180500;91.49;91.51;91.48;91.49;1425
USDRUBF;5;20240917;181000;91.48;91.55;91.47;91.47;853
USDRUBF;5;20240917;181500;91.49;91.51;91.44;91.51;742
USDRUBF;5;20240917;182000;91.51;91.51;91.47;91.5;335
USDRUBF;5;20240917;182500;91.51;91.54;91.51;91.53;143
USDRUBF;5;20240917;183000;91.53;91.55;91.49;91.5;548
USDRUBF;5;20240917;183500;91.52;91.54;91.48;91.49;312
USDRUBF;5;20240917;184000;91.48;91.49;91.45;91.48;301
USDRUBF;5;20240917;184500;91.49;91.49;91.37;91.38;1054
USDRUBF;5;20240917;190500;91.41;91.42;91.27;91.29;812
USDRUBF;5;20240917;191000;91.29;91.29;91.24;91.24;257
USDRUBF;5;20240917;191500;91.25;91.25;91.17;91.21;434
USDRUBF;5;20240917;192000;91.21;91.24;91.16;91.16;482
USDRUBF;5;20240917;192500;91.17;91.24;91.17;91.24;100
USDRUBF;5;20240917;193000;91.24;91.25;91.24;91.24;18
USDRUBF;5;20240917;193500;91.24;91.25;91.21;91.21;152
USDRUBF;5;20240917;194000;91.21;91.23;91.18;91.19;235
USDRUBF;5;20240917;194500;91.18;91.19;91.18;91.19;61
USDRUBF;5;20240917;195000;91.19;91.28;91.19;91.28;205
USDRUBF;5;20240917;195500;91.29;91.29;91.27;91.28;20
USDRUBF;5;20240917;200000;91.28;91.29;91.27;91.28;14
USDRUBF;5;20240917;200500;91.28;91.29;91.28;91.28;3
USDRUBF;5;20240917;201000;91.28;91.3;91.28;91.3;7
USDRUBF;5;20240917;201500;91.28;91.28;91.27;91.27;9
USDRUBF;5;20240917;202000;91.28;91.28;91.27;91.27;13
USDRUBF;5;20240917;202500;91.27;91.27;91.26;91.26;2
USDRUBF;5;20240917;203000;91.27;91.27;91.26;91.26;3
USDRUBF;5;20240917;203500;91.27;91.28;91.25;91.25;25
USDRUBF;5;20240917;204000;91.26;91.26;91.25;91.25;15
USDRUBF;5;20240917;204500;91.25;91.25;91.25;91.25;57
USDRUBF;5;20240917;205000;91.26;91.29;91.26;91.29;15
USDRUBF;5;20240917;205500;91.29;91.29;91.29;91.29;1
USDRUBF;5;20240917;210000;91.3;91.3;91.27;91.27;15
USDRUBF;5;20240917;210500;91.27;91.27;91.26;91.26;16
USDRUBF;5;20240917;211000;91.27;91.28;91.27;91.28;4
USDRUBF;5;20240917;211500;91.26;91.26;91.26;91.26;1
USDRUBF;5;20240917;212000;91.26;91.26;91.26;91.26;6
USDRUBF;5;20240917;212500;91.28;91.3;91.28;91.29;31
USDRUBF;5;20240917;213500;91.29;91.3;91.28;91.29;45
USDRUBF;5;20240917;214000;91.3;91.3;91.3;91.3;72
USDRUBF;5;20240917;214500;91.31;91.32;91.31;91.31;45
USDRUBF;5;20240917;215000;91.31;91.34;91.31;91.32;56
USDRUBF;5;20240917;215500;91.33;91.33;91.33;91.33;1
USDRUBF;5;20240917;220500;91.33;91.34;91.32;91.34;12
USDRUBF;5;20240917;221000;91.34;91.34;91.34;91.34;1
USDRUBF;5;20240917;221500;91.35;91.35;91.34;91.35;3
USDRUBF;5;20240917;222000;91.34;91.34;91.34;91.34;3
USDRUBF;5;20240917;222500;91.34;91.34;91.34;91.34;1
USDRUBF;5;20240917;223000;91.35;91.35;91.34;91.35;21
USDRUBF;5;20240917;223500;91.34;91.34;91.34;91.34;1
USDRUBF;5;20240917;224000;91.34;91.34;91.34;91.34;1
USDRUBF;5;20240917;224500;91.34;91.37;91.34;91.37;35
USDRUBF;5;20240917;225000;91.37;91.37;91.35;91.35;25
USDRUBF;5;20240917;225500;91.35;91.36;91.35;91.36;16
USDRUBF;5;20240917;230000;91.37;91.38;91.37;91.38;28
USDRUBF;5;20240917;230500;91.37;91.37;91.35;91.35;103
USDRUBF;5;20240917;231000;91.36;91.36;91.36;91.36;1
USDRUBF;5;20240917;231500;91.35;91.37;91.35;91.37;6
USDRUBF;5;20240917;232000;91.38;91.38;91.38;91.38;11
USDRUBF;5;20240917;232500;91.39;91.41;91.39;91.41;101
USDRUBF;5;20240917;233000;91.39;91.4;91.39;91.39;25
USDRUBF;5;20240917;233500;91.39;91.41;91.39;91.41;18
USDRUBF;5;20240917;234000;91.4;91.4;91.36;91.36;212
USDRUBF;5;20240917;234500;91.34;91.34;91.3;91.3;91
USDRUBF;5;20240918;100000;91.38;91.38;91.31;91.34;394
USDRUBF;5;20240918;100500;91.35;91.4;91.34;91.36;732
USDRUBF;5;20240918;101000;91.36;91.41;91.2;91.2;1078
USDRUBF;5;20240918;101500;91.22;91.27;91.19;91.26;645
USDRUBF;5;20240918;102000;91.25;91.28;91.2;91.23;552
USDRUBF;5;20240918;102500;91.22;91.22;91.19;91.22;608
USDRUBF;5;20240918;103000;91.21;91.36;91.2;91.33;659
USDRUBF;5;20240918;103500;91.35;91.4;91.33;91.33;663
USDRUBF;5;20240918;104000;91.32;91.44;91.32;91.4;1086
USDRUBF;5;20240918;104500;91.4;91.49;91.4;91.48;512
USDRUBF;5;20240918;105000;91.48;91.51;91.48;91.51;1085
USDRUBF;5;20240918;105500;91.5;91.67;91.5;91.66;1762
USDRUBF;5;20240918;110000;91.66;91.69;91.6;91.6;688
USDRUBF;5;20240918;110500;91.6;91.66;91.54;91.55;1183
USDRUBF;5;20240918;111000;91.54;91.59;91.54;91.59;122
USDRUBF;5;20240918;111500;91.6;91.62;91.56;91.56;220
USDRUBF;5;20240918;112000;91.58;91.61;91.54;91.54;403
USDRUBF;5;20240918;112500;91.55;91.58;91.54;91.55;704
USDRUBF;5;20240918;113000;91.55;91.56;91.49;91.5;535
USDRUBF;5;20240918;113500;91.51;91.51;91.47;91.51;250
USDRUBF;5;20240918;114000;91.51;91.58;91.5;91.58;386
USDRUBF;5;20240918;114500;91.59;91.6;91.5;91.53;373
USDRUBF;5;20240918;115000;91.53;91.53;91.44;91.47;534
USDRUBF;5;20240918;115500;91.43;91.46;91.42;91.45;38
USDRUBF;5;20240918;120000;91.46;91.49;91.46;91.49;137
USDRUBF;5;20240918;120500;91.48;91.5;91.46;91.46;176
USDRUBF;5;20240918;121000;91.46;91.47;91.44;91.44;172
USDRUBF;5;20240918;121500;91.43;91.43;91.39;91.39;390
USDRUBF;5;20240918;122000;91.38;91.4;91.37;91.4;588
USDRUBF;5;20240918;122500;91.41;91.42;91.37;91.41;611
USDRUBF;5;20240918;123000;91.41;91.44;91.39;91.39;265
USDRUBF;5;20240918;123500;91.38;91.42;91.38;91.42;80
USDRUBF;5;20240918;124000;91.42;91.42;91.38;91.41;391
USDRUBF;5;20240918;124500;91.41;91.42;91.28;91.3;740
USDRUBF;5;20240918;125000;91.3;91.33;91.28;91.29;662
USDRUBF;5;20240918;125500;91.3;91.45;91.28;91.45;551
USDRUBF;5;20240918;130000;91.46;91.46;91.41;91.43;411
USDRUBF;5;20240918;130500;91.45;91.48;91.42;91.48;382
USDRUBF;5;20240918;131000;91.45;91.45;91.44;91.44;38
USDRUBF;5;20240918;131500;91.44;91.49;91.44;91.48;177
USDRUBF;5;20240918;132000;91.49;91.54;91.49;91.53;207
USDRUBF;5;20240918;132500;91.54;91.54;91.4;91.44;397
USDRUBF;5;20240918;133000;91.43;91.45;91.42;91.45;904
USDRUBF;5;20240918;133500;91.45;91.45;91.41;91.41;1120
USDRUBF;5;20240918;134000;91.43;91.44;91.38;91.4;529
USDRUBF;5;20240918;134500;91.4;91.4;91.39;91.39;1147
USDRUBF;5;20240918;135000;91.39;91.45;91.39;91.43;2302
USDRUBF;5;20240918;135500;91.43;91.47;91.39;91.39;689
USDRUBF;5;20240918;140500;91.42;91.42;91.39;91.42;273
USDRUBF;5;20240918;141000;91.4;91.43;91.4;91.42;146
USDRUBF;5;20240918;141500;91.42;91.49;91.42;91.49;456
USDRUBF;5;20240918;142000;91.49;91.49;91.42;91.43;104
USDRUBF;5;20240918;142500;91.43;91.44;91.42;91.42;72
USDRUBF;5;20240918;143000;91.42;91.42;91.41;91.41;137
USDRUBF;5;20240918;143500;91.43;91.45;91.42;91.42;252
USDRUBF;5;20240918;144000;91.44;91.45;91.37;91.41;1472
USDRUBF;5;20240918;144500;91.4;91.4;91.37;91.37;260
USDRUBF;5;20240918;145000;91.37;91.44;91.37;91.44;51
USDRUBF;5;20240918;145500;91.42;91.46;91.42;91.43;59
USDRUBF;5;20240918;150000;91.44;91.45;91.4;91.44;178
USDRUBF;5;20240918;150500;91.46;91.55;91.46;91.53;490
USDRUBF;5;20240918;151000;91.5;91.52;91.5;91.51;92
USDRUBF;5;20240918;151500;91.5;91.54;91.49;91.49;195
USDRUBF;5;20240918;152000;91.5;91.55;91.49;91.55;211
USDRUBF;5;20240918;152500;91.55;91.58;91.54;91.54;556
USDRUBF;5;20240918;153000;91.53;91.56;91.44;91.44;179
USDRUBF;5;20240918;153500;91.46;91.5;91.45;91.49;63
USDRUBF;5;20240918;154000;91.48;91.48;91.34;91.34;359
USDRUBF;5;20240918;154500;91.35;91.39;91.31;91.39;289
USDRUBF;5;20240918;155000;91.39;91.49;91.39;91.46;254
USDRUBF;5;20240918;155500;91.46;91.48;91.42;91.48;156
USDRUBF;5;20240918;160000;91.44;91.47;91.39;91.4;713
USDRUBF;5;20240918;160500;91.39;91.41;91.37;91.39;751
USDRUBF;5;20240918;161000;91.39;91.5;91.39;91.46;533
USDRUBF;5;20240918;161500;91.46;91.52;91.44;91.52;424
USDRUBF;5;20240918;162000;91.53;91.62;91.5;91.61;368
USDRUBF;5;20240918;162500;91.61;91.62;91.53;91.59;354
USDRUBF;5;20240918;163000;91.58;91.61;91.48;91.57;396
USDRUBF;5;20240918;163500;91.55;91.62;91.55;91.61;84
USDRUBF;5;20240918;164000;91.62;91.69;91.61;91.69;948
USDRUBF;5;20240918;164500;91.68;91.71;91.59;91.64;797
USDRUBF;5;20240918;165000;91.6;91.68;91.57;91.68;392
USDRUBF;5;20240918;165500;91.67;91.71;91.53;91.55;416
USDRUBF;5;20240918;170000;91.55;91.57;91.49;91.52;322
USDRUBF;5;20240918;170500;91.52;91.63;91.52;91.63;351
USDRUBF;5;20240918;171000;91.63;91.64;91.59;91.6;102
USDRUBF;5;20240918;171500;91.57;91.61;91.56;91.57;204
USDRUBF;5;20240918;172000;91.57;91.65;91.57;91.64;143
USDRUBF;5;20240918;172500;91.66;91.72;91.64;91.71;237
USDRUBF;5;20240918;173000;91.69;91.72;91.67;91.69;209
USDRUBF;5;20240918;173500;91.68;91.76;91.66;91.7;1882
USDRUBF;5;20240918;174000;91.7;91.83;91.67;91.82;1807
USDRUBF;5;20240918;174500;91.82;91.93;91.77;91.86;2356
USDRUBF;5;20240918;175000;91.87;91.9;91.84;91.84;1053
USDRUBF;5;20240918;175500;91.84;91.96;91.83;91.92;2398
USDRUBF;5;20240918;180000;91.92;91.94;91.81;91.84;1235
USDRUBF;5;20240918;180500;91.87;91.92;91.87;91.9;793
USDRUBF;5;20240918;181000;91.9;91.9;91.85;91.88;711
USDRUBF;5;20240918;181500;91.87;91.88;91.83;91.86;228
USDRUBF;5;20240918;182000;91.86;91.89;91.86;91.87;417
USDRUBF;5;20240918;182500;91.87;91.88;91.85;91.85;554
USDRUBF;5;20240918;183000;91.85;91.86;91.82;91.86;198
USDRUBF;5;20240918;183500;91.83;91.87;91.8;91.86;337
USDRUBF;5;20240918;184000;91.85;91.86;91.85;91.86;68
USDRUBF;5;20240918;184500;91.86;91.91;91.86;91.91;366
USDRUBF;5;20240918;190500;91.8;91.85;91.77;91.8;137
USDRUBF;5;20240918;191000;91.81;91.83;91.78;91.79;65
USDRUBF;5;20240918;191500;91.79;91.81;91.78;91.8;39
USDRUBF;5;20240918;192000;91.79;91.79;91.78;91.79;73
USDRUBF;5;20240918;192500;91.78;91.79;91.77;91.78;119
USDRUBF;5;20240918;193000;91.77;91.77;91.75;91.75;146
USDRUBF;5;20240918;193500;91.75;91.77;91.74;91.77;194
USDRUBF;5;20240918;194000;91.77;91.78;91.75;91.78;82
USDRUBF;5;20240918;194500;91.77;91.79;91.75;91.79;122
USDRUBF;5;20240918;195000;91.77;91.81;91.77;91.8;26
USDRUBF;5;20240918;195500;91.8;91.8;91.77;91.8;95
USDRUBF;5;20240918;200000;91.79;91.8;91.78;91.78;35
USDRUBF;5;20240918;200500;91.8;91.8;91.8;91.8;2
USDRUBF;5;20240918;201000;91.8;91.81;91.77;91.81;70
USDRUBF;5;20240918;202000;91.81;91.81;91.81;91.81;5
USDRUBF;5;20240918;202500;91.8;91.81;91.8;91.8;12
USDRUBF;5;20240918;203000;91.79;91.79;91.78;91.78;17
USDRUBF;5;20240918;203500;91.77;91.79;91.76;91.79;19
USDRUBF;5;20240918;204000;91.79;91.87;91.79;91.83;278
USDRUBF;5;20240918;204500;91.83;91.85;91.82;91.85;8
USDRUBF;5;20240918;205000;91.85;91.87;91.85;91.87;261
USDRUBF;5;20240918;205500;91.86;91.94;91.81;91.81;699
USDRUBF;5;20240918;210000;91.87;91.87;91.76;91.81;128
USDRUBF;5;20240918;210500;91.81;91.83;91.77;91.83;154
USDRUBF;5;20240918;211000;91.83;91.86;91.8;91.86;106
USDRUBF;5;20240918;211500;91.85;91.85;91.77;91.77;132
USDRUBF;5;20240918;212000;91.8;91.84;91.77;91.78;111
USDRUBF;5;20240918;212500;91.78;91.89;91.78;91.84;94
USDRUBF;5;20240918;213000;91.86;91.87;91.79;91.8;137
USDRUBF;5;20240918;213500;91.83;91.83;91.77;91.81;53
USDRUBF;5;20240918;214000;91.78;91.82;91.78;91.82;16
USDRUBF;5;20240918;214500;91.82;91.82;91.8;91.82;6
USDRUBF;5;20240918;215000;91.79;91.82;91.78;91.82;53
USDRUBF;5;20240918;215500;91.82;91.82;91.8;91.81;25
USDRUBF;5;20240918;220000;91.79;91.87;91.79;91.87;173
USDRUBF;5;20240918;220500;91.88;91.91;91.88;91.9;132
USDRUBF;5;20240918;221000;91.89;91.91;91.87;91.87;84
USDRUBF;5;20240918;221500;91.86;91.87;91.84;91.86;12
USDRUBF;5;20240918;222000;91.88;91.93;91.87;91.92;80
USDRUBF;5;20240918;222500;91.92;91.92;91.9;91.92;18
USDRUBF;5;20240918;223000;91.9;91.92;91.89;91.9;20
USDRUBF;5;20240918;223500;91.88;91.92;91.87;91.87;124
USDRUBF;5;20240918;224000;91.9;91.93;91.89;91.9;77
USDRUBF;5;20240918;224500;91.89;91.89;91.86;91.86;17
USDRUBF;5;20240918;225000;91.89;91.9;91.86;91.9;302
USDRUBF;5;20240918;225500;91.9;91.92;91.88;91.9;255
USDRUBF;5;20240918;230000;91.92;91.94;91.9;91.9;105
USDRUBF;5;20240918;230500;91.9;91.92;91.9;91.9;202
USDRUBF;5;20240918;231000;91.9;91.92;91.89;91.9;380
USDRUBF;5;20240918;231500;91.9;91.91;91.88;91.89;211
USDRUBF;5;20240918;232000;91.91;91.91;91.89;91.89;10
USDRUBF;5;20240918;232500;91.88;91.92;91.88;91.89;34
USDRUBF;5;20240918;233000;91.91;91.94;91.9;91.9;402
USDRUBF;5;20240918;233500;91.93;91.94;91.9;91.94;167
USDRUBF;5;20240918;234000;91.94;91.95;91.91;91.92;58
USDRUBF;5;20240918;234500;91.91;91.97;91.91;91.97;1181
USDRUBF;5;20240919;100000;91.87;92.09;91.87;92.04;1687
USDRUBF;5;20240919;100500;92.04;92.05;91.95;92.03;648
USDRUBF;5;20240919;101000;92.02;92.18;92;92.14;1040
USDRUBF;5;20240919;101500;92.12;92.19;92.1;92.1;1756
USDRUBF;5;20240919;102000;92.1;92.23;92.09;92.23;1032
USDRUBF;5;20240919;102500;92.22;92.36;92.22;92.3;711
USDRUBF;5;20240919;103000;92.31;92.43;92.3;92.41;1293
USDRUBF;5;20240919;103500;92.4;92.57;92.4;92.51;1660
USDRUBF;5;20240919;104000;92.51;92.62;92.5;92.61;2410
USDRUBF;5;20240919;104500;92.61;92.62;92.46;92.51;1865
USDRUBF;5;20240919;105000;92.49;92.5;92.43;92.47;322
USDRUBF;5;20240919;105500;92.46;92.47;92.29;92.33;1204
USDRUBF;5;20240919;110000;92.32;92.48;92.31;92.45;1350
USDRUBF;5;20240919;110500;92.44;92.49;92.38;92.45;1145
USDRUBF;5;20240919;111000;92.43;92.49;92.38;92.46;1164
USDRUBF;5;20240919;111500;92.45;92.5;92.44;92.5;3020
USDRUBF;5;20240919;112000;92.5;92.5;92.45;92.5;840
USDRUBF;5;20240919;112500;92.47;92.5;92.41;92.41;1638
USDRUBF;5;20240919;113000;92.41;92.44;92.34;92.35;2337
USDRUBF;5;20240919;113500;92.4;92.5;92.36;92.48;1024
USDRUBF;5;20240919;114000;92.49;92.49;92.38;92.43;1341
USDRUBF;5;20240919;114500;92.42;92.43;92.3;92.37;1670
USDRUBF;5;20240919;115000;92.37;92.43;92.37;92.4;875
USDRUBF;5;20240919;115500;92.4;92.47;92.33;92.38;1519
USDRUBF;5;20240919;120000;92.38;92.47;92.34;92.44;3006
USDRUBF;5;20240919;120500;92.43;92.44;92.39;92.39;2421
USDRUBF;5;20240919;121000;92.4;92.5;92.39;92.47;2318
USDRUBF;5;20240919;121500;92.48;92.5;92.43;92.5;882
USDRUBF;5;20240919;122000;92.5;92.5;92.46;92.46;944
USDRUBF;5;20240919;122500;92.45;92.49;92.4;92.4;687
USDRUBF;5;20240919;123000;92.4;92.45;92.4;92.42;270
USDRUBF;5;20240919;123500;92.44;92.45;92.39;92.39;678
USDRUBF;5;20240919;124000;92.41;92.44;92.4;92.44;497
USDRUBF;5;20240919;124500;92.42;92.48;92.42;92.43;601
USDRUBF;5;20240919;125000;92.43;92.48;92.43;92.47;1632
USDRUBF;5;20240919;125500;92.48;92.49;92.38;92.48;807
USDRUBF;5;20240919;130000;92.46;92.49;92.45;92.45;561
USDRUBF;5;20240919;130500;92.45;92.49;92.44;92.46;806
USDRUBF;5;20240919;131000;92.45;92.55;92.43;92.55;4742
USDRUBF;5;20240919;131500;92.54;92.64;92.53;92.61;1000
USDRUBF;5;20240919;132000;92.62;92.63;92.57;92.58;770
USDRUBF;5;20240919;132500;92.57;92.57;92.51;92.52;1161
USDRUBF;5;20240919;133000;92.52;92.58;92.52;92.58;349
USDRUBF;5;20240919;133500;92.58;92.63;92.58;92.63;326
USDRUBF;5;20240919;134000;92.61;92.69;92.61;92.69;719
USDRUBF;5;20240919;134500;92.68;92.68;92.66;92.66;402
USDRUBF;5;20240919;135000;92.66;92.69;92.65;92.68;369
USDRUBF;5;20240919;135500;92.68;92.73;92.66;92.66;327
USDRUBF;5;20240919;140500;92.7;92.75;92.69;92.75;2585
USDRUBF;5;20240919;141000;92.72;92.75;92.71;92.71;748
USDRUBF;5;20240919;141500;92.71;92.75;92.71;92.75;460
USDRUBF;5;20240919;142000;92.75;92.77;92.72;92.76;7246
USDRUBF;5;20240919;142500;92.76;92.83;92.74;92.83;1124
USDRUBF;5;20240919;143000;92.84;92.86;92.81;92.86;1751
USDRUBF;5;20240919;143500;92.84;92.9;92.83;92.88;1211
USDRUBF;5;20240919;144000;92.88;92.89;92.85;92.86;2394
USDRUBF;5;20240919;144500;92.85;92.86;92.8;92.84;579
USDRUBF;5;20240919;145000;92.83;92.85;92.82;92.84;1179
USDRUBF;5;20240919;145500;92.83;92.84;92.76;92.77;4956
USDRUBF;5;20240919;150000;92.78;92.78;92.71;92.77;521
USDRUBF;5;20240919;150500;92.77;92.78;92.74;92.74;702
USDRUBF;5;20240919;151000;92.74;92.75;92.7;92.7;972
USDRUBF;5;20240919;151500;92.7;92.71;92.66;92.71;987
USDRUBF;5;20240919;152000;92.71;92.74;92.69;92.71;356
USDRUBF;5;20240919;152500;92.71;92.73;92.69;92.72;674
USDRUBF;5;20240919;153000;92.74;92.74;92.72;92.73;220
USDRUBF;5;20240919;153500;92.72;92.75;92.72;92.73;1030
USDRUBF;5;20240919;154000;92.74;92.75;92.73;92.73;154
USDRUBF;5;20240919;154500;92.73;92.75;92.73;92.73;948
USDRUBF;5;20240919;155000;92.73;92.75;92.72;92.75;474
USDRUBF;5;20240919;155500;92.73;92.75;92.72;92.72;151
USDRUBF;5;20240919;160000;92.72;92.75;92.72;92.74;311
USDRUBF;5;20240919;160500;92.73;92.73;92.68;92.69;850
USDRUBF;5;20240919;161000;92.69;92.7;92.65;92.66;930
USDRUBF;5;20240919;161500;92.66;92.67;92.59;92.6;1144
USDRUBF;5;20240919;162000;92.6;92.71;92.55;92.6;2031
USDRUBF;5;20240919;162500;92.6;92.64;92.53;92.64;1520
USDRUBF;5;20240919;163000;92.64;92.66;92.62;92.66;845
USDRUBF;5;20240919;163500;92.66;92.68;92.53;92.6;1318
USDRUBF;5;20240919;164000;92.6;92.61;92.49;92.52;2213
USDRUBF;5;20240919;164500;92.5;92.53;92.46;92.46;1645
USDRUBF;5;20240919;165000;92.48;92.52;92.38;92.52;1257
USDRUBF;5;20240919;165500;92.5;92.65;92.5;92.63;1183
USDRUBF;5;20240919;170000;92.61;92.65;92.46;92.46;1117
USDRUBF;5;20240919;170500;92.49;92.6;92.49;92.55;464
USDRUBF;5;20240919;171000;92.55;92.55;92.48;92.49;656
USDRUBF;5;20240919;171500;92.49;92.49;92.42;92.47;1148
USDRUBF;5;20240919;172000;92.47;92.49;92.38;92.42;478
USDRUBF;5;20240919;172500;92.42;92.48;92.4;92.43;347
USDRUBF;5;20240919;173000;92.45;92.54;92.4;92.54;1222
USDRUBF;5;20240919;173500;92.52;92.52;92.4;92.47;1233
USDRUBF;5;20240919;174000;92.47;92.68;92.46;92.65;809
USDRUBF;5;20240919;174500;92.65;92.67;92.51;92.6;1005
USDRUBF;5;20240919;175000;92.59;92.62;92.51;92.54;1057
USDRUBF;5;20240919;175500;92.52;92.52;92.46;92.46;1139
USDRUBF;5;20240919;180000;92.46;92.47;92.38;92.39;1121
USDRUBF;5;20240919;180500;92.39;92.43;92.35;92.39;935
USDRUBF;5;20240919;181000;92.37;92.38;92.32;92.34;743
USDRUBF;5;20240919;181500;92.34;92.44;92.32;92.44;924
USDRUBF;5;20240919;182000;92.43;92.51;92.42;92.43;790
USDRUBF;5;20240919;182500;92.45;92.45;92.37;92.4;113
USDRUBF;5;20240919;183000;92.38;92.47;92.38;92.47;375
USDRUBF;5;20240919;183500;92.47;92.47;92.39;92.39;185
USDRUBF;5;20240919;184000;92.42;92.43;92.35;92.35;321
USDRUBF;5;20240919;184500;92.4;92.45;92.4;92.45;532
USDRUBF;5;20240919;192000;92.54;92.54;92.39;92.4;249
USDRUBF;5;20240919;192500;92.35;92.42;92.35;92.39;126
USDRUBF;5;20240919;193000;92.41;92.43;92.4;92.41;32
USDRUBF;5;20240919;193500;92.4;92.41;92.4;92.41;81
USDRUBF;5;20240919;194000;92.42;92.43;92.42;92.43;50
USDRUBF;5;20240919;194500;92.43;92.43;92.35;92.35;47
USDRUBF;5;20240919;195000;92.35;92.36;92.35;92.36;2
USDRUBF;5;20240919;195500;92.36;92.38;92.35;92.35;45
USDRUBF;5;20240919;200000;92.38;92.39;92.35;92.38;25
USDRUBF;5;20240919;200500;92.37;92.39;92.37;92.39;6
USDRUBF;5;20240919;201000;92.36;92.36;92.35;92.35;8
USDRUBF;5;20240919;201500;92.36;92.37;92.33;92.37;85
USDRUBF;5;20240919;202000;92.38;92.4;92.34;92.4;140
USDRUBF;5;20240919;202500;92.4;92.4;92.39;92.39;10
USDRUBF;5;20240919;203000;92.39;92.39;92.36;92.39;8
USDRUBF;5;20240919;203500;92.37;92.38;92.31;92.31;112
USDRUBF;5;20240919;204000;92.31;92.31;92.31;92.31;1
USDRUBF;5;20240919;204500;92.32;92.32;92.31;92.31;34
USDRUBF;5;20240919;205000;92.31;92.31;92.31;92.31;9
USDRUBF;5;20240919;205500;92.32;92.33;92.31;92.33;458
USDRUBF;5;20240919;210000;92.33;92.4;92.33;92.34;143
USDRUBF;5;20240919;210500;92.36;92.4;92.33;92.34;114
USDRUBF;5;20240919;211000;92.38;92.38;92.34;92.35;7
USDRUBF;5;20240919;211500;92.34;92.35;92.34;92.35;4
USDRUBF;5;20240919;212000;92.34;92.35;92.33;92.35;6
USDRUBF;5;20240919;212500;92.34;92.4;92.34;92.38;204
USDRUBF;5;20240919;213000;92.35;92.38;92.35;92.37;11
USDRUBF;5;20240919;213500;92.36;92.36;92.3;92.3;172
USDRUBF;5;20240919;214000;92.28;92.29;92.24;92.26;60
USDRUBF;5;20240919;214500;92.27;92.28;92.27;92.27;31
USDRUBF;5;20240919;215000;92.29;92.29;92.27;92.27;12
USDRUBF;5;20240919;215500;92.28;92.29;92.28;92.29;2
USDRUBF;5;20240919;220000;92.28;92.28;92.27;92.27;31
USDRUBF;5;20240919;220500;92.29;92.3;92.28;92.3;51
USDRUBF;5;20240919;221000;92.3;92.3;92.27;92.27;46
USDRUBF;5;20240919;221500;92.28;92.28;92.24;92.25;108
USDRUBF;5;20240919;222000;92.25;92.28;92.24;92.28;38
USDRUBF;5;20240919;222500;92.25;92.28;92.25;92.26;20
USDRUBF;5;20240919;223000;92.28;92.3;92.26;92.26;25
USDRUBF;5;20240919;223500;92.25;92.29;92.25;92.29;27
USDRUBF;5;20240919;224000;92.25;92.25;92.25;92.25;5
USDRUBF;5;20240919;224500;92.27;92.3;92.26;92.3;41
USDRUBF;5;20240919;225000;92.3;92.3;92.3;92.3;7
USDRUBF;5;20240919;225500;92.3;92.3;92.3;92.3;2
USDRUBF;5;20240919;230000;92.3;92.32;92.28;92.3;44
USDRUBF;5;20240919;231000;92.3;92.32;92.3;92.32;11
USDRUBF;5;20240919;231500;92.33;92.33;92.33;92.33;3
USDRUBF;5;20240919;232000;92.34;92.34;92.34;92.34;36
USDRUBF;5;20240919;232500;92.34;92.34;92.3;92.3;12
USDRUBF;5;20240919;233000;92.32;92.33;92.3;92.33;24
USDRUBF;5;20240919;233500;92.34;92.4;92.3;92.3;285
USDRUBF;5;20240919;234000;92.29;92.29;92.25;92.25;14
USDRUBF;5;20240919;234500;92.26;92.28;92.26;92.26;15
USDRUBF;5;20240920;100000;92.31;92.4;92.27;92.4;1920
USDRUBF;5;20240920;100500;92.38;92.4;92.35;92.4;687
USDRUBF;5;20240920;101000;92.4;92.45;92.39;92.43;1827
USDRUBF;5;20240920;101500;92.43;92.7;92.43;92.6;2547
USDRUBF;5;20240920;102000;92.6;92.84;92.6;92.82;566
USDRUBF;5;20240920;102500;92.84;92.86;92.55;92.7;1263
USDRUBF;5;20240920;103000;92.69;92.85;92.68;92.7;1243
USDRUBF;5;20240920;103500;92.71;92.79;92.71;92.75;310
USDRUBF;5;20240920;104000;92.76;92.76;92.61;92.71;1368
USDRUBF;5;20240920;104500;92.73;92.79;92.69;92.69;870
USDRUBF;5;20240920;105000;92.67;92.71;92.66;92.67;809
USDRUBF;5;20240920;105500;92.67;92.82;92.64;92.8;1004
USDRUBF;5;20240920;110000;92.81;92.83;92.72;92.81;549
USDRUBF;5;20240920;110500;92.76;92.8;92.74;92.76;495
USDRUBF;5;20240920;111000;92.78;92.83;92.78;92.78;874
USDRUBF;5;20240920;111500;92.77;92.78;92.73;92.77;713
USDRUBF;5;20240920;112000;92.77;92.79;92.76;92.79;112
USDRUBF;5;20240920;112500;92.8;92.85;92.7;92.75;1376
USDRUBF;5;20240920;113000;92.77;92.77;92.61;92.61;559
USDRUBF;5;20240920;113500;92.66;92.73;92.61;92.7;289
USDRUBF;5;20240920;114000;92.73;92.78;92.72;92.76;332
USDRUBF;5;20240920;114500;92.77;92.85;92.76;92.84;482
USDRUBF;5;20240920;115000;92.81;92.83;92.79;92.81;205
USDRUBF;5;20240920;115500;92.81;92.84;92.8;92.82;146
USDRUBF;5;20240920;120000;92.82;92.98;92.82;92.98;1594
USDRUBF;5;20240920;120500;92.97;92.98;92.92;92.95;1187
USDRUBF;5;20240920;121000;92.95;92.95;92.94;92.94;229
USDRUBF;5;20240920;121500;92.95;92.96;92.88;92.9;1576
USDRUBF;5;20240920;122000;92.9;92.9;92.8;92.8;501
USDRUBF;5;20240920;122500;92.83;92.86;92.71;92.84;948
USDRUBF;5;20240920;123000;92.84;92.85;92.8;92.84;385
USDRUBF;5;20240920;123500;92.84;92.87;92.8;92.8;863
USDRUBF;5;20240920;124000;92.81;92.85;92.77;92.81;383
USDRUBF;5;20240920;124500;92.79;92.93;92.79;92.91;749
USDRUBF;5;20240920;125000;92.91;92.94;92.86;92.9;119
USDRUBF;5;20240920;125500;92.9;92.92;92.84;92.84;338
USDRUBF;5;20240920;130000;92.87;92.93;92.87;92.9;423
USDRUBF;5;20240920;130500;92.9;92.94;92.67;92.73;956
USDRUBF;5;20240920;131000;92.73;92.83;92.73;92.82;236
USDRUBF;5;20240920;131500;92.84;92.89;92.8;92.83;349
USDRUBF;5;20240920;132000;92.84;92.89;92.74;92.81;371
USDRUBF;5;20240920;132500;92.79;92.82;92.63;92.7;996
USDRUBF;5;20240920;133000;92.69;92.76;92.69;92.74;598
USDRUBF;5;20240920;133500;92.76;92.84;92.76;92.8;509
USDRUBF;5;20240920;134000;92.78;92.84;92.74;92.84;424
USDRUBF;5;20240920;134500;92.85;92.9;92.79;92.81;1804
USDRUBF;5;20240920;135000;92.8;92.8;92.71;92.72;933
USDRUBF;5;20240920;135500;92.74;92.76;92.71;92.73;784
USDRUBF;5;20240920;140500;92.71;92.78;92.65;92.7;3806
USDRUBF;5;20240920;141000;92.71;92.77;92.69;92.75;963
USDRUBF;5;20240920;141500;92.76;92.77;92.74;92.74;894
USDRUBF;5;20240920;142000;92.75;92.79;92.74;92.75;2318
USDRUBF;5;20240920;142500;92.77;92.79;92.71;92.71;3022
USDRUBF;5;20240920;143000;92.71;92.72;92.6;92.66;1589
USDRUBF;5;20240920;143500;92.66;92.68;92.6;92.64;3595
USDRUBF;5;20240920;144000;92.67;92.7;92.64;92.67;1732
USDRUBF;5;20240920;144500;92.67;92.7;92.65;92.67;1449
USDRUBF;5;20240920;145000;92.69;92.69;92.67;92.68;539
USDRUBF;5;20240920;145500;92.69;92.77;92.67;92.76;300
USDRUBF;5;20240920;150000;92.75;92.85;92.75;92.85;492
USDRUBF;5;20240920;150500;92.84;92.92;92.81;92.85;3320
USDRUBF;5;20240920;151000;92.83;92.83;92.82;92.82;34
USDRUBF;5;20240920;151500;92.81;92.84;92.77;92.81;936
USDRUBF;5;20240920;152000;92.8;92.82;92.72;92.82;541
USDRUBF;5;20240920;152500;92.8;92.81;92.79;92.79;44
USDRUBF;5;20240920;153000;92.77;92.8;92.68;92.78;165
USDRUBF;5;20240920;153500;92.79;92.79;92.72;92.72;163
USDRUBF;5;20240920;154000;92.72;92.74;92.68;92.7;181
USDRUBF;5;20240920;154500;92.7;92.73;92.68;92.7;675
USDRUBF;5;20240920;155000;92.69;92.7;92.67;92.68;250
USDRUBF;5;20240920;155500;92.69;92.71;92.67;92.67;867
USDRUBF;5;20240920;160000;92.67;92.69;92.63;92.66;456
USDRUBF;5;20240920;160500;92.66;92.67;92.64;92.66;125
USDRUBF;5;20240920;161000;92.65;92.65;92.61;92.65;277
USDRUBF;5;20240920;161500;92.64;92.64;92.59;92.61;1343
USDRUBF;5;20240920;162000;92.59;92.61;92.57;92.61;325
USDRUBF;5;20240920;162500;92.6;92.6;92.6;92.6;2
USDRUBF;5;20240920;163000;92.58;92.66;92.58;92.66;780
USDRUBF;5;20240920;163500;92.64;92.65;92.61;92.63;195
USDRUBF;5;20240920;164000;92.63;92.66;92.57;92.58;600
USDRUBF;5;20240920;164500;92.58;92.61;92.58;92.61;81
USDRUBF;5;20240920;165000;92.62;92.65;92.61;92.61;245
USDRUBF;5;20240920;165500;92.6;92.62;92.58;92.62;172
USDRUBF;5;20240920;170000;92.6;92.65;92.6;92.64;186
USDRUBF;5;20240920;170500;92.64;92.66;92.59;92.64;158
USDRUBF;5;20240920;171000;92.62;92.62;92.59;92.6;1076
USDRUBF;5;20240920;171500;92.6;92.66;92.6;92.65;1328
USDRUBF;5;20240920;172000;92.64;92.7;92.64;92.7;259
USDRUBF;5;20240920;172500;92.7;92.71;92.68;92.7;363
USDRUBF;5;20240920;173000;92.71;92.73;92.69;92.71;302
USDRUBF;5;20240920;173500;92.7;92.7;92.64;92.66;311
USDRUBF;5;20240920;174000;92.66;92.66;92.6;92.62;577
USDRUBF;5;20240920;174500;92.6;92.66;92.59;92.62;777
USDRUBF;5;20240920;175000;92.62;92.71;92.61;92.67;287
USDRUBF;5;20240920;175500;92.66;92.77;92.66;92.75;2500
USDRUBF;5;20240920;180000;92.77;92.8;92.64;92.75;4399
USDRUBF;5;20240920;180500;92.75;92.77;92.69;92.7;1892
USDRUBF;5;20240920;181000;92.69;92.69;92.57;92.65;1789
USDRUBF;5;20240920;181500;92.65;92.65;92.58;92.58;877
USDRUBF;5;20240920;182000;92.6;92.61;92.58;92.59;781
USDRUBF;5;20240920;182500;92.59;92.63;92.58;92.59;804
USDRUBF;5;20240920;183000;92.6;92.6;92.58;92.6;509
USDRUBF;5;20240920;183500;92.58;92.61;92.48;92.55;2273
USDRUBF;5;20240920;184000;92.57;92.58;92.52;92.57;278
USDRUBF;5;20240920;184500;92.52;92.55;92.52;92.55;156
USDRUBF;5;20240920;190500;92.63;92.81;92.46;92.64;233
USDRUBF;5;20240920;191000;92.66;92.68;92.63;92.65;105
USDRUBF;5;20240920;191500;92.63;92.66;92.59;92.59;103
USDRUBF;5;20240920;192000;92.59;92.63;92.58;92.58;42
USDRUBF;5;20240920;192500;92.58;92.59;92.57;92.59;38
USDRUBF;5;20240920;193000;92.58;92.61;92.58;92.61;93
USDRUBF;5;20240920;193500;92.6;92.6;92.6;92.6;3
USDRUBF;5;20240920;194000;92.62;92.67;92.62;92.67;55
USDRUBF;5;20240920;194500;92.65;92.65;92.65;92.65;4
USDRUBF;5;20240920;195000;92.64;92.64;92.64;92.64;2
USDRUBF;5;20240920;195500;92.64;92.64;92.64;92.64;12
USDRUBF;5;20240920;200000;92.64;92.64;92.64;92.64;23
USDRUBF;5;20240920;200500;92.64;92.64;92.64;92.64;2
USDRUBF;5;20240920;201000;92.63;92.63;92.62;92.62;5
USDRUBF;5;20240920;201500;92.64;92.64;92.64;92.64;3
USDRUBF;5;20240920;202000;92.64;92.64;92.64;92.64;6
USDRUBF;5;20240920;202500;92.63;92.63;92.63;92.63;10
USDRUBF;5;20240920;203500;92.63;92.63;92.63;92.63;2
USDRUBF;5;20240920;204000;92.62;92.62;92.62;92.62;101
USDRUBF;5;20240920;204500;92.62;92.62;92.61;92.61;25
USDRUBF;5;20240920;205000;92.62;92.62;92.62;92.62;5
USDRUBF;5;20240920;205500;92.62;92.63;92.62;92.63;28
USDRUBF;5;20240920;210000;92.63;92.63;92.63;92.63;1
USDRUBF;5;20240920;210500;92.63;92.64;92.62;92.62;14
USDRUBF;5;20240920;211000;92.63;92.63;92.62;92.62;12
USDRUBF;5;20240920;211500;92.63;92.63;92.62;92.62;35
USDRUBF;5;20240920;212000;92.62;92.65;92.62;92.65;34
USDRUBF;5;20240920;212500;92.65;92.65;92.64;92.64;2
USDRUBF;5;20240920;213000;92.62;92.63;92.61;92.63;26
USDRUBF;5;20240920;213500;92.63;92.63;92.6;92.62;17
USDRUBF;5;20240920;214000;92.62;92.64;92.62;92.64;22
USDRUBF;5;20240920;215000;92.61;92.61;92.6;92.61;25
USDRUBF;5;20240920;215500;92.6;92.61;92.6;92.61;16
USDRUBF;5;20240920;220000;92.61;92.62;92.6;92.61;24
USDRUBF;5;20240920;220500;92.6;92.6;92.59;92.59;13
USDRUBF;5;20240920;221000;92.61;92.61;92.6;92.6;13
USDRUBF;5;20240920;222000;92.6;92.6;92.58;92.58;14
USDRUBF;5;20240920;222500;92.62;92.62;92.6;92.6;23
USDRUBF;5;20240920;223000;92.6;92.62;92.59;92.6;65
USDRUBF;5;20240920;223500;92.59;92.59;92.59;92.59;14
USDRUBF;5;20240920;224000;92.63;92.63;92.63;92.63;15
USDRUBF;5;20240920;224500;92.63;92.63;92.63;92.63;2
USDRUBF;5;20240920;225000;92.63;92.63;92.63;92.63;6
USDRUBF;5;20240920;225500;92.63;92.64;92.63;92.64;34
USDRUBF;5;20240920;230000;92.64;92.65;92.64;92.65;27
USDRUBF;5;20240920;230500;92.63;92.63;92.62;92.62;4
USDRUBF;5;20240920;231000;92.63;92.63;92.63;92.63;3
USDRUBF;5;20240920;231500;92.63;92.63;92.61;92.61;29
USDRUBF;5;20240920;232000;92.61;92.64;92.61;92.61;21
USDRUBF;5;20240920;232500;92.63;92.66;92.62;92.64;137
USDRUBF;5;20240920;233000;92.66;92.69;92.64;92.65;98
USDRUBF;5;20240920;234000;92.66;92.67;92.65;92.65;20
USDRUBF;5;20240920;234500;92.65;92.65;92.62;92.62;35
USDRUBF;5;20240923;100000;92.63;92.78;92.63;92.73;375
USDRUBF;5;20240923;100500;92.71;92.81;92.68;92.81;600
USDRUBF;5;20240923;101000;92.77;92.88;92.76;92.8;590
USDRUBF;5;20240923;101500;92.81;92.87;92.66;92.87;1251
USDRUBF;5;20240923;102000;92.85;93.06;92.85;93.02;1309
USDRUBF;5;20240923;102500;93.01;93.01;92.79;92.84;1138
USDRUBF;5;20240923;103000;92.84;92.84;92.79;92.82;503
USDRUBF;5;20240923;103500;92.82;92.82;92.68;92.73;800
USDRUBF;5;20240923;104000;92.72;92.79;92.68;92.74;642
USDRUBF;5;20240923;104500;92.74;92.86;92.72;92.83;805
USDRUBF;5;20240923;105000;92.81;92.84;92.76;92.8;1431
USDRUBF;5;20240923;105500;92.78;92.85;92.75;92.75;839
USDRUBF;5;20240923;110000;92.76;92.77;92.72;92.77;458
USDRUBF;5;20240923;110500;92.78;92.81;92.72;92.75;426
USDRUBF;5;20240923;111000;92.76;92.88;92.76;92.87;722
USDRUBF;5;20240923;111500;92.88;92.94;92.88;92.92;1018
USDRUBF;5;20240923;112000;92.91;92.91;92.84;92.84;147
USDRUBF;5;20240923;112500;92.83;92.89;92.8;92.84;327
USDRUBF;5;20240923;113000;92.86;92.89;92.84;92.88;38
USDRUBF;5;20240923;113500;92.88;92.92;92.87;92.92;118
USDRUBF;5;20240923;114000;92.94;93.01;92.93;92.93;777
USDRUBF;5;20240923;114500;92.93;92.94;92.84;92.88;196
USDRUBF;5;20240923;115000;92.87;92.88;92.87;92.87;8
USDRUBF;5;20240923;115500;92.88;92.89;92.83;92.83;193
USDRUBF;5;20240923;120000;92.83;92.85;92.83;92.84;146
USDRUBF;5;20240923;120500;92.85;92.92;92.84;92.92;94
USDRUBF;5;20240923;121000;92.92;92.95;92.89;92.94;102
USDRUBF;5;20240923;121500;92.93;92.95;92.88;92.92;431
USDRUBF;5;20240923;122000;92.93;92.93;92.83;92.85;463
USDRUBF;5;20240923;122500;92.85;92.94;92.85;92.94;444
USDRUBF;5;20240923;123000;92.92;92.95;92.9;92.91;64
USDRUBF;5;20240923;123500;92.89;92.92;92.89;92.92;31
USDRUBF;5;20240923;124000;92.92;92.97;92.92;92.97;489
USDRUBF;5;20240923;124500;92.98;92.98;92.94;92.96;708
USDRUBF;5;20240923;125000;92.95;92.96;92.89;92.89;99
USDRUBF;5;20240923;125500;92.88;92.9;92.86;92.89;230
USDRUBF;5;20240923;130000;92.88;92.89;92.87;92.87;216
USDRUBF;5;20240923;130500;92.86;92.88;92.86;92.86;64
USDRUBF;5;20240923;131000;92.87;92.88;92.86;92.86;153
USDRUBF;5;20240923;131500;92.87;92.87;92.85;92.87;11
USDRUBF;5;20240923;132000;92.85;92.87;92.85;92.86;244
USDRUBF;5;20240923;132500;92.86;92.87;92.85;92.86;349
USDRUBF;5;20240923;133000;92.86;92.86;92.81;92.83;408
USDRUBF;5;20240923;133500;92.81;92.81;92.73;92.76;852
USDRUBF;5;20240923;134000;92.75;92.79;92.69;92.73;2986
USDRUBF;5;20240923;134500;92.71;92.75;92.69;92.75;164
USDRUBF;5;20240923;135000;92.74;92.75;92.73;92.74;47
USDRUBF;5;20240923;135500;92.73;92.8;92.73;92.75;112
USDRUBF;5;20240923;140500;92.8;92.8;92.77;92.79;57
USDRUBF;5;20240923;141000;92.8;92.85;92.79;92.85;60
USDRUBF;5;20240923;141500;92.84;92.86;92.75;92.75;321
USDRUBF;5;20240923;142000;92.75;92.76;92.71;92.71;406
USDRUBF;5;20240923;142500;92.72;92.72;92.6;92.66;1014
USDRUBF;5;20240923;143000;92.66;92.68;92.64;92.68;365
USDRUBF;5;20240923;143500;92.68;92.69;92.67;92.69;80
USDRUBF;5;20240923;144000;92.69;92.71;92.69;92.71;11
USDRUBF;5;20240923;144500;92.72;92.74;92.72;92.73;35
USDRUBF;5;20240923;145000;92.72;92.72;92.65;92.65;604
USDRUBF;5;20240923;145500;92.67;92.74;92.65;92.72;687
USDRUBF;5;20240923;150000;92.74;92.8;92.74;92.8;312
USDRUBF;5;20240923;150500;92.82;92.84;92.74;92.77;607
USDRUBF;5;20240923;151000;92.78;92.81;92.77;92.81;176
USDRUBF;5;20240923;151500;92.8;92.8;92.75;92.77;74
USDRUBF;5;20240923;152000;92.76;92.77;92.73;92.76;80
USDRUBF;5;20240923;152500;92.76;92.8;92.71;92.73;354
USDRUBF;5;20240923;153000;92.71;92.77;92.71;92.75;239
USDRUBF;5;20240923;153500;92.74;92.77;92.73;92.77;79
USDRUBF;5;20240923;154000;92.75;92.78;92.75;92.75;72
USDRUBF;5;20240923;154500;92.82;92.83;92.82;92.82;22
USDRUBF;5;20240923;155000;92.8;92.84;92.8;92.81;93
USDRUBF;5;20240923;155500;92.82;92.82;92.81;92.81;2
USDRUBF;5;20240923;160000;92.82;92.82;92.75;92.78;181
USDRUBF;5;20240923;160500;92.76;92.8;92.75;92.8;547
USDRUBF;5;20240923;161000;92.8;92.8;92.78;92.8;505
USDRUBF;5;20240923;161500;92.8;92.8;92.79;92.8;245
USDRUBF;5;20240923;162000;92.79;92.85;92.79;92.81;1119
USDRUBF;5;20240923;162500;92.82;92.83;92.78;92.78;113
USDRUBF;5;20240923;163000;92.78;92.81;92.77;92.81;51
USDRUBF;5;20240923;163500;92.84;92.85;92.84;92.85;81
USDRUBF;5;20240923;164000;92.84;92.88;92.83;92.87;658
USDRUBF;5;20240923;164500;92.87;92.89;92.87;92.89;29
USDRUBF;5;20240923;165000;92.88;92.88;92.86;92.86;193
USDRUBF;5;20240923;165500;92.86;92.89;92.85;92.89;290
USDRUBF;5;20240923;170000;92.86;92.87;92.85;92.85;56
USDRUBF;5;20240923;170500;92.85;92.88;92.82;92.88;109
USDRUBF;5;20240923;171000;92.88;92.89;92.88;92.89;302
USDRUBF;5;20240923;171500;92.89;92.9;92.88;92.88;607
USDRUBF;5;20240923;172000;92.88;92.89;92.88;92.88;10
USDRUBF;5;20240923;172500;92.88;92.9;92.88;92.89;55
USDRUBF;5;20240923;173000;92.87;92.9;92.87;92.89;957
USDRUBF;5;20240923;173500;92.89;92.9;92.88;92.88;1164
USDRUBF;5;20240923;174000;92.89;92.9;92.88;92.88;592
USDRUBF;5;20240923;174500;92.88;92.89;92.86;92.86;379
USDRUBF;5;20240923;175000;92.86;92.87;92.86;92.86;72
USDRUBF;5;20240923;175500;92.86;92.87;92.85;92.87;86
USDRUBF;5;20240923;180000;92.86;92.88;92.86;92.88;43
USDRUBF;5;20240923;180500;92.87;92.88;92.85;92.86;71
USDRUBF;5;20240923;181000;92.87;92.88;92.87;92.88;10
USDRUBF;5;20240923;181500;92.89;92.9;92.89;92.9;186
USDRUBF;5;20240923;182000;92.88;92.89;92.88;92.89;103
USDRUBF;5;20240923;182500;92.89;92.9;92.89;92.9;439
USDRUBF;5;20240923;183000;92.9;92.9;92.89;92.89;64
USDRUBF;5;20240923;183500;92.9;92.9;92.9;92.9;419
USDRUBF;5;20240923;184000;92.91;92.94;92.91;92.93;122
USDRUBF;5;20240923;184500;92.93;92.94;92.91;92.94;110
USDRUBF;5;20240923;190500;92.9;92.97;92.9;92.96;92
USDRUBF;5;20240923;191000;92.95;92.95;92.94;92.94;22
USDRUBF;5;20240923;191500;92.94;92.96;92.94;92.94;13
USDRUBF;5;20240923;192000;92.95;92.96;92.94;92.96;88
USDRUBF;5;20240923;192500;92.96;92.97;92.96;92.97;7
USDRUBF;5;20240923;193000;92.96;92.96;92.95;92.95;66
USDRUBF;5;20240923;193500;92.96;92.96;92.94;92.95;61
USDRUBF;5;20240923;194000;92.95;92.95;92.95;92.95;2
USDRUBF;5;20240923;195000;92.94;92.94;92.94;92.94;14
USDRUBF;5;20240923;195500;92.95;92.95;92.94;92.94;20
USDRUBF;5;20240923;200000;92.94;92.95;92.94;92.94;14
USDRUBF;5;20240923;201000;92.94;92.96;92.93;92.96;150
USDRUBF;5;20240923;201500;92.96;92.96;92.96;92.96;8
USDRUBF;5;20240923;202000;92.96;92.96;92.94;92.94;17
USDRUBF;5;20240923;202500;92.94;92.96;92.94;92.96;48
USDRUBF;5;20240923;203000;92.96;92.96;92.96;92.96;33
USDRUBF;5;20240923;203500;92.95;92.95;92.95;92.95;11
USDRUBF;5;20240923;204000;92.96;92.96;92.94;92.94;102
USDRUBF;5;20240923;204500;92.93;92.94;92.92;92.94;9
USDRUBF;5;20240923;205500;92.94;92.96;92.94;92.96;40
USDRUBF;5;20240923;210000;92.92;92.92;92.91;92.92;24
USDRUBF;5;20240923;211000;92.92;92.92;92.91;92.91;27
USDRUBF;5;20240923;212000;92.91;92.91;92.91;92.91;2
USDRUBF;5;20240923;212500;92.91;92.94;92.91;92.94;23
USDRUBF;5;20240923;213000;92.93;92.93;92.93;92.93;2
USDRUBF;5;20240923;214000;92.93;92.93;92.92;92.92;11
USDRUBF;5;20240923;215000;92.91;92.91;92.91;92.91;1
USDRUBF;5;20240923;215500;92.91;92.93;92.91;92.93;13
USDRUBF;5;20240923;220500;92.91;92.91;92.91;92.91;5
USDRUBF;5;20240923;221500;92.93;92.93;92.93;92.93;4
USDRUBF;5;20240923;222000;92.93;92.93;92.93;92.93;47
USDRUBF;5;20240923;224500;92.91;92.91;92.91;92.91;10
USDRUBF;5;20240923;225500;92.91;92.91;92.9;92.91;15
USDRUBF;5;20240923;230000;92.93;92.95;92.93;92.93;398
USDRUBF;5;20240923;230500;92.94;92.95;92.94;92.95;14
USDRUBF;5;20240923;231000;92.93;92.93;92.93;92.93;6
USDRUBF;5;20240923;231500;92.92;92.93;92.92;92.93;39
USDRUBF;5;20240923;232000;92.92;92.92;92.92;92.92;2
USDRUBF;5;20240923;232500;92.93;92.93;92.93;92.93;12
USDRUBF;5;20240923;233000;92.94;92.94;92.92;92.92;7
USDRUBF;5;20240923;233500;92.95;92.95;92.95;92.95;1
USDRUBF;5;20240923;234000;92.93;92.93;92.92;92.93;13
USDRUBF;5;20240923;234500;92.95;92.95;92.95;92.95;18
USDRUBF;5;20240924;100000;92.94;92.94;92.77;92.82;906
USDRUBF;5;20240924;100500;92.82;92.88;92.78;92.85;648
USDRUBF;5;20240924;101000;92.86;92.93;92.85;92.92;736
USDRUBF;5;20240924;101500;92.92;92.92;92.85;92.86;1731
USDRUBF;5;20240924;102000;92.86;92.87;92.83;92.83;655
USDRUBF;5;20240924;102500;92.83;92.91;92.82;92.88;812
USDRUBF;5;20240924;103000;92.89;92.93;92.82;92.85;1585
USDRUBF;5;20240924;103500;92.86;92.95;92.81;92.86;1373
USDRUBF;5;20240924;104000;92.85;93.03;92.85;92.98;3734
USDRUBF;5;20240924;104500;92.97;93.01;92.97;93;1637
USDRUBF;5;20240924;105000;93;93;92.89;92.89;1080
USDRUBF;5;20240924;105500;92.9;92.91;92.86;92.87;250
USDRUBF;5;20240924;110000;92.9;92.9;92.81;92.81;805
USDRUBF;5;20240924;110500;92.82;92.86;92.81;92.81;471
USDRUBF;5;20240924;111000;92.82;92.91;92.81;92.84;900
USDRUBF;5;20240924;111500;92.82;92.95;92.79;92.95;1198
USDRUBF;5;20240924;112000;92.95;93.08;92.95;93.06;3913
USDRUBF;5;20240924;112500;93.06;93.06;92.98;92.98;1089
USDRUBF;5;20240924;113000;92.99;93.04;92.99;93.02;437
USDRUBF;5;20240924;113500;93.03;93.19;93.02;93.14;2165
USDRUBF;5;20240924;114000;93.14;93.2;93.1;93.12;587
USDRUBF;5;20240924;114500;93.12;93.14;93.04;93.04;186
USDRUBF;5;20240924;115000;93.04;93.05;93.01;93.02;150
USDRUBF;5;20240924;115500;93.03;93.09;93.02;93.08;221
USDRUBF;5;20240924;120000;93.08;93.08;93.04;93.07;95
USDRUBF;5;20240924;120500;93.07;93.12;93.06;93.06;30
USDRUBF;5;20240924;121000;93.08;93.1;93.04;93.05;105
USDRUBF;5;20240924;121500;93.05;93.08;93.05;93.08;154
USDRUBF;5;20240924;122000;93.08;93.08;93.01;93.05;953
USDRUBF;5;20240924;122500;93.05;93.08;93.01;93.05;961
USDRUBF;5;20240924;123000;93.05;93.09;93.05;93.07;123
USDRUBF;5;20240924;123500;93.07;93.09;93.05;93.05;73
USDRUBF;5;20240924;124000;93.07;93.08;92.92;92.95;374
USDRUBF;5;20240924;124500;92.94;92.95;92.88;92.95;623
USDRUBF;5;20240924;125000;92.97;93.05;92.94;92.95;238
USDRUBF;5;20240924;125500;92.98;92.98;92.94;92.94;49
USDRUBF;5;20240924;130000;92.94;92.95;92.91;92.91;22
USDRUBF;5;20240924;130500;92.9;92.93;92.9;92.9;137
USDRUBF;5;20240924;131000;92.91;92.93;92.88;92.9;1504
USDRUBF;5;20240924;131500;92.89;92.9;92.88;92.88;849
USDRUBF;5;20240924;132000;92.89;92.9;92.88;92.88;77
USDRUBF;5;20240924;132500;92.88;92.9;92.84;92.9;644
USDRUBF;5;20240924;133000;92.9;92.9;92.89;92.89;397
USDRUBF;5;20240924;133500;92.9;92.9;92.89;92.9;944
USDRUBF;5;20240924;134000;92.9;92.9;92.89;92.89;45
USDRUBF;5;20240924;134500;92.89;92.9;92.87;92.89;124
USDRUBF;5;20240924;135000;92.89;92.9;92.84;92.85;295
USDRUBF;5;20240924;135500;92.84;92.85;92.8;92.81;1411
USDRUBF;5;20240924;140500;92.81;92.84;92.81;92.84;56
USDRUBF;5;20240924;141000;92.82;92.85;92.8;92.8;525
USDRUBF;5;20240924;141500;92.81;92.83;92.81;92.81;13
USDRUBF;5;20240924;142000;92.82;92.85;92.82;92.82;74
USDRUBF;5;20240924;142500;92.83;92.85;92.82;92.85;42
USDRUBF;5;20240924;143000;92.84;92.84;92.83;92.83;103
USDRUBF;5;20240924;143500;92.84;92.85;92.81;92.85;606
USDRUBF;5;20240924;144000;92.81;92.84;92.8;92.82;400
USDRUBF;5;20240924;144500;92.82;92.82;92.61;92.67;3330
USDRUBF;5;20240924;145000;92.67;92.73;92.66;92.72;421
USDRUBF;5;20240924;145500;92.73;92.75;92.73;92.75;226
USDRUBF;5;20240924;150000;92.76;92.76;92.76;92.76;16
USDRUBF;5;20240924;150500;92.76;92.76;92.7;92.72;371
USDRUBF;5;20240924;151000;92.71;92.72;92.68;92.7;347
USDRUBF;5;20240924;151500;92.7;92.76;92.7;92.74;499
USDRUBF;5;20240924;152000;92.74;92.8;92.74;92.78;432
USDRUBF;5;20240924;152500;92.77;92.79;92.77;92.78;147
USDRUBF;5;20240924;153000;92.75;92.75;92.71;92.72;504
USDRUBF;5;20240924;153500;92.73;92.74;92.69;92.69;438
USDRUBF;5;20240924;154000;92.68;92.69;92.67;92.68;202
USDRUBF;5;20240924;154500;92.67;92.68;92.57;92.57;1816
USDRUBF;5;20240924;155000;92.57;92.58;92.34;92.41;3729
USDRUBF;5;20240924;155500;92.4;92.47;92.37;92.37;484
USDRUBF;5;20240924;160000;92.37;92.39;92.2;92.34;4452
USDRUBF;5;20240924;160500;92.33;92.42;92.3;92.4;1917
USDRUBF;5;20240924;161000;92.41;92.51;92.37;92.48;878
USDRUBF;5;20240924;161500;92.48;92.49;92.36;92.38;500
USDRUBF;5;20240924;162000;92.36;92.37;92.33;92.35;570
USDRUBF;5;20240924;162500;92.35;92.35;92.24;92.32;464
USDRUBF;5;20240924;163000;92.3;92.39;92.28;92.37;1019
USDRUBF;5;20240924;163500;92.37;92.4;92.36;92.39;58
USDRUBF;5;20240924;164000;92.38;92.4;92.35;92.35;129
USDRUBF;5;20240924;164500;92.36;92.4;92.36;92.38;369
USDRUBF;5;20240924;165000;92.38;92.38;92.32;92.34;1318
USDRUBF;5;20240924;165500;92.33;92.34;92.27;92.28;1418
USDRUBF;5;20240924;170000;92.29;92.36;92.11;92.17;2525
USDRUBF;5;20240924;170500;92.18;92.23;92.16;92.2;1104
USDRUBF;5;20240924;171000;92.19;92.21;92.17;92.19;327
USDRUBF;5;20240924;171500;92.19;92.2;92.14;92.14;492
USDRUBF;5;20240924;172000;92.15;92.17;92.07;92.16;693
USDRUBF;5;20240924;172500;92.16;92.16;91.96;92;3932
USDRUBF;5;20240924;173000;92;92.05;91.99;92.05;1809
USDRUBF;5;20240924;173500;92.05;92.1;92.04;92.08;5187
USDRUBF;5;20240924;174000;92.07;92.08;92.05;92.05;599
USDRUBF;5;20240924;174500;92.06;92.08;92.02;92.04;2121
USDRUBF;5;20240924;175000;92.03;92.08;92.03;92.06;639
USDRUBF;5;20240924;175500;92.06;92.09;92.05;92.08;185
USDRUBF;5;20240924;180000;92.05;92.08;92.05;92.07;1491
USDRUBF;5;20240924;180500;92.07;92.09;92.05;92.08;805
USDRUBF;5;20240924;181000;92.07;92.07;92.05;92.05;598
USDRUBF;5;20240924;181500;92.06;92.1;92.05;92.09;468
USDRUBF;5;20240924;182000;92.09;92.09;92.06;92.07;119
USDRUBF;5;20240924;182500;92.07;92.23;92.06;92.22;546
USDRUBF;5;20240924;183000;92.2;92.26;92.2;92.25;289
USDRUBF;5;20240924;183500;92.23;92.27;92.18;92.18;174
USDRUBF;5;20240924;184000;92.2;92.25;92.2;92.21;316
USDRUBF;5;20240924;184500;92.21;92.22;92.11;92.12;151
USDRUBF;5;20240924;190500;92.14;92.14;91.99;92.09;410
USDRUBF;5;20240924;191000;92.13;92.16;92.11;92.13;73
USDRUBF;5;20240924;191500;92.13;92.25;92.13;92.21;357
USDRUBF;5;20240924;192000;92.21;92.26;92.21;92.25;239
USDRUBF;5;20240924;192500;92.24;92.24;92.2;92.2;59
USDRUBF;5;20240924;193000;92.19;92.22;92.17;92.17;28
USDRUBF;5;20240924;193500;92.18;92.2;92.16;92.16;53
USDRUBF;5;20240924;194000;92.16;92.17;92.16;92.17;27
USDRUBF;5;20240924;194500;92.16;92.19;92.16;92.19;43
USDRUBF;5;20240924;195000;92.18;92.2;92.18;92.2;45
USDRUBF;5;20240924;195500;92.21;92.24;92.21;92.22;118
USDRUBF;5;20240924;200000;92.22;92.24;92.21;92.21;32
USDRUBF;5;20240924;200500;92.24;92.24;92.24;92.24;11
USDRUBF;5;20240924;201000;92.25;92.25;92.21;92.21;21
USDRUBF;5;20240924;201500;92.24;92.25;92.21;92.21;50
USDRUBF;5;20240924;202000;92.24;92.25;92.24;92.24;27
USDRUBF;5;20240924;202500;92.25;92.25;92.21;92.25;28
USDRUBF;5;20240924;203500;92.24;92.24;92.22;92.22;9
USDRUBF;5;20240924;204000;92.22;92.22;92.21;92.21;45
USDRUBF;5;20240924;205000;92.23;92.23;92.21;92.21;11
USDRUBF;5;20240924;205500;92.21;92.23;92.21;92.23;18
USDRUBF;5;20240924;210000;92.23;92.23;92.23;92.23;1
USDRUBF;5;20240924;210500;92.23;92.23;92.2;92.2;60
USDRUBF;5;20240924;211000;92.2;92.21;92.2;92.21;83
USDRUBF;5;20240924;211500;92.21;92.21;92.18;92.19;143
USDRUBF;5;20240924;212500;92.19;92.2;92.18;92.2;40
USDRUBF;5;20240924;213000;92.18;92.19;92.16;92.19;61
USDRUBF;5;20240924;213500;92.18;92.18;92.18;92.18;2
USDRUBF;5;20240924;214000;92.18;92.18;92.16;92.16;62
USDRUBF;5;20240924;214500;92.17;92.17;92.15;92.17;94
USDRUBF;5;20240924;215000;92.18;92.18;92.18;92.18;29
USDRUBF;5;20240924;215500;92.16;92.18;92.16;92.16;7
USDRUBF;5;20240924;220000;92.18;92.18;92.14;92.14;107
USDRUBF;5;20240924;220500;92.14;92.17;92.14;92.14;27
USDRUBF;5;20240924;222000;92.15;92.15;92.15;92.15;1
USDRUBF;5;20240924;222500;92.15;92.16;92.14;92.14;12
USDRUBF;5;20240924;223000;92.14;92.14;92.14;92.14;20
USDRUBF;5;20240924;223500;92.13;92.16;92.13;92.15;5
USDRUBF;5;20240924;224000;92.14;92.16;92.14;92.16;12
USDRUBF;5;20240924;224500;92.14;92.16;92.13;92.15;19
USDRUBF;5;20240924;225000;92.15;92.16;92.14;92.16;19
USDRUBF;5;20240924;225500;92.15;92.15;92.14;92.14;9
USDRUBF;5;20240924;230000;92.15;92.16;92.15;92.16;12
USDRUBF;5;20240924;230500;92.15;92.15;92.11;92.11;76
USDRUBF;5;20240924;231000;92.11;92.12;92.1;92.1;75
USDRUBF;5;20240924;231500;92.09;92.09;92.08;92.08;5
USDRUBF;5;20240924;232000;92.08;92.09;92.07;92.09;18
USDRUBF;5;20240924;232500;92.08;92.08;92.08;92.08;1
USDRUBF;5;20240924;233000;92.08;92.08;92.08;92.08;6
USDRUBF;5;20240924;233500;92.08;92.08;92.06;92.06;26
USDRUBF;5;20240924;234000;92.08;92.08;92.07;92.08;60
USDRUBF;5;20240924;234500;92.08;92.08;92.06;92.06;44
USDRUBF;5;20240925;100000;92.07;92.32;92.07;92.28;1726
USDRUBF;5;20240925;100500;92.27;92.32;92.22;92.28;276
USDRUBF;5;20240925;101000;92.25;92.28;92.18;92.18;641
USDRUBF;5;20240925;101500;92.19;92.19;92;92.08;1214
USDRUBF;5;20240925;102000;92.06;92.12;92.02;92.12;270
USDRUBF;5;20240925;102500;92.09;92.22;92.07;92.19;419
USDRUBF;5;20240925;103000;92.2;92.28;92.18;92.24;565
USDRUBF;5;20240925;103500;92.25;92.25;92.1;92.11;386
USDRUBF;5;20240925;104000;92.11;92.11;92;92.01;1352
USDRUBF;5;20240925;104500;92.01;92.03;91.87;91.95;3788
USDRUBF;5;20240925;105000;91.96;92.09;91.91;92.06;792
USDRUBF;5;20240925;105500;92.06;92.07;91.91;91.95;473
USDRUBF;5;20240925;110000;91.95;91.96;91.76;91.8;1160
USDRUBF;5;20240925;110500;91.84;91.92;91.81;91.83;1233
USDRUBF;5;20240925;111000;91.85;91.87;91.75;91.84;4577
USDRUBF;5;20240925;111500;91.84;91.84;91.67;91.72;1455
USDRUBF;5;20240925;112000;91.7;91.74;91.55;91.66;4048
USDRUBF;5;20240925;112500;91.64;91.79;91.62;91.74;1609
USDRUBF;5;20240925;113000;91.74;91.83;91.68;91.74;1073
USDRUBF;5;20240925;113500;91.75;91.89;91.67;91.89;799
USDRUBF;5;20240925;114000;91.89;91.89;91.76;91.82;2361
USDRUBF;5;20240925;114500;91.85;91.87;91.82;91.85;518
USDRUBF;5;20240925;115000;91.85;91.88;91.83;91.87;438
USDRUBF;5;20240925;115500;91.85;91.88;91.83;91.86;240
USDRUBF;5;20240925;120000;91.86;91.86;91.73;91.74;943
USDRUBF;5;20240925;120500;91.73;91.89;91.73;91.86;166
USDRUBF;5;20240925;121000;91.87;91.89;91.81;91.81;240
USDRUBF;5;20240925;121500;91.84;91.92;91.83;91.89;220
USDRUBF;5;20240925;122000;91.92;92.01;91.89;92.01;458
USDRUBF;5;20240925;122500;92;92.15;91.91;91.92;662
USDRUBF;5;20240925;123000;91.94;91.99;91.94;91.99;451
USDRUBF;5;20240925;123500;92;92;91.85;91.94;480
USDRUBF;5;20240925;124000;91.95;91.96;91.9;91.94;1779
USDRUBF;5;20240925;124500;91.95;92.01;91.9;91.92;478
USDRUBF;5;20240925;125000;91.94;91.98;91.93;91.95;175
USDRUBF;5;20240925;125500;91.95;91.97;91.9;91.9;498
USDRUBF;5;20240925;130000;91.9;92.08;91.9;92.04;967
USDRUBF;5;20240925;130500;92.06;92.06;91.94;91.96;322
USDRUBF;5;20240925;131000;91.97;92.03;91.97;92.03;456
USDRUBF;5;20240925;131500;92.02;92.06;92;92;329
USDRUBF;5;20240925;132000;92.01;92.05;91.97;92.02;131
USDRUBF;5;20240925;132500;92.01;92.01;91.96;91.97;129
USDRUBF;5;20240925;133000;91.95;91.96;91.94;91.95;334
USDRUBF;5;20240925;133500;91.95;91.98;91.92;91.98;302
USDRUBF;5;20240925;134000;91.98;92.02;91.95;91.99;134
USDRUBF;5;20240925;134500;91.98;92.11;91.98;92.11;314
USDRUBF;5;20240925;135000;92.11;92.17;92.1;92.14;817
USDRUBF;5;20240925;135500;92.14;92.18;92.11;92.18;411
USDRUBF;5;20240925;140500;92.17;92.19;92.14;92.15;524
USDRUBF;5;20240925;141000;92.15;92.18;92.13;92.17;352
USDRUBF;5;20240925;141500;92.17;92.19;92.02;92.03;1589
USDRUBF;5;20240925;142000;92.04;92.11;92.04;92.06;212
USDRUBF;5;20240925;142500;92.07;92.13;92.07;92.12;203
USDRUBF;5;20240925;143000;92.14;92.18;92.14;92.17;151
USDRUBF;5;20240925;143500;92.16;92.16;92.06;92.11;507
USDRUBF;5;20240925;144000;92.16;92.16;92.07;92.09;561
USDRUBF;5;20240925;144500;92.09;92.1;92.09;92.1;1680
USDRUBF;5;20240925;145000;92.1;92.14;92.04;92.04;1039
USDRUBF;5;20240925;145500;92.06;92.13;91.98;92.12;3181
USDRUBF;5;20240925;150000;92.11;92.15;92.11;92.14;261
USDRUBF;5;20240925;150500;92.13;92.15;92.13;92.15;39
USDRUBF;5;20240925;151000;92.17;92.17;92.14;92.16;37
USDRUBF;5;20240925;151500;92.17;92.21;92.15;92.2;289
USDRUBF;5;20240925;152000;92.2;92.21;92.16;92.16;738
USDRUBF;5;20240925;152500;92.16;92.18;92.1;92.12;156
USDRUBF;5;20240925;153000;92.13;92.28;92.1;92.19;4928
USDRUBF;5;20240925;153500;92.2;92.28;92.2;92.25;306
USDRUBF;5;20240925;154000;92.27;92.29;92.25;92.28;109
USDRUBF;5;20240925;154500;92.29;92.34;92.27;92.3;478
USDRUBF;5;20240925;155000;92.31;92.37;92.31;92.36;397
USDRUBF;5;20240925;155500;92.37;92.38;92.35;92.38;425
USDRUBF;5;20240925;160000;92.38;92.4;92.37;92.39;674
USDRUBF;5;20240925;160500;92.4;92.43;92.3;92.3;412
USDRUBF;5;20240925;161000;92.31;92.38;92.3;92.3;100
USDRUBF;5;20240925;161500;92.3;92.36;92.3;92.32;85
USDRUBF;5;20240925;162000;92.31;92.32;92.22;92.28;1362
USDRUBF;5;20240925;162500;92.27;92.28;92.1;92.16;2460
USDRUBF;5;20240925;163000;92.16;92.22;92.16;92.16;740
USDRUBF;5;20240925;163500;92.18;92.18;92.12;92.17;1288
USDRUBF;5;20240925;164000;92.17;92.18;92.1;92.11;926
USDRUBF;5;20240925;164500;92.12;92.2;92.11;92.2;51
USDRUBF;5;20240925;165000;92.2;92.25;92.19;92.24;323
USDRUBF;5;20240925;165500;92.26;92.26;92.26;92.26;3
USDRUBF;5;20240925;170000;92.26;92.28;92.26;92.28;223
USDRUBF;5;20240925;170500;92.28;92.28;92.22;92.25;584
USDRUBF;5;20240925;171000;92.27;92.29;92.22;92.25;230
USDRUBF;5;20240925;171500;92.29;92.31;92.28;92.28;131
USDRUBF;5;20240925;172000;92.28;92.28;92.25;92.27;259
USDRUBF;5;20240925;172500;92.29;92.37;92.29;92.37;378
USDRUBF;5;20240925;173000;92.36;92.42;92.36;92.4;487
USDRUBF;5;20240925;173500;92.4;92.43;92.4;92.41;71
USDRUBF;5;20240925;174000;92.41;92.41;92.4;92.4;19
USDRUBF;5;20240925;174500;92.4;92.46;92.4;92.4;588
USDRUBF;5;20240925;175000;92.42;92.44;92.39;92.39;635
USDRUBF;5;20240925;175500;92.39;92.4;92.34;92.38;716
USDRUBF;5;20240925;180000;92.39;92.43;92.37;92.41;354
USDRUBF;5;20240925;180500;92.42;92.42;92.38;92.4;478
USDRUBF;5;20240925;181000;92.4;92.4;92.32;92.37;463
USDRUBF;5;20240925;181500;92.37;92.43;92.37;92.4;281
USDRUBF;5;20240925;182000;92.41;92.43;92.39;92.43;1512
USDRUBF;5;20240925;182500;92.44;92.45;92.33;92.36;1365
USDRUBF;5;20240925;183000;92.36;92.4;92.2;92.39;2210
USDRUBF;5;20240925;183500;92.4;92.46;92.39;92.42;277
USDRUBF;5;20240925;184000;92.45;92.5;92.42;92.47;1419
USDRUBF;5;20240925;184500;92.48;92.48;92.47;92.47;71
USDRUBF;5;20240925;190500;92.47;92.5;92.37;92.39;243
USDRUBF;5;20240925;191000;92.38;92.38;92.32;92.35;88
USDRUBF;5;20240925;191500;92.33;92.36;92.33;92.36;78
USDRUBF;5;20240925;192000;92.35;92.38;92.34;92.37;43
USDRUBF;5;20240925;192500;92.34;92.35;92.34;92.35;23
USDRUBF;5;20240925;193000;92.34;92.34;92.34;92.34;16
USDRUBF;5;20240925;193500;92.34;92.35;92.34;92.35;83
USDRUBF;5;20240925;194000;92.35;92.39;92.35;92.39;109
USDRUBF;5;20240925;194500;92.39;92.39;92.36;92.36;2
USDRUBF;5;20240925;195000;92.35;92.35;92.35;92.35;1
USDRUBF;5;20240925;195500;92.35;92.35;92.34;92.34;14
USDRUBF;5;20240925;200000;92.37;92.38;92.34;92.34;22
USDRUBF;5;20240925;200500;92.36;92.39;92.36;92.39;25
USDRUBF;5;20240925;201000;92.38;92.39;92.38;92.38;6
USDRUBF;5;20240925;201500;92.38;92.38;92.36;92.36;33
USDRUBF;5;20240925;202000;92.38;92.39;92.36;92.36;50
USDRUBF;5;20240925;202500;92.35;92.35;92.34;92.34;42
USDRUBF;5;20240925;203000;92.35;92.35;92.33;92.35;18
USDRUBF;5;20240925;203500;92.33;92.33;92.31;92.31;35
USDRUBF;5;20240925;204000;92.31;92.32;92.29;92.29;43
USDRUBF;5;20240925;204500;92.33;92.35;92.33;92.35;30
USDRUBF;5;20240925;205000;92.35;92.36;92.32;92.32;40
USDRUBF;5;20240925;205500;92.32;92.33;92.32;92.32;12
USDRUBF;5;20240925;210000;92.32;92.32;92.32;92.32;8
USDRUBF;5;20240925;210500;92.32;92.32;92.32;92.32;2
USDRUBF;5;20240925;211000;92.32;92.32;92.32;92.32;1
USDRUBF;5;20240925;211500;92.35;92.35;92.35;92.35;2
USDRUBF;5;20240925;212000;92.34;92.35;92.33;92.33;14
USDRUBF;5;20240925;212500;92.33;92.33;92.32;92.32;7
USDRUBF;5;20240925;213000;92.32;92.33;92.32;92.33;8
USDRUBF;5;20240925;213500;92.33;92.33;92.18;92.18;816
USDRUBF;5;20240925;214000;92.19;92.24;92.12;92.18;982
USDRUBF;5;20240925;214500;92.18;92.2;92.18;92.19;78
USDRUBF;5;20240925;215000;92.19;92.2;92.16;92.19;55
USDRUBF;5;20240925;215500;92.19;92.2;92.18;92.2;39
USDRUBF;5;20240925;220000;92.2;92.22;92.2;92.22;416
USDRUBF;5;20240925;220500;92.21;92.23;92.21;92.22;230
USDRUBF;5;20240925;221000;92.22;92.23;92.22;92.23;28
USDRUBF;5;20240925;221500;92.22;92.23;92.22;92.22;38
USDRUBF;5;20240925;222500;92.21;92.21;92.2;92.2;14
USDRUBF;5;20240925;223000;92.2;92.21;92.2;92.21;3
USDRUBF;5;20240925;223500;92.21;92.21;92.21;92.21;8
USDRUBF;5;20240925;224000;92.22;92.22;92.21;92.21;12
USDRUBF;5;20240925;224500;92.22;92.24;92.22;92.24;29
USDRUBF;5;20240925;225000;92.24;92.26;92.24;92.26;42
USDRUBF;5;20240925;225500;92.26;92.26;92.26;92.26;4
USDRUBF;5;20240925;230000;92.24;92.25;92.24;92.25;7
USDRUBF;5;20240925;230500;92.26;92.27;92.26;92.27;21
USDRUBF;5;20240925;231000;92.25;92.25;92.25;92.25;1
USDRUBF;5;20240925;232000;92.27;92.27;92.27;92.27;1
USDRUBF;5;20240925;232500;92.25;92.27;92.25;92.25;11
USDRUBF;5;20240925;233000;92.26;92.26;92.25;92.25;3
USDRUBF;5;20240925;233500;92.27;92.27;92.26;92.26;6
USDRUBF;5;20240925;234000;92.25;92.25;92.21;92.21;22
USDRUBF;5;20240925;234500;92.22;92.23;92.22;92.23;5
USDRUBF;5;20240926;100000;92.25;92.29;92.02;92.08;698
USDRUBF;5;20240926;100500;92.08;92.15;92.03;92.14;407
USDRUBF;5;20240926;101000;92.13;92.16;92.09;92.09;896
USDRUBF;5;20240926;101500;92.09;92.1;92.06;92.06;571
USDRUBF;5;20240926;102000;92.06;92.15;92.03;92.14;1294
USDRUBF;5;20240926;102500;92.14;92.16;92.1;92.15;246
USDRUBF;5;20240926;103000;92.15;92.15;92.11;92.11;201
USDRUBF;5;20240926;103500;92.13;92.13;92.1;92.1;38
USDRUBF;5;20240926;104000;92.1;92.13;92.1;92.11;304
USDRUBF;5;20240926;104500;92.11;92.15;92.11;92.15;125
USDRUBF;5;20240926;105000;92.15;92.19;92.13;92.13;193
USDRUBF;5;20240926;105500;92.16;92.28;92.15;92.25;335
USDRUBF;5;20240926;110000;92.27;92.29;92.21;92.21;548
USDRUBF;5;20240926;110500;92.23;92.33;92.23;92.31;452
USDRUBF;5;20240926;111000;92.32;92.32;92.27;92.29;292
USDRUBF;5;20240926;111500;92.27;92.35;92.27;92.32;570
USDRUBF;5;20240926;112000;92.33;92.36;92.31;92.35;751
USDRUBF;5;20240926;112500;92.35;92.35;92.24;92.26;868
USDRUBF;5;20240926;113000;92.26;92.34;92.25;92.32;421
USDRUBF;5;20240926;113500;92.34;92.37;92.33;92.37;658
USDRUBF;5;20240926;114000;92.37;92.39;92.37;92.39;896
USDRUBF;5;20240926;114500;92.39;92.4;92.3;92.35;2448
USDRUBF;5;20240926;115000;92.36;92.38;92.36;92.37;178
USDRUBF;5;20240926;115500;92.37;92.4;92.37;92.38;1891
USDRUBF;5;20240926;120000;92.39;92.42;92.37;92.4;975
USDRUBF;5;20240926;120500;92.42;92.43;92.39;92.43;550
USDRUBF;5;20240926;121000;92.42;92.42;92.37;92.38;301
USDRUBF;5;20240926;121500;92.36;92.36;92.22;92.28;1212
USDRUBF;5;20240926;122000;92.25;92.32;92.24;92.32;596
USDRUBF;5;20240926;122500;92.26;92.26;92.18;92.26;538
USDRUBF;5;20240926;123000;92.25;92.29;92.17;92.28;355
USDRUBF;5;20240926;123500;92.29;92.3;92.25;92.28;114
USDRUBF;5;20240926;124000;92.29;92.3;92.26;92.28;99
USDRUBF;5;20240926;124500;92.3;92.35;92.26;92.33;522
USDRUBF;5;20240926;125000;92.32;92.32;92.26;92.31;198
USDRUBF;5;20240926;125500;92.31;92.31;92.29;92.31;687
USDRUBF;5;20240926;130000;92.31;92.31;92.28;92.3;308
USDRUBF;5;20240926;130500;92.31;92.31;92.27;92.28;394
USDRUBF;5;20240926;131000;92.26;92.27;92.16;92.23;3320
USDRUBF;5;20240926;131500;92.23;92.25;92.1;92.13;1743
USDRUBF;5;20240926;132000;92.12;92.22;92.12;92.22;339
USDRUBF;5;20240926;132500;92.24;92.25;92.21;92.21;521
USDRUBF;5;20240926;133000;92.24;92.27;92.2;92.26;3494
USDRUBF;5;20240926;133500;92.27;92.31;92.26;92.3;1860
USDRUBF;5;20240926;134000;92.31;92.31;92.28;92.29;245
USDRUBF;5;20240926;134500;92.31;92.37;92.3;92.34;1481
USDRUBF;5;20240926;135000;92.34;92.35;92.33;92.34;507
USDRUBF;5;20240926;135500;92.34;92.34;92.31;92.34;352
USDRUBF;5;20240926;140500;92.36;92.36;92.34;92.35;217
USDRUBF;5;20240926;141000;92.35;92.37;92.35;92.37;83
USDRUBF;5;20240926;141500;92.37;92.38;92.35;92.38;363
USDRUBF;5;20240926;142000;92.38;92.4;92.38;92.4;124
USDRUBF;5;20240926;142500;92.41;92.42;92.31;92.34;1050
USDRUBF;5;20240926;143000;92.34;92.34;92.31;92.31;345
USDRUBF;5;20240926;143500;92.31;92.35;92.31;92.33;1193
USDRUBF;5;20240926;144000;92.35;92.37;92.35;92.37;41
USDRUBF;5;20240926;144500;92.37;92.4;92.35;92.37;283
USDRUBF;5;20240926;145000;92.37;92.55;92.36;92.51;1630
USDRUBF;5;20240926;145500;92.48;92.51;92.48;92.49;185
USDRUBF;5;20240926;150000;92.5;92.52;92.46;92.47;457
USDRUBF;5;20240926;150500;92.49;92.51;92.43;92.49;416
USDRUBF;5;20240926;151000;92.44;92.48;92.43;92.45;693
USDRUBF;5;20240926;151500;92.45;92.58;92.43;92.57;2544
USDRUBF;5;20240926;152000;92.59;92.6;92.53;92.54;447
USDRUBF;5;20240926;152500;92.53;92.56;92.5;92.55;464
USDRUBF;5;20240926;153000;92.55;92.57;92.5;92.56;728
USDRUBF;5;20240926;153500;92.55;92.55;92.47;92.5;1596
USDRUBF;5;20240926;154000;92.5;92.5;92.47;92.49;68
USDRUBF;5;20240926;154500;92.49;92.52;92.48;92.5;197
USDRUBF;5;20240926;155000;92.52;92.52;92.41;92.48;2951
USDRUBF;5;20240926;155500;92.47;92.5;92.47;92.5;442
USDRUBF;5;20240926;160000;92.49;92.51;92.48;92.5;1229
USDRUBF;5;20240926;160500;92.51;92.6;92.5;92.55;2281
USDRUBF;5;20240926;161000;92.54;92.54;92.52;92.52;55
USDRUBF;5;20240926;161500;92.54;92.61;92.52;92.61;229
USDRUBF;5;20240926;162000;92.61;92.64;92.61;92.61;48
USDRUBF;5;20240926;162500;92.63;92.65;92.57;92.57;476
USDRUBF;5;20240926;163000;92.6;92.61;92.58;92.6;140
USDRUBF;5;20240926;163500;92.59;92.6;92.55;92.6;1032
USDRUBF;5;20240926;164000;92.6;92.64;92.58;92.6;102
USDRUBF;5;20240926;164500;92.6;92.65;92.6;92.65;546
USDRUBF;5;20240926;165000;92.65;92.76;92.61;92.7;1175
USDRUBF;5;20240926;165500;92.7;92.79;92.65;92.67;2053
USDRUBF;5;20240926;170000;92.66;92.68;92.61;92.61;632
USDRUBF;5;20240926;170500;92.63;92.65;92.59;92.63;836
USDRUBF;5;20240926;171000;92.58;92.61;92.55;92.56;316
USDRUBF;5;20240926;171500;92.56;92.6;92.56;92.59;348
USDRUBF;5;20240926;172000;92.61;92.69;92.61;92.66;1784
USDRUBF;5;20240926;172500;92.64;92.66;92.62;92.63;371
USDRUBF;5;20240926;173000;92.64;92.67;92.62;92.65;722
USDRUBF;5;20240926;173500;92.62;92.62;92.54;92.55;382
USDRUBF;5;20240926;174000;92.58;92.58;92.55;92.57;84
USDRUBF;5;20240926;174500;92.57;92.57;92.55;92.57;17
USDRUBF;5;20240926;175000;92.55;92.57;92.55;92.55;54
USDRUBF;5;20240926;175500;92.55;92.55;92.5;92.52;274
USDRUBF;5;20240926;180000;92.54;92.58;92.52;92.52;1092
USDRUBF;5;20240926;180500;92.52;92.52;92.45;92.46;946
USDRUBF;5;20240926;181000;92.46;92.5;92.42;92.42;1610
USDRUBF;5;20240926;181500;92.43;92.48;92.42;92.47;208
USDRUBF;5;20240926;182000;92.48;92.48;92.45;92.45;129
USDRUBF;5;20240926;182500;92.46;92.47;92.46;92.47;42
USDRUBF;5;20240926;183000;92.47;92.49;92.47;92.49;43
USDRUBF;5;20240926;183500;92.48;92.48;92.47;92.47;52
USDRUBF;5;20240926;184000;92.47;92.47;92.47;92.47;89
USDRUBF;5;20240926;184500;92.48;92.48;92.47;92.48;39
USDRUBF;5;20240926;190500;92.47;92.49;92.44;92.44;37
USDRUBF;5;20240926;191000;92.45;92.46;92.45;92.46;36
USDRUBF;5;20240926;191500;92.45;92.46;92.45;92.46;4
USDRUBF;5;20240926;192000;92.43;92.43;92.36;92.38;178
USDRUBF;5;20240926;192500;92.38;92.38;92.35;92.38;29
USDRUBF;5;20240926;193000;92.42;92.42;92.42;92.42;14
USDRUBF;5;20240926;194000;92.42;92.42;92.42;92.42;3
USDRUBF;5;20240926;194500;92.42;92.42;92.42;92.42;9
USDRUBF;5;20240926;195000;92.42;92.42;92.42;92.42;8
USDRUBF;5;20240926;195500;92.43;92.43;92.43;92.43;1
USDRUBF;5;20240926;201000;92.44;92.45;92.44;92.45;25
USDRUBF;5;20240926;202000;92.47;92.48;92.45;92.45;3
USDRUBF;5;20240926;202500;92.46;92.46;92.46;92.46;5
USDRUBF;5;20240926;203500;92.47;92.47;92.44;92.45;68
USDRUBF;5;20240926;204000;92.45;92.45;92.43;92.45;15
USDRUBF;5;20240926;204500;92.44;92.44;92.44;92.44;1
USDRUBF;5;20240926;205000;92.43;92.45;92.43;92.43;16
USDRUBF;5;20240926;205500;92.44;92.45;92.44;92.45;2
USDRUBF;5;20240926;210000;92.47;92.47;92.45;92.47;41
USDRUBF;5;20240926;211000;92.47;92.49;92.47;92.48;51
USDRUBF;5;20240926;211500;92.47;92.47;92.47;92.47;1
USDRUBF;5;20240926;212000;92.49;92.49;92.49;92.49;4
USDRUBF;5;20240926;212500;92.46;92.46;92.45;92.45;14
USDRUBF;5;20240926;213500;92.47;92.48;92.47;92.48;15
USDRUBF;5;20240926;214500;92.47;92.47;92.47;92.47;4
USDRUBF;5;20240926;215000;92.47;92.49;92.47;92.49;162
USDRUBF;5;20240926;215500;92.49;92.51;92.47;92.5;51
USDRUBF;5;20240926;220000;92.49;92.49;92.49;92.49;2
USDRUBF;5;20240926;220500;92.49;92.49;92.48;92.49;6
USDRUBF;5;20240926;221000;92.5;92.52;92.5;92.52;11
USDRUBF;5;20240926;221500;92.51;92.51;92.51;92.51;1
USDRUBF;5;20240926;222000;92.51;92.51;92.51;92.51;3
USDRUBF;5;20240926;223000;92.51;92.51;92.51;92.51;2
USDRUBF;5;20240926;223500;92.51;92.51;92.51;92.51;3
USDRUBF;5;20240926;224000;92.51;92.52;92.51;92.52;8
USDRUBF;5;20240926;224500;92.52;92.52;92.48;92.48;14
USDRUBF;5;20240926;225000;92.51;92.51;92.51;92.51;8
USDRUBF;5;20240926;230500;92.5;92.5;92.5;92.5;3
USDRUBF;5;20240926;232000;92.49;92.49;92.49;92.49;2
USDRUBF;5;20240926;232500;92.5;92.5;92.5;92.5;5
USDRUBF;5;20240926;233000;92.5;92.51;92.5;92.51;4
USDRUBF;5;20240926;234000;92.52;92.52;92.46;92.46;58
USDRUBF;5;20240926;234500;92.45;92.51;92.45;92.51;6
USDRUBF;5;20240927;100000;92.49;92.57;92.46;92.55;446
USDRUBF;5;20240927;100500;92.54;92.57;92.51;92.55;237
USDRUBF;5;20240927;101000;92.53;92.53;92.44;92.5;422
USDRUBF;5;20240927;101500;92.49;92.49;92.4;92.46;469
USDRUBF;5;20240927;102000;92.47;92.48;92.39;92.4;435
USDRUBF;5;20240927;102500;92.43;92.44;92.4;92.43;114
USDRUBF;5;20240927;103000;92.41;92.46;92.4;92.46;337
USDRUBF;5;20240927;103500;92.46;92.48;92.46;92.46;102
USDRUBF;5;20240927;104000;92.46;92.48;92.46;92.48;113
USDRUBF;5;20240927;104500;92.47;92.5;92.46;92.5;884
USDRUBF;5;20240927;105000;92.5;92.63;92.5;92.63;801
USDRUBF;5;20240927;105500;92.63;92.64;92.59;92.61;317
USDRUBF;5;20240927;110000;92.62;92.73;92.62;92.68;494
USDRUBF;5;20240927;110500;92.69;92.7;92.64;92.64;411
USDRUBF;5;20240927;111000;92.64;92.68;92.64;92.64;161
USDRUBF;5;20240927;111500;92.64;92.67;92.61;92.63;428
USDRUBF;5;20240927;112000;92.63;92.65;92.61;92.63;186
USDRUBF;5;20240927;112500;92.63;92.64;92.56;92.59;708
USDRUBF;5;20240927;113000;92.58;92.61;92.58;92.59;196
USDRUBF;5;20240927;113500;92.59;92.62;92.59;92.62;276
USDRUBF;5;20240927;114000;92.63;92.64;92.6;92.62;743
USDRUBF;5;20240927;114500;92.6;92.62;92.58;92.61;956
USDRUBF;5;20240927;115000;92.61;92.62;92.58;92.59;488
USDRUBF;5;20240927;115500;92.6;92.62;92.57;92.6;150
USDRUBF;5;20240927;120000;92.6;92.61;92.57;92.6;126
USDRUBF;5;20240927;120500;92.6;92.65;92.58;92.63;688
USDRUBF;5;20240927;121000;92.63;92.65;92.61;92.65;228
USDRUBF;5;20240927;121500;92.65;92.71;92.65;92.71;1785
USDRUBF;5;20240927;122000;92.71;92.74;92.66;92.68;1151
USDRUBF;5;20240927;122500;92.67;92.75;92.62;92.75;439
USDRUBF;5;20240927;123000;92.75;92.82;92.75;92.77;1317
USDRUBF;5;20240927;123500;92.78;92.82;92.74;92.74;408
USDRUBF;5;20240927;124000;92.75;92.79;92.7;92.7;407
USDRUBF;5;20240927;124500;92.74;92.77;92.72;92.74;323
USDRUBF;5;20240927;125000;92.77;92.78;92.76;92.77;194
USDRUBF;5;20240927;125500;92.77;92.78;92.74;92.77;928
USDRUBF;5;20240927;130000;92.79;92.84;92.79;92.84;674
USDRUBF;5;20240927;130500;92.84;92.87;92.79;92.79;401
USDRUBF;5;20240927;131000;92.83;92.86;92.73;92.76;275
USDRUBF;5;20240927;131500;92.79;92.85;92.76;92.76;1327
USDRUBF;5;20240927;132000;92.76;92.76;92.71;92.74;175
USDRUBF;5;20240927;132500;92.75;92.8;92.75;92.76;85
USDRUBF;5;20240927;133000;92.75;92.82;92.75;92.82;16
USDRUBF;5;20240927;133500;92.81;92.81;92.81;92.81;1
USDRUBF;5;20240927;134000;92.8;92.81;92.8;92.8;14
USDRUBF;5;20240927;134500;92.82;92.83;92.8;92.8;133
USDRUBF;5;20240927;135000;92.8;92.8;92.75;92.75;135
USDRUBF;5;20240927;135500;92.75;92.77;92.7;92.7;802
USDRUBF;5;20240927;140500;92.7;92.73;92.67;92.67;547
USDRUBF;5;20240927;141000;92.67;92.71;92.65;92.71;686
USDRUBF;5;20240927;141500;92.7;92.75;92.68;92.69;589
USDRUBF;5;20240927;142000;92.71;92.75;92.69;92.72;333
USDRUBF;5;20240927;142500;92.72;92.72;92.7;92.7;224
USDRUBF;5;20240927;143000;92.69;92.69;92.63;92.69;995
USDRUBF;5;20240927;143500;92.67;92.67;92.59;92.6;553
USDRUBF;5;20240927;144000;92.61;92.71;92.6;92.7;507
USDRUBF;5;20240927;144500;92.7;92.73;92.66;92.73;283
USDRUBF;5;20240927;145000;92.71;92.71;92.66;92.66;221
USDRUBF;5;20240927;145500;92.69;92.72;92.69;92.72;151
USDRUBF;5;20240927;150000;92.7;92.7;92.65;92.65;154
USDRUBF;5;20240927;150500;92.66;92.72;92.66;92.72;162
USDRUBF;5;20240927;151000;92.72;92.73;92.71;92.73;176
USDRUBF;5;20240927;151500;92.73;92.74;92.72;92.72;55
USDRUBF;5;20240927;152000;92.74;92.75;92.73;92.75;157
USDRUBF;5;20240927;152500;92.75;92.75;92.71;92.71;128
USDRUBF;5;20240927;153000;92.71;92.73;92.68;92.68;147
USDRUBF;5;20240927;153500;92.68;92.71;92.68;92.71;154
USDRUBF;5;20240927;154000;92.72;92.73;92.7;92.71;86
USDRUBF;5;20240927;154500;92.71;92.71;92.65;92.68;471
USDRUBF;5;20240927;155000;92.67;92.68;92.66;92.66;119
USDRUBF;5;20240927;155500;92.66;92.66;92.62;92.62;715
USDRUBF;5;20240927;160000;92.64;92.64;92.6;92.6;804
USDRUBF;5;20240927;160500;92.59;92.63;92.54;92.61;1142
USDRUBF;5;20240927;161000;92.62;92.65;92.61;92.65;393
USDRUBF;5;20240927;161500;92.65;92.68;92.63;92.65;755
USDRUBF;5;20240927;162000;92.67;92.69;92.67;92.67;262
USDRUBF;5;20240927;162500;92.69;92.69;92.67;92.67;145
USDRUBF;5;20240927;163000;92.67;92.69;92.66;92.66;31
USDRUBF;5;20240927;163500;92.68;92.72;92.68;92.72;204
USDRUBF;5;20240927;164000;92.73;92.75;92.7;92.7;215
USDRUBF;5;20240927;164500;92.73;92.73;92.73;92.73;5
USDRUBF;5;20240927;165000;92.74;92.76;92.71;92.72;392
USDRUBF;5;20240927;165500;92.74;92.76;92.73;92.73;90
USDRUBF;5;20240927;170000;92.73;92.75;92.71;92.72;231
USDRUBF;5;20240927;170500;92.72;92.75;92.71;92.75;124
USDRUBF;5;20240927;171000;92.75;92.75;92.73;92.74;113
USDRUBF;5;20240927;171500;92.74;92.79;92.73;92.79;622
USDRUBF;5;20240927;172000;92.78;92.81;92.78;92.78;185
USDRUBF;5;20240927;172500;92.79;92.81;92.78;92.81;160
USDRUBF;5;20240927;173000;92.8;92.8;92.79;92.79;38
USDRUBF;5;20240927;173500;92.79;92.79;92.78;92.78;49
USDRUBF;5;20240927;174000;92.77;92.78;92.76;92.78;63
USDRUBF;5;20240927;174500;92.77;92.78;92.75;92.78;343
USDRUBF;5;20240927;175000;92.78;92.78;92.75;92.75;34
USDRUBF;5;20240927;175500;92.75;92.78;92.74;92.77;30
USDRUBF;5;20240927;180000;92.77;92.77;92.75;92.76;45
USDRUBF;5;20240927;180500;92.76;92.79;92.76;92.79;183
USDRUBF;5;20240927;181000;92.8;92.8;92.75;92.75;406
USDRUBF;5;20240927;181500;92.74;92.77;92.73;92.77;129
USDRUBF;5;20240927;182000;92.76;92.76;92.7;92.7;352
USDRUBF;5;20240927;182500;92.71;92.77;92.7;92.75;433
USDRUBF;5;20240927;183000;92.75;92.76;92.75;92.75;241
USDRUBF;5;20240927;183500;92.74;92.75;92.73;92.74;106
USDRUBF;5;20240927;184000;92.74;92.75;92.73;92.75;323
USDRUBF;5;20240927;184500;92.76;92.77;92.65;92.77;255
USDRUBF;5;20240927;190500;92.71;92.73;92.7;92.73;6
USDRUBF;5;20240927;191000;92.72;92.74;92.71;92.74;31
USDRUBF;5;20240927;191500;92.75;92.75;92.67;92.67;82
USDRUBF;5;20240927;192000;92.68;92.72;92.68;92.68;99
USDRUBF;5;20240927;192500;92.71;92.74;92.7;92.74;52
USDRUBF;5;20240927;193000;92.74;92.74;92.71;92.72;28
USDRUBF;5;20240927;193500;92.73;92.73;92.73;92.73;11
USDRUBF;5;20240927;194000;92.74;92.74;92.73;92.73;4
USDRUBF;5;20240927;194500;92.73;92.75;92.73;92.73;10
USDRUBF;5;20240927;195000;92.73;92.73;92.69;92.7;27
USDRUBF;5;20240927;195500;92.72;92.73;92.72;92.73;6
USDRUBF;5;20240927;200000;92.72;92.73;92.72;92.73;8
USDRUBF;5;20240927;200500;92.73;92.73;92.73;92.73;2
USDRUBF;5;20240927;201000;92.73;92.73;92.72;92.72;13
USDRUBF;5;20240927;201500;92.72;92.79;92.72;92.79;150
USDRUBF;5;20240927;202000;92.79;92.79;92.76;92.76;12
USDRUBF;5;20240927;202500;92.76;92.77;92.75;92.77;47
USDRUBF;5;20240927;203000;92.76;92.76;92.76;92.76;6
USDRUBF;5;20240927;203500;92.75;92.75;92.73;92.73;32
USDRUBF;5;20240927;204000;92.75;92.77;92.74;92.77;53
USDRUBF;5;20240927;204500;92.77;92.77;92.77;92.77;11
USDRUBF;5;20240927;205000;92.78;92.78;92.78;92.78;1
USDRUBF;5;20240927;205500;92.77;92.77;92.77;92.77;2
USDRUBF;5;20240927;210500;92.78;92.78;92.78;92.78;8
USDRUBF;5;20240927;211500;92.79;92.81;92.78;92.79;112
USDRUBF;5;20240927;212500;92.81;92.81;92.81;92.81;1
USDRUBF;5;20240927;213000;92.81;92.82;92.79;92.79;67
USDRUBF;5;20240927;213500;92.79;92.79;92.79;92.79;2
USDRUBF;5;20240927;214000;92.78;92.82;92.78;92.82;31
USDRUBF;5;20240927;214500;92.83;92.83;92.78;92.78;31
USDRUBF;5;20240927;215500;92.81;92.81;92.81;92.81;2
USDRUBF;5;20240927;220000;92.81;92.84;92.8;92.8;95
USDRUBF;5;20240927;220500;92.83;92.84;92.82;92.82;9
USDRUBF;5;20240927;221000;92.82;92.82;92.82;92.82;1
USDRUBF;5;20240927;221500;92.81;92.81;92.81;92.81;5
USDRUBF;5;20240927;222000;92.82;92.84;92.82;92.83;19
USDRUBF;5;20240927;222500;92.81;92.84;92.81;92.82;19
USDRUBF;5;20240927;223000;92.81;92.82;92.81;92.81;46
USDRUBF;5;20240927;223500;92.82;92.82;92.81;92.81;10
USDRUBF;5;20240927;224000;92.81;92.84;92.81;92.82;138
USDRUBF;5;20240927;224500;92.83;92.83;92.81;92.81;7
USDRUBF;5;20240927;225000;92.82;92.82;92.82;92.82;16
USDRUBF;5;20240927;230000;92.83;92.83;92.83;92.83;1
USDRUBF;5;20240927;230500;92.84;92.85;92.83;92.85;43
USDRUBF;5;20240927;231000;92.85;92.85;92.84;92.84;11
USDRUBF;5;20240927;231500;92.84;92.85;92.84;92.85;34
USDRUBF;5;20240927;232000;92.83;92.83;92.83;92.83;8
USDRUBF;5;20240927;232500;92.83;92.83;92.81;92.81;14
USDRUBF;5;20240927;233000;92.82;92.82;92.8;92.8;88
USDRUBF;5;20240927;233500;92.81;92.81;92.8;92.8;17
USDRUBF;5;20240927;234000;92.81;92.82;92.8;92.81;20
USDRUBF;5;20240927;234500;92.81;92.81;92.8;92.8;58
USDRUBF;5;20240930;100000;92.82;92.99;92.82;92.92;635
USDRUBF;5;20240930;100500;92.92;93.12;92.9;93.11;1236
USDRUBF;5;20240930;101000;93.1;93.15;93.1;93.11;722
USDRUBF;5;20240930;101500;93.11;93.3;93.08;93.24;1321
USDRUBF;5;20240930;102000;93.23;93.24;93.15;93.17;806
USDRUBF;5;20240930;102500;93.17;93.18;93.15;93.15;502
USDRUBF;5;20240930;103000;93.15;93.16;93.05;93.05;1031
USDRUBF;5;20240930;103500;93.05;93.22;93.04;93.19;789
USDRUBF;5;20240930;104000;93.22;93.24;93.21;93.22;288
USDRUBF;5;20240930;104500;93.22;93.25;93.19;93.24;430
USDRUBF;5;20240930;105000;93.22;93.22;93.2;93.2;71
USDRUBF;5;20240930;105500;93.2;93.22;93.18;93.19;219
USDRUBF;5;20240930;110000;93.19;93.21;93.13;93.15;294
USDRUBF;5;20240930;110500;93.15;93.15;93.13;93.13;44
USDRUBF;5;20240930;111000;93.13;93.15;93.12;93.12;639
USDRUBF;5;20240930;111500;93.12;93.17;93.1;93.1;290
USDRUBF;5;20240930;112000;93.13;93.14;93.09;93.1;179
USDRUBF;5;20240930;112500;93.09;93.13;93.09;93.13;63
USDRUBF;5;20240930;113000;93.17;93.2;93.14;93.2;42
USDRUBF;5;20240930;113500;93.19;93.19;93.09;93.11;194
USDRUBF;5;20240930;114000;93.11;93.2;93.11;93.14;232
USDRUBF;5;20240930;114500;93.14;93.16;93.09;93.11;184
USDRUBF;5;20240930;115000;93.12;93.12;93.01;93.04;1113
USDRUBF;5;20240930;115500;93.02;93.05;93;93;1270
USDRUBF;5;20240930;120000;93;93;92.93;92.97;691
USDRUBF;5;20240930;120500;92.95;92.96;92.9;92.92;952
USDRUBF;5;20240930;121000;92.94;92.99;92.91;92.96;211
USDRUBF;5;20240930;121500;92.96;93.02;92.94;93.02;195
USDRUBF;5;20240930;122000;93.03;93.12;92.98;93.1;455
USDRUBF;5;20240930;122500;93.12;93.19;93.1;93.1;316
USDRUBF;5;20240930;123000;93.11;93.13;93.08;93.1;205
USDRUBF;5;20240930;123500;93.1;93.12;93.06;93.06;125
USDRUBF;5;20240930;124000;93.05;93.05;93.02;93.04;161
USDRUBF;5;20240930;124500;93.04;93.04;93;93;31
USDRUBF;5;20240930;125000;92.98;92.99;92.91;92.96;307
USDRUBF;5;20240930;125500;92.95;92.98;92.9;92.94;325
USDRUBF;5;20240930;130000;92.91;92.92;92.85;92.92;325
USDRUBF;5;20240930;130500;92.93;92.94;92.9;92.9;33
USDRUBF;5;20240930;131000;92.9;92.92;92.86;92.87;251
USDRUBF;5;20240930;131500;92.85;92.93;92.85;92.93;263
USDRUBF;5;20240930;132000;92.92;92.95;92.9;92.9;201
USDRUBF;5;20240930;132500;92.89;92.9;92.85;92.87;199
USDRUBF;5;20240930;133000;92.9;92.92;92.9;92.92;157
USDRUBF;5;20240930;133500;92.89;92.94;92.89;92.93;115
USDRUBF;5;20240930;134000;92.9;92.92;92.88;92.9;139
USDRUBF;5;20240930;134500;92.9;92.97;92.89;92.95;178
USDRUBF;5;20240930;135000;92.95;92.98;92.94;92.94;30
USDRUBF;5;20240930;135500;92.97;93.01;92.95;93;206
USDRUBF;5;20240930;140500;93;93.07;93;93.02;285
USDRUBF;5;20240930;141000;93.01;93.07;93.01;93.07;127
USDRUBF;5;20240930;141500;93.08;93.08;92.99;93.02;279
USDRUBF;5;20240930;142000;93.02;93.02;92.97;93;357
USDRUBF;5;20240930;142500;93;93.03;93;93;148
USDRUBF;5;20240930;143000;93;93.02;92.98;92.99;555
USDRUBF;5;20240930;143500;93;93.01;92.99;92.99;43
USDRUBF;5;20240930;144000;92.99;93.02;92.99;93.01;154
USDRUBF;5;20240930;144500;92.98;93;92.98;93;38
USDRUBF;5;20240930;145000;92.98;92.98;92.98;92.98;4
USDRUBF;5;20240930;145500;92.96;92.96;92.91;92.91;118
USDRUBF;5;20240930;150000;92.94;92.95;92.93;92.94;38
USDRUBF;5;20240930;150500;92.96;92.99;92.96;92.98;107
USDRUBF;5;20240930;151000;92.96;92.96;92.95;92.96;25
USDRUBF;5;20240930;151500;92.97;92.98;92.94;92.98;21
USDRUBF;5;20240930;152000;92.97;92.97;92.94;92.94;14
USDRUBF;5;20240930;152500;92.93;92.94;92.89;92.89;56
USDRUBF;5;20240930;153000;92.88;92.9;92.88;92.9;17
USDRUBF;5;20240930;153500;92.88;92.91;92.88;92.91;9
USDRUBF;5;20240930;154000;92.91;92.94;92.89;92.89;213
USDRUBF;5;20240930;154500;92.9;92.93;92.9;92.93;163
USDRUBF;5;20240930;155000;92.93;92.94;92.84;92.84;97
USDRUBF;5;20240930;155500;92.84;92.89;92.84;92.85;145
USDRUBF;5;20240930;160000;92.86;93.04;92.85;93.01;1171
USDRUBF;5;20240930;160500;93.03;93.03;92.94;92.96;170
USDRUBF;5;20240930;161000;92.96;92.97;92.94;92.94;66
USDRUBF;5;20240930;161500;92.94;92.94;92.92;92.92;105
USDRUBF;5;20240930;162000;92.92;92.92;92.89;92.9;90
USDRUBF;5;20240930;162500;92.9;92.91;92.89;92.9;67
USDRUBF;5;20240930;163000;92.89;92.91;92.88;92.91;255
USDRUBF;5;20240930;163500;92.91;92.92;92.89;92.89;116
USDRUBF;5;20240930;164000;92.93;92.93;92.92;92.93;18
USDRUBF;5;20240930;164500;92.93;93.09;92.93;93.08;414
USDRUBF;5;20240930;165000;93.08;93.13;93.01;93.01;560
USDRUBF;5;20240930;165500;93.01;93.12;92.98;93;344
USDRUBF;5;20240930;170000;93.03;93.1;93.03;93.09;227
USDRUBF;5;20240930;170500;93.11;93.12;93.06;93.06;196
USDRUBF;5;20240930;171000;93.05;93.16;93.05;93.13;510
USDRUBF;5;20240930;171500;93.14;93.2;93.12;93.14;504
USDRUBF;5;20240930;172000;93.14;93.17;93.12;93.15;98
USDRUBF;5;20240930;172500;93.14;93.16;93.13;93.16;272
USDRUBF;5;20240930;173000;93.15;93.15;93.09;93.1;233
USDRUBF;5;20240930;173500;93.06;93.09;93.03;93.06;127
USDRUBF;5;20240930;174000;93.06;93.15;93.06;93.13;505
USDRUBF;5;20240930;174500;93.13;93.13;92.86;92.93;1914
USDRUBF;5;20240930;175000;92.93;93;92.93;92.97;183
USDRUBF;5;20240930;175500;93;93.01;92.91;92.97;479
USDRUBF;5;20240930;180000;92.97;93.14;92.97;93.13;1095
USDRUBF;5;20240930;180500;93.13;93.13;93.09;93.09;236
USDRUBF;5;20240930;181000;93.09;93.17;93.09;93.13;827
USDRUBF;5;20240930;181500;93.14;93.17;93.14;93.15;712
USDRUBF;5;20240930;182000;93.16;93.22;93.14;93.21;431
USDRUBF;5;20240930;182500;93.21;93.24;93.2;93.2;76
USDRUBF;5;20240930;183000;93.2;93.23;93.2;93.21;83
USDRUBF;5;20240930;183500;93.2;93.22;93.14;93.16;302
USDRUBF;5;20240930;184000;93.15;93.16;93.14;93.15;161
USDRUBF;5;20240930;184500;93.15;93.16;93.11;93.15;578
USDRUBF;5;20240930;190500;93.14;93.17;93.13;93.16;103
USDRUBF;5;20240930;191000;93.13;93.17;93.12;93.12;59
USDRUBF;5;20240930;191500;93.13;93.13;93.11;93.13;34
USDRUBF;5;20240930;192500;93.1;93.11;93.08;93.09;98
USDRUBF;5;20240930;193000;93.09;93.09;93.08;93.08;3
USDRUBF;5;20240930;193500;93.08;93.15;93.08;93.12;305
USDRUBF;5;20240930;194000;93.12;93.12;93.09;93.09;2
USDRUBF;5;20240930;194500;93.12;93.12;93.09;93.11;38
USDRUBF;5;20240930;195000;93.1;93.12;93.1;93.12;48
USDRUBF;5;20240930;200000;93.12;93.12;93.1;93.1;15
USDRUBF;5;20240930;200500;93.1;93.1;93.1;93.1;1
USDRUBF;5;20240930;201000;93.12;93.12;93.12;93.12;1
USDRUBF;5;20240930;201500;93.12;93.12;93.12;93.12;2
USDRUBF;5;20240930;202500;93.1;93.1;93.1;93.1;10
USDRUBF;5;20240930;203000;93.1;93.11;93.1;93.11;2
USDRUBF;5;20240930;204000;93.11;93.11;93.11;93.11;6
USDRUBF;5;20240930;204500;93.12;93.12;93.12;93.12;1
USDRUBF;5;20240930;205000;93.12;93.12;93.09;93.09;53
USDRUBF;5;20240930;210500;93.11;93.12;93.11;93.12;34
USDRUBF;5;20240930;211000;93.12;93.15;93.11;93.15;130
USDRUBF;5;20240930;211500;93.13;93.13;93.1;93.1;49
USDRUBF;5;20240930;212000;93.1;93.1;93.1;93.1;1
USDRUBF;5;20240930;212500;93.09;93.09;93.09;93.09;23
USDRUBF;5;20240930;213500;93.1;93.1;93.09;93.09;10
USDRUBF;5;20240930;214000;93.09;93.09;93.09;93.09;15
USDRUBF;5;20240930;214500;93.1;93.11;93.1;93.11;6
USDRUBF;5;20240930;215000;93.11;93.11;93.11;93.11;4
USDRUBF;5;20240930;215500;93.11;93.12;93.11;93.12;23
USDRUBF;5;20240930;220000;93.13;93.13;93.11;93.11;68
USDRUBF;5;20240930;220500;93.12;93.12;93.11;93.11;9
USDRUBF;5;20240930;221000;93.12;93.12;93.12;93.12;34
USDRUBF;5;20240930;221500;93.12;93.12;93.12;93.12;2
USDRUBF;5;20240930;222000;93.12;93.12;93.12;93.12;6
USDRUBF;5;20240930;222500;93.12;93.13;93.12;93.13;55
USDRUBF;5;20240930;223000;93.11;93.13;93.1;93.13;37
USDRUBF;5;20240930;223500;93.13;93.13;93.11;93.11;24
USDRUBF;5;20240930;224000;93.13;93.13;93.12;93.12;3
USDRUBF;5;20240930;224500;93.12;93.12;93.12;93.12;1
USDRUBF;5;20240930;225000;93.13;93.13;93.11;93.11;24
USDRUBF;5;20240930;225500;93.11;93.12;93.11;93.12;28
USDRUBF;5;20240930;230000;93.12;93.13;93.11;93.11;25
USDRUBF;5;20240930;230500;93.12;93.13;93.11;93.11;11
USDRUBF;5;20240930;232000;93.11;93.11;93.11;93.11;2
USDRUBF;5;20240930;232500;93.13;93.13;93.13;93.13;1
USDRUBF;5;20240930;233000;93.14;93.16;93.12;93.15;36
USDRUBF;5;20240930;234000;93.13;93.17;93.13;93.13;51
USDRUBF;5;20240930;234500;93.12;93.17;93.11;93.11;30
USDRUBF;5;20241001;100000;93.14;93.29;93.14;93.23;734
USDRUBF;5;20241001;100500;93.19;93.19;93.13;93.15;300
USDRUBF;5;20241001;101000;93.15;93.28;93.14;93.26;307
USDRUBF;5;20241001;101500;93.26;93.28;93.23;93.25;395
USDRUBF;5;20241001;102000;93.25;93.28;93.24;93.25;156
USDRUBF;5;20241001;102500;93.25;93.26;93.2;93.2;799
USDRUBF;5;20241001;103000;93.21;93.23;93.06;93.06;543
USDRUBF;5;20241001;103500;93.06;93.06;92.94;92.94;981
USDRUBF;5;20241001;104000;92.94;92.95;92.86;92.93;1098
USDRUBF;5;20241001;104500;92.92;93.03;92.9;93.03;1376
USDRUBF;5;20241001;105000;93.03;93.1;93.01;93.06;305
USDRUBF;5;20241001;105500;93.05;93.08;93;93.07;281
USDRUBF;5;20241001;110000;93.02;93.15;93.02;93.13;248
USDRUBF;5;20241001;110500;93.08;93.1;93.04;93.09;219
USDRUBF;5;20241001;111000;93.1;93.2;93.08;93.13;505
USDRUBF;5;20241001;111500;93.15;93.19;93.08;93.08;515
USDRUBF;5;20241001;112000;93.12;93.14;93.08;93.14;110
USDRUBF;5;20241001;112500;93.12;93.14;93.07;93.11;366
USDRUBF;5;20241001;113000;93.11;93.12;93.09;93.09;260
USDRUBF;5;20241001;113500;93.07;93.08;93.05;93.08;410
USDRUBF;5;20241001;114000;93.09;93.25;93.08;93.22;693
USDRUBF;5;20241001;114500;93.18;93.2;93.15;93.15;485
USDRUBF;5;20241001;115000;93.15;93.17;93.15;93.17;375
USDRUBF;5;20241001;115500;93.16;93.24;93.16;93.19;325
USDRUBF;5;20241001;120000;93.2;93.23;93.15;93.16;600
USDRUBF;5;20241001;120500;93.16;93.17;93.15;93.15;515
USDRUBF;5;20241001;121000;93.15;93.21;93.15;93.18;822
USDRUBF;5;20241001;121500;93.16;93.16;93.15;93.16;662
USDRUBF;5;20241001;122000;93.15;93.16;93.15;93.16;1372
USDRUBF;5;20241001;122500;93.15;93.27;93.15;93.2;1561
USDRUBF;5;20241001;123000;93.2;93.27;93.2;93.24;565
USDRUBF;5;20241001;123500;93.23;93.26;93.21;93.25;289
USDRUBF;5;20241001;124000;93.22;93.29;93.21;93.29;222
USDRUBF;5;20241001;124500;93.29;93.37;93.26;93.29;837
USDRUBF;5;20241001;125000;93.26;93.28;93.26;93.28;57
USDRUBF;5;20241001;125500;93.28;93.31;93.27;93.28;134
USDRUBF;5;20241001;130000;93.3;93.33;93.23;93.26;382
USDRUBF;5;20241001;130500;93.27;93.3;93.26;93.3;107
USDRUBF;5;20241001;131000;93.3;93.34;93.28;93.28;394
USDRUBF;5;20241001;131500;93.29;93.37;93.28;93.34;271
USDRUBF;5;20241001;132000;93.35;93.37;93.3;93.34;189
USDRUBF;5;20241001;132500;93.35;93.4;93.31;93.4;444
USDRUBF;5;20241001;133000;93.36;93.39;93.36;93.38;92
USDRUBF;5;20241001;133500;93.36;93.38;93.33;93.36;75
USDRUBF;5;20241001;134000;93.33;93.37;93.33;93.36;190
USDRUBF;5;20241001;134500;93.36;93.36;93.32;93.32;65
USDRUBF;5;20241001;135000;93.33;93.39;93.33;93.36;134
USDRUBF;5;20241001;135500;93.36;93.41;93.36;93.41;354
USDRUBF;5;20241001;140500;93.39;93.46;93.39;93.44;227
USDRUBF;5;20241001;141000;93.44;93.44;93.33;93.37;742
USDRUBF;5;20241001;141500;93.36;93.36;93.3;93.32;179
USDRUBF;5;20241001;142000;93.31;93.44;93.31;93.44;132
USDRUBF;5;20241001;142500;93.42;93.43;93.4;93.42;610
USDRUBF;5;20241001;143000;93.42;93.47;93.41;93.47;210
USDRUBF;5;20241001;143500;93.47;93.48;93.43;93.44;215
USDRUBF;5;20241001;144000;93.44;93.46;93.44;93.45;87
USDRUBF;5;20241001;144500;93.46;93.47;93.46;93.47;31
USDRUBF;5;20241001;145000;93.46;93.49;93.46;93.47;82
USDRUBF;5;20241001;145500;93.47;93.48;93.46;93.46;250
USDRUBF;5;20241001;150000;93.46;93.48;93.44;93.44;165
USDRUBF;5;20241001;150500;93.45;93.47;93.45;93.45;63
USDRUBF;5;20241001;151000;93.47;93.57;93.46;93.54;611
USDRUBF;5;20241001;151500;93.57;93.59;93.56;93.58;149
USDRUBF;5;20241001;152000;93.57;93.64;93.57;93.63;636
USDRUBF;5;20241001;152500;93.62;93.64;93.59;93.62;199
USDRUBF;5;20241001;153000;93.62;93.62;93.54;93.59;377
USDRUBF;5;20241001;153500;93.56;93.6;93.56;93.56;94
USDRUBF;5;20241001;154000;93.58;93.58;93.52;93.52;538
USDRUBF;5;20241001;154500;93.53;93.63;93.53;93.63;113
USDRUBF;5;20241001;155000;93.64;93.64;93.61;93.64;187
USDRUBF;5;20241001;155500;93.64;93.65;93.61;93.65;83
USDRUBF;5;20241001;160000;93.64;93.66;93.61;93.65;686
USDRUBF;5;20241001;160500;93.66;93.67;93.6;93.6;889
USDRUBF;5;20241001;161000;93.59;93.6;93.44;93.5;2130
USDRUBF;5;20241001;161500;93.5;93.59;93.5;93.57;479
USDRUBF;5;20241001;162000;93.57;93.62;93.57;93.62;385
USDRUBF;5;20241001;162500;93.62;93.63;93.57;93.6;207
USDRUBF;5;20241001;163000;93.6;93.65;93.59;93.65;334
USDRUBF;5;20241001;163500;93.63;93.7;93.63;93.66;318
USDRUBF;5;20241001;164000;93.66;93.68;93.65;93.68;294
USDRUBF;5;20241001;164500;93.67;93.7;93.66;93.66;376
USDRUBF;5;20241001;165000;93.66;93.72;93.66;93.71;167
USDRUBF;5;20241001;165500;93.72;93.8;93.72;93.76;3101
USDRUBF;5;20241001;170000;93.79;93.81;93.75;93.81;610
USDRUBF;5;20241001;170500;93.82;93.86;93.78;93.78;2850
USDRUBF;5;20241001;171000;93.77;93.81;93.67;93.79;4463
USDRUBF;5;20241001;171500;93.79;93.8;93.78;93.78;93
USDRUBF;5;20241001;172000;93.79;93.8;93.75;93.78;119
USDRUBF;5;20241001;172500;93.77;93.8;93.76;93.78;88
USDRUBF;5;20241001;173000;93.78;93.79;93.76;93.77;226
USDRUBF;5;20241001;173500;93.76;93.81;93.76;93.78;446
USDRUBF;5;20241001;174000;93.78;93.83;93.78;93.83;151
USDRUBF;5;20241001;174500;93.84;93.88;93.83;93.86;436
USDRUBF;5;20241001;175000;93.86;93.88;93.83;93.83;183
USDRUBF;5;20241001;175500;93.83;93.91;93.83;93.9;226
USDRUBF;5;20241001;180000;93.89;93.92;93.88;93.9;255
USDRUBF;5;20241001;180500;93.92;93.96;93.91;93.95;720
USDRUBF;5;20241001;181000;93.95;94.03;93.92;94.01;1438
USDRUBF;5;20241001;181500;94;94.03;93.94;93.97;736
USDRUBF;5;20241001;182000;93.97;93.98;93.92;93.95;327
USDRUBF;5;20241001;182500;93.95;94;93.94;93.94;485
USDRUBF;5;20241001;183000;93.95;93.97;93.85;93.89;836
USDRUBF;5;20241001;183500;93.87;93.9;93.86;93.9;227
USDRUBF;5;20241001;184000;93.9;93.9;93.84;93.87;234
USDRUBF;5;20241001;184500;93.84;94;93.84;93.99;194
USDRUBF;5;20241001;190500;93.86;93.86;93.78;93.82;76
USDRUBF;5;20241001;191000;93.83;93.87;93.79;93.82;157
USDRUBF;5;20241001;191500;93.83;93.84;93.81;93.82;25
USDRUBF;5;20241001;192000;93.82;93.84;93.8;93.84;102
USDRUBF;5;20241001;192500;93.84;93.87;93.82;93.82;94
USDRUBF;5;20241001;193000;93.86;93.86;93.81;93.81;27
USDRUBF;5;20241001;193500;93.8;93.83;93.8;93.8;41
USDRUBF;5;20241001;194000;93.8;93.83;93.8;93.8;60
USDRUBF;5;20241001;194500;93.83;93.85;93.82;93.84;56
USDRUBF;5;20241001;195000;93.83;93.86;93.83;93.83;79
USDRUBF;5;20241001;195500;93.83;93.83;93.83;93.83;2
USDRUBF;5;20241001;200000;93.81;93.85;93.79;93.85;87
USDRUBF;5;20241001;200500;93.86;93.87;93.84;93.87;22
USDRUBF;5;20241001;201000;93.87;93.99;93.87;93.96;247
USDRUBF;5;20241001;201500;93.97;93.99;93.97;93.99;29
USDRUBF;5;20241001;202000;93.99;94;93.95;93.99;86
USDRUBF;5;20241001;202500;93.95;93.99;93.93;93.99;129
USDRUBF;5;20241001;203000;93.99;93.99;93.96;93.99;29
USDRUBF;5;20241001;203500;93.97;93.99;93.95;93.97;40
USDRUBF;5;20241001;204000;93.95;93.97;93.94;93.97;82
USDRUBF;5;20241001;204500;93.96;93.96;93.91;93.94;63
USDRUBF;5;20241001;205000;93.94;93.95;93.94;93.94;16
USDRUBF;5;20241001;205500;93.94;93.96;93.93;93.96;45
USDRUBF;5;20241001;210000;93.95;93.97;93.95;93.95;35
USDRUBF;5;20241001;210500;93.95;93.95;93.94;93.95;44
USDRUBF;5;20241001;211000;93.94;93.96;93.93;93.95;31
USDRUBF;5;20241001;211500;93.96;93.96;93.92;93.92;49
USDRUBF;5;20241001;212000;93.93;93.95;93.92;93.95;47
USDRUBF;5;20241001;212500;93.96;93.96;93.94;93.94;3
USDRUBF;5;20241001;213000;93.94;93.96;93.93;93.95;22
USDRUBF;5;20241001;213500;93.95;93.95;93.94;93.94;2
USDRUBF;5;20241001;214000;93.95;93.96;93.94;93.95;24
USDRUBF;5;20241001;214500;93.93;93.93;93.93;93.93;12
USDRUBF;5;20241001;215000;93.93;93.93;93.92;93.92;9
USDRUBF;5;20241001;215500;93.93;93.93;93.92;93.93;23
USDRUBF;5;20241001;220000;93.93;93.96;93.93;93.93;49
USDRUBF;5;20241001;220500;93.93;93.95;93.93;93.95;27
USDRUBF;5;20241001;221000;93.96;93.96;93.96;93.96;2
USDRUBF;5;20241001;221500;93.96;93.98;93.94;93.98;78
USDRUBF;5;20241001;222000;93.95;93.98;93.95;93.96;17
USDRUBF;5;20241001;222500;93.97;93.97;93.95;93.95;26
USDRUBF;5;20241001;223000;93.97;93.98;93.97;93.98;44
USDRUBF;5;20241001;223500;93.98;94.01;93.93;93.97;315
USDRUBF;5;20241001;224000;93.93;93.97;93.93;93.97;4
USDRUBF;5;20241001;224500;93.97;93.97;93.97;93.97;1
USDRUBF;5;20241001;225000;93.94;93.96;93.93;93.94;26
USDRUBF;5;20241001;225500;93.95;93.97;93.95;93.97;9
USDRUBF;5;20241001;230000;93.96;93.97;93.95;93.97;21
USDRUBF;5;20241001;230500;93.95;93.99;93.95;93.99;60
USDRUBF;5;20241001;231000;93.99;93.99;93.9;93.92;225
USDRUBF;5;20241001;231500;93.92;93.94;93.92;93.94;6
USDRUBF;5;20241001;232000;93.94;93.95;93.94;93.95;15
USDRUBF;5;20241001;232500;93.96;93.97;93.96;93.97;17
USDRUBF;5;20241001;233000;93.97;93.97;93.9;93.94;222
USDRUBF;5;20241001;233500;93.94;93.95;93.91;93.92;50
USDRUBF;5;20241001;234000;93.92;93.92;93.9;93.9;34
USDRUBF;5;20241001;234500;93.89;93.98;93.88;93.98;60
USDRUBF;5;20241002;100000;94.03;94.03;93.8;93.85;1178
USDRUBF;5;20241002;100500;93.86;94.18;93.86;94.12;826
USDRUBF;5;20241002;101000;94.11;94.19;94.1;94.17;318
USDRUBF;5;20241002;101500;94.17;94.18;94.08;94.1;685
USDRUBF;5;20241002;102000;94.1;94.12;93.99;94.08;900
USDRUBF;5;20241002;102500;94.07;94.15;94.05;94.1;485
USDRUBF;5;20241002;103000;94.1;94.19;94.1;94.16;557
USDRUBF;5;20241002;103500;94.18;94.33;94.17;94.18;874
USDRUBF;5;20241002;104000;94.19;94.35;94.19;94.34;485
USDRUBF;5;20241002;104500;94.35;94.48;94.33;94.42;1597
USDRUBF;5;20241002;105000;94.42;94.42;94.28;94.32;753
USDRUBF;5;20241002;105500;94.3;94.39;94.29;94.33;179
USDRUBF;5;20241002;110000;94.36;94.36;94.2;94.23;517
USDRUBF;5;20241002;110500;94.2;94.27;94.17;94.27;327
USDRUBF;5;20241002;111000;94.27;94.27;94.21;94.26;140
USDRUBF;5;20241002;111500;94.26;94.28;94.22;94.26;203
USDRUBF;5;20241002;112000;94.28;94.36;94.22;94.3;419
USDRUBF;5;20241002;112500;94.33;94.38;94.3;94.34;118
USDRUBF;5;20241002;113000;94.34;94.37;94.22;94.22;527
USDRUBF;5;20241002;113500;94.23;94.27;94.23;94.27;77
USDRUBF;5;20241002;114000;94.27;94.29;94.23;94.23;594
USDRUBF;5;20241002;114500;94.24;94.25;94.22;94.25;131
USDRUBF;5;20241002;115000;94.23;94.26;94.22;94.23;145
USDRUBF;5;20241002;115500;94.23;94.25;94.08;94.21;1737
USDRUBF;5;20241002;120000;94.21;94.22;94.21;94.22;468
USDRUBF;5;20241002;120500;94.24;94.24;94.21;94.22;353
USDRUBF;5;20241002;121000;94.22;94.22;94.21;94.22;21
USDRUBF;5;20241002;121500;94.21;94.22;94.2;94.22;218
USDRUBF;5;20241002;122000;94.22;94.24;94.17;94.24;822
USDRUBF;5;20241002;122500;94.21;94.26;94.21;94.23;165
USDRUBF;5;20241002;123000;94.25;94.35;94.24;94.27;621
USDRUBF;5;20241002;123500;94.28;94.35;94.28;94.35;408
USDRUBF;5;20241002;124000;94.35;94.42;94.32;94.35;943
USDRUBF;5;20241002;124500;94.35;94.36;94.3;94.34;274
USDRUBF;5;20241002;125000;94.34;94.37;94.33;94.36;279
USDRUBF;5;20241002;125500;94.36;94.44;94.36;94.37;607
USDRUBF;5;20241002;130000;94.37;94.39;94.34;94.36;142
USDRUBF;5;20241002;130500;94.36;94.45;94.35;94.43;774
USDRUBF;5;20241002;131000;94.44;94.44;94.37;94.4;1290
USDRUBF;5;20241002;131500;94.42;94.55;94.42;94.53;4502
USDRUBF;5;20241002;132000;94.53;94.59;94.53;94.55;653
USDRUBF;5;20241002;132500;94.59;94.61;94.43;94.51;1435
USDRUBF;5;20241002;133000;94.52;94.58;94.52;94.52;1412
USDRUBF;5;20241002;133500;94.52;94.58;94.51;94.58;851
USDRUBF;5;20241002;134000;94.58;94.59;94.5;94.5;1459
USDRUBF;5;20241002;134500;94.51;94.56;94.5;94.5;408
USDRUBF;5;20241002;135000;94.53;94.56;94.5;94.53;273
USDRUBF;5;20241002;135500;94.52;94.56;94.51;94.55;162
USDRUBF;5;20241002;140500;94.54;94.55;94.44;94.5;915
USDRUBF;5;20241002;141000;94.5;94.52;94.5;94.51;1062
USDRUBF;5;20241002;141500;94.5;94.53;94.5;94.51;2721
USDRUBF;5;20241002;142000;94.52;94.54;94.5;94.51;135
USDRUBF;5;20241002;142500;94.5;94.58;94.5;94.56;512
USDRUBF;5;20241002;143000;94.57;94.63;94.54;94.62;1184
USDRUBF;5;20241002;143500;94.61;94.69;94.6;94.63;1310
USDRUBF;5;20241002;144000;94.63;94.63;94.5;94.56;2076
USDRUBF;5;20241002;144500;94.51;94.59;94.51;94.57;285
USDRUBF;5;20241002;145000;94.57;94.57;94.52;94.54;534
USDRUBF;5;20241002;145500;94.55;94.56;94.53;94.56;268
USDRUBF;5;20241002;150000;94.53;94.56;94.52;94.56;120
USDRUBF;5;20241002;150500;94.56;94.62;94.56;94.6;694
USDRUBF;5;20241002;151000;94.59;94.61;94.57;94.58;176
USDRUBF;5;20241002;151500;94.59;94.59;94.57;94.57;46
USDRUBF;5;20241002;152000;94.57;94.59;94.57;94.57;91
USDRUBF;5;20241002;152500;94.57;94.62;94.57;94.62;330
USDRUBF;5;20241002;153000;94.62;94.67;94.6;94.65;849
USDRUBF;5;20241002;153500;94.66;94.67;94.64;94.65;1122
USDRUBF;5;20241002;154000;94.65;94.7;94.62;94.69;355
USDRUBF;5;20241002;154500;94.7;94.74;94.68;94.72;792
USDRUBF;5;20241002;155000;94.72;94.78;94.64;94.67;1096
USDRUBF;5;20241002;155500;94.68;94.7;94.61;94.63;281
USDRUBF;5;20241002;160000;94.66;94.72;94.66;94.69;345
USDRUBF;5;20241002;160500;94.69;94.7;94.68;94.68;80
USDRUBF;5;20241002;161000;94.7;94.72;94.7;94.72;30
USDRUBF;5;20241002;161500;94.72;94.72;94.65;94.66;225
USDRUBF;5;20241002;162000;94.67;94.73;94.67;94.73;227
USDRUBF;5;20241002;162500;94.73;94.74;94.7;94.73;89
USDRUBF;5;20241002;163000;94.72;94.72;94.67;94.67;128
USDRUBF;5;20241002;163500;94.68;94.69;94.58;94.63;988
USDRUBF;5;20241002;164000;94.63;94.69;94.61;94.62;784
USDRUBF;5;20241002;164500;94.63;94.74;94.62;94.71;564
USDRUBF;5;20241002;165000;94.71;94.73;94.68;94.72;255
USDRUBF;5;20241002;165500;94.73;94.73;94.67;94.67;137
USDRUBF;5;20241002;170000;94.69;94.71;94.67;94.71;294
USDRUBF;5;20241002;170500;94.72;94.73;94.69;94.69;122
USDRUBF;5;20241002;171000;94.68;94.69;94.6;94.64;461
USDRUBF;5;20241002;171500;94.61;94.64;94.6;94.61;262
USDRUBF;5;20241002;172000;94.64;94.68;94.63;94.67;577
USDRUBF;5;20241002;172500;94.66;94.67;94.62;94.65;468
USDRUBF;5;20241002;173000;94.65;94.67;94.63;94.67;178
USDRUBF;5;20241002;173500;94.66;94.7;94.65;94.67;687
USDRUBF;5;20241002;174000;94.67;94.68;94.62;94.64;127
USDRUBF;5;20241002;174500;94.66;94.69;94.63;94.65;51
USDRUBF;5;20241002;175000;94.64;94.66;94.64;94.64;14
USDRUBF;5;20241002;175500;94.66;94.69;94.64;94.66;378
USDRUBF;5;20241002;180000;94.66;94.66;94.58;94.59;654
USDRUBF;5;20241002;180500;94.58;94.59;94.5;94.54;3100
USDRUBF;5;20241002;181000;94.54;94.62;94.52;94.61;669
USDRUBF;5;20241002;181500;94.6;94.63;94.55;94.55;169
USDRUBF;5;20241002;182000;94.55;94.6;94.55;94.58;105
USDRUBF;5;20241002;182500;94.58;94.62;94.55;94.62;213
USDRUBF;5;20241002;183000;94.63;94.66;94.6;94.62;260
USDRUBF;5;20241002;183500;94.61;94.65;94.61;94.65;104
USDRUBF;5;20241002;184000;94.65;94.69;94.64;94.66;114
USDRUBF;5;20241002;184500;94.68;94.68;94.66;94.68;107
USDRUBF;5;20241002;190500;94.6;94.67;94.6;94.61;151
USDRUBF;5;20241002;191000;94.61;94.65;94.6;94.63;70
USDRUBF;5;20241002;191500;94.65;94.68;94.65;94.67;40
USDRUBF;5;20241002;192000;94.66;94.68;94.66;94.66;46
USDRUBF;5;20241002;192500;94.67;94.71;94.66;94.71;91
USDRUBF;5;20241002;193000;94.7;94.75;94.68;94.74;84
USDRUBF;5;20241002;193500;94.75;94.78;94.73;94.73;91
USDRUBF;5;20241002;194000;94.73;94.75;94.73;94.74;19
USDRUBF;5;20241002;194500;94.73;94.73;94.72;94.72;3
USDRUBF;5;20241002;195000;94.73;94.74;94.71;94.71;130
USDRUBF;5;20241002;200000;94.7;94.71;94.7;94.7;11
USDRUBF;5;20241002;200500;94.7;94.72;94.7;94.72;10
USDRUBF;5;20241002;201500;94.72;94.81;94.7;94.76;213
USDRUBF;5;20241002;202000;94.75;94.76;94.7;94.7;74
USDRUBF;5;20241002;202500;94.72;94.72;94.69;94.69;134
USDRUBF;5;20241002;203000;94.7;94.7;94.7;94.7;3
USDRUBF;5;20241002;203500;94.7;94.7;94.68;94.68;4
USDRUBF;5;20241002;204000;94.69;94.69;94.68;94.68;14
USDRUBF;5;20241002;204500;94.68;94.7;94.68;94.7;38
USDRUBF;5;20241002;205000;94.72;94.76;94.72;94.76;161
USDRUBF;5;20241002;205500;94.75;94.77;94.75;94.76;7
USDRUBF;5;20241002;210000;94.75;94.76;94.75;94.75;55
USDRUBF;5;20241002;210500;94.75;94.75;94.75;94.75;4
USDRUBF;5;20241002;211000;94.75;94.76;94.75;94.76;83
USDRUBF;5;20241002;211500;94.76;94.76;94.75;94.75;46
USDRUBF;5;20241002;212000;94.74;94.75;94.74;94.75;100
USDRUBF;5;20241002;212500;94.75;94.8;94.75;94.76;165
USDRUBF;5;20241002;213000;94.75;94.81;94.75;94.78;157
USDRUBF;5;20241002;213500;94.81;94.81;94.78;94.78;17
USDRUBF;5;20241002;214000;94.78;94.79;94.77;94.78;57
USDRUBF;5;20241002;214500;94.78;94.78;94.74;94.74;72
USDRUBF;5;20241002;215500;94.75;94.81;94.74;94.81;182
USDRUBF;5;20241002;220000;94.81;94.81;94.78;94.8;27
USDRUBF;5;20241002;220500;94.8;94.81;94.77;94.8;38
USDRUBF;5;20241002;221000;94.79;94.8;94.79;94.8;209
USDRUBF;5;20241002;221500;94.82;94.82;94.79;94.8;137
USDRUBF;5;20241002;222000;94.8;94.81;94.8;94.8;145
USDRUBF;5;20241002;222500;94.79;94.79;94.75;94.75;54
USDRUBF;5;20241002;223000;94.76;94.79;94.76;94.76;9
USDRUBF;5;20241002;223500;94.76;94.77;94.76;94.77;27
USDRUBF;5;20241002;224000;94.77;94.77;94.77;94.77;2
USDRUBF;5;20241002;224500;94.78;94.79;94.75;94.79;84
USDRUBF;5;20241002;225000;94.8;94.8;94.76;94.76;46
USDRUBF;5;20241002;225500;94.79;94.79;94.79;94.79;13
USDRUBF;5;20241002;230000;94.79;94.79;94.79;94.79;1
USDRUBF;5;20241002;230500;94.78;94.82;94.78;94.81;112
USDRUBF;5;20241002;231000;94.81;94.81;94.81;94.81;1
USDRUBF;5;20241002;231500;94.82;94.85;94.8;94.8;161
USDRUBF;5;20241002;232000;94.8;94.82;94.79;94.8;68
USDRUBF;5;20241002;232500;94.8;94.8;94.79;94.79;16
USDRUBF;5;20241002;233000;94.79;94.82;94.79;94.8;131
USDRUBF;5;20241002;233500;94.81;94.82;94.8;94.82;9
USDRUBF;5;20241002;234000;94.8;94.8;94.8;94.8;38
USDRUBF;5;20241002;234500;94.81;94.82;94.79;94.82;19
USDRUBF;5;20241003;100000;94.79;95.14;94.79;95.12;1930
USDRUBF;5;20241003;100500;95.1;95.33;95.03;95.18;3881
USDRUBF;5;20241003;101000;95.19;95.33;95.12;95.2;3950
USDRUBF;5;20241003;101500;95.19;95.19;94.78;95.02;3138
USDRUBF;5;20241003;102000;95.02;95.14;94.96;94.99;2916
USDRUBF;5;20241003;102500;94.98;95.27;94.97;95.11;3927
USDRUBF;5;20241003;103000;95.15;95.18;94.78;94.81;3051
USDRUBF;5;20241003;103500;94.8;94.9;94.75;94.8;2208
USDRUBF;5;20241003;104000;94.8;94.8;94.67;94.68;3849
USDRUBF;5;20241003;104500;94.69;94.82;94.63;94.77;3305
USDRUBF;5;20241003;105000;94.76;94.95;94.72;94.85;2969
USDRUBF;5;20241003;105500;94.88;94.91;94.77;94.85;1489
USDRUBF;5;20241003;110000;94.84;94.91;94.82;94.84;303
USDRUBF;5;20241003;110500;94.83;95.01;94.82;94.94;922
USDRUBF;5;20241003;111000;94.94;95.01;94.9;94.95;513
USDRUBF;5;20241003;111500;94.96;94.96;94.84;94.84;466
USDRUBF;5;20241003;112000;94.84;94.89;94.84;94.86;355
USDRUBF;5;20241003;112500;94.85;94.85;94.75;94.84;1834
USDRUBF;5;20241003;113000;94.85;94.95;94.8;94.92;2041
USDRUBF;5;20241003;113500;94.92;94.92;94.83;94.91;908
USDRUBF;5;20241003;114000;94.95;95.06;94.93;95.02;2079
USDRUBF;5;20241003;114500;95;95.14;94.99;95.1;1425
USDRUBF;5;20241003;115000;95.11;95.21;95.1;95.21;1596
USDRUBF;5;20241003;115500;95.22;95.3;95.13;95.28;2710
USDRUBF;5;20241003;120000;95.25;95.3;95.15;95.2;1809
USDRUBF;5;20241003;120500;95.21;95.31;95.18;95.24;2583
USDRUBF;5;20241003;121000;95.23;95.38;95.22;95.35;3801
USDRUBF;5;20241003;121500;95.34;95.37;95.28;95.28;1566
USDRUBF;5;20241003;122000;95.26;95.44;95.25;95.39;2822
USDRUBF;5;20241003;122500;95.39;95.41;95.31;95.34;971
USDRUBF;5;20241003;123000;95.34;95.43;95.27;95.29;1212
USDRUBF;5;20241003;123500;95.31;95.35;95.2;95.3;2263
USDRUBF;5;20241003;124000;95.32;95.37;95.3;95.3;495
USDRUBF;5;20241003;124500;95.3;95.3;95.23;95.25;803
USDRUBF;5;20241003;125000;95.25;95.29;95.23;95.23;504
USDRUBF;5;20241003;125500;95.23;95.26;95.22;95.24;440
USDRUBF;5;20241003;130000;95.25;95.25;95.23;95.24;58
USDRUBF;5;20241003;130500;95.24;95.31;95.21;95.23;602
USDRUBF;5;20241003;131000;95.22;95.29;95.2;95.25;509
USDRUBF;5;20241003;131500;95.29;95.3;95.18;95.22;1153
USDRUBF;5;20241003;132000;95.23;95.29;95.12;95.25;1066
USDRUBF;5;20241003;132500;95.27;95.28;95.2;95.21;604
USDRUBF;5;20241003;133000;95.23;95.24;95.16;95.16;415
USDRUBF;5;20241003;133500;95.17;95.18;95.07;95.08;979
USDRUBF;5;20241003;134000;95.07;95.12;95.04;95.1;803
USDRUBF;5;20241003;134500;95.12;95.19;95.1;95.14;1005
USDRUBF;5;20241003;135000;95.14;95.18;95.12;95.13;649
USDRUBF;5;20241003;135500;95.13;95.17;95.11;95.17;768
USDRUBF;5;20241003;140500;95.14;95.19;95.14;95.17;88
USDRUBF;5;20241003;141000;95.18;95.19;95.15;95.15;154
USDRUBF;5;20241003;141500;95.15;95.32;95.14;95.28;286
USDRUBF;5;20241003;142000;95.29;95.29;95.16;95.16;463
USDRUBF;5;20241003;142500;95.17;95.17;95.11;95.14;251
USDRUBF;5;20241003;143000;95.12;95.21;95.12;95.21;140
USDRUBF;5;20241003;143500;95.21;95.27;95.2;95.27;271
USDRUBF;5;20241003;144000;95.23;95.26;95.23;95.24;24
USDRUBF;5;20241003;144500;95.22;95.25;95.17;95.17;129
USDRUBF;5;20241003;145000;95.18;95.18;95.15;95.15;19
USDRUBF;5;20241003;145500;95.15;95.15;95.07;95.1;83
USDRUBF;5;20241003;150000;95.07;95.07;94.77;94.83;1438
USDRUBF;5;20241003;150500;94.8;95;94.76;94.94;1041
USDRUBF;5;20241003;151000;94.94;95.11;94.87;95;2376
USDRUBF;5;20241003;151500;95;95.18;95;95.03;4257
USDRUBF;5;20241003;152000;95.02;95.2;94.97;95.19;2457
USDRUBF;5;20241003;152500;95.18;95.25;95.09;95.15;2176
USDRUBF;5;20241003;153000;95.14;95.17;95.01;95.17;1334
USDRUBF;5;20241003;153500;95.15;95.21;95.02;95.18;2339
USDRUBF;5;20241003;154000;95.17;95.19;94.97;95.03;2076
USDRUBF;5;20241003;154500;94.99;95.27;94.97;95.18;3461
USDRUBF;5;20241003;155000;95.13;95.24;95.07;95.18;1899
USDRUBF;5;20241003;155500;95.17;95.34;95.14;95.31;3237
USDRUBF;5;20241003;160000;95.3;95.31;95.23;95.29;880
USDRUBF;5;20241003;160500;95.28;95.3;95.25;95.29;469
USDRUBF;5;20241003;161000;95.29;95.29;95.22;95.24;442
USDRUBF;5;20241003;161500;95.21;95.27;95.21;95.25;260
USDRUBF;5;20241003;162000;95.24;95.28;95.23;95.27;293
USDRUBF;5;20241003;162500;95.27;95.27;95.11;95.19;928
USDRUBF;5;20241003;163000;95.18;95.22;95.15;95.22;174
USDRUBF;5;20241003;163500;95.22;95.25;95.22;95.22;94
USDRUBF;5;20241003;164000;95.2;95.25;95.2;95.25;191
USDRUBF;5;20241003;164500;95.26;95.28;95.24;95.24;246
USDRUBF;5;20241003;165000;95.26;95.27;95.23;95.24;122
USDRUBF;5;20241003;165500;95.27;95.29;95.23;95.25;595
USDRUBF;5;20241003;170000;95.27;95.31;95.26;95.3;428
USDRUBF;5;20241003;170500;95.29;95.3;95.15;95.16;114
USDRUBF;5;20241003;171000;95.15;95.24;95.15;95.22;153
USDRUBF;5;20241003;171500;95.23;95.31;95.23;95.29;1134
USDRUBF;5;20241003;172000;95.27;95.27;95.23;95.27;250
USDRUBF;5;20241003;172500;95.26;95.27;95.24;95.25;84
USDRUBF;5;20241003;173000;95.25;95.33;95.25;95.33;189
USDRUBF;5;20241003;173500;95.34;95.39;95.34;95.35;460
USDRUBF;5;20241003;174000;95.34;95.39;95.34;95.36;590
USDRUBF;5;20241003;174500;95.35;95.36;95.3;95.36;529
USDRUBF;5;20241003;175000;95.37;95.37;95.32;95.35;261
USDRUBF;5;20241003;175500;95.35;95.35;95.28;95.3;314
USDRUBF;5;20241003;180000;95.3;95.31;95.26;95.26;379
USDRUBF;5;20241003;180500;95.25;95.29;95.25;95.27;611
USDRUBF;5;20241003;181000;95.27;95.28;95.18;95.19;206
USDRUBF;5;20241003;181500;95.21;95.33;95.21;95.29;418
USDRUBF;5;20241003;182000;95.29;95.3;95.24;95.24;149
USDRUBF;5;20241003;182500;95.24;95.24;95.18;95.2;303
USDRUBF;5;20241003;183000;95.2;95.21;95.14;95.17;417
USDRUBF;5;20241003;183500;95.17;95.19;95.16;95.19;82
USDRUBF;5;20241003;184000;95.2;95.25;95.2;95.24;433
USDRUBF;5;20241003;184500;95.23;95.23;95.1;95.17;147
USDRUBF;5;20241003;190500;95.18;95.23;95.13;95.22;95
USDRUBF;5;20241003;191000;95.23;95.23;95.18;95.21;123
USDRUBF;5;20241003;191500;95.21;95.22;95.18;95.19;67
USDRUBF;5;20241003;192000;95.19;95.21;95.18;95.18;49
USDRUBF;5;20241003;192500;95.2;95.21;95.17;95.21;41
USDRUBF;5;20241003;193000;95.21;95.22;95.18;95.18;103
USDRUBF;5;20241003;193500;95.18;95.21;95.13;95.13;168
USDRUBF;5;20241003;194000;95.17;95.18;95.14;95.16;72
USDRUBF;5;20241003;194500;95.18;95.19;95.18;95.19;40
USDRUBF;5;20241003;195000;95.2;95.2;95.18;95.18;32
USDRUBF;5;20241003;195500;95.19;95.19;95.19;95.19;1
USDRUBF;5;20241003;200000;95.15;95.18;95.14;95.14;223
USDRUBF;5;20241003;200500;95.13;95.17;95.12;95.14;173
USDRUBF;5;20241003;201000;95.13;95.17;95.13;95.14;13
USDRUBF;5;20241003;201500;95.17;95.17;95.14;95.14;13
USDRUBF;5;20241003;202000;95.16;95.16;95.14;95.14;7
USDRUBF;5;20241003;202500;95.14;95.16;95.13;95.16;36
USDRUBF;5;20241003;203000;95.16;95.16;95.13;95.16;58
USDRUBF;5;20241003;203500;95.16;95.16;95.15;95.15;33
USDRUBF;5;20241003;204000;95.15;95.17;95.13;95.13;48
USDRUBF;5;20241003;204500;95.14;95.16;95.13;95.16;64
USDRUBF;5;20241003;205000;95.16;95.16;95.13;95.13;31
USDRUBF;5;20241003;205500;95.13;95.14;95.13;95.14;13
USDRUBF;5;20241003;210000;95.14;95.16;95.14;95.16;26
USDRUBF;5;20241003;210500;95.16;95.16;95.13;95.14;23
USDRUBF;5;20241003;211000;95.16;95.16;95.15;95.15;10
USDRUBF;5;20241003;211500;95.15;95.15;95.15;95.15;1
USDRUBF;5;20241003;212000;95.14;95.14;95.13;95.13;16
USDRUBF;5;20241003;212500;95.13;95.14;95.12;95.14;9
USDRUBF;5;20241003;213000;95.15;95.15;95.12;95.12;49
USDRUBF;5;20241003;213500;95.12;95.16;95.11;95.16;85
USDRUBF;5;20241003;214000;95.13;95.13;95.11;95.11;28
USDRUBF;5;20241003;214500;95.11;95.11;95.1;95.1;115
USDRUBF;5;20241003;215000;95.1;95.12;95.1;95.12;13
USDRUBF;5;20241003;215500;95.08;95.08;95.08;95.08;7
USDRUBF;5;20241003;220000;95.08;95.1;95.06;95.1;121
USDRUBF;5;20241003;220500;95.1;95.11;95.1;95.11;17
USDRUBF;5;20241003;221000;95.09;95.1;95.08;95.08;5
USDRUBF;5;20241003;221500;95.08;95.08;95.04;95.05;684
USDRUBF;5;20241003;222000;95.06;95.07;95.04;95.04;25
USDRUBF;5;20241003;222500;95.04;95.05;95.03;95.05;119
USDRUBF;5;20241003;223000;95.07;95.07;95.07;95.07;35
USDRUBF;5;20241003;223500;95.04;95.07;95.04;95.04;364
USDRUBF;5;20241003;224000;95.04;95.04;95.04;95.04;3
USDRUBF;5;20241003;224500;95.05;95.08;95.05;95.05;225
USDRUBF;5;20241003;225000;95.04;95.04;95.04;95.04;10
USDRUBF;5;20241003;225500;95.04;95.06;95.04;95.04;36
USDRUBF;5;20241003;230000;95.04;95.06;95.03;95.06;62
USDRUBF;5;20241003;230500;95.06;95.08;95.06;95.06;140
USDRUBF;5;20241003;231000;95.05;95.05;95.03;95.04;93
USDRUBF;5;20241003;231500;95.03;95.03;95.01;95.01;85
USDRUBF;5;20241003;232000;95.01;95.02;94.96;94.97;306
USDRUBF;5;20241003;232500;94.96;94.96;94.94;94.94;192
USDRUBF;5;20241003;233000;94.93;94.97;94.93;94.96;25
USDRUBF;5;20241003;233500;94.95;94.95;94.93;94.93;21
USDRUBF;5;20241003;234000;94.94;95.03;94.94;94.97;162
USDRUBF;5;20241003;234500;95;95.04;94.97;95.04;25
USDRUBF;5;20241004;100000;94.93;94.96;94.81;94.95;916
USDRUBF;5;20241004;100500;94.93;94.94;94.55;94.58;1990
USDRUBF;5;20241004;101000;94.6;94.85;94.59;94.81;2223
USDRUBF;5;20241004;101500;94.84;94.86;94.72;94.83;818
USDRUBF;5;20241004;102000;94.82;94.96;94.81;94.9;363
USDRUBF;5;20241004;102500;94.91;94.93;94.85;94.89;342
USDRUBF;5;20241004;103000;94.88;94.89;94.81;94.82;224
USDRUBF;5;20241004;103500;94.83;94.88;94.76;94.79;406
USDRUBF;5;20241004;104000;94.8;94.88;94.8;94.84;251
USDRUBF;5;20241004;104500;94.87;94.88;94.83;94.83;140
USDRUBF;5;20241004;105000;94.85;94.94;94.85;94.92;683
USDRUBF;5;20241004;105500;94.93;95.03;94.92;95.01;988
USDRUBF;5;20241004;110000;95.02;95.03;94.9;94.9;614
USDRUBF;5;20241004;110500;94.95;94.95;94.83;94.86;913
USDRUBF;5;20241004;111000;94.86;94.9;94.84;94.89;1122
USDRUBF;5;20241004;111500;94.89;94.89;94.86;94.87;335
USDRUBF;5;20241004;112000;94.86;94.87;94.82;94.84;618
USDRUBF;5;20241004;112500;94.84;94.85;94.81;94.83;494
USDRUBF;5;20241004;113000;94.85;94.85;94.8;94.8;194
USDRUBF;5;20241004;113500;94.81;94.85;94.81;94.84;139
USDRUBF;5;20241004;114000;94.85;94.89;94.84;94.86;1670
USDRUBF;5;20241004;114500;94.84;94.84;94.84;94.84;101
USDRUBF;5;20241004;115000;94.84;95.1;94.84;95;3497
USDRUBF;5;20241004;115500;95.01;95.05;94.99;94.99;214
USDRUBF;5;20241004;120000;95.04;95.1;95.03;95.03;539
USDRUBF;5;20241004;120500;95.05;95.07;94.97;94.97;136
USDRUBF;5;20241004;121000;94.98;95.04;94.94;94.97;31
USDRUBF;5;20241004;121500;94.96;95.05;94.94;94.97;283
USDRUBF;5;20241004;122000;94.99;95.03;94.88;94.88;231
USDRUBF;5;20241004;122500;94.88;94.91;94.82;94.85;602
USDRUBF;5;20241004;123000;94.84;94.96;94.83;94.91;1314
USDRUBF;5;20241004;123500;94.91;94.91;94.85;94.9;222
USDRUBF;5;20241004;124000;94.88;94.93;94.88;94.9;179
USDRUBF;5;20241004;124500;94.9;94.92;94.86;94.92;79
USDRUBF;5;20241004;125000;94.92;94.93;94.87;94.89;203
USDRUBF;5;20241004;125500;94.86;94.88;94.84;94.88;185
USDRUBF;5;20241004;130000;94.85;94.94;94.85;94.9;27
USDRUBF;5;20241004;130500;94.9;94.95;94.9;94.91;200
USDRUBF;5;20241004;131000;94.91;94.98;94.91;94.98;105
USDRUBF;5;20241004;131500;94.98;95;94.97;95;72
USDRUBF;5;20241004;132000;95;95.03;95;95.03;83
USDRUBF;5;20241004;132500;95.02;95.02;95.01;95.01;15
USDRUBF;5;20241004;133000;95.02;95.03;95.02;95.02;42
USDRUBF;5;20241004;133500;95.03;95.04;94.98;94.98;61
USDRUBF;5;20241004;134000;95;95.02;94.99;94.99;64
USDRUBF;5;20241004;134500;95;95.03;94.99;95.01;41
USDRUBF;5;20241004;135000;95.01;95.03;95;95.03;29
USDRUBF;5;20241004;135500;95.04;95.05;94.94;95.01;654
USDRUBF;5;20241004;140500;95;95.02;94.97;95.01;98
USDRUBF;5;20241004;141000;95.04;95.04;94.99;94.99;84
USDRUBF;5;20241004;141500;94.97;94.98;94.9;94.98;277
USDRUBF;5;20241004;142000;94.97;95.02;94.97;95;148
USDRUBF;5;20241004;142500;95;95.01;94.99;94.99;458
USDRUBF;5;20241004;143000;94.99;95.14;94.99;95.14;874
USDRUBF;5;20241004;143500;95.14;95.16;95.12;95.12;265
USDRUBF;5;20241004;144000;95.13;95.15;95.13;95.13;61
USDRUBF;5;20241004;144500;95.13;95.15;95.13;95.13;156
USDRUBF;5;20241004;145000;95.15;95.17;95.13;95.14;583
USDRUBF;5;20241004;145500;95.14;95.15;95.12;95.13;190
USDRUBF;5;20241004;150000;95.15;95.17;95.14;95.17;277
USDRUBF;5;20241004;150500;95.16;95.17;95.14;95.14;65
USDRUBF;5;20241004;151000;95.15;95.17;95.14;95.16;70
USDRUBF;5;20241004;151500;95.17;95.17;95.16;95.16;135
USDRUBF;5;20241004;152000;95.17;95.25;95.17;95.25;1210
USDRUBF;5;20241004;152500;95.24;95.25;95.23;95.24;220
USDRUBF;5;20241004;153000;95.24;95.42;95.24;95.42;1489
USDRUBF;5;20241004;153500;95.4;95.45;95.35;95.45;751
USDRUBF;5;20241004;154000;95.43;95.58;95.42;95.51;1466
USDRUBF;5;20241004;154500;95.52;95.55;95.42;95.44;605
USDRUBF;5;20241004;155000;95.47;95.54;95.45;95.5;166
USDRUBF;5;20241004;155500;95.5;95.53;95.46;95.5;241
USDRUBF;5;20241004;160000;95.53;95.58;95.49;95.51;789
USDRUBF;5;20241004;160500;95.5;95.54;95.5;95.52;131
USDRUBF;5;20241004;161000;95.54;95.57;95.54;95.56;171
USDRUBF;5;20241004;161500;95.53;95.56;95.53;95.56;117
USDRUBF;5;20241004;162000;95.56;95.56;95.53;95.55;58
USDRUBF;5;20241004;162500;95.54;95.56;95.5;95.56;242
USDRUBF;5;20241004;163000;95.56;95.57;95.54;95.57;114
USDRUBF;5;20241004;163500;95.57;95.6;95.56;95.57;236
USDRUBF;5;20241004;164000;95.58;95.62;95.57;95.6;244
USDRUBF;5;20241004;164500;95.58;95.6;95.47;95.51;253
USDRUBF;5;20241004;165000;95.55;95.55;95.43;95.43;691
USDRUBF;5;20241004;165500;95.42;95.47;95.41;95.46;202
USDRUBF;5;20241004;170000;95.46;95.48;95.42;95.48;328
USDRUBF;5;20241004;170500;95.49;95.52;95.47;95.48;77
USDRUBF;5;20241004;171000;95.48;95.49;95.46;95.46;50
USDRUBF;5;20241004;171500;95.48;95.5;95.47;95.47;83
USDRUBF;5;20241004;172000;95.46;95.47;95.41;95.44;286
USDRUBF;5;20241004;172500;95.42;95.45;95.41;95.43;146
USDRUBF;5;20241004;173000;95.42;95.47;95.42;95.47;90
USDRUBF;5;20241004;173500;95.44;95.47;95.41;95.41;124
USDRUBF;5;20241004;174000;95.41;95.42;95.35;95.35;223
USDRUBF;5;20241004;174500;95.35;95.39;95.33;95.39;491
USDRUBF;5;20241004;175000;95.4;95.45;95.36;95.36;160
USDRUBF;5;20241004;175500;95.35;95.35;95.33;95.34;127
USDRUBF;5;20241004;180000;95.34;95.37;95.31;95.31;399
USDRUBF;5;20241004;180500;95.31;95.38;95.31;95.38;64
USDRUBF;5;20241004;181000;95.39;95.39;95.34;95.34;12
USDRUBF;5;20241004;181500;95.33;95.35;95.28;95.33;296
USDRUBF;5;20241004;182000;95.37;95.37;95.36;95.36;150
USDRUBF;5;20241004;182500;95.36;95.36;95.34;95.36;56
USDRUBF;5;20241004;183000;95.36;95.36;95.3;95.33;273
USDRUBF;5;20241004;183500;95.33;95.33;95.23;95.25;790
USDRUBF;5;20241004;184000;95.24;95.24;95.16;95.23;718
USDRUBF;5;20241004;184500;95.22;95.23;95.17;95.23;447
USDRUBF;5;20241004;190500;95.21;95.26;95.2;95.23;147
USDRUBF;5;20241004;191000;95.23;95.26;95.21;95.26;262
USDRUBF;5;20241004;191500;95.26;95.3;95.25;95.3;117
USDRUBF;5;20241004;192000;95.29;95.33;95.28;95.33;141
USDRUBF;5;20241004;192500;95.3;95.32;95.28;95.29;114
USDRUBF;5;20241004;193000;95.29;95.29;95.27;95.27;15
USDRUBF;5;20241004;193500;95.27;95.27;95.25;95.25;42
USDRUBF;5;20241004;194000;95.25;95.26;95.25;95.26;41
USDRUBF;5;20241004;194500;95.24;95.24;95.24;95.24;1
USDRUBF;5;20241004;195000;95.26;95.26;95.25;95.25;8
USDRUBF;5;20241004;195500;95.26;95.28;95.26;95.28;32
USDRUBF;5;20241004;200000;95.29;95.3;95.29;95.3;5
USDRUBF;5;20241004;200500;95.3;95.3;95.29;95.29;102
USDRUBF;5;20241004;201000;95.29;95.29;95.28;95.28;5
USDRUBF;5;20241004;201500;95.31;95.31;95.28;95.28;13
USDRUBF;5;20241004;202000;95.28;95.29;95.28;95.29;22
USDRUBF;5;20241004;202500;95.29;95.29;95.28;95.28;20
USDRUBF;5;20241004;203000;95.29;95.29;95.28;95.28;10
USDRUBF;5;20241004;203500;95.3;95.3;95.3;95.3;1
USDRUBF;5;20241004;204000;95.31;95.32;95.29;95.3;20
USDRUBF;5;20241004;204500;95.3;95.31;95.29;95.29;32
USDRUBF;5;20241004;205000;95.27;95.27;95.27;95.27;7
USDRUBF;5;20241004;205500;95.27;95.27;95.27;95.27;3
USDRUBF;5;20241004;210000;95.26;95.28;95.25;95.28;33
USDRUBF;5;20241004;210500;95.26;95.26;95.25;95.25;3
USDRUBF;5;20241004;211000;95.25;95.26;95.24;95.26;40
USDRUBF;5;20241004;211500;95.26;95.27;95.26;95.27;10
USDRUBF;5;20241004;212000;95.26;95.32;95.26;95.32;56
USDRUBF;5;20241004;212500;95.31;95.31;95.25;95.25;23
USDRUBF;5;20241004;213000;95.24;95.25;95.22;95.22;54
USDRUBF;5;20241004;213500;95.23;95.23;95.22;95.23;12
USDRUBF;5;20241004;214000;95.25;95.25;95.25;95.25;2
USDRUBF;5;20241004;214500;95.24;95.24;95.24;95.24;5
USDRUBF;5;20241004;215000;95.24;95.26;95.22;95.26;40
USDRUBF;5;20241004;215500;95.23;95.24;95.23;95.24;8
USDRUBF;5;20241004;220000;95.24;95.24;95.24;95.24;5
USDRUBF;5;20241004;220500;95.24;95.25;95.24;95.25;2
USDRUBF;5;20241004;221000;95.25;95.25;95.23;95.25;15
USDRUBF;5;20241004;221500;95.26;95.27;95.26;95.27;15
USDRUBF;5;20241004;222000;95.28;95.28;95.25;95.25;16
USDRUBF;5;20241004;222500;95.27;95.28;95.26;95.26;31
USDRUBF;5;20241004;223000;95.26;95.26;95.26;95.26;11
USDRUBF;5;20241004;223500;95.26;95.26;95.19;95.2;107
USDRUBF;5;20241004;224000;95.19;95.2;95.11;95.16;232
USDRUBF;5;20241004;224500;95.14;95.14;95.11;95.12;56
USDRUBF;5;20241004;225000;95.12;95.12;95.11;95.11;186
USDRUBF;5;20241004;225500;95.11;95.11;95.08;95.11;126
USDRUBF;5;20241004;230000;95.12;95.13;95.04;95.09;152
USDRUBF;5;20241004;230500;95.09;95.13;95.09;95.13;10
USDRUBF;5;20241004;231500;95.11;95.14;95.11;95.13;89
USDRUBF;5;20241004;232000;95.15;95.15;95.13;95.13;23
USDRUBF;5;20241004;232500;95.12;95.12;95.12;95.12;1
USDRUBF;5;20241004;233000;95.13;95.13;95.13;95.13;13
USDRUBF;5;20241004;233500;95.13;95.13;95.12;95.12;11
USDRUBF;5;20241004;234000;95.15;95.15;95.11;95.12;42
USDRUBF;5;20241004;234500;95.13;95.19;95.13;95.19;32
USDRUBF;5;20241007;100000;95.3;95.49;95.11;95.47;2312
USDRUBF;5;20241007;100500;95.48;95.53;95.38;95.38;1992
USDRUBF;5;20241007;101000;95.38;95.61;95.36;95.59;1064
USDRUBF;5;20241007;101500;95.61;95.68;95.55;95.62;593
USDRUBF;5;20241007;102000;95.6;95.62;95.51;95.61;727
USDRUBF;5;20241007;102500;95.6;95.85;95.58;95.83;3303
USDRUBF;5;20241007;103000;95.85;95.9;95.8;95.89;1169
USDRUBF;5;20241007;103500;95.89;95.89;95.66;95.66;1013
USDRUBF;5;20241007;104000;95.69;95.82;95.61;95.79;763
USDRUBF;5;20241007;104500;95.8;95.9;95.78;95.81;764
USDRUBF;5;20241007;105000;95.78;95.82;95.71;95.77;424
USDRUBF;5;20241007;105500;95.77;95.83;95.71;95.83;490
USDRUBF;5;20241007;110000;95.84;95.92;95.82;95.89;879
USDRUBF;5;20241007;110500;95.92;95.95;95.91;95.95;461
USDRUBF;5;20241007;111000;95.92;96.13;95.92;96;3067
USDRUBF;5;20241007;111500;96;96.04;95.89;96.03;1520
USDRUBF;5;20241007;112000;96.04;96.04;95.95;96;1146
USDRUBF;5;20241007;112500;96;96.03;95.81;95.96;1620
USDRUBF;5;20241007;113000;95.97;96.01;95.95;95.99;379
USDRUBF;5;20241007;113500;95.96;96.04;95.87;96.02;1160
USDRUBF;5;20241007;114000;96.03;96.07;95.89;95.94;728
USDRUBF;5;20241007;114500;95.94;96.04;95.86;95.86;808
USDRUBF;5;20241007;115000;95.89;95.96;95.85;95.96;264
USDRUBF;5;20241007;115500;95.95;95.98;95.94;95.96;94
USDRUBF;5;20241007;120000;95.96;95.96;95.9;95.91;176
USDRUBF;5;20241007;120500;95.9;95.99;95.9;95.96;436
USDRUBF;5;20241007;121000;95.98;96.06;95.92;96.06;559
USDRUBF;5;20241007;121500;96.03;96.04;96;96.01;151
USDRUBF;5;20241007;122000;96.01;96.03;95.98;95.98;142
USDRUBF;5;20241007;122500;95.97;96;95.96;95.96;139
USDRUBF;5;20241007;123000;96;96.01;95.96;96;162
USDRUBF;5;20241007;123500;96.01;96.03;95.99;96.01;72
USDRUBF;5;20241007;124000;95.99;96.04;95.99;96.04;85
USDRUBF;5;20241007;124500;96.04;96.06;96.04;96.05;230
USDRUBF;5;20241007;125000;96.04;96.08;96.03;96.08;74
USDRUBF;5;20241007;125500;96.08;96.08;95.99;96.06;255
USDRUBF;5;20241007;130000;96.05;96.1;96.04;96.07;294
USDRUBF;5;20241007;130500;96.1;96.19;96.06;96.06;371
USDRUBF;5;20241007;131000;96.06;96.08;95.98;96.05;1001
USDRUBF;5;20241007;131500;96.03;96.05;95.95;95.96;853
USDRUBF;5;20241007;132000;95.97;95.99;95.93;95.93;1313
USDRUBF;5;20241007;132500;95.95;95.99;95.85;95.97;737
USDRUBF;5;20241007;133000;95.95;96.06;95.92;96.04;779
USDRUBF;5;20241007;133500;96.05;96.05;95.95;95.98;190
USDRUBF;5;20241007;134000;96;96.07;95.97;96.03;394
USDRUBF;5;20241007;134500;96.07;96.07;96.04;96.04;74
USDRUBF;5;20241007;135000;96.04;96.05;96.01;96.05;659
USDRUBF;5;20241007;135500;96.05;96.1;95.94;96.04;2178
USDRUBF;5;20241007;140500;96.05;96.09;96.04;96.07;192
USDRUBF;5;20241007;141000;96.07;96.08;96.02;96.04;227
USDRUBF;5;20241007;141500;96.04;96.07;96.02;96.06;217
USDRUBF;5;20241007;142000;96.06;96.09;96.05;96.07;70
USDRUBF;5;20241007;142500;96.06;96.07;96.04;96.04;120
USDRUBF;5;20241007;143000;96.05;96.08;96.05;96.07;263
USDRUBF;5;20241007;143500;96.06;96.08;96.01;96.05;200
USDRUBF;5;20241007;144000;96.03;96.03;95.98;96.01;518
USDRUBF;5;20241007;144500;96.02;96.07;96.01;96.07;758
USDRUBF;5;20241007;145000;96.07;96.07;96.05;96.06;123
USDRUBF;5;20241007;145500;96.03;96.03;95.99;96.02;241
USDRUBF;5;20241007;150000;96.02;96.07;96;96.02;542
USDRUBF;5;20241007;150500;96.03;96.03;95.98;95.98;217
USDRUBF;5;20241007;151000;95.99;96.01;95.96;96;713
USDRUBF;5;20241007;151500;96;96.02;95.96;96.02;76
USDRUBF;5;20241007;152000;96.01;96.02;96.01;96.01;8
USDRUBF;5;20241007;152500;96.01;96.03;96;96;17
USDRUBF;5;20241007;153000;96;96.03;95.95;96;197
USDRUBF;5;20241007;153500;96;96.1;96;96.09;746
USDRUBF;5;20241007;154000;96.09;96.09;95.99;96.02;399
USDRUBF;5;20241007;154500;96.02;96.02;95.99;96.01;528
USDRUBF;5;20241007;155000;96;96.09;96;96.08;534
USDRUBF;5;20241007;155500;96.06;96.08;96.04;96.08;53
USDRUBF;5;20241007;160000;96.06;96.08;96.05;96.06;103
USDRUBF;5;20241007;160500;96.05;96.06;96.03;96.04;163
USDRUBF;5;20241007;161000;96.06;96.07;95.99;96;730
USDRUBF;5;20241007;161500;96.01;96.02;95.98;96;304
USDRUBF;5;20241007;162000;96;96.04;95.99;96.02;212
USDRUBF;5;20241007;162500;96.04;96.07;96.02;96.02;242
USDRUBF;5;20241007;163000;96.04;96.04;96.01;96.01;312
USDRUBF;5;20241007;163500;96.01;96.02;96.01;96.01;571
USDRUBF;5;20241007;164000;96.01;96.01;96;96;493
USDRUBF;5;20241007;164500;96;96.01;95.95;95.96;758
USDRUBF;5;20241007;165000;95.96;95.97;95.95;95.95;226
USDRUBF;5;20241007;165500;95.96;96.03;95.96;95.96;352
USDRUBF;5;20241007;170000;95.98;95.98;95.89;95.91;451
USDRUBF;5;20241007;170500;95.9;96;95.9;96;377
USDRUBF;5;20241007;171000;96;96.02;95.95;95.98;401
USDRUBF;5;20241007;171500;96.02;96.05;96;96.04;277
USDRUBF;5;20241007;172000;96.03;96.05;95.97;95.98;404
USDRUBF;5;20241007;172500;96.01;96.05;96.01;96.05;45
USDRUBF;5;20241007;173000;96.03;96.04;95.99;96.01;294
USDRUBF;5;20241007;173500;96.01;96.03;95.98;96;386
USDRUBF;5;20241007;174000;95.99;96.1;95.98;96.04;2470
USDRUBF;5;20241007;174500;96.03;96.03;96.01;96.01;41
USDRUBF;5;20241007;175000;96.02;96.03;95.96;95.96;453
USDRUBF;5;20241007;175500;95.97;95.99;95.92;95.95;605
USDRUBF;5;20241007;180000;95.97;96.06;95.96;96;1521
USDRUBF;5;20241007;180500;96;96.06;96;96.04;262
USDRUBF;5;20241007;181000;96.05;96.06;96.03;96.05;341
USDRUBF;5;20241007;181500;96.06;96.1;96.05;96.08;611
USDRUBF;5;20241007;182000;96.09;96.1;96.08;96.08;392
USDRUBF;5;20241007;182500;96.08;96.1;96.06;96.06;866
USDRUBF;5;20241007;183000;96.07;96.07;96.04;96.06;681
USDRUBF;5;20241007;183500;96.06;96.06;96.02;96.03;194
USDRUBF;5;20241007;184000;96.04;96.08;96.03;96.08;425
USDRUBF;5;20241007;184500;96.08;96.09;96.05;96.08;246
USDRUBF;5;20241007;190500;96.04;96.04;95.97;96.02;216
USDRUBF;5;20241007;191000;96.02;96.05;96.01;96.04;43
USDRUBF;5;20241007;191500;96;96;95.98;96;109
USDRUBF;5;20241007;192000;95.99;95.99;95.98;95.98;38
USDRUBF;5;20241007;192500;95.98;95.98;95.98;95.98;10
USDRUBF;5;20241007;193000;95.98;96.01;95.95;95.96;450
USDRUBF;5;20241007;193500;95.96;95.96;95.93;95.93;8
USDRUBF;5;20241007;194000;95.95;95.95;95.91;95.94;52
USDRUBF;5;20241007;194500;95.93;95.93;95.91;95.92;14
USDRUBF;5;20241007;195000;95.92;95.93;95.92;95.93;64
USDRUBF;5;20241007;195500;95.93;95.94;95.93;95.94;2
USDRUBF;5;20241007;200000;95.93;95.93;95.93;95.93;1
USDRUBF;5;20241007;200500;95.92;95.93;95.92;95.92;6
USDRUBF;5;20241007;201000;95.94;95.96;95.94;95.96;18
USDRUBF;5;20241007;201500;95.95;95.96;95.94;95.96;12
USDRUBF;5;20241007;202000;95.94;95.96;95.94;95.94;19
USDRUBF;5;20241007;202500;95.96;95.96;95.96;95.96;1
USDRUBF;5;20241007;203000;95.96;95.97;95.94;95.94;8
USDRUBF;5;20241007;203500;95.94;95.97;95.94;95.97;66
USDRUBF;5;20241007;204000;95.97;95.99;95.95;95.99;47
USDRUBF;5;20241007;204500;95.99;95.99;95.99;95.99;2
USDRUBF;5;20241007;205000;95.99;96;95.99;95.99;11
USDRUBF;5;20241007;205500;95.99;96;95.95;95.99;169
USDRUBF;5;20241007;210000;95.99;95.99;95.99;95.99;35
USDRUBF;5;20241007;210500;96;96;95.96;95.97;41
USDRUBF;5;20241007;211000;95.96;95.98;95.95;95.98;23
USDRUBF;5;20241007;211500;95.98;95.98;95.98;95.98;27
USDRUBF;5;20241007;212000;95.95;95.95;95.95;95.95;2
USDRUBF;5;20241007;212500;95.96;95.98;95.96;95.98;51
USDRUBF;5;20241007;213000;95.97;95.97;95.96;95.96;5
USDRUBF;5;20241007;213500;95.96;95.99;95.96;95.99;2
USDRUBF;5;20241007;214000;95.98;95.98;95.98;95.98;1
USDRUBF;5;20241007;215000;96;96.02;96;96.02;109
USDRUBF;5;20241007;215500;96.01;96.01;96.01;96.01;5
USDRUBF;5;20241007;220000;96.02;96.04;96.02;96.04;48
USDRUBF;5;20241007;220500;96.05;96.05;96.04;96.04;2
USDRUBF;5;20241007;221000;96.05;96.06;96.05;96.05;36
USDRUBF;5;20241007;221500;96.05;96.05;96.02;96.03;29
USDRUBF;5;20241007;222500;96.02;96.02;96.02;96.02;2
USDRUBF;5;20241007;223000;96.02;96.02;96.02;96.02;10
USDRUBF;5;20241007;223500;96.02;96.02;96.02;96.02;1
USDRUBF;5;20241007;224000;96.02;96.02;96.02;96.02;5
USDRUBF;5;20241007;224500;96.03;96.03;96.02;96.02;6
USDRUBF;5;20241007;225000;96.01;96.01;96.01;96.01;9
USDRUBF;5;20241007;225500;96;96;96;96;5
USDRUBF;5;20241007;230000;96.01;96.02;96;96;17
USDRUBF;5;20241007;230500;96;96;96;96;3
USDRUBF;5;20241007;231000;96;96.02;96;96.02;19
USDRUBF;5;20241007;231500;96.02;96.02;96.02;96.02;22
USDRUBF;5;20241007;232000;96.03;96.04;96.03;96.03;11
USDRUBF;5;20241007;232500;96.04;96.05;96.02;96.02;18
USDRUBF;5;20241007;233000;96.03;96.05;96;96.05;110
USDRUBF;5;20241007;233500;96.05;96.05;96.02;96.02;31
USDRUBF;5;20241007;234000;96.03;96.03;96;96.01;17
USDRUBF;5;20241007;234500;96.01;96.04;96.01;96.04;5
USDRUBF;5;20241008;100000;96;96.09;95.95;96.01;1640
USDRUBF;5;20241008;100500;96;96.17;95.92;96.16;875
USDRUBF;5;20241008;101000;96.17;96.28;96.13;96.25;770
USDRUBF;5;20241008;101500;96.24;96.25;96.12;96.15;1187
USDRUBF;5;20241008;102000;96.17;96.18;95.98;96.07;1598
USDRUBF;5;20241008;102500;96.07;96.18;96.06;96.15;876
USDRUBF;5;20241008;103000;96.15;96.21;96.1;96.21;746
USDRUBF;5;20241008;103500;96.2;96.3;96.18;96.19;1310
USDRUBF;5;20241008;104000;96.17;96.2;96.16;96.18;227
USDRUBF;5;20241008;104500;96.17;96.17;95.87;95.87;2169
USDRUBF;5;20241008;105000;95.87;95.99;95.79;95.97;1615
USDRUBF;5;20241008;105500;95.97;96.11;95.97;96.05;564
USDRUBF;5;20241008;110000;96.04;96.04;95.98;96.02;396
USDRUBF;5;20241008;110500;95.99;96.03;95.89;96.01;981
USDRUBF;5;20241008;111000;96;96.1;96;96.07;421
USDRUBF;5;20241008;111500;96.05;96.07;96.02;96.02;247
USDRUBF;5;20241008;112000;96.02;96.04;95.98;95.98;331
USDRUBF;5;20241008;112500;96;96.05;95.92;96.03;497
USDRUBF;5;20241008;113000;96.05;96.11;96.05;96.1;519
USDRUBF;5;20241008;113500;96.1;96.12;96.07;96.07;601
USDRUBF;5;20241008;114000;96.07;96.12;96.05;96.05;295
USDRUBF;5;20241008;114500;96.07;96.1;96.05;96.08;490
USDRUBF;5;20241008;115000;96.06;96.08;96.04;96.08;88
USDRUBF;5;20241008;115500;96.06;96.08;96.05;96.08;37
USDRUBF;5;20241008;120000;96.08;96.09;96.07;96.08;191
USDRUBF;5;20241008;120500;96.06;96.1;96.06;96.1;801
USDRUBF;5;20241008;121000;96.1;96.1;96.07;96.09;320
USDRUBF;5;20241008;121500;96.08;96.08;96.05;96.07;109
USDRUBF;5;20241008;122000;96.08;96.1;96.07;96.1;231
USDRUBF;5;20241008;122500;96.1;96.1;96.06;96.07;214
USDRUBF;5;20241008;123000;96.06;96.06;95.98;96.03;579
USDRUBF;5;20241008;123500;96.03;96.03;95.95;95.97;504
USDRUBF;5;20241008;124000;95.97;96.05;95.88;96;2285
USDRUBF;5;20241008;124500;95.99;96.07;95.93;95.98;928
USDRUBF;5;20241008;125000;95.95;96.03;95.92;95.99;205
USDRUBF;5;20241008;125500;95.99;95.99;95.96;95.99;105
USDRUBF;5;20241008;130000;96;96.07;95.98;96.07;441
USDRUBF;5;20241008;130500;96.07;96.09;96.01;96.01;101
USDRUBF;5;20241008;131000;96.03;96.07;96.02;96.06;315
USDRUBF;5;20241008;131500;96.06;96.09;96.03;96.09;687
USDRUBF;5;20241008;132000;96.09;96.1;95.97;96.01;2332
USDRUBF;5;20241008;132500;96.02;96.1;96.02;96.08;458
USDRUBF;5;20241008;133000;96.08;96.09;96.07;96.09;383
USDRUBF;5;20241008;133500;96.09;96.1;96.06;96.08;473
USDRUBF;5;20241008;134000;96.09;96.16;96.08;96.16;1878
USDRUBF;5;20241008;134500;96.15;96.18;96.13;96.17;256
USDRUBF;5;20241008;135000;96.18;96.19;96.16;96.19;289
USDRUBF;5;20241008;135500;96.17;96.2;96.15;96.17;989
USDRUBF;5;20241008;140500;96.19;96.2;96.18;96.19;215
USDRUBF;5;20241008;141000;96.19;96.2;96.19;96.2;820
USDRUBF;5;20241008;141500;96.2;96.2;96.15;96.15;350
USDRUBF;5;20241008;142000;96.16;96.18;96.12;96.16;156
USDRUBF;5;20241008;142500;96.15;96.15;96.06;96.12;402
USDRUBF;5;20241008;143000;96.14;96.14;96.12;96.12;236
USDRUBF;5;20241008;143500;96.12;96.2;96.12;96.2;249
USDRUBF;5;20241008;144000;96.19;96.2;96.17;96.2;726
USDRUBF;5;20241008;144500;96.2;96.2;96.12;96.16;906
USDRUBF;5;20241008;145000;96.17;96.2;96.16;96.2;2978
USDRUBF;5;20241008;145500;96.2;96.29;96.19;96.22;1368
USDRUBF;5;20241008;150000;96.21;96.24;96.21;96.22;117
USDRUBF;5;20241008;150500;96.23;96.27;96.23;96.26;143
USDRUBF;5;20241008;151000;96.26;96.3;96.23;96.26;269
USDRUBF;5;20241008;151500;96.27;96.32;96.23;96.25;5573
USDRUBF;5;20241008;152000;96.25;96.33;96.22;96.25;12233
USDRUBF;5;20241008;152500;96.25;96.34;96.19;96.21;6730
USDRUBF;5;20241008;153000;96.21;96.3;96.18;96.3;1072
USDRUBF;5;20241008;153500;96.3;96.3;96.26;96.29;1947
USDRUBF;5;20241008;154000;96.3;96.3;96.26;96.28;155
USDRUBF;5;20241008;154500;96.29;96.3;96.28;96.29;1176
USDRUBF;5;20241008;155000;96.28;96.3;96.25;96.29;4726
USDRUBF;5;20241008;155500;96.29;96.3;96.29;96.29;3976
USDRUBF;5;20241008;160000;96.3;96.39;96.27;96.27;5396
USDRUBF;5;20241008;160500;96.28;96.3;96.28;96.3;2150
USDRUBF;5;20241008;161000;96.29;96.3;96.23;96.3;970
USDRUBF;5;20241008;161500;96.29;96.29;96.25;96.27;259
USDRUBF;5;20241008;162000;96.25;96.26;96.23;96.26;139
USDRUBF;5;20241008;162500;96.26;96.3;96.24;96.29;1330
USDRUBF;5;20241008;163000;96.29;96.3;96.18;96.19;2406
USDRUBF;5;20241008;163500;96.18;96.2;96.12;96.12;590
USDRUBF;5;20241008;164000;96.12;96.13;95.86;95.95;6148
USDRUBF;5;20241008;164500;95.93;96.11;95.88;96.06;2437
USDRUBF;5;20241008;165000;96.06;96.11;96.04;96.1;520
USDRUBF;5;20241008;165500;96.1;96.13;96.07;96.1;613
USDRUBF;5;20241008;170000;96.09;96.11;96.07;96.07;221
USDRUBF;5;20241008;170500;96.1;96.15;96.1;96.12;288
USDRUBF;5;20241008;171000;96.14;96.2;96.12;96.18;194
USDRUBF;5;20241008;171500;96.18;96.21;96.16;96.2;236
USDRUBF;5;20241008;172000;96.2;96.22;96.2;96.2;44
USDRUBF;5;20241008;172500;96.2;96.24;96.17;96.17;315
USDRUBF;5;20241008;173000;96.17;96.17;96.11;96.14;265
USDRUBF;5;20241008;173500;96.14;96.23;96.13;96.23;237
USDRUBF;5;20241008;174000;96.23;96.25;96.14;96.14;569
USDRUBF;5;20241008;174500;96.15;96.17;96.07;96.08;438
USDRUBF;5;20241008;175000;96.1;96.1;96.01;96.04;687
USDRUBF;5;20241008;175500;96.04;96.13;96.04;96.07;219
USDRUBF;5;20241008;180000;96.07;96.08;96.02;96.04;535
USDRUBF;5;20241008;180500;96.05;96.11;96.04;96.11;327
USDRUBF;5;20241008;181000;96.1;96.14;96.07;96.1;301
USDRUBF;5;20241008;181500;96.08;96.11;96.05;96.07;144
USDRUBF;5;20241008;182000;96.07;96.12;96.01;96.12;248
USDRUBF;5;20241008;182500;96.12;96.23;96.11;96.21;461
USDRUBF;5;20241008;183000;96.24;96.24;96.18;96.19;376
USDRUBF;5;20241008;183500;96.21;96.22;96.2;96.2;58
USDRUBF;5;20241008;184000;96.2;96.2;96.18;96.19;129
USDRUBF;5;20241008;184500;96.19;96.2;96.13;96.16;236
USDRUBF;5;20241008;190500;96.12;96.17;96.12;96.15;78
USDRUBF;5;20241008;191000;96.16;96.23;96.16;96.22;148
USDRUBF;5;20241008;191500;96.24;96.24;96.21;96.22;93
USDRUBF;5;20241008;192000;96.23;96.25;96.23;96.23;118
USDRUBF;5;20241008;192500;96.26;96.27;96.26;96.27;20
USDRUBF;5;20241008;193000;96.27;96.27;96.25;96.25;44
USDRUBF;5;20241008;193500;96.25;96.26;96.25;96.26;28
USDRUBF;5;20241008;194000;96.25;96.25;96.24;96.25;8
USDRUBF;5;20241008;194500;96.26;96.28;96.26;96.28;45
USDRUBF;5;20241008;195000;96.26;96.26;96.25;96.25;7
USDRUBF;5;20241008;195500;96.28;96.28;96.27;96.27;8
USDRUBF;5;20241008;200000;96.28;96.28;96.28;96.28;18
USDRUBF;5;20241008;200500;96.25;96.29;96.25;96.28;21
USDRUBF;5;20241008;201000;96.28;96.28;96.26;96.28;49
USDRUBF;5;20241008;201500;96.25;96.25;96.21;96.22;82
USDRUBF;5;20241008;202000;96.19;96.2;96.18;96.2;15
USDRUBF;5;20241008;202500;96.18;96.18;96.18;96.18;1
USDRUBF;5;20241008;203000;96.18;96.18;96.18;96.18;6
USDRUBF;5;20241008;204500;96.2;96.2;96.2;96.2;9
USDRUBF;5;20241008;205000;96.2;96.2;96.2;96.2;2
USDRUBF;5;20241008;205500;96.19;96.2;96.18;96.19;23
USDRUBF;5;20241008;210000;96.18;96.19;96.18;96.19;13
USDRUBF;5;20241008;210500;96.19;96.19;96.19;96.19;6
USDRUBF;5;20241008;211000;96.19;96.2;96.19;96.2;32
USDRUBF;5;20241008;212000;96.2;96.2;96.19;96.2;53
USDRUBF;5;20241008;213000;96.19;96.19;96.19;96.19;10
USDRUBF;5;20241008;213500;96.19;96.2;96.18;96.18;25
USDRUBF;5;20241008;214000;96.22;96.22;96.22;96.22;14
USDRUBF;5;20241008;214500;96.21;96.21;96.21;96.21;9
USDRUBF;5;20241008;215000;96.24;96.25;96.23;96.25;65
USDRUBF;5;20241008;215500;96.24;96.24;96.21;96.22;59
USDRUBF;5;20241008;220500;96.21;96.23;96.21;96.23;11
USDRUBF;5;20241008;221000;96.23;96.23;96.23;96.23;10
USDRUBF;5;20241008;221500;96.23;96.26;96.23;96.25;82
USDRUBF;5;20241008;222000;96.24;96.26;96.24;96.26;2
USDRUBF;5;20241008;222500;96.24;96.24;96.24;96.24;4
USDRUBF;5;20241008;223000;96.25;96.25;96.24;96.24;11
USDRUBF;5;20241008;223500;96.25;96.25;96.25;96.25;34
USDRUBF;5;20241008;224000;96.25;96.25;96.25;96.25;77
USDRUBF;5;20241008;224500;96.24;96.25;96.24;96.25;27
USDRUBF;5;20241008;225000;96.25;96.25;96.25;96.25;21
USDRUBF;5;20241008;225500;96.26;96.26;96.25;96.25;31
USDRUBF;5;20241008;230000;96.25;96.25;96.23;96.24;29
USDRUBF;5;20241008;230500;96.24;96.24;96.23;96.23;11
USDRUBF;5;20241008;231000;96.21;96.21;96.2;96.2;4
USDRUBF;5;20241008;231500;96.2;96.22;96.2;96.22;15
USDRUBF;5;20241008;232500;96.22;96.22;96.22;96.22;2
USDRUBF;5;20241008;233000;96.22;96.22;96.22;96.22;5
USDRUBF;5;20241008;233500;96.22;96.22;96.2;96.2;2
USDRUBF;5;20241008;234000;96.22;96.23;96.2;96.2;57
USDRUBF;5;20241008;234500;96.21;96.23;96.2;96.23;39
USDRUBF;5;20241009;100000;96.3;96.44;96.22;96.22;1812
USDRUBF;5;20241009;100500;96.23;96.52;96.22;96.44;2420
USDRUBF;5;20241009;101000;96.43;96.55;96.4;96.46;1548
USDRUBF;5;20241009;101500;96.46;96.5;96.35;96.38;2610
USDRUBF;5;20241009;102000;96.36;96.51;96.31;96.49;904
USDRUBF;5;20241009;102500;96.5;96.52;96.41;96.47;1423
USDRUBF;5;20241009;103000;96.49;96.55;96.47;96.52;578
USDRUBF;5;20241009;103500;96.55;96.65;96.54;96.57;1082
USDRUBF;5;20241009;104000;96.58;96.59;96.5;96.5;351
USDRUBF;5;20241009;104500;96.51;96.68;96.45;96.65;753
USDRUBF;5;20241009;105000;96.59;96.59;96.54;96.54;369
USDRUBF;5;20241009;105500;96.58;96.59;96.57;96.59;171
USDRUBF;5;20241009;110000;96.59;96.6;96.54;96.54;129
USDRUBF;5;20241009;110500;96.53;96.55;96.5;96.51;95
USDRUBF;5;20241009;111000;96.51;96.51;96.49;96.51;297
USDRUBF;5;20241009;111500;96.52;96.6;96.52;96.53;855
USDRUBF;5;20241009;112000;96.54;96.56;96.52;96.56;267
USDRUBF;5;20241009;112500;96.56;96.57;96.5;96.55;512
USDRUBF;5;20241009;113000;96.55;96.56;96.52;96.55;543
USDRUBF;5;20241009;113500;96.57;96.57;96.52;96.54;100
USDRUBF;5;20241009;114000;96.56;96.56;96.5;96.53;371
USDRUBF;5;20241009;114500;96.53;96.57;96.52;96.57;171
USDRUBF;5;20241009;115000;96.59;96.61;96.56;96.61;310
USDRUBF;5;20241009;115500;96.6;96.6;96.5;96.51;171
USDRUBF;5;20241009;120000;96.52;96.64;96.51;96.61;475
USDRUBF;5;20241009;120500;96.62;96.62;96.58;96.62;369
USDRUBF;5;20241009;121000;96.61;96.65;96.58;96.58;350
USDRUBF;5;20241009;121500;96.58;96.71;96.58;96.71;611
USDRUBF;5;20241009;122000;96.71;96.71;96.69;96.71;158
USDRUBF;5;20241009;122500;96.71;96.77;96.68;96.7;1872
USDRUBF;5;20241009;123000;96.7;96.83;96.7;96.76;2103
USDRUBF;5;20241009;123500;96.77;96.85;96.72;96.79;2478
USDRUBF;5;20241009;124000;96.79;96.8;96.73;96.8;739
USDRUBF;5;20241009;124500;96.81;96.84;96.75;96.75;1158
USDRUBF;5;20241009;125000;96.76;96.8;96.76;96.8;496
USDRUBF;5;20241009;125500;96.79;96.82;96.78;96.78;292
USDRUBF;5;20241009;130000;96.78;96.8;96.74;96.76;380
USDRUBF;5;20241009;130500;96.75;96.75;96.64;96.69;1364
USDRUBF;5;20241009;131000;96.7;96.7;96.58;96.58;1293
USDRUBF;5;20241009;131500;96.6;96.6;96.58;96.6;6135
USDRUBF;5;20241009;132000;96.6;96.6;96.56;96.58;451
USDRUBF;5;20241009;132500;96.58;96.58;96.56;96.57;100
USDRUBF;5;20241009;133000;96.59;96.6;96.59;96.6;192
USDRUBF;5;20241009;133500;96.59;96.6;96.53;96.53;596
USDRUBF;5;20241009;134000;96.53;96.57;96.49;96.57;2887
USDRUBF;5;20241009;134500;96.55;96.57;96.49;96.52;156
USDRUBF;5;20241009;135000;96.51;96.55;96.51;96.53;810
USDRUBF;5;20241009;135500;96.52;96.53;96.51;96.53;1025
USDRUBF;5;20241009;140500;96.55;96.55;96.43;96.47;1561
USDRUBF;5;20241009;141000;96.46;96.48;96.4;96.45;832
USDRUBF;5;20241009;141500;96.44;96.44;96.3;96.42;2580
USDRUBF;5;20241009;142000;96.42;96.49;96.31;96.36;2915
USDRUBF;5;20241009;142500;96.36;96.4;96.36;96.38;357
USDRUBF;5;20241009;143000;96.37;96.44;96.35;96.42;587
USDRUBF;5;20241009;143500;96.42;96.47;96.42;96.43;172
USDRUBF;5;20241009;144000;96.45;96.53;96.45;96.49;1084
USDRUBF;5;20241009;144500;96.48;96.48;96.46;96.46;301
USDRUBF;5;20241009;145000;96.46;96.47;96.45;96.46;266
USDRUBF;5;20241009;145500;96.46;96.48;96.46;96.48;196
USDRUBF;5;20241009;150000;96.48;96.49;96.45;96.47;1885
USDRUBF;5;20241009;150500;96.46;96.51;96.45;96.51;550
USDRUBF;5;20241009;151000;96.53;96.55;96.5;96.52;247
USDRUBF;5;20241009;151500;96.52;96.52;96.43;96.47;825
USDRUBF;5;20241009;152000;96.46;96.5;96.44;96.47;164
USDRUBF;5;20241009;152500;96.46;96.46;96.31;96.34;1272
USDRUBF;5;20241009;153000;96.35;96.38;96.31;96.36;1592
USDRUBF;5;20241009;153500;96.35;96.35;96.24;96.24;4206
USDRUBF;5;20241009;154000;96.24;96.26;96.22;96.26;424
USDRUBF;5;20241009;154500;96.25;96.28;96.17;96.19;1041
USDRUBF;5;20241009;155000;96.21;96.24;96.18;96.23;440
USDRUBF;5;20241009;155500;96.23;96.25;96.21;96.25;4015
USDRUBF;5;20241009;160000;96.24;96.25;96.21;96.25;793
USDRUBF;5;20241009;160500;96.25;96.25;96.24;96.25;266
USDRUBF;5;20241009;161000;96.25;96.25;96.22;96.23;237
USDRUBF;5;20241009;161500;96.22;96.25;96.22;96.25;2207
USDRUBF;5;20241009;162000;96.24;96.3;96.24;96.24;1010
USDRUBF;5;20241009;162500;96.23;96.3;96.19;96.22;1181
USDRUBF;5;20241009;163000;96.22;96.24;96.18;96.19;1346
USDRUBF;5;20241009;163500;96.19;96.2;96.15;96.19;2004
USDRUBF;5;20241009;164000;96.19;96.2;96.15;96.18;1788
USDRUBF;5;20241009;164500;96.18;96.22;96.18;96.22;12829
USDRUBF;5;20241009;165000;96.22;96.33;96.21;96.33;1105
USDRUBF;5;20241009;165500;96.32;96.35;96.27;96.35;508
USDRUBF;5;20241009;170000;96.35;96.44;96.29;96.3;916
USDRUBF;5;20241009;170500;96.29;96.42;96.29;96.42;242
USDRUBF;5;20241009;171000;96.4;96.44;96.37;96.44;182
USDRUBF;5;20241009;171500;96.44;96.51;96.39;96.39;1558
USDRUBF;5;20241009;172000;96.41;96.49;96.41;96.44;454
USDRUBF;5;20241009;172500;96.41;96.43;96.36;96.4;314
USDRUBF;5;20241009;173000;96.41;96.52;96.39;96.4;656
USDRUBF;5;20241009;173500;96.41;96.52;96.41;96.5;1244
USDRUBF;5;20241009;174000;96.5;96.64;96.49;96.59;1526
USDRUBF;5;20241009;174500;96.6;96.6;96.54;96.58;660
USDRUBF;5;20241009;175000;96.58;96.66;96.56;96.56;967
USDRUBF;5;20241009;175500;96.56;96.62;96.52;96.58;249
USDRUBF;5;20241009;180000;96.61;96.64;96.55;96.57;549
USDRUBF;5;20241009;180500;96.55;96.57;96.53;96.53;90
USDRUBF;5;20241009;181000;96.53;96.55;96.53;96.55;526
USDRUBF;5;20241009;181500;96.54;96.55;96.45;96.48;775
USDRUBF;5;20241009;182000;96.49;96.49;96.47;96.47;610
USDRUBF;5;20241009;182500;96.47;96.5;96.47;96.49;8478
USDRUBF;5;20241009;183000;96.49;96.5;96.49;96.49;622
USDRUBF;5;20241009;183500;96.49;96.56;96.48;96.52;1256
USDRUBF;5;20241009;184000;96.53;96.54;96.48;96.52;330
USDRUBF;5;20241009;184500;96.52;96.56;96.51;96.55;1019
USDRUBF;5;20241009;190500;96.45;96.52;96.45;96.51;199
USDRUBF;5;20241009;191000;96.5;96.51;96.42;96.45;168
USDRUBF;5;20241009;191500;96.46;96.47;96.43;96.43;36
USDRUBF;5;20241009;192000;96.43;96.43;96.41;96.42;48
USDRUBF;5;20241009;192500;96.42;96.43;96.42;96.43;37
USDRUBF;5;20241009;193000;96.42;96.43;96.42;96.43;68
USDRUBF;5;20241009;193500;96.43;96.45;96.43;96.45;11
USDRUBF;5;20241009;194000;96.45;96.46;96.44;96.44;52
USDRUBF;5;20241009;194500;96.44;96.45;96.43;96.43;18
USDRUBF;5;20241009;195000;96.43;96.44;96.42;96.42;14
USDRUBF;5;20241009;195500;96.43;96.43;96.41;96.43;37
USDRUBF;5;20241009;200000;96.43;96.44;96.43;96.44;16
USDRUBF;5;20241009;200500;96.46;96.47;96.46;96.47;14
USDRUBF;5;20241009;201500;96.48;96.48;96.46;96.46;30
USDRUBF;5;20241009;202000;96.46;96.47;96.45;96.45;20
USDRUBF;5;20241009;202500;96.46;96.47;96.46;96.47;18
USDRUBF;5;20241009;203000;96.46;96.46;96.46;96.46;3
USDRUBF;5;20241009;203500;96.45;96.45;96.45;96.45;1
USDRUBF;5;20241009;204000;96.45;96.46;96.45;96.45;12
USDRUBF;5;20241009;204500;96.46;96.48;96.46;96.48;12
USDRUBF;5;20241009;205000;96.46;96.46;96.46;96.46;1
USDRUBF;5;20241009;210000;96.48;96.48;96.48;96.48;3
USDRUBF;5;20241009;210500;96.48;96.49;96.48;96.49;12
USDRUBF;5;20241009;211000;96.49;96.5;96.49;96.5;37
USDRUBF;5;20241009;211500;96.49;96.5;96.48;96.5;17
USDRUBF;5;20241009;212000;96.47;96.49;96.47;96.49;9
USDRUBF;5;20241009;212500;96.49;96.49;96.49;96.49;4
USDRUBF;5;20241009;213000;96.5;96.51;96.5;96.51;88
USDRUBF;5;20241009;214000;96.51;96.51;96.5;96.5;26
USDRUBF;5;20241009;214500;96.49;96.49;96.49;96.49;10
USDRUBF;5;20241009;215500;96.49;96.49;96.49;96.49;1
USDRUBF;5;20241009;220500;96.48;96.5;96.48;96.49;14
USDRUBF;5;20241009;221000;96.5;96.51;96.49;96.49;32
USDRUBF;5;20241009;221500;96.49;96.5;96.49;96.5;19
USDRUBF;5;20241009;222000;96.48;96.49;96.48;96.48;23
USDRUBF;5;20241009;222500;96.48;96.49;96.48;96.49;8
USDRUBF;5;20241009;223000;96.49;96.49;96.49;96.49;1
USDRUBF;5;20241009;223500;96.48;96.49;96.48;96.48;22
USDRUBF;5;20241009;224000;96.48;96.48;96.44;96.44;63
USDRUBF;5;20241009;224500;96.47;96.47;96.44;96.46;32
USDRUBF;5;20241009;225000;96.47;96.47;96.47;96.47;43
USDRUBF;5;20241009;225500;96.46;96.46;96.43;96.43;33
USDRUBF;5;20241009;230000;96.44;96.45;96.43;96.45;18
USDRUBF;5;20241009;230500;96.45;96.45;96.42;96.42;46
USDRUBF;5;20241009;231000;96.43;96.43;96.43;96.43;1
USDRUBF;5;20241009;231500;96.43;96.43;96.42;96.42;21
USDRUBF;5;20241009;232500;96.43;96.44;96.43;96.43;22
USDRUBF;5;20241009;233000;96.44;96.45;96.42;96.45;25
USDRUBF;5;20241009;234000;96.43;96.44;96.41;96.42;27
USDRUBF;5;20241009;234500;96.42;96.43;96.41;96.41;15
USDRUBF;5;20241010;100000;96.42;96.53;96.42;96.43;751
USDRUBF;5;20241010;100500;96.43;96.53;96.35;96.53;667
USDRUBF;5;20241010;101000;96.52;96.55;96.5;96.5;602
USDRUBF;5;20241010;101500;96.52;96.71;96.52;96.64;1730
USDRUBF;5;20241010;102000;96.64;96.69;96.55;96.61;1545
USDRUBF;5;20241010;102500;96.61;96.65;96.55;96.56;772
USDRUBF;5;20241010;103000;96.57;96.57;96.39;96.46;1348
USDRUBF;5;20241010;103500;96.45;96.47;96.23;96.33;3543
USDRUBF;5;20241010;104000;96.32;96.35;96.21;96.31;1147
USDRUBF;5;20241010;104500;96.3;96.34;96.21;96.33;917
USDRUBF;5;20241010;105000;96.32;96.4;96.3;96.39;1594
USDRUBF;5;20241010;105500;96.39;96.4;96.36;96.37;1263
USDRUBF;5;20241010;110000;96.36;96.36;96.27;96.29;957
USDRUBF;5;20241010;110500;96.28;96.3;96.19;96.2;6159
USDRUBF;5;20241010;111000;96.2;96.2;96.19;96.2;2487
USDRUBF;5;20241010;111500;96.2;96.32;96.19;96.19;7879
USDRUBF;5;20241010;112000;96.19;96.2;96.19;96.2;3650
USDRUBF;5;20241010;112500;96.19;96.2;96.19;96.2;5219
USDRUBF;5;20241010;113000;96.2;96.29;96.19;96.24;811
USDRUBF;5;20241010;113500;96.27;96.33;96.23;96.3;828
USDRUBF;5;20241010;114000;96.28;96.33;96.26;96.31;256
USDRUBF;5;20241010;114500;96.34;96.37;96.3;96.33;388
USDRUBF;5;20241010;115000;96.32;96.34;96.3;96.33;384
USDRUBF;5;20241010;115500;96.33;96.34;96.31;96.34;370
USDRUBF;5;20241010;120000;96.34;96.34;96.29;96.32;247
USDRUBF;5;20241010;120500;96.31;96.34;96.31;96.34;255
USDRUBF;5;20241010;121000;96.34;96.35;96.33;96.35;594
USDRUBF;5;20241010;121500;96.35;96.49;96.35;96.45;1045
USDRUBF;5;20241010;122000;96.46;96.53;96.44;96.51;659
USDRUBF;5;20241010;122500;96.51;96.53;96.42;96.44;1047
USDRUBF;5;20241010;123000;96.45;96.52;96.43;96.5;579
USDRUBF;5;20241010;123500;96.51;96.52;96.41;96.44;493
USDRUBF;5;20241010;124000;96.44;96.48;96.44;96.47;404
USDRUBF;5;20241010;124500;96.48;96.5;96.46;96.47;245
USDRUBF;5;20241010;125000;96.46;96.48;96.37;96.38;240
USDRUBF;5;20241010;125500;96.39;96.45;96.38;96.45;119
USDRUBF;5;20241010;130000;96.45;96.49;96.42;96.49;157
USDRUBF;5;20241010;130500;96.46;96.49;96.45;96.45;77
USDRUBF;5;20241010;131000;96.45;96.45;96.42;96.42;310
USDRUBF;5;20241010;131500;96.42;96.44;96.42;96.44;73
USDRUBF;5;20241010;132000;96.44;96.46;96.42;96.46;508
USDRUBF;5;20241010;132500;96.45;96.46;96.37;96.38;626
USDRUBF;5;20241010;133000;96.38;96.44;96.38;96.41;592
USDRUBF;5;20241010;133500;96.43;96.48;96.43;96.48;115
USDRUBF;5;20241010;134000;96.48;96.49;96.47;96.47;52
USDRUBF;5;20241010;134500;96.48;96.49;96.47;96.48;36
USDRUBF;5;20241010;135000;96.48;96.49;96.46;96.49;90
USDRUBF;5;20241010;135500;96.49;96.5;96.46;96.5;101
USDRUBF;5;20241010;140500;96.49;96.49;96.46;96.47;49
USDRUBF;5;20241010;141000;96.45;96.46;96.44;96.45;127
USDRUBF;5;20241010;141500;96.45;96.47;96.45;96.47;22
USDRUBF;5;20241010;142000;96.47;96.47;96.45;96.46;58
USDRUBF;5;20241010;142500;96.47;96.48;96.44;96.46;161
USDRUBF;5;20241010;143000;96.48;96.49;96.47;96.47;8
USDRUBF;5;20241010;143500;96.48;96.52;96.48;96.51;134
USDRUBF;5;20241010;144000;96.5;96.5;96.42;96.45;87
USDRUBF;5;20241010;144500;96.47;96.5;96.47;96.47;46
USDRUBF;5;20241010;145000;96.49;96.51;96.49;96.51;158
USDRUBF;5;20241010;145500;96.5;96.51;96.49;96.5;64
USDRUBF;5;20241010;150000;96.51;96.52;96.5;96.5;116
USDRUBF;5;20241010;150500;96.52;96.54;96.51;96.54;178
USDRUBF;5;20241010;151000;96.55;96.55;96.51;96.55;324
USDRUBF;5;20241010;151500;96.55;96.55;96.5;96.51;68
USDRUBF;5;20241010;152000;96.54;96.54;96.47;96.49;81
USDRUBF;5;20241010;152500;96.49;96.52;96.45;96.48;112
USDRUBF;5;20241010;153000;96.48;96.52;96.44;96.44;237
USDRUBF;5;20241010;153500;96.43;96.47;96.37;96.46;486
USDRUBF;5;20241010;154000;96.47;96.49;96.44;96.49;72
USDRUBF;5;20241010;154500;96.47;96.5;96.42;96.46;123
USDRUBF;5;20241010;155000;96.45;96.46;96.38;96.39;454
USDRUBF;5;20241010;155500;96.39;96.44;96.38;96.44;356
USDRUBF;5;20241010;160000;96.48;96.49;96.47;96.47;63
USDRUBF;5;20241010;160500;96.46;96.51;96.44;96.45;317
USDRUBF;5;20241010;161000;96.47;96.48;96.44;96.44;196
USDRUBF;5;20241010;161500;96.46;96.46;96.38;96.41;754
USDRUBF;5;20241010;162000;96.41;96.41;96.33;96.33;1515
USDRUBF;5;20241010;162500;96.32;96.35;96.28;96.34;829
USDRUBF;5;20241010;163000;96.33;96.35;96.29;96.33;938
USDRUBF;5;20241010;163500;96.32;96.39;96.32;96.37;45
USDRUBF;5;20241010;164000;96.36;96.36;96.33;96.33;96
USDRUBF;5;20241010;164500;96.32;96.32;96.27;96.27;219
USDRUBF;5;20241010;165000;96.27;96.28;96.23;96.27;975
USDRUBF;5;20241010;165500;96.25;96.25;96.2;96.23;196
USDRUBF;5;20241010;170000;96.21;96.24;96.21;96.22;303
USDRUBF;5;20241010;170500;96.25;96.34;96.24;96.27;641
USDRUBF;5;20241010;171000;96.26;96.28;96.21;96.25;530
USDRUBF;5;20241010;171500;96.21;96.34;96.21;96.32;987
USDRUBF;5;20241010;172000;96.28;96.34;96.27;96.3;1409
USDRUBF;5;20241010;172500;96.29;96.31;96.25;96.25;156
USDRUBF;5;20241010;173000;96.26;96.28;96.2;96.2;434
USDRUBF;5;20241010;173500;96.21;96.24;96.03;96.1;1263
USDRUBF;5;20241010;174000;96.08;96.1;95.84;95.98;2515
USDRUBF;5;20241010;174500;95.94;95.96;95.59;95.81;2654
USDRUBF;5;20241010;175000;95.81;95.88;95.62;95.87;7524
USDRUBF;5;20241010;175500;95.85;95.9;95.74;95.87;1413
USDRUBF;5;20241010;180000;95.88;95.88;95.75;95.75;2180
USDRUBF;5;20241010;180500;95.75;95.88;95.75;95.87;1018
USDRUBF;5;20241010;181000;95.85;95.85;95.81;95.81;146
USDRUBF;5;20241010;181500;95.81;95.86;95.77;95.86;324
USDRUBF;5;20241010;182000;95.85;95.86;95.78;95.85;272
USDRUBF;5;20241010;182500;95.85;95.86;95.8;95.83;520
USDRUBF;5;20241010;183000;95.81;95.85;95.76;95.85;2713
USDRUBF;5;20241010;183500;95.84;95.85;95.81;95.83;375
USDRUBF;5;20241010;184000;95.83;95.84;95.82;95.82;549
USDRUBF;5;20241010;184500;95.82;95.84;95.8;95.83;510
USDRUBF;5;20241010;190500;95.8;95.8;95.44;95.53;1312
USDRUBF;5;20241010;191000;95.52;95.52;95.38;95.5;902
USDRUBF;5;20241010;191500;95.49;95.55;95.4;95.51;789
USDRUBF;5;20241010;192000;95.51;95.56;95.51;95.54;71
USDRUBF;5;20241010;192500;95.54;95.54;95.47;95.5;214
USDRUBF;5;20241010;193000;95.49;95.51;95.46;95.49;41
USDRUBF;5;20241010;193500;95.49;95.51;95.49;95.49;87
USDRUBF;5;20241010;194000;95.49;95.5;95.48;95.49;47
USDRUBF;5;20241010;194500;95.49;95.49;95.4;95.4;346
USDRUBF;5;20241010;195000;95.43;95.44;95.38;95.4;248
USDRUBF;5;20241010;195500;95.4;95.46;95.39;95.45;398
USDRUBF;5;20241010;200000;95.44;95.45;95.43;95.45;47
USDRUBF;5;20241010;200500;95.46;95.49;95.45;95.45;93
USDRUBF;5;20241010;201000;95.45;95.48;95.44;95.48;109
USDRUBF;5;20241010;201500;95.49;95.49;95.46;95.46;90
USDRUBF;5;20241010;202000;95.47;95.48;95.45;95.45;44
USDRUBF;5;20241010;202500;95.45;95.46;95.39;95.39;167
USDRUBF;5;20241010;203000;95.4;95.43;95.4;95.42;28
USDRUBF;5;20241010;203500;95.41;95.41;95.37;95.37;227
USDRUBF;5;20241010;204000;95.37;95.41;95.36;95.41;283
USDRUBF;5;20241010;204500;95.42;95.44;95.38;95.39;127
USDRUBF;5;20241010;205000;95.4;95.44;95.39;95.44;95
USDRUBF;5;20241010;205500;95.44;95.47;95.44;95.47;36
USDRUBF;5;20241010;210000;95.47;95.47;95.46;95.46;2
USDRUBF;5;20241010;210500;95.46;95.5;95.3;95.49;548
USDRUBF;5;20241010;211000;95.46;95.57;95.46;95.53;366
USDRUBF;5;20241010;211500;95.53;95.55;95.5;95.54;24
USDRUBF;5;20241010;212000;95.52;95.54;95.51;95.51;82
USDRUBF;5;20241010;213000;95.52;95.53;95.52;95.53;16
USDRUBF;5;20241010;213500;95.52;95.52;95.49;95.51;33
USDRUBF;5;20241010;214000;95.49;95.52;95.49;95.52;10
USDRUBF;5;20241010;214500;95.51;95.53;95.49;95.52;125
USDRUBF;5;20241010;215000;95.53;95.54;95.51;95.52;61
USDRUBF;5;20241010;215500;95.51;95.54;95.51;95.52;41
USDRUBF;5;20241010;220000;95.51;95.54;95.51;95.54;112
USDRUBF;5;20241010;220500;95.54;95.55;95.52;95.52;46
USDRUBF;5;20241010;221000;95.53;95.56;95.52;95.52;30
USDRUBF;5;20241010;221500;95.54;95.55;95.54;95.55;17
USDRUBF;5;20241010;222000;95.55;95.55;95.47;95.49;607
USDRUBF;5;20241010;222500;95.49;95.49;95.46;95.49;63
USDRUBF;5;20241010;223000;95.49;95.51;95.49;95.51;3
USDRUBF;5;20241010;223500;95.49;95.5;95.47;95.47;569
USDRUBF;5;20241010;224000;95.49;95.49;95.46;95.46;15
USDRUBF;5;20241010;224500;95.46;95.46;95.45;95.46;6
USDRUBF;5;20241010;225000;95.45;95.46;95.45;95.46;24
USDRUBF;5;20241010;225500;95.47;95.47;95.46;95.46;51
USDRUBF;5;20241010;230000;95.45;95.45;95.44;95.45;38
USDRUBF;5;20241010;230500;95.46;95.47;95.46;95.47;24
USDRUBF;5;20241010;231000;95.48;95.5;95.48;95.5;75
USDRUBF;5;20241010;231500;95.48;95.54;95.47;95.5;75
USDRUBF;5;20241010;232000;95.49;95.51;95.49;95.51;9
USDRUBF;5;20241010;232500;95.53;95.53;95.51;95.51;7
USDRUBF;5;20241010;233000;95.51;95.52;95.5;95.52;23
USDRUBF;5;20241010;233500;95.52;95.53;95.52;95.53;8
USDRUBF;5;20241010;234000;95.53;95.54;95.52;95.52;80
USDRUBF;5;20241010;234500;95.51;95.52;95.5;95.52;21
USDRUBF;5;20241011;100000;95.52;95.69;95.43;95.5;2061
USDRUBF;5;20241011;100500;95.51;95.51;95.05;95.26;4198
USDRUBF;5;20241011;101000;95.25;95.25;95.1;95.12;1377
USDRUBF;5;20241011;101500;95.11;95.25;95.1;95.22;1825
USDRUBF;5;20241011;102000;95.24;95.33;95.22;95.27;1044
USDRUBF;5;20241011;102500;95.28;95.4;95.26;95.4;744
USDRUBF;5;20241011;103000;95.41;95.48;95.32;95.45;800
USDRUBF;5;20241011;103500;95.46;95.47;95.28;95.31;935
USDRUBF;5;20241011;104000;95.3;95.43;95.28;95.39;2018
USDRUBF;5;20241011;104500;95.38;95.44;95.35;95.35;495
USDRUBF;5;20241011;105000;95.37;95.37;95.28;95.35;355
USDRUBF;5;20241011;105500;95.36;95.39;95.34;95.39;437
USDRUBF;5;20241011;110000;95.39;95.54;95.3;95.54;1860
USDRUBF;5;20241011;110500;95.54;95.58;95.5;95.54;890
USDRUBF;5;20241011;111000;95.53;95.55;95.5;95.55;718
USDRUBF;5;20241011;111500;95.55;95.58;95.54;95.55;1111
USDRUBF;5;20241011;112000;95.55;95.55;95.5;95.55;170
USDRUBF;5;20241011;112500;95.56;95.6;95.56;95.59;732
USDRUBF;5;20241011;113000;95.58;95.59;95.53;95.55;204
USDRUBF;5;20241011;113500;95.53;95.54;95.44;95.47;381
USDRUBF;5;20241011;114000;95.48;95.55;95.47;95.5;82
USDRUBF;5;20241011;114500;95.54;95.58;95.43;95.51;981
USDRUBF;5;20241011;115000;95.5;95.57;95.48;95.54;255
USDRUBF;5;20241011;115500;95.55;95.58;95.53;95.58;144
USDRUBF;5;20241011;120000;95.59;95.59;95.45;95.45;461
USDRUBF;5;20241011;120500;95.42;95.45;95.34;95.39;2479
USDRUBF;5;20241011;121000;95.41;95.42;95.36;95.37;329
USDRUBF;5;20241011;121500;95.36;95.37;95.28;95.31;992
USDRUBF;5;20241011;122000;95.3;95.48;95.29;95.36;296
USDRUBF;5;20241011;122500;95.33;95.33;95.21;95.26;481
USDRUBF;5;20241011;123000;95.27;95.37;95.27;95.3;116
USDRUBF;5;20241011;123500;95.3;95.34;95.3;95.3;81
USDRUBF;5;20241011;124000;95.31;95.31;95.27;95.31;107
USDRUBF;5;20241011;124500;95.32;95.35;95.32;95.33;135
USDRUBF;5;20241011;125000;95.33;95.34;95.33;95.34;5
USDRUBF;5;20241011;125500;95.34;95.35;95.34;95.35;98
USDRUBF;5;20241011;130000;95.34;95.34;95.22;95.26;189
USDRUBF;5;20241011;130500;95.25;95.26;95.18;95.2;527
USDRUBF;5;20241011;131000;95.2;95.21;95.17;95.21;345
USDRUBF;5;20241011;131500;95.21;95.22;95.06;95.06;489
USDRUBF;5;20241011;132000;95.05;95.12;95.04;95.06;462
USDRUBF;5;20241011;132500;95.08;95.14;94.9;94.96;568
USDRUBF;5;20241011;133000;94.92;94.98;94.84;94.93;1545
USDRUBF;5;20241011;133500;94.92;94.95;94.86;94.95;487
USDRUBF;5;20241011;134000;94.95;94.95;94.89;94.94;253
USDRUBF;5;20241011;134500;94.95;94.99;94.91;94.92;272
USDRUBF;5;20241011;135000;94.91;94.94;94.88;94.94;442
USDRUBF;5;20241011;135500;94.94;95.11;94.94;95.09;584
USDRUBF;5;20241011;140500;95.07;95.12;94.88;94.99;810
USDRUBF;5;20241011;141000;94.99;95.07;94.95;95.01;474
USDRUBF;5;20241011;141500;95.04;95.11;94.85;94.92;621
USDRUBF;5;20241011;142000;94.89;95.03;94.86;95;190
USDRUBF;5;20241011;142500;95;95.05;94.97;95.03;97
USDRUBF;5;20241011;143000;95.01;95.03;94.99;95;54
USDRUBF;5;20241011;143500;94.96;94.99;94.85;94.97;362
USDRUBF;5;20241011;144000;94.94;94.97;94.78;94.84;1134
USDRUBF;5;20241011;144500;94.84;94.88;94.71;94.88;1358
USDRUBF;5;20241011;145000;94.87;94.87;94.74;94.84;547
USDRUBF;5;20241011;145500;94.84;94.85;94.8;94.81;83
USDRUBF;5;20241011;150000;94.8;94.83;94.74;94.78;428
USDRUBF;5;20241011;150500;94.79;94.93;94.76;94.92;480
USDRUBF;5;20241011;151000;94.91;94.97;94.88;94.91;309
USDRUBF;5;20241011;151500;94.91;95.03;94.89;95.02;221
USDRUBF;5;20241011;152000;95.04;95.16;95.02;95.11;807
USDRUBF;5;20241011;152500;95.13;95.27;95.09;95.21;311
USDRUBF;5;20241011;153000;95.22;95.25;95.11;95.16;435
USDRUBF;5;20241011;153500;95.16;95.16;95.08;95.08;137
USDRUBF;5;20241011;154000;95.09;95.09;94.92;95.04;253
USDRUBF;5;20241011;154500;95.05;95.19;95.04;95.15;173
USDRUBF;5;20241011;155000;95.1;95.11;94.96;95.01;95
USDRUBF;5;20241011;155500;95;95.03;95;95.03;52
USDRUBF;5;20241011;160000;95.03;95.05;95.03;95.04;95
USDRUBF;5;20241011;160500;95.03;95.16;95.03;95.12;235
USDRUBF;5;20241011;161000;95.11;95.15;95.1;95.15;109
USDRUBF;5;20241011;161500;95.15;95.22;95.13;95.2;230
USDRUBF;5;20241011;162000;95.17;95.18;95.08;95.1;74
USDRUBF;5;20241011;162500;95.12;95.14;95.07;95.1;65
USDRUBF;5;20241011;163000;95.13;95.15;95.12;95.14;58
USDRUBF;5;20241011;163500;95.14;95.14;95.04;95.06;497
USDRUBF;5;20241011;164000;95.06;95.07;95.04;95.07;34
USDRUBF;5;20241011;164500;95.08;95.08;95.01;95.01;243
USDRUBF;5;20241011;165000;95.01;95.01;94.96;94.98;85
USDRUBF;5;20241011;165500;94.97;94.97;94.91;94.93;280
USDRUBF;5;20241011;170000;94.94;94.95;94.87;94.9;323
USDRUBF;5;20241011;170500;94.92;94.96;94.9;94.93;129
USDRUBF;5;20241011;171000;94.92;94.95;94.89;94.92;200
USDRUBF;5;20241011;171500;94.92;95;94.89;95;570
USDRUBF;5;20241011;172000;94.98;95.07;94.97;95.06;684
USDRUBF;5;20241011;172500;95.06;95.06;95.01;95.04;176
USDRUBF;5;20241011;173000;95.04;95.05;95.01;95.03;129
USDRUBF;5;20241011;173500;95.03;95.05;94.99;95.04;134
USDRUBF;5;20241011;174000;95.04;95.05;95.02;95.05;69
USDRUBF;5;20241011;174500;95.05;95.05;95.03;95.04;97
USDRUBF;5;20241011;175000;95.04;95.04;95.03;95.03;46
USDRUBF;5;20241011;175500;95.03;95.04;94.98;94.99;163
USDRUBF;5;20241011;180000;94.99;94.99;94.8;94.83;533
USDRUBF;5;20241011;180500;94.84;94.87;94.75;94.75;222
USDRUBF;5;20241011;181000;94.75;94.8;94.73;94.8;1058
USDRUBF;5;20241011;181500;94.81;94.81;94.6;94.69;813
USDRUBF;5;20241011;182000;94.7;94.71;94.54;94.65;2505
USDRUBF;5;20241011;182500;94.62;94.64;94.58;94.6;118
USDRUBF;5;20241011;183000;94.57;94.6;94.52;94.54;944
USDRUBF;5;20241011;183500;94.53;94.59;94.51;94.59;1019
USDRUBF;5;20241011;184000;94.58;94.58;94.53;94.55;1138
USDRUBF;5;20241011;184500;94.55;94.68;94.54;94.65;2347
USDRUBF;5;20241011;190500;94.58;94.58;94.41;94.52;435
USDRUBF;5;20241011;191000;94.53;94.65;94.53;94.61;284
USDRUBF;5;20241011;191500;94.61;94.66;94.61;94.65;84
USDRUBF;5;20241011;192000;94.65;94.65;94.62;94.62;73
USDRUBF;5;20241011;192500;94.63;94.64;94.62;94.63;24
USDRUBF;5;20241011;193000;94.63;94.64;94.62;94.62;43
USDRUBF;5;20241011;193500;94.64;94.64;94.61;94.64;26
USDRUBF;5;20241011;194000;94.63;94.63;94.62;94.63;18
USDRUBF;5;20241011;194500;94.63;94.69;94.63;94.69;121
USDRUBF;5;20241011;195000;94.68;94.71;94.68;94.68;52
USDRUBF;5;20241011;195500;94.69;94.69;94.65;94.65;6
USDRUBF;5;20241011;200000;94.66;94.68;94.66;94.66;8
USDRUBF;5;20241011;200500;94.66;94.69;94.66;94.69;12
USDRUBF;5;20241011;201000;94.69;94.7;94.68;94.7;38
USDRUBF;5;20241011;201500;94.69;94.7;94.69;94.7;25
USDRUBF;5;20241011;202000;94.7;94.7;94.67;94.67;56
USDRUBF;5;20241011;202500;94.67;94.68;94.66;94.67;17
USDRUBF;5;20241011;203000;94.67;94.68;94.66;94.68;31
USDRUBF;5;20241011;203500;94.69;94.72;94.69;94.69;80
USDRUBF;5;20241011;204000;94.72;94.72;94.7;94.71;11
USDRUBF;5;20241011;204500;94.72;94.72;94.7;94.71;34
USDRUBF;5;20241011;205000;94.71;94.71;94.7;94.71;60
USDRUBF;5;20241011;205500;94.72;94.72;94.72;94.72;20
USDRUBF;5;20241011;210000;94.72;94.74;94.71;94.71;53
USDRUBF;5;20241011;210500;94.73;94.73;94.71;94.73;12
USDRUBF;5;20241011;211000;94.73;94.74;94.71;94.74;7
USDRUBF;5;20241011;211500;94.75;94.79;94.74;94.79;597
USDRUBF;5;20241011;212000;94.79;94.8;94.78;94.79;89
USDRUBF;5;20241011;212500;94.77;94.85;94.77;94.82;184
USDRUBF;5;20241011;213000;94.83;94.83;94.81;94.82;11
USDRUBF;5;20241011;213500;94.83;94.95;94.83;94.92;876
USDRUBF;5;20241011;214000;94.94;95.18;94.93;95.1;1066
USDRUBF;5;20241011;214500;95.1;95.17;95.04;95.04;318
USDRUBF;5;20241011;215000;95.04;95.04;95;95;63
USDRUBF;5;20241011;215500;95.03;95.06;95.01;95.03;291
USDRUBF;5;20241011;220000;95.03;95.07;95.02;95.05;170
USDRUBF;5;20241011;220500;95.06;95.1;95.06;95.07;460
USDRUBF;5;20241011;221000;95.07;95.08;94.99;94.99;475
USDRUBF;5;20241011;221500;95;95.06;95;95;174
USDRUBF;5;20241011;222000;95;95.06;95;95.04;38
USDRUBF;5;20241011;222500;95.03;95.05;95.03;95.05;26
USDRUBF;5;20241011;223000;95.07;95.07;95.07;95.07;23
USDRUBF;5;20241011;223500;95.05;95.08;95.03;95.08;78
USDRUBF;5;20241011;224000;95.08;95.15;95.08;95.1;415
USDRUBF;5;20241011;224500;95.1;95.11;95.05;95.11;150
USDRUBF;5;20241011;225000;95.12;95.14;95.12;95.14;20
USDRUBF;5;20241011;225500;95.14;95.15;95.11;95.15;25
USDRUBF;5;20241011;230000;95.15;95.15;95.12;95.12;27
USDRUBF;5;20241011;230500;95.14;95.15;95.13;95.15;28
USDRUBF;5;20241011;231000;95.16;95.2;95.16;95.16;369
USDRUBF;5;20241011;231500;95.19;95.21;95.18;95.2;115
USDRUBF;5;20241011;232000;95.19;95.23;95.19;95.22;307
USDRUBF;5;20241011;232500;95.22;95.23;95.21;95.21;99
USDRUBF;5;20241011;233000;95.2;95.2;95.16;95.16;29
USDRUBF;5;20241011;233500;95.15;95.15;95.15;95.15;6
USDRUBF;5;20241011;234000;95.12;95.13;95.08;95.13;34
USDRUBF;5;20241011;234500;95.13;95.14;94.99;95.11;281
USDRUBF;5;20241014;100000;95.15;95.45;95.08;95.1;1932
USDRUBF;5;20241014;100500;95.1;95.18;95;95.14;947
USDRUBF;5;20241014;101000;95.14;95.18;94.94;94.94;659
USDRUBF;5;20241014;101500;94.95;95.03;94.86;95.03;977
USDRUBF;5;20241014;102000;95.02;95.07;94.88;95.04;519
USDRUBF;5;20241014;102500;95.05;95.15;95.05;95.15;240
USDRUBF;5;20241014;103000;95.17;95.22;95.15;95.15;194
USDRUBF;5;20241014;103500;95.16;95.25;95.16;95.24;440
USDRUBF;5;20241014;104000;95.23;95.3;95.23;95.23;972
USDRUBF;5;20241014;104500;95.23;95.29;95.15;95.18;515
USDRUBF;5;20241014;105000;95.17;95.17;95.11;95.11;528
USDRUBF;5;20241014;105500;95.09;95.12;95.07;95.09;379
USDRUBF;5;20241014;110000;95.1;95.14;95.1;95.13;64
USDRUBF;5;20241014;110500;95.12;95.13;95.07;95.08;123
USDRUBF;5;20241014;111000;95.08;95.11;95.06;95.09;85
USDRUBF;5;20241014;111500;95.12;95.14;95.12;95.12;122
USDRUBF;5;20241014;112000;95.12;95.14;95.06;95.14;173
USDRUBF;5;20241014;112500;95.13;95.15;95.11;95.13;22
USDRUBF;5;20241014;113000;95.08;95.14;95.07;95.07;62
USDRUBF;5;20241014;113500;95.1;95.1;95.03;95.03;63
USDRUBF;5;20241014;114000;95.03;95.04;94.96;94.97;1412
USDRUBF;5;20241014;114500;94.99;95;94.94;94.99;527
USDRUBF;5;20241014;115000;95;95.04;94.95;94.95;317
USDRUBF;5;20241014;115500;94.94;95.04;94.93;95.01;167
USDRUBF;5;20241014;120000;95;95.02;94.98;95.01;127
USDRUBF;5;20241014;120500;95;95;94.95;94.97;303
USDRUBF;5;20241014;121000;94.96;94.96;94.92;94.95;428
USDRUBF;5;20241014;121500;94.95;94.98;94.92;94.98;148
USDRUBF;5;20241014;122000;95;95.02;94.92;94.96;104
USDRUBF;5;20241014;122500;94.93;94.97;94.93;94.94;108
USDRUBF;5;20241014;123000;94.97;94.98;94.89;94.91;205
USDRUBF;5;20241014;123500;94.9;94.99;94.87;94.99;254
USDRUBF;5;20241014;124000;95;95.03;94.92;94.94;149
USDRUBF;5;20241014;124500;94.94;94.95;94.9;94.9;27
USDRUBF;5;20241014;125000;94.92;94.97;94.9;94.95;372
USDRUBF;5;20241014;125500;94.97;94.99;94.96;94.99;25
USDRUBF;5;20241014;130000;95.01;95.1;95.01;95.07;759
USDRUBF;5;20241014;130500;95.08;95.1;95.04;95.06;619
USDRUBF;5;20241014;131000;95.05;95.06;95.03;95.05;77
USDRUBF;5;20241014;131500;95.03;95.08;95.03;95.05;249
USDRUBF;5;20241014;132000;95.05;95.05;94.95;95.03;348
USDRUBF;5;20241014;132500;95.05;95.13;95.05;95.13;84
USDRUBF;5;20241014;133000;95.13;95.2;95.12;95.17;799
USDRUBF;5;20241014;133500;95.19;95.23;95.16;95.18;230
USDRUBF;5;20241014;134000;95.18;95.23;95.11;95.22;192
USDRUBF;5;20241014;134500;95.23;95.37;95.23;95.28;1399
USDRUBF;5;20241014;135000;95.28;95.34;95.28;95.34;412
USDRUBF;5;20241014;135500;95.35;95.36;95.25;95.25;251
USDRUBF;5;20241014;140500;95.29;95.44;95.28;95.44;326
USDRUBF;5;20241014;141000;95.43;95.53;95.41;95.52;720
USDRUBF;5;20241014;141500;95.52;95.58;95.44;95.46;1197
USDRUBF;5;20241014;142000;95.47;95.49;95.43;95.48;552
USDRUBF;5;20241014;142500;95.45;95.47;95.43;95.45;64
USDRUBF;5;20241014;143000;95.45;95.45;95.31;95.31;420
USDRUBF;5;20241014;143500;95.34;95.36;95.32;95.34;86
USDRUBF;5;20241014;144000;95.35;95.35;95.31;95.34;48
USDRUBF;5;20241014;144500;95.34;95.34;95.31;95.32;71
USDRUBF;5;20241014;145000;95.32;95.38;95.32;95.33;311
USDRUBF;5;20241014;145500;95.32;95.35;95.31;95.35;209
USDRUBF;5;20241014;150000;95.34;95.37;95.34;95.37;18
USDRUBF;5;20241014;150500;95.37;95.4;95.37;95.4;41
USDRUBF;5;20241014;151000;95.38;95.38;95.27;95.28;147
USDRUBF;5;20241014;151500;95.3;95.36;95.27;95.34;46
USDRUBF;5;20241014;152000;95.36;95.37;95.27;95.27;84
USDRUBF;5;20241014;152500;95.28;95.36;95.19;95.23;302
USDRUBF;5;20241014;153000;95.2;95.26;95.18;95.24;750
USDRUBF;5;20241014;153500;95.24;95.27;95.22;95.25;424
USDRUBF;5;20241014;154000;95.24;95.25;95.2;95.23;420
USDRUBF;5;20241014;154500;95.23;95.34;95.23;95.29;469
USDRUBF;5;20241014;155000;95.25;95.27;95.24;95.24;83
USDRUBF;5;20241014;155500;95.24;95.25;95.13;95.19;470
USDRUBF;5;20241014;160000;95.17;95.2;95.12;95.2;276
USDRUBF;5;20241014;160500;95.21;95.24;95.21;95.23;113
USDRUBF;5;20241014;161000;95.23;95.26;95.23;95.24;126
USDRUBF;5;20241014;161500;95.22;95.26;95.22;95.25;105
USDRUBF;5;20241014;162000;95.23;95.23;95.23;95.23;4
USDRUBF;5;20241014;162500;95.26;95.26;95.23;95.25;36
USDRUBF;5;20241014;163000;95.26;95.33;95.24;95.28;202
USDRUBF;5;20241014;163500;95.29;95.39;95.29;95.37;1022
USDRUBF;5;20241014;164000;95.38;95.38;95.28;95.28;137
USDRUBF;5;20241014;164500;95.32;95.33;95.29;95.29;238
USDRUBF;5;20241014;165000;95.28;95.32;95.28;95.32;174
USDRUBF;5;20241014;165500;95.32;95.34;95.27;95.34;173
USDRUBF;5;20241014;170000;95.35;95.4;95.33;95.33;352
USDRUBF;5;20241014;170500;95.33;95.33;95.32;95.33;29
USDRUBF;5;20241014;171000;95.33;95.38;95.31;95.38;55
USDRUBF;5;20241014;171500;95.37;95.4;95.36;95.39;154
USDRUBF;5;20241014;172000;95.39;95.45;95.35;95.35;512
USDRUBF;5;20241014;172500;95.34;95.41;95.34;95.37;638
USDRUBF;5;20241014;173000;95.36;95.39;95.34;95.37;123
USDRUBF;5;20241014;173500;95.35;95.37;95.3;95.37;370
USDRUBF;5;20241014;174000;95.38;95.39;95.36;95.38;136
USDRUBF;5;20241014;174500;95.38;95.38;95.29;95.34;150
USDRUBF;5;20241014;175000;95.31;95.4;95.31;95.33;298
USDRUBF;5;20241014;175500;95.33;95.39;95.33;95.38;205
USDRUBF;5;20241014;180000;95.39;95.47;95.39;95.43;248
USDRUBF;5;20241014;180500;95.43;95.45;95.41;95.42;53
USDRUBF;5;20241014;181000;95.41;95.46;95.41;95.46;263
USDRUBF;5;20241014;181500;95.44;95.45;95.44;95.44;69
USDRUBF;5;20241014;182000;95.43;95.43;95.4;95.41;254
USDRUBF;5;20241014;182500;95.42;95.44;95.4;95.42;247
USDRUBF;5;20241014;183000;95.43;95.44;95.4;95.4;79
USDRUBF;5;20241014;183500;95.41;95.45;95.4;95.45;150
USDRUBF;5;20241014;184000;95.45;95.5;95.45;95.48;243
USDRUBF;5;20241014;184500;95.47;95.51;95.46;95.51;166
USDRUBF;5;20241014;190500;95.42;95.42;95.3;95.38;137
USDRUBF;5;20241014;191000;95.38;95.39;95.37;95.37;38
USDRUBF;5;20241014;191500;95.38;95.39;95.37;95.37;26
USDRUBF;5;20241014;192000;95.37;95.4;95.37;95.39;93
USDRUBF;5;20241014;192500;95.4;95.41;95.38;95.38;87
USDRUBF;5;20241014;193000;95.38;95.4;95.38;95.4;22
USDRUBF;5;20241014;193500;95.39;95.39;95.39;95.39;6
USDRUBF;5;20241014;194000;95.4;95.4;95.38;95.39;8
USDRUBF;5;20241014;194500;95.39;95.4;95.37;95.39;41
USDRUBF;5;20241014;195000;95.39;95.39;95.38;95.38;10
USDRUBF;5;20241014;195500;95.38;95.4;95.36;95.4;62
USDRUBF;5;20241014;200000;95.38;95.4;95.37;95.4;17
USDRUBF;5;20241014;200500;95.4;95.4;95.39;95.39;19
USDRUBF;5;20241014;201000;95.36;95.36;95.36;95.36;5
USDRUBF;5;20241014;201500;95.36;95.37;95.36;95.37;11
USDRUBF;5;20241014;202000;95.37;95.38;95.35;95.38;28
USDRUBF;5;20241014;202500;95.38;95.4;95.38;95.4;73
USDRUBF;5;20241014;203000;95.4;95.4;95.4;95.4;23
USDRUBF;5;20241014;203500;95.39;95.41;95.39;95.41;13
USDRUBF;5;20241014;204000;95.4;95.4;95.4;95.4;1
USDRUBF;5;20241014;204500;95.39;95.39;95.39;95.39;1
USDRUBF;5;20241014;205500;95.38;95.38;95.35;95.35;23
USDRUBF;5;20241014;210000;95.35;95.35;95.35;95.35;3
USDRUBF;5;20241014;210500;95.37;95.37;95.36;95.36;13
USDRUBF;5;20241014;211500;95.35;95.35;95.34;95.34;3
USDRUBF;5;20241014;212000;95.34;95.36;95.34;95.36;8
USDRUBF;5;20241014;212500;95.34;95.36;95.34;95.36;7
USDRUBF;5;20241014;213000;95.34;95.36;95.34;95.36;3
USDRUBF;5;20241014;213500;95.35;95.35;95.33;95.33;49
USDRUBF;5;20241014;214000;95.33;95.35;95.33;95.35;2
USDRUBF;5;20241014;214500;95.35;95.35;95.33;95.35;15
USDRUBF;5;20241014;215000;95.34;95.35;95.34;95.35;10
USDRUBF;5;20241014;215500;95.36;95.37;95.36;95.37;2
USDRUBF;5;20241014;220000;95.37;95.37;95.37;95.37;3
USDRUBF;5;20241014;220500;95.38;95.38;95.38;95.38;4
USDRUBF;5;20241014;221000;95.36;95.36;95.36;95.36;2
USDRUBF;5;20241014;221500;95.36;95.39;95.36;95.39;57
USDRUBF;5;20241014;222000;95.39;95.39;95.39;95.39;2
USDRUBF;5;20241014;222500;95.39;95.39;95.38;95.39;6
USDRUBF;5;20241014;223500;95.39;95.4;95.39;95.4;23
USDRUBF;5;20241014;224000;95.4;95.4;95.39;95.39;46
USDRUBF;5;20241014;225000;95.38;95.38;95.38;95.38;3
USDRUBF;5;20241014;230000;95.39;95.4;95.39;95.39;30
USDRUBF;5;20241014;231000;95.39;95.39;95.39;95.39;1
USDRUBF;5;20241014;232000;95.39;95.4;95.38;95.4;21
USDRUBF;5;20241014;232500;95.39;95.45;95.39;95.4;226
USDRUBF;5;20241014;233000;95.4;95.44;95.39;95.39;11
USDRUBF;5;20241014;233500;95.41;95.41;95.4;95.4;2
USDRUBF;5;20241014;234000;95.4;95.41;95.4;95.41;36
USDRUBF;5;20241014;234500;95.4;95.44;95.39;95.43;94
USDRUBF;5;20241015;100000;95.45;95.69;95.41;95.63;1983
USDRUBF;5;20241015;100500;95.64;95.83;95.64;95.79;1513
USDRUBF;5;20241015;101000;95.79;95.8;95.7;95.7;1305
USDRUBF;5;20241015;101500;95.72;95.84;95.72;95.75;986
USDRUBF;5;20241015;102000;95.76;95.8;95.76;95.77;746
USDRUBF;5;20241015;102500;95.78;95.92;95.77;95.9;782
USDRUBF;5;20241015;103000;95.89;95.96;95.88;95.94;971
USDRUBF;5;20241015;103500;95.91;96.05;95.89;95.92;1333
USDRUBF;5;20241015;104000;95.88;96.01;95.88;96;426
USDRUBF;5;20241015;104500;96.01;96.12;96;96.05;883
USDRUBF;5;20241015;105000;96.04;96.08;96.04;96.08;213
USDRUBF;5;20241015;105500;96.08;96.11;96.06;96.06;227
USDRUBF;5;20241015;110000;96.06;96.14;96.05;96.09;885
USDRUBF;5;20241015;110500;96.09;96.17;96.07;96.16;1276
USDRUBF;5;20241015;111000;96.16;96.23;96.15;96.23;609
USDRUBF;5;20241015;111500;96.23;96.23;96.17;96.17;187
USDRUBF;5;20241015;112000;96.18;96.2;96.11;96.15;600
USDRUBF;5;20241015;112500;96.17;96.17;96.11;96.15;289
USDRUBF;5;20241015;113000;96.16;96.19;96.14;96.16;103
USDRUBF;5;20241015;113500;96.15;96.18;96.12;96.12;136
USDRUBF;5;20241015;114000;96.13;96.18;96.12;96.15;92
USDRUBF;5;20241015;114500;96.18;96.18;96.15;96.18;30
USDRUBF;5;20241015;115000;96.17;96.18;96.1;96.1;438
USDRUBF;5;20241015;115500;96.1;96.16;96.1;96.13;205
USDRUBF;5;20241015;120000;96.13;96.22;96.13;96.22;1642
USDRUBF;5;20241015;120500;96.22;96.31;96.22;96.31;407
USDRUBF;5;20241015;121000;96.29;96.31;96.25;96.25;355
USDRUBF;5;20241015;121500;96.26;96.38;96.26;96.31;787
USDRUBF;5;20241015;122000;96.31;96.31;96.26;96.27;334
USDRUBF;5;20241015;122500;96.26;96.3;96.25;96.28;292
USDRUBF;5;20241015;123000;96.29;96.37;96.29;96.37;182
USDRUBF;5;20241015;123500;96.36;96.42;96.36;96.39;408
USDRUBF;5;20241015;124000;96.38;96.39;96.33;96.37;488
USDRUBF;5;20241015;124500;96.37;96.45;96.37;96.45;1199
USDRUBF;5;20241015;125000;96.45;96.46;96.41;96.41;375
USDRUBF;5;20241015;125500;96.42;96.44;96.39;96.41;312
USDRUBF;5;20241015;130000;96.41;96.47;96.38;96.4;536
USDRUBF;5;20241015;130500;96.4;96.46;96.4;96.43;573
USDRUBF;5;20241015;131000;96.43;96.46;96.39;96.39;342
USDRUBF;5;20241015;131500;96.36;96.45;96.29;96.36;820
USDRUBF;5;20241015;132000;96.36;96.44;96.35;96.43;638
USDRUBF;5;20241015;132500;96.41;96.44;96.4;96.4;136
USDRUBF;5;20241015;133000;96.44;96.46;96.41;96.46;206
USDRUBF;5;20241015;133500;96.46;96.47;96.45;96.46;148
USDRUBF;5;20241015;134000;96.46;96.47;96.44;96.44;199
USDRUBF;5;20241015;134500;96.43;96.44;96.4;96.44;172
USDRUBF;5;20241015;135000;96.44;96.48;96.43;96.48;190
USDRUBF;5;20241015;135500;96.48;96.53;96.48;96.52;831
USDRUBF;5;20241015;140500;96.53;96.66;96.53;96.59;518
USDRUBF;5;20241015;141000;96.57;96.6;96.5;96.52;155
USDRUBF;5;20241015;141500;96.52;96.57;96.5;96.5;151
USDRUBF;5;20241015;142000;96.5;96.54;96.48;96.49;307
USDRUBF;5;20241015;142500;96.47;96.47;96.42;96.47;313
USDRUBF;5;20241015;143000;96.47;96.53;96.47;96.51;200
USDRUBF;5;20241015;143500;96.5;96.5;96.5;96.5;4
USDRUBF;5;20241015;144000;96.52;96.58;96.51;96.57;304
USDRUBF;5;20241015;144500;96.57;96.61;96.57;96.59;280
USDRUBF;5;20241015;145000;96.58;96.6;96.55;96.55;139
USDRUBF;5;20241015;145500;96.55;96.58;96.55;96.58;9
USDRUBF;5;20241015;150000;96.56;96.58;96.54;96.57;134
USDRUBF;5;20241015;150500;96.56;96.57;96.51;96.51;706
USDRUBF;5;20241015;151000;96.52;96.53;96.46;96.46;235
USDRUBF;5;20241015;151500;96.46;96.51;96.46;96.5;216
USDRUBF;5;20241015;152000;96.49;96.5;96.45;96.45;127
USDRUBF;5;20241015;152500;96.46;96.49;96.45;96.46;55
USDRUBF;5;20241015;153000;96.45;96.49;96.44;96.44;228
USDRUBF;5;20241015;153500;96.44;96.54;96.44;96.49;630
USDRUBF;5;20241015;154000;96.52;96.53;96.48;96.49;80
USDRUBF;5;20241015;154500;96.48;96.5;96.47;96.48;65
USDRUBF;5;20241015;155000;96.47;96.48;96.42;96.48;229
USDRUBF;5;20241015;155500;96.5;96.55;96.5;96.55;576
USDRUBF;5;20241015;160000;96.54;96.56;96.52;96.52;103
USDRUBF;5;20241015;160500;96.52;96.52;96.48;96.52;87
USDRUBF;5;20241015;161000;96.52;96.55;96.5;96.53;179
USDRUBF;5;20241015;161500;96.49;96.52;96.44;96.45;288
USDRUBF;5;20241015;162000;96.45;96.51;96.42;96.46;313
USDRUBF;5;20241015;162500;96.46;96.58;96.44;96.58;966
USDRUBF;5;20241015;163000;96.58;96.68;96.53;96.67;494
USDRUBF;5;20241015;163500;96.67;96.74;96.66;96.72;774
USDRUBF;5;20241015;164000;96.7;96.76;96.66;96.7;336
USDRUBF;5;20241015;164500;96.7;96.74;96.61;96.68;603
USDRUBF;5;20241015;165000;96.69;96.7;96.66;96.68;242
USDRUBF;5;20241015;165500;96.68;96.73;96.67;96.72;482
USDRUBF;5;20241015;170000;96.73;96.83;96.71;96.81;1476
USDRUBF;5;20241015;170500;96.83;96.84;96.76;96.8;654
USDRUBF;5;20241015;171000;96.8;96.83;96.71;96.76;613
USDRUBF;5;20241015;171500;96.76;96.8;96.71;96.76;249
USDRUBF;5;20241015;172000;96.72;96.78;96.71;96.76;351
USDRUBF;5;20241015;172500;96.77;96.77;96.67;96.7;215
USDRUBF;5;20241015;173000;96.7;96.72;96.7;96.71;94
USDRUBF;5;20241015;173500;96.71;96.75;96.7;96.75;116
USDRUBF;5;20241015;174000;96.72;96.9;96.71;96.86;1200
USDRUBF;5;20241015;174500;96.88;96.88;96.77;96.78;965
USDRUBF;5;20241015;175000;96.81;96.87;96.8;96.86;378
USDRUBF;5;20241015;175500;96.86;96.91;96.82;96.82;1496
USDRUBF;5;20241015;180000;96.84;96.87;96.84;96.84;92
USDRUBF;5;20241015;180500;96.84;96.91;96.84;96.91;1079
USDRUBF;5;20241015;181000;96.89;96.95;96.89;96.9;390
USDRUBF;5;20241015;181500;96.89;96.95;96.88;96.95;224
USDRUBF;5;20241015;182000;96.94;96.95;96.87;96.87;987
USDRUBF;5;20241015;182500;96.87;96.91;96.87;96.88;99
USDRUBF;5;20241015;183000;96.9;96.93;96.9;96.92;364
USDRUBF;5;20241015;183500;96.93;96.99;96.93;96.96;1437
USDRUBF;5;20241015;184000;96.95;96.98;96.94;96.98;315
USDRUBF;5;20241015;184500;96.97;96.98;96.95;96.97;373
USDRUBF;5;20241015;190500;96.97;96.98;96.89;96.89;607
USDRUBF;5;20241015;191000;96.89;96.92;96.88;96.91;94
USDRUBF;5;20241015;191500;96.91;96.93;96.91;96.93;83
USDRUBF;5;20241015;192000;96.94;96.94;96.91;96.93;47
USDRUBF;5;20241015;192500;96.93;96.93;96.91;96.91;201
USDRUBF;5;20241015;193000;96.91;96.94;96.9;96.91;79
USDRUBF;5;20241015;193500;96.91;96.93;96.9;96.91;80
USDRUBF;5;20241015;194000;96.93;96.93;96.93;96.93;8
USDRUBF;5;20241015;194500;96.93;96.93;96.91;96.93;32
USDRUBF;5;20241015;195000;96.93;96.94;96.92;96.94;19
USDRUBF;5;20241015;195500;96.93;96.93;96.93;96.93;11
USDRUBF;5;20241015;200000;96.93;96.95;96.93;96.94;75
USDRUBF;5;20241015;200500;96.93;96.95;96.92;96.95;24
USDRUBF;5;20241015;201000;96.95;96.95;96.92;96.92;33
USDRUBF;5;20241015;201500;96.92;96.95;96.92;96.95;7
USDRUBF;5;20241015;202000;96.94;96.96;96.94;96.94;12
USDRUBF;5;20241015;202500;96.93;96.94;96.93;96.94;12
USDRUBF;5;20241015;203000;96.94;96.97;96.94;96.97;67
USDRUBF;5;20241015;203500;96.94;96.94;96.93;96.93;15
USDRUBF;5;20241015;204000;96.93;96.94;96.93;96.94;5
USDRUBF;5;20241015;204500;96.94;96.96;96.94;96.94;22
USDRUBF;5;20241015;205000;96.94;96.95;96.94;96.94;5
USDRUBF;5;20241015;205500;96.94;96.95;96.94;96.95;2
USDRUBF;5;20241015;210000;96.95;96.95;96.93;96.93;12
USDRUBF;5;20241015;210500;96.95;96.95;96.92;96.92;3
USDRUBF;5;20241015;211000;96.92;96.95;96.92;96.95;11
USDRUBF;5;20241015;212000;96.94;96.95;96.94;96.94;7
USDRUBF;5;20241015;212500;96.94;96.94;96.94;96.94;33
USDRUBF;5;20241015;213000;96.94;96.94;96.94;96.94;4
USDRUBF;5;20241015;213500;96.95;96.95;96.95;96.95;16
USDRUBF;5;20241015;214000;96.95;96.95;96.93;96.93;36
USDRUBF;5;20241015;214500;96.95;96.97;96.94;96.96;107
USDRUBF;5;20241015;215500;96.94;96.96;96.94;96.96;3
USDRUBF;5;20241015;220500;96.93;96.94;96.92;96.92;106
USDRUBF;5;20241015;221000;96.91;96.91;96.9;96.9;98
USDRUBF;5;20241015;221500;96.92;96.93;96.91;96.93;16
USDRUBF;5;20241015;222000;96.91;96.91;96.9;96.91;18
USDRUBF;5;20241015;222500;96.91;96.91;96.9;96.91;5
USDRUBF;5;20241015;223000;96.91;96.92;96.91;96.92;8
USDRUBF;5;20241015;223500;96.93;96.93;96.92;96.93;6
USDRUBF;5;20241015;224000;96.93;96.93;96.93;96.93;11
USDRUBF;5;20241015;224500;96.94;96.94;96.94;96.94;13
USDRUBF;5;20241015;225000;96.93;96.94;96.93;96.94;13
USDRUBF;5;20241015;225500;96.93;96.93;96.93;96.93;1
USDRUBF;5;20241015;230000;96.93;96.94;96.93;96.94;8
USDRUBF;5;20241015;230500;96.94;96.96;96.94;96.95;24
USDRUBF;5;20241015;231000;96.96;96.96;96.95;96.95;295
USDRUBF;5;20241015;231500;96.94;96.94;96.94;96.94;5
USDRUBF;5;20241015;232000;96.93;96.93;96.92;96.92;5
USDRUBF;5;20241015;233000;96.94;96.95;96.94;96.95;6
USDRUBF;5;20241015;233500;96.94;96.94;96.91;96.91;41
USDRUBF;5;20241015;234000;96.93;96.93;96.91;96.92;19
USDRUBF;5;20241015;234500;96.91;96.92;96.91;96.92;35
USDRUBF;5;20241016;100000;96.97;96.99;96.83;96.84;841
USDRUBF;5;20241016;100500;96.83;96.86;96.67;96.69;1509
USDRUBF;5;20241016;101000;96.7;96.79;96.65;96.73;1222
USDRUBF;5;20241016;101500;96.7;96.72;96.58;96.59;665
USDRUBF;5;20241016;102000;96.58;96.68;96.52;96.65;462
USDRUBF;5;20241016;102500;96.65;96.82;96.65;96.82;352
USDRUBF;5;20241016;103000;96.8;96.87;96.67;96.74;1423
USDRUBF;5;20241016;103500;96.72;96.76;96.72;96.76;163
USDRUBF;5;20241016;104000;96.75;96.81;96.75;96.79;282
USDRUBF;5;20241016;104500;96.82;96.83;96.76;96.76;1056
USDRUBF;5;20241016;105000;96.75;96.92;96.68;96.84;479
USDRUBF;5;20241016;105500;96.84;96.9;96.74;96.81;456
USDRUBF;5;20241016;110000;96.84;97.08;96.82;96.98;3297
USDRUBF;5;20241016;110500;96.99;97.15;96.99;97.1;1801
USDRUBF;5;20241016;111000;97.13;97.16;97.06;97.1;1328
USDRUBF;5;20241016;111500;97.09;97.17;97.09;97.17;1682
USDRUBF;5;20241016;112000;97.17;97.2;97.15;97.19;3368
USDRUBF;5;20241016;112500;97.19;97.19;97.1;97.15;1368
USDRUBF;5;20241016;113000;97.15;97.18;97.1;97.15;1656
USDRUBF;5;20241016;113500;97.14;97.16;97.09;97.14;825
USDRUBF;5;20241016;114000;97.16;97.19;97.15;97.19;510
USDRUBF;5;20241016;114500;97.18;97.19;97.09;97.09;478
USDRUBF;5;20241016;115000;97.09;97.19;97.08;97.14;689
USDRUBF;5;20241016;115500;97.15;97.19;97.12;97.19;518
USDRUBF;5;20241016;120000;97.17;97.19;97.11;97.14;694
USDRUBF;5;20241016;120500;97.15;97.16;97.11;97.12;113
USDRUBF;5;20241016;121000;97.12;97.13;97.1;97.12;187
USDRUBF;5;20241016;121500;97.12;97.16;97.09;97.1;302
USDRUBF;5;20241016;122000;97.11;97.14;97.11;97.12;85
USDRUBF;5;20241016;122500;97.1;97.12;97.05;97.05;222
USDRUBF;5;20241016;123000;97.04;97.09;97.01;97.06;577
USDRUBF;5;20241016;123500;97.1;97.13;97.06;97.1;516
USDRUBF;5;20241016;124000;97.09;97.15;97.09;97.1;153
USDRUBF;5;20241016;124500;97.11;97.11;97.07;97.07;92
USDRUBF;5;20241016;125000;97.05;97.08;97.04;97.08;104
USDRUBF;5;20241016;125500;97.08;97.1;97.08;97.1;133
USDRUBF;5;20241016;130000;97.1;97.14;97.06;97.06;93
USDRUBF;5;20241016;130500;97.04;97.05;96.98;96.99;760
USDRUBF;5;20241016;131000;96.99;97.03;96.99;97.03;77
USDRUBF;5;20241016;131500;97.04;97.05;97.02;97.05;119
USDRUBF;5;20241016;132000;97.05;97.09;97.05;97.07;170
USDRUBF;5;20241016;132500;97.07;97.07;96.99;97.02;272
USDRUBF;5;20241016;133000;97.01;97.01;96.97;96.97;187
USDRUBF;5;20241016;133500;96.97;97.09;96.97;97.09;621
USDRUBF;5;20241016;134000;97.1;97.12;97.06;97.1;327
USDRUBF;5;20241016;134500;97.09;97.09;97.02;97.03;89
USDRUBF;5;20241016;135000;97.05;97.08;97.05;97.07;50
USDRUBF;5;20241016;135500;97.08;97.1;97.03;97.04;975
USDRUBF;5;20241016;140500;97.03;97.03;96.87;96.89;592
USDRUBF;5;20241016;141000;96.88;96.9;96.76;96.8;587
USDRUBF;5;20241016;141500;96.78;96.82;96.69;96.69;553
USDRUBF;5;20241016;142000;96.69;96.69;96.52;96.65;1055
USDRUBF;5;20241016;142500;96.62;96.69;96.62;96.67;198
USDRUBF;5;20241016;143000;96.65;96.7;96.55;96.68;942
USDRUBF;5;20241016;143500;96.67;96.82;96.6;96.69;1313
USDRUBF;5;20241016;144000;96.69;96.75;96.68;96.73;282
USDRUBF;5;20241016;144500;96.73;96.79;96.64;96.65;293
USDRUBF;5;20241016;145000;96.65;96.65;96.43;96.58;1522
USDRUBF;5;20241016;145500;96.6;96.64;96.58;96.62;84
USDRUBF;5;20241016;150000;96.62;96.65;96.6;96.65;130
USDRUBF;5;20241016;150500;96.65;96.67;96.62;96.67;73
USDRUBF;5;20241016;151000;96.64;96.72;96.64;96.68;683
USDRUBF;5;20241016;151500;96.68;96.7;96.65;96.65;44
USDRUBF;5;20241016;152000;96.64;96.64;96.59;96.59;227
USDRUBF;5;20241016;152500;96.59;96.64;96.57;96.63;252
USDRUBF;5;20241016;153000;96.63;96.63;96.57;96.57;563
USDRUBF;5;20241016;153500;96.57;96.62;96.57;96.59;637
USDRUBF;5;20241016;154000;96.6;96.63;96.57;96.59;879
USDRUBF;5;20241016;154500;96.59;96.59;96.5;96.57;1176
USDRUBF;5;20241016;155000;96.57;96.57;96.54;96.57;540
USDRUBF;5;20241016;155500;96.57;96.58;96.49;96.56;876
USDRUBF;5;20241016;160000;96.56;96.56;96.43;96.48;415
USDRUBF;5;20241016;160500;96.48;96.5;96.43;96.5;534
USDRUBF;5;20241016;161000;96.51;96.53;96.46;96.47;971
USDRUBF;5;20241016;161500;96.49;96.54;96.45;96.52;520
USDRUBF;5;20241016;162000;96.52;96.53;96.43;96.45;1095
USDRUBF;5;20241016;162500;96.45;96.5;96.38;96.47;572
USDRUBF;5;20241016;163000;96.48;96.48;96.4;96.41;201
USDRUBF;5;20241016;163500;96.42;96.44;96.4;96.41;133
USDRUBF;5;20241016;164000;96.41;96.41;96.35;96.37;221
USDRUBF;5;20241016;164500;96.38;96.42;96.37;96.4;207
USDRUBF;5;20241016;165000;96.41;96.42;96.37;96.42;343
USDRUBF;5;20241016;165500;96.41;96.44;96.38;96.4;324
USDRUBF;5;20241016;170000;96.4;96.4;96.35;96.36;310
USDRUBF;5;20241016;170500;96.38;96.43;96.38;96.42;245
USDRUBF;5;20241016;171000;96.39;96.42;96.35;96.4;244
USDRUBF;5;20241016;171500;96.4;96.51;96.38;96.47;1736
USDRUBF;5;20241016;172000;96.48;96.54;96.47;96.49;1310
USDRUBF;5;20241016;172500;96.49;96.53;96.46;96.51;972
USDRUBF;5;20241016;173000;96.5;96.52;96.5;96.51;112
USDRUBF;5;20241016;173500;96.5;96.58;96.49;96.54;977
USDRUBF;5;20241016;174000;96.54;96.56;96.51;96.53;987
USDRUBF;5;20241016;174500;96.52;96.53;96.5;96.5;270
USDRUBF;5;20241016;175000;96.51;96.55;96.48;96.52;629
USDRUBF;5;20241016;175500;96.52;96.54;96.49;96.51;367
USDRUBF;5;20241016;180000;96.5;96.54;96.5;96.51;484
USDRUBF;5;20241016;180500;96.52;96.53;96.48;96.52;1349
USDRUBF;5;20241016;181000;96.51;96.53;96.49;96.5;684
USDRUBF;5;20241016;181500;96.51;96.52;96.49;96.51;461
USDRUBF;5;20241016;182000;96.52;96.54;96.49;96.5;1030
USDRUBF;5;20241016;182500;96.5;96.51;96.45;96.45;164
USDRUBF;5;20241016;183000;96.45;96.48;96.42;96.46;664
USDRUBF;5;20241016;183500;96.47;96.48;96.43;96.43;423
USDRUBF;5;20241016;184000;96.44;96.45;96.42;96.42;322
USDRUBF;5;20241016;184500;96.44;96.51;96.44;96.46;1243
USDRUBF;5;20241016;190500;96.42;96.51;96.25;96.47;836
USDRUBF;5;20241016;191000;96.48;96.51;96.42;96.44;175
USDRUBF;5;20241016;191500;96.42;96.43;96.4;96.4;186
USDRUBF;5;20241016;192000;96.41;96.44;96.41;96.44;37
USDRUBF;5;20241016;192500;96.42;96.45;96.42;96.45;6
USDRUBF;5;20241016;193000;96.43;96.46;96.43;96.44;20
USDRUBF;5;20241016;193500;96.44;96.44;96.43;96.44;5
USDRUBF;5;20241016;194000;96.44;96.44;96.43;96.43;5
USDRUBF;5;20241016;194500;96.45;96.51;96.44;96.46;247
USDRUBF;5;20241016;195000;96.46;96.49;96.46;96.46;19
USDRUBF;5;20241016;200000;96.48;96.48;96.44;96.44;41
USDRUBF;5;20241016;200500;96.44;96.44;96.44;96.44;6
USDRUBF;5;20241016;201000;96.45;96.45;96.45;96.45;12
USDRUBF;5;20241016;201500;96.45;96.46;96.44;96.44;116
USDRUBF;5;20241016;202000;96.45;96.46;96.42;96.46;86
USDRUBF;5;20241016;202500;96.44;96.44;96.42;96.43;32
USDRUBF;5;20241016;203000;96.42;96.43;96.4;96.42;33
USDRUBF;5;20241016;203500;96.42;96.42;96.42;96.42;2
USDRUBF;5;20241016;204000;96.43;96.43;96.43;96.43;3
USDRUBF;5;20241016;204500;96.43;96.43;96.37;96.37;101
USDRUBF;5;20241016;205000;96.37;96.38;96.37;96.38;2
USDRUBF;5;20241016;205500;96.38;96.38;96.38;96.38;1
USDRUBF;5;20241016;210000;96.37;96.37;96.37;96.37;2
USDRUBF;5;20241016;210500;96.38;96.38;96.34;96.36;114
USDRUBF;5;20241016;211000;96.37;96.42;96.37;96.42;7
USDRUBF;5;20241016;211500;96.42;96.42;96.41;96.42;20
USDRUBF;5;20241016;212000;96.42;96.42;96.41;96.42;6
USDRUBF;5;20241016;212500;96.42;96.42;96.41;96.41;15
USDRUBF;5;20241016;213000;96.41;96.41;96.41;96.41;19
USDRUBF;5;20241016;213500;96.42;96.43;96.42;96.42;55
USDRUBF;5;20241016;214000;96.42;96.44;96.42;96.44;30
USDRUBF;5;20241016;214500;96.46;96.48;96.46;96.48;54
USDRUBF;5;20241016;215000;96.48;96.48;96.48;96.48;5
USDRUBF;5;20241016;215500;96.49;96.5;96.48;96.5;23
USDRUBF;5;20241016;220000;96.48;96.49;96.47;96.49;18
USDRUBF;5;20241016;220500;96.48;96.48;96.48;96.48;1
USDRUBF;5;20241016;221000;96.48;96.48;96.41;96.41;23
USDRUBF;5;20241016;221500;96.44;96.44;96.44;96.44;1
USDRUBF;5;20241016;222000;96.44;96.46;96.44;96.46;2
USDRUBF;5;20241016;222500;96.45;96.52;96.45;96.48;214
USDRUBF;5;20241016;223000;96.48;96.48;96.48;96.48;2
USDRUBF;5;20241016;224000;96.53;96.54;96.52;96.53;12
USDRUBF;5;20241016;224500;96.54;96.54;96.54;96.54;3
USDRUBF;5;20241016;225000;96.51;96.51;96.51;96.51;14
USDRUBF;5;20241016;225500;96.51;96.52;96.51;96.52;8
USDRUBF;5;20241016;230000;96.5;96.51;96.5;96.51;19
USDRUBF;5;20241016;230500;96.53;96.53;96.52;96.52;20
USDRUBF;5;20241016;231000;96.53;96.53;96.5;96.5;7
USDRUBF;5;20241016;231500;96.51;96.52;96.51;96.52;3
USDRUBF;5;20241016;232000;96.51;96.52;96.51;96.52;3
USDRUBF;5;20241016;232500;96.5;96.51;96.5;96.51;4
USDRUBF;5;20241016;233000;96.5;96.5;96.5;96.5;5
USDRUBF;5;20241016;233500;96.5;96.5;96.5;96.5;2
USDRUBF;5;20241016;234000;96.5;96.5;96.49;96.5;16
USDRUBF;5;20241016;234500;96.5;96.51;96.48;96.51;32
USDRUBF;5;20241017;100000;96.49;96.74;96.43;96.67;821
USDRUBF;5;20241017;100500;96.67;96.77;96.61;96.77;450
USDRUBF;5;20241017;101000;96.77;96.78;96.71;96.71;473
USDRUBF;5;20241017;101500;96.75;96.84;96.75;96.75;423
USDRUBF;5;20241017;102000;96.74;96.75;96.57;96.68;250
USDRUBF;5;20241017;102500;96.68;96.68;96.64;96.66;61
USDRUBF;5;20241017;103000;96.69;96.72;96.69;96.71;25
USDRUBF;5;20241017;103500;96.69;96.79;96.69;96.79;112
USDRUBF;5;20241017;104000;96.76;96.79;96.64;96.64;140
USDRUBF;5;20241017;104500;96.62;96.7;96.59;96.69;119
USDRUBF;5;20241017;105000;96.69;96.69;96.66;96.66;13
USDRUBF;5;20241017;105500;96.65;96.91;96.63;96.84;878
USDRUBF;5;20241017;110000;96.85;96.87;96.73;96.76;179
USDRUBF;5;20241017;110500;96.72;96.8;96.7;96.77;50
USDRUBF;5;20241017;111000;96.78;96.86;96.75;96.79;86
USDRUBF;5;20241017;111500;96.78;96.83;96.76;96.78;208
USDRUBF;5;20241017;112000;96.74;96.74;96.57;96.68;377
USDRUBF;5;20241017;112500;96.68;96.68;96.53;96.61;856
USDRUBF;5;20241017;113000;96.59;96.65;96.45;96.61;1005
USDRUBF;5;20241017;113500;96.62;96.75;96.6;96.75;406
USDRUBF;5;20241017;114000;96.78;96.81;96.72;96.74;291
USDRUBF;5;20241017;114500;96.74;96.83;96.74;96.82;466
USDRUBF;5;20241017;115000;96.82;96.83;96.75;96.83;97
USDRUBF;5;20241017;115500;96.83;96.86;96.75;96.75;578
USDRUBF;5;20241017;120000;96.77;96.78;96.7;96.77;313
USDRUBF;5;20241017;120500;96.78;96.79;96.76;96.76;89
USDRUBF;5;20241017;121000;96.76;96.76;96.7;96.72;508
USDRUBF;5;20241017;121500;96.73;96.73;96.66;96.72;522
USDRUBF;5;20241017;122000;96.73;96.76;96.72;96.73;144
USDRUBF;5;20241017;122500;96.73;96.79;96.69;96.73;330
USDRUBF;5;20241017;123000;96.74;96.83;96.73;96.81;147
USDRUBF;5;20241017;123500;96.79;96.79;96.74;96.74;73
USDRUBF;5;20241017;124000;96.74;96.75;96.7;96.71;170
USDRUBF;5;20241017;124500;96.71;96.71;96.67;96.7;193
USDRUBF;5;20241017;125000;96.69;96.69;96.58;96.58;615
USDRUBF;5;20241017;125500;96.57;96.65;96.56;96.57;497
USDRUBF;5;20241017;130000;96.56;96.56;96.37;96.47;2205
USDRUBF;5;20241017;130500;96.47;96.47;96.29;96.37;1206
USDRUBF;5;20241017;131000;96.36;96.4;96.31;96.32;1106
USDRUBF;5;20241017;131500;96.31;96.31;96.18;96.24;1905
USDRUBF;5;20241017;132000;96.24;96.26;96.18;96.18;1056
USDRUBF;5;20241017;132500;96.17;96.17;96.15;96.17;144
USDRUBF;5;20241017;133000;96.16;96.18;96.1;96.13;769
USDRUBF;5;20241017;133500;96.13;96.19;96.12;96.14;1453
USDRUBF;5;20241017;134000;96.12;96.13;96.04;96.04;933
USDRUBF;5;20241017;134500;96.04;96.1;96.03;96.09;225
USDRUBF;5;20241017;135000;96.06;96.14;96.04;96.09;1088
USDRUBF;5;20241017;135500;96.09;96.13;96.08;96.13;354
USDRUBF;5;20241017;140500;96.12;96.12;95.96;96;803
USDRUBF;5;20241017;141000;95.99;96.05;95.96;96.01;1178
USDRUBF;5;20241017;141500;96.01;96.03;95.95;96.03;1028
USDRUBF;5;20241017;142000;96.03;96.17;96;96.09;1038
USDRUBF;5;20241017;142500;96.09;96.18;96.06;96.11;356
USDRUBF;5;20241017;143000;96.1;96.11;96.04;96.1;297
USDRUBF;5;20241017;143500;96.08;96.12;96.07;96.07;145
USDRUBF;5;20241017;144000;96.07;96.08;96.03;96.07;475
USDRUBF;5;20241017;144500;96.07;96.1;96.03;96.08;231
USDRUBF;5;20241017;145000;96.08;96.11;96.07;96.07;46
USDRUBF;5;20241017;145500;96.07;96.11;96.07;96.07;74
USDRUBF;5;20241017;150000;96.1;96.11;96.05;96.1;195
USDRUBF;5;20241017;150500;96.1;96.15;96.09;96.14;400
USDRUBF;5;20241017;151000;96.12;96.12;96.09;96.09;634
USDRUBF;5;20241017;151500;96.09;96.09;96.01;96.07;1016
USDRUBF;5;20241017;152000;96.07;96.15;96.07;96.12;3213
USDRUBF;5;20241017;152500;96.11;96.25;96.09;96.21;2069
USDRUBF;5;20241017;153000;96.23;96.27;96.11;96.15;374
USDRUBF;5;20241017;153500;96.15;96.15;96.09;96.1;270
USDRUBF;5;20241017;154000;96.1;96.13;95.97;96.11;935
USDRUBF;5;20241017;154500;96.11;96.14;96.1;96.14;96
USDRUBF;5;20241017;155000;96.15;96.15;96.12;96.14;187
USDRUBF;5;20241017;155500;96.14;96.15;96.12;96.12;289
USDRUBF;5;20241017;160000;96.11;96.12;96.02;96.03;422
USDRUBF;5;20241017;160500;96.03;96.08;96.01;96.07;193
USDRUBF;5;20241017;161000;96.07;96.1;96.05;96.05;226
USDRUBF;5;20241017;161500;96.07;96.07;96.01;96.07;66
USDRUBF;5;20241017;162000;96.09;96.18;96.09;96.17;435
USDRUBF;5;20241017;162500;96.14;96.16;96.11;96.11;324
USDRUBF;5;20241017;163000;96.12;96.17;96.12;96.17;336
USDRUBF;5;20241017;163500;96.17;96.21;96.15;96.21;234
USDRUBF;5;20241017;164000;96.21;96.21;96.17;96.18;128
USDRUBF;5;20241017;164500;96.17;96.17;96.15;96.17;55
USDRUBF;5;20241017;165000;96.14;96.16;96.13;96.16;142
USDRUBF;5;20241017;165500;96.13;96.15;96.11;96.15;435
USDRUBF;5;20241017;170000;96.12;96.15;96.09;96.13;351
USDRUBF;5;20241017;170500;96.13;96.13;96.11;96.13;164
USDRUBF;5;20241017;171000;96.14;96.14;96.12;96.12;42
USDRUBF;5;20241017;171500;96.14;96.15;96.13;96.13;64
USDRUBF;5;20241017;172000;96.15;96.15;96.06;96.1;256
USDRUBF;5;20241017;172500;96.11;96.12;96.08;96.11;16
USDRUBF;5;20241017;173000;96.11;96.11;96.04;96.07;163
USDRUBF;5;20241017;173500;96.07;96.08;96.02;96.04;439
USDRUBF;5;20241017;174000;96.05;96.07;96.05;96.07;83
USDRUBF;5;20241017;174500;96.07;96.07;96.02;96.05;242
USDRUBF;5;20241017;175000;96.05;96.06;96.02;96.03;47
USDRUBF;5;20241017;175500;96.05;96.06;96.05;96.06;57
USDRUBF;5;20241017;180000;96.06;96.09;96.05;96.08;159
USDRUBF;5;20241017;180500;96.08;96.11;96.05;96.09;235
USDRUBF;5;20241017;181000;96.08;96.11;96.08;96.1;330
USDRUBF;5;20241017;181500;96.1;96.12;96.05;96.08;363
USDRUBF;5;20241017;182000;96.08;96.15;96.08;96.15;627
USDRUBF;5;20241017;182500;96.14;96.15;96.1;96.1;897
USDRUBF;5;20241017;183000;96.11;96.13;96.1;96.13;225
USDRUBF;5;20241017;183500;96.13;96.15;96.08;96.08;511
USDRUBF;5;20241017;184000;96.08;96.2;96.03;96.2;720
USDRUBF;5;20241017;184500;96.2;96.22;96.07;96.07;616
USDRUBF;5;20241017;190500;96.07;96.1;96.01;96.04;770
USDRUBF;5;20241017;191000;96.04;96.06;96.01;96.03;128
USDRUBF;5;20241017;191500;96.03;96.06;96.03;96.06;62
USDRUBF;5;20241017;192000;96.05;96.1;96.05;96.1;204
USDRUBF;5;20241017;192500;96.09;96.09;96.09;96.09;31
USDRUBF;5;20241017;193000;96.09;96.1;96.08;96.08;112
USDRUBF;5;20241017;193500;96.07;96.08;96.07;96.07;19
USDRUBF;5;20241017;194000;96.05;96.07;96.05;96.07;14
USDRUBF;5;20241017;194500;96.05;96.07;96.05;96.07;38
USDRUBF;5;20241017;195000;96.06;96.07;96.04;96.07;7
USDRUBF;5;20241017;195500;96.06;96.07;96.04;96.04;59
USDRUBF;5;20241017;200000;96.03;96.05;96;96.04;129
USDRUBF;5;20241017;200500;96.04;96.06;96.02;96.06;53
USDRUBF;5;20241017;201000;96.06;96.07;96.06;96.07;22
USDRUBF;5;20241017;201500;96.07;96.07;96.07;96.07;9
USDRUBF;5;20241017;202000;96.09;96.1;96.08;96.08;47
USDRUBF;5;20241017;202500;96.1;96.1;96.09;96.09;20
USDRUBF;5;20241017;203000;96.1;96.11;96.09;96.11;80
USDRUBF;5;20241017;203500;96.12;96.15;96.12;96.15;226
USDRUBF;5;20241017;204000;96.16;96.2;96.16;96.17;74
USDRUBF;5;20241017;204500;96.18;96.19;96.18;96.19;10
USDRUBF;5;20241017;205000;96.17;96.17;96.14;96.17;81
USDRUBF;5;20241017;205500;96.17;96.17;96.17;96.17;1
USDRUBF;5;20241017;210000;96.14;96.17;96.14;96.17;10
USDRUBF;5;20241017;210500;96.17;96.17;96.17;96.17;11
USDRUBF;5;20241017;211000;96.17;96.18;96.17;96.18;42
USDRUBF;5;20241017;211500;96.19;96.19;96.18;96.18;6
USDRUBF;5;20241017;212000;96.19;96.19;96.18;96.18;2
USDRUBF;5;20241017;212500;96.18;96.18;96.16;96.17;63
USDRUBF;5;20241017;213000;96.18;96.18;96.17;96.17;24
USDRUBF;5;20241017;213500;96.17;96.18;96.16;96.16;25
USDRUBF;5;20241017;214000;96.16;96.17;96.16;96.17;5
USDRUBF;5;20241017;214500;96.16;96.17;96.16;96.17;4
USDRUBF;5;20241017;215500;96.17;96.18;96.17;96.18;8
USDRUBF;5;20241017;220000;96.17;96.18;96.17;96.18;26
USDRUBF;5;20241017;221000;96.17;96.17;96.16;96.16;10
USDRUBF;5;20241017;221500;96.15;96.15;96.14;96.14;5
USDRUBF;5;20241017;222000;96.14;96.16;96.14;96.14;12
USDRUBF;5;20241017;222500;96.16;96.16;96.13;96.13;8
USDRUBF;5;20241017;223500;96.15;96.15;96.15;96.15;5
USDRUBF;5;20241017;224000;96.15;96.16;96.15;96.16;18
USDRUBF;5;20241017;224500;96.15;96.15;96.13;96.13;5
USDRUBF;5;20241017;225500;96.16;96.16;96.13;96.16;22
USDRUBF;5;20241017;230000;96.16;96.16;96.13;96.13;5
USDRUBF;5;20241017;230500;96.14;96.14;96.13;96.13;6
USDRUBF;5;20241017;231000;96.11;96.11;96.11;96.11;4
USDRUBF;5;20241017;232000;96.11;96.11;96.1;96.1;2
USDRUBF;5;20241017;232500;96.12;96.13;96.12;96.13;11
USDRUBF;5;20241017;233500;96.14;96.15;96.14;96.15;7
USDRUBF;5;20241017;234000;96.16;96.16;96.14;96.15;19
USDRUBF;5;20241017;234500;96.15;96.22;96.12;96.2;79
USDRUBF;5;20241018;100000;96.08;96.08;95.81;95.81;1015
USDRUBF;5;20241018;100500;95.83;95.92;95.76;95.79;572
USDRUBF;5;20241018;101000;95.78;95.91;95.72;95.85;759
USDRUBF;5;20241018;101500;95.85;95.87;95.75;95.82;1090
USDRUBF;5;20241018;102000;95.82;95.86;95.75;95.81;668
USDRUBF;5;20241018;102500;95.79;95.79;95.65;95.76;554
USDRUBF;5;20241018;103000;95.74;95.74;95.67;95.69;431
USDRUBF;5;20241018;103500;95.69;95.95;95.62;95.75;2865
USDRUBF;5;20241018;104000;95.74;95.74;95.56;95.63;1274
USDRUBF;5;20241018;104500;95.64;95.64;95.6;95.64;235
USDRUBF;5;20241018;105000;95.64;95.64;95.55;95.59;291
USDRUBF;5;20241018;105500;95.59;95.63;95.58;95.63;1023
USDRUBF;5;20241018;110000;95.64;95.76;95.63;95.66;525
USDRUBF;5;20241018;110500;95.67;95.73;95.66;95.72;133
USDRUBF;5;20241018;111000;95.7;95.7;95.56;95.56;449
USDRUBF;5;20241018;111500;95.56;95.64;95.55;95.64;915
USDRUBF;5;20241018;112000;95.64;95.68;95.64;95.65;95
USDRUBF;5;20241018;112500;95.65;95.65;95.6;95.63;245
USDRUBF;5;20241018;113000;95.62;95.63;95.56;95.56;738
USDRUBF;5;20241018;113500;95.56;95.62;95.54;95.62;985
USDRUBF;5;20241018;114000;95.6;95.6;95.47;95.47;1441
USDRUBF;5;20241018;114500;95.47;95.63;95.42;95.63;783
USDRUBF;5;20241018;115000;95.64;95.65;95.58;95.61;597
USDRUBF;5;20241018;115500;95.61;95.66;95.59;95.6;641
USDRUBF;5;20241018;120000;95.6;95.6;95.5;95.51;508
USDRUBF;5;20241018;120500;95.54;95.56;95.51;95.53;104
USDRUBF;5;20241018;121000;95.54;95.55;95.51;95.54;97
USDRUBF;5;20241018;121500;95.51;95.53;95.43;95.44;508
USDRUBF;5;20241018;122000;95.42;95.48;95.42;95.45;372
USDRUBF;5;20241018;122500;95.44;95.75;95.44;95.74;293
USDRUBF;5;20241018;123000;95.74;95.82;95.68;95.73;1534
USDRUBF;5;20241018;123500;95.7;95.74;95.68;95.68;221
USDRUBF;5;20241018;124000;95.7;95.72;95.66;95.66;93
USDRUBF;5;20241018;124500;95.66;95.71;95.65;95.67;278
USDRUBF;5;20241018;125000;95.67;95.7;95.66;95.67;66
USDRUBF;5;20241018;125500;95.67;95.7;95.66;95.68;124
USDRUBF;5;20241018;130000;95.69;95.69;95.66;95.68;36
USDRUBF;5;20241018;130500;95.66;95.69;95.66;95.69;36
USDRUBF;5;20241018;131000;95.7;95.7;95.66;95.69;113
USDRUBF;5;20241018;131500;95.67;95.71;95.67;95.68;72
USDRUBF;5;20241018;132000;95.71;95.71;95.67;95.69;91
USDRUBF;5;20241018;132500;95.72;95.72;95.66;95.66;74
USDRUBF;5;20241018;133000;95.66;95.69;95.66;95.66;58
USDRUBF;5;20241018;133500;95.66;95.7;95.66;95.7;54
USDRUBF;5;20241018;134000;95.68;95.71;95.67;95.71;362
USDRUBF;5;20241018;134500;95.69;95.71;95.6;95.6;416
USDRUBF;5;20241018;135000;95.61;95.75;95.58;95.67;212
USDRUBF;5;20241018;135500;95.71;95.74;95.67;95.68;122
USDRUBF;5;20241018;140500;95.69;95.75;95.69;95.71;368
USDRUBF;5;20241018;141000;95.74;95.86;95.74;95.84;1764
USDRUBF;5;20241018;141500;95.85;95.88;95.78;95.78;763
USDRUBF;5;20241018;142000;95.76;95.84;95.76;95.84;119
USDRUBF;5;20241018;142500;95.84;95.85;95.82;95.84;344
USDRUBF;5;20241018;143000;95.85;95.85;95.8;95.83;600
USDRUBF;5;20241018;143500;95.83;95.83;95.66;95.73;554
USDRUBF;5;20241018;144000;95.74;95.83;95.74;95.82;215
USDRUBF;5;20241018;144500;95.82;95.88;95.82;95.87;209
USDRUBF;5;20241018;145000;95.88;96;95.88;95.98;662
USDRUBF;5;20241018;145500;95.96;95.99;95.94;95.99;471
USDRUBF;5;20241018;150000;95.99;96;95.91;95.97;813
USDRUBF;5;20241018;150500;95.97;95.99;95.95;95.95;323
USDRUBF;5;20241018;151000;95.95;95.97;95.93;95.96;283
USDRUBF;5;20241018;151500;95.96;95.96;95.94;95.96;72
USDRUBF;5;20241018;152000;95.96;95.96;95.92;95.92;171
USDRUBF;5;20241018;152500;95.94;95.95;95.87;95.87;483
USDRUBF;5;20241018;153000;95.87;95.89;95.74;95.75;832
USDRUBF;5;20241018;153500;95.74;95.78;95.71;95.77;321
USDRUBF;5;20241018;154000;95.74;95.75;95.73;95.75;362
USDRUBF;5;20241018;154500;95.75;95.75;95.75;95.75;26
USDRUBF;5;20241018;155000;95.74;95.74;95.6;95.6;692
USDRUBF;5;20241018;155500;95.6;95.65;95.56;95.62;482
USDRUBF;5;20241018;160000;95.61;95.62;95.55;95.6;170
USDRUBF;5;20241018;160500;95.6;95.64;95.6;95.6;237
USDRUBF;5;20241018;161000;95.6;95.62;95.54;95.54;819
USDRUBF;5;20241018;161500;95.54;95.54;95.46;95.47;1946
USDRUBF;5;20241018;162000;95.46;95.46;95.3;95.32;2066
USDRUBF;5;20241018;162500;95.31;95.46;95.23;95.45;1011
USDRUBF;5;20241018;163000;95.45;95.49;95.36;95.39;771
USDRUBF;5;20241018;163500;95.39;95.41;95.29;95.34;439
USDRUBF;5;20241018;164000;95.36;95.57;95.33;95.56;733
USDRUBF;5;20241018;164500;95.55;95.59;95.52;95.59;420
USDRUBF;5;20241018;165000;95.61;95.68;95.56;95.61;270
USDRUBF;5;20241018;165500;95.64;95.7;95.57;95.58;167
USDRUBF;5;20241018;170000;95.55;95.6;95.47;95.59;405
USDRUBF;5;20241018;170500;95.6;95.66;95.5;95.51;261
USDRUBF;5;20241018;171000;95.52;95.55;95.5;95.55;85
USDRUBF;5;20241018;171500;95.53;95.66;95.53;95.64;64
USDRUBF;5;20241018;172000;95.67;95.68;95.59;95.6;88
USDRUBF;5;20241018;172500;95.59;95.62;95.58;95.59;180
USDRUBF;5;20241018;173000;95.59;95.69;95.59;95.67;318
USDRUBF;5;20241018;173500;95.67;95.7;95.63;95.63;226
USDRUBF;5;20241018;174000;95.69;95.75;95.62;95.64;302
USDRUBF;5;20241018;174500;95.64;95.64;95.54;95.54;174
USDRUBF;5;20241018;175000;95.53;95.55;95.46;95.5;274
USDRUBF;5;20241018;175500;95.49;95.53;95.44;95.45;432
USDRUBF;5;20241018;180000;95.47;95.6;95.45;95.55;219
USDRUBF;5;20241018;180500;95.54;95.57;95.51;95.52;306
USDRUBF;5;20241018;181000;95.53;95.55;95.48;95.48;316
USDRUBF;5;20241018;181500;95.49;95.52;95.48;95.52;114
USDRUBF;5;20241018;182000;95.53;95.56;95.53;95.56;132
USDRUBF;5;20241018;182500;95.56;95.59;95.51;95.51;158
USDRUBF;5;20241018;183000;95.51;95.52;95.5;95.51;189
USDRUBF;5;20241018;183500;95.52;95.52;95.47;95.5;240
USDRUBF;5;20241018;184000;95.5;95.55;95.5;95.51;243
USDRUBF;5;20241018;184500;95.51;95.6;95.51;95.6;366
USDRUBF;5;20241018;190500;95.5;95.56;95.46;95.52;359
USDRUBF;5;20241018;191000;95.52;95.52;95.49;95.49;102
USDRUBF;5;20241018;191500;95.48;95.48;95.44;95.44;59
USDRUBF;5;20241018;192000;95.44;95.46;95.43;95.46;30
USDRUBF;5;20241018;192500;95.44;95.44;95.42;95.42;67
USDRUBF;5;20241018;193000;95.41;95.41;95.32;95.33;310
USDRUBF;5;20241018;193500;95.32;95.35;95.31;95.33;225
USDRUBF;5;20241018;194000;95.35;95.36;95.34;95.36;41
USDRUBF;5;20241018;194500;95.36;95.37;95.35;95.36;21
USDRUBF;5;20241018;195000;95.36;95.37;95.31;95.31;130
USDRUBF;5;20241018;195500;95.31;95.32;95.3;95.32;56
USDRUBF;5;20241018;200000;95.32;95.32;95.31;95.31;17
USDRUBF;5;20241018;200500;95.32;95.32;95.3;95.31;12
USDRUBF;5;20241018;201000;95.31;95.31;95.3;95.3;11
USDRUBF;5;20241018;201500;95.31;95.31;95.29;95.29;17
USDRUBF;5;20241018;202000;95.3;95.32;95.3;95.32;13
USDRUBF;5;20241018;202500;95.32;95.32;95.3;95.3;16
USDRUBF;5;20241018;203000;95.32;95.32;95.3;95.3;5
USDRUBF;5;20241018;203500;95.3;95.3;95.29;95.29;12
USDRUBF;5;20241018;204000;95.3;95.31;95.3;95.31;43
USDRUBF;5;20241018;204500;95.31;95.31;95.29;95.29;3
USDRUBF;5;20241018;205000;95.29;95.29;95.26;95.28;73
USDRUBF;5;20241018;205500;95.29;95.29;95.29;95.29;7
USDRUBF;5;20241018;210000;95.29;95.29;95.26;95.28;26
USDRUBF;5;20241018;210500;95.26;95.28;95.26;95.26;15
USDRUBF;5;20241018;211000;95.26;95.27;95.25;95.26;18
USDRUBF;5;20241018;211500;95.27;95.27;95.27;95.27;1
USDRUBF;5;20241018;212000;95.25;95.25;95.22;95.23;87
USDRUBF;5;20241018;212500;95.23;95.25;95.23;95.25;16
USDRUBF;5;20241018;213000;95.23;95.24;95.13;95.22;407
USDRUBF;5;20241018;213500;95.22;95.26;95.22;95.26;43
USDRUBF;5;20241018;214000;95.26;95.26;95.24;95.26;39
USDRUBF;5;20241018;214500;95.26;95.27;95.26;95.27;34
USDRUBF;5;20241018;215000;95.28;95.28;95.28;95.28;8
USDRUBF;5;20241018;215500;95.28;95.29;95.27;95.27;14
USDRUBF;5;20241018;220000;95.29;95.3;95.29;95.3;20
USDRUBF;5;20241018;220500;95.31;95.31;95.3;95.3;2
USDRUBF;5;20241018;221000;95.3;95.3;95.3;95.3;1
USDRUBF;5;20241018;222000;95.3;95.3;95.3;95.3;4
USDRUBF;5;20241018;222500;95.3;95.3;95.3;95.3;2
USDRUBF;5;20241018;223000;95.3;95.32;95.29;95.29;26
USDRUBF;5;20241018;223500;95.3;95.32;95.29;95.32;11
USDRUBF;5;20241018;224000;95.31;95.32;95.31;95.32;2
USDRUBF;5;20241018;224500;95.32;95.32;95.32;95.32;6
USDRUBF;5;20241018;225000;95.32;95.32;95.32;95.32;2
USDRUBF;5;20241018;225500;95.31;95.33;95.3;95.3;31
USDRUBF;5;20241018;230500;95.3;95.3;95.29;95.29;71
USDRUBF;5;20241018;231000;95.31;95.31;95.28;95.28;28
USDRUBF;5;20241018;231500;95.28;95.28;95.28;95.28;13
USDRUBF;5;20241018;232000;95.28;95.28;95.28;95.28;11
USDRUBF;5;20241018;232500;95.27;95.29;95.27;95.29;31
USDRUBF;5;20241018;233000;95.3;95.31;95.3;95.31;15
USDRUBF;5;20241018;233500;95.32;95.33;95.31;95.33;27
USDRUBF;5;20241018;234000;95.32;95.32;95.3;95.32;13
USDRUBF;5;20241018;234500;95.32;95.32;95.26;95.26;36
USDRUBF;5;20241021;100000;95.24;95.41;95.21;95.4;631
USDRUBF;5;20241021;100500;95.42;95.52;95.42;95.5;653
USDRUBF;5;20241021;101000;95.51;95.51;95.35;95.41;1308
USDRUBF;5;20241021;101500;95.41;95.57;95.41;95.53;957
USDRUBF;5;20241021;102000;95.51;95.82;95.51;95.7;3535
USDRUBF;5;20241021;102500;95.7;95.76;95.62;95.67;288
USDRUBF;5;20241021;103000;95.69;95.74;95.65;95.74;292
USDRUBF;5;20241021;103500;95.74;95.93;95.74;95.87;718
USDRUBF;5;20241021;104000;95.89;95.91;95.76;95.78;1286
USDRUBF;5;20241021;104500;95.77;95.86;95.77;95.85;1544
USDRUBF;5;20241021;105000;95.85;95.96;95.85;95.87;1237
USDRUBF;5;20241021;105500;95.89;95.93;95.82;95.92;876
USDRUBF;5;20241021;110000;95.94;95.96;95.8;95.81;1672
USDRUBF;5;20241021;110500;95.81;95.84;95.7;95.78;373
USDRUBF;5;20241021;111000;95.79;95.81;95.73;95.77;217
USDRUBF;5;20241021;111500;95.78;95.78;95.68;95.73;361
USDRUBF;5;20241021;112000;95.73;95.82;95.65;95.66;733
USDRUBF;5;20241021;112500;95.64;95.67;95.57;95.61;610
USDRUBF;5;20241021;113000;95.62;95.77;95.62;95.7;351
USDRUBF;5;20241021;113500;95.72;95.73;95.59;95.62;299
USDRUBF;5;20241021;114000;95.64;95.65;95.58;95.59;103
USDRUBF;5;20241021;114500;95.61;95.63;95.52;95.55;332
USDRUBF;5;20241021;115000;95.54;95.57;95.52;95.53;59
USDRUBF;5;20241021;115500;95.56;95.7;95.56;95.7;337
USDRUBF;5;20241021;120000;95.71;95.82;95.65;95.71;496
USDRUBF;5;20241021;120500;95.71;95.74;95.7;95.71;238
USDRUBF;5;20241021;121000;95.74;95.85;95.65;95.78;338
USDRUBF;5;20241021;121500;95.81;95.96;95.81;95.89;574
USDRUBF;5;20241021;122000;95.93;95.99;95.92;95.96;528
USDRUBF;5;20241021;122500;95.96;95.97;95.89;95.92;1109
USDRUBF;5;20241021;123000;95.93;95.97;95.91;95.91;309
USDRUBF;5;20241021;123500;95.91;95.95;95.91;95.94;34
USDRUBF;5;20241021;124000;95.95;95.95;95.94;95.94;47
USDRUBF;5;20241021;124500;95.94;96.03;95.94;95.95;301
USDRUBF;5;20241021;125000;95.95;96;95.95;95.97;100
USDRUBF;5;20241021;125500;96.01;96.05;96.01;96.02;854
USDRUBF;5;20241021;130000;96.05;96.16;96.05;96.11;695
USDRUBF;5;20241021;130500;96.14;96.17;96.11;96.12;167
USDRUBF;5;20241021;131000;96.13;96.13;96.05;96.05;290
USDRUBF;5;20241021;131500;96.05;96.08;96.04;96.05;249
USDRUBF;5;20241021;132000;96.06;96.09;96.05;96.05;247
USDRUBF;5;20241021;132500;96.06;96.12;96.05;96.07;407
USDRUBF;5;20241021;133000;96.1;96.11;96.04;96.06;508
USDRUBF;5;20241021;133500;96.07;96.08;96.03;96.03;138
USDRUBF;5;20241021;134000;96.03;96.03;95.9;95.9;363
USDRUBF;5;20241021;134500;95.89;95.94;95.88;95.93;570
USDRUBF;5;20241021;135000;95.93;96.04;95.92;96;551
USDRUBF;5;20241021;135500;95.99;96.04;95.88;95.91;408
USDRUBF;5;20241021;140500;95.88;95.95;95.87;95.91;372
USDRUBF;5;20241021;141000;95.93;95.93;95.85;95.88;318
USDRUBF;5;20241021;141500;95.89;95.91;95.76;95.82;543
USDRUBF;5;20241021;142000;95.79;95.87;95.79;95.84;283
USDRUBF;5;20241021;142500;95.84;95.87;95.82;95.85;220
USDRUBF;5;20241021;143000;95.87;95.95;95.84;95.95;180
USDRUBF;5;20241021;143500;95.95;96;95.91;95.93;699
USDRUBF;5;20241021;144000;95.95;95.95;95.92;95.92;52
USDRUBF;5;20241021;144500;95.93;95.96;95.92;95.96;80
USDRUBF;5;20241021;145000;95.95;95.97;95.89;95.91;156
USDRUBF;5;20241021;145500;95.91;95.92;95.91;95.92;63
USDRUBF;5;20241021;150000;95.91;95.95;95.88;95.88;493
USDRUBF;5;20241021;150500;95.89;95.91;95.85;95.88;224
USDRUBF;5;20241021;151000;95.9;95.9;95.87;95.9;36
USDRUBF;5;20241021;151500;95.91;95.96;95.91;95.94;205
USDRUBF;5;20241021;152000;95.96;95.98;95.88;95.88;320
USDRUBF;5;20241021;152500;95.9;95.93;95.87;95.9;88
USDRUBF;5;20241021;153000;95.9;95.9;95.77;95.84;474
USDRUBF;5;20241021;153500;95.81;95.85;95.79;95.84;95
USDRUBF;5;20241021;154000;95.83;95.85;95.83;95.84;142
USDRUBF;5;20241021;154500;95.83;95.87;95.8;95.81;286
USDRUBF;5;20241021;155000;95.86;95.86;95.81;95.83;47
USDRUBF;5;20241021;155500;95.86;95.88;95.84;95.86;215
USDRUBF;5;20241021;160000;95.85;95.87;95.84;95.85;92
USDRUBF;5;20241021;160500;95.86;95.88;95.86;95.86;131
USDRUBF;5;20241021;161000;95.88;96.05;95.86;96;605
USDRUBF;5;20241021;161500;95.99;96;95.86;95.89;235
USDRUBF;5;20241021;162000;95.9;95.9;95.81;95.83;253
USDRUBF;5;20241021;162500;95.85;95.9;95.82;95.85;398
USDRUBF;5;20241021;163000;95.84;95.85;95.78;95.79;439
USDRUBF;5;20241021;163500;95.79;95.96;95.79;95.9;114
USDRUBF;5;20241021;164000;95.88;95.88;95.75;95.77;99
USDRUBF;5;20241021;164500;95.8;95.83;95.77;95.8;49
USDRUBF;5;20241021;165000;95.81;95.85;95.81;95.83;143
USDRUBF;5;20241021;165500;95.84;95.85;95.81;95.81;99
USDRUBF;5;20241021;170000;95.81;95.83;95.81;95.83;74
USDRUBF;5;20241021;170500;95.81;95.84;95.81;95.82;25
USDRUBF;5;20241021;171000;95.82;95.85;95.81;95.85;56
USDRUBF;5;20241021;171500;95.84;95.85;95.83;95.85;136
USDRUBF;5;20241021;172000;95.85;95.85;95.85;95.85;42
USDRUBF;5;20241021;172500;95.86;95.87;95.81;95.81;114
USDRUBF;5;20241021;173000;95.82;95.83;95.75;95.83;169
USDRUBF;5;20241021;173500;95.83;95.85;95.83;95.84;79
USDRUBF;5;20241021;174000;95.84;95.86;95.84;95.86;55
USDRUBF;5;20241021;174500;95.86;95.96;95.86;95.93;336
USDRUBF;5;20241021;175000;95.94;95.99;95.83;95.95;375
USDRUBF;5;20241021;175500;95.95;95.96;95.92;95.96;211
USDRUBF;5;20241021;180000;95.96;95.98;95.93;95.93;229
USDRUBF;5;20241021;180500;95.93;95.98;95.91;95.96;248
USDRUBF;5;20241021;181000;95.98;96;95.94;95.98;215
USDRUBF;5;20241021;181500;95.96;95.98;95.94;95.97;155
USDRUBF;5;20241021;182000;95.97;95.97;95.92;95.92;322
USDRUBF;5;20241021;182500;95.95;95.99;95.93;95.99;177
USDRUBF;5;20241021;183000;96;96.09;96;96.08;358
USDRUBF;5;20241021;183500;96.07;96.09;96.07;96.09;339
USDRUBF;5;20241021;184000;96.09;96.09;95.99;96.06;580
USDRUBF;5;20241021;184500;96.06;96.08;96.04;96.04;414
USDRUBF;5;20241021;190500;96;96.01;95.96;95.99;200
USDRUBF;5;20241021;191000;95.98;96.03;95.98;96.03;90
USDRUBF;5;20241021;191500;96.03;96.05;96.02;96.05;14
USDRUBF;5;20241021;192000;96.05;96.06;96.03;96.03;22
USDRUBF;5;20241021;192500;96.02;96.05;96.02;96.02;136
USDRUBF;5;20241021;193000;96.02;96.04;96.01;96.04;61
USDRUBF;5;20241021;193500;96.04;96.07;96.04;96.07;56
USDRUBF;5;20241021;194000;96.04;96.04;96.04;96.04;1
USDRUBF;5;20241021;194500;96.04;96.07;96.04;96.07;9
USDRUBF;5;20241021;195000;96.05;96.05;96.04;96.04;25
USDRUBF;5;20241021;195500;96.06;96.07;96.05;96.07;7
USDRUBF;5;20241021;200000;96.07;96.07;96.06;96.06;9
USDRUBF;5;20241021;200500;96.06;96.06;96.05;96.05;15
USDRUBF;5;20241021;201000;96.05;96.06;96.05;96.06;2
USDRUBF;5;20241021;201500;96.06;96.06;96.06;96.06;10
USDRUBF;5;20241021;202000;96.05;96.07;96.04;96.07;42
USDRUBF;5;20241021;202500;96.07;96.07;96.04;96.07;41
USDRUBF;5;20241021;203000;96.07;96.08;96.04;96.08;60
USDRUBF;5;20241021;203500;96.08;96.08;96.05;96.05;12
USDRUBF;5;20241021;204000;96.07;96.07;96.04;96.04;14
USDRUBF;5;20241021;204500;96.07;96.07;96.07;96.07;3
USDRUBF;5;20241021;205000;96.07;96.07;96.04;96.05;9
USDRUBF;5;20241021;205500;96.04;96.05;96.04;96.05;8
USDRUBF;5;20241021;210000;96.04;96.04;96.03;96.04;81
USDRUBF;5;20241021;210500;96.03;96.04;96.01;96.01;122
USDRUBF;5;20241021;211500;96;96;95.98;95.98;15
USDRUBF;5;20241021;212000;95.97;95.98;95.97;95.97;6
USDRUBF;5;20241021;212500;95.99;96;95.99;96;35
USDRUBF;5;20241021;213000;96;96.01;96;96.01;10
USDRUBF;5;20241021;213500;96;96.01;96;96.01;21
USDRUBF;5;20241021;214000;96;96;96;96;9
USDRUBF;5;20241021;214500;96.01;96.01;95.99;95.99;8
USDRUBF;5;20241021;215000;96.01;96.01;95.99;95.99;50
USDRUBF;5;20241021;215500;95.99;96;95.99;96;2
USDRUBF;5;20241021;220000;96;96.01;96;96.01;5
USDRUBF;5;20241021;220500;96;96.01;95.99;95.99;57
USDRUBF;5;20241021;221000;96;96;95.99;95.99;12
USDRUBF;5;20241021;221500;96.01;96.01;96;96;11
USDRUBF;5;20241021;222500;96;96;96;96;2
USDRUBF;5;20241021;223000;95.99;95.99;95.99;95.99;5
USDRUBF;5;20241021;224000;96;96;96;96;5
USDRUBF;5;20241021;224500;96;96;96;96;4
USDRUBF;5;20241021;225000;96.01;96.01;95.98;95.98;14
USDRUBF;5;20241021;230000;96;96.02;95.99;96.01;31
USDRUBF;5;20241021;230500;96.01;96.01;96.01;96.01;16
USDRUBF;5;20241021;231000;96.02;96.02;96.02;96.02;13
USDRUBF;5;20241021;231500;96;96;96;96;1
USDRUBF;5;20241021;232500;96.03;96.04;96.02;96.02;26
USDRUBF;5;20241021;233000;96.03;96.06;96.02;96.06;36
USDRUBF;5;20241021;234000;96.01;96.01;96.01;96.01;19
USDRUBF;5;20241021;234500;96.01;96.06;96;96.06;47
USDRUBF;5;20241022;100000;96.06;96.15;96.06;96.11;273
USDRUBF;5;20241022;100500;96.13;96.28;96.1;96.18;800
USDRUBF;5;20241022;101000;96.17;96.19;96.08;96.14;356
USDRUBF;5;20241022;101500;96.16;96.35;96.15;96.34;561
USDRUBF;5;20241022;102000;96.34;96.37;96.3;96.34;254
USDRUBF;5;20241022;102500;96.34;96.42;96.33;96.42;597
USDRUBF;5;20241022;103000;96.42;96.48;96.42;96.45;206
USDRUBF;5;20241022;103500;96.46;96.48;96.42;96.43;538
USDRUBF;5;20241022;104000;96.43;96.43;96.35;96.37;1105
USDRUBF;5;20241022;104500;96.4;96.42;96.38;96.41;310
USDRUBF;5;20241022;105000;96.41;96.42;96.36;96.36;338
USDRUBF;5;20241022;105500;96.39;96.39;96.34;96.35;105
USDRUBF;5;20241022;110000;96.36;96.38;96.33;96.36;427
USDRUBF;5;20241022;110500;96.33;96.45;96.33;96.45;486
USDRUBF;5;20241022;111000;96.46;96.54;96.41;96.54;442
USDRUBF;5;20241022;111500;96.55;96.6;96.52;96.53;827
USDRUBF;5;20241022;112000;96.53;96.56;96.47;96.48;1646
USDRUBF;5;20241022;112500;96.48;96.53;96.47;96.48;805
USDRUBF;5;20241022;113000;96.48;96.53;96.48;96.51;280
USDRUBF;5;20241022;113500;96.51;96.58;96.51;96.53;682
USDRUBF;5;20241022;114000;96.54;96.55;96.51;96.52;326
USDRUBF;5;20241022;114500;96.52;96.53;96.51;96.52;229
USDRUBF;5;20241022;115000;96.53;96.55;96.49;96.5;402
USDRUBF;5;20241022;115500;96.5;96.53;96.47;96.53;201
USDRUBF;5;20241022;120000;96.54;96.6;96.51;96.51;706
USDRUBF;5;20241022;120500;96.51;96.51;96.45;96.46;133
USDRUBF;5;20241022;121000;96.44;96.46;96.37;96.45;381
USDRUBF;5;20241022;121500;96.46;96.46;96.42;96.43;80
USDRUBF;5;20241022;122000;96.43;96.46;96.43;96.45;281
USDRUBF;5;20241022;122500;96.45;96.45;96.37;96.37;313
USDRUBF;5;20241022;123000;96.37;96.44;96.37;96.42;226
USDRUBF;5;20241022;123500;96.43;96.45;96.39;96.39;102
USDRUBF;5;20241022;124000;96.39;96.42;96.39;96.42;26
USDRUBF;5;20241022;124500;96.43;96.52;96.43;96.49;179
USDRUBF;5;20241022;125000;96.49;96.49;96.43;96.46;208
USDRUBF;5;20241022;125500;96.45;96.49;96.41;96.44;335
USDRUBF;5;20241022;130000;96.44;96.44;96.39;96.41;234
USDRUBF;5;20241022;130500;96.39;96.43;96.36;96.43;188
USDRUBF;5;20241022;131000;96.44;96.47;96.4;96.47;98
USDRUBF;5;20241022;131500;96.47;96.47;96.45;96.45;82
USDRUBF;5;20241022;132000;96.47;96.48;96.4;96.41;278
USDRUBF;5;20241022;132500;96.41;96.41;96.38;96.4;109
USDRUBF;5;20241022;133000;96.4;96.41;96.39;96.39;112
USDRUBF;5;20241022;133500;96.39;96.42;96.39;96.4;45
USDRUBF;5;20241022;134000;96.41;96.42;96.4;96.41;40
USDRUBF;5;20241022;134500;96.42;96.44;96.41;96.41;216
USDRUBF;5;20241022;135000;96.41;96.45;96.4;96.41;115
USDRUBF;5;20241022;135500;96.4;96.41;96.37;96.37;179
USDRUBF;5;20241022;140500;96.39;96.42;96.38;96.41;64
USDRUBF;5;20241022;141000;96.39;96.39;96.35;96.35;233
USDRUBF;5;20241022;141500;96.35;96.36;96.33;96.36;232
USDRUBF;5;20241022;142000;96.36;96.36;96.31;96.31;313
USDRUBF;5;20241022;142500;96.31;96.34;96.31;96.33;159
USDRUBF;5;20241022;143000;96.33;96.33;96.32;96.33;77
USDRUBF;5;20241022;143500;96.31;96.33;96.31;96.33;57
USDRUBF;5;20241022;144000;96.33;96.42;96.33;96.42;208
USDRUBF;5;20241022;144500;96.44;96.44;96.4;96.4;51
USDRUBF;5;20241022;145000;96.42;96.49;96.42;96.49;63
USDRUBF;5;20241022;145500;96.47;96.51;96.43;96.51;153
USDRUBF;5;20241022;150000;96.51;96.54;96.49;96.53;104
USDRUBF;5;20241022;150500;96.51;96.52;96.46;96.46;117
USDRUBF;5;20241022;151000;96.45;96.48;96.4;96.48;151
USDRUBF;5;20241022;151500;96.47;96.47;96.43;96.44;97
USDRUBF;5;20241022;152000;96.43;96.43;96.34;96.39;204
USDRUBF;5;20241022;152500;96.41;96.44;96.37;96.42;766
USDRUBF;5;20241022;153000;96.43;96.45;96.34;96.45;880
USDRUBF;5;20241022;153500;96.45;96.46;96.35;96.38;661
USDRUBF;5;20241022;154000;96.38;96.4;96.36;96.37;315
USDRUBF;5;20241022;154500;96.38;96.4;96.36;96.38;314
USDRUBF;5;20241022;155000;96.37;96.44;96.37;96.44;37
USDRUBF;5;20241022;155500;96.44;96.47;96.44;96.47;205
USDRUBF;5;20241022;160000;96.47;96.47;96.44;96.45;142
USDRUBF;5;20241022;160500;96.45;96.46;96.43;96.46;278
USDRUBF;5;20241022;161000;96.46;96.48;96.45;96.48;106
USDRUBF;5;20241022;161500;96.48;96.55;96.48;96.54;384
USDRUBF;5;20241022;162000;96.52;96.52;96.47;96.49;148
USDRUBF;5;20241022;162500;96.49;96.51;96.47;96.47;252
USDRUBF;5;20241022;163000;96.48;96.48;96.42;96.46;360
USDRUBF;5;20241022;163500;96.46;96.48;96.45;96.46;325
USDRUBF;5;20241022;164000;96.47;96.47;96.43;96.45;280
USDRUBF;5;20241022;164500;96.45;96.45;96.39;96.43;512
USDRUBF;5;20241022;165000;96.43;96.44;96.41;96.44;405
USDRUBF;5;20241022;165500;96.44;96.44;96.41;96.42;222
USDRUBF;5;20241022;170000;96.42;96.42;96.37;96.39;580
USDRUBF;5;20241022;170500;96.39;96.42;96.38;96.42;369
USDRUBF;5;20241022;171000;96.42;96.42;96.36;96.41;242
USDRUBF;5;20241022;171500;96.41;96.44;96.41;96.43;701
USDRUBF;5;20241022;172000;96.43;96.43;96.32;96.37;483
USDRUBF;5;20241022;172500;96.38;96.41;96.36;96.38;281
USDRUBF;5;20241022;173000;96.38;96.44;96.38;96.43;639
USDRUBF;5;20241022;173500;96.43;96.44;96.36;96.43;333
USDRUBF;5;20241022;174000;96.42;96.42;96.39;96.42;97
USDRUBF;5;20241022;174500;96.41;96.45;96.39;96.44;250
USDRUBF;5;20241022;175000;96.46;96.46;96.43;96.43;248
USDRUBF;5;20241022;175500;96.43;96.43;96.41;96.42;44
USDRUBF;5;20241022;180000;96.41;96.41;96.39;96.4;115
USDRUBF;5;20241022;180500;96.4;96.42;96.4;96.42;46
USDRUBF;5;20241022;181000;96.42;96.45;96.39;96.42;144
USDRUBF;5;20241022;181500;96.42;96.45;96.42;96.45;130
USDRUBF;5;20241022;182000;96.45;96.48;96.44;96.46;134
USDRUBF;5;20241022;182500;96.46;96.48;96.46;96.46;63
USDRUBF;5;20241022;183000;96.46;96.5;96.46;96.5;106
USDRUBF;5;20241022;183500;96.5;96.52;96.47;96.48;211
USDRUBF;5;20241022;184000;96.51;96.52;96.48;96.52;60
USDRUBF;5;20241022;184500;96.52;96.57;96.51;96.56;292
USDRUBF;5;20241022;190500;96.55;96.56;96.44;96.46;253
USDRUBF;5;20241022;191000;96.46;96.46;96.39;96.4;326
USDRUBF;5;20241022;191500;96.4;96.42;96.38;96.4;160
USDRUBF;5;20241022;192000;96.41;96.45;96.41;96.45;95
USDRUBF;5;20241022;192500;96.45;96.45;96.43;96.44;39
USDRUBF;5;20241022;193000;96.44;96.44;96.43;96.44;19
USDRUBF;5;20241022;193500;96.45;96.45;96.38;96.41;41
USDRUBF;5;20241022;194000;96.41;96.41;96.4;96.4;69
USDRUBF;5;20241022;194500;96.4;96.4;96.39;96.39;63
USDRUBF;5;20241022;195000;96.39;96.4;96.39;96.4;22
USDRUBF;5;20241022;195500;96.4;96.4;96.38;96.38;32
USDRUBF;5;20241022;200000;96.4;96.41;96.39;96.4;44
USDRUBF;5;20241022;200500;96.4;96.46;96.4;96.41;95
USDRUBF;5;20241022;201000;96.44;96.44;96.44;96.44;7
USDRUBF;5;20241022;201500;96.44;96.44;96.44;96.44;15
USDRUBF;5;20241022;202500;96.43;96.43;96.43;96.43;7
USDRUBF;5;20241022;203000;96.42;96.43;96.42;96.43;51
USDRUBF;5;20241022;203500;96.41;96.43;96.41;96.42;16
USDRUBF;5;20241022;204500;96.42;96.43;96.42;96.42;24
USDRUBF;5;20241022;205000;96.42;96.42;96.42;96.42;4
USDRUBF;5;20241022;205500;96.42;96.49;96.42;96.49;160
USDRUBF;5;20241022;210000;96.46;96.46;96.45;96.46;18
USDRUBF;5;20241022;210500;96.43;96.47;96.43;96.47;32
USDRUBF;5;20241022;211000;96.47;96.48;96.45;96.48;138
USDRUBF;5;20241022;211500;96.47;96.47;96.45;96.47;11
USDRUBF;5;20241022;212000;96.47;96.48;96.45;96.48;38
USDRUBF;5;20241022;212500;96.46;96.46;96.45;96.45;115
USDRUBF;5;20241022;213000;96.45;96.46;96.45;96.46;3
USDRUBF;5;20241022;213500;96.46;96.46;96.45;96.45;134
USDRUBF;5;20241022;214000;96.46;96.46;96.45;96.45;38
USDRUBF;5;20241022;214500;96.46;96.46;96.46;96.46;11
USDRUBF;5;20241022;215000;96.46;96.47;96.45;96.45;353
USDRUBF;5;20241022;215500;96.44;96.44;96.43;96.43;20
USDRUBF;5;20241022;220000;96.43;96.43;96.35;96.37;136
USDRUBF;5;20241022;220500;96.38;96.38;96.38;96.38;24
USDRUBF;5;20241022;221000;96.4;96.4;96.39;96.39;6
USDRUBF;5;20241022;221500;96.41;96.41;96.4;96.4;3
USDRUBF;5;20241022;222000;96.4;96.43;96.4;96.43;46
USDRUBF;5;20241022;222500;96.42;96.42;96.39;96.4;8
USDRUBF;5;20241022;223000;96.39;96.42;96.39;96.42;8
USDRUBF;5;20241022;223500;96.42;96.42;96.41;96.41;7
USDRUBF;5;20241022;224000;96.4;96.4;96.38;96.38;22
USDRUBF;5;20241022;224500;96.4;96.41;96.4;96.41;21
USDRUBF;5;20241022;225000;96.42;96.43;96.4;96.42;43
USDRUBF;5;20241022;225500;96.42;96.43;96.42;96.43;99
USDRUBF;5;20241022;230000;96.44;96.45;96.44;96.44;260
USDRUBF;5;20241022;230500;96.42;96.44;96.42;96.44;130
USDRUBF;5;20241022;231500;96.44;96.44;96.44;96.44;6
USDRUBF;5;20241022;232000;96.41;96.43;96.39;96.43;88
USDRUBF;5;20241022;232500;96.43;96.44;96.43;96.44;48
USDRUBF;5;20241022;233000;96.45;96.45;96.45;96.45;8
USDRUBF;5;20241022;233500;96.44;96.44;96.44;96.44;3
USDRUBF;5;20241022;234000;96.45;96.45;96.44;96.44;27
USDRUBF;5;20241022;234500;96.43;96.5;96.42;96.5;200
USDRUBF;5;20241023;100000;96.52;96.61;96.47;96.53;454
USDRUBF;5;20241023;100500;96.52;96.59;96.37;96.37;349
USDRUBF;5;20241023;101000;96.36;96.4;96.32;96.38;296
USDRUBF;5;20241023;101500;96.39;96.44;96.35;96.37;508
USDRUBF;5;20241023;102000;96.37;96.38;96.32;96.35;752
USDRUBF;5;20241023;102500;96.34;96.36;96.24;96.27;1899
USDRUBF;5;20241023;103000;96.27;96.29;96.2;96.26;416
USDRUBF;5;20241023;103500;96.28;96.36;96.28;96.33;263
USDRUBF;5;20241023;104000;96.33;96.43;96.33;96.38;212
USDRUBF;5;20241023;104500;96.4;96.45;96.35;96.35;599
USDRUBF;5;20241023;105000;96.35;96.35;96.26;96.31;519
USDRUBF;5;20241023;105500;96.31;96.38;96.31;96.35;206
USDRUBF;5;20241023;110000;96.35;96.35;96.32;96.32;48
USDRUBF;5;20241023;110500;96.34;96.34;96.32;96.34;56
USDRUBF;5;20241023;111000;96.34;96.35;96.21;96.24;1401
USDRUBF;5;20241023;111500;96.23;96.32;96.2;96.29;912
USDRUBF;5;20241023;112000;96.29;96.29;96.22;96.22;145
USDRUBF;5;20241023;112500;96.24;96.25;96.22;96.22;131
USDRUBF;5;20241023;113000;96.22;96.3;96.2;96.28;188
USDRUBF;5;20241023;113500;96.27;96.31;96.24;96.3;46
USDRUBF;5;20241023;114000;96.29;96.3;96.25;96.29;261
USDRUBF;5;20241023;114500;96.25;96.44;96.23;96.4;206
USDRUBF;5;20241023;115000;96.41;96.43;96.34;96.34;227
USDRUBF;5;20241023;115500;96.31;96.36;96.27;96.3;233
USDRUBF;5;20241023;120000;96.3;96.3;96.21;96.24;167
USDRUBF;5;20241023;120500;96.26;96.34;96.26;96.3;56
USDRUBF;5;20241023;121000;96.33;96.36;96.3;96.31;266
USDRUBF;5;20241023;121500;96.31;96.31;96.15;96.2;1154
USDRUBF;5;20241023;122000;96.19;96.25;96.18;96.25;156
USDRUBF;5;20241023;122500;96.24;96.24;96.2;96.23;51
USDRUBF;5;20241023;123000;96.19;96.26;96.17;96.26;60
USDRUBF;5;20241023;123500;96.24;96.29;96.24;96.24;318
USDRUBF;5;20241023;124000;96.24;96.24;96.21;96.21;382
USDRUBF;5;20241023;124500;96.21;96.26;96.21;96.26;139
USDRUBF;5;20241023;125000;96.24;96.26;96.2;96.2;222
USDRUBF;5;20241023;125500;96.2;96.35;96.18;96.35;404
USDRUBF;5;20241023;130000;96.35;96.4;96.31;96.34;306
USDRUBF;5;20241023;130500;96.32;96.32;96.31;96.31;44
USDRUBF;5;20241023;131000;96.31;96.4;96.26;96.4;671
USDRUBF;5;20241023;131500;96.39;96.47;96.34;96.38;514
USDRUBF;5;20241023;132000;96.38;96.46;96.36;96.4;728
USDRUBF;5;20241023;132500;96.39;96.42;96.37;96.39;254
USDRUBF;5;20241023;133000;96.39;96.4;96.32;96.32;350
USDRUBF;5;20241023;133500;96.32;96.32;96.19;96.19;544
USDRUBF;5;20241023;134000;96.2;96.2;96.17;96.2;697
USDRUBF;5;20241023;134500;96.2;96.26;96.19;96.26;683
USDRUBF;5;20241023;135000;96.26;96.38;96.25;96.32;847
USDRUBF;5;20241023;135500;96.32;96.35;96.31;96.32;133
USDRUBF;5;20241023;140500;96.32;96.35;96.28;96.34;93
USDRUBF;5;20241023;141000;96.33;96.33;96.27;96.28;216
USDRUBF;5;20241023;141500;96.29;96.4;96.27;96.37;97
USDRUBF;5;20241023;142000;96.36;96.38;96.33;96.33;62
USDRUBF;5;20241023;142500;96.34;96.34;96.27;96.27;160
USDRUBF;5;20241023;143000;96.27;96.35;96.24;96.35;139
USDRUBF;5;20241023;143500;96.35;96.39;96.34;96.39;31
USDRUBF;5;20241023;144000;96.39;96.39;96.34;96.34;370
USDRUBF;5;20241023;144500;96.37;96.39;96.34;96.39;239
USDRUBF;5;20241023;145000;96.36;96.36;96.3;96.3;92
USDRUBF;5;20241023;145500;96.31;96.31;96.24;96.27;302
USDRUBF;5;20241023;150000;96.27;96.27;96.25;96.26;47
USDRUBF;5;20241023;150500;96.24;96.26;96.22;96.24;101
USDRUBF;5;20241023;151000;96.24;96.24;96.22;96.22;7
USDRUBF;5;20241023;151500;96.26;96.27;96.2;96.27;339
USDRUBF;5;20241023;152000;96.27;96.31;96.27;96.3;64
USDRUBF;5;20241023;152500;96.3;96.33;96.28;96.28;95
USDRUBF;5;20241023;153000;96.26;96.3;96.25;96.3;67
USDRUBF;5;20241023;153500;96.28;96.4;96.28;96.4;267
USDRUBF;5;20241023;154000;96.4;96.42;96.36;96.38;911
USDRUBF;5;20241023;154500;96.37;96.46;96.37;96.44;514
USDRUBF;5;20241023;155000;96.41;96.46;96.41;96.43;223
USDRUBF;5;20241023;155500;96.43;96.45;96.32;96.35;264
USDRUBF;5;20241023;160000;96.36;96.39;96.34;96.37;96
USDRUBF;5;20241023;160500;96.34;96.4;96.34;96.4;114
USDRUBF;5;20241023;161000;96.41;96.45;96.41;96.45;82
USDRUBF;5;20241023;161500;96.44;96.49;96.44;96.49;198
USDRUBF;5;20241023;162000;96.47;96.49;96.45;96.46;65
USDRUBF;5;20241023;162500;96.46;96.48;96.45;96.45;48
USDRUBF;5;20241023;163000;96.45;96.46;96.43;96.46;72
USDRUBF;5;20241023;163500;96.47;96.47;96.43;96.47;41
USDRUBF;5;20241023;164000;96.45;96.46;96.43;96.46;122
USDRUBF;5;20241023;164500;96.47;96.54;96.47;96.54;267
USDRUBF;5;20241023;165000;96.51;96.51;96.47;96.47;27
USDRUBF;5;20241023;165500;96.49;96.5;96.45;96.48;87
USDRUBF;5;20241023;170000;96.46;96.47;96.36;96.38;153
USDRUBF;5;20241023;170500;96.45;96.46;96.39;96.39;95
USDRUBF;5;20241023;171000;96.4;96.49;96.4;96.49;61
USDRUBF;5;20241023;171500;96.46;96.48;96.44;96.46;83
USDRUBF;5;20241023;172000;96.46;96.48;96.45;96.48;101
USDRUBF;5;20241023;172500;96.48;96.49;96.46;96.46;79
USDRUBF;5;20241023;173000;96.48;96.49;96.45;96.49;62
USDRUBF;5;20241023;173500;96.49;96.54;96.49;96.54;90
USDRUBF;5;20241023;174000;96.52;96.52;96.46;96.51;107
USDRUBF;5;20241023;174500;96.51;96.54;96.48;96.51;227
USDRUBF;5;20241023;175000;96.51;96.52;96.46;96.49;216
USDRUBF;5;20241023;175500;96.47;96.49;96.42;96.48;657
USDRUBF;5;20241023;180000;96.48;96.52;96.47;96.52;239
USDRUBF;5;20241023;180500;96.51;96.58;96.5;96.56;268
USDRUBF;5;20241023;181000;96.58;96.63;96.55;96.61;358
USDRUBF;5;20241023;181500;96.6;96.62;96.53;96.58;842
USDRUBF;5;20241023;182000;96.59;96.6;96.57;96.57;382
USDRUBF;5;20241023;182500;96.58;96.58;96.55;96.55;171
USDRUBF;5;20241023;183000;96.56;96.56;96.53;96.53;194
USDRUBF;5;20241023;183500;96.53;96.55;96.52;96.52;91
USDRUBF;5;20241023;184000;96.51;96.52;96.51;96.52;83
USDRUBF;5;20241023;184500;96.52;96.52;96.49;96.52;119
USDRUBF;5;20241023;190500;96.5;96.5;96.37;96.42;306
USDRUBF;5;20241023;191000;96.42;96.44;96.4;96.42;105
USDRUBF;5;20241023;191500;96.42;96.42;96.4;96.42;74
USDRUBF;5;20241023;192000;96.41;96.44;96.41;96.44;41
USDRUBF;5;20241023;192500;96.42;96.44;96.42;96.42;24
USDRUBF;5;20241023;193000;96.43;96.45;96.43;96.43;18
USDRUBF;5;20241023;193500;96.42;96.42;96.4;96.4;40
USDRUBF;5;20241023;194000;96.41;96.41;96.37;96.39;54
USDRUBF;5;20241023;194500;96.38;96.38;96.37;96.38;20
USDRUBF;5;20241023;195000;96.38;96.38;96.36;96.36;151
USDRUBF;5;20241023;195500;96.37;96.37;96.37;96.37;62
USDRUBF;5;20241023;200000;96.37;96.37;96.36;96.36;86
USDRUBF;5;20241023;200500;96.36;96.36;96.36;96.36;1
USDRUBF;5;20241023;201000;96.35;96.35;96.34;96.35;25
USDRUBF;5;20241023;201500;96.35;96.35;96.35;96.35;1
USDRUBF;5;20241023;202000;96.35;96.36;96.35;96.36;56
USDRUBF;5;20241023;202500;96.35;96.35;96.33;96.33;24
USDRUBF;5;20241023;203000;96.33;96.33;96.3;96.3;137
USDRUBF;5;20241023;203500;96.3;96.31;96.28;96.31;199
USDRUBF;5;20241023;204000;96.31;96.32;96.29;96.31;16
USDRUBF;5;20241023;204500;96.32;96.32;96.31;96.31;21
USDRUBF;5;20241023;205000;96.31;96.32;96.31;96.31;25
USDRUBF;5;20241023;205500;96.32;96.32;96.31;96.32;48
USDRUBF;5;20241023;210000;96.31;96.32;96.3;96.3;13
USDRUBF;5;20241023;210500;96.3;96.3;96.3;96.3;1
USDRUBF;5;20241023;211000;96.3;96.3;96.3;96.3;1
USDRUBF;5;20241023;211500;96.31;96.31;96.31;96.31;3
USDRUBF;5;20241023;212000;96.3;96.3;96.3;96.3;5
USDRUBF;5;20241023;213000;96.31;96.31;96.31;96.31;10
USDRUBF;5;20241023;213500;96.3;96.31;96.28;96.31;109
USDRUBF;5;20241023;214000;96.31;96.31;96.31;96.31;4
USDRUBF;5;20241023;214500;96.31;96.31;96.28;96.28;33
USDRUBF;5;20241023;215000;96.28;96.28;96.27;96.27;9
USDRUBF;5;20241023;220000;96.28;96.28;96.27;96.27;4
USDRUBF;5;20241023;220500;96.27;96.27;96.27;96.27;1
USDRUBF;5;20241023;221000;96.27;96.27;96.27;96.27;4
USDRUBF;5;20241023;221500;96.29;96.29;96.27;96.27;18
USDRUBF;5;20241023;222000;96.29;96.29;96.29;96.29;1
USDRUBF;5;20241023;222500;96.29;96.29;96.28;96.29;17
USDRUBF;5;20241023;223000;96.28;96.29;96.28;96.29;28
USDRUBF;5;20241023;223500;96.29;96.29;96.28;96.28;51
USDRUBF;5;20241023;224000;96.27;96.27;96.26;96.26;26
USDRUBF;5;20241023;224500;96.26;96.26;96.26;96.26;7
USDRUBF;5;20241023;225000;96.26;96.27;96.26;96.26;7
USDRUBF;5;20241023;225500;96.26;96.26;96.25;96.26;30
USDRUBF;5;20241023;230500;96.25;96.26;96.25;96.26;4
USDRUBF;5;20241023;231000;96.25;96.25;96.25;96.25;4
USDRUBF;5;20241023;232000;96.26;96.26;96.25;96.25;11
USDRUBF;5;20241023;233000;96.26;96.26;96.26;96.26;44
USDRUBF;5;20241023;233500;96.26;96.26;96.22;96.22;259
USDRUBF;5;20241023;234000;96.22;96.25;96.22;96.24;80
USDRUBF;5;20241023;234500;96.25;96.25;96.24;96.25;343
USDRUBF;5;20241024;100000;96.33;96.38;96.25;96.27;781
USDRUBF;5;20241024;100500;96.27;96.35;96.26;96.35;244
USDRUBF;5;20241024;101000;96.36;96.41;96.35;96.35;172
USDRUBF;5;20241024;101500;96.35;96.44;96.35;96.44;644
USDRUBF;5;20241024;102000;96.43;96.49;96.37;96.37;616
USDRUBF;5;20241024;102500;96.39;96.46;96.39;96.41;622
USDRUBF;5;20241024;103000;96.41;96.43;96.36;96.36;809
USDRUBF;5;20241024;103500;96.38;96.41;96.37;96.39;195
USDRUBF;5;20241024;104000;96.4;96.47;96.4;96.41;490
USDRUBF;5;20241024;104500;96.41;96.46;96.39;96.46;342
USDRUBF;5;20241024;105000;96.46;96.48;96.42;96.46;573
USDRUBF;5;20241024;105500;96.47;96.48;96.43;96.48;244
USDRUBF;5;20241024;110000;96.47;96.51;96.36;96.47;848
USDRUBF;5;20241024;110500;96.46;96.48;96.4;96.4;176
USDRUBF;5;20241024;111000;96.41;96.43;96.35;96.4;470
USDRUBF;5;20241024;111500;96.37;96.42;96.35;96.42;87
USDRUBF;5;20241024;112000;96.43;96.44;96.41;96.42;87
USDRUBF;5;20241024;112500;96.43;96.45;96.4;96.45;200
USDRUBF;5;20241024;113000;96.46;96.47;96.44;96.45;294
USDRUBF;5;20241024;113500;96.45;96.46;96.43;96.45;179
USDRUBF;5;20241024;114000;96.46;96.46;96.44;96.44;40
USDRUBF;5;20241024;114500;96.45;96.45;96.43;96.44;50
USDRUBF;5;20241024;115000;96.45;96.45;96.44;96.45;64
USDRUBF;5;20241024;115500;96.44;96.5;96.44;96.5;331
USDRUBF;5;20241024;120000;96.5;96.51;96.48;96.51;664
USDRUBF;5;20241024;120500;96.52;96.53;96.48;96.51;751
USDRUBF;5;20241024;121000;96.51;96.55;96.51;96.54;208
USDRUBF;5;20241024;121500;96.55;96.57;96.52;96.52;144
USDRUBF;5;20241024;122000;96.53;96.54;96.51;96.54;184
USDRUBF;5;20241024;122500;96.54;96.54;96.47;96.48;325
USDRUBF;5;20241024;123000;96.48;96.5;96.46;96.46;211
USDRUBF;5;20241024;123500;96.46;96.49;96.45;96.47;86
USDRUBF;5;20241024;124000;96.46;96.48;96.45;96.48;62
USDRUBF;5;20241024;124500;96.48;96.49;96.46;96.48;109
USDRUBF;5;20241024;125000;96.46;96.46;96.46;96.46;1
USDRUBF;5;20241024;125500;96.49;96.49;96.46;96.49;51
USDRUBF;5;20241024;130000;96.47;96.47;96.47;96.47;4
USDRUBF;5;20241024;130500;96.48;96.48;96.48;96.48;6
USDRUBF;5;20241024;131000;96.47;96.47;96.45;96.47;135
USDRUBF;5;20241024;131500;96.47;96.49;96.47;96.49;31
USDRUBF;5;20241024;132000;96.49;96.5;96.46;96.46;42
USDRUBF;5;20241024;132500;96.46;96.46;96.45;96.46;73
USDRUBF;5;20241024;133000;96.47;96.53;96.47;96.49;229
USDRUBF;5;20241024;133500;96.51;96.53;96.46;96.46;80
USDRUBF;5;20241024;134000;96.49;96.51;96.48;96.51;23
USDRUBF;5;20241024;134500;96.51;96.55;96.5;96.53;79
USDRUBF;5;20241024;135000;96.55;96.61;96.54;96.6;276
USDRUBF;5;20241024;135500;96.58;96.62;96.58;96.59;134
USDRUBF;5;20241024;140500;96.62;96.62;96.58;96.58;1345
USDRUBF;5;20241024;141000;96.59;96.59;96.53;96.54;231
USDRUBF;5;20241024;141500;96.54;96.57;96.53;96.56;169
USDRUBF;5;20241024;142000;96.56;96.58;96.56;96.58;49
USDRUBF;5;20241024;142500;96.57;96.58;96.5;96.56;273
USDRUBF;5;20241024;143000;96.54;96.56;96.52;96.52;102
USDRUBF;5;20241024;143500;96.52;96.53;96.49;96.52;99
USDRUBF;5;20241024;144000;96.53;96.54;96.5;96.53;43
USDRUBF;5;20241024;144500;96.55;96.56;96.54;96.56;108
USDRUBF;5;20241024;145000;96.56;96.58;96.56;96.56;103
USDRUBF;5;20241024;145500;96.58;96.58;96.57;96.57;14
USDRUBF;5;20241024;150000;96.57;96.58;96.57;96.57;23
USDRUBF;5;20241024;150500;96.57;96.59;96.55;96.58;77
USDRUBF;5;20241024;151000;96.56;96.59;96.53;96.59;267
USDRUBF;5;20241024;151500;96.59;96.61;96.58;96.6;154
USDRUBF;5;20241024;152000;96.61;96.62;96.61;96.61;57
USDRUBF;5;20241024;152500;96.6;96.6;96.58;96.58;31
USDRUBF;5;20241024;153000;96.61;96.61;96.58;96.6;51
USDRUBF;5;20241024;153500;96.58;96.6;96.58;96.6;30
USDRUBF;5;20241024;154000;96.6;96.6;96.58;96.6;11
USDRUBF;5;20241024;154500;96.59;96.62;96.59;96.62;1154
USDRUBF;5;20241024;155000;96.6;96.68;96.59;96.66;659
USDRUBF;5;20241024;155500;96.64;96.65;96.64;96.65;24
USDRUBF;5;20241024;160000;96.66;96.67;96.65;96.66;118
USDRUBF;5;20241024;160500;96.66;96.67;96.66;96.67;47
USDRUBF;5;20241024;161000;96.67;96.67;96.64;96.64;285
USDRUBF;5;20241024;161500;96.65;96.68;96.65;96.67;119
USDRUBF;5;20241024;162000;96.67;96.67;96.63;96.63;136
USDRUBF;5;20241024;162500;96.62;96.63;96.57;96.57;287
USDRUBF;5;20241024;163000;96.58;96.61;96.58;96.61;119
USDRUBF;5;20241024;163500;96.61;96.61;96.57;96.61;111
USDRUBF;5;20241024;164000;96.61;96.61;96.6;96.61;137
USDRUBF;5;20241024;164500;96.61;96.61;96.61;96.61;40
USDRUBF;5;20241024;165000;96.6;96.62;96.52;96.52;1118
USDRUBF;5;20241024;165500;96.55;96.57;96.55;96.55;419
USDRUBF;5;20241024;170000;96.55;96.55;96.55;96.55;112
USDRUBF;5;20241024;170500;96.56;96.57;96.55;96.57;43
USDRUBF;5;20241024;171000;96.57;96.6;96.57;96.6;172
USDRUBF;5;20241024;171500;96.6;96.61;96.59;96.61;80
USDRUBF;5;20241024;172000;96.62;96.62;96.6;96.6;9
USDRUBF;5;20241024;172500;96.6;96.61;96.59;96.61;28
USDRUBF;5;20241024;173000;96.61;96.63;96.6;96.62;229
USDRUBF;5;20241024;173500;96.62;96.69;96.62;96.65;470
USDRUBF;5;20241024;174000;96.65;96.69;96.64;96.67;93
USDRUBF;5;20241024;174500;96.7;96.75;96.68;96.75;621
USDRUBF;5;20241024;175000;96.75;96.84;96.75;96.81;669
USDRUBF;5;20241024;175500;96.81;96.85;96.79;96.81;445
USDRUBF;5;20241024;180000;96.82;96.89;96.81;96.84;707
USDRUBF;5;20241024;180500;96.84;96.89;96.82;96.89;800
USDRUBF;5;20241024;181000;96.87;96.96;96.87;96.91;589
USDRUBF;5;20241024;181500;96.9;96.91;96.84;96.87;1091
USDRUBF;5;20241024;182000;96.87;96.87;96.81;96.85;430
USDRUBF;5;20241024;182500;96.81;96.83;96.81;96.83;325
USDRUBF;5;20241024;183000;96.84;96.86;96.8;96.82;411
USDRUBF;5;20241024;183500;96.82;96.84;96.8;96.81;171
USDRUBF;5;20241024;184000;96.81;96.82;96.8;96.82;82
USDRUBF;5;20241024;184500;96.8;96.85;96.78;96.84;329
USDRUBF;5;20241024;190500;96.81;96.84;96.77;96.84;290
USDRUBF;5;20241024;191000;96.84;96.89;96.82;96.82;118
USDRUBF;5;20241024;191500;96.82;96.85;96.82;96.83;116
USDRUBF;5;20241024;192000;96.83;96.83;96.81;96.81;80
USDRUBF;5;20241024;192500;96.81;96.81;96.76;96.76;188
USDRUBF;5;20241024;193000;96.75;96.76;96.73;96.74;79
USDRUBF;5;20241024;193500;96.74;96.77;96.72;96.76;61
USDRUBF;5;20241024;194000;96.74;96.75;96.72;96.74;15
USDRUBF;5;20241024;194500;96.74;96.76;96.74;96.76;67
USDRUBF;5;20241024;195000;96.77;96.79;96.77;96.79;60
USDRUBF;5;20241024;195500;96.79;96.8;96.76;96.79;41
USDRUBF;5;20241024;200000;96.78;96.78;96.77;96.77;15
USDRUBF;5;20241024;200500;96.78;96.78;96.78;96.78;4
USDRUBF;5;20241024;201000;96.77;96.78;96.77;96.78;3
USDRUBF;5;20241024;201500;96.78;96.78;96.76;96.76;3
USDRUBF;5;20241024;202000;96.78;96.78;96.77;96.77;19
USDRUBF;5;20241024;202500;96.79;96.81;96.79;96.81;127
USDRUBF;5;20241024;203000;96.81;96.83;96.81;96.82;212
USDRUBF;5;20241024;203500;96.83;96.83;96.82;96.83;9
USDRUBF;5;20241024;204000;96.82;96.83;96.82;96.83;19
USDRUBF;5;20241024;204500;96.82;96.82;96.82;96.82;2
USDRUBF;5;20241024;205000;96.83;96.83;96.83;96.83;1
USDRUBF;5;20241024;205500;96.81;96.81;96.81;96.81;9
USDRUBF;5;20241024;210000;96.8;96.82;96.79;96.79;12
USDRUBF;5;20241024;210500;96.79;96.79;96.79;96.79;1
USDRUBF;5;20241024;211000;96.79;96.79;96.77;96.79;23
USDRUBF;5;20241024;211500;96.78;96.8;96.78;96.79;76
USDRUBF;5;20241024;212000;96.79;96.79;96.79;96.79;13
USDRUBF;5;20241024;212500;96.79;96.8;96.79;96.79;88
USDRUBF;5;20241024;213000;96.79;96.79;96.78;96.79;13
USDRUBF;5;20241024;213500;96.79;96.79;96.79;96.79;9
USDRUBF;5;20241024;214000;96.78;96.79;96.78;96.79;30
USDRUBF;5;20241024;214500;96.8;96.8;96.8;96.8;1
USDRUBF;5;20241024;215000;96.8;96.8;96.79;96.79;16
USDRUBF;5;20241024;215500;96.78;96.79;96.78;96.79;34
USDRUBF;5;20241024;220000;96.78;96.79;96.78;96.79;3
USDRUBF;5;20241024;220500;96.79;96.79;96.79;96.79;1
USDRUBF;5;20241024;221000;96.78;96.78;96.78;96.78;14
USDRUBF;5;20241024;221500;96.78;96.79;96.78;96.79;124
USDRUBF;5;20241024;222000;96.79;96.79;96.76;96.77;107
USDRUBF;5;20241024;222500;96.78;96.78;96.76;96.76;19
USDRUBF;5;20241024;223000;96.76;96.76;96.76;96.76;38
USDRUBF;5;20241024;223500;96.76;96.78;96.76;96.76;35
USDRUBF;5;20241024;224500;96.78;96.79;96.77;96.79;42
USDRUBF;5;20241024;225500;96.78;96.79;96.77;96.77;52
USDRUBF;5;20241024;230000;96.78;96.78;96.78;96.78;10
USDRUBF;5;20241024;230500;96.79;96.79;96.79;96.79;2
USDRUBF;5;20241024;231000;96.79;96.79;96.79;96.79;2
USDRUBF;5;20241024;231500;96.79;96.79;96.78;96.79;8
USDRUBF;5;20241024;232000;96.78;96.78;96.77;96.78;13
USDRUBF;5;20241024;232500;96.78;96.78;96.78;96.78;2
USDRUBF;5;20241024;233000;96.78;96.78;96.78;96.78;1
USDRUBF;5;20241024;233500;96.78;96.79;96.78;96.79;25
USDRUBF;5;20241024;234000;96.78;96.79;96.78;96.78;19
USDRUBF;5;20241024;234500;96.77;96.79;96.77;96.79;58
USDRUBF;5;20241025;100000;96.79;96.8;96.64;96.67;815
USDRUBF;5;20241025;100500;96.67;96.7;96.62;96.63;670
USDRUBF;5;20241025;101000;96.63;96.64;96.54;96.56;1403
USDRUBF;5;20241025;101500;96.54;96.6;96.41;96.56;1518
USDRUBF;5;20241025;102000;96.55;96.58;96.54;96.55;37
USDRUBF;5;20241025;102500;96.57;96.63;96.54;96.54;796
USDRUBF;5;20241025;103000;96.57;96.57;96.46;96.46;277
USDRUBF;5;20241025;103500;96.44;96.47;96.43;96.46;137
USDRUBF;5;20241025;104000;96.45;96.47;96.41;96.45;1459
USDRUBF;5;20241025;104500;96.44;96.48;96.35;96.46;824
USDRUBF;5;20241025;105000;96.46;96.56;96.44;96.51;901
USDRUBF;5;20241025;105500;96.51;96.59;96.51;96.56;396
USDRUBF;5;20241025;110000;96.55;96.56;96.52;96.55;601
USDRUBF;5;20241025;110500;96.57;96.58;96.55;96.55;243
USDRUBF;5;20241025;111000;96.56;96.56;96.53;96.54;180
USDRUBF;5;20241025;111500;96.56;96.57;96.54;96.54;211
USDRUBF;5;20241025;112000;96.53;96.55;96.52;96.54;145
USDRUBF;5;20241025;112500;96.56;96.59;96.56;96.56;112
USDRUBF;5;20241025;113000;96.57;96.65;96.55;96.64;471
USDRUBF;5;20241025;113500;96.64;96.64;96.61;96.63;335
USDRUBF;5;20241025;114000;96.62;96.67;96.62;96.65;221
USDRUBF;5;20241025;114500;96.65;96.69;96.62;96.68;512
USDRUBF;5;20241025;115000;96.68;96.7;96.62;96.62;199
USDRUBF;5;20241025;115500;96.62;96.62;96.56;96.56;335
USDRUBF;5;20241025;120000;96.58;96.58;96.54;96.56;207
USDRUBF;5;20241025;120500;96.57;96.57;96.53;96.54;116
USDRUBF;5;20241025;121000;96.54;96.58;96.48;96.48;743
USDRUBF;5;20241025;121500;96.49;96.51;96.45;96.5;716
USDRUBF;5;20241025;122000;96.48;96.55;96.45;96.55;417
USDRUBF;5;20241025;122500;96.55;96.58;96.5;96.58;310
USDRUBF;5;20241025;123000;96.55;96.58;96.53;96.55;81
USDRUBF;5;20241025;123500;96.55;96.57;96.55;96.57;17
USDRUBF;5;20241025;124000;96.55;96.58;96.55;96.55;487
USDRUBF;5;20241025;124500;96.55;96.57;96.53;96.56;132
USDRUBF;5;20241025;125000;96.57;96.58;96.56;96.56;74
USDRUBF;5;20241025;125500;96.57;96.6;96.57;96.6;157
USDRUBF;5;20241025;130000;96.6;96.63;96.58;96.63;211
USDRUBF;5;20241025;130500;96.63;96.65;96.61;96.64;278
USDRUBF;5;20241025;131000;96.61;96.63;96.58;96.58;109
USDRUBF;5;20241025;131500;96.61;96.63;96.59;96.63;86
USDRUBF;5;20241025;132000;96.63;96.64;96.61;96.64;165
USDRUBF;5;20241025;132500;96.64;96.7;96.63;96.65;629
USDRUBF;5;20241025;133000;96.64;96.64;96.55;96.64;290
USDRUBF;5;20241025;133500;96.63;96.67;96.59;96.66;547
USDRUBF;5;20241025;134000;96.66;96.83;96.66;96.71;2540
USDRUBF;5;20241025;134500;96.71;96.76;96.61;96.63;2136
USDRUBF;5;20241025;135000;96.65;96.7;96.63;96.69;510
USDRUBF;5;20241025;135500;96.68;96.7;96.58;96.68;662
USDRUBF;5;20241025;140500;96.68;96.77;96.62;96.73;688
USDRUBF;5;20241025;141000;96.74;96.81;96.71;96.8;1409
USDRUBF;5;20241025;141500;96.79;96.86;96.74;96.74;937
USDRUBF;5;20241025;142000;96.73;96.8;96.72;96.78;773
USDRUBF;5;20241025;142500;96.78;96.84;96.74;96.83;773
USDRUBF;5;20241025;143000;96.83;96.86;96.83;96.86;719
USDRUBF;5;20241025;143500;96.86;96.93;96.77;96.83;1202
USDRUBF;5;20241025;144000;96.83;96.84;96.78;96.78;598
USDRUBF;5;20241025;144500;96.79;96.83;96.78;96.8;365
USDRUBF;5;20241025;145000;96.81;96.83;96.81;96.82;260
USDRUBF;5;20241025;145500;96.83;96.85;96.71;96.74;339
USDRUBF;5;20241025;150000;96.72;96.75;96.65;96.67;761
USDRUBF;5;20241025;150500;96.68;96.69;96.65;96.68;837
USDRUBF;5;20241025;151000;96.69;96.69;96.67;96.68;60
USDRUBF;5;20241025;151500;96.68;96.74;96.68;96.68;125
USDRUBF;5;20241025;152000;96.69;96.71;96.69;96.71;263
USDRUBF;5;20241025;152500;96.72;96.76;96.64;96.66;688
USDRUBF;5;20241025;153000;96.66;96.77;96.66;96.68;649
USDRUBF;5;20241025;153500;96.68;96.68;96.61;96.66;151
USDRUBF;5;20241025;154000;96.66;96.68;96.64;96.64;1923
USDRUBF;5;20241025;154500;96.66;96.73;96.66;96.71;1138
USDRUBF;5;20241025;155000;96.72;96.76;96.69;96.7;864
USDRUBF;5;20241025;155500;96.69;96.74;96.69;96.74;99
USDRUBF;5;20241025;160000;96.72;96.79;96.7;96.77;129
USDRUBF;5;20241025;160500;96.77;96.82;96.73;96.73;222
USDRUBF;5;20241025;161000;96.74;96.82;96.7;96.72;491
USDRUBF;5;20241025;161500;96.72;96.74;96.7;96.7;938
USDRUBF;5;20241025;162000;96.73;96.77;96.73;96.75;137
USDRUBF;5;20241025;162500;96.75;96.76;96.71;96.71;173
USDRUBF;5;20241025;163000;96.72;96.76;96.71;96.75;382
USDRUBF;5;20241025;163500;96.77;96.82;96.77;96.8;403
USDRUBF;5;20241025;164000;96.8;96.83;96.77;96.81;908
USDRUBF;5;20241025;164500;96.8;96.8;96.7;96.7;105
USDRUBF;5;20241025;165000;96.7;96.73;96.68;96.73;90
USDRUBF;5;20241025;165500;96.73;96.83;96.73;96.8;157
USDRUBF;5;20241025;170000;96.79;96.79;96.73;96.73;160
USDRUBF;5;20241025;170500;96.76;96.79;96.71;96.71;208
USDRUBF;5;20241025;171000;96.71;96.76;96.69;96.72;85
USDRUBF;5;20241025;171500;96.7;96.7;96.58;96.61;604
USDRUBF;5;20241025;172000;96.6;96.64;96.58;96.62;73
USDRUBF;5;20241025;172500;96.63;96.71;96.63;96.68;150
USDRUBF;5;20241025;173000;96.71;96.73;96.67;96.71;207
USDRUBF;5;20241025;173500;96.71;96.71;96.66;96.66;142
USDRUBF;5;20241025;174000;96.65;96.65;96.58;96.58;169
USDRUBF;5;20241025;174500;96.58;96.7;96.54;96.7;674
USDRUBF;5;20241025;175000;96.67;96.72;96.67;96.67;475
USDRUBF;5;20241025;175500;96.67;96.69;96.61;96.62;538
USDRUBF;5;20241025;180000;96.61;96.67;96.57;96.61;979
USDRUBF;5;20241025;180500;96.62;96.67;96.55;96.58;1448
USDRUBF;5;20241025;181000;96.58;96.58;96.47;96.53;863
USDRUBF;5;20241025;181500;96.53;96.65;96.51;96.6;749
USDRUBF;5;20241025;182000;96.6;96.65;96.56;96.63;406
USDRUBF;5;20241025;182500;96.63;96.75;96.62;96.74;764
USDRUBF;5;20241025;183000;96.75;96.81;96.65;96.65;967
USDRUBF;5;20241025;183500;96.67;96.7;96.66;96.7;88
USDRUBF;5;20241025;184000;96.69;96.7;96.67;96.67;93
USDRUBF;5;20241025;184500;96.67;96.67;96.63;96.65;187
USDRUBF;5;20241025;190500;96.61;96.69;96.57;96.65;157
USDRUBF;5;20241025;191000;96.66;96.66;96.65;96.66;26
USDRUBF;5;20241025;191500;96.66;96.67;96.63;96.64;154
USDRUBF;5;20241025;192000;96.64;96.66;96.63;96.66;77
USDRUBF;5;20241025;192500;96.65;96.67;96.64;96.64;90
USDRUBF;5;20241025;193000;96.65;96.67;96.65;96.67;13
USDRUBF;5;20241025;193500;96.66;96.66;96.65;96.65;13
USDRUBF;5;20241025;194000;96.67;96.67;96.66;96.66;28
USDRUBF;5;20241025;194500;96.67;96.69;96.67;96.69;35
USDRUBF;5;20241025;195000;96.7;96.72;96.7;96.72;17
USDRUBF;5;20241025;195500;96.74;96.75;96.74;96.75;3
USDRUBF;5;20241025;200000;96.73;96.74;96.71;96.72;23
USDRUBF;5;20241025;200500;96.72;96.73;96.7;96.7;6
USDRUBF;5;20241025;201500;96.7;96.72;96.7;96.72;8
USDRUBF;5;20241025;202000;96.72;96.72;96.72;96.72;5
USDRUBF;5;20241025;202500;96.71;96.72;96.7;96.72;7
USDRUBF;5;20241025;203500;96.71;96.73;96.71;96.73;6
USDRUBF;5;20241025;204000;96.74;96.74;96.72;96.74;6
USDRUBF;5;20241025;204500;96.71;96.71;96.71;96.71;8
USDRUBF;5;20241025;205000;96.71;96.73;96.7;96.73;22
USDRUBF;5;20241025;205500;96.72;96.74;96.72;96.74;21
USDRUBF;5;20241025;210000;96.74;96.77;96.74;96.77;17
USDRUBF;5;20241025;210500;96.76;96.76;96.76;96.76;2
USDRUBF;5;20241025;211500;96.77;96.79;96.77;96.77;6
USDRUBF;5;20241025;212000;96.79;96.79;96.78;96.78;2
USDRUBF;5;20241025;212500;96.79;96.79;96.78;96.78;14
USDRUBF;5;20241025;213000;96.78;96.84;96.78;96.84;82
USDRUBF;5;20241025;213500;96.83;96.83;96.83;96.83;20
USDRUBF;5;20241025;214000;96.81;96.81;96.8;96.8;3
USDRUBF;5;20241025;214500;96.8;96.81;96.8;96.81;6
USDRUBF;5;20241025;215000;96.79;96.79;96.79;96.79;4
USDRUBF;5;20241025;215500;96.78;96.78;96.77;96.78;7
USDRUBF;5;20241025;220000;96.77;96.79;96.77;96.78;13
USDRUBF;5;20241025;220500;96.78;96.79;96.76;96.76;8
USDRUBF;5;20241025;221000;96.78;96.79;96.78;96.79;18
USDRUBF;5;20241025;222000;96.79;96.79;96.79;96.79;5
USDRUBF;5;20241025;222500;96.8;96.8;96.78;96.78;7
USDRUBF;5;20241025;223000;96.79;96.8;96.76;96.76;43
USDRUBF;5;20241025;224500;96.77;96.77;96.77;96.77;4
USDRUBF;5;20241025;225000;96.77;96.77;96.76;96.76;17
USDRUBF;5;20241025;225500;96.76;96.77;96.76;96.77;16
USDRUBF;5;20241025;230000;96.78;96.78;96.77;96.77;6
USDRUBF;5;20241025;231500;96.78;96.78;96.78;96.78;10
USDRUBF;5;20241025;232000;96.78;96.78;96.77;96.77;19
USDRUBF;5;20241025;232500;96.77;96.77;96.75;96.75;6
USDRUBF;5;20241025;233000;96.74;96.77;96.74;96.77;24
USDRUBF;5;20241025;233500;96.76;96.76;96.76;96.76;5
USDRUBF;5;20241025;234000;96.75;96.77;96.75;96.76;17
USDRUBF;5;20241025;234500;96.75;96.76;96.72;96.73;34
USDRUBF;5;20241028;100000;96.75;97.15;96.73;97.11;1549
USDRUBF;5;20241028;100500;97.11;97.2;97.01;97.11;475
USDRUBF;5;20241028;101000;97.13;97.26;97.05;97.23;984
USDRUBF;5;20241028;101500;97.23;97.35;97.23;97.3;997
USDRUBF;5;20241028;102000;97.29;97.32;97.25;97.27;589
USDRUBF;5;20241028;102500;97.28;97.35;97.18;97.29;1627
USDRUBF;5;20241028;103000;97.28;97.37;97.23;97.26;1589
USDRUBF;5;20241028;103500;97.26;97.27;97.17;97.27;2270
USDRUBF;5;20241028;104000;97.28;97.34;97.22;97.32;695
USDRUBF;5;20241028;104500;97.34;97.46;97.32;97.43;1465
USDRUBF;5;20241028;105000;97.45;97.46;97.37;97.37;1148
USDRUBF;5;20241028;105500;97.38;97.42;97.3;97.36;1335
USDRUBF;5;20241028;110000;97.39;97.42;97.35;97.4;1111
USDRUBF;5;20241028;110500;97.4;97.46;97.4;97.41;1501
USDRUBF;5;20241028;111000;97.43;97.44;97.38;97.43;1947
USDRUBF;5;20241028;111500;97.4;97.45;97.39;97.43;1026
USDRUBF;5;20241028;112000;97.43;97.45;97.38;97.42;1386
USDRUBF;5;20241028;112500;97.41;97.43;97.41;97.42;351
USDRUBF;5;20241028;113000;97.42;97.43;97.35;97.36;1418
USDRUBF;5;20241028;113500;97.36;97.38;97.34;97.35;255
USDRUBF;5;20241028;114000;97.34;97.51;97.33;97.5;1259
USDRUBF;5;20241028;114500;97.5;97.55;97.46;97.46;1387
USDRUBF;5;20241028;115000;97.47;97.49;97.41;97.41;460
USDRUBF;5;20241028;115500;97.41;97.43;97.36;97.36;611
USDRUBF;5;20241028;120000;97.35;97.4;97.34;97.4;804
USDRUBF;5;20241028;120500;97.39;97.46;97.36;97.45;1290
USDRUBF;5;20241028;121000;97.46;97.48;97.43;97.43;523
USDRUBF;5;20241028;121500;97.42;97.5;97.41;97.49;793
USDRUBF;5;20241028;122000;97.5;97.54;97.48;97.5;230
USDRUBF;5;20241028;122500;97.5;97.55;97.49;97.52;743
USDRUBF;5;20241028;123000;97.53;97.56;97.52;97.52;497
USDRUBF;5;20241028;123500;97.54;97.55;97.52;97.52;329
USDRUBF;5;20241028;124000;97.53;97.53;97.45;97.47;791
USDRUBF;5;20241028;124500;97.46;97.48;97.43;97.46;126
USDRUBF;5;20241028;125000;97.46;97.47;97.4;97.4;248
USDRUBF;5;20241028;125500;97.4;97.45;97.4;97.42;206
USDRUBF;5;20241028;130000;97.41;97.44;97.4;97.41;301
USDRUBF;5;20241028;130500;97.43;97.43;97.35;97.41;284
USDRUBF;5;20241028;131000;97.41;97.5;97.41;97.46;340
USDRUBF;5;20241028;131500;97.48;97.52;97.48;97.48;493
USDRUBF;5;20241028;132000;97.51;97.52;97.43;97.43;80
USDRUBF;5;20241028;132500;97.43;97.47;97.43;97.46;44
USDRUBF;5;20241028;133000;97.45;97.5;97.45;97.48;373
USDRUBF;5;20241028;133500;97.49;97.52;97.48;97.5;445
USDRUBF;5;20241028;134000;97.49;97.5;97.46;97.5;783
USDRUBF;5;20241028;134500;97.5;97.5;97.49;97.5;150
USDRUBF;5;20241028;135000;97.49;97.5;97.49;97.49;225
USDRUBF;5;20241028;135500;97.49;97.51;97.49;97.5;858
USDRUBF;5;20241028;140500;97.49;97.54;97.49;97.53;225
USDRUBF;5;20241028;141000;97.53;97.57;97.52;97.56;989
USDRUBF;5;20241028;141500;97.55;97.56;97.51;97.55;798
USDRUBF;5;20241028;142000;97.54;97.56;97.53;97.56;577
USDRUBF;5;20241028;142500;97.56;97.56;97.53;97.55;740
USDRUBF;5;20241028;143000;97.55;97.57;97.53;97.56;662
USDRUBF;5;20241028;143500;97.57;97.57;97.54;97.56;330
USDRUBF;5;20241028;144000;97.56;97.61;97.55;97.6;1464
USDRUBF;5;20241028;144500;97.61;97.61;97.56;97.58;528
USDRUBF;5;20241028;145000;97.58;97.6;97.56;97.59;672
USDRUBF;5;20241028;145500;97.58;97.59;97.53;97.54;510
USDRUBF;5;20241028;150000;97.54;97.57;97.49;97.51;1681
USDRUBF;5;20241028;150500;97.51;97.52;97.49;97.5;160
USDRUBF;5;20241028;151000;97.49;97.5;97.47;97.48;480
USDRUBF;5;20241028;151500;97.49;97.5;97.46;97.46;1446
USDRUBF;5;20241028;152000;97.48;97.49;97.42;97.44;1004
USDRUBF;5;20241028;152500;97.44;97.46;97.41;97.41;1065
USDRUBF;5;20241028;153000;97.41;97.48;97.41;97.45;1023
USDRUBF;5;20241028;153500;97.45;97.48;97.44;97.45;855
USDRUBF;5;20241028;154000;97.45;97.46;97.41;97.42;445
USDRUBF;5;20241028;154500;97.46;97.46;97.4;97.42;364
USDRUBF;5;20241028;155000;97.42;97.49;97.4;97.49;532
USDRUBF;5;20241028;155500;97.49;97.5;97.47;97.47;131
USDRUBF;5;20241028;160000;97.48;97.52;97.48;97.5;527
USDRUBF;5;20241028;160500;97.5;97.51;97.33;97.36;977
USDRUBF;5;20241028;161000;97.33;97.43;97.33;97.38;384
USDRUBF;5;20241028;161500;97.41;97.41;97.33;97.37;511
USDRUBF;5;20241028;162000;97.36;97.38;97.33;97.33;358
USDRUBF;5;20241028;162500;97.34;97.36;97.3;97.35;436
USDRUBF;5;20241028;163000;97.35;97.36;97.3;97.35;493
USDRUBF;5;20241028;163500;97.34;97.36;97.33;97.33;545
USDRUBF;5;20241028;164000;97.32;97.33;97.29;97.29;814
USDRUBF;5;20241028;164500;97.28;97.33;97.25;97.33;580
USDRUBF;5;20241028;165000;97.31;97.35;97.3;97.3;216
USDRUBF;5;20241028;165500;97.3;97.32;97.29;97.3;195
USDRUBF;5;20241028;170000;97.33;97.39;97.31;97.39;366
USDRUBF;5;20241028;170500;97.39;97.49;97.39;97.42;1051
USDRUBF;5;20241028;171000;97.45;97.46;97.38;97.38;585
USDRUBF;5;20241028;171500;97.37;97.37;97.31;97.32;1108
USDRUBF;5;20241028;172000;97.33;97.33;97.18;97.24;1498
USDRUBF;5;20241028;172500;97.24;97.27;97.11;97.15;1535
USDRUBF;5;20241028;173000;97.14;97.17;97.13;97.15;452
USDRUBF;5;20241028;173500;97.17;97.24;97.17;97.21;603
USDRUBF;5;20241028;174000;97.21;97.25;97.17;97.17;707
USDRUBF;5;20241028;174500;97.21;97.21;97.13;97.15;361
USDRUBF;5;20241028;175000;97.13;97.15;97.11;97.11;505
USDRUBF;5;20241028;175500;97.11;97.19;97.1;97.17;539
USDRUBF;5;20241028;180000;97.17;97.19;97.09;97.1;798
USDRUBF;5;20241028;180500;97.12;97.17;97.07;97.08;1861
USDRUBF;5;20241028;181000;97.11;97.12;97.07;97.09;618
USDRUBF;5;20241028;181500;97.08;97.24;97.08;97.24;570
USDRUBF;5;20241028;182000;97.23;97.33;97.23;97.32;1624
USDRUBF;5;20241028;182500;97.32;97.34;97.24;97.24;542
USDRUBF;5;20241028;183000;97.25;97.38;97.25;97.38;865
USDRUBF;5;20241028;183500;97.37;97.38;97.31;97.32;144
USDRUBF;5;20241028;184000;97.31;97.32;97.29;97.31;191
USDRUBF;5;20241028;184500;97.29;97.32;97.27;97.27;620
USDRUBF;5;20241028;190500;97.43;97.43;97.28;97.28;1058
USDRUBF;5;20241028;191000;97.29;97.4;97.29;97.4;204
USDRUBF;5;20241028;191500;97.39;97.46;97.37;97.46;224
USDRUBF;5;20241028;192000;97.44;97.47;97.41;97.44;257
USDRUBF;5;20241028;192500;97.43;97.5;97.43;97.47;393
USDRUBF;5;20241028;193000;97.48;97.5;97.47;97.48;127
USDRUBF;5;20241028;193500;97.48;97.48;97.42;97.42;94
USDRUBF;5;20241028;194000;97.42;97.43;97.39;97.39;45
USDRUBF;5;20241028;194500;97.39;97.39;97.37;97.38;60
USDRUBF;5;20241028;195000;97.39;97.39;97.38;97.38;30
USDRUBF;5;20241028;195500;97.38;97.39;97.37;97.39;125
USDRUBF;5;20241028;200000;97.39;97.39;97.38;97.39;14
USDRUBF;5;20241028;200500;97.39;97.39;97.38;97.38;13
USDRUBF;5;20241028;201000;97.39;97.4;97.37;97.4;91
USDRUBF;5;20241028;201500;97.4;97.41;97.39;97.41;58
USDRUBF;5;20241028;202000;97.41;97.41;97.4;97.4;40
USDRUBF;5;20241028;202500;97.4;97.41;97.39;97.39;5
USDRUBF;5;20241028;203000;97.39;97.41;97.35;97.37;248
USDRUBF;5;20241028;203500;97.37;97.37;97.34;97.37;18
USDRUBF;5;20241028;204000;97.38;97.38;97.37;97.37;44
USDRUBF;5;20241028;204500;97.38;97.41;97.37;97.41;76
USDRUBF;5;20241028;205000;97.4;97.42;97.39;97.39;104
USDRUBF;5;20241028;205500;97.42;97.42;97.42;97.42;2
USDRUBF;5;20241028;210000;97.42;97.42;97.42;97.42;16
USDRUBF;5;20241028;210500;97.44;97.46;97.44;97.46;84
USDRUBF;5;20241028;211000;97.47;97.49;97.47;97.47;29
USDRUBF;5;20241028;211500;97.49;97.5;97.49;97.5;133
USDRUBF;5;20241028;212000;97.49;97.49;97.48;97.48;62
USDRUBF;5;20241028;212500;97.49;97.49;97.48;97.49;25
USDRUBF;5;20241028;213000;97.5;97.5;97.49;97.49;30
USDRUBF;5;20241028;213500;97.5;97.52;97.49;97.52;75
USDRUBF;5;20241028;214000;97.51;97.52;97.51;97.51;21
USDRUBF;5;20241028;214500;97.51;97.53;97.51;97.52;98
USDRUBF;5;20241028;215000;97.52;97.54;97.51;97.51;52
USDRUBF;5;20241028;215500;97.51;97.55;97.51;97.54;201
USDRUBF;5;20241028;220000;97.55;97.59;97.52;97.57;1215
USDRUBF;5;20241028;220500;97.56;97.63;97.56;97.58;210
USDRUBF;5;20241028;221000;97.58;97.6;97.58;97.6;14
USDRUBF;5;20241028;221500;97.61;97.63;97.6;97.61;73
USDRUBF;5;20241028;222000;97.62;97.64;97.62;97.63;34
USDRUBF;5;20241028;222500;97.63;97.64;97.61;97.61;23
USDRUBF;5;20241028;223000;97.61;97.61;97.6;97.6;5
USDRUBF;5;20241028;223500;97.62;97.63;97.62;97.62;48
USDRUBF;5;20241028;224000;97.63;97.65;97.63;97.64;45
USDRUBF;5;20241028;224500;97.64;97.64;97.6;97.6;38
USDRUBF;5;20241028;225000;97.6;97.6;97.6;97.6;8
USDRUBF;5;20241028;225500;97.6;97.62;97.6;97.62;24
USDRUBF;5;20241028;230000;97.6;97.6;97.6;97.6;26
USDRUBF;5;20241028;230500;97.62;97.62;97.59;97.62;10
USDRUBF;5;20241028;231000;97.61;97.63;97.61;97.63;29
USDRUBF;5;20241028;231500;97.63;97.63;97.62;97.62;66
USDRUBF;5;20241028;232000;97.63;97.65;97.63;97.63;25
USDRUBF;5;20241028;232500;97.65;97.65;97.63;97.63;49
USDRUBF;5;20241028;233000;97.63;97.63;97.62;97.62;5
USDRUBF;5;20241028;233500;97.63;97.63;97.62;97.62;31
USDRUBF;5;20241028;234000;97.62;97.62;97.62;97.62;5
USDRUBF;5;20241028;234500;97.62;97.62;97.61;97.62;140
USDRUBF;5;20241029;100000;97.7;97.76;97.56;97.73;1714
USDRUBF;5;20241029;100500;97.73;97.74;97.49;97.49;6166
USDRUBF;5;20241029;101000;97.49;97.59;97.48;97.57;977
USDRUBF;5;20241029;101500;97.55;97.64;97.4;97.63;1860
USDRUBF;5;20241029;102000;97.64;97.68;97.56;97.59;1088
USDRUBF;5;20241029;102500;97.57;97.6;97.49;97.51;914
USDRUBF;5;20241029;103000;97.47;97.55;97.42;97.53;730
USDRUBF;5;20241029;103500;97.53;97.6;97.5;97.56;763
USDRUBF;5;20241029;104000;97.59;97.59;97.47;97.48;929
USDRUBF;5;20241029;104500;97.49;97.63;97.49;97.62;751
USDRUBF;5;20241029;105000;97.64;97.66;97.56;97.58;388
USDRUBF;5;20241029;105500;97.58;97.58;97.55;97.58;348
USDRUBF;5;20241029;110000;97.56;97.57;97.48;97.55;954
USDRUBF;5;20241029;110500;97.53;97.54;97.5;97.5;217
USDRUBF;5;20241029;111000;97.49;97.5;97.44;97.5;330
USDRUBF;5;20241029;111500;97.52;97.54;97.41;97.54;604
USDRUBF;5;20241029;112000;97.54;97.54;97.52;97.53;86
USDRUBF;5;20241029;112500;97.53;97.55;97.44;97.44;645
USDRUBF;5;20241029;113000;97.46;97.5;97.37;97.45;638
USDRUBF;5;20241029;113500;97.43;97.53;97.4;97.5;463
USDRUBF;5;20241029;114000;97.5;97.69;97.5;97.63;601
USDRUBF;5;20241029;114500;97.63;97.63;97.55;97.61;631
USDRUBF;5;20241029;115000;97.6;97.6;97.48;97.51;313
USDRUBF;5;20241029;115500;97.49;97.53;97.46;97.5;219
USDRUBF;5;20241029;120000;97.48;97.49;97.47;97.49;94
USDRUBF;5;20241029;120500;97.48;97.55;97.47;97.55;621
USDRUBF;5;20241029;121000;97.54;97.56;97.46;97.5;732
USDRUBF;5;20241029;121500;97.47;97.48;97.24;97.44;2314
USDRUBF;5;20241029;122000;97.44;97.53;97.43;97.53;330
USDRUBF;5;20241029;122500;97.53;97.6;97.5;97.54;542
USDRUBF;5;20241029;123000;97.51;97.58;97.49;97.54;410
USDRUBF;5;20241029;123500;97.55;97.55;97.49;97.51;723
USDRUBF;5;20241029;124000;97.51;97.53;97.5;97.53;76
USDRUBF;5;20241029;124500;97.53;97.56;97.5;97.52;879
USDRUBF;5;20241029;125000;97.53;97.53;97.5;97.52;54
USDRUBF;5;20241029;125500;97.52;97.52;97.47;97.49;469
USDRUBF;5;20241029;130000;97.5;97.53;97.47;97.48;633
USDRUBF;5;20241029;130500;97.5;97.51;97.48;97.49;147
USDRUBF;5;20241029;131000;97.49;97.53;97.49;97.52;181
USDRUBF;5;20241029;131500;97.53;97.57;97.52;97.56;405
USDRUBF;5;20241029;132000;97.58;97.62;97.57;97.59;313
USDRUBF;5;20241029;132500;97.57;97.59;97.56;97.56;382
USDRUBF;5;20241029;133000;97.56;97.58;97.54;97.56;355
USDRUBF;5;20241029;133500;97.55;97.6;97.54;97.56;505
USDRUBF;5;20241029;134000;97.56;97.58;97.55;97.55;95
USDRUBF;5;20241029;134500;97.55;97.55;97.49;97.52;1152
USDRUBF;5;20241029;135000;97.53;97.55;97.53;97.55;173
USDRUBF;5;20241029;135500;97.55;97.58;97.55;97.58;364
USDRUBF;5;20241029;140500;97.59;97.59;97.52;97.55;402
USDRUBF;5;20241029;141000;97.56;97.59;97.53;97.59;1289
USDRUBF;5;20241029;141500;97.58;97.6;97.48;97.54;746
USDRUBF;5;20241029;142000;97.53;97.56;97.48;97.5;617
USDRUBF;5;20241029;142500;97.5;97.5;97.41;97.49;461
USDRUBF;5;20241029;143000;97.49;97.49;97.44;97.44;103
USDRUBF;5;20241029;143500;97.44;97.49;97.43;97.43;267
USDRUBF;5;20241029;144000;97.44;97.44;97.33;97.4;351
USDRUBF;5;20241029;144500;97.39;97.42;97.38;97.42;571
USDRUBF;5;20241029;145000;97.42;97.44;97.38;97.42;225
USDRUBF;5;20241029;145500;97.41;97.42;97.37;97.37;139
USDRUBF;5;20241029;150000;97.41;97.41;97.3;97.34;477
USDRUBF;5;20241029;150500;97.29;97.32;97.29;97.29;160
USDRUBF;5;20241029;151000;97.29;97.29;97.24;97.25;726
USDRUBF;5;20241029;151500;97.23;97.24;97.16;97.24;805
USDRUBF;5;20241029;152000;97.22;97.25;97.21;97.25;266
USDRUBF;5;20241029;152500;97.24;97.24;97.21;97.22;205
USDRUBF;5;20241029;153000;97.21;97.22;97.2;97.22;229
USDRUBF;5;20241029;153500;97.22;97.29;97.2;97.29;1030
USDRUBF;5;20241029;154000;97.31;97.32;97.3;97.31;179
USDRUBF;5;20241029;154500;97.31;97.33;97.31;97.33;282
USDRUBF;5;20241029;155000;97.33;97.33;97.31;97.31;15
USDRUBF;5;20241029;155500;97.31;97.31;97.28;97.3;111
USDRUBF;5;20241029;160000;97.3;97.31;97.28;97.28;85
USDRUBF;5;20241029;160500;97.3;97.35;97.3;97.31;513
USDRUBF;5;20241029;161000;97.31;97.31;97.29;97.29;26
USDRUBF;5;20241029;161500;97.29;97.31;97.27;97.3;35
USDRUBF;5;20241029;162000;97.27;97.28;97.25;97.26;98
USDRUBF;5;20241029;162500;97.29;97.31;97.29;97.31;4
USDRUBF;5;20241029;163000;97.33;97.33;97.3;97.33;104
USDRUBF;5;20241029;163500;97.3;97.34;97.3;97.34;62
USDRUBF;5;20241029;164000;97.34;97.34;97.31;97.34;97
USDRUBF;5;20241029;164500;97.31;97.35;97.31;97.35;71
USDRUBF;5;20241029;165000;97.35;97.4;97.3;97.4;968
USDRUBF;5;20241029;165500;97.39;97.41;97.38;97.41;551
USDRUBF;5;20241029;170000;97.38;97.4;97.38;97.38;31
USDRUBF;5;20241029;170500;97.39;97.39;97.38;97.38;73
USDRUBF;5;20241029;171000;97.38;97.42;97.37;97.42;150
USDRUBF;5;20241029;171500;97.43;97.45;97.41;97.43;118
USDRUBF;5;20241029;172000;97.43;97.48;97.42;97.43;173
USDRUBF;5;20241029;172500;97.43;97.44;97.41;97.42;437
USDRUBF;5;20241029;173000;97.42;97.44;97.41;97.42;92
USDRUBF;5;20241029;173500;97.42;97.42;97.33;97.38;2354
USDRUBF;5;20241029;174000;97.38;97.41;97.3;97.32;3049
USDRUBF;5;20241029;174500;97.29;97.32;97.23;97.27;1030
USDRUBF;5;20241029;175000;97.26;97.27;97.23;97.27;301
USDRUBF;5;20241029;175500;97.26;97.36;97.25;97.33;1417
USDRUBF;5;20241029;180000;97.32;97.33;97.26;97.28;424
USDRUBF;5;20241029;180500;97.27;97.32;97.25;97.32;639
USDRUBF;5;20241029;181000;97.32;97.34;97.25;97.3;809
USDRUBF;5;20241029;181500;97.3;97.32;97.26;97.29;620
USDRUBF;5;20241029;182000;97.28;97.28;97.25;97.26;495
USDRUBF;5;20241029;182500;97.27;97.28;97.21;97.26;493
USDRUBF;5;20241029;183000;97.26;97.29;97.26;97.29;178
USDRUBF;5;20241029;183500;97.27;97.28;97.22;97.26;260
USDRUBF;5;20241029;184000;97.27;97.27;97.22;97.23;452
USDRUBF;5;20241029;184500;97.23;97.25;97.16;97.17;635
USDRUBF;5;20241029;190500;97.18;97.33;97.18;97.3;334
USDRUBF;5;20241029;191000;97.31;97.33;97.3;97.32;99
USDRUBF;5;20241029;191500;97.32;97.33;97.3;97.32;53
USDRUBF;5;20241029;192000;97.33;97.34;97.31;97.34;27
USDRUBF;5;20241029;192500;97.33;97.33;97.33;97.33;12
USDRUBF;5;20241029;193000;97.33;97.33;97.33;97.33;1
USDRUBF;5;20241029;193500;97.34;97.34;97.33;97.33;15
USDRUBF;5;20241029;194000;97.33;97.33;97.33;97.33;11
USDRUBF;5;20241029;194500;97.32;97.32;97.32;97.32;7
USDRUBF;5;20241029;195000;97.32;97.32;97.31;97.32;47
USDRUBF;5;20241029;195500;97.32;97.33;97.31;97.31;36
USDRUBF;5;20241029;200000;97.31;97.34;97.3;97.34;86
USDRUBF;5;20241029;200500;97.33;97.35;97.31;97.34;63
USDRUBF;5;20241029;201000;97.33;97.33;97.32;97.32;3
USDRUBF;5;20241029;201500;97.33;97.33;97.31;97.32;62
USDRUBF;5;20241029;202000;97.33;97.34;97.32;97.33;46
USDRUBF;5;20241029;202500;97.33;97.35;97.31;97.31;43
USDRUBF;5;20241029;203000;97.33;97.33;97.3;97.3;85
USDRUBF;5;20241029;204000;97.31;97.33;97.31;97.32;66
USDRUBF;5;20241029;204500;97.32;97.32;97.31;97.31;19
USDRUBF;5;20241029;205000;97.31;97.33;97.3;97.3;47
USDRUBF;5;20241029;210000;97.31;97.32;97.31;97.32;12
USDRUBF;5;20241029;210500;97.32;97.32;97.32;97.32;1
USDRUBF;5;20241029;211000;97.33;97.33;97.32;97.32;3
USDRUBF;5;20241029;211500;97.33;97.34;97.33;97.34;23
USDRUBF;5;20241029;212000;97.35;97.35;97.34;97.34;11
USDRUBF;5;20241029;213500;97.33;97.35;97.33;97.35;2
USDRUBF;5;20241029;214000;97.36;97.36;97.36;97.36;6
USDRUBF;5;20241029;214500;97.36;97.36;97.33;97.34;70
USDRUBF;5;20241029;215000;97.37;97.37;97.33;97.36;13
USDRUBF;5;20241029;215500;97.35;97.35;97.34;97.34;4
USDRUBF;5;20241029;220500;97.35;97.37;97.34;97.35;44
USDRUBF;5;20241029;221000;97.36;97.38;97.36;97.37;14
USDRUBF;5;20241029;221500;97.37;97.37;97.36;97.36;3
USDRUBF;5;20241029;223500;97.38;97.39;97.38;97.39;17
USDRUBF;5;20241029;224000;97.39;97.4;97.38;97.4;21
USDRUBF;5;20241029;224500;97.4;97.4;97.38;97.38;41
USDRUBF;5;20241029;225000;97.38;97.38;97.38;97.38;1
USDRUBF;5;20241029;225500;97.39;97.39;97.36;97.38;31
USDRUBF;5;20241029;230000;97.37;97.37;97.36;97.37;19
USDRUBF;5;20241029;231500;97.37;97.37;97.35;97.36;21
USDRUBF;5;20241029;232000;97.34;97.34;97.34;97.34;5
USDRUBF;5;20241029;232500;97.34;97.36;97.34;97.36;3
USDRUBF;5;20241029;233000;97.35;97.35;97.35;97.35;3
USDRUBF;5;20241029;233500;97.35;97.35;97.34;97.34;21
USDRUBF;5;20241029;234000;97.34;97.36;97.34;97.34;63
USDRUBF;5;20241029;234500;97.34;97.35;97.31;97.31;25
USDRUBF;5;20241030;100000;97.36;97.45;97.24;97.45;931
USDRUBF;5;20241030;100500;97.45;97.5;97.37;97.37;470
USDRUBF;5;20241030;101000;97.36;97.44;97.36;97.43;232
USDRUBF;5;20241030;101500;97.42;97.47;97.35;97.35;1061
USDRUBF;5;20241030;102000;97.36;97.37;97.29;97.33;1168
USDRUBF;5;20241030;102500;97.31;97.31;97.25;97.28;1065
USDRUBF;5;20241030;103000;97.28;97.29;97.25;97.29;972
USDRUBF;5;20241030;103500;97.29;97.34;97.28;97.31;365
USDRUBF;5;20241030;104000;97.33;97.4;97.32;97.38;415
USDRUBF;5;20241030;104500;97.38;97.38;97.32;97.35;207
USDRUBF;5;20241030;105000;97.35;97.37;97.34;97.34;202
USDRUBF;5;20241030;105500;97.34;97.37;97.34;97.34;383
USDRUBF;5;20241030;110000;97.34;97.35;97.32;97.34;942
USDRUBF;5;20241030;110500;97.32;97.32;97.23;97.23;494
USDRUBF;5;20241030;111000;97.26;97.26;97.11;97.17;1121
USDRUBF;5;20241030;111500;97.15;97.25;97.14;97.25;869
USDRUBF;5;20241030;112000;97.23;97.24;97.18;97.22;283
USDRUBF;5;20241030;112500;97.23;97.24;97.19;97.19;328
USDRUBF;5;20241030;113000;97.18;97.19;97.13;97.16;595
USDRUBF;5;20241030;113500;97.14;97.19;97.1;97.15;1176
USDRUBF;5;20241030;114000;97.15;97.25;97.13;97.14;817
USDRUBF;5;20241030;114500;97.14;97.16;97.09;97.09;609
USDRUBF;5;20241030;115000;97.09;97.11;97.02;97.07;761
USDRUBF;5;20241030;115500;97.07;97.07;97.03;97.03;139
USDRUBF;5;20241030;120000;97.03;97.06;97;97.06;2157
USDRUBF;5;20241030;120500;97.04;97.09;97.01;97.09;701
USDRUBF;5;20241030;121000;97.06;97.07;97.03;97.07;143
USDRUBF;5;20241030;121500;97.06;97.06;97.03;97.04;410
USDRUBF;5;20241030;122000;97.04;97.08;97.03;97.08;278
USDRUBF;5;20241030;122500;97.05;97.15;97.04;97.13;756
USDRUBF;5;20241030;123000;97.13;97.14;97.04;97.11;903
USDRUBF;5;20241030;123500;97.1;97.11;97.08;97.1;230
USDRUBF;5;20241030;124000;97.12;97.13;97.09;97.12;259
USDRUBF;5;20241030;124500;97.1;97.12;97.07;97.12;300
USDRUBF;5;20241030;125000;97.09;97.12;97.07;97.07;80
USDRUBF;5;20241030;125500;97.07;97.09;97.07;97.09;22
USDRUBF;5;20241030;130000;97.09;97.1;97.05;97.08;357
USDRUBF;5;20241030;130500;97.08;97.08;97.05;97.06;106
USDRUBF;5;20241030;131000;97.06;97.07;97.04;97.07;297
USDRUBF;5;20241030;131500;97.04;97.06;96.93;97;1832
USDRUBF;5;20241030;132000;97.01;97.02;96.97;97;881
USDRUBF;5;20241030;132500;96.99;97.01;96.95;96.97;533
USDRUBF;5;20241030;133000;96.97;96.98;96.95;96.98;190
USDRUBF;5;20241030;133500;96.98;96.99;96.97;96.99;131
USDRUBF;5;20241030;134000;96.97;96.98;96.96;96.96;327
USDRUBF;5;20241030;134500;96.97;96.98;96.96;96.98;81
USDRUBF;5;20241030;135000;96.97;97.01;96.97;97;288
USDRUBF;5;20241030;135500;97;97.05;96.99;97;665
USDRUBF;5;20241030;140500;97;97.04;96.95;96.98;886
USDRUBF;5;20241030;141000;97;97.02;96.97;97.01;534
USDRUBF;5;20241030;141500;97.02;97.02;96.96;96.96;157
USDRUBF;5;20241030;142000;96.96;97;96.95;97;142
USDRUBF;5;20241030;142500;97;97;96.98;97;36
USDRUBF;5;20241030;143000;96.98;96.98;96.9;96.93;429
USDRUBF;5;20241030;143500;96.92;96.94;96.87;96.94;433
USDRUBF;5;20241030;144000;96.93;96.93;96.9;96.91;88
USDRUBF;5;20241030;144500;96.91;96.92;96.84;96.89;712
USDRUBF;5;20241030;145000;96.89;96.93;96.86;96.9;191
USDRUBF;5;20241030;145500;96.93;96.96;96.87;96.96;418
USDRUBF;5;20241030;150000;96.96;96.96;96.84;96.87;346
USDRUBF;5;20241030;150500;96.84;96.91;96.83;96.85;516
USDRUBF;5;20241030;151000;96.86;96.87;96.82;96.87;235
USDRUBF;5;20241030;151500;96.86;96.87;96.82;96.83;175
USDRUBF;5;20241030;152000;96.84;96.9;96.84;96.9;236
USDRUBF;5;20241030;152500;96.87;96.88;96.87;96.88;72
USDRUBF;5;20241030;153000;96.88;96.89;96.86;96.89;111
USDRUBF;5;20241030;153500;96.9;96.93;96.9;96.92;442
USDRUBF;5;20241030;154000;96.92;96.92;96.87;96.87;265
USDRUBF;5;20241030;154500;96.87;96.87;96.83;96.87;157
USDRUBF;5;20241030;155000;96.87;96.89;96.87;96.89;19
USDRUBF;5;20241030;155500;96.89;96.95;96.89;96.95;306
USDRUBF;5;20241030;160000;96.95;96.95;96.89;96.95;169
USDRUBF;5;20241030;160500;96.92;97.02;96.91;97.02;224
USDRUBF;5;20241030;161000;97.02;97.05;97.01;97.02;65
USDRUBF;5;20241030;161500;97.03;97.05;97.03;97.04;74
USDRUBF;5;20241030;162000;97.04;97.08;97.02;97.04;510
USDRUBF;5;20241030;162500;97.04;97.14;97.04;97.08;1107
USDRUBF;5;20241030;163000;97.07;97.07;97.01;97.01;567
USDRUBF;5;20241030;163500;97.04;97.05;97.02;97.03;58
USDRUBF;5;20241030;164000;97.02;97.03;97;97;108
USDRUBF;5;20241030;164500;97.02;97.04;96.98;97.04;203
USDRUBF;5;20241030;165000;97.05;97.05;97.01;97.01;81
USDRUBF;5;20241030;165500;97.01;97.01;97;97;10
USDRUBF;5;20241030;170000;97;97.04;96.99;97.01;329
USDRUBF;5;20241030;170500;97.02;97.04;97;97.01;181
USDRUBF;5;20241030;171000;97.02;97.02;96.97;96.97;139
USDRUBF;5;20241030;171500;96.99;97.01;96.97;96.97;271
USDRUBF;5;20241030;172000;96.98;97.02;96.97;97.01;161
USDRUBF;5;20241030;172500;97.01;97.02;97;97.02;160
USDRUBF;5;20241030;173000;97;97.05;97;97.03;141
USDRUBF;5;20241030;173500;97.03;97.03;97.03;97.03;7
USDRUBF;5;20241030;174000;97.02;97.04;97.01;97.04;32
USDRUBF;5;20241030;174500;97.04;97.12;97.04;97.08;223
USDRUBF;5;20241030;175000;97.08;97.09;97.02;97.02;343
USDRUBF;5;20241030;175500;97.02;97.02;97.01;97.01;5
USDRUBF;5;20241030;180000;96.99;97.02;96.97;97.02;175
USDRUBF;5;20241030;180500;97;97.02;96.98;96.99;158
USDRUBF;5;20241030;181000;97;97.02;97;97;100
USDRUBF;5;20241030;181500;97.01;97.02;96.99;97.01;323
USDRUBF;5;20241030;182000;97.01;97.04;97;97.03;442
USDRUBF;5;20241030;182500;97.04;97.06;96.99;96.99;650
USDRUBF;5;20241030;183000;96.98;96.99;96.94;96.99;224
USDRUBF;5;20241030;183500;96.97;96.99;96.97;96.99;44
USDRUBF;5;20241030;184000;96.97;96.98;96.89;96.92;220
USDRUBF;5;20241030;184500;96.92;96.95;96.92;96.94;95
USDRUBF;5;20241030;190500;96.99;97.05;96.96;97;146
USDRUBF;5;20241030;191000;97.02;97.02;97.01;97.01;6
USDRUBF;5;20241030;191500;97;97;97;97;2
USDRUBF;5;20241030;192000;97.01;97.01;97.01;97.01;1
USDRUBF;5;20241030;192500;97.02;97.02;97.01;97.01;3
USDRUBF;5;20241030;193000;97.03;97.04;97.01;97.01;16
USDRUBF;5;20241030;193500;97.03;97.04;97.01;97.01;7
USDRUBF;5;20241030;194000;97.05;97.05;97.05;97.05;32
USDRUBF;5;20241030;194500;97.02;97.02;97.02;97.02;10
USDRUBF;5;20241030;195000;97.04;97.04;97.04;97.04;2
USDRUBF;5;20241030;195500;97.05;97.05;97.05;97.05;2
USDRUBF;5;20241030;200000;97.02;97.02;97.02;97.02;5
USDRUBF;5;20241030;200500;97.01;97.04;97.01;97.03;29
USDRUBF;5;20241030;201000;97.02;97.02;97;97;3
USDRUBF;5;20241030;201500;97;97;96.99;96.99;26
USDRUBF;5;20241030;202000;97;97;96.97;96.97;22
USDRUBF;5;20241030;203000;97;97;96.95;96.95;52
USDRUBF;5;20241030;203500;96.95;96.97;96.93;96.97;29
USDRUBF;5;20241030;204000;96.95;96.97;96.94;96.95;15
USDRUBF;5;20241030;204500;96.96;96.96;96.96;96.96;1
USDRUBF;5;20241030;205000;96.94;96.96;96.91;96.95;187
USDRUBF;5;20241030;205500;96.95;96.95;96.95;96.95;1
USDRUBF;5;20241030;210000;96.95;96.95;96.94;96.94;8
USDRUBF;5;20241030;210500;96.93;96.93;96.83;96.87;134
USDRUBF;5;20241030;211000;96.87;96.87;96.86;96.87;5
USDRUBF;5;20241030;211500;96.85;96.85;96.85;96.85;2
USDRUBF;5;20241030;212000;96.86;96.87;96.85;96.87;84
USDRUBF;5;20241030;212500;96.85;96.91;96.85;96.9;97
USDRUBF;5;20241030;213000;96.92;96.92;96.91;96.91;19
USDRUBF;5;20241030;213500;96.92;96.92;96.91;96.91;8
USDRUBF;5;20241030;214000;96.91;96.92;96.91;96.91;56
USDRUBF;5;20241030;214500;96.92;96.92;96.92;96.92;5
USDRUBF;5;20241030;215000;96.92;96.93;96.91;96.92;12
USDRUBF;5;20241030;215500;96.92;96.97;96.92;96.94;56
USDRUBF;5;20241030;220000;96.94;96.94;96.94;96.94;4
USDRUBF;5;20241030;220500;96.94;96.95;96.94;96.95;12
USDRUBF;5;20241030;221000;96.95;96.96;96.94;96.94;17
USDRUBF;5;20241030;221500;96.94;96.94;96.94;96.94;1
USDRUBF;5;20241030;223000;96.97;96.97;96.97;96.97;5
USDRUBF;5;20241030;223500;96.97;96.97;96.97;96.97;4
USDRUBF;5;20241030;224000;96.97;96.97;96.96;96.96;6
USDRUBF;5;20241030;224500;96.96;96.96;96.96;96.96;6
USDRUBF;5;20241030;225000;96.97;96.98;96.97;96.98;22
USDRUBF;5;20241030;225500;97;97.04;97;97.03;32
USDRUBF;5;20241030;230000;97.04;97.04;97.01;97.03;42
USDRUBF;5;20241030;230500;97.02;97.02;97.02;97.02;1
USDRUBF;5;20241030;231000;97.01;97.01;97.01;97.01;6
USDRUBF;5;20241030;232500;97;97;97;97;1
USDRUBF;5;20241030;233500;97;97;96.99;96.99;6
USDRUBF;5;20241030;234500;96.98;96.99;96.97;96.99;19
USDRUBF;5;20241031;100000;97;97.15;96.98;97.13;356
USDRUBF;5;20241031;100500;97.13;97.15;96.95;97;397
USDRUBF;5;20241031;101000;96.98;97.09;96.98;97.07;141
USDRUBF;5;20241031;101500;97.08;97.17;97.07;97.1;639
USDRUBF;5;20241031;102000;97.11;97.22;97.07;97.12;671
USDRUBF;5;20241031;102500;97.15;97.17;97.11;97.11;136
USDRUBF;5;20241031;103000;97.11;97.29;97.1;97.25;646
USDRUBF;5;20241031;103500;97.26;97.28;97.2;97.21;203
USDRUBF;5;20241031;104000;97.24;97.25;97.21;97.21;139
USDRUBF;5;20241031;104500;97.22;97.22;97.1;97.15;537
USDRUBF;5;20241031;105000;97.18;97.22;97.13;97.13;151
USDRUBF;5;20241031;105500;97.15;97.18;97.12;97.12;421
USDRUBF;5;20241031;110000;97.14;97.19;97.14;97.19;261
USDRUBF;5;20241031;110500;97.18;97.2;97.13;97.14;1074
USDRUBF;5;20241031;111000;97.14;97.17;97.05;97.06;447
USDRUBF;5;20241031;111500;97.04;97.08;97;97;316
USDRUBF;5;20241031;112000;96.98;96.98;96.9;96.92;577
USDRUBF;5;20241031;112500;96.94;97.05;96.91;97.05;208
USDRUBF;5;20241031;113000;97.05;97.1;97.03;97.04;204
USDRUBF;5;20241031;113500;97.06;97.09;97.06;97.08;41
USDRUBF;5;20241031;114000;97.1;97.12;97.07;97.12;29
USDRUBF;5;20241031;114500;97.13;97.14;97.09;97.09;36
USDRUBF;5;20241031;115000;97.12;97.2;97.09;97.09;196
USDRUBF;5;20241031;115500;97.09;97.16;97.09;97.13;79
USDRUBF;5;20241031;120000;97.14;97.15;97.11;97.11;22
USDRUBF;5;20241031;120500;97.08;97.11;97.08;97.09;44
USDRUBF;5;20241031;121000;97.12;97.24;97.12;97.18;406
USDRUBF;5;20241031;121500;97.19;97.21;97.07;97.1;263
USDRUBF;5;20241031;122000;97.1;97.19;97.1;97.19;174
USDRUBF;5;20241031;122500;97.2;97.21;97.13;97.16;197
USDRUBF;5;20241031;123000;97.18;97.29;97.16;97.28;601
USDRUBF;5;20241031;123500;97.27;97.3;97.22;97.22;425
USDRUBF;5;20241031;124000;97.25;97.27;97.21;97.24;203
USDRUBF;5;20241031;124500;97.25;97.33;97.25;97.32;451
USDRUBF;5;20241031;125000;97.33;97.37;97.29;97.31;1022
USDRUBF;5;20241031;125500;97.31;97.33;97.25;97.25;476
USDRUBF;5;20241031;130000;97.29;97.34;97.25;97.32;669
USDRUBF;5;20241031;130500;97.32;97.35;97.31;97.32;33
USDRUBF;5;20241031;131000;97.34;97.34;97.31;97.32;104
USDRUBF;5;20241031;131500;97.32;97.34;97.31;97.32;218
USDRUBF;5;20241031;132000;97.33;97.39;97.33;97.36;438
USDRUBF;5;20241031;132500;97.38;97.42;97.36;97.36;700
USDRUBF;5;20241031;133000;97.4;97.41;97.33;97.4;1460
USDRUBF;5;20241031;133500;97.39;97.39;97.35;97.35;222
USDRUBF;5;20241031;134000;97.36;97.38;97.34;97.34;169
USDRUBF;5;20241031;134500;97.35;97.36;97.28;97.29;369
USDRUBF;5;20241031;135000;97.28;97.33;97.28;97.33;69
USDRUBF;5;20241031;135500;97.33;97.34;97.29;97.3;87
USDRUBF;5;20241031;140500;97.33;97.33;97.17;97.26;1323
USDRUBF;5;20241031;141000;97.26;97.29;97.23;97.25;529
USDRUBF;5;20241031;141500;97.25;97.25;97.22;97.24;674
USDRUBF;5;20241031;142000;97.23;97.25;97.12;97.18;2096
USDRUBF;5;20241031;142500;97.17;97.22;97.14;97.18;1037
USDRUBF;5;20241031;143000;97.19;97.19;97.16;97.18;69
USDRUBF;5;20241031;143500;97.18;97.19;97.17;97.18;299
USDRUBF;5;20241031;144000;97.18;97.18;97.15;97.17;149
USDRUBF;5;20241031;144500;97.17;97.18;97.16;97.18;158
USDRUBF;5;20241031;145000;97.19;97.24;97.18;97.2;952
USDRUBF;5;20241031;145500;97.18;97.22;97.16;97.17;149
USDRUBF;5;20241031;150000;97.18;97.18;97.12;97.16;323
USDRUBF;5;20241031;150500;97.16;97.18;97.15;97.18;160
USDRUBF;5;20241031;151000;97.18;97.28;97.18;97.28;947
USDRUBF;5;20241031;151500;97.28;97.37;97.28;97.35;294
USDRUBF;5;20241031;152000;97.35;97.37;97.35;97.36;122
USDRUBF;5;20241031;152500;97.36;97.36;97.33;97.33;47
USDRUBF;5;20241031;153000;97.35;97.4;97.35;97.37;400
USDRUBF;5;20241031;153500;97.38;97.39;97.36;97.39;375
USDRUBF;5;20241031;154000;97.39;97.43;97.39;97.43;428
USDRUBF;5;20241031;154500;97.4;97.41;97.36;97.41;943
USDRUBF;5;20241031;155000;97.41;97.55;97.41;97.5;2808
USDRUBF;5;20241031;155500;97.5;97.53;97.42;97.42;1579
USDRUBF;5;20241031;160000;97.42;97.47;97.33;97.38;656
USDRUBF;5;20241031;160500;97.35;97.36;97.32;97.32;210
USDRUBF;5;20241031;161000;97.32;97.32;97.23;97.28;578
USDRUBF;5;20241031;161500;97.24;97.25;97.19;97.23;96
USDRUBF;5;20241031;162000;97.21;97.23;97.18;97.2;107
USDRUBF;5;20241031;162500;97.2;97.21;97.08;97.12;1409
USDRUBF;5;20241031;163000;97.1;97.12;97.05;97.07;1418
USDRUBF;5;20241031;163500;97.06;97.06;96.92;96.94;891
USDRUBF;5;20241031;164000;96.93;96.98;96.91;96.96;465
USDRUBF;5;20241031;164500;96.94;97;96.93;96.95;1158
USDRUBF;5;20241031;165000;96.95;97.08;96.94;97.08;742
USDRUBF;5;20241031;165500;97.09;97.13;97.08;97.1;306
USDRUBF;5;20241031;170000;97.08;97.08;96.98;97.03;263
USDRUBF;5;20241031;170500;97.03;97.03;96.95;96.97;595
USDRUBF;5;20241031;171000;96.99;97;96.96;97;338
USDRUBF;5;20241031;171500;96.98;96.98;96.93;96.97;314
USDRUBF;5;20241031;172000;96.95;97.03;96.95;97.01;383
USDRUBF;5;20241031;172500;97.02;97.06;96.97;96.97;200
USDRUBF;5;20241031;173000;96.97;96.99;96.92;96.94;432
USDRUBF;5;20241031;173500;96.94;97.01;96.91;97.01;307
USDRUBF;5;20241031;174000;96.99;97.01;96.94;96.96;881
USDRUBF;5;20241031;174500;96.94;96.94;96.79;96.84;1208
USDRUBF;5;20241031;175000;96.84;96.88;96.82;96.88;572
USDRUBF;5;20241031;175500;96.89;96.9;96.81;96.84;300
USDRUBF;5;20241031;180000;96.84;96.84;96.75;96.78;1046
USDRUBF;5;20241031;180500;96.78;96.82;96.77;96.8;484
USDRUBF;5;20241031;181000;96.79;96.79;96.72;96.76;990
USDRUBF;5;20241031;181500;96.75;96.75;96.71;96.73;818
USDRUBF;5;20241031;182000;96.73;96.79;96.73;96.79;935
USDRUBF;5;20241031;182500;96.76;96.77;96.69;96.73;957
USDRUBF;5;20241031;183000;96.72;96.73;96.66;96.68;535
USDRUBF;5;20241031;183500;96.69;96.71;96.67;96.69;217
USDRUBF;5;20241031;184000;96.69;96.72;96.68;96.72;363
USDRUBF;5;20241031;184500;96.71;96.76;96.71;96.73;264
USDRUBF;5;20241031;190500;96.78;96.94;96.75;96.91;1730
USDRUBF;5;20241031;191000;96.9;96.97;96.86;96.92;897
USDRUBF;5;20241031;191500;96.93;96.95;96.9;96.95;516
USDRUBF;5;20241031;192000;96.95;96.95;96.93;96.95;121
USDRUBF;5;20241031;192500;96.94;96.96;96.92;96.95;175
USDRUBF;5;20241031;193000;96.95;96.96;96.95;96.96;87
USDRUBF;5;20241031;193500;96.92;96.94;96.92;96.94;4
USDRUBF;5;20241031;194000;96.93;96.93;96.93;96.93;1
USDRUBF;5;20241031;194500;96.94;96.94;96.91;96.91;68
USDRUBF;5;20241031;195000;96.92;96.94;96.92;96.92;23
USDRUBF;5;20241031;195500;96.92;96.92;96.92;96.92;1
USDRUBF;5;20241031;200000;96.94;96.96;96.92;96.96;131
USDRUBF;5;20241031;200500;96.97;96.98;96.94;96.96;176
USDRUBF;5;20241031;201000;96.96;96.96;96.94;96.96;12
USDRUBF;5;20241031;201500;96.96;96.97;96.96;96.97;2
USDRUBF;5;20241031;202000;96.97;96.98;96.96;96.96;90
USDRUBF;5;20241031;202500;96.98;96.99;96.98;96.99;15
USDRUBF;5;20241031;203000;96.98;97.03;96.98;97.02;54
USDRUBF;5;20241031;203500;97.01;97.02;96.98;96.99;84
USDRUBF;5;20241031;204000;96.98;96.98;96.98;96.98;2
USDRUBF;5;20241031;204500;96.98;96.99;96.97;96.98;41
USDRUBF;5;20241031;205000;96.99;96.99;96.98;96.99;33
USDRUBF;5;20241031;205500;96.99;96.99;96.98;96.99;33
USDRUBF;5;20241031;210000;96.99;97.03;96.99;97.02;92
USDRUBF;5;20241031;210500;97.02;97.03;97;97;34
USDRUBF;5;20241031;211000;96.98;96.99;96.97;96.97;23
USDRUBF;5;20241031;211500;96.98;96.98;96.97;96.97;20
USDRUBF;5;20241031;212500;96.95;96.98;96.95;96.96;60
USDRUBF;5;20241031;213000;96.97;96.97;96.95;96.96;13
USDRUBF;5;20241031;213500;96.95;96.95;96.94;96.94;57
USDRUBF;5;20241031;214000;96.94;96.96;96.94;96.94;4
USDRUBF;5;20241031;214500;96.96;96.97;96.95;96.97;10
USDRUBF;5;20241031;215000;96.96;96.97;96.95;96.95;28
USDRUBF;5;20241031;215500;96.95;96.95;96.95;96.95;4
USDRUBF;5;20241031;220000;96.96;96.96;96.91;96.93;114
USDRUBF;5;20241031;220500;96.91;96.94;96.91;96.94;28
USDRUBF;5;20241031;221500;96.95;97;96.94;96.98;1039
USDRUBF;5;20241031;222000;96.99;97;96.98;96.98;173
USDRUBF;5;20241031;223000;96.97;96.97;96.97;96.97;1
USDRUBF;5;20241031;223500;96.97;96.97;96.97;96.97;25
USDRUBF;5;20241031;224000;96.98;96.98;96.98;96.98;1
USDRUBF;5;20241031;224500;96.97;96.97;96.94;96.97;100
USDRUBF;5;20241031;225000;96.97;96.97;96.97;96.97;2
USDRUBF;5;20241031;225500;96.96;96.98;96.96;96.98;21
USDRUBF;5;20241031;230500;96.96;96.97;96.95;96.97;10
USDRUBF;5;20241031;231000;96.96;96.97;96.96;96.97;17
USDRUBF;5;20241031;231500;96.95;96.95;96.94;96.94;15
USDRUBF;5;20241031;232000;96.94;96.94;96.93;96.93;7
USDRUBF;5;20241031;232500;96.93;96.93;96.93;96.93;3
USDRUBF;5;20241031;233500;96.96;96.97;96.94;96.94;32
USDRUBF;5;20241031;234000;96.97;96.99;96.97;96.97;113
USDRUBF;5;20241031;234500;96.98;96.98;96.92;96.98;93
USDRUBF;5;20241101;100000;96.95;97.06;96.92;96.96;351
USDRUBF;5;20241101;100500;96.94;97.04;96.94;97;843
USDRUBF;5;20241101;101000;97;97.15;97;97.11;1247
USDRUBF;5;20241101;101500;97.11;97.11;97;97.03;390
USDRUBF;5;20241101;102000;97.06;97.07;96.98;97.04;177
USDRUBF;5;20241101;102500;97;97.03;96.99;97.03;67
USDRUBF;5;20241101;103000;97.03;97.08;97.01;97.05;361
USDRUBF;5;20241101;103500;97.08;97.24;97.07;97.23;4839
USDRUBF;5;20241101;104000;97.22;97.31;97.22;97.25;3262
USDRUBF;5;20241101;104500;97.26;97.34;97.26;97.29;710
USDRUBF;5;20241101;105000;97.3;97.32;97.22;97.22;1423
USDRUBF;5;20241101;105500;97.25;97.25;97.22;97.24;670
USDRUBF;5;20241101;110000;97.22;97.26;97.2;97.23;215
USDRUBF;5;20241101;110500;97.21;97.21;97.19;97.21;216
USDRUBF;5;20241101;111000;97.2;97.25;97.18;97.24;409
USDRUBF;5;20241101;111500;97.25;97.26;97.24;97.25;220
USDRUBF;5;20241101;112000;97.25;97.26;97.25;97.26;53
USDRUBF;5;20241101;112500;97.26;97.26;97.18;97.2;807
USDRUBF;5;20241101;113000;97.17;97.21;97.17;97.21;331
USDRUBF;5;20241101;113500;97.22;97.25;97.21;97.25;213
USDRUBF;5;20241101;114000;97.25;97.25;97.24;97.25;464
USDRUBF;5;20241101;114500;97.25;97.25;97.24;97.25;239
USDRUBF;5;20241101;115000;97.25;97.25;97.23;97.25;292
USDRUBF;5;20241101;115500;97.25;97.25;97.21;97.24;180
USDRUBF;5;20241101;120000;97.25;97.27;97.25;97.26;76
USDRUBF;5;20241101;120500;97.25;97.27;97.25;97.26;15
USDRUBF;5;20241101;121000;97.25;97.27;97.25;97.26;49
USDRUBF;5;20241101;121500;97.25;97.26;97.23;97.26;184
USDRUBF;5;20241101;122000;97.26;97.26;97.22;97.22;43
USDRUBF;5;20241101;122500;97.22;97.28;97.22;97.28;105
USDRUBF;5;20241101;123000;97.28;97.34;97.28;97.32;620
USDRUBF;5;20241101;123500;97.29;97.32;97.29;97.29;42
USDRUBF;5;20241101;124000;97.29;97.29;97.29;97.29;2
USDRUBF;5;20241101;124500;97.28;97.33;97.27;97.33;76
USDRUBF;5;20241101;125000;97.34;97.39;97.34;97.39;165
USDRUBF;5;20241101;125500;97.38;97.39;97.34;97.36;238
USDRUBF;5;20241101;130000;97.38;97.43;97.37;97.4;379
USDRUBF;5;20241101;130500;97.42;97.42;97.38;97.42;41
USDRUBF;5;20241101;131000;97.42;97.43;97.42;97.43;21
USDRUBF;5;20241101;131500;97.43;97.47;97.42;97.43;586
USDRUBF;5;20241101;132000;97.44;97.48;97.44;97.48;131
USDRUBF;5;20241101;132500;97.49;97.51;97.47;97.5;816
USDRUBF;5;20241101;133000;97.48;97.56;97.48;97.56;129
USDRUBF;5;20241101;133500;97.54;97.56;97.48;97.48;238
USDRUBF;5;20241101;134000;97.48;97.55;97.48;97.53;31
USDRUBF;5;20241101;134500;97.53;97.54;97.51;97.51;43
USDRUBF;5;20241101;135000;97.53;97.58;97.53;97.58;162
USDRUBF;5;20241101;135500;97.57;97.59;97.55;97.58;83
USDRUBF;5;20241101;140500;97.57;97.69;97.57;97.69;316
USDRUBF;5;20241101;141000;97.68;97.72;97.65;97.66;1387
USDRUBF;5;20241101;141500;97.68;97.76;97.67;97.68;2205
USDRUBF;5;20241101;142000;97.68;97.7;97.67;97.69;316
USDRUBF;5;20241101;142500;97.7;97.74;97.7;97.71;441
USDRUBF;5;20241101;143000;97.73;97.73;97.7;97.7;299
USDRUBF;5;20241101;143500;97.72;97.73;97.63;97.66;499
USDRUBF;5;20241101;144000;97.67;97.67;97.6;97.61;366
USDRUBF;5;20241101;144500;97.62;97.63;97.58;97.61;161
USDRUBF;5;20241101;145000;97.62;97.63;97.56;97.59;200
USDRUBF;5;20241101;145500;97.57;97.57;97.51;97.51;70
USDRUBF;5;20241101;150000;97.54;97.58;97.52;97.58;212
USDRUBF;5;20241101;150500;97.58;97.59;97.57;97.58;45
USDRUBF;5;20241101;151000;97.58;97.62;97.58;97.62;383
USDRUBF;5;20241101;151500;97.62;97.66;97.46;97.53;1488
USDRUBF;5;20241101;152000;97.52;97.53;97.43;97.45;1164
USDRUBF;5;20241101;152500;97.45;97.51;97.44;97.46;490
USDRUBF;5;20241101;153000;97.45;97.46;97.36;97.4;102
USDRUBF;5;20241101;153500;97.41;97.52;97.39;97.41;545
USDRUBF;5;20241101;154000;97.38;97.44;97.34;97.35;218
USDRUBF;5;20241101;154500;97.35;97.43;97.35;97.4;133
USDRUBF;5;20241101;155000;97.42;97.43;97.38;97.39;95
USDRUBF;5;20241101;155500;97.42;97.47;97.39;97.45;145
USDRUBF;5;20241101;160000;97.46;97.49;97.43;97.49;142
USDRUBF;5;20241101;160500;97.46;97.5;97.45;97.47;141
USDRUBF;5;20241101;161000;97.48;97.49;97.45;97.46;143
USDRUBF;5;20241101;161500;97.49;97.53;97.46;97.46;179
USDRUBF;5;20241101;162000;97.46;97.53;97.44;97.52;342
USDRUBF;5;20241101;162500;97.52;97.53;97.51;97.53;15
USDRUBF;5;20241101;163000;97.53;97.54;97.52;97.52;238
USDRUBF;5;20241101;163500;97.52;97.53;97.43;97.43;858
USDRUBF;5;20241101;164000;97.45;97.5;97.44;97.5;136
USDRUBF;5;20241101;164500;97.5;97.54;97.5;97.53;160
USDRUBF;5;20241101;165000;97.53;97.54;97.48;97.48;126
USDRUBF;5;20241101;165500;97.48;97.49;97.46;97.46;360
USDRUBF;5;20241101;170000;97.46;97.49;97.45;97.46;320
USDRUBF;5;20241101;170500;97.46;97.46;97.42;97.42;51
USDRUBF;5;20241101;171000;97.42;97.44;97.41;97.42;78
USDRUBF;5;20241101;171500;97.42;97.43;97.37;97.4;103
USDRUBF;5;20241101;172000;97.38;97.48;97.38;97.48;477
USDRUBF;5;20241101;172500;97.48;97.51;97.46;97.48;59
USDRUBF;5;20241101;173000;97.49;97.49;97.49;97.49;7
USDRUBF;5;20241101;173500;97.51;97.51;97.51;97.51;1
USDRUBF;5;20241101;174000;97.5;97.53;97.49;97.49;28
USDRUBF;5;20241101;174500;97.48;97.49;97.42;97.42;64
USDRUBF;5;20241101;175000;97.44;97.48;97.43;97.48;69
USDRUBF;5;20241101;175500;97.46;97.51;97.46;97.48;221
USDRUBF;5;20241101;180000;97.46;97.48;97.44;97.46;289
USDRUBF;5;20241101;180500;97.46;97.46;97.44;97.46;195
USDRUBF;5;20241101;181000;97.46;97.46;97.44;97.45;31
USDRUBF;5;20241101;181500;97.44;97.46;97.42;97.46;403
USDRUBF;5;20241101;182000;97.47;97.48;97.46;97.47;58
USDRUBF;5;20241101;182500;97.47;97.48;97.47;97.47;84
USDRUBF;5;20241101;183000;97.48;97.48;97.47;97.47;80
USDRUBF;5;20241101;183500;97.48;97.49;97.45;97.45;360
USDRUBF;5;20241101;184000;97.47;97.48;97.45;97.47;101
USDRUBF;5;20241101;184500;97.46;97.47;97.42;97.45;143
USDRUBF;5;20241101;190500;97.48;97.48;97.43;97.45;303
USDRUBF;5;20241101;191000;97.43;97.46;97.43;97.46;27
USDRUBF;5;20241101;191500;97.44;97.45;97.42;97.42;67
USDRUBF;5;20241101;192000;97.42;97.44;97.41;97.44;12
USDRUBF;5;20241101;192500;97.44;97.45;97.44;97.45;4
USDRUBF;5;20241101;193000;97.45;97.45;97.45;97.45;20
USDRUBF;5;20241101;193500;97.46;97.46;97.46;97.46;2
USDRUBF;5;20241101;194000;97.46;97.46;97.46;97.46;4
USDRUBF;5;20241101;194500;97.46;97.46;97.45;97.45;3
USDRUBF;5;20241101;195000;97.46;97.47;97.45;97.45;10
USDRUBF;5;20241101;195500;97.46;97.47;97.46;97.47;2
USDRUBF;5;20241101;200000;97.47;97.47;97.47;97.47;5
USDRUBF;5;20241101;200500;97.47;97.47;97.46;97.46;19
USDRUBF;5;20241101;201000;97.46;97.46;97.46;97.46;2
USDRUBF;5;20241101;201500;97.47;97.47;97.47;97.47;108
USDRUBF;5;20241101;202000;97.47;97.47;97.47;97.47;49
USDRUBF;5;20241101;202500;97.47;97.47;97.47;97.47;585
USDRUBF;5;20241101;203000;97.47;97.47;97.46;97.46;156
USDRUBF;5;20241101;203500;97.46;97.47;97.46;97.47;45
USDRUBF;5;20241101;204000;97.47;97.47;97.46;97.47;18
USDRUBF;5;20241101;204500;97.47;97.47;97.46;97.47;22
USDRUBF;5;20241101;205000;97.47;97.47;97.47;97.47;2
USDRUBF;5;20241101;205500;97.47;97.47;97.46;97.47;15
USDRUBF;5;20241101;210000;97.47;97.47;97.47;97.47;93
USDRUBF;5;20241101;210500;97.47;97.47;97.47;97.47;3
USDRUBF;5;20241101;211500;97.47;97.47;97.47;97.47;9
USDRUBF;5;20241101;212000;97.47;97.47;97.47;97.47;25
USDRUBF;5;20241101;212500;97.46;97.47;97.46;97.46;39
USDRUBF;5;20241101;213500;97.47;97.47;97.46;97.47;46
USDRUBF;5;20241101;214000;97.47;97.47;97.47;97.47;150
USDRUBF;5;20241101;214500;97.47;97.53;97.47;97.51;355
USDRUBF;5;20241101;215000;97.53;97.53;97.53;97.53;1
USDRUBF;5;20241101;215500;97.53;97.57;97.53;97.57;53
USDRUBF;5;20241101;220000;97.57;97.57;97.57;97.57;7
USDRUBF;5;20241101;220500;97.57;97.57;97.56;97.56;10
USDRUBF;5;20241101;221000;97.55;97.56;97.54;97.54;29
USDRUBF;5;20241101;221500;97.55;97.55;97.53;97.53;14
USDRUBF;5;20241101;222000;97.53;97.55;97.53;97.55;6
USDRUBF;5;20241101;222500;97.54;97.54;97.51;97.52;30
USDRUBF;5;20241101;223000;97.52;97.53;97.52;97.53;10
USDRUBF;5;20241101;223500;97.53;97.53;97.53;97.53;7
USDRUBF;5;20241101;225000;97.52;97.52;97.5;97.51;77
USDRUBF;5;20241101;225500;97.51;97.52;97.51;97.52;48
USDRUBF;5;20241101;230000;97.52;97.52;97.51;97.51;12
USDRUBF;5;20241101;230500;97.52;97.52;97.51;97.51;6
USDRUBF;5;20241101;231000;97.52;97.52;97.52;97.52;36
USDRUBF;5;20241101;231500;97.52;97.52;97.52;97.52;1
USDRUBF;5;20241101;232000;97.51;97.52;97.51;97.52;18
USDRUBF;5;20241101;232500;97.51;97.52;97.51;97.51;35
USDRUBF;5;20241101;233000;97.53;97.53;97.53;97.53;9
USDRUBF;5;20241101;233500;97.54;97.54;97.53;97.53;43
USDRUBF;5;20241101;234000;97.53;97.54;97.51;97.51;189
USDRUBF;5;20241101;234500;97.51;97.55;97.5;97.5;121
USDRUBF;5;20241102;100000;97.53;97.6;97.49;97.6;343
USDRUBF;5;20241102;100500;97.6;97.62;97.5;97.53;340
USDRUBF;5;20241102;101000;97.53;97.53;97.41;97.51;515
USDRUBF;5;20241102;101500;97.51;97.51;97.44;97.46;218
USDRUBF;5;20241102;102000;97.45;97.45;97.4;97.41;253
USDRUBF;5;20241102;102500;97.4;97.43;97.39;97.43;298
USDRUBF;5;20241102;103000;97.44;97.44;97.37;97.37;107
USDRUBF;5;20241102;103500;97.37;97.37;97.31;97.33;359
USDRUBF;5;20241102;104000;97.31;97.39;97.3;97.31;301
USDRUBF;5;20241102;104500;97.3;97.3;97.21;97.23;641
USDRUBF;5;20241102;105000;97.23;97.3;97.21;97.3;391
USDRUBF;5;20241102;105500;97.29;97.31;97.27;97.27;281
USDRUBF;5;20241102;110000;97.28;97.33;97.24;97.33;931
USDRUBF;5;20241102;110500;97.34;97.42;97.33;97.35;700
USDRUBF;5;20241102;111000;97.35;97.35;97.27;97.28;123
USDRUBF;5;20241102;111500;97.26;97.38;97.25;97.38;97
USDRUBF;5;20241102;112000;97.36;97.36;97.31;97.35;92
USDRUBF;5;20241102;112500;97.34;97.39;97.34;97.36;123
USDRUBF;5;20241102;113500;97.36;97.43;97.33;97.42;474
USDRUBF;5;20241102;114000;97.42;97.47;97.4;97.44;216
USDRUBF;5;20241102;114500;97.46;97.5;97.45;97.46;218
USDRUBF;5;20241102;115000;97.46;97.46;97.45;97.45;82
USDRUBF;5;20241102;115500;97.46;97.46;97.4;97.4;392
USDRUBF;5;20241102;120000;97.4;97.41;97.38;97.39;83
USDRUBF;5;20241102;120500;97.39;97.48;97.37;97.47;505
USDRUBF;5;20241102;121000;97.5;97.55;97.41;97.47;357
USDRUBF;5;20241102;121500;97.44;97.44;97.38;97.38;43
USDRUBF;5;20241102;122000;97.37;97.4;97.35;97.39;45
USDRUBF;5;20241102;122500;97.42;97.43;97.35;97.37;53
USDRUBF;5;20241102;123000;97.35;97.4;97.34;97.4;256
USDRUBF;5;20241102;123500;97.4;97.4;97.37;97.38;282
USDRUBF;5;20241102;124000;97.37;97.37;97.34;97.36;133
USDRUBF;5;20241102;124500;97.35;97.36;97.34;97.35;148
USDRUBF;5;20241102;125000;97.35;97.43;97.35;97.36;96
USDRUBF;5;20241102;125500;97.36;97.4;97.36;97.4;45
USDRUBF;5;20241102;130000;97.38;97.42;97.37;97.4;60
USDRUBF;5;20241102;130500;97.4;97.41;97.4;97.41;70
USDRUBF;5;20241102;131000;97.44;97.44;97.42;97.43;26
USDRUBF;5;20241102;131500;97.43;97.52;97.43;97.5;56
USDRUBF;5;20241102;132500;97.48;97.5;97.48;97.48;154
USDRUBF;5;20241102;133000;97.47;97.51;97.45;97.46;111
USDRUBF;5;20241102;133500;97.47;97.47;97.4;97.43;171
USDRUBF;5;20241102;134000;97.42;97.44;97.42;97.44;112
USDRUBF;5;20241102;134500;97.45;97.45;97.39;97.41;229
USDRUBF;5;20241102;135000;97.4;97.4;97.4;97.4;3
USDRUBF;5;20241102;135500;97.38;97.41;97.38;97.38;66
USDRUBF;5;20241102;140500;97.38;97.38;97.33;97.35;714
USDRUBF;5;20241102;141000;97.36;97.41;97.36;97.38;148
USDRUBF;5;20241102;141500;97.39;97.46;97.37;97.45;27
USDRUBF;5;20241102;142000;97.43;97.45;97.43;97.44;71
USDRUBF;5;20241102;142500;97.43;97.43;97.43;97.43;8
USDRUBF;5;20241102;143000;97.43;97.43;97.4;97.42;21
USDRUBF;5;20241102;143500;97.4;97.42;97.36;97.36;170
USDRUBF;5;20241102;144000;97.37;97.43;97.37;97.43;102
USDRUBF;5;20241102;144500;97.38;97.39;97.36;97.36;98
USDRUBF;5;20241102;145000;97.41;97.41;97.38;97.38;105
USDRUBF;5;20241102;145500;97.36;97.36;97.36;97.36;80
USDRUBF;5;20241102;150000;97.38;97.38;97.38;97.38;2
USDRUBF;5;20241102;151000;97.37;97.38;97.37;97.38;26
USDRUBF;5;20241102;151500;97.38;97.39;97.38;97.39;14
USDRUBF;5;20241102;152000;97.36;97.37;97.33;97.37;225
USDRUBF;5;20241102;152500;97.35;97.37;97.33;97.35;599
USDRUBF;5;20241102;153000;97.37;97.37;97.35;97.37;8
USDRUBF;5;20241102;153500;97.35;97.36;97.33;97.33;126
USDRUBF;5;20241102;154000;97.34;97.34;97.26;97.32;859
USDRUBF;5;20241102;154500;97.32;97.35;97.31;97.31;157
USDRUBF;5;20241102;155000;97.31;97.35;97.31;97.34;86
USDRUBF;5;20241102;155500;97.35;97.35;97.32;97.32;13
USDRUBF;5;20241102;160000;97.33;97.33;97.29;97.29;84
USDRUBF;5;20241102;160500;97.3;97.32;97.3;97.32;10
USDRUBF;5;20241102;161000;97.35;97.37;97.26;97.27;147
USDRUBF;5;20241102;161500;97.28;97.33;97.28;97.33;24
USDRUBF;5;20241102;162000;97.34;97.37;97.34;97.36;145
USDRUBF;5;20241102;162500;97.38;97.39;97.37;97.39;51
USDRUBF;5;20241102;163000;97.39;97.4;97.38;97.39;132
USDRUBF;5;20241102;163500;97.38;97.41;97.38;97.41;177
USDRUBF;5;20241102;164000;97.41;97.41;97.41;97.41;6
USDRUBF;5;20241102;164500;97.41;97.42;97.41;97.42;52
USDRUBF;5;20241102;165000;97.43;97.43;97.42;97.42;56
USDRUBF;5;20241102;165500;97.41;97.43;97.41;97.41;30
USDRUBF;5;20241102;170000;97.44;97.45;97.44;97.45;96
USDRUBF;5;20241102;170500;97.46;97.49;97.45;97.45;133
USDRUBF;5;20241102;171000;97.46;97.46;97.45;97.45;172
USDRUBF;5;20241102;171500;97.46;97.46;97.42;97.42;109
USDRUBF;5;20241102;172000;97.44;97.44;97.4;97.42;227
USDRUBF;5;20241102;172500;97.41;97.45;97.41;97.45;198
USDRUBF;5;20241102;173000;97.45;97.45;97.42;97.43;342
USDRUBF;5;20241102;173500;97.43;97.46;97.43;97.45;114
USDRUBF;5;20241102;174000;97.43;97.46;97.42;97.44;124
USDRUBF;5;20241102;174500;97.44;97.46;97.41;97.42;209
USDRUBF;5;20241102;175000;97.43;97.46;97.43;97.46;15
USDRUBF;5;20241102;175500;97.46;97.47;97.44;97.46;30
USDRUBF;5;20241102;180000;97.45;97.53;97.45;97.53;109
USDRUBF;5;20241102;180500;97.53;97.53;97.52;97.53;90
USDRUBF;5;20241102;181000;97.54;97.58;97.48;97.48;760
USDRUBF;5;20241102;181500;97.47;97.48;97.44;97.48;86
USDRUBF;5;20241102;182000;97.49;97.5;97.48;97.49;80
USDRUBF;5;20241102;182500;97.49;97.5;97.48;97.49;50
USDRUBF;5;20241102;183000;97.49;97.5;97.49;97.5;301
USDRUBF;5;20241102;183500;97.49;97.55;97.49;97.55;158
USDRUBF;5;20241102;184000;97.55;97.55;97.52;97.53;42
USDRUBF;5;20241102;184500;97.52;97.55;97.51;97.52;137
USDRUBF;5;20241102;190500;97.52;97.56;97.51;97.52;105
USDRUBF;5;20241102;191000;97.52;97.52;97.5;97.5;24
USDRUBF;5;20241102;191500;97.49;97.49;97.47;97.47;37
USDRUBF;5;20241102;192000;97.48;97.48;97.48;97.48;1
USDRUBF;5;20241102;192500;97.46;97.46;97.46;97.46;28
USDRUBF;5;20241102;193000;97.46;97.46;97.46;97.46;1
USDRUBF;5;20241102;193500;97.45;97.46;97.44;97.46;55
USDRUBF;5;20241102;194000;97.44;97.44;97.44;97.44;6
USDRUBF;5;20241102;195000;97.44;97.47;97.44;97.47;2
USDRUBF;5;20241102;200000;97.46;97.47;97.46;97.47;5
USDRUBF;5;20241102;200500;97.47;97.47;97.47;97.47;1
USDRUBF;5;20241102;201000;97.47;97.47;97.45;97.45;16
USDRUBF;5;20241102;201500;97.45;97.47;97.45;97.47;6
USDRUBF;5;20241102;202000;97.45;97.45;97.45;97.45;25
USDRUBF;5;20241102;202500;97.47;97.47;97.47;97.47;12
USDRUBF;5;20241102;203000;97.48;97.48;97.47;97.47;3
USDRUBF;5;20241102;203500;97.48;97.48;97.44;97.46;33
USDRUBF;5;20241102;204000;97.44;97.44;97.43;97.43;20
USDRUBF;5;20241102;204500;97.44;97.44;97.43;97.44;10
USDRUBF;5;20241102;205000;97.43;97.43;97.43;97.43;10
USDRUBF;5;20241102;205500;97.43;97.43;97.43;97.43;9
USDRUBF;5;20241102;210000;97.43;97.43;97.41;97.41;30
USDRUBF;5;20241102;211000;97.42;97.44;97.42;97.44;19
USDRUBF;5;20241102;211500;97.45;97.45;97.44;97.44;13
USDRUBF;5;20241102;212000;97.45;97.45;97.44;97.44;2
USDRUBF;5;20241102;213500;97.44;97.44;97.44;97.44;7
USDRUBF;5;20241102;214500;97.43;97.43;97.43;97.43;2
USDRUBF;5;20241102;215000;97.44;97.44;97.44;97.44;6
USDRUBF;5;20241102;215500;97.44;97.44;97.44;97.44;1
USDRUBF;5;20241102;221500;97.41;97.41;97.41;97.41;3
USDRUBF;5;20241102;222000;97.44;97.45;97.44;97.45;42
USDRUBF;5;20241102;222500;97.44;97.44;97.44;97.44;1
USDRUBF;5;20241102;223500;97.45;97.45;97.45;97.45;23
USDRUBF;5;20241102;225500;97.46;97.47;97.46;97.47;12
USDRUBF;5;20241102;230000;97.45;97.45;97.45;97.45;2
USDRUBF;5;20241102;231500;97.45;97.47;97.44;97.47;8
USDRUBF;5;20241102;232000;97.47;97.48;97.47;97.48;10
USDRUBF;5;20241102;232500;97.48;97.48;97.48;97.48;1
USDRUBF;5;20241102;233500;97.45;97.45;97.44;97.44;8
USDRUBF;5;20241102;234000;97.45;97.45;97.44;97.44;7
USDRUBF;5;20241102;234500;97.45;97.49;97.45;97.49;13
USDRUBF;5;20241105;100000;97.64;97.7;97.57;97.66;1621
USDRUBF;5;20241105;100500;97.66;97.85;97.65;97.85;1324
USDRUBF;5;20241105;101000;97.83;97.88;97.79;97.82;997
USDRUBF;5;20241105;101500;97.84;98.1;97.83;98.06;2365
USDRUBF;5;20241105;102000;98.07;98.24;98.01;98.2;913
USDRUBF;5;20241105;102500;98.2;98.25;98.06;98.18;357
USDRUBF;5;20241105;103000;98.19;98.27;98.19;98.23;1539
USDRUBF;5;20241105;103500;98.23;98.24;98.08;98.16;923
USDRUBF;5;20241105;104000;98.15;98.2;97.97;98.02;1629
USDRUBF;5;20241105;104500;98.05;98.08;98;98.04;517
USDRUBF;5;20241105;105000;98.07;98.15;98.07;98.14;460
USDRUBF;5;20241105;105500;98.15;98.18;98.08;98.12;460
USDRUBF;5;20241105;110000;98.13;98.21;98.13;98.15;637
USDRUBF;5;20241105;110500;98.16;98.2;98.13;98.17;936
USDRUBF;5;20241105;111000;98.19;98.19;98.15;98.15;81
USDRUBF;5;20241105;111500;98.15;98.22;98.14;98.15;275
USDRUBF;5;20241105;112000;98.15;98.17;98.14;98.15;265
USDRUBF;5;20241105;112500;98.17;98.27;98.17;98.24;206
USDRUBF;5;20241105;113000;98.25;98.27;98.23;98.23;62
USDRUBF;5;20241105;113500;98.23;98.23;98.18;98.2;177
USDRUBF;5;20241105;114000;98.2;98.2;98.15;98.16;153
USDRUBF;5;20241105;114500;98.16;98.16;98.11;98.14;139
USDRUBF;5;20241105;115000;98.13;98.13;98.04;98.04;233
USDRUBF;5;20241105;115500;98.04;98.07;98.03;98.07;41
USDRUBF;5;20241105;120000;98.05;98.07;98.04;98.05;105
USDRUBF;5;20241105;120500;98.04;98.06;98.03;98.03;95
USDRUBF;5;20241105;121000;98.02;98.02;97.91;97.92;627
USDRUBF;5;20241105;121500;97.93;97.99;97.89;97.89;537
USDRUBF;5;20241105;122000;97.9;97.97;97.89;97.92;451
USDRUBF;5;20241105;122500;97.95;97.95;97.92;97.92;15
USDRUBF;5;20241105;123000;97.91;97.95;97.91;97.92;119
USDRUBF;5;20241105;123500;97.92;97.94;97.91;97.92;82
USDRUBF;5;20241105;124000;97.92;98;97.91;97.98;154
USDRUBF;5;20241105;124500;97.95;98.01;97.91;97.96;204
USDRUBF;5;20241105;125000;97.96;97.97;97.95;97.95;154
USDRUBF;5;20241105;125500;97.95;97.99;97.95;97.99;167
USDRUBF;5;20241105;130000;98;98.02;97.97;97.98;55
USDRUBF;5;20241105;130500;97.99;98;97.99;98;55
USDRUBF;5;20241105;131000;97.98;98;97.96;97.98;170
USDRUBF;5;20241105;131500;97.96;97.98;97.96;97.97;78
USDRUBF;5;20241105;132000;97.98;97.98;97.85;97.88;449
USDRUBF;5;20241105;132500;97.87;97.88;97.85;97.86;142
USDRUBF;5;20241105;133000;97.87;97.87;97.82;97.85;130
USDRUBF;5;20241105;133500;97.86;97.86;97.82;97.83;221
USDRUBF;5;20241105;134000;97.82;97.85;97.77;97.78;829
USDRUBF;5;20241105;134500;97.78;97.85;97.77;97.85;487
USDRUBF;5;20241105;135500;97.83;97.86;97.82;97.82;87
USDRUBF;5;20241105;140500;97.82;97.82;97.78;97.8;254
USDRUBF;5;20241105;141000;97.78;97.82;97.78;97.82;100
USDRUBF;5;20241105;141500;97.81;97.83;97.81;97.83;12
USDRUBF;5;20241105;142000;97.83;97.83;97.83;97.83;18
USDRUBF;5;20241105;142500;97.83;97.83;97.81;97.82;31
USDRUBF;5;20241105;143000;97.82;97.83;97.8;97.8;85
USDRUBF;5;20241105;143500;97.8;97.8;97.76;97.78;1062
USDRUBF;5;20241105;144000;97.78;97.79;97.69;97.7;1309
USDRUBF;5;20241105;144500;97.69;97.72;97.67;97.72;993
USDRUBF;5;20241105;145000;97.73;97.73;97.72;97.72;172
USDRUBF;5;20241105;145500;97.72;97.72;97.68;97.69;482
USDRUBF;5;20241105;150000;97.68;97.74;97.66;97.72;436
USDRUBF;5;20241105;150500;97.69;97.72;97.69;97.71;157
USDRUBF;5;20241105;151000;97.75;97.82;97.75;97.81;33
USDRUBF;5;20241105;151500;97.82;97.86;97.79;97.84;443
USDRUBF;5;20241105;152000;97.85;97.86;97.78;97.79;308
USDRUBF;5;20241105;152500;97.79;97.85;97.79;97.79;207
USDRUBF;5;20241105;153000;97.79;97.79;97.66;97.71;528
USDRUBF;5;20241105;153500;97.7;97.71;97.67;97.71;32
USDRUBF;5;20241105;154000;97.69;97.8;97.69;97.77;251
USDRUBF;5;20241105;154500;97.76;97.77;97.7;97.74;148
USDRUBF;5;20241105;155000;97.75;97.75;97.73;97.74;156
USDRUBF;5;20241105;155500;97.73;97.74;97.72;97.74;160
USDRUBF;5;20241105;160000;97.72;97.78;97.72;97.72;147
USDRUBF;5;20241105;160500;97.71;97.73;97.65;97.69;193
USDRUBF;5;20241105;161000;97.67;97.69;97.66;97.67;28
USDRUBF;5;20241105;161500;97.65;97.7;97.65;97.7;20
USDRUBF;5;20241105;162000;97.69;97.69;97.65;97.65;57
USDRUBF;5;20241105;162500;97.64;97.65;97.64;97.65;252
USDRUBF;5;20241105;163000;97.66;97.7;97.65;97.69;189
USDRUBF;5;20241105;163500;97.68;97.73;97.68;97.7;35
USDRUBF;5;20241105;164000;97.68;97.68;97.64;97.66;462
USDRUBF;5;20241105;164500;97.69;97.76;97.69;97.71;97
USDRUBF;5;20241105;165000;97.72;97.78;97.71;97.75;79
USDRUBF;5;20241105;165500;97.77;97.78;97.69;97.74;281
USDRUBF;5;20241105;170000;97.72;97.72;97.68;97.71;106
USDRUBF;5;20241105;170500;97.75;97.76;97.7;97.72;101
USDRUBF;5;20241105;171000;97.7;97.72;97.67;97.7;145
USDRUBF;5;20241105;171500;97.69;97.69;97.62;97.64;428
USDRUBF;5;20241105;172000;97.66;97.66;97.64;97.66;21
USDRUBF;5;20241105;172500;97.66;97.69;97.65;97.69;153
USDRUBF;5;20241105;173000;97.7;97.74;97.7;97.72;449
USDRUBF;5;20241105;173500;97.7;97.7;97.64;97.66;46
USDRUBF;5;20241105;174000;97.63;97.68;97.62;97.62;166
USDRUBF;5;20241105;174500;97.62;97.68;97.6;97.68;95
USDRUBF;5;20241105;175000;97.67;97.73;97.65;97.7;376
USDRUBF;5;20241105;175500;97.71;97.72;97.66;97.66;393
USDRUBF;5;20241105;180000;97.67;97.71;97.67;97.7;152
USDRUBF;5;20241105;180500;97.68;97.71;97.62;97.68;788
USDRUBF;5;20241105;181000;97.68;97.69;97.66;97.66;229
USDRUBF;5;20241105;181500;97.66;97.72;97.66;97.72;282
USDRUBF;5;20241105;182000;97.71;97.73;97.65;97.73;678
USDRUBF;5;20241105;182500;97.7;97.73;97.69;97.71;179
USDRUBF;5;20241105;183000;97.71;97.73;97.71;97.73;118
USDRUBF;5;20241105;183500;97.73;97.74;97.71;97.74;304
USDRUBF;5;20241105;184000;97.74;97.74;97.72;97.72;263
USDRUBF;5;20241105;184500;97.72;97.72;97.69;97.69;104
USDRUBF;5;20241105;190500;97.7;97.7;97.66;97.7;256
USDRUBF;5;20241105;191000;97.71;97.72;97.65;97.65;285
USDRUBF;5;20241105;191500;97.68;97.69;97.68;97.69;36
USDRUBF;5;20241105;192000;97.7;97.7;97.7;97.7;62
USDRUBF;5;20241105;192500;97.72;97.73;97.72;97.73;47
USDRUBF;5;20241105;193000;97.73;97.74;97.73;97.73;43
USDRUBF;5;20241105;193500;97.73;97.74;97.73;97.74;23
USDRUBF;5;20241105;194000;97.73;97.75;97.71;97.75;114
USDRUBF;5;20241105;194500;97.75;97.75;97.74;97.75;24
USDRUBF;5;20241105;195000;97.75;97.76;97.64;97.7;862
USDRUBF;5;20241105;195500;97.72;97.74;97.7;97.74;79
USDRUBF;5;20241105;200000;97.72;97.75;97.7;97.73;77
USDRUBF;5;20241105;200500;97.71;97.72;97.71;97.72;3
USDRUBF;5;20241105;201500;97.71;97.74;97.7;97.74;42
USDRUBF;5;20241105;202000;97.74;97.74;97.72;97.72;5
USDRUBF;5;20241105;202500;97.71;97.71;97.71;97.71;2
USDRUBF;5;20241105;203000;97.71;97.74;97.71;97.74;26
USDRUBF;5;20241105;203500;97.71;97.74;97.71;97.72;36
USDRUBF;5;20241105;204000;97.74;97.74;97.72;97.72;4
USDRUBF;5;20241105;204500;97.72;97.72;97.69;97.69;28
USDRUBF;5;20241105;210000;97.72;97.74;97.71;97.71;33
USDRUBF;5;20241105;210500;97.74;97.74;97.74;97.74;2
USDRUBF;5;20241105;211500;97.75;97.76;97.73;97.73;21
USDRUBF;5;20241105;212500;97.73;97.73;97.73;97.73;1
USDRUBF;5;20241105;213500;97.75;97.77;97.75;97.77;27
USDRUBF;5;20241105;214000;97.76;97.76;97.74;97.74;8
USDRUBF;5;20241105;214500;97.76;97.78;97.76;97.76;17
USDRUBF;5;20241105;215000;97.78;97.78;97.78;97.78;2
USDRUBF;5;20241105;215500;97.78;97.78;97.78;97.78;1
USDRUBF;5;20241105;220500;97.77;97.77;97.75;97.77;18
USDRUBF;5;20241105;221000;97.75;97.76;97.75;97.76;4
USDRUBF;5;20241105;221500;97.77;97.77;97.75;97.75;4
USDRUBF;5;20241105;222000;97.75;97.75;97.75;97.75;1
USDRUBF;5;20241105;223000;97.75;97.75;97.73;97.73;3
USDRUBF;5;20241105;223500;97.75;97.75;97.72;97.74;16
USDRUBF;5;20241105;224500;97.74;97.75;97.74;97.74;3
USDRUBF;5;20241105;225000;97.74;97.75;97.74;97.75;10
USDRUBF;5;20241105;230000;97.73;97.74;97.72;97.74;23
USDRUBF;5;20241105;230500;97.74;97.74;97.74;97.74;2
USDRUBF;5;20241105;231000;97.74;97.74;97.74;97.74;2
USDRUBF;5;20241105;231500;97.72;97.73;97.72;97.73;21
USDRUBF;5;20241105;232000;97.71;97.72;97.7;97.7;8
USDRUBF;5;20241105;232500;97.69;97.74;97.69;97.71;8
USDRUBF;5;20241105;233000;97.71;97.74;97.71;97.74;7
USDRUBF;5;20241105;233500;97.74;97.74;97.71;97.71;6
USDRUBF;5;20241105;234000;97.72;97.72;97.71;97.71;26
USDRUBF;5;20241105;234500;97.7;97.74;97.7;97.71;28
USDRUBF;5;20241106;100000;97.21;97.63;97.03;97.57;5855
USDRUBF;5;20241106;100500;97.56;97.91;97.49;97.87;3661
USDRUBF;5;20241106;101000;97.88;98;97.86;97.92;2391
USDRUBF;5;20241106;101500;97.92;97.96;97.84;97.91;2363
USDRUBF;5;20241106;102000;97.93;97.96;97.83;97.86;422
USDRUBF;5;20241106;102500;97.87;97.87;97.74;97.82;648
USDRUBF;5;20241106;103000;97.83;97.91;97.82;97.89;303
USDRUBF;5;20241106;103500;97.9;97.92;97.88;97.91;258
USDRUBF;5;20241106;104000;97.91;98.01;97.91;98;719
USDRUBF;5;20241106;104500;97.99;97.99;97.92;97.92;588
USDRUBF;5;20241106;105000;97.92;97.92;97.82;97.86;369
USDRUBF;5;20241106;105500;97.86;97.93;97.86;97.89;345
USDRUBF;5;20241106;110000;97.9;97.9;97.8;97.82;198
USDRUBF;5;20241106;110500;97.82;97.88;97.82;97.87;149
USDRUBF;5;20241106;111000;97.86;97.93;97.85;97.93;285
USDRUBF;5;20241106;111500;97.95;98.08;97.94;97.95;1404
USDRUBF;5;20241106;112000;97.96;97.98;97.94;97.98;89
USDRUBF;5;20241106;112500;98;98.06;97.99;98.01;232
USDRUBF;5;20241106;113000;98.04;98.12;98.04;98.1;691
USDRUBF;5;20241106;113500;98.09;98.15;98.08;98.14;606
USDRUBF;5;20241106;114000;98.13;98.13;98.08;98.1;47
USDRUBF;5;20241106;114500;98.09;98.1;98.04;98.04;192
USDRUBF;5;20241106;115000;98.04;98.04;98;98.02;104
USDRUBF;5;20241106;115500;98.02;98.05;97.99;98.05;269
USDRUBF;5;20241106;120000;98.05;98.08;98.04;98.06;458
USDRUBF;5;20241106;120500;98.08;98.19;98.08;98.11;159
USDRUBF;5;20241106;121000;98.11;98.11;98.03;98.1;193
USDRUBF;5;20241106;121500;98.1;98.15;98.09;98.12;80
USDRUBF;5;20241106;122000;98.14;98.14;98.1;98.11;113
USDRUBF;5;20241106;122500;98.12;98.34;98.11;98.26;5248
USDRUBF;5;20241106;123000;98.26;98.39;98.26;98.36;2328
USDRUBF;5;20241106;123500;98.37;98.4;98.33;98.35;2976
USDRUBF;5;20241106;124000;98.36;98.38;98.32;98.35;775
USDRUBF;5;20241106;124500;98.37;98.39;98.34;98.34;401
USDRUBF;5;20241106;125000;98.34;98.34;98.26;98.26;412
USDRUBF;5;20241106;125500;98.28;98.32;98.24;98.32;330
USDRUBF;5;20241106;130000;98.31;98.35;98.3;98.33;45
USDRUBF;5;20241106;130500;98.34;98.35;98.3;98.3;231
USDRUBF;5;20241106;131000;98.29;98.31;98.27;98.27;46
USDRUBF;5;20241106;131500;98.26;98.31;98.26;98.31;44
USDRUBF;5;20241106;132000;98.31;98.31;98.24;98.24;13
USDRUBF;5;20241106;132500;98.26;98.27;98.22;98.22;119
USDRUBF;5;20241106;133000;98.22;98.28;98.22;98.26;130
USDRUBF;5;20241106;133500;98.26;98.3;98.26;98.27;55
USDRUBF;5;20241106;134000;98.29;98.29;98.24;98.24;63
USDRUBF;5;20241106;134500;98.24;98.25;98.23;98.24;73
USDRUBF;5;20241106;135000;98.24;98.28;98.23;98.28;112
USDRUBF;5;20241106;135500;98.28;98.28;98.25;98.28;40
USDRUBF;5;20241106;140500;98.29;98.29;98.25;98.25;12
USDRUBF;5;20241106;141000;98.25;98.28;98.24;98.25;90
USDRUBF;5;20241106;141500;98.25;98.26;98.21;98.25;279
USDRUBF;5;20241106;142000;98.25;98.38;98.21;98.35;554
USDRUBF;5;20241106;142500;98.36;98.38;98.28;98.33;239
USDRUBF;5;20241106;143000;98.33;98.33;98.23;98.27;774
USDRUBF;5;20241106;143500;98.25;98.33;98.25;98.33;112
USDRUBF;5;20241106;144000;98.29;98.33;98.29;98.31;45
USDRUBF;5;20241106;144500;98.31;98.36;98.31;98.35;140
USDRUBF;5;20241106;145000;98.36;98.44;98.33;98.44;338
USDRUBF;5;20241106;145500;98.42;98.45;98.37;98.37;292
USDRUBF;5;20241106;150000;98.39;98.39;98.29;98.31;549
USDRUBF;5;20241106;150500;98.31;98.31;98.27;98.31;206
USDRUBF;5;20241106;151000;98.31;98.32;98.28;98.31;342
USDRUBF;5;20241106;151500;98.31;98.31;98.3;98.3;168
USDRUBF;5;20241106;152000;98.3;98.31;98.3;98.31;3
USDRUBF;5;20241106;152500;98.33;98.35;98.31;98.35;91
USDRUBF;5;20241106;153000;98.35;98.38;98.32;98.32;116
USDRUBF;5;20241106;153500;98.33;98.36;98.33;98.34;82
USDRUBF;5;20241106;154000;98.33;98.35;98.33;98.33;220
USDRUBF;5;20241106;154500;98.34;98.35;98.33;98.35;158
USDRUBF;5;20241106;155000;98.35;98.36;98.34;98.34;101
USDRUBF;5;20241106;155500;98.35;98.41;98.35;98.41;157
USDRUBF;5;20241106;160000;98.41;98.44;98.34;98.4;553
USDRUBF;5;20241106;160500;98.39;98.45;98.39;98.41;132
USDRUBF;5;20241106;161000;98.42;98.42;98.35;98.38;326
USDRUBF;5;20241106;161500;98.36;98.39;98.34;98.34;195
USDRUBF;5;20241106;162000;98.35;98.36;98.35;98.36;50
USDRUBF;5;20241106;162500;98.35;98.36;98.35;98.35;18
USDRUBF;5;20241106;163000;98.35;98.36;98.24;98.25;954
USDRUBF;5;20241106;163500;98.25;98.25;98.11;98.13;434
USDRUBF;5;20241106;164000;98.12;98.13;98.06;98.09;2025
USDRUBF;5;20241106;164500;98.08;98.1;98.06;98.09;231
USDRUBF;5;20241106;165000;98.08;98.11;98.07;98.09;96
USDRUBF;5;20241106;165500;98.11;98.12;98.07;98.12;165
USDRUBF;5;20241106;170000;98.11;98.13;98.09;98.09;91
USDRUBF;5;20241106;170500;98.08;98.14;98.08;98.14;87
USDRUBF;5;20241106;171000;98.16;98.21;98.16;98.21;29
USDRUBF;5;20241106;171500;98.21;98.21;98.17;98.19;219
USDRUBF;5;20241106;172000;98.19;98.19;98.12;98.12;282
USDRUBF;5;20241106;172500;98.12;98.21;98.1;98.15;368
USDRUBF;5;20241106;173000;98.18;98.19;98.16;98.19;578
USDRUBF;5;20241106;173500;98.19;98.28;98.17;98.26;1674
USDRUBF;5;20241106;174000;98.22;98.29;98.22;98.22;883
USDRUBF;5;20241106;174500;98.21;98.23;98.15;98.19;548
USDRUBF;5;20241106;175000;98.16;98.2;98.16;98.16;289
USDRUBF;5;20241106;175500;98.17;98.2;98.14;98.18;522
USDRUBF;5;20241106;180000;98.15;98.26;98.11;98.24;1926
USDRUBF;5;20241106;180500;98.26;98.27;98.23;98.23;381
USDRUBF;5;20241106;181000;98.23;98.24;98.21;98.24;430
USDRUBF;5;20241106;181500;98.23;98.25;98.23;98.23;129
USDRUBF;5;20241106;182000;98.23;98.28;98.23;98.24;342
USDRUBF;5;20241106;182500;98.25;98.32;98.25;98.28;649
USDRUBF;5;20241106;183000;98.28;98.3;98.25;98.29;652
USDRUBF;5;20241106;183500;98.29;98.29;98.25;98.27;305
USDRUBF;5;20241106;184000;98.27;98.27;98.23;98.26;185
USDRUBF;5;20241106;184500;98.27;98.3;98.25;98.3;208
USDRUBF;5;20241106;190500;98.18;98.25;98.13;98.22;465
USDRUBF;5;20241106;191000;98.22;98.25;98.21;98.24;121
USDRUBF;5;20241106;191500;98.25;98.25;98.23;98.25;54
USDRUBF;5;20241106;192000;98.24;98.25;98.22;98.24;40
USDRUBF;5;20241106;192500;98.23;98.23;98.22;98.22;58
USDRUBF;5;20241106;193000;98.21;98.21;98.17;98.17;41
USDRUBF;5;20241106;193500;98.17;98.18;98.17;98.18;12
USDRUBF;5;20241106;194000;98.18;98.18;98.18;98.18;9
USDRUBF;5;20241106;194500;98.18;98.18;98.16;98.16;8
USDRUBF;5;20241106;195000;98.17;98.18;98.17;98.17;28
USDRUBF;5;20241106;195500;98.17;98.18;98.17;98.18;30
USDRUBF;5;20241106;200000;98.19;98.22;98.19;98.22;174
USDRUBF;5;20241106;200500;98.23;98.23;98.22;98.22;39
USDRUBF;5;20241106;201000;98.22;98.23;98.2;98.2;106
USDRUBF;5;20241106;202000;98.21;98.21;98.21;98.21;1
USDRUBF;5;20241106;202500;98.21;98.21;98.21;98.21;4
USDRUBF;5;20241106;203000;98.21;98.21;98.2;98.2;21
USDRUBF;5;20241106;203500;98.19;98.19;98.19;98.19;55
USDRUBF;5;20241106;204000;98.21;98.22;98.19;98.22;4
USDRUBF;5;20241106;204500;98.22;98.23;98.21;98.23;17
USDRUBF;5;20241106;205000;98.23;98.23;98.2;98.2;11
USDRUBF;5;20241106;210000;98.22;98.24;98.22;98.24;13
USDRUBF;5;20241106;210500;98.23;98.24;98.21;98.21;102
USDRUBF;5;20241106;211000;98.22;98.22;98.22;98.22;1
USDRUBF;5;20241106;211500;98.21;98.21;98.21;98.21;8
USDRUBF;5;20241106;212000;98.21;98.21;98.19;98.19;543
USDRUBF;5;20241106;212500;98.19;98.22;98.19;98.2;26
USDRUBF;5;20241106;213000;98.2;98.2;98.2;98.2;10
USDRUBF;5;20241106;214000;98.2;98.2;98.2;98.2;2
USDRUBF;5;20241106;214500;98.2;98.2;98.19;98.19;12
USDRUBF;5;20241106;215000;98.19;98.19;98.19;98.19;3
USDRUBF;5;20241106;215500;98.19;98.19;98.16;98.16;62
USDRUBF;5;20241106;220000;98.15;98.15;98.13;98.13;31
USDRUBF;5;20241106;220500;98.14;98.14;98.11;98.12;57
USDRUBF;5;20241106;221000;98.12;98.15;98.12;98.14;43
USDRUBF;5;20241106;221500;98.16;98.17;98.16;98.17;57
USDRUBF;5;20241106;222000;98.15;98.15;98.15;98.15;1
USDRUBF;5;20241106;222500;98.14;98.15;98.14;98.15;6
USDRUBF;5;20241106;223000;98.14;98.14;98.14;98.14;1
USDRUBF;5;20241106;223500;98.14;98.16;98.13;98.16;9
USDRUBF;5;20241106;224500;98.16;98.16;98.14;98.14;26
USDRUBF;5;20241106;225000;98.16;98.16;98.16;98.16;1
USDRUBF;5;20241106;225500;98.15;98.16;98.14;98.16;19
USDRUBF;5;20241106;230000;98.17;98.17;98.15;98.15;8
USDRUBF;5;20241106;230500;98.15;98.15;98.15;98.15;7
USDRUBF;5;20241106;231500;98.16;98.17;98.14;98.17;18
USDRUBF;5;20241106;232000;98.17;98.17;98.17;98.17;1
USDRUBF;5;20241106;232500;98.17;98.17;98.17;98.17;2
USDRUBF;5;20241106;233000;98.17;98.19;98.15;98.19;67
USDRUBF;5;20241106;233500;98.17;98.19;98.15;98.19;11
USDRUBF;5;20241106;234000;98.19;98.23;98.19;98.2;29
USDRUBF;5;20241106;234500;98.22;98.26;98.22;98.26;35
USDRUBF;5;20241107;100000;98.12;98.22;98.04;98.06;290
USDRUBF;5;20241107;100500;98.07;98.15;98.07;98.09;296
USDRUBF;5;20241107;101000;98.09;98.13;98.05;98.1;388
USDRUBF;5;20241107;101500;98.1;98.1;98.01;98.05;377
USDRUBF;5;20241107;102000;98.04;98.05;97.96;97.98;623
USDRUBF;5;20241107;102500;97.96;97.96;97.81;97.88;995
USDRUBF;5;20241107;103000;97.88;97.88;97.78;97.78;530
USDRUBF;5;20241107;103500;97.78;97.9;97.78;97.88;924
USDRUBF;5;20241107;104000;97.86;97.95;97.85;97.95;248
USDRUBF;5;20241107;104500;97.91;98.02;97.91;97.98;481
USDRUBF;5;20241107;105000;97.98;98.04;97.97;98.04;409
USDRUBF;5;20241107;105500;98.03;98.1;98;98.06;711
USDRUBF;5;20241107;110000;98.08;98.1;98.06;98.1;155
USDRUBF;5;20241107;110500;98.09;98.09;98.03;98.08;618
USDRUBF;5;20241107;111000;98.09;98.1;98.02;98.07;483
USDRUBF;5;20241107;111500;98.05;98.07;98.02;98.03;300
USDRUBF;5;20241107;112000;98.02;98.06;98.02;98.02;308
USDRUBF;5;20241107;112500;98.04;98.16;98.02;98.16;283
USDRUBF;5;20241107;113000;98.15;98.25;98.15;98.19;1723
USDRUBF;5;20241107;113500;98.19;98.2;98.13;98.13;126
USDRUBF;5;20241107;114000;98.14;98.18;98.14;98.15;156
USDRUBF;5;20241107;114500;98.13;98.19;98.13;98.17;219
USDRUBF;5;20241107;115000;98.17;98.17;98.14;98.16;252
USDRUBF;5;20241107;115500;98.16;98.16;98.11;98.12;343
USDRUBF;5;20241107;120000;98.11;98.13;98.1;98.11;347
USDRUBF;5;20241107;120500;98.11;98.12;98.1;98.11;640
USDRUBF;5;20241107;121000;98.1;98.14;98.08;98.1;456
USDRUBF;5;20241107;121500;98.1;98.24;98.09;98.22;373
USDRUBF;5;20241107;122000;98.22;98.24;98.17;98.17;665
USDRUBF;5;20241107;122500;98.18;98.18;98.1;98.13;637
USDRUBF;5;20241107;123000;98.13;98.15;98.13;98.15;209
USDRUBF;5;20241107;123500;98.15;98.16;98.1;98.14;329
USDRUBF;5;20241107;124000;98.12;98.13;98.1;98.13;122
USDRUBF;5;20241107;124500;98.13;98.18;98.13;98.18;287
USDRUBF;5;20241107;125000;98.18;98.18;98.14;98.14;240
USDRUBF;5;20241107;125500;98.13;98.15;98.12;98.15;213
USDRUBF;5;20241107;130000;98.17;98.17;98.09;98.09;436
USDRUBF;5;20241107;130500;98.09;98.11;98.07;98.09;870
USDRUBF;5;20241107;131000;98.11;98.11;97.95;97.95;987
USDRUBF;5;20241107;131500;97.96;97.96;97.9;97.94;297
USDRUBF;5;20241107;132000;97.95;97.98;97.94;97.96;88
USDRUBF;5;20241107;132500;97.95;97.95;97.91;97.91;106
USDRUBF;5;20241107;133000;97.94;97.94;97.9;97.9;141
USDRUBF;5;20241107;133500;97.89;97.9;97.8;97.86;881
USDRUBF;5;20241107;134000;97.85;97.92;97.84;97.9;368
USDRUBF;5;20241107;134500;97.91;97.96;97.89;97.96;114
USDRUBF;5;20241107;135000;97.92;97.98;97.92;97.96;109
USDRUBF;5;20241107;135500;97.97;97.98;97.87;97.87;244
USDRUBF;5;20241107;140500;97.87;97.99;97.87;97.89;90
USDRUBF;5;20241107;141000;97.89;97.89;97.85;97.88;352
USDRUBF;5;20241107;141500;97.87;97.98;97.86;97.97;102
USDRUBF;5;20241107;142000;97.96;97.98;97.95;97.98;39
USDRUBF;5;20241107;142500;97.95;98;97.92;97.97;157
USDRUBF;5;20241107;143000;97.95;98;97.92;97.98;111
USDRUBF;5;20241107;143500;97.95;97.99;97.9;97.94;1384
USDRUBF;5;20241107;144000;97.97;97.98;97.92;97.95;100
USDRUBF;5;20241107;144500;97.96;97.98;97.96;97.98;38
USDRUBF;5;20241107;145000;97.98;98.02;97.97;98;43
USDRUBF;5;20241107;145500;98.03;98.08;97.99;97.99;352
USDRUBF;5;20241107;150000;97.98;98.01;97.96;97.97;527
USDRUBF;5;20241107;150500;97.99;98.04;97.99;98;72
USDRUBF;5;20241107;151000;98.02;98.02;98;98;15
USDRUBF;5;20241107;151500;98;98.07;97.97;98.04;185
USDRUBF;5;20241107;152000;98.04;98.1;98.03;98.03;327
USDRUBF;5;20241107;152500;98.03;98.06;98.01;98.04;200
USDRUBF;5;20241107;153000;98.03;98.03;97.92;97.92;128
USDRUBF;5;20241107;153500;97.95;97.99;97.93;97.99;86
USDRUBF;5;20241107;154000;97.99;98.01;97.95;97.96;101
USDRUBF;5;20241107;154500;97.99;97.99;97.95;97.95;11
USDRUBF;5;20241107;155000;97.99;97.99;97.98;97.98;22
USDRUBF;5;20241107;155500;97.95;97.95;97.89;97.91;151
USDRUBF;5;20241107;160000;97.94;97.94;97.89;97.9;103
USDRUBF;5;20241107;160500;97.9;97.93;97.87;97.88;122
USDRUBF;5;20241107;161000;97.92;97.92;97.88;97.9;75
USDRUBF;5;20241107;161500;97.9;97.91;97.88;97.89;74
USDRUBF;5;20241107;162000;97.89;97.94;97.89;97.9;93
USDRUBF;5;20241107;162500;97.9;98;97.9;97.96;89
USDRUBF;5;20241107;163000;97.97;98.01;97.96;97.96;35
USDRUBF;5;20241107;163500;97.97;98;97.91;97.92;300
USDRUBF;5;20241107;164000;97.9;97.9;97.86;97.87;141
USDRUBF;5;20241107;164500;97.86;97.9;97.85;97.89;190
USDRUBF;5;20241107;165000;97.89;97.9;97.87;97.89;352
USDRUBF;5;20241107;165500;97.89;97.9;97.87;97.9;237
USDRUBF;5;20241107;170000;97.88;97.91;97.88;97.91;9
USDRUBF;5;20241107;170500;97.92;97.92;97.89;97.9;93
USDRUBF;5;20241107;171000;97.9;97.9;97.9;97.9;210
USDRUBF;5;20241107;171500;97.9;97.92;97.89;97.89;27
USDRUBF;5;20241107;172000;97.89;97.9;97.89;97.9;83
USDRUBF;5;20241107;172500;97.91;97.91;97.89;97.89;105
USDRUBF;5;20241107;173000;97.89;97.89;97.87;97.87;81
USDRUBF;5;20241107;173500;97.87;97.87;97.85;97.85;92
USDRUBF;5;20241107;174000;97.85;97.86;97.77;97.8;465
USDRUBF;5;20241107;174500;97.78;97.79;97.71;97.79;686
USDRUBF;5;20241107;175000;97.75;97.79;97.73;97.75;259
USDRUBF;5;20241107;175500;97.75;97.76;97.71;97.71;583
USDRUBF;5;20241107;180000;97.7;97.73;97.68;97.73;654
USDRUBF;5;20241107;180500;97.74;97.77;97.72;97.77;316
USDRUBF;5;20241107;181000;97.76;97.76;97.73;97.73;198
USDRUBF;5;20241107;181500;97.75;97.77;97.71;97.73;102
USDRUBF;5;20241107;182000;97.73;97.74;97.73;97.74;31
USDRUBF;5;20241107;182500;97.74;97.77;97.73;97.77;284
USDRUBF;5;20241107;183000;97.74;97.77;97.73;97.77;41
USDRUBF;5;20241107;183500;97.78;97.84;97.77;97.82;542
USDRUBF;5;20241107;184000;97.81;97.83;97.77;97.78;866
USDRUBF;5;20241107;184500;97.79;97.84;97.78;97.81;568
USDRUBF;5;20241107;190500;97.95;97.95;97.85;97.92;72
USDRUBF;5;20241107;191000;97.92;97.93;97.89;97.9;42
USDRUBF;5;20241107;191500;97.89;97.91;97.87;97.91;35
USDRUBF;5;20241107;192000;97.9;97.9;97.86;97.86;8
USDRUBF;5;20241107;192500;97.87;97.89;97.86;97.87;27
USDRUBF;5;20241107;193000;97.87;97.88;97.87;97.88;7
USDRUBF;5;20241107;193500;97.89;97.91;97.89;97.89;25
USDRUBF;5;20241107;194000;97.89;97.91;97.88;97.88;133
USDRUBF;5;20241107;194500;97.87;97.89;97.86;97.89;129
USDRUBF;5;20241107;195000;97.88;97.88;97.84;97.86;26
USDRUBF;5;20241107;195500;97.86;97.86;97.86;97.86;2
USDRUBF;5;20241107;200000;97.83;97.85;97.82;97.82;7
USDRUBF;5;20241107;200500;97.82;97.82;97.81;97.81;34
USDRUBF;5;20241107;201000;97.82;97.84;97.81;97.81;27
USDRUBF;5;20241107;201500;97.81;97.81;97.8;97.8;67
USDRUBF;5;20241107;202000;97.77;97.81;97.76;97.8;116
USDRUBF;5;20241107;202500;97.8;97.8;97.8;97.8;11
USDRUBF;5;20241107;203000;97.8;97.81;97.8;97.81;73
USDRUBF;5;20241107;203500;97.81;97.81;97.81;97.81;32
USDRUBF;5;20241107;204000;97.81;97.81;97.8;97.81;118
USDRUBF;5;20241107;204500;97.8;97.8;97.8;97.8;5
USDRUBF;5;20241107;205000;97.81;97.81;97.79;97.81;9
USDRUBF;5;20241107;205500;97.81;97.81;97.81;97.81;15
USDRUBF;5;20241107;210000;97.81;97.81;97.81;97.81;10
USDRUBF;5;20241107;210500;97.81;97.81;97.77;97.79;30
USDRUBF;5;20241107;211000;97.79;97.79;97.79;97.79;7
USDRUBF;5;20241107;212500;97.79;97.79;97.76;97.76;2
USDRUBF;5;20241107;213000;97.76;97.8;97.76;97.8;142
USDRUBF;5;20241107;213500;97.8;97.8;97.8;97.8;1
USDRUBF;5;20241107;214000;97.8;97.83;97.8;97.83;4
USDRUBF;5;20241107;214500;97.83;97.85;97.83;97.83;26
USDRUBF;5;20241107;215000;97.86;97.87;97.82;97.82;41
USDRUBF;5;20241107;215500;97.82;97.84;97.82;97.84;4
USDRUBF;5;20241107;220000;97.84;97.85;97.84;97.85;15
USDRUBF;5;20241107;220500;97.83;97.83;97.83;97.83;7
USDRUBF;5;20241107;221000;97.83;97.83;97.72;97.72;192
USDRUBF;5;20241107;221500;97.71;97.73;97.68;97.72;37
USDRUBF;5;20241107;222000;97.74;97.76;97.73;97.73;290
USDRUBF;5;20241107;222500;97.74;97.75;97.74;97.75;394
USDRUBF;5;20241107;223000;97.74;97.75;97.69;97.69;286
USDRUBF;5;20241107;223500;97.68;97.72;97.68;97.72;12
USDRUBF;5;20241107;224000;97.72;97.77;97.72;97.77;98
USDRUBF;5;20241107;224500;97.74;97.76;97.72;97.72;160
USDRUBF;5;20241107;225000;97.7;97.71;97.7;97.7;4
USDRUBF;5;20241107;225500;97.69;97.73;97.69;97.73;30
USDRUBF;5;20241107;230000;97.72;97.72;97.72;97.72;46
USDRUBF;5;20241107;230500;97.73;97.73;97.72;97.72;44
USDRUBF;5;20241107;231000;97.72;97.72;97.68;97.69;127
USDRUBF;5;20241107;231500;97.68;97.68;97.64;97.67;63
USDRUBF;5;20241107;232000;97.68;97.69;97.68;97.69;209
USDRUBF;5;20241107;232500;97.69;97.7;97.68;97.7;221
USDRUBF;5;20241107;233000;97.7;97.76;97.7;97.76;116
USDRUBF;5;20241107;233500;97.76;97.79;97.76;97.79;196
USDRUBF;5;20241107;234000;97.8;97.84;97.79;97.79;54
USDRUBF;5;20241107;234500;97.79;97.84;97.79;97.84;117
USDRUBF;5;20241108;100000;97.86;97.95;97.83;97.86;187
USDRUBF;5;20241108;100500;97.86;98.02;97.86;97.96;416
USDRUBF;5;20241108;101000;97.96;98;97.87;97.99;3519
USDRUBF;5;20241108;101500;98.01;98.09;98;98.02;663
USDRUBF;5;20241108;102000;98.03;98.06;97.93;97.95;1564
USDRUBF;5;20241108;102500;97.95;97.99;97.89;97.99;344
USDRUBF;5;20241108;103000;97.97;98;97.95;97.98;532
USDRUBF;5;20241108;103500;97.97;97.98;97.93;97.96;735
USDRUBF;5;20241108;104000;97.97;97.99;97.94;97.94;70
USDRUBF;5;20241108;104500;97.96;97.97;97.89;97.89;22
USDRUBF;5;20241108;105000;97.89;97.94;97.89;97.93;602
USDRUBF;5;20241108;105500;97.93;97.96;97.92;97.95;785
USDRUBF;5;20241108;110000;97.95;98;97.93;97.95;1016
USDRUBF;5;20241108;110500;97.93;97.97;97.92;97.94;2235
USDRUBF;5;20241108;111000;97.97;98.06;97.97;98.03;538
USDRUBF;5;20241108;111500;98.05;98.07;98.01;98.03;511
USDRUBF;5;20241108;112000;98.03;98.05;98.01;98.04;620
USDRUBF;5;20241108;112500;98.01;98.02;97.95;97.95;595
USDRUBF;5;20241108;113000;97.95;97.96;97.86;97.9;291
USDRUBF;5;20241108;113500;97.9;97.98;97.9;97.95;1001
USDRUBF;5;20241108;114000;97.95;97.99;97.95;97.99;318
USDRUBF;5;20241108;114500;97.99;98.11;97.99;98.07;1087
USDRUBF;5;20241108;115000;98.07;98.07;97.93;97.94;583
USDRUBF;5;20241108;115500;97.94;97.98;97.94;97.98;197
USDRUBF;5;20241108;120000;98;98.05;97.96;97.99;858
USDRUBF;5;20241108;120500;97.96;97.98;97.93;97.95;457
USDRUBF;5;20241108;121000;97.95;97.95;97.91;97.92;557
USDRUBF;5;20241108;121500;97.92;97.94;97.83;97.85;473
USDRUBF;5;20241108;122000;97.84;97.91;97.83;97.91;137
USDRUBF;5;20241108;122500;97.9;97.9;97.79;97.8;203
USDRUBF;5;20241108;123000;97.78;97.78;97.65;97.72;793
USDRUBF;5;20241108;123500;97.71;97.75;97.68;97.7;571
USDRUBF;5;20241108;124000;97.7;97.74;97.6;97.67;1207
USDRUBF;5;20241108;124500;97.66;97.74;97.64;97.71;930
USDRUBF;5;20241108;125000;97.72;97.74;97.72;97.73;507
USDRUBF;5;20241108;125500;97.73;97.77;97.73;97.77;1571
USDRUBF;5;20241108;130000;97.75;97.79;97.75;97.78;122
USDRUBF;5;20241108;130500;97.76;97.83;97.76;97.77;807
USDRUBF;5;20241108;131000;97.76;97.81;97.75;97.8;619
USDRUBF;5;20241108;131500;97.81;97.85;97.8;97.85;529
USDRUBF;5;20241108;132000;97.85;97.97;97.84;97.95;1990
USDRUBF;5;20241108;132500;97.95;97.97;97.93;97.96;1579
USDRUBF;5;20241108;133000;97.97;98.03;97.89;97.9;1333
USDRUBF;5;20241108;133500;97.91;97.93;97.86;97.89;290
USDRUBF;5;20241108;134000;97.86;97.86;97.84;97.84;275
USDRUBF;5;20241108;134500;97.81;97.81;97.57;97.62;3903
USDRUBF;5;20241108;135000;97.62;97.76;97.57;97.73;1612
USDRUBF;5;20241108;135500;97.75;97.76;97.72;97.76;251
USDRUBF;5;20241108;140500;97.75;97.75;97.7;97.73;249
USDRUBF;5;20241108;141000;97.74;97.79;97.73;97.79;693
USDRUBF;5;20241108;141500;97.77;97.79;97.72;97.72;251
USDRUBF;5;20241108;142000;97.75;97.76;97.69;97.69;378
USDRUBF;5;20241108;142500;97.68;97.68;97.66;97.67;88
USDRUBF;5;20241108;143000;97.66;97.68;97.58;97.59;807
USDRUBF;5;20241108;143500;97.59;97.61;97.56;97.59;387
USDRUBF;5;20241108;144000;97.58;97.58;97.52;97.53;528
USDRUBF;5;20241108;144500;97.53;97.57;97.52;97.54;1057
USDRUBF;5;20241108;145000;97.54;97.66;97.54;97.62;580
USDRUBF;5;20241108;145500;97.62;97.65;97.61;97.65;241
USDRUBF;5;20241108;150000;97.66;97.68;97.63;97.66;89
USDRUBF;5;20241108;150500;97.68;97.82;97.68;97.75;6419
USDRUBF;5;20241108;151000;97.75;97.75;97.71;97.71;1519
USDRUBF;5;20241108;151500;97.72;97.74;97.71;97.74;193
USDRUBF;5;20241108;152000;97.75;97.81;97.74;97.79;1244
USDRUBF;5;20241108;152500;97.8;97.86;97.8;97.8;2141
USDRUBF;5;20241108;153000;97.8;97.89;97.79;97.86;629
USDRUBF;5;20241108;153500;97.87;97.87;97.81;97.81;209
USDRUBF;5;20241108;154000;97.83;97.92;97.81;97.86;2011
USDRUBF;5;20241108;154500;97.86;97.89;97.82;97.82;1362
USDRUBF;5;20241108;155000;97.83;97.87;97.82;97.83;522
USDRUBF;5;20241108;155500;97.86;97.87;97.82;97.83;258
USDRUBF;5;20241108;160000;97.86;97.86;97.83;97.83;149
USDRUBF;5;20241108;160500;97.82;97.82;97.67;97.71;749
USDRUBF;5;20241108;161000;97.72;97.74;97.67;97.74;516
USDRUBF;5;20241108;161500;97.72;97.72;97.68;97.68;202
USDRUBF;5;20241108;162000;97.68;97.72;97.68;97.72;487
USDRUBF;5;20241108;162500;97.7;97.72;97.68;97.72;565
USDRUBF;5;20241108;163000;97.71;97.77;97.69;97.74;271
USDRUBF;5;20241108;163500;97.71;97.74;97.69;97.71;218
USDRUBF;5;20241108;164000;97.71;97.82;97.7;97.75;478
USDRUBF;5;20241108;164500;97.75;97.75;97.74;97.75;21
USDRUBF;5;20241108;165000;97.76;97.76;97.7;97.73;70
USDRUBF;5;20241108;165500;97.7;97.7;97.66;97.66;117
USDRUBF;5;20241108;170000;97.66;97.72;97.65;97.72;291
USDRUBF;5;20241108;170500;97.72;97.73;97.71;97.73;74
USDRUBF;5;20241108;171000;97.73;97.77;97.73;97.77;53
USDRUBF;5;20241108;171500;97.78;97.8;97.77;97.77;56
USDRUBF;5;20241108;172000;97.8;97.81;97.76;97.76;47
USDRUBF;5;20241108;172500;97.74;97.74;97.74;97.74;2
USDRUBF;5;20241108;173000;97.72;97.77;97.71;97.77;206
USDRUBF;5;20241108;173500;97.75;97.78;97.75;97.77;130
USDRUBF;5;20241108;174000;97.77;97.83;97.75;97.83;152
USDRUBF;5;20241108;174500;97.83;97.89;97.82;97.87;185
USDRUBF;5;20241108;175000;97.88;97.89;97.83;97.83;72
USDRUBF;5;20241108;175500;97.81;97.87;97.81;97.86;216
USDRUBF;5;20241108;180000;97.85;97.88;97.83;97.86;238
USDRUBF;5;20241108;180500;97.88;97.88;97.77;97.77;333
USDRUBF;5;20241108;181000;97.77;97.82;97.74;97.79;255
USDRUBF;5;20241108;181500;97.8;97.84;97.79;97.81;210
USDRUBF;5;20241108;182000;97.83;97.89;97.83;97.86;129
USDRUBF;5;20241108;182500;97.87;97.87;97.85;97.87;56
USDRUBF;5;20241108;183000;97.85;97.86;97.81;97.81;292
USDRUBF;5;20241108;183500;97.8;97.8;97.79;97.79;16
USDRUBF;5;20241108;184000;97.8;97.82;97.8;97.82;69
USDRUBF;5;20241108;184500;97.8;97.87;97.79;97.79;104
USDRUBF;5;20241108;190500;97.84;97.89;97.79;97.83;32
USDRUBF;5;20241108;191000;97.83;97.84;97.74;97.75;119
USDRUBF;5;20241108;191500;97.75;97.81;97.75;97.81;58
USDRUBF;5;20241108;192000;97.79;97.81;97.78;97.8;14
USDRUBF;5;20241108;192500;97.8;97.84;97.8;97.84;34
USDRUBF;5;20241108;193000;97.81;97.84;97.81;97.82;12
USDRUBF;5;20241108;193500;97.82;97.82;97.8;97.8;6
USDRUBF;5;20241108;194000;97.8;97.8;97.78;97.8;14
USDRUBF;5;20241108;194500;97.81;97.86;97.8;97.86;50
USDRUBF;5;20241108;195000;97.84;97.87;97.83;97.87;122
USDRUBF;5;20241108;195500;97.86;97.86;97.86;97.86;10
USDRUBF;5;20241108;200000;97.84;97.86;97.83;97.85;23
USDRUBF;5;20241108;200500;97.84;97.86;97.83;97.86;18
USDRUBF;5;20241108;201000;97.86;97.86;97.85;97.86;43
USDRUBF;5;20241108;201500;97.85;97.87;97.85;97.87;21
USDRUBF;5;20241108;202000;97.83;97.85;97.82;97.82;14
USDRUBF;5;20241108;202500;97.86;97.86;97.84;97.84;11
USDRUBF;5;20241108;203000;97.86;97.87;97.84;97.84;34
USDRUBF;5;20241108;203500;97.84;97.84;97.81;97.81;6
USDRUBF;5;20241108;204000;97.82;97.82;97.8;97.82;19
USDRUBF;5;20241108;204500;97.82;97.84;97.8;97.84;65
USDRUBF;5;20241108;205000;97.81;97.81;97.81;97.81;5
USDRUBF;5;20241108;205500;97.81;97.81;97.81;97.81;1
USDRUBF;5;20241108;210000;97.82;97.82;97.82;97.82;2
USDRUBF;5;20241108;210500;97.82;97.82;97.81;97.82;5
USDRUBF;5;20241108;211000;97.82;97.82;97.82;97.82;6
USDRUBF;5;20241108;212000;97.81;97.81;97.81;97.81;2
USDRUBF;5;20241108;212500;97.81;97.83;97.81;97.81;26
USDRUBF;5;20241108;213500;97.82;97.82;97.78;97.78;36
USDRUBF;5;20241108;214000;97.81;97.81;97.81;97.81;19
USDRUBF;5;20241108;214500;97.81;97.82;97.8;97.81;13
USDRUBF;5;20241108;215000;97.83;97.83;97.8;97.8;28
USDRUBF;5;20241108;215500;97.83;97.83;97.83;97.83;4
USDRUBF;5;20241108;220000;97.83;97.83;97.83;97.83;1
USDRUBF;5;20241108;220500;97.83;97.84;97.83;97.84;4
USDRUBF;5;20241108;221000;97.83;97.83;97.83;97.83;1
USDRUBF;5;20241108;221500;97.84;97.84;97.84;97.84;8
USDRUBF;5;20241108;222000;97.83;97.84;97.81;97.81;16
USDRUBF;5;20241108;222500;97.81;97.81;97.81;97.81;2
USDRUBF;5;20241108;223000;97.81;97.81;97.81;97.81;11
USDRUBF;5;20241108;223500;97.82;97.86;97.82;97.86;51
USDRUBF;5;20241108;224500;97.85;97.85;97.85;97.85;3
USDRUBF;5;20241108;225000;97.85;97.85;97.85;97.85;4
USDRUBF;5;20241108;225500;97.86;97.86;97.86;97.86;100
USDRUBF;5;20241108;230000;97.86;97.86;97.86;97.86;6
USDRUBF;5;20241108;230500;97.86;97.86;97.86;97.86;1
USDRUBF;5;20241108;231000;97.85;97.85;97.85;97.85;6
USDRUBF;5;20241108;231500;97.83;97.83;97.81;97.81;4
USDRUBF;5;20241108;232000;97.8;97.81;97.8;97.81;6
USDRUBF;5;20241108;232500;97.8;97.8;97.8;97.8;10
USDRUBF;5;20241108;233000;97.82;97.82;97.81;97.81;14
USDRUBF;5;20241108;234000;97.84;97.84;97.81;97.81;94
USDRUBF;5;20241108;234500;97.83;97.87;97.81;97.85;34
USDRUBF;5;20241111;100000;97.84;97.9;97.82;97.89;599
USDRUBF;5;20241111;100500;97.89;97.97;97.87;97.97;631
USDRUBF;5;20241111;101000;97.97;98.02;97.93;97.98;1327
USDRUBF;5;20241111;101500;97.95;97.95;97.86;97.9;542
USDRUBF;5;20241111;102000;97.9;97.99;97.9;97.97;203
USDRUBF;5;20241111;102500;97.98;98.02;97.96;97.97;568
USDRUBF;5;20241111;103000;97.97;98.05;97.97;98.02;286
USDRUBF;5;20241111;103500;98.03;98.09;98.02;98.04;385
USDRUBF;5;20241111;104000;98.08;98.08;98.07;98.07;6
USDRUBF;5;20241111;104500;98.08;98.1;98.01;98.03;888
USDRUBF;5;20241111;105000;98.04;98.05;97.89;97.92;1320
USDRUBF;5;20241111;105500;97.92;98.04;97.9;98.04;1498
USDRUBF;5;20241111;110000;98.02;98.1;98.02;98.07;564
USDRUBF;5;20241111;110500;98.03;98.07;98.03;98.07;51
USDRUBF;5;20241111;111000;98.08;98.15;98.07;98.13;381
USDRUBF;5;20241111;111500;98.13;98.17;98.13;98.17;624
USDRUBF;5;20241111;112000;98.16;98.17;98.15;98.16;488
USDRUBF;5;20241111;112500;98.16;98.17;98.15;98.17;471
USDRUBF;5;20241111;113000;98.17;98.21;98.16;98.18;2419
USDRUBF;5;20241111;113500;98.16;98.16;98.1;98.11;434
USDRUBF;5;20241111;114000;98.12;98.12;98.06;98.08;304
USDRUBF;5;20241111;114500;98.08;98.18;98.08;98.14;806
USDRUBF;5;20241111;115000;98.12;98.17;98.12;98.15;174
USDRUBF;5;20241111;115500;98.16;98.16;98.14;98.14;78
USDRUBF;5;20241111;120000;98.15;98.27;98.15;98.16;886
USDRUBF;5;20241111;120500;98.17;98.18;98.16;98.16;330
USDRUBF;5;20241111;121000;98.16;98.18;98.14;98.17;495
USDRUBF;5;20241111;121500;98.16;98.23;98.15;98.22;346
USDRUBF;5;20241111;122000;98.21;98.29;98.2;98.29;679
USDRUBF;5;20241111;122500;98.29;98.29;98.22;98.22;581
USDRUBF;5;20241111;123000;98.25;98.26;98.22;98.23;424
USDRUBF;5;20241111;123500;98.21;98.25;98.21;98.24;937
USDRUBF;5;20241111;124000;98.23;98.28;98.23;98.27;357
USDRUBF;5;20241111;124500;98.25;98.27;98.18;98.19;776
USDRUBF;5;20241111;125000;98.2;98.22;98.19;98.22;214
USDRUBF;5;20241111;125500;98.2;98.21;98.18;98.2;30
USDRUBF;5;20241111;130000;98.19;98.2;98.17;98.19;97
USDRUBF;5;20241111;130500;98.19;98.19;98.17;98.17;16
USDRUBF;5;20241111;131000;98.18;98.2;98.18;98.18;6
USDRUBF;5;20241111;131500;98.2;98.2;98.16;98.16;95
USDRUBF;5;20241111;132000;98.17;98.17;98.11;98.12;963
USDRUBF;5;20241111;132500;98.13;98.13;98.08;98.08;296
USDRUBF;5;20241111;133000;98.07;98.07;97.86;97.89;1097
USDRUBF;5;20241111;133500;97.88;97.9;97.75;97.85;1119
USDRUBF;5;20241111;134000;97.85;98.03;97.85;98.01;1030
USDRUBF;5;20241111;134500;97.99;97.99;97.85;97.91;669
USDRUBF;5;20241111;135000;97.91;97.93;97.84;97.87;110
USDRUBF;5;20241111;135500;97.86;97.94;97.85;97.88;324
USDRUBF;5;20241111;140500;97.92;97.93;97.83;97.86;553
USDRUBF;5;20241111;141000;97.87;97.93;97.86;97.91;37
USDRUBF;5;20241111;141500;97.89;98.02;97.89;98.02;230
USDRUBF;5;20241111;142000;98.02;98.07;97.97;98.07;274
USDRUBF;5;20241111;142500;98.08;98.11;97.97;98.02;364
USDRUBF;5;20241111;143000;98;98.05;98;98.04;180
USDRUBF;5;20241111;143500;98.03;98.05;97.93;97.97;437
USDRUBF;5;20241111;144000;97.95;97.98;97.92;97.96;649
USDRUBF;5;20241111;144500;97.96;97.99;97.93;97.99;134
USDRUBF;5;20241111;145000;98.01;98.01;97.97;97.97;59
USDRUBF;5;20241111;145500;98.01;98.01;97.99;97.99;55
USDRUBF;5;20241111;150000;98;98;97.99;97.99;89
USDRUBF;5;20241111;150500;97.98;97.98;97.95;97.95;59
USDRUBF;5;20241111;151000;98;98;97.96;97.96;115
USDRUBF;5;20241111;151500;97.99;98.03;97.98;98;330
USDRUBF;5;20241111;152000;98.02;98.03;98;98.02;48
USDRUBF;5;20241111;152500;98.02;98.04;98.01;98.04;31
USDRUBF;5;20241111;153000;98;98.02;97.98;98.01;29
USDRUBF;5;20241111;153500;98.03;98.05;98.01;98.01;409
USDRUBF;5;20241111;154000;98.04;98.04;98.01;98.01;19
USDRUBF;5;20241111;154500;98.03;98.03;97.99;97.99;186
USDRUBF;5;20241111;155000;97.98;98.03;97.98;97.98;305
USDRUBF;5;20241111;155500;97.99;97.99;97.94;97.99;160
USDRUBF;5;20241111;160000;97.99;98.02;97.99;98.02;612
USDRUBF;5;20241111;160500;98.02;98.02;97.9;97.92;57
USDRUBF;5;20241111;161000;97.92;97.94;97.89;97.92;92
USDRUBF;5;20241111;161500;97.92;97.96;97.89;97.96;322
USDRUBF;5;20241111;162000;97.96;97.97;97.94;97.97;209
USDRUBF;5;20241111;162500;97.96;97.98;97.96;97.97;56
USDRUBF;5;20241111;163000;97.99;98.01;97.97;97.97;44
USDRUBF;5;20241111;163500;98.01;98.06;98;98.02;264
USDRUBF;5;20241111;164000;98.04;98.04;97.98;97.98;194
USDRUBF;5;20241111;164500;97.98;98.02;97.97;98;240
USDRUBF;5;20241111;165000;97.97;97.98;97.95;97.98;106
USDRUBF;5;20241111;165500;97.99;98.02;97.99;98.02;488
USDRUBF;5;20241111;170000;98;98.03;97.95;97.97;578
USDRUBF;5;20241111;170500;98;98;97.96;97.96;61
USDRUBF;5;20241111;171000;97.96;97.96;97.92;97.96;100
USDRUBF;5;20241111;171500;97.96;98.03;97.95;98.03;119
USDRUBF;5;20241111;172000;98.04;98.06;98.02;98.06;166
USDRUBF;5;20241111;172500;98.05;98.05;98.01;98.02;56
USDRUBF;5;20241111;173000;98.03;98.03;98;98;229
USDRUBF;5;20241111;173500;97.98;98;97.97;97.97;37
USDRUBF;5;20241111;174000;97.98;97.99;97.94;97.96;90
USDRUBF;5;20241111;174500;97.95;97.96;97.93;97.93;123
USDRUBF;5;20241111;175000;97.92;97.96;97.92;97.96;100
USDRUBF;5;20241111;175500;97.92;97.95;97.92;97.92;26
USDRUBF;5;20241111;180000;97.92;97.93;97.86;97.86;391
USDRUBF;5;20241111;180500;97.86;97.86;97.82;97.83;286
USDRUBF;5;20241111;181000;97.85;97.86;97.72;97.78;1210
USDRUBF;5;20241111;181500;97.76;97.8;97.74;97.77;354
USDRUBF;5;20241111;182000;97.78;97.81;97.78;97.8;154
USDRUBF;5;20241111;182500;97.8;97.81;97.78;97.8;222
USDRUBF;5;20241111;183000;97.78;97.78;97.75;97.75;516
USDRUBF;5;20241111;183500;97.78;97.78;97.75;97.77;8
USDRUBF;5;20241111;184000;97.77;97.78;97.75;97.77;237
USDRUBF;5;20241111;184500;97.76;97.78;97.75;97.75;259
USDRUBF;5;20241111;190500;97.79;97.81;97.73;97.8;138
USDRUBF;5;20241111;191000;97.8;97.82;97.79;97.79;30
USDRUBF;5;20241111;191500;97.79;97.84;97.79;97.84;44
USDRUBF;5;20241111;192000;97.82;97.85;97.8;97.81;112
USDRUBF;5;20241111;192500;97.83;97.83;97.82;97.82;4
USDRUBF;5;20241111;193000;97.82;97.85;97.81;97.85;38
USDRUBF;5;20241111;193500;97.85;97.9;97.85;97.88;82
USDRUBF;5;20241111;194000;97.9;97.93;97.88;97.92;80
USDRUBF;5;20241111;194500;97.89;97.89;97.89;97.89;10
USDRUBF;5;20241111;195000;97.89;97.89;97.86;97.89;29
USDRUBF;5;20241111;195500;97.85;97.85;97.83;97.83;25
USDRUBF;5;20241111;200000;97.87;97.87;97.86;97.86;3
USDRUBF;5;20241111;201000;97.85;97.87;97.84;97.86;14
USDRUBF;5;20241111;201500;97.84;97.87;97.83;97.87;46
USDRUBF;5;20241111;202000;97.85;97.87;97.83;97.87;11
USDRUBF;5;20241111;202500;97.83;97.85;97.83;97.83;75
USDRUBF;5;20241111;203000;97.83;97.85;97.83;97.85;5
USDRUBF;5;20241111;203500;97.83;97.85;97.83;97.83;23
USDRUBF;5;20241111;204000;97.83;97.84;97.82;97.84;10
USDRUBF;5;20241111;204500;97.82;97.82;97.8;97.8;37
USDRUBF;5;20241111;205000;97.8;97.81;97.77;97.77;35
USDRUBF;5;20241111;205500;97.77;97.77;97.73;97.73;84
USDRUBF;5;20241111;210000;97.73;97.73;97.6;97.64;487
USDRUBF;5;20241111;210500;97.64;97.64;97.59;97.59;54
USDRUBF;5;20241111;211000;97.58;97.59;97.55;97.59;295
USDRUBF;5;20241111;211500;97.58;97.59;97.57;97.59;318
USDRUBF;5;20241111;212000;97.59;97.62;97.58;97.61;440
USDRUBF;5;20241111;212500;97.62;97.62;97.61;97.61;9
USDRUBF;5;20241111;213000;97.61;97.62;97.61;97.62;44
USDRUBF;5;20241111;213500;97.62;97.65;97.59;97.65;200
USDRUBF;5;20241111;214000;97.64;97.65;97.62;97.62;44
USDRUBF;5;20241111;214500;97.62;97.63;97.61;97.62;140
USDRUBF;5;20241111;215000;97.61;97.63;97.61;97.63;26
USDRUBF;5;20241111;215500;97.61;97.61;97.61;97.61;14
USDRUBF;5;20241111;220000;97.6;97.61;97.6;97.6;126
USDRUBF;5;20241111;220500;97.62;97.62;97.62;97.62;1
USDRUBF;5;20241111;221000;97.61;97.61;97.6;97.6;15
USDRUBF;5;20241111;221500;97.6;97.62;97.5;97.5;260
USDRUBF;5;20241111;222000;97.5;97.51;97.46;97.46;193
USDRUBF;5;20241111;222500;97.49;97.49;97.46;97.49;74
USDRUBF;5;20241111;223000;97.5;97.51;97.5;97.5;130
USDRUBF;5;20241111;223500;97.5;97.51;97.41;97.48;346
USDRUBF;5;20241111;224000;97.44;97.44;97.38;97.39;142
USDRUBF;5;20241111;224500;97.39;97.44;97.38;97.43;725
USDRUBF;5;20241111;225000;97.4;97.42;97.39;97.4;197
USDRUBF;5;20241111;225500;97.39;97.4;97.39;97.39;95
USDRUBF;5;20241111;230000;97.4;97.43;97.39;97.43;801
USDRUBF;5;20241111;230500;97.43;97.43;97.38;97.39;176
USDRUBF;5;20241111;231000;97.39;97.4;97.39;97.4;118
USDRUBF;5;20241111;231500;97.4;97.44;97.4;97.42;467
USDRUBF;5;20241111;232000;97.45;97.47;97.43;97.43;46
USDRUBF;5;20241111;232500;97.45;97.48;97.45;97.46;61
USDRUBF;5;20241111;233000;97.45;97.45;97.43;97.45;204
USDRUBF;5;20241111;233500;97.45;97.45;97.38;97.4;248
USDRUBF;5;20241111;234000;97.39;97.4;97.39;97.4;89
USDRUBF;5;20241111;234500;97.39;97.4;97.34;97.4;528
USDRUBF;5;20241112;100000;97.4;97.72;97.37;97.66;5892
USDRUBF;5;20241112;100500;97.62;97.68;97.54;97.68;1272
USDRUBF;5;20241112;101000;97.68;97.73;97.61;97.7;1114
USDRUBF;5;20241112;101500;97.7;97.71;97.56;97.59;642
USDRUBF;5;20241112;102000;97.58;97.61;97.58;97.61;2071
USDRUBF;5;20241112;102500;97.6;97.82;97.59;97.79;5547
USDRUBF;5;20241112;103000;97.8;97.85;97.79;97.84;452
USDRUBF;5;20241112;103500;97.85;97.91;97.85;97.9;283
USDRUBF;5;20241112;104000;97.91;97.93;97.88;97.88;465
USDRUBF;5;20241112;104500;97.88;97.9;97.87;97.89;139
USDRUBF;5;20241112;105000;97.91;97.92;97.88;97.89;115
USDRUBF;5;20241112;105500;97.88;97.89;97.8;97.81;640
USDRUBF;5;20241112;110000;97.83;97.83;97.74;97.8;2592
USDRUBF;5;20241112;110500;97.8;97.8;97.79;97.79;2120
USDRUBF;5;20241112;111000;97.78;97.8;97.75;97.8;430
USDRUBF;5;20241112;111500;97.8;97.8;97.8;97.8;510
USDRUBF;5;20241112;112000;97.8;97.84;97.79;97.84;1609
USDRUBF;5;20241112;112500;97.84;97.86;97.82;97.85;124
USDRUBF;5;20241112;113000;97.86;97.92;97.86;97.91;93
USDRUBF;5;20241112;113500;97.91;97.96;97.86;97.9;542
USDRUBF;5;20241112;114000;97.89;97.9;97.88;97.88;80
USDRUBF;5;20241112;114500;97.87;97.89;97.84;97.84;186
USDRUBF;5;20241112;115000;97.83;97.86;97.82;97.82;112
USDRUBF;5;20241112;115500;97.82;97.84;97.81;97.84;76
USDRUBF;5;20241112;120000;97.82;97.83;97.75;97.8;568
USDRUBF;5;20241112;120500;97.8;97.84;97.8;97.84;100
USDRUBF;5;20241112;121000;97.84;97.84;97.81;97.81;353
USDRUBF;5;20241112;121500;97.81;97.82;97.81;97.82;53
USDRUBF;5;20241112;122000;97.81;97.87;97.81;97.87;51
USDRUBF;5;20241112;122500;97.86;97.89;97.83;97.88;186
USDRUBF;5;20241112;123000;97.89;97.92;97.88;97.88;474
USDRUBF;5;20241112;123500;97.9;97.91;97.87;97.88;149
USDRUBF;5;20241112;124000;97.88;97.94;97.88;97.91;140
USDRUBF;5;20241112;124500;97.92;97.92;97.87;97.89;132
USDRUBF;5;20241112;125000;97.92;97.92;97.89;97.9;179
USDRUBF;5;20241112;125500;97.9;97.92;97.9;97.91;4
USDRUBF;5;20241112;130000;97.91;97.96;97.91;97.92;249
USDRUBF;5;20241112;130500;97.92;97.93;97.9;97.93;19
USDRUBF;5;20241112;131000;97.91;97.93;97.9;97.93;137
USDRUBF;5;20241112;131500;97.9;97.9;97.89;97.89;13
USDRUBF;5;20241112;132000;97.89;97.92;97.87;97.92;140
USDRUBF;5;20241112;132500;97.89;97.93;97.89;97.9;96
USDRUBF;5;20241112;133000;97.9;97.93;97.9;97.92;35
USDRUBF;5;20241112;133500;97.91;97.97;97.91;97.94;431
USDRUBF;5;20241112;134000;97.97;97.97;97.9;97.9;197
USDRUBF;5;20241112;134500;97.92;97.92;97.9;97.9;5
USDRUBF;5;20241112;135000;97.93;97.97;97.93;97.97;313
USDRUBF;5;20241112;135500;97.98;98.04;97.97;98.01;614
USDRUBF;5;20241112;140500;98.03;98.11;98.03;98.08;658
USDRUBF;5;20241112;141000;98.07;98.07;98.02;98.02;811
USDRUBF;5;20241112;141500;98.02;98.07;98.02;98.06;232
USDRUBF;5;20241112;142000;98.07;98.09;97.97;97.97;217
USDRUBF;5;20241112;142500;98;98.05;98;98.05;56
USDRUBF;5;20241112;143000;98.06;98.07;98.04;98.04;183
USDRUBF;5;20241112;143500;98.05;98.05;97.95;97.96;414
USDRUBF;5;20241112;144000;97.97;98.02;97.97;98.02;216
USDRUBF;5;20241112;144500;98.02;98.02;97.98;98.02;106
USDRUBF;5;20241112;145000;98.01;98.05;98;98;454
USDRUBF;5;20241112;150000;98.01;98.03;97.99;98;161
USDRUBF;5;20241112;150500;97.97;97.97;97.94;97.94;166
USDRUBF;5;20241112;151000;97.94;97.96;97.92;97.94;104
USDRUBF;5;20241112;151500;97.93;97.93;97.92;97.93;100
USDRUBF;5;20241112;152000;97.93;97.95;97.93;97.95;10
USDRUBF;5;20241112;152500;97.96;97.96;97.94;97.94;39
USDRUBF;5;20241112;153000;97.95;97.95;97.95;97.95;14
USDRUBF;5;20241112;153500;97.95;97.96;97.93;97.93;174
USDRUBF;5;20241112;154000;97.95;97.97;97.95;97.95;108
USDRUBF;5;20241112;154500;97.96;97.96;97.95;97.95;9
USDRUBF;5;20241112;155000;97.95;97.96;97.95;97.95;320
USDRUBF;5;20241112;155500;97.95;97.98;97.95;97.98;41
USDRUBF;5;20241112;160500;97.95;97.97;97.95;97.95;196
USDRUBF;5;20241112;161000;97.95;97.97;97.95;97.95;239
USDRUBF;5;20241112;161500;97.95;97.95;97.87;97.87;1385
USDRUBF;5;20241112;162000;97.88;97.89;97.86;97.88;106
USDRUBF;5;20241112;162500;97.86;97.89;97.83;97.85;195
USDRUBF;5;20241112;163000;97.88;97.91;97.88;97.91;113
USDRUBF;5;20241112;163500;97.92;97.94;97.91;97.91;29
USDRUBF;5;20241112;164000;97.92;97.94;97.91;97.94;23
USDRUBF;5;20241112;164500;97.95;97.97;97.93;97.96;43
USDRUBF;5;20241112;165000;97.96;97.96;97.92;97.95;49
USDRUBF;5;20241112;165500;97.92;97.95;97.92;97.95;20
USDRUBF;5;20241112;170000;97.95;97.95;97.88;97.88;368
USDRUBF;5;20241112;170500;97.88;97.91;97.87;97.9;57
USDRUBF;5;20241112;171000;97.91;97.96;97.91;97.95;819
USDRUBF;5;20241112;171500;97.93;97.94;97.88;97.91;730
USDRUBF;5;20241112;172000;97.9;97.96;97.9;97.96;545
USDRUBF;5;20241112;172500;97.97;98.02;97.97;98.02;669
USDRUBF;5;20241112;173000;98.02;98.05;98;98.03;571
USDRUBF;5;20241112;173500;98.03;98.05;97.99;98.05;420
USDRUBF;5;20241112;174000;98.04;98.05;98.01;98.04;236
USDRUBF;5;20241112;174500;98.02;98.06;98.02;98.05;153
USDRUBF;5;20241112;175000;98.04;98.06;98.03;98.06;68
USDRUBF;5;20241112;175500;98.03;98.06;98.03;98.05;312
USDRUBF;5;20241112;180000;98.06;98.09;98.03;98.09;662
USDRUBF;5;20241112;180500;98.09;98.15;98.07;98.12;617
USDRUBF;5;20241112;181000;98.12;98.13;98.11;98.11;206
USDRUBF;5;20241112;181500;98.12;98.13;98.1;98.1;259
USDRUBF;5;20241112;182000;98.11;98.14;98.1;98.14;498
USDRUBF;5;20241112;182500;98.14;98.15;98.12;98.15;152
USDRUBF;5;20241112;183000;98.15;98.15;98.11;98.12;405
USDRUBF;5;20241112;183500;98.12;98.15;98.12;98.15;111
USDRUBF;5;20241112;184000;98.14;98.14;98.12;98.14;392
USDRUBF;5;20241112;184500;98.14;98.15;98.12;98.14;306
USDRUBF;5;20241112;190500;98.1;98.2;97.99;98.19;452
USDRUBF;5;20241112;191000;98.17;98.23;98.17;98.2;411
USDRUBF;5;20241112;191500;98.19;98.23;98.19;98.22;461
USDRUBF;5;20241112;192000;98.21;98.21;98.17;98.17;347
USDRUBF;5;20241112;192500;98.17;98.18;98.16;98.17;176
USDRUBF;5;20241112;193000;98.17;98.17;98.15;98.17;84
USDRUBF;5;20241112;193500;98.16;98.17;98.15;98.17;126
USDRUBF;5;20241112;194000;98.15;98.19;98.15;98.19;80
USDRUBF;5;20241112;194500;98.19;98.23;98.19;98.22;52
USDRUBF;5;20241112;195000;98.22;98.23;98.22;98.23;126
USDRUBF;5;20241112;195500;98.23;98.23;98.22;98.23;512
USDRUBF;5;20241112;200000;98.23;98.27;98.16;98.21;834
USDRUBF;5;20241112;200500;98.21;98.21;98.18;98.18;64
USDRUBF;5;20241112;201000;98.18;98.21;98.18;98.18;17
USDRUBF;5;20241112;201500;98.2;98.21;98.18;98.18;56
USDRUBF;5;20241112;202000;98.19;98.19;98.18;98.19;5
USDRUBF;5;20241112;202500;98.17;98.21;98.17;98.21;74
USDRUBF;5;20241112;203000;98.21;98.21;98.21;98.21;11
USDRUBF;5;20241112;203500;98.21;98.21;98.2;98.2;27
USDRUBF;5;20241112;204000;98.21;98.22;98.21;98.22;9
USDRUBF;5;20241112;204500;98.22;98.22;98.22;98.22;64
USDRUBF;5;20241112;205000;98.22;98.22;98.18;98.18;49
USDRUBF;5;20241112;205500;98.19;98.19;98.19;98.19;5
USDRUBF;5;20241112;210000;98.18;98.2;98.18;98.19;4
USDRUBF;5;20241112;210500;98.19;98.2;98.19;98.2;6
USDRUBF;5;20241112;211500;98.18;98.18;98.18;98.18;2
USDRUBF;5;20241112;212500;98.2;98.23;98.2;98.23;62
USDRUBF;5;20241112;213000;98.24;98.26;98.24;98.26;50
USDRUBF;5;20241112;213500;98.24;98.25;98.22;98.25;14
USDRUBF;5;20241112;214000;98.25;98.28;98.25;98.28;61
USDRUBF;5;20241112;214500;98.27;98.29;98.27;98.27;34
USDRUBF;5;20241112;215000;98.29;98.29;98.27;98.29;24
USDRUBF;5;20241112;215500;98.28;98.3;98.27;98.3;348
USDRUBF;5;20241112;220000;98.3;98.32;98.3;98.32;160
USDRUBF;5;20241112;220500;98.31;98.31;98.3;98.3;71
USDRUBF;5;20241112;221000;98.31;98.32;98.3;98.3;49
USDRUBF;5;20241112;221500;98.31;98.32;98.31;98.31;44
USDRUBF;5;20241112;222000;98.32;98.32;98.3;98.31;33
USDRUBF;5;20241112;222500;98.31;98.32;98.28;98.31;274
USDRUBF;5;20241112;223000;98.3;98.31;98.3;98.3;43
USDRUBF;5;20241112;223500;98.31;98.31;98.3;98.3;75
USDRUBF;5;20241112;224000;98.3;98.3;98.26;98.26;231
USDRUBF;5;20241112;224500;98.26;98.26;98.25;98.26;53
USDRUBF;5;20241112;225000;98.26;98.28;98.26;98.28;80
USDRUBF;5;20241112;225500;98.28;98.28;98.25;98.25;103
USDRUBF;5;20241112;230000;98.28;98.29;98.26;98.26;54
USDRUBF;5;20241112;230500;98.26;98.27;98.26;98.26;23
USDRUBF;5;20241112;231000;98.27;98.27;98.25;98.25;49
USDRUBF;5;20241112;231500;98.25;98.28;98.24;98.28;151
USDRUBF;5;20241112;232000;98.26;98.28;98.25;98.27;19
USDRUBF;5;20241112;232500;98.27;98.27;98.27;98.27;2
USDRUBF;5;20241112;233000;98.24;98.24;98.21;98.22;102
USDRUBF;5;20241112;234000;98.22;98.22;98.21;98.22;20
USDRUBF;5;20241112;234500;98.23;98.25;98.21;98.25;15
USDRUBF;5;20241113;100000;98.23;98.31;98.22;98.31;1144
USDRUBF;5;20241113;100500;98.3;98.48;98.25;98.41;4018
USDRUBF;5;20241113;101000;98.42;98.46;98.3;98.33;2731
USDRUBF;5;20241113;101500;98.33;98.53;98.33;98.45;2152
USDRUBF;5;20241113;102000;98.46;98.55;98.44;98.46;3286
USDRUBF;5;20241113;102500;98.46;98.47;98.41;98.41;1463
USDRUBF;5;20241113;103000;98.41;98.48;98.41;98.45;510
USDRUBF;5;20241113;103500;98.44;98.48;98.42;98.48;702
USDRUBF;5;20241113;104000;98.47;98.47;98.45;98.45;23
USDRUBF;5;20241113;104500;98.43;98.61;98.43;98.56;5549
USDRUBF;5;20241113;105000;98.55;98.62;98.47;98.54;4026
USDRUBF;5;20241113;105500;98.54;98.58;98.52;98.58;1300
USDRUBF;5;20241113;110000;98.57;98.61;98.51;98.55;1389
USDRUBF;5;20241113;110500;98.52;98.57;98.5;98.5;728
USDRUBF;5;20241113;111000;98.51;98.52;98.46;98.46;667
USDRUBF;5;20241113;111500;98.47;98.47;98.43;98.44;1032
USDRUBF;5;20241113;112000;98.44;98.44;98.41;98.41;424
USDRUBF;5;20241113;112500;98.42;98.48;98.41;98.45;287
USDRUBF;5;20241113;113000;98.45;98.46;98.43;98.45;63
USDRUBF;5;20241113;113500;98.45;98.47;98.43;98.43;97
USDRUBF;5;20241113;114000;98.44;98.49;98.43;98.49;88
USDRUBF;5;20241113;114500;98.49;98.49;98.46;98.49;152
USDRUBF;5;20241113;115000;98.48;98.48;98.42;98.43;734
USDRUBF;5;20241113;115500;98.43;98.43;98.4;98.4;681
USDRUBF;5;20241113;120000;98.41;98.43;98.4;98.43;104
USDRUBF;5;20241113;120500;98.46;98.47;98.42;98.47;174
USDRUBF;5;20241113;121000;98.43;98.46;98.43;98.43;179
USDRUBF;5;20241113;121500;98.43;98.45;98.43;98.44;316
USDRUBF;5;20241113;122000;98.46;98.52;98.46;98.47;338
USDRUBF;5;20241113;122500;98.46;98.46;98.41;98.45;663
USDRUBF;5;20241113;123000;98.46;98.49;98.44;98.44;195
USDRUBF;5;20241113;123500;98.44;98.44;98.41;98.43;210
USDRUBF;5;20241113;124000;98.44;98.47;98.44;98.45;61
USDRUBF;5;20241113;124500;98.45;98.5;98.45;98.49;655
USDRUBF;5;20241113;125000;98.49;98.57;98.49;98.55;832
USDRUBF;5;20241113;125500;98.55;98.6;98.53;98.6;508
USDRUBF;5;20241113;130000;98.6;98.65;98.53;98.54;963
USDRUBF;5;20241113;130500;98.54;98.54;98.51;98.52;196
USDRUBF;5;20241113;131000;98.51;98.54;98.5;98.52;80
USDRUBF;5;20241113;131500;98.52;98.52;98.46;98.47;196
USDRUBF;5;20241113;132000;98.48;98.52;98.48;98.52;42
USDRUBF;5;20241113;132500;98.52;98.52;98.46;98.47;188
USDRUBF;5;20241113;133000;98.47;98.48;98.4;98.42;777
USDRUBF;5;20241113;133500;98.45;98.45;98.43;98.43;10
USDRUBF;5;20241113;134000;98.46;98.5;98.45;98.45;488
USDRUBF;5;20241113;134500;98.46;98.47;98.42;98.47;574
USDRUBF;5;20241113;135000;98.46;98.46;98.4;98.4;219
USDRUBF;5;20241113;135500;98.4;98.51;98.4;98.51;93
USDRUBF;5;20241113;140500;98.51;98.69;98.48;98.52;517
USDRUBF;5;20241113;141000;98.51;98.55;98.51;98.55;17
USDRUBF;5;20241113;141500;98.54;98.56;98.52;98.56;65
USDRUBF;5;20241113;142000;98.56;98.57;98.49;98.5;497
USDRUBF;5;20241113;142500;98.5;98.53;98.5;98.53;64
USDRUBF;5;20241113;143000;98.53;98.53;98.51;98.52;139
USDRUBF;5;20241113;143500;98.53;98.55;98.52;98.54;100
USDRUBF;5;20241113;144000;98.53;98.54;98.52;98.54;111
USDRUBF;5;20241113;144500;98.54;98.59;98.51;98.54;220
USDRUBF;5;20241113;145000;98.53;98.53;98.5;98.5;903
USDRUBF;5;20241113;145500;98.5;98.5;98.46;98.46;666
USDRUBF;5;20241113;150000;98.44;98.45;98.43;98.43;493
USDRUBF;5;20241113;150500;98.42;98.46;98.42;98.45;643
USDRUBF;5;20241113;151000;98.45;98.46;98.42;98.43;328
USDRUBF;5;20241113;151500;98.43;98.44;98.42;98.43;204
USDRUBF;5;20241113;152000;98.43;98.44;98.43;98.43;72
USDRUBF;5;20241113;152500;98.43;98.44;98.42;98.42;215
USDRUBF;5;20241113;153000;98.42;98.43;98.42;98.43;266
USDRUBF;5;20241113;153500;98.42;98.43;98.42;98.42;57
USDRUBF;5;20241113;154000;98.42;98.43;98.39;98.39;872
USDRUBF;5;20241113;154500;98.39;98.4;98.37;98.39;381
USDRUBF;5;20241113;155000;98.39;98.39;98.37;98.38;514
USDRUBF;5;20241113;155500;98.38;98.38;98.37;98.37;166
USDRUBF;5;20241113;160000;98.37;98.44;98.37;98.44;156
USDRUBF;5;20241113;160500;98.45;98.45;98.42;98.43;93
USDRUBF;5;20241113;161000;98.44;98.45;98.42;98.42;168
USDRUBF;5;20241113;161500;98.41;98.43;98.39;98.4;23
USDRUBF;5;20241113;162000;98.42;98.44;98.41;98.42;49
USDRUBF;5;20241113;162500;98.43;98.45;98.43;98.45;23
USDRUBF;5;20241113;163000;98.43;98.43;98.37;98.38;256
USDRUBF;5;20241113;163500;98.38;98.38;98.37;98.37;344
USDRUBF;5;20241113;164000;98.39;98.39;98.35;98.37;436
USDRUBF;5;20241113;164500;98.4;98.42;98.39;98.42;290
USDRUBF;5;20241113;165000;98.43;98.45;98.42;98.43;57
USDRUBF;5;20241113;165500;98.45;98.46;98.44;98.44;7
USDRUBF;5;20241113;170000;98.47;98.5;98.46;98.49;269
USDRUBF;5;20241113;170500;98.48;98.58;98.45;98.55;1287
USDRUBF;5;20241113;171000;98.56;98.57;98.51;98.51;213
USDRUBF;5;20241113;171500;98.5;98.51;98.45;98.45;140
USDRUBF;5;20241113;172000;98.46;98.56;98.46;98.53;1053
USDRUBF;5;20241113;172500;98.52;98.54;98.52;98.53;96
USDRUBF;5;20241113;173000;98.54;98.56;98.53;98.55;470
USDRUBF;5;20241113;173500;98.55;98.59;98.55;98.56;443
USDRUBF;5;20241113;174000;98.53;98.55;98.53;98.54;110
USDRUBF;5;20241113;174500;98.53;98.56;98.52;98.53;578
USDRUBF;5;20241113;175000;98.53;98.57;98.51;98.56;693
USDRUBF;5;20241113;175500;98.56;98.57;98.54;98.57;817
USDRUBF;5;20241113;180000;98.57;98.57;98.54;98.56;766
USDRUBF;5;20241113;180500;98.55;98.56;98.52;98.55;591
USDRUBF;5;20241113;181000;98.54;98.55;98.52;98.53;358
USDRUBF;5;20241113;181500;98.53;98.55;98.51;98.52;262
USDRUBF;5;20241113;182000;98.51;98.53;98.51;98.52;204
USDRUBF;5;20241113;182500;98.52;98.53;98.52;98.53;142
USDRUBF;5;20241113;183000;98.53;98.54;98.52;98.54;206
USDRUBF;5;20241113;183500;98.53;98.53;98.39;98.42;4639
USDRUBF;5;20241113;184000;98.41;98.44;98.38;98.43;1446
USDRUBF;5;20241113;184500;98.45;98.48;98.42;98.47;291
USDRUBF;5;20241113;190500;98.55;98.77;98.38;98.53;273
USDRUBF;5;20241113;191000;98.5;98.52;98.5;98.5;42
USDRUBF;5;20241113;191500;98.5;98.51;98.47;98.49;67
USDRUBF;5;20241113;192000;98.49;98.49;98.46;98.48;21
USDRUBF;5;20241113;192500;98.46;98.46;98.41;98.41;162
USDRUBF;5;20241113;193000;98.41;98.44;98.4;98.42;124
USDRUBF;5;20241113;193500;98.42;98.43;98.39;98.39;208
USDRUBF;5;20241113;194000;98.39;98.43;98.37;98.42;61
USDRUBF;5;20241113;194500;98.39;98.42;98.39;98.39;34
USDRUBF;5;20241113;195000;98.38;98.39;98.31;98.33;254
USDRUBF;5;20241113;195500;98.35;98.39;98.35;98.37;22
USDRUBF;5;20241113;200000;98.38;98.39;98.37;98.37;13
USDRUBF;5;20241113;200500;98.38;98.41;98.37;98.37;50
USDRUBF;5;20241113;201000;98.37;98.4;98.36;98.4;47
USDRUBF;5;20241113;201500;98.38;98.4;98.36;98.4;67
USDRUBF;5;20241113;202000;98.4;98.45;98.39;98.44;42
USDRUBF;5;20241113;202500;98.43;98.46;98.41;98.41;75
USDRUBF;5;20241113;203000;98.41;98.41;98.39;98.4;98
USDRUBF;5;20241113;203500;98.42;98.43;98.4;98.41;25
USDRUBF;5;20241113;204000;98.41;98.41;98.39;98.4;67
USDRUBF;5;20241113;204500;98.39;98.39;98.39;98.39;3
USDRUBF;5;20241113;205000;98.4;98.43;98.4;98.41;23
USDRUBF;5;20241113;205500;98.42;98.43;98.4;98.43;11
USDRUBF;5;20241113;210000;98.42;98.44;98.4;98.4;48
USDRUBF;5;20241113;210500;98.42;98.43;98.42;98.43;6
USDRUBF;5;20241113;211000;98.44;98.44;98.44;98.44;12
USDRUBF;5;20241113;211500;98.43;98.43;98.43;98.43;3
USDRUBF;5;20241113;212000;98.44;98.44;98.43;98.43;7
USDRUBF;5;20241113;213000;98.43;98.44;98.43;98.44;3
USDRUBF;5;20241113;213500;98.45;98.49;98.45;98.46;44
USDRUBF;5;20241113;214500;98.48;98.49;98.48;98.49;2
USDRUBF;5;20241113;215000;98.48;98.49;98.47;98.47;47
USDRUBF;5;20241113;215500;98.48;98.51;98.48;98.51;90
USDRUBF;5;20241113;220000;98.51;98.53;98.51;98.52;56
USDRUBF;5;20241113;220500;98.5;98.52;98.5;98.5;28
USDRUBF;5;20241113;221000;98.49;98.5;98.49;98.5;4
USDRUBF;5;20241113;221500;98.5;98.5;98.49;98.49;7
USDRUBF;5;20241113;222000;98.48;98.5;98.48;98.49;4
USDRUBF;5;20241113;222500;98.51;98.51;98.49;98.49;2
USDRUBF;5;20241113;223000;98.51;98.53;98.5;98.53;49
USDRUBF;5;20241113;223500;98.53;98.54;98.52;98.54;9
USDRUBF;5;20241113;224000;98.52;98.54;98.52;98.52;3
USDRUBF;5;20241113;224500;98.5;98.5;98.49;98.49;14
USDRUBF;5;20241113;225000;98.51;98.51;98.5;98.5;2
USDRUBF;5;20241113;225500;98.5;98.5;98.49;98.49;8
USDRUBF;5;20241113;230000;98.51;98.52;98.51;98.52;20
USDRUBF;5;20241113;230500;98.51;98.51;98.51;98.51;10
USDRUBF;5;20241113;231500;98.53;98.54;98.53;98.54;64
USDRUBF;5;20241113;232000;98.54;98.55;98.54;98.55;10
USDRUBF;5;20241113;232500;98.54;98.55;98.54;98.55;21
USDRUBF;5;20241113;233000;98.56;98.58;98.56;98.58;22
USDRUBF;5;20241113;233500;98.59;98.59;98.58;98.58;59
USDRUBF;5;20241113;234000;98.57;98.59;98.55;98.55;32
USDRUBF;5;20241113;234500;98.57;98.59;98.55;98.59;84
USDRUBF;5;20241114;100000;98.59;98.74;98.59;98.7;583
USDRUBF;5;20241114;100500;98.69;98.7;98.59;98.62;1034
USDRUBF;5;20241114;101000;98.63;98.66;98.52;98.6;759
USDRUBF;5;20241114;101500;98.63;98.67;98.58;98.62;720
USDRUBF;5;20241114;102000;98.61;98.71;98.56;98.71;980
USDRUBF;5;20241114;102500;98.72;98.83;98.71;98.78;1150
USDRUBF;5;20241114;103000;98.76;98.78;98.72;98.72;474
USDRUBF;5;20241114;103500;98.72;98.81;98.72;98.75;268
USDRUBF;5;20241114;104000;98.74;98.79;98.73;98.77;389
USDRUBF;5;20241114;104500;98.76;98.8;98.75;98.77;398
USDRUBF;5;20241114;105000;98.76;98.78;98.75;98.78;375
USDRUBF;5;20241114;105500;98.78;98.81;98.72;98.75;977
USDRUBF;5;20241114;110000;98.75;98.79;98.73;98.79;167
USDRUBF;5;20241114;110500;98.79;98.85;98.79;98.8;380
USDRUBF;5;20241114;111000;98.8;98.83;98.75;98.81;212
USDRUBF;5;20241114;111500;98.78;98.85;98.78;98.85;176
USDRUBF;5;20241114;112000;98.84;98.9;98.84;98.9;2371
USDRUBF;5;20241114;112500;98.89;98.9;98.81;98.85;182
USDRUBF;5;20241114;113000;98.86;98.9;98.84;98.86;86
USDRUBF;5;20241114;113500;98.86;98.93;98.86;98.93;334
USDRUBF;5;20241114;114000;98.9;98.95;98.88;98.95;625
USDRUBF;5;20241114;114500;98.95;99.02;98.95;99.02;2485
USDRUBF;5;20241114;115000;99.01;99.04;99;99.01;367
USDRUBF;5;20241114;115500;99.01;99.09;99.01;99.02;1110
USDRUBF;5;20241114;120000;99.01;99.05;99;99.05;550
USDRUBF;5;20241114;120500;99.02;99.06;99.02;99.03;49
USDRUBF;5;20241114;121000;99.02;99.03;99;99.02;577
USDRUBF;5;20241114;121500;99.02;99.06;99.01;99.04;209
USDRUBF;5;20241114;122000;99.05;99.11;99.05;99.08;366
USDRUBF;5;20241114;122500;99.11;99.14;99.07;99.14;322
USDRUBF;5;20241114;123000;99.12;99.15;99.09;99.15;348
USDRUBF;5;20241114;123500;99.13;99.13;99.08;99.11;107
USDRUBF;5;20241114;124000;99.12;99.16;99.11;99.12;432
USDRUBF;5;20241114;124500;99.16;99.21;99.13;99.18;787
USDRUBF;5;20241114;125000;99.18;99.21;99.12;99.15;342
USDRUBF;5;20241114;125500;99.13;99.16;99.13;99.15;117
USDRUBF;5;20241114;130000;99.12;99.15;99.11;99.12;55
USDRUBF;5;20241114;130500;99.14;99.18;99.12;99.15;275
USDRUBF;5;20241114;131000;99.18;99.24;99.16;99.24;582
USDRUBF;5;20241114;131500;99.21;99.33;99.21;99.3;2021
USDRUBF;5;20241114;132000;99.31;99.33;99.3;99.32;369
USDRUBF;5;20241114;132500;99.33;99.35;99.3;99.32;401
USDRUBF;5;20241114;133000;99.35;99.43;99.32;99.43;444
USDRUBF;5;20241114;133500;99.44;99.48;99.39;99.43;586
USDRUBF;5;20241114;134000;99.42;99.44;99.36;99.4;574
USDRUBF;5;20241114;134500;99.41;99.43;99.34;99.34;542
USDRUBF;5;20241114;135000;99.34;99.39;99.34;99.38;59
USDRUBF;5;20241114;135500;99.37;99.37;99.33;99.35;232
USDRUBF;5;20241114;140500;99.36;99.41;99.36;99.39;30
USDRUBF;5;20241114;141000;99.39;99.42;99.37;99.42;156
USDRUBF;5;20241114;141500;99.41;99.45;99.41;99.42;262
USDRUBF;5;20241114;142000;99.41;99.44;99.4;99.4;37
USDRUBF;5;20241114;142500;99.43;99.54;99.41;99.5;624
USDRUBF;5;20241114;143000;99.46;99.48;99.43;99.46;83
USDRUBF;5;20241114;143500;99.47;99.51;99.47;99.47;107
USDRUBF;5;20241114;144000;99.51;99.52;99.38;99.38;326
USDRUBF;5;20241114;144500;99.4;99.49;99.38;99.49;856
USDRUBF;5;20241114;145000;99.48;99.59;99.48;99.55;514
USDRUBF;5;20241114;145500;99.55;99.62;99.52;99.62;250
USDRUBF;5;20241114;150000;99.6;99.6;99.51;99.51;333
USDRUBF;5;20241114;150500;99.52;99.53;99.47;99.5;1003
USDRUBF;5;20241114;151000;99.5;99.56;99.48;99.48;930
USDRUBF;5;20241114;151500;99.49;99.52;99.49;99.49;182
USDRUBF;5;20241114;152000;99.5;99.56;99.47;99.56;199
USDRUBF;5;20241114;152500;99.55;99.57;99.52;99.53;434
USDRUBF;5;20241114;153000;99.53;99.55;99.5;99.51;952
USDRUBF;5;20241114;153500;99.53;99.54;99.47;99.48;205
USDRUBF;5;20241114;154000;99.47;99.5;99.47;99.49;188
USDRUBF;5;20241114;154500;99.48;99.48;99.46;99.47;601
USDRUBF;5;20241114;155000;99.46;99.49;99.46;99.49;78
USDRUBF;5;20241114;155500;99.48;99.53;99.48;99.51;282
USDRUBF;5;20241114;160000;99.49;99.5;99.46;99.46;97
USDRUBF;5;20241114;160500;99.46;99.46;99.38;99.4;1687
USDRUBF;5;20241114;161000;99.4;99.42;99.39;99.41;36
USDRUBF;5;20241114;161500;99.42;99.43;99.39;99.39;440
USDRUBF;5;20241114;162000;99.39;99.42;99.39;99.39;48
USDRUBF;5;20241114;162500;99.39;99.44;99.39;99.42;250
USDRUBF;5;20241114;163000;99.42;99.49;99.42;99.49;230
USDRUBF;5;20241114;163500;99.48;99.51;99.48;99.49;77
USDRUBF;5;20241114;164000;99.48;99.49;99.43;99.48;140
USDRUBF;5;20241114;164500;99.45;99.45;99.4;99.42;143
USDRUBF;5;20241114;165000;99.4;99.42;99.36;99.39;236
USDRUBF;5;20241114;165500;99.36;99.36;99.36;99.36;7
USDRUBF;5;20241114;170000;99.36;99.37;99.27;99.28;946
USDRUBF;5;20241114;170500;99.28;99.32;99.26;99.26;427
USDRUBF;5;20241114;171000;99.3;99.32;99.26;99.27;241
USDRUBF;5;20241114;171500;99.28;99.31;99.28;99.3;163
USDRUBF;5;20241114;172000;99.32;99.33;99.3;99.3;18
USDRUBF;5;20241114;172500;99.32;99.33;99.28;99.31;276
USDRUBF;5;20241114;173000;99.29;99.3;99.27;99.28;86
USDRUBF;5;20241114;173500;99.3;99.31;99.22;99.26;753
USDRUBF;5;20241114;174000;99.27;99.29;99.22;99.25;434
USDRUBF;5;20241114;174500;99.23;99.24;99.2;99.23;799
USDRUBF;5;20241114;175000;99.24;99.26;99.22;99.26;1048
USDRUBF;5;20241114;175500;99.26;99.29;99.16;99.17;1250
USDRUBF;5;20241114;180000;99.19;99.25;99.18;99.25;228
USDRUBF;5;20241114;180500;99.26;99.33;99.26;99.33;411
USDRUBF;5;20241114;181000;99.33;99.33;99.28;99.28;71
USDRUBF;5;20241114;181500;99.3;99.33;99.27;99.33;128
USDRUBF;5;20241114;182000;99.32;99.33;99.3;99.32;133
USDRUBF;5;20241114;182500;99.31;99.31;99.27;99.3;203
USDRUBF;5;20241114;183000;99.3;99.34;99.28;99.33;308
USDRUBF;5;20241114;183500;99.31;99.35;99.3;99.35;82
USDRUBF;5;20241114;184000;99.33;99.35;99.33;99.35;45
USDRUBF;5;20241114;184500;99.35;99.35;99.25;99.25;38
USDRUBF;5;20241114;190500;99.3;99.37;99.3;99.33;41
USDRUBF;5;20241114;191000;99.37;99.47;99.33;99.44;60
USDRUBF;5;20241114;191500;99.43;99.43;99.35;99.35;50
USDRUBF;5;20241114;192000;99.35;99.38;99.32;99.36;77
USDRUBF;5;20241114;192500;99.36;99.37;99.34;99.37;57
USDRUBF;5;20241114;193000;99.37;99.37;99.35;99.36;33
USDRUBF;5;20241114;193500;99.36;99.36;99.35;99.35;51
USDRUBF;5;20241114;194000;99.36;99.36;99.36;99.36;44
USDRUBF;5;20241114;194500;99.36;99.41;99.35;99.41;49
USDRUBF;5;20241114;195000;99.41;99.42;99.41;99.41;132
USDRUBF;5;20241114;195500;99.41;99.43;99.4;99.43;136
USDRUBF;5;20241114;200500;99.43;99.53;99.43;99.51;289
USDRUBF;5;20241114;201000;99.52;99.58;99.52;99.55;61
USDRUBF;5;20241114;201500;99.57;99.6;99.57;99.6;114
USDRUBF;5;20241114;202000;99.61;99.63;99.6;99.6;86
USDRUBF;5;20241114;202500;99.62;99.62;99.57;99.57;203
USDRUBF;5;20241114;203000;99.56;99.57;99.54;99.57;100
USDRUBF;5;20241114;203500;99.57;99.59;99.56;99.56;54
USDRUBF;5;20241114;204000;99.56;99.58;99.55;99.58;51
USDRUBF;5;20241114;204500;99.56;99.57;99.55;99.55;40
USDRUBF;5;20241114;205000;99.57;99.59;99.55;99.57;47
USDRUBF;5;20241114;205500;99.56;99.58;99.56;99.58;8
USDRUBF;5;20241114;210000;99.59;99.6;99.56;99.6;105
USDRUBF;5;20241114;210500;99.58;99.58;99.57;99.57;12
USDRUBF;5;20241114;211000;99.57;99.58;99.56;99.56;19
USDRUBF;5;20241114;211500;99.57;99.57;99.56;99.56;10
USDRUBF;5;20241114;212000;99.56;99.58;99.56;99.56;69
USDRUBF;5;20241114;212500;99.57;99.57;99.52;99.52;45
USDRUBF;5;20241114;213000;99.53;99.53;99.51;99.52;15
USDRUBF;5;20241114;213500;99.52;99.53;99.51;99.51;28
USDRUBF;5;20241114;214000;99.53;99.54;99.51;99.51;30
USDRUBF;5;20241114;214500;99.54;99.54;99.52;99.54;18
USDRUBF;5;20241114;215000;99.54;99.55;99.54;99.55;3
USDRUBF;5;20241114;215500;99.55;99.57;99.55;99.56;64
USDRUBF;5;20241114;220000;99.56;99.57;99.56;99.57;32
USDRUBF;5;20241114;220500;99.56;99.57;99.56;99.56;19
USDRUBF;5;20241114;221000;99.56;99.58;99.56;99.58;23
USDRUBF;5;20241114;221500;99.58;99.59;99.58;99.59;95
USDRUBF;5;20241114;222000;99.59;99.59;99.58;99.59;37
USDRUBF;5;20241114;222500;99.59;99.59;99.58;99.58;83
USDRUBF;5;20241114;223000;99.58;99.58;99.57;99.57;56
USDRUBF;5;20241114;223500;99.58;99.6;99.58;99.6;174
USDRUBF;5;20241114;224000;99.59;99.72;99.59;99.69;326
USDRUBF;5;20241114;224500;99.69;99.69;99.65;99.65;50
USDRUBF;5;20241114;225000;99.65;99.66;99.61;99.61;72
USDRUBF;5;20241114;225500;99.62;99.64;99.6;99.6;24
USDRUBF;5;20241114;230000;99.62;99.66;99.6;99.66;47
USDRUBF;5;20241114;230500;99.66;99.68;99.65;99.66;85
USDRUBF;5;20241114;231000;99.66;99.67;99.63;99.63;71
USDRUBF;5;20241114;231500;99.65;99.65;99.65;99.65;22
USDRUBF;5;20241114;232000;99.65;99.66;99.61;99.65;48
USDRUBF;5;20241114;232500;99.63;99.63;99.57;99.57;26
USDRUBF;5;20241114;233000;99.62;99.63;99.62;99.63;19
USDRUBF;5;20241114;233500;99.65;99.66;99.65;99.66;14
USDRUBF;5;20241114;234000;99.67;99.68;99.65;99.65;45
USDRUBF;5;20241114;234500;99.65;99.68;99.64;99.68;81
USDRUBF;5;20241115;100000;99.62;99.9;99.62;99.86;1930
USDRUBF;5;20241115;100500;99.86;99.9;99.78;99.81;828
USDRUBF;5;20241115;101000;99.81;99.85;99.72;99.85;565
USDRUBF;5;20241115;101500;99.86;99.93;99.85;99.87;693
USDRUBF;5;20241115;102000;99.85;99.9;99.79;99.89;921
USDRUBF;5;20241115;102500;99.88;99.96;99.85;99.9;392
USDRUBF;5;20241115;103000;99.87;99.93;99.8;99.86;713
USDRUBF;5;20241115;103500;99.87;99.89;99.81;99.85;729
USDRUBF;5;20241115;104000;99.85;99.97;99.85;99.92;1123
USDRUBF;5;20241115;104500;99.94;100.05;99.92;99.94;889
USDRUBF;5;20241115;105000;99.93;100.07;99.93;100.06;668
USDRUBF;5;20241115;105500;100.03;100.1;100.01;100.08;573
USDRUBF;5;20241115;110000;100.06;100.08;99.95;99.97;521
USDRUBF;5;20241115;110500;99.97;100.08;99.94;100.04;895
USDRUBF;5;20241115;111000;100.05;100.06;100.01;100.05;482
USDRUBF;5;20241115;111500;100.05;100.07;100;100;430
USDRUBF;5;20241115;112000;100;100.02;99.91;99.96;724
USDRUBF;5;20241115;112500;99.92;99.95;99.86;99.86;942
USDRUBF;5;20241115;113000;99.86;99.87;99.8;99.85;1599
USDRUBF;5;20241115;113500;99.84;99.89;99.81;99.84;234
USDRUBF;5;20241115;114000;99.85;99.85;99.8;99.82;146
USDRUBF;5;20241115;114500;99.82;99.83;99.71;99.78;1516
USDRUBF;5;20241115;115000;99.79;99.79;99.7;99.7;320
USDRUBF;5;20241115;115500;99.7;99.74;99.67;99.68;296
USDRUBF;5;20241115;120000;99.68;99.7;99.62;99.62;581
USDRUBF;5;20241115;120500;99.62;99.66;99.6;99.66;553
USDRUBF;5;20241115;121000;99.66;99.69;99.6;99.68;458
USDRUBF;5;20241115;121500;99.64;99.68;99.6;99.68;259
USDRUBF;5;20241115;122000;99.67;99.76;99.67;99.71;785
USDRUBF;5;20241115;122500;99.71;99.79;99.71;99.77;711
USDRUBF;5;20241115;123000;99.78;99.78;99.68;99.71;1192
USDRUBF;5;20241115;123500;99.68;99.78;99.67;99.78;477
USDRUBF;5;20241115;124000;99.76;99.81;99.76;99.8;208
USDRUBF;5;20241115;124500;99.8;99.88;99.76;99.79;401
USDRUBF;5;20241115;125000;99.77;99.85;99.73;99.82;402
USDRUBF;5;20241115;125500;99.8;99.86;99.8;99.84;60
USDRUBF;5;20241115;130000;99.85;99.93;99.83;99.85;651
USDRUBF;5;20241115;130500;99.85;99.95;99.84;99.94;826
USDRUBF;5;20241115;131000;99.95;99.98;99.94;99.96;536
USDRUBF;5;20241115;131500;99.96;99.97;99.92;99.94;738
USDRUBF;5;20241115;132000;99.95;99.95;99.88;99.88;55
USDRUBF;5;20241115;132500;99.87;99.87;99.82;99.87;108
USDRUBF;5;20241115;133000;99.88;99.88;99.84;99.84;24
USDRUBF;5;20241115;133500;99.84;99.84;99.78;99.8;219
USDRUBF;5;20241115;134000;99.8;99.82;99.79;99.82;104
USDRUBF;5;20241115;134500;99.81;99.81;99.62;99.64;1152
USDRUBF;5;20241115;135000;99.65;99.74;99.6;99.7;615
USDRUBF;5;20241115;135500;99.68;99.74;99.65;99.72;292
USDRUBF;5;20241115;140500;99.7;99.7;99.63;99.68;151
USDRUBF;5;20241115;141000;99.68;99.8;99.67;99.8;251
USDRUBF;5;20241115;141500;99.8;99.8;99.74;99.77;69
USDRUBF;5;20241115;142000;99.77;99.78;99.7;99.73;217
USDRUBF;5;20241115;142500;99.76;99.76;99.73;99.73;26
USDRUBF;5;20241115;143000;99.73;99.76;99.72;99.75;28
USDRUBF;5;20241115;143500;99.72;99.76;99.72;99.76;13
USDRUBF;5;20241115;144000;99.73;99.73;99.73;99.73;12
USDRUBF;5;20241115;144500;99.71;99.73;99.71;99.73;98
USDRUBF;5;20241115;145500;99.75;99.79;99.75;99.75;253
USDRUBF;5;20241115;150000;99.77;99.8;99.76;99.8;145
USDRUBF;5;20241115;150500;99.82;99.87;99.8;99.8;116
USDRUBF;5;20241115;151000;99.83;99.83;99.79;99.83;39
USDRUBF;5;20241115;151500;99.81;99.82;99.75;99.81;314
USDRUBF;5;20241115;152000;99.81;99.82;99.73;99.79;144
USDRUBF;5;20241115;152500;99.78;99.78;99.76;99.76;22
USDRUBF;5;20241115;153000;99.8;99.85;99.8;99.84;121
USDRUBF;5;20241115;153500;99.85;99.88;99.83;99.85;231
USDRUBF;5;20241115;154000;99.84;99.84;99.82;99.84;58
USDRUBF;5;20241115;154500;99.82;99.84;99.8;99.82;270
USDRUBF;5;20241115;155000;99.83;99.83;99.72;99.72;414
USDRUBF;5;20241115;155500;99.71;99.72;99.58;99.6;1585
USDRUBF;5;20241115;160000;99.58;99.6;99.41;99.47;3757
USDRUBF;5;20241115;160500;99.49;99.54;99.33;99.41;1563
USDRUBF;5;20241115;161000;99.41;99.54;99.4;99.5;461
USDRUBF;5;20241115;161500;99.48;99.48;99.34;99.36;427
USDRUBF;5;20241115;162000;99.35;99.37;99.28;99.3;894
USDRUBF;5;20241115;162500;99.3;99.33;99.3;99.33;123
USDRUBF;5;20241115;163000;99.34;99.44;99.32;99.43;661
USDRUBF;5;20241115;163500;99.42;99.43;99.39;99.42;23
USDRUBF;5;20241115;164000;99.4;99.43;99.39;99.43;78
USDRUBF;5;20241115;164500;99.43;99.47;99.41;99.41;601
USDRUBF;5;20241115;165000;99.43;99.46;99.4;99.46;1718
USDRUBF;5;20241115;165500;99.46;99.46;99.42;99.42;76
USDRUBF;5;20241115;170000;99.42;99.42;99.36;99.38;951
USDRUBF;5;20241115;170500;99.37;99.42;99.31;99.38;295
USDRUBF;5;20241115;171000;99.42;99.52;99.42;99.52;1011
USDRUBF;5;20241115;171500;99.52;99.56;99.5;99.51;1105
USDRUBF;5;20241115;172000;99.5;99.5;99.4;99.42;722
USDRUBF;5;20241115;172500;99.4;99.42;99.32;99.4;622
USDRUBF;5;20241115;173000;99.4;99.4;99.32;99.36;641
USDRUBF;5;20241115;173500;99.37;99.46;99.35;99.42;1000
USDRUBF;5;20241115;174000;99.42;99.5;99.42;99.46;271
USDRUBF;5;20241115;174500;99.48;99.58;99.46;99.5;648
USDRUBF;5;20241115;175000;99.51;99.55;99.48;99.52;212
USDRUBF;5;20241115;175500;99.52;99.52;99.44;99.47;328
USDRUBF;5;20241115;180000;99.48;99.5;99.39;99.43;1085
USDRUBF;5;20241115;180500;99.41;99.42;99.4;99.41;154
USDRUBF;5;20241115;181000;99.41;99.43;99.39;99.39;60
USDRUBF;5;20241115;181500;99.39;99.4;99.35;99.4;100
USDRUBF;5;20241115;182000;99.4;99.44;99.4;99.44;62
USDRUBF;5;20241115;182500;99.45;99.47;99.45;99.46;219
USDRUBF;5;20241115;183000;99.45;99.46;99.42;99.42;260
USDRUBF;5;20241115;183500;99.41;99.43;99.35;99.42;857
USDRUBF;5;20241115;184000;99.42;99.45;99.42;99.45;98
USDRUBF;5;20241115;184500;99.45;99.49;99.45;99.47;320
USDRUBF;5;20241115;190500;99.47;99.48;99.35;99.38;227
USDRUBF;5;20241115;191000;99.37;99.4;99.35;99.36;134
USDRUBF;5;20241115;191500;99.36;99.4;99.36;99.4;31
USDRUBF;5;20241115;192000;99.4;99.4;99.38;99.4;40
USDRUBF;5;20241115;192500;99.4;99.43;99.4;99.43;56
USDRUBF;5;20241115;193000;99.47;99.47;99.47;99.47;1
USDRUBF;5;20241115;193500;99.48;99.53;99.48;99.53;108
USDRUBF;5;20241115;194000;99.52;99.53;99.51;99.53;29
USDRUBF;5;20241115;194500;99.52;99.53;99.52;99.53;7
USDRUBF;5;20241115;195000;99.48;99.5;99.47;99.5;33
USDRUBF;5;20241115;195500;99.5;99.5;99.49;99.49;12
USDRUBF;5;20241115;200000;99.46;99.49;99.46;99.48;23
USDRUBF;5;20241115;200500;99.49;99.51;99.49;99.49;40
USDRUBF;5;20241115;201000;99.49;99.5;99.48;99.49;78
USDRUBF;5;20241115;201500;99.5;99.52;99.49;99.49;49
USDRUBF;5;20241115;202000;99.49;99.52;99.47;99.52;360
USDRUBF;5;20241115;202500;99.52;99.52;99.5;99.52;47
USDRUBF;5;20241115;203000;99.51;99.54;99.51;99.54;163
USDRUBF;5;20241115;203500;99.55;99.58;99.54;99.58;108
USDRUBF;5;20241115;204000;99.58;99.62;99.56;99.56;194
USDRUBF;5;20241115;204500;99.58;99.58;99.58;99.58;5
USDRUBF;5;20241115;205000;99.56;99.58;99.52;99.57;290
USDRUBF;5;20241115;205500;99.58;99.61;99.57;99.61;59
USDRUBF;5;20241115;210000;99.61;99.61;99.59;99.59;4
USDRUBF;5;20241115;210500;99.59;99.62;99.59;99.59;5
USDRUBF;5;20241115;211000;99.59;99.59;99.59;99.59;1
USDRUBF;5;20241115;211500;99.59;99.59;99.59;99.59;12
USDRUBF;5;20241115;212000;99.59;99.59;99.54;99.54;16
USDRUBF;5;20241115;212500;99.54;99.54;99.5;99.5;6
USDRUBF;5;20241115;213000;99.49;99.5;99.49;99.5;6
USDRUBF;5;20241115;213500;99.5;99.53;99.5;99.53;14
USDRUBF;5;20241115;214000;99.55;99.56;99.55;99.56;4
USDRUBF;5;20241115;214500;99.57;99.59;99.57;99.59;8
USDRUBF;5;20241115;215000;99.58;99.59;99.55;99.55;25
USDRUBF;5;20241115;215500;99.56;99.57;99.56;99.57;2
USDRUBF;5;20241115;220000;99.58;99.58;99.58;99.58;12
USDRUBF;5;20241115;220500;99.57;99.57;99.57;99.57;6
USDRUBF;5;20241115;221000;99.57;99.57;99.49;99.51;127
USDRUBF;5;20241115;221500;99.54;99.54;99.54;99.54;2
USDRUBF;5;20241115;222000;99.53;99.53;99.48;99.49;11
USDRUBF;5;20241115;222500;99.51;99.53;99.48;99.51;41
USDRUBF;5;20241115;223000;99.54;99.57;99.53;99.55;14
USDRUBF;5;20241115;223500;99.54;99.56;99.54;99.56;6
USDRUBF;5;20241115;224000;99.56;99.56;99.55;99.56;9
USDRUBF;5;20241115;224500;99.57;99.58;99.57;99.58;21
USDRUBF;5;20241115;225000;99.56;99.58;99.56;99.58;59
USDRUBF;5;20241115;225500;99.58;99.6;99.56;99.56;44
USDRUBF;5;20241115;230000;99.56;99.56;99.55;99.56;16
USDRUBF;5;20241115;230500;99.57;99.57;99.54;99.54;20
USDRUBF;5;20241115;231000;99.53;99.54;99.49;99.5;55
USDRUBF;5;20241115;231500;99.48;99.49;99.47;99.47;9
USDRUBF;5;20241115;232000;99.5;99.5;99.5;99.5;5
USDRUBF;5;20241115;232500;99.49;99.51;99.49;99.51;17
USDRUBF;5;20241115;233000;99.51;99.55;99.51;99.55;101
USDRUBF;5;20241115;233500;99.52;99.55;99.52;99.55;80
USDRUBF;5;20241115;234000;99.55;99.57;99.55;99.56;16
USDRUBF;5;20241115;234500;99.57;99.58;99.54;99.55;97
USDRUBF;5;20241118;100000;99.64;100.18;99.62;100.07;3891
USDRUBF;5;20241118;100500;100.07;100.23;99.96;99.98;811
USDRUBF;5;20241118;101000;99.99;100.08;99.96;100.01;752
USDRUBF;5;20241118;101500;100.04;100.08;100.02;100.04;611
USDRUBF;5;20241118;102000;100.01;100.13;100;100.08;1141
USDRUBF;5;20241118;102500;100.08;100.21;100.08;100.08;420
USDRUBF;5;20241118;103000;100.12;100.19;100.12;100.17;301
USDRUBF;5;20241118;103500;100.19;100.25;100.13;100.17;473
USDRUBF;5;20241118;104000;100.15;100.15;100.09;100.1;924
USDRUBF;5;20241118;104500;100.11;100.13;100.08;100.09;154
USDRUBF;5;20241118;105000;100.08;100.08;100.06;100.07;98
USDRUBF;5;20241118;105500;100.05;100.1;100.03;100.09;148
USDRUBF;5;20241118;110000;100.07;100.07;100.03;100.05;180
USDRUBF;5;20241118;110500;100.04;100.06;100.04;100.06;3
USDRUBF;5;20241118;111000;100.11;100.2;100.11;100.11;873
USDRUBF;5;20241118;111500;100.13;100.15;100.1;100.1;91
USDRUBF;5;20241118;112000;100.09;100.1;100.03;100.04;547
USDRUBF;5;20241118;112500;100.03;100.07;99.97;100.07;802
USDRUBF;5;20241118;113000;100.04;100.04;99.85;99.89;532
USDRUBF;5;20241118;113500;99.85;99.93;99.84;99.92;266
USDRUBF;5;20241118;114000;99.95;99.96;99.95;99.95;98
USDRUBF;5;20241118;114500;99.93;99.95;99.91;99.91;161
USDRUBF;5;20241118;115000;99.93;99.93;99.92;99.93;66
USDRUBF;5;20241118;115500;99.92;99.92;99.83;99.83;108
USDRUBF;5;20241118;120000;99.82;99.84;99.81;99.84;149
USDRUBF;5;20241118;120500;99.84;99.87;99.8;99.8;281
USDRUBF;5;20241118;121000;99.81;99.83;99.77;99.79;671
USDRUBF;5;20241118;121500;99.79;99.83;99.78;99.82;148
USDRUBF;5;20241118;122000;99.81;99.9;99.81;99.86;282
USDRUBF;5;20241118;122500;99.86;99.9;99.86;99.9;192
USDRUBF;5;20241118;123000;99.9;99.97;99.88;99.97;3506
USDRUBF;5;20241118;123500;99.97;100;99.93;99.97;518
USDRUBF;5;20241118;124000;99.97;99.99;99.92;99.92;212
USDRUBF;5;20241118;124500;99.93;99.96;99.91;99.96;227
USDRUBF;5;20241118;125000;99.94;99.98;99.92;99.92;439
USDRUBF;5;20241118;125500;99.95;99.95;99.93;99.95;66
USDRUBF;5;20241118;130000;99.94;99.97;99.94;99.97;20
USDRUBF;5;20241118;130500;99.94;99.94;99.88;99.88;319
USDRUBF;5;20241118;131000;99.88;99.88;99.85;99.85;571
USDRUBF;5;20241118;131500;99.83;99.87;99.83;99.87;38
USDRUBF;5;20241118;132000;99.87;99.87;99.84;99.84;64
USDRUBF;5;20241118;132500;99.85;99.85;99.85;99.85;3
USDRUBF;5;20241118;133000;99.86;99.86;99.86;99.86;2
USDRUBF;5;20241118;133500;99.85;99.85;99.82;99.84;22
USDRUBF;5;20241118;134000;99.82;99.85;99.81;99.85;38
USDRUBF;5;20241118;134500;99.83;99.83;99.81;99.82;38
USDRUBF;5;20241118;135000;99.83;99.85;99.79;99.84;213
USDRUBF;5;20241118;135500;99.8;99.86;99.79;99.85;413
USDRUBF;5;20241118;140500;99.85;99.89;99.85;99.86;636
USDRUBF;5;20241118;141000;99.84;99.89;99.84;99.87;61
USDRUBF;5;20241118;141500;99.87;99.91;99.87;99.9;154
USDRUBF;5;20241118;142000;99.88;99.9;99.85;99.85;182
USDRUBF;5;20241118;142500;99.85;99.9;99.85;99.9;68
USDRUBF;5;20241118;143000;99.9;99.92;99.89;99.9;98
USDRUBF;5;20241118;143500;99.9;99.9;99.89;99.89;138
USDRUBF;5;20241118;144000;99.89;99.92;99.87;99.87;78
USDRUBF;5;20241118;144500;99.86;99.9;99.86;99.87;17
USDRUBF;5;20241118;145000;99.9;99.9;99.88;99.88;4
USDRUBF;5;20241118;145500;99.88;99.91;99.88;99.91;16
USDRUBF;5;20241118;150000;99.92;99.92;99.84;99.84;249
USDRUBF;5;20241118;150500;99.84;99.88;99.84;99.87;65
USDRUBF;5;20241118;151000;99.89;99.92;99.88;99.92;144
USDRUBF;5;20241118;151500;99.92;99.95;99.89;99.95;123
USDRUBF;5;20241118;152000;99.93;100.03;99.93;99.99;248
USDRUBF;5;20241118;152500;100;100.01;99.96;99.98;206
USDRUBF;5;20241118;153000;100;100;99.96;99.96;193
USDRUBF;5;20241118;153500;100.01;100.08;100;100.04;137
USDRUBF;5;20241118;154000;100.04;100.04;99.99;99.99;28
USDRUBF;5;20241118;154500;99.95;99.95;99.91;99.91;369
USDRUBF;5;20241118;155000;99.95;99.95;99.93;99.94;17
USDRUBF;5;20241118;155500;99.92;99.93;99.91;99.93;24
USDRUBF;5;20241118;160000;99.94;99.99;99.94;99.96;79
USDRUBF;5;20241118;160500;99.96;99.96;99.94;99.94;206
USDRUBF;5;20241118;161000;99.93;99.94;99.93;99.93;4
USDRUBF;5;20241118;161500;99.95;99.95;99.93;99.95;48
USDRUBF;5;20241118;162000;99.96;99.96;99.95;99.95;18
USDRUBF;5;20241118;162500;99.96;99.96;99.93;99.93;111
USDRUBF;5;20241118;163000;99.92;99.92;99.89;99.89;231
USDRUBF;5;20241118;163500;99.88;99.88;99.81;99.85;511
USDRUBF;5;20241118;164000;99.84;99.87;99.83;99.87;55
USDRUBF;5;20241118;164500;99.86;99.88;99.78;99.78;236
USDRUBF;5;20241118;165000;99.79;99.83;99.78;99.8;386
USDRUBF;5;20241118;165500;99.79;99.84;99.78;99.84;741
USDRUBF;5;20241118;170000;99.86;99.87;99.83;99.87;174
USDRUBF;5;20241118;170500;99.86;99.87;99.85;99.87;26
USDRUBF;5;20241118;171000;99.85;99.85;99.84;99.84;48
USDRUBF;5;20241118;171500;99.84;99.88;99.84;99.85;13
USDRUBF;5;20241118;172000;99.88;99.89;99.87;99.87;109
USDRUBF;5;20241118;172500;99.89;99.9;99.84;99.84;307
USDRUBF;5;20241118;173000;99.86;99.86;99.83;99.83;160
USDRUBF;5;20241118;173500;99.82;99.84;99.81;99.81;390
USDRUBF;5;20241118;174000;99.81;99.87;99.81;99.84;54
USDRUBF;5;20241118;174500;99.86;99.86;99.8;99.84;690
USDRUBF;5;20241118;175000;99.85;99.89;99.85;99.86;38
USDRUBF;5;20241118;175500;99.86;99.86;99.83;99.85;894
USDRUBF;5;20241118;180000;99.85;99.87;99.83;99.87;363
USDRUBF;5;20241118;180500;99.86;99.88;99.79;99.84;1306
USDRUBF;5;20241118;181000;99.84;99.85;99.83;99.83;79
USDRUBF;5;20241118;181500;99.82;99.85;99.82;99.85;390
USDRUBF;5;20241118;182000;99.86;99.91;99.85;99.9;521
USDRUBF;5;20241118;182500;99.91;99.93;99.89;99.9;86
USDRUBF;5;20241118;183000;99.92;99.95;99.88;99.88;103
USDRUBF;5;20241118;183500;99.89;99.89;99.86;99.86;48
USDRUBF;5;20241118;184000;99.84;99.88;99.81;99.85;53
USDRUBF;5;20241118;184500;99.84;99.87;99.84;99.84;17
USDRUBF;5;20241118;190500;99.84;99.91;99.83;99.91;63
USDRUBF;5;20241118;191000;99.91;99.92;99.88;99.92;113
USDRUBF;5;20241118;191500;99.92;99.92;99.92;99.92;1
USDRUBF;5;20241118;192000;99.95;99.96;99.9;99.9;399
USDRUBF;5;20241118;192500;99.88;99.89;99.85;99.87;40
USDRUBF;5;20241118;194000;99.87;99.93;99.87;99.93;91
USDRUBF;5;20241118;194500;99.93;99.94;99.93;99.94;19
USDRUBF;5;20241118;195000;99.92;99.92;99.89;99.89;62
USDRUBF;5;20241118;195500;99.89;99.89;99.88;99.88;103
USDRUBF;5;20241118;200000;99.9;99.91;99.89;99.9;11
USDRUBF;5;20241118;200500;99.9;99.9;99.89;99.89;21
USDRUBF;5;20241118;201000;99.9;99.91;99.89;99.89;22
USDRUBF;5;20241118;201500;99.89;99.89;99.88;99.88;10
USDRUBF;5;20241118;202000;99.88;99.89;99.88;99.88;36
USDRUBF;5;20241118;202500;99.88;99.88;99.88;99.88;25
USDRUBF;5;20241118;203000;99.88;99.88;99.87;99.87;58
USDRUBF;5;20241118;203500;99.87;99.87;99.84;99.84;9
USDRUBF;5;20241118;204000;99.88;99.88;99.88;99.88;1
USDRUBF;5;20241118;204500;99.87;99.87;99.87;99.87;4
USDRUBF;5;20241118;205000;99.86;99.86;99.86;99.86;1
USDRUBF;5;20241118;205500;99.86;99.86;99.86;99.86;10
USDRUBF;5;20241118;210000;99.87;99.87;99.87;99.87;9
USDRUBF;5;20241118;210500;99.86;99.86;99.86;99.86;11
USDRUBF;5;20241118;211000;99.88;99.89;99.88;99.89;10
USDRUBF;5;20241118;211500;99.89;99.89;99.89;99.89;7
USDRUBF;5;20241118;212500;99.89;99.9;99.89;99.9;19
USDRUBF;5;20241118;213000;99.88;99.9;99.88;99.9;7
USDRUBF;5;20241118;213500;99.89;99.92;99.89;99.92;6
USDRUBF;5;20241118;214000;99.92;99.94;99.92;99.92;11
USDRUBF;5;20241118;214500;99.93;99.93;99.93;99.93;1
USDRUBF;5;20241118;215000;99.93;99.93;99.91;99.91;226
USDRUBF;5;20241118;215500;99.91;99.92;99.91;99.91;450
USDRUBF;5;20241118;220000;99.91;99.92;99.91;99.91;436
USDRUBF;5;20241118;220500;99.93;99.94;99.87;99.87;376
USDRUBF;5;20241118;221000;99.86;99.86;99.86;99.86;5
USDRUBF;5;20241118;221500;99.86;99.86;99.86;99.86;6
USDRUBF;5;20241118;222000;99.86;99.86;99.86;99.86;2
USDRUBF;5;20241118;222500;99.85;99.85;99.83;99.83;13
USDRUBF;5;20241118;223000;99.85;99.86;99.85;99.86;23
USDRUBF;5;20241118;223500;99.87;99.87;99.87;99.87;7
USDRUBF;5;20241118;224000;99.87;99.9;99.87;99.9;49
USDRUBF;5;20241118;224500;99.9;99.9;99.9;99.9;2
USDRUBF;5;20241118;225000;99.91;99.91;99.91;99.91;2
USDRUBF;5;20241118;225500;99.91;99.94;99.91;99.94;35
USDRUBF;5;20241118;230000;99.93;99.94;99.92;99.94;21
USDRUBF;5;20241118;230500;99.95;99.96;99.94;99.95;7
USDRUBF;5;20241118;231000;99.95;99.95;99.95;99.95;1
USDRUBF;5;20241118;232000;99.94;99.95;99.94;99.95;17
USDRUBF;5;20241118;232500;99.96;99.97;99.93;99.93;42
USDRUBF;5;20241118;233000;99.96;99.96;99.96;99.96;2
USDRUBF;5;20241118;233500;99.96;99.96;99.92;99.93;13
USDRUBF;5;20241118;234000;99.93;99.97;99.93;99.95;56
USDRUBF;5;20241118;234500;99.95;99.98;99.95;99.98;18
USDRUBF;5;20241119;100000;99.94;100.09;99.88;99.9;465
USDRUBF;5;20241119;100500;99.9;99.95;99.86;99.95;388
USDRUBF;5;20241119;101000;99.95;100.01;99.94;100;200
USDRUBF;5;20241119;101500;99.99;99.99;99.91;99.91;180
USDRUBF;5;20241119;102000;99.94;100.03;99.92;99.99;1493
USDRUBF;5;20241119;102500;99.98;100.02;99.84;99.86;363
USDRUBF;5;20241119;103000;99.83;99.9;99.81;99.9;65
USDRUBF;5;20241119;103500;99.88;99.88;99.87;99.88;73
USDRUBF;5;20241119;104000;99.88;99.95;99.88;99.95;53
USDRUBF;5;20241119;105000;99.95;99.99;99.94;99.96;207
USDRUBF;5;20241119;105500;99.99;100.01;99.99;100.01;34
USDRUBF;5;20241119;110000;100;100;99.98;99.98;35
USDRUBF;5;20241119;110500;100;100.02;99.99;100.02;39
USDRUBF;5;20241119;111000;100.02;100.08;100.02;100.08;319
USDRUBF;5;20241119;111500;100.09;100.1;99.95;100;568
USDRUBF;5;20241119;112000;100;100.04;100;100.04;2
USDRUBF;5;20241119;112500;100.07;100.17;100.07;100.14;1291
USDRUBF;5;20241119;113000;100.16;100.16;100.06;100.09;692
USDRUBF;5;20241119;113500;100.08;100.17;100.07;100.13;1302
USDRUBF;5;20241119;114000;100.11;100.13;100.03;100.09;751
USDRUBF;5;20241119;114500;100.09;100.11;100.05;100.07;349
USDRUBF;5;20241119;115000;100.07;100.11;100.07;100.09;268
USDRUBF;5;20241119;115500;100.07;100.1;100.07;100.1;82
USDRUBF;5;20241119;120000;100.1;100.1;100.05;100.1;152
USDRUBF;5;20241119;120500;100.1;100.14;100.07;100.09;492
USDRUBF;5;20241119;121000;100.1;100.11;100.07;100.07;84
USDRUBF;5;20241119;121500;100.08;100.1;100.06;100.1;197
USDRUBF;5;20241119;122000;100.07;100.14;100.07;100.11;378
USDRUBF;5;20241119;122500;100.11;100.12;100.09;100.12;540
USDRUBF;5;20241119;123000;100.12;100.14;100.09;100.12;96
USDRUBF;5;20241119;123500;100.12;100.12;100.09;100.1;150
USDRUBF;5;20241119;124000;100.09;100.16;100.09;100.12;327
USDRUBF;5;20241119;124500;100.13;100.17;100.13;100.14;276
USDRUBF;5;20241119;125000;100.14;100.16;100.14;100.16;222
USDRUBF;5;20241119;125500;100.14;100.17;100.13;100.17;711
USDRUBF;5;20241119;130000;100.16;100.17;100.12;100.17;530
USDRUBF;5;20241119;130500;100.17;100.17;100.14;100.15;110
USDRUBF;5;20241119;131000;100.15;100.15;100.08;100.08;427
USDRUBF;5;20241119;131500;100.09;100.14;100.09;100.14;324
USDRUBF;5;20241119;132000;100.13;100.13;99.98;100;601
USDRUBF;5;20241119;132500;100;100.06;99.97;100.03;465
USDRUBF;5;20241119;133000;100.02;100.02;100;100.02;59
USDRUBF;5;20241119;133500;100;100.03;99.97;100;211
USDRUBF;5;20241119;134000;99.97;99.99;99.93;99.95;127
USDRUBF;5;20241119;134500;99.98;99.98;99.98;99.98;4
USDRUBF;5;20241119;135000;99.97;99.99;99.95;99.99;75
USDRUBF;5;20241119;135500;99.99;100.02;99.99;100.02;147
USDRUBF;5;20241119;140500;100.01;100.05;100.01;100.02;35
USDRUBF;5;20241119;141000;100.01;100.01;99.97;99.98;43
USDRUBF;5;20241119;141500;99.98;99.98;99.93;99.93;39
USDRUBF;5;20241119;142000;99.92;99.93;99.91;99.93;112
USDRUBF;5;20241119;142500;99.92;99.97;99.9;99.97;780
USDRUBF;5;20241119;143000;99.94;100.02;99.92;100.02;126
USDRUBF;5;20241119;143500;100.03;100.07;100.03;100.03;187
USDRUBF;5;20241119;144000;100.02;100.02;100;100.02;156
USDRUBF;5;20241119;144500;100.02;100.06;100.02;100.05;135
USDRUBF;5;20241119;145000;100.06;100.08;100.06;100.08;147
USDRUBF;5;20241119;145500;100.08;100.08;99.95;100.05;410
USDRUBF;5;20241119;150000;100.06;100.07;100.04;100.07;69
USDRUBF;5;20241119;150500;100.06;100.11;100.06;100.11;66
USDRUBF;5;20241119;151000;100.11;100.16;100.1;100.1;340
USDRUBF;5;20241119;151500;100.12;100.12;100.1;100.1;8
USDRUBF;5;20241119;152000;100.11;100.15;100.09;100.09;123
USDRUBF;5;20241119;152500;100.12;100.13;100.1;100.13;14
USDRUBF;5;20241119;153000;100.15;100.15;100.12;100.12;2
USDRUBF;5;20241119;153500;100.14;100.17;100.14;100.14;110
USDRUBF;5;20241119;154000;100.16;100.2;100.14;100.17;481
USDRUBF;5;20241119;154500;100.17;100.2;100.17;100.2;171
USDRUBF;5;20241119;155000;100.2;100.22;100.18;100.2;287
USDRUBF;5;20241119;155500;100.22;100.24;100.21;100.22;136
USDRUBF;5;20241119;160000;100.21;100.21;100.16;100.16;86
USDRUBF;5;20241119;160500;100.16;100.22;100.15;100.19;63
USDRUBF;5;20241119;161000;100.19;100.21;100.17;100.21;56
USDRUBF;5;20241119;165000;100.24;100.36;100.22;100.36;1630
USDRUBF;5;20241119;165500;100.36;100.37;100.36;100.37;1221
USDRUBF;5;20241119;170000;100.37;100.44;100.37;100.4;548
USDRUBF;5;20241119;170500;100.4;100.43;100.38;100.4;414
USDRUBF;5;20241119;171000;100.39;100.4;100.38;100.38;52
USDRUBF;5;20241119;171500;100.38;100.46;100.37;100.42;386
USDRUBF;5;20241119;172000;100.45;100.45;100.28;100.31;638
USDRUBF;5;20241119;172500;100.32;100.46;100.31;100.4;2477
USDRUBF;5;20241119;173000;100.4;100.43;100.33;100.33;573
USDRUBF;5;20241119;173500;100.34;100.39;100.31;100.39;524
USDRUBF;5;20241119;174000;100.38;100.4;100.37;100.4;208
USDRUBF;5;20241119;174500;100.38;100.41;100.36;100.4;107
USDRUBF;5;20241119;175000;100.44;100.47;100.42;100.45;260
USDRUBF;5;20241119;175500;100.41;100.41;100.37;100.4;110
USDRUBF;5;20241119;180000;100.4;100.45;100.35;100.45;552
USDRUBF;5;20241119;180500;100.46;100.47;100.44;100.44;118
USDRUBF;5;20241119;181000;100.42;100.42;100.35;100.39;568
USDRUBF;5;20241119;181500;100.37;100.45;100.37;100.45;314
USDRUBF;5;20241119;182000;100.44;100.44;100.38;100.38;205
USDRUBF;5;20241119;182500;100.35;100.38;100.35;100.37;146
USDRUBF;5;20241119;183000;100.38;100.4;100.35;100.4;148
USDRUBF;5;20241119;183500;100.39;100.4;100.33;100.4;252
USDRUBF;5;20241119;184000;100.4;100.4;100.33;100.33;116
USDRUBF;5;20241119;184500;100.34;100.35;100.33;100.35;45
USDRUBF;5;20241119;190500;100.44;100.47;100.35;100.46;166
USDRUBF;5;20241119;191000;100.41;100.45;100.41;100.43;14
USDRUBF;5;20241119;191500;100.44;100.47;100.43;100.47;136
USDRUBF;5;20241119;192000;100.48;100.61;100.46;100.46;559
USDRUBF;5;20241119;192500;100.47;100.52;100.45;100.51;148
USDRUBF;5;20241119;193000;100.51;100.58;100.51;100.54;181
USDRUBF;5;20241119;193500;100.57;100.58;100.55;100.55;59
USDRUBF;5;20241119;194000;100.57;100.57;100.57;100.57;3
USDRUBF;5;20241119;194500;100.57;100.58;100.56;100.56;27
USDRUBF;5;20241119;195000;100.58;100.62;100.54;100.54;98
USDRUBF;5;20241119;195500;100.54;100.56;100.54;100.55;39
USDRUBF;5;20241119;200000;100.54;100.54;100.53;100.53;32
USDRUBF;5;20241119;200500;100.54;100.57;100.54;100.56;28
USDRUBF;5;20241119;201000;100.55;100.57;100.54;100.57;15
USDRUBF;5;20241119;201500;100.57;100.58;100.57;100.58;6
USDRUBF;5;20241119;202000;100.57;100.61;100.56;100.59;54
USDRUBF;5;20241119;202500;100.59;100.59;100.56;100.57;30
USDRUBF;5;20241119;203000;100.59;100.59;100.57;100.57;12
USDRUBF;5;20241119;203500;100.59;100.6;100.59;100.6;12
USDRUBF;5;20241119;204000;100.6;100.6;100.58;100.58;42
USDRUBF;5;20241119;204500;100.57;100.57;100.56;100.56;42
USDRUBF;5;20241119;205000;100.58;100.59;100.56;100.59;11
USDRUBF;5;20241119;205500;100.59;100.59;100.57;100.59;4
USDRUBF;5;20241119;210000;100.6;100.6;100.55;100.56;64
USDRUBF;5;20241119;210500;100.56;100.57;100.55;100.57;15
USDRUBF;5;20241119;211500;100.55;100.59;100.55;100.59;20
USDRUBF;5;20241119;212000;100.6;100.6;100.6;100.6;10
USDRUBF;5;20241119;212500;100.57;100.62;100.57;100.61;57
USDRUBF;5;20241119;213000;100.61;100.62;100.61;100.61;16
USDRUBF;5;20241119;213500;100.58;100.58;100.55;100.55;98
USDRUBF;5;20241119;214000;100.55;100.55;100.55;100.55;276
USDRUBF;5;20241119;214500;100.55;100.55;100.55;100.55;174
USDRUBF;5;20241119;215000;100.55;100.58;100.55;100.55;85
USDRUBF;5;20241119;215500;100.55;100.56;100.55;100.55;141
USDRUBF;5;20241119;220000;100.55;100.56;100.55;100.56;69
USDRUBF;5;20241119;220500;100.55;100.55;100.55;100.55;437
USDRUBF;5;20241119;221000;100.55;100.56;100.55;100.55;10
USDRUBF;5;20241119;221500;100.55;100.55;100.55;100.55;5
USDRUBF;5;20241119;222000;100.55;100.57;100.55;100.57;39
USDRUBF;5;20241119;223000;100.56;100.58;100.56;100.58;66
USDRUBF;5;20241119;224000;100.58;100.59;100.56;100.56;64
USDRUBF;5;20241119;224500;100.56;100.58;100.56;100.56;76
USDRUBF;5;20241119;225000;100.56;100.56;100.55;100.55;51
USDRUBF;5;20241119;225500;100.55;100.55;100.55;100.55;180
USDRUBF;5;20241119;230000;100.55;100.55;100.53;100.53;4
USDRUBF;5;20241119;230500;100.53;100.53;100.52;100.53;48
USDRUBF;5;20241119;231000;100.56;100.56;100.56;100.56;6
USDRUBF;5;20241119;231500;100.53;100.56;100.53;100.54;23
USDRUBF;5;20241119;232000;100.53;100.53;100.53;100.53;20
USDRUBF;5;20241119;232500;100.54;100.56;100.54;100.56;52
USDRUBF;5;20241119;233000;100.56;100.56;100.56;100.56;2
USDRUBF;5;20241119;233500;100.57;100.57;100.57;100.57;4
USDRUBF;5;20241119;234000;100.56;100.56;100.53;100.54;39
USDRUBF;5;20241119;234500;100.54;100.57;100.52;100.57;24
USDRUBF;5;20241120;100000;100.5;100.63;100.5;100.62;1418
USDRUBF;5;20241120;100500;100.63;100.65;100.59;100.62;645
USDRUBF;5;20241120;101000;100.6;100.6;100.42;100.5;664
USDRUBF;5;20241120;101500;100.5;100.53;100.41;100.43;1324
USDRUBF;5;20241120;102000;100.43;100.47;100.41;100.45;403
USDRUBF;5;20241120;102500;100.44;100.48;100.43;100.45;490
USDRUBF;5;20241120;103000;100.44;100.5;100.44;100.48;476
USDRUBF;5;20241120;103500;100.47;100.49;100.33;100.37;426
USDRUBF;5;20241120;104000;100.34;100.36;100.3;100.36;614
USDRUBF;5;20241120;104500;100.35;100.36;100.25;100.27;270
USDRUBF;5;20241120;105000;100.25;100.31;100.23;100.23;181
USDRUBF;5;20241120;105500;100.22;100.24;100.18;100.22;367
USDRUBF;5;20241120;110000;100.2;100.29;100.2;100.25;542
USDRUBF;5;20241120;110500;100.28;100.28;100.25;100.28;79
USDRUBF;5;20241120;111000;100.27;100.27;100.25;100.25;300
USDRUBF;5;20241120;111500;100.27;100.32;100.27;100.32;268
USDRUBF;5;20241120;112000;100.33;100.36;100.3;100.34;149
USDRUBF;5;20241120;112500;100.36;100.37;100.34;100.34;36
USDRUBF;5;20241120;113000;100.34;100.38;100.33;100.33;138
USDRUBF;5;20241120;113500;100.33;100.34;100.31;100.34;172
USDRUBF;5;20241120;114000;100.32;100.34;100.28;100.34;415
USDRUBF;5;20241120;114500;100.31;100.35;100.3;100.35;352
USDRUBF;5;20241120;115000;100.33;100.4;100.33;100.38;365
USDRUBF;5;20241120;115500;100.37;100.41;100.37;100.4;291
USDRUBF;5;20241120;120000;100.4;100.4;100.37;100.37;169
USDRUBF;5;20241120;120500;100.36;100.37;100.34;100.37;111
USDRUBF;5;20241120;121000;100.37;100.4;100.37;100.37;42
USDRUBF;5;20241120;121500;100.37;100.38;100.35;100.36;82
USDRUBF;5;20241120;122000;100.38;100.38;100.38;100.38;2
USDRUBF;5;20241120;122500;100.38;100.48;100.37;100.44;225
USDRUBF;5;20241120;123000;100.42;100.47;100.41;100.47;84
USDRUBF;5;20241120;123500;100.46;100.47;100.42;100.46;180
USDRUBF;5;20241120;124000;100.46;100.54;100.46;100.52;533
USDRUBF;5;20241120;124500;100.54;100.56;100.49;100.5;397
USDRUBF;5;20241120;125000;100.49;100.5;100.45;100.46;619
USDRUBF;5;20241120;125500;100.47;100.49;100.47;100.47;533
USDRUBF;5;20241120;130000;100.47;100.48;100.42;100.46;501
USDRUBF;5;20241120;130500;100.45;100.45;100.45;100.45;51
USDRUBF;5;20241120;131000;100.46;100.47;100.45;100.46;212
USDRUBF;5;20241120;131500;100.45;100.46;100.43;100.46;345
USDRUBF;5;20241120;132000;100.47;100.56;100.46;100.55;1214
USDRUBF;5;20241120;132500;100.55;100.56;100.51;100.53;615
USDRUBF;5;20241120;133000;100.54;100.54;100.47;100.5;319
USDRUBF;5;20241120;133500;100.5;100.54;100.45;100.45;149
USDRUBF;5;20241120;134000;100.48;100.53;100.48;100.51;548
USDRUBF;5;20241120;134500;100.51;100.54;100.5;100.54;371
USDRUBF;5;20241120;135000;100.54;100.54;100.51;100.51;271
USDRUBF;5;20241120;135500;100.5;100.53;100.5;100.51;252
USDRUBF;5;20241120;140500;100.52;100.54;100.51;100.53;201
USDRUBF;5;20241120;141000;100.52;100.57;100.52;100.57;352
USDRUBF;5;20241120;141500;100.57;100.58;100.53;100.53;98
USDRUBF;5;20241120;142000;100.54;100.56;100.53;100.55;130
USDRUBF;5;20241120;142500;100.54;100.54;100.52;100.52;56
USDRUBF;5;20241120;143000;100.53;100.53;100.47;100.48;833
USDRUBF;5;20241120;143500;100.48;100.52;100.46;100.51;212
USDRUBF;5;20241120;144000;100.53;100.53;100.52;100.53;10
USDRUBF;5;20241120;144500;100.51;100.52;100.46;100.46;58
USDRUBF;5;20241120;145000;100.46;100.47;100.46;100.47;50
USDRUBF;5;20241120;145500;100.48;100.48;100.46;100.48;78
USDRUBF;5;20241120;150000;100.47;100.48;100.47;100.47;78
USDRUBF;5;20241120;150500;100.47;100.49;100.47;100.48;149
USDRUBF;5;20241120;151000;100.47;100.48;100.47;100.47;274
USDRUBF;5;20241120;151500;100.47;100.47;100.46;100.47;214
USDRUBF;5;20241120;152000;100.46;100.46;100.41;100.41;130
USDRUBF;5;20241120;152500;100.42;100.44;100.4;100.4;229
USDRUBF;5;20241120;153000;100.4;100.42;100.35;100.35;294
USDRUBF;5;20241120;153500;100.35;100.37;100.34;100.34;64
USDRUBF;5;20241120;154000;100.34;100.36;100.31;100.31;172
USDRUBF;5;20241120;154500;100.31;100.33;100.28;100.31;305
USDRUBF;5;20241120;155000;100.31;100.33;100.29;100.32;344
USDRUBF;5;20241120;155500;100.33;100.34;100.33;100.34;54
USDRUBF;5;20241120;160000;100.33;100.34;100.28;100.29;197
USDRUBF;5;20241120;160500;100.29;100.29;100.24;100.27;343
USDRUBF;5;20241120;161000;100.25;100.25;100.2;100.22;616
USDRUBF;5;20241120;161500;100.22;100.29;100.21;100.28;231
USDRUBF;5;20241120;162000;100.3;100.35;100.28;100.35;135
USDRUBF;5;20241120;162500;100.32;100.39;100.32;100.34;253
USDRUBF;5;20241120;163000;100.32;100.34;100.32;100.34;189
USDRUBF;5;20241120;163500;100.36;100.39;100.36;100.37;424
USDRUBF;5;20241120;164000;100.39;100.44;100.35;100.35;101
USDRUBF;5;20241120;164500;100.36;100.37;100.32;100.33;97
USDRUBF;5;20241120;165000;100.32;100.36;100.29;100.36;268
USDRUBF;5;20241120;165500;100.33;100.35;100.3;100.35;119
USDRUBF;5;20241120;170000;100.32;100.36;100.3;100.33;524
USDRUBF;5;20241120;170500;100.31;100.43;100.31;100.36;4113
USDRUBF;5;20241120;171000;100.34;100.36;100.33;100.36;1539
USDRUBF;5;20241120;171500;100.37;100.4;100.37;100.38;325
USDRUBF;5;20241120;172000;100.39;100.42;100.39;100.42;597
USDRUBF;5;20241120;172500;100.41;100.43;100.26;100.31;1669
USDRUBF;5;20241120;173000;100.31;100.32;100.28;100.3;504
USDRUBF;5;20241120;173500;100.31;100.32;100.27;100.27;279
USDRUBF;5;20241120;174000;100.27;100.27;100.13;100.2;3455
USDRUBF;5;20241120;174500;100.2;100.2;100.15;100.2;320
USDRUBF;5;20241120;175000;100.19;100.26;100.14;100.26;767
USDRUBF;5;20241120;175500;100.26;100.27;100.22;100.25;210
USDRUBF;5;20241120;180000;100.27;100.29;100.23;100.29;506
USDRUBF;5;20241120;180500;100.29;100.29;100.24;100.24;1189
USDRUBF;5;20241120;181000;100.24;100.29;100.23;100.28;425
USDRUBF;5;20241120;181500;100.29;100.29;100.26;100.28;313
USDRUBF;5;20241120;182000;100.27;100.29;100.27;100.27;419
USDRUBF;5;20241120;182500;100.27;100.28;100.24;100.25;230
USDRUBF;5;20241120;183000;100.25;100.26;100.24;100.24;283
USDRUBF;5;20241120;183500;100.26;100.27;100.19;100.23;469
USDRUBF;5;20241120;184000;100.24;100.24;100.17;100.21;309
USDRUBF;5;20241120;184500;100.22;100.28;100.2;100.28;373
USDRUBF;5;20241120;190500;100.3;100.34;100.25;100.33;635
USDRUBF;5;20241120;191000;100.33;100.4;100.33;100.39;653
USDRUBF;5;20241120;191500;100.38;100.39;100.36;100.38;168
USDRUBF;5;20241120;192000;100.37;100.38;100.36;100.36;115
USDRUBF;5;20241120;192500;100.36;100.37;100.36;100.37;61
USDRUBF;5;20241120;193000;100.37;100.38;100.37;100.37;71
USDRUBF;5;20241120;193500;100.38;100.39;100.37;100.37;109
USDRUBF;5;20241120;194000;100.37;100.39;100.37;100.37;55
USDRUBF;5;20241120;194500;100.37;100.38;100.37;100.38;11
USDRUBF;5;20241120;195000;100.38;100.39;100.37;100.37;61
USDRUBF;5;20241120;195500;100.37;100.39;100.37;100.39;9
USDRUBF;5;20241120;200000;100.37;100.39;100.34;100.34;278
USDRUBF;5;20241120;200500;100.37;100.37;100.37;100.37;26
USDRUBF;5;20241120;201000;100.37;100.38;100.35;100.35;32
USDRUBF;5;20241120;201500;100.38;100.39;100.35;100.36;47
USDRUBF;5;20241120;202000;100.35;100.38;100.35;100.37;19
USDRUBF;5;20241120;202500;100.36;100.37;100.35;100.37;13
USDRUBF;5;20241120;203000;100.38;100.38;100.38;100.38;5
USDRUBF;5;20241120;203500;100.38;100.38;100.37;100.37;11
USDRUBF;5;20241120;204000;100.37;100.38;100.37;100.38;14
USDRUBF;5;20241120;204500;100.38;100.38;100.37;100.37;21
USDRUBF;5;20241120;205000;100.38;100.41;100.38;100.41;178
USDRUBF;5;20241120;205500;100.42;100.43;100.39;100.43;95
USDRUBF;5;20241120;210500;100.43;100.43;100.43;100.43;9
USDRUBF;5;20241120;211000;100.43;100.43;100.43;100.43;3
USDRUBF;5;20241120;211500;100.42;100.42;100.4;100.4;21
USDRUBF;5;20241120;212000;100.41;100.43;100.4;100.43;62
USDRUBF;5;20241120;212500;100.42;100.43;100.4;100.4;26
USDRUBF;5;20241120;213000;100.41;100.43;100.41;100.43;12
USDRUBF;5;20241120;213500;100.44;100.45;100.44;100.45;59
USDRUBF;5;20241120;214000;100.45;100.48;100.45;100.45;42
USDRUBF;5;20241120;214500;100.44;100.45;100.43;100.44;108
USDRUBF;5;20241120;215000;100.45;100.45;100.43;100.43;4
USDRUBF;5;20241120;215500;100.44;100.44;100.43;100.44;5
USDRUBF;5;20241120;220000;100.43;100.45;100.43;100.44;5
USDRUBF;5;20241120;220500;100.45;100.45;100.44;100.44;15
USDRUBF;5;20241120;221000;100.44;100.45;100.43;100.44;118
USDRUBF;5;20241120;221500;100.44;100.44;100.44;100.44;30
USDRUBF;5;20241120;222000;100.44;100.44;100.44;100.44;8
USDRUBF;5;20241120;222500;100.44;100.45;100.44;100.45;12
USDRUBF;5;20241120;223000;100.45;100.48;100.45;100.48;18
USDRUBF;5;20241120;223500;100.48;100.54;100.48;100.54;21
USDRUBF;5;20241120;224000;100.53;100.55;100.52;100.54;72
USDRUBF;5;20241120;224500;100.54;100.54;100.51;100.53;18
USDRUBF;5;20241120;225000;100.51;100.51;100.47;100.47;112
USDRUBF;5;20241120;225500;100.47;100.47;100.47;100.47;20
USDRUBF;5;20241120;230000;100.49;100.5;100.47;100.47;68
USDRUBF;5;20241120;230500;100.47;100.5;100.47;100.5;11
USDRUBF;5;20241120;231000;100.5;100.5;100.5;100.5;5
USDRUBF;5;20241120;231500;100.49;100.5;100.49;100.5;12
USDRUBF;5;20241120;232000;100.49;100.49;100.49;100.49;310
USDRUBF;5;20241120;233500;100.5;100.5;100.48;100.48;22
USDRUBF;5;20241120;234000;100.46;100.46;100.45;100.45;12
USDRUBF;5;20241120;234500;100.44;100.51;100.43;100.51;151
USDRUBF;5;20241121;100000;100.53;100.6;100.37;100.41;867
USDRUBF;5;20241121;100500;100.39;100.49;100.39;100.49;503
USDRUBF;5;20241121;101000;100.5;100.51;100.41;100.45;2331
USDRUBF;5;20241121;101500;100.43;100.47;100.43;100.46;244
USDRUBF;5;20241121;102000;100.47;100.48;100.47;100.48;112
USDRUBF;5;20241121;102500;100.47;100.56;100.43;100.56;327
USDRUBF;5;20241121;103000;100.54;100.57;100.52;100.55;136
USDRUBF;5;20241121;103500;100.54;100.65;100.53;100.62;240
USDRUBF;5;20241121;104000;100.63;100.68;100.6;100.6;457
USDRUBF;5;20241121;104500;100.6;100.64;100.6;100.62;218
USDRUBF;5;20241121;105000;100.62;100.69;100.62;100.67;384
USDRUBF;5;20241121;105500;100.67;100.71;100.64;100.68;693
USDRUBF;5;20241121;110000;100.64;100.7;100.63;100.68;331
USDRUBF;5;20241121;110500;100.69;100.69;100.64;100.67;76
USDRUBF;5;20241121;111000;100.67;100.67;100.59;100.6;346
USDRUBF;5;20241121;111500;100.63;100.77;100.63;100.74;339
USDRUBF;5;20241121;112000;100.74;100.78;100.7;100.71;263
USDRUBF;5;20241121;112500;100.7;100.72;100.66;100.69;102
USDRUBF;5;20241121;113000;100.66;100.69;100.63;100.65;234
USDRUBF;5;20241121;113500;100.66;100.74;100.65;100.73;342
USDRUBF;5;20241121;114000;100.71;100.74;100.71;100.71;51
USDRUBF;5;20241121;114500;100.73;100.76;100.72;100.76;715
USDRUBF;5;20241121;115000;100.75;100.76;100.71;100.73;533
USDRUBF;5;20241121;115500;100.73;100.75;100.73;100.75;367
USDRUBF;5;20241121;120000;100.75;100.79;100.73;100.79;882
USDRUBF;5;20241121;120500;100.76;100.82;100.76;100.78;127
USDRUBF;5;20241121;121000;100.78;100.88;100.78;100.87;444
USDRUBF;5;20241121;121500;100.88;101;100.88;100.93;763
USDRUBF;5;20241121;122000;100.94;100.96;100.92;100.95;246
USDRUBF;5;20241121;122500;100.95;100.95;100.83;100.9;478
USDRUBF;5;20241121;123000;100.89;100.91;100.84;100.85;317
USDRUBF;5;20241121;123500;100.83;100.89;100.83;100.87;135
USDRUBF;5;20241121;124000;100.87;100.91;100.85;100.89;288
USDRUBF;5;20241121;124500;100.89;100.94;100.89;100.94;193
USDRUBF;5;20241121;125000;100.94;100.95;100.91;100.93;91
USDRUBF;5;20241121;125500;100.92;100.97;100.92;100.96;104
USDRUBF;5;20241121;130000;100.96;100.96;100.93;100.95;325
USDRUBF;5;20241121;130500;100.96;100.97;100.89;100.92;126
USDRUBF;5;20241121;131000;100.93;100.96;100.92;100.92;58
USDRUBF;5;20241121;131500;100.94;100.97;100.93;100.97;38
USDRUBF;5;20241121;132000;100.92;100.94;100.89;100.92;316
USDRUBF;5;20241121;132500;100.92;100.92;100.9;100.91;23
USDRUBF;5;20241121;133000;100.88;100.91;100.87;100.87;238
USDRUBF;5;20241121;133500;100.87;100.87;100.83;100.86;350
USDRUBF;5;20241121;134000;100.83;100.85;100.82;100.82;105
USDRUBF;5;20241121;134500;100.85;100.88;100.85;100.85;212
USDRUBF;5;20241121;135000;100.84;100.9;100.84;100.89;254
USDRUBF;5;20241121;135500;100.89;100.9;100.85;100.85;291
USDRUBF;5;20241121;140500;100.84;100.9;100.83;100.85;321
USDRUBF;5;20241121;141000;100.91;100.91;100.75;100.75;513
USDRUBF;5;20241121;141500;100.77;100.83;100.72;100.76;242
USDRUBF;5;20241121;142000;100.74;100.78;100.72;100.75;101
USDRUBF;5;20241121;142500;100.77;100.78;100.7;100.7;283
USDRUBF;5;20241121;143000;100.71;100.76;100.71;100.75;91
USDRUBF;5;20241121;143500;100.76;100.82;100.76;100.82;80
USDRUBF;5;20241121;144000;100.79;100.79;100.79;100.79;6
USDRUBF;5;20241121;144500;100.76;100.9;100.76;100.86;622
USDRUBF;5;20241121;145000;100.86;100.9;100.86;100.86;191
USDRUBF;5;20241121;145500;100.86;100.86;100.84;100.86;15
USDRUBF;5;20241121;150000;100.84;100.85;100.79;100.84;157
USDRUBF;5;20241121;150500;100.82;100.84;100.81;100.82;26
USDRUBF;5;20241121;151000;100.81;100.84;100.78;100.84;196
USDRUBF;5;20241121;151500;100.85;100.89;100.81;100.84;218
USDRUBF;5;20241121;152000;100.85;100.85;100.85;100.85;12
USDRUBF;5;20241121;152500;100.84;100.88;100.84;100.87;23
USDRUBF;5;20241121;153000;100.85;100.86;100.81;100.83;147
USDRUBF;5;20241121;153500;100.84;100.85;100.8;100.8;76
USDRUBF;5;20241121;154000;100.8;100.81;100.76;100.76;153
USDRUBF;5;20241121;154500;100.79;100.81;100.76;100.79;64
USDRUBF;5;20241121;155000;100.76;100.79;100.75;100.75;27
USDRUBF;5;20241121;155500;100.77;100.8;100.77;100.78;166
USDRUBF;5;20241121;160000;100.8;100.89;100.78;100.85;6272
USDRUBF;5;20241121;160500;100.87;100.89;100.84;100.84;395
USDRUBF;5;20241121;161000;100.83;100.86;100.82;100.83;332
USDRUBF;5;20241121;161500;100.83;100.84;100.79;100.82;293
USDRUBF;5;20241121;162000;100.84;100.84;100.81;100.81;16
USDRUBF;5;20241121;162500;100.81;100.81;100.81;100.81;1
USDRUBF;5;20241121;163000;100.8;100.82;100.8;100.82;81
USDRUBF;5;20241121;163500;100.82;100.82;100.78;100.78;47
USDRUBF;5;20241121;164000;100.8;100.82;100.8;100.82;45
USDRUBF;5;20241121;164500;100.82;100.83;100.81;100.82;220
USDRUBF;5;20241121;165000;100.81;100.84;100.81;100.84;25
USDRUBF;5;20241121;165500;100.81;100.81;100.77;100.77;737
USDRUBF;5;20241121;170000;100.79;100.79;100.75;100.75;53
USDRUBF;5;20241121;170500;100.74;100.76;100.7;100.73;296
USDRUBF;5;20241121;171000;100.72;100.77;100.72;100.74;206
USDRUBF;5;20241121;171500;100.74;100.78;100.74;100.78;19
USDRUBF;5;20241121;172000;100.79;100.82;100.79;100.82;100
USDRUBF;5;20241121;172500;100.8;100.82;100.79;100.82;67
USDRUBF;5;20241121;173000;100.81;100.83;100.8;100.83;77
USDRUBF;5;20241121;173500;100.8;100.85;100.8;100.82;307
USDRUBF;5;20241121;174000;100.83;100.83;100.82;100.83;18
USDRUBF;5;20241121;174500;100.83;100.83;100.8;100.82;330
USDRUBF;5;20241121;175000;100.82;100.82;100.8;100.81;219
USDRUBF;5;20241121;175500;100.81;100.82;100.72;100.72;723
USDRUBF;5;20241121;180000;100.74;100.76;100.71;100.74;27
USDRUBF;5;20241121;180500;100.74;100.75;100.72;100.72;73
USDRUBF;5;20241121;181000;100.72;100.75;100.71;100.75;33
USDRUBF;5;20241121;181500;100.78;100.92;100.78;100.89;1492
USDRUBF;5;20241121;182000;100.87;100.91;100.65;100.67;543
USDRUBF;5;20241121;182500;100.68;100.82;100.67;100.8;191
USDRUBF;5;20241121;183000;100.81;100.86;100.8;100.83;120
USDRUBF;5;20241121;183500;100.87;100.89;100.86;100.87;68
USDRUBF;5;20241121;184000;100.87;100.95;100.86;100.95;244
USDRUBF;5;20241121;184500;100.95;101.1;100.95;101.04;558
USDRUBF;5;20241121;190500;101.1;101.25;101.1;101.24;536
USDRUBF;5;20241121;191000;101.24;101.41;101.24;101.29;486
USDRUBF;5;20241121;191500;101.3;101.33;101.24;101.3;530
USDRUBF;5;20241121;192000;101.26;101.34;101.26;101.29;160
USDRUBF;5;20241121;192500;101.31;101.36;101.24;101.28;262
USDRUBF;5;20241121;193000;101.24;101.41;101.2;101.37;219
USDRUBF;5;20241121;193500;101.35;101.41;101.34;101.34;384
USDRUBF;5;20241121;194000;101.32;101.33;101.28;101.33;210
USDRUBF;5;20241121;194500;101.33;101.35;101.29;101.31;66
USDRUBF;5;20241121;195000;101.31;101.35;101.31;101.33;53
USDRUBF;5;20241121;195500;101.35;101.37;101.3;101.33;134
USDRUBF;5;20241121;200000;101.35;101.38;101.35;101.37;41
USDRUBF;5;20241121;200500;101.38;101.4;101.37;101.4;115
USDRUBF;5;20241121;201000;101.4;101.5;101.36;101.41;820
USDRUBF;5;20241121;201500;101.43;101.5;101.33;101.48;97
USDRUBF;5;20241121;202000;101.49;101.57;101.47;101.52;318
USDRUBF;5;20241121;202500;101.53;101.53;101.41;101.46;247
USDRUBF;5;20241121;203000;101.42;101.46;101.37;101.38;111
USDRUBF;5;20241121;203500;101.39;101.4;101.35;101.4;133
USDRUBF;5;20241121;204000;101.39;101.39;101.32;101.34;106
USDRUBF;5;20241121;204500;101.35;101.39;101.35;101.36;46
USDRUBF;5;20241121;205000;101.39;101.39;101.33;101.33;21
USDRUBF;5;20241121;205500;101.34;101.34;101.23;101.25;169
USDRUBF;5;20241121;210000;101.22;101.26;101.18;101.24;186
USDRUBF;5;20241121;210500;101.23;101.27;101.23;101.27;77
USDRUBF;5;20241121;211000;101.25;101.29;101.24;101.24;48
USDRUBF;5;20241121;211500;101.26;101.26;101.23;101.23;86
USDRUBF;5;20241121;212000;101.19;101.2;101.15;101.18;161
USDRUBF;5;20241121;212500;101.22;101.24;101.2;101.24;14
USDRUBF;5;20241121;213000;101.21;101.27;101.21;101.24;16
USDRUBF;5;20241121;213500;101.26;101.26;101.18;101.18;60
USDRUBF;5;20241121;214000;101.19;101.19;101.19;101.19;1
USDRUBF;5;20241121;214500;101.19;101.2;101.13;101.13;75
USDRUBF;5;20241121;215000;101.11;101.12;101.1;101.12;51
USDRUBF;5;20241121;215500;101.11;101.19;101.11;101.19;38
USDRUBF;5;20241121;220000;101.2;101.21;101.16;101.21;40
USDRUBF;5;20241121;220500;101.23;101.29;101.23;101.25;89
USDRUBF;5;20241121;221000;101.25;101.27;101.23;101.23;8
USDRUBF;5;20241121;221500;101.24;101.24;101.19;101.19;33
USDRUBF;5;20241121;222000;101.2;101.21;101.19;101.2;171
USDRUBF;5;20241121;222500;101.2;101.24;101.2;101.21;55
USDRUBF;5;20241121;223000;101.26;101.33;101.26;101.32;102
USDRUBF;5;20241121;223500;101.32;101.37;101.32;101.34;190
USDRUBF;5;20241121;224000;101.35;101.35;101.29;101.29;29
USDRUBF;5;20241121;224500;101.3;101.32;101.29;101.31;119
USDRUBF;5;20241121;225000;101.31;101.36;101.3;101.36;74
USDRUBF;5;20241121;225500;101.37;101.39;101.29;101.31;362
USDRUBF;5;20241121;230000;101.32;101.32;101.31;101.32;8
USDRUBF;5;20241121;230500;101.32;101.38;101.32;101.38;73
USDRUBF;5;20241121;231000;101.33;101.33;101.29;101.29;27
USDRUBF;5;20241121;231500;101.26;101.26;101.24;101.26;45
USDRUBF;5;20241121;232000;101.24;101.26;101.24;101.26;31
USDRUBF;5;20241121;232500;101.27;101.28;101.26;101.26;12
USDRUBF;5;20241121;233000;101.24;101.24;101.21;101.23;32
USDRUBF;5;20241121;233500;101.23;101.23;101.23;101.23;1
USDRUBF;5;20241121;234000;101.23;101.26;101.2;101.21;37
USDRUBF;5;20241121;234500;101.2;101.28;101.19;101.28;27
USDRUBF;5;20241122;100000;101.28;101.59;101.26;101.5;1452
USDRUBF;5;20241122;100500;101.51;101.52;101.07;101.21;1178
USDRUBF;5;20241122;101000;101.18;101.27;101.03;101.27;2735
USDRUBF;5;20241122;101500;101.24;101.4;101.15;101.18;893
USDRUBF;5;20241122;102000;101.2;101.48;101.17;101.45;1322
USDRUBF;5;20241122;102500;101.44;101.46;101.31;101.31;1877
USDRUBF;5;20241122;103000;101.33;101.41;101.26;101.36;1274
USDRUBF;5;20241122;103500;101.33;101.47;101.29;101.3;670
USDRUBF;5;20241122;104000;101.34;101.38;101.3;101.35;107
USDRUBF;5;20241122;104500;101.32;101.37;101.3;101.34;269
USDRUBF;5;20241122;105000;101.31;101.35;101.3;101.3;121
USDRUBF;5;20241122;105500;101.32;101.34;101.25;101.25;541
USDRUBF;5;20241122;110000;101.25;101.31;101.24;101.31;732
USDRUBF;5;20241122;110500;101.32;101.36;101.29;101.33;3180
USDRUBF;5;20241122;111000;101.34;101.54;101.33;101.44;1362
USDRUBF;5;20241122;111500;101.46;101.56;101.43;101.53;2074
USDRUBF;5;20241122;112000;101.53;101.79;101.52;101.79;3633
USDRUBF;5;20241122;112500;101.8;101.92;101.79;101.87;1944
USDRUBF;5;20241122;113000;101.87;101.99;101.86;101.96;1204
USDRUBF;5;20241122;113500;101.97;102.03;101.94;101.99;1167
USDRUBF;5;20241122;114000;102;102.15;102;102.15;2227
USDRUBF;5;20241122;114500;102.15;102.35;102.13;102.3;2445
USDRUBF;5;20241122;115000;102.32;102.42;102.23;102.3;2831
USDRUBF;5;20241122;115500;102.3;102.87;102.3;102.49;4992
USDRUBF;5;20241122;120000;102.52;102.58;102.45;102.51;1002
USDRUBF;5;20241122;120500;102.5;102.57;102.4;102.54;1796
USDRUBF;5;20241122;121000;102.52;102.8;102.5;102.8;1062
USDRUBF;5;20241122;121500;102.8;102.8;102.52;102.52;1228
USDRUBF;5;20241122;122000;102.5;102.62;102.44;102.44;544
USDRUBF;5;20241122;122500;102.48;102.54;102.43;102.47;349
USDRUBF;5;20241122;123000;102.44;102.6;102.41;102.56;879
USDRUBF;5;20241122;123500;102.58;102.71;102.55;102.67;699
USDRUBF;5;20241122;124000;102.67;102.67;102.58;102.58;261
USDRUBF;5;20241122;124500;102.56;102.62;102.54;102.56;423
USDRUBF;5;20241122;125000;102.6;102.61;102.5;102.61;367
USDRUBF;5;20241122;125500;102.59;102.69;102.57;102.65;452
USDRUBF;5;20241122;130000;102.64;102.66;102.62;102.62;212
USDRUBF;5;20241122;130500;102.62;102.7;102.62;102.67;376
USDRUBF;5;20241122;131000;102.67;102.75;102.64;102.64;950
USDRUBF;5;20241122;131500;102.65;102.65;102.6;102.6;352
USDRUBF;5;20241122;132000;102.58;102.61;102.56;102.56;253
USDRUBF;5;20241122;132500;102.56;102.56;102.51;102.53;187
USDRUBF;5;20241122;133000;102.54;102.61;102.53;102.59;440
USDRUBF;5;20241122;133500;102.59;102.64;102.59;102.62;62
USDRUBF;5;20241122;134000;102.65;102.69;102.65;102.69;31
USDRUBF;5;20241122;134500;102.67;102.69;102.63;102.67;343
USDRUBF;5;20241122;135000;102.67;102.71;102.67;102.68;181
USDRUBF;5;20241122;135500;102.68;102.71;102.67;102.71;70
USDRUBF;5;20241122;140500;102.69;102.71;102.55;102.64;908
USDRUBF;5;20241122;141000;102.62;102.64;102.49;102.55;902
USDRUBF;5;20241122;141500;102.55;102.55;102.46;102.51;327
USDRUBF;5;20241122;142000;102.51;102.54;102.47;102.47;136
USDRUBF;5;20241122;142500;102.51;102.51;102.37;102.48;1783
USDRUBF;5;20241122;143000;102.45;102.56;102.43;102.56;270
USDRUBF;5;20241122;143500;102.58;102.62;102.57;102.58;216
USDRUBF;5;20241122;144000;102.58;102.6;102.51;102.58;263
USDRUBF;5;20241122;144500;102.6;102.65;102.6;102.65;82
USDRUBF;5;20241122;145000;102.64;102.69;102.64;102.69;276
USDRUBF;5;20241122;145500;102.71;102.74;102.63;102.63;135
USDRUBF;5;20241122;150000;102.66;102.7;102.63;102.7;498
USDRUBF;5;20241122;150500;102.7;102.73;102.68;102.72;96
USDRUBF;5;20241122;151000;102.71;102.73;102.7;102.7;54
USDRUBF;5;20241122;151500;102.73;102.74;102.71;102.74;314
USDRUBF;5;20241122;152000;102.74;102.75;102.68;102.75;333
USDRUBF;5;20241122;152500;102.75;102.77;102.72;102.77;462
USDRUBF;5;20241122;153000;102.78;102.8;102.73;102.76;248
USDRUBF;5;20241122;153500;102.76;102.78;102.71;102.76;230
USDRUBF;5;20241122;154000;102.77;102.83;102.72;102.78;867
USDRUBF;5;20241122;154500;102.79;102.8;102.76;102.77;149
USDRUBF;5;20241122;155000;102.8;102.87;102.8;102.87;371
USDRUBF;5;20241122;155500;102.87;102.95;102.87;102.95;459
USDRUBF;5;20241122;160000;102.94;102.98;102.92;102.98;630
USDRUBF;5;20241122;160500;102.99;103.1;102.95;103.02;1847
USDRUBF;5;20241122;161000;103.01;103.01;102.88;102.89;313
USDRUBF;5;20241122;161500;102.92;103.03;102.92;102.99;498
USDRUBF;5;20241122;162000;102.96;103.02;102.94;102.98;210
USDRUBF;5;20241122;162500;103.01;103.01;102.93;102.96;199
USDRUBF;5;20241122;163000;102.94;102.95;102.84;102.89;165
USDRUBF;5;20241122;163500;102.89;102.92;102.37;102.88;2310
USDRUBF;5;20241122;164000;102.88;102.9;102.76;102.78;615
USDRUBF;5;20241122;164500;102.78;102.86;102.75;102.83;367
USDRUBF;5;20241122;165000;102.84;102.89;102.8;102.89;437
USDRUBF;5;20241122;165500;102.87;103;102.87;102.94;816
USDRUBF;5;20241122;170000;102.94;102.96;102.89;102.92;741
USDRUBF;5;20241122;170500;102.94;103.04;102.92;103.04;504
USDRUBF;5;20241122;171000;103.02;103.11;103.02;103.1;189
USDRUBF;5;20241122;171500;103.08;103.09;103.04;103.05;59
USDRUBF;5;20241122;172000;103.06;103.07;103.02;103.03;152
USDRUBF;5;20241122;172500;103.05;103.1;102.99;103.05;886
USDRUBF;5;20241122;173000;103.04;103.24;103.03;103.14;1074
USDRUBF;5;20241122;173500;103.15;103.16;103.07;103.08;820
USDRUBF;5;20241122;174000;103.07;103.08;102.97;103.03;317
USDRUBF;5;20241122;174500;103.06;103.16;103.06;103.09;544
USDRUBF;5;20241122;175000;103.08;103.32;103.08;103.32;398
USDRUBF;5;20241122;175500;103.32;103.33;103.27;103.31;488
USDRUBF;5;20241122;180000;103.32;103.33;103.26;103.27;1278
USDRUBF;5;20241122;180500;103.25;103.28;103.24;103.28;472
USDRUBF;5;20241122;181000;103.28;103.3;103.19;103.21;360
USDRUBF;5;20241122;181500;103.2;103.25;103.15;103.24;358
USDRUBF;5;20241122;182000;103.25;103.31;103.24;103.31;746
USDRUBF;5;20241122;182500;103.31;103.38;103.3;103.36;959
USDRUBF;5;20241122;183000;103.38;103.4;103.31;103.34;687
USDRUBF;5;20241122;183500;103.33;103.36;103.27;103.29;152
USDRUBF;5;20241122;184000;103.29;103.31;103.27;103.31;95
USDRUBF;5;20241122;184500;103.29;103.33;103.18;103.23;1314
USDRUBF;5;20241122;190500;103.2;103.32;103.17;103.32;748
USDRUBF;5;20241122;191000;103.3;103.47;103.3;103.46;553
USDRUBF;5;20241122;191500;103.47;103.57;103.45;103.56;300
USDRUBF;5;20241122;192000;103.52;103.58;103.5;103.54;290
USDRUBF;5;20241122;192500;103.58;103.65;103.58;103.6;261
USDRUBF;5;20241122;193000;103.62;103.65;103.58;103.58;605
USDRUBF;5;20241122;193500;103.58;103.59;103.53;103.57;151
USDRUBF;5;20241122;194000;103.57;103.57;103.49;103.49;44
USDRUBF;5;20241122;194500;103.49;103.5;103.41;103.41;149
USDRUBF;5;20241122;195000;103.43;103.45;103.4;103.42;112
USDRUBF;5;20241122;195500;103.41;103.5;103.41;103.47;181
USDRUBF;5;20241122;200000;103.45;103.45;103.37;103.41;133
USDRUBF;5;20241122;200500;103.41;103.41;103.37;103.41;59
USDRUBF;5;20241122;201000;103.41;103.44;103.4;103.44;85
USDRUBF;5;20241122;201500;103.44;103.45;103.43;103.43;41
USDRUBF;5;20241122;202000;103.46;103.46;103.43;103.46;25
USDRUBF;5;20241122;202500;103.45;103.48;103.44;103.44;79
USDRUBF;5;20241122;203000;103.46;103.5;103.35;103.39;585
USDRUBF;5;20241122;203500;103.38;103.4;103.36;103.39;104
USDRUBF;5;20241122;204000;103.39;103.42;103.33;103.33;1375
USDRUBF;5;20241122;204500;103.38;103.4;103.36;103.4;141
USDRUBF;5;20241122;205000;103.4;103.4;103.34;103.35;109
USDRUBF;5;20241122;205500;103.37;103.37;103.35;103.35;15
USDRUBF;5;20241122;210000;103.35;103.36;103.33;103.35;127
USDRUBF;5;20241122;210500;103.37;103.37;103.34;103.34;44
USDRUBF;5;20241122;211000;103.33;103.36;103.33;103.36;13
USDRUBF;5;20241122;211500;103.37;103.44;103.36;103.43;71
USDRUBF;5;20241122;212000;103.43;103.47;103.42;103.47;49
USDRUBF;5;20241122;212500;103.48;103.49;103.45;103.45;62
USDRUBF;5;20241122;213000;103.45;103.46;103.44;103.45;40
USDRUBF;5;20241122;213500;103.44;103.45;103.42;103.43;41
USDRUBF;5;20241122;214000;103.42;103.46;103.42;103.46;37
USDRUBF;5;20241122;214500;103.44;103.44;103.43;103.43;53
USDRUBF;5;20241122;215000;103.42;103.51;103.4;103.45;510
USDRUBF;5;20241122;215500;103.46;103.48;103.44;103.46;48
USDRUBF;5;20241122;220000;103.48;103.51;103.46;103.49;75
USDRUBF;5;20241122;220500;103.51;103.56;103.51;103.51;248
USDRUBF;5;20241122;221000;103.51;103.52;103.5;103.51;55
USDRUBF;5;20241122;221500;103.52;103.55;103.51;103.55;121
USDRUBF;5;20241122;222000;103.54;103.57;103.53;103.57;55
USDRUBF;5;20241122;222500;103.57;103.57;103.53;103.56;106
USDRUBF;5;20241122;223000;103.55;103.56;103.54;103.56;242
USDRUBF;5;20241122;223500;103.56;103.6;103.55;103.6;2409
USDRUBF;5;20241122;224000;103.6;103.63;103.6;103.61;386
USDRUBF;5;20241122;224500;103.61;103.63;103.61;103.63;7
USDRUBF;5;20241122;225000;103.63;103.64;103.63;103.64;3
USDRUBF;5;20241122;225500;103.61;103.61;103.61;103.61;13
USDRUBF;5;20241122;230000;103.63;103.63;103.6;103.6;28
USDRUBF;5;20241122;230500;103.6;103.6;103.56;103.56;79
USDRUBF;5;20241122;231000;103.56;103.56;103.52;103.52;67
USDRUBF;5;20241122;231500;103.51;103.55;103.51;103.52;116
USDRUBF;5;20241122;232000;103.54;103.54;103.51;103.52;62
USDRUBF;5;20241122;232500;103.5;103.5;103.48;103.49;221
USDRUBF;5;20241122;233000;103.5;103.5;103.44;103.46;263
USDRUBF;5;20241122;233500;103.46;103.47;103.41;103.42;65
USDRUBF;5;20241122;234000;103.42;103.43;103.37;103.39;150
USDRUBF;5;20241122;234500;103.39;103.47;103.38;103.47;458
USDRUBF;5;20241125;100000;103.34;103.69;103.2;103.66;1891
USDRUBF;5;20241125;100500;103.67;103.67;103.48;103.48;876
USDRUBF;5;20241125;101000;103.48;103.49;103.27;103.36;982
USDRUBF;5;20241125;101500;103.36;103.6;103.36;103.46;800
USDRUBF;5;20241125;102000;103.46;103.76;103.43;103.73;829
USDRUBF;5;20241125;102500;103.75;103.98;103.75;103.82;1597
USDRUBF;5;20241125;103000;103.89;103.98;103.82;103.92;824
USDRUBF;5;20241125;103500;103.88;103.88;103.78;103.82;250
USDRUBF;5;20241125;104000;103.82;103.88;103.62;103.65;448
USDRUBF;5;20241125;104500;103.65;103.71;103.65;103.65;290
USDRUBF;5;20241125;105000;103.65;103.73;103.65;103.7;214
USDRUBF;5;20241125;105500;103.7;103.89;103.7;103.83;1004
USDRUBF;5;20241125;110000;103.83;103.97;103.82;103.9;580
USDRUBF;5;20241125;110500;103.9;104.07;103.85;103.93;2227
USDRUBF;5;20241125;111000;103.93;103.98;103.77;103.84;376
USDRUBF;5;20241125;111500;103.84;103.89;103.82;103.88;223
USDRUBF;5;20241125;112000;103.88;103.88;103.8;103.85;414
USDRUBF;5;20241125;112500;103.88;103.95;103.88;103.88;788
USDRUBF;5;20241125;113000;103.88;103.91;103.81;103.81;523
USDRUBF;5;20241125;113500;103.81;103.88;103.77;103.85;280
USDRUBF;5;20241125;114000;103.87;103.91;103.83;103.87;184
USDRUBF;5;20241125;114500;103.9;103.9;103.68;103.76;805
USDRUBF;5;20241125;115000;103.77;103.77;103.62;103.67;756
USDRUBF;5;20241125;115500;103.65;103.75;103.61;103.72;721
USDRUBF;5;20241125;120000;103.76;103.82;103.7;103.72;343
USDRUBF;5;20241125;120500;103.73;103.74;103.64;103.74;792
USDRUBF;5;20241125;121000;103.74;103.79;103.61;103.77;2269
USDRUBF;5;20241125;121500;103.76;103.83;103.75;103.83;633
USDRUBF;5;20241125;122000;103.83;103.89;103.82;103.84;378
USDRUBF;5;20241125;122500;103.84;103.86;103.79;103.83;326
USDRUBF;5;20241125;123000;103.86;103.86;103.8;103.83;109
USDRUBF;5;20241125;123500;103.86;103.89;103.86;103.87;245
USDRUBF;5;20241125;124000;103.87;103.89;103.83;103.85;359
USDRUBF;5;20241125;124500;103.84;103.85;103.77;103.82;491
USDRUBF;5;20241125;125000;103.83;103.87;103.83;103.87;27
USDRUBF;5;20241125;125500;103.85;103.89;103.84;103.87;216
USDRUBF;5;20241125;130000;103.87;104.01;103.85;104.01;404
USDRUBF;5;20241125;130500;104.01;104.05;103.99;104.02;273
USDRUBF;5;20241125;131000;104.02;104.04;103.98;104.04;312
USDRUBF;5;20241125;131500;104.02;104.05;103.94;103.94;291
USDRUBF;5;20241125;132000;103.95;104.01;103.94;104.01;227
USDRUBF;5;20241125;132500;103.99;104.07;103.99;104.06;184
USDRUBF;5;20241125;133000;104.07;104.08;103.96;104;474
USDRUBF;5;20241125;133500;104;104.02;103.98;104;947
USDRUBF;5;20241125;134000;103.99;104.1;103.99;104.09;269
USDRUBF;5;20241125;134500;104.1;104.12;103.95;103.98;394
USDRUBF;5;20241125;135000;103.95;103.97;103.95;103.95;16
USDRUBF;5;20241125;135500;103.95;104.01;103.95;103.98;142
USDRUBF;5;20241125;140500;103.98;103.99;103.97;103.99;45
USDRUBF;5;20241125;141000;103.99;104.07;103.99;104.07;106
USDRUBF;5;20241125;141500;104.05;104.09;104.04;104.09;65
USDRUBF;5;20241125;142000;104.09;104.28;104.08;104.27;475
USDRUBF;5;20241125;142500;104.27;104.33;104.23;104.24;338
USDRUBF;5;20241125;143000;104.29;104.29;104.22;104.24;287
USDRUBF;5;20241125;143500;104.25;104.28;104.24;104.27;617
USDRUBF;5;20241125;144000;104.26;104.32;104.23;104.31;975
USDRUBF;5;20241125;144500;104.31;104.32;104.24;104.29;880
USDRUBF;5;20241125;145000;104.28;104.32;104.28;104.31;591
USDRUBF;5;20241125;145500;104.3;104.33;104.27;104.27;198
USDRUBF;5;20241125;150000;104.29;104.29;104.21;104.23;234
USDRUBF;5;20241125;150500;104.23;104.36;104.23;104.32;2186
USDRUBF;5;20241125;151000;104.32;104.43;104.26;104.26;721
USDRUBF;5;20241125;151500;104.28;104.32;104.26;104.31;231
USDRUBF;5;20241125;152000;104.32;104.35;104.31;104.31;159
USDRUBF;5;20241125;152500;104.35;104.6;104.35;104.46;995
USDRUBF;5;20241125;153000;104.49;104.54;104.38;104.44;363
USDRUBF;5;20241125;153500;104.47;104.52;104.45;104.49;65
USDRUBF;5;20241125;154000;104.46;104.49;104.38;104.48;744
USDRUBF;5;20241125;154500;104.47;104.49;104.44;104.46;571
USDRUBF;5;20241125;155000;104.46;104.52;104.46;104.52;3052
USDRUBF;5;20241125;155500;104.51;104.65;104.51;104.56;1385
USDRUBF;5;20241125;160000;104.59;104.74;104.59;104.68;855
USDRUBF;5;20241125;160500;104.68;104.73;104.57;104.59;813
USDRUBF;5;20241125;161000;104.63;104.78;104.6;104.78;509
USDRUBF;5;20241125;161500;104.78;104.97;104.78;104.96;2184
USDRUBF;5;20241125;162000;104.97;105.14;104.92;104.99;1945
USDRUBF;5;20241125;162500;104.97;105.1;104.84;104.95;2864
USDRUBF;5;20241125;163000;104.91;104.93;104.66;104.72;1103
USDRUBF;5;20241125;163500;104.75;104.76;104.63;104.66;564
USDRUBF;5;20241125;164000;104.65;104.72;104.51;104.65;906
USDRUBF;5;20241125;164500;104.61;104.67;104.54;104.64;381
USDRUBF;5;20241125;165000;104.61;104.64;104.56;104.61;364
USDRUBF;5;20241125;165500;104.62;104.62;104.53;104.55;239
USDRUBF;5;20241125;170000;104.55;104.57;104.49;104.53;286
USDRUBF;5;20241125;170500;104.54;104.61;104.54;104.6;297
USDRUBF;5;20241125;171000;104.58;104.64;104.57;104.58;699
USDRUBF;5;20241125;171500;104.59;104.64;104.59;104.62;409
USDRUBF;5;20241125;172000;104.61;104.68;104.6;104.61;1119
USDRUBF;5;20241125;172500;104.64;104.7;104.58;104.6;787
USDRUBF;5;20241125;173000;104.58;104.63;104.58;104.6;294
USDRUBF;5;20241125;173500;104.6;104.63;104.57;104.6;265
USDRUBF;5;20241125;174000;104.61;104.61;104.59;104.61;328
USDRUBF;5;20241125;174500;104.61;104.63;104.56;104.57;376
USDRUBF;5;20241125;175000;104.57;104.59;104.43;104.5;808
USDRUBF;5;20241125;175500;104.5;104.5;104.33;104.35;897
USDRUBF;5;20241125;180000;104.35;104.36;104.21;104.25;827
USDRUBF;5;20241125;180500;104.25;104.54;104.22;104.51;1013
USDRUBF;5;20241125;181000;104.52;104.55;104.25;104.25;336
USDRUBF;5;20241125;181500;104.26;104.49;104.26;104.48;1522
USDRUBF;5;20241125;182000;104.47;104.47;104.37;104.41;173
USDRUBF;5;20241125;182500;104.42;104.48;104.37;104.42;327
USDRUBF;5;20241125;183000;104.43;104.64;104.43;104.64;1094
USDRUBF;5;20241125;183500;104.64;104.71;104.62;104.7;1136
USDRUBF;5;20241125;184000;104.7;104.8;104.5;104.68;1584
USDRUBF;5;20241125;184500;104.68;104.94;104.66;104.94;892
USDRUBF;5;20241125;190500;104.9;105.18;104.88;105.16;1135
USDRUBF;5;20241125;191000;105.13;105.13;105.02;105.07;208
USDRUBF;5;20241125;191500;105.05;105.3;105.05;105.09;270
USDRUBF;5;20241125;192000;105.11;105.15;105.1;105.12;216
USDRUBF;5;20241125;192500;105.12;105.12;104.94;105.09;1327
USDRUBF;5;20241125;193000;105.08;105.3;105.08;105.26;344
USDRUBF;5;20241125;193500;105.25;105.29;105.15;105.25;108
USDRUBF;5;20241125;194000;105.25;105.27;105.2;105.26;90
USDRUBF;5;20241125;194500;105.27;105.27;105.19;105.2;114
USDRUBF;5;20241125;195000;105.2;105.24;105.09;105.12;121
USDRUBF;5;20241125;195500;105.11;105.23;105.11;105.21;113
USDRUBF;5;20241125;200000;105.21;105.26;105.1;105.22;118
USDRUBF;5;20241125;200500;105.2;105.24;105.16;105.2;67
USDRUBF;5;20241125;201000;105.19;105.25;105.18;105.24;138
USDRUBF;5;20241125;201500;105.24;105.26;105.22;105.22;88
USDRUBF;5;20241125;202000;105.23;105.25;105.18;105.2;79
USDRUBF;5;20241125;202500;105.23;105.26;105.23;105.26;42
USDRUBF;5;20241125;203000;105.26;105.35;105.26;105.35;340
USDRUBF;5;20241125;203500;105.35;105.37;105.34;105.36;157
USDRUBF;5;20241125;204000;105.36;105.37;105.33;105.36;68
USDRUBF;5;20241125;204500;105.34;105.38;105.34;105.38;181
USDRUBF;5;20241125;205000;105.37;105.39;105.37;105.38;212
USDRUBF;5;20241125;205500;105.38;105.39;105.3;105.3;437
USDRUBF;5;20241125;210000;105.3;105.35;105.29;105.29;138
USDRUBF;5;20241125;210500;105.3;105.33;105.27;105.32;44
USDRUBF;5;20241125;211000;105.32;105.35;105.32;105.34;14
USDRUBF;5;20241125;211500;105.33;105.38;105.32;105.37;218
USDRUBF;5;20241125;212000;105.37;105.37;105.29;105.3;195
USDRUBF;5;20241125;212500;105.32;105.32;105.27;105.32;139
USDRUBF;5;20241125;213000;105.32;105.38;105.3;105.34;223
USDRUBF;5;20241125;213500;105.38;105.39;105.37;105.39;78
USDRUBF;5;20241125;214000;105.38;105.39;105.35;105.35;325
USDRUBF;5;20241125;214500;105.37;105.37;105.34;105.35;70
USDRUBF;5;20241125;215000;105.35;105.37;105.35;105.37;122
USDRUBF;5;20241125;215500;105.36;105.37;105.34;105.35;264
USDRUBF;5;20241125;220000;105.35;105.37;105.31;105.32;483
USDRUBF;5;20241125;220500;105.32;105.37;105.29;105.37;216
USDRUBF;5;20241125;221000;105.36;105.36;105.29;105.29;128
USDRUBF;5;20241125;221500;105.31;105.31;105.29;105.29;121
USDRUBF;5;20241125;222000;105.3;105.3;105.2;105.25;416
USDRUBF;5;20241125;222500;105.26;105.27;105.25;105.25;85
USDRUBF;5;20241125;223000;105.25;105.28;105.22;105.23;241
USDRUBF;5;20241125;223500;105.27;105.29;105.27;105.29;7
USDRUBF;5;20241125;224000;105.27;105.27;105.23;105.23;194
USDRUBF;5;20241125;224500;105.23;105.24;105.12;105.18;490
USDRUBF;5;20241125;225000;105.2;105.21;105.09;105.13;140
USDRUBF;5;20241125;225500;105.13;105.14;105.09;105.14;108
USDRUBF;5;20241125;230000;105.15;105.16;105.14;105.16;25
USDRUBF;5;20241125;230500;105.16;105.17;105.14;105.14;96
USDRUBF;5;20241125;231000;105.14;105.18;105.13;105.14;77
USDRUBF;5;20241125;231500;105.15;105.18;105.14;105.14;50
USDRUBF;5;20241125;232000;105.14;105.14;105.09;105.1;180
USDRUBF;5;20241125;232500;105.11;105.16;105.11;105.16;25
USDRUBF;5;20241125;233000;105.12;105.14;105.1;105.14;22
USDRUBF;5;20241125;233500;105.14;105.14;105.14;105.14;1
USDRUBF;5;20241125;234000;105.18;105.2;105.15;105.17;92
USDRUBF;5;20241125;234500;105.17;105.26;105.15;105.26;36
USDRUBF;5;20241126;100000;105.3;105.88;105.29;105.75;2397
USDRUBF;5;20241126;100500;105.71;105.85;105.68;105.74;2789
USDRUBF;5;20241126;101000;105.74;105.86;105.54;105.55;1514
USDRUBF;5;20241126;101500;105.55;105.59;105.45;105.47;1914
USDRUBF;5;20241126;102000;105.46;105.57;105.41;105.48;1997
USDRUBF;5;20241126;102500;105.48;105.57;105.38;105.55;1072
USDRUBF;5;20241126;103000;105.55;105.8;105.53;105.66;688
USDRUBF;5;20241126;103500;105.67;105.67;105.37;105.38;490
USDRUBF;5;20241126;104000;105.39;105.39;105.03;105.03;3310
USDRUBF;5;20241126;104500;105.02;105.02;104.87;105.02;3230
USDRUBF;5;20241126;105000;105.02;105.05;104.92;104.96;1745
USDRUBF;5;20241126;105500;104.95;105.01;104.92;104.97;1800
USDRUBF;5;20241126;110000;104.95;105.15;104.83;105.15;4264
USDRUBF;5;20241126;110500;105.17;105.28;105.02;105.18;1934
USDRUBF;5;20241126;111000;105.16;105.35;105.12;105.17;1031
USDRUBF;5;20241126;111500;105.16;105.17;105.08;105.08;502
USDRUBF;5;20241126;112000;105.13;105.19;105.06;105.12;590
USDRUBF;5;20241126;112500;105.16;105.28;105.11;105.28;145
USDRUBF;5;20241126;113000;105.25;105.39;105.25;105.27;451
USDRUBF;5;20241126;113500;105.27;105.29;105.2;105.21;323
USDRUBF;5;20241126;114000;105.2;105.28;105.07;105.07;491
USDRUBF;5;20241126;114500;105.07;105.07;104.89;104.92;759
USDRUBF;5;20241126;115000;104.92;105.02;104.72;104.72;2832
USDRUBF;5;20241126;115500;104.75;104.86;104.71;104.86;1758
USDRUBF;5;20241126;120000;104.85;104.88;104.73;104.73;959
USDRUBF;5;20241126;120500;104.73;104.78;104.67;104.68;1437
USDRUBF;5;20241126;121000;104.67;104.81;104.64;104.69;1110
USDRUBF;5;20241126;121500;104.7;104.7;104.58;104.69;643
USDRUBF;5;20241126;122000;104.69;104.75;104.64;104.73;373
USDRUBF;5;20241126;122500;104.74;104.87;104.72;104.87;195
USDRUBF;5;20241126;123000;104.87;104.91;104.78;104.83;230
USDRUBF;5;20241126;123500;104.87;104.91;104.8;104.85;318
USDRUBF;5;20241126;124000;104.86;104.98;104.85;104.95;359
USDRUBF;5;20241126;124500;104.94;105.1;104.94;105.07;755
USDRUBF;5;20241126;125000;105.07;105.07;104.88;104.93;1139
USDRUBF;5;20241126;125500;104.9;104.97;104.87;104.93;289
USDRUBF;5;20241126;130000;104.93;104.98;104.93;104.94;26
USDRUBF;5;20241126;130500;104.94;104.95;104.89;104.89;183
USDRUBF;5;20241126;131000;104.88;104.88;104.84;104.88;178
USDRUBF;5;20241126;131500;104.88;104.93;104.87;104.93;74
USDRUBF;5;20241126;132000;104.92;105.06;104.92;105.02;533
USDRUBF;5;20241126;132500;105;105;104.88;104.88;457
USDRUBF;5;20241126;133000;104.88;105.01;104.84;104.96;536
USDRUBF;5;20241126;133500;104.94;104.99;104.93;104.95;42
USDRUBF;5;20241126;134000;104.94;104.98;104.93;104.98;135
USDRUBF;5;20241126;134500;104.99;105.06;104.96;105;251
USDRUBF;5;20241126;135000;105;105.13;104.99;105.13;149
USDRUBF;5;20241126;135500;105.12;105.13;105.08;105.11;196
USDRUBF;5;20241126;140500;105.12;105.2;105.11;105.19;415
USDRUBF;5;20241126;141000;105.2;105.23;105.17;105.23;95
USDRUBF;5;20241126;141500;105.23;105.23;105.09;105.09;1111
USDRUBF;5;20241126;142000;105.12;105.19;105.06;105.19;468
USDRUBF;5;20241126;142500;105.21;105.21;105.17;105.21;100
USDRUBF;5;20241126;143000;105.21;105.25;105.2;105.23;61
USDRUBF;5;20241126;143500;105.22;105.3;105.22;105.3;162
USDRUBF;5;20241126;144000;105.3;105.34;105.21;105.21;911
USDRUBF;5;20241126;144500;105.22;105.24;105.16;105.19;81
USDRUBF;5;20241126;145000;105.21;105.32;105.21;105.24;812
USDRUBF;5;20241126;145500;105.26;105.27;105.2;105.2;238
USDRUBF;5;20241126;150000;105.22;105.64;105.19;105.46;3104
USDRUBF;5;20241126;150500;105.45;105.51;105.45;105.49;182
USDRUBF;5;20241126;151000;105.49;105.49;105.45;105.46;299
USDRUBF;5;20241126;151500;105.46;105.49;105.45;105.47;205
USDRUBF;5;20241126;152000;105.45;105.5;105.45;105.46;259
USDRUBF;5;20241126;152500;105.46;105.47;105.18;105.24;1236
USDRUBF;5;20241126;153000;105.3;105.38;105.26;105.35;245
USDRUBF;5;20241126;153500;105.35;105.4;105.35;105.39;335
USDRUBF;5;20241126;154000;105.37;105.47;105.34;105.44;437
USDRUBF;5;20241126;154500;105.47;105.5;105.43;105.43;320
USDRUBF;5;20241126;155000;105.43;105.49;105.43;105.45;233
USDRUBF;5;20241126;155500;105.48;105.49;105.43;105.48;150
USDRUBF;5;20241126;160000;105.49;105.57;105.44;105.51;426
USDRUBF;5;20241126;160500;105.5;105.55;105.5;105.52;96
USDRUBF;5;20241126;161000;105.54;105.58;105.4;105.42;159
USDRUBF;5;20241126;161500;105.4;105.53;105.24;105.52;747
USDRUBF;5;20241126;162000;105.5;105.54;105.47;105.48;214
USDRUBF;5;20241126;162500;105.51;105.52;105.47;105.52;448
USDRUBF;5;20241126;163000;105.52;105.54;105.5;105.53;63
USDRUBF;5;20241126;163500;105.52;105.87;105.52;105.84;1331
USDRUBF;5;20241126;164000;105.84;105.84;105.68;105.74;433
USDRUBF;5;20241126;164500;105.78;105.95;105.77;105.94;1715
USDRUBF;5;20241126;165000;105.95;105.98;105.74;105.78;1782
USDRUBF;5;20241126;165500;105.77;105.82;105.76;105.81;175
USDRUBF;5;20241126;170000;105.77;105.78;105.61;105.78;712
USDRUBF;5;20241126;170500;105.78;105.83;105.77;105.83;932
USDRUBF;5;20241126;171000;105.83;106.2;105.82;106.14;4819
USDRUBF;5;20241126;171500;106.19;106.33;106.14;106.22;3547
USDRUBF;5;20241126;172000;106.28;106.31;106.11;106.26;2077
USDRUBF;5;20241126;172500;106.26;106.33;106.19;106.26;302
USDRUBF;5;20241126;173000;106.26;106.38;106.25;106.38;789
USDRUBF;5;20241126;173500;106.36;106.38;106.14;106.3;751
USDRUBF;5;20241126;174000;106.32;106.36;106.28;106.28;343
USDRUBF;5;20241126;174500;106.23;106.26;106.11;106.21;690
USDRUBF;5;20241126;175000;106.25;106.3;106.2;106.29;311
USDRUBF;5;20241126;175500;106.29;106.38;106.27;106.27;1349
USDRUBF;5;20241126;180000;106.31;106.59;106.29;106.58;798
USDRUBF;5;20241126;180500;106.59;106.59;106.38;106.43;1934
USDRUBF;5;20241126;181000;106.38;106.45;106.3;106.3;375
USDRUBF;5;20241126;181500;106.31;106.54;106.29;106.49;263
USDRUBF;5;20241126;182000;106.48;106.48;106.41;106.46;249
USDRUBF;5;20241126;182500;106.46;106.51;106.42;106.51;545
USDRUBF;5;20241126;183000;106.51;106.72;106.51;106.66;626
USDRUBF;5;20241126;183500;106.66;106.77;106.63;106.75;804
USDRUBF;5;20241126;184000;106.75;106.75;106.57;106.62;817
USDRUBF;5;20241126;184500;106.61;106.7;106.59;106.68;270
USDRUBF;5;20241126;190500;106.67;106.84;106.54;106.83;1166
USDRUBF;5;20241126;191000;106.82;106.99;106.78;106.99;499
USDRUBF;5;20241126;191500;106.99;107.2;106.97;107.12;1181
USDRUBF;5;20241126;192000;107.15;107.18;107.04;107.09;236
USDRUBF;5;20241126;192500;107.1;107.13;106.99;107.02;390
USDRUBF;5;20241126;193000;107.01;107.01;106.85;106.89;483
USDRUBF;5;20241126;193500;106.88;106.88;106.82;106.86;374
USDRUBF;5;20241126;194000;106.9;106.96;106.86;106.96;214
USDRUBF;5;20241126;194500;106.96;107.03;106.95;107.01;154
USDRUBF;5;20241126;195000;107.01;107.08;107.01;107.05;162
USDRUBF;5;20241126;195500;107.09;107.09;107.03;107.07;91
USDRUBF;5;20241126;200000;107.07;107.1;106.95;107.1;287
USDRUBF;5;20241126;200500;107.09;107.14;107.06;107.11;140
USDRUBF;5;20241126;201000;107.11;107.11;107.03;107.03;44
USDRUBF;5;20241126;201500;107.03;107.07;107.03;107.07;29
USDRUBF;5;20241126;202000;107.08;107.25;107.08;107.21;529
USDRUBF;5;20241126;202500;107.21;107.31;107.18;107.3;121
USDRUBF;5;20241126;203000;107.3;107.35;107.14;107.14;1332
USDRUBF;5;20241126;203500;107.13;107.13;107;107.08;424
USDRUBF;5;20241126;204000;107.09;107.17;107.09;107.12;39
USDRUBF;5;20241126;204500;107.08;107.13;107;107.04;474
USDRUBF;5;20241126;205000;107.04;107.2;107.04;107.2;72
USDRUBF;5;20241126;205500;107.22;107.22;107.11;107.14;118
USDRUBF;5;20241126;210000;107.11;107.12;107.03;107.03;57
USDRUBF;5;20241126;210500;107.05;107.16;107.03;107.15;192
USDRUBF;5;20241126;211000;107.16;107.16;107.1;107.1;46
USDRUBF;5;20241126;211500;107.11;107.16;107.07;107.16;74
USDRUBF;5;20241126;212000;107.17;107.23;107.17;107.21;215
USDRUBF;5;20241126;212500;107.24;107.3;107.23;107.3;287
USDRUBF;5;20241126;213000;107.3;107.3;107.23;107.28;100
USDRUBF;5;20241126;213500;107.25;107.28;107.23;107.28;113
USDRUBF;5;20241126;214000;107.29;107.34;107.29;107.31;87
USDRUBF;5;20241126;214500;107.3;107.31;107.11;107.11;192
USDRUBF;5;20241126;215000;107.1;107.15;107.05;107.11;232
USDRUBF;5;20241126;215500;107.12;107.2;107.09;107.2;60
USDRUBF;5;20241126;220000;107.18;107.21;107.13;107.13;169
USDRUBF;5;20241126;220500;107.13;107.14;107;107.14;821
USDRUBF;5;20241126;221000;107.14;107.14;107.07;107.07;81
USDRUBF;5;20241126;221500;107.05;107.28;107.05;107.07;536
USDRUBF;5;20241126;222000;107.08;107.08;107.01;107.05;299
USDRUBF;5;20241126;222500;107.08;107.15;107.05;107.05;43
USDRUBF;5;20241126;223000;107.07;107.2;107.02;107.05;758
USDRUBF;5;20241126;223500;107.05;107.11;107.05;107.07;45
USDRUBF;5;20241126;224000;107.09;107.14;107.03;107.14;210
USDRUBF;5;20241126;224500;107.13;107.14;107.08;107.08;76
USDRUBF;5;20241126;225000;107.09;107.11;107.06;107.06;42
USDRUBF;5;20241126;225500;107.08;107.08;107.04;107.08;11
USDRUBF;5;20241126;230000;107.08;107.09;107.06;107.08;13
USDRUBF;5;20241126;230500;107.06;107.06;107.06;107.06;7
USDRUBF;5;20241126;231000;107.08;107.1;107.06;107.06;26
USDRUBF;5;20241126;231500;107.09;107.14;107.06;107.14;34
USDRUBF;5;20241126;232000;107.15;107.15;107.1;107.11;19
USDRUBF;5;20241126;232500;107.11;107.23;107.11;107.19;440
USDRUBF;5;20241126;233000;107.18;107.2;107.17;107.17;163
USDRUBF;5;20241126;233500;107.19;107.2;107.17;107.19;127
USDRUBF;5;20241126;234000;107.18;107.19;107.13;107.15;42
USDRUBF;5;20241126;234500;107.15;107.15;107.1;107.11;26
USDRUBF;5;20241127;100000;107.05;107.52;106.97;107.41;3660
USDRUBF;5;20241127;100500;107.4;107.44;107.02;107.05;1819
USDRUBF;5;20241127;101000;107.03;107.05;106.55;106.84;4772
USDRUBF;5;20241127;101500;106.84;107.25;106.83;106.92;1565
USDRUBF;5;20241127;102000;106.94;107.07;106.83;106.83;659
USDRUBF;5;20241127;102500;106.83;106.94;106.72;106.94;865
USDRUBF;5;20241127;103000;106.94;107.08;106.86;106.97;1321
USDRUBF;5;20241127;103500;106.98;107.22;106.94;107.15;1314
USDRUBF;5;20241127;104000;107.14;107.48;107.1;107.42;1925
USDRUBF;5;20241127;104500;107.39;107.39;107.17;107.39;1211
USDRUBF;5;20241127;105000;107.41;107.42;107.27;107.35;657
USDRUBF;5;20241127;105500;107.35;107.41;107.18;107.41;873
USDRUBF;5;20241127;110000;107.42;107.42;107.28;107.31;672
USDRUBF;5;20241127;110500;107.35;107.37;107.1;107.2;1026
USDRUBF;5;20241127;111000;107.16;107.25;107.11;107.25;454
USDRUBF;5;20241127;111500;107.26;107.36;107.22;107.28;345
USDRUBF;5;20241127;112000;107.28;107.34;107.26;107.32;436
USDRUBF;5;20241127;112500;107.33;107.42;107.31;107.41;584
USDRUBF;5;20241127;113000;107.41;107.42;107.33;107.35;414
USDRUBF;5;20241127;113500;107.35;107.79;107.35;107.71;2415
USDRUBF;5;20241127;114000;107.7;107.75;107.54;107.68;1598
USDRUBF;5;20241127;114500;107.66;107.87;107.66;107.85;733
USDRUBF;5;20241127;115000;107.81;107.84;107.73;107.79;387
USDRUBF;5;20241127;115500;107.78;107.94;107.75;107.93;989
USDRUBF;5;20241127;120000;107.91;107.96;107.81;107.92;763
USDRUBF;5;20241127;120500;107.92;108.07;107.87;107.96;2901
USDRUBF;5;20241127;121000;107.95;108.04;107.77;107.85;2524
USDRUBF;5;20241127;121500;107.9;108.05;107.85;108.03;874
USDRUBF;5;20241127;122000;108.02;108.04;107.95;108;969
USDRUBF;5;20241127;122500;107.97;108.19;107.97;108.16;2160
USDRUBF;5;20241127;123000;108.15;108.2;107.99;108.09;2023
USDRUBF;5;20241127;123500;108.09;108.18;107.99;108.15;1862
USDRUBF;5;20241127;124000;108.15;108.22;108.08;108.19;2008
USDRUBF;5;20241127;124500;108.18;108.29;108.04;108.1;3600
USDRUBF;5;20241127;125000;108.1;108.5;108.07;108.32;3545
USDRUBF;5;20241127;125500;108.34;108.43;108.25;108.4;1600
USDRUBF;5;20241127;130000;108.4;108.41;108.1;108.25;735
USDRUBF;5;20241127;130500;108.25;108.3;108.16;108.3;241
USDRUBF;5;20241127;131000;108.32;108.34;108.23;108.34;303
USDRUBF;5;20241127;131500;108.35;108.47;108.3;108.4;1230
USDRUBF;5;20241127;132000;108.39;108.46;108.31;108.4;1215
USDRUBF;5;20241127;132500;108.4;108.58;108.4;108.55;1669
USDRUBF;5;20241127;133000;108.56;108.74;108.52;108.64;2577
USDRUBF;5;20241127;133500;108.68;108.77;108.64;108.77;736
USDRUBF;5;20241127;134000;108.77;108.77;108.62;108.74;837
USDRUBF;5;20241127;134500;108.72;108.87;108.67;108.81;2095
USDRUBF;5;20241127;135000;108.83;108.85;108.7;108.85;982
USDRUBF;5;20241127;135500;108.83;108.91;108.79;108.89;881
USDRUBF;5;20241127;140500;108.8;109.19;108.8;109.09;1879
USDRUBF;5;20241127;141000;109.1;109.19;108.97;108.97;1256
USDRUBF;5;20241127;141500;108.98;109.15;108.98;109.12;1405
USDRUBF;5;20241127;142000;109.14;109.16;108.84;108.9;2208
USDRUBF;5;20241127;142500;108.86;108.89;108.72;108.8;2588
USDRUBF;5;20241127;143000;108.82;109.02;108.73;109.02;2796
USDRUBF;5;20241127;143500;108.96;109;108.92;108.97;562
USDRUBF;5;20241127;144000;108.97;109.18;108.93;109.03;1392
USDRUBF;5;20241127;144500;109.03;109.03;108.75;108.75;869
USDRUBF;5;20241127;145000;108.75;108.91;108.75;108.86;1146
USDRUBF;5;20241127;145500;108.87;109.09;108.83;109.05;664
USDRUBF;5;20241127;150000;109.07;109.19;109.02;109.12;559
USDRUBF;5;20241127;150500;109.15;109.49;109.15;109.45;2068
USDRUBF;5;20241127;151000;109.47;109.55;109.37;109.51;3960
USDRUBF;5;20241127;151500;109.54;109.69;109.51;109.57;2521
USDRUBF;5;20241127;152000;109.57;109.57;109.42;109.44;2177
USDRUBF;5;20241127;152500;109.47;109.6;109.36;109.47;3287
USDRUBF;5;20241127;153000;109.48;109.51;109.44;109.48;1610
USDRUBF;5;20241127;153500;109.48;109.8;109.48;109.78;2568
USDRUBF;5;20241127;154000;109.79;109.86;109.51;109.56;2857
USDRUBF;5;20241127;154500;109.56;109.83;109.56;109.83;1000
USDRUBF;5;20241127;155000;109.83;109.96;109.72;109.9;1969
USDRUBF;5;20241127;155500;109.88;110.33;109.8;110.3;2261
USDRUBF;5;20241127;160000;110.3;110.45;110.2;110.27;1249
USDRUBF;5;20241127;160500;110.27;110.49;110.21;110.47;2186
USDRUBF;5;20241127;161000;110.47;111.02;110.46;110.9;2949
USDRUBF;5;20241127;161500;110.88;110.93;110.62;110.85;2515
USDRUBF;5;20241127;162000;110.87;111.05;110.58;110.58;3639
USDRUBF;5;20241127;162500;110.62;110.83;110.45;110.57;2508
USDRUBF;5;20241127;163000;110.6;110.68;110.35;110.35;3992
USDRUBF;5;20241127;163500;110.36;110.37;109.71;109.86;10516
USDRUBF;5;20241127;164000;109.85;110.19;109.6;109.91;3334
USDRUBF;5;20241127;164500;109.88;109.88;109.51;109.54;1922
USDRUBF;5;20241127;165000;109.51;109.54;108.03;108.53;13661
USDRUBF;5;20241127;165500;108.54;109.25;108.46;109.1;5446
USDRUBF;5;20241127;170000;109.05;109.15;108.72;108.8;5770
USDRUBF;5;20241127;170500;108.81;108.95;108.1;108.19;3889
USDRUBF;5;20241127;171000;108.19;108.71;107.82;108.58;10734
USDRUBF;5;20241127;171500;108.67;108.99;108.46;108.8;2196
USDRUBF;5;20241127;172000;108.78;109.04;108.78;108.9;1163
USDRUBF;5;20241127;172500;108.88;109.05;108.82;109.04;821
USDRUBF;5;20241127;173000;109.02;109.06;108.41;108.82;1406
USDRUBF;5;20241127;173500;108.83;108.83;108.4;108.4;1469
USDRUBF;5;20241127;174000;108.4;108.7;108.37;108.39;804
USDRUBF;5;20241127;174500;108.36;108.42;107.84;107.89;2802
USDRUBF;5;20241127;175000;107.89;107.97;107.64;107.76;4451
USDRUBF;5;20241127;175500;107.76;107.77;107.46;107.56;3811
USDRUBF;5;20241127;180000;107.56;107.56;106.11;106.67;11923
USDRUBF;5;20241127;180500;106.71;106.71;105.8;106.43;10254
USDRUBF;5;20241127;181000;106.43;107.44;106.26;107.42;11622
USDRUBF;5;20241127;181500;107.4;107.46;107.05;107.44;15846
USDRUBF;5;20241127;182000;107.41;107.65;107.29;107.55;11520
USDRUBF;5;20241127;182500;107.5;107.51;107.14;107.19;3537
USDRUBF;5;20241127;183000;107.16;107.4;107.1;107.15;2898
USDRUBF;5;20241127;183500;107.13;107.37;107.07;107.2;3883
USDRUBF;5;20241127;184000;107.19;107.28;107.05;107.15;1896
USDRUBF;5;20241127;184500;107.15;107.38;107.09;107.26;2009
USDRUBF;5;20241127;190500;107.23;107.86;106.85;107.86;2845
USDRUBF;5;20241127;191000;107.87;108.2;107.4;107.7;2357
USDRUBF;5;20241127;191500;107.74;107.84;107.66;107.81;590
USDRUBF;5;20241127;192000;107.78;108.06;107.78;107.88;2024
USDRUBF;5;20241127;192500;107.88;107.89;107.41;107.48;2796
USDRUBF;5;20241127;193000;107.46;107.53;107.01;107.14;1541
USDRUBF;5;20241127;193500;107.14;107.19;106.62;106.97;2638
USDRUBF;5;20241127;194000;106.94;107;106.63;106.71;821
USDRUBF;5;20241127;194500;106.63;106.65;106;106.15;3100
USDRUBF;5;20241127;195000;106.09;106.5;106.03;106.06;2606
USDRUBF;5;20241127;195500;106.09;106.17;105.77;105.83;4188
USDRUBF;5;20241127;200000;105.82;106.1;105.77;106.1;1650
USDRUBF;5;20241127;200500;106.1;106.4;105.81;105.81;2299
USDRUBF;5;20241127;201000;105.84;106.18;105.81;106.03;712
USDRUBF;5;20241127;201500;105.99;106.25;105.87;106.24;557
USDRUBF;5;20241127;202000;106.26;106.44;106.1;106.44;914
USDRUBF;5;20241127;202500;106.44;106.46;105.92;105.98;469
USDRUBF;5;20241127;203000;105.97;106.06;105.84;105.88;244
USDRUBF;5;20241127;203500;105.88;106.2;105.88;106.14;266
USDRUBF;5;20241127;204000;106.12;106.28;106.01;106.28;1065
USDRUBF;5;20241127;204500;106.27;106.44;106.21;106.4;462
USDRUBF;5;20241127;205000;106.44;106.46;106.17;106.18;323
USDRUBF;5;20241127;205500;106.2;106.38;106.18;106.38;287
USDRUBF;5;20241127;210000;106.38;106.69;106.38;106.69;1090
USDRUBF;5;20241127;210500;106.7;106.79;106.53;106.65;689
USDRUBF;5;20241127;211000;106.62;106.65;106.4;106.54;626
USDRUBF;5;20241127;211500;106.58;106.6;106.53;106.58;148
USDRUBF;5;20241127;212000;106.58;106.61;106.51;106.52;141
USDRUBF;5;20241127;212500;106.51;106.62;106.51;106.62;195
USDRUBF;5;20241127;213000;106.62;106.67;106.59;106.64;298
USDRUBF;5;20241127;213500;106.62;106.62;106.56;106.56;43
USDRUBF;5;20241127;214000;106.56;106.56;106.33;106.33;161
USDRUBF;5;20241127;214500;106.33;106.49;106.31;106.46;153
USDRUBF;5;20241127;215000;106.48;106.61;106.48;106.59;35
USDRUBF;5;20241127;215500;106.57;106.6;106.5;106.51;119
USDRUBF;5;20241127;220000;106.5;106.54;106.5;106.51;8
USDRUBF;5;20241127;220500;106.51;106.51;106.36;106.38;445
USDRUBF;5;20241127;221000;106.41;106.46;106.41;106.43;150
USDRUBF;5;20241127;221500;106.43;106.54;106.43;106.53;149
USDRUBF;5;20241127;222000;106.54;106.74;106.54;106.74;175
USDRUBF;5;20241127;222500;106.71;106.71;106.61;106.67;47
USDRUBF;5;20241127;223000;106.68;106.7;106.68;106.7;39
USDRUBF;5;20241127;223500;106.67;106.67;106.58;106.58;48
USDRUBF;5;20241127;224000;106.59;106.61;106.57;106.61;67
USDRUBF;5;20241127;224500;106.61;106.7;106.61;106.64;140
USDRUBF;5;20241127;225000;106.63;106.65;106.59;106.59;91
USDRUBF;5;20241127;225500;106.6;106.62;106.59;106.59;38
USDRUBF;5;20241127;230000;106.59;106.66;106.57;106.64;314
USDRUBF;5;20241127;230500;106.6;106.66;106.59;106.59;125
USDRUBF;5;20241127;231000;106.59;106.63;106.57;106.6;92
USDRUBF;5;20241127;231500;106.61;106.7;106.61;106.69;299
USDRUBF;5;20241127;232000;106.69;106.75;106.64;106.74;231
USDRUBF;5;20241127;232500;106.75;106.84;106.72;106.84;353
USDRUBF;5;20241127;233000;106.84;107.1;106.84;106.91;731
USDRUBF;5;20241127;233500;106.91;106.94;106.79;106.79;299
USDRUBF;5;20241127;234000;106.79;107.05;106.79;106.95;939
USDRUBF;5;20241127;234500;106.98;107.06;106.9;107.06;297
USDRUBF;5;20241128;100000;107.2;108.05;107.1;107.56;2612
USDRUBF;5;20241128;100500;107.51;107.59;106.79;106.99;3221
USDRUBF;5;20241128;101000;106.97;107.4;106.85;107.35;4195
USDRUBF;5;20241128;101500;107.39;108;107.39;107.93;4680
USDRUBF;5;20241128;102000;107.89;108.19;107.41;107.68;4332
USDRUBF;5;20241128;102500;107.67;108;107.6;107.68;3062
USDRUBF;5;20241128;103000;107.65;108.69;107.64;108.53;4451
USDRUBF;5;20241128;103500;108.54;108.66;108.2;108.33;1785
USDRUBF;5;20241128;104000;108.36;108.53;108.31;108.35;930
USDRUBF;5;20241128;104500;108.36;109.05;108.36;108.84;2854
USDRUBF;5;20241128;105000;108.82;109.07;108.67;109;1235
USDRUBF;5;20241128;105500;109.01;109.15;108.53;108.96;1694
USDRUBF;5;20241128;110000;108.97;109.03;108.12;108.33;2050
USDRUBF;5;20241128;110500;108.4;108.72;108.27;108.54;867
USDRUBF;5;20241128;111000;108.5;108.74;108.47;108.64;1763
USDRUBF;5;20241128;111500;108.69;108.75;108.06;108.28;1811
USDRUBF;5;20241128;112000;108.26;108.57;107.72;108.47;2651
USDRUBF;5;20241128;112500;108.47;108.47;108.1;108.33;1401
USDRUBF;5;20241128;113000;108.33;108.33;108.13;108.21;827
USDRUBF;5;20241128;113500;108.18;108.33;108.15;108.31;332
USDRUBF;5;20241128;114000;108.3;108.44;108.17;108.38;615
USDRUBF;5;20241128;114500;108.44;108.58;108.37;108.4;324
USDRUBF;5;20241128;115000;108.37;108.37;108.21;108.21;345
USDRUBF;5;20241128;115500;108.2;108.24;107.99;108.02;1423
USDRUBF;5;20241128;120000;108.04;108.14;107.93;107.98;986
USDRUBF;5;20241128;120500;107.99;108.15;107.75;107.75;1629
USDRUBF;5;20241128;121000;107.76;107.83;107.59;107.59;1511
USDRUBF;5;20241128;121500;107.58;107.86;107.57;107.77;1176
USDRUBF;5;20241128;122000;107.77;108.12;107.77;107.84;1037
USDRUBF;5;20241128;122500;107.91;107.96;107.68;107.96;760
USDRUBF;5;20241128;123000;107.94;108.19;107.93;108.05;919
USDRUBF;5;20241128;123500;108.03;108.29;108.03;108.16;404
USDRUBF;5;20241128;124000;108.19;108.36;108.03;108.12;585
USDRUBF;5;20241128;124500;108.15;108.32;108.03;108.25;2391
USDRUBF;5;20241128;125000;108.24;108.37;108.15;108.17;1776
USDRUBF;5;20241128;125500;108.17;108.45;108.17;108.33;637
USDRUBF;5;20241128;130000;108.25;108.34;108.19;108.19;179
USDRUBF;5;20241128;130500;108.19;108.24;108.19;108.22;55
USDRUBF;5;20241128;131000;108.2;108.22;108.19;108.21;58
USDRUBF;5;20241128;131500;108.23;108.25;108.18;108.18;275
USDRUBF;5;20241128;132000;108.18;108.27;108.18;108.27;228
USDRUBF;5;20241128;132500;108.27;108.63;108.23;108.45;1495
USDRUBF;5;20241128;133000;108.48;108.61;108.46;108.61;283
USDRUBF;5;20241128;133500;108.59;108.6;108.25;108.26;698
USDRUBF;5;20241128;134000;108.24;108.42;108.24;108.27;349
USDRUBF;5;20241128;134500;108.24;108.54;108.23;108.53;231
USDRUBF;5;20241128;135000;108.52;108.52;108.34;108.43;239
USDRUBF;5;20241128;135500;108.45;108.51;108.4;108.41;206
USDRUBF;5;20241128;140500;108.39;108.61;108.31;108.44;798
USDRUBF;5;20241128;141000;108.45;108.49;108.25;108.49;472
USDRUBF;5;20241128;141500;108.5;108.59;108.49;108.58;1728
USDRUBF;5;20241128;142000;108.57;108.58;108.48;108.53;525
USDRUBF;5;20241128;142500;108.53;108.57;108.38;108.54;428
USDRUBF;5;20241128;143000;108.58;108.58;108.37;108.48;214
USDRUBF;5;20241128;143500;108.5;108.58;108.45;108.48;107
USDRUBF;5;20241128;144000;108.51;108.55;108.3;108.32;150
USDRUBF;5;20241128;144500;108.28;108.41;108.24;108.41;261
USDRUBF;5;20241128;145000;108.36;108.43;108.31;108.35;236
USDRUBF;5;20241128;145500;108.34;108.41;108.24;108.25;649
USDRUBF;5;20241128;150000;108.25;108.29;108.17;108.24;1194
USDRUBF;5;20241128;150500;108.26;108.42;108.26;108.38;389
USDRUBF;5;20241128;151000;108.38;108.45;108.36;108.43;307
USDRUBF;5;20241128;151500;108.42;108.42;108.15;108.23;1047
USDRUBF;5;20241128;152000;108.22;108.23;108.15;108.2;662
USDRUBF;5;20241128;152500;108.21;108.23;108.16;108.17;365
USDRUBF;5;20241128;153000;108.21;108.29;108.16;108.29;990
USDRUBF;5;20241128;153500;108.29;108.29;108.2;108.25;517
USDRUBF;5;20241128;154000;108.24;108.25;108.15;108.15;261
USDRUBF;5;20241128;154500;108.15;108.25;108.15;108.25;1891
USDRUBF;5;20241128;155000;108.24;108.27;108.19;108.19;447
USDRUBF;5;20241128;155500;108.2;108.23;108.16;108.23;578
USDRUBF;5;20241128;160000;108.22;108.24;108.2;108.23;234
USDRUBF;5;20241128;160500;108.21;108.3;108.2;108.28;791
USDRUBF;5;20241128;161000;108.28;108.28;108.2;108.25;540
USDRUBF;5;20241128;161500;108.23;108.23;108.2;108.22;1364
USDRUBF;5;20241128;162000;108.22;108.22;108.2;108.21;402
USDRUBF;5;20241128;162500;108.21;108.22;108.2;108.2;155
USDRUBF;5;20241128;163000;108.2;108.21;108.2;108.2;942
USDRUBF;5;20241128;163500;108.2;108.33;108.2;108.26;427
USDRUBF;5;20241128;164000;108.26;108.45;108.24;108.31;578
USDRUBF;5;20241128;164500;108.32;108.4;108.22;108.25;240
USDRUBF;5;20241128;165000;108.24;108.24;108.21;108.21;147
USDRUBF;5;20241128;165500;108.21;108.35;108.2;108.32;1431
USDRUBF;5;20241128;170000;108.33;108.36;108.26;108.3;356
USDRUBF;5;20241128;170500;108.29;108.3;108.21;108.21;160
USDRUBF;5;20241128;171000;108.21;108.28;108.21;108.27;151
USDRUBF;5;20241128;171500;108.22;108.22;108.2;108.21;945
USDRUBF;5;20241128;172000;108.21;108.24;108.11;108.2;1144
USDRUBF;5;20241128;172500;108.2;108.22;108.18;108.22;127
USDRUBF;5;20241128;173000;108.26;108.26;108.19;108.22;187
USDRUBF;5;20241128;173500;108.24;108.51;108.22;108.48;1382
USDRUBF;5;20241128;174000;108.45;108.56;108.38;108.49;1258
USDRUBF;5;20241128;174500;108.48;108.59;108.45;108.57;1178
USDRUBF;5;20241128;175000;108.58;108.81;108.58;108.75;1388
USDRUBF;5;20241128;175500;108.75;108.75;108.66;108.7;625
USDRUBF;5;20241128;180000;108.75;108.78;108.56;108.71;2077
USDRUBF;5;20241128;180500;108.71;108.71;108.42;108.5;2354
USDRUBF;5;20241128;181000;108.51;108.57;108.49;108.54;761
USDRUBF;5;20241128;181500;108.55;108.71;108.55;108.65;546
USDRUBF;5;20241128;182000;108.67;108.69;108.57;108.69;220
USDRUBF;5;20241128;182500;108.66;108.73;108.57;108.6;514
USDRUBF;5;20241128;183000;108.6;108.63;108.59;108.6;238
USDRUBF;5;20241128;183500;108.6;108.61;108.5;108.5;500
USDRUBF;5;20241128;184000;108.5;108.54;108.49;108.51;159
USDRUBF;5;20241128;184500;108.53;108.55;108.5;108.55;341
USDRUBF;5;20241128;190500;108.59;108.64;108.47;108.54;612
USDRUBF;5;20241128;191000;108.52;108.54;108.42;108.42;340
USDRUBF;5;20241128;191500;108.46;108.46;108.33;108.39;97
USDRUBF;5;20241128;192000;108.38;108.39;108.34;108.34;29
USDRUBF;5;20241128;192500;108.36;108.38;108.34;108.38;50
USDRUBF;5;20241128;193000;108.36;108.41;108.36;108.41;107
USDRUBF;5;20241128;193500;108.41;108.5;108.4;108.5;216
USDRUBF;5;20241128;194000;108.52;108.59;108.5;108.59;289
USDRUBF;5;20241128;194500;108.57;108.58;108.57;108.58;11
USDRUBF;5;20241128;195000;108.58;108.63;108.58;108.63;223
USDRUBF;5;20241128;195500;108.63;108.68;108.46;108.53;969
USDRUBF;5;20241128;200000;108.53;108.61;108.49;108.61;192
USDRUBF;5;20241128;200500;108.61;108.62;108.56;108.56;37
USDRUBF;5;20241128;201000;108.56;108.59;108.56;108.58;36
USDRUBF;5;20241128;201500;108.58;108.61;108.58;108.61;27
USDRUBF;5;20241128;202000;108.61;108.62;108.61;108.62;51
USDRUBF;5;20241128;202500;108.62;108.64;108.61;108.63;45
USDRUBF;5;20241128;203000;108.64;108.76;108.63;108.71;464
USDRUBF;5;20241128;203500;108.72;108.73;108.67;108.67;186
USDRUBF;5;20241128;204000;108.67;108.69;108.65;108.69;172
USDRUBF;5;20241128;204500;108.7;108.71;108.68;108.71;31
USDRUBF;5;20241128;205000;108.68;108.68;108.67;108.68;84
USDRUBF;5;20241128;205500;108.68;108.68;108.61;108.61;179
USDRUBF;5;20241128;210000;108.61;108.61;108.49;108.49;560
USDRUBF;5;20241128;210500;108.47;108.49;108.45;108.49;31
USDRUBF;5;20241128;211000;108.52;108.53;108.51;108.51;56
USDRUBF;5;20241128;211500;108.52;108.52;108.42;108.43;54
USDRUBF;5;20241128;212000;108.45;108.47;108.42;108.43;100
USDRUBF;5;20241128;212500;108.44;108.47;108.43;108.47;36
USDRUBF;5;20241128;213000;108.43;108.43;108.37;108.37;97
USDRUBF;5;20241128;213500;108.38;108.38;108.3;108.32;94
USDRUBF;5;20241128;214000;108.3;108.33;108.3;108.33;18
USDRUBF;5;20241128;214500;108.35;108.38;108.35;108.38;26
USDRUBF;5;20241128;215000;108.39;108.44;108.33;108.36;165
USDRUBF;5;20241128;215500;108.38;108.4;108.38;108.4;431
USDRUBF;5;20241128;220000;108.39;108.48;108.39;108.48;135
USDRUBF;5;20241128;220500;108.49;108.52;108.49;108.52;41
USDRUBF;5;20241128;221000;108.52;108.53;108.49;108.53;156
USDRUBF;5;20241128;221500;108.53;108.55;108.52;108.53;169
USDRUBF;5;20241128;222000;108.53;108.55;108.5;108.53;28
USDRUBF;5;20241128;222500;108.53;108.59;108.52;108.59;122
USDRUBF;5;20241128;223000;108.59;108.6;108.59;108.59;26
USDRUBF;5;20241128;223500;108.6;108.61;108.58;108.61;153
USDRUBF;5;20241128;224000;108.61;108.7;108.61;108.7;174
USDRUBF;5;20241128;224500;108.7;108.7;108.66;108.66;72
USDRUBF;5;20241128;225000;108.65;108.65;108.56;108.6;128
USDRUBF;5;20241128;225500;108.56;108.59;108.56;108.56;33
USDRUBF;5;20241128;230000;108.54;108.56;108.54;108.56;46
USDRUBF;5;20241128;230500;108.56;108.59;108.54;108.59;490
USDRUBF;5;20241128;231000;108.59;108.63;108.59;108.63;24
USDRUBF;5;20241128;231500;108.64;108.67;108.63;108.63;80
USDRUBF;5;20241128;232000;108.63;108.64;108.63;108.64;8
USDRUBF;5;20241128;232500;108.65;108.65;108.65;108.65;1
USDRUBF;5;20241128;233000;108.66;108.67;108.64;108.64;78
USDRUBF;5;20241128;233500;108.64;108.69;108.64;108.65;40
USDRUBF;5;20241128;234000;108.66;108.66;108.64;108.66;66
USDRUBF;5;20241128;234500;108.65;108.71;108.64;108.71;100
USDRUBF;5;20241129;100000;108.59;108.99;108.55;108.78;1528
USDRUBF;5;20241129;100500;108.79;108.9;108.46;108.47;1263
USDRUBF;5;20241129;101000;108.45;108.73;108.41;108.53;826
USDRUBF;5;20241129;101500;108.51;108.65;108.46;108.46;591
USDRUBF;5;20241129;102000;108.45;108.56;108.37;108.56;566
USDRUBF;5;20241129;102500;108.55;108.55;108.38;108.38;1035
USDRUBF;5;20241129;103000;108.38;108.39;108.15;108.2;2599
USDRUBF;5;20241129;103500;108.2;108.3;108.01;108.3;2292
USDRUBF;5;20241129;104000;108.29;108.3;108.18;108.18;797
USDRUBF;5;20241129;104500;108.17;108.24;108.05;108.07;985
USDRUBF;5;20241129;105000;108.05;108.05;107.84;107.98;2285
USDRUBF;5;20241129;105500;107.95;108.18;107.92;108.05;1184
USDRUBF;5;20241129;110000;108.05;108.09;107.94;108.09;651
USDRUBF;5;20241129;110500;108.06;108.25;108.06;108.15;470
USDRUBF;5;20241129;111000;108.14;108.2;108.04;108.12;1140
USDRUBF;5;20241129;111500;108.15;108.29;108.08;108.24;371
USDRUBF;5;20241129;112000;108.23;108.23;108.11;108.17;355
USDRUBF;5;20241129;112500;108.2;108.2;108;108.01;478
USDRUBF;5;20241129;113000;107.99;107.99;107.86;107.95;193
USDRUBF;5;20241129;113500;107.95;107.95;107.8;107.81;629
USDRUBF;5;20241129;114000;107.82;107.99;107.76;107.96;440
USDRUBF;5;20241129;114500;107.96;108.05;107.9;107.93;1398
USDRUBF;5;20241129;115000;107.92;108.04;107.92;108.02;541
USDRUBF;5;20241129;115500;108.03;108.13;107.98;108.13;523
USDRUBF;5;20241129;120000;108.12;108.12;107.94;108.08;660
USDRUBF;5;20241129;120500;108.08;108.23;108.08;108.22;591
USDRUBF;5;20241129;121000;108.22;108.3;108.21;108.23;1039
USDRUBF;5;20241129;121500;108.23;108.32;108.22;108.26;553
USDRUBF;5;20241129;122000;108.26;108.33;108.25;108.3;212
USDRUBF;5;20241129;122500;108.29;108.29;108.18;108.21;214
USDRUBF;5;20241129;123000;108.21;108.22;108.13;108.14;347
USDRUBF;5;20241129;123500;108.14;108.18;108.08;108.16;149
USDRUBF;5;20241129;124000;108.18;108.21;108.16;108.18;206
USDRUBF;5;20241129;124500;108.17;108.22;108.16;108.2;757
USDRUBF;5;20241129;125000;108.2;108.48;108.2;108.48;2738
USDRUBF;5;20241129;125500;108.47;108.5;108.26;108.36;925
USDRUBF;5;20241129;130000;108.38;108.44;108.31;108.37;239
USDRUBF;5;20241129;130500;108.37;108.37;108.18;108.18;707
USDRUBF;5;20241129;131000;108.2;108.24;108.19;108.23;445
USDRUBF;5;20241129;131500;108.22;108.24;108.18;108.24;648
USDRUBF;5;20241129;132000;108.24;108.38;108.23;108.33;1703
USDRUBF;5;20241129;132500;108.34;108.35;108.26;108.27;418
USDRUBF;5;20241129;133000;108.29;108.3;108.22;108.28;138
USDRUBF;5;20241129;133500;108.28;108.32;108.24;108.32;138
USDRUBF;5;20241129;134000;108.34;108.35;108.28;108.3;570
USDRUBF;5;20241129;134500;108.32;108.35;108.3;108.34;323
USDRUBF;5;20241129;135000;108.33;108.35;108.25;108.27;535
USDRUBF;5;20241129;135500;108.27;108.28;108.12;108.17;1090
USDRUBF;5;20241129;140500;108.19;108.24;108.16;108.23;335
USDRUBF;5;20241129;141000;108.27;108.36;108.23;108.25;706
USDRUBF;5;20241129;141500;108.26;108.26;108.17;108.18;374
USDRUBF;5;20241129;142000;108.18;108.2;108.06;108.06;825
USDRUBF;5;20241129;142500;108.09;108.13;107.93;107.96;617
USDRUBF;5;20241129;143000;107.93;108.05;107.93;107.98;365
USDRUBF;5;20241129;143500;108;108.02;107.9;107.93;1217
USDRUBF;5;20241129;144000;107.93;107.93;107.8;107.8;1066
USDRUBF;5;20241129;144500;107.8;107.81;107.77;107.78;859
USDRUBF;5;20241129;145000;107.78;107.8;107.77;107.78;943
USDRUBF;5;20241129;145500;107.81;107.81;107.62;107.65;2219
USDRUBF;5;20241129;150000;107.64;107.64;107.41;107.58;3089
USDRUBF;5;20241129;150500;107.59;107.66;107.55;107.6;667
USDRUBF;5;20241129;151000;107.57;107.62;107.51;107.54;1130
USDRUBF;5;20241129;151500;107.54;107.54;107.34;107.36;4109
USDRUBF;5;20241129;152000;107.35;107.36;107.11;107.15;3141
USDRUBF;5;20241129;152500;107.14;107.24;107.07;107.18;1016
USDRUBF;5;20241129;153000;107.17;107.25;107.04;107.21;735
USDRUBF;5;20241129;153500;107.19;107.25;107.14;107.25;340
USDRUBF;5;20241129;154000;107.25;107.3;107.13;107.28;704
USDRUBF;5;20241129;154500;107.29;107.33;107.27;107.32;124
USDRUBF;5;20241129;155000;107.31;107.47;107.29;107.43;378
USDRUBF;5;20241129;155500;107.44;107.49;107.42;107.49;330
USDRUBF;5;20241129;160000;107.49;107.5;107.46;107.5;922
USDRUBF;5;20241129;160500;107.5;107.5;107.23;107.32;888
USDRUBF;5;20241129;161000;107.27;107.35;107.24;107.27;280
USDRUBF;5;20241129;161500;107.24;107.24;107;107.05;655
USDRUBF;5;20241129;162000;107.03;107.04;106.8;106.81;1302
USDRUBF;5;20241129;162500;106.81;106.9;106.69;106.89;1656
USDRUBF;5;20241129;163000;106.89;106.93;106.83;106.92;616
USDRUBF;5;20241129;163500;106.94;106.96;106.54;106.57;2001
USDRUBF;5;20241129;164000;106.59;106.59;105.93;106.11;6625
USDRUBF;5;20241129;164500;106.07;106.36;106.07;106.34;1725
USDRUBF;5;20241129;165000;106.34;106.57;106.34;106.52;1003
USDRUBF;5;20241129;165500;106.49;106.51;106.15;106.5;1095
USDRUBF;5;20241129;170000;106.49;106.49;106.14;106.3;706
USDRUBF;5;20241129;170500;106.28;106.45;106.2;106.42;764
USDRUBF;5;20241129;171000;106.4;106.61;106.35;106.58;454
USDRUBF;5;20241129;171500;106.58;106.64;106.53;106.64;445
USDRUBF;5;20241129;172000;106.61;106.74;106.57;106.73;645
USDRUBF;5;20241129;172500;106.73;106.74;106.56;106.56;525
USDRUBF;5;20241129;173000;106.57;106.69;106.51;106.51;461
USDRUBF;5;20241129;173500;106.5;106.65;106.35;106.65;1812
USDRUBF;5;20241129;174000;106.64;106.77;106.61;106.66;1606
USDRUBF;5;20241129;174500;106.67;106.67;106.54;106.56;670
USDRUBF;5;20241129;175000;106.56;106.58;106.45;106.51;1293
USDRUBF;5;20241129;175500;106.51;106.64;106.5;106.63;647
USDRUBF;5;20241129;180000;106.63;106.71;106.63;106.68;431
USDRUBF;5;20241129;180500;106.67;106.68;106.52;106.54;819
USDRUBF;5;20241129;181000;106.56;106.63;106.47;106.5;860
USDRUBF;5;20241129;181500;106.51;106.54;106.47;106.48;854
USDRUBF;5;20241129;182000;106.49;106.56;106.4;106.4;1527
USDRUBF;5;20241129;182500;106.4;106.47;106.31;106.32;1610
USDRUBF;5;20241129;183000;106.32;106.33;105.96;106.01;1787
USDRUBF;5;20241129;183500;105.97;106.03;105.83;106.01;1779
USDRUBF;5;20241129;184000;106.01;106.01;105.93;105.99;1460
USDRUBF;5;20241129;184500;105.98;106.07;105.98;106.02;1587
USDRUBF;5;20241129;190500;106.1;106.22;105.82;105.88;1035
USDRUBF;5;20241129;191000;105.88;106.07;105.88;105.94;488
USDRUBF;5;20241129;191500;105.97;105.97;105.89;105.97;339
USDRUBF;5;20241129;192000;105.97;106.03;105.85;105.88;373
USDRUBF;5;20241129;192500;105.88;106.03;105.85;106.02;331
USDRUBF;5;20241129;193000;106.03;106.05;106.02;106.02;236
USDRUBF;5;20241129;193500;106.05;106.05;106.01;106.05;66
USDRUBF;5;20241129;194000;106.05;106.2;106.05;106.2;1541
USDRUBF;5;20241129;194500;106.19;106.25;106.19;106.2;238
USDRUBF;5;20241129;195000;106.21;106.21;106.12;106.17;136
USDRUBF;5;20241129;195500;106.16;106.16;106.06;106.06;44
USDRUBF;5;20241129;200000;106.07;106.09;105.9;106.03;848
USDRUBF;5;20241129;200500;106.04;106.09;106.03;106.09;53
USDRUBF;5;20241129;201000;106.04;106.09;106.04;106.09;12
USDRUBF;5;20241129;201500;106.07;106.12;106.06;106.12;23
USDRUBF;5;20241129;202000;106.12;106.13;106.11;106.11;27
USDRUBF;5;20241129;202500;106.09;106.12;106.08;106.08;16
USDRUBF;5;20241129;203000;106.08;106.09;106.05;106.05;61
USDRUBF;5;20241129;203500;106.04;106.06;106.04;106.06;16
USDRUBF;5;20241129;204000;106.07;106.08;106.07;106.08;6
USDRUBF;5;20241129;204500;106.07;106.08;106.06;106.06;332
USDRUBF;5;20241129;205000;106.08;106.09;106.06;106.07;32
USDRUBF;5;20241129;205500;106.06;106.14;106.06;106.13;102
USDRUBF;5;20241129;210000;106.12;106.19;106.12;106.18;143
USDRUBF;5;20241129;210500;106.19;106.19;106.15;106.18;12
USDRUBF;5;20241129;211000;106.16;106.19;106.16;106.17;164
USDRUBF;5;20241129;211500;106.16;106.19;106.15;106.17;81
USDRUBF;5;20241129;212000;106.17;106.19;106.17;106.19;2
USDRUBF;5;20241129;212500;106.18;106.19;106.16;106.16;60
USDRUBF;5;20241129;213000;106.18;106.21;106.18;106.21;42
USDRUBF;5;20241129;213500;106.2;106.21;106.19;106.2;19
USDRUBF;5;20241129;214000;106.2;106.21;106.2;106.21;4
USDRUBF;5;20241129;214500;106.21;106.22;106.21;106.22;34
USDRUBF;5;20241129;215000;106.22;106.29;106.22;106.29;1050
USDRUBF;5;20241129;215500;106.3;106.34;106.29;106.33;210
USDRUBF;5;20241129;220000;106.33;106.35;106.33;106.34;39
USDRUBF;5;20241129;220500;106.33;106.35;106.3;106.3;209
USDRUBF;5;20241129;221000;106.3;106.32;106.3;106.32;3
USDRUBF;5;20241129;221500;106.33;106.34;106.3;106.3;37
USDRUBF;5;20241129;222000;106.31;106.31;106.3;106.31;34
USDRUBF;5;20241129;222500;106.3;106.31;106.3;106.31;13
USDRUBF;5;20241129;223000;106.31;106.32;106.31;106.31;11
USDRUBF;5;20241129;223500;106.32;106.32;106.3;106.32;5
USDRUBF;5;20241129;224000;106.32;106.32;106.27;106.27;86
USDRUBF;5;20241129;224500;106.3;106.3;106.27;106.27;16
USDRUBF;5;20241129;225000;106.28;106.31;106.28;106.31;23
USDRUBF;5;20241129;225500;106.29;106.31;106.29;106.3;16
USDRUBF;5;20241129;230000;106.3;106.32;106.29;106.32;422
USDRUBF;5;20241129;230500;106.32;106.38;106.32;106.38;490
USDRUBF;5;20241129;231000;106.37;106.39;106.35;106.39;161
USDRUBF;5;20241129;231500;106.35;106.38;106.35;106.38;11
USDRUBF;5;20241129;232000;106.35;106.38;106.35;106.38;13
USDRUBF;5;20241129;232500;106.36;106.39;106.36;106.36;32
USDRUBF;5;20241129;233000;106.39;106.39;106.38;106.38;22
USDRUBF;5;20241129;233500;106.39;106.39;106.34;106.39;143
USDRUBF;5;20241129;234000;106.34;106.42;106.34;106.4;411
USDRUBF;5;20241129;234500;106.42;106.44;106.34;106.35;547
USDRUBF;5;20241202;100000;106.42;106.69;106.25;106.29;1535
USDRUBF;5;20241202;100500;106.26;106.34;106.06;106.3;2205
USDRUBF;5;20241202;101000;106.24;106.38;106.1;106.36;1251
USDRUBF;5;20241202;101500;106.35;106.51;106.26;106.43;569
USDRUBF;5;20241202;102000;106.43;106.59;106.38;106.59;367
USDRUBF;5;20241202;102500;106.59;106.79;106.52;106.55;1010
USDRUBF;5;20241202;103000;106.55;106.64;106.43;106.44;826
USDRUBF;5;20241202;103500;106.43;106.73;106.43;106.71;294
USDRUBF;5;20241202;104000;106.74;106.99;106.63;106.99;1267
USDRUBF;5;20241202;104500;106.99;107.08;106.83;106.92;905
USDRUBF;5;20241202;105000;106.91;106.95;106.76;106.84;1603
USDRUBF;5;20241202;105500;106.84;107.07;106.81;107.05;1736
USDRUBF;5;20241202;110000;107.05;107.08;106.93;107.07;253
USDRUBF;5;20241202;110500;107.05;107.36;107.04;107.22;1703
USDRUBF;5;20241202;111000;107.23;107.33;107.2;107.23;1468
USDRUBF;5;20241202;111500;107.23;107.44;107.21;107.43;2452
USDRUBF;5;20241202;112000;107.43;107.43;107.3;107.39;1140
USDRUBF;5;20241202;112500;107.39;107.47;107.23;107.3;2363
USDRUBF;5;20241202;113000;107.3;107.38;107.28;107.33;1267
USDRUBF;5;20241202;113500;107.31;107.35;107.3;107.35;406
USDRUBF;5;20241202;114000;107.35;107.57;107.35;107.54;2252
USDRUBF;5;20241202;114500;107.55;107.68;107.43;107.48;1765
USDRUBF;5;20241202;115000;107.48;107.54;107.41;107.41;346
USDRUBF;5;20241202;115500;107.42;107.47;107.36;107.43;565
USDRUBF;5;20241202;120000;107.43;107.61;107.43;107.56;559
USDRUBF;5;20241202;120500;107.56;107.61;107.52;107.52;615
USDRUBF;5;20241202;121000;107.54;107.63;107.51;107.55;1078
USDRUBF;5;20241202;121500;107.55;107.61;107.42;107.56;287
USDRUBF;5;20241202;122000;107.59;107.6;107.53;107.53;170
USDRUBF;5;20241202;122500;107.52;107.52;107.47;107.47;314
USDRUBF;5;20241202;123000;107.49;107.55;107.45;107.49;260
USDRUBF;5;20241202;123500;107.5;107.64;107.48;107.61;516
USDRUBF;5;20241202;124000;107.63;107.74;107.55;107.58;529
USDRUBF;5;20241202;124500;107.59;107.59;107.41;107.47;204
USDRUBF;5;20241202;125000;107.44;107.46;107.25;107.29;964
USDRUBF;5;20241202;125500;107.26;107.36;107.09;107.12;1397
USDRUBF;5;20241202;130000;107.12;107.28;107.04;107.04;600
USDRUBF;5;20241202;130500;107.04;107.16;107.02;107.08;732
USDRUBF;5;20241202;131000;107.07;107.16;107;107.16;511
USDRUBF;5;20241202;131500;107.15;107.16;107.03;107.07;560
USDRUBF;5;20241202;132000;107.09;107.16;107.09;107.14;297
USDRUBF;5;20241202;132500;107.12;107.12;107.01;107.04;298
USDRUBF;5;20241202;133000;107.01;107.33;107.01;107.18;460
USDRUBF;5;20241202;133500;107.19;107.26;107.14;107.24;482
USDRUBF;5;20241202;134000;107.25;107.36;107.25;107.34;1391
USDRUBF;5;20241202;134500;107.34;107.34;107.28;107.3;193
USDRUBF;5;20241202;135000;107.31;107.31;107.15;107.15;76
USDRUBF;5;20241202;135500;107.15;107.23;107.15;107.2;115
USDRUBF;5;20241202;140500;107.24;107.24;106.96;107.09;606
USDRUBF;5;20241202;141000;107.05;107.13;106.96;107.09;477
USDRUBF;5;20241202;141500;107.08;107.18;107;107;430
USDRUBF;5;20241202;142000;107;107.16;107;107.05;287
USDRUBF;5;20241202;142500;107.04;107.07;107.02;107.02;43
USDRUBF;5;20241202;143000;107.02;107.04;106.85;106.85;319
USDRUBF;5;20241202;143500;106.84;106.89;106.68;106.79;453
USDRUBF;5;20241202;144000;106.83;106.83;106.68;106.68;200
USDRUBF;5;20241202;144500;106.68;106.73;106.58;106.63;774
USDRUBF;5;20241202;145000;106.62;106.77;106.6;106.74;158
USDRUBF;5;20241202;145500;106.72;106.72;106.6;106.64;502
USDRUBF;5;20241202;150000;106.62;106.72;106.54;106.55;877
USDRUBF;5;20241202;150500;106.54;106.55;106.42;106.45;1019
USDRUBF;5;20241202;151000;106.44;106.53;106.44;106.52;243
USDRUBF;5;20241202;151500;106.52;106.61;106.5;106.61;221
USDRUBF;5;20241202;152000;106.62;106.62;106.54;106.59;636
USDRUBF;5;20241202;152500;106.57;106.64;106.56;106.62;234
USDRUBF;5;20241202;153000;106.65;106.66;106.59;106.61;51
USDRUBF;5;20241202;153500;106.63;106.71;106.6;106.69;224
USDRUBF;5;20241202;154000;106.71;106.75;106.71;106.72;383
USDRUBF;5;20241202;154500;106.74;106.77;106.71;106.77;70
USDRUBF;5;20241202;155000;106.78;106.81;106.77;106.81;127
USDRUBF;5;20241202;155500;106.76;106.92;106.74;106.92;569
USDRUBF;5;20241202;160000;106.95;107.05;106.75;106.8;482
USDRUBF;5;20241202;160500;106.81;106.84;106.78;106.78;102
USDRUBF;5;20241202;161000;106.81;106.85;106.81;106.81;312
USDRUBF;5;20241202;161500;106.82;106.86;106.8;106.8;101
USDRUBF;5;20241202;162000;106.8;106.81;106.79;106.79;81
USDRUBF;5;20241202;162500;106.81;106.81;106.79;106.8;93
USDRUBF;5;20241202;163000;106.79;106.8;106.76;106.8;98
USDRUBF;5;20241202;163500;106.8;106.85;106.8;106.85;80
USDRUBF;5;20241202;164000;106.86;106.9;106.8;106.82;201
USDRUBF;5;20241202;164500;106.83;106.84;106.71;106.73;208
USDRUBF;5;20241202;165000;106.74;106.78;106.68;106.76;325
USDRUBF;5;20241202;165500;106.73;106.73;106.65;106.65;154
USDRUBF;5;20241202;170000;106.64;106.66;106.54;106.64;319
USDRUBF;5;20241202;170500;106.62;106.69;106.57;106.62;248
USDRUBF;5;20241202;171000;106.61;106.65;106.6;106.62;217
USDRUBF;5;20241202;171500;106.66;106.8;106.64;106.78;148
USDRUBF;5;20241202;172000;106.78;106.91;106.78;106.82;281
USDRUBF;5;20241202;172500;106.78;106.85;106.77;106.77;58
USDRUBF;5;20241202;173000;106.78;106.79;106.75;106.76;60
USDRUBF;5;20241202;173500;106.74;106.76;106.71;106.72;18
USDRUBF;5;20241202;174000;106.72;106.72;106.66;106.68;171
USDRUBF;5;20241202;174500;106.68;106.72;106.53;106.54;229
USDRUBF;5;20241202;175000;106.54;106.61;106.51;106.6;748
USDRUBF;5;20241202;175500;106.59;106.6;106.55;106.58;326
USDRUBF;5;20241202;180000;106.56;106.6;106.53;106.58;428
USDRUBF;5;20241202;180500;106.58;106.73;106.56;106.56;510
USDRUBF;5;20241202;181000;106.56;106.59;106.52;106.55;139
USDRUBF;5;20241202;181500;106.57;106.62;106.46;106.48;293
USDRUBF;5;20241202;182000;106.46;106.53;106.44;106.53;131
USDRUBF;5;20241202;182500;106.55;106.62;106.55;106.61;100
USDRUBF;5;20241202;183000;106.64;106.69;106.6;106.65;404
USDRUBF;5;20241202;183500;106.65;106.66;106.62;106.65;209
USDRUBF;5;20241202;184000;106.66;106.84;106.66;106.81;339
USDRUBF;5;20241202;184500;106.81;106.82;106.71;106.71;210
USDRUBF;5;20241202;190500;106.59;106.82;106.59;106.71;109
USDRUBF;5;20241202;191000;106.74;106.8;106.7;106.73;179
USDRUBF;5;20241202;191500;106.77;106.77;106.55;106.56;113
USDRUBF;5;20241202;192000;106.57;106.58;106.51;106.53;140
USDRUBF;5;20241202;192500;106.56;106.63;106.54;106.62;59
USDRUBF;5;20241202;193000;106.62;106.62;106.59;106.6;48
USDRUBF;5;20241202;193500;106.58;106.58;106.51;106.51;48
USDRUBF;5;20241202;194000;106.53;106.6;106.52;106.6;34
USDRUBF;5;20241202;194500;106.62;106.65;106.54;106.54;93
USDRUBF;5;20241202;195000;106.55;106.56;106.55;106.56;7
USDRUBF;5;20241202;195500;106.58;106.59;106.56;106.59;28
USDRUBF;5;20241202;200000;106.56;106.56;106.46;106.51;247
USDRUBF;5;20241202;200500;106.52;106.52;106.51;106.51;16
USDRUBF;5;20241202;201000;106.51;106.52;106.5;106.51;40
USDRUBF;5;20241202;201500;106.52;106.52;106.49;106.5;115
USDRUBF;5;20241202;202000;106.5;106.5;106.47;106.47;5
USDRUBF;5;20241202;203000;106.48;106.52;106.48;106.5;88
USDRUBF;5;20241202;203500;106.47;106.5;106.47;106.5;12
USDRUBF;5;20241202;204000;106.51;106.54;106.51;106.54;31
USDRUBF;5;20241202;204500;106.51;106.52;106.5;106.5;36
USDRUBF;5;20241202;205000;106.53;106.54;106.51;106.54;20
USDRUBF;5;20241202;205500;106.53;106.56;106.53;106.55;213
USDRUBF;5;20241202;210000;106.54;106.54;106.53;106.53;59
USDRUBF;5;20241202;210500;106.53;106.54;106.53;106.54;92
USDRUBF;5;20241202;211000;106.54;106.54;106.52;106.52;318
USDRUBF;5;20241202;211500;106.52;106.52;106.48;106.51;129
USDRUBF;5;20241202;212000;106.52;106.64;106.52;106.64;120
USDRUBF;5;20241202;212500;106.64;106.64;106.62;106.62;8
USDRUBF;5;20241202;213500;106.63;106.75;106.63;106.75;123
USDRUBF;5;20241202;214000;106.73;106.78;106.73;106.78;16
USDRUBF;5;20241202;214500;106.79;106.79;106.73;106.73;129
USDRUBF;5;20241202;215000;106.72;106.74;106.72;106.74;37
USDRUBF;5;20241202;215500;106.7;106.73;106.62;106.7;55
USDRUBF;5;20241202;220000;106.7;106.7;106.67;106.67;22
USDRUBF;5;20241202;220500;106.66;106.69;106.66;106.69;27
USDRUBF;5;20241202;221000;106.68;106.68;106.68;106.68;15
USDRUBF;5;20241202;221500;106.7;106.71;106.7;106.71;41
USDRUBF;5;20241202;222000;106.72;106.72;106.72;106.72;2
USDRUBF;5;20241202;222500;106.71;106.73;106.69;106.7;16
USDRUBF;5;20241202;223000;106.7;106.72;106.7;106.72;20
USDRUBF;5;20241202;223500;106.73;106.73;106.73;106.73;4
USDRUBF;5;20241202;224500;106.71;106.71;106.7;106.7;38
USDRUBF;5;20241202;225000;106.71;106.71;106.7;106.7;173
USDRUBF;5;20241202;225500;106.72;106.72;106.72;106.72;1
USDRUBF;5;20241202;230000;106.7;106.7;106.7;106.7;7
USDRUBF;5;20241202;230500;106.69;106.69;106.69;106.69;1
USDRUBF;5;20241202;231000;106.69;106.69;106.69;106.69;11
USDRUBF;5;20241202;231500;106.69;106.7;106.67;106.67;47
USDRUBF;5;20241202;232000;106.67;106.67;106.67;106.67;1
USDRUBF;5;20241202;232500;106.67;106.67;106.65;106.65;65
USDRUBF;5;20241202;233000;106.65;106.66;106.65;106.66;2
USDRUBF;5;20241202;233500;106.67;106.68;106.67;106.68;20
USDRUBF;5;20241202;234000;106.7;106.71;106.67;106.67;39
USDRUBF;5;20241202;234500;106.68;106.68;106.65;106.65;16
USDRUBF;5;20241203;100000;106.7;107.07;106.7;106.9;1421
USDRUBF;5;20241203;100500;106.93;107.05;106.84;106.88;427
USDRUBF;5;20241203;101000;106.91;107.02;106.8;106.8;271
USDRUBF;5;20241203;101500;106.77;106.81;106.7;106.75;667
USDRUBF;5;20241203;102000;106.75;106.87;106.56;106.65;293
USDRUBF;5;20241203;102500;106.65;106.75;106.54;106.6;652
USDRUBF;5;20241203;103000;106.59;106.59;106.29;106.46;750
USDRUBF;5;20241203;103500;106.41;106.66;106.32;106.56;541
USDRUBF;5;20241203;104000;106.6;106.72;106.56;106.72;177
USDRUBF;5;20241203;104500;106.74;106.75;106.62;106.72;166
USDRUBF;5;20241203;105000;106.7;106.77;106.63;106.63;384
USDRUBF;5;20241203;105500;106.67;106.69;106.56;106.56;373
USDRUBF;5;20241203;110000;106.59;106.6;106.55;106.59;21
USDRUBF;5;20241203;110500;106.57;106.66;106.57;106.61;19
USDRUBF;5;20241203;111000;106.64;106.66;106.6;106.65;171
USDRUBF;5;20241203;111500;106.65;106.65;106.62;106.63;33
USDRUBF;5;20241203;112000;106.62;106.79;106.57;106.68;623
USDRUBF;5;20241203;112500;106.68;106.7;106.62;106.63;187
USDRUBF;5;20241203;113000;106.62;106.62;106.47;106.53;339
USDRUBF;5;20241203;113500;106.5;106.64;106.49;106.64;174
USDRUBF;5;20241203;114000;106.64;106.64;106.6;106.61;127
USDRUBF;5;20241203;114500;106.61;106.63;106.5;106.54;138
USDRUBF;5;20241203;115000;106.53;106.59;106.53;106.57;31
USDRUBF;5;20241203;115500;106.56;106.61;106.53;106.57;314
USDRUBF;5;20241203;120000;106.59;106.59;106.5;106.5;117
USDRUBF;5;20241203;120500;106.49;106.49;106.34;106.39;274
USDRUBF;5;20241203;121000;106.33;106.44;106.31;106.32;142
USDRUBF;5;20241203;121500;106.32;106.36;106.28;106.34;662
USDRUBF;5;20241203;122000;106.39;106.41;106.36;106.37;124
USDRUBF;5;20241203;122500;106.4;106.4;106.36;106.4;158
USDRUBF;5;20241203;123000;106.39;106.54;106.37;106.52;768
USDRUBF;5;20241203;123500;106.52;106.61;106.37;106.39;863
USDRUBF;5;20241203;124000;106.39;106.43;106.29;106.34;804
USDRUBF;5;20241203;124500;106.32;106.37;106.28;106.37;579
USDRUBF;5;20241203;125000;106.36;106.38;106.32;106.37;117
USDRUBF;5;20241203;125500;106.33;106.42;106.31;106.35;582
USDRUBF;5;20241203;130000;106.35;106.41;106.35;106.38;282
USDRUBF;5;20241203;130500;106.36;106.44;106.36;106.42;260
USDRUBF;5;20241203;131000;106.4;106.41;106.36;106.36;418
USDRUBF;5;20241203;131500;106.37;106.4;106.36;106.39;252
USDRUBF;5;20241203;132000;106.39;106.39;106.33;106.36;107
USDRUBF;5;20241203;132500;106.33;106.34;106.3;106.3;85
USDRUBF;5;20241203;133000;106.3;106.33;106.29;106.32;117
USDRUBF;5;20241203;133500;106.33;106.33;106.28;106.29;458
USDRUBF;5;20241203;134000;106.3;106.3;106.1;106.14;1669
USDRUBF;5;20241203;134500;106.14;106.16;106.01;106.14;854
USDRUBF;5;20241203;135000;106.15;106.16;106.02;106.04;133
USDRUBF;5;20241203;135500;106.07;106.07;106.02;106.07;364
USDRUBF;5;20241203;140500;106.07;106.1;105.92;105.94;1104
USDRUBF;5;20241203;141000;105.94;106.02;105.87;105.89;749
USDRUBF;5;20241203;141500;105.89;105.92;105.64;105.67;2412
USDRUBF;5;20241203;142000;105.67;105.7;105.54;105.67;901
USDRUBF;5;20241203;142500;105.63;105.78;105.55;105.72;649
USDRUBF;5;20241203;143000;105.75;105.76;105.67;105.73;603
USDRUBF;5;20241203;143500;105.72;105.72;105.53;105.54;634
USDRUBF;5;20241203;144000;105.55;105.66;105.53;105.55;1883
USDRUBF;5;20241203;144500;105.55;105.63;105.46;105.47;1029
USDRUBF;5;20241203;145000;105.48;105.53;105.36;105.42;792
USDRUBF;5;20241203;145500;105.46;105.6;105.42;105.46;358
USDRUBF;5;20241203;150000;105.47;105.48;105.39;105.41;578
USDRUBF;5;20241203;150500;105.42;105.57;105.4;105.52;1608
USDRUBF;5;20241203;151000;105.52;105.58;105.47;105.51;328
USDRUBF;5;20241203;151500;105.51;105.74;105.44;105.51;3084
USDRUBF;5;20241203;152000;105.5;105.5;105.37;105.37;2095
USDRUBF;5;20241203;152500;105.39;105.48;105.37;105.45;595
USDRUBF;5;20241203;153000;105.46;105.5;105.39;105.46;616
USDRUBF;5;20241203;153500;105.48;105.49;105.38;105.47;1912
USDRUBF;5;20241203;154000;105.46;105.47;105.37;105.41;414
USDRUBF;5;20241203;154500;105.42;105.45;105.29;105.3;679
USDRUBF;5;20241203;155000;105.3;105.4;105.22;105.24;637
USDRUBF;5;20241203;155500;105.25;105.3;105.02;105.03;1924
USDRUBF;5;20241203;160000;105.04;105.15;105.02;105.08;963
USDRUBF;5;20241203;160500;105.08;105.13;105.03;105.06;893
USDRUBF;5;20241203;161000;105.06;105.14;104.94;105.1;1699
USDRUBF;5;20241203;161500;105.1;105.1;105.03;105.08;390
USDRUBF;5;20241203;162000;105.06;105.09;104.99;105.09;924
USDRUBF;5;20241203;162500;105.08;105.32;105.08;105.3;699
USDRUBF;5;20241203;163000;105.31;105.31;105.18;105.18;596
USDRUBF;5;20241203;163500;105.17;105.2;105.11;105.18;516
USDRUBF;5;20241203;164000;105.17;105.19;105.1;105.15;349
USDRUBF;5;20241203;164500;105.14;105.19;105.1;105.16;372
USDRUBF;5;20241203;165000;105.18;105.23;105.07;105.16;253
USDRUBF;5;20241203;165500;105.11;105.16;105.03;105.16;251
USDRUBF;5;20241203;170000;105.16;105.24;105.13;105.23;241
USDRUBF;5;20241203;170500;105.23;105.34;105.21;105.33;459
USDRUBF;5;20241203;171000;105.35;105.38;105.28;105.32;228
USDRUBF;5;20241203;171500;105.32;105.32;105.25;105.29;339
USDRUBF;5;20241203;172000;105.27;105.4;105.25;105.38;166
USDRUBF;5;20241203;172500;105.38;105.4;105.32;105.36;332
USDRUBF;5;20241203;173000;105.37;105.43;105.36;105.42;515
USDRUBF;5;20241203;173500;105.41;105.41;105.35;105.4;203
USDRUBF;5;20241203;174000;105.41;105.46;105.24;105.28;479
USDRUBF;5;20241203;174500;105.27;105.3;105.12;105.18;222
USDRUBF;5;20241203;175000;105.19;105.3;105.16;105.23;261
USDRUBF;5;20241203;175500;105.22;105.24;105.16;105.24;146
USDRUBF;5;20241203;180000;105.23;105.42;105.22;105.38;528
USDRUBF;5;20241203;180500;105.39;105.44;105.35;105.4;307
USDRUBF;5;20241203;181000;105.4;105.45;105.38;105.38;499
USDRUBF;5;20241203;181500;105.38;105.4;105.34;105.34;232
USDRUBF;5;20241203;182000;105.33;105.36;105.31;105.31;232
USDRUBF;5;20241203;182500;105.32;105.4;105.32;105.4;128
USDRUBF;5;20241203;183000;105.39;105.42;105.38;105.38;177
USDRUBF;5;20241203;183500;105.4;105.44;105.38;105.42;187
USDRUBF;5;20241203;184000;105.42;105.43;105.29;105.33;515
USDRUBF;5;20241203;184500;105.31;105.33;105.21;105.21;498
USDRUBF;5;20241203;190500;105.26;105.28;105.2;105.2;45
USDRUBF;5;20241203;191000;105.17;105.17;105.02;105.09;343
USDRUBF;5;20241203;191500;105.09;105.19;105.03;105.03;595
USDRUBF;5;20241203;192000;105.03;105.07;105.02;105.05;181
USDRUBF;5;20241203;192500;105.09;105.19;105.01;105.06;361
USDRUBF;5;20241203;193000;105.07;105.13;105.03;105.03;50
USDRUBF;5;20241203;193500;105.03;105.03;104.95;104.95;282
USDRUBF;5;20241203;194000;104.95;104.99;104.92;104.99;183
USDRUBF;5;20241203;194500;104.99;105;104.95;104.95;63
USDRUBF;5;20241203;195000;104.92;104.98;104.85;104.96;598
USDRUBF;5;20241203;195500;104.94;104.94;104.88;104.88;139
USDRUBF;5;20241203;200000;104.88;104.88;104.8;104.8;121
USDRUBF;5;20241203;200500;104.82;104.94;104.8;104.94;467
USDRUBF;5;20241203;201000;104.94;104.94;104.87;104.87;71
USDRUBF;5;20241203;201500;104.87;104.87;104.76;104.76;137
USDRUBF;5;20241203;202000;104.75;104.78;104.63;104.63;319
USDRUBF;5;20241203;202500;104.63;104.68;104.62;104.68;150
USDRUBF;5;20241203;203000;104.66;104.66;104.55;104.55;345
USDRUBF;5;20241203;203500;104.52;104.71;104.5;104.67;680
USDRUBF;5;20241203;204000;104.65;104.76;104.65;104.74;208
USDRUBF;5;20241203;204500;104.71;104.77;104.71;104.77;121
USDRUBF;5;20241203;205000;104.77;104.77;104.73;104.76;108
USDRUBF;5;20241203;205500;104.77;104.77;104.73;104.77;80
USDRUBF;5;20241203;210000;104.76;104.77;104.56;104.59;276
USDRUBF;5;20241203;210500;104.59;104.66;104.56;104.63;64
USDRUBF;5;20241203;211000;104.66;104.75;104.66;104.73;162
USDRUBF;5;20241203;211500;104.73;104.73;104.55;104.55;304
USDRUBF;5;20241203;212000;104.53;104.58;104.51;104.51;520
USDRUBF;5;20241203;212500;104.54;104.58;104.42;104.58;819
USDRUBF;5;20241203;213000;104.59;104.65;104.54;104.54;180
USDRUBF;5;20241203;213500;104.54;104.6;104.54;104.59;61
USDRUBF;5;20241203;214000;104.59;104.62;104.59;104.62;137
USDRUBF;5;20241203;214500;104.62;104.65;104.61;104.62;56
USDRUBF;5;20241203;215000;104.64;104.66;104.62;104.63;48
USDRUBF;5;20241203;215500;104.6;104.61;104.6;104.61;8
USDRUBF;5;20241203;220000;104.6;104.6;104.57;104.59;44
USDRUBF;5;20241203;220500;104.59;104.59;104.44;104.47;95
USDRUBF;5;20241203;221000;104.45;104.47;104.42;104.44;135
USDRUBF;5;20241203;221500;104.45;104.45;104.42;104.42;63
USDRUBF;5;20241203;222000;104.42;104.45;104.37;104.41;221
USDRUBF;5;20241203;222500;104.45;104.5;104.44;104.5;49
USDRUBF;5;20241203;223000;104.51;104.54;104.49;104.54;39
USDRUBF;5;20241203;223500;104.53;104.53;104.47;104.47;34
USDRUBF;5;20241203;224000;104.46;104.47;104.43;104.45;37
USDRUBF;5;20241203;224500;104.43;104.45;104.42;104.43;33
USDRUBF;5;20241203;225000;104.43;104.43;104.41;104.42;19
USDRUBF;5;20241203;225500;104.42;104.42;104.39;104.4;49
USDRUBF;5;20241203;230000;104.42;104.43;104.39;104.4;59
USDRUBF;5;20241203;230500;104.4;104.42;104.4;104.42;4
USDRUBF;5;20241203;231000;104.4;104.43;104.38;104.39;65
USDRUBF;5;20241203;231500;104.39;104.45;104.39;104.43;86
USDRUBF;5;20241203;232000;104.41;104.41;104.37;104.37;57
USDRUBF;5;20241203;232500;104.38;104.4;104.37;104.4;18
USDRUBF;5;20241203;233000;104.38;104.45;104.38;104.45;108
USDRUBF;5;20241203;233500;104.45;104.51;104.45;104.51;129
USDRUBF;5;20241203;234000;104.53;104.55;104.51;104.55;47
USDRUBF;5;20241203;234500;104.55;104.55;104.47;104.5;71
USDRUBF;5;20241204;100000;104.5;104.5;102.92;103.79;4384
USDRUBF;5;20241204;100500;103.75;104.05;103.66;104.05;1558
USDRUBF;5;20241204;101000;104.02;104.19;103.8;103.93;1196
USDRUBF;5;20241204;101500;103.98;103.99;103.78;103.79;2042
USDRUBF;5;20241204;102000;103.8;103.95;103.77;103.9;2469
USDRUBF;5;20241204;102500;103.94;103.95;103.79;103.88;1420
USDRUBF;5;20241204;103000;103.89;103.97;103.87;103.95;2297
USDRUBF;5;20241204;103500;103.95;104.01;103.84;103.92;2925
USDRUBF;5;20241204;104000;103.92;103.94;103.81;103.92;1507
USDRUBF;5;20241204;104500;103.91;104.08;103.91;104.03;1630
USDRUBF;5;20241204;105000;104.02;104.08;103.94;104.06;1827
USDRUBF;5;20241204;105500;104.06;104.1;103.98;104;895
USDRUBF;5;20241204;110000;104.02;104.05;103.98;104.02;265
USDRUBF;5;20241204;110500;104.02;104.12;104.01;104.12;654
USDRUBF;5;20241204;111000;104.12;104.2;104.11;104.15;345
USDRUBF;5;20241204;111500;104.15;104.18;104.11;104.14;476
USDRUBF;5;20241204;112000;104.14;104.17;104.13;104.13;265
USDRUBF;5;20241204;112500;104.13;104.13;104.04;104.08;673
USDRUBF;5;20241204;113000;104.09;104.12;104.04;104.12;82
USDRUBF;5;20241204;113500;104.11;104.15;104.11;104.15;153
USDRUBF;5;20241204;114000;104.13;104.16;104.1;104.13;171
USDRUBF;5;20241204;114500;104.16;104.17;104.13;104.17;115
USDRUBF;5;20241204;115000;104.18;104.27;104.16;104.27;251
USDRUBF;5;20241204;115500;104.28;104.31;104.02;104.05;1376
USDRUBF;5;20241204;120000;104.05;104.05;104.01;104.03;223
USDRUBF;5;20241204;120500;104.05;104.07;103.95;103.97;685
USDRUBF;5;20241204;121000;103.96;104;103.91;103.97;315
USDRUBF;5;20241204;121500;103.99;104.11;103.98;104.06;1315
USDRUBF;5;20241204;122000;104.05;104.07;104.04;104.06;967
USDRUBF;5;20241204;122500;104.07;104.07;104.01;104.06;670
USDRUBF;5;20241204;123000;104.03;104.06;104.03;104.05;498
USDRUBF;5;20241204;123500;104.06;104.07;104;104.02;337
USDRUBF;5;20241204;124000;104.03;104.12;104.03;104.07;994
USDRUBF;5;20241204;124500;104.07;104.07;104;104.07;1350
USDRUBF;5;20241204;125000;104.07;104.16;104.05;104.16;721
USDRUBF;5;20241204;125500;104.17;104.19;104.01;104.01;518
USDRUBF;5;20241204;130000;104;104;103.79;103.82;1134
USDRUBF;5;20241204;130500;103.82;103.89;103.8;103.88;388
USDRUBF;5;20241204;131000;103.86;103.9;103.81;103.84;943
USDRUBF;5;20241204;131500;103.83;103.84;103.77;103.8;148
USDRUBF;5;20241204;132000;103.79;103.85;103.73;103.76;1064
USDRUBF;5;20241204;132500;103.79;103.91;103.75;103.75;754
USDRUBF;5;20241204;133000;103.77;103.77;103.69;103.69;695
USDRUBF;5;20241204;133500;103.71;103.77;103.68;103.71;1742
USDRUBF;5;20241204;134000;103.72;103.88;103.7;103.82;1216
USDRUBF;5;20241204;134500;103.81;103.84;103.78;103.81;313
USDRUBF;5;20241204;135000;103.8;103.86;103.73;103.8;1545
USDRUBF;5;20241204;135500;103.83;103.86;103.8;103.82;767
USDRUBF;5;20241204;140500;103.82;103.85;103.68;103.71;1118
USDRUBF;5;20241204;141000;103.7;103.71;103.64;103.66;553
USDRUBF;5;20241204;141500;103.67;103.81;103.64;103.79;450
USDRUBF;5;20241204;142000;103.78;103.83;103.75;103.77;134
USDRUBF;5;20241204;142500;103.76;103.77;103.63;103.63;788
USDRUBF;5;20241204;143000;103.63;103.65;103.61;103.63;1026
USDRUBF;5;20241204;143500;103.62;103.64;103.6;103.61;756
USDRUBF;5;20241204;144000;103.6;103.61;103.53;103.57;1237
USDRUBF;5;20241204;144500;103.58;103.65;103.58;103.62;678
USDRUBF;5;20241204;145000;103.62;103.64;103.6;103.62;582
USDRUBF;5;20241204;145500;103.62;103.63;103.59;103.6;1049
USDRUBF;5;20241204;150000;103.59;103.72;103.59;103.68;2154
USDRUBF;5;20241204;150500;103.68;103.71;103.63;103.71;507
USDRUBF;5;20241204;151000;103.71;103.72;103.62;103.65;961
USDRUBF;5;20241204;151500;103.65;103.71;103.61;103.68;704
USDRUBF;5;20241204;152000;103.7;103.93;103.65;103.93;1258
USDRUBF;5;20241204;152500;103.93;104.17;103.89;104.13;2251
USDRUBF;5;20241204;153000;104.13;104.22;104.07;104.1;729
USDRUBF;5;20241204;153500;104.09;104.09;103.96;104.05;610
USDRUBF;5;20241204;154000;104.05;104.4;104.03;104.16;842
USDRUBF;5;20241204;154500;104.17;104.37;104.17;104.34;705
USDRUBF;5;20241204;155000;104.36;104.49;104.35;104.35;1128
USDRUBF;5;20241204;155500;104.33;104.42;104.18;104.25;522
USDRUBF;5;20241204;160000;104.24;104.34;104.21;104.23;411
USDRUBF;5;20241204;160500;104.22;104.26;104.22;104.26;259
USDRUBF;5;20241204;161000;104.26;104.35;104.25;104.35;412
USDRUBF;5;20241204;161500;104.35;104.48;104.29;104.46;638
USDRUBF;5;20241204;162000;104.49;104.7;104.46;104.6;1582
USDRUBF;5;20241204;162500;104.58;104.63;104.52;104.55;1046
USDRUBF;5;20241204;163000;104.57;104.61;104.3;104.4;536
USDRUBF;5;20241204;163500;104.4;104.53;104.4;104.49;704
USDRUBF;5;20241204;164000;104.5;104.54;104.47;104.47;60
USDRUBF;5;20241204;164500;104.47;104.49;104.46;104.49;179
USDRUBF;5;20241204;165000;104.49;104.6;104.47;104.56;742
USDRUBF;5;20241204;165500;104.59;104.86;104.56;104.8;2693
USDRUBF;5;20241204;170000;104.8;104.96;104.77;104.92;1293
USDRUBF;5;20241204;170500;104.93;104.96;104.69;104.8;1603
USDRUBF;5;20241204;171000;104.77;104.77;104.44;104.6;1914
USDRUBF;5;20241204;171500;104.56;104.6;104.48;104.58;1266
USDRUBF;5;20241204;172000;104.55;104.63;104.55;104.61;210
USDRUBF;5;20241204;172500;104.59;104.73;104.58;104.59;372
USDRUBF;5;20241204;173000;104.6;104.64;104.56;104.58;231
USDRUBF;5;20241204;173500;104.58;104.68;104.58;104.64;395
USDRUBF;5;20241204;174000;104.64;104.65;104.5;104.55;736
USDRUBF;5;20241204;174500;104.55;104.55;104.23;104.4;1594
USDRUBF;5;20241204;175000;104.38;104.51;104.37;104.37;628
USDRUBF;5;20241204;175500;104.35;104.39;104.35;104.39;106
USDRUBF;5;20241204;180000;104.37;104.41;104.34;104.36;546
USDRUBF;5;20241204;180500;104.38;104.41;104.34;104.35;278
USDRUBF;5;20241204;181000;104.34;104.4;104.33;104.33;576
USDRUBF;5;20241204;181500;104.34;104.49;104.33;104.47;661
USDRUBF;5;20241204;182000;104.48;104.65;104.45;104.6;1108
USDRUBF;5;20241204;182500;104.64;104.9;104.64;104.87;678
USDRUBF;5;20241204;183000;104.87;104.94;104.73;104.73;862
USDRUBF;5;20241204;183500;104.79;104.84;104.73;104.83;226
USDRUBF;5;20241204;184000;104.83;105.02;104.79;105;869
USDRUBF;5;20241204;184500;105.02;105.1;105.02;105.05;515
USDRUBF;5;20241204;190500;105.03;105.3;104.96;105.08;3064
USDRUBF;5;20241204;191000;105.07;105.19;104.92;105.03;1117
USDRUBF;5;20241204;191500;105.05;105.15;104.81;104.91;664
USDRUBF;5;20241204;192000;104.93;104.99;104.88;104.95;196
USDRUBF;5;20241204;192500;104.92;105.01;104.91;104.98;126
USDRUBF;5;20241204;193000;104.95;104.97;104.7;104.77;866
USDRUBF;5;20241204;193500;104.79;104.82;104.7;104.72;2135
USDRUBF;5;20241204;194000;104.73;104.76;104.7;104.75;938
USDRUBF;5;20241204;194500;104.76;104.88;104.75;104.85;95
USDRUBF;5;20241204;195000;104.87;104.92;104.82;104.83;191
USDRUBF;5;20241204;195500;104.86;104.89;104.84;104.86;46
USDRUBF;5;20241204;200000;104.83;104.86;104.75;104.78;182
USDRUBF;5;20241204;200500;104.75;104.76;104.63;104.66;299
USDRUBF;5;20241204;201000;104.63;104.94;104.63;104.84;960
USDRUBF;5;20241204;201500;104.87;104.95;104.85;104.94;114
USDRUBF;5;20241204;202000;104.95;104.97;104.82;104.82;239
USDRUBF;5;20241204;202500;104.81;104.81;104.72;104.72;106
USDRUBF;5;20241204;203000;104.72;104.87;104.72;104.87;23
USDRUBF;5;20241204;203500;104.85;104.86;104.78;104.78;18
USDRUBF;5;20241204;204000;104.78;104.78;104.68;104.71;206
USDRUBF;5;20241204;204500;104.68;104.73;104.67;104.7;127
USDRUBF;5;20241204;205000;104.71;104.74;104.67;104.67;218
USDRUBF;5;20241204;205500;104.67;104.71;104.65;104.71;153
USDRUBF;5;20241204;210000;104.72;104.77;104.72;104.77;11
USDRUBF;5;20241204;210500;104.77;104.8;104.74;104.78;142
USDRUBF;5;20241204;211000;104.76;104.89;104.76;104.89;138
USDRUBF;5;20241204;211500;104.89;104.94;104.88;104.91;21
USDRUBF;5;20241204;212000;104.93;104.95;104.92;104.94;36
USDRUBF;5;20241204;212500;104.92;104.95;104.91;104.95;97
USDRUBF;5;20241204;213000;104.97;105.02;104.95;105.02;185
USDRUBF;5;20241204;213500;105.03;105.07;105.01;105.01;133
USDRUBF;5;20241204;214000;105.02;105.03;104.97;105.01;72
USDRUBF;5;20241204;214500;105.01;105.02;105;105;17
USDRUBF;5;20241204;215000;105.02;105.03;104.99;104.99;20
USDRUBF;5;20241204;215500;105.02;105.07;105.02;105.07;37
USDRUBF;5;20241204;220000;105.05;105.13;105.05;105.12;397
USDRUBF;5;20241204;220500;105.14;105.15;105.14;105.15;7
USDRUBF;5;20241204;221000;105.13;105.16;105.13;105.16;12
USDRUBF;5;20241204;221500;105.14;105.2;105.13;105.2;430
USDRUBF;5;20241204;222000;105.2;105.27;105.2;105.22;83
USDRUBF;5;20241204;222500;105.24;105.26;105.24;105.25;21
USDRUBF;5;20241204;223000;105.27;105.28;105.25;105.25;135
USDRUBF;5;20241204;223500;105.25;105.28;105.25;105.27;104
USDRUBF;5;20241204;224000;105.28;105.33;105.28;105.3;78
USDRUBF;5;20241204;224500;105.32;105.32;105.29;105.3;40
USDRUBF;5;20241204;225000;105.3;105.3;105.24;105.25;226
USDRUBF;5;20241204;225500;105.26;105.29;105.25;105.26;43
USDRUBF;5;20241204;230000;105.27;105.28;105.26;105.28;15
USDRUBF;5;20241204;230500;105.26;105.26;105.21;105.21;85
USDRUBF;5;20241204;231000;105.2;105.2;105.16;105.17;60
USDRUBF;5;20241204;231500;105.18;105.18;105.18;105.18;13
USDRUBF;5;20241204;232000;105.17;105.18;105.15;105.18;35
USDRUBF;5;20241204;232500;105.18;105.18;105.17;105.17;14
USDRUBF;5;20241204;233000;105.17;105.2;105.17;105.19;38
USDRUBF;5;20241204;233500;105.19;105.31;105.09;105.31;476
USDRUBF;5;20241204;234000;105.31;105.33;105.28;105.3;138
USDRUBF;5;20241204;234500;105.31;105.33;105.27;105.31;55
USDRUBF;5;20241205;100000;104.7;105.3;104.67;105.19;3558
USDRUBF;5;20241205;100500;105.22;105.22;104.89;105;959
USDRUBF;5;20241205;101000;104.96;104.99;104.75;104.81;859
USDRUBF;5;20241205;101500;104.8;104.82;104.67;104.71;1065
USDRUBF;5;20241205;102000;104.72;104.77;104.65;104.73;1491
USDRUBF;5;20241205;102500;104.7;104.74;104.52;104.54;1430
USDRUBF;5;20241205;103000;104.53;104.61;104.31;104.43;1349
USDRUBF;5;20241205;103500;104.45;104.58;104.4;104.56;325
USDRUBF;5;20241205;104000;104.56;104.56;104.27;104.34;868
USDRUBF;5;20241205;104500;104.32;104.4;104.22;104.22;2487
USDRUBF;5;20241205;105000;104.25;104.31;104.22;104.24;658
USDRUBF;5;20241205;105500;104.27;104.4;104.24;104.4;2876
USDRUBF;5;20241205;110000;104.4;104.44;104.31;104.4;2433
USDRUBF;5;20241205;110500;104.4;104.43;104.35;104.35;1190
USDRUBF;5;20241205;111000;104.34;104.37;104.31;104.36;543
USDRUBF;5;20241205;111500;104.37;104.39;104.32;104.32;980
USDRUBF;5;20241205;112000;104.31;104.33;104.26;104.26;1965
USDRUBF;5;20241205;112500;104.26;104.28;104.24;104.25;1712
USDRUBF;5;20241205;113000;104.24;104.25;104.12;104.12;3022
USDRUBF;5;20241205;113500;104.12;104.29;104.1;104.27;1154
USDRUBF;5;20241205;114000;104.25;104.29;104.18;104.25;651
USDRUBF;5;20241205;114500;104.24;104.24;104.18;104.23;336
USDRUBF;5;20241205;115000;104.22;104.23;104.14;104.19;617
USDRUBF;5;20241205;115500;104.21;104.21;104.12;104.13;189
USDRUBF;5;20241205;120000;104.15;104.19;104.11;104.19;521
USDRUBF;5;20241205;120500;104.16;104.19;104.08;104.15;1218
USDRUBF;5;20241205;121000;104.13;104.18;104.06;104.1;1002
USDRUBF;5;20241205;121500;104.1;104.13;104.07;104.11;365
USDRUBF;5;20241205;122000;104.1;104.14;104.06;104.06;254
USDRUBF;5;20241205;122500;104.08;104.08;103.95;104.05;1631
USDRUBF;5;20241205;123000;104.06;104.06;103.88;103.91;660
USDRUBF;5;20241205;123500;103.91;103.96;103.89;103.9;168
USDRUBF;5;20241205;124000;103.89;103.92;103.87;103.88;581
USDRUBF;5;20241205;124500;103.88;103.95;103.83;103.83;1103
USDRUBF;5;20241205;125000;103.85;103.9;103.85;103.9;205
USDRUBF;5;20241205;125500;103.9;103.9;103.82;103.82;696
USDRUBF;5;20241205;130000;103.83;103.85;103.75;103.77;2120
USDRUBF;5;20241205;130500;103.77;103.79;103.71;103.72;419
USDRUBF;5;20241205;131000;103.72;103.82;103.72;103.82;221
USDRUBF;5;20241205;131500;103.85;103.86;103.76;103.8;152
USDRUBF;5;20241205;132000;103.8;103.83;103.7;103.74;301
USDRUBF;5;20241205;132500;103.72;103.73;103.69;103.69;415
USDRUBF;5;20241205;133000;103.69;103.74;103.69;103.72;473
USDRUBF;5;20241205;133500;103.7;103.73;103.66;103.66;1968
USDRUBF;5;20241205;134000;103.66;103.69;103.45;103.52;5097
USDRUBF;5;20241205;134500;103.49;103.53;103.28;103.31;2263
USDRUBF;5;20241205;135000;103.31;103.34;103.24;103.29;1037
USDRUBF;5;20241205;135500;103.3;103.45;103.3;103.39;1276
USDRUBF;5;20241205;140500;103.35;103.4;103.22;103.25;852
USDRUBF;5;20241205;141000;103.24;103.3;103.13;103.22;816
USDRUBF;5;20241205;141500;103.23;103.24;103.07;103.2;1552
USDRUBF;5;20241205;142000;103.24;103.42;103.24;103.37;869
USDRUBF;5;20241205;142500;103.38;103.64;103.29;103.59;1575
USDRUBF;5;20241205;143000;103.63;103.65;103.48;103.5;614
USDRUBF;5;20241205;143500;103.49;103.49;103.36;103.45;263
USDRUBF;5;20241205;144000;103.44;103.45;103.36;103.44;86
USDRUBF;5;20241205;144500;103.43;103.64;103.18;103.64;846
USDRUBF;5;20241205;145000;103.63;103.75;103.61;103.61;516
USDRUBF;5;20241205;145500;103.62;103.68;103.6;103.67;378
USDRUBF;5;20241205;150000;103.67;103.68;103.6;103.64;1165
USDRUBF;5;20241205;150500;103.63;103.88;103.63;103.74;1018
USDRUBF;5;20241205;151000;103.76;103.83;103.6;103.64;935
USDRUBF;5;20241205;151500;103.64;103.69;103.58;103.63;201
USDRUBF;5;20241205;152000;103.62;103.63;103.26;103.32;843
USDRUBF;5;20241205;152500;103.37;103.4;103.15;103.27;1599
USDRUBF;5;20241205;153000;103.24;103.46;103.15;103.32;1978
USDRUBF;5;20241205;153500;103.32;103.32;102.93;102.97;2030
USDRUBF;5;20241205;154000;102.97;103.05;102.93;103.02;2629
USDRUBF;5;20241205;154500;103.03;103.18;103;103.12;3005
USDRUBF;5;20241205;155000;103.12;103.36;103.11;103.34;1054
USDRUBF;5;20241205;155500;103.31;103.38;103.3;103.32;787
USDRUBF;5;20241205;160000;103.33;103.39;103.3;103.39;693
USDRUBF;5;20241205;160500;103.4;103.46;103.24;103.26;826
USDRUBF;5;20241205;161000;103.27;103.35;103.22;103.31;1094
USDRUBF;5;20241205;161500;103.31;103.41;103.25;103.25;752
USDRUBF;5;20241205;162000;103.23;103.29;103.2;103.25;1593
USDRUBF;5;20241205;162500;103.25;103.43;103.25;103.37;553
USDRUBF;5;20241205;163000;103.32;103.43;103.29;103.29;653
USDRUBF;5;20241205;163500;103.25;103.25;103.02;103.02;836
USDRUBF;5;20241205;164000;103.02;103.15;102.97;103.05;1476
USDRUBF;5;20241205;164500;103.03;103.04;102.65;102.7;940
USDRUBF;5;20241205;165000;102.7;102.81;102.61;102.76;848
USDRUBF;5;20241205;165500;102.73;102.86;102.66;102.82;966
USDRUBF;5;20241205;170000;102.79;102.85;102.6;102.85;2905
USDRUBF;5;20241205;170500;102.82;102.84;102.5;102.56;840
USDRUBF;5;20241205;171000;102.54;102.56;102.24;102.51;1372
USDRUBF;5;20241205;171500;102.48;102.62;102.32;102.59;1135
USDRUBF;5;20241205;172000;102.57;102.59;102.29;102.3;436
USDRUBF;5;20241205;172500;102.31;102.38;102.15;102.32;1287
USDRUBF;5;20241205;173000;102.34;102.41;102.24;102.36;664
USDRUBF;5;20241205;173500;102.4;102.59;102.34;102.44;698
USDRUBF;5;20241205;174000;102.44;102.48;102.14;102.17;642
USDRUBF;5;20241205;174500;102.16;102.25;102.11;102.19;548
USDRUBF;5;20241205;175000;102.18;102.18;102.04;102.04;1222
USDRUBF;5;20241205;175500;102.03;102.22;101.96;102.16;2174
USDRUBF;5;20241205;180000;102.14;102.18;102;102.15;1117
USDRUBF;5;20241205;180500;102.15;102.16;101.92;101.94;1576
USDRUBF;5;20241205;181000;101.94;102.09;101.92;101.96;1106
USDRUBF;5;20241205;181500;101.96;101.98;101.77;101.78;1339
USDRUBF;5;20241205;182000;101.77;101.96;101.75;101.76;1316
USDRUBF;5;20241205;182500;101.77;101.88;101.52;101.55;1169
USDRUBF;5;20241205;183000;101.55;101.59;101.47;101.52;1292
USDRUBF;5;20241205;183500;101.52;101.6;101.19;101.3;1417
USDRUBF;5;20241205;184000;101.29;101.4;101.11;101.4;1834
USDRUBF;5;20241205;184500;101.38;101.68;101.28;101.55;910
USDRUBF;5;20241205;190500;101.58;102.03;101.58;101.72;1406
USDRUBF;5;20241205;191000;101.73;101.84;101.48;101.58;656
USDRUBF;5;20241205;191500;101.55;101.57;101.2;101.24;595
USDRUBF;5;20241205;192000;101.21;101.34;100.94;100.94;1131
USDRUBF;5;20241205;192500;100.94;101.15;100.85;101.15;794
USDRUBF;5;20241205;193000;101.15;101.22;101.05;101.22;505
USDRUBF;5;20241205;193500;101.22;101.26;101.21;101.24;331
USDRUBF;5;20241205;194000;101.22;101.28;101.15;101.25;811
USDRUBF;5;20241205;194500;101.25;101.25;101.11;101.11;160
USDRUBF;5;20241205;195000;101.15;101.22;101.13;101.17;231
USDRUBF;5;20241205;195500;101.2;101.29;101.2;101.24;326
USDRUBF;5;20241205;200000;101.25;101.28;101.21;101.23;224
USDRUBF;5;20241205;200500;101.23;101.24;101.18;101.24;111
USDRUBF;5;20241205;201000;101.25;101.27;101.22;101.27;169
USDRUBF;5;20241205;201500;101.25;101.28;101.13;101.13;248
USDRUBF;5;20241205;202000;101.22;101.23;101.17;101.22;176
USDRUBF;5;20241205;202500;101.23;101.39;101.23;101.29;173
USDRUBF;5;20241205;203000;101.32;101.32;101.17;101.22;302
USDRUBF;5;20241205;203500;101.21;101.21;101.06;101.07;171
USDRUBF;5;20241205;204000;101.11;101.29;101.11;101.29;240
USDRUBF;5;20241205;204500;101.29;101.33;101.26;101.31;140
USDRUBF;5;20241205;205000;101.31;101.32;101.29;101.31;123
USDRUBF;5;20241205;205500;101.31;101.33;101.28;101.33;317
USDRUBF;5;20241205;210000;101.31;101.33;101.27;101.27;64
USDRUBF;5;20241205;210500;101.27;101.28;101.25;101.28;223
USDRUBF;5;20241205;211000;101.28;101.28;101.26;101.27;124
USDRUBF;5;20241205;211500;101.28;101.33;101.27;101.31;88
USDRUBF;5;20241205;212000;101.32;101.33;101.32;101.32;80
USDRUBF;5;20241205;212500;101.32;101.41;101.31;101.36;287
USDRUBF;5;20241205;213000;101.38;101.4;101.37;101.38;23
USDRUBF;5;20241205;213500;101.37;101.37;101.35;101.37;79
USDRUBF;5;20241205;214000;101.37;101.42;101.37;101.39;49
USDRUBF;5;20241205;214500;101.39;101.41;101.3;101.33;103
USDRUBF;5;20241205;215000;101.29;101.31;101.15;101.16;98
USDRUBF;5;20241205;215500;101.16;101.18;101.07;101.07;106
USDRUBF;5;20241205;220000;101.07;101.09;101.02;101.07;141
USDRUBF;5;20241205;220500;101.06;101.09;101.03;101.08;50
USDRUBF;5;20241205;221000;101.08;101.12;101.07;101.12;116
USDRUBF;5;20241205;221500;101.09;101.11;100.87;100.89;459
USDRUBF;5;20241205;222000;100.88;100.9;100.81;100.83;279
USDRUBF;5;20241205;222500;100.8;100.8;100.6;100.6;645
USDRUBF;5;20241205;223000;100.64;100.79;100.6;100.62;216
USDRUBF;5;20241205;223500;100.6;100.84;100.6;100.81;228
USDRUBF;5;20241205;224000;100.81;101.04;100.81;100.92;179
USDRUBF;5;20241205;224500;100.95;101;100.76;100.76;353
USDRUBF;5;20241205;225000;100.78;100.99;100.72;100.96;121
USDRUBF;5;20241205;225500;100.92;101;100.91;100.97;158
USDRUBF;5;20241205;230000;101.01;101.02;100.96;100.96;85
USDRUBF;5;20241205;230500;100.96;100.99;100.96;100.96;36
USDRUBF;5;20241205;231000;100.96;100.98;100.93;100.97;36
USDRUBF;5;20241205;231500;100.94;100.97;100.93;100.97;10
USDRUBF;5;20241205;232000;100.97;101.03;100.97;101.03;54
USDRUBF;5;20241205;232500;101.03;101.11;101.03;101.11;24
USDRUBF;5;20241205;233000;101.12;101.16;101.12;101.12;97
USDRUBF;5;20241205;233500;101.12;101.16;101.12;101.16;31
USDRUBF;5;20241205;234000;101.16;101.19;101.12;101.12;71
USDRUBF;5;20241205;234500;101.12;101.25;101.12;101.21;101
USDRUBF;5;20241206;100000;101.13;101.4;100.95;101.04;1845
USDRUBF;5;20241206;100500;101.06;101.07;100.39;100.39;2877
USDRUBF;5;20241206;101000;100.4;100.41;99.99;100.26;5942
USDRUBF;5;20241206;101500;100.26;100.45;100.12;100.19;2409
USDRUBF;5;20241206;102000;100.22;100.45;100.1;100.18;1854
USDRUBF;5;20241206;102500;100.2;100.42;100.05;100.42;2019
USDRUBF;5;20241206;103000;100.42;100.6;100.38;100.55;2766
USDRUBF;5;20241206;103500;100.54;100.85;100.54;100.78;2065
USDRUBF;5;20241206;104000;100.8;101.27;100.8;101.11;2046
USDRUBF;5;20241206;104500;101.14;101.39;100.97;100.97;1900
USDRUBF;5;20241206;105000;100.96;100.99;100.81;100.88;1152
USDRUBF;5;20241206;105500;100.92;101.14;100.9;101.05;3111
USDRUBF;5;20241206;110000;101.08;101.08;101.03;101.06;608
USDRUBF;5;20241206;110500;101.05;101.07;100.93;100.94;423
USDRUBF;5;20241206;111000;100.94;100.94;100.48;100.55;3197
USDRUBF;5;20241206;111500;100.49;100.66;100.48;100.56;615
USDRUBF;5;20241206;112000;100.54;100.56;100.23;100.37;1861
USDRUBF;5;20241206;112500;100.4;100.83;100.36;100.72;2751
USDRUBF;5;20241206;113000;100.7;100.73;100.62;100.66;420
USDRUBF;5;20241206;113500;100.65;100.68;100.59;100.64;302
USDRUBF;5;20241206;114000;100.67;100.71;100.58;100.71;420
USDRUBF;5;20241206;114500;100.72;100.79;100.59;100.61;1068
USDRUBF;5;20241206;115000;100.6;100.65;100.6;100.63;214
USDRUBF;5;20241206;115500;100.61;100.61;100.45;100.54;529
USDRUBF;5;20241206;120000;100.53;100.53;100.3;100.31;351
USDRUBF;5;20241206;120500;100.34;100.49;100.31;100.4;1802
USDRUBF;5;20241206;121000;100.41;100.43;100.2;100.22;995
USDRUBF;5;20241206;121500;100.21;100.3;100.16;100.3;1170
USDRUBF;5;20241206;122000;100.3;100.32;100.15;100.27;690
USDRUBF;5;20241206;122500;100.29;100.38;100.28;100.34;3350
USDRUBF;5;20241206;123000;100.35;100.35;100.3;100.33;566
USDRUBF;5;20241206;123500;100.34;100.36;100.3;100.36;966
USDRUBF;5;20241206;124000;100.36;100.37;100.3;100.32;1177
USDRUBF;5;20241206;124500;100.34;100.35;100.31;100.33;687
USDRUBF;5;20241206;125000;100.34;100.34;100.31;100.33;171
USDRUBF;5;20241206;125500;100.32;100.34;100.22;100.31;478
USDRUBF;5;20241206;130000;100.28;100.38;100.25;100.31;742
USDRUBF;5;20241206;130500;100.33;100.41;100.31;100.38;1451
USDRUBF;5;20241206;131000;100.38;100.38;100.34;100.38;521
USDRUBF;5;20241206;131500;100.38;100.4;100.33;100.36;1129
USDRUBF;5;20241206;132000;100.36;100.4;100.35;100.38;1233
USDRUBF;5;20241206;132500;100.37;100.4;100.36;100.38;424
USDRUBF;5;20241206;133000;100.38;100.47;100.37;100.43;614
USDRUBF;5;20241206;133500;100.4;100.44;100.4;100.43;389
USDRUBF;5;20241206;134000;100.41;100.46;100.38;100.38;677
USDRUBF;5;20241206;134500;100.38;100.4;100.36;100.37;2288
USDRUBF;5;20241206;135000;100.36;100.4;100.21;100.4;1513
USDRUBF;5;20241206;135500;100.41;100.43;100.31;100.43;497
USDRUBF;5;20241206;140500;100.42;100.44;100.35;100.35;692
USDRUBF;5;20241206;141000;100.34;100.34;100.16;100.22;1017
USDRUBF;5;20241206;141500;100.2;100.2;100.03;100.06;1392
USDRUBF;5;20241206;142000;100.07;100.15;99.93;99.93;1478
USDRUBF;5;20241206;142500;99.93;100.05;99.88;100.01;1136
USDRUBF;5;20241206;143000;99.99;100.05;99.93;99.96;807
USDRUBF;5;20241206;143500;99.94;99.94;99.75;99.92;1183
USDRUBF;5;20241206;144000;99.92;100.08;99.67;100;1827
USDRUBF;5;20241206;144500;99.98;100.03;99.85;99.89;1390
USDRUBF;5;20241206;145000;99.93;100.03;99.88;99.99;909
USDRUBF;5;20241206;145500;99.98;100.06;99.95;99.99;1376
USDRUBF;5;20241206;150000;99.99;100.08;99.82;100.05;975
USDRUBF;5;20241206;150500;100.05;100.05;99.89;99.89;201
USDRUBF;5;20241206;151000;99.89;100.05;99.85;100.04;1400
USDRUBF;5;20241206;151500;100.06;100.09;100.01;100.03;644
USDRUBF;5;20241206;152000;100.07;100.13;100;100.06;566
USDRUBF;5;20241206;152500;100.03;100.07;99.99;100.01;262
USDRUBF;5;20241206;153000;100.03;100.03;99.91;99.95;621
USDRUBF;5;20241206;153500;99.93;100.1;99.82;99.88;601
USDRUBF;5;20241206;154000;99.88;99.92;99.77;99.8;401
USDRUBF;5;20241206;154500;99.78;99.96;99.67;99.87;767
USDRUBF;5;20241206;155000;99.85;99.85;99.64;99.7;346
USDRUBF;5;20241206;155500;99.69;99.86;99.69;99.85;147
USDRUBF;5;20241206;160000;99.86;99.86;99.61;99.62;696
USDRUBF;5;20241206;160500;99.62;99.68;99.57;99.57;2068
USDRUBF;5;20241206;161000;99.59;99.78;99.48;99.73;2853
USDRUBF;5;20241206;161500;99.75;99.88;99.73;99.8;684
USDRUBF;5;20241206;162000;99.78;99.79;99.48;99.51;3095
USDRUBF;5;20241206;162500;99.48;99.59;99.45;99.58;991
USDRUBF;5;20241206;163000;99.55;99.58;99.45;99.49;3646
USDRUBF;5;20241206;163500;99.49;99.63;99.47;99.47;556
USDRUBF;5;20241206;164000;99.49;99.53;99.3;99.36;920
USDRUBF;5;20241206;164500;99.35;99.51;99.33;99.5;706
USDRUBF;5;20241206;165000;99.49;99.52;99.32;99.43;1550
USDRUBF;5;20241206;165500;99.45;99.47;99.31;99.39;1094
USDRUBF;5;20241206;170000;99.37;99.37;98.95;99.02;4800
USDRUBF;5;20241206;170500;99.05;99.76;99.03;99.76;2023
USDRUBF;5;20241206;171000;99.77;100.29;99.64;100.25;4165
USDRUBF;5;20241206;171500;100.24;100.45;100.03;100.22;2389
USDRUBF;5;20241206;172000;100.21;100.21;99.83;100.08;2707
USDRUBF;5;20241206;172500;100.11;100.14;100.03;100.03;666
USDRUBF;5;20241206;173000;100.06;100.12;99.9;99.97;1141
USDRUBF;5;20241206;173500;99.96;100.05;99.65;99.75;1337
USDRUBF;5;20241206;174000;99.73;99.77;99.56;99.63;1586
USDRUBF;5;20241206;174500;99.59;99.63;99.32;99.49;2002
USDRUBF;5;20241206;175000;99.5;99.8;99.48;99.76;962
USDRUBF;5;20241206;175500;99.76;100.06;99.72;100;1971
USDRUBF;5;20241206;180000;100;100.4;99.98;100.23;2386
USDRUBF;5;20241206;180500;100.24;100.35;100.05;100.25;1205
USDRUBF;5;20241206;181000;100.26;100.26;99.92;99.94;1211
USDRUBF;5;20241206;181500;99.91;100.12;99.83;100.03;628
USDRUBF;5;20241206;182000;100.04;100.04;99.78;99.78;689
USDRUBF;5;20241206;182500;99.8;99.89;99.64;99.65;530
USDRUBF;5;20241206;183000;99.66;99.81;99.56;99.77;816
USDRUBF;5;20241206;183500;99.72;99.8;99.63;99.76;397
USDRUBF;5;20241206;184000;99.74;99.75;99.35;99.47;797
USDRUBF;5;20241206;184500;99.44;99.5;99.37;99.47;301
USDRUBF;5;20241206;190500;99.49;100;99.32;99.57;1091
USDRUBF;5;20241206;191000;99.59;99.59;99.21;99.24;735
USDRUBF;5;20241206;191500;99.24;99.3;99.19;99.28;573
USDRUBF;5;20241206;192000;99.29;99.37;99.23;99.26;170
USDRUBF;5;20241206;192500;99.26;99.3;99.24;99.24;135
USDRUBF;5;20241206;193000;99.25;99.25;99.19;99.2;788
USDRUBF;5;20241206;193500;99.21;99.24;99.18;99.22;316
USDRUBF;5;20241206;194000;99.22;99.35;99.22;99.26;137
USDRUBF;5;20241206;194500;99.25;99.27;99.18;99.21;206
USDRUBF;5;20241206;195000;99.19;99.21;99.14;99.17;185
USDRUBF;5;20241206;195500;99.17;99.18;99.15;99.17;85
USDRUBF;5;20241206;200000;99.16;99.2;99.15;99.17;198
USDRUBF;5;20241206;200500;99.15;99.18;99.02;99.12;450
USDRUBF;5;20241206;201000;99.11;99.13;99.08;99.08;83
USDRUBF;5;20241206;201500;99.08;99.15;99.04;99.14;193
USDRUBF;5;20241206;202000;99.14;99.3;99.11;99.3;344
USDRUBF;5;20241206;202500;99.3;99.33;99.27;99.32;79
USDRUBF;5;20241206;203000;99.32;99.39;99.29;99.39;265
USDRUBF;5;20241206;203500;99.38;99.44;99.38;99.4;152
USDRUBF;5;20241206;204000;99.4;99.44;99.28;99.28;137
USDRUBF;5;20241206;204500;99.28;99.32;99.21;99.25;127
USDRUBF;5;20241206;205000;99.25;99.33;99.24;99.27;86
USDRUBF;5;20241206;205500;99.29;99.31;99.28;99.31;97
USDRUBF;5;20241206;210000;99.3;99.31;99.28;99.28;86
USDRUBF;5;20241206;210500;99.28;99.36;99.27;99.34;161
USDRUBF;5;20241206;211000;99.34;99.35;99.33;99.35;11
USDRUBF;5;20241206;211500;99.36;99.38;99.36;99.38;8
USDRUBF;5;20241206;212000;99.38;99.44;99.38;99.43;127
USDRUBF;5;20241206;212500;99.4;99.42;99.28;99.31;113
USDRUBF;5;20241206;213000;99.31;99.31;99.28;99.31;6
USDRUBF;5;20241206;213500;99.3;99.36;99.3;99.36;11
USDRUBF;5;20241206;214000;99.34;99.34;99.33;99.33;4
USDRUBF;5;20241206;214500;99.35;99.36;99.35;99.35;46
USDRUBF;5;20241206;215000;99.36;99.41;99.35;99.4;41
USDRUBF;5;20241206;215500;99.44;99.46;99.42;99.46;52
USDRUBF;5;20241206;220000;99.45;99.46;99.45;99.46;18
USDRUBF;5;20241206;220500;99.46;99.55;99.46;99.54;265
USDRUBF;5;20241206;221000;99.54;99.59;99.53;99.57;78
USDRUBF;5;20241206;221500;99.59;99.63;99.49;99.49;101
USDRUBF;5;20241206;222000;99.5;99.5;99.5;99.5;6
USDRUBF;5;20241206;222500;99.51;99.57;99.51;99.57;87
USDRUBF;5;20241206;223000;99.57;99.59;99.56;99.57;74
USDRUBF;5;20241206;223500;99.56;99.58;99.51;99.51;178
USDRUBF;5;20241206;224000;99.5;99.51;99.5;99.51;2
USDRUBF;5;20241206;224500;99.51;99.51;99.44;99.44;40
USDRUBF;5;20241206;225000;99.45;99.45;99.41;99.45;20
USDRUBF;5;20241206;225500;99.43;99.43;99.43;99.43;10
USDRUBF;5;20241206;230000;99.44;99.44;99.42;99.42;5
USDRUBF;5;20241206;230500;99.42;99.43;99.42;99.43;17
USDRUBF;5;20241206;231000;99.42;99.46;99.42;99.44;52
USDRUBF;5;20241206;231500;99.46;99.46;99.37;99.37;32
USDRUBF;5;20241206;232000;99.37;99.37;99.35;99.35;35
USDRUBF;5;20241206;232500;99.35;99.35;99.35;99.35;21
USDRUBF;5;20241206;233000;99.38;99.39;99.38;99.39;19
USDRUBF;5;20241206;233500;99.38;99.45;99.38;99.45;29
USDRUBF;5;20241206;234000;99.44;99.45;99.35;99.39;95
USDRUBF;5;20241206;234500;99.39;99.5;99.36;99.36;49
USDRUBF;5;20241209;100000;99.37;99.9;99.04;99.71;2311
USDRUBF;5;20241209;100500;99.76;100.26;99.74;100.04;1926
USDRUBF;5;20241209;101000;100.08;100.13;99.82;100.03;1084
USDRUBF;5;20241209;101500;100.05;100.43;100.05;100.42;2051
USDRUBF;5;20241209;102000;100.42;100.47;100.21;100.32;1371
USDRUBF;5;20241209;102500;100.31;100.33;100;100.16;1551
USDRUBF;5;20241209;103000;100.18;100.33;99.97;99.97;1616
USDRUBF;5;20241209;103500;100;100.31;100;100.31;980
USDRUBF;5;20241209;104000;100.31;100.58;100.23;100.53;2033
USDRUBF;5;20241209;104500;100.54;100.56;100.36;100.37;1129
USDRUBF;5;20241209;105000;100.4;100.43;100.2;100.34;1213
USDRUBF;5;20241209;105500;100.37;100.46;100.32;100.44;391
USDRUBF;5;20241209;110000;100.46;100.49;100.2;100.22;881
USDRUBF;5;20241209;110500;100.27;100.29;100.12;100.2;962
USDRUBF;5;20241209;111000;100.19;100.24;100.05;100.05;635
USDRUBF;5;20241209;111500;100.05;100.11;99.92;99.92;868
USDRUBF;5;20241209;112000;99.92;100.11;99.85;99.88;1252
USDRUBF;5;20241209;112500;99.87;100.04;99.82;100.03;781
USDRUBF;5;20241209;113000;100.04;100.14;99.95;99.99;359
USDRUBF;5;20241209;113500;99.99;100.15;99.97;100.13;324
USDRUBF;5;20241209;114000;100.18;100.21;100.06;100.21;518
USDRUBF;5;20241209;114500;100.24;100.3;100.22;100.24;196
USDRUBF;5;20241209;115000;100.25;100.26;100.11;100.17;623
USDRUBF;5;20241209;115500;100.16;100.18;100.02;100.04;665
USDRUBF;5;20241209;120000;100.05;100.21;100.05;100.19;294
USDRUBF;5;20241209;120500;100.2;100.26;100.13;100.26;596
USDRUBF;5;20241209;121000;100.26;100.35;100.24;100.3;351
USDRUBF;5;20241209;121500;100.36;100.51;100.36;100.45;1042
USDRUBF;5;20241209;122000;100.49;100.59;100.49;100.56;1291
USDRUBF;5;20241209;122500;100.56;100.57;100.33;100.37;489
USDRUBF;5;20241209;123000;100.36;100.47;100.29;100.35;307
USDRUBF;5;20241209;123500;100.36;100.36;100.21;100.28;1298
USDRUBF;5;20241209;124000;100.26;100.33;100.23;100.3;512
USDRUBF;5;20241209;124500;100.31;100.34;100.28;100.28;305
USDRUBF;5;20241209;125000;100.29;100.34;100.23;100.33;773
USDRUBF;5;20241209;125500;100.31;100.38;100.31;100.38;265
USDRUBF;5;20241209;130000;100.38;100.41;100.3;100.35;150
USDRUBF;5;20241209;130500;100.4;100.45;100.37;100.42;274
USDRUBF;5;20241209;131000;100.44;100.45;100.33;100.33;287
USDRUBF;5;20241209;131500;100.33;100.37;100.29;100.29;282
USDRUBF;5;20241209;132000;100.31;100.32;100.27;100.3;147
USDRUBF;5;20241209;132500;100.3;100.31;100.27;100.27;133
USDRUBF;5;20241209;133000;100.28;100.41;100.28;100.39;608
USDRUBF;5;20241209;133500;100.39;100.46;100.3;100.31;486
USDRUBF;5;20241209;134000;100.3;100.34;100.26;100.3;614
USDRUBF;5;20241209;134500;100.31;100.59;100.31;100.5;817
USDRUBF;5;20241209;135000;100.54;100.61;100.41;100.41;583
USDRUBF;5;20241209;135500;100.43;100.44;100.37;100.42;299
USDRUBF;5;20241209;140500;100.39;100.48;100.35;100.35;364
USDRUBF;5;20241209;141000;100.34;100.34;100.18;100.21;396
USDRUBF;5;20241209;141500;100.21;100.36;100.19;100.3;420
USDRUBF;5;20241209;142000;100.32;100.36;100.26;100.36;446
USDRUBF;5;20241209;142500;100.34;100.35;100.27;100.28;115
USDRUBF;5;20241209;143000;100.28;100.32;100.26;100.29;179
USDRUBF;5;20241209;143500;100.29;100.32;100.25;100.32;391
USDRUBF;5;20241209;144000;100.32;100.33;100.25;100.26;436
USDRUBF;5;20241209;144500;100.28;100.29;100.26;100.26;70
USDRUBF;5;20241209;145000;100.27;100.3;100.26;100.28;314
USDRUBF;5;20241209;145500;100.31;100.34;100.31;100.32;234
USDRUBF;5;20241209;150000;100.35;100.56;100.35;100.52;1506
USDRUBF;5;20241209;150500;100.58;100.68;100.53;100.68;1918
USDRUBF;5;20241209;151000;100.66;100.77;100.65;100.66;2290
USDRUBF;5;20241209;151500;100.67;100.86;100.67;100.84;1587
USDRUBF;5;20241209;152000;100.84;100.84;100.66;100.68;984
USDRUBF;5;20241209;152500;100.69;100.84;100.67;100.73;1121
USDRUBF;5;20241209;153000;100.75;100.87;100.75;100.87;385
USDRUBF;5;20241209;153500;100.85;100.99;100.8;100.99;1415
USDRUBF;5;20241209;154000;100.98;101.19;100.98;101.17;2697
USDRUBF;5;20241209;154500;101.16;101.22;101.12;101.12;1253
USDRUBF;5;20241209;155000;101.12;101.29;101.07;101.28;1827
USDRUBF;5;20241209;155500;101.29;101.29;101.17;101.19;1074
USDRUBF;5;20241209;160000;101.19;101.38;101.19;101.31;2135
USDRUBF;5;20241209;160500;101.31;101.47;101.25;101.27;2166
USDRUBF;5;20241209;161000;101.28;101.4;101.25;101.38;1183
USDRUBF;5;20241209;161500;101.36;101.72;101.36;101.65;2933
USDRUBF;5;20241209;162000;101.65;101.77;101.48;101.49;1172
USDRUBF;5;20241209;162500;101.5;101.58;101.32;101.32;784
USDRUBF;5;20241209;163000;101.32;101.58;101.12;101.57;1854
USDRUBF;5;20241209;163500;101.59;101.63;101.51;101.61;360
USDRUBF;5;20241209;164000;101.6;101.65;101.4;101.44;511
USDRUBF;5;20241209;164500;101.45;101.62;101.36;101.55;831
USDRUBF;5;20241209;165000;101.58;101.61;101.53;101.59;191
USDRUBF;5;20241209;165500;101.59;101.76;101.57;101.75;381
USDRUBF;5;20241209;170000;101.75;101.81;101.72;101.75;575
USDRUBF;5;20241209;170500;101.76;101.94;101.76;101.94;751
USDRUBF;5;20241209;171000;101.94;102.16;101.87;101.87;1559
USDRUBF;5;20241209;171500;101.87;102.01;101.86;101.9;748
USDRUBF;5;20241209;172000;101.92;101.94;101.71;101.79;1093
USDRUBF;5;20241209;172500;101.77;101.78;101.59;101.74;894
USDRUBF;5;20241209;173000;101.74;101.77;101.6;101.64;405
USDRUBF;5;20241209;173500;101.67;101.87;101.67;101.82;1030
USDRUBF;5;20241209;174000;101.84;101.84;101.58;101.6;910
USDRUBF;5;20241209;174500;101.62;101.64;101.49;101.52;1101
USDRUBF;5;20241209;175000;101.49;101.52;101.3;101.38;1134
USDRUBF;5;20241209;175500;101.37;101.41;101.26;101.31;828
USDRUBF;5;20241209;180000;101.32;101.53;101.29;101.49;1081
USDRUBF;5;20241209;180500;101.5;101.64;101.46;101.62;1186
USDRUBF;5;20241209;181000;101.64;101.69;101.58;101.67;815
USDRUBF;5;20241209;181500;101.68;101.7;101.64;101.67;386
USDRUBF;5;20241209;182000;101.67;101.69;101.64;101.69;775
USDRUBF;5;20241209;182500;101.67;101.82;101.66;101.76;669
USDRUBF;5;20241209;183000;101.77;101.8;101.7;101.8;472
USDRUBF;5;20241209;183500;101.78;101.85;101.77;101.82;641
USDRUBF;5;20241209;184000;101.83;101.96;101.82;101.85;838
USDRUBF;5;20241209;184500;101.9;101.9;101.77;101.77;884
USDRUBF;5;20241209;190500;101.84;102.12;101.76;101.89;1082
USDRUBF;5;20241209;191000;101.92;102.11;101.83;102.09;607
USDRUBF;5;20241209;191500;102.07;102.08;102;102.05;508
USDRUBF;5;20241209;192000;102.1;102.21;102.1;102.16;482
USDRUBF;5;20241209;192500;102.2;102.33;102.19;102.2;538
USDRUBF;5;20241209;193000;102.2;102.26;102.1;102.21;268
USDRUBF;5;20241209;193500;102.22;102.36;102.21;102.31;486
USDRUBF;5;20241209;194000;102.3;102.32;102.24;102.24;151
USDRUBF;5;20241209;194500;102.22;102.22;102;102.1;1219
USDRUBF;5;20241209;195000;102.1;102.18;102;102.03;489
USDRUBF;5;20241209;195500;102.05;102.18;102.04;102.07;212
USDRUBF;5;20241209;200000;102.07;102.09;102.05;102.09;185
USDRUBF;5;20241209;200500;102.07;102.09;102;102;205
USDRUBF;5;20241209;201000;101.99;102;101.93;101.94;150
USDRUBF;5;20241209;201500;101.94;102;101.94;101.98;316
USDRUBF;5;20241209;202000;101.98;102.02;101.98;101.99;104
USDRUBF;5;20241209;202500;102.01;102.05;102;102.05;93
USDRUBF;5;20241209;203000;102.05;102.09;102.05;102.06;101
USDRUBF;5;20241209;203500;102.06;102.08;102.06;102.06;67
USDRUBF;5;20241209;204000;102.06;102.07;102.01;102.01;102
USDRUBF;5;20241209;204500;102.01;102.03;102;102.01;154
USDRUBF;5;20241209;205000;102.02;102.06;102.01;102.06;93
USDRUBF;5;20241209;205500;102.05;102.17;102.04;102.12;293
USDRUBF;5;20241209;210000;102.13;102.13;102.1;102.1;158
USDRUBF;5;20241209;210500;102.09;102.09;102.03;102.07;44
USDRUBF;5;20241209;211000;102.06;102.11;102.05;102.11;88
USDRUBF;5;20241209;211500;102.1;102.13;102.1;102.12;123
USDRUBF;5;20241209;212000;102.12;102.14;102.11;102.11;56
USDRUBF;5;20241209;212500;102.12;102.22;102.1;102.21;186
USDRUBF;5;20241209;213000;102.2;102.22;102.12;102.15;101
USDRUBF;5;20241209;213500;102.12;102.15;102.1;102.1;60
USDRUBF;5;20241209;214000;102.1;102.1;102.04;102.06;146
USDRUBF;5;20241209;214500;102.07;102.08;101.98;101.98;261
USDRUBF;5;20241209;215000;102;102.05;101.94;102.05;286
USDRUBF;5;20241209;215500;102.01;102.03;101.94;101.96;55
USDRUBF;5;20241209;220000;101.95;102.01;101.95;102;109
USDRUBF;5;20241209;220500;102.03;102.03;101.99;102.01;41
USDRUBF;5;20241209;221000;102.01;102.03;102.01;102.01;50
USDRUBF;5;20241209;221500;102.02;102.02;101.98;101.98;78
USDRUBF;5;20241209;222000;101.97;102.02;101.97;102.02;245
USDRUBF;5;20241209;222500;102.03;102.04;102;102;77
USDRUBF;5;20241209;223000;101.98;101.98;101.95;101.96;27
USDRUBF;5;20241209;223500;101.97;101.97;101.95;101.95;15
USDRUBF;5;20241209;224000;101.97;101.97;101.94;101.94;29
USDRUBF;5;20241209;224500;101.95;101.95;101.9;101.9;122
USDRUBF;5;20241209;225000;101.92;101.95;101.91;101.95;45
USDRUBF;5;20241209;225500;101.96;101.98;101.96;101.97;39
USDRUBF;5;20241209;230000;101.98;101.99;101.97;101.99;27
USDRUBF;5;20241209;230500;102;102.11;102;102.11;74
USDRUBF;5;20241209;231000;102.1;102.11;102.07;102.07;62
USDRUBF;5;20241209;231500;102.1;102.1;102.07;102.07;23
USDRUBF;5;20241209;232000;102.06;102.06;102.04;102.04;20
USDRUBF;5;20241209;232500;102.03;102.06;102.03;102.06;15
USDRUBF;5;20241209;233000;102.03;102.06;102.01;102.01;29
USDRUBF;5;20241209;233500;102.02;102.04;102.01;102.04;20
USDRUBF;5;20241209;234000;102.04;102.04;101.9;101.9;197
USDRUBF;5;20241209;234500;101.9;101.9;101.89;101.89;132
USDRUBF;5;20241210;100000;101.89;102.18;101.62;101.8;2524
USDRUBF;5;20241210;100500;101.79;102.04;101.77;101.8;866
USDRUBF;5;20241210;101000;101.81;101.9;101.55;101.81;738
USDRUBF;5;20241210;101500;101.79;101.87;101.59;101.59;413
USDRUBF;5;20241210;102000;101.6;101.64;101.19;101.19;1333
USDRUBF;5;20241210;102500;101.21;101.49;101.16;101.34;1153
USDRUBF;5;20241210;103000;101.31;101.37;101.03;101.25;2079
USDRUBF;5;20241210;103500;101.3;101.33;100.93;100.94;1028
USDRUBF;5;20241210;104000;100.94;101.06;100.79;100.86;1016
USDRUBF;5;20241210;104500;100.85;100.93;100.75;100.76;1436
USDRUBF;5;20241210;105000;100.74;100.9;100.64;100.85;823
USDRUBF;5;20241210;105500;100.84;100.84;100.62;100.67;968
USDRUBF;5;20241210;110000;100.66;100.76;100.42;100.74;2890
USDRUBF;5;20241210;110500;100.72;100.9;100.71;100.77;1571
USDRUBF;5;20241210;111000;100.78;100.78;100.49;100.53;1031
USDRUBF;5;20241210;111500;100.54;100.66;100.47;100.5;977
USDRUBF;5;20241210;112000;100.48;100.77;100.43;100.54;1164
USDRUBF;5;20241210;112500;100.55;100.72;100.52;100.69;832
USDRUBF;5;20241210;113000;100.69;100.69;100.53;100.61;355
USDRUBF;5;20241210;113500;100.58;100.67;100.43;100.6;1091
USDRUBF;5;20241210;114000;100.57;100.61;100.25;100.31;848
USDRUBF;5;20241210;114500;100.3;100.4;100.21;100.4;1925
USDRUBF;5;20241210;115000;100.42;100.46;100.35;100.39;867
USDRUBF;5;20241210;115500;100.39;100.53;100.36;100.39;1138
USDRUBF;5;20241210;120000;100.38;100.53;100.33;100.39;1964
USDRUBF;5;20241210;120500;100.42;100.47;100.33;100.36;595
USDRUBF;5;20241210;121000;100.36;100.51;100.36;100.49;861
USDRUBF;5;20241210;121500;100.46;100.5;100.37;100.43;1468
USDRUBF;5;20241210;122000;100.45;100.51;100.39;100.41;393
USDRUBF;5;20241210;122500;100.44;100.85;100.38;100.69;1383
USDRUBF;5;20241210;123000;100.68;100.99;100.64;100.93;1186
USDRUBF;5;20241210;123500;100.94;101.13;100.87;101.1;1254
USDRUBF;5;20241210;124000;101.1;101.17;100.86;100.88;1141
USDRUBF;5;20241210;124500;100.89;100.95;100.82;100.86;580
USDRUBF;5;20241210;125000;100.88;100.88;100.62;100.7;693
USDRUBF;5;20241210;125500;100.68;100.78;100.68;100.75;214
USDRUBF;5;20241210;130000;100.77;101.02;100.74;100.9;948
USDRUBF;5;20241210;130500;100.93;101.12;100.93;101.03;360
USDRUBF;5;20241210;131000;101.06;101.06;100.91;100.91;554
USDRUBF;5;20241210;131500;100.94;101.04;100.93;101.04;603
USDRUBF;5;20241210;132000;101.05;101.06;100.99;101.01;354
USDRUBF;5;20241210;132500;100.98;100.99;100.85;100.95;343
USDRUBF;5;20241210;133000;100.95;101.02;100.91;100.94;260
USDRUBF;5;20241210;133500;100.94;101.06;100.94;100.96;297
USDRUBF;5;20241210;134000;100.97;100.98;100.87;100.88;188
USDRUBF;5;20241210;134500;100.86;100.87;100.73;100.73;540
USDRUBF;5;20241210;135000;100.73;100.77;100.69;100.74;49
USDRUBF;5;20241210;135500;100.76;100.77;100.71;100.72;91
USDRUBF;5;20241210;140500;100.68;100.85;100.68;100.81;597
USDRUBF;5;20241210;141000;100.8;100.92;100.8;100.87;199
USDRUBF;5;20241210;141500;100.9;101.1;100.87;101.08;519
USDRUBF;5;20241210;142000;101.05;101.31;101.02;101.2;693
USDRUBF;5;20241210;142500;101.22;101.22;100.77;100.96;790
USDRUBF;5;20241210;143000;100.98;101.1;100.92;101.05;362
USDRUBF;5;20241210;143500;101.09;101.17;100.92;101.02;993
USDRUBF;5;20241210;144000;101.01;101.05;100.86;101.05;434
USDRUBF;5;20241210;144500;101.02;101.12;100.95;100.95;473
USDRUBF;5;20241210;145000;100.98;101.01;100.96;100.98;260
USDRUBF;5;20241210;145500;100.98;101.08;100.87;100.91;1013
USDRUBF;5;20241210;150000;100.92;101.01;100.69;100.71;915
USDRUBF;5;20241210;150500;100.73;100.77;100.69;100.77;380
USDRUBF;5;20241210;151000;100.75;100.82;100.67;100.77;873
USDRUBF;5;20241210;151500;100.73;100.76;100.6;100.67;818
USDRUBF;5;20241210;152000;100.69;100.74;100.56;100.67;728
USDRUBF;5;20241210;152500;100.63;100.94;100.62;100.7;1114
USDRUBF;5;20241210;153000;100.73;100.79;100.69;100.79;350
USDRUBF;5;20241210;153500;100.8;100.89;100.76;100.87;381
USDRUBF;5;20241210;154000;100.86;100.92;100.75;100.84;607
USDRUBF;5;20241210;154500;100.86;100.96;100.8;100.8;346
USDRUBF;5;20241210;155000;100.77;100.88;100.61;100.8;308
USDRUBF;5;20241210;155500;100.8;100.94;100.79;100.92;205
USDRUBF;5;20241210;160000;100.89;101.06;100.87;101.06;302
USDRUBF;5;20241210;160500;101.07;101.21;101.04;101.17;579
USDRUBF;5;20241210;161000;101.16;101.17;101.09;101.13;239
USDRUBF;5;20241210;161500;101.12;101.18;101.08;101.11;207
USDRUBF;5;20241210;162000;101.11;101.12;101.07;101.11;121
USDRUBF;5;20241210;162500;101.12;101.23;101.04;101.04;618
USDRUBF;5;20241210;163000;101.04;101.23;101.04;101.23;357
USDRUBF;5;20241210;163500;101.23;101.36;101.11;101.12;1211
USDRUBF;5;20241210;164000;101.14;101.2;101.04;101.07;1473
USDRUBF;5;20241210;164500;101.05;101.1;101.03;101.06;1159
USDRUBF;5;20241210;165000;101.06;101.08;101.01;101.05;1228
USDRUBF;5;20241210;165500;101.06;101.11;101.04;101.1;146
USDRUBF;5;20241210;170000;101.06;101.15;101.01;101.03;283
USDRUBF;5;20241210;170500;101.04;101.11;101.03;101.1;75
USDRUBF;5;20241210;171000;101.1;101.17;101.03;101.1;961
USDRUBF;5;20241210;171500;101.09;101.14;101.08;101.13;361
USDRUBF;5;20241210;172000;101.12;101.16;101.03;101.04;623
USDRUBF;5;20241210;172500;101.04;101.13;101.04;101.08;428
USDRUBF;5;20241210;173000;101.08;101.24;101.08;101.17;484
USDRUBF;5;20241210;173500;101.19;101.37;101.19;101.27;475
USDRUBF;5;20241210;174000;101.27;101.31;101.15;101.17;384
USDRUBF;5;20241210;174500;101.17;101.25;101.14;101.21;178
USDRUBF;5;20241210;175000;101.22;101.33;101.07;101.32;1489
USDRUBF;5;20241210;175500;101.31;101.36;101.29;101.33;221
USDRUBF;5;20241210;180000;101.32;101.47;101.32;101.44;515
USDRUBF;5;20241210;180500;101.47;101.71;101.44;101.54;1608
USDRUBF;5;20241210;181000;101.53;101.61;101.51;101.51;469
USDRUBF;5;20241210;181500;101.53;101.64;101.52;101.6;1340
USDRUBF;5;20241210;182000;101.57;101.59;101.46;101.46;769
USDRUBF;5;20241210;182500;101.47;101.5;101.46;101.47;355
USDRUBF;5;20241210;183000;101.48;101.5;101.42;101.45;830
USDRUBF;5;20241210;183500;101.42;101.43;101.4;101.41;151
USDRUBF;5;20241210;184000;101.41;101.41;101.36;101.37;385
USDRUBF;5;20241210;184500;101.37;101.42;101.35;101.36;445
USDRUBF;5;20241210;190500;101.37;101.64;101.35;101.6;516
USDRUBF;5;20241210;191000;101.62;101.68;101.62;101.64;178
USDRUBF;5;20241210;191500;101.61;101.66;101.55;101.66;114
USDRUBF;5;20241210;192000;101.67;101.68;101.54;101.55;301
USDRUBF;5;20241210;192500;101.54;101.56;101.52;101.52;84
USDRUBF;5;20241210;193000;101.53;101.53;101.45;101.48;129
USDRUBF;5;20241210;193500;101.46;101.55;101.46;101.55;46
USDRUBF;5;20241210;194000;101.53;101.53;101.53;101.53;1
USDRUBF;5;20241210;194500;101.52;101.52;101.38;101.42;674
USDRUBF;5;20241210;195000;101.41;101.41;101.37;101.38;70
USDRUBF;5;20241210;195500;101.38;101.39;101.35;101.38;106
USDRUBF;5;20241210;200000;101.35;101.37;101.29;101.29;382
USDRUBF;5;20241210;200500;101.3;101.31;101.23;101.26;238
USDRUBF;5;20241210;201000;101.23;101.25;101.15;101.22;486
USDRUBF;5;20241210;201500;101.21;101.23;101.17;101.22;174
USDRUBF;5;20241210;202000;101.22;101.23;101.12;101.18;396
USDRUBF;5;20241210;202500;101.2;101.2;101.13;101.13;92
USDRUBF;5;20241210;203000;101.15;101.26;101.13;101.24;525
USDRUBF;5;20241210;203500;101.25;101.29;101.23;101.27;65
USDRUBF;5;20241210;204000;101.27;101.39;101.26;101.36;116
USDRUBF;5;20241210;204500;101.35;101.35;101.3;101.3;66
USDRUBF;5;20241210;205000;101.3;101.35;101.26;101.35;37
USDRUBF;5;20241210;205500;101.35;101.41;101.35;101.38;49
USDRUBF;5;20241210;210000;101.4;101.47;101.36;101.36;81
USDRUBF;5;20241210;210500;101.34;101.42;101.31;101.31;33
USDRUBF;5;20241210;211000;101.33;101.45;101.31;101.42;21
USDRUBF;5;20241210;211500;101.44;101.44;101.28;101.36;82
USDRUBF;5;20241210;212000;101.32;101.34;101.31;101.31;10
USDRUBF;5;20241210;212500;101.31;101.31;101.3;101.3;5
USDRUBF;5;20241210;213000;101.3;101.33;101.3;101.31;38
USDRUBF;5;20241210;213500;101.36;101.36;101.35;101.35;2
USDRUBF;5;20241210;214000;101.35;101.36;101.3;101.3;56
USDRUBF;5;20241210;214500;101.3;101.3;101.16;101.23;351
USDRUBF;5;20241210;215000;101.2;101.21;101.18;101.18;42
USDRUBF;5;20241210;215500;101.16;101.16;101.15;101.16;16
USDRUBF;5;20241210;220000;101.19;101.26;101.19;101.26;229
USDRUBF;5;20241210;220500;101.26;101.26;101.23;101.25;18
USDRUBF;5;20241210;221000;101.24;101.27;101.23;101.23;111
USDRUBF;5;20241210;221500;101.26;101.28;101.24;101.28;22
USDRUBF;5;20241210;222000;101.28;101.39;101.28;101.39;67
USDRUBF;5;20241210;222500;101.37;101.37;101.35;101.36;14
USDRUBF;5;20241210;223000;101.38;101.4;101.38;101.4;16
USDRUBF;5;20241210;223500;101.4;101.44;101.4;101.44;52
USDRUBF;5;20241210;224000;101.44;101.44;101.42;101.42;25
USDRUBF;5;20241210;224500;101.42;101.5;101.41;101.41;417
USDRUBF;5;20241210;225000;101.41;101.45;101.41;101.44;68
USDRUBF;5;20241210;225500;101.46;101.49;101.45;101.49;71
USDRUBF;5;20241210;230000;101.45;101.48;101.45;101.48;77
USDRUBF;5;20241210;230500;101.47;101.49;101.47;101.49;31
USDRUBF;5;20241210;231000;101.49;101.49;101.48;101.48;7
USDRUBF;5;20241210;231500;101.48;101.55;101.48;101.54;178
USDRUBF;5;20241210;232000;101.55;101.57;101.53;101.57;210
USDRUBF;5;20241210;232500;101.54;101.54;101.52;101.52;25
USDRUBF;5;20241210;233000;101.54;101.54;101.54;101.54;51
USDRUBF;5;20241210;233500;101.53;101.57;101.53;101.57;495
USDRUBF;5;20241210;234000;101.53;101.55;101.39;101.42;290
USDRUBF;5;20241210;234500;101.43;101.46;101.41;101.43;125
USDRUBF;5;20241211;100000;101.4;101.55;101.25;101.52;1195
USDRUBF;5;20241211;100500;101.54;102.03;101.53;102.01;2843
USDRUBF;5;20241211;101000;102.04;102.23;101.89;101.94;1745
USDRUBF;5;20241211;101500;101.97;102.16;101.96;102.1;1417
USDRUBF;5;20241211;102000;102.13;102.54;102.13;102.37;2257
USDRUBF;5;20241211;102500;102.36;102.45;102.32;102.4;573
USDRUBF;5;20241211;103000;102.42;102.5;102.34;102.36;703
USDRUBF;5;20241211;103500;102.39;102.67;102.34;102.66;2256
USDRUBF;5;20241211;104000;102.66;102.87;102.65;102.86;1641
USDRUBF;5;20241211;104500;102.86;102.97;102.78;102.8;1462
USDRUBF;5;20241211;105000;102.81;102.81;102.62;102.66;727
USDRUBF;5;20241211;105500;102.7;102.9;102.7;102.89;1154
USDRUBF;5;20241211;110000;102.9;102.92;102.84;102.84;1183
USDRUBF;5;20241211;110500;102.85;102.92;102.69;102.71;560
USDRUBF;5;20241211;111000;102.72;102.87;102.72;102.86;749
USDRUBF;5;20241211;111500;102.84;102.98;102.84;102.95;943
USDRUBF;5;20241211;112000;102.94;102.94;102.73;102.76;754
USDRUBF;5;20241211;112500;102.77;102.82;102.48;102.64;1537
USDRUBF;5;20241211;113000;102.64;102.64;102.49;102.53;1274
USDRUBF;5;20241211;113500;102.54;102.67;102.52;102.64;438
USDRUBF;5;20241211;114000;102.66;102.77;102.6;102.77;522
USDRUBF;5;20241211;114500;102.78;102.78;102.63;102.64;682
USDRUBF;5;20241211;115000;102.66;102.85;102.65;102.85;579
USDRUBF;5;20241211;115500;102.85;102.85;102.77;102.8;158
USDRUBF;5;20241211;120000;102.8;102.91;102.79;102.82;491
USDRUBF;5;20241211;120500;102.83;102.87;102.79;102.84;192
USDRUBF;5;20241211;121000;102.85;102.87;102.83;102.85;104
USDRUBF;5;20241211;121500;102.85;102.98;102.83;102.98;637
USDRUBF;5;20241211;122000;102.98;103.07;102.95;103.03;1328
USDRUBF;5;20241211;122500;103.04;103.13;103.04;103.08;607
USDRUBF;5;20241211;123000;103.08;103.09;102.87;102.95;681
USDRUBF;5;20241211;123500;102.94;102.97;102.93;102.94;69
USDRUBF;5;20241211;124000;102.94;102.96;102.91;102.91;184
USDRUBF;5;20241211;124500;102.92;102.96;102.91;102.92;158
USDRUBF;5;20241211;125000;102.93;103;102.9;102.9;196
USDRUBF;5;20241211;125500;102.87;102.9;102.85;102.87;193
USDRUBF;5;20241211;130000;102.86;102.97;102.82;102.91;520
USDRUBF;5;20241211;130500;102.92;102.98;102.85;102.98;703
USDRUBF;5;20241211;131000;102.99;103.1;102.93;103.1;645
USDRUBF;5;20241211;131500;103.09;103.17;103.04;103.09;1120
USDRUBF;5;20241211;132000;103.11;103.21;103.11;103.21;251
USDRUBF;5;20241211;132500;103.19;103.3;103.16;103.26;236
USDRUBF;5;20241211;133000;103.28;103.43;103.24;103.38;1680
USDRUBF;5;20241211;133500;103.4;103.46;103.31;103.46;1460
USDRUBF;5;20241211;134000;103.45;103.45;103.32;103.34;1025
USDRUBF;5;20241211;134500;103.36;103.4;103.26;103.39;702
USDRUBF;5;20241211;135000;103.39;103.42;103.38;103.39;227
USDRUBF;5;20241211;135500;103.4;103.42;103.37;103.37;480
USDRUBF;5;20241211;140500;103.4;103.55;103.38;103.53;1054
USDRUBF;5;20241211;141000;103.53;103.64;103.53;103.55;1714
USDRUBF;5;20241211;141500;103.56;103.64;103.34;103.37;1419
USDRUBF;5;20241211;142000;103.37;103.47;103.27;103.31;868
USDRUBF;5;20241211;142500;103.31;103.6;103.31;103.52;684
USDRUBF;5;20241211;143000;103.53;103.65;103.48;103.49;822
USDRUBF;5;20241211;143500;103.48;103.52;103.34;103.44;677
USDRUBF;5;20241211;144000;103.42;103.46;103.3;103.37;385
USDRUBF;5;20241211;144500;103.38;103.49;103.37;103.43;103
USDRUBF;5;20241211;145000;103.44;103.49;103.38;103.44;214
USDRUBF;5;20241211;145500;103.45;103.48;103.4;103.47;459
USDRUBF;5;20241211;150000;103.48;103.63;103.44;103.52;693
USDRUBF;5;20241211;150500;103.52;103.8;103.52;103.8;1412
USDRUBF;5;20241211;151000;103.81;103.81;103.66;103.72;459
USDRUBF;5;20241211;151500;103.72;103.79;103.69;103.69;594
USDRUBF;5;20241211;152000;103.69;103.69;103.56;103.62;1030
USDRUBF;5;20241211;152500;103.62;103.89;103.61;103.87;832
USDRUBF;5;20241211;153000;103.88;104.21;103.86;104.07;1990
USDRUBF;5;20241211;153500;104.08;104.25;104.08;104.2;1051
USDRUBF;5;20241211;154000;104.2;104.35;104.19;104.34;1473
USDRUBF;5;20241211;154500;104.3;104.45;104.17;104.36;1714
USDRUBF;5;20241211;155000;104.37;104.57;104.31;104.55;1950
USDRUBF;5;20241211;155500;104.57;104.81;104.55;104.7;2475
USDRUBF;5;20241211;160000;104.71;104.85;104.4;104.43;2837
USDRUBF;5;20241211;160500;104.43;104.5;104.32;104.48;2173
USDRUBF;5;20241211;161000;104.48;104.58;104.34;104.41;2510
USDRUBF;5;20241211;161500;104.41;104.41;104.17;104.23;1339
USDRUBF;5;20241211;162000;104.22;104.26;103.97;104.07;2128
USDRUBF;5;20241211;162500;104.09;104.13;104.04;104.11;754
USDRUBF;5;20241211;163000;104.1;104.15;103.99;104.05;1244
USDRUBF;5;20241211;163500;104.04;104.22;104.04;104.15;2314
USDRUBF;5;20241211;164000;104.18;104.19;104.05;104.07;1004
USDRUBF;5;20241211;164500;104.07;104.18;104.02;104.05;306
USDRUBF;5;20241211;165000;104.07;104.2;104.07;104.13;868
USDRUBF;5;20241211;165500;104.16;104.3;104.16;104.21;2277
USDRUBF;5;20241211;170000;104.21;104.29;104.15;104.16;1057
USDRUBF;5;20241211;170500;104.16;104.18;103.97;103.97;1429
USDRUBF;5;20241211;171000;103.97;103.97;103.7;103.81;4024
USDRUBF;5;20241211;171500;103.84;103.91;103.77;103.89;600
USDRUBF;5;20241211;172000;103.89;103.9;103.78;103.78;215
USDRUBF;5;20241211;172500;103.8;103.86;103.78;103.85;206
USDRUBF;5;20241211;173000;103.85;103.85;103.57;103.64;1202
USDRUBF;5;20241211;173500;103.6;103.8;103.58;103.74;901
USDRUBF;5;20241211;174000;103.73;103.87;103.7;103.83;707
USDRUBF;5;20241211;174500;103.87;103.88;103.8;103.87;1115
USDRUBF;5;20241211;175000;103.89;104.11;103.87;104.05;1814
USDRUBF;5;20241211;175500;104.06;104.24;104.05;104.09;1478
USDRUBF;5;20241211;180000;104.11;104.2;104.1;104.16;723
USDRUBF;5;20241211;180500;104.16;104.19;104.08;104.13;1562
USDRUBF;5;20241211;181000;104.13;104.18;103.98;103.99;785
USDRUBF;5;20241211;181500;103.98;104.25;103.98;104.22;1312
USDRUBF;5;20241211;182000;104.22;104.28;104.22;104.24;915
USDRUBF;5;20241211;182500;104.24;104.32;104.21;104.22;955
USDRUBF;5;20241211;183000;104.26;104.32;104.26;104.3;573
USDRUBF;5;20241211;183500;104.3;104.32;104.18;104.18;673
USDRUBF;5;20241211;184000;104.19;104.2;104.02;104.03;594
USDRUBF;5;20241211;184500;104.04;104.13;104.04;104.12;581
USDRUBF;5;20241211;190500;104.09;104.3;103.2;103.81;2425
USDRUBF;5;20241211;191000;103.83;103.86;103.65;103.7;578
USDRUBF;5;20241211;191500;103.67;103.91;103.62;103.89;378
USDRUBF;5;20241211;192000;103.9;103.92;103.77;103.87;140
USDRUBF;5;20241211;192500;103.87;103.91;103.87;103.9;109
USDRUBF;5;20241211;193000;103.92;103.94;103.91;103.94;58
USDRUBF;5;20241211;193500;103.92;103.94;103.85;103.87;159
USDRUBF;5;20241211;194000;103.87;103.89;103.84;103.87;83
USDRUBF;5;20241211;194500;103.88;103.88;103.85;103.85;145
USDRUBF;5;20241211;195000;103.85;103.9;103.85;103.87;89
USDRUBF;5;20241211;195500;103.87;103.9;103.87;103.89;55
USDRUBF;5;20241211;200000;103.91;103.95;103.91;103.95;38
USDRUBF;5;20241211;200500;103.95;103.95;103.92;103.93;70
USDRUBF;5;20241211;201000;103.92;103.95;103.92;103.95;52
USDRUBF;5;20241211;201500;103.95;103.96;103.95;103.96;69
USDRUBF;5;20241211;202000;103.95;104;103.95;103.96;153
USDRUBF;5;20241211;202500;103.96;104.08;103.96;104;311
USDRUBF;5;20241211;203000;104.01;104.04;104.01;104.01;69
USDRUBF;5;20241211;203500;104.02;104.02;103.99;103.99;49
USDRUBF;5;20241211;204000;103.99;103.99;103.97;103.99;27
USDRUBF;5;20241211;204500;103.97;103.97;103.91;103.92;258
USDRUBF;5;20241211;205000;103.91;103.91;103.89;103.9;244
USDRUBF;5;20241211;205500;103.9;103.9;103.84;103.84;284
USDRUBF;5;20241211;210000;103.84;103.86;103.81;103.81;274
USDRUBF;5;20241211;210500;103.82;103.82;103.74;103.74;223
USDRUBF;5;20241211;211000;103.76;103.78;103.75;103.75;68
USDRUBF;5;20241211;211500;103.76;103.77;103.71;103.71;167
USDRUBF;5;20241211;212000;103.73;103.8;103.7;103.8;64
USDRUBF;5;20241211;212500;103.8;103.89;103.8;103.89;27
USDRUBF;5;20241211;213000;103.89;103.94;103.89;103.94;75
USDRUBF;5;20241211;213500;103.94;103.96;103.94;103.94;33
USDRUBF;5;20241211;214000;103.94;103.98;103.94;103.97;47
USDRUBF;5;20241211;214500;103.97;103.98;103.95;103.98;54
USDRUBF;5;20241211;215000;103.98;103.99;103.98;103.99;38
USDRUBF;5;20241211;215500;103.98;104;103.98;103.98;60
USDRUBF;5;20241211;220000;103.98;103.99;103.95;103.96;65
USDRUBF;5;20241211;220500;103.94;103.94;103.9;103.91;84
USDRUBF;5;20241211;221000;103.92;103.92;103.88;103.91;93
USDRUBF;5;20241211;221500;103.9;103.97;103.9;103.97;42
USDRUBF;5;20241211;222000;103.98;103.98;103.96;103.96;16
USDRUBF;5;20241211;222500;103.96;103.99;103.96;103.98;69
USDRUBF;5;20241211;223000;103.99;104.11;103.99;104.02;797
USDRUBF;5;20241211;223500;104.02;104.1;104.02;104.06;87
USDRUBF;5;20241211;224000;104.06;104.08;104.06;104.08;51
USDRUBF;5;20241211;224500;104.08;104.21;104.08;104.18;390
USDRUBF;5;20241211;225000;104.21;104.26;104.08;104.23;416
USDRUBF;5;20241211;225500;104.22;104.29;104.21;104.26;108
USDRUBF;5;20241211;230000;104.26;104.32;104.26;104.31;146
USDRUBF;5;20241211;230500;104.33;104.38;104.32;104.35;125
USDRUBF;5;20241211;231000;104.37;104.37;104.26;104.26;43
USDRUBF;5;20241211;231500;104.26;104.29;104.25;104.29;30
USDRUBF;5;20241211;232000;104.29;104.49;104.25;104.4;751
USDRUBF;5;20241211;232500;104.41;104.44;104.41;104.44;99
USDRUBF;5;20241211;233000;104.46;104.49;104.4;104.41;64
USDRUBF;5;20241211;233500;104.41;104.45;104.41;104.44;35
USDRUBF;5;20241211;234000;104.41;104.42;104.37;104.39;117
USDRUBF;5;20241211;234500;104.39;104.41;104.36;104.37;74
USDRUBF;5;20241212;100000;104.42;104.97;104.39;104.83;2229
USDRUBF;5;20241212;100500;104.79;104.87;104.71;104.83;1986
USDRUBF;5;20241212;101000;104.84;105.04;104.57;104.59;3713
USDRUBF;5;20241212;101500;104.61;104.78;104.56;104.72;1602
USDRUBF;5;20241212;102000;104.71;104.73;104.58;104.68;1210
USDRUBF;5;20241212;102500;104.68;104.76;104.62;104.72;675
USDRUBF;5;20241212;103000;104.72;104.72;104.46;104.53;1168
USDRUBF;5;20241212;103500;104.5;104.51;103.92;104.07;3092
USDRUBF;5;20241212;104000;104.08;104.19;103.9;104.03;1216
USDRUBF;5;20241212;104500;104.07;104.21;104.06;104.17;1264
USDRUBF;5;20241212;105000;104.16;104.2;104.04;104.04;1281
USDRUBF;5;20241212;105500;104.06;104.07;103.82;103.89;1794
USDRUBF;5;20241212;110000;103.88;103.97;103.77;103.94;864
USDRUBF;5;20241212;110500;103.89;103.89;103.71;103.72;691
USDRUBF;5;20241212;111000;103.78;103.89;103.61;103.85;1221
USDRUBF;5;20241212;111500;103.86;104.1;103.83;104.01;745
USDRUBF;5;20241212;112000;104.02;104.02;103.7;103.76;985
USDRUBF;5;20241212;112500;103.78;104.09;103.74;103.85;1142
USDRUBF;5;20241212;113000;103.83;103.83;103.68;103.68;449
USDRUBF;5;20241212;113500;103.68;103.87;103.63;103.67;447
USDRUBF;5;20241212;114000;103.66;103.76;103.61;103.61;490
USDRUBF;5;20241212;114500;103.62;103.63;103.58;103.61;540
USDRUBF;5;20241212;115000;103.61;103.7;103.5;103.59;3073
USDRUBF;5;20241212;115500;103.57;103.61;103.35;103.51;1654
USDRUBF;5;20241212;120000;103.48;103.48;102.92;103.14;3962
USDRUBF;5;20241212;120500;103.07;103.11;102.85;103;1076
USDRUBF;5;20241212;121000;103.01;103.36;103;103.36;1651
USDRUBF;5;20241212;121500;103.32;103.5;103.13;103.47;1190
USDRUBF;5;20241212;122000;103.45;103.59;103.35;103.37;1227
USDRUBF;5;20241212;122500;103.36;103.44;103.19;103.25;1251
USDRUBF;5;20241212;123000;103.25;103.33;103.21;103.25;388
USDRUBF;5;20241212;123500;103.26;103.33;103.15;103.15;1008
USDRUBF;5;20241212;124000;103.15;103.35;103.15;103.35;387
USDRUBF;5;20241212;124500;103.34;103.39;103.23;103.38;431
USDRUBF;5;20241212;125000;103.32;103.45;103.28;103.32;402
USDRUBF;5;20241212;125500;103.35;103.5;103.33;103.45;1555
USDRUBF;5;20241212;130000;103.45;103.48;103.4;103.47;395
USDRUBF;5;20241212;130500;103.47;103.59;103.4;103.48;918
USDRUBF;5;20241212;131000;103.47;103.52;103.36;103.39;506
USDRUBF;5;20241212;131500;103.37;103.43;103.35;103.4;258
USDRUBF;5;20241212;132000;103.41;103.46;103.36;103.38;748
USDRUBF;5;20241212;132500;103.37;103.4;103.24;103.32;662
USDRUBF;5;20241212;133000;103.31;103.51;103.27;103.31;417
USDRUBF;5;20241212;133500;103.32;103.37;103.29;103.37;167
USDRUBF;5;20241212;134000;103.38;103.5;103.33;103.5;206
USDRUBF;5;20241212;134500;103.49;103.52;103.33;103.33;218
USDRUBF;5;20241212;135000;103.33;103.34;103.3;103.31;81
USDRUBF;5;20241212;135500;103.31;103.32;103.24;103.3;375
USDRUBF;5;20241212;140500;103.36;103.36;103.19;103.19;453
USDRUBF;5;20241212;141000;103.19;103.3;103.16;103.18;436
USDRUBF;5;20241212;141500;103.2;103.36;103.2;103.29;346
USDRUBF;5;20241212;142000;103.29;103.33;103.27;103.33;190
USDRUBF;5;20241212;142500;103.35;103.57;103.35;103.52;603
USDRUBF;5;20241212;143000;103.56;103.57;103.46;103.46;252
USDRUBF;5;20241212;143500;103.46;103.52;103.46;103.51;686
USDRUBF;5;20241212;144000;103.51;103.8;103.49;103.69;2233
USDRUBF;5;20241212;144500;103.69;103.7;103.49;103.55;346
USDRUBF;5;20241212;145000;103.53;103.58;103.51;103.51;65
USDRUBF;5;20241212;145500;103.5;103.55;103.5;103.5;179
USDRUBF;5;20241212;150000;103.51;103.61;103.5;103.58;772
USDRUBF;5;20241212;150500;103.59;103.66;103.54;103.6;278
USDRUBF;5;20241212;151000;103.63;103.71;103.43;103.62;461
USDRUBF;5;20241212;151500;103.61;103.61;103.37;103.42;405
USDRUBF;5;20241212;152000;103.45;103.49;103.35;103.45;819
USDRUBF;5;20241212;152500;103.49;103.59;103.48;103.55;245
USDRUBF;5;20241212;153000;103.54;103.63;103.54;103.6;292
USDRUBF;5;20241212;153500;103.6;103.6;103.56;103.56;56
USDRUBF;5;20241212;154000;103.56;103.56;103.45;103.51;392
USDRUBF;5;20241212;154500;103.49;103.54;103.47;103.51;865
USDRUBF;5;20241212;155000;103.5;103.57;103.48;103.53;337
USDRUBF;5;20241212;155500;103.53;103.53;103.41;103.44;91
USDRUBF;5;20241212;160000;103.41;103.41;103.15;103.26;1683
USDRUBF;5;20241212;160500;103.21;103.23;103.08;103.17;363
USDRUBF;5;20241212;161000;103.17;103.22;102.93;102.99;735
USDRUBF;5;20241212;161500;103.03;103.15;102.76;103.1;1716
USDRUBF;5;20241212;162000;103.01;103.01;102.83;102.95;1247
USDRUBF;5;20241212;162500;102.99;103;102.89;102.99;618
USDRUBF;5;20241212;163000;103;103.01;102.91;103.01;1160
USDRUBF;5;20241212;163500;103.01;103.02;102.95;102.98;309
USDRUBF;5;20241212;164000;102.99;103;102.97;102.97;95
USDRUBF;5;20241212;164500;103;103.01;102.95;102.97;223
USDRUBF;5;20241212;165000;102.95;103.02;102.94;103.02;75
USDRUBF;5;20241212;165500;103.02;103.21;103;103.11;394
USDRUBF;5;20241212;170000;103.11;103.19;102.91;102.93;983
USDRUBF;5;20241212;170500;102.91;103.09;102.84;103.09;376
USDRUBF;5;20241212;171000;103.1;103.14;103.04;103.14;151
USDRUBF;5;20241212;171500;103.11;103.17;102.97;103.02;328
USDRUBF;5;20241212;172000;102.97;103.08;102.89;103.07;650
USDRUBF;5;20241212;172500;103.07;103.08;102.99;103.03;512
USDRUBF;5;20241212;173000;103.03;103.04;102.86;102.94;1842
USDRUBF;5;20241212;173500;102.93;102.96;102.91;102.95;187
USDRUBF;5;20241212;174000;102.93;102.94;102.8;102.8;711
USDRUBF;5;20241212;174500;102.81;102.81;102.54;102.59;2623
USDRUBF;5;20241212;175000;102.6;102.65;102.53;102.62;2173
USDRUBF;5;20241212;175500;102.6;102.77;102.6;102.73;1436
USDRUBF;5;20241212;180000;102.73;102.97;102.63;102.9;1797
USDRUBF;5;20241212;180500;102.91;102.98;102.69;102.91;955
USDRUBF;5;20241212;181000;102.91;103.01;102.85;102.95;764
USDRUBF;5;20241212;181500;102.97;103;102.83;102.97;1113
USDRUBF;5;20241212;182000;102.95;103.04;102.92;103.01;1206
USDRUBF;5;20241212;182500;103.02;103.05;103.01;103.05;1671
USDRUBF;5;20241212;183000;103.05;103.11;102.87;103.04;1076
USDRUBF;5;20241212;183500;103.03;103.13;103.03;103.09;277
USDRUBF;5;20241212;184000;103.11;103.23;103.11;103.14;359
USDRUBF;5;20241212;184500;103.14;103.2;103.14;103.2;226
USDRUBF;5;20241212;190500;103.3;103.39;103.03;103.05;606
USDRUBF;5;20241212;191000;103.05;103.2;103.05;103.12;299
USDRUBF;5;20241212;191500;103.13;103.14;103.04;103.07;168
USDRUBF;5;20241212;192000;103.06;103.06;102.86;102.86;205
USDRUBF;5;20241212;192500;102.88;103.07;102.88;103.02;91
USDRUBF;5;20241212;193000;103.03;103.09;103.03;103.05;46
USDRUBF;5;20241212;193500;103.08;103.1;103.05;103.07;69
USDRUBF;5;20241212;194000;103.07;103.08;103.03;103.03;39
USDRUBF;5;20241212;194500;103.02;103.05;103;103.01;58
USDRUBF;5;20241212;195000;103.01;103.09;102.99;103.09;178
USDRUBF;5;20241212;195500;103.12;103.14;103.09;103.14;179
USDRUBF;5;20241212;200000;103.14;103.16;103.12;103.15;136
USDRUBF;5;20241212;200500;103.15;103.15;103.09;103.09;71
USDRUBF;5;20241212;201000;103.1;103.14;103.1;103.14;60
USDRUBF;5;20241212;202000;103.14;103.17;103.13;103.13;54
USDRUBF;5;20241212;202500;103.13;103.15;103.13;103.15;7
USDRUBF;5;20241212;203000;103.13;103.18;103.13;103.16;38
USDRUBF;5;20241212;203500;103.15;103.15;103.15;103.15;1
USDRUBF;5;20241212;204500;103.17;103.19;103.16;103.19;29
USDRUBF;5;20241212;205000;103.16;103.25;103.16;103.25;511
USDRUBF;5;20241212;205500;103.23;103.25;103.23;103.24;418
USDRUBF;5;20241212;210000;103.25;103.39;103.24;103.31;640
USDRUBF;5;20241212;210500;103.31;103.31;103.22;103.23;90
USDRUBF;5;20241212;211000;103.3;103.36;103.3;103.34;23
USDRUBF;5;20241212;211500;103.34;103.35;103.29;103.33;86
USDRUBF;5;20241212;212000;103.32;103.4;103.32;103.32;220
USDRUBF;5;20241212;212500;103.31;103.35;103.29;103.34;10
USDRUBF;5;20241212;213000;103.34;103.38;103.34;103.38;16
USDRUBF;5;20241212;213500;103.38;103.38;103.3;103.3;62
USDRUBF;5;20241212;214000;103.32;103.32;103.18;103.22;477
USDRUBF;5;20241212;214500;103.22;103.24;103.2;103.23;136
USDRUBF;5;20241212;215000;103.24;103.33;103.24;103.3;153
USDRUBF;5;20241212;215500;103.32;103.32;103.22;103.25;70
USDRUBF;5;20241212;220000;103.22;103.43;103.22;103.39;187
USDRUBF;5;20241212;220500;103.39;103.42;103.39;103.4;47
USDRUBF;5;20241212;221000;103.43;103.46;103.43;103.46;70
USDRUBF;5;20241212;221500;103.46;103.52;103.45;103.46;231
USDRUBF;5;20241212;222000;103.46;103.46;103.44;103.45;43
USDRUBF;5;20241212;222500;103.45;103.48;103.33;103.46;405
USDRUBF;5;20241212;223000;103.45;103.5;103.45;103.5;39
USDRUBF;5;20241212;223500;103.5;103.52;103.48;103.48;53
USDRUBF;5;20241212;224000;103.48;103.49;103.45;103.45;292
USDRUBF;5;20241212;224500;103.44;103.48;103.42;103.42;25
USDRUBF;5;20241212;225000;103.44;103.44;103.4;103.41;20
USDRUBF;5;20241212;225500;103.4;103.4;103.37;103.37;88
USDRUBF;5;20241212;230000;103.37;103.39;103.35;103.35;50
USDRUBF;5;20241212;230500;103.39;103.4;103.39;103.4;23
USDRUBF;5;20241212;231000;103.4;103.41;103.4;103.41;19
USDRUBF;5;20241212;231500;103.43;103.43;103.43;103.43;19
USDRUBF;5;20241212;232000;103.44;103.44;103.43;103.43;10
USDRUBF;5;20241212;232500;103.44;103.44;103.43;103.44;48
USDRUBF;5;20241212;233000;103.44;103.45;103.44;103.45;67
USDRUBF;5;20241212;233500;103.45;103.45;103.44;103.44;31
USDRUBF;5;20241212;234000;103.44;103.45;103.43;103.43;44
USDRUBF;5;20241212;234500;103.45;103.46;103.45;103.46;30
USDRUBF;5;20241213;100000;103.47;103.6;103.38;103.6;1342
USDRUBF;5;20241213;100500;103.59;103.87;103.59;103.66;2582
USDRUBF;5;20241213;101000;103.72;103.74;103.36;103.48;1309
USDRUBF;5;20241213;101500;103.5;103.57;103.3;103.57;1143
USDRUBF;5;20241213;102000;103.56;103.6;103.45;103.52;499
USDRUBF;5;20241213;102500;103.56;103.66;103.5;103.64;1392
USDRUBF;5;20241213;103000;103.65;103.72;103.6;103.65;678
USDRUBF;5;20241213;103500;103.65;103.79;103.64;103.71;792
USDRUBF;5;20241213;104000;103.75;103.77;103.59;103.68;349
USDRUBF;5;20241213;104500;103.7;103.7;103.62;103.66;193
USDRUBF;5;20241213;105000;103.66;103.74;103.63;103.67;827
USDRUBF;5;20241213;105500;103.7;103.81;103.66;103.78;971
USDRUBF;5;20241213;110000;103.82;103.84;103.67;103.72;1363
USDRUBF;5;20241213;110500;103.74;103.84;103.72;103.78;1328
USDRUBF;5;20241213;111000;103.79;103.79;103.69;103.72;705
USDRUBF;5;20241213;111500;103.73;103.75;103.66;103.68;691
USDRUBF;5;20241213;112000;103.66;103.71;103.6;103.67;1062
USDRUBF;5;20241213;112500;103.7;103.71;103.63;103.64;181
USDRUBF;5;20241213;113000;103.64;103.7;103.61;103.61;762
USDRUBF;5;20241213;113500;103.6;103.78;103.56;103.74;652
USDRUBF;5;20241213;114000;103.74;103.96;103.73;103.91;1478
USDRUBF;5;20241213;114500;103.93;104.08;103.9;104.03;2017
USDRUBF;5;20241213;115000;104.04;104.08;103.93;103.99;1195
USDRUBF;5;20241213;115500;103.99;104.09;103.93;103.93;577
USDRUBF;5;20241213;120000;103.95;104.07;103.95;104;175
USDRUBF;5;20241213;120500;104.01;104.03;103.94;103.94;756
USDRUBF;5;20241213;121000;103.96;103.98;103.88;103.92;368
USDRUBF;5;20241213;121500;103.93;103.99;103.82;103.82;310
USDRUBF;5;20241213;122000;103.82;103.85;103.76;103.82;647
USDRUBF;5;20241213;122500;103.82;103.89;103.81;103.89;239
USDRUBF;5;20241213;123000;103.89;103.93;103.85;103.91;389
USDRUBF;5;20241213;123500;103.92;103.98;103.87;103.92;482
USDRUBF;5;20241213;124000;103.93;103.95;103.84;103.88;299
USDRUBF;5;20241213;124500;103.86;103.97;103.84;103.97;383
USDRUBF;5;20241213;125000;103.97;104.01;103.95;103.99;243
USDRUBF;5;20241213;125500;103.99;104.02;103.92;103.97;357
USDRUBF;5;20241213;130000;103.95;104.01;103.95;103.99;222
USDRUBF;5;20241213;130500;103.99;104.01;103.96;104;176
USDRUBF;5;20241213;131000;103.97;104;103.93;103.93;557
USDRUBF;5;20241213;131500;103.95;104.03;103.95;104.03;525
USDRUBF;5;20241213;132000;104.01;104.07;104.01;104.05;427
USDRUBF;5;20241213;132500;104.03;104.08;104.03;104.07;489
USDRUBF;5;20241213;133000;104.06;104.07;104.02;104.04;580
USDRUBF;5;20241213;133500;104.07;104.07;104;104.05;413
USDRUBF;5;20241213;134000;104.05;104.07;104.01;104.07;406
USDRUBF;5;20241213;134500;104.05;104.07;103.99;104.02;304
USDRUBF;5;20241213;135000;104.01;104.03;103.88;103.91;365
USDRUBF;5;20241213;135500;103.9;104;103.87;103.96;278
USDRUBF;5;20241213;140500;103.94;104;103.9;103.91;131
USDRUBF;5;20241213;141000;103.91;103.91;103.81;103.85;214
USDRUBF;5;20241213;141500;103.86;103.89;103.8;103.87;148
USDRUBF;5;20241213;142000;103.88;103.91;103.82;103.82;197
USDRUBF;5;20241213;142500;103.84;103.84;103.31;103.54;4029
USDRUBF;5;20241213;143000;103.51;103.6;103.32;103.57;1132
USDRUBF;5;20241213;143500;103.55;103.6;103.45;103.5;1337
USDRUBF;5;20241213;144000;103.53;103.56;103.42;103.42;319
USDRUBF;5;20241213;144500;103.41;103.55;103.37;103.49;725
USDRUBF;5;20241213;145000;103.46;103.47;103.34;103.35;264
USDRUBF;5;20241213;145500;103.33;103.57;103.33;103.54;603
USDRUBF;5;20241213;150000;103.53;103.72;103.53;103.72;1014
USDRUBF;5;20241213;150500;103.71;103.95;103.71;103.85;611
USDRUBF;5;20241213;151000;103.87;103.93;103.71;103.77;379
USDRUBF;5;20241213;151500;103.81;103.92;103.8;103.92;213
USDRUBF;5;20241213;152000;103.89;103.9;103.71;103.71;105
USDRUBF;5;20241213;152500;103.73;103.89;103.7;103.87;229
USDRUBF;5;20241213;153000;103.88;103.92;103.81;103.89;692
USDRUBF;5;20241213;153500;103.91;103.93;103.81;103.83;165
USDRUBF;5;20241213;154000;103.86;103.86;103.67;103.78;576
USDRUBF;5;20241213;154500;103.75;103.76;103.7;103.7;62
USDRUBF;5;20241213;155000;103.74;103.82;103.74;103.82;128
USDRUBF;5;20241213;155500;103.82;103.82;103.82;103.82;3
USDRUBF;5;20241213;160000;103.82;103.84;103.8;103.81;67
USDRUBF;5;20241213;160500;103.8;103.93;103.8;103.93;256
USDRUBF;5;20241213;161000;103.95;103.96;103.85;103.86;534
USDRUBF;5;20241213;161500;103.86;103.88;103.77;103.77;675
USDRUBF;5;20241213;162000;103.76;103.86;103.73;103.86;299
USDRUBF;5;20241213;162500;103.84;103.95;103.83;103.91;361
USDRUBF;5;20241213;163000;103.93;103.93;103.83;103.86;140
USDRUBF;5;20241213;163500;103.81;103.89;103.81;103.85;114
USDRUBF;5;20241213;164000;103.83;103.85;103.83;103.84;32
USDRUBF;5;20241213;164500;103.83;103.83;103.7;103.72;117
USDRUBF;5;20241213;165000;103.72;103.73;103.65;103.67;119
USDRUBF;5;20241213;165500;103.66;103.68;103.62;103.63;322
USDRUBF;5;20241213;170000;103.61;103.66;103.56;103.62;621
USDRUBF;5;20241213;170500;103.62;103.67;103.6;103.67;137
USDRUBF;5;20241213;171000;103.66;103.7;103.6;103.67;1100
USDRUBF;5;20241213;171500;103.67;103.68;103.38;103.44;769
USDRUBF;5;20241213;172000;103.42;103.49;103.23;103.24;967
USDRUBF;5;20241213;172500;103.23;103.3;103.03;103.09;1524
USDRUBF;5;20241213;173000;103.07;103.08;102.72;103.06;1943
USDRUBF;5;20241213;173500;103.05;103.05;102.77;102.98;993
USDRUBF;5;20241213;174000;102.97;103.03;102.83;102.91;1632
USDRUBF;5;20241213;174500;102.9;102.94;102.87;102.9;653
USDRUBF;5;20241213;175000;102.89;103.03;102.89;102.99;802
USDRUBF;5;20241213;175500;102.97;103.01;102.95;102.97;188
USDRUBF;5;20241213;180000;102.97;103.03;102.95;103.02;507
USDRUBF;5;20241213;180500;103;103.02;102.93;102.96;306
USDRUBF;5;20241213;181000;102.98;103.01;102.95;102.97;88
USDRUBF;5;20241213;181500;102.98;103.17;102.97;103.1;548
USDRUBF;5;20241213;182000;103.11;103.22;103.07;103.2;803
USDRUBF;5;20241213;182500;103.2;103.21;103.04;103.12;466
USDRUBF;5;20241213;183000;103.12;103.22;103.1;103.12;513
USDRUBF;5;20241213;183500;103.15;103.15;103.06;103.06;196
USDRUBF;5;20241213;184000;103.05;103.1;103.01;103.01;133
USDRUBF;5;20241213;184500;103.01;103.04;102.98;103;400
USDRUBF;5;20241213;190500;103.05;103.21;102.98;103.09;366
USDRUBF;5;20241213;191000;103.09;103.29;103.07;103.2;409
USDRUBF;5;20241213;191500;103.21;103.32;103.21;103.27;170
USDRUBF;5;20241213;192000;103.27;103.31;103.23;103.26;39
USDRUBF;5;20241213;192500;103.25;103.28;103.1;103.13;109
USDRUBF;5;20241213;193000;103.13;103.26;103.13;103.26;58
USDRUBF;5;20241213;193500;103.3;103.32;103.28;103.29;63
USDRUBF;5;20241213;194000;103.33;103.38;103.26;103.26;90
USDRUBF;5;20241213;194500;103.26;103.3;103.18;103.19;46
USDRUBF;5;20241213;195000;103.19;103.21;103.17;103.19;67
USDRUBF;5;20241213;195500;103.2;103.32;103.2;103.29;133
USDRUBF;5;20241213;200000;103.25;103.27;103.23;103.23;64
USDRUBF;5;20241213;200500;103.18;103.21;103.16;103.16;27
USDRUBF;5;20241213;201000;103.2;103.2;103.14;103.16;22
USDRUBF;5;20241213;201500;103.18;103.2;103.17;103.2;14
USDRUBF;5;20241213;202000;103.22;103.25;103.22;103.25;42
USDRUBF;5;20241213;202500;103.24;103.25;103.2;103.2;29
USDRUBF;5;20241213;203000;103.22;103.22;103.22;103.22;1
USDRUBF;5;20241213;203500;103.24;103.25;103.23;103.25;29
USDRUBF;5;20241213;204000;103.26;103.26;103.24;103.26;28
USDRUBF;5;20241213;204500;103.27;103.27;103.26;103.27;22
USDRUBF;5;20241213;205000;103.28;103.28;103.26;103.27;42
USDRUBF;5;20241213;205500;103.29;103.33;103.29;103.31;50
USDRUBF;5;20241213;210000;103.32;103.32;103.28;103.28;70
USDRUBF;5;20241213;210500;103.29;103.3;103.23;103.23;36
USDRUBF;5;20241213;211000;103.21;103.22;103.21;103.21;4
USDRUBF;5;20241213;211500;103.2;103.22;103.17;103.22;37
USDRUBF;5;20241213;212000;103.23;103.24;103.21;103.21;25
USDRUBF;5;20241213;212500;103.18;103.19;103.14;103.19;34
USDRUBF;5;20241213;213000;103.22;103.23;103.19;103.22;20
USDRUBF;5;20241213;213500;103.2;103.2;103.2;103.2;4
USDRUBF;5;20241213;214000;103.2;103.23;103.2;103.23;28
USDRUBF;5;20241213;214500;103.21;103.21;103.2;103.2;3
USDRUBF;5;20241213;215000;103.23;103.24;103.2;103.2;36
USDRUBF;5;20241213;215500;103.18;103.2;103.18;103.2;3
USDRUBF;5;20241213;220000;103.2;103.2;103.2;103.2;15
USDRUBF;5;20241213;220500;103.21;103.22;103.2;103.2;14
USDRUBF;5;20241213;221000;103.21;103.22;103.2;103.22;11
USDRUBF;5;20241213;221500;103.22;103.22;103.22;103.22;39
USDRUBF;5;20241213;222000;103.21;103.21;103.21;103.21;6
USDRUBF;5;20241213;222500;103.22;103.29;103.22;103.28;139
USDRUBF;5;20241213;223000;103.3;103.4;103.3;103.36;81
USDRUBF;5;20241213;223500;103.38;103.39;103.37;103.39;15
USDRUBF;5;20241213;224000;103.39;103.4;103.39;103.4;34
USDRUBF;5;20241213;224500;103.4;103.48;103.4;103.45;121
USDRUBF;5;20241213;225000;103.43;103.46;103.4;103.4;65
USDRUBF;5;20241213;225500;103.4;103.44;103.4;103.44;27
USDRUBF;5;20241213;230000;103.45;103.52;103.45;103.51;254
USDRUBF;5;20241213;230500;103.52;103.54;103.49;103.51;165
USDRUBF;5;20241213;231000;103.51;103.51;103.46;103.46;61
USDRUBF;5;20241213;232000;103.46;103.46;103.43;103.43;11
USDRUBF;5;20241213;232500;103.46;103.46;103.44;103.44;5
USDRUBF;5;20241213;233000;103.43;103.46;103.42;103.45;16
USDRUBF;5;20241213;233500;103.45;103.5;103.45;103.5;47
USDRUBF;5;20241213;234000;103.49;103.64;103.48;103.48;203
USDRUBF;5;20241213;234500;103.5;103.5;103.43;103.46;110
USDRUBF;5;20241216;100000;103.4;103.42;102.79;102.85;1655
USDRUBF;5;20241216;100500;102.83;102.85;99.09;102.42;7048
USDRUBF;5;20241216;101000;102.39;102.65;102.35;102.51;4256
USDRUBF;5;20241216;101500;102.51;102.72;102.26;102.61;1525
USDRUBF;5;20241216;102000;102.63;102.75;102.6;102.6;1061
USDRUBF;5;20241216;102500;102.6;102.83;102.6;102.83;775
USDRUBF;5;20241216;103000;102.81;102.98;102.76;102.96;889
USDRUBF;5;20241216;103500;102.96;103.11;102.92;103.01;1153
USDRUBF;5;20241216;104000;103.01;103.04;102.85;102.98;722
USDRUBF;5;20241216;104500;102.99;103.1;102.88;102.95;1140
USDRUBF;5;20241216;105000;102.93;102.95;102.9;102.9;804
USDRUBF;5;20241216;105500;102.9;103;102.9;102.92;1109
USDRUBF;5;20241216;110000;102.92;103.01;102.8;102.8;1221
USDRUBF;5;20241216;110500;102.81;102.81;102.55;102.78;1032
USDRUBF;5;20241216;111000;102.76;102.76;102.68;102.68;104
USDRUBF;5;20241216;111500;102.66;102.69;102.61;102.66;493
USDRUBF;5;20241216;112000;102.65;102.68;102.61;102.65;137
USDRUBF;5;20241216;112500;102.66;102.77;102.66;102.73;337
USDRUBF;5;20241216;113000;102.7;102.72;102.6;102.64;467
USDRUBF;5;20241216;113500;102.62;102.63;102.56;102.6;448
USDRUBF;5;20241216;114000;102.62;102.65;102.59;102.6;174
USDRUBF;5;20241216;114500;102.61;102.68;102.61;102.66;48
USDRUBF;5;20241216;115000;102.67;102.67;102.64;102.65;33
USDRUBF;5;20241216;115500;102.66;102.68;102.65;102.66;61
USDRUBF;5;20241216;120000;102.65;102.72;102.59;102.72;824
USDRUBF;5;20241216;120500;102.73;102.87;102.73;102.87;293
USDRUBF;5;20241216;121000;102.85;103.01;102.82;103.01;634
USDRUBF;5;20241216;121500;103.01;103.07;102.87;102.91;643
USDRUBF;5;20241216;122000;102.9;102.95;102.88;102.93;191
USDRUBF;5;20241216;122500;102.93;103.01;102.91;103.01;297
USDRUBF;5;20241216;123000;103.02;103.15;102.99;103.12;210
USDRUBF;5;20241216;123500;103.09;103.18;103.09;103.18;203
USDRUBF;5;20241216;124000;103.18;103.26;103.02;103.06;585
USDRUBF;5;20241216;124500;103.08;103.27;102.97;103.13;796
USDRUBF;5;20241216;125000;103.14;103.14;103.04;103.06;220
USDRUBF;5;20241216;125500;103.05;103.16;103.05;103.16;218
USDRUBF;5;20241216;130000;103.17;103.37;103.17;103.27;1015
USDRUBF;5;20241216;130500;103.27;103.39;103.27;103.32;453
USDRUBF;5;20241216;131000;103.34;103.56;103.34;103.43;683
USDRUBF;5;20241216;131500;103.41;103.41;103.33;103.38;300
USDRUBF;5;20241216;132000;103.38;103.42;103.33;103.39;444
USDRUBF;5;20241216;132500;103.35;103.47;103.34;103.46;558
USDRUBF;5;20241216;133000;103.46;103.51;103.41;103.44;1346
USDRUBF;5;20241216;133500;103.43;103.48;103.38;103.38;643
USDRUBF;5;20241216;134000;103.39;103.51;103.31;103.5;789
USDRUBF;5;20241216;134500;103.51;103.6;103.33;103.34;926
USDRUBF;5;20241216;135000;103.34;103.62;103.34;103.39;1091
USDRUBF;5;20241216;135500;103.39;103.45;103.37;103.41;195
USDRUBF;5;20241216;140500;103.41;103.42;103.27;103.32;219
USDRUBF;5;20241216;141000;103.31;103.38;103.25;103.38;401
USDRUBF;5;20241216;141500;103.4;103.55;103.37;103.54;330
USDRUBF;5;20241216;142000;103.53;103.71;103.49;103.64;827
USDRUBF;5;20241216;142500;103.7;103.78;103.63;103.78;374
USDRUBF;5;20241216;143000;103.76;103.85;103.7;103.71;674
USDRUBF;5;20241216;143500;103.71;103.85;103.69;103.75;778
USDRUBF;5;20241216;144000;103.74;103.8;103.72;103.76;404
USDRUBF;5;20241216;144500;103.77;103.86;103.77;103.79;605
USDRUBF;5;20241216;145000;103.79;103.79;103.56;103.6;872
USDRUBF;5;20241216;145500;103.61;103.66;103.57;103.59;546
USDRUBF;5;20241216;150000;103.6;103.64;103.49;103.51;546
USDRUBF;5;20241216;150500;103.51;103.55;103.37;103.48;1192
USDRUBF;5;20241216;151000;103.47;103.49;103.39;103.39;472
USDRUBF;5;20241216;151500;103.4;103.66;103.4;103.6;345
USDRUBF;5;20241216;152000;103.58;103.76;103.56;103.57;932
USDRUBF;5;20241216;152500;103.58;103.6;103.3;103.4;1373
USDRUBF;5;20241216;153000;103.4;103.57;103.39;103.47;879
USDRUBF;5;20241216;153500;103.47;103.53;103.39;103.42;524
USDRUBF;5;20241216;154000;103.42;103.48;103.31;103.31;831
USDRUBF;5;20241216;154500;103.31;103.36;103.22;103.29;1227
USDRUBF;5;20241216;155000;103.28;103.29;103.1;103.16;1038
USDRUBF;5;20241216;155500;103.16;103.35;103.12;103.21;1370
USDRUBF;5;20241216;160000;103.19;103.19;103.13;103.14;145
USDRUBF;5;20241216;160500;103.13;103.14;103.08;103.08;432
USDRUBF;5;20241216;161000;103.07;103.08;102.92;102.96;2181
USDRUBF;5;20241216;161500;102.94;103.03;102.9;102.98;565
USDRUBF;5;20241216;162000;102.99;103.08;102.96;103.05;536
USDRUBF;5;20241216;162500;103.03;103.03;102.94;102.94;414
USDRUBF;5;20241216;163000;102.95;102.97;102.9;102.92;351
USDRUBF;5;20241216;163500;102.93;103.08;102.93;103.02;205
USDRUBF;5;20241216;164000;103.02;103.02;102.9;102.94;619
USDRUBF;5;20241216;164500;102.94;102.94;102.79;102.8;835
USDRUBF;5;20241216;165000;102.78;102.84;102.74;102.84;224
USDRUBF;5;20241216;165500;102.84;103;102.84;102.91;317
USDRUBF;5;20241216;170000;102.89;103;102.89;102.98;50
USDRUBF;5;20241216;170500;102.97;103;102.92;102.93;173
USDRUBF;5;20241216;171000;102.92;103.1;102.91;103.1;250
USDRUBF;5;20241216;171500;103.08;103.14;103.08;103.1;228
USDRUBF;5;20241216;172000;103.11;103.15;103.11;103.12;144
USDRUBF;5;20241216;172500;103.13;103.13;103.1;103.11;196
USDRUBF;5;20241216;173000;103.1;103.25;103.1;103.24;687
USDRUBF;5;20241216;173500;103.25;103.25;103.17;103.19;424
USDRUBF;5;20241216;174000;103.18;103.18;102.93;102.96;593
USDRUBF;5;20241216;174500;102.95;102.95;102.83;102.88;743
USDRUBF;5;20241216;175000;102.87;102.93;102.87;102.92;579
USDRUBF;5;20241216;175500;102.92;102.99;102.92;102.98;490
USDRUBF;5;20241216;180000;102.99;103;102.86;102.88;562
USDRUBF;5;20241216;180500;102.88;102.94;102.87;102.93;224
USDRUBF;5;20241216;181000;102.91;102.91;102.89;102.9;255
USDRUBF;5;20241216;181500;102.9;102.93;102.85;102.9;726
USDRUBF;5;20241216;182000;102.91;103.03;102.91;103.02;688
USDRUBF;5;20241216;182500;103.02;103.06;102.97;102.98;546
USDRUBF;5;20241216;183000;102.99;103.04;102.98;103;310
USDRUBF;5;20241216;183500;102.99;103.05;102.95;102.95;306
USDRUBF;5;20241216;184000;102.95;102.96;102.88;102.93;235
USDRUBF;5;20241216;184500;102.96;103;102.93;103;109
USDRUBF;5;20241216;190500;102.92;103.04;102.92;102.96;168
USDRUBF;5;20241216;191000;102.95;102.97;102.92;102.92;101
USDRUBF;5;20241216;191500;102.93;102.98;102.91;102.98;144
USDRUBF;5;20241216;192000;103.02;103.04;102.99;102.99;115
USDRUBF;5;20241216;192500;102.98;103.07;102.98;103.04;186
USDRUBF;5;20241216;193000;103.03;103.07;103.03;103.07;15
USDRUBF;5;20241216;193500;103.04;103.08;103.02;103.08;94
USDRUBF;5;20241216;194000;103.08;103.11;103.08;103.11;93
USDRUBF;5;20241216;194500;103.12;103.16;103.07;103.07;123
USDRUBF;5;20241216;195000;103.05;103.05;102.99;103.03;93
USDRUBF;5;20241216;195500;103.04;103.05;103.04;103.05;18
USDRUBF;5;20241216;200000;103.07;103.11;103.05;103.05;37
USDRUBF;5;20241216;200500;103.05;103.11;103.05;103.11;58
USDRUBF;5;20241216;201000;103.12;103.12;102.95;102.95;180
USDRUBF;5;20241216;201500;102.94;103;102.86;102.97;273
USDRUBF;5;20241216;202000;102.96;102.99;102.87;102.89;95
USDRUBF;5;20241216;202500;102.92;102.92;102.87;102.9;27
USDRUBF;5;20241216;203000;102.91;102.93;102.74;102.85;383
USDRUBF;5;20241216;203500;102.85;102.85;102.77;102.78;131
USDRUBF;5;20241216;204000;102.8;102.8;102.7;102.7;174
USDRUBF;5;20241216;204500;102.7;102.7;102.52;102.61;757
USDRUBF;5;20241216;205000;102.59;102.6;102.55;102.55;131
USDRUBF;5;20241216;205500;102.56;102.65;102.51;102.56;954
USDRUBF;5;20241216;210000;102.54;102.55;102.5;102.51;458
USDRUBF;5;20241216;210500;102.52;102.52;102.38;102.45;786
USDRUBF;5;20241216;211000;102.43;102.51;102.43;102.51;332
USDRUBF;5;20241216;211500;102.51;102.66;102.51;102.66;429
USDRUBF;5;20241216;212000;102.63;102.65;102.53;102.56;218
USDRUBF;5;20241216;212500;102.56;102.56;102.5;102.53;214
USDRUBF;5;20241216;213000;102.53;102.53;102.47;102.53;248
USDRUBF;5;20241216;213500;102.47;102.5;102.42;102.5;186
USDRUBF;5;20241216;214000;102.5;102.62;102.5;102.58;105
USDRUBF;5;20241216;214500;102.6;102.6;102.55;102.57;11
USDRUBF;5;20241216;215000;102.57;102.58;102.55;102.55;33
USDRUBF;5;20241216;215500;102.57;102.57;102.54;102.54;35
USDRUBF;5;20241216;220000;102.58;102.59;102.56;102.56;11
USDRUBF;5;20241216;220500;102.6;102.61;102.6;102.61;5
USDRUBF;5;20241216;221000;102.65;102.7;102.63;102.69;158
USDRUBF;5;20241216;221500;102.69;102.7;102.62;102.62;120
USDRUBF;5;20241216;222000;102.61;102.62;102.51;102.54;88
USDRUBF;5;20241216;222500;102.54;102.54;102.45;102.49;463
USDRUBF;5;20241216;223000;102.49;102.49;102.36;102.49;431
USDRUBF;5;20241216;223500;102.52;102.54;102.46;102.54;136
USDRUBF;5;20241216;224000;102.52;102.66;102.52;102.66;351
USDRUBF;5;20241216;224500;102.63;102.74;102.63;102.73;1035
USDRUBF;5;20241216;225000;102.71;102.75;102.67;102.74;328
USDRUBF;5;20241216;225500;102.74;102.78;102.62;102.62;630
USDRUBF;5;20241216;230000;102.6;102.75;102.56;102.75;705
USDRUBF;5;20241216;230500;102.75;102.78;102.72;102.76;134
USDRUBF;5;20241216;231000;102.73;102.74;102.72;102.72;18
USDRUBF;5;20241216;231500;102.72;102.77;102.71;102.76;204
USDRUBF;5;20241216;232000;102.77;102.78;102.66;102.67;118
USDRUBF;5;20241216;232500;102.66;102.7;102.66;102.67;102
USDRUBF;5;20241216;233000;102.67;102.68;102.6;102.6;163
USDRUBF;5;20241216;233500;102.63;102.73;102.63;102.69;329
USDRUBF;5;20241216;234000;102.71;102.8;102.71;102.8;124
USDRUBF;5;20241216;234500;102.8;102.83;102.74;102.79;154
USDRUBF;5;20241217;100000;102.69;103.17;102.69;103.05;1290
USDRUBF;5;20241217;100500;103.12;103.36;103.12;103.19;925
USDRUBF;5;20241217;101000;103.25;103.25;103.01;103.05;486
USDRUBF;5;20241217;101500;103.07;103.13;103;103.12;200
USDRUBF;5;20241217;102000;103.12;103.12;103.02;103.03;80
USDRUBF;5;20241217;102500;103.06;103.08;103.01;103.04;40
USDRUBF;5;20241217;103000;103.06;103.17;103;103.02;228
USDRUBF;5;20241217;103500;103.02;103.09;103.02;103.07;501
USDRUBF;5;20241217;104000;103.05;103.1;103.02;103.04;613
USDRUBF;5;20241217;104500;103.01;103.07;103;103.06;329
USDRUBF;5;20241217;105000;103.07;103.13;103.05;103.13;453
USDRUBF;5;20241217;105500;103.13;103.17;103.09;103.12;365
USDRUBF;5;20241217;110000;103.11;103.14;102.97;102.99;284
USDRUBF;5;20241217;110500;102.96;103.08;102.96;103.06;390
USDRUBF;5;20241217;111000;103.06;103.1;102.98;103.02;1868
USDRUBF;5;20241217;111500;103.02;103.13;102.97;103.1;1267
USDRUBF;5;20241217;112000;103.1;103.11;103.04;103.06;391
USDRUBF;5;20241217;112500;103.07;103.11;103.05;103.1;451
USDRUBF;5;20241217;113000;103.1;103.1;103;103.05;1598
USDRUBF;5;20241217;113500;103.04;103.09;103.01;103.07;1150
USDRUBF;5;20241217;114000;103.07;103.08;103.02;103.04;746
USDRUBF;5;20241217;114500;103.02;103.04;102.94;102.98;453
USDRUBF;5;20241217;115000;102.97;103;102.96;102.98;392
USDRUBF;5;20241217;115500;102.97;103.01;102.95;103.01;329
USDRUBF;5;20241217;120000;103;103.03;102.97;102.97;365
USDRUBF;5;20241217;120500;102.98;103.02;102.97;103.01;282
USDRUBF;5;20241217;121000;103;103.25;103;103.24;1352
USDRUBF;5;20241217;121500;103.24;103.26;103.09;103.13;811
USDRUBF;5;20241217;122000;103.14;103.18;103.09;103.15;714
USDRUBF;5;20241217;122500;103.15;103.15;102.98;102.98;530
USDRUBF;5;20241217;123000;102.98;103.04;102.91;103.04;1535
USDRUBF;5;20241217;123500;103.04;103.07;103;103.04;373
USDRUBF;5;20241217;124000;103.04;103.11;102.98;103.01;414
USDRUBF;5;20241217;124500;102.99;103.04;102.99;103.02;369
USDRUBF;5;20241217;125000;103.04;103.08;102.99;103.01;248
USDRUBF;5;20241217;125500;102.99;103.05;102.98;103.04;227
USDRUBF;5;20241217;130000;103.04;103.06;103.02;103.03;147
USDRUBF;5;20241217;130500;103.03;103.03;102.99;102.99;229
USDRUBF;5;20241217;131000;103;103.01;102.98;102.98;88
USDRUBF;5;20241217;131500;102.99;103.02;102.99;103.02;59
USDRUBF;5;20241217;132000;103.02;103.03;103;103.02;108
USDRUBF;5;20241217;132500;103.02;103.06;103.01;103.01;367
USDRUBF;5;20241217;133000;103.03;103.03;103;103.03;190
USDRUBF;5;20241217;133500;103.03;103.04;102.99;102.99;214
USDRUBF;5;20241217;134000;102.98;103.02;102.98;102.99;364
USDRUBF;5;20241217;134500;102.99;102.99;102.99;102.99;25
USDRUBF;5;20241217;135000;103;103.01;102.98;103.01;161
USDRUBF;5;20241217;135500;103;103;102.99;102.99;54
USDRUBF;5;20241217;140500;102.98;102.98;102.93;102.93;735
USDRUBF;5;20241217;141000;102.93;102.97;102.93;102.97;167
USDRUBF;5;20241217;141500;102.97;103.02;102.95;103;176
USDRUBF;5;20241217;142000;102.99;103.07;102.99;103.04;545
USDRUBF;5;20241217;142500;103.04;103.09;103.03;103.06;592
USDRUBF;5;20241217;143000;103.06;103.1;103.04;103.09;678
USDRUBF;5;20241217;143500;103.08;103.12;103.06;103.12;247
USDRUBF;5;20241217;144000;103.12;103.3;103.12;103.19;1183
USDRUBF;5;20241217;144500;103.19;103.22;103.11;103.2;702
USDRUBF;5;20241217;145000;103.2;103.3;103.2;103.25;505
USDRUBF;5;20241217;145500;103.25;103.41;103.24;103.35;1190
USDRUBF;5;20241217;150000;103.35;103.42;103.33;103.38;1043
USDRUBF;5;20241217;150500;103.35;103.4;103.26;103.29;2324
USDRUBF;5;20241217;151000;103.28;103.36;103.2;103.23;528
USDRUBF;5;20241217;151500;103.21;103.22;103.08;103.22;815
USDRUBF;5;20241217;152000;103.21;103.21;103.16;103.2;463
USDRUBF;5;20241217;152500;103.2;103.23;103.11;103.12;1099
USDRUBF;5;20241217;153000;103.11;103.19;103.09;103.16;281
USDRUBF;5;20241217;153500;103.17;103.25;103.17;103.19;296
USDRUBF;5;20241217;154000;103.17;103.17;103.03;103.03;525
USDRUBF;5;20241217;154500;103.03;103.15;103.03;103.12;643
USDRUBF;5;20241217;155000;103.07;103.16;103.05;103.12;512
USDRUBF;5;20241217;155500;103.12;103.15;103.12;103.13;98
USDRUBF;5;20241217;160000;103.13;103.15;103.1;103.13;340
USDRUBF;5;20241217;160500;103.12;103.14;103.1;103.13;370
USDRUBF;5;20241217;161000;103.12;103.27;103.12;103.23;728
USDRUBF;5;20241217;161500;103.26;103.37;103.26;103.37;937
USDRUBF;5;20241217;162000;103.38;103.56;103.38;103.45;2871
USDRUBF;5;20241217;162500;103.45;103.63;103.45;103.58;922
USDRUBF;5;20241217;163000;103.59;103.64;103.49;103.51;549
USDRUBF;5;20241217;163500;103.5;103.6;103.5;103.58;333
USDRUBF;5;20241217;164000;103.58;103.59;103.44;103.49;1326
USDRUBF;5;20241217;164500;103.49;103.58;103.49;103.5;686
USDRUBF;5;20241217;165000;103.5;103.5;103.43;103.43;448
USDRUBF;5;20241217;165500;103.43;103.44;103.36;103.39;414
USDRUBF;5;20241217;170000;103.39;103.45;103.36;103.45;321
USDRUBF;5;20241217;170500;103.46;103.53;103.44;103.48;586
USDRUBF;5;20241217;171000;103.49;103.51;103.47;103.51;290
USDRUBF;5;20241217;171500;103.51;103.62;103.51;103.62;999
USDRUBF;5;20241217;172000;103.61;103.64;103.55;103.56;179
USDRUBF;5;20241217;172500;103.54;103.76;103.53;103.65;915
USDRUBF;5;20241217;173000;103.65;103.77;103.65;103.75;853
USDRUBF;5;20241217;173500;103.75;103.84;103.75;103.84;1431
USDRUBF;5;20241217;174000;103.84;103.98;103.84;103.97;1431
USDRUBF;5;20241217;174500;103.96;104;103.87;103.89;2300
USDRUBF;5;20241217;175000;103.87;103.95;103.82;103.93;2139
USDRUBF;5;20241217;175500;103.93;103.96;103.84;103.84;660
USDRUBF;5;20241217;180000;103.87;103.87;103.74;103.74;443
USDRUBF;5;20241217;180500;103.74;103.78;103.7;103.7;230
USDRUBF;5;20241217;181000;103.71;103.84;103.71;103.77;322
USDRUBF;5;20241217;181500;103.76;103.88;103.76;103.88;305
USDRUBF;5;20241217;182000;103.87;103.91;103.82;103.83;1000
USDRUBF;5;20241217;182500;103.83;103.99;103.81;103.98;4620
USDRUBF;5;20241217;183000;103.98;104.01;103.87;103.97;2373
USDRUBF;5;20241217;183500;103.93;104.01;103.9;103.96;2182
USDRUBF;5;20241217;184000;103.96;103.97;103.96;103.96;1787
USDRUBF;5;20241217;184500;103.96;104.03;103.96;104.03;682
USDRUBF;5;20241217;190500;104.04;104.23;104.01;104.14;820
USDRUBF;5;20241217;191000;104.14;104.18;104.13;104.13;329
USDRUBF;5;20241217;191500;104.13;104.18;104.06;104.07;650
USDRUBF;5;20241217;192000;104.08;104.27;104.05;104.24;398
USDRUBF;5;20241217;192500;104.26;104.32;104.2;104.26;315
USDRUBF;5;20241217;193000;104.27;104.28;104.22;104.25;113
USDRUBF;5;20241217;193500;104.23;104.24;104.19;104.2;457
USDRUBF;5;20241217;194000;104.2;104.23;104.14;104.19;281
USDRUBF;5;20241217;194500;104.23;104.24;104.19;104.2;216
USDRUBF;5;20241217;195000;104.2;104.2;104.15;104.19;121
USDRUBF;5;20241217;195500;104.14;104.24;104.14;104.17;379
USDRUBF;5;20241217;200000;104.18;104.23;104.17;104.23;93
USDRUBF;5;20241217;200500;104.21;104.21;104.13;104.15;114
USDRUBF;5;20241217;201000;104.14;104.19;104.14;104.15;98
USDRUBF;5;20241217;201500;104.14;104.18;104.14;104.18;74
USDRUBF;5;20241217;202000;104.18;104.19;104.15;104.19;164
USDRUBF;5;20241217;202500;104.24;104.26;104.22;104.25;35
USDRUBF;5;20241217;203000;104.22;104.23;104.19;104.23;91
USDRUBF;5;20241217;203500;104.19;104.22;104.15;104.21;83
USDRUBF;5;20241217;204000;104.18;104.25;104.18;104.25;118
USDRUBF;5;20241217;204500;104.26;104.29;104.2;104.2;74
USDRUBF;5;20241217;205000;104.2;104.23;104.2;104.2;23
USDRUBF;5;20241217;205500;104.2;104.26;104.2;104.23;20
USDRUBF;5;20241217;210000;104.25;104.35;104.23;104.25;211
USDRUBF;5;20241217;210500;104.2;104.23;104.18;104.23;17
USDRUBF;5;20241217;211000;104.21;104.21;104.2;104.21;41
USDRUBF;5;20241217;211500;104.2;104.21;104.17;104.18;14
USDRUBF;5;20241217;212000;104.17;104.18;104.17;104.17;23
USDRUBF;5;20241217;212500;104.16;104.18;104.15;104.18;30
USDRUBF;5;20241217;213000;104.16;104.17;104.16;104.17;6
USDRUBF;5;20241217;213500;104.16;104.19;104.16;104.17;38
USDRUBF;5;20241217;214000;104.17;104.19;104.16;104.19;31
USDRUBF;5;20241217;214500;104.2;104.22;104.2;104.22;81
USDRUBF;5;20241217;215000;104.22;104.22;104.19;104.21;38
USDRUBF;5;20241217;215500;104.21;104.22;104.19;104.21;59
USDRUBF;5;20241217;220000;104.21;104.22;104.18;104.2;69
USDRUBF;5;20241217;220500;104.2;104.2;104.1;104.1;139
USDRUBF;5;20241217;221000;104.1;104.14;104.07;104.14;181
USDRUBF;5;20241217;221500;104.13;104.14;104.11;104.14;60
USDRUBF;5;20241217;222000;104.14;104.18;104.14;104.17;18
USDRUBF;5;20241217;222500;104.17;104.19;104.17;104.19;8
USDRUBF;5;20241217;223000;104.18;104.18;104.17;104.18;19
USDRUBF;5;20241217;223500;104.16;104.16;104.14;104.16;18
USDRUBF;5;20241217;224000;104.15;104.16;104.15;104.16;9
USDRUBF;5;20241217;224500;104.11;104.13;104.09;104.13;34
USDRUBF;5;20241217;225000;104.11;104.11;104.11;104.11;1
USDRUBF;5;20241217;225500;104.11;104.11;104.11;104.11;5
USDRUBF;5;20241217;230000;104.1;104.13;104.1;104.1;33
USDRUBF;5;20241217;230500;104.13;104.14;104.1;104.14;44
USDRUBF;5;20241217;231000;104.15;104.15;104.14;104.14;9
USDRUBF;5;20241217;231500;104.15;104.15;104.14;104.14;144
USDRUBF;5;20241217;232000;104.14;104.16;104.14;104.16;33
USDRUBF;5;20241217;232500;104.16;104.16;104.13;104.13;3
USDRUBF;5;20241217;233000;104.13;104.16;104.13;104.16;7
USDRUBF;5;20241217;233500;104.14;104.16;104.14;104.16;11
USDRUBF;5;20241217;234000;104.16;104.19;104.15;104.16;39
USDRUBF;5;20241217;234500;104.15;104.24;104.12;104.21;154
USDRUBF;5;20241218;100000;104.17;104.31;104.03;104.08;2251
USDRUBF;5;20241218;100500;104.06;104.33;103.98;104.29;3354
USDRUBF;5;20241218;101000;104.33;104.39;104.27;104.37;2648
USDRUBF;5;20241218;101500;104.38;104.63;104.37;104.6;4642
USDRUBF;5;20241218;102000;104.6;104.65;104.48;104.49;2661
USDRUBF;5;20241218;102500;104.52;104.53;104.35;104.45;1681
USDRUBF;5;20241218;103000;104.43;104.52;104.08;104.11;854
USDRUBF;5;20241218;103500;104.12;104.24;104.09;104.11;1078
USDRUBF;5;20241218;104000;104.1;104.1;103.99;104.1;1055
USDRUBF;5;20241218;104500;104.05;104.09;103.98;104.06;2080
USDRUBF;5;20241218;105000;104.06;104.17;104.05;104.13;774
USDRUBF;5;20241218;105500;104.13;104.29;104.13;104.22;726
USDRUBF;5;20241218;110000;104.22;104.26;104.2;104.21;1135
USDRUBF;5;20241218;110500;104.21;104.33;104.03;104.06;1353
USDRUBF;5;20241218;111000;104.06;104.11;103.81;103.85;1659
USDRUBF;5;20241218;111500;103.82;104.1;103.79;104.08;2181
USDRUBF;5;20241218;112000;104.06;104.22;103.88;103.93;1797
USDRUBF;5;20241218;112500;103.92;103.93;103.79;103.8;872
USDRUBF;5;20241218;113000;103.79;103.79;103.45;103.54;3891
USDRUBF;5;20241218;113500;103.5;103.75;103.49;103.63;1169
USDRUBF;5;20241218;114000;103.63;103.67;103.46;103.56;909
USDRUBF;5;20241218;114500;103.56;103.56;103.27;103.3;1558
USDRUBF;5;20241218;115000;103.27;103.43;103.26;103.28;786
USDRUBF;5;20241218;115500;103.27;103.48;103.23;103.44;1064
USDRUBF;5;20241218;120000;103.44;103.49;103.35;103.42;520
USDRUBF;5;20241218;120500;103.39;103.58;103.36;103.53;489
USDRUBF;5;20241218;121000;103.53;103.58;103.46;103.47;591
USDRUBF;5;20241218;121500;103.47;103.49;103.4;103.46;329
USDRUBF;5;20241218;122000;103.47;103.5;103.4;103.41;354
USDRUBF;5;20241218;122500;103.4;103.44;103.3;103.38;444
USDRUBF;5;20241218;123000;103.36;103.55;103.35;103.51;860
USDRUBF;5;20241218;123500;103.5;103.57;103.24;103.31;786
USDRUBF;5;20241218;124000;103.32;103.38;103.32;103.32;1119
USDRUBF;5;20241218;124500;103.32;103.44;103.32;103.44;603
USDRUBF;5;20241218;125000;103.44;103.51;103.42;103.51;164
USDRUBF;5;20241218;125500;103.54;103.57;103.48;103.51;774
USDRUBF;5;20241218;130000;103.52;103.52;103.43;103.49;834
USDRUBF;5;20241218;130500;103.47;103.55;103.47;103.5;1113
USDRUBF;5;20241218;131000;103.5;103.51;103.39;103.46;602
USDRUBF;5;20241218;131500;103.46;103.53;103.38;103.51;1908
USDRUBF;5;20241218;132000;103.49;103.56;103.43;103.43;633
USDRUBF;5;20241218;132500;103.43;103.46;103.39;103.44;557
USDRUBF;5;20241218;133000;103.4;103.43;103.35;103.38;194
USDRUBF;5;20241218;133500;103.37;103.43;103.35;103.43;466
USDRUBF;5;20241218;134000;103.42;103.55;103.41;103.52;478
USDRUBF;5;20241218;134500;103.51;103.58;103.49;103.52;206
USDRUBF;5;20241218;135000;103.52;103.57;103.51;103.56;230
USDRUBF;5;20241218;135500;103.54;103.55;103.52;103.55;150
USDRUBF;5;20241218;140500;103.54;103.67;103.54;103.67;907
USDRUBF;5;20241218;141000;103.66;103.69;103.64;103.69;1087
USDRUBF;5;20241218;141500;103.69;103.83;103.64;103.64;3769
USDRUBF;5;20241218;142000;103.66;103.74;103.66;103.71;684
USDRUBF;5;20241218;142500;103.72;103.9;103.72;103.83;592
USDRUBF;5;20241218;143000;103.84;103.87;103.75;103.76;98
USDRUBF;5;20241218;143500;103.75;103.9;103.75;103.89;531
USDRUBF;5;20241218;144000;103.87;103.95;103.79;103.91;690
USDRUBF;5;20241218;144500;103.91;103.96;103.9;103.91;501
USDRUBF;5;20241218;145000;103.91;103.98;103.83;103.89;966
USDRUBF;5;20241218;145500;103.88;103.94;103.85;103.93;630
USDRUBF;5;20241218;150000;103.94;104.03;103.91;103.94;954
USDRUBF;5;20241218;150500;103.92;104.01;103.91;104;455
USDRUBF;5;20241218;151000;104.02;104.17;104;104.16;771
USDRUBF;5;20241218;151500;104.17;104.23;104.03;104.11;745
USDRUBF;5;20241218;152000;104.09;104.18;104.06;104.16;371
USDRUBF;5;20241218;152500;104.16;104.22;104.14;104.2;546
USDRUBF;5;20241218;153000;104.2;104.22;104.18;104.21;196
USDRUBF;5;20241218;153500;104.19;104.29;104.13;104.21;305
USDRUBF;5;20241218;154000;104.2;104.25;104.06;104.1;848
USDRUBF;5;20241218;154500;104.11;104.12;104;104;213
USDRUBF;5;20241218;155000;104;104.11;104;104.1;204
USDRUBF;5;20241218;155500;104.11;104.22;104.1;104.18;412
USDRUBF;5;20241218;160000;104.18;104.21;104.04;104.05;353
USDRUBF;5;20241218;160500;104.03;104.05;103.87;103.87;1529
USDRUBF;5;20241218;161000;103.87;104;103.86;104;435
USDRUBF;5;20241218;161500;103.96;104.1;103.95;104.08;258
USDRUBF;5;20241218;162000;104.04;104.06;103.95;103.97;399
USDRUBF;5;20241218;162500;103.96;104.03;103.93;103.98;1684
USDRUBF;5;20241218;163000;103.98;104.24;103.98;104.19;756
USDRUBF;5;20241218;163500;104.2;104.31;104.2;104.3;835
USDRUBF;5;20241218;164000;104.31;104.31;104.26;104.3;734
USDRUBF;5;20241218;164500;104.3;104.31;104.2;104.23;1321
USDRUBF;5;20241218;165000;104.23;104.3;104.12;104.19;782
USDRUBF;5;20241218;165500;104.19;104.21;104.15;104.18;205
USDRUBF;5;20241218;170000;104.18;104.24;104.16;104.22;271
USDRUBF;5;20241218;170500;104.22;104.22;104.16;104.18;271
USDRUBF;5;20241218;171000;104.19;104.21;104.13;104.17;622
USDRUBF;5;20241218;171500;104.17;104.2;104.13;104.16;767
USDRUBF;5;20241218;172000;104.15;104.27;104.15;104.23;494
USDRUBF;5;20241218;172500;104.26;104.28;104.23;104.25;643
USDRUBF;5;20241218;173000;104.23;104.27;104.23;104.24;278
USDRUBF;5;20241218;173500;104.23;104.25;104.03;104.05;1679
USDRUBF;5;20241218;174000;104.06;104.06;103.81;104.03;1833
USDRUBF;5;20241218;174500;104.05;104.09;103.92;104.09;2000
USDRUBF;5;20241218;175000;104.1;104.11;104.06;104.1;1915
USDRUBF;5;20241218;175500;104.11;104.12;104.06;104.11;742
USDRUBF;5;20241218;180000;104.12;104.21;104.07;104.21;894
USDRUBF;5;20241218;180500;104.19;104.27;104.15;104.23;641
USDRUBF;5;20241218;181000;104.23;104.33;104.13;104.28;2044
USDRUBF;5;20241218;181500;104.28;104.31;104.19;104.29;2663
USDRUBF;5;20241218;182000;104.27;104.31;104.25;104.26;1305
USDRUBF;5;20241218;182500;104.27;104.28;104.23;104.27;469
USDRUBF;5;20241218;183000;104.27;104.28;104.24;104.27;658
USDRUBF;5;20241218;183500;104.21;104.28;104.18;104.27;2143
USDRUBF;5;20241218;184000;104.27;104.31;104.19;104.25;1078
USDRUBF;5;20241218;184500;104.25;104.31;104.21;104.31;843
USDRUBF;5;20241218;190500;104.32;104.5;104.21;104.32;863
USDRUBF;5;20241218;191000;104.34;104.34;104.24;104.27;290
USDRUBF;5;20241218;191500;104.28;104.43;104.24;104.4;376
USDRUBF;5;20241218;192000;104.41;104.67;104.4;104.61;616
USDRUBF;5;20241218;192500;104.61;104.69;104.45;104.45;773
USDRUBF;5;20241218;193000;104.48;104.6;104.46;104.6;231
USDRUBF;5;20241218;193500;104.58;104.64;104.55;104.59;248
USDRUBF;5;20241218;194000;104.59;104.74;104.59;104.73;515
USDRUBF;5;20241218;194500;104.74;104.77;104.67;104.67;1896
USDRUBF;5;20241218;195000;104.66;104.7;104.65;104.67;102
USDRUBF;5;20241218;195500;104.68;104.73;104.59;104.61;659
USDRUBF;5;20241218;200000;104.6;104.65;104.6;104.6;97
USDRUBF;5;20241218;200500;104.61;104.63;104.54;104.57;152
USDRUBF;5;20241218;201000;104.54;104.61;104.54;104.61;174
USDRUBF;5;20241218;201500;104.59;104.59;104.54;104.55;157
USDRUBF;5;20241218;202000;104.55;104.62;104.55;104.58;302
USDRUBF;5;20241218;202500;104.58;104.6;104.57;104.6;47
USDRUBF;5;20241218;203000;104.6;104.6;104.58;104.6;208
USDRUBF;5;20241218;203500;104.6;104.7;104.59;104.69;449
USDRUBF;5;20241218;204000;104.69;104.69;104.62;104.63;105
USDRUBF;5;20241218;204500;104.64;104.67;104.64;104.66;23
USDRUBF;5;20241218;205000;104.66;104.68;104.65;104.66;39
USDRUBF;5;20241218;205500;104.66;104.67;104.64;104.64;60
USDRUBF;5;20241218;210000;104.67;104.67;104.62;104.64;62
USDRUBF;5;20241218;210500;104.65;104.65;104.51;104.65;404
USDRUBF;5;20241218;211000;104.64;104.7;104.64;104.7;116
USDRUBF;5;20241218;211500;104.7;104.7;104.66;104.69;543
USDRUBF;5;20241218;212000;104.66;104.66;104.65;104.66;24
USDRUBF;5;20241218;212500;104.65;104.65;104.56;104.56;129
USDRUBF;5;20241218;213000;104.54;104.59;104.53;104.54;62
USDRUBF;5;20241218;213500;104.55;104.55;104.27;104.45;923
USDRUBF;5;20241218;214000;104.44;104.49;104.4;104.44;156
USDRUBF;5;20241218;214500;104.47;104.48;104.43;104.46;452
USDRUBF;5;20241218;215000;104.44;104.58;104.42;104.5;247
USDRUBF;5;20241218;215500;104.55;104.55;104.48;104.5;48
USDRUBF;5;20241218;220000;104.5;104.69;104.5;104.65;247
USDRUBF;5;20241218;220500;104.68;104.7;104.54;104.6;228
USDRUBF;5;20241218;221000;104.53;104.62;104.51;104.58;214
USDRUBF;5;20241218;221500;104.58;104.62;104.55;104.57;109
USDRUBF;5;20241218;222000;104.59;104.61;104.53;104.57;93
USDRUBF;5;20241218;222500;104.55;104.67;104.4;104.62;699
USDRUBF;5;20241218;223000;104.58;104.63;104.42;104.48;462
USDRUBF;5;20241218;223500;104.48;104.7;104.41;104.6;608
USDRUBF;5;20241218;224000;104.59;104.63;104.47;104.63;294
USDRUBF;5;20241218;224500;104.62;104.69;104.61;104.66;302
USDRUBF;5;20241218;225000;104.66;104.72;104.63;104.67;337
USDRUBF;5;20241218;225500;104.67;104.76;104.66;104.67;472
USDRUBF;5;20241218;230000;104.73;104.77;104.67;104.75;408
USDRUBF;5;20241218;230500;104.74;104.75;104.71;104.72;33
USDRUBF;5;20241218;231000;104.72;104.75;104.7;104.74;92
USDRUBF;5;20241218;231500;104.72;104.74;104.67;104.7;56
USDRUBF;5;20241218;232000;104.73;104.75;104.65;104.66;132
USDRUBF;5;20241218;232500;104.69;104.73;104.67;104.72;31
USDRUBF;5;20241218;233000;104.73;104.75;104.72;104.75;54
USDRUBF;5;20241218;233500;104.74;104.77;104.73;104.75;56
USDRUBF;5;20241218;234000;104.73;104.73;104.58;104.61;200
USDRUBF;5;20241218;234500;104.61;104.78;104.61;104.61;212
USDRUBF;5;20241219;100000;104.54;104.58;104.35;104.37;1282
USDRUBF;5;20241219;100500;104.37;104.49;104.35;104.43;1000
USDRUBF;5;20241219;101000;104.43;104.58;104.41;104.49;1413
USDRUBF;5;20241219;101500;104.5;104.75;104.47;104.63;1847
USDRUBF;5;20241219;102000;104.61;104.82;104.57;104.82;1443
USDRUBF;5;20241219;102500;104.8;104.84;104.72;104.77;1136
USDRUBF;5;20241219;103000;104.77;104.8;104.58;104.6;2029
USDRUBF;5;20241219;103500;104.59;104.64;104.53;104.57;1370
USDRUBF;5;20241219;104000;104.57;104.65;104.54;104.64;1054
USDRUBF;5;20241219;104500;104.61;104.7;104.59;104.65;645
USDRUBF;5;20241219;105000;104.66;104.66;104.46;104.48;659
USDRUBF;5;20241219;105500;104.46;104.49;104.35;104.49;609
USDRUBF;5;20241219;110000;104.49;104.56;104.41;104.47;1420
USDRUBF;5;20241219;110500;104.47;104.48;104.41;104.42;631
USDRUBF;5;20241219;111000;104.41;104.45;104.36;104.45;594
USDRUBF;5;20241219;111500;104.42;104.42;104.36;104.36;439
USDRUBF;5;20241219;112000;104.36;104.54;104.35;104.5;1136
USDRUBF;5;20241219;112500;104.51;104.54;104.45;104.45;500
USDRUBF;5;20241219;113000;104.45;104.53;104.45;104.53;451
USDRUBF;5;20241219;113500;104.52;104.56;104.5;104.54;506
USDRUBF;5;20241219;114000;104.5;104.53;104.47;104.5;414
USDRUBF;5;20241219;114500;104.48;104.51;104.39;104.43;382
USDRUBF;5;20241219;115000;104.41;104.52;104.39;104.45;873
USDRUBF;5;20241219;115500;104.43;104.56;104.4;104.53;460
USDRUBF;5;20241219;120000;104.52;104.52;104.31;104.41;669
USDRUBF;5;20241219;120500;104.39;104.39;104.34;104.34;85
USDRUBF;5;20241219;121000;104.34;104.41;104.34;104.38;359
USDRUBF;5;20241219;121500;104.36;104.68;104.34;104.53;1491
USDRUBF;5;20241219;122000;104.49;104.52;104.44;104.52;641
USDRUBF;5;20241219;122500;104.53;104.57;104.53;104.57;627
USDRUBF;5;20241219;123000;104.55;104.65;104.54;104.61;835
USDRUBF;5;20241219;123500;104.61;104.64;104.52;104.53;1222
USDRUBF;5;20241219;124000;104.53;104.53;104.41;104.49;995
USDRUBF;5;20241219;124500;104.49;104.52;104.49;104.49;166
USDRUBF;5;20241219;125000;104.49;104.61;104.1;104.24;3725
USDRUBF;5;20241219;125500;104.26;104.4;104.25;104.38;366
USDRUBF;5;20241219;130000;104.38;104.45;104.38;104.45;381
USDRUBF;5;20241219;130500;104.44;104.5;104.37;104.45;414
USDRUBF;5;20241219;131000;104.43;104.43;104.38;104.41;209
USDRUBF;5;20241219;131500;104.41;104.48;104.41;104.45;147
USDRUBF;5;20241219;132000;104.46;104.52;104.45;104.49;82
USDRUBF;5;20241219;132500;104.51;104.59;104.51;104.59;221
USDRUBF;5;20241219;133000;104.58;104.59;104.54;104.58;261
USDRUBF;5;20241219;133500;104.59;104.59;104.51;104.58;214
USDRUBF;5;20241219;134000;104.58;104.61;104.43;104.49;608
USDRUBF;5;20241219;134500;104.48;104.6;104.48;104.6;546
USDRUBF;5;20241219;135000;104.59;104.63;104.58;104.59;663
USDRUBF;5;20241219;135500;104.62;104.7;104.55;104.7;326
USDRUBF;5;20241219;140500;104.67;105.06;104.65;104.85;2621
USDRUBF;5;20241219;141000;104.86;104.95;104.8;104.92;857
USDRUBF;5;20241219;141500;104.94;104.97;104.82;104.9;936
USDRUBF;5;20241219;142000;104.9;105.02;104.85;105;1598
USDRUBF;5;20241219;142500;105.02;105.04;104.9;104.9;752
USDRUBF;5;20241219;143000;104.9;104.94;104.85;104.92;545
USDRUBF;5;20241219;143500;104.92;104.98;104.78;104.78;592
USDRUBF;5;20241219;144000;104.81;104.87;104.78;104.83;143
USDRUBF;5;20241219;144500;104.83;104.84;104.73;104.77;270
USDRUBF;5;20241219;145000;104.75;104.75;104.56;104.71;1695
USDRUBF;5;20241219;145500;104.71;104.75;104.65;104.65;311
USDRUBF;5;20241219;150000;104.68;104.76;104.66;104.72;214
USDRUBF;5;20241219;150500;104.71;104.71;104.65;104.7;246
USDRUBF;5;20241219;151000;104.71;104.74;104.7;104.71;209
USDRUBF;5;20241219;151500;104.74;104.83;104.72;104.74;505
USDRUBF;5;20241219;152000;104.76;104.78;104.72;104.72;247
USDRUBF;5;20241219;152500;104.71;104.72;104.68;104.69;256
USDRUBF;5;20241219;153000;104.68;104.69;104.51;104.64;450
USDRUBF;5;20241219;153500;104.66;104.75;104.63;104.73;275
USDRUBF;5;20241219;154000;104.73;104.76;104.63;104.63;606
USDRUBF;5;20241219;154500;104.6;104.61;104.49;104.55;367
USDRUBF;5;20241219;155000;104.51;104.52;104.36;104.36;740
USDRUBF;5;20241219;155500;104.35;104.55;104.35;104.52;377
USDRUBF;5;20241219;160000;104.52;104.52;104.31;104.47;662
USDRUBF;5;20241219;160500;104.5;104.56;104.41;104.45;614
USDRUBF;5;20241219;161000;104.44;104.48;104.4;104.46;398
USDRUBF;5;20241219;161500;104.44;104.47;104.31;104.36;785
USDRUBF;5;20241219;162000;104.35;104.36;104.25;104.32;563
USDRUBF;5;20241219;162500;104.31;104.35;104.06;104.3;3080
USDRUBF;5;20241219;163000;104.31;104.38;104.26;104.33;458
USDRUBF;5;20241219;163500;104.36;104.4;104.3;104.36;747
USDRUBF;5;20241219;164000;104.36;104.4;104.32;104.36;533
USDRUBF;5;20241219;164500;104.35;104.35;104.24;104.28;404
USDRUBF;5;20241219;165000;104.28;104.33;104.18;104.33;238
USDRUBF;5;20241219;165500;104.34;104.4;104.22;104.35;414
USDRUBF;5;20241219;170000;104.37;104.4;104.25;104.34;405
USDRUBF;5;20241219;170500;104.34;104.37;104.3;104.37;382
USDRUBF;5;20241219;171000;104.4;104.43;104.37;104.4;601
USDRUBF;5;20241219;171500;104.39;104.46;104.38;104.43;397
USDRUBF;5;20241219;172000;104.43;104.45;104.3;104.3;745
USDRUBF;5;20241219;172500;104.31;104.37;104.25;104.36;539
USDRUBF;5;20241219;173000;104.33;104.35;104.25;104.32;268
USDRUBF;5;20241219;173500;104.28;104.66;104.27;104.59;699
USDRUBF;5;20241219;174000;104.57;104.62;104.48;104.54;478
USDRUBF;5;20241219;174500;104.55;104.63;104.52;104.61;1199
USDRUBF;5;20241219;175000;104.61;104.62;104.53;104.56;1078
USDRUBF;5;20241219;175500;104.56;104.56;104.27;104.27;833
USDRUBF;5;20241219;180000;104.3;104.34;104.22;104.26;791
USDRUBF;5;20241219;180500;104.24;104.25;103.9;103.96;2046
USDRUBF;5;20241219;181000;103.96;103.99;103.93;103.99;4100
USDRUBF;5;20241219;181500;103.99;104.14;103.95;104.08;2283
USDRUBF;5;20241219;182000;104.1;104.13;103.96;103.98;895
USDRUBF;5;20241219;182500;103.98;104;103.95;103.95;887
USDRUBF;5;20241219;183000;103.96;103.99;103.91;103.92;439
USDRUBF;5;20241219;183500;103.92;104;103.92;104;163
USDRUBF;5;20241219;184000;104;104.13;104;104.13;241
USDRUBF;5;20241219;184500;104.13;104.19;104.09;104.18;88
USDRUBF;5;20241219;190500;104.15;104.4;104.15;104.23;354
USDRUBF;5;20241219;191000;104.28;104.3;104.15;104.18;477
USDRUBF;5;20241219;191500;104.18;104.18;104.14;104.15;217
USDRUBF;5;20241219;192000;104.15;104.19;104.12;104.16;598
USDRUBF;5;20241219;192500;104.16;104.2;104.13;104.2;262
USDRUBF;5;20241219;193000;104.17;104.2;104.14;104.17;180
USDRUBF;5;20241219;193500;104.2;104.31;104.14;104.28;247
USDRUBF;5;20241219;194000;104.31;104.33;104.25;104.32;130
USDRUBF;5;20241219;194500;104.32;104.37;104.32;104.37;39
USDRUBF;5;20241219;195000;104.36;104.37;104.29;104.36;52
USDRUBF;5;20241219;195500;104.32;104.33;104.28;104.3;25
USDRUBF;5;20241219;200000;104.31;104.34;104.31;104.33;56
USDRUBF;5;20241219;200500;104.35;104.37;104.33;104.37;16
USDRUBF;5;20241219;201000;104.37;104.39;104.35;104.35;25
USDRUBF;5;20241219;201500;104.35;104.37;104.34;104.34;60
USDRUBF;5;20241219;202000;104.36;104.39;104.33;104.34;39
USDRUBF;5;20241219;202500;104.34;104.37;104.34;104.37;3
USDRUBF;5;20241219;203000;104.36;104.37;104.35;104.35;13
USDRUBF;5;20241219;203500;104.35;104.35;104.2;104.2;118
USDRUBF;5;20241219;204000;104.25;104.25;104.19;104.2;40
USDRUBF;5;20241219;204500;104.24;104.35;104.21;104.32;62
USDRUBF;5;20241219;205000;104.35;104.35;104.33;104.33;4
USDRUBF;5;20241219;205500;104.33;104.33;104.31;104.31;12
USDRUBF;5;20241219;210000;104.35;104.37;104.32;104.35;84
USDRUBF;5;20241219;210500;104.36;104.38;104.36;104.38;17
USDRUBF;5;20241219;211000;104.36;104.38;104.34;104.34;80
USDRUBF;5;20241219;211500;104.34;104.37;104.33;104.37;69
USDRUBF;5;20241219;212000;104.38;104.38;104.33;104.33;26
USDRUBF;5;20241219;212500;104.32;104.36;104.3;104.36;15
USDRUBF;5;20241219;213000;104.35;104.36;104.28;104.28;61
USDRUBF;5;20241219;213500;104.29;104.31;104.27;104.29;24
USDRUBF;5;20241219;214000;104.32;104.37;104.29;104.37;34
USDRUBF;5;20241219;214500;104.36;104.36;104.35;104.35;11
USDRUBF;5;20241219;215000;104.35;104.35;104.31;104.34;41
USDRUBF;5;20241219;215500;104.33;104.38;104.33;104.38;104
USDRUBF;5;20241219;220000;104.33;104.37;104.33;104.37;33
USDRUBF;5;20241219;220500;104.33;104.35;104.33;104.34;49
USDRUBF;5;20241219;221000;104.34;104.37;104.34;104.35;47
USDRUBF;5;20241219;221500;104.35;104.37;104.34;104.37;69
USDRUBF;5;20241219;222000;104.36;104.38;104.36;104.38;29
USDRUBF;5;20241219;222500;104.38;104.39;104.36;104.39;62
USDRUBF;5;20241219;223000;104.38;104.39;104.38;104.39;43
USDRUBF;5;20241219;223500;104.39;104.39;104.36;104.36;26
USDRUBF;5;20241219;224000;104.38;104.38;104.38;104.38;16
USDRUBF;5;20241219;224500;104.37;104.4;104.37;104.39;242
USDRUBF;5;20241219;225000;104.39;104.49;104.37;104.41;699
USDRUBF;5;20241219;225500;104.41;104.42;104.37;104.38;38
USDRUBF;5;20241219;230000;104.41;104.46;104.4;104.46;215
USDRUBF;5;20241219;230500;104.46;104.46;104.4;104.46;136
USDRUBF;5;20241219;231000;104.43;104.49;104.42;104.45;99
USDRUBF;5;20241219;231500;104.47;104.5;104.47;104.5;278
USDRUBF;5;20241219;232000;104.49;104.5;104.47;104.5;27
USDRUBF;5;20241219;232500;104.49;104.49;104.46;104.46;5
USDRUBF;5;20241219;233000;104.49;104.5;104.49;104.49;45
USDRUBF;5;20241219;233500;104.48;104.48;104.46;104.46;6
USDRUBF;5;20241219;234000;104.45;104.46;104.43;104.44;22
USDRUBF;5;20241219;234500;104.44;104.49;104.44;104.45;78
USDRUBF;5;20241220;100000;104.42;104.43;104.01;104.29;935
USDRUBF;5;20241220;100500;104.29;104.43;104.2;104.23;1043
USDRUBF;5;20241220;101000;104.21;104.31;104.14;104.26;622
USDRUBF;5;20241220;101500;104.25;104.29;104.25;104.27;1455
USDRUBF;5;20241220;102000;104.27;104.27;104.2;104.2;1424
USDRUBF;5;20241220;102500;104.2;104.29;104.11;104.11;1941
USDRUBF;5;20241220;103000;104.1;104.15;103.93;104.05;2675
USDRUBF;5;20241220;103500;104.04;104.17;103.94;103.98;1415
USDRUBF;5;20241220;104000;103.98;104.04;103.9;103.97;1869
USDRUBF;5;20241220;104500;103.98;104.14;103.83;104.11;2090
USDRUBF;5;20241220;105000;104.12;104.17;104.09;104.13;919
USDRUBF;5;20241220;105500;104.13;104.19;103.95;104.07;1517
USDRUBF;5;20241220;110000;104.07;104.13;104.02;104.12;402
USDRUBF;5;20241220;110500;104.11;104.11;104;104.01;733
USDRUBF;5;20241220;111000;104.02;104.07;104.02;104.07;347
USDRUBF;5;20241220;111500;104.08;104.08;104.04;104.06;118
USDRUBF;5;20241220;112000;104.07;104.07;104.03;104.03;294
USDRUBF;5;20241220;112500;104.06;104.07;104.05;104.07;598
USDRUBF;5;20241220;113000;104.07;104.07;104.05;104.05;249
USDRUBF;5;20241220;113500;104.05;104.08;104.05;104.05;2168
USDRUBF;5;20241220;114000;104.05;104.06;103.94;103.96;3957
USDRUBF;5;20241220;114500;103.95;104.03;103.81;104.01;3255
USDRUBF;5;20241220;115000;104.02;104.04;103.83;103.91;3014
USDRUBF;5;20241220;115500;103.89;103.94;103.84;103.93;1767
USDRUBF;5;20241220;120000;103.93;104;103.75;103.83;3766
USDRUBF;5;20241220;120500;103.86;103.91;103.81;103.9;1297
USDRUBF;5;20241220;121000;103.89;103.91;103.82;103.87;1359
USDRUBF;5;20241220;121500;103.87;104.01;103.86;104.01;1279
USDRUBF;5;20241220;122000;103.99;104.02;103.92;103.99;577
USDRUBF;5;20241220;122500;104;104.03;103.97;104.02;400
USDRUBF;5;20241220;123000;104.01;104.04;104;104.04;335
USDRUBF;5;20241220;123500;104.03;104.07;104.02;104.03;168
USDRUBF;5;20241220;124000;104.03;104.08;104.03;104.07;250
USDRUBF;5;20241220;124500;104.06;104.07;104;104.06;284
USDRUBF;5;20241220;125000;104.06;104.06;104;104.01;179
USDRUBF;5;20241220;125500;104.01;104.03;103.97;104;961
USDRUBF;5;20241220;130000;104;104.11;103.97;104.11;1223
USDRUBF;5;20241220;130500;104.11;104.24;104.11;104.19;1429
USDRUBF;5;20241220;131000;104.2;104.22;104.15;104.18;612
USDRUBF;5;20241220;131500;104.18;104.22;104.17;104.22;367
USDRUBF;5;20241220;132000;104.23;104.29;104.22;104.22;380
USDRUBF;5;20241220;132500;104.22;104.23;104.15;104.18;375
USDRUBF;5;20241220;133000;104.18;104.91;104.16;104.63;3355
USDRUBF;5;20241220;133500;104.64;104.7;104.53;104.57;2525
USDRUBF;5;20241220;134000;104.57;104.95;104.57;104.75;3389
USDRUBF;5;20241220;134500;104.75;105.02;104.75;104.86;10033
USDRUBF;5;20241220;135000;104.85;104.95;104.8;104.81;3674
USDRUBF;5;20241220;135500;104.81;104.95;104.81;104.95;2084
USDRUBF;5;20241220;140500;104.89;104.9;104.84;104.84;1465
USDRUBF;5;20241220;141000;104.83;104.84;104.74;104.79;1581
USDRUBF;5;20241220;141500;104.79;104.8;104.71;104.75;1044
USDRUBF;5;20241220;142000;104.75;105;104.75;104.98;2627
USDRUBF;5;20241220;142500;104.99;104.99;104.88;104.9;1559
USDRUBF;5;20241220;143000;104.9;105;104.89;104.92;823
USDRUBF;5;20241220;143500;104.93;104.95;104.88;104.92;453
USDRUBF;5;20241220;144000;104.94;104.97;104.94;104.96;121
USDRUBF;5;20241220;144500;104.96;104.96;104.86;104.86;485
USDRUBF;5;20241220;145000;104.86;104.87;104.77;104.79;291
USDRUBF;5;20241220;145500;104.77;104.8;104.77;104.77;752
USDRUBF;5;20241220;150000;104.77;104.92;104.77;104.88;1681
USDRUBF;5;20241220;150500;104.88;104.95;104.82;104.89;848
USDRUBF;5;20241220;151000;104.88;104.89;104.82;104.83;1564
USDRUBF;5;20241220;151500;104.87;105.06;104.82;105.05;1288
USDRUBF;5;20241220;152000;105.05;105.24;104.99;105.17;4197
USDRUBF;5;20241220;152500;105.16;105.19;105.05;105.06;2011
USDRUBF;5;20241220;153000;105.08;105.09;104.95;105.07;1385
USDRUBF;5;20241220;153500;105.08;105.15;105.05;105.07;1073
USDRUBF;5;20241220;154000;105.07;105.2;104.92;105.2;1465
USDRUBF;5;20241220;154500;105.21;105.35;105.16;105.31;1589
USDRUBF;5;20241220;155000;105.34;105.49;105.32;105.34;2080
USDRUBF;5;20241220;155500;105.35;105.47;105.33;105.47;590
USDRUBF;5;20241220;160000;105.48;105.65;105.47;105.55;2476
USDRUBF;5;20241220;160500;105.55;105.55;105.38;105.42;1149
USDRUBF;5;20241220;161000;105.39;105.43;105.08;105.18;1682
USDRUBF;5;20241220;161500;105.16;105.18;105.07;105.08;1419
USDRUBF;5;20241220;162000;105.08;105.2;105.08;105.2;700
USDRUBF;5;20241220;162500;105.19;105.32;105.14;105.3;854
USDRUBF;5;20241220;163000;105.29;105.31;105.07;105.07;1498
USDRUBF;5;20241220;163500;105.07;105.32;105;105.29;1437
USDRUBF;5;20241220;164000;105.33;105.55;105.31;105.46;1291
USDRUBF;5;20241220;164500;105.46;105.68;105.46;105.57;825
USDRUBF;5;20241220;165000;105.57;105.7;105.53;105.7;1449
USDRUBF;5;20241220;165500;105.7;105.74;105.66;105.68;780
USDRUBF;5;20241220;170000;105.68;105.73;105.57;105.64;1365
USDRUBF;5;20241220;170500;105.65;105.65;105.27;105.62;2079
USDRUBF;5;20241220;171000;105.62;105.62;105.49;105.51;889
USDRUBF;5;20241220;171500;105.5;105.53;105.31;105.38;2034
USDRUBF;5;20241220;172000;105.38;105.39;105.07;105.1;1423
USDRUBF;5;20241220;172500;105.09;105.1;104.85;104.96;3373
USDRUBF;5;20241220;173000;104.96;105.08;104.88;105;1294
USDRUBF;5;20241220;173500;105.01;105.07;104.85;104.86;891
USDRUBF;5;20241220;174000;104.88;104.94;104.83;104.89;660
USDRUBF;5;20241220;174500;104.89;105.04;104.71;104.86;2198
USDRUBF;5;20241220;175000;104.87;104.91;104.78;104.89;726
USDRUBF;5;20241220;175500;104.9;104.9;104.7;104.73;940
USDRUBF;5;20241220;180000;104.74;104.93;104.7;104.89;917
USDRUBF;5;20241220;180500;104.89;105.02;104.81;104.84;570
USDRUBF;5;20241220;181000;104.85;105.01;104.83;104.97;279
USDRUBF;5;20241220;181500;104.97;105.08;104.92;105.04;319
USDRUBF;5;20241220;182000;105.02;105.04;104.93;104.99;357
USDRUBF;5;20241220;182500;105.02;105.13;104.95;105.02;631
USDRUBF;5;20241220;183000;105.04;105.05;104.94;104.97;410
USDRUBF;5;20241220;183500;104.94;104.97;104.85;104.88;865
USDRUBF;5;20241220;184000;104.87;104.87;104.78;104.8;397
USDRUBF;5;20241220;184500;104.8;104.88;104.79;104.81;149
USDRUBF;5;20241220;190500;104.95;105.03;104.85;104.96;201
USDRUBF;5;20241220;191000;104.92;105.05;104.92;105.01;312
USDRUBF;5;20241220;191500;105.01;105.01;104.9;104.99;184
USDRUBF;5;20241220;192000;104.93;104.99;104.9;104.91;109
USDRUBF;5;20241220;192500;104.91;104.93;104.89;104.89;43
USDRUBF;5;20241220;193000;104.88;104.9;104.84;104.86;73
USDRUBF;5;20241220;193500;104.87;104.97;104.87;104.92;132
USDRUBF;5;20241220;194000;104.92;104.92;104.9;104.9;75
USDRUBF;5;20241220;194500;104.9;104.9;104.8;104.85;353
USDRUBF;5;20241220;195000;104.84;104.84;104.7;104.74;441
USDRUBF;5;20241220;195500;104.78;104.83;104.75;104.75;431
USDRUBF;5;20241220;200000;104.8;104.85;104.78;104.85;41
USDRUBF;5;20241220;200500;104.84;104.84;104.78;104.81;130
USDRUBF;5;20241220;201000;104.81;104.81;104.74;104.74;52
USDRUBF;5;20241220;201500;104.72;104.72;104.71;104.72;27
USDRUBF;5;20241220;202000;104.7;104.73;104.66;104.66;306
USDRUBF;5;20241220;202500;104.66;104.76;104.66;104.76;88
USDRUBF;5;20241220;203000;104.71;104.77;104.71;104.77;41
USDRUBF;5;20241220;203500;104.76;104.76;104.61;104.7;179
USDRUBF;5;20241220;204000;104.75;104.76;104.74;104.75;91
USDRUBF;5;20241220;204500;104.74;104.82;104.72;104.82;84
USDRUBF;5;20241220;205000;104.83;104.86;104.8;104.82;44
USDRUBF;5;20241220;205500;104.86;104.89;104.84;104.89;34
USDRUBF;5;20241220;210000;104.88;104.9;104.83;104.9;48
USDRUBF;5;20241220;210500;104.9;104.9;104.87;104.88;20
USDRUBF;5;20241220;211000;104.89;104.98;104.89;104.98;222
USDRUBF;5;20241220;211500;104.96;104.97;104.94;104.94;21
USDRUBF;5;20241220;212000;104.95;104.95;104.89;104.89;86
USDRUBF;5;20241220;212500;104.92;104.92;104.86;104.86;33
USDRUBF;5;20241220;213000;104.85;104.88;104.83;104.84;44
USDRUBF;5;20241220;213500;104.83;104.83;104.76;104.76;537
USDRUBF;5;20241220;214000;104.82;104.82;104.78;104.8;81
USDRUBF;5;20241220;214500;104.8;104.93;104.8;104.8;198
USDRUBF;5;20241220;215000;104.82;104.82;104.7;104.7;226
USDRUBF;5;20241220;215500;104.75;104.78;104.75;104.78;37
USDRUBF;5;20241220;220000;104.79;104.8;104.79;104.8;3
USDRUBF;5;20241220;220500;104.8;104.82;104.8;104.81;21
USDRUBF;5;20241220;221000;104.8;104.8;104.7;104.7;33
USDRUBF;5;20241220;221500;104.75;104.75;104.69;104.75;53
USDRUBF;5;20241220;222000;104.75;104.75;104.69;104.69;62
USDRUBF;5;20241220;222500;104.69;104.74;104.69;104.74;23
USDRUBF;5;20241220;223000;104.71;104.74;104.71;104.74;15
USDRUBF;5;20241220;223500;104.74;104.74;104.73;104.73;3
USDRUBF;5;20241220;224000;104.74;104.74;104.67;104.69;49
USDRUBF;5;20241220;224500;104.72;104.74;104.6;104.66;597
USDRUBF;5;20241220;225000;104.65;104.65;104.57;104.64;92
USDRUBF;5;20241220;225500;104.65;104.68;104.64;104.68;26
USDRUBF;5;20241220;230000;104.68;104.71;104.66;104.71;38
USDRUBF;5;20241220;230500;104.7;104.7;104.68;104.68;21
USDRUBF;5;20241220;231000;104.66;104.71;104.64;104.64;44
USDRUBF;5;20241220;231500;104.68;104.68;104.62;104.63;13
USDRUBF;5;20241220;232000;104.65;104.67;104.65;104.65;15
USDRUBF;5;20241220;232500;104.67;104.68;104.65;104.67;32
USDRUBF;5;20241220;233000;104.67;104.67;104.67;104.67;5
USDRUBF;5;20241220;233500;104.67;104.67;104.66;104.66;11
USDRUBF;5;20241220;234000;104.65;104.66;104.58;104.6;135
USDRUBF;5;20241220;234500;104.6;104.65;104.5;104.6;391
USDRUBF;5;20241223;100000;104.58;104.63;104.01;104.1;4026
USDRUBF;5;20241223;100500;104.07;104.09;103.66;103.83;3299
USDRUBF;5;20241223;101000;103.8;103.97;103.73;103.74;2683
USDRUBF;5;20241223;101500;103.73;103.74;103.65;103.71;993
USDRUBF;5;20241223;102000;103.69;103.69;103.61;103.65;713
USDRUBF;5;20241223;102500;103.65;103.68;103.61;103.67;481
USDRUBF;5;20241223;103000;103.65;103.66;103.55;103.55;2712
USDRUBF;5;20241223;103500;103.55;103.67;103.5;103.67;2155
USDRUBF;5;20241223;104000;103.66;103.87;103.64;103.79;2059
USDRUBF;5;20241223;104500;103.8;103.91;103.72;103.74;1240
USDRUBF;5;20241223;105000;103.72;103.75;103.61;103.65;604
USDRUBF;5;20241223;105500;103.64;103.7;103.57;103.57;411
USDRUBF;5;20241223;110000;103.55;103.57;103.48;103.53;1449
USDRUBF;5;20241223;110500;103.54;103.54;103.16;103.19;1634
USDRUBF;5;20241223;111000;103.17;103.46;103.05;103.46;1476
USDRUBF;5;20241223;111500;103.42;103.5;103.4;103.46;380
USDRUBF;5;20241223;112000;103.44;103.46;103.36;103.45;182
USDRUBF;5;20241223;112500;103.44;103.45;103.28;103.33;366
USDRUBF;5;20241223;113000;103.35;103.52;103.28;103.42;800
USDRUBF;5;20241223;113500;103.42;103.59;103.39;103.54;286
USDRUBF;5;20241223;114000;103.58;103.61;103.46;103.61;386
USDRUBF;5;20241223;114500;103.6;103.6;103.49;103.59;637
USDRUBF;5;20241223;115000;103.59;103.67;103.59;103.65;455
USDRUBF;5;20241223;115500;103.65;103.71;103.6;103.61;645
USDRUBF;5;20241223;120000;103.6;103.61;103.53;103.54;192
USDRUBF;5;20241223;120500;103.57;103.62;103.53;103.62;407
USDRUBF;5;20241223;121000;103.6;103.6;103.53;103.53;90
USDRUBF;5;20241223;121500;103.55;103.79;103.53;103.69;964
USDRUBF;5;20241223;122000;103.7;103.72;103.61;103.68;392
USDRUBF;5;20241223;122500;103.67;103.75;103.63;103.72;286
USDRUBF;5;20241223;123000;103.69;103.71;103.52;103.55;399
USDRUBF;5;20241223;123500;103.54;103.78;103.42;103.74;1119
USDRUBF;5;20241223;124000;103.73;103.74;103.45;103.65;723
USDRUBF;5;20241223;124500;103.65;103.65;103.6;103.61;234
USDRUBF;5;20241223;125000;103.64;103.64;103.59;103.59;90
USDRUBF;5;20241223;125500;103.59;103.62;103.55;103.62;66
USDRUBF;5;20241223;130000;103.6;103.63;103.51;103.55;366
USDRUBF;5;20241223;130500;103.59;103.64;103.49;103.52;438
USDRUBF;5;20241223;131000;103.5;103.51;103.4;103.48;327
USDRUBF;5;20241223;131500;103.46;103.48;103.4;103.47;473
USDRUBF;5;20241223;132000;103.45;103.49;103.44;103.47;220
USDRUBF;5;20241223;132500;103.47;103.49;103.45;103.46;93
USDRUBF;5;20241223;133000;103.45;103.47;103.28;103.35;1509
USDRUBF;5;20241223;133500;103.34;103.37;103.21;103.26;433
USDRUBF;5;20241223;134000;103.26;103.28;103.09;103.22;593
USDRUBF;5;20241223;134500;103.22;103.24;103.16;103.2;191
USDRUBF;5;20241223;135000;103.23;103.26;103.11;103.11;142
USDRUBF;5;20241223;135500;103.1;103.47;103.02;103.28;841
USDRUBF;5;20241223;140500;103.33;103.33;103.07;103.09;516
USDRUBF;5;20241223;141000;103.09;103.17;103.06;103.09;626
USDRUBF;5;20241223;141500;103.06;103.1;103.05;103.09;119
USDRUBF;5;20241223;142000;103.1;103.25;103.09;103.25;700
USDRUBF;5;20241223;142500;103.22;103.24;103.01;103.02;675
USDRUBF;5;20241223;143000;103.03;103.09;103.01;103.06;312
USDRUBF;5;20241223;143500;103.02;103.05;102.78;103.03;2840
USDRUBF;5;20241223;144000;103.03;103.14;103;103.07;1179
USDRUBF;5;20241223;144500;103.07;103.21;103.04;103.06;753
USDRUBF;5;20241223;145000;103.06;103.2;103.01;103.01;689
USDRUBF;5;20241223;145500;103;103.08;102.97;103.05;228
USDRUBF;5;20241223;150000;103.06;103.06;103;103.03;119
USDRUBF;5;20241223;150500;103.03;103.04;102.91;102.96;335
USDRUBF;5;20241223;151000;102.96;102.96;102.83;102.87;345
USDRUBF;5;20241223;151500;102.84;102.87;102.81;102.85;222
USDRUBF;5;20241223;152000;102.83;102.85;102.71;102.73;653
USDRUBF;5;20241223;152500;102.72;102.8;102.71;102.78;294
USDRUBF;5;20241223;153000;102.77;102.8;102.72;102.78;242
USDRUBF;5;20241223;153500;102.8;102.8;102.73;102.73;677
USDRUBF;5;20241223;154000;102.72;102.86;102.7;102.86;782
USDRUBF;5;20241223;154500;102.83;102.86;102.63;102.68;631
USDRUBF;5;20241223;155000;102.66;102.78;102.58;102.59;760
USDRUBF;5;20241223;155500;102.62;103.06;102.55;102.92;1222
USDRUBF;5;20241223;160000;102.9;102.91;102.61;102.66;996
USDRUBF;5;20241223;160500;102.66;102.72;102.57;102.72;1084
USDRUBF;5;20241223;161000;102.73;102.85;102.65;102.77;883
USDRUBF;5;20241223;161500;102.76;102.8;102.63;102.79;620
USDRUBF;5;20241223;162000;102.75;102.79;102.64;102.69;332
USDRUBF;5;20241223;162500;102.68;102.88;102.68;102.72;639
USDRUBF;5;20241223;163000;102.7;102.79;102.7;102.72;266
USDRUBF;5;20241223;163500;102.75;102.79;102.67;102.67;350
USDRUBF;5;20241223;164000;102.66;102.72;102.57;102.71;673
USDRUBF;5;20241223;164500;102.71;102.83;102.71;102.73;365
USDRUBF;5;20241223;165000;102.73;102.76;102.68;102.73;619
USDRUBF;5;20241223;165500;102.73;102.83;102.68;102.82;1216
USDRUBF;5;20241223;170000;102.86;102.89;102.71;102.71;129
USDRUBF;5;20241223;170500;102.71;102.76;102.71;102.74;38
USDRUBF;5;20241223;171000;102.75;102.84;102.75;102.79;245
USDRUBF;5;20241223;171500;102.78;102.93;102.77;102.9;322
USDRUBF;5;20241223;172000;102.9;102.93;102.85;102.85;216
USDRUBF;5;20241223;172500;102.85;102.96;102.85;102.96;355
USDRUBF;5;20241223;173000;102.97;103.11;102.94;103.08;831
USDRUBF;5;20241223;173500;103.08;103.27;103;103.01;1014
USDRUBF;5;20241223;174000;103.01;103.05;102.75;102.78;776
USDRUBF;5;20241223;174500;102.77;102.98;102.74;102.9;757
USDRUBF;5;20241223;175000;102.92;102.99;102.88;102.99;314
USDRUBF;5;20241223;175500;102.96;103.1;102.84;103.07;698
USDRUBF;5;20241223;180000;103.1;103.33;103.05;103.16;1297
USDRUBF;5;20241223;180500;103.18;103.25;103.01;103.09;896
USDRUBF;5;20241223;181000;103.08;103.19;103.01;103.02;514
USDRUBF;5;20241223;181500;103.01;103.23;103;103.18;630
USDRUBF;5;20241223;182000;103.18;103.3;103.13;103.25;987
USDRUBF;5;20241223;182500;103.27;103.44;103.23;103.23;1494
USDRUBF;5;20241223;183000;103.28;103.35;103.2;103.29;747
USDRUBF;5;20241223;183500;103.33;103.39;103.21;103.29;103
USDRUBF;5;20241223;184000;103.28;103.3;103.14;103.15;323
USDRUBF;5;20241223;184500;103.2;103.27;103.16;103.19;188
USDRUBF;5;20241223;190500;103.1;103.35;103.02;103.17;420
USDRUBF;5;20241223;191000;103.17;103.32;103.12;103.27;257
USDRUBF;5;20241223;191500;103.29;103.29;103.22;103.22;111
USDRUBF;5;20241223;192000;103.24;103.3;103.23;103.28;146
USDRUBF;5;20241223;192500;103.25;103.28;103.19;103.28;170
USDRUBF;5;20241223;193000;103.25;103.4;103.24;103.4;254
USDRUBF;5;20241223;193500;103.39;103.39;103.31;103.33;30
USDRUBF;5;20241223;194000;103.34;103.36;103.23;103.27;81
USDRUBF;5;20241223;194500;103.3;103.4;103.22;103.37;277
USDRUBF;5;20241223;195000;103.36;103.42;103.34;103.39;98
USDRUBF;5;20241223;195500;103.39;103.4;103.28;103.28;78
USDRUBF;5;20241223;200000;103.34;103.34;103.25;103.26;55
USDRUBF;5;20241223;200500;103.25;103.29;103.23;103.29;54
USDRUBF;5;20241223;201000;103.26;103.54;103.26;103.4;399
USDRUBF;5;20241223;201500;103.36;103.44;103.36;103.4;40
USDRUBF;5;20241223;202000;103.39;103.4;103.33;103.33;54
USDRUBF;5;20241223;202500;103.32;103.37;103.32;103.33;41
USDRUBF;5;20241223;203000;103.33;103.33;103.2;103.27;160
USDRUBF;5;20241223;203500;103.28;103.3;103.26;103.26;14
USDRUBF;5;20241223;204000;103.29;103.29;103.25;103.28;7
USDRUBF;5;20241223;204500;103.24;103.25;103.14;103.15;59
USDRUBF;5;20241223;205000;103.16;103.19;103.11;103.11;67
USDRUBF;5;20241223;205500;103.14;103.18;103.1;103.12;77
USDRUBF;5;20241223;210000;103.15;103.16;103.09;103.13;16
USDRUBF;5;20241223;210500;103.12;103.12;102.93;103.08;208
USDRUBF;5;20241223;211000;103.05;103.05;103.04;103.04;2
USDRUBF;5;20241223;211500;103.08;103.09;103.04;103.09;23
USDRUBF;5;20241223;212000;103.08;103.08;103.07;103.07;5
USDRUBF;5;20241223;212500;103.07;103.13;103.07;103.13;32
USDRUBF;5;20241223;213000;103.1;103.16;103.09;103.16;111
USDRUBF;5;20241223;213500;103.14;103.19;103.14;103.19;68
USDRUBF;5;20241223;214000;103.17;103.19;103.15;103.19;11
USDRUBF;5;20241223;214500;103.21;103.3;103.21;103.26;83
USDRUBF;5;20241223;215000;103.25;103.25;103.21;103.21;43
USDRUBF;5;20241223;215500;103.25;103.26;103.25;103.26;31
USDRUBF;5;20241223;220000;103.25;103.25;103.23;103.23;14
USDRUBF;5;20241223;220500;103.25;103.32;103.25;103.3;89
USDRUBF;5;20241223;221000;103.32;103.32;103.28;103.32;21
USDRUBF;5;20241223;221500;103.28;103.32;103.25;103.26;84
USDRUBF;5;20241223;222000;103.25;103.25;103.2;103.2;97
USDRUBF;5;20241223;222500;103.18;103.21;103.15;103.21;64
USDRUBF;5;20241223;223000;103.18;103.2;103.16;103.2;45
USDRUBF;5;20241223;223500;103.2;103.26;103.18;103.24;89
USDRUBF;5;20241223;224000;103.27;103.29;103.26;103.27;94
USDRUBF;5;20241223;224500;103.27;103.35;103.24;103.31;112
USDRUBF;5;20241223;225000;103.27;103.27;103.18;103.19;70
USDRUBF;5;20241223;225500;103.18;103.18;103.15;103.15;29
USDRUBF;5;20241223;230000;103.15;103.18;103;103.15;147
USDRUBF;5;20241223;230500;103.11;103.11;103.11;103.11;2
USDRUBF;5;20241223;231000;103.15;103.15;103.11;103.11;2
USDRUBF;5;20241223;231500;103.14;103.16;103.14;103.16;5
USDRUBF;5;20241223;232000;103.16;103.26;103.16;103.22;53
USDRUBF;5;20241223;232500;103.22;103.26;103.22;103.26;4
USDRUBF;5;20241223;233000;103.27;103.27;103.24;103.26;10
USDRUBF;5;20241223;233500;103.27;103.28;103.25;103.25;27
USDRUBF;5;20241223;234000;103.21;103.23;103.21;103.23;4
USDRUBF;5;20241223;234500;103.21;103.21;103.11;103.11;25
USDRUBF;5;20241224;100000;103.09;103.09;102.57;102.73;1344
USDRUBF;5;20241224;100500;102.82;102.9;102.7;102.76;707
USDRUBF;5;20241224;101000;102.76;102.83;102.6;102.71;1938
USDRUBF;5;20241224;101500;102.71;102.9;102.41;102.84;2913
USDRUBF;5;20241224;102000;102.84;102.85;102.42;102.46;1616
USDRUBF;5;20241224;102500;102.46;102.6;102.46;102.56;382
USDRUBF;5;20241224;103000;102.55;102.55;102.37;102.46;874
USDRUBF;5;20241224;103500;102.49;102.6;102.44;102.53;645
USDRUBF;5;20241224;104000;102.52;102.6;102.48;102.55;453
USDRUBF;5;20241224;104500;102.58;102.71;102.51;102.71;1036
USDRUBF;5;20241224;105000;102.72;102.87;102.6;102.85;978
USDRUBF;5;20241224;105500;102.85;102.94;102.78;102.91;582
USDRUBF;5;20241224;110000;102.92;103.01;102.81;102.89;574
USDRUBF;5;20241224;110500;102.9;102.94;102.86;102.94;156
USDRUBF;5;20241224;111000;102.93;103.05;102.85;102.91;305
USDRUBF;5;20241224;111500;102.91;103;102.89;102.97;286
USDRUBF;5;20241224;112000;102.97;103.16;102.97;103.05;826
USDRUBF;5;20241224;112500;103.05;103.16;103.02;103.12;180
USDRUBF;5;20241224;113000;103.12;103.21;103.11;103.19;519
USDRUBF;5;20241224;113500;103.22;103.26;103.15;103.18;1128
USDRUBF;5;20241224;114000;103.18;103.24;103.09;103.1;1722
USDRUBF;5;20241224;114500;103.13;103.14;102.96;103;854
USDRUBF;5;20241224;115000;103;103.11;102.83;103;1233
USDRUBF;5;20241224;115500;103.01;103.01;102.81;102.88;717
USDRUBF;5;20241224;120000;102.89;103.05;102.87;103.01;519
USDRUBF;5;20241224;120500;103;103.01;102.92;102.96;327
USDRUBF;5;20241224;121000;102.97;103.06;102.91;102.93;248
USDRUBF;5;20241224;121500;102.91;102.92;102.72;102.79;454
USDRUBF;5;20241224;122000;102.76;102.89;102.58;102.69;1332
USDRUBF;5;20241224;122500;102.69;102.77;102.64;102.73;356
USDRUBF;5;20241224;123000;102.75;102.81;102.71;102.74;235
USDRUBF;5;20241224;123500;102.76;102.78;102.72;102.72;140
USDRUBF;5;20241224;124000;102.73;102.73;102.61;102.69;540
USDRUBF;5;20241224;124500;102.7;102.75;102.66;102.71;86
USDRUBF;5;20241224;125000;102.75;102.76;102.7;102.74;540
USDRUBF;5;20241224;125500;102.74;102.75;102.73;102.75;67
USDRUBF;5;20241224;130000;102.75;102.77;102.75;102.77;632
USDRUBF;5;20241224;130500;102.77;102.87;102.65;102.77;2094
USDRUBF;5;20241224;131000;102.77;102.81;102.68;102.73;366
USDRUBF;5;20241224;131500;102.71;102.75;102.57;102.65;494
USDRUBF;5;20241224;132000;102.66;102.73;102.64;102.66;481
USDRUBF;5;20241224;132500;102.64;102.66;102.58;102.58;370
USDRUBF;5;20241224;133000;102.59;102.75;102.58;102.75;288
USDRUBF;5;20241224;133500;102.75;102.79;102.68;102.7;186
USDRUBF;5;20241224;134000;102.71;102.71;102.6;102.6;295
USDRUBF;5;20241224;134500;102.6;102.7;102.54;102.62;564
USDRUBF;5;20241224;135000;102.62;102.63;102.57;102.61;240
USDRUBF;5;20241224;135500;102.58;102.6;102.52;102.52;312
USDRUBF;5;20241224;140500;102.57;102.63;102.5;102.61;433
USDRUBF;5;20241224;141000;102.61;102.63;102.5;102.54;431
USDRUBF;5;20241224;141500;102.51;102.52;102.31;102.4;1625
USDRUBF;5;20241224;142000;102.41;102.43;102.26;102.29;992
USDRUBF;5;20241224;142500;102.28;102.28;102.15;102.22;679
USDRUBF;5;20241224;143000;102.21;102.34;102.18;102.3;1662
USDRUBF;5;20241224;143500;102.31;102.34;102.28;102.32;1225
USDRUBF;5;20241224;144000;102.3;102.32;102.3;102.3;303
USDRUBF;5;20241224;144500;102.3;102.33;102.25;102.27;556
USDRUBF;5;20241224;145000;102.28;102.34;102.25;102.34;1814
USDRUBF;5;20241224;145500;102.34;102.34;102.15;102.15;1252
USDRUBF;5;20241224;150000;102.16;102.32;102.15;102.3;569
USDRUBF;5;20241224;150500;102.3;102.33;102.29;102.32;350
USDRUBF;5;20241224;151000;102.32;102.32;102.27;102.27;220
USDRUBF;5;20241224;151500;102.27;102.33;102.25;102.3;235
USDRUBF;5;20241224;152000;102.3;102.65;102.28;102.4;1267
USDRUBF;5;20241224;152500;102.4;102.41;102.37;102.38;188
USDRUBF;5;20241224;153000;102.38;102.4;102.26;102.26;217
USDRUBF;5;20241224;153500;102.27;102.41;102.25;102.33;684
USDRUBF;5;20241224;154000;102.33;102.42;102.27;102.38;3560
USDRUBF;5;20241224;154500;102.38;102.41;102.27;102.28;514
USDRUBF;5;20241224;155000;102.26;102.38;102.22;102.3;1104
USDRUBF;5;20241224;155500;102.3;102.36;102.27;102.36;525
USDRUBF;5;20241224;160000;102.36;102.58;102.35;102.56;1252
USDRUBF;5;20241224;160500;102.56;102.57;102.49;102.53;165
USDRUBF;5;20241224;161000;102.5;102.51;102.48;102.51;91
USDRUBF;5;20241224;161500;102.51;102.63;102.46;102.6;428
USDRUBF;5;20241224;162000;102.6;102.74;102.55;102.62;598
USDRUBF;5;20241224;162500;102.62;102.74;102.6;102.69;499
USDRUBF;5;20241224;163000;102.67;102.71;102.54;102.61;445
USDRUBF;5;20241224;163500;102.62;102.64;102.54;102.61;94
USDRUBF;5;20241224;164000;102.61;102.61;102.55;102.59;446
USDRUBF;5;20241224;164500;102.59;102.69;102.59;102.69;338
USDRUBF;5;20241224;165000;102.69;102.81;102.61;102.79;654
USDRUBF;5;20241224;165500;102.79;102.9;102.78;102.86;953
USDRUBF;5;20241224;170000;102.86;102.86;102.69;102.74;652
USDRUBF;5;20241224;170500;102.75;102.79;102.69;102.78;155
USDRUBF;5;20241224;171000;102.8;102.82;102.68;102.72;246
USDRUBF;5;20241224;171500;102.71;102.71;102.64;102.65;120
USDRUBF;5;20241224;172000;102.64;102.71;102.63;102.7;190
USDRUBF;5;20241224;172500;102.69;102.69;102.64;102.66;212
USDRUBF;5;20241224;173000;102.65;102.67;102.57;102.59;201
USDRUBF;5;20241224;173500;102.62;102.84;102.62;102.7;617
USDRUBF;5;20241224;174000;102.71;102.75;102.68;102.68;248
USDRUBF;5;20241224;174500;102.68;102.71;102.61;102.62;280
USDRUBF;5;20241224;175000;102.65;102.66;102.43;102.53;1328
USDRUBF;5;20241224;175500;102.51;102.59;102.5;102.54;417
USDRUBF;5;20241224;180000;102.53;102.58;102.47;102.55;1018
USDRUBF;5;20241224;180500;102.54;102.63;102.5;102.53;2180
USDRUBF;5;20241224;181000;102.52;102.58;102.43;102.47;500
USDRUBF;5;20241224;181500;102.47;102.5;102.44;102.45;447
USDRUBF;5;20241224;182000;102.48;102.48;102.42;102.45;128
USDRUBF;5;20241224;182500;102.46;102.51;102.42;102.49;252
USDRUBF;5;20241224;183000;102.5;102.5;102.4;102.42;182
USDRUBF;5;20241224;183500;102.4;102.45;102.37;102.37;143
USDRUBF;5;20241224;184000;102.37;102.37;102.34;102.34;40
USDRUBF;5;20241224;184500;102.34;102.35;102.31;102.34;121
USDRUBF;5;20241224;190500;102.41;102.51;102.34;102.49;301
USDRUBF;5;20241224;191000;102.48;102.55;102.45;102.55;154
USDRUBF;5;20241224;191500;102.56;102.6;102.49;102.49;110
USDRUBF;5;20241224;192000;102.49;102.56;102.49;102.53;55
USDRUBF;5;20241224;192500;102.52;102.53;102.48;102.49;166
USDRUBF;5;20241224;193000;102.5;102.53;102.49;102.5;64
USDRUBF;5;20241224;193500;102.51;102.54;102.49;102.54;26
USDRUBF;5;20241224;194000;102.53;102.54;102.52;102.52;13
USDRUBF;5;20241224;194500;102.52;102.57;102.52;102.57;65
USDRUBF;5;20241224;195000;102.54;102.62;102.54;102.6;209
USDRUBF;5;20241224;195500;102.62;102.64;102.56;102.57;98
USDRUBF;5;20241224;200000;102.56;102.6;102.56;102.6;10
USDRUBF;5;20241224;200500;102.6;102.6;102.55;102.59;32
USDRUBF;5;20241224;201000;102.58;102.59;102.58;102.59;16
USDRUBF;5;20241224;201500;102.59;102.6;102.58;102.59;45
USDRUBF;5;20241224;202000;102.58;102.59;102.56;102.56;10
USDRUBF;5;20241224;202500;102.56;102.57;102.55;102.57;7
USDRUBF;5;20241224;203000;102.58;102.6;102.56;102.6;25
USDRUBF;5;20241224;203500;102.61;102.67;102.6;102.65;109
USDRUBF;5;20241224;204000;102.65;102.7;102.65;102.67;81
USDRUBF;5;20241224;204500;102.68;102.68;102.66;102.68;36
USDRUBF;5;20241224;205000;102.67;102.67;102.65;102.67;8
USDRUBF;5;20241224;205500;102.66;102.66;102.66;102.66;2
USDRUBF;5;20241224;210000;102.65;102.68;102.65;102.67;72
USDRUBF;5;20241224;210500;102.66;102.66;102.6;102.61;34
USDRUBF;5;20241224;211000;102.6;102.6;102.58;102.58;9
USDRUBF;5;20241224;211500;102.59;102.6;102.57;102.58;25
USDRUBF;5;20241224;212000;102.57;102.58;102.55;102.57;29
USDRUBF;5;20241224;212500;102.54;102.56;102.54;102.55;35
USDRUBF;5;20241224;213000;102.55;102.56;102.55;102.56;6
USDRUBF;5;20241224;213500;102.56;102.56;102.55;102.55;7
USDRUBF;5;20241224;214000;102.57;102.59;102.55;102.59;45
USDRUBF;5;20241224;214500;102.6;102.61;102.57;102.57;57
USDRUBF;5;20241224;215000;102.59;102.59;102.59;102.59;26
USDRUBF;5;20241224;215500;102.58;102.64;102.58;102.61;28
USDRUBF;5;20241224;220000;102.63;102.64;102.63;102.64;4
USDRUBF;5;20241224;220500;102.63;102.64;102.63;102.64;14
USDRUBF;5;20241224;221000;102.63;102.64;102.63;102.64;3
USDRUBF;5;20241224;221500;102.64;102.64;102.61;102.61;7
USDRUBF;5;20241224;222000;102.61;102.64;102.6;102.6;29
USDRUBF;5;20241224;223000;102.59;102.6;102.58;102.58;14
USDRUBF;5;20241224;223500;102.58;102.62;102.58;102.62;23
USDRUBF;5;20241224;225000;102.59;102.62;102.59;102.59;9
USDRUBF;5;20241224;225500;102.59;102.61;102.59;102.61;4
USDRUBF;5;20241224;230000;102.61;102.61;102.6;102.6;46
USDRUBF;5;20241224;230500;102.59;102.62;102.59;102.62;10
USDRUBF;5;20241224;231000;102.62;102.62;102.58;102.58;47
USDRUBF;5;20241224;231500;102.58;102.58;102.55;102.55;46
USDRUBF;5;20241224;232000;102.55;102.57;102.55;102.57;9
USDRUBF;5;20241224;232500;102.55;102.55;102.55;102.55;2
USDRUBF;5;20241224;233000;102.55;102.55;102.51;102.51;30
USDRUBF;5;20241224;233500;102.5;102.5;102.47;102.48;108
USDRUBF;5;20241224;234000;102.49;102.5;102.48;102.5;34
USDRUBF;5;20241224;234500;102.5;102.5;102.37;102.37;173
USDRUBF;5;20241225;100000;102.36;102.48;102.21;102.45;595
USDRUBF;5;20241225;100500;102.4;102.48;102.37;102.48;686
USDRUBF;5;20241225;101000;102.46;102.7;102.4;102.65;706
USDRUBF;5;20241225;101500;102.64;102.69;102.36;102.49;856
USDRUBF;5;20241225;102000;102.5;102.79;102.44;102.62;829
USDRUBF;5;20241225;102500;102.64;102.82;102.53;102.62;899
USDRUBF;5;20241225;103000;102.62;102.69;102.54;102.64;989
USDRUBF;5;20241225;103500;102.63;102.66;102.59;102.64;493
USDRUBF;5;20241225;104000;102.64;102.68;102.61;102.65;432
USDRUBF;5;20241225;104500;102.64;102.79;102.62;102.7;772
USDRUBF;5;20241225;105000;102.7;102.79;102.68;102.72;722
USDRUBF;5;20241225;105500;102.71;102.71;102.63;102.67;373
USDRUBF;5;20241225;110000;102.68;102.71;102.59;102.61;675
USDRUBF;5;20241225;110500;102.6;102.67;102.59;102.63;384
USDRUBF;5;20241225;111000;102.63;102.74;102.61;102.69;489
USDRUBF;5;20241225;111500;102.68;102.68;102.64;102.65;502
USDRUBF;5;20241225;112000;102.66;102.66;102.62;102.62;125
USDRUBF;5;20241225;112500;102.61;102.64;102.49;102.5;709
USDRUBF;5;20241225;113000;102.5;102.54;102.48;102.49;333
USDRUBF;5;20241225;113500;102.48;102.5;102.47;102.48;206
USDRUBF;5;20241225;114000;102.48;102.5;102.45;102.5;716
USDRUBF;5;20241225;114500;102.5;102.57;102.45;102.45;1001
USDRUBF;5;20241225;115000;102.46;102.48;102.44;102.45;292
USDRUBF;5;20241225;115500;102.46;102.58;102.46;102.56;336
USDRUBF;5;20241225;120000;102.56;102.61;102.54;102.6;323
USDRUBF;5;20241225;120500;102.58;102.63;102.57;102.63;394
USDRUBF;5;20241225;121000;102.62;102.69;102.61;102.66;560
USDRUBF;5;20241225;121500;102.66;102.73;102.63;102.73;707
USDRUBF;5;20241225;122000;102.72;102.78;102.7;102.76;787
USDRUBF;5;20241225;122500;102.76;102.77;102.71;102.72;283
USDRUBF;5;20241225;123000;102.73;102.73;102.7;102.71;416
USDRUBF;5;20241225;123500;102.71;102.73;102.62;102.68;598
USDRUBF;5;20241225;124000;102.7;102.71;102.65;102.69;177
USDRUBF;5;20241225;124500;102.69;102.72;102.63;102.66;962
USDRUBF;5;20241225;125000;102.66;102.67;102.61;102.66;338
USDRUBF;5;20241225;125500;102.65;102.68;102.61;102.66;652
USDRUBF;5;20241225;130000;102.65;102.69;102.63;102.65;571
USDRUBF;5;20241225;130500;102.65;102.68;102.64;102.65;343
USDRUBF;5;20241225;131000;102.65;102.67;102.63;102.65;133
USDRUBF;5;20241225;131500;102.65;102.67;102.57;102.6;186
USDRUBF;5;20241225;132000;102.58;102.62;102.56;102.56;544
USDRUBF;5;20241225;132500;102.56;102.6;102.53;102.54;548
USDRUBF;5;20241225;133000;102.54;102.54;102.5;102.52;638
USDRUBF;5;20241225;133500;102.53;102.54;102.51;102.53;41
USDRUBF;5;20241225;134000;102.54;102.64;102.54;102.62;439
USDRUBF;5;20241225;134500;102.62;102.68;102.62;102.66;214
USDRUBF;5;20241225;135000;102.64;102.64;102.59;102.62;204
USDRUBF;5;20241225;135500;102.61;102.62;102.58;102.6;666
USDRUBF;5;20241225;140500;102.59;102.6;102.54;102.57;202
USDRUBF;5;20241225;141000;102.59;102.59;102.52;102.55;497
USDRUBF;5;20241225;141500;102.54;102.56;102.53;102.56;229
USDRUBF;5;20241225;142000;102.56;102.56;102.53;102.53;133
USDRUBF;5;20241225;142500;102.52;102.56;102.42;102.52;748
USDRUBF;5;20241225;143000;102.52;102.53;102.46;102.46;90
USDRUBF;5;20241225;143500;102.46;102.5;102.4;102.44;1046
USDRUBF;5;20241225;144000;102.44;102.48;102.4;102.4;840
USDRUBF;5;20241225;144500;102.4;102.45;102.4;102.44;215
USDRUBF;5;20241225;145000;102.44;102.45;102.4;102.42;92
USDRUBF;5;20241225;145500;102.44;102.45;102.42;102.44;228
USDRUBF;5;20241225;150000;102.43;102.47;102.42;102.47;538
USDRUBF;5;20241225;150500;102.48;102.5;102.45;102.49;268
USDRUBF;5;20241225;151000;102.48;102.5;102.48;102.5;2127
USDRUBF;5;20241225;151500;102.5;102.5;102.42;102.49;767
USDRUBF;5;20241225;152000;102.49;102.5;102.4;102.42;587
USDRUBF;5;20241225;152500;102.43;102.48;102.41;102.48;137
USDRUBF;5;20241225;153000;102.44;102.47;102.4;102.46;120
USDRUBF;5;20241225;153500;102.45;102.49;102.42;102.48;385
USDRUBF;5;20241225;154000;102.47;102.5;102.46;102.47;243
USDRUBF;5;20241225;154500;102.5;102.5;102.45;102.49;75
USDRUBF;5;20241225;155000;102.49;102.5;102.39;102.41;175
USDRUBF;5;20241225;155500;102.42;102.46;102.4;102.42;169
USDRUBF;5;20241225;160000;102.41;102.46;102.35;102.38;298
USDRUBF;5;20241225;160500;102.38;102.39;102.3;102.34;1651
USDRUBF;5;20241225;161000;102.35;102.4;102.24;102.32;1251
USDRUBF;5;20241225;161500;102.31;102.4;102.28;102.35;775
USDRUBF;5;20241225;162000;102.34;102.38;102.27;102.33;167
USDRUBF;5;20241225;162500;102.3;102.33;102.21;102.22;875
USDRUBF;5;20241225;163000;102.22;102.23;102.06;102.11;1632
USDRUBF;5;20241225;163500;102.08;102.11;102.01;102.07;1564
USDRUBF;5;20241225;164000;102.06;102.11;102.02;102.05;806
USDRUBF;5;20241225;164500;102.06;102.11;101.86;101.9;1357
USDRUBF;5;20241225;165000;101.88;101.9;101.7;101.83;2057
USDRUBF;5;20241225;165500;101.83;101.86;101.79;101.85;803
USDRUBF;5;20241225;170000;101.84;101.86;101.81;101.83;160
USDRUBF;5;20241225;170500;101.84;101.85;101.77;101.8;936
USDRUBF;5;20241225;171000;101.8;101.84;101.76;101.84;674
USDRUBF;5;20241225;171500;101.84;101.85;101.8;101.84;1252
USDRUBF;5;20241225;172000;101.84;101.85;101.8;101.83;1044
USDRUBF;5;20241225;172500;101.85;102.1;101.85;102.07;965
USDRUBF;5;20241225;173000;102.06;102.1;101.93;101.93;307
USDRUBF;5;20241225;173500;101.96;101.98;101.95;101.96;159
USDRUBF;5;20241225;174000;101.94;101.98;101.82;101.87;298
USDRUBF;5;20241225;174500;101.87;101.99;101.87;101.94;413
USDRUBF;5;20241225;175000;101.95;101.97;101.9;101.92;273
USDRUBF;5;20241225;175500;101.94;101.95;101.92;101.92;203
USDRUBF;5;20241225;180000;101.92;101.92;101.82;101.82;918
USDRUBF;5;20241225;180500;101.82;101.89;101.79;101.84;426
USDRUBF;5;20241225;181000;101.87;102.01;101.76;101.85;1328
USDRUBF;5;20241225;181500;101.84;101.9;101.65;101.7;1318
USDRUBF;5;20241225;182000;101.7;101.7;101.66;101.7;1130
USDRUBF;5;20241225;182500;101.7;101.76;101.66;101.7;1161
USDRUBF;5;20241225;183000;101.67;101.85;101.65;101.8;1134
USDRUBF;5;20241225;183500;101.81;101.84;101.68;101.75;549
USDRUBF;5;20241225;184000;101.74;101.77;101.71;101.74;303
USDRUBF;5;20241225;184500;101.74;101.83;101.73;101.77;210
USDRUBF;5;20241225;190500;101.71;101.89;101.71;101.79;318
USDRUBF;5;20241225;191000;101.76;101.94;101.76;101.88;195
USDRUBF;5;20241225;191500;101.88;102.02;101.86;101.9;537
USDRUBF;5;20241225;192000;101.9;101.95;101.89;101.92;135
USDRUBF;5;20241225;192500;101.91;101.94;101.89;101.91;84
USDRUBF;5;20241225;193000;101.93;101.94;101.88;101.94;61
USDRUBF;5;20241225;193500;101.93;101.96;101.9;101.94;74
USDRUBF;5;20241225;194000;101.92;101.92;101.87;101.9;92
USDRUBF;5;20241225;194500;101.91;101.94;101.88;101.9;34
USDRUBF;5;20241225;195000;101.89;101.91;101.88;101.88;20
USDRUBF;5;20241225;195500;101.87;101.92;101.86;101.92;56
USDRUBF;5;20241225;200000;101.89;101.93;101.85;101.85;137
USDRUBF;5;20241225;200500;101.85;101.86;101.83;101.86;18
USDRUBF;5;20241225;201000;101.86;101.87;101.83;101.87;30
USDRUBF;5;20241225;201500;101.86;101.86;101.85;101.85;13
USDRUBF;5;20241225;202000;101.83;101.85;101.78;101.78;75
USDRUBF;5;20241225;202500;101.81;101.81;101.79;101.8;58
USDRUBF;5;20241225;203000;101.78;101.8;101.75;101.8;38
USDRUBF;5;20241225;203500;101.79;101.79;101.77;101.78;3
USDRUBF;5;20241225;204000;101.78;101.79;101.77;101.79;5
USDRUBF;5;20241225;204500;101.77;101.82;101.77;101.82;29
USDRUBF;5;20241225;205000;101.78;101.81;101.78;101.81;8
USDRUBF;5;20241225;205500;101.78;101.78;101.77;101.77;18
USDRUBF;5;20241225;210500;101.78;101.79;101.75;101.75;31
USDRUBF;5;20241225;211000;101.77;101.86;101.77;101.86;52
USDRUBF;5;20241225;211500;101.87;101.87;101.83;101.85;58
USDRUBF;5;20241225;212000;101.84;101.84;101.81;101.83;21
USDRUBF;5;20241225;212500;101.83;101.84;101.83;101.84;2
USDRUBF;5;20241225;213000;101.84;101.84;101.81;101.81;43
USDRUBF;5;20241225;213500;101.83;101.84;101.81;101.81;14
USDRUBF;5;20241225;214000;101.83;101.83;101.83;101.83;8
USDRUBF;5;20241225;214500;101.85;101.85;101.81;101.85;24
USDRUBF;5;20241225;215000;101.85;101.85;101.79;101.83;36
USDRUBF;5;20241225;215500;101.83;101.83;101.83;101.83;4
USDRUBF;5;20241225;220000;101.82;101.82;101.82;101.82;2
USDRUBF;5;20241225;220500;101.83;101.89;101.83;101.85;75
USDRUBF;5;20241225;221000;101.86;101.86;101.86;101.86;1
USDRUBF;5;20241225;221500;101.88;101.89;101.87;101.89;26
USDRUBF;5;20241225;222000;101.9;101.9;101.88;101.88;19
USDRUBF;5;20241225;222500;101.89;101.89;101.86;101.87;6
USDRUBF;5;20241225;223000;101.88;101.9;101.86;101.89;32
USDRUBF;5;20241225;223500;101.86;101.89;101.86;101.88;3
USDRUBF;5;20241225;224000;101.85;101.85;101.84;101.84;16
USDRUBF;5;20241225;224500;101.84;101.84;101.84;101.84;2
USDRUBF;5;20241225;225000;101.87;101.87;101.87;101.87;7
USDRUBF;5;20241225;225500;101.87;101.9;101.87;101.89;58
USDRUBF;5;20241225;230000;101.89;101.91;101.89;101.91;63
USDRUBF;5;20241225;230500;101.91;101.93;101.91;101.93;48
USDRUBF;5;20241225;231000;101.94;101.94;101.89;101.91;155
USDRUBF;5;20241225;231500;101.89;101.9;101.89;101.9;9
USDRUBF;5;20241225;232000;101.89;101.91;101.88;101.91;54
USDRUBF;5;20241225;232500;101.88;101.88;101.86;101.87;23
USDRUBF;5;20241225;233000;101.86;101.88;101.86;101.88;7
USDRUBF;5;20241225;233500;101.88;101.91;101.88;101.91;46
USDRUBF;5;20241225;234000;101.92;101.94;101.9;101.91;27
USDRUBF;5;20241225;234500;101.9;101.92;101.83;101.92;42
USDRUBF;5;20241226;100000;101.93;101.93;101.57;101.9;1043
USDRUBF;5;20241226;100500;101.87;101.94;101.68;101.68;1583
USDRUBF;5;20241226;101000;101.71;101.77;101.67;101.75;971
USDRUBF;5;20241226;101500;101.75;101.87;101.75;101.84;737
USDRUBF;5;20241226;102000;101.82;101.82;101.75;101.82;418
USDRUBF;5;20241226;102500;101.84;101.85;101.77;101.83;532
USDRUBF;5;20241226;103000;101.84;101.91;101.81;101.89;384
USDRUBF;5;20241226;103500;101.91;101.94;101.89;101.9;424
USDRUBF;5;20241226;104000;101.9;101.95;101.87;101.94;264
USDRUBF;5;20241226;104500;101.94;101.99;101.91;101.99;726
USDRUBF;5;20241226;105000;101.99;102.05;101.97;102.05;556
USDRUBF;5;20241226;105500;102.05;102.07;101.97;102.02;1010
USDRUBF;5;20241226;110000;102.01;102.06;101.98;102.05;658
USDRUBF;5;20241226;110500;102.05;102.14;102.02;102.11;1087
USDRUBF;5;20241226;111000;102.12;102.12;102.02;102.04;572
USDRUBF;5;20241226;111500;102.05;102.06;101.98;102;668
USDRUBF;5;20241226;112000;102;102;101.95;101.96;245
USDRUBF;5;20241226;112500;101.97;101.98;101.9;101.92;542
USDRUBF;5;20241226;113000;101.94;101.99;101.93;101.99;345
USDRUBF;5;20241226;113500;101.99;102.03;101.97;102.03;410
USDRUBF;5;20241226;114000;102.03;102.04;101.96;101.98;675
USDRUBF;5;20241226;114500;101.98;102.01;101.97;101.99;290
USDRUBF;5;20241226;115000;101.98;102.15;101.92;102.15;1353
USDRUBF;5;20241226;115500;102.12;102.23;101.93;101.97;2098
USDRUBF;5;20241226;120000;101.97;102.01;101.9;101.95;996
USDRUBF;5;20241226;120500;101.94;101.97;101.81;101.83;1165
USDRUBF;5;20241226;121000;101.83;101.85;101.75;101.85;754
USDRUBF;5;20241226;121500;101.85;101.86;101.67;101.67;1217
USDRUBF;5;20241226;122000;101.67;101.69;101.62;101.63;645
USDRUBF;5;20241226;122500;101.63;101.69;101.63;101.69;407
USDRUBF;5;20241226;123000;101.7;101.7;101.61;101.63;262
USDRUBF;5;20241226;123500;101.62;101.7;101.54;101.59;1445
USDRUBF;5;20241226;124000;101.58;101.74;101.58;101.74;2115
USDRUBF;5;20241226;124500;101.69;101.76;101.65;101.7;1289
USDRUBF;5;20241226;125000;101.72;101.74;101.66;101.7;220
USDRUBF;5;20241226;125500;101.71;101.75;101.68;101.7;671
USDRUBF;5;20241226;130000;101.7;101.74;101.57;101.59;376
USDRUBF;5;20241226;130500;101.6;101.75;101.57;101.68;1514
USDRUBF;5;20241226;131000;101.68;101.68;101.54;101.58;595
USDRUBF;5;20241226;131500;101.58;101.58;101.52;101.52;170
USDRUBF;5;20241226;132000;101.53;101.56;101.53;101.56;159
USDRUBF;5;20241226;132500;101.57;101.58;101.53;101.55;189
USDRUBF;5;20241226;133000;101.54;101.54;101.5;101.5;661
USDRUBF;5;20241226;133500;101.5;101.5;101.42;101.5;766
USDRUBF;5;20241226;134000;101.48;101.69;101.48;101.69;362
USDRUBF;5;20241226;134500;101.69;101.7;101.62;101.65;423
USDRUBF;5;20241226;135000;101.61;101.61;101.52;101.52;131
USDRUBF;5;20241226;135500;101.51;101.55;101.49;101.55;318
USDRUBF;5;20241226;140500;101.58;101.59;101.57;101.59;103
USDRUBF;5;20241226;141000;101.58;101.58;101.53;101.58;122
USDRUBF;5;20241226;141500;101.58;101.59;101.56;101.58;122
USDRUBF;5;20241226;142000;101.56;101.58;101.49;101.53;270
USDRUBF;5;20241226;142500;101.49;101.49;101.2;101.25;4010
USDRUBF;5;20241226;143000;101.26;101.3;101.26;101.3;1458
USDRUBF;5;20241226;143500;101.3;101.3;101.1;101.25;1659
USDRUBF;5;20241226;144000;101.25;101.38;101.19;101.34;1077
USDRUBF;5;20241226;144500;101.34;101.39;101.33;101.38;188
USDRUBF;5;20241226;145000;101.35;101.35;101.3;101.31;293
USDRUBF;5;20241226;145500;101.33;101.34;101.32;101.33;58
USDRUBF;5;20241226;150000;101.34;101.38;101.32;101.37;188
USDRUBF;5;20241226;150500;101.37;101.37;101.2;101.23;1541
USDRUBF;5;20241226;151000;101.23;101.23;101.17;101.18;805
USDRUBF;5;20241226;151500;101.17;101.21;101.05;101.21;4827
USDRUBF;5;20241226;152000;101.2;101.23;101.18;101.23;630
USDRUBF;5;20241226;152500;101.22;101.22;101.16;101.19;84
USDRUBF;5;20241226;153000;101.18;101.18;101.01;101.12;1514
USDRUBF;5;20241226;153500;101.1;101.13;100.96;101.01;2493
USDRUBF;5;20241226;154000;101.01;101.04;100.97;101;403
USDRUBF;5;20241226;154500;101;101.06;100.98;101.06;975
USDRUBF;5;20241226;155000;101.05;101.06;101.02;101.03;333
USDRUBF;5;20241226;155500;101.04;101.04;100.97;101.01;769
USDRUBF;5;20241226;160000;101.01;101.01;100.83;100.83;2393
USDRUBF;5;20241226;160500;100.83;100.9;100.82;100.86;384
USDRUBF;5;20241226;161000;100.88;100.92;100.86;100.88;374
USDRUBF;5;20241226;161500;100.9;100.94;100.89;100.94;481
USDRUBF;5;20241226;162000;100.91;100.94;100.9;100.94;432
USDRUBF;5;20241226;162500;100.95;101;100.9;101;451
USDRUBF;5;20241226;163000;100.98;101.03;100.94;100.98;778
USDRUBF;5;20241226;163500;100.96;100.96;100.87;100.9;855
USDRUBF;5;20241226;164000;100.91;100.96;100.91;100.95;249
USDRUBF;5;20241226;164500;100.93;100.95;100.9;100.9;62
USDRUBF;5;20241226;165000;100.91;100.92;100.9;100.92;1422
USDRUBF;5;20241226;165500;100.92;101.01;100.91;100.99;497
USDRUBF;5;20241226;170000;101.01;101.06;100.92;100.94;557
USDRUBF;5;20241226;170500;100.94;100.97;100.9;100.94;137
USDRUBF;5;20241226;171000;100.94;100.95;100.94;100.95;382
USDRUBF;5;20241226;171500;100.95;101.05;100.95;101.02;1417
USDRUBF;5;20241226;172000;101.02;101.02;100.92;101.01;1619
USDRUBF;5;20241226;172500;101.02;101.08;100.92;101.04;648
USDRUBF;5;20241226;173000;101.05;101.15;101.02;101.05;429
USDRUBF;5;20241226;173500;101;101.03;100.97;100.97;227
USDRUBF;5;20241226;174000;100.96;100.98;100.8;100.92;1000
USDRUBF;5;20241226;174500;100.91;100.97;100.85;100.89;551
USDRUBF;5;20241226;175000;100.88;100.97;100.85;100.95;230
USDRUBF;5;20241226;175500;100.94;101.01;100.9;100.98;589
USDRUBF;5;20241226;180000;100.98;101.1;100.92;101.1;1213
USDRUBF;5;20241226;180500;101.1;101.1;100.98;101.04;959
USDRUBF;5;20241226;181000;101.01;101.09;101.01;101.04;385
USDRUBF;5;20241226;181500;101.05;101.05;101.02;101.04;288
USDRUBF;5;20241226;182000;101.04;101.09;101.03;101.06;188
USDRUBF;5;20241226;182500;101.07;101.08;101.06;101.06;215
USDRUBF;5;20241226;183000;101.06;101.08;101.05;101.05;287
USDRUBF;5;20241226;183500;101.08;101.08;101.01;101.03;257
USDRUBF;5;20241226;184000;101.04;101.06;101;101;434
USDRUBF;5;20241226;184500;101;101.04;101;101.02;438
USDRUBF;5;20241226;190500;101.09;101.12;101.04;101.09;452
USDRUBF;5;20241226;191000;101.09;101.09;100.98;100.98;359
USDRUBF;5;20241226;191500;101.02;101.03;101.02;101.02;80
USDRUBF;5;20241226;192000;101.04;101.06;101.02;101.02;74
USDRUBF;5;20241226;192500;101.02;101.08;101.02;101.08;112
USDRUBF;5;20241226;193000;101.05;101.08;101.04;101.05;40
USDRUBF;5;20241226;193500;101.05;101.07;101.03;101.03;52
USDRUBF;5;20241226;194000;101.06;101.06;101.04;101.06;26
USDRUBF;5;20241226;194500;101.05;101.06;101.03;101.06;80
USDRUBF;5;20241226;195000;101.03;101.06;101.03;101.04;16
USDRUBF;5;20241226;195500;101.05;101.05;101.02;101.02;24
USDRUBF;5;20241226;200000;101.03;101.04;101.03;101.04;19
USDRUBF;5;20241226;200500;101.04;101.04;101.04;101.04;6
USDRUBF;5;20241226;201000;101.05;101.1;101;101;562
USDRUBF;5;20241226;201500;101.03;101.03;100.99;101;118
USDRUBF;5;20241226;202000;101.02;101.02;100.98;100.98;112
USDRUBF;5;20241226;202500;101.01;101.03;100.98;101.03;44
USDRUBF;5;20241226;203000;101.02;101.03;101.02;101.03;7
USDRUBF;5;20241226;203500;101.03;101.06;101.02;101.06;76
USDRUBF;5;20241226;204000;101.02;101.06;101.02;101.05;58
USDRUBF;5;20241226;204500;101.05;101.08;101.01;101.01;51
USDRUBF;5;20241226;205000;101.05;101.05;100.98;100.98;71
USDRUBF;5;20241226;205500;101.02;101.02;100.99;101.01;11
USDRUBF;5;20241226;210000;100.99;101.02;100.99;101.02;18
USDRUBF;5;20241226;210500;101.02;101.06;100.99;100.99;64
USDRUBF;5;20241226;211000;100.99;101.02;100.99;101;9
USDRUBF;5;20241226;211500;101.02;101.03;101.01;101.01;17
USDRUBF;5;20241226;212000;101.01;101.04;101.01;101.02;3
USDRUBF;5;20241226;212500;101.04;101.08;101.03;101.03;69
USDRUBF;5;20241226;213000;101.02;101.07;101.02;101.07;20
USDRUBF;5;20241226;213500;101.08;101.09;101.05;101.07;92
USDRUBF;5;20241226;214000;101.07;101.07;101.07;101.07;6
USDRUBF;5;20241226;214500;101.05;101.05;101.05;101.05;9
USDRUBF;5;20241226;215000;101.07;101.11;101.05;101.11;71
USDRUBF;5;20241226;215500;101.11;101.13;101.09;101.13;19
USDRUBF;5;20241226;220000;101.13;101.15;101.12;101.14;141
USDRUBF;5;20241226;220500;101.14;101.14;101.09;101.09;113
USDRUBF;5;20241226;221000;101.08;101.08;101.08;101.08;1
USDRUBF;5;20241226;221500;101.07;101.07;101.03;101.07;63
USDRUBF;5;20241226;222000;101.04;101.04;101.02;101.02;36
USDRUBF;5;20241226;222500;101.02;101.04;101.01;101.04;47
USDRUBF;5;20241226;223000;101.04;101.05;101.04;101.05;11
USDRUBF;5;20241226;223500;101.03;101.04;101.01;101.04;18
USDRUBF;5;20241226;224000;101.01;101.03;100.98;101.03;118
USDRUBF;5;20241226;224500;101;101.02;100.99;101;41
USDRUBF;5;20241226;225000;100.99;101.01;100.98;101.01;117
USDRUBF;5;20241226;225500;101;101.1;101;101.07;221
USDRUBF;5;20241226;230000;101.05;101.07;101.02;101.02;17
USDRUBF;5;20241226;230500;101.03;101.03;100.99;100.99;96
USDRUBF;5;20241226;231000;100.99;101;100.98;100.98;195
USDRUBF;5;20241226;231500;100.98;100.98;100.9;100.93;158
USDRUBF;5;20241226;232000;100.9;100.9;100.85;100.86;92
USDRUBF;5;20241226;232500;100.85;100.85;100.76;100.76;383
USDRUBF;5;20241226;233000;100.75;100.78;100.73;100.77;64
USDRUBF;5;20241226;233500;100.76;100.76;100.73;100.75;26
USDRUBF;5;20241226;234000;100.75;100.84;100.75;100.84;99
USDRUBF;5;20241226;234500;100.84;100.93;100.84;100.87;225
USDRUBF;5;20241227;100000;100.95;101.24;100.86;100.91;1778
USDRUBF;5;20241227;100500;100.95;101.27;100.93;101.23;1867
USDRUBF;5;20241227;101000;101.23;101.27;101.2;101.27;1136
USDRUBF;5;20241227;101500;101.26;101.29;101.05;101.18;3129
USDRUBF;5;20241227;102000;101.19;101.22;100.92;101.03;1131
USDRUBF;5;20241227;102500;101.06;101.07;101;101.04;1196
USDRUBF;5;20241227;103000;101.05;101.1;101.02;101.06;1197
USDRUBF;5;20241227;103500;101.06;101.09;101;101.09;651
USDRUBF;5;20241227;104000;101.09;101.1;101.01;101.03;648
USDRUBF;5;20241227;104500;101.01;101.1;100.98;101.1;446
USDRUBF;5;20241227;105000;101.1;101.33;101.07;101.27;1901
USDRUBF;5;20241227;105500;101.27;101.32;101.13;101.28;595
USDRUBF;5;20241227;110000;101.29;101.35;101.18;101.2;867
USDRUBF;5;20241227;110500;101.2;101.25;101.2;101.25;182
USDRUBF;5;20241227;111000;101.23;101.3;101.2;101.3;590
USDRUBF;5;20241227;111500;101.29;101.56;101.28;101.48;3406
USDRUBF;5;20241227;112000;101.48;101.51;101.41;101.5;1126
USDRUBF;5;20241227;112500;101.5;101.53;101.44;101.51;987
USDRUBF;5;20241227;113000;101.51;101.82;101.48;101.77;1656
USDRUBF;5;20241227;113500;101.77;101.84;101.41;101.45;2186
USDRUBF;5;20241227;114000;101.44;101.56;101.41;101.52;937
USDRUBF;5;20241227;114500;101.52;101.64;101.5;101.63;500
USDRUBF;5;20241227;115000;101.63;101.63;101.35;101.4;839
USDRUBF;5;20241227;115500;101.37;101.47;101.33;101.35;631
USDRUBF;5;20241227;120000;101.34;101.4;101.29;101.32;1209
USDRUBF;5;20241227;120500;101.31;101.42;101.31;101.4;377
USDRUBF;5;20241227;121000;101.4;101.51;101.4;101.51;508
USDRUBF;5;20241227;121500;101.5;101.64;101.47;101.6;1255
USDRUBF;5;20241227;122000;101.61;101.85;101.59;101.74;4545
USDRUBF;5;20241227;122500;101.75;101.9;101.69;101.85;4543
USDRUBF;5;20241227;123000;101.84;101.97;101.81;101.97;1897
USDRUBF;5;20241227;123500;101.94;101.94;101.82;101.88;1250
USDRUBF;5;20241227;124000;101.88;102.19;101.87;102.13;3867
USDRUBF;5;20241227;124500;102.1;102.23;102.1;102.14;1659
USDRUBF;5;20241227;125000;102.16;102.22;102.1;102.19;2030
USDRUBF;5;20241227;125500;102.2;102.62;102.07;102.31;6730
USDRUBF;5;20241227;130000;102.3;102.3;102.2;102.2;1787
USDRUBF;5;20241227;130500;102.22;102.27;102.14;102.2;1177
USDRUBF;5;20241227;131000;102.22;102.26;102.09;102.15;1332
USDRUBF;5;20241227;131500;102.12;102.28;102.09;102.21;2087
USDRUBF;5;20241227;132000;102.2;102.25;102.13;102.14;596
USDRUBF;5;20241227;132500;102.14;102.26;102.08;102.24;747
USDRUBF;5;20241227;133000;102.28;102.34;102.17;102.28;920
USDRUBF;5;20241227;133500;102.29;102.43;102.29;102.3;1354
USDRUBF;5;20241227;134000;102.3;102.34;102.16;102.28;1308
USDRUBF;5;20241227;134500;102.3;102.37;102.21;102.25;1351
USDRUBF;5;20241227;135000;102.25;102.33;102.22;102.24;717
USDRUBF;5;20241227;135500;102.25;102.35;102.22;102.24;851
USDRUBF;5;20241227;140500;102.25;102.29;102.22;102.27;886
USDRUBF;5;20241227;141000;102.27;102.33;102.25;102.3;452
USDRUBF;5;20241227;141500;102.3;102.37;102.29;102.29;968
USDRUBF;5;20241227;142000;102.3;102.37;102.28;102.3;1066
USDRUBF;5;20241227;142500;102.29;102.39;102.29;102.38;549
USDRUBF;5;20241227;143000;102.35;102.85;102.35;102.56;3159
USDRUBF;5;20241227;143500;102.57;102.72;102.57;102.68;2358
USDRUBF;5;20241227;144000;102.68;102.76;102.56;102.75;1080
USDRUBF;5;20241227;144500;102.76;102.8;102.52;102.57;1927
USDRUBF;5;20241227;145000;102.56;102.61;102.3;102.54;2033
USDRUBF;5;20241227;145500;102.56;102.71;102.53;102.65;1044
USDRUBF;5;20241227;150000;102.67;103;102.64;102.88;1485
USDRUBF;5;20241227;150500;102.89;102.92;102.6;102.88;2555
USDRUBF;5;20241227;151000;102.88;103.24;102.88;103.15;3317
USDRUBF;5;20241227;151500;103.18;103.24;102.68;102.77;3242
USDRUBF;5;20241227;152000;102.77;102.82;102.63;102.75;1529
USDRUBF;5;20241227;152500;102.75;102.82;102.56;102.56;1101
USDRUBF;5;20241227;153000;102.55;102.73;102.41;102.69;1975
USDRUBF;5;20241227;153500;102.69;102.73;102.53;102.55;705
USDRUBF;5;20241227;154000;102.54;102.57;102.45;102.53;926
USDRUBF;5;20241227;154500;102.53;102.53;102.37;102.42;926
USDRUBF;5;20241227;155000;102.42;102.44;102.26;102.39;861
USDRUBF;5;20241227;155500;102.39;102.4;102.3;102.32;481
USDRUBF;5;20241227;160000;102.35;102.37;102.21;102.26;575
USDRUBF;5;20241227;160500;102.26;102.36;102.07;102.1;1828
USDRUBF;5;20241227;161000;102.12;102.4;102.08;102.37;2254
USDRUBF;5;20241227;161500;102.39;102.51;102.07;102.08;2220
USDRUBF;5;20241227;162000;102.1;102.2;102.05;102.11;1185
USDRUBF;5;20241227;162500;102.12;102.14;102.02;102.04;549
USDRUBF;5;20241227;163000;102.07;102.13;101.95;102.02;1513
USDRUBF;5;20241227;163500;101.98;102.04;101.88;102.02;807
USDRUBF;5;20241227;164000;102;102.23;101.92;102.16;1137
USDRUBF;5;20241227;164500;102.16;102.37;102.09;102.29;1252
USDRUBF;5;20241227;165000;102.29;102.63;102.27;102.53;1918
USDRUBF;5;20241227;165500;102.5;102.54;102.23;102.3;619
USDRUBF;5;20241227;170000;102.29;102.34;102.17;102.3;1450
USDRUBF;5;20241227;170500;102.31;102.34;102.31;102.33;84
USDRUBF;5;20241227;171000;102.32;102.34;102.28;102.34;452
USDRUBF;5;20241227;171500;102.31;102.33;102.21;102.21;377
USDRUBF;5;20241227;172000;102.21;102.25;102.14;102.17;362
USDRUBF;5;20241227;172500;102.17;102.25;102.01;102.08;1345
USDRUBF;5;20241227;173000;102.02;102.06;101.54;101.68;3667
USDRUBF;5;20241227;173500;101.68;101.84;101.61;101.72;2641
USDRUBF;5;20241227;174000;101.72;101.72;101.47;101.49;1630
USDRUBF;5;20241227;174500;101.49;101.55;101.38;101.5;1728
USDRUBF;5;20241227;175000;101.49;101.5;101.32;101.4;1315
USDRUBF;5;20241227;175500;101.4;101.53;101.4;101.53;677
USDRUBF;5;20241227;180000;101.52;101.76;101.45;101.75;1459
USDRUBF;5;20241227;180500;101.72;101.76;101.59;101.6;592
USDRUBF;5;20241227;181000;101.62;101.7;101.56;101.7;334
USDRUBF;5;20241227;181500;101.68;101.69;101.62;101.64;459
USDRUBF;5;20241227;182000;101.64;101.66;101.56;101.57;529
USDRUBF;5;20241227;182500;101.62;101.65;101.56;101.65;332
USDRUBF;5;20241227;183000;101.65;101.71;101.6;101.66;463
USDRUBF;5;20241227;183500;101.7;101.79;101.68;101.79;571
USDRUBF;5;20241227;184000;101.79;101.83;101.74;101.75;319
USDRUBF;5;20241227;184500;101.74;101.79;101.73;101.75;390
USDRUBF;5;20241227;190500;101.81;101.81;101.69;101.79;478
USDRUBF;5;20241227;191000;101.75;101.79;101.72;101.76;207
USDRUBF;5;20241227;191500;101.73;101.75;101.66;101.69;123
USDRUBF;5;20241227;192000;101.69;101.82;101.65;101.82;223
USDRUBF;5;20241227;192500;101.82;101.86;101.74;101.8;242
USDRUBF;5;20241227;193000;101.76;101.84;101.75;101.84;184
USDRUBF;5;20241227;193500;101.82;101.87;101.76;101.8;194
USDRUBF;5;20241227;194000;101.75;101.79;101.7;101.79;152
USDRUBF;5;20241227;194500;101.8;101.82;101.75;101.77;135
USDRUBF;5;20241227;195000;101.77;101.87;101.76;101.87;383
USDRUBF;5;20241227;195500;101.85;101.94;101.82;101.87;381
USDRUBF;5;20241227;200000;101.92;101.94;101.78;101.85;188
USDRUBF;5;20241227;200500;101.81;101.92;101.81;101.9;61
USDRUBF;5;20241227;201000;101.92;101.96;101.87;101.88;372
USDRUBF;5;20241227;201500;101.9;102;101.9;101.96;331
USDRUBF;5;20241227;202000;101.95;102.08;101.95;102.05;288
USDRUBF;5;20241227;202500;102.03;102.03;101.93;101.93;200
USDRUBF;5;20241227;203000;101.92;101.95;101.89;101.94;126
USDRUBF;5;20241227;203500;101.91;101.95;101.91;101.95;30
USDRUBF;5;20241227;204000;101.91;101.95;101.91;101.93;100
USDRUBF;5;20241227;204500;101.94;101.97;101.89;101.89;213
USDRUBF;5;20241227;205000;101.88;101.88;101.83;101.85;84
USDRUBF;5;20241227;205500;101.86;101.88;101.86;101.87;22
USDRUBF;5;20241227;210000;101.84;101.86;101.83;101.86;52
USDRUBF;5;20241227;210500;101.86;101.86;101.77;101.79;70
USDRUBF;5;20241227;211000;101.79;101.81;101.77;101.81;79
USDRUBF;5;20241227;211500;101.8;101.82;101.78;101.82;34
USDRUBF;5;20241227;212000;101.79;101.79;101.72;101.73;120
USDRUBF;5;20241227;212500;101.73;101.78;101.7;101.74;104
USDRUBF;5;20241227;213000;101.73;101.77;101.7;101.77;83
USDRUBF;5;20241227;213500;101.74;101.78;101.7;101.78;124
USDRUBF;5;20241227;214000;101.78;101.8;101.76;101.76;52
USDRUBF;5;20241227;214500;101.8;101.83;101.79;101.83;30
USDRUBF;5;20241227;215000;101.81;101.85;101.81;101.83;26
USDRUBF;5;20241227;215500;101.82;101.86;101.82;101.85;15
USDRUBF;5;20241227;220000;101.83;101.83;101.7;101.71;126
USDRUBF;5;20241227;220500;101.72;101.81;101.7;101.77;122
USDRUBF;5;20241227;221000;101.77;101.82;101.77;101.82;68
USDRUBF;5;20241227;221500;101.81;101.83;101.8;101.8;12
USDRUBF;5;20241227;222000;101.83;101.83;101.72;101.72;145
USDRUBF;5;20241227;222500;101.74;101.75;101.72;101.74;39
USDRUBF;5;20241227;223000;101.74;101.83;101.73;101.8;175
USDRUBF;5;20241227;223500;101.78;101.78;101.72;101.73;516
USDRUBF;5;20241227;224000;101.75;101.76;101.73;101.73;17
USDRUBF;5;20241227;224500;101.74;101.74;101.61;101.7;574
USDRUBF;5;20241227;225000;101.66;101.71;101.6;101.65;504
USDRUBF;5;20241227;225500;101.6;101.67;101.59;101.61;131
USDRUBF;5;20241227;230000;101.62;101.67;101.61;101.67;138
USDRUBF;5;20241227;230500;101.65;101.69;101.65;101.69;39
USDRUBF;5;20241227;231000;101.7;101.7;101.69;101.7;89
USDRUBF;5;20241227;231500;101.73;101.77;101.71;101.77;16
USDRUBF;5;20241227;232000;101.76;101.78;101.74;101.78;62
USDRUBF;5;20241227;232500;101.78;101.78;101.76;101.76;5
USDRUBF;5;20241227;233000;101.77;101.79;101.75;101.75;43
USDRUBF;5;20241227;233500;101.74;101.76;101.74;101.76;22
USDRUBF;5;20241227;234000;101.77;101.82;101.73;101.75;36
USDRUBF;5;20241227;234500;101.76;101.84;101.76;101.78;43
USDRUBF;5;20241228;100000;101.84;102.2;101.84;101.98;683
USDRUBF;5;20241228;100500;101.97;102.1;101.95;102.08;383
USDRUBF;5;20241228;101000;102.09;102.19;102.08;102.15;392
USDRUBF;5;20241228;101500;102.15;102.19;102.14;102.16;236
USDRUBF;5;20241228;102000;102.17;102.3;102.17;102.3;495
USDRUBF;5;20241228;102500;102.27;102.35;102.19;102.22;365
USDRUBF;5;20241228;103000;102.18;102.21;101.88;102.13;1624
USDRUBF;5;20241228;103500;102.07;102.08;101.92;101.92;170
USDRUBF;5;20241228;104000;101.93;102.13;101.93;102.13;209
USDRUBF;5;20241228;104500;102.13;102.19;102.13;102.18;52
USDRUBF;5;20241228;105000;102.14;102.17;102.13;102.16;56
USDRUBF;5;20241228;105500;102.15;102.29;102.15;102.26;365
USDRUBF;5;20241228;110000;102.26;102.34;102.15;102.17;266
USDRUBF;5;20241228;110500;102.18;102.3;102.18;102.3;194
USDRUBF;5;20241228;111000;102.3;102.33;102.09;102.21;562
USDRUBF;5;20241228;111500;102.2;102.25;102.04;102.05;928
USDRUBF;5;20241228;112000;102.06;102.2;101.98;102.07;485
USDRUBF;5;20241228;112500;102.07;102.1;101.9;101.95;331
USDRUBF;5;20241228;113000;101.92;101.95;101.73;101.81;796
USDRUBF;5;20241228;113500;101.81;101.81;101.71;101.76;577
USDRUBF;5;20241228;114000;101.77;101.86;101.74;101.8;373
USDRUBF;5;20241228;114500;101.84;101.84;101.77;101.81;161
USDRUBF;5;20241228;115000;101.83;101.86;101.61;101.72;1097
USDRUBF;5;20241228;115500;101.72;102;101.72;101.79;1726
USDRUBF;5;20241228;120000;101.79;101.9;101.78;101.86;311
USDRUBF;5;20241228;120500;101.84;101.87;101.84;101.84;288
USDRUBF;5;20241228;121000;101.84;101.86;101.8;101.8;81
USDRUBF;5;20241228;121500;101.8;101.85;101.77;101.85;226
USDRUBF;5;20241228;122000;101.85;101.86;101.77;101.82;194
USDRUBF;5;20241228;122500;101.81;101.81;101.71;101.79;347
USDRUBF;5;20241228;123000;101.74;101.75;101.66;101.72;436
USDRUBF;5;20241228;123500;101.71;101.75;101.63;101.68;253
USDRUBF;5;20241228;124000;101.69;101.69;101.62;101.63;267
USDRUBF;5;20241228;124500;101.63;101.63;101.5;101.54;444
USDRUBF;5;20241228;125000;101.53;101.6;101.51;101.6;260
USDRUBF;5;20241228;125500;101.6;101.7;101.6;101.7;77
USDRUBF;5;20241228;130000;101.68;101.77;101.67;101.75;114
USDRUBF;5;20241228;130500;101.74;101.74;101.68;101.7;149
USDRUBF;5;20241228;131000;101.67;101.72;101.57;101.72;486
USDRUBF;5;20241228;131500;101.73;101.73;101.59;101.65;384
USDRUBF;5;20241228;132000;101.63;101.66;101.6;101.65;126
USDRUBF;5;20241228;132500;101.65;101.68;101.62;101.66;203
USDRUBF;5;20241228;133000;101.66;101.78;101.65;101.7;490
USDRUBF;5;20241228;133500;101.74;101.75;101.64;101.64;461
USDRUBF;5;20241228;134000;101.65;101.68;101.55;101.68;827
USDRUBF;5;20241228;134500;101.69;101.75;101.61;101.69;711
USDRUBF;5;20241228;135000;101.66;101.84;101.66;101.79;482
USDRUBF;5;20241228;135500;101.78;101.87;101.78;101.84;310
USDRUBF;5;20241228;140500;101.81;101.85;101.77;101.85;321
USDRUBF;5;20241228;141000;101.86;101.89;101.77;101.81;690
USDRUBF;5;20241228;141500;101.84;101.86;101.8;101.81;352
USDRUBF;5;20241228;142000;101.82;101.93;101.81;101.87;475
USDRUBF;5;20241228;142500;101.9;101.96;101.83;101.93;550
USDRUBF;5;20241228;143000;101.94;102.08;101.87;101.87;1274
USDRUBF;5;20241228;143500;101.88;102.03;101.87;101.94;741
USDRUBF;5;20241228;144000;101.98;101.98;101.89;101.9;169
USDRUBF;5;20241228;144500;101.9;102.12;101.9;102.12;448
USDRUBF;5;20241228;145000;102.1;102.2;101.98;102.14;1402
USDRUBF;5;20241228;145500;102.12;102.23;102.12;102.15;611
USDRUBF;5;20241228;150000;102.2;102.26;102.08;102.15;799
USDRUBF;5;20241228;150500;102.16;102.2;102.13;102.2;853
USDRUBF;5;20241228;151000;102.2;102.22;102.17;102.21;225
USDRUBF;5;20241228;151500;102.19;102.22;102.17;102.19;158
USDRUBF;5;20241228;152000;102.19;102.21;102.17;102.2;969
USDRUBF;5;20241228;152500;102.21;102.27;102.2;102.24;1245
USDRUBF;5;20241228;153000;102.22;102.27;102.16;102.26;1346
USDRUBF;5;20241228;153500;102.24;102.27;102.24;102.27;754
USDRUBF;5;20241228;154000;102.27;102.27;102.21;102.24;760
USDRUBF;5;20241228;154500;102.24;102.27;102.21;102.24;588
USDRUBF;5;20241228;155000;102.23;102.26;102.19;102.19;381
USDRUBF;5;20241228;155500;102.2;102.23;102.18;102.18;206
USDRUBF;5;20241228;160000;102.18;102.2;102.14;102.17;268
USDRUBF;5;20241228;160500;102.15;102.15;101.88;101.92;934
USDRUBF;5;20241228;161000;101.91;102.04;101.91;102.02;967
USDRUBF;5;20241228;161500;102.02;102.05;102.02;102.05;391
USDRUBF;5;20241228;162000;102.08;102.08;102;102;215
USDRUBF;5;20241228;162500;102;102.09;101.95;102.01;821
USDRUBF;5;20241228;163000;102;102.02;101.97;101.98;613
USDRUBF;5;20241228;163500;101.97;102.12;101.93;102.07;233
USDRUBF;5;20241228;164000;102.08;102.09;101.99;101.99;201
USDRUBF;5;20241228;164500;101.99;101.99;101.85;101.88;496
USDRUBF;5;20241228;165000;101.88;101.97;101.88;101.93;123
USDRUBF;5;20241228;165500;101.91;101.95;101.91;101.95;7
USDRUBF;5;20241228;170000;101.98;101.98;101.93;101.94;251
USDRUBF;5;20241228;170500;101.92;101.92;101.81;101.9;83
USDRUBF;5;20241228;171000;101.91;101.95;101.89;101.95;134
USDRUBF;5;20241228;171500;101.95;101.97;101.92;101.93;121
USDRUBF;5;20241228;172000;101.94;101.94;101.87;101.93;189
USDRUBF;5;20241228;172500;101.93;101.94;101.77;101.83;1266
USDRUBF;5;20241228;173000;101.79;101.93;101.77;101.91;369
USDRUBF;5;20241228;173500;101.92;101.94;101.83;101.88;130
USDRUBF;5;20241228;174000;101.88;101.98;101.8;101.9;476
USDRUBF;5;20241228;174500;101.91;101.99;101.91;101.91;124
USDRUBF;5;20241228;175000;101.96;102.07;101.88;101.9;1762
USDRUBF;5;20241228;175500;101.9;101.98;101.81;101.83;364
USDRUBF;5;20241228;180000;101.84;101.99;101.84;101.95;403
USDRUBF;5;20241228;180500;101.95;101.99;101.93;101.96;240
USDRUBF;5;20241228;181000;101.97;101.99;101.95;101.98;482
USDRUBF;5;20241228;181500;101.98;102.01;101.96;101.96;310
USDRUBF;5;20241228;182000;101.99;102.01;101.91;101.98;682
USDRUBF;5;20241228;182500;101.99;102.05;101.99;102.03;478
USDRUBF;5;20241228;183000;102.03;102.1;102.03;102.1;394
USDRUBF;5;20241228;183500;102.11;102.15;102.11;102.14;535
USDRUBF;5;20241228;184000;102.14;102.15;102.07;102.07;240
USDRUBF;5;20241228;184500;102.08;102.12;102.05;102.09;265
USDRUBF;5;20241228;190500;102.1;102.17;102.06;102.15;202
USDRUBF;5;20241228;191000;102.15;102.16;102.12;102.15;240
USDRUBF;5;20241228;191500;102.15;102.15;102.04;102.05;118
USDRUBF;5;20241228;192000;102.03;102.1;102.03;102.05;26
USDRUBF;5;20241228;192500;102.08;102.09;102.06;102.09;8
USDRUBF;5;20241228;193000;102.08;102.1;102.08;102.1;8
USDRUBF;5;20241228;193500;102.09;102.1;102.09;102.1;5
USDRUBF;5;20241228;194000;102.1;102.12;102.1;102.12;60
USDRUBF;5;20241228;194500;102.12;102.15;102.08;102.15;341
USDRUBF;5;20241228;195000;102.13;102.14;102.12;102.12;54
USDRUBF;5;20241228;195500;102.12;102.12;102.07;102.07;131
USDRUBF;5;20241228;200000;102.1;102.1;102.1;102.1;4
USDRUBF;5;20241228;200500;102.09;102.1;102.09;102.1;13
USDRUBF;5;20241228;201000;102.07;102.1;102.05;102.05;28
USDRUBF;5;20241228;201500;102.07;102.07;102.05;102.06;14
USDRUBF;5;20241228;202000;102.06;102.06;102.03;102.06;17
USDRUBF;5;20241228;202500;102.03;102.03;102.01;102.03;26
USDRUBF;5;20241228;203000;102.06;102.06;102;102.01;33
USDRUBF;5;20241228;203500;102.01;102.01;101.99;101.99;23
USDRUBF;5;20241228;204000;101.99;102.03;101.98;102.03;63
USDRUBF;5;20241228;204500;101.99;102;101.98;101.99;29
USDRUBF;5;20241228;205000;101.99;102;101.98;101.99;25
USDRUBF;5;20241228;205500;102.01;102.05;101.99;102.04;109
USDRUBF;5;20241228;210000;102.01;102.12;102.01;102.1;106
USDRUBF;5;20241228;210500;102.1;102.11;102.07;102.1;50
USDRUBF;5;20241228;211000;102.1;102.12;102.1;102.12;54
USDRUBF;5;20241228;211500;102.12;102.12;102.11;102.11;12
USDRUBF;5;20241228;212000;102.1;102.1;102.09;102.09;5
USDRUBF;5;20241228;212500;102.09;102.09;102.09;102.09;3
USDRUBF;5;20241228;213000;102.11;102.11;102.04;102.1;104
USDRUBF;5;20241228;213500;102.09;102.1;102.09;102.09;33
USDRUBF;5;20241228;214000;102.11;102.12;102.09;102.11;38
USDRUBF;5;20241228;214500;102.09;102.17;102.06;102.07;136
USDRUBF;5;20241228;215000;102.11;102.12;102.11;102.11;6
USDRUBF;5;20241228;215500;102.12;102.12;102.11;102.11;16
USDRUBF;5;20241228;220000;102.1;102.12;102.09;102.09;20
USDRUBF;5;20241228;220500;102.11;102.11;102.08;102.08;8
USDRUBF;5;20241228;221000;102.08;102.08;102.08;102.08;1
USDRUBF;5;20241228;221500;102.05;102.07;102.04;102.05;26
USDRUBF;5;20241228;222000;102.06;102.06;102.02;102.02;22
USDRUBF;5;20241228;222500;102.06;102.08;102.02;102.08;28
USDRUBF;5;20241228;223000;102.06;102.09;102.06;102.09;8
USDRUBF;5;20241228;223500;102.1;102.1;102.06;102.06;20
USDRUBF;5;20241228;224500;102.11;102.14;102.11;102.14;10
USDRUBF;5;20241228;225000;102.12;102.14;102.11;102.14;14
USDRUBF;5;20241228;225500;102.14;102.14;102.14;102.14;13
USDRUBF;5;20241228;230000;102.14;102.15;102.11;102.11;26
USDRUBF;5;20241228;231000;102.11;102.17;102.11;102.17;194
USDRUBF;5;20241228;231500;102.18;102.18;102.16;102.16;8
USDRUBF;5;20241228;232000;102.17;102.18;102.16;102.16;22
USDRUBF;5;20241228;232500;102.16;102.16;102.1;102.1;22
USDRUBF;5;20241228;233000;102.13;102.13;102.11;102.12;10
USDRUBF;5;20241228;233500;102.14;102.14;102.14;102.14;8
USDRUBF;5;20241228;234000;102.14;102.18;102.12;102.16;44
USDRUBF;5;20241228;234500;102.16;102.18;102.14;102.15;42
USDRUBF;5;20241230;100000;102.05;102.25;102.03;102.25;913
USDRUBF;5;20241230;100500;102.24;102.3;102.19;102.25;810
USDRUBF;5;20241230;101000;102.21;102.31;102.1;102.26;719
USDRUBF;5;20241230;101500;102.27;102.33;102.02;102.02;638
USDRUBF;5;20241230;102000;102.03;102.11;101.87;101.92;2279
USDRUBF;5;20241230;102500;101.92;102.01;101.83;101.94;670
USDRUBF;5;20241230;103000;101.93;102.03;101.83;101.93;460
USDRUBF;5;20241230;103500;101.9;102;101.85;101.86;433
USDRUBF;5;20241230;104000;101.85;101.92;101.8;101.89;469
USDRUBF;5;20241230;104500;101.86;101.97;101.77;101.92;628
USDRUBF;5;20241230;105000;101.92;102.12;101.88;102.12;606
USDRUBF;5;20241230;105500;102.11;102.11;101.87;102.03;557
USDRUBF;5;20241230;110000;102.02;102.07;101.9;102.03;405
USDRUBF;5;20241230;110500;101.94;102.02;101.91;101.94;595
USDRUBF;5;20241230;111000;101.94;102.01;101.9;101.97;451
USDRUBF;5;20241230;111500;101.99;102.26;101.99;102.04;1056
USDRUBF;5;20241230;112000;102.04;102.18;102.01;102.18;308
USDRUBF;5;20241230;112500;102.23;102.3;102.2;102.21;483
USDRUBF;5;20241230;113000;102.22;102.58;102.22;102.3;1208
USDRUBF;5;20241230;113500;102.34;102.55;102.34;102.55;538
USDRUBF;5;20241230;114000;102.55;102.55;102.38;102.51;390
USDRUBF;5;20241230;114500;102.53;102.75;102.5;102.62;836
USDRUBF;5;20241230;115000;102.65;102.73;102.52;102.73;578
USDRUBF;5;20241230;115500;102.71;102.98;102.71;102.84;1014
USDRUBF;5;20241230;120000;102.85;103.06;102.85;102.92;1131
USDRUBF;5;20241230;120500;102.95;103.05;102.82;102.91;527
USDRUBF;5;20241230;121000;102.92;102.98;102.83;102.85;854
USDRUBF;5;20241230;121500;102.84;103.05;102.84;102.88;382
USDRUBF;5;20241230;122000;102.92;103;102.85;102.99;420
USDRUBF;5;20241230;122500;103;103.08;102.94;103.04;1072
USDRUBF;5;20241230;123000;103.02;103.12;102.91;103.07;1080
USDRUBF;5;20241230;123500;103.05;103.08;103;103.01;199
USDRUBF;5;20241230;124000;103.05;103.06;102.87;102.9;612
USDRUBF;5;20241230;124500;102.9;102.93;102.87;102.9;423
USDRUBF;5;20241230;125000;102.93;102.95;102.87;102.9;150
USDRUBF;5;20241230;125500;102.9;102.99;102.86;102.98;212
USDRUBF;5;20241230;130000;102.99;103.13;102.99;103.13;1034
USDRUBF;5;20241230;130500;103.13;103.17;102.99;103;535
USDRUBF;5;20241230;131000;103.01;103.1;102.98;103.08;117
USDRUBF;5;20241230;131500;103.07;103.4;103.04;103.29;825
USDRUBF;5;20241230;132000;103.31;103.5;103.3;103.37;521
USDRUBF;5;20241230;132500;103.36;103.5;103.23;103.24;708
USDRUBF;5;20241230;133000;103.24;103.55;103.04;103.31;1004
USDRUBF;5;20241230;133500;103.27;103.31;103.04;103.04;347
USDRUBF;5;20241230;134000;103.05;103.21;102.98;103.15;633
USDRUBF;5;20241230;134500;103.18;103.18;103.16;103.17;61
USDRUBF;5;20241230;135000;103.17;103.39;103.14;103.37;586
USDRUBF;5;20241230;135500;103.37;103.39;103.14;103.2;345
USDRUBF;5;20241230;140500;103.16;103.38;103.16;103.27;389
USDRUBF;5;20241230;141000;103.23;103.3;103.16;103.16;88
USDRUBF;5;20241230;141500;103.16;103.16;103.06;103.1;279
USDRUBF;5;20241230;142000;103.1;103.22;103.04;103.17;274
USDRUBF;5;20241230;142500;103.15;103.24;103.04;103.04;335
USDRUBF;5;20241230;143000;103.02;103.07;102.94;102.99;554
USDRUBF;5;20241230;143500;102.95;103.01;102.88;102.92;771
USDRUBF;5;20241230;144000;102.91;103.04;102.9;102.93;364
USDRUBF;5;20241230;144500;102.93;102.97;102.72;102.74;717
USDRUBF;5;20241230;145000;102.8;102.9;102.75;102.88;157
USDRUBF;5;20241230;145500;102.93;103.15;102.92;103.05;350
USDRUBF;5;20241230;150000;103.04;103.11;102.96;102.97;253
USDRUBF;5;20241230;150500;102.96;102.96;102.88;102.9;59
USDRUBF;5;20241230;151000;102.91;102.95;102.82;102.94;342
USDRUBF;5;20241230;151500;102.94;103;102.94;103;251
USDRUBF;5;20241230;152000;103.05;103.16;103.05;103.13;155
USDRUBF;5;20241230;152500;103.07;103.14;103.06;103.06;93
USDRUBF;5;20241230;153000;103.05;103.23;103.02;103.07;279
USDRUBF;5;20241230;153500;103.07;103.13;103.04;103.1;185
USDRUBF;5;20241230;154000;103.11;103.18;103.01;103.04;231
USDRUBF;5;20241230;154500;103.02;103.04;102.94;102.97;381
USDRUBF;5;20241230;155000;103.01;103.05;102.99;103.04;71
USDRUBF;5;20241230;155500;102.98;103.07;102.96;103;165
USDRUBF;5;20241230;160000;103.08;103.1;103.02;103.09;86
USDRUBF;5;20241230;160500;103.07;103.07;103.05;103.07;49
USDRUBF;5;20241230;161000;103.04;103.08;103.03;103.06;47
USDRUBF;5;20241230;161500;103.04;103.11;103;103.11;126
USDRUBF;5;20241230;162000;103.08;103.2;102.92;102.99;232
USDRUBF;5;20241230;162500;102.99;103;102.89;102.99;222
USDRUBF;5;20241230;163000;103.01;103.12;102.96;103.12;139
USDRUBF;5;20241230;163500;103.15;103.17;103.1;103.14;83
USDRUBF;5;20241230;164000;103.1;103.13;102.91;103.01;297
USDRUBF;5;20241230;164500;103.04;103.1;103.02;103.07;268
USDRUBF;5;20241230;165000;103.05;103.09;103.02;103.07;167
USDRUBF;5;20241230;165500;103.08;103.15;103.07;103.14;208
USDRUBF;5;20241230;170000;103.17;103.17;102.9;102.93;212
USDRUBF;5;20241230;170500;102.95;103.04;102.85;103.04;143
USDRUBF;5;20241230;171000;103.06;103.06;102.98;102.99;41
USDRUBF;5;20241230;171500;102.96;103.01;102.85;102.93;296
USDRUBF;5;20241230;172000;102.94;103;102.94;102.95;115
USDRUBF;5;20241230;172500;102.95;103.05;102.93;103.02;354
USDRUBF;5;20241230;173000;102.99;103.02;102.97;102.97;189
USDRUBF;5;20241230;173500;103.01;103.05;102.99;103.04;154
USDRUBF;5;20241230;174000;103.04;103.09;103.02;103.09;89
USDRUBF;5;20241230;174500;103.06;103.1;103.04;103.04;179
USDRUBF;5;20241230;175000;103.04;103.08;103.01;103.03;195
USDRUBF;5;20241230;175500;103.05;103.07;103.02;103.06;112
USDRUBF;5;20241230;180000;103.05;103.09;103.02;103.02;154
USDRUBF;5;20241230;180500;103.02;103.04;102.95;102.97;259
USDRUBF;5;20241230;181000;103;103.02;102.94;102.97;189
USDRUBF;5;20241230;181500;102.97;103.02;102.95;102.99;175
USDRUBF;5;20241230;182000;103;103.11;102.99;103.11;240
USDRUBF;5;20241230;182500;103.11;103.11;103.05;103.05;196
USDRUBF;5;20241230;183000;103.05;103.07;103.01;103.07;229
USDRUBF;5;20241230;183500;103.05;103.07;103;103.05;317
USDRUBF;5;20241230;184000;103.01;103.01;102.99;102.99;250
USDRUBF;5;20241230;184500;102.99;103;102.93;102.97;236
USDRUBF;5;20241230;190500;103;103.14;103;103.03;421
USDRUBF;5;20241230;191000;103.05;103.05;102.9;103;277
USDRUBF;5;20241230;191500;103;103.06;102.98;102.99;158
USDRUBF;5;20241230;192000;102.99;103.04;102.99;102.99;56
USDRUBF;5;20241230;192500;103.03;103.04;103.02;103.04;45
USDRUBF;5;20241230;193000;103.05;103.05;103.03;103.04;36
USDRUBF;5;20241230;193500;103.05;103.08;103.04;103.08;144
USDRUBF;5;20241230;194000;103.07;103.09;103.03;103.09;75
USDRUBF;5;20241230;194500;103.09;103.11;103.09;103.11;47
USDRUBF;5;20241230;195000;103.11;103.11;103.1;103.1;30
USDRUBF;5;20241230;195500;103.09;103.09;103.08;103.08;50
USDRUBF;5;20241230;200000;103.09;103.09;103.07;103.08;31
USDRUBF;5;20241230;200500;103.08;103.08;103.08;103.08;14
USDRUBF;5;20241230;201000;103.09;103.09;103.07;103.09;66
USDRUBF;5;20241230;201500;103.07;103.08;103.07;103.07;15
USDRUBF;5;20241230;202000;103.07;103.07;103.01;103.01;155
USDRUBF;5;20241230;202500;103.02;103.08;103.02;103.07;80
USDRUBF;5;20241230;203000;103.06;103.08;103.06;103.07;6
USDRUBF;5;20241230;203500;103.07;103.07;103.06;103.07;6
USDRUBF;5;20241230;204000;103.07;103.11;103.07;103.1;88
USDRUBF;5;20241230;204500;103.1;103.1;103.08;103.09;330
USDRUBF;5;20241230;205000;103.1;103.1;103.05;103.06;38
USDRUBF;5;20241230;205500;103.06;103.1;103.03;103.1;132
USDRUBF;5;20241230;210000;103.09;103.1;103.06;103.1;48
USDRUBF;5;20241230;210500;103.1;103.12;103.1;103.1;42
USDRUBF;5;20241230;211000;103.13;103.13;103.12;103.12;71
USDRUBF;5;20241230;211500;103.12;103.12;103.12;103.12;5
USDRUBF;5;20241230;212000;103.11;103.12;103.09;103.09;24
USDRUBF;5;20241230;212500;103.12;103.12;103.09;103.12;32
USDRUBF;5;20241230;213000;103.12;103.12;103.08;103.08;42
USDRUBF;5;20241230;213500;103.08;103.1;103.06;103.1;20
USDRUBF;5;20241230;214000;103.11;103.14;103.1;103.13;83
USDRUBF;5;20241230;214500;103.14;103.14;103.1;103.12;27
USDRUBF;5;20241230;215000;103.11;103.11;103.1;103.1;7
USDRUBF;5;20241230;215500;103.1;103.11;103.1;103.11;13
USDRUBF;5;20241230;220000;103.12;103.12;103.12;103.12;6
USDRUBF;5;20241230;220500;103.1;103.12;103.1;103.1;23
USDRUBF;5;20241230;221000;103.1;103.11;103.07;103.07;14
USDRUBF;5;20241230;221500;103.09;103.12;103.09;103.12;128
USDRUBF;5;20241230;222000;103.12;103.13;103.12;103.13;20
USDRUBF;5;20241230;222500;103.13;103.13;103.09;103.09;32
USDRUBF;5;20241230;223000;103.09;103.09;103.09;103.09;2
USDRUBF;5;20241230;223500;103.09;103.09;103.06;103.06;39
USDRUBF;5;20241230;224000;103.06;103.1;103.06;103.1;28
USDRUBF;5;20241230;224500;103.1;103.13;103.08;103.08;76
USDRUBF;5;20241230;225000;103.07;103.1;103.05;103.05;47
USDRUBF;5;20241230;225500;103.05;103.11;103.05;103.11;49
USDRUBF;5;20241230;230000;103.12;103.12;103.06;103.08;34
USDRUBF;5;20241230;230500;103.09;103.1;103.02;103.1;72
USDRUBF;5;20241230;231000;103.05;103.07;103.01;103.07;53
USDRUBF;5;20241230;231500;103.09;103.1;103.07;103.1;21
USDRUBF;5;20241230;232000;103.09;103.09;103.08;103.08;8
USDRUBF;5;20241230;232500;103.08;103.09;103.08;103.08;50
USDRUBF;5;20241230;233000;103.09;103.09;103.08;103.08;48
USDRUBF;5;20241230;233500;103.09;103.11;103.05;103.05;136
USDRUBF;5;20241230;234000;103.09;103.1;103.03;103.09;67
USDRUBF;5;20241230;234500;103.03;103.13;103.03;103.13;31
