<TICKER>;<PER>;<DATE>;<TIME>;<OPEN>;<HIGH>;<LOW>;<CLOSE>;<VOL>
USDRUBF;30;20240902;100000;90.41;90.49;90.15;90.28;2327
USDRUBF;30;20240902;103000;90.28;90.55;90.23;90.37;3146
USDRUBF;30;20240902;110000;90.35;90.57;90.27;90.33;2619
USDRUBF;30;20240902;113000;90.33;90.4;90.2;90.22;3479
USDRUBF;30;20240902;120000;90.22;90.28;89.73;89.8;9169
USDRUBF;30;20240902;123000;89.8;89.96;89.65;89.79;4899
USDRUBF;30;20240902;130000;89.81;89.82;89.64;89.76;2225
USDRUBF;30;20240902;133000;89.75;89.76;89.5;89.53;2524
USDRUBF;30;20240902;140000;89.53;89.54;89.28;89.54;3986
USDRUBF;30;20240902;143000;89.53;89.53;89.39;89.44;6337
USDRUBF;30;20240902;150000;89.44;89.62;89.41;89.54;3620
USDRUBF;30;20240902;153000;89.57;89.63;89.42;89.47;2635
USDRUBF;30;20240902;160000;89.47;89.47;89.19;89.2;3940
USDRUBF;30;20240902;163000;89.2;89.23;89.09;89.1;8286
USDRUBF;30;20240902;170000;89.11;89.26;88.92;89.25;4026
USDRUBF;30;20240902;173000;89.26;89.41;89.23;89.29;2066
USDRUBF;30;20240902;180000;89.3;89.43;89.26;89.41;2760
USDRUBF;30;20240902;183000;89.42;89.44;89.29;89.35;706
USDRUBF;30;20240902;190000;89.35;89.35;89.16;89.18;613
USDRUBF;30;20240902;193000;89.2;89.25;89.2;89.2;270
USDRUBF;30;20240902;200000;89.2;89.2;89.16;89.19;82
USDRUBF;30;20240902;203000;89.19;89.19;89.14;89.19;138
USDRUBF;30;20240902;210000;89.16;89.19;89.15;89.18;19
USDRUBF;30;20240902;213000;89.19;89.19;89.17;89.17;15
USDRUBF;30;20240902;220000;89.16;89.18;89.13;89.18;147
USDRUBF;30;20240902;223000;89.19;89.22;89.15;89.22;366
USDRUBF;30;20240902;230000;89.22;89.25;89.21;89.24;128
USDRUBF;30;20240902;233000;89.23;89.25;89.16;89.2;224
USDRUBF;30;20240903;100000;89.3;89.35;89.04;89.28;7929
USDRUBF;30;20240903;103000;89.27;89.29;88.85;88.85;8457
USDRUBF;30;20240903;110000;88.86;88.99;88.72;88.87;7429
USDRUBF;30;20240903;113000;88.83;88.97;88.76;88.92;3880
USDRUBF;30;20240903;120000;88.95;88.95;88.64;88.79;6127
USDRUBF;30;20240903;123000;88.8;88.82;88.62;88.81;4057
USDRUBF;30;20240903;130000;88.8;89.03;88.78;88.8;3277
USDRUBF;30;20240903;133000;88.81;88.93;88.76;88.84;3432
USDRUBF;30;20240903;140000;88.83;88.83;88.62;88.67;2580
USDRUBF;30;20240903;143000;88.66;88.8;88.6;88.68;4963
USDRUBF;30;20240903;150000;88.66;88.69;88.5;88.54;5687
USDRUBF;30;20240903;153000;88.54;88.57;88.49;88.5;3318
USDRUBF;30;20240903;160000;88.5;88.53;88.23;88.31;6432
USDRUBF;30;20240903;163000;88.31;88.34;88.04;88.13;4679
USDRUBF;30;20240903;170000;88.13;88.41;88.1;88.25;3849
USDRUBF;30;20240903;173000;88.23;88.3;88.08;88.11;6562
USDRUBF;30;20240903;180000;88.11;88.14;87.84;87.9;7032
USDRUBF;30;20240903;183000;87.9;88.14;87.83;87.95;4181
USDRUBF;30;20240903;190000;87.88;88.08;87.88;87.94;1057
USDRUBF;30;20240903;193000;87.91;87.99;87.91;87.94;547
USDRUBF;30;20240903;200000;87.94;87.95;87.91;87.92;298
USDRUBF;30;20240903;203000;87.92;87.96;87.84;87.9;387
USDRUBF;30;20240903;210000;87.89;87.9;87.79;87.79;444
USDRUBF;30;20240903;213000;87.8;87.82;87.76;87.78;374
USDRUBF;30;20240903;220000;87.76;87.79;87.73;87.74;175
USDRUBF;30;20240903;223000;87.73;87.74;87.67;87.72;468
USDRUBF;30;20240903;230000;87.72;87.79;87.68;87.75;341
USDRUBF;30;20240903;233000;87.76;87.76;87.7;87.74;336
USDRUBF;30;20240904;100000;87.88;88.47;87.84;88.21;7695
USDRUBF;30;20240904;103000;88.2;88.51;88.18;88.41;12487
USDRUBF;30;20240904;110000;88.4;88.47;88.23;88.37;2379
USDRUBF;30;20240904;113000;88.36;88.46;88.25;88.31;2859
USDRUBF;30;20240904;120000;88.28;88.55;88.26;88.52;3297
USDRUBF;30;20240904;123000;88.52;88.59;88.48;88.5;3420
USDRUBF;30;20240904;130000;88.5;88.61;88.38;88.56;5222
USDRUBF;30;20240904;133000;88.57;88.75;88.51;88.61;6170
USDRUBF;30;20240904;140000;88.64;88.7;88.2;88.34;3648
USDRUBF;30;20240904;143000;88.33;89.17;88.33;88.99;7559
USDRUBF;30;20240904;150000;89;89.18;88.77;88.77;9530
USDRUBF;30;20240904;153000;88.78;88.83;88.69;88.8;4144
USDRUBF;30;20240904;160000;88.82;88.83;88.46;88.58;5483
USDRUBF;30;20240904;163000;88.57;88.79;88.55;88.7;1159
USDRUBF;30;20240904;170000;88.72;89.01;88.68;88.98;3178
USDRUBF;30;20240904;173000;88.98;89.29;88.91;89.01;7262
USDRUBF;30;20240904;180000;89.02;89.26;88.93;89.12;2865
USDRUBF;30;20240904;183000;89.13;89.2;88.68;88.94;9413
USDRUBF;30;20240904;190000;88.95;88.99;88.87;88.87;944
USDRUBF;30;20240904;193000;88.88;88.95;88.79;88.94;613
USDRUBF;30;20240904;200000;88.92;88.98;88.9;88.94;260
USDRUBF;30;20240904;203000;88.96;88.97;88.87;88.89;170
USDRUBF;30;20240904;210000;88.87;88.9;88.81;88.84;269
USDRUBF;30;20240904;213000;88.84;88.87;88.82;88.86;112
USDRUBF;30;20240904;220000;88.83;88.89;88.82;88.89;199
USDRUBF;30;20240904;223000;88.9;88.92;88.86;88.92;58
USDRUBF;30;20240904;230000;88.92;88.92;88.85;88.85;58
USDRUBF;30;20240904;233000;88.86;88.94;88.85;88.86;77
USDRUBF;30;20240905;100000;88.95;89.36;88.54;88.58;6487
USDRUBF;30;20240905;103000;88.6;88.72;88.45;88.71;2779
USDRUBF;30;20240905;110000;88.71;88.78;88.52;88.55;4773
USDRUBF;30;20240905;113000;88.56;88.74;88.55;88.74;2857
USDRUBF;30;20240905;120000;88.72;89.01;88.72;88.97;1333
USDRUBF;30;20240905;123000;88.98;89.03;88.87;88.94;3021
USDRUBF;30;20240905;130000;88.96;89.33;88.94;89.26;5058
USDRUBF;30;20240905;133000;89.23;89.43;89.18;89.37;3815
USDRUBF;30;20240905;140000;89.36;89.55;89.29;89.37;1882
USDRUBF;30;20240905;143000;89.39;89.43;89.14;89.21;7090
USDRUBF;30;20240905;150000;89.22;89.23;89.04;89.12;4235
USDRUBF;30;20240905;153000;89.14;89.33;89.03;89.22;3460
USDRUBF;30;20240905;160000;89.22;89.5;89.22;89.36;1615
USDRUBF;30;20240905;163000;89.37;89.37;89.22;89.22;1087
USDRUBF;30;20240905;170000;89.21;89.23;89.06;89.17;3387
USDRUBF;30;20240905;173000;89.18;89.35;89.14;89.23;2816
USDRUBF;30;20240905;180000;89.2;89.2;88.83;88.99;8599
USDRUBF;30;20240905;183000;88.98;89.14;88.97;89.12;2347
USDRUBF;30;20240905;190000;89.05;89.11;89.01;89.04;996
USDRUBF;30;20240905;193000;89.04;89.05;88.94;88.97;834
USDRUBF;30;20240905;200000;88.96;89.04;88.94;88.98;530
USDRUBF;30;20240905;203000;88.96;89;88.94;88.95;232
USDRUBF;30;20240905;210000;88.95;88.97;88.93;88.96;373
USDRUBF;30;20240905;213000;88.96;88.97;88.94;88.94;48
USDRUBF;30;20240905;220000;88.94;88.96;88.93;88.96;154
USDRUBF;30;20240905;223000;88.96;88.97;88.93;88.96;98
USDRUBF;30;20240905;230000;88.98;89.01;88.94;89.01;133
USDRUBF;30;20240905;233000;89;89.1;88.94;88.98;143
USDRUBF;30;20240906;100000;89.12;89.24;89;89.08;2795
USDRUBF;30;20240906;103000;89.12;89.33;89.06;89.3;1085
USDRUBF;30;20240906;110000;89.3;89.58;89.26;89.54;2015
USDRUBF;30;20240906;113000;89.56;89.6;89.37;89.5;2503
USDRUBF;30;20240906;120000;89.55;89.55;89.44;89.53;1044
USDRUBF;30;20240906;123000;89.55;89.56;89.48;89.54;886
USDRUBF;30;20240906;130000;89.54;89.61;89.41;89.41;1985
USDRUBF;30;20240906;133000;89.41;89.58;89.4;89.53;1022
USDRUBF;30;20240906;140000;89.54;89.75;89.54;89.64;3933
USDRUBF;30;20240906;143000;89.64;89.69;89.21;89.55;2514
USDRUBF;30;20240906;150000;89.58;89.69;89.46;89.47;4886
USDRUBF;30;20240906;153000;89.47;89.59;89.31;89.52;3337
USDRUBF;30;20240906;160000;89.52;89.65;89.5;89.63;1397
USDRUBF;30;20240906;163000;89.64;89.8;89.62;89.79;1145
USDRUBF;30;20240906;170000;89.77;89.78;89.62;89.67;1469
USDRUBF;30;20240906;173000;89.67;89.78;89.67;89.71;1727
USDRUBF;30;20240906;180000;89.71;89.88;89.7;89.84;2986
USDRUBF;30;20240906;183000;89.84;89.9;89.83;89.9;499
USDRUBF;30;20240906;190000;89.84;89.88;89.8;89.86;738
USDRUBF;30;20240906;193000;89.86;89.89;89.84;89.86;189
USDRUBF;30;20240906;200000;89.87;89.95;89.86;89.92;265
USDRUBF;30;20240906;203000;89.95;89.96;89.89;89.92;124
USDRUBF;30;20240906;210000;89.9;89.9;89.8;89.82;862
USDRUBF;30;20240906;213000;89.82;89.87;89.82;89.87;62
USDRUBF;30;20240906;220000;89.86;89.87;89.85;89.86;57
USDRUBF;30;20240906;223000;89.85;89.87;89.85;89.85;141
USDRUBF;30;20240906;230000;89.87;89.89;89.77;89.77;367
USDRUBF;30;20240906;233000;89.77;89.78;89.72;89.75;237
USDRUBF;30;20240909;100000;89.84;90.07;89.81;89.93;1992
USDRUBF;30;20240909;103000;89.93;90.03;89.75;90.02;1651
USDRUBF;30;20240909;110000;90.02;90.44;90.01;90.23;6664
USDRUBF;30;20240909;113000;90.23;90.29;90.2;90.26;887
USDRUBF;30;20240909;120000;90.26;90.41;90.26;90.37;706
USDRUBF;30;20240909;123000;90.35;90.43;90.3;90.35;2372
USDRUBF;30;20240909;130000;90.34;90.4;90.27;90.39;2353
USDRUBF;30;20240909;133000;90.39;90.51;90.37;90.48;2295
USDRUBF;30;20240909;140000;90.49;90.53;90.25;90.41;3370
USDRUBF;30;20240909;143000;90.41;90.49;90.33;90.37;1631
USDRUBF;30;20240909;150000;90.38;90.41;90.25;90.35;4334
USDRUBF;30;20240909;153000;90.35;90.46;90.11;90.35;6344
USDRUBF;30;20240909;160000;90.36;90.48;90.31;90.46;1456
USDRUBF;30;20240909;163000;90.48;90.55;90.43;90.5;1693
USDRUBF;30;20240909;170000;90.49;90.53;90.3;90.38;2241
USDRUBF;30;20240909;173000;90.38;90.51;90.38;90.44;1341
USDRUBF;30;20240909;180000;90.42;90.47;90.37;90.47;959
USDRUBF;30;20240909;183000;90.46;90.46;90.39;90.41;833
USDRUBF;30;20240909;190000;90.4;90.41;90.34;90.36;210
USDRUBF;30;20240909;193000;90.38;90.4;90.32;90.4;166
USDRUBF;30;20240909;200000;90.4;90.41;90.37;90.39;130
USDRUBF;30;20240909;203000;90.38;90.38;90.35;90.36;24
USDRUBF;30;20240909;210000;90.37;90.37;90.31;90.35;68
USDRUBF;30;20240909;213000;90.36;90.56;90.35;90.42;787
USDRUBF;30;20240909;220000;90.43;90.43;90.42;90.42;34
USDRUBF;30;20240909;223000;90.44;90.48;90.42;90.48;260
USDRUBF;30;20240909;230000;90.48;90.48;90.42;90.42;58
USDRUBF;30;20240909;233000;90.43;90.46;90.41;90.46;101
USDRUBF;30;20240910;100000;90.47;90.77;90.47;90.74;4086
USDRUBF;30;20240910;103000;90.73;90.76;90.61;90.75;1200
USDRUBF;30;20240910;110000;90.76;90.8;90.64;90.72;1179
USDRUBF;30;20240910;113000;90.73;90.79;90.7;90.73;348
USDRUBF;30;20240910;120000;90.73;90.89;90.72;90.77;1793
USDRUBF;30;20240910;123000;90.78;90.78;90.6;90.65;1337
USDRUBF;30;20240910;130000;90.68;90.81;90.65;90.76;1611
USDRUBF;30;20240910;133000;90.77;90.79;90.58;90.64;1326
USDRUBF;30;20240910;140000;90.62;90.88;90.62;90.87;756
USDRUBF;30;20240910;143000;90.85;90.87;90.65;90.69;1584
USDRUBF;30;20240910;150000;90.69;90.72;90.62;90.62;412
USDRUBF;30;20240910;153000;90.63;90.72;90.61;90.68;888
USDRUBF;30;20240910;160000;90.68;90.72;90.62;90.63;751
USDRUBF;30;20240910;163000;90.63;90.63;90.32;90.35;4109
USDRUBF;30;20240910;170000;90.34;90.48;90.22;90.48;2625
USDRUBF;30;20240910;173000;90.47;90.68;90.45;90.58;4497
USDRUBF;30;20240910;180000;90.59;90.75;90.57;90.65;1178
USDRUBF;30;20240910;183000;90.68;90.71;90.62;90.71;645
USDRUBF;30;20240910;190000;90.48;90.64;90.48;90.61;896
USDRUBF;30;20240910;193000;90.62;90.66;90.6;90.66;391
USDRUBF;30;20240910;200000;90.67;90.67;90.64;90.65;199
USDRUBF;30;20240910;203000;90.64;90.65;90.58;90.65;266
USDRUBF;30;20240910;210000;90.65;90.66;90.65;90.66;28
USDRUBF;30;20240910;213000;90.65;90.66;90.63;90.66;121
USDRUBF;30;20240910;220000;90.66;90.66;90.65;90.66;81
USDRUBF;30;20240910;223000;90.65;90.68;90.65;90.68;69
USDRUBF;30;20240910;230000;90.68;90.68;90.67;90.67;35
USDRUBF;30;20240910;233000;90.68;90.68;90.67;90.68;131
USDRUBF;30;20240911;100000;90.69;90.9;90.65;90.84;2344
USDRUBF;30;20240911;103000;90.85;90.9;90.66;90.7;3356
USDRUBF;30;20240911;110000;90.7;90.8;90.57;90.59;6392
USDRUBF;30;20240911;113000;90.59;90.63;90.28;90.32;10205
USDRUBF;30;20240911;120000;90.3;90.42;90.22;90.34;2844
USDRUBF;30;20240911;123000;90.35;90.43;90.27;90.4;846
USDRUBF;30;20240911;130000;90.4;90.43;90.27;90.37;1336
USDRUBF;30;20240911;133000;90.34;90.43;90.33;90.42;809
USDRUBF;30;20240911;140000;90.34;90.4;90.08;90.26;7860
USDRUBF;30;20240911;143000;90.28;90.38;90.25;90.3;834
USDRUBF;30;20240911;150000;90.3;90.3;90.14;90.17;1647
USDRUBF;30;20240911;153000;90.16;90.35;90.09;90.1;4228
USDRUBF;30;20240911;160000;90.12;90.16;89.94;90.09;2257
USDRUBF;30;20240911;163000;90.11;90.21;90.08;90.2;605
USDRUBF;30;20240911;170000;90.2;90.38;90.2;90.31;1267
USDRUBF;30;20240911;173000;90.31;90.42;90.3;90.4;1208
USDRUBF;30;20240911;180000;90.4;90.48;90.33;90.45;1614
USDRUBF;30;20240911;183000;90.48;90.54;90.46;90.54;810
USDRUBF;30;20240911;190000;90.51;90.51;90.37;90.37;739
USDRUBF;30;20240911;193000;90.38;90.4;90.29;90.3;567
USDRUBF;30;20240911;200000;90.3;90.34;90.28;90.34;289
USDRUBF;30;20240911;203000;90.34;90.35;90.28;90.3;38
USDRUBF;30;20240911;210000;90.29;90.33;90.28;90.3;99
USDRUBF;30;20240911;213000;90.32;90.43;90.32;90.37;209
USDRUBF;30;20240911;220000;90.36;90.36;90.3;90.31;202
USDRUBF;30;20240911;223000;90.35;90.38;90.34;90.35;113
USDRUBF;30;20240911;230000;90.34;90.36;90.3;90.33;36
USDRUBF;30;20240911;233000;90.32;90.37;90.32;90.37;54
USDRUBF;30;20240912;100000;90.38;90.71;90.34;90.65;1922
USDRUBF;30;20240912;103000;90.66;90.85;90.65;90.76;1956
USDRUBF;30;20240912;110000;90.78;90.9;90.67;90.8;7238
USDRUBF;30;20240912;113000;90.79;90.87;90.75;90.8;1071
USDRUBF;30;20240912;120000;90.81;90.93;90.73;90.83;557
USDRUBF;30;20240912;123000;90.85;90.88;90.8;90.82;623
USDRUBF;30;20240912;130000;90.84;90.85;90.69;90.73;1571
USDRUBF;30;20240912;133000;90.73;90.81;90.64;90.77;1199
USDRUBF;30;20240912;140000;90.79;90.79;90.63;90.71;2186
USDRUBF;30;20240912;143000;90.74;90.81;90.7;90.81;285
USDRUBF;30;20240912;150000;90.8;90.82;90.71;90.71;1238
USDRUBF;30;20240912;153000;90.71;90.75;90.61;90.66;857
USDRUBF;30;20240912;160000;90.68;90.68;90.61;90.64;744
USDRUBF;30;20240912;163000;90.66;90.75;90.63;90.72;730
USDRUBF;30;20240912;170000;90.74;90.85;90.72;90.8;3821
USDRUBF;30;20240912;173000;90.8;90.84;90.77;90.8;1590
USDRUBF;30;20240912;180000;90.84;90.87;90.8;90.85;766
USDRUBF;30;20240912;183000;90.86;90.96;90.86;90.92;1379
USDRUBF;30;20240912;190000;90.82;90.88;90.82;90.82;818
USDRUBF;30;20240912;193000;90.83;90.84;90.78;90.79;368
USDRUBF;30;20240912;200000;90.79;90.82;90.78;90.82;212
USDRUBF;30;20240912;203000;90.79;90.83;90.67;90.69;902
USDRUBF;30;20240912;210000;90.68;90.7;90.67;90.7;197
USDRUBF;30;20240912;213000;90.69;90.7;90.67;90.67;499
USDRUBF;30;20240912;220000;90.69;90.7;90.67;90.67;49
USDRUBF;30;20240912;223000;90.68;90.72;90.67;90.71;230
USDRUBF;30;20240912;230000;90.72;90.73;90.68;90.72;169
USDRUBF;30;20240912;233000;90.71;90.74;90.71;90.71;250
USDRUBF;30;20240913;100000;90.8;90.81;90.31;90.45;3507
USDRUBF;30;20240913;103000;90.46;90.52;90.32;90.37;8590
USDRUBF;30;20240913;110000;90.38;90.42;90.19;90.27;10495
USDRUBF;30;20240913;113000;90.28;90.39;90.19;90.31;3532
USDRUBF;30;20240913;120000;90.32;90.37;90.25;90.29;729
USDRUBF;30;20240913;123000;90.27;90.36;90.25;90.35;585
USDRUBF;30;20240913;130000;90.35;90.39;90.28;90.33;921
USDRUBF;30;20240913;133000;90.3;90.55;90.24;90.45;3609
USDRUBF;30;20240913;140000;90.44;90.55;90.43;90.47;1039
USDRUBF;30;20240913;143000;90.47;90.6;90.45;90.58;1069
USDRUBF;30;20240913;150000;90.58;90.6;90.5;90.53;853
USDRUBF;30;20240913;153000;90.56;90.78;90.56;90.72;1950
USDRUBF;30;20240913;160000;90.76;90.88;90.69;90.75;4444
USDRUBF;30;20240913;163000;90.75;90.78;90.63;90.76;1971
USDRUBF;30;20240913;170000;90.77;91.03;90.77;90.95;3061
USDRUBF;30;20240913;173000;90.97;90.99;90.83;90.93;3376
USDRUBF;30;20240913;180000;90.9;90.97;90.86;90.95;1997
USDRUBF;30;20240913;183000;90.95;91.04;90.91;90.99;1557
USDRUBF;30;20240913;190000;90.98;91.15;90.91;90.95;1711
USDRUBF;30;20240913;193000;90.94;90.95;90.88;90.93;452
USDRUBF;30;20240913;200000;90.92;90.96;90.92;90.93;195
USDRUBF;30;20240913;203000;90.94;90.95;90.9;90.91;188
USDRUBF;30;20240913;210000;90.91;90.91;90.87;90.88;103
USDRUBF;30;20240913;213000;90.89;90.9;90.88;90.88;104
USDRUBF;30;20240913;220000;90.87;90.88;90.85;90.85;340
USDRUBF;30;20240913;223000;90.86;90.86;90.83;90.84;118
USDRUBF;30;20240913;230000;90.84;90.88;90.82;90.84;131
USDRUBF;30;20240913;233000;90.83;90.89;90.82;90.89;226
USDRUBF;30;20240916;100000;90.98;91.07;90.79;91.02;4063
USDRUBF;30;20240916;103000;91.02;91.27;91.02;91.22;4578
USDRUBF;30;20240916;110000;91.23;91.29;91.18;91.21;5408
USDRUBF;30;20240916;113000;91.21;91.27;91.13;91.17;2123
USDRUBF;30;20240916;120000;91.18;91.25;91.1;91.23;1416
USDRUBF;30;20240916;123000;91.24;91.28;91.22;91.26;756
USDRUBF;30;20240916;130000;91.27;91.35;91.25;91.33;2480
USDRUBF;30;20240916;133000;91.34;91.35;91.28;91.29;3943
USDRUBF;30;20240916;140000;91.28;91.35;91.15;91.32;1293
USDRUBF;30;20240916;143000;91.32;91.32;91.12;91.17;5205
USDRUBF;30;20240916;150000;91.18;91.22;91.12;91.19;2589
USDRUBF;30;20240916;153000;91.2;91.25;91.17;91.25;413
USDRUBF;30;20240916;160000;91.25;91.34;91.23;91.34;1593
USDRUBF;30;20240916;163000;91.34;91.43;91.29;91.41;2720
USDRUBF;30;20240916;170000;91.42;91.6;91.4;91.42;7574
USDRUBF;30;20240916;173000;91.42;91.42;91.29;91.31;2969
USDRUBF;30;20240916;180000;91.3;91.35;91.25;91.33;1282
USDRUBF;30;20240916;183000;91.33;91.34;91.28;91.34;781
USDRUBF;30;20240916;190000;91.31;91.45;91.25;91.43;1036
USDRUBF;30;20240916;193000;91.44;91.49;91.43;91.44;298
USDRUBF;30;20240916;200000;91.43;91.48;91.43;91.44;158
USDRUBF;30;20240916;203000;91.44;91.46;91.44;91.46;273
USDRUBF;30;20240916;210000;91.46;91.5;91.45;91.49;180
USDRUBF;30;20240916;213000;91.49;91.54;91.48;91.54;335
USDRUBF;30;20240916;220000;91.5;91.52;91.46;91.46;63
USDRUBF;30;20240916;223000;91.46;91.48;91.25;91.27;1206
USDRUBF;30;20240916;230000;91.28;91.38;91.28;91.38;191
USDRUBF;30;20240916;233000;91.38;91.38;91.29;91.3;58
USDRUBF;30;20240917;100000;91.36;91.53;91.25;91.37;2370
USDRUBF;30;20240917;103000;91.34;91.36;91.12;91.17;3836
USDRUBF;30;20240917;110000;91.16;91.35;91.12;91.12;8106
USDRUBF;30;20240917;113000;91.14;91.15;91.01;91.08;6368
USDRUBF;30;20240917;120000;91.09;91.26;91.07;91.22;4971
USDRUBF;30;20240917;123000;91.22;91.43;91.22;91.34;3880
USDRUBF;30;20240917;130000;91.36;91.36;90.93;90.97;3573
USDRUBF;30;20240917;133000;90.94;91.23;90.92;91.13;9817
USDRUBF;30;20240917;140000;91.13;91.22;90.79;91.05;20020
USDRUBF;30;20240917;143000;91.04;91.2;90.92;91.2;5115
USDRUBF;30;20240917;150000;91.2;91.33;91.17;91.2;4041
USDRUBF;30;20240917;153000;91.18;91.23;90.96;91.04;5559
USDRUBF;30;20240917;160000;91.04;91.36;91.03;91.35;4157
USDRUBF;30;20240917;163000;91.35;91.37;91.11;91.23;3586
USDRUBF;30;20240917;170000;91.24;91.29;91.13;91.29;2650
USDRUBF;30;20240917;173000;91.28;91.48;91.26;91.44;3956
USDRUBF;30;20240917;180000;91.43;91.55;91.41;91.53;5340
USDRUBF;30;20240917;183000;91.53;91.55;91.37;91.38;2215
USDRUBF;30;20240917;190000;91.41;91.42;91.16;91.24;2085
USDRUBF;30;20240917;193000;91.24;91.29;91.18;91.28;691
USDRUBF;30;20240917;200000;91.28;91.3;91.26;91.26;48
USDRUBF;30;20240917;203000;91.27;91.29;91.25;91.29;116
USDRUBF;30;20240917;210000;91.3;91.3;91.26;91.29;73
USDRUBF;30;20240917;213000;91.29;91.34;91.28;91.33;219
USDRUBF;30;20240917;220000;91.33;91.35;91.32;91.34;20
USDRUBF;30;20240917;223000;91.35;91.37;91.34;91.36;99
USDRUBF;30;20240917;230000;91.37;91.41;91.35;91.41;250
USDRUBF;30;20240917;233000;91.39;91.41;91.3;91.3;346
USDRUBF;30;20240918;100000;91.38;91.41;91.19;91.22;4009
USDRUBF;30;20240918;103000;91.21;91.67;91.2;91.66;5767
USDRUBF;30;20240918;110000;91.66;91.69;91.54;91.55;3320
USDRUBF;30;20240918;113000;91.55;91.6;91.42;91.45;2116
USDRUBF;30;20240918;120000;91.46;91.5;91.37;91.41;2074
USDRUBF;30;20240918;123000;91.41;91.45;91.28;91.45;2689
USDRUBF;30;20240918;130000;91.46;91.54;91.4;91.44;1612
USDRUBF;30;20240918;133000;91.43;91.47;91.38;91.39;6691
USDRUBF;30;20240918;140000;91.42;91.49;91.39;91.42;1051
USDRUBF;30;20240918;143000;91.42;91.46;91.37;91.43;2231
USDRUBF;30;20240918;150000;91.44;91.58;91.4;91.54;1722
USDRUBF;30;20240918;153000;91.53;91.56;91.31;91.48;1300
USDRUBF;30;20240918;160000;91.44;91.62;91.37;91.59;3143
USDRUBF;30;20240918;163000;91.58;91.71;91.48;91.55;3033
USDRUBF;30;20240918;170000;91.55;91.72;91.49;91.71;1359
USDRUBF;30;20240918;173000;91.69;91.96;91.66;91.92;9705
USDRUBF;30;20240918;180000;91.92;91.94;91.81;91.85;3938
USDRUBF;30;20240918;183000;91.85;91.91;91.8;91.91;969
USDRUBF;30;20240918;190000;91.8;91.85;91.77;91.78;433
USDRUBF;30;20240918;193000;91.77;91.81;91.74;91.8;665
USDRUBF;30;20240918;200000;91.79;91.81;91.77;91.8;124
USDRUBF;30;20240918;203000;91.79;91.94;91.76;91.81;1282
USDRUBF;30;20240918;210000;91.87;91.89;91.76;91.84;725
USDRUBF;30;20240918;213000;91.86;91.87;91.77;91.81;290
USDRUBF;30;20240918;220000;91.79;91.93;91.79;91.92;499
USDRUBF;30;20240918;223000;91.9;91.93;91.86;91.9;795
USDRUBF;30;20240918;230000;91.92;91.94;91.88;91.89;942
USDRUBF;30;20240918;233000;91.91;91.97;91.9;91.97;1808
USDRUBF;30;20240919;100000;91.87;92.36;91.87;92.3;6874
USDRUBF;30;20240919;103000;92.31;92.62;92.29;92.33;8754
USDRUBF;30;20240919;110000;92.32;92.5;92.31;92.41;9157
USDRUBF;30;20240919;113000;92.41;92.5;92.3;92.38;8766
USDRUBF;30;20240919;120000;92.38;92.5;92.34;92.4;10258
USDRUBF;30;20240919;123000;92.4;92.49;92.38;92.48;4485
USDRUBF;30;20240919;130000;92.46;92.64;92.43;92.52;9040
USDRUBF;30;20240919;133000;92.52;92.73;92.52;92.66;2492
USDRUBF;30;20240919;140000;92.7;92.83;92.69;92.83;12163
USDRUBF;30;20240919;143000;92.84;92.9;92.76;92.77;12070
USDRUBF;30;20240919;150000;92.78;92.78;92.66;92.72;4212
USDRUBF;30;20240919;153000;92.74;92.75;92.72;92.72;2977
USDRUBF;30;20240919;160000;92.72;92.75;92.53;92.64;6786
USDRUBF;30;20240919;163000;92.64;92.68;92.38;92.63;8461
USDRUBF;30;20240919;170000;92.61;92.65;92.38;92.43;4210
USDRUBF;30;20240919;173000;92.45;92.68;92.4;92.46;6465
USDRUBF;30;20240919;180000;92.46;92.51;92.32;92.4;4626
USDRUBF;30;20240919;183000;92.38;92.47;92.35;92.45;1413
USDRUBF;30;20240919;190000;92.54;92.54;92.35;92.39;375
USDRUBF;30;20240919;193000;92.41;92.43;92.35;92.35;257
USDRUBF;30;20240919;200000;92.38;92.4;92.33;92.39;274
USDRUBF;30;20240919;203000;92.39;92.39;92.31;92.33;622
USDRUBF;30;20240919;210000;92.33;92.4;92.33;92.38;478
USDRUBF;30;20240919;213000;92.35;92.38;92.24;92.29;288
USDRUBF;30;20240919;220000;92.28;92.3;92.24;92.26;294
USDRUBF;30;20240919;223000;92.28;92.3;92.25;92.3;107
USDRUBF;30;20240919;230000;92.3;92.34;92.28;92.3;106
USDRUBF;30;20240919;233000;92.32;92.4;92.25;92.26;338
USDRUBF;30;20240920;100000;92.31;92.86;92.27;92.7;8810
USDRUBF;30;20240920;103000;92.69;92.85;92.61;92.8;5604
USDRUBF;30;20240920;110000;92.81;92.85;92.7;92.75;4119
USDRUBF;30;20240920;113000;92.77;92.85;92.61;92.82;2013
USDRUBF;30;20240920;120000;92.82;92.98;92.71;92.84;6035
USDRUBF;30;20240920;123000;92.84;92.94;92.77;92.84;2837
USDRUBF;30;20240920;130000;92.87;92.94;92.63;92.7;3331
USDRUBF;30;20240920;133000;92.69;92.9;92.69;92.73;5052
USDRUBF;30;20240920;140000;92.71;92.79;92.65;92.71;11003
USDRUBF;30;20240920;143000;92.71;92.77;92.6;92.76;9204
USDRUBF;30;20240920;150000;92.75;92.92;92.72;92.79;5367
USDRUBF;30;20240920;153000;92.77;92.8;92.67;92.67;2301
USDRUBF;30;20240920;160000;92.67;92.69;92.57;92.6;2528
USDRUBF;30;20240920;163000;92.58;92.66;92.57;92.62;2073
USDRUBF;30;20240920;170000;92.6;92.71;92.59;92.7;3370
USDRUBF;30;20240920;173000;92.71;92.77;92.59;92.75;4754
USDRUBF;30;20240920;180000;92.77;92.8;92.57;92.59;10542
USDRUBF;30;20240920;183000;92.6;92.61;92.48;92.55;3216
USDRUBF;30;20240920;190000;92.63;92.81;92.46;92.59;521
USDRUBF;30;20240920;193000;92.58;92.67;92.58;92.64;169
USDRUBF;30;20240920;200000;92.64;92.64;92.62;92.63;49
USDRUBF;30;20240920;203000;92.63;92.63;92.61;92.63;161
USDRUBF;30;20240920;210000;92.63;92.65;92.62;92.64;98
USDRUBF;30;20240920;213000;92.62;92.64;92.6;92.61;106
USDRUBF;30;20240920;220000;92.61;92.62;92.58;92.6;87
USDRUBF;30;20240920;223000;92.6;92.64;92.59;92.64;136
USDRUBF;30;20240920;230000;92.64;92.66;92.61;92.64;221
USDRUBF;30;20240920;233000;92.66;92.69;92.62;92.62;153
USDRUBF;30;20240923;100000;92.63;93.06;92.63;92.84;5263
USDRUBF;30;20240923;103000;92.84;92.86;92.68;92.75;5020
USDRUBF;30;20240923;110000;92.76;92.94;92.72;92.84;3098
USDRUBF;30;20240923;113000;92.86;93.01;92.83;92.83;1330
USDRUBF;30;20240923;120000;92.83;92.95;92.83;92.94;1680
USDRUBF;30;20240923;123000;92.92;92.98;92.86;92.89;1621
USDRUBF;30;20240923;130000;92.88;92.89;92.85;92.86;1037
USDRUBF;30;20240923;133000;92.86;92.86;92.69;92.75;4569
USDRUBF;30;20240923;140000;92.8;92.86;92.6;92.66;1858
USDRUBF;30;20240923;143000;92.66;92.74;92.64;92.72;1782
USDRUBF;30;20240923;150000;92.74;92.84;92.71;92.73;1603
USDRUBF;30;20240923;153000;92.71;92.84;92.71;92.81;507
USDRUBF;30;20240923;160000;92.82;92.85;92.75;92.78;2710
USDRUBF;30;20240923;163000;92.78;92.89;92.77;92.89;1302
USDRUBF;30;20240923;170000;92.86;92.9;92.82;92.89;1139
USDRUBF;30;20240923;173000;92.87;92.9;92.85;92.87;3250
USDRUBF;30;20240923;180000;92.86;92.9;92.85;92.9;852
USDRUBF;30;20240923;183000;92.9;92.94;92.89;92.94;715
USDRUBF;30;20240923;190000;92.9;92.97;92.9;92.97;222
USDRUBF;30;20240923;193000;92.96;92.96;92.94;92.94;163
USDRUBF;30;20240923;200000;92.94;92.96;92.93;92.96;237
USDRUBF;30;20240923;203000;92.96;92.96;92.92;92.96;195
USDRUBF;30;20240923;210000;92.92;92.94;92.91;92.94;76
USDRUBF;30;20240923;213000;92.93;92.93;92.91;92.93;27
USDRUBF;30;20240923;220000;92.91;92.93;92.91;92.93;56
USDRUBF;30;20240923;223000;92.91;92.91;92.9;92.91;25
USDRUBF;30;20240923;230000;92.93;92.95;92.92;92.93;471
USDRUBF;30;20240923;233000;92.94;92.95;92.92;92.95;39
USDRUBF;30;20240924;100000;92.94;92.94;92.77;92.88;5488
USDRUBF;30;20240924;103000;92.89;93.03;92.81;92.87;9659
USDRUBF;30;20240924;110000;92.9;93.08;92.79;92.98;8376
USDRUBF;30;20240924;113000;92.99;93.2;92.99;93.08;3746
USDRUBF;30;20240924;120000;93.08;93.12;93.01;93.05;2298
USDRUBF;30;20240924;123000;93.05;93.09;92.88;92.94;1480
USDRUBF;30;20240924;130000;92.94;92.95;92.84;92.9;3233
USDRUBF;30;20240924;133000;92.9;92.9;92.8;92.81;3216
USDRUBF;30;20240924;140000;92.81;92.85;92.8;92.85;710
USDRUBF;30;20240924;143000;92.84;92.85;92.61;92.75;5086
USDRUBF;30;20240924;150000;92.76;92.8;92.68;92.78;1812
USDRUBF;30;20240924;153000;92.75;92.75;92.34;92.37;7173
USDRUBF;30;20240924;160000;92.37;92.51;92.2;92.32;8781
USDRUBF;30;20240924;163000;92.3;92.4;92.27;92.28;4311
USDRUBF;30;20240924;170000;92.29;92.36;91.96;92;9073
USDRUBF;30;20240924;173000;92;92.1;91.99;92.08;10540
USDRUBF;30;20240924;180000;92.05;92.23;92.05;92.22;4027
USDRUBF;30;20240924;183000;92.2;92.27;92.11;92.12;930
USDRUBF;30;20240924;190000;92.14;92.26;91.99;92.2;1138
USDRUBF;30;20240924;193000;92.19;92.24;92.16;92.22;314
USDRUBF;30;20240924;200000;92.22;92.25;92.21;92.25;169
USDRUBF;30;20240924;203000;92.24;92.24;92.21;92.23;83
USDRUBF;30;20240924;210000;92.23;92.23;92.18;92.2;327
USDRUBF;30;20240924;213000;92.18;92.19;92.15;92.16;255
USDRUBF;30;20240924;220000;92.18;92.18;92.14;92.14;147
USDRUBF;30;20240924;223000;92.14;92.16;92.13;92.14;84
USDRUBF;30;20240924;230000;92.15;92.16;92.07;92.08;187
USDRUBF;30;20240924;233000;92.08;92.08;92.06;92.06;136
USDRUBF;30;20240925;100000;92.07;92.32;92;92.19;4546
USDRUBF;30;20240925;103000;92.2;92.28;91.87;91.95;7356
USDRUBF;30;20240925;110000;91.95;91.96;91.55;91.74;14082
USDRUBF;30;20240925;113000;91.74;91.89;91.67;91.86;5429
USDRUBF;30;20240925;120000;91.86;92.15;91.73;91.92;2689
USDRUBF;30;20240925;123000;91.94;92.01;91.85;91.9;3861
USDRUBF;30;20240925;130000;91.9;92.08;91.9;91.97;2334
USDRUBF;30;20240925;133000;91.95;92.18;91.92;92.18;2312
USDRUBF;30;20240925;140000;92.17;92.19;92.02;92.12;2880
USDRUBF;30;20240925;143000;92.14;92.18;91.98;92.12;7119
USDRUBF;30;20240925;150000;92.11;92.21;92.1;92.12;1520
USDRUBF;30;20240925;153000;92.13;92.38;92.1;92.38;6643
USDRUBF;30;20240925;160000;92.38;92.43;92.1;92.16;5093
USDRUBF;30;20240925;163000;92.16;92.26;92.1;92.26;3331
USDRUBF;30;20240925;170000;92.26;92.37;92.22;92.37;1805
USDRUBF;30;20240925;173000;92.36;92.46;92.34;92.38;2516
USDRUBF;30;20240925;180000;92.39;92.45;92.32;92.36;4453
USDRUBF;30;20240925;183000;92.36;92.5;92.2;92.47;3977
USDRUBF;30;20240925;190000;92.47;92.5;92.32;92.35;475
USDRUBF;30;20240925;193000;92.34;92.39;92.34;92.34;225
USDRUBF;30;20240925;200000;92.37;92.39;92.34;92.34;178
USDRUBF;30;20240925;203000;92.35;92.36;92.29;92.32;178
USDRUBF;30;20240925;210000;92.32;92.35;92.32;92.32;34
USDRUBF;30;20240925;213000;92.32;92.33;92.12;92.2;1978
USDRUBF;30;20240925;220000;92.2;92.23;92.2;92.2;726
USDRUBF;30;20240925;223000;92.2;92.26;92.2;92.26;98
USDRUBF;30;20240925;230000;92.24;92.27;92.24;92.25;41
USDRUBF;30;20240925;233000;92.26;92.27;92.21;92.23;36
USDRUBF;30;20240926;100000;92.25;92.29;92.02;92.15;4112
USDRUBF;30;20240926;103000;92.15;92.28;92.1;92.25;1196
USDRUBF;30;20240926;110000;92.27;92.36;92.21;92.26;3481
USDRUBF;30;20240926;113000;92.26;92.4;92.25;92.38;6492
USDRUBF;30;20240926;120000;92.39;92.43;92.18;92.26;4172
USDRUBF;30;20240926;123000;92.25;92.35;92.17;92.31;1975
USDRUBF;30;20240926;130000;92.31;92.31;92.1;92.21;6625
USDRUBF;30;20240926;133000;92.24;92.37;92.2;92.34;7939
USDRUBF;30;20240926;140000;92.36;92.42;92.31;92.34;1837
USDRUBF;30;20240926;143000;92.34;92.55;92.31;92.49;3677
USDRUBF;30;20240926;150000;92.5;92.6;92.43;92.55;5021
USDRUBF;30;20240926;153000;92.55;92.57;92.41;92.5;5982
USDRUBF;30;20240926;160000;92.49;92.65;92.48;92.57;4318
USDRUBF;30;20240926;163000;92.6;92.79;92.55;92.67;5048
USDRUBF;30;20240926;170000;92.66;92.69;92.55;92.63;4287
USDRUBF;30;20240926;173000;92.64;92.67;92.5;92.52;1533
USDRUBF;30;20240926;180000;92.54;92.58;92.42;92.47;4027
USDRUBF;30;20240926;183000;92.47;92.49;92.47;92.48;223
USDRUBF;30;20240926;190000;92.47;92.49;92.35;92.38;284
USDRUBF;30;20240926;193000;92.42;92.43;92.42;92.43;35
USDRUBF;30;20240926;200000;92.44;92.48;92.44;92.46;33
USDRUBF;30;20240926;203000;92.47;92.47;92.43;92.45;102
USDRUBF;30;20240926;210000;92.47;92.49;92.45;92.45;111
USDRUBF;30;20240926;213000;92.47;92.51;92.47;92.5;232
USDRUBF;30;20240926;220000;92.49;92.52;92.48;92.51;23
USDRUBF;30;20240926;223000;92.51;92.52;92.48;92.51;35
USDRUBF;30;20240926;230000;92.5;92.5;92.49;92.5;10
USDRUBF;30;20240926;233000;92.5;92.52;92.45;92.51;68
USDRUBF;30;20240927;100000;92.49;92.57;92.39;92.43;2123
USDRUBF;30;20240927;103000;92.41;92.64;92.4;92.61;2554
USDRUBF;30;20240927;110000;92.62;92.73;92.56;92.59;2388
USDRUBF;30;20240927;113000;92.58;92.64;92.57;92.6;2809
USDRUBF;30;20240927;120000;92.6;92.75;92.57;92.75;4417
USDRUBF;30;20240927;123000;92.75;92.82;92.7;92.77;3577
USDRUBF;30;20240927;130000;92.79;92.87;92.71;92.76;2937
USDRUBF;30;20240927;133000;92.75;92.83;92.7;92.7;1101
USDRUBF;30;20240927;140000;92.7;92.75;92.65;92.7;2379
USDRUBF;30;20240927;143000;92.69;92.73;92.59;92.72;2710
USDRUBF;30;20240927;150000;92.7;92.75;92.65;92.71;832
USDRUBF;30;20240927;153000;92.71;92.73;92.62;92.62;1692
USDRUBF;30;20240927;160000;92.64;92.69;92.54;92.67;3501
USDRUBF;30;20240927;163000;92.67;92.76;92.66;92.73;937
USDRUBF;30;20240927;170000;92.73;92.81;92.71;92.81;1435
USDRUBF;30;20240927;173000;92.8;92.8;92.74;92.77;557
USDRUBF;30;20240927;180000;92.77;92.8;92.7;92.75;1548
USDRUBF;30;20240927;183000;92.75;92.77;92.65;92.77;925
USDRUBF;30;20240927;190000;92.71;92.75;92.67;92.74;270
USDRUBF;30;20240927;193000;92.74;92.75;92.69;92.73;86
USDRUBF;30;20240927;200000;92.72;92.79;92.72;92.77;232
USDRUBF;30;20240927;203000;92.76;92.78;92.73;92.77;105
USDRUBF;30;20240927;210000;92.78;92.81;92.78;92.81;121
USDRUBF;30;20240927;213000;92.81;92.83;92.78;92.81;133
USDRUBF;30;20240927;220000;92.81;92.84;92.8;92.82;148
USDRUBF;30;20240927;223000;92.81;92.84;92.81;92.82;217
USDRUBF;30;20240927;230000;92.83;92.85;92.81;92.81;111
USDRUBF;30;20240927;233000;92.82;92.82;92.8;92.8;183
USDRUBF;30;20240930;100000;92.82;93.3;92.82;93.15;5222
USDRUBF;30;20240930;103000;93.15;93.25;93.04;93.19;2828
USDRUBF;30;20240930;110000;93.19;93.21;93.09;93.13;1509
USDRUBF;30;20240930;113000;93.17;93.2;93;93;3035
USDRUBF;30;20240930;120000;93;93.19;92.9;93.1;2820
USDRUBF;30;20240930;123000;93.11;93.13;92.9;92.94;1154
USDRUBF;30;20240930;130000;92.91;92.95;92.85;92.87;1272
USDRUBF;30;20240930;133000;92.9;93.01;92.88;93;825
USDRUBF;30;20240930;140000;93;93.08;92.97;93;1196
USDRUBF;30;20240930;143000;93;93.02;92.91;92.91;912
USDRUBF;30;20240930;150000;92.94;92.99;92.89;92.89;261
USDRUBF;30;20240930;153000;92.88;92.94;92.84;92.85;644
USDRUBF;30;20240930;160000;92.86;93.04;92.85;92.9;1669
USDRUBF;30;20240930;163000;92.89;93.13;92.88;93;1707
USDRUBF;30;20240930;170000;93.03;93.2;93.03;93.16;1807
USDRUBF;30;20240930;173000;93.15;93.15;92.86;92.97;3441
USDRUBF;30;20240930;180000;92.97;93.24;92.97;93.2;3377
USDRUBF;30;20240930;183000;93.2;93.23;93.11;93.15;1124
USDRUBF;30;20240930;190000;93.14;93.17;93.08;93.09;294
USDRUBF;30;20240930;193000;93.09;93.15;93.08;93.12;396
USDRUBF;30;20240930;200000;93.12;93.12;93.1;93.1;29
USDRUBF;30;20240930;203000;93.1;93.12;93.09;93.09;62
USDRUBF;30;20240930;210000;93.11;93.15;93.09;93.09;237
USDRUBF;30;20240930;213000;93.1;93.12;93.09;93.12;58
USDRUBF;30;20240930;220000;93.13;93.13;93.11;93.13;174
USDRUBF;30;20240930;223000;93.11;93.13;93.1;93.12;117
USDRUBF;30;20240930;230000;93.12;93.13;93.11;93.13;39
USDRUBF;30;20240930;233000;93.14;93.17;93.11;93.11;117
USDRUBF;30;20241001;100000;93.14;93.29;93.13;93.2;2691
USDRUBF;30;20241001;103000;93.21;93.23;92.86;93.07;4584
USDRUBF;30;20241001;110000;93.02;93.2;93.02;93.11;1963
USDRUBF;30;20241001;113000;93.11;93.25;93.05;93.19;2548
USDRUBF;30;20241001;120000;93.2;93.27;93.15;93.2;5532
USDRUBF;30;20241001;123000;93.2;93.37;93.2;93.28;2104
USDRUBF;30;20241001;130000;93.3;93.4;93.23;93.4;1787
USDRUBF;30;20241001;133000;93.36;93.41;93.32;93.41;910
USDRUBF;30;20241001;140000;93.39;93.46;93.3;93.42;1890
USDRUBF;30;20241001;143000;93.42;93.49;93.41;93.46;875
USDRUBF;30;20241001;150000;93.46;93.64;93.44;93.62;1823
USDRUBF;30;20241001;153000;93.62;93.65;93.52;93.65;1392
USDRUBF;30;20241001;160000;93.64;93.67;93.44;93.6;4776
USDRUBF;30;20241001;163000;93.6;93.8;93.59;93.76;4590
USDRUBF;30;20241001;170000;93.79;93.86;93.67;93.78;8223
USDRUBF;30;20241001;173000;93.78;93.91;93.76;93.9;1668
USDRUBF;30;20241001;180000;93.89;94.03;93.88;93.94;3961
USDRUBF;30;20241001;183000;93.95;94;93.84;93.99;1491
USDRUBF;30;20241001;190000;93.86;93.87;93.78;93.82;454
USDRUBF;30;20241001;193000;93.86;93.86;93.8;93.83;265
USDRUBF;30;20241001;200000;93.81;94;93.79;93.99;600
USDRUBF;30;20241001;203000;93.99;93.99;93.91;93.96;275
USDRUBF;30;20241001;210000;93.95;93.97;93.92;93.94;209
USDRUBF;30;20241001;213000;93.94;93.96;93.92;93.93;92
USDRUBF;30;20241001;220000;93.93;93.98;93.93;93.95;199
USDRUBF;30;20241001;223000;93.97;94.01;93.93;93.97;399
USDRUBF;30;20241001;230000;93.96;93.99;93.9;93.97;344
USDRUBF;30;20241001;233000;93.97;93.98;93.88;93.98;366
USDRUBF;30;20241002;100000;94.03;94.19;93.8;94.1;4392
USDRUBF;30;20241002;103000;94.1;94.48;94.1;94.33;4445
USDRUBF;30;20241002;110000;94.36;94.38;94.17;94.34;1724
USDRUBF;30;20241002;113000;94.34;94.37;94.08;94.21;3211
USDRUBF;30;20241002;120000;94.21;94.26;94.17;94.23;2047
USDRUBF;30;20241002;123000;94.25;94.44;94.24;94.37;3132
USDRUBF;30;20241002;130000;94.37;94.61;94.34;94.51;8796
USDRUBF;30;20241002;133000;94.52;94.59;94.5;94.55;4565
USDRUBF;30;20241002;140000;94.54;94.58;94.44;94.56;5345
USDRUBF;30;20241002;143000;94.57;94.69;94.5;94.56;5657
USDRUBF;30;20241002;150000;94.53;94.62;94.52;94.62;1457
USDRUBF;30;20241002;153000;94.62;94.78;94.6;94.63;4495
USDRUBF;30;20241002;160000;94.66;94.74;94.65;94.73;996
USDRUBF;30;20241002;163000;94.72;94.74;94.58;94.67;2856
USDRUBF;30;20241002;170000;94.69;94.73;94.6;94.65;2184
USDRUBF;30;20241002;173000;94.65;94.7;94.62;94.66;1435
USDRUBF;30;20241002;180000;94.66;94.66;94.5;94.62;4910
USDRUBF;30;20241002;183000;94.63;94.69;94.6;94.68;585
USDRUBF;30;20241002;190000;94.6;94.71;94.6;94.71;398
USDRUBF;30;20241002;193000;94.7;94.78;94.68;94.71;327
USDRUBF;30;20241002;200000;94.7;94.81;94.69;94.69;442
USDRUBF;30;20241002;203000;94.7;94.77;94.68;94.76;227
USDRUBF;30;20241002;210000;94.75;94.8;94.74;94.76;453
USDRUBF;30;20241002;213000;94.75;94.81;94.74;94.81;485
USDRUBF;30;20241002;220000;94.81;94.82;94.75;94.75;610
USDRUBF;30;20241002;223000;94.76;94.8;94.75;94.79;181
USDRUBF;30;20241002;230000;94.79;94.85;94.78;94.79;359
USDRUBF;30;20241002;233000;94.79;94.82;94.79;94.82;197
USDRUBF;30;20241003;100000;94.79;95.33;94.78;95.11;19742
USDRUBF;30;20241003;103000;95.15;95.18;94.63;94.85;16871
USDRUBF;30;20241003;110000;94.84;95.01;94.75;94.84;4393
USDRUBF;30;20241003;113000;94.85;95.3;94.8;95.28;10759
USDRUBF;30;20241003;120000;95.25;95.44;95.15;95.34;13552
USDRUBF;30;20241003;123000;95.34;95.43;95.2;95.24;5717
USDRUBF;30;20241003;130000;95.25;95.31;95.12;95.21;3992
USDRUBF;30;20241003;133000;95.23;95.24;95.04;95.17;4619
USDRUBF;30;20241003;140000;95.14;95.32;95.11;95.14;1242
USDRUBF;30;20241003;143000;95.12;95.27;95.07;95.1;666
USDRUBF;30;20241003;150000;95.07;95.25;94.76;95.15;13745
USDRUBF;30;20241003;153000;95.14;95.34;94.97;95.31;14346
USDRUBF;30;20241003;160000;95.3;95.31;95.11;95.19;3272
USDRUBF;30;20241003;163000;95.18;95.29;95.15;95.25;1422
USDRUBF;30;20241003;170000;95.27;95.31;95.15;95.25;2163
USDRUBF;30;20241003;173000;95.25;95.39;95.25;95.3;2343
USDRUBF;30;20241003;180000;95.3;95.33;95.18;95.2;2066
USDRUBF;30;20241003;183000;95.2;95.25;95.1;95.17;1079
USDRUBF;30;20241003;190000;95.18;95.23;95.13;95.21;375
USDRUBF;30;20241003;193000;95.21;95.22;95.13;95.19;416
USDRUBF;30;20241003;200000;95.15;95.18;95.12;95.16;465
USDRUBF;30;20241003;203000;95.16;95.17;95.13;95.14;247
USDRUBF;30;20241003;210000;95.14;95.16;95.12;95.14;85
USDRUBF;30;20241003;213000;95.15;95.16;95.08;95.08;297
USDRUBF;30;20241003;220000;95.08;95.11;95.03;95.05;971
USDRUBF;30;20241003;223000;95.07;95.08;95.04;95.04;673
USDRUBF;30;20241003;230000;95.04;95.08;94.94;94.94;878
USDRUBF;30;20241003;233000;94.93;95.04;94.93;95.04;233
USDRUBF;30;20241004;100000;94.93;94.96;94.55;94.89;6652
USDRUBF;30;20241004;103000;94.88;95.03;94.76;95.01;2692
USDRUBF;30;20241004;110000;95.02;95.03;94.81;94.83;4096
USDRUBF;30;20241004;113000;94.85;95.1;94.8;94.99;5815
USDRUBF;30;20241004;120000;95.04;95.1;94.82;94.85;1822
USDRUBF;30;20241004;123000;94.84;94.96;94.83;94.88;2182
USDRUBF;30;20241004;130000;94.85;95.03;94.85;95.01;502
USDRUBF;30;20241004;133000;95.02;95.05;94.94;95.01;891
USDRUBF;30;20241004;140000;95;95.04;94.9;94.99;1065
USDRUBF;30;20241004;143000;94.99;95.17;94.99;95.13;2129
USDRUBF;30;20241004;150000;95.15;95.25;95.14;95.24;1977
USDRUBF;30;20241004;153000;95.24;95.58;95.24;95.5;4718
USDRUBF;30;20241004;160000;95.53;95.58;95.49;95.56;1508
USDRUBF;30;20241004;163000;95.56;95.62;95.41;95.46;1740
USDRUBF;30;20241004;170000;95.46;95.52;95.41;95.43;970
USDRUBF;30;20241004;173000;95.42;95.47;95.33;95.34;1215
USDRUBF;30;20241004;180000;95.34;95.39;95.28;95.36;977
USDRUBF;30;20241004;183000;95.36;95.36;95.16;95.23;2228
USDRUBF;30;20241004;190000;95.21;95.33;95.2;95.29;781
USDRUBF;30;20241004;193000;95.29;95.29;95.24;95.28;139
USDRUBF;30;20241004;200000;95.29;95.31;95.28;95.28;167
USDRUBF;30;20241004;203000;95.29;95.32;95.27;95.27;73
USDRUBF;30;20241004;210000;95.26;95.32;95.24;95.25;165
USDRUBF;30;20241004;213000;95.24;95.26;95.22;95.24;121
USDRUBF;30;20241004;220000;95.24;95.28;95.23;95.26;84
USDRUBF;30;20241004;223000;95.26;95.26;95.08;95.11;718
USDRUBF;30;20241004;230000;95.12;95.15;95.04;95.12;275
USDRUBF;30;20241004;233000;95.13;95.19;95.11;95.19;98
USDRUBF;30;20241007;100000;95.3;95.85;95.11;95.83;9991
USDRUBF;30;20241007;103000;95.85;95.9;95.61;95.83;4623
USDRUBF;30;20241007;110000;95.84;96.13;95.81;95.96;8693
USDRUBF;30;20241007;113000;95.97;96.07;95.85;95.96;3433
USDRUBF;30;20241007;120000;95.96;96.06;95.9;95.96;1603
USDRUBF;30;20241007;123000;96;96.08;95.96;96.06;878
USDRUBF;30;20241007;130000;96.05;96.19;95.85;95.97;4569
USDRUBF;30;20241007;133000;95.95;96.1;95.92;96.04;4274
USDRUBF;30;20241007;140000;96.05;96.09;96.02;96.04;826
USDRUBF;30;20241007;143000;96.05;96.08;95.98;96.02;2103
USDRUBF;30;20241007;150000;96.02;96.07;95.96;96;1573
USDRUBF;30;20241007;153000;96;96.1;95.95;96.08;2457
USDRUBF;30;20241007;160000;96.06;96.08;95.98;96.02;1754
USDRUBF;30;20241007;163000;96.04;96.04;95.95;95.96;2712
USDRUBF;30;20241007;170000;95.98;96.05;95.89;96.05;1955
USDRUBF;30;20241007;173000;96.03;96.1;95.92;95.95;4249
USDRUBF;30;20241007;180000;95.97;96.1;95.96;96.06;3993
USDRUBF;30;20241007;183000;96.07;96.09;96.02;96.08;1546
USDRUBF;30;20241007;190000;96.04;96.05;95.97;95.98;416
USDRUBF;30;20241007;193000;95.98;96.01;95.91;95.94;590
USDRUBF;30;20241007;200000;95.93;95.96;95.92;95.96;57
USDRUBF;30;20241007;203000;95.96;96;95.94;95.99;303
USDRUBF;30;20241007;210000;95.99;96;95.95;95.98;179
USDRUBF;30;20241007;213000;95.97;96.02;95.96;96.01;122
USDRUBF;30;20241007;220000;96.02;96.06;96.02;96.02;117
USDRUBF;30;20241007;223000;96.02;96.03;96;96;36
USDRUBF;30;20241007;230000;96.01;96.05;96;96.02;90
USDRUBF;30;20241007;233000;96.03;96.05;96;96.04;163
USDRUBF;30;20241008;100000;96;96.28;95.92;96.15;6946
USDRUBF;30;20241008;103000;96.15;96.3;95.79;96.05;6631
USDRUBF;30;20241008;110000;96.04;96.1;95.89;96.03;2873
USDRUBF;30;20241008;113000;96.05;96.12;96.04;96.08;2030
USDRUBF;30;20241008;120000;96.08;96.1;96.05;96.07;1866
USDRUBF;30;20241008;123000;96.06;96.07;95.88;95.99;4606
USDRUBF;30;20241008;130000;96;96.1;95.97;96.08;4334
USDRUBF;30;20241008;133000;96.08;96.2;96.06;96.17;4268
USDRUBF;30;20241008;140000;96.19;96.2;96.06;96.12;1943
USDRUBF;30;20241008;143000;96.14;96.29;96.12;96.22;6463
USDRUBF;30;20241008;150000;96.21;96.34;96.19;96.21;25065
USDRUBF;30;20241008;153000;96.21;96.3;96.18;96.29;13052
USDRUBF;30;20241008;160000;96.3;96.39;96.23;96.29;10244
USDRUBF;30;20241008;163000;96.29;96.3;95.86;96.1;12714
USDRUBF;30;20241008;170000;96.09;96.24;96.07;96.17;1298
USDRUBF;30;20241008;173000;96.17;96.25;96.01;96.07;2415
USDRUBF;30;20241008;180000;96.07;96.23;96.01;96.21;2016
USDRUBF;30;20241008;183000;96.24;96.24;96.13;96.16;799
USDRUBF;30;20241008;190000;96.12;96.27;96.12;96.27;457
USDRUBF;30;20241008;193000;96.27;96.28;96.24;96.27;140
USDRUBF;30;20241008;200000;96.28;96.29;96.18;96.18;186
USDRUBF;30;20241008;203000;96.18;96.2;96.18;96.19;40
USDRUBF;30;20241008;210000;96.18;96.2;96.18;96.2;104
USDRUBF;30;20241008;213000;96.19;96.25;96.18;96.22;182
USDRUBF;30;20241008;220000;96.21;96.26;96.21;96.24;109
USDRUBF;30;20241008;223000;96.25;96.26;96.24;96.25;201
USDRUBF;30;20241008;230000;96.25;96.25;96.2;96.22;61
USDRUBF;30;20241008;233000;96.22;96.23;96.2;96.23;103
USDRUBF;30;20241009;100000;96.3;96.55;96.22;96.47;10717
USDRUBF;30;20241009;103000;96.49;96.68;96.45;96.59;3304
USDRUBF;30;20241009;110000;96.59;96.6;96.49;96.55;2155
USDRUBF;30;20241009;113000;96.55;96.61;96.5;96.51;1666
USDRUBF;30;20241009;120000;96.52;96.77;96.51;96.7;3835
USDRUBF;30;20241009;123000;96.7;96.85;96.7;96.78;7266
USDRUBF;30;20241009;130000;96.78;96.8;96.56;96.57;9723
USDRUBF;30;20241009;133000;96.59;96.6;96.49;96.53;5666
USDRUBF;30;20241009;140000;96.55;96.55;96.3;96.38;8245
USDRUBF;30;20241009;143000;96.37;96.53;96.35;96.48;2606
USDRUBF;30;20241009;150000;96.48;96.55;96.31;96.34;4943
USDRUBF;30;20241009;153000;96.35;96.38;96.17;96.25;11718
USDRUBF;30;20241009;160000;96.24;96.3;96.19;96.22;5694
USDRUBF;30;20241009;163000;96.22;96.35;96.15;96.35;19580
USDRUBF;30;20241009;170000;96.35;96.51;96.29;96.4;3666
USDRUBF;30;20241009;173000;96.41;96.66;96.39;96.58;5302
USDRUBF;30;20241009;180000;96.61;96.64;96.45;96.49;11028
USDRUBF;30;20241009;183000;96.49;96.56;96.48;96.55;3227
USDRUBF;30;20241009;190000;96.45;96.52;96.41;96.43;488
USDRUBF;30;20241009;193000;96.42;96.46;96.41;96.43;200
USDRUBF;30;20241009;200000;96.43;96.48;96.43;96.47;98
USDRUBF;30;20241009;203000;96.46;96.48;96.45;96.46;29
USDRUBF;30;20241009;210000;96.48;96.5;96.47;96.49;82
USDRUBF;30;20241009;213000;96.5;96.51;96.49;96.49;125
USDRUBF;30;20241009;220000;96.48;96.51;96.48;96.49;96
USDRUBF;30;20241009;223000;96.49;96.49;96.43;96.43;194
USDRUBF;30;20241009;230000;96.44;96.45;96.42;96.43;108
USDRUBF;30;20241009;233000;96.44;96.45;96.41;96.41;67
USDRUBF;30;20241010;100000;96.42;96.71;96.35;96.56;6067
USDRUBF;30;20241010;103000;96.57;96.57;96.21;96.37;9812
USDRUBF;30;20241010;110000;96.36;96.36;96.19;96.2;26351
USDRUBF;30;20241010;113000;96.2;96.37;96.19;96.34;3037
USDRUBF;30;20241010;120000;96.34;96.53;96.29;96.44;3847
USDRUBF;30;20241010;123000;96.45;96.52;96.37;96.45;2080
USDRUBF;30;20241010;130000;96.45;96.49;96.37;96.38;1751
USDRUBF;30;20241010;133000;96.38;96.5;96.38;96.5;986
USDRUBF;30;20241010;140000;96.49;96.49;96.44;96.46;417
USDRUBF;30;20241010;143000;96.48;96.52;96.42;96.5;497
USDRUBF;30;20241010;150000;96.51;96.55;96.45;96.48;879
USDRUBF;30;20241010;153000;96.48;96.52;96.37;96.44;1728
USDRUBF;30;20241010;160000;96.48;96.51;96.28;96.34;3674
USDRUBF;30;20241010;163000;96.33;96.39;96.2;96.23;2469
USDRUBF;30;20241010;170000;96.21;96.34;96.21;96.25;4026
USDRUBF;30;20241010;173000;96.26;96.28;95.59;95.87;15803
USDRUBF;30;20241010;180000;95.88;95.88;95.75;95.83;4460
USDRUBF;30;20241010;183000;95.81;95.85;95.76;95.83;4147
USDRUBF;30;20241010;190000;95.8;95.8;95.38;95.5;3288
USDRUBF;30;20241010;193000;95.49;95.51;95.38;95.45;1167
USDRUBF;30;20241010;200000;95.44;95.49;95.39;95.39;550
USDRUBF;30;20241010;203000;95.4;95.47;95.36;95.47;796
USDRUBF;30;20241010;210000;95.47;95.57;95.3;95.51;1022
USDRUBF;30;20241010;213000;95.52;95.54;95.49;95.52;286
USDRUBF;30;20241010;220000;95.51;95.56;95.46;95.49;875
USDRUBF;30;20241010;223000;95.49;95.51;95.45;95.46;668
USDRUBF;30;20241010;230000;95.45;95.54;95.44;95.51;228
USDRUBF;30;20241010;233000;95.51;95.54;95.5;95.52;132
USDRUBF;30;20241011;100000;95.52;95.69;95.05;95.4;11249
USDRUBF;30;20241011;103000;95.41;95.48;95.28;95.39;5040
USDRUBF;30;20241011;110000;95.39;95.6;95.3;95.59;5481
USDRUBF;30;20241011;113000;95.58;95.59;95.43;95.58;2047
USDRUBF;30;20241011;120000;95.59;95.59;95.21;95.26;5038
USDRUBF;30;20241011;123000;95.27;95.37;95.27;95.35;542
USDRUBF;30;20241011;130000;95.34;95.34;94.9;94.96;2580
USDRUBF;30;20241011;133000;94.92;95.11;94.84;95.09;3583
USDRUBF;30;20241011;140000;95.07;95.12;94.85;95.03;2192
USDRUBF;30;20241011;143000;95.01;95.03;94.71;94.81;3538
USDRUBF;30;20241011;150000;94.8;95.27;94.74;95.21;2556
USDRUBF;30;20241011;153000;95.22;95.25;94.92;95.03;1145
USDRUBF;30;20241011;160000;95.03;95.22;95.03;95.1;808
USDRUBF;30;20241011;163000;95.13;95.15;94.91;94.93;1197
USDRUBF;30;20241011;170000;94.94;95.07;94.87;95.04;2082
USDRUBF;30;20241011;173000;95.04;95.05;94.98;94.99;638
USDRUBF;30;20241011;180000;94.99;94.99;94.54;94.6;5249
USDRUBF;30;20241011;183000;94.57;94.68;94.51;94.65;5448
USDRUBF;30;20241011;190000;94.58;94.66;94.41;94.63;900
USDRUBF;30;20241011;193000;94.63;94.71;94.61;94.65;266
USDRUBF;30;20241011;200000;94.66;94.7;94.66;94.67;156
USDRUBF;30;20241011;203000;94.67;94.72;94.66;94.72;236
USDRUBF;30;20241011;210000;94.72;94.85;94.71;94.82;942
USDRUBF;30;20241011;213000;94.83;95.18;94.81;95.03;2625
USDRUBF;30;20241011;220000;95.03;95.1;94.99;95.05;1343
USDRUBF;30;20241011;223000;95.07;95.15;95.03;95.15;711
USDRUBF;30;20241011;230000;95.15;95.23;95.12;95.21;945
USDRUBF;30;20241011;233000;95.2;95.2;94.99;95.11;350
USDRUBF;30;20241014;100000;95.15;95.45;94.86;95.15;5274
USDRUBF;30;20241014;103000;95.17;95.3;95.07;95.09;3028
USDRUBF;30;20241014;110000;95.1;95.15;95.06;95.13;589
USDRUBF;30;20241014;113000;95.08;95.14;94.93;95.01;2548
USDRUBF;30;20241014;120000;95;95.02;94.92;94.94;1218
USDRUBF;30;20241014;123000;94.97;95.03;94.87;94.99;1032
USDRUBF;30;20241014;130000;95.01;95.13;94.95;95.13;2136
USDRUBF;30;20241014;133000;95.13;95.37;95.11;95.25;3283
USDRUBF;30;20241014;140000;95.29;95.58;95.28;95.45;2859
USDRUBF;30;20241014;143000;95.45;95.45;95.31;95.35;1145
USDRUBF;30;20241014;150000;95.34;95.4;95.19;95.23;638
USDRUBF;30;20241014;153000;95.2;95.34;95.13;95.19;2616
USDRUBF;30;20241014;160000;95.17;95.26;95.12;95.25;660
USDRUBF;30;20241014;163000;95.26;95.39;95.24;95.34;1946
USDRUBF;30;20241014;170000;95.35;95.45;95.31;95.37;1740
USDRUBF;30;20241014;173000;95.36;95.4;95.29;95.38;1282
USDRUBF;30;20241014;180000;95.39;95.47;95.39;95.42;1134
USDRUBF;30;20241014;183000;95.43;95.51;95.4;95.51;638
USDRUBF;30;20241014;190000;95.42;95.42;95.3;95.38;381
USDRUBF;30;20241014;193000;95.38;95.4;95.36;95.4;149
USDRUBF;30;20241014;200000;95.38;95.4;95.35;95.4;153
USDRUBF;30;20241014;203000;95.4;95.41;95.35;95.35;61
USDRUBF;30;20241014;210000;95.35;95.37;95.34;95.36;34
USDRUBF;30;20241014;213000;95.34;95.37;95.33;95.37;81
USDRUBF;30;20241014;220000;95.37;95.39;95.36;95.39;74
USDRUBF;30;20241014;223000;95.39;95.4;95.38;95.38;72
USDRUBF;30;20241014;230000;95.39;95.45;95.38;95.4;278
USDRUBF;30;20241014;233000;95.4;95.44;95.39;95.43;143
USDRUBF;30;20241015;100000;95.45;95.92;95.41;95.9;7315
USDRUBF;30;20241015;103000;95.89;96.12;95.88;96.06;4053
USDRUBF;30;20241015;110000;96.06;96.23;96.05;96.15;3846
USDRUBF;30;20241015;113000;96.16;96.19;96.1;96.13;1004
USDRUBF;30;20241015;120000;96.13;96.38;96.13;96.28;3817
USDRUBF;30;20241015;123000;96.29;96.46;96.29;96.41;2964
USDRUBF;30;20241015;130000;96.41;96.47;96.29;96.4;3045
USDRUBF;30;20241015;133000;96.44;96.53;96.4;96.52;1746
USDRUBF;30;20241015;140000;96.53;96.66;96.42;96.47;1444
USDRUBF;30;20241015;143000;96.47;96.61;96.47;96.58;936
USDRUBF;30;20241015;150000;96.56;96.58;96.45;96.46;1473
USDRUBF;30;20241015;153000;96.45;96.55;96.42;96.55;1808
USDRUBF;30;20241015;160000;96.54;96.58;96.42;96.58;1936
USDRUBF;30;20241015;163000;96.58;96.76;96.53;96.72;2931
USDRUBF;30;20241015;170000;96.73;96.84;96.67;96.7;3558
USDRUBF;30;20241015;173000;96.7;96.91;96.7;96.82;4249
USDRUBF;30;20241015;180000;96.84;96.95;96.84;96.88;2871
USDRUBF;30;20241015;183000;96.9;96.99;96.9;96.97;2489
USDRUBF;30;20241015;190000;96.97;96.98;96.88;96.91;1032
USDRUBF;30;20241015;193000;96.91;96.94;96.9;96.93;229
USDRUBF;30;20241015;200000;96.93;96.96;96.92;96.94;163
USDRUBF;30;20241015;203000;96.94;96.97;96.93;96.95;116
USDRUBF;30;20241015;210000;96.95;96.95;96.92;96.94;66
USDRUBF;30;20241015;213000;96.94;96.97;96.93;96.96;166
USDRUBF;30;20241015;220000;96.93;96.94;96.9;96.91;243
USDRUBF;30;20241015;223000;96.91;96.94;96.91;96.93;52
USDRUBF;30;20241015;230000;96.93;96.96;96.92;96.92;337
USDRUBF;30;20241015;233000;96.94;96.95;96.91;96.92;101
USDRUBF;30;20241016;100000;96.97;96.99;96.52;96.82;5051
USDRUBF;30;20241016;103000;96.8;96.92;96.67;96.81;3859
USDRUBF;30;20241016;110000;96.84;97.2;96.82;97.15;12844
USDRUBF;30;20241016;113000;97.15;97.19;97.08;97.19;4676
USDRUBF;30;20241016;120000;97.17;97.19;97.05;97.05;1603
USDRUBF;30;20241016;123000;97.04;97.15;97.01;97.1;1575
USDRUBF;30;20241016;130000;97.1;97.14;96.98;97.02;1491
USDRUBF;30;20241016;133000;97.01;97.12;96.97;97.04;2249
USDRUBF;30;20241016;140000;97.03;97.03;96.52;96.67;2985
USDRUBF;30;20241016;143000;96.65;96.82;96.43;96.62;4436
USDRUBF;30;20241016;150000;96.62;96.72;96.57;96.63;1409
USDRUBF;30;20241016;153000;96.63;96.63;96.49;96.56;4671
USDRUBF;30;20241016;160000;96.56;96.56;96.38;96.47;4107
USDRUBF;30;20241016;163000;96.48;96.48;96.35;96.4;1429
USDRUBF;30;20241016;170000;96.4;96.54;96.35;96.51;4817
USDRUBF;30;20241016;173000;96.5;96.58;96.48;96.51;3342
USDRUBF;30;20241016;180000;96.5;96.54;96.45;96.45;4172
USDRUBF;30;20241016;183000;96.45;96.51;96.42;96.46;2652
USDRUBF;30;20241016;190000;96.42;96.51;96.25;96.45;1240
USDRUBF;30;20241016;193000;96.43;96.51;96.43;96.46;296
USDRUBF;30;20241016;200000;96.48;96.48;96.42;96.43;293
USDRUBF;30;20241016;203000;96.42;96.43;96.37;96.38;142
USDRUBF;30;20241016;210000;96.37;96.42;96.34;96.41;164
USDRUBF;30;20241016;213000;96.41;96.5;96.41;96.5;186
USDRUBF;30;20241016;220000;96.48;96.52;96.41;96.48;259
USDRUBF;30;20241016;223000;96.48;96.54;96.48;96.52;39
USDRUBF;30;20241016;230000;96.5;96.53;96.5;96.51;56
USDRUBF;30;20241016;233000;96.5;96.51;96.48;96.51;55
USDRUBF;30;20241017;100000;96.49;96.84;96.43;96.66;2478
USDRUBF;30;20241017;103000;96.69;96.91;96.59;96.84;1287
USDRUBF;30;20241017;110000;96.85;96.87;96.53;96.61;1756
USDRUBF;30;20241017;113000;96.59;96.86;96.45;96.75;2843
USDRUBF;30;20241017;120000;96.77;96.79;96.66;96.73;1906
USDRUBF;30;20241017;123000;96.74;96.83;96.56;96.57;1695
USDRUBF;30;20241017;130000;96.56;96.56;96.15;96.17;7622
USDRUBF;30;20241017;133000;96.16;96.19;96.03;96.13;4822
USDRUBF;30;20241017;140000;96.12;96.18;95.95;96.11;4403
USDRUBF;30;20241017;143000;96.1;96.12;96.03;96.07;1268
USDRUBF;30;20241017;150000;96.1;96.25;96.01;96.21;7527
USDRUBF;30;20241017;153000;96.23;96.27;95.97;96.12;2151
USDRUBF;30;20241017;160000;96.11;96.18;96.01;96.11;1666
USDRUBF;30;20241017;163000;96.12;96.21;96.11;96.15;1330
USDRUBF;30;20241017;170000;96.12;96.15;96.06;96.11;893
USDRUBF;30;20241017;173000;96.11;96.11;96.02;96.06;1031
USDRUBF;30;20241017;180000;96.06;96.15;96.05;96.1;2611
USDRUBF;30;20241017;183000;96.11;96.22;96.03;96.07;2072
USDRUBF;30;20241017;190000;96.07;96.1;96.01;96.09;1195
USDRUBF;30;20241017;193000;96.09;96.1;96.04;96.04;249
USDRUBF;30;20241017;200000;96.03;96.1;96;96.09;280
USDRUBF;30;20241017;203000;96.1;96.2;96.09;96.17;472
USDRUBF;30;20241017;210000;96.14;96.19;96.14;96.17;134
USDRUBF;30;20241017;213000;96.18;96.18;96.16;96.18;66
USDRUBF;30;20241017;220000;96.17;96.18;96.13;96.13;61
USDRUBF;30;20241017;223000;96.15;96.16;96.13;96.16;50
USDRUBF;30;20241017;230000;96.16;96.16;96.1;96.13;28
USDRUBF;30;20241017;233000;96.14;96.22;96.12;96.2;105
USDRUBF;30;20241018;100000;96.08;96.08;95.65;95.76;4658
USDRUBF;30;20241018;103000;95.74;95.95;95.55;95.63;6119
USDRUBF;30;20241018;110000;95.64;95.76;95.55;95.63;2362
USDRUBF;30;20241018;113000;95.62;95.66;95.42;95.6;5185
USDRUBF;30;20241018;120000;95.6;95.75;95.42;95.74;1882
USDRUBF;30;20241018;123000;95.74;95.82;95.65;95.68;2316
USDRUBF;30;20241018;130000;95.69;95.72;95.66;95.66;422
USDRUBF;30;20241018;133000;95.66;95.75;95.58;95.68;1224
USDRUBF;30;20241018;140000;95.69;95.88;95.69;95.84;3358
USDRUBF;30;20241018;143000;95.85;96;95.66;95.99;2711
USDRUBF;30;20241018;150000;95.99;96;95.87;95.87;2145
USDRUBF;30;20241018;153000;95.87;95.89;95.56;95.62;2715
USDRUBF;30;20241018;160000;95.61;95.64;95.23;95.45;6249
USDRUBF;30;20241018;163000;95.45;95.7;95.29;95.58;2800
USDRUBF;30;20241018;170000;95.55;95.68;95.47;95.59;1083
USDRUBF;30;20241018;173000;95.59;95.75;95.44;95.45;1726
USDRUBF;30;20241018;180000;95.47;95.6;95.45;95.51;1245
USDRUBF;30;20241018;183000;95.51;95.6;95.47;95.6;1038
USDRUBF;30;20241018;190000;95.5;95.56;95.42;95.42;617
USDRUBF;30;20241018;193000;95.41;95.41;95.3;95.32;783
USDRUBF;30;20241018;200000;95.32;95.32;95.29;95.3;86
USDRUBF;30;20241018;203000;95.32;95.32;95.26;95.29;143
USDRUBF;30;20241018;210000;95.29;95.29;95.22;95.25;163
USDRUBF;30;20241018;213000;95.23;95.29;95.13;95.27;545
USDRUBF;30;20241018;220000;95.29;95.31;95.29;95.3;29
USDRUBF;30;20241018;223000;95.3;95.33;95.29;95.3;78
USDRUBF;30;20241018;230000;95.3;95.31;95.27;95.29;154
USDRUBF;30;20241018;233000;95.3;95.33;95.26;95.26;91
USDRUBF;30;20241021;100000;95.24;95.82;95.21;95.67;7372
USDRUBF;30;20241021;103000;95.69;95.96;95.65;95.92;5953
USDRUBF;30;20241021;110000;95.94;95.96;95.57;95.61;3966
USDRUBF;30;20241021;113000;95.62;95.77;95.52;95.7;1481
USDRUBF;30;20241021;120000;95.71;95.99;95.65;95.92;3283
USDRUBF;30;20241021;123000;95.93;96.05;95.91;96.02;1645
USDRUBF;30;20241021;130000;96.05;96.17;96.04;96.07;2055
USDRUBF;30;20241021;133000;96.1;96.11;95.88;95.91;2538
USDRUBF;30;20241021;140000;95.88;95.95;95.76;95.85;1736
USDRUBF;30;20241021;143000;95.87;96;95.84;95.92;1230
USDRUBF;30;20241021;150000;95.91;95.98;95.85;95.9;1366
USDRUBF;30;20241021;153000;95.9;95.9;95.77;95.86;1259
USDRUBF;30;20241021;160000;95.85;96.05;95.81;95.85;1714
USDRUBF;30;20241021;163000;95.84;95.96;95.75;95.81;943
USDRUBF;30;20241021;170000;95.81;95.87;95.81;95.81;447
USDRUBF;30;20241021;173000;95.82;95.99;95.75;95.96;1225
USDRUBF;30;20241021;180000;95.96;96;95.91;95.99;1346
USDRUBF;30;20241021;183000;96;96.09;95.99;96.04;1691
USDRUBF;30;20241021;190000;96;96.06;95.96;96.02;462
USDRUBF;30;20241021;193000;96.02;96.07;96.01;96.07;159
USDRUBF;30;20241021;200000;96.07;96.07;96.04;96.07;119
USDRUBF;30;20241021;203000;96.07;96.08;96.04;96.05;106
USDRUBF;30;20241021;210000;96.04;96.04;95.97;96;259
USDRUBF;30;20241021;213000;96;96.01;95.99;96;100
USDRUBF;30;20241021;220000;96;96.01;95.99;96;87
USDRUBF;30;20241021;223000;95.99;96.01;95.98;95.98;28
USDRUBF;30;20241021;230000;96;96.04;95.99;96.02;87
USDRUBF;30;20241021;233000;96.03;96.06;96;96.06;102
USDRUBF;30;20241022;100000;96.06;96.42;96.06;96.42;2841
USDRUBF;30;20241022;103000;96.42;96.48;96.34;96.35;2602
USDRUBF;30;20241022;110000;96.36;96.6;96.33;96.48;4633
USDRUBF;30;20241022;113000;96.48;96.58;96.47;96.53;2120
USDRUBF;30;20241022;120000;96.54;96.6;96.37;96.37;1894
USDRUBF;30;20241022;123000;96.37;96.52;96.37;96.44;1076
USDRUBF;30;20241022;130000;96.44;96.48;96.36;96.4;989
USDRUBF;30;20241022;133000;96.4;96.45;96.37;96.37;707
USDRUBF;30;20241022;140000;96.39;96.42;96.31;96.33;1001
USDRUBF;30;20241022;143000;96.33;96.51;96.31;96.51;609
USDRUBF;30;20241022;150000;96.51;96.54;96.34;96.42;1439
USDRUBF;30;20241022;153000;96.43;96.47;96.34;96.47;2412
USDRUBF;30;20241022;160000;96.47;96.55;96.43;96.47;1310
USDRUBF;30;20241022;163000;96.48;96.48;96.39;96.42;2104
USDRUBF;30;20241022;170000;96.42;96.44;96.32;96.38;2656
USDRUBF;30;20241022;173000;96.38;96.46;96.36;96.42;1611
USDRUBF;30;20241022;180000;96.41;96.48;96.39;96.46;632
USDRUBF;30;20241022;183000;96.46;96.57;96.46;96.56;669
USDRUBF;30;20241022;190000;96.55;96.56;96.38;96.44;873
USDRUBF;30;20241022;193000;96.44;96.45;96.38;96.38;246
USDRUBF;30;20241022;200000;96.4;96.46;96.39;96.43;168
USDRUBF;30;20241022;203000;96.42;96.49;96.41;96.49;255
USDRUBF;30;20241022;210000;96.46;96.48;96.43;96.45;352
USDRUBF;30;20241022;213000;96.45;96.47;96.43;96.43;559
USDRUBF;30;20241022;220000;96.43;96.43;96.35;96.4;223
USDRUBF;30;20241022;223000;96.39;96.43;96.38;96.43;200
USDRUBF;30;20241022;230000;96.44;96.45;96.39;96.44;532
USDRUBF;30;20241022;233000;96.45;96.5;96.42;96.5;238
USDRUBF;30;20241023;100000;96.52;96.61;96.24;96.27;4258
USDRUBF;30;20241023;103000;96.27;96.45;96.2;96.35;2215
USDRUBF;30;20241023;110000;96.35;96.35;96.2;96.22;2693
USDRUBF;30;20241023;113000;96.22;96.44;96.2;96.3;1161
USDRUBF;30;20241023;120000;96.3;96.36;96.15;96.23;1850
USDRUBF;30;20241023;123000;96.19;96.35;96.17;96.35;1525
USDRUBF;30;20241023;130000;96.35;96.47;96.26;96.39;2517
USDRUBF;30;20241023;133000;96.39;96.4;96.17;96.32;3254
USDRUBF;30;20241023;140000;96.32;96.4;96.27;96.27;628
USDRUBF;30;20241023;143000;96.27;96.39;96.24;96.27;1173
USDRUBF;30;20241023;150000;96.27;96.33;96.2;96.28;653
USDRUBF;30;20241023;153000;96.26;96.46;96.25;96.35;2246
USDRUBF;30;20241023;160000;96.36;96.49;96.34;96.45;603
USDRUBF;30;20241023;163000;96.45;96.54;96.43;96.48;616
USDRUBF;30;20241023;170000;96.46;96.49;96.36;96.46;572
USDRUBF;30;20241023;173000;96.48;96.54;96.42;96.48;1359
USDRUBF;30;20241023;180000;96.48;96.63;96.47;96.55;2260
USDRUBF;30;20241023;183000;96.56;96.56;96.49;96.52;487
USDRUBF;30;20241023;190000;96.5;96.5;96.37;96.42;550
USDRUBF;30;20241023;193000;96.43;96.45;96.36;96.37;345
USDRUBF;30;20241023;200000;96.37;96.37;96.33;96.33;193
USDRUBF;30;20241023;203000;96.33;96.33;96.28;96.32;446
USDRUBF;30;20241023;210000;96.31;96.32;96.3;96.3;23
USDRUBF;30;20241023;213000;96.31;96.31;96.27;96.27;165
USDRUBF;30;20241023;220000;96.28;96.29;96.27;96.29;45
USDRUBF;30;20241023;223000;96.28;96.29;96.25;96.26;149
USDRUBF;30;20241023;230000;96.25;96.26;96.25;96.25;19
USDRUBF;30;20241023;233000;96.26;96.26;96.22;96.25;726
USDRUBF;30;20241024;100000;96.33;96.49;96.25;96.41;3079
USDRUBF;30;20241024;103000;96.41;96.48;96.36;96.48;2653
USDRUBF;30;20241024;110000;96.47;96.51;96.35;96.45;1868
USDRUBF;30;20241024;113000;96.46;96.5;96.43;96.5;958
USDRUBF;30;20241024;120000;96.5;96.57;96.47;96.48;2276
USDRUBF;30;20241024;123000;96.48;96.5;96.45;96.49;520
USDRUBF;30;20241024;130000;96.47;96.5;96.45;96.46;291
USDRUBF;30;20241024;133000;96.47;96.62;96.46;96.59;821
USDRUBF;30;20241024;140000;96.62;96.62;96.5;96.56;2067
USDRUBF;30;20241024;143000;96.54;96.58;96.49;96.57;469
USDRUBF;30;20241024;150000;96.57;96.62;96.53;96.58;609
USDRUBF;30;20241024;153000;96.61;96.68;96.58;96.65;1929
USDRUBF;30;20241024;160000;96.66;96.68;96.57;96.57;992
USDRUBF;30;20241024;163000;96.58;96.62;96.52;96.55;1944
USDRUBF;30;20241024;170000;96.55;96.62;96.55;96.61;444
USDRUBF;30;20241024;173000;96.61;96.85;96.6;96.81;2527
USDRUBF;30;20241024;180000;96.82;96.96;96.81;96.83;3942
USDRUBF;30;20241024;183000;96.84;96.86;96.78;96.84;993
USDRUBF;30;20241024;190000;96.81;96.89;96.76;96.76;792
USDRUBF;30;20241024;193000;96.75;96.8;96.72;96.79;323
USDRUBF;30;20241024;200000;96.78;96.81;96.76;96.81;171
USDRUBF;30;20241024;203000;96.81;96.83;96.81;96.81;252
USDRUBF;30;20241024;210000;96.8;96.82;96.77;96.79;213
USDRUBF;30;20241024;213000;96.79;96.8;96.78;96.79;103
USDRUBF;30;20241024;220000;96.78;96.79;96.76;96.76;268
USDRUBF;30;20241024;223000;96.76;96.79;96.76;96.77;167
USDRUBF;30;20241024;230000;96.78;96.79;96.77;96.78;37
USDRUBF;30;20241024;233000;96.78;96.79;96.77;96.79;103
USDRUBF;30;20241025;100000;96.79;96.8;96.41;96.54;5239
USDRUBF;30;20241025;103000;96.57;96.59;96.35;96.56;3994
USDRUBF;30;20241025;110000;96.55;96.59;96.52;96.56;1492
USDRUBF;30;20241025;113000;96.57;96.7;96.55;96.56;2073
USDRUBF;30;20241025;120000;96.58;96.58;96.45;96.58;2509
USDRUBF;30;20241025;123000;96.55;96.6;96.53;96.6;948
USDRUBF;30;20241025;130000;96.6;96.7;96.58;96.65;1478
USDRUBF;30;20241025;133000;96.64;96.83;96.55;96.68;6685
USDRUBF;30;20241025;140000;96.68;96.86;96.62;96.83;4580
USDRUBF;30;20241025;143000;96.83;96.93;96.71;96.74;3483
USDRUBF;30;20241025;150000;96.72;96.76;96.64;96.66;2734
USDRUBF;30;20241025;153000;96.66;96.77;96.61;96.74;4824
USDRUBF;30;20241025;160000;96.72;96.82;96.7;96.71;2090
USDRUBF;30;20241025;163000;96.72;96.83;96.68;96.8;2045
USDRUBF;30;20241025;170000;96.79;96.79;96.58;96.68;1280
USDRUBF;30;20241025;173000;96.71;96.73;96.54;96.62;2205
USDRUBF;30;20241025;180000;96.61;96.75;96.47;96.74;5209
USDRUBF;30;20241025;183000;96.75;96.81;96.63;96.65;1335
USDRUBF;30;20241025;190000;96.61;96.69;96.57;96.64;504
USDRUBF;30;20241025;193000;96.65;96.75;96.65;96.75;109
USDRUBF;30;20241025;200000;96.73;96.74;96.7;96.72;49
USDRUBF;30;20241025;203000;96.71;96.74;96.7;96.74;63
USDRUBF;30;20241025;210000;96.74;96.79;96.74;96.78;41
USDRUBF;30;20241025;213000;96.78;96.84;96.77;96.78;122
USDRUBF;30;20241025;220000;96.77;96.8;96.76;96.78;51
USDRUBF;30;20241025;223000;96.79;96.8;96.76;96.77;80
USDRUBF;30;20241025;230000;96.78;96.78;96.75;96.75;41
USDRUBF;30;20241025;233000;96.74;96.77;96.72;96.73;80
USDRUBF;30;20241028;100000;96.75;97.35;96.73;97.29;6221
USDRUBF;30;20241028;103000;97.28;97.46;97.17;97.36;8502
USDRUBF;30;20241028;110000;97.39;97.46;97.35;97.42;7322
USDRUBF;30;20241028;113000;97.42;97.55;97.33;97.36;5390
USDRUBF;30;20241028;120000;97.35;97.55;97.34;97.52;4383
USDRUBF;30;20241028;123000;97.53;97.56;97.4;97.42;2197
USDRUBF;30;20241028;130000;97.41;97.52;97.35;97.46;1542
USDRUBF;30;20241028;133000;97.45;97.52;97.45;97.5;2834
USDRUBF;30;20241028;140000;97.49;97.57;97.49;97.55;3329
USDRUBF;30;20241028;143000;97.55;97.61;97.53;97.54;4166
USDRUBF;30;20241028;150000;97.54;97.57;97.41;97.41;5836
USDRUBF;30;20241028;153000;97.41;97.5;97.4;97.47;3350
USDRUBF;30;20241028;160000;97.48;97.52;97.3;97.35;3193
USDRUBF;30;20241028;163000;97.35;97.36;97.25;97.3;2843
USDRUBF;30;20241028;170000;97.33;97.49;97.11;97.15;6143
USDRUBF;30;20241028;173000;97.14;97.25;97.1;97.17;3167
USDRUBF;30;20241028;180000;97.17;97.34;97.07;97.24;6013
USDRUBF;30;20241028;183000;97.25;97.38;97.25;97.27;1820
USDRUBF;30;20241028;190000;97.43;97.5;97.28;97.47;2136
USDRUBF;30;20241028;193000;97.48;97.5;97.37;97.39;481
USDRUBF;30;20241028;200000;97.39;97.41;97.37;97.39;221
USDRUBF;30;20241028;203000;97.39;97.42;97.34;97.42;492
USDRUBF;30;20241028;210000;97.42;97.5;97.42;97.49;349
USDRUBF;30;20241028;213000;97.5;97.55;97.49;97.54;477
USDRUBF;30;20241028;220000;97.55;97.64;97.52;97.61;1569
USDRUBF;30;20241028;223000;97.61;97.65;97.6;97.62;168
USDRUBF;30;20241028;230000;97.6;97.65;97.59;97.63;205
USDRUBF;30;20241028;233000;97.63;97.63;97.61;97.62;181
USDRUBF;30;20241029;100000;97.7;97.76;97.4;97.51;12719
USDRUBF;30;20241029;103000;97.47;97.66;97.42;97.58;3909
USDRUBF;30;20241029;110000;97.56;97.57;97.41;97.44;2836
USDRUBF;30;20241029;113000;97.46;97.69;97.37;97.5;2865
USDRUBF;30;20241029;120000;97.48;97.6;97.24;97.54;4633
USDRUBF;30;20241029;123000;97.51;97.58;97.47;97.49;2611
USDRUBF;30;20241029;130000;97.5;97.62;97.47;97.56;2061
USDRUBF;30;20241029;133000;97.56;97.6;97.49;97.58;2644
USDRUBF;30;20241029;140000;97.59;97.6;97.41;97.49;3515
USDRUBF;30;20241029;143000;97.49;97.49;97.33;97.37;1656
USDRUBF;30;20241029;150000;97.41;97.41;97.16;97.22;2639
USDRUBF;30;20241029;153000;97.21;97.33;97.2;97.3;1846
USDRUBF;30;20241029;160000;97.3;97.35;97.25;97.31;761
USDRUBF;30;20241029;163000;97.33;97.41;97.3;97.41;1853
USDRUBF;30;20241029;170000;97.38;97.48;97.37;97.42;982
USDRUBF;30;20241029;173000;97.42;97.44;97.23;97.33;8243
USDRUBF;30;20241029;180000;97.32;97.34;97.21;97.26;3480
USDRUBF;30;20241029;183000;97.26;97.29;97.16;97.17;1525
USDRUBF;30;20241029;190000;97.18;97.34;97.18;97.33;525
USDRUBF;30;20241029;193000;97.33;97.34;97.31;97.31;117
USDRUBF;30;20241029;200000;97.31;97.35;97.3;97.31;303
USDRUBF;30;20241029;203000;97.33;97.33;97.3;97.3;217
USDRUBF;30;20241029;210000;97.31;97.35;97.31;97.34;50
USDRUBF;30;20241029;213000;97.33;97.37;97.33;97.34;95
USDRUBF;30;20241029;220000;97.35;97.38;97.34;97.36;61
USDRUBF;30;20241029;223000;97.38;97.4;97.36;97.38;111
USDRUBF;30;20241029;230000;97.37;97.37;97.34;97.36;48
USDRUBF;30;20241029;233000;97.35;97.36;97.31;97.31;112
USDRUBF;30;20241030;100000;97.36;97.5;97.24;97.28;4927
USDRUBF;30;20241030;103000;97.28;97.4;97.25;97.34;2544
USDRUBF;30;20241030;110000;97.34;97.35;97.11;97.19;4037
USDRUBF;30;20241030;113000;97.18;97.25;97.02;97.03;4097
USDRUBF;30;20241030;120000;97.03;97.15;97;97.13;4445
USDRUBF;30;20241030;123000;97.13;97.14;97.04;97.09;1794
USDRUBF;30;20241030;130000;97.09;97.1;96.93;96.97;4006
USDRUBF;30;20241030;133000;96.97;97.05;96.95;97;1682
USDRUBF;30;20241030;140000;97;97.04;96.95;97;1755
USDRUBF;30;20241030;143000;96.98;96.98;96.84;96.96;2271
USDRUBF;30;20241030;150000;96.96;96.96;96.82;96.88;1580
USDRUBF;30;20241030;153000;96.88;96.95;96.83;96.95;1300
USDRUBF;30;20241030;160000;96.95;97.14;96.89;97.08;2149
USDRUBF;30;20241030;163000;97.07;97.07;96.98;97;1027
USDRUBF;30;20241030;170000;97;97.04;96.97;97.02;1241
USDRUBF;30;20241030;173000;97;97.12;97;97.01;751
USDRUBF;30;20241030;180000;96.99;97.06;96.97;96.99;1848
USDRUBF;30;20241030;183000;96.98;96.99;96.89;96.94;583
USDRUBF;30;20241030;190000;96.99;97.05;96.96;97.01;158
USDRUBF;30;20241030;193000;97.03;97.05;97.01;97.05;69
USDRUBF;30;20241030;200000;97.02;97.04;96.97;96.97;85
USDRUBF;30;20241030;203000;97;97;96.91;96.95;285
USDRUBF;30;20241030;210000;96.95;96.95;96.83;96.9;330
USDRUBF;30;20241030;213000;96.92;96.97;96.91;96.94;156
USDRUBF;30;20241030;220000;96.94;96.96;96.94;96.94;34
USDRUBF;30;20241030;223000;96.97;97.04;96.96;97.03;75
USDRUBF;30;20241030;230000;97.04;97.04;97;97;50
USDRUBF;30;20241030;233000;97;97;96.97;96.99;25
USDRUBF;30;20241031;100000;97;97.22;96.95;97.11;2340
USDRUBF;30;20241031;103000;97.11;97.29;97.1;97.12;2097
USDRUBF;30;20241031;110000;97.14;97.2;96.9;97.05;2883
USDRUBF;30;20241031;113000;97.05;97.2;97.03;97.13;585
USDRUBF;30;20241031;120000;97.14;97.24;97.07;97.16;1106
USDRUBF;30;20241031;123000;97.18;97.37;97.16;97.25;3178
USDRUBF;30;20241031;130000;97.29;97.42;97.25;97.36;2162
USDRUBF;30;20241031;133000;97.4;97.41;97.28;97.3;2376
USDRUBF;30;20241031;140000;97.33;97.33;97.12;97.18;5659
USDRUBF;30;20241031;143000;97.19;97.24;97.15;97.17;1776
USDRUBF;30;20241031;150000;97.18;97.37;97.12;97.33;1893
USDRUBF;30;20241031;153000;97.35;97.55;97.35;97.42;6533
USDRUBF;30;20241031;160000;97.42;97.47;97.08;97.12;3056
USDRUBF;30;20241031;163000;97.1;97.13;96.91;97.1;4980
USDRUBF;30;20241031;170000;97.08;97.08;96.93;96.97;2093
USDRUBF;30;20241031;173000;96.97;97.01;96.79;96.84;3700
USDRUBF;30;20241031;180000;96.84;96.84;96.69;96.73;5230
USDRUBF;30;20241031;183000;96.72;96.76;96.66;96.73;1379
USDRUBF;30;20241031;190000;96.78;96.97;96.75;96.95;3439
USDRUBF;30;20241031;193000;96.95;96.96;96.91;96.92;184
USDRUBF;30;20241031;200000;96.94;96.99;96.92;96.99;426
USDRUBF;30;20241031;203000;96.98;97.03;96.97;96.99;247
USDRUBF;30;20241031;210000;96.99;97.03;96.95;96.96;229
USDRUBF;30;20241031;213000;96.97;96.97;96.94;96.95;116
USDRUBF;30;20241031;220000;96.96;97;96.91;96.98;1354
USDRUBF;30;20241031;223000;96.97;96.98;96.94;96.98;150
USDRUBF;30;20241031;230000;96.96;96.97;96.93;96.93;52
USDRUBF;30;20241031;233000;96.96;96.99;96.92;96.98;238
USDRUBF;30;20241101;100000;96.95;97.15;96.92;97.03;3075
USDRUBF;30;20241101;103000;97.03;97.34;97.01;97.24;11265
USDRUBF;30;20241101;110000;97.22;97.26;97.18;97.2;1920
USDRUBF;30;20241101;113000;97.17;97.25;97.17;97.24;1719
USDRUBF;30;20241101;120000;97.25;97.28;97.22;97.28;472
USDRUBF;30;20241101;123000;97.28;97.39;97.27;97.36;1143
USDRUBF;30;20241101;130000;97.38;97.51;97.37;97.5;1974
USDRUBF;30;20241101;133000;97.48;97.59;97.48;97.58;686
USDRUBF;30;20241101;140000;97.57;97.76;97.57;97.71;4665
USDRUBF;30;20241101;143000;97.73;97.73;97.51;97.51;1595
USDRUBF;30;20241101;150000;97.54;97.66;97.43;97.46;3782
USDRUBF;30;20241101;153000;97.45;97.52;97.34;97.45;1238
USDRUBF;30;20241101;160000;97.46;97.53;97.43;97.53;962
USDRUBF;30;20241101;163000;97.53;97.54;97.43;97.46;1878
USDRUBF;30;20241101;170000;97.46;97.51;97.37;97.48;1088
USDRUBF;30;20241101;173000;97.49;97.53;97.42;97.48;390
USDRUBF;30;20241101;180000;97.46;97.48;97.42;97.47;1060
USDRUBF;30;20241101;183000;97.48;97.49;97.42;97.45;684
USDRUBF;30;20241101;190000;97.48;97.48;97.41;97.45;413
USDRUBF;30;20241101;193000;97.45;97.47;97.45;97.47;41
USDRUBF;30;20241101;200000;97.47;97.47;97.46;97.47;768
USDRUBF;30;20241101;203000;97.47;97.47;97.46;97.47;258
USDRUBF;30;20241101;210000;97.47;97.47;97.46;97.46;169
USDRUBF;30;20241101;213000;97.47;97.57;97.46;97.57;605
USDRUBF;30;20241101;220000;97.57;97.57;97.51;97.52;96
USDRUBF;30;20241101;223000;97.52;97.53;97.5;97.52;142
USDRUBF;30;20241101;230000;97.52;97.52;97.51;97.51;108
USDRUBF;30;20241101;233000;97.53;97.55;97.5;97.5;362
USDRUBF;30;20241102;100000;97.53;97.62;97.39;97.43;1967
USDRUBF;30;20241102;103000;97.44;97.44;97.21;97.27;2080
USDRUBF;30;20241102;110000;97.28;97.42;97.24;97.36;2066
USDRUBF;30;20241102;113000;97.36;97.5;97.33;97.4;1382
USDRUBF;30;20241102;120000;97.4;97.55;97.35;97.37;1086
USDRUBF;30;20241102;123000;97.35;97.43;97.34;97.4;960
USDRUBF;30;20241102;130000;97.38;97.52;97.37;97.48;366
USDRUBF;30;20241102;133000;97.47;97.51;97.38;97.38;692
USDRUBF;30;20241102;140000;97.38;97.46;97.33;97.43;968
USDRUBF;30;20241102;143000;97.43;97.43;97.36;97.36;576
USDRUBF;30;20241102;150000;97.38;97.39;97.33;97.35;866
USDRUBF;30;20241102;153000;97.37;97.37;97.26;97.32;1249
USDRUBF;30;20241102;160000;97.33;97.39;97.26;97.39;461
USDRUBF;30;20241102;163000;97.39;97.43;97.38;97.41;453
USDRUBF;30;20241102;170000;97.44;97.49;97.4;97.45;935
USDRUBF;30;20241102;173000;97.45;97.47;97.41;97.46;834
USDRUBF;30;20241102;180000;97.45;97.58;97.44;97.49;1175
USDRUBF;30;20241102;183000;97.49;97.55;97.49;97.52;638
USDRUBF;30;20241102;190000;97.52;97.56;97.46;97.46;195
USDRUBF;30;20241102;193000;97.46;97.47;97.44;97.47;64
USDRUBF;30;20241102;200000;97.46;97.47;97.45;97.47;65
USDRUBF;30;20241102;203000;97.48;97.48;97.43;97.43;85
USDRUBF;30;20241102;210000;97.43;97.45;97.41;97.44;64
USDRUBF;30;20241102;213000;97.44;97.44;97.43;97.44;16
USDRUBF;30;20241102;220000;97.41;97.45;97.41;97.44;46
USDRUBF;30;20241102;223000;97.45;97.47;97.45;97.47;35
USDRUBF;30;20241102;230000;97.45;97.48;97.44;97.48;21
USDRUBF;30;20241102;233000;97.45;97.49;97.44;97.49;28
USDRUBF;30;20241105;100000;97.64;98.25;97.57;98.18;7577
USDRUBF;30;20241105;103000;98.19;98.27;97.97;98.12;5528
USDRUBF;30;20241105;110000;98.13;98.27;98.13;98.24;2400
USDRUBF;30;20241105;113000;98.25;98.27;98.03;98.07;805
USDRUBF;30;20241105;120000;98.05;98.07;97.89;97.92;1830
USDRUBF;30;20241105;123000;97.91;98.01;97.91;97.99;880
USDRUBF;30;20241105;130000;98;98.02;97.85;97.86;949
USDRUBF;30;20241105;133000;97.87;97.87;97.77;97.82;1754
USDRUBF;30;20241105;140000;97.82;97.83;97.78;97.82;415
USDRUBF;30;20241105;143000;97.82;97.83;97.67;97.69;4103
USDRUBF;30;20241105;150000;97.68;97.86;97.66;97.79;1584
USDRUBF;30;20241105;153000;97.79;97.8;97.66;97.74;1275
USDRUBF;30;20241105;160000;97.72;97.78;97.64;97.65;697
USDRUBF;30;20241105;163000;97.66;97.78;97.64;97.74;1143
USDRUBF;30;20241105;170000;97.72;97.76;97.62;97.69;954
USDRUBF;30;20241105;173000;97.7;97.74;97.6;97.66;1525
USDRUBF;30;20241105;180000;97.67;97.73;97.62;97.71;2308
USDRUBF;30;20241105;183000;97.71;97.74;97.69;97.69;789
USDRUBF;30;20241105;190000;97.7;97.73;97.65;97.73;686
USDRUBF;30;20241105;193000;97.73;97.76;97.64;97.74;1145
USDRUBF;30;20241105;200000;97.72;97.75;97.7;97.71;129
USDRUBF;30;20241105;203000;97.71;97.74;97.69;97.69;94
USDRUBF;30;20241105;210000;97.72;97.76;97.71;97.73;57
USDRUBF;30;20241105;213000;97.75;97.78;97.74;97.78;55
USDRUBF;30;20241105;220000;97.77;97.77;97.75;97.75;27
USDRUBF;30;20241105;223000;97.75;97.75;97.72;97.75;32
USDRUBF;30;20241105;230000;97.73;97.74;97.69;97.71;64
USDRUBF;30;20241105;233000;97.71;97.74;97.7;97.71;67
USDRUBF;30;20241106;100000;97.21;98;97.03;97.82;15340
USDRUBF;30;20241106;103000;97.83;98.01;97.82;97.89;2582
USDRUBF;30;20241106;110000;97.9;98.08;97.8;98.01;2357
USDRUBF;30;20241106;113000;98.04;98.15;97.99;98.05;1909
USDRUBF;30;20241106;120000;98.05;98.34;98.03;98.26;6251
USDRUBF;30;20241106;123000;98.26;98.4;98.24;98.32;7222
USDRUBF;30;20241106;130000;98.31;98.35;98.22;98.22;498
USDRUBF;30;20241106;133000;98.22;98.3;98.22;98.28;473
USDRUBF;30;20241106;140000;98.29;98.38;98.21;98.33;1174
USDRUBF;30;20241106;143000;98.33;98.45;98.23;98.37;1701
USDRUBF;30;20241106;150000;98.39;98.39;98.27;98.35;1359
USDRUBF;30;20241106;153000;98.35;98.41;98.32;98.41;834
USDRUBF;30;20241106;160000;98.41;98.45;98.34;98.35;1274
USDRUBF;30;20241106;163000;98.35;98.36;98.06;98.12;3905
USDRUBF;30;20241106;170000;98.11;98.21;98.08;98.15;1076
USDRUBF;30;20241106;173000;98.18;98.29;98.14;98.18;4494
USDRUBF;30;20241106;180000;98.15;98.32;98.11;98.28;3857
USDRUBF;30;20241106;183000;98.28;98.3;98.23;98.3;1350
USDRUBF;30;20241106;190000;98.18;98.25;98.13;98.22;738
USDRUBF;30;20241106;193000;98.21;98.21;98.16;98.18;128
USDRUBF;30;20241106;200000;98.19;98.23;98.19;98.21;324
USDRUBF;30;20241106;203000;98.21;98.23;98.19;98.2;108
USDRUBF;30;20241106;210000;98.22;98.24;98.19;98.2;693
USDRUBF;30;20241106;213000;98.2;98.2;98.16;98.16;89
USDRUBF;30;20241106;220000;98.15;98.17;98.11;98.15;195
USDRUBF;30;20241106;223000;98.14;98.16;98.13;98.16;56
USDRUBF;30;20241106;230000;98.17;98.17;98.14;98.17;36
USDRUBF;30;20241106;233000;98.17;98.26;98.15;98.26;142
USDRUBF;30;20241107;100000;98.12;98.22;97.81;97.88;2969
USDRUBF;30;20241107;103000;97.88;98.1;97.78;98.06;3303
USDRUBF;30;20241107;110000;98.08;98.16;98.02;98.16;2147
USDRUBF;30;20241107;113000;98.15;98.25;98.11;98.12;2819
USDRUBF;30;20241107;120000;98.11;98.24;98.08;98.13;3118
USDRUBF;30;20241107;123000;98.13;98.18;98.1;98.15;1400
USDRUBF;30;20241107;130000;98.17;98.17;97.9;97.91;2784
USDRUBF;30;20241107;133000;97.94;97.98;97.8;97.87;1857
USDRUBF;30;20241107;140000;97.87;98;97.85;97.97;740
USDRUBF;30;20241107;143000;97.95;98.08;97.9;97.99;2028
USDRUBF;30;20241107;150000;97.98;98.1;97.96;98.04;1326
USDRUBF;30;20241107;153000;98.03;98.03;97.89;97.91;499
USDRUBF;30;20241107;160000;97.94;98;97.87;97.96;556
USDRUBF;30;20241107;163000;97.97;98.01;97.85;97.9;1255
USDRUBF;30;20241107;170000;97.88;97.92;97.88;97.89;527
USDRUBF;30;20241107;173000;97.89;97.89;97.71;97.71;2166
USDRUBF;30;20241107;180000;97.7;97.77;97.68;97.77;1585
USDRUBF;30;20241107;183000;97.74;97.84;97.73;97.81;2017
USDRUBF;30;20241107;190000;97.95;97.95;97.85;97.87;184
USDRUBF;30;20241107;193000;97.87;97.91;97.84;97.86;322
USDRUBF;30;20241107;200000;97.83;97.85;97.76;97.8;262
USDRUBF;30;20241107;203000;97.8;97.81;97.79;97.81;252
USDRUBF;30;20241107;210000;97.81;97.81;97.76;97.76;49
USDRUBF;30;20241107;213000;97.76;97.87;97.76;97.84;218
USDRUBF;30;20241107;220000;97.84;97.85;97.68;97.75;935
USDRUBF;30;20241107;223000;97.74;97.77;97.68;97.73;590
USDRUBF;30;20241107;230000;97.72;97.73;97.64;97.7;710
USDRUBF;30;20241107;233000;97.7;97.84;97.7;97.84;483
USDRUBF;30;20241108;100000;97.86;98.09;97.83;97.99;6693
USDRUBF;30;20241108;103000;97.97;98;97.89;97.95;2746
USDRUBF;30;20241108;110000;97.95;98.07;97.92;97.95;5515
USDRUBF;30;20241108;113000;97.95;98.11;97.86;97.98;3477
USDRUBF;30;20241108;120000;98;98.05;97.79;97.8;2685
USDRUBF;30;20241108;123000;97.78;97.78;97.6;97.77;5579
USDRUBF;30;20241108;130000;97.75;97.97;97.75;97.96;5646
USDRUBF;30;20241108;133000;97.97;98.03;97.57;97.76;7664
USDRUBF;30;20241108;140000;97.75;97.79;97.66;97.67;1659
USDRUBF;30;20241108;143000;97.66;97.68;97.52;97.65;3600
USDRUBF;30;20241108;150000;97.66;97.86;97.63;97.8;11605
USDRUBF;30;20241108;153000;97.8;97.92;97.79;97.83;4991
USDRUBF;30;20241108;160000;97.86;97.86;97.67;97.72;2668
USDRUBF;30;20241108;163000;97.71;97.82;97.66;97.66;1175
USDRUBF;30;20241108;170000;97.66;97.81;97.65;97.74;523
USDRUBF;30;20241108;173000;97.72;97.89;97.71;97.86;961
USDRUBF;30;20241108;180000;97.85;97.89;97.74;97.87;1221
USDRUBF;30;20241108;183000;97.85;97.87;97.79;97.79;481
USDRUBF;30;20241108;190000;97.84;97.89;97.74;97.84;257
USDRUBF;30;20241108;193000;97.81;97.87;97.78;97.86;214
USDRUBF;30;20241108;200000;97.84;97.87;97.82;97.84;130
USDRUBF;30;20241108;203000;97.86;97.87;97.8;97.81;130
USDRUBF;30;20241108;210000;97.82;97.83;97.81;97.81;41
USDRUBF;30;20241108;213000;97.82;97.83;97.78;97.83;100
USDRUBF;30;20241108;220000;97.83;97.84;97.81;97.81;32
USDRUBF;30;20241108;223000;97.81;97.86;97.81;97.86;169
USDRUBF;30;20241108;230000;97.86;97.86;97.8;97.8;33
USDRUBF;30;20241108;233000;97.82;97.87;97.81;97.85;142
USDRUBF;30;20241111;100000;97.84;98.02;97.82;97.97;3870
USDRUBF;30;20241111;103000;97.97;98.1;97.89;98.04;4383
USDRUBF;30;20241111;110000;98.02;98.17;98.02;98.17;2579
USDRUBF;30;20241111;113000;98.17;98.21;98.06;98.14;4215
USDRUBF;30;20241111;120000;98.15;98.29;98.14;98.22;3317
USDRUBF;30;20241111;123000;98.25;98.28;98.18;98.2;2738
USDRUBF;30;20241111;130000;98.19;98.2;98.08;98.08;1473
USDRUBF;30;20241111;133000;98.07;98.07;97.75;97.88;4349
USDRUBF;30;20241111;140000;97.92;98.11;97.83;98.02;1458
USDRUBF;30;20241111;143000;98;98.05;97.92;97.99;1514
USDRUBF;30;20241111;150000;98;98.04;97.95;98.04;672
USDRUBF;30;20241111;153000;98;98.05;97.94;97.99;1108
USDRUBF;30;20241111;160000;97.99;98.02;97.89;97.97;1348
USDRUBF;30;20241111;163000;97.99;98.06;97.95;98.02;1336
USDRUBF;30;20241111;170000;98;98.06;97.92;98.02;1080
USDRUBF;30;20241111;173000;98.03;98.03;97.92;97.92;605
USDRUBF;30;20241111;180000;97.92;97.93;97.72;97.8;2617
USDRUBF;30;20241111;183000;97.78;97.78;97.75;97.75;1020
USDRUBF;30;20241111;190000;97.79;97.85;97.73;97.82;328
USDRUBF;30;20241111;193000;97.82;97.93;97.81;97.83;264
USDRUBF;30;20241111;200000;97.87;97.87;97.83;97.83;149
USDRUBF;30;20241111;203000;97.83;97.85;97.73;97.73;194
USDRUBF;30;20241111;210000;97.73;97.73;97.55;97.61;1603
USDRUBF;30;20241111;213000;97.61;97.65;97.59;97.61;468
USDRUBF;30;20241111;220000;97.6;97.62;97.46;97.49;669
USDRUBF;30;20241111;223000;97.5;97.51;97.38;97.39;1635
USDRUBF;30;20241111;230000;97.4;97.48;97.38;97.46;1669
USDRUBF;30;20241111;233000;97.45;97.45;97.34;97.4;1069
USDRUBF;30;20241112;100000;97.4;97.82;97.37;97.79;16538
USDRUBF;30;20241112;103000;97.8;97.93;97.79;97.81;2094
USDRUBF;30;20241112;110000;97.83;97.86;97.74;97.85;7385
USDRUBF;30;20241112;113000;97.86;97.96;97.81;97.84;1089
USDRUBF;30;20241112;120000;97.82;97.89;97.75;97.88;1311
USDRUBF;30;20241112;123000;97.89;97.94;97.87;97.91;1078
USDRUBF;30;20241112;130000;97.91;97.96;97.87;97.9;654
USDRUBF;30;20241112;133000;97.9;98.04;97.9;98.01;1595
USDRUBF;30;20241112;140000;98.03;98.11;97.97;98.05;1974
USDRUBF;30;20241112;143000;98.06;98.07;97.95;98;1373
USDRUBF;30;20241112;150000;98.01;98.03;97.92;97.94;580
USDRUBF;30;20241112;153000;97.95;97.98;97.93;97.98;666
USDRUBF;30;20241112;160000;97.95;97.97;97.83;97.85;2121
USDRUBF;30;20241112;163000;97.88;97.97;97.88;97.95;277
USDRUBF;30;20241112;170000;97.95;98.02;97.87;98.02;3188
USDRUBF;30;20241112;173000;98.02;98.06;97.99;98.05;1760
USDRUBF;30;20241112;180000;98.06;98.15;98.03;98.15;2394
USDRUBF;30;20241112;183000;98.15;98.15;98.11;98.14;1214
USDRUBF;30;20241112;190000;98.1;98.23;97.99;98.17;1847
USDRUBF;30;20241112;193000;98.17;98.23;98.15;98.23;980
USDRUBF;30;20241112;200000;98.23;98.27;98.16;98.21;1050
USDRUBF;30;20241112;203000;98.21;98.22;98.18;98.19;165
USDRUBF;30;20241112;210000;98.18;98.23;98.18;98.23;74
USDRUBF;30;20241112;213000;98.24;98.3;98.22;98.3;531
USDRUBF;30;20241112;220000;98.3;98.32;98.28;98.31;631
USDRUBF;30;20241112;223000;98.3;98.31;98.25;98.25;585
USDRUBF;30;20241112;230000;98.28;98.29;98.24;98.27;298
USDRUBF;30;20241112;233000;98.24;98.25;98.21;98.25;137
USDRUBF;30;20241113;100000;98.23;98.55;98.22;98.41;14794
USDRUBF;30;20241113;103000;98.41;98.62;98.41;98.58;12110
USDRUBF;30;20241113;110000;98.57;98.61;98.41;98.45;4527
USDRUBF;30;20241113;113000;98.45;98.49;98.4;98.4;1815
USDRUBF;30;20241113;120000;98.41;98.52;98.4;98.45;1774
USDRUBF;30;20241113;123000;98.46;98.6;98.41;98.6;2461
USDRUBF;30;20241113;130000;98.6;98.65;98.46;98.47;1665
USDRUBF;30;20241113;133000;98.47;98.51;98.4;98.51;2161
USDRUBF;30;20241113;140000;98.51;98.69;98.48;98.53;1160
USDRUBF;30;20241113;143000;98.53;98.59;98.46;98.46;2139
USDRUBF;30;20241113;150000;98.44;98.46;98.42;98.42;1955
USDRUBF;30;20241113;153000;98.42;98.43;98.37;98.37;2256
USDRUBF;30;20241113;160000;98.37;98.45;98.37;98.45;512
USDRUBF;30;20241113;163000;98.43;98.46;98.35;98.44;1390
USDRUBF;30;20241113;170000;98.47;98.58;98.45;98.53;3058
USDRUBF;30;20241113;173000;98.54;98.59;98.51;98.57;3111
USDRUBF;30;20241113;180000;98.57;98.57;98.51;98.53;2323
USDRUBF;30;20241113;183000;98.53;98.54;98.38;98.47;6582
USDRUBF;30;20241113;190000;98.55;98.77;98.38;98.41;565
USDRUBF;30;20241113;193000;98.41;98.44;98.31;98.37;703
USDRUBF;30;20241113;200000;98.38;98.46;98.36;98.41;294
USDRUBF;30;20241113;203000;98.41;98.43;98.39;98.43;227
USDRUBF;30;20241113;210000;98.42;98.44;98.4;98.43;76
USDRUBF;30;20241113;213000;98.43;98.51;98.43;98.51;186
USDRUBF;30;20241113;220000;98.51;98.53;98.48;98.49;101
USDRUBF;30;20241113;223000;98.51;98.54;98.49;98.49;85
USDRUBF;30;20241113;230000;98.51;98.55;98.51;98.55;125
USDRUBF;30;20241113;233000;98.56;98.59;98.55;98.59;197
USDRUBF;30;20241114;100000;98.59;98.83;98.52;98.78;5226
USDRUBF;30;20241114;103000;98.76;98.81;98.72;98.75;2881
USDRUBF;30;20241114;110000;98.75;98.9;98.73;98.85;3488
USDRUBF;30;20241114;113000;98.86;99.09;98.84;99.02;5007
USDRUBF;30;20241114;120000;99.01;99.14;99;99.14;2073
USDRUBF;30;20241114;123000;99.12;99.21;99.08;99.15;2133
USDRUBF;30;20241114;130000;99.12;99.35;99.11;99.32;3703
USDRUBF;30;20241114;133000;99.35;99.48;99.32;99.35;2437
USDRUBF;30;20241114;140000;99.36;99.54;99.36;99.5;1109
USDRUBF;30;20241114;143000;99.46;99.62;99.38;99.62;2136
USDRUBF;30;20241114;150000;99.6;99.6;99.47;99.53;3081
USDRUBF;30;20241114;153000;99.53;99.55;99.46;99.51;2306
USDRUBF;30;20241114;160000;99.49;99.5;99.38;99.42;2558
USDRUBF;30;20241114;163000;99.42;99.51;99.36;99.36;833
USDRUBF;30;20241114;170000;99.36;99.37;99.26;99.31;2071
USDRUBF;30;20241114;173000;99.29;99.31;99.16;99.17;4370
USDRUBF;30;20241114;180000;99.19;99.33;99.18;99.3;1174
USDRUBF;30;20241114;183000;99.3;99.35;99.25;99.25;473
USDRUBF;30;20241114;190000;99.3;99.47;99.3;99.37;285
USDRUBF;30;20241114;193000;99.37;99.43;99.35;99.43;445
USDRUBF;30;20241114;200000;99.43;99.63;99.43;99.57;753
USDRUBF;30;20241114;203000;99.56;99.59;99.54;99.58;300
USDRUBF;30;20241114;210000;99.59;99.6;99.52;99.52;260
USDRUBF;30;20241114;213000;99.53;99.57;99.51;99.56;158
USDRUBF;30;20241114;220000;99.56;99.59;99.56;99.58;289
USDRUBF;30;20241114;223000;99.58;99.72;99.57;99.6;702
USDRUBF;30;20241114;230000;99.62;99.68;99.57;99.57;299
USDRUBF;30;20241114;233000;99.62;99.68;99.62;99.68;159
USDRUBF;30;20241115;100000;99.62;99.96;99.62;99.9;5329
USDRUBF;30;20241115;103000;99.87;100.1;99.8;100.08;4695
USDRUBF;30;20241115;110000;100.06;100.08;99.86;99.86;3994
USDRUBF;30;20241115;113000;99.86;99.89;99.67;99.68;4111
USDRUBF;30;20241115;120000;99.68;99.79;99.6;99.77;3347
USDRUBF;30;20241115;123000;99.78;99.88;99.67;99.84;2740
USDRUBF;30;20241115;130000;99.85;99.98;99.82;99.87;2914
USDRUBF;30;20241115;133000;99.88;99.88;99.6;99.72;2406
USDRUBF;30;20241115;140000;99.7;99.8;99.63;99.73;714
USDRUBF;30;20241115;143000;99.73;99.79;99.71;99.75;404
USDRUBF;30;20241115;150000;99.77;99.87;99.73;99.76;780
USDRUBF;30;20241115;153000;99.8;99.88;99.58;99.6;2679
USDRUBF;30;20241115;160000;99.58;99.6;99.28;99.33;7225
USDRUBF;30;20241115;163000;99.34;99.47;99.32;99.42;3157
USDRUBF;30;20241115;170000;99.42;99.56;99.31;99.4;4706
USDRUBF;30;20241115;173000;99.4;99.58;99.32;99.47;3100
USDRUBF;30;20241115;180000;99.48;99.5;99.35;99.46;1680
USDRUBF;30;20241115;183000;99.45;99.49;99.35;99.47;1535
USDRUBF;30;20241115;190000;99.47;99.48;99.35;99.43;488
USDRUBF;30;20241115;193000;99.47;99.53;99.47;99.49;190
USDRUBF;30;20241115;200000;99.46;99.52;99.46;99.52;597
USDRUBF;30;20241115;203000;99.51;99.62;99.51;99.61;819
USDRUBF;30;20241115;210000;99.61;99.62;99.5;99.5;44
USDRUBF;30;20241115;213000;99.49;99.59;99.49;99.57;59
USDRUBF;30;20241115;220000;99.58;99.58;99.48;99.51;199
USDRUBF;30;20241115;223000;99.54;99.6;99.53;99.56;153
USDRUBF;30;20241115;230000;99.56;99.57;99.47;99.51;122
USDRUBF;30;20241115;233000;99.51;99.58;99.51;99.55;294
USDRUBF;30;20241118;100000;99.64;100.23;99.62;100.08;7626
USDRUBF;30;20241118;103000;100.12;100.25;100.03;100.09;2098
USDRUBF;30;20241118;110000;100.07;100.2;99.97;100.07;2496
USDRUBF;30;20241118;113000;100.04;100.04;99.83;99.83;1231
USDRUBF;30;20241118;120000;99.82;99.9;99.77;99.9;1723
USDRUBF;30;20241118;123000;99.9;100;99.88;99.95;4968
USDRUBF;30;20241118;130000;99.94;99.97;99.83;99.85;1015
USDRUBF;30;20241118;133000;99.86;99.86;99.79;99.85;726
USDRUBF;30;20241118;140000;99.85;99.91;99.84;99.9;1101
USDRUBF;30;20241118;143000;99.9;99.92;99.86;99.91;351
USDRUBF;30;20241118;150000;99.92;100.03;99.84;99.98;1035
USDRUBF;30;20241118;153000;100;100.08;99.91;99.93;768
USDRUBF;30;20241118;160000;99.94;99.99;99.93;99.93;466
USDRUBF;30;20241118;163000;99.92;99.92;99.78;99.84;2160
USDRUBF;30;20241118;170000;99.86;99.9;99.83;99.84;677
USDRUBF;30;20241118;173000;99.86;99.89;99.8;99.85;2226
USDRUBF;30;20241118;180000;99.85;99.93;99.79;99.9;2745
USDRUBF;30;20241118;183000;99.92;99.95;99.81;99.84;221
USDRUBF;30;20241118;190000;99.84;99.96;99.83;99.87;616
USDRUBF;30;20241118;193000;99.87;99.94;99.87;99.88;275
USDRUBF;30;20241118;200000;99.9;99.91;99.88;99.88;125
USDRUBF;30;20241118;203000;99.88;99.88;99.84;99.86;83
USDRUBF;30;20241118;210000;99.87;99.9;99.86;99.9;56
USDRUBF;30;20241118;213000;99.88;99.94;99.88;99.91;701
USDRUBF;30;20241118;220000;99.91;99.94;99.83;99.83;838
USDRUBF;30;20241118;223000;99.85;99.94;99.85;99.94;118
USDRUBF;30;20241118;230000;99.93;99.97;99.92;99.93;88
USDRUBF;30;20241118;233000;99.96;99.98;99.92;99.98;89
USDRUBF;30;20241119;100000;99.94;100.09;99.84;99.86;3089
USDRUBF;30;20241119;103000;99.83;100.01;99.81;100.01;432
USDRUBF;30;20241119;110000;100;100.17;99.95;100.14;2254
USDRUBF;30;20241119;113000;100.16;100.17;100.03;100.1;3444
USDRUBF;30;20241119;120000;100.1;100.14;100.05;100.12;1843
USDRUBF;30;20241119;123000;100.12;100.17;100.09;100.17;1782
USDRUBF;30;20241119;130000;100.16;100.17;99.97;100.03;2457
USDRUBF;30;20241119;133000;100.02;100.03;99.93;100.02;623
USDRUBF;30;20241119;140000;100.01;100.05;99.9;99.97;1009
USDRUBF;30;20241119;143000;99.94;100.08;99.92;100.05;1161
USDRUBF;30;20241119;150000;100.06;100.16;100.04;100.13;620
USDRUBF;30;20241119;153000;100.15;100.24;100.12;100.22;1187
USDRUBF;30;20241119;160000;100.21;100.22;100.15;100.21;205
USDRUBF;30;20241119;163000;100.24;100.37;100.22;100.37;2851
USDRUBF;30;20241119;170000;100.37;100.46;100.28;100.4;4515
USDRUBF;30;20241119;173000;100.4;100.47;100.31;100.4;1782
USDRUBF;30;20241119;180000;100.4;100.47;100.35;100.37;1903
USDRUBF;30;20241119;183000;100.38;100.4;100.33;100.35;561
USDRUBF;30;20241119;190000;100.44;100.61;100.35;100.51;1023
USDRUBF;30;20241119;193000;100.51;100.62;100.51;100.55;407
USDRUBF;30;20241119;200000;100.54;100.61;100.53;100.57;165
USDRUBF;30;20241119;203000;100.59;100.6;100.56;100.59;123
USDRUBF;30;20241119;210000;100.6;100.62;100.55;100.61;166
USDRUBF;30;20241119;213000;100.61;100.62;100.55;100.55;790
USDRUBF;30;20241119;220000;100.55;100.57;100.55;100.57;560
USDRUBF;30;20241119;223000;100.56;100.59;100.55;100.55;437
USDRUBF;30;20241119;230000;100.55;100.56;100.52;100.56;153
USDRUBF;30;20241119;233000;100.56;100.57;100.52;100.57;69
USDRUBF;30;20241120;100000;100.5;100.65;100.41;100.45;4944
USDRUBF;30;20241120;103000;100.44;100.5;100.18;100.22;2334
USDRUBF;30;20241120;110000;100.2;100.37;100.2;100.34;1374
USDRUBF;30;20241120;113000;100.34;100.41;100.28;100.4;1733
USDRUBF;30;20241120;120000;100.4;100.48;100.34;100.44;631
USDRUBF;30;20241120;123000;100.42;100.56;100.41;100.47;2346
USDRUBF;30;20241120;130000;100.47;100.56;100.42;100.53;2938
USDRUBF;30;20241120;133000;100.54;100.54;100.45;100.51;1910
USDRUBF;30;20241120;140000;100.52;100.58;100.51;100.52;837
USDRUBF;30;20241120;143000;100.53;100.53;100.46;100.48;1241
USDRUBF;30;20241120;150000;100.47;100.49;100.4;100.4;1074
USDRUBF;30;20241120;153000;100.4;100.42;100.28;100.34;1233
USDRUBF;30;20241120;160000;100.33;100.39;100.2;100.34;1775
USDRUBF;30;20241120;163000;100.32;100.44;100.29;100.35;1198
USDRUBF;30;20241120;170000;100.32;100.43;100.26;100.31;8767
USDRUBF;30;20241120;173000;100.31;100.32;100.13;100.25;5535
USDRUBF;30;20241120;180000;100.27;100.29;100.23;100.25;3082
USDRUBF;30;20241120;183000;100.25;100.28;100.17;100.28;1434
USDRUBF;30;20241120;190000;100.3;100.4;100.25;100.37;1632
USDRUBF;30;20241120;193000;100.37;100.39;100.37;100.39;316
USDRUBF;30;20241120;200000;100.37;100.39;100.34;100.37;415
USDRUBF;30;20241120;203000;100.38;100.43;100.37;100.43;324
USDRUBF;30;20241120;210000;100.43;100.43;100.4;100.4;121
USDRUBF;30;20241120;213000;100.41;100.48;100.41;100.44;230
USDRUBF;30;20241120;220000;100.43;100.45;100.43;100.45;188
USDRUBF;30;20241120;223000;100.45;100.55;100.45;100.47;261
USDRUBF;30;20241120;230000;100.49;100.5;100.47;100.49;406
USDRUBF;30;20241120;233000;100.5;100.51;100.43;100.51;185
USDRUBF;30;20241121;100000;100.53;100.6;100.37;100.56;4384
USDRUBF;30;20241121;103000;100.54;100.71;100.52;100.68;2128
USDRUBF;30;20241121;110000;100.64;100.78;100.59;100.69;1457
USDRUBF;30;20241121;113000;100.66;100.76;100.63;100.75;2242
USDRUBF;30;20241121;120000;100.75;101;100.73;100.9;2940
USDRUBF;30;20241121;123000;100.89;100.97;100.83;100.96;1128
USDRUBF;30;20241121;130000;100.96;100.97;100.89;100.91;886
USDRUBF;30;20241121;133000;100.88;100.91;100.82;100.85;1450
USDRUBF;30;20241121;140000;100.84;100.91;100.7;100.7;1460
USDRUBF;30;20241121;143000;100.71;100.9;100.71;100.86;1005
USDRUBF;30;20241121;150000;100.84;100.89;100.78;100.87;632
USDRUBF;30;20241121;153000;100.85;100.86;100.75;100.78;633
USDRUBF;30;20241121;160000;100.8;100.89;100.78;100.81;7309
USDRUBF;30;20241121;163000;100.8;100.84;100.77;100.77;1155
USDRUBF;30;20241121;170000;100.79;100.82;100.7;100.82;741
USDRUBF;30;20241121;173000;100.81;100.85;100.72;100.72;1674
USDRUBF;30;20241121;180000;100.74;100.92;100.65;100.8;2359
USDRUBF;30;20241121;183000;100.81;101.1;100.8;101.04;990
USDRUBF;30;20241121;190000;101.1;101.41;101.1;101.28;1974
USDRUBF;30;20241121;193000;101.24;101.41;101.2;101.33;1066
USDRUBF;30;20241121;200000;101.35;101.57;101.33;101.46;1638
USDRUBF;30;20241121;203000;101.42;101.46;101.23;101.25;586
USDRUBF;30;20241121;210000;101.22;101.29;101.15;101.24;572
USDRUBF;30;20241121;213000;101.21;101.27;101.1;101.19;241
USDRUBF;30;20241121;220000;101.2;101.29;101.16;101.21;396
USDRUBF;30;20241121;223000;101.26;101.39;101.26;101.31;876
USDRUBF;30;20241121;230000;101.32;101.38;101.24;101.26;196
USDRUBF;30;20241121;233000;101.24;101.28;101.19;101.28;97
USDRUBF;30;20241122;100000;101.28;101.59;101.03;101.31;9457
USDRUBF;30;20241122;103000;101.33;101.47;101.25;101.25;2982
USDRUBF;30;20241122;110000;101.25;101.92;101.24;101.87;12925
USDRUBF;30;20241122;113000;101.87;102.87;101.86;102.49;14866
USDRUBF;30;20241122;120000;102.52;102.8;102.4;102.47;5981
USDRUBF;30;20241122;123000;102.44;102.71;102.41;102.65;3081
USDRUBF;30;20241122;130000;102.64;102.75;102.51;102.53;2330
USDRUBF;30;20241122;133000;102.54;102.71;102.53;102.71;1127
USDRUBF;30;20241122;140000;102.69;102.71;102.37;102.48;4056
USDRUBF;30;20241122;143000;102.45;102.74;102.43;102.63;1242
USDRUBF;30;20241122;150000;102.66;102.77;102.63;102.77;1757
USDRUBF;30;20241122;153000;102.78;102.95;102.71;102.95;2324
USDRUBF;30;20241122;160000;102.94;103.1;102.88;102.96;3697
USDRUBF;30;20241122;163000;102.94;103;102.37;102.94;4710
USDRUBF;30;20241122;170000;102.94;103.11;102.89;103.05;2531
USDRUBF;30;20241122;173000;103.04;103.33;102.97;103.31;3641
USDRUBF;30;20241122;180000;103.32;103.38;103.15;103.36;4173
USDRUBF;30;20241122;183000;103.38;103.4;103.18;103.23;2248
USDRUBF;30;20241122;190000;103.2;103.65;103.17;103.6;2152
USDRUBF;30;20241122;193000;103.62;103.65;103.4;103.47;1242
USDRUBF;30;20241122;200000;103.45;103.48;103.37;103.44;422
USDRUBF;30;20241122;203000;103.46;103.5;103.33;103.35;2329
USDRUBF;30;20241122;210000;103.35;103.49;103.33;103.45;366
USDRUBF;30;20241122;213000;103.45;103.51;103.4;103.46;729
USDRUBF;30;20241122;220000;103.48;103.57;103.46;103.56;660
USDRUBF;30;20241122;223000;103.55;103.64;103.54;103.61;3060
USDRUBF;30;20241122;230000;103.63;103.63;103.48;103.49;573
USDRUBF;30;20241122;233000;103.5;103.5;103.37;103.47;936
USDRUBF;30;20241125;100000;103.34;103.98;103.2;103.82;6975
USDRUBF;30;20241125;103000;103.89;103.98;103.62;103.83;3030
USDRUBF;30;20241125;110000;103.83;104.07;103.77;103.88;4608
USDRUBF;30;20241125;113000;103.88;103.91;103.61;103.72;3269
USDRUBF;30;20241125;120000;103.76;103.89;103.61;103.83;4741
USDRUBF;30;20241125;123000;103.86;103.89;103.77;103.87;1447
USDRUBF;30;20241125;130000;103.87;104.07;103.85;104.06;1691
USDRUBF;30;20241125;133000;104.07;104.12;103.95;103.98;2242
USDRUBF;30;20241125;140000;103.98;104.33;103.97;104.24;1029
USDRUBF;30;20241125;143000;104.29;104.33;104.22;104.27;3548
USDRUBF;30;20241125;150000;104.29;104.6;104.21;104.46;4526
USDRUBF;30;20241125;153000;104.49;104.65;104.38;104.56;6180
USDRUBF;30;20241125;160000;104.59;105.14;104.57;104.95;9170
USDRUBF;30;20241125;163000;104.91;104.93;104.51;104.55;3557
USDRUBF;30;20241125;170000;104.55;104.7;104.49;104.6;3597
USDRUBF;30;20241125;173000;104.58;104.63;104.33;104.35;2968
USDRUBF;30;20241125;180000;104.35;104.55;104.21;104.42;4198
USDRUBF;30;20241125;183000;104.43;104.94;104.43;104.94;4706
USDRUBF;30;20241125;190000;104.9;105.3;104.88;105.09;3156
USDRUBF;30;20241125;193000;105.08;105.3;105.08;105.21;890
USDRUBF;30;20241125;200000;105.21;105.26;105.1;105.26;532
USDRUBF;30;20241125;203000;105.26;105.39;105.26;105.3;1395
USDRUBF;30;20241125;210000;105.3;105.38;105.27;105.32;748
USDRUBF;30;20241125;213000;105.32;105.39;105.3;105.35;1082
USDRUBF;30;20241125;220000;105.35;105.37;105.2;105.25;1449
USDRUBF;30;20241125;223000;105.25;105.29;105.09;105.14;1180
USDRUBF;30;20241125;230000;105.15;105.18;105.09;105.16;453
USDRUBF;30;20241125;233000;105.12;105.26;105.1;105.26;151
USDRUBF;30;20241126;100000;105.3;105.88;105.29;105.55;11683
USDRUBF;30;20241126;103000;105.55;105.8;104.87;104.97;11263
USDRUBF;30;20241126;110000;104.95;105.35;104.83;105.28;8466
USDRUBF;30;20241126;113000;105.25;105.39;104.71;104.86;6614
USDRUBF;30;20241126;120000;104.85;104.88;104.58;104.87;4717
USDRUBF;30;20241126;123000;104.87;105.1;104.78;104.93;3090
USDRUBF;30;20241126;130000;104.93;105.06;104.84;104.88;1451
USDRUBF;30;20241126;133000;104.88;105.13;104.84;105.11;1309
USDRUBF;30;20241126;140000;105.12;105.23;105.06;105.21;2189
USDRUBF;30;20241126;143000;105.21;105.34;105.16;105.2;2265
USDRUBF;30;20241126;150000;105.22;105.64;105.18;105.24;5285
USDRUBF;30;20241126;153000;105.3;105.5;105.26;105.48;1720
USDRUBF;30;20241126;160000;105.49;105.58;105.24;105.52;2090
USDRUBF;30;20241126;163000;105.52;105.98;105.5;105.81;5499
USDRUBF;30;20241126;170000;105.77;106.33;105.61;106.26;12389
USDRUBF;30;20241126;173000;106.26;106.38;106.11;106.27;4233
USDRUBF;30;20241126;180000;106.31;106.59;106.29;106.51;4164
USDRUBF;30;20241126;183000;106.51;106.77;106.51;106.68;2517
USDRUBF;30;20241126;190000;106.67;107.2;106.54;107.02;3472
USDRUBF;30;20241126;193000;107.01;107.09;106.82;107.07;1478
USDRUBF;30;20241126;200000;107.07;107.31;106.95;107.3;1150
USDRUBF;30;20241126;203000;107.3;107.35;107;107.14;2459
USDRUBF;30;20241126;210000;107.11;107.3;107.03;107.3;871
USDRUBF;30;20241126;213000;107.3;107.34;107.05;107.2;784
USDRUBF;30;20241126;220000;107.18;107.28;107;107.05;1949
USDRUBF;30;20241126;223000;107.07;107.2;107.02;107.08;1142
USDRUBF;30;20241126;230000;107.08;107.23;107.06;107.19;539
USDRUBF;30;20241126;233000;107.18;107.2;107.1;107.11;358
USDRUBF;30;20241127;100000;107.05;107.52;106.55;106.94;13340
USDRUBF;30;20241127;103000;106.94;107.48;106.86;107.41;7301
USDRUBF;30;20241127;110000;107.42;107.42;107.1;107.41;3517
USDRUBF;30;20241127;113000;107.41;107.94;107.33;107.93;6536
USDRUBF;30;20241127;120000;107.91;108.19;107.77;108.16;10191
USDRUBF;30;20241127;123000;108.15;108.5;107.99;108.4;14638
USDRUBF;30;20241127;130000;108.4;108.58;108.1;108.55;5393
USDRUBF;30;20241127;133000;108.56;108.91;108.52;108.89;8108
USDRUBF;30;20241127;140000;108.8;109.19;108.72;108.8;9336
USDRUBF;30;20241127;143000;108.82;109.18;108.73;109.05;7429
USDRUBF;30;20241127;150000;109.07;109.69;109.02;109.47;14572
USDRUBF;30;20241127;153000;109.48;110.33;109.44;110.3;12265
USDRUBF;30;20241127;160000;110.3;111.05;110.2;110.57;15046
USDRUBF;30;20241127;163000;110.6;110.68;108.03;109.1;38871
USDRUBF;30;20241127;170000;109.05;109.15;107.82;109.04;24573
USDRUBF;30;20241127;173000;109.02;109.06;107.46;107.56;14743
USDRUBF;30;20241127;180000;107.56;107.65;105.8;107.19;64702
USDRUBF;30;20241127;183000;107.16;107.4;107.05;107.26;10686
USDRUBF;30;20241127;190000;107.23;108.2;106.85;107.48;10612
USDRUBF;30;20241127;193000;107.46;107.53;105.77;105.83;14894
USDRUBF;30;20241127;200000;105.82;106.46;105.77;105.98;6601
USDRUBF;30;20241127;203000;105.97;106.46;105.84;106.38;2647
USDRUBF;30;20241127;210000;106.38;106.79;106.38;106.62;2889
USDRUBF;30;20241127;213000;106.62;106.67;106.31;106.51;809
USDRUBF;30;20241127;220000;106.5;106.74;106.36;106.67;974
USDRUBF;30;20241127;223000;106.68;106.7;106.57;106.59;423
USDRUBF;30;20241127;230000;106.59;106.84;106.57;106.84;1414
USDRUBF;30;20241127;233000;106.84;107.1;106.79;107.06;2266
USDRUBF;30;20241128;100000;107.2;108.19;106.79;107.68;22102
USDRUBF;30;20241128;103000;107.65;109.15;107.64;108.96;12949
USDRUBF;30;20241128;110000;108.97;109.03;107.72;108.33;10543
USDRUBF;30;20241128;113000;108.33;108.58;107.99;108.02;3866
USDRUBF;30;20241128;120000;108.04;108.15;107.57;107.96;7099
USDRUBF;30;20241128;123000;107.94;108.45;107.93;108.33;6712
USDRUBF;30;20241128;130000;108.25;108.63;108.18;108.45;2290
USDRUBF;30;20241128;133000;108.48;108.61;108.23;108.41;2006
USDRUBF;30;20241128;140000;108.39;108.61;108.25;108.54;3951
USDRUBF;30;20241128;143000;108.58;108.58;108.24;108.25;1617
USDRUBF;30;20241128;150000;108.25;108.45;108.15;108.17;3964
USDRUBF;30;20241128;153000;108.21;108.29;108.15;108.23;4684
USDRUBF;30;20241128;160000;108.22;108.3;108.2;108.2;3486
USDRUBF;30;20241128;163000;108.2;108.45;108.2;108.32;3765
USDRUBF;30;20241128;170000;108.33;108.36;108.11;108.22;2883
USDRUBF;30;20241128;173000;108.26;108.81;108.19;108.7;6018
USDRUBF;30;20241128;180000;108.75;108.78;108.42;108.6;6472
USDRUBF;30;20241128;183000;108.6;108.63;108.49;108.55;1238
USDRUBF;30;20241128;190000;108.59;108.64;108.33;108.38;1128
USDRUBF;30;20241128;193000;108.36;108.68;108.36;108.53;1815
USDRUBF;30;20241128;200000;108.53;108.64;108.49;108.63;388
USDRUBF;30;20241128;203000;108.64;108.76;108.61;108.61;1116
USDRUBF;30;20241128;210000;108.61;108.61;108.42;108.47;837
USDRUBF;30;20241128;213000;108.43;108.44;108.3;108.4;831
USDRUBF;30;20241128;220000;108.39;108.59;108.39;108.59;651
USDRUBF;30;20241128;223000;108.59;108.7;108.56;108.56;586
USDRUBF;30;20241128;230000;108.54;108.67;108.54;108.65;649
USDRUBF;30;20241128;233000;108.66;108.71;108.64;108.71;284
USDRUBF;30;20241129;100000;108.59;108.99;108.37;108.38;5809
USDRUBF;30;20241129;103000;108.38;108.39;107.84;108.05;10142
USDRUBF;30;20241129;110000;108.05;108.29;107.94;108.01;3465
USDRUBF;30;20241129;113000;107.99;108.13;107.76;108.13;3724
USDRUBF;30;20241129;120000;108.12;108.33;107.94;108.21;3269
USDRUBF;30;20241129;123000;108.21;108.5;108.08;108.36;5122
USDRUBF;30;20241129;130000;108.38;108.44;108.18;108.27;4160
USDRUBF;30;20241129;133000;108.29;108.35;108.12;108.17;2794
USDRUBF;30;20241129;140000;108.19;108.36;107.93;107.96;2857
USDRUBF;30;20241129;143000;107.93;108.05;107.62;107.65;6669
USDRUBF;30;20241129;150000;107.64;107.66;107.07;107.18;13152
USDRUBF;30;20241129;153000;107.17;107.49;107.04;107.49;2611
USDRUBF;30;20241129;160000;107.49;107.5;106.69;106.89;5703
USDRUBF;30;20241129;163000;106.89;106.96;105.93;106.5;13065
USDRUBF;30;20241129;170000;106.49;106.74;106.14;106.56;3539
USDRUBF;30;20241129;173000;106.57;106.77;106.35;106.63;6489
USDRUBF;30;20241129;180000;106.63;106.71;106.31;106.32;6101
USDRUBF;30;20241129;183000;106.32;106.33;105.83;106.02;6613
USDRUBF;30;20241129;190000;106.1;106.22;105.82;106.02;2566
USDRUBF;30;20241129;193000;106.03;106.25;106.01;106.06;2261
USDRUBF;30;20241129;200000;106.07;106.13;105.9;106.08;979
USDRUBF;30;20241129;203000;106.08;106.14;106.04;106.13;549
USDRUBF;30;20241129;210000;106.12;106.19;106.12;106.16;462
USDRUBF;30;20241129;213000;106.18;106.34;106.18;106.33;1359
USDRUBF;30;20241129;220000;106.33;106.35;106.3;106.31;335
USDRUBF;30;20241129;223000;106.31;106.32;106.27;106.3;157
USDRUBF;30;20241129;230000;106.3;106.39;106.29;106.36;1129
USDRUBF;30;20241129;233000;106.39;106.44;106.34;106.35;1123
USDRUBF;30;20241202;100000;106.42;106.79;106.06;106.55;6937
USDRUBF;30;20241202;103000;106.55;107.08;106.43;107.05;6631
USDRUBF;30;20241202;110000;107.05;107.47;106.93;107.3;9379
USDRUBF;30;20241202;113000;107.3;107.68;107.28;107.43;6601
USDRUBF;30;20241202;120000;107.43;107.63;107.42;107.47;3023
USDRUBF;30;20241202;123000;107.49;107.74;107.09;107.12;3870
USDRUBF;30;20241202;130000;107.12;107.28;107;107.04;2998
USDRUBF;30;20241202;133000;107.01;107.36;107.01;107.2;2717
USDRUBF;30;20241202;140000;107.24;107.24;106.96;107.02;1843
USDRUBF;30;20241202;143000;107.02;107.04;106.58;106.64;2406
USDRUBF;30;20241202;150000;106.62;106.72;106.42;106.62;3230
USDRUBF;30;20241202;153000;106.65;106.92;106.59;106.92;1424
USDRUBF;30;20241202;160000;106.95;107.05;106.75;106.8;1171
USDRUBF;30;20241202;163000;106.79;106.9;106.65;106.65;1066
USDRUBF;30;20241202;170000;106.64;106.91;106.54;106.77;1271
USDRUBF;30;20241202;173000;106.78;106.79;106.51;106.58;1552
USDRUBF;30;20241202;180000;106.56;106.73;106.44;106.61;1601
USDRUBF;30;20241202;183000;106.64;106.84;106.6;106.71;1162
USDRUBF;30;20241202;190000;106.59;106.82;106.51;106.62;600
USDRUBF;30;20241202;193000;106.62;106.65;106.51;106.59;258
USDRUBF;30;20241202;200000;106.56;106.56;106.46;106.47;423
USDRUBF;30;20241202;203000;106.48;106.56;106.47;106.55;400
USDRUBF;30;20241202;210000;106.54;106.64;106.48;106.62;726
USDRUBF;30;20241202;213000;106.63;106.79;106.62;106.7;360
USDRUBF;30;20241202;220000;106.7;106.73;106.66;106.7;123
USDRUBF;30;20241202;223000;106.7;106.73;106.7;106.72;236
USDRUBF;30;20241202;230000;106.7;106.7;106.65;106.65;132
USDRUBF;30;20241202;233000;106.65;106.71;106.65;106.65;77
USDRUBF;30;20241203;100000;106.7;107.07;106.54;106.6;3731
USDRUBF;30;20241203;103000;106.59;106.77;106.29;106.56;2391
USDRUBF;30;20241203;110000;106.59;106.79;106.55;106.63;1054
USDRUBF;30;20241203;113000;106.62;106.64;106.47;106.57;1123
USDRUBF;30;20241203;120000;106.59;106.59;106.28;106.4;1477
USDRUBF;30;20241203;123000;106.39;106.61;106.28;106.35;3713
USDRUBF;30;20241203;130000;106.35;106.44;106.3;106.3;1404
USDRUBF;30;20241203;133000;106.3;106.33;106.01;106.07;3595
USDRUBF;30;20241203;140000;106.07;106.1;105.54;105.72;5815
USDRUBF;30;20241203;143000;105.75;105.76;105.36;105.46;5299
USDRUBF;30;20241203;150000;105.47;105.74;105.37;105.45;8288
USDRUBF;30;20241203;153000;105.46;105.5;105.02;105.03;6182
USDRUBF;30;20241203;160000;105.04;105.32;104.94;105.3;5568
USDRUBF;30;20241203;163000;105.31;105.31;105.03;105.16;2337
USDRUBF;30;20241203;170000;105.16;105.4;105.13;105.36;1765
USDRUBF;30;20241203;173000;105.37;105.46;105.12;105.24;1826
USDRUBF;30;20241203;180000;105.23;105.45;105.22;105.4;1926
USDRUBF;30;20241203;183000;105.39;105.44;105.21;105.21;1377
USDRUBF;30;20241203;190000;105.26;105.28;105.01;105.06;1525
USDRUBF;30;20241203;193000;105.07;105.13;104.85;104.88;1315
USDRUBF;30;20241203;200000;104.88;104.94;104.62;104.68;1265
USDRUBF;30;20241203;203000;104.66;104.77;104.5;104.77;1542
USDRUBF;30;20241203;210000;104.76;104.77;104.42;104.58;2145
USDRUBF;30;20241203;213000;104.59;104.66;104.54;104.61;490
USDRUBF;30;20241203;220000;104.6;104.6;104.37;104.5;607
USDRUBF;30;20241203;223000;104.51;104.54;104.39;104.4;211
USDRUBF;30;20241203;230000;104.42;104.45;104.37;104.4;289
USDRUBF;30;20241203;233000;104.38;104.55;104.38;104.5;355
USDRUBF;30;20241204;100000;104.5;104.5;102.92;103.88;13069
USDRUBF;30;20241204;103000;103.89;104.1;103.81;104;11081
USDRUBF;30;20241204;110000;104.02;104.2;103.98;104.08;2678
USDRUBF;30;20241204;113000;104.09;104.31;104.02;104.05;2148
USDRUBF;30;20241204;120000;104.05;104.11;103.91;104.06;4175
USDRUBF;30;20241204;123000;104.03;104.19;104;104.01;4418
USDRUBF;30;20241204;130000;104;104;103.73;103.75;4431
USDRUBF;30;20241204;133000;103.77;103.88;103.68;103.82;6278
USDRUBF;30;20241204;140000;103.82;103.85;103.63;103.63;3043
USDRUBF;30;20241204;143000;103.63;103.65;103.53;103.6;5328
USDRUBF;30;20241204;150000;103.59;104.17;103.59;104.13;7835
USDRUBF;30;20241204;153000;104.13;104.49;103.96;104.25;4536
USDRUBF;30;20241204;160000;104.24;104.7;104.21;104.55;4348
USDRUBF;30;20241204;163000;104.57;104.86;104.3;104.8;4914
USDRUBF;30;20241204;170000;104.8;104.96;104.44;104.59;6658
USDRUBF;30;20241204;173000;104.6;104.68;104.23;104.39;3690
USDRUBF;30;20241204;180000;104.37;104.9;104.33;104.87;3847
USDRUBF;30;20241204;183000;104.87;105.1;104.73;105.05;2472
USDRUBF;30;20241204;190000;105.03;105.3;104.81;104.98;5167
USDRUBF;30;20241204;193000;104.95;104.97;104.7;104.86;4271
USDRUBF;30;20241204;200000;104.83;104.97;104.63;104.72;1900
USDRUBF;30;20241204;203000;104.72;104.87;104.65;104.71;745
USDRUBF;30;20241204;210000;104.72;104.95;104.72;104.95;445
USDRUBF;30;20241204;213000;104.97;105.07;104.95;105.07;464
USDRUBF;30;20241204;220000;105.05;105.27;105.05;105.25;950
USDRUBF;30;20241204;223000;105.27;105.33;105.24;105.26;626
USDRUBF;30;20241204;230000;105.27;105.28;105.15;105.17;222
USDRUBF;30;20241204;233000;105.17;105.33;105.09;105.31;707
USDRUBF;30;20241205;100000;104.7;105.3;104.52;104.54;9362
USDRUBF;30;20241205;103000;104.53;104.61;104.22;104.4;8563
USDRUBF;30;20241205;110000;104.4;104.44;104.24;104.25;8823
USDRUBF;30;20241205;113000;104.24;104.29;104.1;104.13;5969
USDRUBF;30;20241205;120000;104.15;104.19;103.95;104.05;4991
USDRUBF;30;20241205;123000;104.06;104.06;103.82;103.82;3413
USDRUBF;30;20241205;130000;103.83;103.86;103.69;103.69;3628
USDRUBF;30;20241205;133000;103.69;103.74;103.24;103.39;12114
USDRUBF;30;20241205;140000;103.35;103.64;103.07;103.59;5664
USDRUBF;30;20241205;143000;103.63;103.75;103.18;103.67;2703
USDRUBF;30;20241205;150000;103.67;103.88;103.15;103.27;5761
USDRUBF;30;20241205;153000;103.24;103.46;102.93;103.32;11483
USDRUBF;30;20241205;160000;103.33;103.46;103.2;103.37;5511
USDRUBF;30;20241205;163000;103.32;103.43;102.61;102.82;5719
USDRUBF;30;20241205;170000;102.79;102.85;102.15;102.32;7975
USDRUBF;30;20241205;173000;102.34;102.59;101.96;102.16;5948
USDRUBF;30;20241205;180000;102.14;102.18;101.52;101.55;7623
USDRUBF;30;20241205;183000;101.55;101.68;101.11;101.55;5453
USDRUBF;30;20241205;190000;101.58;102.03;100.85;101.15;4582
USDRUBF;30;20241205;193000;101.15;101.29;101.05;101.24;2364
USDRUBF;30;20241205;200000;101.25;101.39;101.13;101.29;1101
USDRUBF;30;20241205;203000;101.32;101.33;101.06;101.33;1293
USDRUBF;30;20241205;210000;101.31;101.41;101.25;101.36;866
USDRUBF;30;20241205;213000;101.38;101.42;101.07;101.07;458
USDRUBF;30;20241205;220000;101.07;101.12;100.6;100.6;1690
USDRUBF;30;20241205;223000;100.64;101.04;100.6;100.97;1255
USDRUBF;30;20241205;230000;101.01;101.11;100.93;101.11;245
USDRUBF;30;20241205;233000;101.12;101.25;101.12;101.21;300
USDRUBF;30;20241206;100000;101.13;101.4;99.99;100.42;16946
USDRUBF;30;20241206;103000;100.42;101.39;100.38;101.05;13040
USDRUBF;30;20241206;110000;101.08;101.08;100.23;100.72;9455
USDRUBF;30;20241206;113000;100.7;100.79;100.45;100.54;2953
USDRUBF;30;20241206;120000;100.53;100.53;100.15;100.34;8358
USDRUBF;30;20241206;123000;100.35;100.37;100.22;100.31;4045
USDRUBF;30;20241206;130000;100.28;100.41;100.25;100.38;5500
USDRUBF;30;20241206;133000;100.38;100.47;100.21;100.43;5978
USDRUBF;30;20241206;140000;100.42;100.44;99.88;100.01;5715
USDRUBF;30;20241206;143000;99.99;100.08;99.67;99.99;7492
USDRUBF;30;20241206;150000;99.99;100.13;99.82;100.01;4048
USDRUBF;30;20241206;153000;100.03;100.1;99.64;99.85;2883
USDRUBF;30;20241206;160000;99.86;99.88;99.45;99.58;10387
USDRUBF;30;20241206;163000;99.55;99.63;99.3;99.39;8472
USDRUBF;30;20241206;170000;99.37;100.45;98.95;100.03;16750
USDRUBF;30;20241206;173000;100.06;100.12;99.32;100;8999
USDRUBF;30;20241206;180000;100;100.4;99.64;99.65;6649
USDRUBF;30;20241206;183000;99.66;99.81;99.35;99.47;2311
USDRUBF;30;20241206;190000;99.49;100;99.19;99.24;2704
USDRUBF;30;20241206;193000;99.25;99.35;99.14;99.17;1717
USDRUBF;30;20241206;200000;99.16;99.33;99.02;99.32;1347
USDRUBF;30;20241206;203000;99.32;99.44;99.21;99.31;864
USDRUBF;30;20241206;210000;99.3;99.44;99.27;99.31;506
USDRUBF;30;20241206;213000;99.31;99.46;99.28;99.46;160
USDRUBF;30;20241206;220000;99.45;99.63;99.45;99.57;555
USDRUBF;30;20241206;223000;99.57;99.59;99.41;99.43;324
USDRUBF;30;20241206;230000;99.44;99.46;99.35;99.35;162
USDRUBF;30;20241206;233000;99.38;99.5;99.35;99.36;192
USDRUBF;30;20241209;100000;99.37;100.47;99.04;100.16;10294
USDRUBF;30;20241209;103000;100.18;100.58;99.97;100.44;7362
USDRUBF;30;20241209;110000;100.46;100.49;99.82;100.03;5379
USDRUBF;30;20241209;113000;100.04;100.3;99.95;100.04;2685
USDRUBF;30;20241209;120000;100.05;100.59;100.05;100.37;4063
USDRUBF;30;20241209;123000;100.36;100.47;100.21;100.38;3460
USDRUBF;30;20241209;130000;100.38;100.45;100.27;100.27;1273
USDRUBF;30;20241209;133000;100.28;100.61;100.26;100.42;3407
USDRUBF;30;20241209;140000;100.39;100.48;100.18;100.28;1741
USDRUBF;30;20241209;143000;100.28;100.34;100.25;100.32;1624
USDRUBF;30;20241209;150000;100.35;100.86;100.35;100.73;9406
USDRUBF;30;20241209;153000;100.75;101.29;100.75;101.19;8651
USDRUBF;30;20241209;160000;101.19;101.77;101.19;101.32;10373
USDRUBF;30;20241209;163000;101.32;101.76;101.12;101.75;4128
USDRUBF;30;20241209;170000;101.75;102.16;101.59;101.74;5620
USDRUBF;30;20241209;173000;101.74;101.87;101.26;101.31;5408
USDRUBF;30;20241209;180000;101.32;101.82;101.29;101.76;4912
USDRUBF;30;20241209;183000;101.77;101.96;101.7;101.77;2835
USDRUBF;30;20241209;190000;101.84;102.33;101.76;102.2;3217
USDRUBF;30;20241209;193000;102.2;102.36;102;102.07;2825
USDRUBF;30;20241209;200000;102.07;102.09;101.93;102.05;1053
USDRUBF;30;20241209;203000;102.05;102.17;102;102.12;810
USDRUBF;30;20241209;210000;102.13;102.22;102.03;102.21;655
USDRUBF;30;20241209;213000;102.2;102.22;101.94;101.96;909
USDRUBF;30;20241209;220000;101.95;102.04;101.95;102;600
USDRUBF;30;20241209;223000;101.98;101.98;101.9;101.97;277
USDRUBF;30;20241209;230000;101.98;102.11;101.97;102.06;221
USDRUBF;30;20241209;233000;102.03;102.06;101.89;101.89;378
USDRUBF;30;20241210;100000;101.89;102.18;101.16;101.34;7027
USDRUBF;30;20241210;103000;101.31;101.37;100.62;100.67;7350
USDRUBF;30;20241210;110000;100.66;100.9;100.42;100.69;8465
USDRUBF;30;20241210;113000;100.69;100.69;100.21;100.39;6224
USDRUBF;30;20241210;120000;100.38;100.85;100.33;100.69;6664
USDRUBF;30;20241210;123000;100.68;101.17;100.62;100.75;5068
USDRUBF;30;20241210;130000;100.77;101.12;100.74;100.95;3162
USDRUBF;30;20241210;133000;100.95;101.06;100.69;100.72;1425
USDRUBF;30;20241210;140000;100.68;101.31;100.68;100.96;2798
USDRUBF;30;20241210;143000;100.98;101.17;100.86;100.91;3535
USDRUBF;30;20241210;150000;100.92;101.01;100.56;100.7;4828
USDRUBF;30;20241210;153000;100.73;100.96;100.61;100.92;2197
USDRUBF;30;20241210;160000;100.89;101.23;100.87;101.04;2066
USDRUBF;30;20241210;163000;101.04;101.36;101.01;101.1;5574
USDRUBF;30;20241210;170000;101.06;101.17;101.01;101.08;2731
USDRUBF;30;20241210;173000;101.08;101.37;101.07;101.33;3231
USDRUBF;30;20241210;180000;101.32;101.71;101.32;101.47;5056
USDRUBF;30;20241210;183000;101.48;101.5;101.35;101.36;1811
USDRUBF;30;20241210;190000;101.37;101.68;101.35;101.52;1193
USDRUBF;30;20241210;193000;101.53;101.55;101.35;101.38;1026
USDRUBF;30;20241210;200000;101.35;101.37;101.12;101.13;1768
USDRUBF;30;20241210;203000;101.15;101.41;101.13;101.38;858
USDRUBF;30;20241210;210000;101.4;101.47;101.28;101.3;232
USDRUBF;30;20241210;213000;101.3;101.36;101.15;101.16;505
USDRUBF;30;20241210;220000;101.19;101.39;101.19;101.36;461
USDRUBF;30;20241210;223000;101.38;101.5;101.38;101.49;649
USDRUBF;30;20241210;230000;101.45;101.57;101.45;101.52;528
USDRUBF;30;20241210;233000;101.54;101.57;101.39;101.43;961
USDRUBF;30;20241211;100000;101.4;102.54;101.25;102.4;10030
USDRUBF;30;20241211;103000;102.42;102.97;102.34;102.89;7943
USDRUBF;30;20241211;110000;102.9;102.98;102.48;102.64;5726
USDRUBF;30;20241211;113000;102.64;102.85;102.49;102.8;3653
USDRUBF;30;20241211;120000;102.8;103.13;102.79;103.08;3359
USDRUBF;30;20241211;123000;103.08;103.09;102.85;102.87;1481
USDRUBF;30;20241211;130000;102.86;103.3;102.82;103.26;3475
USDRUBF;30;20241211;133000;103.28;103.46;103.24;103.37;5574
USDRUBF;30;20241211;140000;103.4;103.64;103.27;103.52;5739
USDRUBF;30;20241211;143000;103.53;103.65;103.3;103.47;2660
USDRUBF;30;20241211;150000;103.48;103.89;103.44;103.87;5020
USDRUBF;30;20241211;153000;103.88;104.81;103.86;104.7;10653
USDRUBF;30;20241211;160000;104.71;104.85;103.97;104.11;11741
USDRUBF;30;20241211;163000;104.1;104.3;103.99;104.21;8013
USDRUBF;30;20241211;170000;104.21;104.29;103.7;103.85;7531
USDRUBF;30;20241211;173000;103.85;104.24;103.57;104.09;7217
USDRUBF;30;20241211;180000;104.11;104.32;103.98;104.22;6252
USDRUBF;30;20241211;183000;104.26;104.32;104.02;104.12;2421
USDRUBF;30;20241211;190000;104.09;104.3;103.2;103.9;3630
USDRUBF;30;20241211;193000;103.92;103.94;103.84;103.89;589
USDRUBF;30;20241211;200000;103.91;104.08;103.91;104;693
USDRUBF;30;20241211;203000;104.01;104.04;103.84;103.84;931
USDRUBF;30;20241211;210000;103.84;103.89;103.7;103.89;823
USDRUBF;30;20241211;213000;103.89;104;103.89;103.98;307
USDRUBF;30;20241211;220000;103.98;103.99;103.88;103.98;369
USDRUBF;30;20241211;223000;103.99;104.29;103.99;104.26;1849
USDRUBF;30;20241211;230000;104.26;104.49;104.25;104.44;1194
USDRUBF;30;20241211;233000;104.46;104.49;104.36;104.37;290
USDRUBF;30;20241212;100000;104.42;105.04;104.39;104.72;11415
USDRUBF;30;20241212;103000;104.72;104.72;103.82;103.89;9815
USDRUBF;30;20241212;110000;103.88;104.1;103.61;103.85;5648
USDRUBF;30;20241212;113000;103.83;103.87;103.35;103.51;6653
USDRUBF;30;20241212;120000;103.48;103.59;102.85;103.25;10357
USDRUBF;30;20241212;123000;103.25;103.5;103.15;103.45;4171
USDRUBF;30;20241212;130000;103.45;103.59;103.24;103.32;3487
USDRUBF;30;20241212;133000;103.31;103.52;103.24;103.3;1464
USDRUBF;30;20241212;140000;103.36;103.57;103.16;103.52;2028
USDRUBF;30;20241212;143000;103.56;103.8;103.46;103.5;3761
USDRUBF;30;20241212;150000;103.51;103.71;103.35;103.55;2980
USDRUBF;30;20241212;153000;103.54;103.63;103.41;103.44;2033
USDRUBF;30;20241212;160000;103.41;103.41;102.76;102.99;6362
USDRUBF;30;20241212;163000;103;103.21;102.91;103.11;2256
USDRUBF;30;20241212;170000;103.11;103.19;102.84;103.03;3000
USDRUBF;30;20241212;173000;103.03;103.04;102.53;102.73;8972
USDRUBF;30;20241212;180000;102.73;103.05;102.63;103.05;7506
USDRUBF;30;20241212;183000;103.05;103.23;102.87;103.2;1938
USDRUBF;30;20241212;190000;103.3;103.39;102.86;103.02;1369
USDRUBF;30;20241212;193000;103.03;103.14;102.99;103.14;569
USDRUBF;30;20241212;200000;103.14;103.17;103.09;103.15;328
USDRUBF;30;20241212;203000;103.13;103.25;103.13;103.24;997
USDRUBF;30;20241212;210000;103.25;103.4;103.22;103.34;1069
USDRUBF;30;20241212;213000;103.34;103.38;103.18;103.25;914
USDRUBF;30;20241212;220000;103.22;103.52;103.22;103.46;983
USDRUBF;30;20241212;223000;103.45;103.52;103.37;103.37;517
USDRUBF;30;20241212;230000;103.37;103.44;103.35;103.44;169
USDRUBF;30;20241212;233000;103.44;103.46;103.43;103.46;172
USDRUBF;30;20241213;100000;103.47;103.87;103.3;103.64;8267
USDRUBF;30;20241213;103000;103.65;103.81;103.59;103.78;3810
USDRUBF;30;20241213;110000;103.82;103.84;103.6;103.64;5330
USDRUBF;30;20241213;113000;103.64;104.09;103.56;103.93;6681
USDRUBF;30;20241213;120000;103.95;104.07;103.76;103.89;2495
USDRUBF;30;20241213;123000;103.89;104.02;103.84;103.97;2153
USDRUBF;30;20241213;130000;103.95;104.08;103.93;104.07;2396
USDRUBF;30;20241213;133000;104.06;104.07;103.87;103.96;2346
USDRUBF;30;20241213;140000;103.94;104;103.31;103.54;4719
USDRUBF;30;20241213;143000;103.51;103.6;103.32;103.54;4380
USDRUBF;30;20241213;150000;103.53;103.95;103.53;103.87;2551
USDRUBF;30;20241213;153000;103.88;103.93;103.67;103.82;1626
USDRUBF;30;20241213;160000;103.82;103.96;103.73;103.91;2192
USDRUBF;30;20241213;163000;103.93;103.93;103.62;103.63;844
USDRUBF;30;20241213;170000;103.61;103.7;103.03;103.09;5118
USDRUBF;30;20241213;173000;103.07;103.08;102.72;102.97;6211
USDRUBF;30;20241213;180000;102.97;103.22;102.93;103.12;2718
USDRUBF;30;20241213;183000;103.12;103.22;102.98;103;1242
USDRUBF;30;20241213;190000;103.05;103.32;102.98;103.13;1093
USDRUBF;30;20241213;193000;103.13;103.38;103.13;103.29;457
USDRUBF;30;20241213;200000;103.25;103.27;103.14;103.2;198
USDRUBF;30;20241213;203000;103.22;103.33;103.22;103.31;172
USDRUBF;30;20241213;210000;103.32;103.32;103.14;103.19;206
USDRUBF;30;20241213;213000;103.22;103.24;103.18;103.2;94
USDRUBF;30;20241213;220000;103.2;103.29;103.2;103.28;224
USDRUBF;30;20241213;223000;103.3;103.48;103.3;103.44;343
USDRUBF;30;20241213;230000;103.45;103.54;103.43;103.44;496
USDRUBF;30;20241213;233000;103.43;103.64;103.42;103.46;376
USDRUBF;30;20241216;100000;103.4;103.42;99.09;102.83;16320
USDRUBF;30;20241216;103000;102.81;103.11;102.76;102.92;5817
USDRUBF;30;20241216;110000;102.92;103.01;102.55;102.73;3324
USDRUBF;30;20241216;113000;102.7;102.72;102.56;102.66;1231
USDRUBF;30;20241216;120000;102.65;103.07;102.59;103.01;2882
USDRUBF;30;20241216;123000;103.02;103.27;102.97;103.16;2232
USDRUBF;30;20241216;130000;103.17;103.56;103.17;103.46;3453
USDRUBF;30;20241216;133000;103.46;103.62;103.31;103.41;4990
USDRUBF;30;20241216;140000;103.41;103.78;103.25;103.78;2151
USDRUBF;30;20241216;143000;103.76;103.86;103.56;103.59;3879
USDRUBF;30;20241216;150000;103.6;103.76;103.3;103.4;4860
USDRUBF;30;20241216;153000;103.4;103.57;103.1;103.21;5869
USDRUBF;30;20241216;160000;103.19;103.19;102.9;102.94;4273
USDRUBF;30;20241216;163000;102.95;103.08;102.74;102.91;2551
USDRUBF;30;20241216;170000;102.89;103.15;102.89;103.11;1041
USDRUBF;30;20241216;173000;103.1;103.25;102.83;102.98;3516
USDRUBF;30;20241216;180000;102.99;103.06;102.85;102.98;3001
USDRUBF;30;20241216;183000;102.99;103.05;102.88;103;960
USDRUBF;30;20241216;190000;102.92;103.07;102.91;103.04;714
USDRUBF;30;20241216;193000;103.03;103.16;102.99;103.05;436
USDRUBF;30;20241216;200000;103.07;103.12;102.86;102.9;670
USDRUBF;30;20241216;203000;102.91;102.93;102.51;102.56;2530
USDRUBF;30;20241216;210000;102.54;102.66;102.38;102.53;2437
USDRUBF;30;20241216;213000;102.53;102.62;102.42;102.54;618
USDRUBF;30;20241216;220000;102.58;102.7;102.45;102.49;845
USDRUBF;30;20241216;223000;102.49;102.78;102.36;102.62;2911
USDRUBF;30;20241216;230000;102.6;102.78;102.56;102.67;1281
USDRUBF;30;20241216;233000;102.67;102.83;102.6;102.79;770
USDRUBF;30;20241217;100000;102.69;103.36;102.69;103.04;3021
USDRUBF;30;20241217;103000;103.06;103.17;103;103.12;2489
USDRUBF;30;20241217;110000;103.11;103.14;102.96;103.1;4651
USDRUBF;30;20241217;113000;103.1;103.1;102.94;103.01;4668
USDRUBF;30;20241217;120000;103;103.26;102.97;102.98;4054
USDRUBF;30;20241217;123000;102.98;103.11;102.91;103.04;3166
USDRUBF;30;20241217;130000;103.04;103.06;102.98;103.01;998
USDRUBF;30;20241217;133000;103.03;103.04;102.98;102.99;1008
USDRUBF;30;20241217;140000;102.98;103.09;102.93;103.06;2215
USDRUBF;30;20241217;143000;103.06;103.41;103.04;103.35;4505
USDRUBF;30;20241217;150000;103.35;103.42;103.08;103.12;6272
USDRUBF;30;20241217;153000;103.11;103.25;103.03;103.13;2355
USDRUBF;30;20241217;160000;103.13;103.63;103.1;103.58;6168
USDRUBF;30;20241217;163000;103.59;103.64;103.36;103.39;3756
USDRUBF;30;20241217;170000;103.39;103.76;103.36;103.65;3290
USDRUBF;30;20241217;173000;103.65;104;103.65;103.84;8814
USDRUBF;30;20241217;180000;103.87;103.99;103.7;103.98;6920
USDRUBF;30;20241217;183000;103.98;104.03;103.87;104.03;7024
USDRUBF;30;20241217;190000;104.04;104.32;104.01;104.26;2512
USDRUBF;30;20241217;193000;104.27;104.28;104.14;104.17;1567
USDRUBF;30;20241217;200000;104.18;104.26;104.13;104.25;578
USDRUBF;30;20241217;203000;104.22;104.29;104.15;104.23;409
USDRUBF;30;20241217;210000;104.25;104.35;104.15;104.18;336
USDRUBF;30;20241217;213000;104.16;104.22;104.16;104.21;253
USDRUBF;30;20241217;220000;104.21;104.22;104.07;104.19;475
USDRUBF;30;20241217;223000;104.18;104.18;104.09;104.11;86
USDRUBF;30;20241217;230000;104.1;104.16;104.1;104.13;266
USDRUBF;30;20241217;233000;104.13;104.24;104.12;104.21;211
USDRUBF;30;20241218;100000;104.17;104.65;103.98;104.45;17237
USDRUBF;30;20241218;103000;104.43;104.52;103.98;104.22;6567
USDRUBF;30;20241218;110000;104.22;104.33;103.79;103.8;8997
USDRUBF;30;20241218;113000;103.79;103.79;103.23;103.44;9377
USDRUBF;30;20241218;120000;103.44;103.58;103.3;103.38;2727
USDRUBF;30;20241218;123000;103.36;103.57;103.24;103.51;4306
USDRUBF;30;20241218;130000;103.52;103.56;103.38;103.44;5647
USDRUBF;30;20241218;133000;103.4;103.58;103.35;103.55;1724
USDRUBF;30;20241218;140000;103.54;103.9;103.54;103.83;7039
USDRUBF;30;20241218;143000;103.84;103.98;103.75;103.93;3416
USDRUBF;30;20241218;150000;103.94;104.23;103.91;104.2;3842
USDRUBF;30;20241218;153000;104.2;104.29;104;104.18;2178
USDRUBF;30;20241218;160000;104.18;104.21;103.86;103.98;4658
USDRUBF;30;20241218;163000;103.98;104.31;103.98;104.18;4633
USDRUBF;30;20241218;170000;104.18;104.28;104.13;104.25;3068
USDRUBF;30;20241218;173000;104.23;104.27;103.81;104.11;8447
USDRUBF;30;20241218;180000;104.12;104.33;104.07;104.27;8016
USDRUBF;30;20241218;183000;104.27;104.31;104.18;104.31;4722
USDRUBF;30;20241218;190000;104.32;104.69;104.21;104.45;2918
USDRUBF;30;20241218;193000;104.48;104.77;104.46;104.61;3651
USDRUBF;30;20241218;200000;104.6;104.65;104.54;104.6;929
USDRUBF;30;20241218;203000;104.6;104.7;104.58;104.64;884
USDRUBF;30;20241218;210000;104.67;104.7;104.51;104.56;1278
USDRUBF;30;20241218;213000;104.54;104.59;104.27;104.5;1888
USDRUBF;30;20241218;220000;104.5;104.7;104.4;104.62;1590
USDRUBF;30;20241218;223000;104.58;104.76;104.41;104.67;2475
USDRUBF;30;20241218;230000;104.73;104.77;104.65;104.72;752
USDRUBF;30;20241218;233000;104.73;104.78;104.58;104.61;522
USDRUBF;30;20241219;100000;104.54;104.84;104.35;104.77;8121
USDRUBF;30;20241219;103000;104.77;104.8;104.35;104.49;6366
USDRUBF;30;20241219;110000;104.49;104.56;104.35;104.45;4720
USDRUBF;30;20241219;113000;104.45;104.56;104.39;104.53;3086
USDRUBF;30;20241219;120000;104.52;104.68;104.31;104.57;3872
USDRUBF;30;20241219;123000;104.55;104.65;104.1;104.38;7309
USDRUBF;30;20241219;130000;104.38;104.59;104.37;104.59;1454
USDRUBF;30;20241219;133000;104.58;104.7;104.43;104.7;2618
USDRUBF;30;20241219;140000;104.67;105.06;104.65;104.9;6764
USDRUBF;30;20241219;143000;104.9;104.98;104.56;104.65;3556
USDRUBF;30;20241219;150000;104.68;104.83;104.65;104.69;1677
USDRUBF;30;20241219;153000;104.68;104.76;104.35;104.52;2815
USDRUBF;30;20241219;160000;104.52;104.56;104.06;104.3;6102
USDRUBF;30;20241219;163000;104.31;104.4;104.18;104.35;2794
USDRUBF;30;20241219;170000;104.37;104.46;104.25;104.36;3069
USDRUBF;30;20241219;173000;104.33;104.66;104.25;104.27;4555
USDRUBF;30;20241219;180000;104.3;104.34;103.9;103.95;11002
USDRUBF;30;20241219;183000;103.96;104.19;103.91;104.18;931
USDRUBF;30;20241219;190000;104.15;104.4;104.12;104.2;1908
USDRUBF;30;20241219;193000;104.17;104.37;104.14;104.3;673
USDRUBF;30;20241219;200000;104.31;104.39;104.31;104.37;199
USDRUBF;30;20241219;203000;104.36;104.37;104.19;104.31;249
USDRUBF;30;20241219;210000;104.35;104.38;104.3;104.36;291
USDRUBF;30;20241219;213000;104.35;104.38;104.27;104.38;275
USDRUBF;30;20241219;220000;104.33;104.39;104.33;104.39;289
USDRUBF;30;20241219;223000;104.38;104.49;104.36;104.38;1064
USDRUBF;30;20241219;230000;104.41;104.5;104.4;104.46;760
USDRUBF;30;20241219;233000;104.49;104.5;104.43;104.45;151
USDRUBF;30;20241220;100000;104.42;104.43;104.01;104.11;7420
USDRUBF;30;20241220;103000;104.1;104.19;103.83;104.07;10485
USDRUBF;30;20241220;110000;104.07;104.13;104;104.07;2492
USDRUBF;30;20241220;113000;104.07;104.08;103.81;103.93;14410
USDRUBF;30;20241220;120000;103.93;104.03;103.75;104.02;8678
USDRUBF;30;20241220;123000;104.01;104.08;103.97;104;2177
USDRUBF;30;20241220;130000;104;104.29;103.97;104.18;4386
USDRUBF;30;20241220;133000;104.18;105.02;104.16;104.95;25060
USDRUBF;30;20241220;140000;104.89;105;104.71;104.9;8276
USDRUBF;30;20241220;143000;104.9;105;104.77;104.77;2925
USDRUBF;30;20241220;150000;104.77;105.24;104.77;105.06;11589
USDRUBF;30;20241220;153000;105.08;105.49;104.92;105.47;8182
USDRUBF;30;20241220;160000;105.48;105.65;105.07;105.3;8280
USDRUBF;30;20241220;163000;105.29;105.74;105;105.68;7280
USDRUBF;30;20241220;170000;105.68;105.73;104.85;104.96;11163
USDRUBF;30;20241220;173000;104.96;105.08;104.7;104.73;6709
USDRUBF;30;20241220;180000;104.74;105.13;104.7;105.02;3073
USDRUBF;30;20241220;183000;105.04;105.05;104.78;104.81;1821
USDRUBF;30;20241220;190000;104.95;105.05;104.85;104.89;849
USDRUBF;30;20241220;193000;104.88;104.97;104.7;104.75;1505
USDRUBF;30;20241220;200000;104.8;104.85;104.66;104.76;644
USDRUBF;30;20241220;203000;104.71;104.89;104.61;104.89;473
USDRUBF;30;20241220;210000;104.88;104.98;104.83;104.86;430
USDRUBF;30;20241220;213000;104.85;104.93;104.7;104.78;1123
USDRUBF;30;20241220;220000;104.79;104.82;104.69;104.74;195
USDRUBF;30;20241220;223000;104.71;104.74;104.57;104.68;782
USDRUBF;30;20241220;230000;104.68;104.71;104.62;104.67;163
USDRUBF;30;20241220;233000;104.67;104.67;104.5;104.6;542
USDRUBF;30;20241223;100000;104.58;104.63;103.61;103.67;12195
USDRUBF;30;20241223;103000;103.65;103.91;103.5;103.57;9181
USDRUBF;30;20241223;110000;103.55;103.57;103.05;103.33;5487
USDRUBF;30;20241223;113000;103.35;103.71;103.28;103.61;3209
USDRUBF;30;20241223;120000;103.6;103.79;103.53;103.72;2331
USDRUBF;30;20241223;123000;103.69;103.78;103.42;103.62;2631
USDRUBF;30;20241223;130000;103.6;103.64;103.4;103.46;1917
USDRUBF;30;20241223;133000;103.45;103.47;103.02;103.28;3709
USDRUBF;30;20241223;140000;103.33;103.33;103.01;103.02;2636
USDRUBF;30;20241223;143000;103.03;103.21;102.78;103.05;6001
USDRUBF;30;20241223;150000;103.06;103.06;102.71;102.78;1968
USDRUBF;30;20241223;153000;102.77;103.06;102.55;102.92;4314
USDRUBF;30;20241223;160000;102.9;102.91;102.57;102.72;4554
USDRUBF;30;20241223;163000;102.7;102.83;102.57;102.82;3489
USDRUBF;30;20241223;170000;102.86;102.96;102.71;102.96;1305
USDRUBF;30;20241223;173000;102.97;103.27;102.74;103.07;4390
USDRUBF;30;20241223;180000;103.1;103.44;103;103.23;5818
USDRUBF;30;20241223;183000;103.28;103.39;103.14;103.19;1361
USDRUBF;30;20241223;190000;103.1;103.35;103.02;103.28;1104
USDRUBF;30;20241223;193000;103.25;103.42;103.22;103.28;818
USDRUBF;30;20241223;200000;103.34;103.54;103.23;103.33;643
USDRUBF;30;20241223;203000;103.33;103.33;103.1;103.12;384
USDRUBF;30;20241223;210000;103.15;103.16;102.93;103.13;286
USDRUBF;30;20241223;213000;103.1;103.3;103.09;103.26;347
USDRUBF;30;20241223;220000;103.25;103.32;103.15;103.21;369
USDRUBF;30;20241223;223000;103.18;103.35;103.15;103.15;439
USDRUBF;30;20241223;230000;103.15;103.26;103;103.26;213
USDRUBF;30;20241223;233000;103.27;103.28;103.11;103.11;66
USDRUBF;30;20241224;100000;103.09;103.09;102.41;102.56;8900
USDRUBF;30;20241224;103000;102.55;102.94;102.37;102.91;4568
USDRUBF;30;20241224;110000;102.92;103.16;102.81;103.12;2327
USDRUBF;30;20241224;113000;103.12;103.26;102.81;102.88;6173
USDRUBF;30;20241224;120000;102.89;103.06;102.58;102.73;3236
USDRUBF;30;20241224;123000;102.75;102.81;102.61;102.75;1608
USDRUBF;30;20241224;130000;102.75;102.87;102.57;102.58;4437
USDRUBF;30;20241224;133000;102.59;102.79;102.52;102.52;1885
USDRUBF;30;20241224;140000;102.57;102.63;102.15;102.22;4160
USDRUBF;30;20241224;143000;102.21;102.34;102.15;102.15;6812
USDRUBF;30;20241224;150000;102.16;102.65;102.15;102.38;2829
USDRUBF;30;20241224;153000;102.38;102.42;102.22;102.36;6604
USDRUBF;30;20241224;160000;102.36;102.74;102.35;102.69;3033
USDRUBF;30;20241224;163000;102.67;102.9;102.54;102.86;2930
USDRUBF;30;20241224;170000;102.86;102.86;102.63;102.66;1575
USDRUBF;30;20241224;173000;102.65;102.84;102.43;102.54;3091
USDRUBF;30;20241224;180000;102.53;102.63;102.42;102.49;4525
USDRUBF;30;20241224;183000;102.5;102.5;102.31;102.34;486
USDRUBF;30;20241224;190000;102.41;102.6;102.34;102.49;786
USDRUBF;30;20241224;193000;102.5;102.64;102.49;102.57;475
USDRUBF;30;20241224;200000;102.56;102.6;102.55;102.57;120
USDRUBF;30;20241224;203000;102.58;102.7;102.56;102.66;261
USDRUBF;30;20241224;210000;102.65;102.68;102.54;102.55;204
USDRUBF;30;20241224;213000;102.55;102.64;102.55;102.61;169
USDRUBF;30;20241224;220000;102.63;102.64;102.6;102.6;57
USDRUBF;30;20241224;223000;102.59;102.62;102.58;102.61;50
USDRUBF;30;20241224;230000;102.61;102.62;102.55;102.55;160
USDRUBF;30;20241224;233000;102.55;102.55;102.37;102.37;345
USDRUBF;30;20241225;100000;102.36;102.82;102.21;102.62;4571
USDRUBF;30;20241225;103000;102.62;102.79;102.54;102.67;3781
USDRUBF;30;20241225;110000;102.68;102.74;102.49;102.5;2884
USDRUBF;30;20241225;113000;102.5;102.58;102.44;102.56;2884
USDRUBF;30;20241225;120000;102.56;102.78;102.54;102.72;3054
USDRUBF;30;20241225;123000;102.73;102.73;102.61;102.66;3143
USDRUBF;30;20241225;130000;102.65;102.69;102.53;102.54;2325
USDRUBF;30;20241225;133000;102.54;102.68;102.5;102.6;2202
USDRUBF;30;20241225;140000;102.59;102.6;102.42;102.52;1809
USDRUBF;30;20241225;143000;102.52;102.53;102.4;102.44;2511
USDRUBF;30;20241225;150000;102.43;102.5;102.4;102.48;4424
USDRUBF;30;20241225;153000;102.44;102.5;102.39;102.42;1167
USDRUBF;30;20241225;160000;102.41;102.46;102.21;102.22;5017
USDRUBF;30;20241225;163000;102.22;102.23;101.7;101.85;8219
USDRUBF;30;20241225;170000;101.84;102.1;101.76;102.07;5031
USDRUBF;30;20241225;173000;102.06;102.1;101.82;101.92;1653
USDRUBF;30;20241225;180000;101.92;102.01;101.65;101.7;6281
USDRUBF;30;20241225;183000;101.67;101.85;101.65;101.77;2196
USDRUBF;30;20241225;190000;101.71;102.02;101.71;101.91;1269
USDRUBF;30;20241225;193000;101.93;101.96;101.86;101.92;337
USDRUBF;30;20241225;200000;101.89;101.93;101.78;101.8;331
USDRUBF;30;20241225;203000;101.78;101.82;101.75;101.77;101
USDRUBF;30;20241225;210000;101.78;101.87;101.75;101.84;164
USDRUBF;30;20241225;213000;101.84;101.85;101.79;101.83;129
USDRUBF;30;20241225;220000;101.82;101.9;101.82;101.87;129
USDRUBF;30;20241225;223000;101.88;101.9;101.84;101.89;118
USDRUBF;30;20241225;230000;101.89;101.94;101.86;101.87;352
USDRUBF;30;20241225;233000;101.86;101.94;101.83;101.92;122
USDRUBF;30;20241226;100000;101.93;101.94;101.57;101.83;5284
USDRUBF;30;20241226;103000;101.84;102.07;101.81;102.02;3364
USDRUBF;30;20241226;110000;102.01;102.14;101.9;101.92;3772
USDRUBF;30;20241226;113000;101.94;102.23;101.92;101.97;5171
USDRUBF;30;20241226;120000;101.97;102.01;101.62;101.69;5184
USDRUBF;30;20241226;123000;101.7;101.76;101.54;101.7;6002
USDRUBF;30;20241226;130000;101.7;101.75;101.52;101.55;3003
USDRUBF;30;20241226;133000;101.54;101.7;101.42;101.55;2661
USDRUBF;30;20241226;140000;101.58;101.59;101.2;101.25;4627
USDRUBF;30;20241226;143000;101.26;101.39;101.1;101.33;4733
USDRUBF;30;20241226;150000;101.34;101.38;101.05;101.19;8075
USDRUBF;30;20241226;153000;101.18;101.18;100.96;101.01;6487
USDRUBF;30;20241226;160000;101.01;101.01;100.82;101;4515
USDRUBF;30;20241226;163000;100.98;101.03;100.87;100.99;3863
USDRUBF;30;20241226;170000;101.01;101.08;100.9;101.04;4760
USDRUBF;30;20241226;173000;101.05;101.15;100.8;100.98;3026
USDRUBF;30;20241226;180000;100.98;101.1;100.92;101.06;3248
USDRUBF;30;20241226;183000;101.06;101.08;101;101.02;1416
USDRUBF;30;20241226;190000;101.09;101.12;100.98;101.08;1077
USDRUBF;30;20241226;193000;101.05;101.08;101.02;101.02;238
USDRUBF;30;20241226;200000;101.03;101.1;100.98;101.03;861
USDRUBF;30;20241226;203000;101.02;101.08;100.98;101.01;274
USDRUBF;30;20241226;210000;100.99;101.08;100.99;101.03;180
USDRUBF;30;20241226;213000;101.02;101.13;101.02;101.13;217
USDRUBF;30;20241226;220000;101.13;101.15;101.01;101.04;401
USDRUBF;30;20241226;223000;101.04;101.1;100.98;101.07;526
USDRUBF;30;20241226;230000;101.05;101.07;100.76;100.76;941
USDRUBF;30;20241226;233000;100.75;100.93;100.73;100.87;414
USDRUBF;30;20241227;100000;100.95;101.29;100.86;101.04;10237
USDRUBF;30;20241227;103000;101.05;101.33;100.98;101.28;5438
USDRUBF;30;20241227;110000;101.29;101.56;101.18;101.51;7158
USDRUBF;30;20241227;113000;101.51;101.84;101.33;101.35;6749
USDRUBF;30;20241227;120000;101.34;101.9;101.29;101.85;12437
USDRUBF;30;20241227;123000;101.84;102.62;101.81;102.31;17433
USDRUBF;30;20241227;130000;102.3;102.3;102.08;102.24;7726
USDRUBF;30;20241227;133000;102.28;102.43;102.16;102.24;6501
USDRUBF;30;20241227;140000;102.25;102.39;102.22;102.38;3921
USDRUBF;30;20241227;143000;102.35;102.85;102.3;102.65;11601
USDRUBF;30;20241227;150000;102.67;103.24;102.56;102.56;13229
USDRUBF;30;20241227;153000;102.55;102.73;102.26;102.32;5874
USDRUBF;30;20241227;160000;102.35;102.51;102.02;102.04;8611
USDRUBF;30;20241227;163000;102.07;102.63;101.88;102.3;7246
USDRUBF;30;20241227;170000;102.29;102.34;102.01;102.08;4070
USDRUBF;30;20241227;173000;102.02;102.06;101.32;101.53;11658
USDRUBF;30;20241227;180000;101.52;101.76;101.45;101.65;3705
USDRUBF;30;20241227;183000;101.65;101.83;101.6;101.75;1743
USDRUBF;30;20241227;190000;101.81;101.86;101.65;101.8;1273
USDRUBF;30;20241227;193000;101.76;101.94;101.7;101.87;1429
USDRUBF;30;20241227;200000;101.92;102.08;101.78;101.93;1440
USDRUBF;30;20241227;203000;101.92;101.97;101.83;101.87;575
USDRUBF;30;20241227;210000;101.84;101.86;101.7;101.74;459
USDRUBF;30;20241227;213000;101.73;101.86;101.7;101.85;330
USDRUBF;30;20241227;220000;101.83;101.83;101.7;101.74;512
USDRUBF;30;20241227;223000;101.74;101.83;101.59;101.61;1917
USDRUBF;30;20241227;230000;101.62;101.78;101.61;101.76;349
USDRUBF;30;20241227;233000;101.77;101.84;101.73;101.78;144
USDRUBF;30;20241228;100000;101.84;102.35;101.84;102.22;2554
USDRUBF;30;20241228;103000;102.18;102.29;101.88;102.26;2476
USDRUBF;30;20241228;110000;102.26;102.34;101.9;101.95;2766
USDRUBF;30;20241228;113000;101.92;102;101.61;101.79;4730
USDRUBF;30;20241228;120000;101.79;101.9;101.71;101.79;1447
USDRUBF;30;20241228;123000;101.74;101.75;101.5;101.7;1737
USDRUBF;30;20241228;130000;101.68;101.77;101.57;101.66;1462
USDRUBF;30;20241228;133000;101.66;101.87;101.55;101.84;3281
USDRUBF;30;20241228;140000;101.81;101.96;101.77;101.93;2388
USDRUBF;30;20241228;143000;101.94;102.23;101.87;102.15;4645
USDRUBF;30;20241228;150000;102.2;102.27;102.08;102.24;4249
USDRUBF;30;20241228;153000;102.22;102.27;102.16;102.18;4035
USDRUBF;30;20241228;160000;102.18;102.2;101.88;102.01;3596
USDRUBF;30;20241228;163000;102;102.12;101.85;101.95;1673
USDRUBF;30;20241228;170000;101.98;101.98;101.77;101.83;2044
USDRUBF;30;20241228;173000;101.79;102.07;101.77;101.83;3225
USDRUBF;30;20241228;180000;101.84;102.05;101.84;102.03;2595
USDRUBF;30;20241228;183000;102.03;102.15;102.03;102.09;1434
USDRUBF;30;20241228;190000;102.1;102.17;102.03;102.09;594
USDRUBF;30;20241228;193000;102.08;102.15;102.07;102.07;599
USDRUBF;30;20241228;200000;102.1;102.1;102.01;102.03;102
USDRUBF;30;20241228;203000;102.06;102.06;101.98;102.04;282
USDRUBF;30;20241228;210000;102.01;102.12;102.01;102.09;230
USDRUBF;30;20241228;213000;102.11;102.17;102.04;102.11;333
USDRUBF;30;20241228;220000;102.1;102.12;102.02;102.08;105
USDRUBF;30;20241228;223000;102.06;102.14;102.06;102.14;65
USDRUBF;30;20241228;230000;102.14;102.18;102.1;102.1;272
USDRUBF;30;20241228;233000;102.13;102.18;102.11;102.15;104
USDRUBF;30;20241230;100000;102.05;102.33;101.83;101.94;6029
USDRUBF;30;20241230;103000;101.93;102.12;101.77;102.03;3153
USDRUBF;30;20241230;110000;102.02;102.3;101.9;102.21;3298
USDRUBF;30;20241230;113000;102.22;102.98;102.22;102.84;4564
USDRUBF;30;20241230;120000;102.85;103.08;102.82;103.04;4386
USDRUBF;30;20241230;123000;103.02;103.12;102.86;102.98;2676
USDRUBF;30;20241230;130000;102.99;103.5;102.98;103.24;3740
USDRUBF;30;20241230;133000;103.24;103.55;102.98;103.2;2976
USDRUBF;30;20241230;140000;103.16;103.38;103.04;103.04;1365
USDRUBF;30;20241230;143000;103.02;103.15;102.72;103.05;2913
USDRUBF;30;20241230;150000;103.04;103.16;102.82;103.06;1153
USDRUBF;30;20241230;153000;103.05;103.23;102.94;103;1312
USDRUBF;30;20241230;160000;103.08;103.2;102.89;102.99;762
USDRUBF;30;20241230;163000;103.01;103.17;102.91;103.14;1162
USDRUBF;30;20241230;170000;103.17;103.17;102.85;103.02;1161
USDRUBF;30;20241230;173000;102.99;103.1;102.97;103.06;918
USDRUBF;30;20241230;180000;103.05;103.11;102.94;103.05;1213
USDRUBF;30;20241230;183000;103.05;103.07;102.93;102.97;1032
USDRUBF;30;20241230;190000;103;103.14;102.9;103.04;957
USDRUBF;30;20241230;193000;103.05;103.11;103.03;103.08;382
USDRUBF;30;20241230;200000;103.09;103.09;103.01;103.07;361
USDRUBF;30;20241230;203000;103.06;103.11;103.03;103.1;600
USDRUBF;30;20241230;210000;103.09;103.13;103.06;103.12;222
USDRUBF;30;20241230;213000;103.12;103.14;103.06;103.11;192
USDRUBF;30;20241230;220000;103.12;103.13;103.07;103.09;223
USDRUBF;30;20241230;223000;103.09;103.13;103.05;103.11;241
USDRUBF;30;20241230;230000;103.12;103.12;103.01;103.08;238
USDRUBF;30;20241230;233000;103.09;103.13;103.03;103.13;282
