<TICKER>;<PER>;<DATE>;<TIME>;<OPEN>;<HIGH>;<LOW>;<CLOSE>;<VOL>
USDRUBF;30;20230901;090000;96.06;96.27;96.06;96.21;1805
USDRUBF;30;20230901;093000;96.23;96.27;96.18;96.21;1552
USDRUBF;30;20230901;100000;96.22;96.35;96.05;96.08;2391
USDRUBF;30;20230901;103000;96.06;96.18;95.97;96.12;2122
USDRUBF;30;20230901;110000;96.1;96.22;96.08;96.18;1606
USDRUBF;30;20230901;113000;96.15;96.19;96.1;96.19;663
USDRUBF;30;20230901;120000;96.16;96.24;96.15;96.16;951
USDRUBF;30;20230901;123000;96.18;96.39;96.13;96.38;3788
USDRUBF;30;20230901;130000;96.38;96.61;96.37;96.53;6066
USDRUBF;30;20230901;133000;96.54;96.6;96.15;96.39;4943
USDRUBF;30;20230901;140000;96.47;96.72;96.34;96.38;4398
USDRUBF;30;20230901;143000;96.36;96.39;96.18;96.34;3063
USDRUBF;30;20230901;150000;96.35;96.4;96.12;96.36;2560
USDRUBF;30;20230901;153000;96.36;96.41;96.11;96.27;850
USDRUBF;30;20230901;160000;96.26;96.29;96.09;96.12;1313
USDRUBF;30;20230901;163000;96.14;96.16;95.73;95.73;4262
USDRUBF;30;20230901;170000;95.74;95.95;95.73;95.89;4759
USDRUBF;30;20230901;173000;95.89;96.07;95.85;96.01;3412
USDRUBF;30;20230901;180000;96.02;96.4;96.02;96.39;1970
USDRUBF;30;20230901;183000;96.4;96.44;96.35;96.4;772
USDRUBF;30;20230901;190000;96.34;96.4;96.31;96.31;231
USDRUBF;30;20230901;193000;96.31;96.35;96.31;96.34;75
USDRUBF;30;20230901;200000;96.33;96.35;96.32;96.35;100
USDRUBF;30;20230901;203000;96.35;96.36;96.34;96.36;24
USDRUBF;30;20230901;210000;96.35;96.4;96.35;96.35;277
USDRUBF;30;20230901;213000;96.35;96.35;96.32;96.33;53
USDRUBF;30;20230901;220000;96.32;96.33;96.32;96.32;153
USDRUBF;30;20230901;223000;96.33;96.34;96.32;96.34;85
USDRUBF;30;20230901;230000;96.33;96.34;96.3;96.3;71
USDRUBF;30;20230901;233000;96.34;96.34;96.28;96.28;51
USDRUBF;30;20230904;090000;96.27;96.45;96.26;96.43;1134
USDRUBF;30;20230904;093000;96.43;96.45;96.34;96.35;484
USDRUBF;30;20230904;100000;96.35;96.48;96.26;96.32;1623
USDRUBF;30;20230904;103000;96.34;96.5;96.34;96.5;1573
USDRUBF;30;20230904;110000;96.48;96.55;96.46;96.53;1144
USDRUBF;30;20230904;113000;96.55;96.64;96.47;96.51;1174
USDRUBF;30;20230904;120000;96.51;96.58;96.48;96.54;484
USDRUBF;30;20230904;123000;96.53;96.61;96.51;96.61;1379
USDRUBF;30;20230904;130000;96.61;96.67;96.58;96.62;1416
USDRUBF;30;20230904;133000;96.65;96.68;96.58;96.62;1903
USDRUBF;30;20230904;140000;96.66;96.71;96.61;96.7;623
USDRUBF;30;20230904;143000;96.67;96.8;96.63;96.75;923
USDRUBF;30;20230904;150000;96.77;96.9;96.71;96.8;2896
USDRUBF;30;20230904;153000;96.83;96.91;96.71;96.83;915
USDRUBF;30;20230904;160000;96.86;96.87;96.71;96.73;521
USDRUBF;30;20230904;163000;96.72;96.84;96.67;96.69;756
USDRUBF;30;20230904;170000;96.68;96.7;96.59;96.67;1510
USDRUBF;30;20230904;173000;96.66;96.78;96.59;96.75;1205
USDRUBF;30;20230904;180000;96.73;96.83;96.67;96.77;1205
USDRUBF;30;20230904;183000;96.79;96.79;96.68;96.76;540
USDRUBF;30;20230904;190000;96.78;96.8;96.76;96.78;31
USDRUBF;30;20230904;193000;96.77;96.89;96.76;96.88;113
USDRUBF;30;20230904;200000;96.9;96.91;96.86;96.88;266
USDRUBF;30;20230904;203000;96.88;96.9;96.86;96.87;88
USDRUBF;30;20230904;210000;96.89;96.95;96.83;96.94;79
USDRUBF;30;20230904;213000;96.91;96.94;96.87;96.93;58
USDRUBF;30;20230904;220000;96.89;96.9;96.84;96.84;63
USDRUBF;30;20230904;223000;96.83;96.94;96.81;96.94;210
USDRUBF;30;20230904;230000;96.91;96.97;96.89;96.93;226
USDRUBF;30;20230904;233000;96.93;96.97;96.89;96.93;68
USDRUBF;30;20230905;090000;97.01;97.25;97.01;97.21;1918
USDRUBF;30;20230905;093000;97.22;97.27;97.19;97.25;839
USDRUBF;30;20230905;100000;97.25;97.41;97.2;97.37;3025
USDRUBF;30;20230905;103000;97.38;97.59;97.37;97.55;3290
USDRUBF;30;20230905;110000;97.58;97.62;97.52;97.52;4073
USDRUBF;30;20230905;113000;97.53;97.58;97.46;97.52;2105
USDRUBF;30;20230905;120000;97.53;97.55;97.41;97.42;1438
USDRUBF;30;20230905;123000;97.42;97.59;97.37;97.57;967
USDRUBF;30;20230905;130000;97.58;97.64;97.27;97.44;2216
USDRUBF;30;20230905;133000;97.43;97.55;97.43;97.5;999
USDRUBF;30;20230905;140000;97.52;97.6;97.46;97.5;903
USDRUBF;30;20230905;143000;97.5;97.52;97.38;97.41;853
USDRUBF;30;20230905;150000;97.42;97.59;97.39;97.54;665
USDRUBF;30;20230905;153000;97.56;97.77;97.52;97.55;2645
USDRUBF;30;20230905;160000;97.55;97.69;97.52;97.69;1769
USDRUBF;30;20230905;163000;97.67;97.69;97.63;97.69;4875
USDRUBF;30;20230905;170000;97.69;97.78;97.68;97.69;1521
USDRUBF;30;20230905;173000;97.7;97.84;97.63;97.76;873
USDRUBF;30;20230905;180000;97.79;97.83;97.72;97.77;910
USDRUBF;30;20230905;183000;97.78;97.85;97.77;97.85;971
USDRUBF;30;20230905;190000;97.85;97.92;97.83;97.9;411
USDRUBF;30;20230905;193000;97.9;97.92;97.88;97.88;335
USDRUBF;30;20230905;200000;97.88;97.92;97.86;97.92;202
USDRUBF;30;20230905;203000;97.9;97.98;97.9;97.94;132
USDRUBF;30;20230905;210000;97.95;98;97.95;97.96;266
USDRUBF;30;20230905;213000;97.96;97.96;97.9;97.95;69
USDRUBF;30;20230905;220000;97.92;97.97;97.9;97.9;288
USDRUBF;30;20230905;223000;97.9;97.91;97.89;97.91;175
USDRUBF;30;20230905;230000;97.93;97.98;97.91;97.98;140
USDRUBF;30;20230905;233000;97.95;97.99;97.94;97.96;130
USDRUBF;30;20230906;090000;97.89;97.94;97.61;97.75;1997
USDRUBF;30;20230906;093000;97.76;97.76;97.26;97.52;14826
USDRUBF;30;20230906;100000;97.52;97.83;97.47;97.72;8881
USDRUBF;30;20230906;103000;97.72;97.88;97.57;97.69;2677
USDRUBF;30;20230906;110000;97.71;97.72;97.58;97.68;2775
USDRUBF;30;20230906;113000;97.69;97.86;97.67;97.85;2982
USDRUBF;30;20230906;120000;97.85;98.11;97.81;98.01;4025
USDRUBF;30;20230906;123000;98.02;98.05;97.76;97.78;7266
USDRUBF;30;20230906;130000;97.77;97.94;97.77;97.93;3845
USDRUBF;30;20230906;133000;97.94;97.96;97.9;97.92;2892
USDRUBF;30;20230906;140000;97.94;97.94;97.86;97.89;902
USDRUBF;30;20230906;143000;97.89;97.94;97.66;97.66;5866
USDRUBF;30;20230906;150000;97.68;97.83;97.67;97.82;1319
USDRUBF;30;20230906;153000;97.82;97.9;97.79;97.84;949
USDRUBF;30;20230906;160000;97.84;97.93;97.82;97.91;761
USDRUBF;30;20230906;163000;97.9;97.9;97.82;97.88;2133
USDRUBF;30;20230906;170000;97.9;98.1;97.84;98.06;2246
USDRUBF;30;20230906;173000;98.08;98.23;97.97;98.19;1962
USDRUBF;30;20230906;180000;98.22;98.38;98.14;98.32;5197
USDRUBF;30;20230906;183000;98.32;98.45;98.21;98.45;2882
USDRUBF;30;20230906;190000;98.44;98.44;98.25;98.26;565
USDRUBF;30;20230906;193000;98.25;98.35;98.25;98.26;69
USDRUBF;30;20230906;200000;98.28;98.31;98.25;98.29;157
USDRUBF;30;20230906;203000;98.3;98.3;98.24;98.25;143
USDRUBF;30;20230906;210000;98.24;98.24;98.05;98.19;523
USDRUBF;30;20230906;213000;98.16;98.26;98.16;98.26;63
USDRUBF;30;20230906;220000;98.26;98.27;98.23;98.23;53
USDRUBF;30;20230906;223000;98.25;98.25;98.21;98.24;62
USDRUBF;30;20230906;230000;98.24;98.27;98.24;98.24;22
USDRUBF;30;20230906;233000;98.25;98.27;98.1;98.24;143
USDRUBF;30;20230907;090000;98.3;98.3;98.11;98.18;1013
USDRUBF;30;20230907;093000;98.18;98.29;98.14;98.24;754
USDRUBF;30;20230907;100000;98.21;98.3;98.15;98.23;1035
USDRUBF;30;20230907;103000;98.24;98.5;98.21;98.45;4604
USDRUBF;30;20230907;110000;98.44;98.47;98.26;98.29;2098
USDRUBF;30;20230907;113000;98.29;98.42;98.29;98.37;697
USDRUBF;30;20230907;120000;98.38;98.48;98.32;98.44;1835
USDRUBF;30;20230907;123000;98.45;98.58;98.4;98.5;5760
USDRUBF;30;20230907;130000;98.49;98.49;98.24;98.29;3764
USDRUBF;30;20230907;133000;98.3;98.38;98.25;98.36;2264
USDRUBF;30;20230907;140000;98.36;98.36;97.13;97.84;15182
USDRUBF;30;20230907;143000;97.82;98.05;97.8;98.01;4670
USDRUBF;30;20230907;150000;97.98;98.24;97.88;98.21;5504
USDRUBF;30;20230907;153000;98.24;98.3;97.76;97.78;5513
USDRUBF;30;20230907;160000;97.77;98.09;97.54;97.91;7887
USDRUBF;30;20230907;163000;97.92;98.23;97.91;98.15;4651
USDRUBF;30;20230907;170000;98.15;98.27;98.15;98.23;1777
USDRUBF;30;20230907;173000;98.23;98.35;98.21;98.27;1946
USDRUBF;30;20230907;180000;98.28;98.46;98.28;98.36;2662
USDRUBF;30;20230907;183000;98.35;98.45;98.32;98.39;662
USDRUBF;30;20230907;190000;98.31;98.41;98.22;98.34;246
USDRUBF;30;20230907;193000;98.34;98.35;98.32;98.33;180
USDRUBF;30;20230907;200000;98.33;98.35;98.32;98.33;74
USDRUBF;30;20230907;203000;98.35;98.37;98.32;98.33;80
USDRUBF;30;20230907;210000;98.33;98.35;98.33;98.34;37
USDRUBF;30;20230907;213000;98.35;98.37;98.33;98.35;203
USDRUBF;30;20230907;220000;98.35;98.37;98.33;98.33;141
USDRUBF;30;20230907;223000;98.33;98.38;98.33;98.38;145
USDRUBF;30;20230907;230000;98.34;98.34;98.32;98.34;80
USDRUBF;30;20230907;233000;98.32;98.35;98.32;98.32;409
USDRUBF;30;20230908;090000;98.35;98.4;98.22;98.36;1312
USDRUBF;30;20230908;093000;98.38;98.4;98.29;98.35;707
USDRUBF;30;20230908;100000;98.36;98.37;98.16;98.16;1995
USDRUBF;30;20230908;103000;98.16;98.2;97.78;97.85;4998
USDRUBF;30;20230908;110000;97.84;97.91;97.69;97.72;3591
USDRUBF;30;20230908;113000;97.73;97.74;97.51;97.66;5158
USDRUBF;30;20230908;120000;97.67;97.99;97.63;97.68;6067
USDRUBF;30;20230908;123000;97.66;97.83;97.59;97.65;2184
USDRUBF;30;20230908;130000;97.64;97.88;97.64;97.82;2191
USDRUBF;30;20230908;133000;97.82;97.87;97.7;97.82;1017
USDRUBF;30;20230908;140000;97.82;97.95;97.79;97.92;612
USDRUBF;30;20230908;143000;97.93;98.02;97.89;97.94;1389
USDRUBF;30;20230908;150000;97.97;97.99;97.89;97.94;1478
USDRUBF;30;20230908;153000;97.94;98.07;97.94;98.03;1544
USDRUBF;30;20230908;160000;98.02;98.11;97.91;97.96;4482
USDRUBF;30;20230908;163000;97.96;98;97.79;97.79;1464
USDRUBF;30;20230908;170000;97.79;97.94;97.72;97.93;1406
USDRUBF;30;20230908;173000;97.92;97.94;97.79;97.88;880
USDRUBF;30;20230908;180000;97.89;97.9;97.62;97.74;2072
USDRUBF;30;20230908;183000;97.75;97.82;97.73;97.79;443
USDRUBF;30;20230908;190000;97.72;97.76;97.69;97.69;119
USDRUBF;30;20230908;193000;97.7;97.7;97.65;97.68;442
USDRUBF;30;20230908;200000;97.67;97.69;97.65;97.69;71
USDRUBF;30;20230908;203000;97.7;97.74;97.68;97.69;121
USDRUBF;30;20230908;210000;97.72;97.79;97.72;97.77;83
USDRUBF;30;20230908;213000;97.77;97.77;97.74;97.74;53
USDRUBF;30;20230908;220000;97.74;97.77;97.73;97.76;213
USDRUBF;30;20230908;223000;97.75;97.77;97.69;97.72;65
USDRUBF;30;20230908;230000;97.71;97.71;97.68;97.7;125
USDRUBF;30;20230908;233000;97.68;97.68;97.65;97.65;98
USDRUBF;30;20230911;090000;97.37;97.37;96.48;96.67;7479
USDRUBF;30;20230911;093000;96.67;96.76;96.53;96.67;3790
USDRUBF;30;20230911;100000;96.64;96.86;96.54;96.78;3230
USDRUBF;30;20230911;103000;96.77;96.84;96.7;96.79;2580
USDRUBF;30;20230911;110000;96.76;96.84;96.22;96.31;9170
USDRUBF;30;20230911;113000;96.29;96.35;96.07;96.24;6083
USDRUBF;30;20230911;120000;96.22;96.46;96.22;96.38;4042
USDRUBF;30;20230911;123000;96.38;96.51;96.24;96.25;1297
USDRUBF;30;20230911;130000;96.25;96.36;96.2;96.22;1450
USDRUBF;30;20230911;133000;96.22;96.42;96.15;96.42;1459
USDRUBF;30;20230911;140000;96.42;96.45;96.12;96.2;3108
USDRUBF;30;20230911;143000;96.19;96.34;96.18;96.28;1857
USDRUBF;30;20230911;150000;96.27;96.29;96.06;96.19;2849
USDRUBF;30;20230911;153000;96.19;96.34;96.13;96.19;1368
USDRUBF;30;20230911;160000;96.15;96.15;95.76;95.8;4660
USDRUBF;30;20230911;163000;95.79;95.8;95.4;95.66;5178
USDRUBF;30;20230911;170000;95.66;95.66;95.44;95.59;1624
USDRUBF;30;20230911;173000;95.59;95.64;95.3;95.38;1934
USDRUBF;30;20230911;180000;95.37;95.41;95.19;95.21;4024
USDRUBF;30;20230911;183000;95.23;95.25;95.08;95.08;2431
USDRUBF;30;20230911;190000;95.12;95.13;95;95.05;810
USDRUBF;30;20230911;193000;95.01;95.01;94.86;94.9;565
USDRUBF;30;20230911;200000;94.9;94.99;94.9;94.93;231
USDRUBF;30;20230911;203000;94.95;94.97;94.91;94.94;180
USDRUBF;30;20230911;210000;94.93;94.93;94.83;94.86;1034
USDRUBF;30;20230911;213000;94.86;94.93;94.85;94.93;312
USDRUBF;30;20230911;220000;94.93;94.98;94.81;94.81;607
USDRUBF;30;20230911;223000;94.81;94.83;94.6;94.81;634
USDRUBF;30;20230911;230000;94.82;94.85;94.67;94.82;328
USDRUBF;30;20230911;233000;94.82;94.82;94.65;94.79;230
USDRUBF;30;20230912;090000;94.08;94.36;93.82;94.19;5454
USDRUBF;30;20230912;093000;94.19;94.27;93.71;93.95;4588
USDRUBF;30;20230912;100000;93.95;94.59;93.92;94.38;8709
USDRUBF;30;20230912;103000;94.37;94.89;94.36;94.84;7125
USDRUBF;30;20230912;110000;94.83;95;94.79;94.95;5263
USDRUBF;30;20230912;113000;94.95;95;94.84;94.91;2275
USDRUBF;30;20230912;120000;94.92;95.16;94.8;94.84;4449
USDRUBF;30;20230912;123000;94.85;94.88;94.56;94.62;3646
USDRUBF;30;20230912;130000;94.61;94.73;94.59;94.66;3103
USDRUBF;30;20230912;133000;94.67;94.8;94.52;94.66;1600
USDRUBF;30;20230912;140000;94.64;94.75;94.61;94.67;1301
USDRUBF;30;20230912;143000;94.67;94.73;94.29;94.31;2359
USDRUBF;30;20230912;150000;94.29;94.29;94.05;94.1;3121
USDRUBF;30;20230912;153000;94.1;94.47;94.05;94.33;2974
USDRUBF;30;20230912;160000;94.33;94.72;94.32;94.66;3131
USDRUBF;30;20230912;163000;94.67;94.95;94.61;94.95;2933
USDRUBF;30;20230912;170000;94.95;95;94.84;94.92;2509
USDRUBF;30;20230912;173000;94.95;95.06;94.91;94.98;2364
USDRUBF;30;20230912;180000;94.98;95.05;94.72;94.74;1324
USDRUBF;30;20230912;183000;94.73;95;94.62;94.93;986
USDRUBF;30;20230912;190000;94.92;95.02;94.9;94.99;374
USDRUBF;30;20230912;193000;94.99;95.11;94.99;95.11;373
USDRUBF;30;20230912;200000;95.09;95.35;95.07;95.32;1053
USDRUBF;30;20230912;203000;95.32;95.36;95.19;95.24;442
USDRUBF;30;20230912;210000;95.24;95.34;95.23;95.27;169
USDRUBF;30;20230912;213000;95.28;95.31;95.15;95.15;155
USDRUBF;30;20230912;220000;95.16;95.17;95.12;95.17;85
USDRUBF;30;20230912;223000;95.13;95.2;95.11;95.16;103
USDRUBF;30;20230912;230000;95.13;95.15;95.04;95.04;495
USDRUBF;30;20230912;233000;95.03;95.08;95.03;95.06;254
USDRUBF;30;20230913;133000;95.09;96.22;95.09;95.6;7521
USDRUBF;30;20230913;140000;95.61;95.98;95.59;95.96;7550
USDRUBF;30;20230913;143000;95.96;96.04;95.89;96.03;7922
USDRUBF;30;20230913;150000;96.03;96.55;96.03;96.35;4170
USDRUBF;30;20230913;153000;96.35;96.42;95.95;96.21;6870
USDRUBF;30;20230913;160000;96.21;96.48;96.17;96.36;3693
USDRUBF;30;20230913;163000;96.36;96.39;96.21;96.33;1822
USDRUBF;30;20230913;170000;96.32;96.53;96.25;96.25;2375
USDRUBF;30;20230913;173000;96.25;96.34;96.17;96.23;1883
USDRUBF;30;20230913;180000;96.24;96.25;95.73;96.03;2312
USDRUBF;30;20230913;183000;96.04;96.18;95.98;96.17;1256
USDRUBF;30;20230913;190000;96.19;96.23;96;96.04;228
USDRUBF;30;20230913;193000;96.03;96.12;96.02;96.1;195
USDRUBF;30;20230913;200000;96.08;96.09;96.01;96.07;128
USDRUBF;30;20230913;203000;96.08;96.11;96.07;96.09;86
USDRUBF;30;20230913;210000;96.1;96.21;96.1;96.19;436
USDRUBF;30;20230913;213000;96.19;96.23;96;96.2;301
USDRUBF;30;20230913;220000;96.23;96.25;96.17;96.19;80
USDRUBF;30;20230913;223000;96.19;96.21;96.16;96.17;76
USDRUBF;30;20230913;230000;96.17;96.24;96.17;96.24;31
USDRUBF;30;20230913;233000;96.21;96.4;96.21;96.33;231
USDRUBF;30;20230914;090000;96.37;96.73;96.37;96.57;3649
USDRUBF;30;20230914;093000;96.58;96.59;96.2;96.2;2168
USDRUBF;30;20230914;100000;96.2;96.3;95.75;96.02;6094
USDRUBF;30;20230914;103000;96.04;96.32;95.95;95.98;3800
USDRUBF;30;20230914;110000;95.97;96.08;95.85;96.07;2372
USDRUBF;30;20230914;113000;96.08;96.26;96;96.26;3220
USDRUBF;30;20230914;120000;96.27;96.55;96.2;96.37;4904
USDRUBF;30;20230914;123000;96.37;96.38;96.05;96.07;5714
USDRUBF;30;20230914;130000;96.06;96.23;96.05;96.13;1066
USDRUBF;30;20230914;133000;96.13;96.25;96.09;96.18;1592
USDRUBF;30;20230914;140000;96.19;96.2;95.97;96.08;1162
USDRUBF;30;20230914;143000;96.07;96.08;95.93;96.02;902
USDRUBF;30;20230914;150000;96;96;95.58;95.69;5431
USDRUBF;30;20230914;153000;95.72;96.11;95.71;96.05;4469
USDRUBF;30;20230914;160000;96.05;96.43;95.99;96.36;10570
USDRUBF;30;20230914;163000;96.38;96.47;95.99;96.42;6372
USDRUBF;30;20230914;170000;96.43;96.7;96.42;96.58;8310
USDRUBF;30;20230914;173000;96.54;96.6;96.23;96.26;16741
USDRUBF;30;20230914;180000;96.27;96.84;96.27;96.76;8660
USDRUBF;30;20230914;183000;96.77;96.91;96.72;96.9;6217
USDRUBF;30;20230914;190000;96.85;97.19;96.78;96.86;2350
USDRUBF;30;20230914;193000;96.87;96.88;96.73;96.73;642
USDRUBF;30;20230914;200000;96.72;96.83;96.69;96.72;429
USDRUBF;30;20230914;203000;96.72;96.72;96.63;96.65;277
USDRUBF;30;20230914;210000;96.66;96.71;96.61;96.68;266
USDRUBF;30;20230914;213000;96.67;96.69;96.53;96.56;509
USDRUBF;30;20230914;220000;96.56;96.71;96.55;96.69;369
USDRUBF;30;20230914;223000;96.66;96.77;96.66;96.72;283
USDRUBF;30;20230914;230000;96.71;96.72;96.66;96.68;169
USDRUBF;30;20230914;233000;96.67;96.75;96.66;96.72;105
USDRUBF;30;20230915;090000;96.78;96.91;96.57;96.8;2974
USDRUBF;30;20230915;093000;96.8;96.81;96.63;96.73;785
USDRUBF;30;20230915;100000;96.71;96.81;96.44;96.49;3876
USDRUBF;30;20230915;103000;96.51;96.59;96.35;96.36;2876
USDRUBF;30;20230915;110000;96.33;96.47;96.25;96.42;2175
USDRUBF;30;20230915;113000;96.41;96.52;96.29;96.35;3101
USDRUBF;30;20230915;120000;96.33;96.58;96.32;96.55;3268
USDRUBF;30;20230915;123000;96.55;96.55;96.35;96.39;2870
USDRUBF;30;20230915;130000;96.4;96.47;95.98;96.12;4381
USDRUBF;30;20230915;133000;96.11;96.68;96.08;96.45;15316
USDRUBF;30;20230915;140000;96.47;96.65;96.43;96.62;8076
USDRUBF;30;20230915;143000;96.62;97.17;96.6;97.12;6473
USDRUBF;30;20230915;150000;97.14;97.17;96.71;96.72;3969
USDRUBF;30;20230915;153000;96.71;96.81;96.49;96.58;3329
USDRUBF;30;20230915;160000;96.58;96.83;96.56;96.74;2345
USDRUBF;30;20230915;163000;96.72;96.98;96.68;96.96;2374
USDRUBF;30;20230915;170000;96.97;96.97;96.61;96.75;1704
USDRUBF;30;20230915;173000;96.79;96.8;96.35;96.43;2020
USDRUBF;30;20230915;180000;96.42;96.55;96.2;96.39;7280
USDRUBF;30;20230915;183000;96.39;96.52;96.32;96.39;795
USDRUBF;30;20230915;190000;96.53;96.53;96.38;96.43;412
USDRUBF;30;20230915;193000;96.42;96.52;96.41;96.44;211
USDRUBF;30;20230915;200000;96.42;96.54;96.42;96.54;225
USDRUBF;30;20230915;203000;96.54;96.55;96.46;96.46;95
USDRUBF;30;20230915;210000;96.44;96.49;96.44;96.47;92
USDRUBF;30;20230915;213000;96.45;96.52;96.44;96.5;237
USDRUBF;30;20230915;220000;96.52;96.63;96.49;96.49;499
USDRUBF;30;20230915;223000;96.52;96.57;96.5;96.57;89
USDRUBF;30;20230915;230000;96.53;96.55;96.49;96.5;73
USDRUBF;30;20230915;233000;96.54;96.59;96.45;96.51;48
USDRUBF;30;20230918;090000;96.58;96.88;96.56;96.7;2399
USDRUBF;30;20230918;093000;96.7;96.8;96.61;96.77;635
USDRUBF;30;20230918;100000;96.79;97.06;96.51;97.01;3522
USDRUBF;30;20230918;103000;97.02;97.05;96.65;96.77;2685
USDRUBF;30;20230918;110000;96.76;96.87;96.75;96.81;1440
USDRUBF;30;20230918;113000;96.78;96.8;96.59;96.6;2299
USDRUBF;30;20230918;120000;96.62;96.64;96.44;96.48;2814
USDRUBF;30;20230918;123000;96.47;96.53;96.29;96.3;1527
USDRUBF;30;20230918;130000;96.3;96.42;96.11;96.42;4065
USDRUBF;30;20230918;133000;96.43;96.5;96.34;96.5;1228
USDRUBF;30;20230918;140000;96.5;96.55;96.48;96.49;630
USDRUBF;30;20230918;143000;96.49;96.54;96.36;96.52;764
USDRUBF;30;20230918;150000;96.52;96.52;96.39;96.43;600
USDRUBF;30;20230918;153000;96.45;96.59;96.39;96.55;1087
USDRUBF;30;20230918;160000;96.56;96.68;96.46;96.58;1715
USDRUBF;30;20230918;163000;96.58;96.69;96.42;96.59;1414
USDRUBF;30;20230918;170000;96.6;96.67;96.54;96.56;788
USDRUBF;30;20230918;173000;96.56;96.6;96.32;96.37;999
USDRUBF;30;20230918;180000;96.36;96.41;96.29;96.4;1008
USDRUBF;30;20230918;183000;96.4;96.47;96.33;96.35;518
USDRUBF;30;20230918;190000;96.37;96.39;96.31;96.36;219
USDRUBF;30;20230918;193000;96.36;96.43;96.31;96.37;306
USDRUBF;30;20230918;200000;96.37;96.41;96.28;96.31;354
USDRUBF;30;20230918;203000;96.31;96.35;96.29;96.3;108
USDRUBF;30;20230918;210000;96.35;96.39;96.33;96.35;117
USDRUBF;30;20230918;213000;96.35;96.39;96.35;96.38;35
USDRUBF;30;20230918;220000;96.38;96.38;96.28;96.28;108
USDRUBF;30;20230918;223000;96.28;96.28;96.2;96.23;225
USDRUBF;30;20230918;230000;96.25;96.25;96.2;96.2;140
USDRUBF;30;20230918;233000;96.21;96.21;96.16;96.16;139
USDRUBF;30;20230919;090000;96.21;96.5;96.21;96.33;1589
USDRUBF;30;20230919;093000;96.32;96.32;95.94;95.95;4224
USDRUBF;30;20230919;100000;95.95;96.12;95.8;96.08;4671
USDRUBF;30;20230919;103000;96.1;96.11;96.01;96.05;1970
USDRUBF;30;20230919;110000;96.07;96.17;96.07;96.16;2148
USDRUBF;30;20230919;113000;96.15;96.27;96.07;96.12;982
USDRUBF;30;20230919;120000;96.13;96.27;96.07;96.25;1272
USDRUBF;30;20230919;123000;96.25;96.26;96.04;96.18;2232
USDRUBF;30;20230919;130000;96.19;96.27;96.12;96.25;1812
USDRUBF;30;20230919;133000;96.23;96.23;96.1;96.22;6415
USDRUBF;30;20230919;140000;96.22;96.34;96.11;96.17;1959
USDRUBF;30;20230919;143000;96.15;96.22;96.11;96.14;867
USDRUBF;30;20230919;150000;96.15;96.21;96.07;96.08;1529
USDRUBF;30;20230919;153000;96.07;96.26;96.04;96.25;1736
USDRUBF;30;20230919;160000;96.24;96.27;96.17;96.17;876
USDRUBF;30;20230919;163000;96.18;96.24;96.1;96.12;715
USDRUBF;30;20230919;170000;96.12;96.19;96.05;96.16;2516
USDRUBF;30;20230919;173000;96.17;96.25;96.16;96.17;686
USDRUBF;30;20230919;180000;96.18;96.53;96.16;96.48;2313
USDRUBF;30;20230919;183000;96.46;96.8;96.46;96.77;2314
USDRUBF;30;20230919;190000;96.76;97.23;96.71;96.88;1810
USDRUBF;30;20230919;193000;96.88;97.35;96.8;96.8;1834
USDRUBF;30;20230919;200000;96.79;96.87;96.79;96.8;151
USDRUBF;30;20230919;203000;96.8;96.83;96.74;96.81;1121
USDRUBF;30;20230919;210000;96.81;96.83;96.78;96.81;323
USDRUBF;30;20230919;213000;96.8;96.8;96.6;96.63;385
USDRUBF;30;20230919;220000;96.62;96.69;96.6;96.6;318
USDRUBF;30;20230919;223000;96.6;96.68;96.59;96.67;300
USDRUBF;30;20230919;230000;96.66;96.69;96.65;96.69;77
USDRUBF;30;20230919;233000;96.68;96.75;96.65;96.7;167
USDRUBF;30;20230920;090000;96.61;96.62;96.44;96.57;1730
USDRUBF;30;20230920;093000;96.61;96.62;96.46;96.6;1012
USDRUBF;30;20230920;100000;96.58;96.74;96.49;96.59;1921
USDRUBF;30;20230920;103000;96.58;96.65;96.4;96.41;2139
USDRUBF;30;20230920;110000;96.42;96.49;96.35;96.41;1306
USDRUBF;30;20230920;113000;96.39;96.45;96.3;96.44;1587
USDRUBF;30;20230920;120000;96.44;96.61;96.4;96.56;1616
USDRUBF;30;20230920;123000;96.54;96.54;96.44;96.5;590
USDRUBF;30;20230920;130000;96.51;96.52;96.36;96.41;902
USDRUBF;30;20230920;133000;96.39;96.49;96.39;96.48;938
USDRUBF;30;20230920;140000;96.5;96.55;96.46;96.55;1200
USDRUBF;30;20230920;143000;96.53;96.62;96.4;96.44;2383
USDRUBF;30;20230920;150000;96.45;96.51;96.37;96.46;1454
USDRUBF;30;20230920;153000;96.49;96.55;96.47;96.53;705
USDRUBF;30;20230920;160000;96.54;96.56;96.47;96.49;1140
USDRUBF;30;20230920;163000;96.49;96.54;96.43;96.44;1044
USDRUBF;30;20230920;170000;96.44;96.48;96.4;96.47;3444
USDRUBF;30;20230920;173000;96.45;96.46;96.1;96.16;4620
USDRUBF;30;20230920;180000;96.14;96.26;96.04;96.18;2138
USDRUBF;30;20230920;183000;96.19;96.29;96.18;96.28;2086
USDRUBF;30;20230920;190000;96.08;96.2;96.08;96.12;720
USDRUBF;30;20230920;193000;96.12;96.14;95.92;95.92;878
USDRUBF;30;20230920;200000;95.96;96.09;95.92;96.02;517
USDRUBF;30;20230920;203000;95.99;96.07;95.95;96.01;234
USDRUBF;30;20230920;210000;96.06;96.1;96.04;96.07;148
USDRUBF;30;20230920;213000;96.08;96.14;96.02;96.12;359
USDRUBF;30;20230920;220000;96.14;96.16;96.12;96.14;153
USDRUBF;30;20230920;223000;96.14;96.15;96.1;96.12;158
USDRUBF;30;20230920;230000;96.1;96.13;96.07;96.07;105
USDRUBF;30;20230920;233000;96.08;96.1;96.03;96.09;48
USDRUBF;30;20230921;090000;96.12;96.38;96.12;96.15;5341
USDRUBF;30;20230921;093000;96.16;96.26;96.12;96.12;2144
USDRUBF;30;20230921;100000;96.12;96.3;96.03;96.18;4574
USDRUBF;30;20230921;103000;96.19;96.19;96;96.16;4604
USDRUBF;30;20230921;110000;96.14;96.14;96;96.02;2477
USDRUBF;30;20230921;113000;96.02;96.22;96.02;96.17;8516
USDRUBF;30;20230921;120000;96.18;96.29;96.03;96.03;4356
USDRUBF;30;20230921;123000;96.02;96.05;95.85;95.92;4904
USDRUBF;30;20230921;130000;95.92;95.99;95.79;95.87;3453
USDRUBF;30;20230921;133000;95.88;95.91;95.75;95.85;3721
USDRUBF;30;20230921;140000;95.81;95.86;95.67;95.74;3113
USDRUBF;30;20230921;143000;95.74;95.75;95.15;95.35;8605
USDRUBF;30;20230921;150000;95.35;95.78;95.25;95.76;7741
USDRUBF;30;20230921;153000;95.75;95.97;95.6;95.95;9533
USDRUBF;30;20230921;160000;95.95;96.07;95.82;95.88;6967
USDRUBF;30;20230921;163000;95.88;96.16;95.81;95.98;4868
USDRUBF;30;20230921;170000;95.98;96.15;95.95;96.06;3039
USDRUBF;30;20230921;173000;96.07;96.23;95.89;96.19;3187
USDRUBF;30;20230921;180000;96.2;96.23;96.15;96.2;2326
USDRUBF;30;20230921;183000;96.2;96.26;96.15;96.15;2318
USDRUBF;30;20230921;190000;96.15;96.15;95.92;96.02;1116
USDRUBF;30;20230921;193000;96.02;96.04;95.96;96;158
USDRUBF;30;20230921;200000;96.04;96.04;95.92;95.96;157
USDRUBF;30;20230921;203000;95.96;95.96;95.88;95.9;292
USDRUBF;30;20230921;210000;95.89;96.01;95.88;95.99;183
USDRUBF;30;20230921;213000;95.98;95.99;95.88;95.97;159
USDRUBF;30;20230921;220000;95.94;96;95.94;96;70
USDRUBF;30;20230921;223000;96;96.02;95.93;95.93;218
USDRUBF;30;20230921;230000;95.96;95.98;95.91;95.95;399
USDRUBF;30;20230921;233000;95.94;95.97;95.92;95.97;71
USDRUBF;30;20230922;090000;95.97;96.18;95.97;96.12;2262
USDRUBF;30;20230922;093000;96.1;96.1;95.84;95.86;1499
USDRUBF;30;20230922;100000;95.83;96.18;95.8;96.13;3832
USDRUBF;30;20230922;103000;96.13;96.18;95.84;95.89;2695
USDRUBF;30;20230922;110000;95.89;96;95.84;95.93;1130
USDRUBF;30;20230922;113000;95.93;95.94;95.87;95.93;493
USDRUBF;30;20230922;120000;95.93;95.99;95.89;95.92;1459
USDRUBF;30;20230922;123000;95.91;95.99;95.88;95.98;1293
USDRUBF;30;20230922;130000;95.99;96.06;95.97;96.06;1134
USDRUBF;30;20230922;133000;96.05;96.13;96;96.07;3742
USDRUBF;30;20230922;140000;96.08;96.11;96.05;96.08;1893
USDRUBF;30;20230922;143000;96.08;96.08;96;96.07;1162
USDRUBF;30;20230922;150000;96.07;96.09;95.92;95.93;1943
USDRUBF;30;20230922;153000;95.92;96.02;95.88;95.95;1681
USDRUBF;30;20230922;160000;95.96;95.96;95.68;95.88;2594
USDRUBF;30;20230922;163000;95.87;96.03;95.82;95.96;1347
USDRUBF;30;20230922;170000;95.97;96.07;95.95;96.04;2098
USDRUBF;30;20230922;173000;96.05;96.13;95.98;95.98;1220
USDRUBF;30;20230922;180000;95.98;96.05;95.97;96.05;2976
USDRUBF;30;20230922;183000;96.05;96.05;96.01;96.02;1955
USDRUBF;30;20230922;190000;96;96.38;95.68;96.21;943
USDRUBF;30;20230922;193000;96.2;96.26;96.12;96.18;404
USDRUBF;30;20230922;200000;96.17;96.17;96.14;96.17;30
USDRUBF;30;20230922;203000;96.16;96.24;96.14;96.22;79
USDRUBF;30;20230922;210000;96.2;96.2;96.15;96.17;84
USDRUBF;30;20230922;213000;96.2;96.27;96.19;96.26;132
USDRUBF;30;20230922;220000;96.28;96.28;96.2;96.24;31
USDRUBF;30;20230922;223000;96.27;96.3;96.26;96.29;235
USDRUBF;30;20230922;230000;96.3;96.43;96.3;96.38;376
USDRUBF;30;20230922;233000;96.38;96.41;96.29;96.38;843
USDRUBF;30;20230925;090000;96.4;96.48;96.33;96.33;3261
USDRUBF;30;20230925;093000;96.33;96.35;96.18;96.2;6533
USDRUBF;30;20230925;100000;96.18;96.3;96.15;96.19;6511
USDRUBF;30;20230925;103000;96.19;96.2;95.84;95.9;4501
USDRUBF;30;20230925;110000;95.91;96.07;95.83;96.05;3264
USDRUBF;30;20230925;113000;96.05;96.16;96.01;96.16;1940
USDRUBF;30;20230925;120000;96.13;96.26;96.06;96.17;6506
USDRUBF;30;20230925;123000;96.19;96.24;96.03;96.05;5983
USDRUBF;30;20230925;130000;96.02;96.1;96.01;96.01;540
USDRUBF;30;20230925;133000;96.03;96.18;96.02;96.16;1756
USDRUBF;30;20230925;140000;96.16;96.21;96.11;96.18;667
USDRUBF;30;20230925;143000;96.17;96.21;96.11;96.18;3087
USDRUBF;30;20230925;150000;96.18;96.2;96.1;96.11;1058
USDRUBF;30;20230925;153000;96.1;96.2;96.05;96.16;1251
USDRUBF;30;20230925;160000;96.17;96.19;96.1;96.15;1423
USDRUBF;30;20230925;163000;96.15;96.23;96;96.05;3203
USDRUBF;30;20230925;170000;96.08;96.18;96.08;96.17;1233
USDRUBF;30;20230925;173000;96.16;96.26;96.11;96.13;2050
USDRUBF;30;20230925;180000;96.12;96.23;96.05;96.09;1794
USDRUBF;30;20230925;183000;96.1;96.21;96.1;96.2;246
USDRUBF;30;20230925;190000;96.14;96.22;96.11;96.21;209
USDRUBF;30;20230925;193000;96.21;96.21;96.17;96.17;151
USDRUBF;30;20230925;200000;96.16;96.19;96.13;96.18;212
USDRUBF;30;20230925;203000;96.15;96.19;96.15;96.17;31
USDRUBF;30;20230925;210000;96.19;96.21;96.17;96.19;23
USDRUBF;30;20230925;213000;96.19;96.22;96.18;96.18;40
USDRUBF;30;20230925;220000;96.18;96.18;96.17;96.18;18
USDRUBF;30;20230925;223000;96.17;96.17;96.13;96.13;109
USDRUBF;30;20230925;230000;96.14;96.17;96.14;96.17;27
USDRUBF;30;20230925;233000;96.14;96.16;96.13;96.13;8
USDRUBF;30;20230926;090000;96.17;96.19;96;96.04;1021
USDRUBF;30;20230926;093000;96.01;96.09;96.01;96.02;259
USDRUBF;30;20230926;100000;96.02;96.16;95.97;96.14;2041
USDRUBF;30;20230926;103000;96.15;96.25;96.11;96.16;2088
USDRUBF;30;20230926;110000;96.15;96.22;96.1;96.21;899
USDRUBF;30;20230926;113000;96.19;96.37;96.17;96.37;6540
USDRUBF;30;20230926;120000;96.37;96.44;96.28;96.28;4811
USDRUBF;30;20230926;123000;96.3;96.34;96.24;96.3;1138
USDRUBF;30;20230926;130000;96.3;96.3;96.2;96.25;715
USDRUBF;30;20230926;133000;96.24;96.32;96.19;96.19;980
USDRUBF;30;20230926;140000;96.22;96.3;96.19;96.28;1435
USDRUBF;30;20230926;143000;96.28;96.31;96.19;96.2;718
USDRUBF;30;20230926;150000;96.23;96.5;96.17;96.25;10309
USDRUBF;30;20230926;153000;96.26;96.32;96.21;96.32;1000
USDRUBF;30;20230926;160000;96.31;96.31;96.24;96.29;1061
USDRUBF;30;20230926;163000;96.29;96.3;96.21;96.26;528
USDRUBF;30;20230926;170000;96.26;96.32;96.2;96.32;1819
USDRUBF;30;20230926;173000;96.32;96.33;96.28;96.28;564
USDRUBF;30;20230926;180000;96.28;96.39;96.28;96.32;868
USDRUBF;30;20230926;183000;96.32;96.32;96.26;96.3;562
USDRUBF;30;20230926;190000;96.29;96.34;96.27;96.33;268
USDRUBF;30;20230926;193000;96.34;96.37;96.32;96.33;186
USDRUBF;30;20230926;200000;96.35;96.36;96.33;96.33;32
USDRUBF;30;20230926;203000;96.35;96.37;96.35;96.35;50
USDRUBF;30;20230926;210000;96.35;96.39;96.35;96.38;95
USDRUBF;30;20230926;213000;96.37;96.37;96.35;96.37;37
USDRUBF;30;20230926;220000;96.35;96.37;96.35;96.36;26
USDRUBF;30;20230926;223000;96.35;96.37;96.32;96.32;176
USDRUBF;30;20230926;230000;96.32;96.37;96.31;96.34;50
USDRUBF;30;20230926;233000;96.37;96.37;96.29;96.29;31
USDRUBF;30;20230927;090000;96.3;96.36;96.26;96.32;1165
USDRUBF;30;20230927;093000;96.36;96.61;96.36;96.51;2894
USDRUBF;30;20230927;100000;96.54;96.58;96.41;96.47;2143
USDRUBF;30;20230927;103000;96.48;96.54;96.39;96.43;4800
USDRUBF;30;20230927;110000;96.4;96.47;96.36;96.41;918
USDRUBF;30;20230927;113000;96.42;96.45;96.4;96.44;438
USDRUBF;30;20230927;120000;96.44;96.46;96.4;96.43;742
USDRUBF;30;20230927;123000;96.42;96.48;96.42;96.47;675
USDRUBF;30;20230927;130000;96.48;96.59;96.48;96.51;1497
USDRUBF;30;20230927;133000;96.52;96.52;96.39;96.46;1774
USDRUBF;30;20230927;140000;96.48;96.55;96.45;96.54;1139
USDRUBF;30;20230927;143000;96.52;96.56;96.49;96.54;837
USDRUBF;30;20230927;150000;96.54;96.56;96.5;96.53;700
USDRUBF;30;20230927;153000;96.53;96.56;96.47;96.48;691
USDRUBF;30;20230927;160000;96.47;96.53;96.35;96.44;2758
USDRUBF;30;20230927;163000;96.44;96.55;96.35;96.55;2442
USDRUBF;30;20230927;170000;96.54;96.56;96.46;96.51;2110
USDRUBF;30;20230927;173000;96.51;96.55;96.47;96.55;732
USDRUBF;30;20230927;180000;96.55;96.66;96.55;96.64;2639
USDRUBF;30;20230927;183000;96.63;96.66;96.56;96.65;1981
USDRUBF;30;20230927;190000;96.65;96.9;96.52;96.87;1530
USDRUBF;30;20230927;193000;96.85;96.96;96.85;96.88;790
USDRUBF;30;20230927;200000;96.88;96.97;96.86;96.97;282
USDRUBF;30;20230927;203000;96.94;96.99;96.92;96.97;271
USDRUBF;30;20230927;210000;96.95;96.97;96.9;96.94;147
USDRUBF;30;20230927;213000;96.94;96.96;96.85;96.88;185
USDRUBF;30;20230927;220000;96.9;96.94;96.9;96.9;46
USDRUBF;30;20230927;223000;96.9;96.97;96.89;96.93;98
USDRUBF;30;20230927;230000;96.93;96.93;96.84;96.92;240
USDRUBF;30;20230927;233000;96.89;96.94;96.83;96.87;174
USDRUBF;30;20230928;090000;96.85;96.89;96.72;96.74;1794
USDRUBF;30;20230928;093000;96.73;96.73;96.53;96.61;1497
USDRUBF;30;20230928;100000;96.6;96.8;96.57;96.78;1835
USDRUBF;30;20230928;103000;96.8;96.99;96.8;96.96;2353
USDRUBF;30;20230928;110000;96.96;97.15;96.95;97.1;5127
USDRUBF;30;20230928;113000;97.09;97.25;97.08;97.16;3418
USDRUBF;30;20230928;120000;97.17;97.28;97.04;97.24;1880
USDRUBF;30;20230928;123000;97.24;97.25;97.05;97.12;1012
USDRUBF;30;20230928;130000;97.14;97.18;96.99;97.04;1975
USDRUBF;30;20230928;133000;97.04;97.05;96.87;96.95;2362
USDRUBF;30;20230928;140000;96.96;97.04;96.92;96.93;5910
USDRUBF;30;20230928;143000;96.93;96.95;96.89;96.95;1141
USDRUBF;30;20230928;150000;96.93;96.99;96.9;96.97;1479
USDRUBF;30;20230928;153000;96.97;97.04;96.92;97.03;755
USDRUBF;30;20230928;160000;97.02;97.02;96.94;97.02;1924
USDRUBF;30;20230928;163000;96.98;96.99;96.85;96.94;3994
USDRUBF;30;20230928;170000;96.93;96.94;96.78;96.85;3281
USDRUBF;30;20230928;173000;96.84;97.05;96.82;97;4107
USDRUBF;30;20230928;180000;97.01;97.02;96.9;96.92;2486
USDRUBF;30;20230928;183000;96.91;96.92;96.88;96.89;1152
USDRUBF;30;20230928;190000;96.86;96.9;96.63;96.84;1002
USDRUBF;30;20230928;193000;96.81;96.87;96.81;96.83;41
USDRUBF;30;20230928;200000;96.83;96.88;96.8;96.86;76
USDRUBF;30;20230928;203000;96.87;96.87;96.86;96.86;205
USDRUBF;30;20230928;210000;96.87;96.93;96.87;96.9;133
USDRUBF;30;20230928;213000;96.89;96.92;96.88;96.88;49
USDRUBF;30;20230928;220000;96.88;96.9;96.87;96.87;79
USDRUBF;30;20230928;223000;96.88;96.91;96.84;96.9;110
USDRUBF;30;20230928;230000;96.86;96.89;96.86;96.89;16
USDRUBF;30;20230928;233000;96.89;96.89;96.82;96.85;123
USDRUBF;30;20230929;090000;96.93;97.02;96.9;97.02;1486
USDRUBF;30;20230929;093000;97.02;97.13;96.98;97.1;1450
USDRUBF;30;20230929;100000;97.1;97.11;96.93;97.02;2370
USDRUBF;30;20230929;103000;97;97.27;96.98;97.27;4091
USDRUBF;30;20230929;110000;97.28;97.32;97.09;97.19;2691
USDRUBF;30;20230929;113000;97.19;97.25;97.19;97.23;3635
USDRUBF;30;20230929;120000;97.24;97.27;97.21;97.25;1412
USDRUBF;30;20230929;123000;97.26;97.35;97.22;97.31;3487
USDRUBF;30;20230929;130000;97.31;97.6;97.3;97.56;2730
USDRUBF;30;20230929;133000;97.56;98.02;97.55;97.81;7055
USDRUBF;30;20230929;140000;97.78;97.91;97.7;97.72;1996
USDRUBF;30;20230929;143000;97.73;97.86;97.53;97.62;2347
USDRUBF;30;20230929;150000;97.61;97.75;97.58;97.68;1852
USDRUBF;30;20230929;153000;97.65;97.66;97.52;97.61;3934
USDRUBF;30;20230929;160000;97.62;97.68;97.56;97.63;3412
USDRUBF;30;20230929;163000;97.63;97.76;97.62;97.74;7109
USDRUBF;30;20230929;170000;97.74;97.93;97.63;97.74;4956
USDRUBF;30;20230929;173000;97.74;97.93;97.74;97.84;2317
USDRUBF;30;20230929;180000;97.83;98.06;97.75;98.06;2897
USDRUBF;30;20230929;183000;98.05;98.05;97.95;98.02;902
USDRUBF;30;20230929;190000;98.04;98.1;97.91;98.08;906
USDRUBF;30;20230929;193000;98.07;98.1;98.02;98.05;348
USDRUBF;30;20230929;200000;98.02;98.08;98;98.07;136
USDRUBF;30;20230929;203000;98.06;98.06;98.01;98.03;56
USDRUBF;30;20230929;210000;98.06;98.08;98.04;98.05;102
USDRUBF;30;20230929;213000;98.03;98.06;98.01;98.01;95
USDRUBF;30;20230929;220000;98.01;98.06;98;98.03;165
USDRUBF;30;20230929;223000;98.05;98.07;98.05;98.06;317
USDRUBF;30;20230929;230000;98.06;98.15;98.05;98.09;557
USDRUBF;30;20230929;233000;98.09;98.1;98.04;98.07;159
USDRUBF;30;20231002;090000;98.16;98.58;98.16;98.48;3018
USDRUBF;30;20231002;093000;98.44;98.48;98.33;98.37;1193
USDRUBF;30;20231002;100000;98.39;98.4;98.04;98.25;4857
USDRUBF;30;20231002;103000;98.27;98.35;98.05;98.07;3021
USDRUBF;30;20231002;110000;98.06;98.25;97.94;98.11;9323
USDRUBF;30;20231002;113000;98.14;98.34;98.14;98.27;1676
USDRUBF;30;20231002;120000;98.26;98.67;98.24;98.65;6651
USDRUBF;30;20231002;123000;98.66;98.7;98.5;98.54;4762
USDRUBF;30;20231002;130000;98.55;98.59;98.44;98.51;2378
USDRUBF;30;20231002;133000;98.52;98.73;98.5;98.72;3105
USDRUBF;30;20231002;140000;98.73;99.13;98.71;98.98;6085
USDRUBF;30;20231002;143000;98.98;99;98.74;98.78;2645
USDRUBF;30;20231002;150000;98.78;98.78;98.64;98.78;6892
USDRUBF;30;20231002;153000;98.78;98.94;98.74;98.82;2346
USDRUBF;30;20231002;160000;98.84;98.89;98.71;98.8;2384
USDRUBF;30;20231002;163000;98.82;99.05;98.74;98.9;3239
USDRUBF;30;20231002;170000;98.91;98.92;98.71;98.83;3514
USDRUBF;30;20231002;173000;98.85;99.35;98.81;99.32;5868
USDRUBF;30;20231002;180000;99.32;99.36;99.13;99.29;4874
USDRUBF;30;20231002;183000;99.28;99.48;99.27;99.43;4229
USDRUBF;30;20231002;190000;99.44;99.64;99.34;99.46;1383
USDRUBF;30;20231002;193000;99.47;99.52;99.31;99.51;516
USDRUBF;30;20231002;200000;99.52;99.59;99.48;99.48;216
USDRUBF;30;20231002;203000;99.48;99.49;99.45;99.46;211
USDRUBF;30;20231002;210000;99.46;99.52;99.44;99.5;1240
USDRUBF;30;20231002;213000;99.51;99.52;99.5;99.51;61
USDRUBF;30;20231002;220000;99.52;99.57;99.44;99.56;209
USDRUBF;30;20231002;223000;99.59;99.61;99.53;99.61;303
USDRUBF;30;20231002;230000;99.61;99.7;99.61;99.67;235
USDRUBF;30;20231002;233000;99.64;99.7;99.62;99.7;95
USDRUBF;30;20231003;090000;99.63;99.63;99.17;99.29;2546
USDRUBF;30;20231003;093000;99.26;99.55;99.25;99.44;2030
USDRUBF;30;20231003;100000;99.44;99.68;99.25;99.52;3159
USDRUBF;30;20231003;103000;99.51;99.52;99.33;99.44;1267
USDRUBF;30;20231003;110000;99.43;99.43;99.12;99.15;3530
USDRUBF;30;20231003;113000;99.11;99.35;99.06;99.29;4558
USDRUBF;30;20231003;120000;99.28;99.32;99.13;99.16;3189
USDRUBF;30;20231003;123000;99.14;99.31;99.1;99.2;2979
USDRUBF;30;20231003;130000;99.19;99.2;99.08;99.11;2368
USDRUBF;30;20231003;133000;99.11;99.14;98.92;99.09;5034
USDRUBF;30;20231003;140000;99.08;99.08;98.96;99.03;2598
USDRUBF;30;20231003;143000;99.04;99.2;99;99.14;4356
USDRUBF;30;20231003;150000;99.15;99.27;99.06;99.26;4549
USDRUBF;30;20231003;153000;99.27;99.4;99.25;99.25;3182
USDRUBF;30;20231003;160000;99.26;99.33;99.09;99.26;3380
USDRUBF;30;20231003;163000;99.26;99.26;99.06;99.09;2914
USDRUBF;30;20231003;170000;99.09;99.26;99.05;99.24;3629
USDRUBF;30;20231003;173000;99.23;99.3;99.11;99.19;3447
USDRUBF;30;20231003;180000;99.19;99.51;99.19;99.45;1717
USDRUBF;30;20231003;183000;99.47;99.6;99.4;99.59;1014
USDRUBF;30;20231003;190000;99.51;99.6;99.37;99.45;842
USDRUBF;30;20231003;193000;99.44;99.49;99.39;99.43;258
USDRUBF;30;20231003;200000;99.44;99.48;99.41;99.48;214
USDRUBF;30;20231003;203000;99.49;99.52;99.41;99.45;225
USDRUBF;30;20231003;210000;99.46;99.49;99.43;99.43;54
USDRUBF;30;20231003;213000;99.44;99.45;99.37;99.37;149
USDRUBF;30;20231003;220000;99.37;99.44;99.3;99.44;269
USDRUBF;30;20231003;223000;99.37;99.4;99.33;99.37;126
USDRUBF;30;20231003;230000;99.37;99.41;99.37;99.41;27
USDRUBF;30;20231003;233000;99.41;99.42;99.36;99.42;18
USDRUBF;30;20231004;090000;99.37;99.37;99.13;99.34;2975
USDRUBF;30;20231004;093000;99.29;99.33;99.21;99.22;504
USDRUBF;30;20231004;100000;99.23;99.48;99.19;99.45;3823
USDRUBF;30;20231004;103000;99.46;99.48;99.13;99.19;3153
USDRUBF;30;20231004;110000;99.19;99.28;99.09;99.26;3431
USDRUBF;30;20231004;113000;99.26;99.4;99.21;99.31;1787
USDRUBF;30;20231004;120000;99.33;99.5;99.33;99.35;2769
USDRUBF;30;20231004;123000;99.37;99.43;99.34;99.38;1613
USDRUBF;30;20231004;130000;99.4;99.5;99.38;99.44;1683
USDRUBF;30;20231004;133000;99.44;99.5;99.38;99.46;2656
USDRUBF;30;20231004;140000;99.47;99.66;99.45;99.45;6184
USDRUBF;30;20231004;143000;99.45;99.5;99.4;99.42;1894
USDRUBF;30;20231004;150000;99.4;99.51;99.31;99.42;2306
USDRUBF;30;20231004;153000;99.4;99.5;99.34;99.42;2364
USDRUBF;30;20231004;160000;99.42;99.5;99.31;99.5;1479
USDRUBF;30;20231004;163000;99.5;99.69;99.46;99.53;2368
USDRUBF;30;20231004;170000;99.54;99.62;99.51;99.57;1839
USDRUBF;30;20231004;173000;99.6;99.89;99.59;99.83;3633
USDRUBF;30;20231004;180000;99.8;99.85;99.55;99.64;1839
USDRUBF;30;20231004;183000;99.61;99.67;99.55;99.62;970
USDRUBF;30;20231004;190000;99.56;99.61;99.5;99.59;279
USDRUBF;30;20231004;193000;99.6;99.6;99.34;99.44;845
USDRUBF;30;20231004;200000;99.42;99.59;99.39;99.57;213
USDRUBF;30;20231004;203000;99.57;99.6;99.56;99.6;78
USDRUBF;30;20231004;210000;99.6;99.68;99.6;99.68;77
USDRUBF;30;20231004;213000;99.65;99.68;99.61;99.61;150
USDRUBF;30;20231004;220000;99.61;99.63;99.56;99.6;84
USDRUBF;30;20231004;223000;99.59;99.62;99.58;99.6;84
USDRUBF;30;20231004;230000;99.6;99.63;99.55;99.61;157
USDRUBF;30;20231004;233000;99.56;99.67;99.53;99.62;131
USDRUBF;30;20231005;090000;99.61;99.61;99.48;99.53;718
USDRUBF;30;20231005;093000;99.54;99.68;99.52;99.56;538
USDRUBF;30;20231005;100000;99.55;99.77;99.46;99.5;3373
USDRUBF;30;20231005;103000;99.51;99.57;99.41;99.44;2410
USDRUBF;30;20231005;110000;99.44;99.54;99.4;99.52;2576
USDRUBF;30;20231005;113000;99.52;99.64;99.45;99.64;3321
USDRUBF;30;20231005;120000;99.64;99.87;99.63;99.76;9517
USDRUBF;30;20231005;123000;99.76;99.86;99.69;99.77;1966
USDRUBF;30;20231005;130000;99.78;99.85;99.72;99.73;1794
USDRUBF;30;20231005;133000;99.74;99.75;99.58;99.58;2620
USDRUBF;30;20231005;140000;99.65;99.77;99.58;99.69;2677
USDRUBF;30;20231005;143000;99.69;99.76;99.65;99.68;1039
USDRUBF;30;20231005;150000;99.65;99.7;99.6;99.68;1721
USDRUBF;30;20231005;153000;99.68;99.88;99.68;99.75;3836
USDRUBF;30;20231005;160000;99.75;99.94;99.73;99.89;3004
USDRUBF;30;20231005;163000;99.89;100.01;99.85;99.93;5175
USDRUBF;30;20231005;170000;99.96;100.16;99.92;100.08;3158
USDRUBF;30;20231005;173000;100.07;100.23;100.07;100.22;2983
USDRUBF;30;20231005;180000;100.21;100.35;100.13;100.28;3594
USDRUBF;30;20231005;183000;100.27;100.45;100.27;100.42;1070
USDRUBF;30;20231005;190000;100.46;100.69;100.43;100.6;1422
USDRUBF;30;20231005;193000;100.59;100.77;100.58;100.63;1253
USDRUBF;30;20231005;200000;100.62;100.74;100.62;100.68;347
USDRUBF;30;20231005;203000;100.68;100.74;100.66;100.74;150
USDRUBF;30;20231005;210000;100.73;100.74;100.59;100.64;343
USDRUBF;30;20231005;213000;100.69;100.7;100.57;100.63;296
USDRUBF;30;20231005;220000;100.61;100.67;100.57;100.57;365
USDRUBF;30;20231005;223000;100.56;100.6;100.51;100.59;154
USDRUBF;30;20231005;230000;100.59;100.67;100.59;100.63;146
USDRUBF;30;20231005;233000;100.67;100.68;100.64;100.68;267
USDRUBF;30;20231006;090000;100.68;101.07;100.68;100.95;3072
USDRUBF;30;20231006;093000;100.97;101.17;100.93;101.03;2214
USDRUBF;30;20231006;100000;101.01;101.01;100.78;100.98;5798
USDRUBF;30;20231006;103000;100.98;101.24;100.8;100.82;5352
USDRUBF;30;20231006;110000;100.83;100.87;100.52;100.59;7056
USDRUBF;30;20231006;113000;100.58;100.58;100.01;100.03;9999
USDRUBF;30;20231006;120000;100.03;100.26;99.92;100.12;9141
USDRUBF;30;20231006;123000;100.11;100.45;100.1;100.3;4109
USDRUBF;30;20231006;130000;100.3;100.51;100.19;100.2;4997
USDRUBF;30;20231006;133000;100.18;100.41;100.06;100.3;5523
USDRUBF;30;20231006;140000;100.27;100.38;100.13;100.38;3627
USDRUBF;30;20231006;143000;100.37;100.49;100.29;100.47;1837
USDRUBF;30;20231006;150000;100.46;100.48;99.64;99.8;7246
USDRUBF;30;20231006;153000;99.8;100.13;99.71;100.12;5553
USDRUBF;30;20231006;160000;100.09;100.4;99.98;100.32;2895
USDRUBF;30;20231006;163000;100.33;100.58;100.26;100.4;4440
USDRUBF;30;20231006;170000;100.4;100.5;100.25;100.25;3033
USDRUBF;30;20231006;173000;100.28;100.61;100.26;100.49;2121
USDRUBF;30;20231006;180000;100.5;100.55;100.26;100.37;2728
USDRUBF;30;20231006;183000;100.39;100.4;100.28;100.34;698
USDRUBF;30;20231006;190000;100.38;100.68;100.03;100.19;1517
USDRUBF;30;20231006;193000;100.17;100.24;100.12;100.14;185
USDRUBF;30;20231006;200000;100.16;100.22;100.16;100.18;174
USDRUBF;30;20231006;203000;100.18;100.18;100.16;100.17;297
USDRUBF;30;20231006;210000;100.16;100.17;100.14;100.15;150
USDRUBF;30;20231006;213000;100.16;100.18;100.15;100.18;122
USDRUBF;30;20231006;220000;100.19;100.19;100.14;100.14;111
USDRUBF;30;20231006;223000;100.17;100.19;100.15;100.19;47
USDRUBF;30;20231006;230000;100.17;100.2;100.16;100.17;167
USDRUBF;30;20231006;233000;100.19;100.2;100.16;100.2;74
USDRUBF;30;20231009;090000;100.2;100.38;100.14;100.32;1823
USDRUBF;30;20231009;093000;100.33;100.54;100.25;100.28;1287
USDRUBF;30;20231009;100000;100.28;100.98;100.28;100.87;6162
USDRUBF;30;20231009;103000;100.88;101.1;100.81;100.95;3693
USDRUBF;30;20231009;110000;100.96;101.09;100.73;100.75;2275
USDRUBF;30;20231009;113000;100.76;100.88;100.62;100.88;2582
USDRUBF;30;20231009;120000;100.92;100.92;100.71;100.84;625
USDRUBF;30;20231009;123000;100.85;100.96;100.8;100.86;1043
USDRUBF;30;20231009;130000;100.87;101.2;100.87;101.16;2175
USDRUBF;30;20231009;133000;101.16;101.31;101.11;101.23;3132
USDRUBF;30;20231009;140000;101.26;102.26;101.26;102.13;12201
USDRUBF;30;20231009;143000;102.12;102.24;101.94;102.01;4412
USDRUBF;30;20231009;150000;101.99;102.25;101.92;101.96;2841
USDRUBF;30;20231009;153000;101.95;102;101.67;101.76;4201
USDRUBF;30;20231009;160000;101.79;101.79;101.21;101.26;5226
USDRUBF;30;20231009;163000;101.26;101.32;100.6;100.71;10782
USDRUBF;30;20231009;170000;100.71;100.83;100.29;100.56;9740
USDRUBF;30;20231009;173000;100.56;100.59;99.32;99.78;16984
USDRUBF;30;20231009;180000;99.76;99.76;98.78;99.05;15032
USDRUBF;30;20231009;183000;99.05;99.3;98.87;99.28;2495
USDRUBF;30;20231009;190000;99.26;99.48;98.73;98.94;2371
USDRUBF;30;20231009;193000;98.95;98.95;98.33;98.33;5666
USDRUBF;30;20231009;200000;98.32;98.74;98.29;98.63;1625
USDRUBF;30;20231009;203000;98.63;98.72;98.57;98.57;531
USDRUBF;30;20231009;210000;98.56;98.82;98.47;98.82;448
USDRUBF;30;20231009;213000;98.78;98.82;98.69;98.8;348
USDRUBF;30;20231009;220000;98.79;98.82;98.67;98.68;227
USDRUBF;30;20231009;223000;98.7;98.76;98.65;98.67;256
USDRUBF;30;20231009;230000;98.65;98.68;98.57;98.63;333
USDRUBF;30;20231009;233000;98.63;98.68;98.55;98.64;244
USDRUBF;30;20231010;090000;98.64;99.92;98.64;99.85;13577
USDRUBF;30;20231010;093000;99.88;99.96;99.67;99.72;3144
USDRUBF;30;20231010;100000;99.73;100.4;99.61;100.4;6122
USDRUBF;30;20231010;103000;100.4;100.75;100.01;100.27;8411
USDRUBF;30;20231010;110000;100.27;100.3;99.8;99.82;3998
USDRUBF;30;20231010;113000;99.79;99.97;99.55;99.86;5834
USDRUBF;30;20231010;120000;99.87;99.87;99.25;99.3;4094
USDRUBF;30;20231010;123000;99.29;99.54;99.17;99.45;6475
USDRUBF;30;20231010;130000;99.43;99.61;99.36;99.47;2293
USDRUBF;30;20231010;133000;99.49;99.68;99.48;99.6;1128
USDRUBF;30;20231010;140000;99.62;99.79;99.58;99.64;2200
USDRUBF;30;20231010;143000;99.6;99.71;99.35;99.52;2203
USDRUBF;30;20231010;150000;99.53;99.8;99.49;99.7;1651
USDRUBF;30;20231010;153000;99.74;99.83;99.55;99.81;2068
USDRUBF;30;20231010;160000;99.81;99.83;99.67;99.69;1224
USDRUBF;30;20231010;163000;99.7;99.96;99.7;99.93;2582
USDRUBF;30;20231010;170000;99.92;100.19;99.83;100.08;3543
USDRUBF;30;20231010;173000;100.08;100.27;99.99;100.21;2417
USDRUBF;30;20231010;180000;100.25;100.39;100.22;100.36;1824
USDRUBF;30;20231010;183000;100.36;100.4;100.27;100.39;1263
USDRUBF;30;20231010;190000;100.34;100.34;99.92;100.13;1080
USDRUBF;30;20231010;193000;100.12;100.21;100.06;100.15;296
USDRUBF;30;20231010;200000;100.16;100.18;100.14;100.17;144
USDRUBF;30;20231010;203000;100.19;100.3;100.19;100.3;219
USDRUBF;30;20231010;210000;100.3;100.3;100.2;100.28;77
USDRUBF;30;20231010;213000;100.26;100.28;100.25;100.27;52
USDRUBF;30;20231010;220000;100.27;100.28;100.23;100.27;88
USDRUBF;30;20231010;223000;100.27;100.32;100.24;100.3;173
USDRUBF;30;20231010;230000;100.3;100.35;100.28;100.34;362
USDRUBF;30;20231010;233000;100.32;100.39;100.32;100.39;139
USDRUBF;30;20231011;090000;100.31;100.4;100.14;100.2;2876
USDRUBF;30;20231011;093000;100.19;100.38;100.15;100.37;921
USDRUBF;30;20231011;100000;100.35;100.72;99.67;99.71;11023
USDRUBF;30;20231011;103000;99.71;100.1;99.54;100;5939
USDRUBF;30;20231011;110000;100;100.04;99.79;99.84;2515
USDRUBF;30;20231011;113000;99.86;99.91;99.71;99.82;1404
USDRUBF;30;20231011;120000;99.84;100.03;99.78;99.8;2324
USDRUBF;30;20231011;123000;99.8;99.87;99.75;99.8;1672
USDRUBF;30;20231011;130000;99.79;99.84;99.63;99.83;2939
USDRUBF;30;20231011;133000;99.83;99.9;99.81;99.85;2573
USDRUBF;30;20231011;140000;99.86;99.95;99.78;99.86;3809
USDRUBF;30;20231011;143000;99.89;100.1;99.85;100.08;1976
USDRUBF;30;20231011;150000;100.05;100.2;99.97;100.1;3713
USDRUBF;30;20231011;153000;100.08;100.23;100;100.13;2697
USDRUBF;30;20231011;160000;100.13;100.13;99.76;99.94;3766
USDRUBF;30;20231011;163000;99.95;100.17;99.93;100.11;2053
USDRUBF;30;20231011;170000;100.1;100.16;99.88;100.05;1930
USDRUBF;30;20231011;173000;100.05;100.15;99.92;100.09;2124
USDRUBF;30;20231011;180000;100.1;100.18;99.97;100.13;929
USDRUBF;30;20231011;183000;100.14;100.16;100.08;100.1;236
USDRUBF;30;20231011;190000;100.12;100.14;100.04;100.14;158
USDRUBF;30;20231011;193000;100.12;100.15;100.09;100.11;182
USDRUBF;30;20231011;200000;100.1;100.17;100.1;100.15;86
USDRUBF;30;20231011;203000;100.18;100.21;100.17;100.21;63
USDRUBF;30;20231011;210000;100.21;100.25;100.17;100.17;51
USDRUBF;30;20231011;213000;100.2;100.2;100.15;100.15;70
USDRUBF;30;20231011;220000;100.15;100.15;97.65;97.88;10348
USDRUBF;30;20231011;223000;97.82;98.3;97.1;97.46;7342
USDRUBF;30;20231011;230000;97.4;97.5;96.91;96.91;4505
USDRUBF;30;20231011;233000;96.91;97.09;96.63;97.08;2293
USDRUBF;30;20231012;090000;97.09;97.34;96.65;97.15;8147
USDRUBF;30;20231012;093000;97.13;97.21;96.5;96.62;4595
USDRUBF;30;20231012;100000;96.61;96.98;96.47;96.95;7253
USDRUBF;30;20231012;103000;96.95;97.29;96.83;96.95;5862
USDRUBF;30;20231012;110000;96.97;97.09;96.8;97.05;3151
USDRUBF;30;20231012;113000;97.06;97.15;96.99;97.08;2188
USDRUBF;30;20231012;120000;97.09;97.17;96.92;96.94;2427
USDRUBF;30;20231012;123000;96.92;96.99;96.84;96.92;2047
USDRUBF;30;20231012;130000;96.92;96.99;96.73;96.99;2264
USDRUBF;30;20231012;133000;96.98;97.01;96.9;96.97;1283
USDRUBF;30;20231012;140000;96.96;97.25;96.93;97.15;6995
USDRUBF;30;20231012;143000;97.14;97.29;97.03;97.15;9927
USDRUBF;30;20231012;150000;97.18;97.36;97.14;97.28;7946
USDRUBF;30;20231012;153000;97.27;97.53;97.26;97.5;5664
USDRUBF;30;20231012;160000;97.5;97.55;97.17;97.25;3950
USDRUBF;30;20231012;163000;97.25;97.53;97.24;97.47;2902
USDRUBF;30;20231012;170000;97.47;97.51;97.26;97.37;3853
USDRUBF;30;20231012;173000;97.36;97.65;97.34;97.62;4399
USDRUBF;30;20231012;180000;97.61;97.62;97.38;97.47;2846
USDRUBF;30;20231012;183000;97.47;97.57;97.47;97.48;2426
USDRUBF;30;20231012;190000;97.49;97.49;97.41;97.42;417
USDRUBF;30;20231012;193000;97.41;97.42;97.22;97.33;432
USDRUBF;30;20231012;200000;97.33;97.37;97.22;97.28;616
USDRUBF;30;20231012;203000;97.27;97.32;97.1;97.12;745
USDRUBF;30;20231012;210000;97.12;97.34;97.12;97.3;267
USDRUBF;30;20231012;213000;97.29;97.38;97.24;97.28;589
USDRUBF;30;20231012;220000;97.29;97.37;97.26;97.27;485
USDRUBF;30;20231012;223000;97.26;97.35;97.25;97.3;218
USDRUBF;30;20231012;230000;97.3;97.4;97.29;97.34;134
USDRUBF;30;20231012;233000;97.34;97.38;97.3;97.35;52
USDRUBF;30;20231013;090000;97.39;97.74;97.39;97.57;2366
USDRUBF;30;20231013;093000;97.57;97.62;97.56;97.59;716
USDRUBF;30;20231013;100000;97.59;97.84;97.33;97.4;4497
USDRUBF;30;20231013;103000;97.4;97.58;97.39;97.54;2116
USDRUBF;30;20231013;110000;97.54;97.61;97.42;97.44;1126
USDRUBF;30;20231013;113000;97.44;97.49;97.36;97.39;819
USDRUBF;30;20231013;120000;97.41;97.41;96.93;96.98;6436
USDRUBF;30;20231013;123000;96.98;97.22;96.89;97.18;3008
USDRUBF;30;20231013;130000;97.18;97.29;97.12;97.29;1320
USDRUBF;30;20231013;133000;97.29;97.36;97.2;97.2;5704
USDRUBF;30;20231013;140000;97.25;97.3;97.18;97.26;6250
USDRUBF;30;20231013;143000;97.26;97.29;97.04;97.27;2627
USDRUBF;30;20231013;150000;97.27;97.31;97.05;97.16;5560
USDRUBF;30;20231013;153000;97.17;97.33;97.14;97.21;1248
USDRUBF;30;20231013;160000;97.22;97.39;96.88;97.27;7527
USDRUBF;30;20231013;163000;97.27;97.27;96.97;97.16;1592
USDRUBF;30;20231013;170000;97.19;97.35;97.07;97.31;2413
USDRUBF;30;20231013;173000;97.31;97.35;97.25;97.28;857
USDRUBF;30;20231013;180000;97.27;97.31;97.2;97.24;919
USDRUBF;30;20231013;183000;97.24;97.29;97.19;97.21;1370
USDRUBF;30;20231013;190000;97.17;97.25;97.07;97.19;587
USDRUBF;30;20231013;193000;97.16;97.23;97.13;97.14;160
USDRUBF;30;20231013;200000;97.16;97.21;97.16;97.19;76
USDRUBF;30;20231013;203000;97.2;97.2;97.11;97.17;127
USDRUBF;30;20231013;210000;97.15;97.15;97.09;97.09;201
USDRUBF;30;20231013;213000;97.1;97.13;97.09;97.09;83
USDRUBF;30;20231013;220000;97.09;97.16;97.09;97.16;411
USDRUBF;30;20231013;223000;97.15;97.18;97.11;97.11;390
USDRUBF;30;20231013;230000;97.1;97.16;97.09;97.16;212
USDRUBF;30;20231013;233000;97.11;97.2;97.1;97.2;166
USDRUBF;30;20231016;090000;97.29;97.5;97.21;97.24;4074
USDRUBF;30;20231016;093000;97.22;97.43;97.22;97.23;1287
USDRUBF;30;20231016;100000;97.24;97.44;97.22;97.29;1803
USDRUBF;30;20231016;103000;97.3;97.44;97.27;97.41;1713
USDRUBF;30;20231016;110000;97.4;97.49;97.37;97.4;1823
USDRUBF;30;20231016;113000;97.41;97.41;97.15;97.26;1270
USDRUBF;30;20231016;120000;97.28;97.39;97.28;97.37;463
USDRUBF;30;20231016;123000;97.38;97.4;97.29;97.35;581
USDRUBF;30;20231016;130000;97.35;97.38;97.27;97.27;322
USDRUBF;30;20231016;133000;97.26;97.36;97.25;97.31;865
USDRUBF;30;20231016;140000;97.31;97.34;97.27;97.33;1109
USDRUBF;30;20231016;143000;97.33;97.34;96.9;96.95;5972
USDRUBF;30;20231016;150000;96.93;97.2;96.92;96.97;2277
USDRUBF;30;20231016;153000;96.97;97.22;96.97;97.18;1261
USDRUBF;30;20231016;160000;97.16;97.28;97.14;97.25;1486
USDRUBF;30;20231016;163000;97.24;97.24;97.09;97.15;2029
USDRUBF;30;20231016;170000;97.14;97.28;97.12;97.27;463
USDRUBF;30;20231016;173000;97.27;97.31;97.23;97.31;1274
USDRUBF;30;20231016;180000;97.31;97.41;97.27;97.39;3722
USDRUBF;30;20231016;183000;97.39;97.41;97.31;97.35;1701
USDRUBF;30;20231016;190000;97.35;97.37;97.3;97.3;114
USDRUBF;30;20231016;193000;97.3;97.3;97.22;97.26;43
USDRUBF;30;20231016;200000;97.24;97.3;97.21;97.3;95
USDRUBF;30;20231016;203000;97.29;97.32;97.29;97.31;38
USDRUBF;30;20231016;210000;97.32;97.34;97.28;97.29;151
USDRUBF;30;20231016;213000;97.29;97.3;97.28;97.29;44
USDRUBF;30;20231016;220000;97.29;97.29;97.26;97.27;18
USDRUBF;30;20231016;223000;97.28;97.32;97.26;97.29;97
USDRUBF;30;20231016;230000;97.29;97.3;97.2;97.24;108
USDRUBF;30;20231016;233000;97.24;97.27;97.23;97.23;53
USDRUBF;30;20231017;090000;97.31;97.32;97.21;97.27;779
USDRUBF;30;20231017;093000;97.29;97.3;97.23;97.26;380
USDRUBF;30;20231017;100000;97.23;97.36;97.23;97.25;1088
USDRUBF;30;20231017;103000;97.25;97.33;97.21;97.32;418
USDRUBF;30;20231017;110000;97.33;97.44;97.3;97.3;944
USDRUBF;30;20231017;113000;97.3;97.32;97.07;97.31;1409
USDRUBF;30;20231017;120000;97.33;97.45;97.3;97.34;1991
USDRUBF;30;20231017;123000;97.35;97.36;97.25;97.25;1181
USDRUBF;30;20231017;130000;97.26;97.37;97.26;97.36;666
USDRUBF;30;20231017;133000;97.37;97.38;97.22;97.27;1049
USDRUBF;30;20231017;140000;97.28;97.32;97.23;97.29;485
USDRUBF;30;20231017;143000;97.28;97.33;97.25;97.3;680
USDRUBF;30;20231017;150000;97.31;97.39;97.26;97.36;1674
USDRUBF;30;20231017;153000;97.38;97.46;97.31;97.46;1234
USDRUBF;30;20231017;160000;97.46;97.56;97.41;97.45;5281
USDRUBF;30;20231017;163000;97.44;97.55;97.37;97.43;3590
USDRUBF;30;20231017;170000;97.42;97.44;97.35;97.36;1204
USDRUBF;30;20231017;173000;97.37;97.55;97.35;97.52;1688
USDRUBF;30;20231017;180000;97.53;97.91;97.52;97.83;4554
USDRUBF;30;20231017;183000;97.8;97.95;97.72;97.76;1637
USDRUBF;30;20231017;190000;97.72;98.04;97.72;97.85;920
USDRUBF;30;20231017;193000;97.83;97.89;97.67;97.81;494
USDRUBF;30;20231017;200000;97.81;97.87;97.79;97.82;244
USDRUBF;30;20231017;203000;97.86;97.9;97.85;97.88;123
USDRUBF;30;20231017;210000;97.88;97.92;97.85;97.89;89
USDRUBF;30;20231017;213000;97.9;97.9;97.84;97.87;100
USDRUBF;30;20231017;220000;97.85;97.87;97.84;97.84;70
USDRUBF;30;20231017;223000;97.87;97.95;97.84;97.88;122
USDRUBF;30;20231017;230000;97.89;97.98;97.89;97.94;153
USDRUBF;30;20231017;233000;97.94;98.02;97.94;97.96;169
USDRUBF;30;20231018;090000;97.89;97.89;97.59;97.65;2571
USDRUBF;30;20231018;093000;97.64;97.65;97.48;97.57;1147
USDRUBF;30;20231018;100000;97.59;97.69;97.48;97.63;2489
USDRUBF;30;20231018;103000;97.63;97.73;97.5;97.5;2988
USDRUBF;30;20231018;110000;97.5;97.62;97.49;97.59;4932
USDRUBF;30;20231018;113000;97.59;97.59;97.25;97.35;3629
USDRUBF;30;20231018;120000;97.34;97.41;97.28;97.33;2243
USDRUBF;30;20231018;123000;97.32;97.4;97.31;97.37;1204
USDRUBF;30;20231018;130000;97.36;97.37;97.26;97.27;1503
USDRUBF;30;20231018;133000;97.26;97.32;97.11;97.32;1746
USDRUBF;30;20231018;140000;97.32;97.32;97.21;97.25;1596
USDRUBF;30;20231018;143000;97.25;97.27;97.16;97.27;1936
USDRUBF;30;20231018;150000;97.27;97.29;97.18;97.23;1025
USDRUBF;30;20231018;153000;97.23;97.4;97.21;97.37;785
USDRUBF;30;20231018;160000;97.36;97.53;97.29;97.42;3204
USDRUBF;30;20231018;163000;97.41;97.55;97.38;97.51;1632
USDRUBF;30;20231018;170000;97.48;97.5;97.44;97.45;752
USDRUBF;30;20231018;173000;97.45;97.55;97.42;97.5;1441
USDRUBF;30;20231018;180000;97.49;97.49;97.39;97.42;685
USDRUBF;30;20231018;183000;97.43;97.46;97.35;97.42;532
USDRUBF;30;20231018;190000;97.43;97.47;97.39;97.43;270
USDRUBF;30;20231018;193000;97.41;97.47;97.41;97.47;67
USDRUBF;30;20231018;200000;97.47;97.49;97.43;97.45;134
USDRUBF;30;20231018;203000;97.46;97.47;97.44;97.47;79
USDRUBF;30;20231018;210000;97.46;97.46;97.43;97.43;84
USDRUBF;30;20231018;213000;97.43;97.5;97.43;97.5;102
USDRUBF;30;20231018;220000;97.48;97.49;97.45;97.45;93
USDRUBF;30;20231018;223000;97.47;97.49;97.44;97.44;85
USDRUBF;30;20231018;230000;97.43;97.45;97.43;97.45;59
USDRUBF;30;20231018;233000;97.44;97.46;97.41;97.46;85
USDRUBF;30;20231019;090000;97.48;97.59;97.46;97.49;1025
USDRUBF;30;20231019;093000;97.49;97.55;97.44;97.54;479
USDRUBF;30;20231019;100000;97.54;97.6;97.47;97.53;1447
USDRUBF;30;20231019;103000;97.51;97.53;97.46;97.51;758
USDRUBF;30;20231019;110000;97.51;97.54;97.27;97.31;1718
USDRUBF;30;20231019;113000;97.3;97.39;97.27;97.39;800
USDRUBF;30;20231019;120000;97.39;97.43;97.35;97.42;823
USDRUBF;30;20231019;123000;97.42;97.43;97.35;97.37;763
USDRUBF;30;20231019;130000;97.37;97.44;97.36;97.41;680
USDRUBF;30;20231019;133000;97.4;97.4;97.2;97.2;1892
USDRUBF;30;20231019;140000;97.22;97.22;97.02;97.19;3793
USDRUBF;30;20231019;143000;97.17;97.21;97.04;97.14;2042
USDRUBF;30;20231019;150000;97.14;97.21;97.12;97.19;1364
USDRUBF;30;20231019;153000;97.21;97.28;97.08;97.16;1104
USDRUBF;30;20231019;160000;97.12;97.21;97.1;97.21;1525
USDRUBF;30;20231019;163000;97.2;97.27;97.08;97.14;1805
USDRUBF;30;20231019;170000;97.1;97.12;96.78;96.84;5261
USDRUBF;30;20231019;173000;96.84;97.19;96.84;97;4339
USDRUBF;30;20231019;180000;96.98;97.14;96.9;97.03;2127
USDRUBF;30;20231019;183000;97.04;97.09;97;97.05;588
USDRUBF;30;20231019;190000;97.04;97.18;96.99;97.03;228
USDRUBF;30;20231019;193000;97.02;97.12;96.95;96.97;318
USDRUBF;30;20231019;200000;96.97;97.01;96.81;97.01;514
USDRUBF;30;20231019;203000;96.97;96.98;96.9;96.96;70
USDRUBF;30;20231019;210000;96.9;96.94;96.89;96.9;95
USDRUBF;30;20231019;213000;96.91;96.91;96.85;96.85;70
USDRUBF;30;20231019;220000;96.87;96.97;96.87;96.97;69
USDRUBF;30;20231019;223000;96.97;96.97;96.93;96.94;88
USDRUBF;30;20231019;230000;96.9;96.92;96.83;96.83;104
USDRUBF;30;20231019;233000;96.82;96.88;96.82;96.88;67
USDRUBF;30;20231020;090000;96.94;96.95;96.76;96.87;1747
USDRUBF;30;20231020;093000;96.87;96.94;96.64;96.64;993
USDRUBF;30;20231020;100000;96.65;96.67;96.26;96.46;5369
USDRUBF;30;20231020;103000;96.46;96.47;96.18;96.26;4098
USDRUBF;30;20231020;110000;96.26;96.26;95.81;96.03;5772
USDRUBF;30;20231020;113000;96.03;96.22;95.96;96.12;3281
USDRUBF;30;20231020;120000;96.11;96.11;95.89;96.09;4712
USDRUBF;30;20231020;123000;96.09;96.12;95.94;95.95;3465
USDRUBF;30;20231020;130000;95.93;95.96;95.68;95.81;3139
USDRUBF;30;20231020;133000;95.81;95.9;95.75;95.76;2047
USDRUBF;30;20231020;140000;95.76;95.76;95.57;95.59;1968
USDRUBF;30;20231020;143000;95.58;95.58;95.39;95.54;2291
USDRUBF;30;20231020;150000;95.53;95.61;95.41;95.55;3864
USDRUBF;30;20231020;153000;95.55;95.87;95.53;95.75;3640
USDRUBF;30;20231020;160000;95.74;95.77;95.61;95.64;1933
USDRUBF;30;20231020;163000;95.63;95.69;95.51;95.61;1034
USDRUBF;30;20231020;170000;95.63;95.66;95.47;95.5;992
USDRUBF;30;20231020;173000;95.48;95.63;95.46;95.57;2206
USDRUBF;30;20231020;180000;95.57;95.6;95.43;95.55;2113
USDRUBF;30;20231020;183000;95.55;95.56;95.26;95.33;1521
USDRUBF;30;20231020;190000;95.27;95.41;95.27;95.34;899
USDRUBF;30;20231020;193000;95.33;95.43;95.33;95.4;121
USDRUBF;30;20231020;200000;95.43;95.44;95.38;95.39;217
USDRUBF;30;20231020;203000;95.39;95.43;95.38;95.43;190
USDRUBF;30;20231020;210000;95.43;95.53;95.42;95.52;230
USDRUBF;30;20231020;213000;95.53;95.61;95.49;95.56;421
USDRUBF;30;20231020;220000;95.55;95.57;95.51;95.52;114
USDRUBF;30;20231020;223000;95.51;95.56;95.5;95.54;94
USDRUBF;30;20231020;230000;95.53;95.57;95.51;95.51;50
USDRUBF;30;20231020;233000;95.55;95.56;95.48;95.54;169
USDRUBF;30;20231023;090000;95.55;95.61;95.48;95.56;1741
USDRUBF;30;20231023;093000;95.59;95.92;95.27;95.27;2280
USDRUBF;30;20231023;100000;95.25;95.51;95.15;95.24;2441
USDRUBF;30;20231023;103000;95.22;95.41;95.11;95.16;2386
USDRUBF;30;20231023;110000;95.17;95.18;94.91;94.91;3054
USDRUBF;30;20231023;113000;94.91;94.98;94.45;94.45;2850
USDRUBF;30;20231023;120000;94.45;94.55;94.28;94.34;4768
USDRUBF;30;20231023;123000;94.35;94.68;94.33;94.57;3848
USDRUBF;30;20231023;130000;94.58;94.76;94.47;94.58;2879
USDRUBF;30;20231023;133000;94.58;94.7;94.56;94.67;1867
USDRUBF;30;20231023;140000;94.67;94.73;94.42;94.47;1860
USDRUBF;30;20231023;143000;94.47;94.57;94.41;94.44;1227
USDRUBF;30;20231023;150000;94.45;94.91;94.38;94.8;2252
USDRUBF;30;20231023;153000;94.81;94.86;94.57;94.61;1811
USDRUBF;30;20231023;160000;94.6;94.64;94.42;94.46;2188
USDRUBF;30;20231023;163000;94.45;94.55;94.39;94.5;1365
USDRUBF;30;20231023;170000;94.49;94.54;94.35;94.53;1568
USDRUBF;30;20231023;173000;94.53;94.54;94.41;94.48;880
USDRUBF;30;20231023;180000;94.46;94.49;94.25;94.36;3558
USDRUBF;30;20231023;183000;94.4;94.4;94.22;94.33;1371
USDRUBF;30;20231023;190000;94.39;94.43;94.31;94.34;363
USDRUBF;30;20231023;193000;94.36;94.4;94.33;94.36;151
USDRUBF;30;20231023;200000;94.35;94.4;94.33;94.4;120
USDRUBF;30;20231023;203000;94.4;94.46;94.39;94.45;175
USDRUBF;30;20231023;210000;94.41;94.45;94.35;94.38;86
USDRUBF;30;20231023;213000;94.39;94.41;94.38;94.38;16
USDRUBF;30;20231023;220000;94.36;94.38;94.34;94.34;33
USDRUBF;30;20231023;223000;94.37;94.38;94.35;94.35;35
USDRUBF;30;20231023;230000;94.38;94.4;94.36;94.39;75
USDRUBF;30;20231023;233000;94.39;94.41;94.34;94.34;221
USDRUBF;30;20231024;090000;94.33;94.33;93.95;93.99;2211
USDRUBF;30;20231024;093000;93.98;94.06;93.85;93.9;1213
USDRUBF;30;20231024;100000;93.91;93.91;93.63;93.66;3136
USDRUBF;30;20231024;103000;93.66;93.69;93.41;93.41;2936
USDRUBF;30;20231024;110000;93.41;93.59;93.32;93.43;2695
USDRUBF;30;20231024;113000;93.42;93.64;93.37;93.63;4222
USDRUBF;30;20231024;120000;93.64;93.76;93.58;93.67;2286
USDRUBF;30;20231024;123000;93.67;93.79;93.62;93.66;2915
USDRUBF;30;20231024;130000;93.66;93.66;93.56;93.56;976
USDRUBF;30;20231024;133000;93.56;93.64;93.54;93.63;1096
USDRUBF;30;20231024;140000;93.61;93.66;93.47;93.49;3176
USDRUBF;30;20231024;143000;93.49;93.53;93.36;93.47;1385
USDRUBF;30;20231024;150000;93.46;93.66;93.46;93.6;1897
USDRUBF;30;20231024;153000;93.6;93.66;93.56;93.59;1497
USDRUBF;30;20231024;160000;93.58;93.61;93.49;93.49;1307
USDRUBF;30;20231024;163000;93.49;93.59;93.43;93.46;959
USDRUBF;30;20231024;170000;93.47;93.49;93.34;93.35;1719
USDRUBF;30;20231024;173000;93.35;93.59;93.34;93.52;1977
USDRUBF;30;20231024;180000;93.53;93.58;93.42;93.55;2396
USDRUBF;30;20231024;183000;93.54;93.56;93.33;93.38;1094
USDRUBF;30;20231024;190000;93.35;93.4;93.22;93.25;696
USDRUBF;30;20231024;193000;93.25;93.35;93.24;93.3;366
USDRUBF;30;20231024;200000;93.29;93.33;93.29;93.33;153
USDRUBF;30;20231024;203000;93.33;93.38;93.29;93.38;197
USDRUBF;30;20231024;210000;93.37;93.38;93.32;93.37;470
USDRUBF;30;20231024;213000;93.37;93.43;93.34;93.38;124
USDRUBF;30;20231024;220000;93.39;93.4;93.31;93.31;78
USDRUBF;30;20231024;223000;93.33;93.34;93.25;93.26;317
USDRUBF;30;20231024;230000;93.3;93.34;93.3;93.34;68
USDRUBF;30;20231024;233000;93.34;93.34;93.26;93.26;26
USDRUBF;30;20231025;090000;93.25;93.48;93.01;93.2;7489
USDRUBF;30;20231025;093000;93.19;93.33;93.13;93.13;1705
USDRUBF;30;20231025;100000;93.13;93.59;93.11;93.4;5973
USDRUBF;30;20231025;103000;93.4;93.44;93.12;93.15;3812
USDRUBF;30;20231025;110000;93.16;93.19;93.02;93.11;2683
USDRUBF;30;20231025;113000;93.13;93.24;93.04;93.24;967
USDRUBF;30;20231025;120000;93.24;93.24;93.06;93.08;1205
USDRUBF;30;20231025;123000;93.08;93.26;93.08;93.25;1347
USDRUBF;30;20231025;130000;93.25;93.33;93.24;93.29;2945
USDRUBF;30;20231025;133000;93.3;93.32;93.26;93.32;607
USDRUBF;30;20231025;140000;93.32;93.36;93.27;93.3;2487
USDRUBF;30;20231025;143000;93.3;93.35;93.28;93.32;1287
USDRUBF;30;20231025;150000;93.33;93.33;93.18;93.19;1533
USDRUBF;30;20231025;153000;93.2;93.35;93.2;93.34;1209
USDRUBF;30;20231025;160000;93.34;93.4;93.33;93.36;2492
USDRUBF;30;20231025;163000;93.37;93.45;93.1;93.13;7122
USDRUBF;30;20231025;170000;93.13;93.32;93.06;93.29;4863
USDRUBF;30;20231025;173000;93.29;93.41;93.22;93.36;2351
USDRUBF;30;20231025;180000;93.35;93.41;93.29;93.37;2073
USDRUBF;30;20231025;183000;93.36;93.39;93.27;93.29;774
USDRUBF;30;20231025;190000;93.34;93.45;93.34;93.39;350
USDRUBF;30;20231025;193000;93.39;93.48;93.39;93.48;652
USDRUBF;30;20231025;200000;93.48;93.5;93.41;93.49;214
USDRUBF;30;20231025;203000;93.47;93.5;93.44;93.46;81
USDRUBF;30;20231025;210000;93.49;93.5;93.45;93.48;125
USDRUBF;30;20231025;213000;93.46;93.49;93.44;93.44;199
USDRUBF;30;20231025;220000;93.44;93.49;93.44;93.45;286
USDRUBF;30;20231025;223000;93.44;93.44;93.4;93.41;149
USDRUBF;30;20231025;230000;93.44;93.45;93.41;93.45;20
USDRUBF;30;20231025;233000;93.45;93.45;93.41;93.41;35
USDRUBF;30;20231026;090000;93.49;94.19;93.49;94.02;4371
USDRUBF;30;20231026;093000;94.02;94.13;93.86;93.91;1583
USDRUBF;30;20231026;100000;93.9;93.98;93.73;93.76;6174
USDRUBF;30;20231026;103000;93.76;93.76;93.46;93.62;3783
USDRUBF;30;20231026;110000;93.62;93.7;93.55;93.61;1789
USDRUBF;30;20231026;113000;93.6;93.61;93.52;93.61;789
USDRUBF;30;20231026;120000;93.6;93.64;93.51;93.51;1043
USDRUBF;30;20231026;123000;93.5;93.68;93.5;93.67;1319
USDRUBF;30;20231026;130000;93.67;93.68;93.58;93.66;1594
USDRUBF;30;20231026;133000;93.66;93.77;93.63;93.68;1584
USDRUBF;30;20231026;140000;93.69;93.73;93.63;93.72;1183
USDRUBF;30;20231026;143000;93.72;93.73;93.58;93.63;1659
USDRUBF;30;20231026;150000;93.65;93.68;93.6;93.67;847
USDRUBF;30;20231026;153000;93.67;93.72;93.63;93.66;949
USDRUBF;30;20231026;160000;93.68;93.74;93.68;93.72;2321
USDRUBF;30;20231026;163000;93.73;93.75;93.58;93.75;2309
USDRUBF;30;20231026;170000;93.75;93.84;93.66;93.66;1489
USDRUBF;30;20231026;173000;93.66;93.7;93.65;93.67;480
USDRUBF;30;20231026;180000;93.68;93.73;93.65;93.71;852
USDRUBF;30;20231026;183000;93.71;93.76;93.68;93.71;2594
USDRUBF;30;20231026;190000;93.73;93.94;93.73;93.89;1240
USDRUBF;30;20231026;193000;93.91;93.94;93.87;93.87;324
USDRUBF;30;20231026;200000;93.88;93.9;93.87;93.9;125
USDRUBF;30;20231026;203000;93.9;93.96;93.87;93.93;331
USDRUBF;30;20231026;210000;93.9;93.94;93.89;93.93;91
USDRUBF;30;20231026;213000;93.93;93.98;93.92;93.97;219
USDRUBF;30;20231026;220000;93.96;93.97;93.93;93.97;53
USDRUBF;30;20231026;223000;93.97;94.15;93.92;94.07;610
USDRUBF;30;20231026;230000;94.07;94.21;94.07;94.16;608
USDRUBF;30;20231026;233000;94.13;94.16;94.02;94.08;158
USDRUBF;30;20231027;090000;94.19;94.35;94.12;94.35;2368
USDRUBF;30;20231027;093000;94.35;94.53;94.16;94.25;5420
USDRUBF;30;20231027;100000;94.26;94.35;93.76;93.85;5581
USDRUBF;30;20231027;103000;93.83;93.91;93.66;93.67;1880
USDRUBF;30;20231027;110000;93.67;93.75;93.61;93.67;1732
USDRUBF;30;20231027;113000;93.67;93.71;93.54;93.62;4411
USDRUBF;30;20231027;120000;93.62;93.63;93.31;93.48;7911
USDRUBF;30;20231027;123000;93.46;93.49;93.35;93.37;4095
USDRUBF;30;20231027;130000;93.37;93.44;93.28;93.43;2130
USDRUBF;30;20231027;133000;93.41;93.48;92.64;92.91;14526
USDRUBF;30;20231027;140000;92.86;92.9;92.6;92.75;6798
USDRUBF;30;20231027;143000;92.75;92.9;92.75;92.86;2774
USDRUBF;30;20231027;150000;92.85;93.09;92.76;93.08;8297
USDRUBF;30;20231027;153000;93.08;93.34;93.05;93.06;6108
USDRUBF;30;20231027;160000;93.06;93.49;93.05;93.46;7228
USDRUBF;30;20231027;163000;93.46;93.88;93.32;93.73;6871
USDRUBF;30;20231027;170000;93.73;93.8;93.58;93.78;3439
USDRUBF;30;20231027;173000;93.81;94;93.77;93.94;4542
USDRUBF;30;20231027;180000;93.94;94.25;93.84;94.01;7499
USDRUBF;30;20231027;183000;94.02;94.23;94.01;94.16;2086
USDRUBF;30;20231027;190000;94.15;94.29;94.05;94.1;1110
USDRUBF;30;20231027;193000;94.1;94.11;94.05;94.05;283
USDRUBF;30;20231027;200000;94.06;94.2;94.04;94.12;541
USDRUBF;30;20231027;203000;94.11;94.27;94.05;94.19;774
USDRUBF;30;20231027;210000;94.23;94.25;94.15;94.19;299
USDRUBF;30;20231027;213000;94.18;94.24;94.07;94.14;289
USDRUBF;30;20231027;220000;94.14;94.23;94.09;94.23;213
USDRUBF;30;20231027;223000;94.22;94.25;94.17;94.22;374
USDRUBF;30;20231027;230000;94.21;94.3;94.16;94.3;324
USDRUBF;30;20231027;233000;94.3;94.34;94.23;94.33;246
USDRUBF;30;20231030;090000;94.29;94.29;93.8;93.98;3171
USDRUBF;30;20231030;093000;93.98;94.03;93.74;93.74;1275
USDRUBF;30;20231030;100000;93.74;93.81;93.29;93.61;7118
USDRUBF;30;20231030;103000;93.62;93.71;93.53;93.6;2138
USDRUBF;30;20231030;110000;93.6;93.61;93.51;93.51;1602
USDRUBF;30;20231030;113000;93.51;93.53;93.32;93.33;2181
USDRUBF;30;20231030;120000;93.33;93.35;93.22;93.28;3055
USDRUBF;30;20231030;123000;93.27;93.38;93.14;93.21;3161
USDRUBF;30;20231030;130000;93.21;93.29;93.18;93.28;962
USDRUBF;30;20231030;133000;93.28;93.28;93.2;93.25;1762
USDRUBF;30;20231030;140000;93.23;93.23;93.02;93.09;3645
USDRUBF;30;20231030;143000;93.08;93.14;92.86;93.08;3153
USDRUBF;30;20231030;150000;93.07;93.15;93;93.1;1706
USDRUBF;30;20231030;153000;93.1;93.28;93.05;93.07;3056
USDRUBF;30;20231030;160000;93.11;93.23;93.01;93.19;2143
USDRUBF;30;20231030;163000;93.19;93.22;93.06;93.17;2826
USDRUBF;30;20231030;170000;93.18;93.27;93.12;93.27;2372
USDRUBF;30;20231030;173000;93.25;93.35;93.17;93.23;2988
USDRUBF;30;20231030;180000;93.23;93.26;92.81;93;3984
USDRUBF;30;20231030;183000;93.01;93.06;92.93;92.96;1288
USDRUBF;30;20231030;190000;92.96;93.03;92.9;92.99;338
USDRUBF;30;20231030;193000;92.99;93;92.9;92.96;195
USDRUBF;30;20231030;200000;92.96;93.07;92.96;93.03;264
USDRUBF;30;20231030;203000;93.07;93.1;93.04;93.05;202
USDRUBF;30;20231030;210000;93.07;93.09;93.04;93.04;207
USDRUBF;30;20231030;213000;93.04;93.05;92.92;92.95;98
USDRUBF;30;20231030;220000;92.95;93.03;92.94;92.98;285
USDRUBF;30;20231030;223000;92.99;93.03;92.98;92.98;129
USDRUBF;30;20231030;230000;92.99;93;92.92;92.96;147
USDRUBF;30;20231030;233000;92.96;92.98;92.95;92.95;149
USDRUBF;30;20231031;090000;93;93.04;92.64;92.71;3317
USDRUBF;30;20231031;093000;92.67;92.77;92.1;92.19;5074
USDRUBF;30;20231031;100000;92.15;92.35;92.12;92.3;6209
USDRUBF;30;20231031;103000;92.3;92.34;92.14;92.18;2851
USDRUBF;30;20231031;110000;92.18;92.2;91.77;91.77;6778
USDRUBF;30;20231031;113000;91.77;91.89;91.72;91.82;2880
USDRUBF;30;20231031;120000;91.84;91.98;91.78;91.96;3011
USDRUBF;30;20231031;123000;91.95;92.17;91.94;91.98;3990
USDRUBF;30;20231031;130000;91.97;92.09;91.92;92.07;1405
USDRUBF;30;20231031;133000;92.08;92.12;92;92.02;1919
USDRUBF;30;20231031;140000;92.02;92.07;91.93;92.02;1609
USDRUBF;30;20231031;143000;92.03;92.41;92.02;92.37;4810
USDRUBF;30;20231031;150000;92.37;92.75;92.34;92.73;6031
USDRUBF;30;20231031;153000;92.74;93.07;92.74;93.04;6441
USDRUBF;30;20231031;160000;93.04;93.45;93.04;93.37;7273
USDRUBF;30;20231031;163000;93.37;93.78;93.35;93.41;6608
USDRUBF;30;20231031;170000;93.41;93.41;93.23;93.27;4497
USDRUBF;30;20231031;173000;93.27;93.55;93.11;93.44;2686
USDRUBF;30;20231031;180000;93.45;93.55;93.35;93.45;2450
USDRUBF;30;20231031;183000;93.45;93.47;93.33;93.44;1082
USDRUBF;30;20231031;190000;93.47;93.52;93.38;93.52;383
USDRUBF;30;20231031;193000;93.52;93.7;93.5;93.69;636
USDRUBF;30;20231031;200000;93.65;93.69;93.58;93.62;181
USDRUBF;30;20231031;203000;93.58;93.6;93.54;93.55;227
USDRUBF;30;20231031;210000;93.55;93.56;93.49;93.52;288
USDRUBF;30;20231031;213000;93.55;93.64;93.5;93.59;166
USDRUBF;30;20231031;220000;93.6;93.64;93.57;93.6;208
USDRUBF;30;20231031;223000;93.6;93.6;93.55;93.6;237
USDRUBF;30;20231031;230000;93.56;93.59;93.5;93.55;74
USDRUBF;30;20231031;233000;93.51;93.6;93.51;93.57;254
USDRUBF;30;20231101;090000;93.37;93.47;93.15;93.42;2060
USDRUBF;30;20231101;093000;93.42;93.44;93.06;93.22;3793
USDRUBF;30;20231101;100000;93.19;93.87;93.1;93.67;8287
USDRUBF;30;20231101;103000;93.7;93.79;93.56;93.66;1878
USDRUBF;30;20231101;110000;93.66;93.71;93.41;93.43;5112
USDRUBF;30;20231101;113000;93.43;93.43;93.02;93.27;5600
USDRUBF;30;20231101;120000;93.26;93.39;93.25;93.29;1601
USDRUBF;30;20231101;123000;93.25;93.28;93.11;93.11;1701
USDRUBF;30;20231101;130000;93.11;93.17;92.9;92.98;3666
USDRUBF;30;20231101;133000;92.97;93.11;92.82;93.08;4764
USDRUBF;30;20231101;140000;93.1;93.42;93.03;93.31;2687
USDRUBF;30;20231101;143000;93.32;93.52;93.16;93.42;2501
USDRUBF;30;20231101;150000;93.4;93.55;93.35;93.48;1678
USDRUBF;30;20231101;153000;93.47;93.48;93.01;93.1;1996
USDRUBF;30;20231101;160000;93.12;93.15;92.73;92.85;5116
USDRUBF;30;20231101;163000;92.87;93.14;92.78;92.83;5126
USDRUBF;30;20231101;170000;92.83;92.86;92.57;92.59;3909
USDRUBF;30;20231101;173000;92.59;93.01;92.56;92.91;4099
USDRUBF;30;20231101;180000;92.91;92.92;92.72;92.8;1227
USDRUBF;30;20231101;183000;92.82;92.94;92.77;92.87;610
USDRUBF;30;20231101;190000;92.87;92.9;92.77;92.81;207
USDRUBF;30;20231101;193000;92.81;92.89;92.81;92.83;106
USDRUBF;30;20231101;200000;92.86;92.91;92.85;92.9;105
USDRUBF;30;20231101;203000;92.9;92.9;92.82;92.89;245
USDRUBF;30;20231101;210000;92.89;92.91;92.81;92.91;95
USDRUBF;30;20231101;213000;92.91;92.95;92.81;92.92;248
USDRUBF;30;20231101;220000;92.9;92.92;92.83;92.84;53
USDRUBF;30;20231101;223000;92.83;92.88;92.82;92.82;48
USDRUBF;30;20231101;230000;92.83;92.86;92.81;92.81;144
USDRUBF;30;20231101;233000;92.81;92.85;92.81;92.81;84
USDRUBF;30;20231102;090000;92.9;93.13;92.9;93.08;2460
USDRUBF;30;20231102;093000;93.06;93.25;93.06;93.14;1071
USDRUBF;30;20231102;100000;93.14;93.45;93.14;93.3;2532
USDRUBF;30;20231102;103000;93.33;93.39;93.26;93.38;1696
USDRUBF;30;20231102;110000;93.38;93.44;93.22;93.23;2930
USDRUBF;30;20231102;113000;93.21;93.25;93.13;93.2;1524
USDRUBF;30;20231102;120000;93.19;93.23;93.11;93.16;1496
USDRUBF;30;20231102;123000;93.16;93.18;93.05;93.11;2426
USDRUBF;30;20231102;130000;93.11;93.19;93.09;93.14;1164
USDRUBF;30;20231102;133000;93.14;93.26;93.12;93.19;582
USDRUBF;30;20231102;140000;93.17;93.3;93.13;93.15;6731
USDRUBF;30;20231102;143000;93.15;93.19;93.12;93.16;1900
USDRUBF;30;20231102;150000;93.16;93.25;93.14;93.24;1368
USDRUBF;30;20231102;153000;93.24;93.36;93.12;93.14;1342
USDRUBF;30;20231102;160000;93.12;93.26;93.12;93.25;726
USDRUBF;30;20231102;163000;93.25;93.32;93.22;93.23;515
USDRUBF;30;20231102;170000;93.2;93.33;93.18;93.33;367
USDRUBF;30;20231102;173000;93.32;93.33;93.17;93.23;1888
USDRUBF;30;20231102;180000;93.23;93.35;93.15;93.35;2663
USDRUBF;30;20231102;183000;93.33;93.39;93.25;93.34;853
USDRUBF;30;20231102;190000;93.35;93.48;93.34;93.35;386
USDRUBF;30;20231102;193000;93.35;93.37;93.33;93.35;185
USDRUBF;30;20231102;200000;93.39;93.4;93.35;93.35;48
USDRUBF;30;20231102;203000;93.38;93.44;93.38;93.41;252
USDRUBF;30;20231102;210000;93.43;93.44;93.39;93.39;168
USDRUBF;30;20231102;213000;93.38;93.44;93.36;93.44;160
USDRUBF;30;20231102;220000;93.39;93.47;93.38;93.44;243
USDRUBF;30;20231102;223000;93.44;93.47;93.43;93.44;70
USDRUBF;30;20231102;230000;93.45;93.47;93.42;93.47;48
USDRUBF;30;20231102;233000;93.47;93.48;93.44;93.44;50
USDRUBF;30;20231103;090000;93.26;93.5;93.26;93.36;1747
USDRUBF;30;20231103;093000;93.4;93.5;93.36;93.43;1378
USDRUBF;30;20231103;100000;93.42;93.75;93.34;93.59;5373
USDRUBF;30;20231103;103000;93.61;93.67;93.11;93.15;3992
USDRUBF;30;20231103;110000;93.14;93.18;92.44;92.95;10120
USDRUBF;30;20231103;113000;92.94;92.97;92.78;92.97;10764
USDRUBF;30;20231103;120000;92.97;93.01;92.75;92.9;7673
USDRUBF;30;20231103;123000;92.92;93.13;92.9;93.08;4381
USDRUBF;30;20231103;130000;93.1;93.17;93.02;93.13;1385
USDRUBF;30;20231103;133000;93.16;93.2;93.06;93.1;2526
USDRUBF;30;20231103;140000;93.11;93.13;92.94;92.96;1257
USDRUBF;30;20231103;143000;92.96;93.07;92.91;93.04;4137
USDRUBF;30;20231103;150000;93.04;93.04;92.93;92.99;2194
USDRUBF;30;20231103;153000;92.94;92.95;92.63;92.84;11844
USDRUBF;30;20231103;160000;92.84;92.93;92.76;92.86;8377
USDRUBF;30;20231103;163000;92.86;92.95;92.76;92.87;5613
USDRUBF;30;20231103;170000;92.87;92.87;92.58;92.7;11378
USDRUBF;30;20231103;173000;92.7;92.7;92.48;92.55;8185
USDRUBF;30;20231103;180000;92.55;92.65;92.5;92.52;3009
USDRUBF;30;20231103;183000;92.53;92.53;92.45;92.48;2210
USDRUBF;30;20231103;190000;92.5;92.57;92.48;92.53;347
USDRUBF;30;20231103;193000;92.54;92.56;92.51;92.54;194
USDRUBF;30;20231103;200000;92.54;92.55;92.5;92.53;214
USDRUBF;30;20231103;203000;92.53;92.58;92.53;92.56;86
USDRUBF;30;20231103;210000;92.53;92.57;92.52;92.52;49
USDRUBF;30;20231103;213000;92.54;92.56;92.5;92.51;214
USDRUBF;30;20231103;220000;92.51;92.54;92.5;92.52;118
USDRUBF;30;20231103;223000;92.52;92.54;92.5;92.54;43
USDRUBF;30;20231103;230000;92.52;92.58;92.52;92.58;85
USDRUBF;30;20231103;233000;92.58;92.65;92.53;92.64;131
USDRUBF;30;20231106;090000;92.62;92.7;92.54;92.57;1365
USDRUBF;30;20231106;093000;92.58;92.76;92.58;92.76;504
USDRUBF;30;20231106;100000;92.76;92.8;92.21;92.39;3462
USDRUBF;30;20231106;103000;92.38;92.39;92.18;92.29;1803
USDRUBF;30;20231106;110000;92.3;92.33;92.22;92.27;677
USDRUBF;30;20231106;113000;92.26;92.37;92.16;92.3;951
USDRUBF;30;20231106;120000;92.3;92.58;92.3;92.57;1997
USDRUBF;30;20231106;123000;92.58;92.58;92.37;92.39;591
USDRUBF;30;20231106;130000;92.41;92.51;92.36;92.49;537
USDRUBF;30;20231106;133000;92.49;92.62;92.46;92.46;1787
USDRUBF;30;20231106;140000;92.5;92.51;92.42;92.43;469
USDRUBF;30;20231106;143000;92.45;92.49;92.37;92.48;475
USDRUBF;30;20231106;150000;92.49;92.55;92.45;92.54;526
USDRUBF;30;20231106;153000;92.53;92.56;92.48;92.48;588
USDRUBF;30;20231106;160000;92.49;92.49;92.41;92.42;392
USDRUBF;30;20231106;163000;92.42;92.48;92.38;92.43;153
USDRUBF;30;20231106;170000;92.43;92.46;92.37;92.4;733
USDRUBF;30;20231106;173000;92.42;92.46;92.34;92.38;328
USDRUBF;30;20231106;180000;92.39;92.46;92.36;92.37;1019
USDRUBF;30;20231106;183000;92.39;92.44;92.35;92.38;784
USDRUBF;30;20231106;190000;92.45;92.54;92.44;92.54;252
USDRUBF;30;20231106;193000;92.54;92.54;92.5;92.54;123
USDRUBF;30;20231106;200000;92.54;92.57;92.52;92.55;67
USDRUBF;30;20231106;203000;92.57;92.59;92.55;92.55;23
USDRUBF;30;20231106;210000;92.58;92.61;92.55;92.61;116
USDRUBF;30;20231106;213000;92.6;92.61;92.57;92.61;64
USDRUBF;30;20231106;220000;92.59;92.61;92.59;92.6;106
USDRUBF;30;20231106;223000;92.62;92.63;92.6;92.63;71
USDRUBF;30;20231106;230000;92.6;92.67;92.59;92.59;443
USDRUBF;30;20231106;233000;92.59;92.64;92.56;92.56;48
USDRUBF;30;20231107;090000;92.7;92.71;92.56;92.62;1158
USDRUBF;30;20231107;093000;92.64;92.65;92.54;92.62;836
USDRUBF;30;20231107;100000;92.62;92.63;92.34;92.49;18165
USDRUBF;30;20231107;103000;92.47;92.67;92.47;92.54;13633
USDRUBF;30;20231107;110000;92.55;92.65;92.37;92.48;2839
USDRUBF;30;20231107;113000;92.49;92.66;92.42;92.62;2258
USDRUBF;30;20231107;120000;92.61;92.83;92.6;92.66;3917
USDRUBF;30;20231107;123000;92.66;92.68;92.52;92.6;838
USDRUBF;30;20231107;130000;92.61;92.69;92.61;92.66;718
USDRUBF;30;20231107;133000;92.66;92.66;92.57;92.63;1327
USDRUBF;30;20231107;140000;92.6;92.63;92.59;92.61;231
USDRUBF;30;20231107;143000;92.62;92.62;92.5;92.52;1252
USDRUBF;30;20231107;150000;92.52;92.6;92.49;92.57;608
USDRUBF;30;20231107;153000;92.59;92.65;92.5;92.56;1290
USDRUBF;30;20231107;160000;92.56;92.59;92.48;92.5;1286
USDRUBF;30;20231107;163000;92.5;92.56;92.44;92.53;1742
USDRUBF;30;20231107;170000;92.51;92.58;92.48;92.56;1078
USDRUBF;30;20231107;173000;92.57;92.57;92.51;92.52;394
USDRUBF;30;20231107;180000;92.53;92.56;92.37;92.55;2409
USDRUBF;30;20231107;183000;92.55;92.55;92.4;92.45;1851
USDRUBF;30;20231107;190000;92.47;92.54;92.46;92.47;484
USDRUBF;30;20231107;193000;92.47;92.5;92.45;92.49;104
USDRUBF;30;20231107;200000;92.49;92.55;92.48;92.55;74
USDRUBF;30;20231107;203000;92.52;92.56;92.52;92.56;105
USDRUBF;30;20231107;210000;92.55;92.56;92.51;92.54;94
USDRUBF;30;20231107;213000;92.51;92.54;92.47;92.52;122
USDRUBF;30;20231107;220000;92.51;92.61;92.47;92.56;293
USDRUBF;30;20231107;223000;92.57;92.6;92.56;92.6;178
USDRUBF;30;20231107;230000;92.6;92.79;92.59;92.72;769
USDRUBF;30;20231107;233000;92.7;92.72;92.63;92.7;95
USDRUBF;30;20231108;090000;92.62;92.62;92.5;92.51;1082
USDRUBF;30;20231108;093000;92.53;92.54;92.45;92.51;1452
USDRUBF;30;20231108;100000;92.49;92.77;92.46;92.53;4371
USDRUBF;30;20231108;103000;92.53;92.59;92.52;92.55;1270
USDRUBF;30;20231108;110000;92.55;92.56;92.45;92.46;1067
USDRUBF;30;20231108;113000;92.44;92.49;92.41;92.43;1313
USDRUBF;30;20231108;120000;92.43;92.5;92.37;92.37;1323
USDRUBF;30;20231108;123000;92.37;92.38;92.17;92.26;4689
USDRUBF;30;20231108;130000;92.26;92.32;92.23;92.28;790
USDRUBF;30;20231108;133000;92.27;92.31;92.2;92.29;1238
USDRUBF;30;20231108;140000;92.28;92.29;92.19;92.21;555
USDRUBF;30;20231108;143000;92.2;92.24;91.93;92.02;3713
USDRUBF;30;20231108;150000;92.02;92.27;92.01;92.25;2047
USDRUBF;30;20231108;153000;92.24;92.36;92.23;92.29;2597
USDRUBF;30;20231108;160000;92.29;92.31;92.03;92.09;1683
USDRUBF;30;20231108;163000;92.09;92.12;91.91;92;2700
USDRUBF;30;20231108;170000;92.02;92.07;91.97;92.07;1731
USDRUBF;30;20231108;173000;92.06;92.12;91.93;91.96;1220
USDRUBF;30;20231108;180000;91.96;92;91.93;92;1026
USDRUBF;30;20231108;183000;92;92.07;91.92;91.98;2036
USDRUBF;30;20231108;190000;92.07;92.08;91.97;92.01;474
USDRUBF;30;20231108;193000;92.01;92.04;91.94;92.03;284
USDRUBF;30;20231108;200000;92.03;92.09;92.02;92.08;271
USDRUBF;30;20231108;203000;92.08;92.12;92.05;92.12;157
USDRUBF;30;20231108;210000;92.13;92.28;92.12;92.19;782
USDRUBF;30;20231108;213000;92.2;92.22;92.06;92.1;217
USDRUBF;30;20231108;220000;92.08;92.1;92.03;92.08;123
USDRUBF;30;20231108;223000;92.1;92.15;92.1;92.11;28
USDRUBF;30;20231108;230000;92.1;92.12;92.08;92.12;18
USDRUBF;30;20231108;233000;92.07;92.13;92.07;92.13;34
USDRUBF;30;20231109;090000;92.16;92.2;92.09;92.18;1018
USDRUBF;30;20231109;093000;92.18;92.24;92.12;92.16;1121
USDRUBF;30;20231109;100000;92.15;92.22;91.87;92.08;3502
USDRUBF;30;20231109;103000;92.08;92.08;91.87;91.94;1605
USDRUBF;30;20231109;110000;91.97;91.97;91.89;91.91;977
USDRUBF;30;20231109;113000;91.93;91.95;91.87;91.94;1318
USDRUBF;30;20231109;120000;91.94;92;91.9;91.99;1380
USDRUBF;30;20231109;123000;91.99;92.1;91.96;92.06;1926
USDRUBF;30;20231109;130000;92.06;92.19;92.05;92.19;1385
USDRUBF;30;20231109;133000;92.17;92.22;92.11;92.17;1850
USDRUBF;30;20231109;140000;92.15;92.29;92.13;92.24;1369
USDRUBF;30;20231109;143000;92.24;92.32;92.21;92.26;810
USDRUBF;30;20231109;150000;92.26;92.32;92.17;92.18;981
USDRUBF;30;20231109;153000;92.17;92.28;92.16;92.25;1226
USDRUBF;30;20231109;160000;92.28;92.3;92.04;92.09;2131
USDRUBF;30;20231109;163000;92.08;92.14;92.06;92.11;1376
USDRUBF;30;20231109;170000;92.12;92.15;92;92.09;1276
USDRUBF;30;20231109;173000;92.1;92.17;92.05;92.08;1517
USDRUBF;30;20231109;180000;92.08;92.21;92.08;92.17;1011
USDRUBF;30;20231109;183000;92.17;92.23;92.13;92.13;1166
USDRUBF;30;20231109;190000;92.19;92.26;92.18;92.22;700
USDRUBF;30;20231109;193000;92.22;92.22;92.17;92.17;66
USDRUBF;30;20231109;200000;92.18;92.19;92.16;92.16;263
USDRUBF;30;20231109;203000;92.15;92.16;92.12;92.15;136
USDRUBF;30;20231109;210000;92.15;92.16;92.12;92.16;190
USDRUBF;30;20231109;213000;92.16;92.17;92.14;92.14;16
USDRUBF;30;20231109;220000;92.14;92.26;92.12;92.25;424
USDRUBF;30;20231109;223000;92.25;92.58;92.25;92.38;1189
USDRUBF;30;20231109;230000;92.39;92.39;92.34;92.34;54
USDRUBF;30;20231109;233000;92.35;92.37;92.34;92.37;120
USDRUBF;30;20231110;090000;92.25;92.34;92.16;92.33;784
USDRUBF;30;20231110;093000;92.34;92.36;92.16;92.16;847
USDRUBF;30;20231110;100000;92.16;92.27;92.13;92.19;778
USDRUBF;30;20231110;103000;92.23;92.24;92.16;92.17;599
USDRUBF;30;20231110;110000;92.18;92.23;92.1;92.19;1425
USDRUBF;30;20231110;113000;92.18;92.19;92.13;92.18;1619
USDRUBF;30;20231110;120000;92.19;92.19;92.11;92.13;462
USDRUBF;30;20231110;123000;92.14;92.16;92.08;92.15;1182
USDRUBF;30;20231110;130000;92.16;92.18;92.12;92.16;808
USDRUBF;30;20231110;133000;92.16;92.19;92.14;92.14;640
USDRUBF;30;20231110;140000;92.14;92.2;92.13;92.17;622
USDRUBF;30;20231110;143000;92.2;92.2;92.15;92.19;820
USDRUBF;30;20231110;150000;92.18;92.18;92.14;92.16;396
USDRUBF;30;20231110;153000;92.16;92.22;92.03;92.18;964
USDRUBF;30;20231110;160000;92.17;92.32;92.15;92.3;6432
USDRUBF;30;20231110;163000;92.3;92.53;92.29;92.35;15262
USDRUBF;30;20231110;170000;92.35;92.47;92.35;92.43;1395
USDRUBF;30;20231110;173000;92.42;92.43;92.33;92.35;742
USDRUBF;30;20231110;180000;92.36;92.4;92.34;92.35;627
USDRUBF;30;20231110;183000;92.34;92.38;92.32;92.35;1426
USDRUBF;30;20231110;190000;92.44;92.69;92.4;92.62;2658
USDRUBF;30;20231110;193000;92.63;92.69;92.61;92.66;208
USDRUBF;30;20231110;200000;92.68;92.7;92.59;92.6;186
USDRUBF;30;20231110;203000;92.6;92.64;92.59;92.6;118
USDRUBF;30;20231110;210000;92.61;92.66;92.61;92.66;68
USDRUBF;30;20231110;213000;92.66;92.7;92.53;92.66;772
USDRUBF;30;20231110;220000;92.67;92.67;92.63;92.63;69
USDRUBF;30;20231110;223000;92.64;92.65;92.62;92.62;28
USDRUBF;30;20231110;230000;92.61;92.65;92.61;92.63;66
USDRUBF;30;20231110;233000;92.61;92.68;92.61;92.68;55
USDRUBF;30;20231113;090000;92.54;92.57;92.43;92.46;1419
USDRUBF;30;20231113;093000;92.47;92.56;92.46;92.49;286
USDRUBF;30;20231113;100000;92.49;92.61;92.37;92.37;1948
USDRUBF;30;20231113;103000;92.37;92.43;92.35;92.38;1277
USDRUBF;30;20231113;110000;92.38;92.41;92.36;92.38;900
USDRUBF;30;20231113;113000;92.38;92.39;92.31;92.31;622
USDRUBF;30;20231113;120000;92.32;92.38;92.2;92.22;1271
USDRUBF;30;20231113;123000;92.23;92.27;92.18;92.23;1406
USDRUBF;30;20231113;130000;92.22;92.22;92.15;92.19;1014
USDRUBF;30;20231113;133000;92.2;92.26;92.2;92.2;882
USDRUBF;30;20231113;140000;92.2;92.23;92.18;92.2;272
USDRUBF;30;20231113;143000;92.2;92.2;91.96;91.97;2749
USDRUBF;30;20231113;150000;91.96;92.1;91.9;92.09;2629
USDRUBF;30;20231113;153000;92.1;92.18;92.06;92.13;1186
USDRUBF;30;20231113;160000;92.12;92.12;92;92;990
USDRUBF;30;20231113;163000;92.01;92.12;91.95;91.97;1478
USDRUBF;30;20231113;170000;91.98;92.01;91.9;91.94;1238
USDRUBF;30;20231113;173000;91.94;91.94;91.89;91.9;2526
USDRUBF;30;20231113;180000;91.91;91.91;91.63;91.68;5519
USDRUBF;30;20231113;183000;91.68;91.75;91.62;91.69;1479
USDRUBF;30;20231113;190000;91.71;91.82;91.63;91.69;967
USDRUBF;30;20231113;193000;91.66;91.66;91.55;91.57;664
USDRUBF;30;20231113;200000;91.58;91.67;91.56;91.65;144
USDRUBF;30;20231113;203000;91.63;91.7;91.61;91.69;185
USDRUBF;30;20231113;210000;91.68;91.69;91.65;91.67;114
USDRUBF;30;20231113;213000;91.66;91.68;91.65;91.65;63
USDRUBF;30;20231113;220000;91.65;91.71;91.65;91.71;155
USDRUBF;30;20231113;223000;91.7;91.77;91.66;91.71;184
USDRUBF;30;20231113;230000;91.72;91.8;91.64;91.67;152
USDRUBF;30;20231113;233000;91.65;91.7;91.61;91.7;149
USDRUBF;30;20231114;090000;91.81;91.84;91.57;91.6;1385
USDRUBF;30;20231114;093000;91.6;91.75;91.55;91.55;2262
USDRUBF;30;20231114;100000;91.55;91.64;91.44;91.58;5287
USDRUBF;30;20231114;103000;91.57;91.6;91.52;91.56;1112
USDRUBF;30;20231114;110000;91.56;91.65;91.53;91.6;771
USDRUBF;30;20231114;113000;91.61;91.64;91.55;91.57;582
USDRUBF;30;20231114;120000;91.57;91.59;91.51;91.51;1113
USDRUBF;30;20231114;123000;91.51;91.54;91.5;91.52;1590
USDRUBF;30;20231114;130000;91.53;91.53;91.48;91.48;4340
USDRUBF;30;20231114;133000;91.49;91.5;91.22;91.23;3672
USDRUBF;30;20231114;140000;91.22;91.32;91.08;91.15;3851
USDRUBF;30;20231114;143000;91.16;91.17;90.92;90.95;9630
USDRUBF;30;20231114;150000;90.93;91.09;90.87;91.01;4335
USDRUBF;30;20231114;153000;91.01;91.03;90.92;90.99;3346
USDRUBF;30;20231114;160000;90.98;91.01;90.93;91;4026
USDRUBF;30;20231114;163000;91;91;90.55;90.78;16332
USDRUBF;30;20231114;170000;90.78;91.01;90.7;90.97;4112
USDRUBF;30;20231114;173000;90.97;90.98;90.74;90.76;1815
USDRUBF;30;20231114;180000;90.78;90.81;90.63;90.71;1484
USDRUBF;30;20231114;183000;90.71;90.85;90.7;90.7;1486
USDRUBF;30;20231114;190000;90.8;90.8;90.7;90.74;794
USDRUBF;30;20231114;193000;90.77;90.78;90.66;90.67;718
USDRUBF;30;20231114;200000;90.73;90.82;90.69;90.82;206
USDRUBF;30;20231114;203000;90.82;90.88;90.8;90.83;232
USDRUBF;30;20231114;210000;90.83;90.83;90.74;90.76;118
USDRUBF;30;20231114;213000;90.77;90.79;90.71;90.77;85
USDRUBF;30;20231114;220000;90.75;90.76;90.71;90.71;64
USDRUBF;30;20231114;223000;90.7;90.7;90.68;90.68;89
USDRUBF;30;20231114;230000;90.68;90.7;90.67;90.68;67
USDRUBF;30;20231114;233000;90.68;90.7;90.63;90.7;247
USDRUBF;30;20231115;090000;90.49;90.49;90.28;90.32;1608
USDRUBF;30;20231115;093000;90.31;90.39;90.31;90.36;871
USDRUBF;30;20231115;100000;90.36;90.64;90.24;90.26;5625
USDRUBF;30;20231115;103000;90.25;90.31;90.01;90.02;8630
USDRUBF;30;20231115;110000;90.02;90.26;89.8;89.92;10919
USDRUBF;30;20231115;113000;89.92;89.97;89.69;89.73;5818
USDRUBF;30;20231115;120000;89.71;89.77;89.28;89.36;7812
USDRUBF;30;20231115;123000;89.39;89.63;89.34;89.57;4647
USDRUBF;30;20231115;130000;89.56;89.57;89.34;89.41;3948
USDRUBF;30;20231115;133000;89.41;89.42;89.16;89.26;5204
USDRUBF;30;20231115;140000;89.23;89.35;89.01;89.34;8616
USDRUBF;30;20231115;143000;89.34;89.4;89.29;89.36;4424
USDRUBF;30;20231115;150000;89.38;89.63;89.37;89.55;4278
USDRUBF;30;20231115;153000;89.57;89.64;89.46;89.48;2221
USDRUBF;30;20231115;160000;89.49;89.62;89.31;89.57;2699
USDRUBF;30;20231115;163000;89.57;89.72;89.5;89.59;3576
USDRUBF;30;20231115;170000;89.58;89.62;89.42;89.43;1650
USDRUBF;30;20231115;173000;89.46;89.62;89.43;89.62;2216
USDRUBF;30;20231115;180000;89.63;89.65;89.36;89.41;3038
USDRUBF;30;20231115;183000;89.42;89.53;89.27;89.38;3320
USDRUBF;30;20231115;190000;89.47;89.6;89.42;89.44;849
USDRUBF;30;20231115;193000;89.43;89.47;89.38;89.45;617
USDRUBF;30;20231115;200000;89.46;89.49;89.38;89.44;343
USDRUBF;30;20231115;203000;89.41;89.46;89.4;89.45;122
USDRUBF;30;20231115;210000;89.44;89.46;89.41;89.45;81
USDRUBF;30;20231115;213000;89.45;89.47;89.44;89.46;171
USDRUBF;30;20231115;220000;89.44;89.44;89.39;89.39;144
USDRUBF;30;20231115;223000;89.43;89.45;89.39;89.45;84
USDRUBF;30;20231115;230000;89.44;89.49;89.41;89.45;161
USDRUBF;30;20231115;233000;89.45;89.47;89.33;89.43;262
USDRUBF;30;20231116;090000;89.38;89.46;89.21;89.42;2161
USDRUBF;30;20231116;093000;89.41;89.47;89.23;89.28;1165
USDRUBF;30;20231116;100000;89.27;89.52;89.19;89.3;2598
USDRUBF;30;20231116;103000;89.32;89.36;89.16;89.19;2081
USDRUBF;30;20231116;110000;89.22;89.23;88.82;88.94;9517
USDRUBF;30;20231116;113000;88.95;89.01;88.74;88.94;3988
USDRUBF;30;20231116;120000;88.94;89.04;88.84;89.03;1609
USDRUBF;30;20231116;123000;89.02;89.16;89;89.12;3939
USDRUBF;30;20231116;130000;89.13;89.26;89.05;89.07;3180
USDRUBF;30;20231116;133000;89.06;89.07;88.94;89.06;3831
USDRUBF;30;20231116;140000;89.03;89.18;89.03;89.18;3019
USDRUBF;30;20231116;143000;89.18;89.3;89.16;89.24;2262
USDRUBF;30;20231116;150000;89.24;89.29;89.15;89.24;1300
USDRUBF;30;20231116;153000;89.25;89.31;89.16;89.17;1156
USDRUBF;30;20231116;160000;89.16;89.17;88.96;89.08;3546
USDRUBF;30;20231116;163000;89.05;89.14;89.02;89.03;817
USDRUBF;30;20231116;170000;89.03;89.18;88.99;89.17;2694
USDRUBF;30;20231116;173000;89.17;89.18;89.06;89.06;4230
USDRUBF;30;20231116;180000;89.06;89.29;89.05;89.17;3254
USDRUBF;30;20231116;183000;89.18;89.19;89.09;89.11;5218
USDRUBF;30;20231116;190000;89.2;89.55;89.17;89.24;1978
USDRUBF;30;20231116;193000;89.24;89.64;89.23;89.64;907
USDRUBF;30;20231116;200000;89.63;89.64;89.42;89.58;528
USDRUBF;30;20231116;203000;89.47;89.53;89.41;89.47;327
USDRUBF;30;20231116;210000;89.49;89.66;89.49;89.59;2457
USDRUBF;30;20231116;213000;89.59;89.65;89.54;89.61;809
USDRUBF;30;20231116;220000;89.62;89.66;89.54;89.63;624
USDRUBF;30;20231116;223000;89.62;89.64;89.55;89.61;345
USDRUBF;30;20231116;230000;89.6;89.66;89.55;89.55;324
USDRUBF;30;20231116;233000;89.54;89.57;89.48;89.51;267
USDRUBF;30;20231117;090000;89.3;89.45;89.2;89.33;1977
USDRUBF;30;20231117;093000;89.33;89.39;89.21;89.27;1028
USDRUBF;30;20231117;100000;89.28;89.37;89.24;89.25;1630
USDRUBF;30;20231117;103000;89.23;89.29;89.22;89.22;534
USDRUBF;30;20231117;110000;89.21;89.26;89.16;89.21;1797
USDRUBF;30;20231117;113000;89.25;89.25;89.18;89.23;710
USDRUBF;30;20231117;120000;89.22;89.26;89.18;89.25;627
USDRUBF;30;20231117;123000;89.25;89.27;89.22;89.25;599
USDRUBF;30;20231117;130000;89.25;89.26;89.18;89.18;628
USDRUBF;30;20231117;133000;89.18;89.27;89.14;89.26;1305
USDRUBF;30;20231117;140000;89.21;89.44;89.15;89.41;2981
USDRUBF;30;20231117;143000;89.42;89.55;89.29;89.48;2254
USDRUBF;30;20231117;150000;89.49;89.56;89.38;89.43;2908
USDRUBF;30;20231117;153000;89.45;89.53;89.33;89.49;1241
USDRUBF;30;20231117;160000;89.49;89.54;89.35;89.37;3326
USDRUBF;30;20231117;163000;89.43;89.7;89.43;89.68;11329
USDRUBF;30;20231117;170000;89.69;89.74;89.65;89.7;1281
USDRUBF;30;20231117;173000;89.71;90.35;89.69;90.13;8514
USDRUBF;30;20231117;180000;90.15;90.47;90.12;90.22;9901
USDRUBF;30;20231117;183000;90.21;90.21;90.06;90.07;1607
USDRUBF;30;20231117;190000;90.15;90.33;90.15;90.23;1146
USDRUBF;30;20231117;193000;90.22;90.33;90.21;90.33;384
USDRUBF;30;20231117;200000;90.33;90.36;90.18;90.28;570
USDRUBF;30;20231117;203000;90.26;90.26;90.22;90.24;148
USDRUBF;30;20231117;210000;90.22;90.31;90.03;90.14;462
USDRUBF;30;20231117;213000;90.1;90.12;90.05;90.05;251
USDRUBF;30;20231117;220000;90.06;90.15;90.06;90.11;186
USDRUBF;30;20231117;223000;90.12;90.15;90.05;90.14;151
USDRUBF;30;20231117;230000;90.1;90.12;89.94;90;514
USDRUBF;30;20231117;233000;90;90;89.94;89.94;101
USDRUBF;30;20231120;090000;89.79;89.79;89.47;89.72;4068
USDRUBF;30;20231120;093000;89.72;89.75;89.49;89.62;1569
USDRUBF;30;20231120;100000;89.61;89.71;89.22;89.24;4562
USDRUBF;30;20231120;103000;89.24;89.24;88.65;88.73;9894
USDRUBF;30;20231120;110000;88.72;88.76;88.31;88.34;8754
USDRUBF;30;20231120;113000;88.33;88.57;88.3;88.34;4996
USDRUBF;30;20231120;120000;88.34;88.57;88.19;88.39;8186
USDRUBF;30;20231120;123000;88.4;88.51;88.3;88.49;3529
USDRUBF;30;20231120;130000;88.49;88.49;88.37;88.43;1390
USDRUBF;30;20231120;133000;88.42;88.46;88.37;88.38;1991
USDRUBF;30;20231120;140000;88.42;88.47;88.4;88.4;1000
USDRUBF;30;20231120;143000;88.4;88.58;88.37;88.52;4617
USDRUBF;30;20231120;150000;88.53;88.69;88.5;88.62;5556
USDRUBF;30;20231120;153000;88.62;88.73;88.54;88.73;7619
USDRUBF;30;20231120;160000;88.72;88.79;88.66;88.76;3024
USDRUBF;30;20231120;163000;88.76;88.77;88.54;88.55;3696
USDRUBF;30;20231120;170000;88.53;88.67;88.37;88.65;3862
USDRUBF;30;20231120;173000;88.65;88.67;88.34;88.47;17309
USDRUBF;30;20231120;180000;88.47;88.6;88.45;88.52;1379
USDRUBF;30;20231120;183000;88.52;88.57;88.31;88.46;6959
USDRUBF;30;20231120;190000;88.47;88.52;88.33;88.35;1422
USDRUBF;30;20231120;193000;88.34;88.4;88.33;88.35;365
USDRUBF;30;20231120;200000;88.37;88.38;88.31;88.32;300
USDRUBF;30;20231120;203000;88.31;88.36;88.3;88.32;236
USDRUBF;30;20231120;210000;88.32;88.33;88.25;88.25;304
USDRUBF;30;20231120;213000;88.26;88.26;88.21;88.24;402
USDRUBF;30;20231120;220000;88.24;88.37;88.23;88.34;406
USDRUBF;30;20231120;223000;88.33;88.35;88.3;88.34;101
USDRUBF;30;20231120;230000;88.32;88.35;88.26;88.27;293
USDRUBF;30;20231120;233000;88.28;88.28;88.1;88.19;290
USDRUBF;30;20231121;090000;88.14;88.14;87.79;88;8078
USDRUBF;30;20231121;093000;87.98;88.1;87.92;87.96;4774
USDRUBF;30;20231121;100000;87.97;88.17;87.75;87.97;6501
USDRUBF;30;20231121;103000;87.96;87.96;87.8;87.84;2418
USDRUBF;30;20231121;110000;87.86;87.97;87.83;87.92;5536
USDRUBF;30;20231121;113000;87.92;88.11;87.9;88.11;4022
USDRUBF;30;20231121;120000;88.11;88.25;87.9;88.05;5541
USDRUBF;30;20231121;123000;88.06;88.13;87.97;88.11;1497
USDRUBF;30;20231121;130000;88.11;88.15;88.02;88.04;1639
USDRUBF;30;20231121;133000;88.03;88.14;87.95;88.06;2586
USDRUBF;30;20231121;140000;88.05;88.12;88;88.01;4149
USDRUBF;30;20231121;143000;88.01;88.05;87.97;87.98;7773
USDRUBF;30;20231121;150000;87.99;88.08;87.96;88;1500
USDRUBF;30;20231121;153000;88;88.16;87.9;88.1;2928
USDRUBF;30;20231121;160000;88.1;88.13;87.84;87.87;6705
USDRUBF;30;20231121;163000;87.86;87.95;87.79;87.93;1378
USDRUBF;30;20231121;170000;87.93;88;87.9;87.93;1255
USDRUBF;30;20231121;173000;87.94;88;87.91;87.97;692
USDRUBF;30;20231121;180000;87.96;87.96;87.85;87.9;1158
USDRUBF;30;20231121;183000;87.89;87.95;87.87;87.88;1991
USDRUBF;30;20231121;190000;87.88;87.91;87.75;87.85;1062
USDRUBF;30;20231121;193000;87.85;87.87;87.8;87.8;192
USDRUBF;30;20231121;200000;87.8;87.86;87.75;87.83;538
USDRUBF;30;20231121;203000;87.82;87.88;87.82;87.84;132
USDRUBF;30;20231121;210000;87.85;87.88;87.84;87.87;85
USDRUBF;30;20231121;213000;87.87;87.95;87.85;87.95;186
USDRUBF;30;20231121;220000;87.94;87.97;87.87;87.97;380
USDRUBF;30;20231121;223000;87.96;88;87.91;87.91;724
USDRUBF;30;20231121;230000;87.9;87.94;87.9;87.92;149
USDRUBF;30;20231121;233000;87.92;87.92;87.82;87.84;199
USDRUBF;30;20231122;090000;87.93;88.12;87.93;88.11;1991
USDRUBF;30;20231122;093000;88.1;88.14;87.98;88.02;1368
USDRUBF;30;20231122;100000;88.03;88.11;87.95;88.04;2808
USDRUBF;30;20231122;103000;88.06;88.13;88.02;88.08;1089
USDRUBF;30;20231122;110000;88.06;88.13;88.05;88.13;1304
USDRUBF;30;20231122;113000;88.13;88.41;88.09;88.34;5272
USDRUBF;30;20231122;120000;88.35;88.4;88.28;88.31;1272
USDRUBF;30;20231122;123000;88.31;88.37;88.22;88.37;965
USDRUBF;30;20231122;130000;88.36;88.53;88.35;88.38;2750
USDRUBF;30;20231122;133000;88.38;88.42;88.28;88.33;1213
USDRUBF;30;20231122;140000;88.32;88.45;88.29;88.4;1565
USDRUBF;30;20231122;143000;88.39;88.41;88.29;88.34;720
USDRUBF;30;20231122;150000;88.35;88.39;88.23;88.32;1447
USDRUBF;30;20231122;153000;88.32;88.38;88.28;88.28;2509
USDRUBF;30;20231122;160000;88.29;88.34;88.27;88.33;1985
USDRUBF;30;20231122;163000;88.33;88.45;88.33;88.41;1323
USDRUBF;30;20231122;170000;88.41;88.67;88.39;88.62;3613
USDRUBF;30;20231122;173000;88.65;88.72;88.51;88.57;3457
USDRUBF;30;20231122;180000;88.56;88.62;88.54;88.55;1577
USDRUBF;30;20231122;183000;88.53;88.57;88.45;88.46;1558
USDRUBF;30;20231122;190000;88.5;88.57;88.33;88.49;702
USDRUBF;30;20231122;193000;88.47;88.55;88.41;88.55;213
USDRUBF;30;20231122;200000;88.55;88.55;88.46;88.49;158
USDRUBF;30;20231122;203000;88.47;88.47;88.33;88.33;273
USDRUBF;30;20231122;210000;88.33;88.4;88.33;88.36;232
USDRUBF;30;20231122;213000;88.35;88.37;87.94;88.1;2201
USDRUBF;30;20231122;220000;88.1;88.2;88.08;88.18;468
USDRUBF;30;20231122;223000;88.17;88.21;88.16;88.21;97
USDRUBF;30;20231122;230000;88.22;88.25;88.11;88.11;372
USDRUBF;30;20231122;233000;88.16;88.21;88.12;88.12;489
USDRUBF;30;20231123;090000;88.17;88.31;88.08;88.31;1502
USDRUBF;30;20231123;093000;88.32;88.33;88.23;88.23;333
USDRUBF;30;20231123;100000;88.2;88.25;87.99;88.11;3053
USDRUBF;30;20231123;103000;88.1;88.21;88.09;88.17;1495
USDRUBF;30;20231123;110000;88.18;88.22;88.14;88.2;918
USDRUBF;30;20231123;113000;88.19;88.23;88.16;88.22;648
USDRUBF;30;20231123;120000;88.23;88.36;88.21;88.33;2024
USDRUBF;30;20231123;123000;88.34;88.35;88.3;88.31;667
USDRUBF;30;20231123;130000;88.31;88.45;88.31;88.39;1327
USDRUBF;30;20231123;133000;88.4;88.41;88.31;88.35;812
USDRUBF;30;20231123;140000;88.35;88.38;88.26;88.29;3723
USDRUBF;30;20231123;143000;88.29;88.36;88.25;88.33;4483
USDRUBF;30;20231123;150000;88.32;88.4;88.28;88.39;2106
USDRUBF;30;20231123;153000;88.4;88.53;88.36;88.49;3343
USDRUBF;30;20231123;160000;88.49;88.62;88.45;88.49;5275
USDRUBF;30;20231123;163000;88.48;88.6;88.45;88.47;3395
USDRUBF;30;20231123;170000;88.46;88.54;88.39;88.49;3418
USDRUBF;30;20231123;173000;88.49;88.54;88.37;88.43;3089
USDRUBF;30;20231123;180000;88.46;88.58;88.44;88.49;1608
USDRUBF;30;20231123;183000;88.49;88.5;88.37;88.38;1160
USDRUBF;30;20231123;190000;88.37;88.51;88.35;88.48;839
USDRUBF;30;20231123;193000;88.5;88.59;88.48;88.56;289
USDRUBF;30;20231123;200000;88.58;88.58;88.55;88.56;291
USDRUBF;30;20231123;203000;88.56;88.56;88.49;88.54;400
USDRUBF;30;20231123;210000;88.54;88.54;88.5;88.54;52
USDRUBF;30;20231123;213000;88.54;88.55;88.49;88.5;211
USDRUBF;30;20231123;220000;88.49;88.51;88.48;88.48;42
USDRUBF;30;20231123;223000;88.48;88.51;88.47;88.48;129
USDRUBF;30;20231123;230000;88.49;88.49;88.41;88.45;105
USDRUBF;30;20231123;233000;88.47;88.52;88.46;88.5;51
USDRUBF;30;20231124;090000;88.6;89.05;88.6;88.94;3961
USDRUBF;30;20231124;093000;88.94;89.14;88.84;89.05;2293
USDRUBF;30;20231124;100000;89.06;89.46;89;89.11;8631
USDRUBF;30;20231124;103000;89.1;89.13;88.85;88.85;2649
USDRUBF;30;20231124;110000;88.86;88.86;88.52;88.58;4821
USDRUBF;30;20231124;113000;88.57;88.7;88.39;88.54;2870
USDRUBF;30;20231124;120000;88.54;88.77;88.43;88.71;3604
USDRUBF;30;20231124;123000;88.73;89.11;88.7;89.04;3722
USDRUBF;30;20231124;130000;89.08;89.28;89.03;89.03;6064
USDRUBF;30;20231124;133000;89.02;89.17;88.97;89.02;3540
USDRUBF;30;20231124;140000;89;89.11;88.93;88.97;3650
USDRUBF;30;20231124;143000;88.97;89.05;88.95;89.01;874
USDRUBF;30;20231124;150000;89.01;89.03;88.91;89.01;2090
USDRUBF;30;20231124;153000;89.01;89.12;88.91;88.99;1478
USDRUBF;30;20231124;160000;88.93;88.93;88.68;88.88;3952
USDRUBF;30;20231124;163000;88.89;88.96;88.86;88.96;931
USDRUBF;30;20231124;170000;88.95;88.98;88.87;88.9;1494
USDRUBF;30;20231124;173000;88.92;88.92;88.78;88.79;867
USDRUBF;30;20231124;180000;88.8;88.84;88.74;88.78;2714
USDRUBF;30;20231124;183000;88.79;88.79;88.74;88.74;861
USDRUBF;30;20231124;190000;88.79;88.94;88.77;88.9;519
USDRUBF;30;20231124;193000;88.9;88.9;88.82;88.83;88
USDRUBF;30;20231124;200000;88.82;88.93;88.8;88.87;214
USDRUBF;30;20231124;203000;88.89;88.91;88.82;88.89;59
USDRUBF;30;20231124;210000;88.89;88.89;88.8;88.82;189
USDRUBF;30;20231124;213000;88.82;88.87;88.82;88.85;157
USDRUBF;30;20231124;220000;88.86;88.86;88.78;88.78;296
USDRUBF;30;20231124;223000;88.79;88.84;88.72;88.84;560
USDRUBF;30;20231124;230000;88.83;88.83;88.73;88.83;268
USDRUBF;30;20231124;233000;88.86;88.89;88.77;88.77;118
USDRUBF;30;20231127;090000;88.93;89.06;88.85;88.91;1142
USDRUBF;30;20231127;093000;88.93;89.05;88.93;88.95;1090
USDRUBF;30;20231127;100000;88.95;89.03;88.77;88.83;3696
USDRUBF;30;20231127;103000;88.82;88.9;88.81;88.86;822
USDRUBF;30;20231127;110000;88.84;88.88;88.63;88.65;7875
USDRUBF;30;20231127;113000;88.65;88.81;88.65;88.79;6913
USDRUBF;30;20231127;120000;88.81;88.91;88.75;88.8;2722
USDRUBF;30;20231127;123000;88.79;88.88;88.76;88.88;1942
USDRUBF;30;20231127;130000;88.88;88.94;88.85;88.91;2211
USDRUBF;30;20231127;133000;88.9;88.91;88.79;88.81;1015
USDRUBF;30;20231127;140000;88.83;88.92;88.81;88.83;1873
USDRUBF;30;20231127;143000;88.82;88.83;88.67;88.67;1090
USDRUBF;30;20231127;150000;88.67;88.74;88.6;88.74;2139
USDRUBF;30;20231127;153000;88.72;88.84;88.69;88.79;1228
USDRUBF;30;20231127;160000;88.8;88.82;88.69;88.7;927
USDRUBF;30;20231127;163000;88.69;88.75;88.63;88.66;1014
USDRUBF;30;20231127;170000;88.65;88.66;88.38;88.47;3125
USDRUBF;30;20231127;173000;88.48;88.78;88.46;88.71;4152
USDRUBF;30;20231127;180000;88.71;88.96;88.69;88.96;4002
USDRUBF;30;20231127;183000;88.95;88.97;88.89;88.9;1884
USDRUBF;30;20231127;190000;88.97;89.14;88.97;89.06;1097
USDRUBF;30;20231127;193000;89.08;89.1;89;89.02;203
USDRUBF;30;20231127;200000;89.02;89.13;89.02;89.08;243
USDRUBF;30;20231127;203000;89.09;89.12;89.02;89.06;250
USDRUBF;30;20231127;210000;89.09;89.11;89.05;89.05;55
USDRUBF;30;20231127;213000;89.04;89.08;89.03;89.07;77
USDRUBF;30;20231127;220000;89.08;89.1;89.04;89.06;206
USDRUBF;30;20231127;223000;89.06;89.09;89.03;89.07;52
USDRUBF;30;20231127;230000;89.06;89.09;89.05;89.06;144
USDRUBF;30;20231127;233000;89.06;89.09;89.06;89.07;79
USDRUBF;30;20231128;090000;88.93;88.95;88.81;88.84;1793
USDRUBF;30;20231128;093000;88.84;88.89;88.69;88.76;1021
USDRUBF;30;20231128;100000;88.74;88.83;88.68;88.77;1538
USDRUBF;30;20231128;103000;88.77;88.79;88.67;88.69;1982
USDRUBF;30;20231128;110000;88.7;88.74;88.65;88.73;1416
USDRUBF;30;20231128;113000;88.73;88.75;88.71;88.74;1051
USDRUBF;30;20231128;120000;88.72;88.74;88.7;88.7;631
USDRUBF;30;20231128;123000;88.71;88.78;88.7;88.74;1752
USDRUBF;30;20231128;130000;88.74;88.77;88.67;88.69;1243
USDRUBF;30;20231128;133000;88.69;88.78;88.68;88.72;1343
USDRUBF;30;20231128;140000;88.72;88.74;88.67;88.7;1072
USDRUBF;30;20231128;143000;88.71;88.73;88.65;88.65;792
USDRUBF;30;20231128;150000;88.67;88.77;88.66;88.77;1610
USDRUBF;30;20231128;153000;88.78;88.8;88.71;88.76;801
USDRUBF;30;20231128;160000;88.77;88.86;88.75;88.84;999
USDRUBF;30;20231128;163000;88.86;89.24;88.86;89.2;5731
USDRUBF;30;20231128;170000;89.21;89.24;88.98;89.06;4808
USDRUBF;30;20231128;173000;89.06;89.33;89.03;89.2;3769
USDRUBF;30;20231128;180000;89.21;89.59;89.21;89.49;7394
USDRUBF;30;20231128;183000;89.5;89.55;89.33;89.37;2699
USDRUBF;30;20231128;190000;89.4;89.6;89.39;89.5;941
USDRUBF;30;20231128;193000;89.51;89.6;89.48;89.52;314
USDRUBF;30;20231128;200000;89.52;89.52;89.4;89.41;374
USDRUBF;30;20231128;203000;89.43;89.51;89.41;89.48;120
USDRUBF;30;20231128;210000;89.49;89.49;89.43;89.45;148
USDRUBF;30;20231128;213000;89.45;89.48;89.44;89.46;309
USDRUBF;30;20231128;220000;89.46;89.48;89.43;89.47;79
USDRUBF;30;20231128;223000;89.47;89.53;89.44;89.47;115
USDRUBF;30;20231128;230000;89.5;89.5;89.45;89.47;37
USDRUBF;30;20231128;233000;89.47;89.49;89.45;89.49;21
USDRUBF;30;20231129;090000;89.25;89.25;89.11;89.14;3262
USDRUBF;30;20231129;093000;89.13;89.14;89;89;997
USDRUBF;30;20231129;100000;89;89.15;88.91;89.08;4829
USDRUBF;30;20231129;103000;89.08;89.12;89.04;89.09;2313
USDRUBF;30;20231129;110000;89.09;89.1;89;89.04;2011
USDRUBF;30;20231129;113000;89.04;89.08;89.01;89.08;884
USDRUBF;30;20231129;120000;89.08;89.25;89.08;89.19;2018
USDRUBF;30;20231129;123000;89.19;89.19;89.05;89.08;1399
USDRUBF;30;20231129;130000;89.07;89.15;89.05;89.12;675
USDRUBF;30;20231129;133000;89.13;89.16;89.01;89.12;2033
USDRUBF;30;20231129;140000;89.08;89.11;88.95;88.95;2096
USDRUBF;30;20231129;143000;88.95;88.95;88.75;88.75;2628
USDRUBF;30;20231129;150000;88.75;88.75;88.43;88.53;7563
USDRUBF;30;20231129;153000;88.53;88.79;88.53;88.63;2691
USDRUBF;30;20231129;160000;88.63;88.74;88.48;88.66;2816
USDRUBF;30;20231129;163000;88.68;88.73;88.53;88.59;3144
USDRUBF;30;20231129;170000;88.6;88.7;88.53;88.62;2085
USDRUBF;30;20231129;173000;88.63;88.69;88.53;88.57;1603
USDRUBF;30;20231129;180000;88.57;88.76;88.52;88.7;3506
USDRUBF;30;20231129;183000;88.7;88.78;88.67;88.67;3243
USDRUBF;30;20231129;190000;88.68;88.75;88.62;88.66;1542
USDRUBF;30;20231129;193000;88.66;88.71;88.66;88.71;227
USDRUBF;30;20231129;200000;88.68;88.7;88.63;88.63;180
USDRUBF;30;20231129;203000;88.63;88.63;88.58;88.58;107
USDRUBF;30;20231129;210000;88.59;88.63;88.57;88.63;66
USDRUBF;30;20231129;213000;88.58;88.6;88.55;88.55;151
USDRUBF;30;20231129;220000;88.55;88.59;88.55;88.59;170
USDRUBF;30;20231129;223000;88.59;88.66;88.58;88.65;93
USDRUBF;30;20231129;230000;88.62;88.62;88.55;88.57;240
USDRUBF;30;20231129;233000;88.57;88.57;88.5;88.52;508
USDRUBF;30;20231130;090000;88.64;88.75;88.61;88.67;1343
USDRUBF;30;20231130;093000;88.69;88.7;88.64;88.65;322
USDRUBF;30;20231130;100000;88.65;88.65;88.4;88.56;4100
USDRUBF;30;20231130;103000;88.57;88.67;88.53;88.58;1465
USDRUBF;30;20231130;110000;88.58;88.71;88.57;88.69;926
USDRUBF;30;20231130;113000;88.68;88.8;88.6;88.79;3472
USDRUBF;30;20231130;120000;88.79;88.8;88.6;88.6;2056
USDRUBF;30;20231130;123000;88.6;88.72;88.52;88.66;2081
USDRUBF;30;20231130;130000;88.66;88.74;88.66;88.72;794
USDRUBF;30;20231130;133000;88.73;88.91;88.68;88.79;2556
USDRUBF;30;20231130;140000;88.77;88.9;88.73;88.84;1288
USDRUBF;30;20231130;143000;88.83;88.86;88.79;88.8;1281
USDRUBF;30;20231130;150000;88.79;88.85;88.77;88.8;671
USDRUBF;30;20231130;153000;88.81;88.88;88.78;88.85;1277
USDRUBF;30;20231130;160000;88.86;89.05;88.84;88.94;1485
USDRUBF;30;20231130;163000;88.94;89.11;88.94;88.99;1718
USDRUBF;30;20231130;170000;88.99;89.17;88.99;89.15;2323
USDRUBF;30;20231130;173000;89.14;89.65;89.14;89.51;6701
USDRUBF;30;20231130;180000;89.51;89.74;89.42;89.59;7739
USDRUBF;30;20231130;183000;89.6;89.63;89.45;89.55;2199
USDRUBF;30;20231130;190000;89.58;89.68;89.5;89.51;1075
USDRUBF;30;20231130;193000;89.51;89.54;89.5;89.5;250
USDRUBF;30;20231130;200000;89.5;89.54;89.23;89.41;1098
USDRUBF;30;20231130;203000;89.4;89.46;89.35;89.45;508
USDRUBF;30;20231130;210000;89.45;89.47;89.41;89.46;158
USDRUBF;30;20231130;213000;89.47;89.49;89.45;89.45;65
USDRUBF;30;20231130;220000;89.47;89.55;89.46;89.52;237
USDRUBF;30;20231130;223000;89.51;89.51;89.46;89.46;106
USDRUBF;30;20231130;230000;89.52;89.52;89.45;89.52;27
USDRUBF;30;20231130;233000;89.52;89.53;89.46;89.49;120
USDRUBF;30;20231201;090000;89.41;89.59;89.37;89.41;1300
USDRUBF;30;20231201;093000;89.41;89.46;89.31;89.32;921
USDRUBF;30;20231201;100000;89.32;89.44;89.24;89.38;2408
USDRUBF;30;20231201;103000;89.39;89.63;89.39;89.6;2864
USDRUBF;30;20231201;110000;89.6;90.01;89.56;89.83;7782
USDRUBF;30;20231201;113000;89.83;90.04;89.82;89.93;2106
USDRUBF;30;20231201;120000;89.94;89.98;89.86;89.96;2174
USDRUBF;30;20231201;123000;89.97;90.18;89.96;90.18;1692
USDRUBF;30;20231201;130000;90.18;90.22;90.09;90.2;6189
USDRUBF;30;20231201;133000;90.2;90.21;90.03;90.16;4553
USDRUBF;30;20231201;140000;90.17;90.26;90.12;90.12;4403
USDRUBF;30;20231201;143000;90.14;90.16;90.01;90.03;2807
USDRUBF;30;20231201;150000;90.03;90.19;90;90.14;1974
USDRUBF;30;20231201;153000;90.14;90.37;90.03;90.22;3124
USDRUBF;30;20231201;160000;90.19;90.3;90.13;90.3;1408
USDRUBF;30;20231201;163000;90.31;90.41;90.25;90.39;1112
USDRUBF;30;20231201;170000;90.38;90.38;90.3;90.34;1861
USDRUBF;30;20231201;173000;90.36;90.49;90.34;90.48;1920
USDRUBF;30;20231201;180000;90.48;90.5;90.34;90.45;4149
USDRUBF;30;20231201;183000;90.44;90.49;90.43;90.46;1768
USDRUBF;30;20231201;190000;90.48;90.5;90.36;90.38;914
USDRUBF;30;20231201;193000;90.37;90.4;90.28;90.28;1056
USDRUBF;30;20231201;200000;90.33;90.35;90.29;90.34;158
USDRUBF;30;20231201;203000;90.34;90.34;90.3;90.31;201
USDRUBF;30;20231201;210000;90.31;90.36;90.23;90.32;422
USDRUBF;30;20231201;213000;90.36;90.38;90.3;90.32;143
USDRUBF;30;20231201;220000;90.32;90.37;90.32;90.35;202
USDRUBF;30;20231201;223000;90.35;90.48;90.35;90.44;467
USDRUBF;30;20231201;230000;90.43;90.43;90.33;90.35;75
USDRUBF;30;20231201;233000;90.36;90.41;90.35;90.35;318
USDRUBF;30;20231204;090000;90.35;90.64;90.35;90.64;1935
USDRUBF;30;20231204;093000;90.63;90.77;90.63;90.7;2507
USDRUBF;30;20231204;100000;90.7;90.86;90.61;90.82;8844
USDRUBF;30;20231204;103000;90.82;90.92;90.8;90.84;2684
USDRUBF;30;20231204;110000;90.81;90.86;90.76;90.8;1521
USDRUBF;30;20231204;113000;90.81;90.85;90.71;90.76;1854
USDRUBF;30;20231204;120000;90.76;90.82;90.67;90.82;1561
USDRUBF;30;20231204;123000;90.82;90.84;90.57;90.66;2389
USDRUBF;30;20231204;130000;90.66;90.82;90.65;90.77;1285
USDRUBF;30;20231204;133000;90.77;90.92;90.75;90.81;2291
USDRUBF;30;20231204;140000;90.79;90.96;90.71;90.95;11369
USDRUBF;30;20231204;143000;90.94;90.95;90.72;90.8;2063
USDRUBF;30;20231204;150000;90.77;90.87;90.72;90.79;1387
USDRUBF;30;20231204;153000;90.77;90.83;90.77;90.78;945
USDRUBF;30;20231204;160000;90.77;90.91;90.74;90.91;732
USDRUBF;30;20231204;163000;90.91;91.05;90.9;91.02;1201
USDRUBF;30;20231204;170000;91.04;91.2;91.04;91.16;12780
USDRUBF;30;20231204;173000;91.16;91.25;90.94;91.12;6387
USDRUBF;30;20231204;180000;91.12;91.15;90.93;91.02;1642
USDRUBF;30;20231204;183000;91.03;91.2;91.03;91.15;2052
USDRUBF;30;20231204;190000;91.15;91.18;91.05;91.09;540
USDRUBF;30;20231204;193000;91.09;91.13;91.06;91.1;236
USDRUBF;30;20231204;200000;91.1;91.1;91;91;657
USDRUBF;30;20231204;203000;91.04;91.2;91.04;91.08;450
USDRUBF;30;20231204;210000;91.08;91.08;91;91.05;221
USDRUBF;30;20231204;213000;91.09;91.1;91.02;91.04;84
USDRUBF;30;20231204;220000;91.04;91.1;91.02;91.08;105
USDRUBF;30;20231204;223000;91.08;91.12;91.06;91.08;252
USDRUBF;30;20231204;230000;91.13;91.16;91.1;91.1;157
USDRUBF;30;20231204;233000;91.1;91.19;91.1;91.18;290
USDRUBF;30;20231205;090000;91.4;91.66;91.38;91.55;15823
USDRUBF;30;20231205;093000;91.56;91.61;91.41;91.42;2464
USDRUBF;30;20231205;100000;91.43;91.63;91.42;91.52;3236
USDRUBF;30;20231205;103000;91.51;91.59;91.4;91.44;1373
USDRUBF;30;20231205;110000;91.45;91.48;91.25;91.43;6299
USDRUBF;30;20231205;113000;91.42;91.53;91.39;91.52;1825
USDRUBF;30;20231205;120000;91.49;91.77;91.43;91.76;2684
USDRUBF;30;20231205;123000;91.77;91.81;91.63;91.67;2092
USDRUBF;30;20231205;130000;91.67;91.81;91.62;91.81;1854
USDRUBF;30;20231205;133000;91.81;91.86;91.68;91.72;2791
USDRUBF;30;20231205;140000;91.7;91.84;91.66;91.82;2704
USDRUBF;30;20231205;143000;91.82;91.98;91.78;91.98;8019
USDRUBF;30;20231205;150000;91.98;92.14;91.84;92.1;5782
USDRUBF;30;20231205;153000;92.11;92.3;92.07;92.28;4954
USDRUBF;30;20231205;160000;92.27;92.39;92.24;92.37;5279
USDRUBF;30;20231205;163000;92.38;92.42;92.22;92.41;5943
USDRUBF;30;20231205;170000;92.41;92.48;92.29;92.34;6061
USDRUBF;30;20231205;173000;92.33;92.55;92.32;92.55;3992
USDRUBF;30;20231205;180000;92.55;92.66;92.41;92.52;8600
USDRUBF;30;20231205;183000;92.5;92.6;92.4;92.59;1955
USDRUBF;30;20231205;190000;92.43;92.57;92.4;92.51;1193
USDRUBF;30;20231205;193000;92.5;92.6;92.48;92.54;732
USDRUBF;30;20231205;200000;92.5;92.56;92.48;92.52;409
USDRUBF;30;20231205;203000;92.55;92.55;92.49;92.5;240
USDRUBF;30;20231205;210000;92.5;92.54;92.49;92.53;116
USDRUBF;30;20231205;213000;92.53;92.55;92.5;92.52;136
USDRUBF;30;20231205;220000;92.52;92.6;92.5;92.59;181
USDRUBF;30;20231205;223000;92.58;92.67;92.58;92.66;669
USDRUBF;30;20231205;230000;92.66;92.7;92.63;92.65;832
USDRUBF;30;20231205;233000;92.66;92.7;92.64;92.69;146
USDRUBF;30;20231206;090000;92.7;92.97;92.67;92.97;9007
USDRUBF;30;20231206;093000;92.97;92.98;92.92;92.97;8321
USDRUBF;30;20231206;100000;92.97;93.14;92.79;92.98;7717
USDRUBF;30;20231206;103000;92.98;92.98;92.67;92.81;24504
USDRUBF;30;20231206;110000;92.8;92.95;92.76;92.91;3559
USDRUBF;30;20231206;113000;92.93;92.99;92.9;92.96;1173
USDRUBF;30;20231206;120000;92.98;93.39;92.96;93.27;6228
USDRUBF;30;20231206;123000;93.31;93.39;93.26;93.36;3116
USDRUBF;30;20231206;130000;93.36;93.44;93.14;93.14;4465
USDRUBF;30;20231206;133000;93.14;93.16;92.29;92.78;17953
USDRUBF;30;20231206;140000;92.78;92.78;92.14;92.14;10753
USDRUBF;30;20231206;143000;92.13;92.56;91.95;92.43;9965
USDRUBF;30;20231206;150000;92.43;92.6;92.16;92.49;5634
USDRUBF;30;20231206;153000;92.46;92.49;92.28;92.28;2148
USDRUBF;30;20231206;160000;92.28;92.49;92.22;92.45;1884
USDRUBF;30;20231206;163000;92.43;92.55;92.4;92.43;2157
USDRUBF;30;20231206;170000;92.45;93;92.45;92.96;3583
USDRUBF;30;20231206;173000;92.97;93.24;92.83;93.18;6152
USDRUBF;30;20231206;180000;93.17;93.33;93.02;93.02;3387
USDRUBF;30;20231206;183000;93.04;93.06;92.69;92.87;3184
USDRUBF;30;20231206;190000;92.98;93.03;92.82;92.99;508
USDRUBF;30;20231206;193000;93;93.08;92.95;93;487
USDRUBF;30;20231206;200000;93;93.17;92.99;93.05;705
USDRUBF;30;20231206;203000;93.05;93.06;92.87;92.91;445
USDRUBF;30;20231206;210000;92.95;93.03;92.87;93.03;501
USDRUBF;30;20231206;213000;93.03;93.1;92.92;92.92;603
USDRUBF;30;20231206;220000;92.93;93.03;92.91;93.02;139
USDRUBF;30;20231206;223000;93;93.05;92.99;93.05;138
USDRUBF;30;20231206;230000;93.08;93.12;93.08;93.12;80
USDRUBF;30;20231206;233000;93.1;93.1;93.03;93.06;169
USDRUBF;30;20231207;090000;93.2;93.26;93.06;93.1;5792
USDRUBF;30;20231207;093000;93.11;93.17;92.85;92.89;2065
USDRUBF;30;20231207;100000;92.88;92.97;92.36;92.37;7741
USDRUBF;30;20231207;103000;92.42;92.89;92.22;92.68;6156
USDRUBF;30;20231207;110000;92.7;92.78;92.51;92.75;2770
USDRUBF;30;20231207;113000;92.75;92.83;92.66;92.69;1662
USDRUBF;30;20231207;120000;92.67;92.67;92.54;92.58;4530
USDRUBF;30;20231207;123000;92.59;92.66;92.59;92.63;577
USDRUBF;30;20231207;130000;92.65;92.71;92.54;92.66;1367
USDRUBF;30;20231207;133000;92.66;92.86;92.64;92.72;2273
USDRUBF;30;20231207;140000;92.76;92.82;92.68;92.75;1029
USDRUBF;30;20231207;143000;92.74;92.75;92.42;92.59;3008
USDRUBF;30;20231207;150000;92.59;92.62;92.42;92.57;1089
USDRUBF;30;20231207;153000;92.57;92.83;92.48;92.69;1471
USDRUBF;30;20231207;160000;92.72;92.84;92.64;92.8;2522
USDRUBF;30;20231207;163000;92.81;92.84;92.5;92.73;1358
USDRUBF;30;20231207;170000;92.74;92.89;92.7;92.83;3120
USDRUBF;30;20231207;173000;92.83;92.84;92.69;92.72;2096
USDRUBF;30;20231207;180000;92.69;92.69;92.28;92.33;7113
USDRUBF;30;20231207;183000;92.33;92.4;92.18;92.18;3401
USDRUBF;30;20231207;190000;92.29;92.33;91.64;91.98;2606
USDRUBF;30;20231207;193000;91.96;91.98;91.78;91.92;1049
USDRUBF;30;20231207;200000;91.92;92.07;91.79;92.05;1353
USDRUBF;30;20231207;203000;92.07;92.11;92.04;92.07;176
USDRUBF;30;20231207;210000;92.06;92.08;92;92.02;219
USDRUBF;30;20231207;213000;92.03;92.1;91.98;91.99;263
USDRUBF;30;20231207;220000;91.98;92.09;91.98;92.07;67
USDRUBF;30;20231207;223000;92.07;92.07;92.01;92.05;60
USDRUBF;30;20231207;230000;92.01;92.08;92;92.08;137
USDRUBF;30;20231207;233000;92.07;92.24;91.95;92.06;602
USDRUBF;30;20231208;090000;92.21;92.21;91.67;91.89;2585
USDRUBF;30;20231208;093000;91.91;92.19;91.81;92.03;2717
USDRUBF;30;20231208;100000;92.03;92.13;91.71;91.96;5215
USDRUBF;30;20231208;103000;91.95;92.09;91.94;91.94;2663
USDRUBF;30;20231208;110000;91.91;91.98;91.86;91.96;2130
USDRUBF;30;20231208;113000;91.95;91.98;91.85;91.88;1549
USDRUBF;30;20231208;120000;91.88;91.89;91.78;91.81;2528
USDRUBF;30;20231208;123000;91.81;91.91;91.78;91.8;972
USDRUBF;30;20231208;130000;91.79;91.89;91.67;91.72;2868
USDRUBF;30;20231208;133000;91.72;91.73;91.22;91.35;7788
USDRUBF;30;20231208;140000;91.36;91.57;91.29;91.46;4152
USDRUBF;30;20231208;143000;91.46;91.54;91.07;91.09;2514
USDRUBF;30;20231208;150000;91.1;91.43;90.89;91.43;5993
USDRUBF;30;20231208;153000;91.42;91.56;91.3;91.49;3875
USDRUBF;30;20231208;160000;91.48;91.5;91.16;91.33;1940
USDRUBF;30;20231208;163000;91.33;91.8;91.32;91.76;2975
USDRUBF;30;20231208;170000;91.82;91.83;91.58;91.58;2175
USDRUBF;30;20231208;173000;91.58;91.75;91.53;91.66;2482
USDRUBF;30;20231208;180000;91.65;91.77;91.49;91.75;4066
USDRUBF;30;20231208;183000;91.75;92.02;91.75;91.93;4369
USDRUBF;30;20231208;190000;92.07;92.09;91.86;92.01;652
USDRUBF;30;20231208;193000;92.02;92.22;92.02;92.2;1608
USDRUBF;30;20231208;200000;92.21;92.32;92.03;92.04;2420
USDRUBF;30;20231208;203000;92.04;92.04;91.93;91.98;322
USDRUBF;30;20231208;210000;91.98;91.99;91.93;91.96;391
USDRUBF;30;20231208;213000;91.99;92;91.91;91.91;429
USDRUBF;30;20231208;220000;91.89;91.99;91.85;91.9;275
USDRUBF;30;20231208;223000;91.95;91.99;91.94;91.98;53
USDRUBF;30;20231208;230000;91.98;91.98;91.85;91.94;56
USDRUBF;30;20231208;233000;91.94;92.01;91.87;92;292
USDRUBF;30;20231211;090000;91.89;91.9;91.69;91.73;3027
USDRUBF;30;20231211;093000;91.73;91.75;91.42;91.46;2870
USDRUBF;30;20231211;100000;91.45;91.58;91.26;91.55;4478
USDRUBF;30;20231211;103000;91.55;91.55;91.15;91.15;5347
USDRUBF;30;20231211;110000;91.17;91.25;90.95;91.04;5662
USDRUBF;30;20231211;113000;91.06;91.17;90.99;91.14;2445
USDRUBF;30;20231211;120000;91.11;91.21;91.09;91.12;2233
USDRUBF;30;20231211;123000;91.14;91.14;91.01;91.08;587
USDRUBF;30;20231211;130000;91.09;91.12;90.61;90.89;4558
USDRUBF;30;20231211;133000;90.9;90.96;90.75;90.91;1792
USDRUBF;30;20231211;140000;90.88;90.93;90.71;90.78;1753
USDRUBF;30;20231211;143000;90.8;90.81;90.5;90.58;3880
USDRUBF;30;20231211;150000;90.59;91.02;90.52;90.99;13835
USDRUBF;30;20231211;153000;90.99;91.2;90.87;91.02;7725
USDRUBF;30;20231211;160000;91.01;91.08;90.77;90.97;3053
USDRUBF;30;20231211;163000;90.96;90.98;90.85;90.92;1076
USDRUBF;30;20231211;170000;90.9;90.95;90.74;90.74;1048
USDRUBF;30;20231211;173000;90.76;91.19;90.76;91.16;2862
USDRUBF;30;20231211;180000;91.15;91.16;91.01;91.02;2179
USDRUBF;30;20231211;183000;91.03;91.12;91.03;91.05;999
USDRUBF;30;20231211;190000;91.01;91.01;90.75;90.87;743
USDRUBF;30;20231211;193000;90.88;90.93;90.82;90.91;333
USDRUBF;30;20231211;200000;90.9;90.92;90.82;90.83;168
USDRUBF;30;20231211;203000;90.83;90.86;90.77;90.79;175
USDRUBF;30;20231211;210000;90.78;90.78;90.61;90.68;618
USDRUBF;30;20231211;213000;90.67;90.79;90.67;90.78;105
USDRUBF;30;20231211;220000;90.76;90.77;90.69;90.7;75
USDRUBF;30;20231211;223000;90.72;90.73;90.7;90.7;281
USDRUBF;30;20231211;230000;90.7;90.74;90.65;90.74;182
USDRUBF;30;20231211;233000;90.75;90.75;90.7;90.7;39
USDRUBF;30;20231212;090000;90.72;90.72;90.47;90.58;1541
USDRUBF;30;20231212;093000;90.6;90.64;90.53;90.53;593
USDRUBF;30;20231212;100000;90.55;90.63;90.48;90.5;1123
USDRUBF;30;20231212;103000;90.48;90.61;90.45;90.52;2641
USDRUBF;30;20231212;110000;90.52;90.55;90.43;90.55;3294
USDRUBF;30;20231212;113000;90.55;90.59;90.36;90.4;2300
USDRUBF;30;20231212;120000;90.42;90.52;90.34;90.39;982
USDRUBF;30;20231212;123000;90.39;90.43;90.21;90.21;1877
USDRUBF;30;20231212;130000;90.2;90.25;90.12;90.17;1990
USDRUBF;30;20231212;133000;90.18;90.26;90.14;90.2;1276
USDRUBF;30;20231212;140000;90.2;90.22;90;90.03;2176
USDRUBF;30;20231212;143000;90.04;90.13;90;90;2541
USDRUBF;30;20231212;150000;90.01;90.09;89.89;90.06;4542
USDRUBF;30;20231212;153000;90.03;90.24;89.94;90.22;2433
USDRUBF;30;20231212;160000;90.22;90.25;90.07;90.11;1992
USDRUBF;30;20231212;163000;90.1;90.23;90.08;90.13;2302
USDRUBF;30;20231212;170000;90.14;90.21;90.12;90.2;6655
USDRUBF;30;20231212;173000;90.2;90.32;90.11;90.31;4566
USDRUBF;30;20231212;180000;90.31;90.32;90.06;90.09;2547
USDRUBF;30;20231212;183000;90.1;90.16;90.09;90.1;652
USDRUBF;30;20231212;190000;90.11;90.12;90;90.12;378
USDRUBF;30;20231212;193000;90.12;90.14;90.1;90.14;254
USDRUBF;30;20231212;200000;90.14;90.16;90.1;90.1;383
USDRUBF;30;20231212;203000;90.11;90.18;90.11;90.16;167
USDRUBF;30;20231212;210000;90.16;90.19;90.1;90.11;1609
USDRUBF;30;20231212;213000;90.11;90.15;90.1;90.12;230
USDRUBF;30;20231212;220000;90.12;90.15;90.11;90.14;120
USDRUBF;30;20231212;223000;90.12;90.14;90.1;90.12;119
USDRUBF;30;20231212;230000;90.12;90.13;90.11;90.12;17
USDRUBF;30;20231212;233000;90.12;90.14;90.1;90.1;351
USDRUBF;30;20231213;090000;89.95;89.98;89.79;89.88;3339
USDRUBF;30;20231213;093000;89.9;90.27;89.87;90.06;2224
USDRUBF;30;20231213;100000;90.07;90.08;89.91;89.94;2655
USDRUBF;30;20231213;103000;89.94;89.98;89.87;89.95;3587
USDRUBF;30;20231213;110000;89.96;89.97;89.85;89.85;1379
USDRUBF;30;20231213;113000;89.85;89.91;89.81;89.89;1189
USDRUBF;30;20231213;120000;89.91;90.17;89.87;90.14;4606
USDRUBF;30;20231213;123000;90.14;90.14;89.96;89.96;1720
USDRUBF;30;20231213;130000;89.97;90.07;89.91;89.94;3601
USDRUBF;30;20231213;133000;89.94;90.03;89.87;89.98;4559
USDRUBF;30;20231213;140000;90;90.08;89.87;89.87;1700
USDRUBF;30;20231213;143000;89.86;89.87;89.69;89.77;4579
USDRUBF;30;20231213;150000;89.78;89.83;89.7;89.74;2991
USDRUBF;30;20231213;153000;89.72;89.88;89.72;89.8;1008
USDRUBF;30;20231213;160000;89.77;89.8;89.6;89.66;1432
USDRUBF;30;20231213;163000;89.67;89.78;89.58;89.75;1321
USDRUBF;30;20231213;170000;89.75;89.81;89.7;89.79;1329
USDRUBF;30;20231213;173000;89.8;90;89.8;89.87;1668
USDRUBF;30;20231213;180000;89.86;90.06;89.83;89.89;2701
USDRUBF;30;20231213;183000;89.89;89.99;89.88;89.9;796
USDRUBF;30;20231213;190000;90;90.15;89.92;90.08;888
USDRUBF;30;20231213;193000;90.07;90.1;89.99;90.03;186
USDRUBF;30;20231213;200000;90.03;90.25;90.03;90.11;537
USDRUBF;30;20231213;203000;90.17;90.19;90.01;90.15;423
USDRUBF;30;20231213;210000;90.12;90.16;90.12;90.12;94
USDRUBF;30;20231213;213000;90.14;90.17;90.12;90.17;128
USDRUBF;30;20231213;220000;90.17;90.17;89.8;89.91;1051
USDRUBF;30;20231213;223000;89.94;89.96;89.79;89.82;346
USDRUBF;30;20231213;230000;89.82;89.83;89.55;89.77;1111
USDRUBF;30;20231213;233000;89.7;89.7;89.6;89.63;156
USDRUBF;30;20231214;090000;89.47;89.47;89.37;89.44;2276
USDRUBF;30;20231214;093000;89.44;89.53;89.38;89.51;1338
USDRUBF;30;20231214;100000;89.52;89.65;89.45;89.6;2835
USDRUBF;30;20231214;103000;89.63;89.65;89.49;89.55;1162
USDRUBF;30;20231214;110000;89.54;89.55;89.46;89.47;998
USDRUBF;30;20231214;113000;89.47;89.56;89.46;89.55;1366
USDRUBF;30;20231214;120000;89.55;89.69;89.53;89.64;3157
USDRUBF;30;20231214;123000;89.64;89.96;89.63;89.94;3848
USDRUBF;30;20231214;130000;89.93;90.33;89.89;90.1;6494
USDRUBF;30;20231214;133000;90.13;90.18;89.83;89.92;5252
USDRUBF;30;20231214;140000;89.9;89.99;89.8;89.84;1829
USDRUBF;30;20231214;143000;89.83;89.91;89.67;89.78;3362
USDRUBF;30;20231214;150000;89.77;89.94;89.77;89.92;1704
USDRUBF;30;20231214;153000;89.91;90;89.84;90;2001
USDRUBF;30;20231214;160000;90;90.13;89.9;89.95;1854
USDRUBF;30;20231214;163000;89.96;90.08;89.92;89.92;3715
USDRUBF;30;20231214;170000;89.93;90.18;89.84;90.16;4882
USDRUBF;30;20231214;173000;90.15;90.39;90.06;90.16;5485
USDRUBF;30;20231214;180000;90.15;90.33;89.97;90;3181
USDRUBF;30;20231214;183000;89.97;90.05;89.9;89.92;1962
USDRUBF;30;20231214;190000;90.08;90.14;89.83;90.09;587
USDRUBF;30;20231214;193000;90.07;90.24;90.05;90.22;1396
USDRUBF;30;20231214;200000;90.23;90.25;90.05;90.07;577
USDRUBF;30;20231214;203000;90.07;90.11;90.05;90.09;285
USDRUBF;30;20231214;210000;90.1;90.15;90.08;90.14;227
USDRUBF;30;20231214;213000;90.14;90.23;90.13;90.16;248
USDRUBF;30;20231214;220000;90.16;90.3;90.16;90.21;374
USDRUBF;30;20231214;223000;90.25;90.3;90.25;90.29;123
USDRUBF;30;20231214;230000;90.29;90.35;90.16;90.27;350
USDRUBF;30;20231214;233000;90.25;90.38;90.24;90.27;237
USDRUBF;30;20231215;090000;89.91;90.11;89.85;89.85;3618
USDRUBF;30;20231215;093000;89.88;89.95;89.81;89.82;1453
USDRUBF;30;20231215;100000;89.82;89.95;89.6;89.75;4414
USDRUBF;30;20231215;103000;89.76;89.82;89.7;89.77;3506
USDRUBF;30;20231215;110000;89.77;89.87;89.75;89.84;2577
USDRUBF;30;20231215;113000;89.86;89.98;89.86;89.93;2873
USDRUBF;30;20231215;120000;89.93;89.96;89.72;89.82;7512
USDRUBF;30;20231215;123000;89.81;89.81;89.66;89.73;8446
USDRUBF;30;20231215;130000;89.72;89.72;89.55;89.62;6554
USDRUBF;30;20231215;133000;89.61;90.02;89.6;89.89;6232
USDRUBF;30;20231215;140000;89.85;89.87;89.56;89.68;2245
USDRUBF;30;20231215;143000;89.67;89.93;89.67;89.87;4070
USDRUBF;30;20231215;150000;89.86;90.44;89.86;90.25;7603
USDRUBF;30;20231215;153000;90.25;90.36;90.15;90.36;2224
USDRUBF;30;20231215;160000;90.36;90.36;90.25;90.3;3600
USDRUBF;30;20231215;163000;90.27;90.55;90.25;90.54;4439
USDRUBF;30;20231215;170000;90.54;90.66;90.4;90.47;4598
USDRUBF;30;20231215;173000;90.44;90.5;90.34;90.5;3893
USDRUBF;30;20231215;180000;90.49;90.51;90.15;90.26;3721
USDRUBF;30;20231215;183000;90.25;90.25;90.06;90.18;2573
USDRUBF;30;20231215;190000;90.26;90.36;90.18;90.31;486
USDRUBF;30;20231215;193000;90.31;90.32;90.25;90.28;192
USDRUBF;30;20231215;200000;90.29;90.35;90.25;90.32;691
USDRUBF;30;20231215;203000;90.35;90.43;90.29;90.35;378
USDRUBF;30;20231215;210000;90.38;90.41;90.32;90.41;207
USDRUBF;30;20231215;213000;90.39;90.48;90.34;90.39;243
USDRUBF;30;20231215;220000;90.34;90.37;90.3;90.35;537
USDRUBF;30;20231215;223000;90.35;90.36;90.31;90.33;367
USDRUBF;30;20231215;230000;90.36;90.37;90.3;90.33;146
USDRUBF;30;20231215;233000;90.31;90.35;90.29;90.35;183
USDRUBF;30;20231218;090000;90.31;90.53;90.29;90.48;1811
USDRUBF;30;20231218;093000;90.46;90.53;90.27;90.51;1811
USDRUBF;30;20231218;100000;90.5;90.66;90.32;90.49;3361
USDRUBF;30;20231218;103000;90.47;90.53;90.41;90.44;772
USDRUBF;30;20231218;110000;90.45;90.47;90.41;90.41;1002
USDRUBF;30;20231218;113000;90.41;90.44;90.34;90.37;1482
USDRUBF;30;20231218;120000;90.36;90.43;90.34;90.34;5678
USDRUBF;30;20231218;123000;90.37;90.53;90.35;90.53;2340
USDRUBF;30;20231218;130000;90.53;90.54;90.43;90.53;2046
USDRUBF;30;20231218;133000;90.53;90.57;90.48;90.55;1611
USDRUBF;30;20231218;140000;90.56;90.64;90.55;90.58;1543
USDRUBF;30;20231218;143000;90.58;90.63;90.5;90.63;1819
USDRUBF;30;20231218;150000;90.62;90.85;90.61;90.76;4625
USDRUBF;30;20231218;153000;90.77;90.78;90.56;90.56;5556
USDRUBF;30;20231218;160000;90.58;90.6;90.49;90.55;1009
USDRUBF;30;20231218;163000;90.58;90.58;90.42;90.5;2377
USDRUBF;30;20231218;170000;90.49;90.49;89.83;90.04;9173
USDRUBF;30;20231218;173000;90.05;90.18;89.92;90.15;3999
USDRUBF;30;20231218;180000;90.16;90.32;90.03;90.2;2116
USDRUBF;30;20231218;183000;90.2;90.21;90.06;90.14;1879
USDRUBF;30;20231218;190000;90.15;90.25;89.77;89.83;1396
USDRUBF;30;20231218;193000;89.84;89.94;89.78;89.8;1335
USDRUBF;30;20231218;200000;89.8;89.9;89.78;89.87;395
USDRUBF;30;20231218;203000;89.85;89.9;89.85;89.87;151
USDRUBF;30;20231218;210000;89.87;89.94;89.85;89.92;184
USDRUBF;30;20231218;213000;89.9;89.93;89.89;89.9;158
USDRUBF;30;20231218;220000;89.9;89.91;89.82;89.88;216
USDRUBF;30;20231218;223000;89.91;89.91;89.82;89.9;160
USDRUBF;30;20231218;230000;89.87;89.9;89.86;89.9;210
USDRUBF;30;20231218;233000;89.9;89.91;89.87;89.9;84
USDRUBF;30;20231219;090000;90.05;90.15;89.9;89.98;2534
USDRUBF;30;20231219;093000;89.99;90.1;89.82;89.84;1330
USDRUBF;30;20231219;100000;89.84;90.04;89.73;89.92;5035
USDRUBF;30;20231219;103000;89.96;90.24;89.93;90.2;3379
USDRUBF;30;20231219;110000;90.21;90.21;89.89;89.97;3057
USDRUBF;30;20231219;113000;89.93;90.09;89.88;90.03;1054
USDRUBF;30;20231219;120000;90.02;90.04;89.89;89.97;1877
USDRUBF;30;20231219;123000;89.98;90.15;89.95;90.13;2175
USDRUBF;30;20231219;130000;90.12;90.14;90.02;90.1;1494
USDRUBF;30;20231219;133000;90.1;90.33;90.1;90.32;3613
USDRUBF;30;20231219;140000;90.3;90.42;90.29;90.35;2501
USDRUBF;30;20231219;143000;90.35;90.59;90.33;90.56;1295
USDRUBF;30;20231219;150000;90.57;90.63;90.31;90.36;2947
USDRUBF;30;20231219;153000;90.37;90.45;90.35;90.42;1343
USDRUBF;30;20231219;160000;90.42;90.54;90.38;90.53;991
USDRUBF;30;20231219;163000;90.55;90.57;90.49;90.52;881
USDRUBF;30;20231219;170000;90.54;90.58;90.31;90.5;1962
USDRUBF;30;20231219;173000;90.51;90.52;90.34;90.43;4832
USDRUBF;30;20231219;180000;90.44;90.5;90.39;90.44;1212
USDRUBF;30;20231219;183000;90.47;90.53;90.45;90.52;994
USDRUBF;30;20231219;190000;90.42;90.52;90.28;90.46;161
USDRUBF;30;20231219;193000;90.47;90.74;90.47;90.61;804
USDRUBF;30;20231219;200000;90.62;90.68;90.6;90.64;359
USDRUBF;30;20231219;203000;90.63;90.64;90.51;90.56;199
USDRUBF;30;20231219;210000;90.57;90.61;90.51;90.58;187
USDRUBF;30;20231219;213000;90.57;90.57;90.5;90.5;113
USDRUBF;30;20231219;220000;90.51;90.62;90.49;90.58;186
USDRUBF;30;20231219;223000;90.6;90.61;90.56;90.56;63
USDRUBF;30;20231219;230000;90.58;90.6;90.52;90.53;173
USDRUBF;30;20231219;233000;90.62;90.63;90.47;90.47;77
USDRUBF;30;20231220;090000;90.51;90.52;90.33;90.45;1223
USDRUBF;30;20231220;093000;90.43;90.45;90.28;90.44;1046
USDRUBF;30;20231220;100000;90.44;90.44;90.15;90.22;2206
USDRUBF;30;20231220;103000;90.23;90.34;90.19;90.28;5068
USDRUBF;30;20231220;110000;90.28;90.44;90.28;90.41;2961
USDRUBF;30;20231220;113000;90.4;90.5;90.38;90.49;1410
USDRUBF;30;20231220;120000;90.48;90.54;90.46;90.49;1818
USDRUBF;30;20231220;123000;90.48;90.54;90.48;90.54;503
USDRUBF;30;20231220;130000;90.54;90.6;90.48;90.54;1693
USDRUBF;30;20231220;133000;90.54;90.65;90.53;90.65;2098
USDRUBF;30;20231220;140000;90.64;90.75;90.64;90.66;1734
USDRUBF;30;20231220;143000;90.65;90.8;90.63;90.75;3060
USDRUBF;30;20231220;150000;90.77;91.04;90.77;91.01;2205
USDRUBF;30;20231220;153000;91.02;91.03;90.77;90.8;6111
USDRUBF;30;20231220;160000;90.81;90.98;90.78;90.96;5027
USDRUBF;30;20231220;163000;90.96;90.96;90.89;90.92;3025
USDRUBF;30;20231220;170000;90.9;90.99;90.9;90.92;1028
USDRUBF;30;20231220;173000;90.92;90.93;90.85;90.89;1721
USDRUBF;30;20231220;180000;90.89;90.94;90.78;90.86;1784
USDRUBF;30;20231220;183000;90.85;91.04;90.85;91.04;1552
USDRUBF;30;20231220;190000;91.02;91.15;90.99;91.09;777
USDRUBF;30;20231220;193000;91.07;91.14;91.02;91.11;498
USDRUBF;30;20231220;200000;91.11;91.15;91.08;91.08;257
USDRUBF;30;20231220;203000;91.08;91.15;91.08;91.09;246
USDRUBF;30;20231220;210000;91.09;91.13;91.04;91.06;315
USDRUBF;30;20231220;213000;91.05;91.12;91.05;91.11;129
USDRUBF;30;20231220;220000;91.09;91.1;91.02;91.05;414
USDRUBF;30;20231220;223000;91.04;91.07;90.96;91.03;355
USDRUBF;30;20231220;230000;91.07;91.12;90.99;91.07;265
USDRUBF;30;20231220;233000;91.04;91.13;91.04;91.13;90
USDRUBF;30;20231221;090000;90.72;90.88;90.58;90.87;4977
USDRUBF;30;20231221;093000;90.85;90.92;90.84;90.89;916
USDRUBF;30;20231221;100000;90.88;90.99;90.83;90.95;3627
USDRUBF;30;20231221;103000;90.96;91.25;90.94;91.18;4856
USDRUBF;30;20231221;110000;91.18;91.28;91.13;91.13;4115
USDRUBF;30;20231221;113000;91.13;91.45;91.09;91.41;6885
USDRUBF;30;20231221;120000;91.41;92.44;91.41;92.32;18495
USDRUBF;30;20231221;123000;92.36;92.77;91.97;92.04;15833
USDRUBF;30;20231221;130000;92.03;92.06;91.96;92.05;3778
USDRUBF;30;20231221;133000;92.05;92.34;92;92.31;4527
USDRUBF;30;20231221;140000;92.32;92.41;92.05;92.14;14154
USDRUBF;30;20231221;143000;92.14;92.18;91.94;92.06;6653
USDRUBF;30;20231221;150000;92.09;92.17;91.95;92.04;3426
USDRUBF;30;20231221;153000;92.04;92.41;92.02;92.17;5187
USDRUBF;30;20231221;160000;92.17;92.22;92.08;92.08;2804
USDRUBF;30;20231221;163000;92.09;92.15;91.91;92.04;3234
USDRUBF;30;20231221;170000;92.05;92.22;91.93;91.96;3770
USDRUBF;30;20231221;173000;91.96;92.09;91.81;92.09;6401
USDRUBF;30;20231221;180000;92.08;92.18;92.01;92.08;4188
USDRUBF;30;20231221;183000;92.08;92.11;92.01;92.01;1704
USDRUBF;30;20231221;190000;91.99;92.07;91.91;92.02;482
USDRUBF;30;20231221;193000;92.05;92.05;91.98;92;570
USDRUBF;30;20231221;200000;91.99;92.03;91.97;92;214
USDRUBF;30;20231221;203000;91.99;92.05;91.99;92.04;413
USDRUBF;30;20231221;210000;92.04;92.06;92.02;92.03;211
USDRUBF;30;20231221;213000;92.02;92.03;92;92;182
USDRUBF;30;20231221;220000;92;92.04;91.98;92.01;254
USDRUBF;30;20231221;223000;92.02;92.04;91.99;92.02;206
USDRUBF;30;20231221;230000;92.02;92.04;91.91;91.97;812
USDRUBF;30;20231221;233000;91.98;91.98;91.9;91.94;164
USDRUBF;30;20231222;090000;91.93;92.08;91.86;92.01;1991
USDRUBF;30;20231222;093000;92;92.29;92;92.27;2186
USDRUBF;30;20231222;100000;92.27;92.43;92.18;92.43;7004
USDRUBF;30;20231222;103000;92.43;92.43;92.18;92.25;2965
USDRUBF;30;20231222;110000;92.25;92.25;91.94;92.01;10553
USDRUBF;30;20231222;113000;92.03;92.16;91.95;91.97;3335
USDRUBF;30;20231222;120000;91.97;92.05;91.96;92.03;2238
USDRUBF;30;20231222;123000;92.02;92.02;91.63;91.74;8969
USDRUBF;30;20231222;130000;91.73;91.73;91.59;91.63;4951
USDRUBF;30;20231222;133000;91.63;91.74;91.58;91.74;2939
USDRUBF;30;20231222;140000;91.75;91.9;91.75;91.78;2193
USDRUBF;30;20231222;143000;91.78;92.02;91.77;91.88;5042
USDRUBF;30;20231222;150000;91.87;91.93;91.79;91.85;3257
USDRUBF;30;20231222;153000;91.85;91.99;91.81;91.94;3532
USDRUBF;30;20231222;160000;91.96;92.09;91.94;92.01;2527
USDRUBF;30;20231222;163000;92.04;92.16;92.03;92.06;5911
USDRUBF;30;20231222;170000;92.06;92.11;92;92.08;5428
USDRUBF;30;20231222;173000;92.08;92.1;91.86;92.06;3368
USDRUBF;30;20231222;180000;92.07;92.1;91.98;92.01;2709
USDRUBF;30;20231222;183000;92;92.1;91.98;92.09;1812
USDRUBF;30;20231222;190000;92.09;92.09;92.01;92.06;395
USDRUBF;30;20231222;193000;92.04;92.08;92.01;92.05;176
USDRUBF;30;20231222;200000;92.04;92.05;92.01;92.02;163
USDRUBF;30;20231222;203000;92.02;92.03;91.97;91.97;232
USDRUBF;30;20231222;210000;91.99;92.01;91.97;92;153
USDRUBF;30;20231222;213000;92;92.02;91.95;91.98;167
USDRUBF;30;20231222;220000;91.99;92.02;91.98;92.02;35
USDRUBF;30;20231222;223000;92.02;92.03;92.01;92.03;13
USDRUBF;30;20231222;230000;92.02;92.04;92;92.03;128
USDRUBF;30;20231222;233000;92.02;92.03;91.99;92;104
USDRUBF;30;20231225;090000;91.93;91.93;91.77;91.89;1970
USDRUBF;30;20231225;093000;91.89;91.9;91.83;91.85;1340
USDRUBF;30;20231225;100000;91.83;91.99;91.82;91.99;3494
USDRUBF;30;20231225;103000;92;92.23;91.94;92.14;6287
USDRUBF;30;20231225;110000;92.14;92.21;92.11;92.12;4939
USDRUBF;30;20231225;113000;92.13;92.14;92.03;92.08;1345
USDRUBF;30;20231225;120000;92.08;92.11;91.99;92;2350
USDRUBF;30;20231225;123000;91.99;92.03;91.9;91.9;1761
USDRUBF;30;20231225;130000;91.9;92.01;91.86;91.93;6892
USDRUBF;30;20231225;133000;91.91;92.01;91.88;91.97;8639
USDRUBF;30;20231225;140000;92;92;91.92;91.93;1715
USDRUBF;30;20231225;143000;91.93;92.02;91.93;92.01;1058
USDRUBF;30;20231225;150000;92.01;92.06;91.96;91.99;1839
USDRUBF;30;20231225;153000;92;92.03;91.93;91.94;2210
USDRUBF;30;20231225;160000;91.96;91.99;91.83;91.9;3074
USDRUBF;30;20231225;163000;91.89;91.89;91.57;91.64;5669
USDRUBF;30;20231225;170000;91.64;91.75;91.63;91.7;2480
USDRUBF;30;20231225;173000;91.69;91.8;91.61;91.63;3867
USDRUBF;30;20231225;180000;91.64;91.93;91.62;91.76;3411
USDRUBF;30;20231225;183000;91.77;91.83;91.7;91.75;1772
USDRUBF;30;20231225;190000;91.84;91.9;91.6;91.72;307
USDRUBF;30;20231225;193000;91.69;91.74;91.66;91.7;244
USDRUBF;30;20231225;200000;91.72;91.72;91.66;91.69;152
USDRUBF;30;20231225;203000;91.69;91.81;91.6;91.76;410
USDRUBF;30;20231225;210000;91.77;91.78;91.6;91.67;448
USDRUBF;30;20231225;213000;91.67;91.69;91.59;91.69;165
USDRUBF;30;20231225;220000;91.69;91.7;91.62;91.62;112
USDRUBF;30;20231225;223000;91.62;91.66;91.6;91.66;43
USDRUBF;30;20231225;230000;91.66;91.68;91.61;91.62;100
USDRUBF;30;20231225;233000;91.62;91.78;91.61;91.67;591
USDRUBF;30;20231226;090000;91.59;91.65;91.43;91.62;3092
USDRUBF;30;20231226;093000;91.62;91.75;91.6;91.73;3201
USDRUBF;30;20231226;100000;91.74;91.97;91.67;91.87;6078
USDRUBF;30;20231226;103000;91.88;91.91;91.76;91.77;2193
USDRUBF;30;20231226;110000;91.78;91.84;91.74;91.8;1394
USDRUBF;30;20231226;113000;91.77;91.84;91.6;91.63;2897
USDRUBF;30;20231226;120000;91.63;91.78;91.61;91.7;6852
USDRUBF;30;20231226;123000;91.7;91.75;91.54;91.57;3832
USDRUBF;30;20231226;130000;91.56;91.7;91.55;91.7;1345
USDRUBF;30;20231226;133000;91.7;91.79;91.67;91.78;1365
USDRUBF;30;20231226;140000;91.77;91.81;91.73;91.79;2051
USDRUBF;30;20231226;143000;91.79;91.79;91.66;91.72;973
USDRUBF;30;20231226;150000;91.7;91.85;91.7;91.83;3280
USDRUBF;30;20231226;153000;91.84;91.88;91.7;91.77;3525
USDRUBF;30;20231226;160000;91.77;91.86;91.68;91.71;1646
USDRUBF;30;20231226;163000;91.69;91.81;91.67;91.81;1375
USDRUBF;30;20231226;170000;91.8;91.81;91.69;91.72;1035
USDRUBF;30;20231226;173000;91.74;91.85;91.67;91.83;1151
USDRUBF;30;20231226;180000;91.83;91.84;91.73;91.74;577
USDRUBF;30;20231226;183000;91.75;91.79;91.72;91.73;534
USDRUBF;30;20231226;190000;91.72;91.74;91.57;91.7;1545
USDRUBF;30;20231226;193000;91.7;91.7;91.68;91.69;73
USDRUBF;30;20231226;200000;91.68;91.71;91.67;91.7;166
USDRUBF;30;20231226;203000;91.7;91.7;91.67;91.69;55
USDRUBF;30;20231226;210000;91.69;91.7;91.67;91.69;21
USDRUBF;30;20231226;213000;91.69;91.7;91.69;91.7;21
USDRUBF;30;20231226;220000;91.7;91.71;91.67;91.7;73
USDRUBF;30;20231226;223000;91.7;91.7;91.68;91.7;22
USDRUBF;30;20231226;230000;91.7;91.7;91.65;91.66;164
USDRUBF;30;20231226;233000;91.66;91.7;91.65;91.7;77
USDRUBF;30;20231227;090000;91.79;91.9;91.78;91.86;1566
USDRUBF;30;20231227;093000;91.85;91.87;91.82;91.84;2079
USDRUBF;30;20231227;100000;91.84;91.85;91.49;91.69;5136
USDRUBF;30;20231227;103000;91.7;91.84;91.63;91.82;1845
USDRUBF;30;20231227;110000;91.81;91.89;91.77;91.89;5160
USDRUBF;30;20231227;113000;91.89;91.92;91.79;91.79;5353
USDRUBF;30;20231227;120000;91.79;91.87;91.76;91.81;3108
USDRUBF;30;20231227;123000;91.82;91.86;91.81;91.85;1503
USDRUBF;30;20231227;130000;91.85;91.87;91.82;91.84;931
USDRUBF;30;20231227;133000;91.83;91.87;91.78;91.79;4533
USDRUBF;30;20231227;140000;91.79;91.87;91.76;91.84;2925
USDRUBF;30;20231227;143000;91.83;91.85;91.79;91.84;1114
USDRUBF;30;20231227;150000;91.83;91.85;91.76;91.76;1445
USDRUBF;30;20231227;153000;91.78;91.8;91.62;91.77;1588
USDRUBF;30;20231227;160000;91.77;91.78;91.6;91.63;2608
USDRUBF;30;20231227;163000;91.63;91.71;91.6;91.64;1260
USDRUBF;30;20231227;170000;91.64;91.69;91.48;91.65;4070
USDRUBF;30;20231227;173000;91.65;91.69;91.52;91.58;1490
USDRUBF;30;20231227;180000;91.58;91.61;91.42;91.42;3394
USDRUBF;30;20231227;183000;91.42;91.42;91.31;91.35;3246
USDRUBF;30;20231227;190000;91.42;91.44;91.37;91.44;2268
USDRUBF;30;20231227;193000;91.44;91.45;91.34;91.37;398
USDRUBF;30;20231227;200000;91.37;91.43;91.35;91.4;484
USDRUBF;30;20231227;203000;91.41;91.46;91.41;91.43;236
USDRUBF;30;20231227;210000;91.43;91.44;91.37;91.4;404
USDRUBF;30;20231227;213000;91.4;91.44;91.4;91.43;385
USDRUBF;30;20231227;220000;91.43;91.44;91.4;91.41;176
USDRUBF;30;20231227;223000;91.41;91.44;91.4;91.42;93
USDRUBF;30;20231227;230000;91.42;91.44;91.39;91.42;135
USDRUBF;30;20231227;233000;91.4;91.43;91.39;91.43;87
USDRUBF;30;20231228;090000;91.24;91.24;91.06;91.22;3407
USDRUBF;30;20231228;093000;91.22;91.24;91.1;91.12;1265
USDRUBF;30;20231228;100000;91.12;91.12;90.65;90.65;8671
USDRUBF;30;20231228;103000;90.65;90.72;90.54;90.69;6725
USDRUBF;30;20231228;110000;90.68;90.73;90.5;90.63;7854
USDRUBF;30;20231228;113000;90.65;90.75;90.64;90.73;9637
USDRUBF;30;20231228;120000;90.72;90.77;90.65;90.66;3404
USDRUBF;30;20231228;123000;90.68;90.75;90.65;90.67;2830
USDRUBF;30;20231228;130000;90.66;90.69;90.35;90.38;4051
USDRUBF;30;20231228;133000;90.38;90.55;90.35;90.47;7805
USDRUBF;30;20231228;140000;90.46;90.46;90.17;90.17;5098
USDRUBF;30;20231228;143000;90.18;90.2;90.13;90.19;7456
USDRUBF;30;20231228;150000;90.18;90.22;89.96;90.05;14761
USDRUBF;30;20231228;153000;90.05;90.14;89.86;89.87;4974
USDRUBF;30;20231228;160000;89.88;89.91;89.61;89.68;13899
USDRUBF;30;20231228;163000;89.69;89.91;89.68;89.78;7697
USDRUBF;30;20231228;170000;89.78;89.89;89.73;89.84;4364
USDRUBF;30;20231228;173000;89.85;90.28;89.82;90.06;7568
USDRUBF;30;20231228;180000;90.06;90.12;89.91;89.94;8852
USDRUBF;30;20231228;183000;89.92;89.94;89.67;89.67;5160
USDRUBF;30;20231228;190000;89.73;90.09;89.72;89.96;3451
USDRUBF;30;20231228;193000;89.92;90.02;89.92;89.97;367
USDRUBF;30;20231228;200000;89.97;89.97;89.79;89.87;1143
USDRUBF;30;20231228;203000;89.87;89.9;89.77;89.9;381
USDRUBF;30;20231228;210000;89.89;90.01;89.87;89.9;504
USDRUBF;30;20231228;213000;89.91;89.94;89.79;89.79;798
USDRUBF;30;20231228;220000;89.81;89.93;89.81;89.89;298
USDRUBF;30;20231228;223000;89.9;89.95;89.89;89.94;252
USDRUBF;30;20231228;230000;89.94;89.95;89.88;89.88;316
USDRUBF;30;20231228;233000;89.88;89.89;89.85;89.89;676
USDRUBF;30;20231229;090000;90.11;90.37;90.11;90.27;2933
USDRUBF;30;20231229;093000;90.27;90.29;90.06;90.08;2345
USDRUBF;30;20231229;100000;90.08;90.13;89.91;89.95;4324
USDRUBF;30;20231229;103000;89.94;89.95;89.58;89.62;6558
USDRUBF;30;20231229;110000;89.62;89.69;89.25;89.26;8258
USDRUBF;30;20231229;113000;89.26;89.57;89.15;89.5;7215
USDRUBF;30;20231229;120000;89.52;90.24;89.46;90.23;8598
USDRUBF;30;20231229;123000;90.22;90.24;89.84;90.03;4753
USDRUBF;30;20231229;130000;90.03;90.27;89.96;90.08;6240
USDRUBF;30;20231229;133000;90.09;90.16;89.92;90.07;2325
USDRUBF;30;20231229;140000;90.08;90.28;90.06;90.26;3216
USDRUBF;30;20231229;143000;90.24;90.33;90.17;90.24;3832
USDRUBF;30;20231229;150000;90.22;90.35;90.17;90.29;5722
USDRUBF;30;20231229;153000;90.27;90.31;90.23;90.25;3641
USDRUBF;30;20231229;160000;90.26;90.29;90.15;90.27;2700
USDRUBF;30;20231229;163000;90.28;90.41;90.2;90.22;4634
USDRUBF;30;20231229;170000;90.21;90.38;90.18;90.36;3770
USDRUBF;30;20231229;173000;90.38;90.44;90.33;90.38;2832
USDRUBF;30;20231229;180000;90.38;90.47;90.38;90.44;2430
USDRUBF;30;20231229;183000;90.41;90.42;90.18;90.27;1580
USDRUBF;30;20231229;190000;90.28;90.53;90.25;90.5;1005
USDRUBF;30;20231229;193000;90.5;90.61;90.5;90.61;561
USDRUBF;30;20231229;200000;90.6;90.61;90.47;90.51;314
USDRUBF;30;20231229;203000;90.51;90.59;90.5;90.57;247
USDRUBF;30;20231229;210000;90.58;90.68;90.57;90.58;635
USDRUBF;30;20231229;213000;90.59;90.65;90.57;90.6;328
USDRUBF;30;20231229;220000;90.59;90.63;90.58;90.58;428
USDRUBF;30;20231229;223000;90.59;90.63;90.57;90.59;154
USDRUBF;30;20231229;230000;90.59;90.65;90.57;90.64;257
USDRUBF;30;20231229;233000;90.64;90.69;90.64;90.66;182
