<TICKER>;<PER>;<DATE>;<TIME>;<OPEN>;<HIGH>;<LOW>;<CLOSE>;<VOL>
USDRUBF;15;20230502;090000;80.27;80.42;80.27;80.41;440
USDRUBF;15;20230502;091500;80.41;80.41;80.37;80.37;502
USDRUBF;15;20230502;093000;80.38;80.4;80.34;80.34;360
USDRUBF;15;20230502;094500;80.36;80.43;80.27;80.27;297
USDRUBF;15;20230502;100000;80.25;80.54;80.25;80.28;710
USDRUBF;15;20230502;101500;80.29;80.34;80.17;80.2;1359
USDRUBF;15;20230502;103000;80.18;80.21;79.95;80.11;3196
USDRUBF;15;20230502;104500;80.14;80.14;79.83;79.83;1454
USDRUBF;15;20230502;110000;79.83;79.97;79.83;79.86;1423
USDRUBF;15;20230502;111500;79.87;80.02;79.81;79.92;2124
USDRUBF;15;20230502;113000;79.91;79.94;79.84;79.88;621
USDRUBF;15;20230502;114500;79.89;79.92;79.85;79.88;2072
USDRUBF;15;20230502;120000;79.85;79.89;79.75;79.79;1700
USDRUBF;15;20230502;121500;79.81;79.83;79.46;79.52;1607
USDRUBF;15;20230502;123000;79.52;79.71;79.47;79.69;2024
USDRUBF;15;20230502;124500;79.68;79.68;79.57;79.62;832
USDRUBF;15;20230502;130000;79.62;79.83;79.62;79.72;695
USDRUBF;15;20230502;131500;79.72;79.77;79.67;79.75;882
USDRUBF;15;20230502;133000;79.73;79.74;79.62;79.65;2854
USDRUBF;15;20230502;134500;79.63;79.63;79.59;79.59;192
USDRUBF;15;20230502;140000;79.58;79.65;79.55;79.63;786
USDRUBF;15;20230502;141500;79.62;79.63;79.52;79.58;781
USDRUBF;15;20230502;143000;79.53;79.6;79.52;79.6;307
USDRUBF;15;20230502;144500;79.61;79.61;79.58;79.61;253
USDRUBF;15;20230502;150000;79.6;79.61;79.48;79.52;459
USDRUBF;15;20230502;151500;79.52;79.53;79.48;79.5;764
USDRUBF;15;20230502;153000;79.51;79.71;79.51;79.68;1067
USDRUBF;15;20230502;154500;79.68;79.72;79.64;79.71;657
USDRUBF;15;20230502;160000;79.71;79.72;79.64;79.68;879
USDRUBF;15;20230502;161500;79.69;79.71;79.63;79.65;700
USDRUBF;15;20230502;163000;79.65;79.69;79.58;79.68;307
USDRUBF;15;20230502;164500;79.67;79.68;79.64;79.67;174
USDRUBF;15;20230502;170000;79.67;79.67;79.57;79.6;515
USDRUBF;15;20230502;171500;79.59;79.64;79.56;79.63;758
USDRUBF;15;20230502;173000;79.63;79.64;79.57;79.58;818
USDRUBF;15;20230502;174500;79.58;79.67;79.51;79.63;1158
USDRUBF;15;20230502;180000;79.62;79.81;79.62;79.8;2548
USDRUBF;15;20230502;181500;79.8;79.88;79.56;79.68;3642
USDRUBF;15;20230502;183000;79.69;79.85;79.69;79.72;3980
USDRUBF;15;20230502;184500;79.74;79.78;79.72;79.76;576
USDRUBF;15;20230502;190000;79.61;80;79.61;79.79;283
USDRUBF;15;20230502;191500;79.79;79.85;79.7;79.71;414
USDRUBF;15;20230502;193000;79.7;79.76;79.7;79.75;132
USDRUBF;15;20230502;194500;79.72;79.79;79.7;79.7;226
USDRUBF;15;20230502;200000;79.73;79.79;79.71;79.72;177
USDRUBF;15;20230502;201500;79.74;79.74;79.72;79.73;20
USDRUBF;15;20230502;203000;79.66;79.66;79.63;79.65;15
USDRUBF;15;20230502;204500;79.66;79.66;79.54;79.6;335
USDRUBF;15;20230502;210000;79.61;79.65;79.59;79.65;54
USDRUBF;15;20230502;211500;79.63;79.65;79.59;79.59;27
USDRUBF;15;20230502;213000;79.62;79.7;79.62;79.7;79
USDRUBF;15;20230502;214500;79.65;79.68;79.65;79.67;17
USDRUBF;15;20230502;220000;79.67;79.71;79.67;79.7;132
USDRUBF;15;20230502;221500;79.7;79.7;79.62;79.66;47
USDRUBF;15;20230502;223000;79.64;79.64;79.6;79.64;61
USDRUBF;15;20230502;224500;79.63;79.63;79.59;79.59;14
USDRUBF;15;20230502;230000;79.61;79.61;79.58;79.58;32
USDRUBF;15;20230502;231500;79.58;79.58;79.58;79.58;5
USDRUBF;15;20230502;233000;79.61;79.61;79.61;79.61;1
USDRUBF;15;20230502;234500;79.59;79.59;79.58;79.58;17
USDRUBF;15;20230503;090000;79.75;79.88;79.75;79.86;713
USDRUBF;15;20230503;091500;79.87;79.94;79.83;79.92;279
USDRUBF;15;20230503;093000;79.92;79.94;79.73;79.74;126
USDRUBF;15;20230503;094500;79.73;79.79;79.57;79.61;647
USDRUBF;15;20230503;100000;79.61;79.72;79.54;79.59;1313
USDRUBF;15;20230503;101500;79.58;79.6;79.37;79.42;2766
USDRUBF;15;20230503;103000;79.41;79.5;79.38;79.47;634
USDRUBF;15;20230503;104500;79.47;79.48;79.35;79.36;1336
USDRUBF;15;20230503;110000;79.36;79.37;79.11;79.19;3134
USDRUBF;15;20230503;111500;79.19;79.23;78.81;78.85;2817
USDRUBF;15;20230503;113000;78.86;79.1;78.82;79.1;2655
USDRUBF;15;20230503;114500;79.1;79.29;79.07;79.14;1609
USDRUBF;15;20230503;120000;79.14;79.27;79.09;79.13;955
USDRUBF;15;20230503;121500;79.16;79.23;79.14;79.18;344
USDRUBF;15;20230503;123000;79.19;79.23;79.14;79.17;522
USDRUBF;15;20230503;124500;79.17;79.23;79.16;79.23;270
USDRUBF;15;20230503;130000;79.23;79.32;79.17;79.32;463
USDRUBF;15;20230503;131500;79.32;79.38;79.27;79.3;1183
USDRUBF;15;20230503;133000;79.29;79.32;79.27;79.3;127
USDRUBF;15;20230503;134500;79.31;79.38;79.31;79.35;162
USDRUBF;15;20230503;140000;79.35;79.35;79.28;79.33;227
USDRUBF;15;20230503;141500;79.35;79.35;79.22;79.24;279
USDRUBF;15;20230503;143000;79.23;79.26;79.2;79.26;779
USDRUBF;15;20230503;144500;79.26;79.27;79.18;79.25;619
USDRUBF;15;20230503;150000;79.25;79.27;79.18;79.19;239
USDRUBF;15;20230503;151500;79.19;79.22;79.06;79.18;567
USDRUBF;15;20230503;153000;79.17;79.28;79.11;79.25;932
USDRUBF;15;20230503;154500;79.26;79.29;79.24;79.25;1895
USDRUBF;15;20230503;160000;79.24;79.27;79.24;79.24;362
USDRUBF;15;20230503;161500;79.24;79.27;79.2;79.2;495
USDRUBF;15;20230503;163000;79.2;79.27;79.2;79.26;1060
USDRUBF;15;20230503;164500;79.26;79.33;79.23;79.28;6460
USDRUBF;15;20230503;170000;79.29;79.3;79.23;79.26;1283
USDRUBF;15;20230503;171500;79.27;79.3;79.2;79.28;720
USDRUBF;15;20230503;173000;79.3;79.31;79.26;79.29;820
USDRUBF;15;20230503;174500;79.3;79.3;79.19;79.22;627
USDRUBF;15;20230503;180000;79.22;79.23;79.1;79.22;922
USDRUBF;15;20230503;181500;79.22;79.24;79.16;79.16;143
USDRUBF;15;20230503;183000;79.18;79.18;79.03;79.1;777
USDRUBF;15;20230503;184500;79.1;79.1;79.01;79.01;317
USDRUBF;15;20230503;190000;79.08;79.1;78.9;79.04;211
USDRUBF;15;20230503;191500;79.07;79.12;78.99;79;152
USDRUBF;15;20230503;193000;79;79.09;79;79.07;36
USDRUBF;15;20230503;194500;79.05;79.1;79.05;79.08;100
USDRUBF;15;20230503;200000;79.1;79.32;79.08;79.27;242
USDRUBF;15;20230503;201500;79.28;79.3;79.18;79.22;93
USDRUBF;15;20230503;203000;79.22;79.23;79.21;79.23;14
USDRUBF;15;20230503;204500;79.23;79.23;79.1;79.16;73
USDRUBF;15;20230503;210000;79.17;79.18;79.04;79.04;310
USDRUBF;15;20230503;211500;79.04;79.06;78.95;79.06;81
USDRUBF;15;20230503;213000;79.06;79.06;79.06;79.06;1
USDRUBF;15;20230503;214500;79.09;79.09;79.09;79.09;9
USDRUBF;15;20230503;220000;79.08;79.1;79.07;79.07;18
USDRUBF;15;20230503;221500;79.09;79.18;79.09;79.18;21
USDRUBF;15;20230503;223000;79.18;79.2;79.14;79.14;12
USDRUBF;15;20230503;224500;79.14;79.21;79.14;79.19;71
USDRUBF;15;20230503;230000;79.17;79.19;79.16;79.16;45
USDRUBF;15;20230503;231500;79.12;79.12;79.1;79.1;12
USDRUBF;15;20230503;233000;79.11;79.12;79.11;79.12;3
USDRUBF;15;20230503;234500;79.12;79.21;79.12;79.16;22
USDRUBF;15;20230504;090000;79.1;79.24;79.1;79.21;806
USDRUBF;15;20230504;091500;79.21;79.29;79.2;79.24;254
USDRUBF;15;20230504;093000;79.26;79.27;79.23;79.27;521
USDRUBF;15;20230504;094500;79.26;79.28;79.09;79.09;424
USDRUBF;15;20230504;100000;79.1;79.24;79.08;79.21;1033
USDRUBF;15;20230504;101500;79.24;79.26;79.08;79.09;1575
USDRUBF;15;20230504;103000;79.09;79.11;79.01;79.02;1383
USDRUBF;15;20230504;104500;79.01;79.02;78.89;78.91;3130
USDRUBF;15;20230504;110000;78.91;78.95;78.85;78.85;2376
USDRUBF;15;20230504;111500;78.85;78.86;78.72;78.82;7294
USDRUBF;15;20230504;113000;78.8;78.82;78.53;78.53;3242
USDRUBF;15;20230504;114500;78.53;78.61;78.44;78.51;2452
USDRUBF;15;20230504;120000;78.51;78.6;78.27;78.27;2769
USDRUBF;15;20230504;121500;78.24;78.42;78.22;78.41;1133
USDRUBF;15;20230504;123000;78.4;78.45;78.17;78.17;976
USDRUBF;15;20230504;124500;78.17;78.31;78.16;78.2;832
USDRUBF;15;20230504;130000;78.22;78.29;78.2;78.22;364
USDRUBF;15;20230504;131500;78.21;78.3;78.2;78.25;1425
USDRUBF;15;20230504;133000;78.24;78.3;78.17;78.18;1602
USDRUBF;15;20230504;134500;78.18;78.25;78.11;78.15;2106
USDRUBF;15;20230504;140000;78.16;78.2;78.08;78.1;1173
USDRUBF;15;20230504;141500;78.09;78.19;78.07;78.11;1622
USDRUBF;15;20230504;143000;78.11;78.25;78.1;78.24;1403
USDRUBF;15;20230504;144500;78.24;78.24;78.12;78.15;223
USDRUBF;15;20230504;150000;78.16;78.2;78.01;78.09;1136
USDRUBF;15;20230504;151500;78.09;78.16;78.07;78.11;455
USDRUBF;15;20230504;153000;78.09;78.11;78;78.02;846
USDRUBF;15;20230504;154500;78.01;78.04;77.93;77.93;556
USDRUBF;15;20230504;160000;77.94;78.02;77.73;77.92;3104
USDRUBF;15;20230504;161500;77.92;77.94;77.58;77.89;3464
USDRUBF;15;20230504;163000;77.88;77.98;77.74;77.94;801
USDRUBF;15;20230504;164500;77.98;77.99;77.75;77.82;1036
USDRUBF;15;20230504;170000;77.82;77.82;77.7;77.81;512
USDRUBF;15;20230504;171500;77.79;77.85;77.72;77.75;967
USDRUBF;15;20230504;173000;77.74;78.05;77.68;77.9;3217
USDRUBF;15;20230504;174500;77.89;78.01;77.81;77.98;1746
USDRUBF;15;20230504;180000;77.97;78.07;77.96;78.04;1006
USDRUBF;15;20230504;181500;78.04;78.04;77.91;77.91;453
USDRUBF;15;20230504;183000;77.93;78.03;77.93;77.96;1027
USDRUBF;15;20230504;184500;77.96;77.99;77.95;77.99;370
USDRUBF;15;20230504;190000;77.99;77.99;77.9;77.95;158
USDRUBF;15;20230504;191500;77.95;77.99;77.91;77.97;229
USDRUBF;15;20230504;193000;77.98;77.98;77.96;77.96;71
USDRUBF;15;20230504;194500;77.95;77.95;77.9;77.9;12
USDRUBF;15;20230504;200000;77.9;77.9;77.8;77.81;75
USDRUBF;15;20230504;201500;77.81;77.85;77.81;77.83;26
USDRUBF;15;20230504;203000;77.83;77.96;77.83;77.96;89
USDRUBF;15;20230504;204500;77.95;77.96;77.92;77.92;22
USDRUBF;15;20230504;210000;77.94;78.06;77.94;78.05;211
USDRUBF;15;20230504;211500;78.05;78.25;78.05;78.09;487
USDRUBF;15;20230504;213000;78.1;78.21;78.09;78.13;112
USDRUBF;15;20230504;214500;78.1;78.12;78.07;78.07;20
USDRUBF;15;20230504;220000;78.06;78.19;78.06;78.12;74
USDRUBF;15;20230504;221500;78.12;78.12;78.12;78.12;1
USDRUBF;15;20230504;223000;78.12;78.13;78.12;78.12;14
USDRUBF;15;20230504;224500;78.11;78.11;78.07;78.09;42
USDRUBF;15;20230504;230000;78.1;78.17;78.1;78.13;37
USDRUBF;15;20230504;231500;78.12;78.19;78.12;78.19;31
USDRUBF;15;20230504;233000;78.17;78.17;78.17;78.17;1
USDRUBF;15;20230504;234500;78.18;78.19;78.18;78.19;10
USDRUBF;15;20230505;090000;78.1;78.1;77.68;77.74;1544
USDRUBF;15;20230505;091500;77.74;77.77;77.65;77.74;839
USDRUBF;15;20230505;093000;77.71;77.71;77.55;77.6;717
USDRUBF;15;20230505;094500;77.59;77.69;77.11;77.12;2024
USDRUBF;15;20230505;100000;77.11;77.35;76.91;77.24;4385
USDRUBF;15;20230505;101500;77.24;77.28;77.07;77.13;3906
USDRUBF;15;20230505;103000;77.12;77.12;76.7;76.83;4569
USDRUBF;15;20230505;104500;76.82;76.83;76.57;76.68;6330
USDRUBF;15;20230505;110000;76.67;76.67;76.5;76.57;3482
USDRUBF;15;20230505;111500;76.56;76.58;76.36;76.41;4040
USDRUBF;15;20230505;113000;76.4;76.44;76.35;76.41;1804
USDRUBF;15;20230505;114500;76.44;76.55;76.31;76.5;2706
USDRUBF;15;20230505;120000;76.5;76.74;76.5;76.71;1849
USDRUBF;15;20230505;121500;76.7;76.76;76.6;76.74;2531
USDRUBF;15;20230505;123000;76.75;76.91;76.74;76.9;4243
USDRUBF;15;20230505;124500;76.87;76.98;76.85;76.95;2531
USDRUBF;15;20230505;130000;76.95;76.98;76.83;76.95;1749
USDRUBF;15;20230505;131500;76.97;77.18;76.95;77.16;2222
USDRUBF;15;20230505;133000;77.16;77.17;76.98;77.07;1945
USDRUBF;15;20230505;134500;77.07;77.17;77.02;77.1;517
USDRUBF;15;20230505;140000;77.07;77.07;76.86;76.96;1343
USDRUBF;15;20230505;141500;76.97;77.1;76.96;77.04;1095
USDRUBF;15;20230505;143000;77.04;77.2;77.02;77.18;1398
USDRUBF;15;20230505;144500;77.18;77.22;77.14;77.2;2617
USDRUBF;15;20230505;150000;77.21;77.27;77.16;77.25;792
USDRUBF;15;20230505;151500;77.26;77.35;77.25;77.3;2067
USDRUBF;15;20230505;153000;77.3;77.32;77.25;77.3;2354
USDRUBF;15;20230505;154500;77.32;77.32;77.04;77.05;848
USDRUBF;15;20230505;160000;77.06;77.4;77.01;77.35;823
USDRUBF;15;20230505;161500;77.31;77.33;77.21;77.29;202
USDRUBF;15;20230505;163000;77.27;77.31;77.16;77.24;174
USDRUBF;15;20230505;164500;77.24;77.32;77.23;77.32;148
USDRUBF;15;20230505;170000;77.32;77.37;77.31;77.35;371
USDRUBF;15;20230505;171500;77.36;77.45;77.35;77.41;1240
USDRUBF;15;20230505;173000;77.42;77.5;77.41;77.48;1109
USDRUBF;15;20230505;174500;77.49;77.55;77.42;77.46;1638
USDRUBF;15;20230505;180000;77.43;77.44;77.29;77.29;214
USDRUBF;15;20230505;181500;77.28;77.38;77.24;77.37;593
USDRUBF;15;20230505;183000;77.37;77.38;77.32;77.38;376
USDRUBF;15;20230505;184500;77.37;77.46;77.37;77.46;606
USDRUBF;15;20230505;190000;77.36;77.5;77.16;77.43;88
USDRUBF;15;20230505;191500;77.42;77.42;77.38;77.39;17
USDRUBF;15;20230505;193000;77.39;77.39;77.28;77.28;50
USDRUBF;15;20230505;194500;77.28;77.28;77.2;77.22;187
USDRUBF;15;20230505;200000;77.26;77.33;77.25;77.3;48
USDRUBF;15;20230505;201500;77.32;77.36;77.32;77.34;57
USDRUBF;15;20230505;203000;77.34;77.35;77.29;77.34;46
USDRUBF;15;20230505;204500;77.31;77.31;77.31;77.31;1
USDRUBF;15;20230505;210000;77.36;77.36;77.36;77.36;2
USDRUBF;15;20230505;211500;77.33;77.34;77.28;77.33;69
USDRUBF;15;20230505;213000;77.29;77.3;77.03;77.26;644
USDRUBF;15;20230505;214500;77.22;77.28;77.22;77.25;55
USDRUBF;15;20230505;220000;77.25;77.27;77.19;77.22;52
USDRUBF;15;20230505;221500;77.19;77.24;77.15;77.22;117
USDRUBF;15;20230505;223000;77.2;77.23;77.2;77.23;65
USDRUBF;15;20230505;224500;77.24;77.24;77.24;77.24;3
USDRUBF;15;20230505;230000;77.25;77.25;77.25;77.25;5
USDRUBF;15;20230505;231500;77.26;77.3;77.22;77.3;42
USDRUBF;15;20230505;233000;77.25;77.3;77.24;77.3;17
USDRUBF;15;20230505;234500;77.3;77.32;77.3;77.32;42
USDRUBF;15;20230508;090000;77.4;77.65;77.31;77.31;884
USDRUBF;15;20230508;091500;77.3;77.36;77;77.29;1041
USDRUBF;15;20230508;093000;77.29;77.34;77.07;77.15;453
USDRUBF;15;20230508;094500;77.16;77.18;76.96;77.06;680
USDRUBF;15;20230508;100000;77.06;77.4;77.06;77.19;994
USDRUBF;15;20230508;101500;77.18;77.19;76.6;76.99;4126
USDRUBF;15;20230508;103000;76.98;77.22;76.88;77.1;1959
USDRUBF;15;20230508;104500;77.1;77.69;77.1;77.66;2164
USDRUBF;15;20230508;110000;77.7;77.81;77.59;77.66;2683
USDRUBF;15;20230508;111500;77.66;77.87;77.53;77.6;2066
USDRUBF;15;20230508;113000;77.59;77.72;77.56;77.56;521
USDRUBF;15;20230508;114500;77.58;77.71;77.58;77.71;137
USDRUBF;15;20230508;120000;77.68;77.89;77.68;77.78;438
USDRUBF;15;20230508;121500;77.8;77.89;77.8;77.89;393
USDRUBF;15;20230508;123000;77.86;77.86;77.65;77.65;435
USDRUBF;15;20230508;124500;77.64;77.71;77.52;77.56;559
USDRUBF;15;20230508;130000;77.58;77.66;77.57;77.6;216
USDRUBF;15;20230508;131500;77.58;77.6;77.4;77.4;480
USDRUBF;15;20230508;133000;77.4;77.44;77.35;77.4;413
USDRUBF;15;20230508;134500;77.38;77.51;77.36;77.51;370
USDRUBF;15;20230508;140000;77.52;77.65;77.47;77.49;373
USDRUBF;15;20230508;141500;77.49;77.58;77.46;77.57;148
USDRUBF;15;20230508;143000;77.59;77.8;77.59;77.8;233
USDRUBF;15;20230508;144500;77.83;78.05;77.83;77.98;893
USDRUBF;15;20230508;150000;78;78.04;77.91;77.91;411
USDRUBF;15;20230508;151500;77.89;77.94;77.86;77.88;85
USDRUBF;15;20230508;153000;77.88;77.91;77.85;77.91;466
USDRUBF;15;20230508;154500;77.91;78.1;77.91;78.03;395
USDRUBF;15;20230508;160000;78.05;78.07;77.96;78.03;337
USDRUBF;15;20230508;161500;78.03;78.06;77.99;78.04;304
USDRUBF;15;20230508;163000;78.04;78.15;78.04;78.13;421
USDRUBF;15;20230508;164500;78.17;78.35;78.16;78.31;1685
USDRUBF;15;20230508;170000;78.33;78.48;78.33;78.36;2132
USDRUBF;15;20230508;171500;78.38;78.42;78.32;78.36;735
USDRUBF;15;20230508;173000;78.35;78.36;78.29;78.33;433
USDRUBF;15;20230508;174500;78.34;78.35;78.23;78.25;342
USDRUBF;15;20230508;180000;78.21;78.27;78.17;78.17;410
USDRUBF;15;20230508;181500;78.18;78.27;78.16;78.16;367
USDRUBF;15;20230508;183000;78.16;78.17;78.1;78.1;404
USDRUBF;15;20230508;184500;78.11;78.13;78.1;78.11;161
USDRUBF;15;20230508;190000;78.18;78.18;78.12;78.13;46
USDRUBF;15;20230508;191500;78.14;78.24;78.14;78.15;35
USDRUBF;15;20230508;193000;78.14;78.16;78.12;78.12;22
USDRUBF;15;20230508;194500;78.13;78.13;78.12;78.13;6
USDRUBF;15;20230508;200000;78.13;78.13;78.13;78.13;1
USDRUBF;15;20230508;201500;78.12;78.13;78.11;78.11;45
USDRUBF;15;20230508;203000;78.14;78.18;78.13;78.13;15
USDRUBF;15;20230508;204500;78.12;78.14;78.1;78.14;38
USDRUBF;15;20230508;210000;78.12;78.12;78.12;78.12;72
USDRUBF;15;20230508;211500;78.15;78.15;78.12;78.13;20
USDRUBF;15;20230508;213000;78.12;78.14;78.11;78.13;43
USDRUBF;15;20230508;214500;78.13;78.15;78.07;78.07;110
USDRUBF;15;20230508;220000;78.08;78.13;78.08;78.13;37
USDRUBF;15;20230508;221500;78.09;78.11;78.09;78.1;57
USDRUBF;15;20230508;223000;78.12;78.12;78.09;78.11;48
USDRUBF;15;20230508;224500;78.1;78.1;78.1;78.1;10
USDRUBF;15;20230508;230000;78.09;78.11;78.09;78.11;11
USDRUBF;15;20230508;231500;78.1;78.15;78.1;78.15;3
USDRUBF;15;20230508;233000;78.18;78.22;78.17;78.17;44
USDRUBF;15;20230508;234500;78.22;78.22;78.22;78.22;4
USDRUBF;15;20230510;090000;78.15;78.18;77.93;77.98;734
USDRUBF;15;20230510;091500;77.98;77.98;77.76;77.8;670
USDRUBF;15;20230510;093000;77.8;77.9;77.77;77.81;989
USDRUBF;15;20230510;094500;77.81;77.84;77.71;77.71;505
USDRUBF;15;20230510;100000;77.7;77.74;77.51;77.55;924
USDRUBF;15;20230510;101500;77.55;77.58;77.27;77.29;1217
USDRUBF;15;20230510;103000;77.28;77.28;77.03;77.06;1652
USDRUBF;15;20230510;104500;77.05;77.2;77.01;77.18;811
USDRUBF;15;20230510;110000;77.15;77.21;77.02;77.03;1701
USDRUBF;15;20230510;111500;77.02;77.02;76.78;76.8;2623
USDRUBF;15;20230510;113000;76.8;76.88;76.73;76.83;2198
USDRUBF;15;20230510;114500;76.83;76.98;76.81;76.92;1191
USDRUBF;15;20230510;120000;76.88;76.89;76.79;76.8;857
USDRUBF;15;20230510;121500;76.79;76.79;76.63;76.67;1846
USDRUBF;15;20230510;123000;76.71;76.71;76.57;76.6;1172
USDRUBF;15;20230510;124500;76.6;76.6;76.4;76.46;2054
USDRUBF;15;20230510;130000;76.45;76.46;76.15;76.15;3241
USDRUBF;15;20230510;131500;76.15;76.32;76.05;76.28;2733
USDRUBF;15;20230510;133000;76.28;76.36;76.1;76.33;1803
USDRUBF;15;20230510;134500;76.33;76.34;76.14;76.21;1463
USDRUBF;15;20230510;140000;76.2;76.28;76.16;76.21;925
USDRUBF;15;20230510;141500;76.21;76.31;76.07;76.14;4427
USDRUBF;15;20230510;143000;76.18;76.27;76.13;76.15;1297
USDRUBF;15;20230510;144500;76.15;76.25;76.13;76.23;3238
USDRUBF;15;20230510;150000;76.24;76.26;76.18;76.26;2081
USDRUBF;15;20230510;151500;76.24;76.33;76.17;76.26;1671
USDRUBF;15;20230510;153000;76.26;76.27;76.02;76.06;1938
USDRUBF;15;20230510;154500;76.05;76.09;75.93;76.06;1552
USDRUBF;15;20230510;160000;76.06;76.22;75.96;76.05;1983
USDRUBF;15;20230510;161500;76.05;76.24;76.01;76.18;1588
USDRUBF;15;20230510;163000;76.18;76.2;76.05;76.12;1234
USDRUBF;15;20230510;164500;76.1;76.36;76.08;76.35;1773
USDRUBF;15;20230510;170000;76.34;76.41;76.15;76.28;2170
USDRUBF;15;20230510;171500;76.28;76.31;76.15;76.19;678
USDRUBF;15;20230510;173000;76.19;76.37;76.17;76.34;463
USDRUBF;15;20230510;174500;76.33;76.49;76.29;76.48;675
USDRUBF;15;20230510;180000;76.47;76.48;76.26;76.26;1324
USDRUBF;15;20230510;181500;76.28;76.53;76.24;76.48;3269
USDRUBF;15;20230510;183000;76.49;76.52;76.26;76.34;2108
USDRUBF;15;20230510;184500;76.34;76.35;76.26;76.27;512
USDRUBF;15;20230510;190000;76.26;76.28;76.02;76.02;419
USDRUBF;15;20230510;191500;76.03;76.09;75.95;76.03;333
USDRUBF;15;20230510;193000;76.05;76.09;76.01;76.06;67
USDRUBF;15;20230510;194500;76.06;76.07;76;76.02;89
USDRUBF;15;20230510;200000;76.02;76.05;76.02;76.05;67
USDRUBF;15;20230510;201500;76.07;76.1;76.05;76.1;145
USDRUBF;15;20230510;203000;76.1;76.12;76.07;76.1;66
USDRUBF;15;20230510;204500;76.07;76.07;76.02;76.02;37
USDRUBF;15;20230510;210000;76.02;76.04;76.02;76.03;58
USDRUBF;15;20230510;211500;76.02;76.03;76.01;76.01;132
USDRUBF;15;20230510;213000;76.01;76.03;76;76.03;89
USDRUBF;15;20230510;214500;76;76.03;76;76;62
USDRUBF;15;20230510;220000;76.02;76.03;75.99;76.01;817
USDRUBF;15;20230510;221500;76.02;76.04;75.98;75.99;27
USDRUBF;15;20230510;223000;76;76.02;75.96;75.96;193
USDRUBF;15;20230510;224500;75.96;76.07;75.96;76;167
USDRUBF;15;20230510;230000;76;76;75.9;75.9;345
USDRUBF;15;20230510;231500;75.91;75.91;75.86;75.89;187
USDRUBF;15;20230510;233000;75.88;75.92;75.86;75.92;114
USDRUBF;15;20230510;234500;75.93;75.95;75.93;75.95;10
USDRUBF;15;20230511;090000;76.05;76.14;75.97;76.09;2129
USDRUBF;15;20230511;091500;76.08;76.29;75.96;76.23;1388
USDRUBF;15;20230511;093000;76.23;76.4;76.17;76.2;1322
USDRUBF;15;20230511;094500;76.17;76.21;75.77;75.84;1435
USDRUBF;15;20230511;100000;75.8;76.1;75.66;75.9;3579
USDRUBF;15;20230511;101500;75.89;75.9;75.62;75.68;2803
USDRUBF;15;20230511;103000;75.68;75.68;75.41;75.47;2807
USDRUBF;15;20230511;104500;75.47;75.47;75.3;75.34;1673
USDRUBF;15;20230511;110000;75.35;75.57;75.31;75.53;1525
USDRUBF;15;20230511;111500;75.52;75.54;75.34;75.42;1688
USDRUBF;15;20230511;113000;75.44;75.54;75.35;75.5;3697
USDRUBF;15;20230511;114500;75.5;75.51;75.37;75.38;2433
USDRUBF;15;20230511;120000;75.4;75.49;75.38;75.43;1153
USDRUBF;15;20230511;121500;75.43;75.47;75.4;75.43;1212
USDRUBF;15;20230511;123000;75.43;75.55;75.4;75.52;2090
USDRUBF;15;20230511;124500;75.55;75.75;75.54;75.67;3614
USDRUBF;15;20230511;130000;75.67;75.87;75.64;75.83;3748
USDRUBF;15;20230511;131500;75.84;76.24;75.83;76.2;4948
USDRUBF;15;20230511;133000;76.2;76.38;76.19;76.35;5954
USDRUBF;15;20230511;134500;76.36;76.47;76.3;76.45;4935
USDRUBF;15;20230511;140000;76.48;76.78;76.48;76.71;2166
USDRUBF;15;20230511;141500;76.72;76.83;76.58;76.81;4028
USDRUBF;15;20230511;143000;76.81;76.99;76.81;76.93;2901
USDRUBF;15;20230511;144500;76.93;76.98;76.85;76.94;2462
USDRUBF;15;20230511;150000;76.97;77.33;76.94;77.26;2758
USDRUBF;15;20230511;151500;77.26;77.3;77.16;77.3;1755
USDRUBF;15;20230511;153000;77.27;77.3;77.09;77.13;3126
USDRUBF;15;20230511;154500;77.15;77.35;77.09;77.31;2517
USDRUBF;15;20230511;160000;77.3;77.35;76.98;77.06;2532
USDRUBF;15;20230511;161500;77.01;77.08;76.86;77.06;948
USDRUBF;15;20230511;163000;77.05;77.09;76.96;77.04;843
USDRUBF;15;20230511;164500;77.07;77.24;76.98;77;1664
USDRUBF;15;20230511;170000;77;77.11;76.98;77.01;1211
USDRUBF;15;20230511;171500;77.03;77.06;76.99;77.04;359
USDRUBF;15;20230511;173000;77.04;77.1;76.99;77;453
USDRUBF;15;20230511;174500;77;77;76.89;76.93;561
USDRUBF;15;20230511;180000;76.92;77.01;76.9;77;840
USDRUBF;15;20230511;181500;77;77.11;76.98;76.99;687
USDRUBF;15;20230511;183000;76.99;77;76.97;76.98;981
USDRUBF;15;20230511;184500;76.98;76.98;76.94;76.94;83
USDRUBF;15;20230511;190000;77.01;77.2;77;77.17;508
USDRUBF;15;20230511;191500;77.16;77.16;77.06;77.1;75
USDRUBF;15;20230511;193000;77.09;77.14;77.09;77.1;294
USDRUBF;15;20230511;194500;77.14;77.14;77.11;77.11;27
USDRUBF;15;20230511;200000;77.1;77.1;77.09;77.1;120
USDRUBF;15;20230511;201500;77.1;77.1;77.08;77.1;26
USDRUBF;15;20230511;203000;77.09;77.09;77.02;77.04;54
USDRUBF;15;20230511;204500;77.04;77.1;77.03;77.04;60
USDRUBF;15;20230511;210000;77.03;77.17;77.02;77.16;97
USDRUBF;15;20230511;211500;77.18;77.76;77.18;77.58;1486
USDRUBF;15;20230511;213000;77.6;77.77;77.41;77.41;1040
USDRUBF;15;20230511;214500;77.44;77.6;77.37;77.47;286
USDRUBF;15;20230511;220000;77.43;77.47;77.4;77.47;33
USDRUBF;15;20230511;221500;77.48;77.56;77.41;77.41;96
USDRUBF;15;20230511;223000;77.41;77.41;77.23;77.4;315
USDRUBF;15;20230511;224500;77.36;77.44;77.34;77.44;172
USDRUBF;15;20230511;230000;77.4;77.45;77.38;77.38;50
USDRUBF;15;20230511;231500;77.38;77.38;77.35;77.36;51
USDRUBF;15;20230511;233000;77.37;77.41;77.37;77.4;13
USDRUBF;15;20230511;234500;77.4;77.4;77.38;77.38;10
USDRUBF;15;20230512;090000;77.34;77.34;76.79;76.93;2148
USDRUBF;15;20230512;091500;76.92;77;76.72;76.72;729
USDRUBF;15;20230512;093000;76.73;76.87;76.66;76.77;1069
USDRUBF;15;20230512;094500;76.79;76.87;76.74;76.76;731
USDRUBF;15;20230512;100000;76.76;76.96;76.62;76.72;2300
USDRUBF;15;20230512;101500;76.73;76.73;76.57;76.67;888
USDRUBF;15;20230512;103000;76.7;76.87;76.67;76.87;1326
USDRUBF;15;20230512;104500;76.87;77.47;76.84;77.39;4161
USDRUBF;15;20230512;110000;77.39;77.69;77.29;77.68;2202
USDRUBF;15;20230512;111500;77.7;77.72;77.47;77.59;2904
USDRUBF;15;20230512;113000;77.59;77.62;77.2;77.33;1659
USDRUBF;15;20230512;114500;77.33;77.33;77.16;77.28;881
USDRUBF;15;20230512;120000;77.28;77.42;77.21;77.39;937
USDRUBF;15;20230512;121500;77.41;77.44;77.32;77.44;292
USDRUBF;15;20230512;123000;77.43;77.43;77.26;77.28;657
USDRUBF;15;20230512;124500;77.29;77.33;77.29;77.31;224
USDRUBF;15;20230512;130000;77.32;77.35;77.26;77.31;391
USDRUBF;15;20230512;131500;77.32;77.36;77.31;77.36;277
USDRUBF;15;20230512;133000;77.35;77.38;77.33;77.37;343
USDRUBF;15;20230512;134500;77.35;77.45;77.35;77.42;258
USDRUBF;15;20230512;140000;77.43;78.14;77.43;78;3189
USDRUBF;15;20230512;141500;78.01;78.03;77.73;77.77;3158
USDRUBF;15;20230512;143000;77.76;77.85;77.72;77.81;1067
USDRUBF;15;20230512;144500;77.82;77.85;77.77;77.82;787
USDRUBF;15;20230512;150000;77.82;77.83;77.52;77.52;2060
USDRUBF;15;20230512;151500;77.54;77.62;77.48;77.53;517
USDRUBF;15;20230512;153000;77.52;77.52;77.4;77.46;473
USDRUBF;15;20230512;154500;77.46;77.64;77.46;77.6;886
USDRUBF;15;20230512;160000;77.58;77.59;77.49;77.49;328
USDRUBF;15;20230512;161500;77.51;77.56;77.5;77.56;385
USDRUBF;15;20230512;163000;77.53;77.6;77.52;77.57;712
USDRUBF;15;20230512;164500;77.57;77.58;77.47;77.48;711
USDRUBF;15;20230512;170000;77.49;77.52;77.42;77.47;857
USDRUBF;15;20230512;171500;77.48;77.64;77.46;77.54;1713
USDRUBF;15;20230512;173000;77.54;77.74;77.53;77.72;389
USDRUBF;15;20230512;174500;77.71;77.78;77.64;77.71;336
USDRUBF;15;20230512;180000;77.7;77.82;77.7;77.81;682
USDRUBF;15;20230512;181500;77.78;77.96;77.76;77.93;764
USDRUBF;15;20230512;183000;77.92;77.92;77.74;77.79;1272
USDRUBF;15;20230512;184500;77.77;77.87;77.77;77.84;133
USDRUBF;15;20230512;190000;77.88;78.02;77.82;77.94;210
USDRUBF;15;20230512;191500;77.89;77.93;77.87;77.9;149
USDRUBF;15;20230512;193000;77.9;77.9;77.85;77.88;104
USDRUBF;15;20230512;194500;77.87;77.87;77.76;77.84;206
USDRUBF;15;20230512;200000;77.83;77.83;77.67;77.74;231
USDRUBF;15;20230512;201500;77.71;77.72;77.67;77.68;75
USDRUBF;15;20230512;203000;77.68;77.73;77.67;77.7;57
USDRUBF;15;20230512;204500;77.74;77.74;77.72;77.73;6
USDRUBF;15;20230512;210000;77.72;77.74;77.72;77.74;7
USDRUBF;15;20230512;211500;77.75;77.84;77.75;77.77;120
USDRUBF;15;20230512;213000;77.77;77.78;77.75;77.76;37
USDRUBF;15;20230512;214500;77.76;77.76;77.74;77.74;61
USDRUBF;15;20230512;220000;77.77;77.77;77.71;77.74;33
USDRUBF;15;20230512;221500;77.73;77.75;77.73;77.73;35
USDRUBF;15;20230512;223000;77.74;77.75;77.74;77.74;8
USDRUBF;15;20230512;224500;77.76;77.76;77.74;77.75;12
USDRUBF;15;20230512;230000;77.75;77.76;77.73;77.76;15
USDRUBF;15;20230512;231500;77.76;77.85;77.76;77.85;35
USDRUBF;15;20230512;233000;77.79;77.83;77.78;77.83;24
USDRUBF;15;20230512;234500;77.83;77.83;77.7;77.7;72
USDRUBF;15;20230515;090000;77.84;78.38;77.84;78.34;1711
USDRUBF;15;20230515;091500;78.31;78.32;78.19;78.23;328
USDRUBF;15;20230515;093000;78.24;78.35;78.24;78.3;493
USDRUBF;15;20230515;094500;78.3;78.54;78.29;78.37;1380
USDRUBF;15;20230515;100000;78.36;78.68;78.13;78.62;3072
USDRUBF;15;20230515;101500;78.62;78.76;78.61;78.73;1274
USDRUBF;15;20230515;103000;78.73;79.2;78.72;79.17;2877
USDRUBF;15;20230515;104500;79.15;79.39;79.13;79.34;4750
USDRUBF;15;20230515;110000;79.35;79.35;78.88;78.91;2420
USDRUBF;15;20230515;111500;78.92;79.19;78.84;79.07;1063
USDRUBF;15;20230515;113000;79.07;79.2;79.03;79.16;859
USDRUBF;15;20230515;114500;79.15;79.16;79.09;79.13;546
USDRUBF;15;20230515;120000;79.13;79.24;79.01;79.06;393
USDRUBF;15;20230515;121500;79.07;79.18;78.99;79.14;382
USDRUBF;15;20230515;123000;79.17;79.24;79.15;79.24;367
USDRUBF;15;20230515;124500;79.24;79.33;79.17;79.33;416
USDRUBF;15;20230515;130000;79.32;79.42;79.32;79.39;500
USDRUBF;15;20230515;131500;79.4;79.5;79.39;79.4;696
USDRUBF;15;20230515;133000;79.41;79.51;79.41;79.51;330
USDRUBF;15;20230515;134500;79.52;79.55;79.31;79.36;503
USDRUBF;15;20230515;140000;79.35;79.42;79.33;79.34;150
USDRUBF;15;20230515;141500;79.34;79.34;79.12;79.32;873
USDRUBF;15;20230515;143000;79.34;79.47;79.32;79.41;610
USDRUBF;15;20230515;144500;79.42;79.47;79.36;79.36;282
USDRUBF;15;20230515;150000;79.35;79.47;79.31;79.38;726
USDRUBF;15;20230515;151500;79.4;79.44;79.38;79.44;334
USDRUBF;15;20230515;153000;79.43;79.49;79.36;79.48;410
USDRUBF;15;20230515;154500;79.48;79.55;79.43;79.47;928
USDRUBF;15;20230515;160000;79.46;79.51;79.41;79.51;803
USDRUBF;15;20230515;161500;79.5;79.51;79.4;79.45;619
USDRUBF;15;20230515;163000;79.47;79.49;79.34;79.43;977
USDRUBF;15;20230515;164500;79.42;79.49;79.42;79.48;890
USDRUBF;15;20230515;170000;79.49;79.52;79.45;79.48;265
USDRUBF;15;20230515;171500;79.5;79.51;79.44;79.48;547
USDRUBF;15;20230515;173000;79.49;79.49;79.37;79.37;315
USDRUBF;15;20230515;174500;79.36;79.39;79.29;79.34;433
USDRUBF;15;20230515;180000;79.34;79.34;79.08;79.23;1298
USDRUBF;15;20230515;181500;79.24;79.3;79.22;79.22;95
USDRUBF;15;20230515;183000;79.24;79.38;79.24;79.38;860
USDRUBF;15;20230515;184500;79.39;79.39;79.31;79.31;110
USDRUBF;15;20230515;190000;79.33;79.34;79.28;79.34;25
USDRUBF;15;20230515;191500;79.27;79.28;79.22;79.23;22
USDRUBF;15;20230515;193000;79.27;79.27;79.16;79.16;231
USDRUBF;15;20230515;194500;79.17;79.26;79.17;79.26;61
USDRUBF;15;20230515;200000;79.21;79.3;79.21;79.27;36
USDRUBF;15;20230515;201500;79.24;79.26;79.23;79.25;33
USDRUBF;15;20230515;203000;79.26;79.26;79.23;79.23;22
USDRUBF;15;20230515;204500;79.24;79.27;79.24;79.27;31
USDRUBF;15;20230515;210000;79.26;79.27;79.24;79.27;29
USDRUBF;15;20230515;211500;79.27;79.3;79.27;79.3;85
USDRUBF;15;20230515;213000;79.26;79.3;79.25;79.3;24
USDRUBF;15;20230515;214500;79.29;79.3;79.28;79.28;36
USDRUBF;15;20230515;220000;79.28;79.28;79.27;79.27;8
USDRUBF;15;20230515;221500;79.28;79.28;79.22;79.22;99
USDRUBF;15;20230515;223000;79.26;79.26;79.25;79.25;52
USDRUBF;15;20230515;224500;79.25;79.25;79.25;79.25;46
USDRUBF;15;20230515;230000;79.25;79.27;79.24;79.27;71
USDRUBF;15;20230515;231500;79.27;79.35;79.27;79.33;162
USDRUBF;15;20230515;233000;79.3;79.33;79.3;79.3;4
USDRUBF;15;20230515;234500;79.32;79.32;79.3;79.3;12
USDRUBF;15;20230516;090000;79.43;80.12;79.43;80.03;1800
USDRUBF;15;20230516;091500;80.03;80.18;79.96;80.03;1550
USDRUBF;15;20230516;093000;80.04;80.12;79.95;80;716
USDRUBF;15;20230516;094500;80.01;80.08;79.99;80.08;578
USDRUBF;15;20230516;100000;80.09;80.16;79.81;79.81;4037
USDRUBF;15;20230516;101500;79.81;79.85;79.64;79.85;3570
USDRUBF;15;20230516;103000;79.84;79.84;79.76;79.81;1929
USDRUBF;15;20230516;104500;79.8;80.08;79.8;79.92;2556
USDRUBF;15;20230516;110000;79.92;80.1;79.92;79.97;1398
USDRUBF;15;20230516;111500;79.99;80.09;79.98;80.03;594
USDRUBF;15;20230516;113000;80.02;80.05;79.94;80.02;906
USDRUBF;15;20230516;114500;80.01;80.21;79.99;80.21;676
USDRUBF;15;20230516;120000;80.21;80.33;80.1;80.23;864
USDRUBF;15;20230516;121500;80.19;80.2;80.09;80.12;526
USDRUBF;15;20230516;123000;80.09;80.18;80.08;80.14;523
USDRUBF;15;20230516;124500;80.14;80.2;80.12;80.16;960
USDRUBF;15;20230516;130000;80.16;80.17;79.88;79.9;2755
USDRUBF;15;20230516;131500;79.9;80.1;79.89;79.97;2076
USDRUBF;15;20230516;133000;79.96;80.01;79.95;79.97;553
USDRUBF;15;20230516;134500;79.98;80.04;79.95;79.97;1734
USDRUBF;15;20230516;140000;80;80.05;79.98;80.01;869
USDRUBF;15;20230516;141500;80.01;80.1;80;80.1;538
USDRUBF;15;20230516;143000;80.09;80.16;80.09;80.12;757
USDRUBF;15;20230516;144500;80.11;80.16;80.1;80.16;333
USDRUBF;15;20230516;150000;80.14;80.18;80.12;80.16;747
USDRUBF;15;20230516;151500;80.16;80.18;80.13;80.13;202
USDRUBF;15;20230516;153000;80.15;80.23;80.13;80.23;271
USDRUBF;15;20230516;154500;80.23;80.27;80.18;80.27;324
USDRUBF;15;20230516;160000;80.27;80.35;80.26;80.28;400
USDRUBF;15;20230516;161500;80.27;80.33;80.26;80.31;168
USDRUBF;15;20230516;163000;80.31;80.33;80.23;80.31;483
USDRUBF;15;20230516;164500;80.3;80.4;80.3;80.38;1151
USDRUBF;15;20230516;170000;80.4;80.5;80.34;80.5;766
USDRUBF;15;20230516;171500;80.5;80.53;80.45;80.48;548
USDRUBF;15;20230516;173000;80.48;80.52;80.43;80.44;536
USDRUBF;15;20230516;174500;80.43;80.48;80.42;80.45;403
USDRUBF;15;20230516;180000;80.46;80.54;80.46;80.51;430
USDRUBF;15;20230516;181500;80.52;80.56;80.35;80.41;694
USDRUBF;15;20230516;183000;80.42;80.43;80.36;80.4;299
USDRUBF;15;20230516;184500;80.44;80.48;80.44;80.45;135
USDRUBF;15;20230516;190000;80.5;80.53;80.45;80.45;139
USDRUBF;15;20230516;191500;80.49;80.49;80.47;80.47;50
USDRUBF;15;20230516;193000;80.46;80.5;80.43;80.47;127
USDRUBF;15;20230516;194500;80.51;80.58;80.5;80.58;290
USDRUBF;15;20230516;200000;80.52;80.57;80.51;80.51;458
USDRUBF;15;20230516;201500;80.54;80.55;80.51;80.52;29
USDRUBF;15;20230516;203000;80.53;80.55;80.51;80.54;103
USDRUBF;15;20230516;204500;80.51;80.53;80.51;80.51;381
USDRUBF;15;20230516;210000;80.51;80.53;80.51;80.53;17
USDRUBF;15;20230516;211500;80.52;80.56;80.51;80.52;33
USDRUBF;15;20230516;213000;80.51;80.52;80.47;80.52;171
USDRUBF;15;20230516;214500;80.47;80.53;80.4;80.47;123
USDRUBF;15;20230516;220000;80.47;80.54;80.47;80.52;30
USDRUBF;15;20230516;221500;80.52;80.53;80.47;80.47;41
USDRUBF;15;20230516;223000;80.48;80.48;80.48;80.48;3
USDRUBF;15;20230516;224500;80.48;80.52;80.48;80.51;17
USDRUBF;15;20230516;230000;80.48;80.49;80.46;80.46;22
USDRUBF;15;20230516;231500;80.47;80.49;80.47;80.49;11
USDRUBF;15;20230516;233000;80.51;80.65;80.49;80.58;106
USDRUBF;15;20230516;234500;80.6;80.65;80.6;80.64;29
USDRUBF;15;20230517;090000;80.66;80.86;80.66;80.7;1525
USDRUBF;15;20230517;091500;80.68;80.73;80.52;80.58;408
USDRUBF;15;20230517;093000;80.57;80.81;80.42;80.74;794
USDRUBF;15;20230517;094500;80.75;80.75;80.57;80.67;381
USDRUBF;15;20230517;100000;80.65;80.66;80.41;80.52;984
USDRUBF;15;20230517;101500;80.54;80.64;80.41;80.5;1214
USDRUBF;15;20230517;103000;80.5;80.63;80.46;80.6;2045
USDRUBF;15;20230517;104500;80.59;80.84;80.56;80.76;1415
USDRUBF;15;20230517;110000;80.77;80.79;80.72;80.75;726
USDRUBF;15;20230517;111500;80.76;80.83;80.66;80.7;1567
USDRUBF;15;20230517;113000;80.73;80.73;80.59;80.59;896
USDRUBF;15;20230517;114500;80.58;80.71;80.55;80.69;506
USDRUBF;15;20230517;120000;80.72;80.92;80.72;80.86;1870
USDRUBF;15;20230517;121500;80.86;80.9;80.76;80.9;758
USDRUBF;15;20230517;123000;80.92;80.92;80.76;80.82;419
USDRUBF;15;20230517;124500;80.84;80.85;80.77;80.79;232
USDRUBF;15;20230517;130000;80.8;80.9;80.75;80.82;558
USDRUBF;15;20230517;131500;80.84;80.87;80.79;80.81;134
USDRUBF;15;20230517;133000;80.81;80.88;80.81;80.87;321
USDRUBF;15;20230517;134500;80.87;80.91;80.83;80.83;342
USDRUBF;15;20230517;140000;80.86;80.98;80.86;80.9;542
USDRUBF;15;20230517;141500;80.89;81.04;80.87;81.04;756
USDRUBF;15;20230517;143000;81.04;81.08;80.93;80.94;757
USDRUBF;15;20230517;144500;80.93;80.97;80.82;80.89;967
USDRUBF;15;20230517;150000;80.89;80.9;80.72;80.76;625
USDRUBF;15;20230517;151500;80.75;80.81;80.63;80.65;1577
USDRUBF;15;20230517;153000;80.66;80.69;80.4;80.5;2172
USDRUBF;15;20230517;154500;80.5;80.59;80.46;80.52;1096
USDRUBF;15;20230517;160000;80.52;80.52;80.15;80.41;3359
USDRUBF;15;20230517;161500;80.4;80.4;80.27;80.39;2164
USDRUBF;15;20230517;163000;80.38;80.5;80.25;80.25;2018
USDRUBF;15;20230517;164500;80.24;80.35;80.01;80.24;4480
USDRUBF;15;20230517;170000;80.2;80.45;80.11;80.36;1973
USDRUBF;15;20230517;171500;80.36;80.37;80.22;80.26;1300
USDRUBF;15;20230517;173000;80.25;80.28;80.14;80.16;430
USDRUBF;15;20230517;174500;80.14;80.23;80.08;80.18;1339
USDRUBF;15;20230517;180000;80.18;80.18;79.89;79.95;2005
USDRUBF;15;20230517;181500;79.95;79.99;79.76;79.83;1844
USDRUBF;15;20230517;183000;79.85;79.87;79.73;79.73;2398
USDRUBF;15;20230517;184500;79.73;79.75;79.68;79.74;724
USDRUBF;15;20230517;190000;79.7;79.81;79.66;79.79;408
USDRUBF;15;20230517;191500;79.8;79.91;79.76;79.87;170
USDRUBF;15;20230517;193000;79.83;79.88;79.79;79.79;139
USDRUBF;15;20230517;194500;79.8;79.81;79.67;79.72;285
USDRUBF;15;20230517;200000;79.72;79.78;79.66;79.76;370
USDRUBF;15;20230517;201500;79.78;79.78;79.74;79.75;178
USDRUBF;15;20230517;203000;79.74;79.75;79.72;79.72;131
USDRUBF;15;20230517;204500;79.73;79.77;79.73;79.77;88
USDRUBF;15;20230517;210000;79.74;79.8;79.61;79.7;254
USDRUBF;15;20230517;211500;79.7;79.74;79.67;79.73;75
USDRUBF;15;20230517;213000;79.69;79.7;79.51;79.6;600
USDRUBF;15;20230517;214500;79.55;79.59;79.54;79.59;154
USDRUBF;15;20230517;220000;79.57;79.59;79.55;79.55;32
USDRUBF;15;20230517;221500;79.56;79.56;79.53;79.55;96
USDRUBF;15;20230517;223000;79.54;79.56;79.51;79.53;105
USDRUBF;15;20230517;224500;79.53;79.63;79.51;79.63;171
USDRUBF;15;20230517;230000;79.63;79.69;79.61;79.62;123
USDRUBF;15;20230517;231500;79.62;79.63;79.61;79.61;34
USDRUBF;15;20230517;233000;79.6;79.63;79.6;79.61;25
USDRUBF;15;20230517;234500;79.61;79.63;79.61;79.63;29
USDRUBF;15;20230518;090000;79.79;80.31;79.79;79.99;2801
USDRUBF;15;20230518;091500;79.98;80.28;79.93;80.24;2063
USDRUBF;15;20230518;093000;80.27;80.28;80.08;80.23;899
USDRUBF;15;20230518;094500;80.21;80.23;80.08;80.09;1032
USDRUBF;15;20230518;100000;80.1;80.44;80.08;80.36;1857
USDRUBF;15;20230518;101500;80.33;80.42;80.29;80.35;1231
USDRUBF;15;20230518;103000;80.32;80.35;80.24;80.28;459
USDRUBF;15;20230518;104500;80.27;80.37;80.24;80.27;1116
USDRUBF;15;20230518;110000;80.28;80.3;79.99;80.04;2018
USDRUBF;15;20230518;111500;80.04;80.06;79.91;79.95;1556
USDRUBF;15;20230518;113000;79.94;80.03;79.82;79.85;1352
USDRUBF;15;20230518;114500;79.86;79.94;79.79;79.93;1159
USDRUBF;15;20230518;120000;79.93;79.97;79.77;79.96;1056
USDRUBF;15;20230518;121500;79.98;80.05;79.91;79.99;1205
USDRUBF;15;20230518;123000;80;80.09;79.98;80.04;826
USDRUBF;15;20230518;124500;80.06;80.08;79.95;80;1169
USDRUBF;15;20230518;130000;79.99;79.99;79.88;79.9;229
USDRUBF;15;20230518;131500;79.91;79.97;79.77;79.97;829
USDRUBF;15;20230518;133000;79.97;80.12;79.89;80.11;1951
USDRUBF;15;20230518;134500;80.12;80.14;79.91;79.95;1591
USDRUBF;15;20230518;140000;79.93;79.93;79.76;79.86;649
USDRUBF;15;20230518;141500;79.86;79.87;79.74;79.75;832
USDRUBF;15;20230518;143000;79.75;79.75;79.39;79.43;3701
USDRUBF;15;20230518;144500;79.41;79.66;79.39;79.66;2803
USDRUBF;15;20230518;150000;79.65;79.96;79.57;79.88;4318
USDRUBF;15;20230518;151500;79.89;79.93;79.76;79.89;864
USDRUBF;15;20230518;153000;79.89;80;79.85;79.86;914
USDRUBF;15;20230518;154500;79.87;80.03;79.87;79.98;2648
USDRUBF;15;20230518;160000;79.98;80.01;79.85;79.92;626
USDRUBF;15;20230518;161500;79.95;80.06;79.95;80.05;679
USDRUBF;15;20230518;163000;80.03;80.21;80.03;80.17;2015
USDRUBF;15;20230518;164500;80.17;80.38;80.15;80.28;4628
USDRUBF;15;20230518;170000;80.31;80.46;80.16;80.21;3266
USDRUBF;15;20230518;171500;80.22;80.25;80.13;80.19;1035
USDRUBF;15;20230518;173000;80.18;80.29;80.1;80.15;895
USDRUBF;15;20230518;174500;80.15;80.25;80.07;80.24;921
USDRUBF;15;20230518;180000;80.24;80.37;80.23;80.35;2273
USDRUBF;15;20230518;181500;80.35;80.51;80.32;80.39;1566
USDRUBF;15;20230518;183000;80.39;80.48;80.26;80.31;1107
USDRUBF;15;20230518;184500;80.3;80.3;80.25;80.25;64
USDRUBF;15;20230518;190000;80.28;80.34;80.22;80.25;81
USDRUBF;15;20230518;191500;80.23;80.23;80.19;80.19;32
USDRUBF;15;20230518;193000;80.19;80.26;80.17;80.22;133
USDRUBF;15;20230518;194500;80.23;80.26;80.19;80.19;106
USDRUBF;15;20230518;200000;80.19;80.21;80.16;80.16;65
USDRUBF;15;20230518;201500;80.2;80.22;80.2;80.22;70
USDRUBF;15;20230518;203000;80.23;80.26;80.22;80.23;95
USDRUBF;15;20230518;204500;80.25;80.36;80.25;80.35;51
USDRUBF;15;20230518;210000;80.33;80.38;80.32;80.38;127
USDRUBF;15;20230518;211500;80.38;80.39;80.32;80.33;22
USDRUBF;15;20230518;213000;80.31;80.33;80.28;80.28;65
USDRUBF;15;20230518;214500;80.32;80.32;80.27;80.27;9
USDRUBF;15;20230518;220000;80.29;80.3;80.2;80.21;171
USDRUBF;15;20230518;221500;80.24;80.25;80.2;80.25;64
USDRUBF;15;20230518;223000;80.23;80.25;80.23;80.25;8
USDRUBF;15;20230518;224500;80.25;80.29;80.25;80.26;76
USDRUBF;15;20230518;230000;80.25;80.3;80.25;80.3;30
USDRUBF;15;20230518;231500;80.28;80.45;80.28;80.38;93
USDRUBF;15;20230518;233000;80.42;80.49;80.42;80.47;254
USDRUBF;15;20230518;234500;80.45;80.49;80.45;80.49;7
USDRUBF;15;20230519;090000;80.44;80.44;80.12;80.2;909
USDRUBF;15;20230519;091500;80.22;80.27;80.12;80.13;723
USDRUBF;15;20230519;093000;80.13;80.2;80.04;80.04;525
USDRUBF;15;20230519;094500;80.03;80.19;80.02;80.08;508
USDRUBF;15;20230519;100000;80.08;80.11;79.98;80.01;1633
USDRUBF;15;20230519;101500;79.98;79.99;79.83;79.85;1410
USDRUBF;15;20230519;103000;79.84;80.11;79.84;80.05;925
USDRUBF;15;20230519;104500;80.06;80.06;79.94;79.99;680
USDRUBF;15;20230519;110000;80;80.01;79.88;79.88;1375
USDRUBF;15;20230519;111500;79.89;79.93;79.81;79.83;1137
USDRUBF;15;20230519;113000;79.81;79.86;79.73;79.74;641
USDRUBF;15;20230519;114500;79.73;79.74;79.68;79.71;1126
USDRUBF;15;20230519;120000;79.69;79.85;79.65;79.84;1103
USDRUBF;15;20230519;121500;79.84;79.85;79.76;79.77;1531
USDRUBF;15;20230519;123000;79.77;79.87;79.68;79.87;1682
USDRUBF;15;20230519;124500;79.83;79.87;79.78;79.78;605
USDRUBF;15;20230519;130000;79.78;79.78;79.73;79.75;900
USDRUBF;15;20230519;131500;79.76;79.91;79.76;79.91;361
USDRUBF;15;20230519;133000;79.91;79.94;79.86;79.9;367
USDRUBF;15;20230519;134500;79.91;79.98;79.9;79.97;353
USDRUBF;15;20230519;140000;79.98;80.04;79.98;79.99;430
USDRUBF;15;20230519;141500;79.98;80.05;79.95;79.95;902
USDRUBF;15;20230519;143000;79.96;80.11;79.96;80.1;1048
USDRUBF;15;20230519;144500;80.09;80.11;80.06;80.06;789
USDRUBF;15;20230519;150000;80.06;80.06;79.9;79.94;1729
USDRUBF;15;20230519;151500;79.96;79.96;79.82;79.91;876
USDRUBF;15;20230519;153000;79.91;79.97;79.82;79.85;484
USDRUBF;15;20230519;154500;79.83;79.88;79.75;79.88;943
USDRUBF;15;20230519;160000;79.88;79.99;79.82;79.99;398
USDRUBF;15;20230519;161500;79.98;80.01;79.92;79.92;249
USDRUBF;15;20230519;163000;79.91;79.92;79.87;79.92;398
USDRUBF;15;20230519;164500;79.9;79.99;79.9;79.98;442
USDRUBF;15;20230519;170000;79.99;80.01;79.92;79.93;127
USDRUBF;15;20230519;171500;79.93;79.96;79.89;79.93;77
USDRUBF;15;20230519;173000;79.96;80.05;79.95;79.98;1092
USDRUBF;15;20230519;174500;79.97;80.08;79.9;79.97;1390
USDRUBF;15;20230519;180000;79.94;80;79.94;79.94;434
USDRUBF;15;20230519;181500;79.96;79.99;79.9;79.93;152
USDRUBF;15;20230519;183000;79.91;79.95;79.87;79.87;75
USDRUBF;15;20230519;184500;79.87;79.88;79.83;79.86;38
USDRUBF;15;20230519;190000;79.88;80;79.88;79.92;247
USDRUBF;15;20230519;191500;79.9;79.95;79.9;79.95;10
USDRUBF;15;20230519;193000;79.9;79.9;79.9;79.9;3
USDRUBF;15;20230519;194500;79.93;79.94;79.93;79.94;7
USDRUBF;15;20230519;200000;79.9;79.9;79.89;79.9;32
USDRUBF;15;20230519;201500;79.88;79.9;79.88;79.89;15
USDRUBF;15;20230519;203000;79.9;79.92;79.88;79.88;12
USDRUBF;15;20230519;204500;79.87;79.91;79.87;79.91;11
USDRUBF;15;20230519;210000;79.88;79.9;79.85;79.85;48
USDRUBF;15;20230519;211500;79.85;79.88;79.85;79.85;21
USDRUBF;15;20230519;213000;79.88;79.88;79.86;79.86;9
USDRUBF;15;20230519;214500;79.86;79.86;79.86;79.86;1
USDRUBF;15;20230519;221500;79.86;79.86;79.86;79.86;1
USDRUBF;15;20230519;223000;79.9;79.93;79.9;79.93;38
USDRUBF;15;20230519;230000;79.94;79.94;79.94;79.94;4
USDRUBF;15;20230519;231500;79.93;79.93;79.91;79.91;5
USDRUBF;15;20230519;233000;79.9;79.93;79.9;79.93;5
USDRUBF;15;20230519;234500;79.92;79.93;79.89;79.89;17
USDRUBF;15;20230522;090000;79.93;79.96;79.78;79.8;1034
USDRUBF;15;20230522;091500;79.79;79.85;79.76;79.76;735
USDRUBF;15;20230522;093000;79.76;79.79;79.76;79.77;311
USDRUBF;15;20230522;094500;79.77;79.85;79.76;79.79;126
USDRUBF;15;20230522;100000;79.83;80.03;79.8;80.03;1239
USDRUBF;15;20230522;101500;80.02;80.05;79.94;80.01;510
USDRUBF;15;20230522;103000;80.02;80.05;79.99;80;438
USDRUBF;15;20230522;104500;80.01;80.03;79.91;80.01;448
USDRUBF;15;20230522;110000;80.01;80.06;79.85;79.88;919
USDRUBF;15;20230522;111500;79.86;79.86;79.71;79.81;1160
USDRUBF;15;20230522;113000;79.81;79.83;79.79;79.79;140
USDRUBF;15;20230522;114500;79.79;79.84;79.76;79.84;674
USDRUBF;15;20230522;120000;79.82;79.83;79.7;79.75;800
USDRUBF;15;20230522;121500;79.74;79.9;79.7;79.86;861
USDRUBF;15;20230522;123000;79.85;79.94;79.85;79.9;707
USDRUBF;15;20230522;124500;79.9;79.91;79.85;79.86;387
USDRUBF;15;20230522;130000;79.87;79.92;79.86;79.88;173
USDRUBF;15;20230522;131500;79.9;79.91;79.86;79.89;145
USDRUBF;15;20230522;133000;79.89;79.93;79.79;79.93;735
USDRUBF;15;20230522;134500;79.94;79.99;79.93;79.95;554
USDRUBF;15;20230522;140000;79.95;80.14;79.95;80.12;1191
USDRUBF;15;20230522;141500;80.12;80.14;80.05;80.1;558
USDRUBF;15;20230522;143000;80.09;80.09;80.03;80.07;741
USDRUBF;15;20230522;144500;80.07;80.14;80.01;80.03;1199
USDRUBF;15;20230522;150000;80.02;80.11;80.02;80.09;524
USDRUBF;15;20230522;151500;80.08;80.08;80.02;80.05;920
USDRUBF;15;20230522;153000;80.05;80.09;80.02;80.09;493
USDRUBF;15;20230522;154500;80.09;80.09;79.96;79.97;299
USDRUBF;15;20230522;160000;79.98;80.01;79.96;79.96;159
USDRUBF;15;20230522;161500;79.97;79.99;79.94;79.96;192
USDRUBF;15;20230522;163000;79.96;79.97;79.93;79.97;138
USDRUBF;15;20230522;164500;79.96;79.98;79.94;79.98;113
USDRUBF;15;20230522;170000;79.98;80.11;79.97;80.09;216
USDRUBF;15;20230522;171500;80.08;80.18;80.08;80.18;872
USDRUBF;15;20230522;173000;80.18;80.19;80.05;80.06;413
USDRUBF;15;20230522;174500;80.06;80.15;80.05;80.05;393
USDRUBF;15;20230522;180000;80.05;80.18;80.04;80.17;594
USDRUBF;15;20230522;181500;80.16;80.17;80.13;80.14;77
USDRUBF;15;20230522;183000;80.15;80.15;80.07;80.08;81
USDRUBF;15;20230522;184500;80.11;80.15;80.11;80.15;26
USDRUBF;15;20230522;190000;80.15;80.16;80.15;80.16;15
USDRUBF;15;20230522;191500;80.16;80.16;80.1;80.1;19
USDRUBF;15;20230522;193000;80.16;80.17;80.11;80.11;53
USDRUBF;15;20230522;194500;80.11;80.15;80.11;80.15;5
USDRUBF;15;20230522;200000;80.14;80.14;80.13;80.13;15
USDRUBF;15;20230522;201500;80.13;80.15;80.13;80.15;26
USDRUBF;15;20230522;203000;80.14;80.14;80.13;80.13;10
USDRUBF;15;20230522;204500;80.13;80.15;80.12;80.12;20
USDRUBF;15;20230522;210000;80.14;80.14;80.06;80.06;50
USDRUBF;15;20230522;211500;80.08;80.08;80.06;80.06;4
USDRUBF;15;20230522;213000;80.07;80.07;80.06;80.06;12
USDRUBF;15;20230522;214500;80.08;80.08;80.06;80.06;8
USDRUBF;15;20230522;220000;80.06;80.07;80.06;80.06;9
USDRUBF;15;20230522;221500;80.08;80.1;80.07;80.07;124
USDRUBF;15;20230522;223000;80.1;80.1;80.1;80.1;5
USDRUBF;15;20230522;224500;80.1;80.1;80.1;80.1;6
USDRUBF;15;20230522;230000;80.08;80.08;80.03;80.05;45
USDRUBF;15;20230522;231500;80.06;80.09;80.06;80.09;6
USDRUBF;15;20230522;234500;80.07;80.07;80.07;80.07;20
USDRUBF;15;20230523;090000;80.1;80.45;80.1;80.3;556
USDRUBF;15;20230523;091500;80.3;80.49;80.29;80.45;318
USDRUBF;15;20230523;093000;80.48;80.48;80.34;80.39;169
USDRUBF;15;20230523;094500;80.41;80.41;80.23;80.25;383
USDRUBF;15;20230523;100000;80.25;80.33;80.15;80.19;520
USDRUBF;15;20230523;101500;80.19;80.35;80.19;80.34;1074
USDRUBF;15;20230523;103000;80.35;80.44;80.35;80.37;519
USDRUBF;15;20230523;104500;80.36;80.38;80.31;80.32;347
USDRUBF;15;20230523;110000;80.33;80.4;80.33;80.38;165
USDRUBF;15;20230523;111500;80.38;80.39;80.3;80.34;160
USDRUBF;15;20230523;113000;80.34;80.35;80.31;80.31;106
USDRUBF;15;20230523;114500;80.35;80.36;80.27;80.29;458
USDRUBF;15;20230523;120000;80.28;80.3;80.19;80.24;909
USDRUBF;15;20230523;121500;80.25;80.33;80.22;80.26;336
USDRUBF;15;20230523;123000;80.27;80.27;80.22;80.25;195
USDRUBF;15;20230523;124500;80.24;80.29;80.24;80.28;223
USDRUBF;15;20230523;130000;80.26;80.28;79.79;79.9;1448
USDRUBF;15;20230523;131500;79.9;80.02;79.84;80.02;1863
USDRUBF;15;20230523;133000;80.01;80.11;79.94;80.03;1238
USDRUBF;15;20230523;134500;80.04;80.12;80;80.12;186
USDRUBF;15;20230523;140000;80.09;80.18;80.06;80.15;226
USDRUBF;15;20230523;141500;80.15;80.23;80.15;80.23;172
USDRUBF;15;20230523;143000;80.22;80.29;80.21;80.29;338
USDRUBF;15;20230523;144500;80.28;80.31;80.22;80.22;386
USDRUBF;15;20230523;150000;80.23;80.25;80.12;80.12;159
USDRUBF;15;20230523;151500;80.15;80.18;80.11;80.18;181
USDRUBF;15;20230523;153000;80.19;80.25;80.19;80.23;202
USDRUBF;15;20230523;154500;80.23;80.25;80.2;80.25;298
USDRUBF;15;20230523;160000;80.2;80.25;80.16;80.21;360
USDRUBF;15;20230523;161500;80.2;80.2;80.09;80.1;210
USDRUBF;15;20230523;163000;80.08;80.12;80.05;80.11;145
USDRUBF;15;20230523;164500;80.12;80.17;80.12;80.14;84
USDRUBF;15;20230523;170000;80.13;80.15;80.02;80.04;488
USDRUBF;15;20230523;171500;80.04;80.04;80.02;80.02;104
USDRUBF;15;20230523;173000;80.04;80.16;80.02;80.16;129
USDRUBF;15;20230523;174500;80.15;80.2;80.1;80.11;197
USDRUBF;15;20230523;180000;80.1;80.2;80.09;80.2;218
USDRUBF;15;20230523;181500;80.21;80.27;80.2;80.24;438
USDRUBF;15;20230523;183000;80.23;80.23;80.18;80.2;192
USDRUBF;15;20230523;184500;80.2;80.22;80.17;80.2;82
USDRUBF;15;20230523;190000;80.21;80.21;80.15;80.15;240
USDRUBF;15;20230523;191500;80.15;80.2;80.15;80.16;31
USDRUBF;15;20230523;193000;80.17;80.19;80.17;80.19;45
USDRUBF;15;20230523;194500;80.18;80.24;80.18;80.24;41
USDRUBF;15;20230523;200000;80.24;80.26;80.22;80.26;28
USDRUBF;15;20230523;201500;80.23;80.23;80.21;80.21;13
USDRUBF;15;20230523;203000;80.21;80.22;80.16;80.2;56
USDRUBF;15;20230523;204500;80.2;80.22;80.2;80.22;21
USDRUBF;15;20230523;210000;80.21;80.25;80.21;80.24;81
USDRUBF;15;20230523;211500;80.24;80.26;80.2;80.24;76
USDRUBF;15;20230523;213000;80.24;80.25;80.21;80.24;12
USDRUBF;15;20230523;214500;80.26;80.26;80.24;80.24;46
USDRUBF;15;20230523;220000;80.27;80.31;80.26;80.31;61
USDRUBF;15;20230523;221500;80.29;80.34;80.29;80.29;146
USDRUBF;15;20230523;223000;80.32;80.33;80.32;80.33;54
USDRUBF;15;20230523;224500;80.32;80.32;80.3;80.3;36
USDRUBF;15;20230523;230000;80.31;80.31;80.29;80.29;2
USDRUBF;15;20230523;231500;80.28;80.3;80.28;80.3;16
USDRUBF;15;20230523;233000;80.31;80.34;80.3;80.33;53
USDRUBF;15;20230523;234500;80.31;80.32;80.27;80.27;12
USDRUBF;15;20230524;090000;80.26;80.26;80.17;80.23;199
USDRUBF;15;20230524;091500;80.19;80.2;80.15;80.2;76
USDRUBF;15;20230524;093000;80.19;80.21;80.19;80.21;7
USDRUBF;15;20230524;094500;80.21;80.25;80.16;80.16;75
USDRUBF;15;20230524;100000;80.17;80.27;80.13;80.18;240
USDRUBF;15;20230524;101500;80.17;80.18;79.94;80.08;976
USDRUBF;15;20230524;103000;80.07;80.09;80.03;80.04;168
USDRUBF;15;20230524;104500;80.03;80.11;80.03;80.08;37
USDRUBF;15;20230524;110000;80.05;80.05;79.9;79.98;733
USDRUBF;15;20230524;111500;79.99;80.07;79.96;80.07;164
USDRUBF;15;20230524;113000;80.06;80.06;80.02;80.05;69
USDRUBF;15;20230524;114500;80.03;80.05;79.96;79.98;74
USDRUBF;15;20230524;120000;79.97;80;79.94;79.94;482
USDRUBF;15;20230524;121500;79.94;79.96;79.93;79.96;156
USDRUBF;15;20230524;123000;79.94;79.97;79.91;79.94;172
USDRUBF;15;20230524;124500;79.91;79.98;79.91;79.98;77
USDRUBF;15;20230524;130000;79.97;79.99;79.94;79.95;143
USDRUBF;15;20230524;131500;79.94;80;79.93;79.99;393
USDRUBF;15;20230524;133000;79.99;79.99;79.92;79.92;122
USDRUBF;15;20230524;134500;79.95;79.96;79.86;79.89;222
USDRUBF;15;20230524;140000;79.88;79.93;79.87;79.93;186
USDRUBF;15;20230524;141500;79.92;80;79.92;80;366
USDRUBF;15;20230524;143000;79.98;80;79.95;79.95;61
USDRUBF;15;20230524;144500;79.95;80.03;79.95;80.03;94
USDRUBF;15;20230524;150000;80.03;80.15;80.02;80.08;283
USDRUBF;15;20230524;151500;80.09;80.09;80.04;80.06;79
USDRUBF;15;20230524;153000;80.06;80.1;80.06;80.09;30
USDRUBF;15;20230524;154500;80.07;80.16;80.06;80.16;380
USDRUBF;15;20230524;160000;80.17;80.26;80.14;80.18;897
USDRUBF;15;20230524;161500;80.2;80.26;80.19;80.24;453
USDRUBF;15;20230524;163000;80.24;80.26;80.11;80.11;206
USDRUBF;15;20230524;164500;80.1;80.13;80.07;80.13;236
USDRUBF;15;20230524;170000;80.13;80.13;80.1;80.12;160
USDRUBF;15;20230524;171500;80.12;80.13;80.09;80.09;48
USDRUBF;15;20230524;173000;80.11;80.11;80.04;80.05;264
USDRUBF;15;20230524;174500;80.06;80.16;80.02;80.14;151
USDRUBF;15;20230524;180000;80.16;80.2;80.13;80.16;220
USDRUBF;15;20230524;181500;80.15;80.19;80.12;80.17;227
USDRUBF;15;20230524;183000;80.16;80.24;80.12;80.21;383
USDRUBF;15;20230524;184500;80.2;80.2;80.15;80.15;57
USDRUBF;15;20230524;190000;80.17;80.19;80.13;80.19;38
USDRUBF;15;20230524;191500;80.19;80.2;80.18;80.19;33
USDRUBF;15;20230524;193000;80.17;80.17;80.17;80.17;2
USDRUBF;15;20230524;194500;80.17;80.2;80.17;80.2;14
USDRUBF;15;20230524;200000;80.2;80.3;80.19;80.25;153
USDRUBF;15;20230524;201500;80.26;80.4;80.26;80.33;132
USDRUBF;15;20230524;203000;80.3;80.34;80.26;80.33;135
USDRUBF;15;20230524;204500;80.28;80.3;80.24;80.3;84
USDRUBF;15;20230524;210000;80.27;80.3;80.26;80.28;23
USDRUBF;15;20230524;211500;80.25;80.25;80.25;80.25;4
USDRUBF;15;20230524;213000;80.27;80.27;80.22;80.22;20
USDRUBF;15;20230524;214500;80.24;80.24;80.24;80.24;6
USDRUBF;15;20230524;220000;80.27;80.27;80.22;80.22;8
USDRUBF;15;20230524;221500;80.26;80.28;80.26;80.28;39
USDRUBF;15;20230524;223000;80.24;80.24;80.13;80.14;298
USDRUBF;15;20230524;224500;80.16;80.19;80.16;80.19;11
USDRUBF;15;20230524;230000;80.2;80.21;80.2;80.21;22
USDRUBF;15;20230524;231500;80.21;80.23;80.21;80.23;25
USDRUBF;15;20230524;233000;80.22;80.24;80.18;80.23;68
USDRUBF;15;20230524;234500;80.23;80.23;80.18;80.18;19
USDRUBF;15;20230525;090000;80.19;80.21;80.13;80.18;51
USDRUBF;15;20230525;091500;80.18;80.19;80.16;80.19;29
USDRUBF;15;20230525;093000;80.17;80.17;80.08;80.08;93
USDRUBF;15;20230525;094500;80.07;80.18;80.05;80.18;60
USDRUBF;15;20230525;100000;80.15;80.19;80.11;80.15;249
USDRUBF;15;20230525;101500;80.15;80.17;80.02;80.06;300
USDRUBF;15;20230525;103000;80.07;80.08;80.03;80.03;166
USDRUBF;15;20230525;104500;80.05;80.24;80.03;80.16;620
USDRUBF;15;20230525;110000;80.15;80.2;80.12;80.12;67
USDRUBF;15;20230525;111500;80.12;80.12;79.96;79.98;594
USDRUBF;15;20230525;113000;79.96;80.01;79.93;80;642
USDRUBF;15;20230525;114500;79.99;80.04;79.92;79.95;370
USDRUBF;15;20230525;120000;79.96;80.01;79.95;80;247
USDRUBF;15;20230525;121500;80;80;79.86;79.88;483
USDRUBF;15;20230525;123000;79.88;79.88;79.76;79.81;429
USDRUBF;15;20230525;124500;79.81;79.92;79.81;79.9;193
USDRUBF;15;20230525;130000;79.87;79.99;79.84;79.99;266
USDRUBF;15;20230525;131500;79.96;80.03;79.95;79.97;257
USDRUBF;15;20230525;133000;79.98;79.99;79.95;79.96;163
USDRUBF;15;20230525;134500;79.96;80.07;79.95;80.02;263
USDRUBF;15;20230525;140000;80.01;80.09;79.99;80.07;571
USDRUBF;15;20230525;141500;80.04;80.09;80.01;80.09;181
USDRUBF;15;20230525;143000;80.1;80.18;80.1;80.12;483
USDRUBF;15;20230525;144500;80.15;80.2;80.15;80.2;481
USDRUBF;15;20230525;150000;80.18;80.25;80.1;80.1;1315
USDRUBF;15;20230525;151500;80.11;80.17;80.09;80.15;540
USDRUBF;15;20230525;153000;80.18;80.25;80.17;80.24;474
USDRUBF;15;20230525;154500;80.23;80.26;80.23;80.23;306
USDRUBF;15;20230525;160000;80.22;80.24;80.12;80.12;842
USDRUBF;15;20230525;161500;80.13;80.18;80.06;80.06;90
USDRUBF;15;20230525;163000;80.08;80.2;80.06;80.13;168
USDRUBF;15;20230525;164500;80.12;80.18;80.12;80.14;139
USDRUBF;15;20230525;170000;80.19;80.24;80.17;80.22;63
USDRUBF;15;20230525;171500;80.22;80.25;80.14;80.2;89
USDRUBF;15;20230525;173000;80.19;80.27;80.16;80.26;208
USDRUBF;15;20230525;174500;80.24;80.29;80.19;80.29;268
USDRUBF;15;20230525;180000;80.24;80.29;80.23;80.29;97
USDRUBF;15;20230525;181500;80.3;80.34;80.24;80.24;433
USDRUBF;15;20230525;183000;80.24;80.26;80.21;80.26;99
USDRUBF;15;20230525;184500;80.25;80.26;80.25;80.26;11
USDRUBF;15;20230525;190000;80.27;80.29;80.22;80.22;25
USDRUBF;15;20230525;191500;80.22;80.22;80.17;80.18;107
USDRUBF;15;20230525;193000;80.2;80.23;80.19;80.21;66
USDRUBF;15;20230525;194500;80.21;80.21;80.2;80.2;11
USDRUBF;15;20230525;200000;80.24;80.25;80.24;80.25;5
USDRUBF;15;20230525;201500;80.25;80.25;80.21;80.21;10
USDRUBF;15;20230525;203000;80.24;80.24;80.21;80.24;3
USDRUBF;15;20230525;204500;80.22;80.22;80.22;80.22;4
USDRUBF;15;20230525;210000;80.23;80.25;80.23;80.25;6
USDRUBF;15;20230525;211500;80.25;80.25;80.22;80.22;6
USDRUBF;15;20230525;213000;80.22;80.22;80.22;80.22;4
USDRUBF;15;20230525;214500;80.21;80.21;80.21;80.21;7
USDRUBF;15;20230525;220000;80.21;80.22;80.21;80.22;7
USDRUBF;15;20230525;221500;80.2;80.25;80.17;80.25;57
USDRUBF;15;20230525;223000;80.26;80.26;80.22;80.26;22
USDRUBF;15;20230525;230000;80.26;80.27;80.24;80.24;16
USDRUBF;15;20230525;231500;80.25;80.26;80.22;80.22;11
USDRUBF;15;20230525;233000;80.2;80.26;80.19;80.19;69
USDRUBF;15;20230525;234500;80.19;80.27;80.19;80.25;81
USDRUBF;15;20230526;090000;80.19;80.19;80.13;80.13;228
USDRUBF;15;20230526;091500;80.14;80.14;80.08;80.08;254
USDRUBF;15;20230526;093000;80.08;80.08;80.02;80.04;188
USDRUBF;15;20230526;094500;80.03;80.08;80.01;80.08;157
USDRUBF;15;20230526;100000;80.09;80.1;79.98;79.99;475
USDRUBF;15;20230526;101500;79.99;80.12;79.91;80.03;629
USDRUBF;15;20230526;103000;80.03;80.04;79.98;79.98;197
USDRUBF;15;20230526;104500;80;80;79.9;79.93;831
USDRUBF;15;20230526;110000;79.91;79.91;79.85;79.87;886
USDRUBF;15;20230526;111500;79.86;79.96;79.85;79.91;525
USDRUBF;15;20230526;113000;79.91;80;79.91;79.95;252
USDRUBF;15;20230526;114500;79.95;79.97;79.94;79.95;103
USDRUBF;15;20230526;120000;79.96;80.17;79.96;80.13;381
USDRUBF;15;20230526;121500;80.15;80.2;80.12;80.15;383
USDRUBF;15;20230526;123000;80.15;80.15;80.07;80.08;76
USDRUBF;15;20230526;124500;80.14;80.19;80.14;80.14;157
USDRUBF;15;20230526;130000;80.13;80.19;80.12;80.16;518
USDRUBF;15;20230526;131500;80.14;80.16;80.04;80.06;521
USDRUBF;15;20230526;133000;80.06;80.07;80.06;80.06;195
USDRUBF;15;20230526;134500;80.06;80.12;80.05;80.07;218
USDRUBF;15;20230526;140000;80.05;80.08;80.02;80.07;265
USDRUBF;15;20230526;141500;80.07;80.07;80.05;80.06;18
USDRUBF;15;20230526;143000;80.06;80.12;80.06;80.12;80
USDRUBF;15;20230526;144500;80.08;80.08;80.03;80.07;60
USDRUBF;15;20230526;150000;80.06;80.06;80;80.01;54
USDRUBF;15;20230526;151500;80.02;80.05;80;80.05;36
USDRUBF;15;20230526;153000;80.08;80.13;80.07;80.11;180
USDRUBF;15;20230526;154500;80.1;80.13;80.09;80.12;147
USDRUBF;15;20230526;160000;80.07;80.08;80.02;80.07;287
USDRUBF;15;20230526;161500;80.1;80.12;80.1;80.11;68
USDRUBF;15;20230526;163000;80.09;80.12;80.09;80.09;93
USDRUBF;15;20230526;164500;80.07;80.11;80.07;80.09;222
USDRUBF;15;20230526;170000;80.08;80.1;80.01;80.04;425
USDRUBF;15;20230526;171500;80.05;80.05;79.98;80.01;213
USDRUBF;15;20230526;173000;80;80.08;80;80.08;73
USDRUBF;15;20230526;174500;80.09;80.14;80.08;80.09;397
USDRUBF;15;20230526;180000;80.09;80.12;80.03;80.12;224
USDRUBF;15;20230526;181500;80.1;80.14;80.09;80.11;51
USDRUBF;15;20230526;183000;80.11;80.12;80.1;80.12;149
USDRUBF;15;20230526;184500;80.08;80.1;80.08;80.08;23
USDRUBF;15;20230526;190000;80.12;80.12;80.07;80.07;26
USDRUBF;15;20230526;191500;80.08;80.1;80.08;80.08;17
USDRUBF;15;20230526;193000;80.07;80.09;80.05;80.09;39
USDRUBF;15;20230526;194500;80.09;80.09;80.08;80.08;8
USDRUBF;15;20230526;200000;80.06;80.06;80.05;80.05;83
USDRUBF;15;20230526;201500;80.06;80.1;80.06;80.1;12
USDRUBF;15;20230526;203000;80.1;80.12;80.06;80.06;32
USDRUBF;15;20230526;204500;80.08;80.12;80.08;80.12;35
USDRUBF;15;20230526;211500;80.06;80.06;80.06;80.06;2
USDRUBF;15;20230526;220000;80.09;80.1;80.08;80.08;27
USDRUBF;15;20230526;221500;80.08;80.08;80.07;80.07;5
USDRUBF;15;20230526;223000;80.09;80.1;80.09;80.1;5
USDRUBF;15;20230526;224500;80.1;80.13;80.1;80.1;41
USDRUBF;15;20230526;230000;80.11;80.11;80.09;80.09;5
USDRUBF;15;20230526;231500;80.09;80.09;80.08;80.08;12
USDRUBF;15;20230526;233000;80.07;80.07;80.03;80.03;11
USDRUBF;15;20230526;234500;80.07;80.07;80.07;80.07;4
USDRUBF;15;20230529;090000;80.06;80.09;80.01;80.04;454
USDRUBF;15;20230529;091500;80.06;80.1;80.05;80.08;49
USDRUBF;15;20230529;093000;80.05;80.07;80.04;80.04;18
USDRUBF;15;20230529;094500;80.07;80.18;80.07;80.16;79
USDRUBF;15;20230529;100000;80.16;80.18;80.03;80.04;415
USDRUBF;15;20230529;101500;80.05;80.05;79.92;79.97;550
USDRUBF;15;20230529;103000;79.99;80.03;79.96;80.02;60
USDRUBF;15;20230529;104500;79.99;80.03;79.99;80;76
USDRUBF;15;20230529;110000;80;80.01;79.95;80;481
USDRUBF;15;20230529;111500;80;80.02;79.95;79.99;231
USDRUBF;15;20230529;113000;79.99;80.04;79.99;80.02;102
USDRUBF;15;20230529;114500;80.02;80.1;80.02;80.1;181
USDRUBF;15;20230529;120000;80.11;80.12;80.08;80.11;188
USDRUBF;15;20230529;121500;80.12;80.15;80.09;80.11;419
USDRUBF;15;20230529;123000;80.09;80.15;80.09;80.13;268
USDRUBF;15;20230529;124500;80.12;80.15;80.06;80.06;234
USDRUBF;15;20230529;130000;80.08;80.12;80.03;80.09;144
USDRUBF;15;20230529;131500;80.09;80.16;80.08;80.13;279
USDRUBF;15;20230529;133000;80.13;80.15;80.11;80.11;181
USDRUBF;15;20230529;134500;80.13;80.16;80.12;80.14;56
USDRUBF;15;20230529;140000;80.14;80.2;80.13;80.2;224
USDRUBF;15;20230529;141500;80.19;80.3;80.19;80.3;1777
USDRUBF;15;20230529;143000;80.3;80.34;80.26;80.28;2523
USDRUBF;15;20230529;144500;80.28;80.32;80.26;80.26;1514
USDRUBF;15;20230529;150000;80.28;80.29;80.23;80.29;2355
USDRUBF;15;20230529;151500;80.28;80.29;80.26;80.26;118
USDRUBF;15;20230529;153000;80.26;80.28;80.21;80.24;1077
USDRUBF;15;20230529;154500;80.25;80.25;80.2;80.2;952
USDRUBF;15;20230529;160000;80.22;80.25;80.21;80.25;328
USDRUBF;15;20230529;161500;80.25;80.27;80.22;80.27;433
USDRUBF;15;20230529;163000;80.27;80.98;80.22;80.98;3426
USDRUBF;15;20230529;164500;80.99;81.06;80.56;80.6;3589
USDRUBF;15;20230529;170000;80.59;80.71;80.39;80.68;1589
USDRUBF;15;20230529;171500;80.71;80.84;80.61;80.82;1092
USDRUBF;15;20230529;173000;80.82;80.83;80.69;80.75;950
USDRUBF;15;20230529;174500;80.74;80.8;80.69;80.79;630
USDRUBF;15;20230529;180000;80.8;80.8;80.77;80.79;198
USDRUBF;15;20230529;181500;80.78;80.89;80.78;80.88;971
USDRUBF;15;20230529;183000;80.87;80.9;80.86;80.89;601
USDRUBF;15;20230529;184500;80.9;80.96;80.89;80.92;315
USDRUBF;15;20230529;190000;80.91;80.91;80.89;80.89;276
USDRUBF;15;20230529;191500;80.9;80.9;80.87;80.9;129
USDRUBF;15;20230529;193000;80.89;80.95;80.89;80.95;151
USDRUBF;15;20230529;194500;80.92;80.92;80.84;80.86;211
USDRUBF;15;20230529;200000;80.85;80.86;80.81;80.86;520
USDRUBF;15;20230529;201500;80.85;80.86;80.85;80.86;26
USDRUBF;15;20230529;203000;80.84;80.85;80.79;80.83;108
USDRUBF;15;20230529;204500;80.83;80.84;80.81;80.84;105
USDRUBF;15;20230529;210000;80.82;80.86;80.82;80.85;42
USDRUBF;15;20230529;211500;80.83;80.86;80.83;80.86;94
USDRUBF;15;20230529;213000;80.86;80.86;80.86;80.86;1
USDRUBF;15;20230529;214500;80.86;80.86;80.86;80.86;3
USDRUBF;15;20230529;220000;80.86;80.87;80.86;80.87;65
USDRUBF;15;20230529;221500;80.87;80.87;80.87;80.87;2
USDRUBF;15;20230529;223000;80.87;80.88;80.87;80.87;39
USDRUBF;15;20230529;224500;80.89;80.9;80.88;80.88;50
USDRUBF;15;20230529;230000;80.9;80.92;80.9;80.91;48
USDRUBF;15;20230529;231500;80.92;80.93;80.92;80.92;22
USDRUBF;15;20230529;233000;80.92;80.92;80.9;80.92;25
USDRUBF;15;20230529;234500;80.91;80.93;80.9;80.93;17
USDRUBF;15;20230530;090000;80.93;81.4;80.93;81.3;1053
USDRUBF;15;20230530;091500;81.33;81.47;81.31;81.38;2747
USDRUBF;15;20230530;093000;81.39;81.43;81.28;81.28;425
USDRUBF;15;20230530;094500;81.3;81.34;81.2;81.2;251
USDRUBF;15;20230530;100000;81.2;81.2;80.74;80.75;3339
USDRUBF;15;20230530;101500;80.76;80.82;80.67;80.7;953
USDRUBF;15;20230530;103000;80.69;80.69;80.24;80.51;2167
USDRUBF;15;20230530;104500;80.5;80.59;80.41;80.53;1544
USDRUBF;15;20230530;110000;80.52;80.59;80.49;80.59;1736
USDRUBF;15;20230530;111500;80.58;80.72;80.55;80.64;1580
USDRUBF;15;20230530;113000;80.64;80.65;80.58;80.61;633
USDRUBF;15;20230530;114500;80.61;80.62;80.52;80.54;471
USDRUBF;15;20230530;120000;80.56;80.66;80.53;80.66;800
USDRUBF;15;20230530;121500;80.65;80.82;80.63;80.82;601
USDRUBF;15;20230530;123000;80.81;80.94;80.75;80.93;1000
USDRUBF;15;20230530;124500;80.9;80.99;80.89;80.97;473
USDRUBF;15;20230530;130000;80.97;80.99;80.86;80.87;392
USDRUBF;15;20230530;131500;80.86;80.88;80.78;80.87;282
USDRUBF;15;20230530;133000;80.87;80.91;80.82;80.82;404
USDRUBF;15;20230530;134500;80.81;80.9;80.81;80.9;49
USDRUBF;15;20230530;140000;80.9;80.96;80.9;80.9;126
USDRUBF;15;20230530;141500;80.9;80.91;80.87;80.88;268
USDRUBF;15;20230530;143000;80.9;80.91;80.81;80.82;355
USDRUBF;15;20230530;144500;80.81;80.83;80.75;80.82;328
USDRUBF;15;20230530;150000;80.79;80.82;80.76;80.81;162
USDRUBF;15;20230530;151500;80.81;80.83;80.79;80.83;193
USDRUBF;15;20230530;153000;80.82;80.94;80.8;80.92;356
USDRUBF;15;20230530;154500;80.94;81.02;80.93;81.02;310
USDRUBF;15;20230530;160000;81;81.08;81;81.02;564
USDRUBF;15;20230530;161500;81.02;81.16;81.01;81.13;320
USDRUBF;15;20230530;163000;81.14;81.23;81.08;81.16;704
USDRUBF;15;20230530;164500;81.17;81.18;80.96;81;349
USDRUBF;15;20230530;170000;81;81.08;80.99;80.99;245
USDRUBF;15;20230530;171500;81.02;81.08;80.86;80.98;234
USDRUBF;15;20230530;173000;80.99;81.05;80.92;80.94;149
USDRUBF;15;20230530;174500;80.97;81.19;80.95;81.15;532
USDRUBF;15;20230530;180000;81.15;81.16;81.06;81.14;398
USDRUBF;15;20230530;181500;81.15;81.18;81.14;81.18;107
USDRUBF;15;20230530;183000;81.18;81.2;81.15;81.19;280
USDRUBF;15;20230530;184500;81.19;81.21;81.16;81.21;47
USDRUBF;15;20230530;190000;81.22;81.25;81.18;81.18;29
USDRUBF;15;20230530;191500;81.19;81.22;81.17;81.22;79
USDRUBF;15;20230530;193000;81.19;81.25;81.17;81.25;39
USDRUBF;15;20230530;194500;81.24;81.3;81.24;81.24;123
USDRUBF;15;20230530;200000;81.24;81.25;81.2;81.2;29
USDRUBF;15;20230530;201500;81.21;81.23;81.2;81.2;33
USDRUBF;15;20230530;203000;81.2;81.3;81.2;81.23;107
USDRUBF;15;20230530;204500;81.21;81.21;81.19;81.2;13
USDRUBF;15;20230530;210000;81.18;81.18;81;81.05;273
USDRUBF;15;20230530;211500;81.05;81.05;80.95;81;93
USDRUBF;15;20230530;213000;81.01;81.07;81.01;81.07;32
USDRUBF;15;20230530;214500;81.05;81.05;80.89;81.03;221
USDRUBF;15;20230530;220000;81.01;81.01;80.9;80.9;77
USDRUBF;15;20230530;221500;80.9;80.97;80.89;80.96;184
USDRUBF;15;20230530;223000;80.96;80.98;80.89;80.89;59
USDRUBF;15;20230530;224500;80.89;80.95;80.89;80.91;38
USDRUBF;15;20230530;230000;80.9;81.01;80.89;80.94;454
USDRUBF;15;20230530;231500;80.96;81.04;80.93;80.94;142
USDRUBF;15;20230530;233000;80.92;80.97;80.8;80.8;122
USDRUBF;15;20230530;234500;80.81;80.86;80.78;80.84;365
USDRUBF;15;20230531;090000;81.09;81.25;81.05;81.15;992
USDRUBF;15;20230531;091500;81.08;81.1;80.94;81.1;439
USDRUBF;15;20230531;093000;81.05;81.15;80.99;81.11;180
USDRUBF;15;20230531;094500;81.08;81.09;80.88;80.88;1142
USDRUBF;15;20230531;100000;80.88;80.98;80.83;80.97;877
USDRUBF;15;20230531;101500;80.99;81.04;80.87;80.94;678
USDRUBF;15;20230531;103000;80.93;80.93;80.82;80.86;1480
USDRUBF;15;20230531;104500;80.85;81.11;80.85;80.96;1393
USDRUBF;15;20230531;110000;80.95;80.98;80.92;80.93;114
USDRUBF;15;20230531;111500;80.95;81.05;80.95;80.97;279
USDRUBF;15;20230531;113000;80.96;80.99;80.94;80.94;52
USDRUBF;15;20230531;114500;80.93;81.01;80.92;80.97;275
USDRUBF;15;20230531;120000;80.96;81.03;80.91;81.01;240
USDRUBF;15;20230531;121500;81.03;81.22;81.01;81.22;451
USDRUBF;15;20230531;123000;81.23;81.25;81.08;81.14;662
USDRUBF;15;20230531;124500;81.19;81.23;81.14;81.14;211
USDRUBF;15;20230531;130000;81.12;81.12;81.02;81.1;634
USDRUBF;15;20230531;131500;81.1;81.15;81.06;81.15;248
USDRUBF;15;20230531;133000;81.14;81.21;81.14;81.19;254
USDRUBF;15;20230531;134500;81.19;81.21;81.16;81.16;253
USDRUBF;15;20230531;140000;81.15;81.15;81.11;81.11;51
USDRUBF;15;20230531;141500;81.12;81.19;81.12;81.18;146
USDRUBF;15;20230531;143000;81.18;81.19;81.14;81.18;217
USDRUBF;15;20230531;144500;81.19;81.23;81.17;81.2;809
USDRUBF;15;20230531;150000;81.14;81.14;81.04;81.06;283
USDRUBF;15;20230531;151500;81.04;81.19;81.04;81.16;294
USDRUBF;15;20230531;153000;81.16;81.2;81.1;81.12;1016
USDRUBF;15;20230531;154500;81.1;81.13;81.05;81.13;236
USDRUBF;15;20230531;160000;81.11;81.18;81.05;81.08;309
USDRUBF;15;20230531;161500;81.08;81.1;80.97;81.05;749
USDRUBF;15;20230531;163000;81.07;81.07;81;81.04;193
USDRUBF;15;20230531;164500;81.05;81.09;80.99;81.07;519
USDRUBF;15;20230531;170000;81.07;81.24;81.07;81.09;1705
USDRUBF;15;20230531;171500;81.09;81.18;81.04;81.15;678
USDRUBF;15;20230531;173000;81.14;81.2;81.13;81.2;289
USDRUBF;15;20230531;174500;81.19;81.25;81.13;81.17;795
USDRUBF;15;20230531;180000;81.19;81.29;81.18;81.24;445
USDRUBF;15;20230531;181500;81.25;81.25;81.17;81.18;154
USDRUBF;15;20230531;183000;81.17;81.19;81.12;81.19;512
USDRUBF;15;20230531;184500;81.15;81.18;81.12;81.14;45
USDRUBF;15;20230531;190000;81.1;81.11;80.91;81.01;271
USDRUBF;15;20230531;191500;81.01;81.01;80.96;81;480
USDRUBF;15;20230531;193000;81;81.02;80.97;80.97;57
USDRUBF;15;20230531;194500;80.98;81;80.98;81;14
USDRUBF;15;20230531;200000;80.97;80.99;80.97;80.99;25
USDRUBF;15;20230531;201500;81;81;80.98;80.98;7
USDRUBF;15;20230531;203000;80.97;80.97;80.95;80.95;23
USDRUBF;15;20230531;204500;80.95;80.95;80.87;80.92;168
USDRUBF;15;20230531;210000;80.92;80.92;80.82;80.88;150
USDRUBF;15;20230531;211500;80.86;80.86;80.75;80.79;269
USDRUBF;15;20230531;213000;80.79;80.79;80.72;80.76;137
USDRUBF;15;20230531;214500;80.75;80.79;80.73;80.79;161
USDRUBF;15;20230531;220000;80.79;80.85;80.77;80.83;53
USDRUBF;15;20230531;221500;80.83;80.85;80.83;80.84;11
USDRUBF;15;20230531;223000;80.85;80.91;80.84;80.84;53
USDRUBF;15;20230531;224500;80.87;80.9;80.87;80.9;11
USDRUBF;15;20230531;230000;80.87;80.89;80.85;80.89;35
USDRUBF;15;20230531;231500;80.85;80.85;80.85;80.85;1
USDRUBF;15;20230531;233000;80.89;80.89;80.87;80.87;6
USDRUBF;15;20230531;234500;80.87;80.89;80.87;80.89;18
USDRUBF;15;20230601;090000;80.9;80.99;80.88;80.99;965
USDRUBF;15;20230601;091500;80.99;81.04;80.94;81.04;185
USDRUBF;15;20230601;093000;81.03;81.05;80.96;80.98;202
USDRUBF;15;20230601;094500;80.98;81.02;80.98;81.02;162
USDRUBF;15;20230601;100000;81.03;81.17;80.98;81.09;573
USDRUBF;15;20230601;101500;81.1;81.15;81.09;81.15;659
USDRUBF;15;20230601;103000;81.15;81.16;81.1;81.16;559
USDRUBF;15;20230601;104500;81.14;81.19;81.12;81.12;79
USDRUBF;15;20230601;110000;81.13;81.13;81.07;81.09;330
USDRUBF;15;20230601;111500;81.07;81.08;81;81;498
USDRUBF;15;20230601;113000;81.02;81.02;80.94;80.97;435
USDRUBF;15;20230601;114500;80.97;81;80.91;80.93;394
USDRUBF;15;20230601;120000;80.94;80.94;80.9;80.9;725
USDRUBF;15;20230601;121500;80.89;80.9;80.84;80.9;470
USDRUBF;15;20230601;123000;80.9;80.92;80.88;80.9;164
USDRUBF;15;20230601;124500;80.9;80.9;80.78;80.85;877
USDRUBF;15;20230601;130000;80.86;80.95;80.8;80.95;2312
USDRUBF;15;20230601;131500;80.95;80.98;80.93;80.98;300
USDRUBF;15;20230601;133000;80.95;80.95;80.9;80.92;92
USDRUBF;15;20230601;134500;80.92;80.94;80.91;80.93;77
USDRUBF;15;20230601;140000;80.92;80.97;80.92;80.94;36
USDRUBF;15;20230601;141500;80.97;81.01;80.97;80.99;271
USDRUBF;15;20230601;143000;81;81.01;80.94;80.95;542
USDRUBF;15;20230601;144500;80.95;80.95;80.9;80.94;487
USDRUBF;15;20230601;150000;80.94;80.94;80.88;80.94;898
USDRUBF;15;20230601;151500;80.93;80.97;80.9;80.9;642
USDRUBF;15;20230601;153000;80.9;80.93;80.88;80.9;373
USDRUBF;15;20230601;154500;80.9;80.92;80.9;80.91;85
USDRUBF;15;20230601;160000;80.91;80.95;80.89;80.92;476
USDRUBF;15;20230601;161500;80.92;80.98;80.92;80.94;372
USDRUBF;15;20230601;163000;80.95;80.98;80.9;80.93;546
USDRUBF;15;20230601;164500;80.92;80.92;80.83;80.84;112
USDRUBF;15;20230601;170000;80.83;80.84;80.51;80.53;4280
USDRUBF;15;20230601;171500;80.5;80.84;80.4;80.76;4001
USDRUBF;15;20230601;173000;80.72;80.86;80.7;80.8;1535
USDRUBF;15;20230601;174500;80.82;80.88;80.75;80.88;577
USDRUBF;15;20230601;180000;80.87;80.87;80.67;80.72;393
USDRUBF;15;20230601;181500;80.72;80.75;80.58;80.61;849
USDRUBF;15;20230601;183000;80.6;80.77;80.6;80.67;676
USDRUBF;15;20230601;184500;80.69;80.7;80.66;80.66;193
USDRUBF;15;20230601;191500;80.73;81.04;80.7;80.73;406
USDRUBF;15;20230601;193000;80.73;80.74;80.7;80.71;108
USDRUBF;15;20230601;194500;80.71;80.71;80.68;80.7;7
USDRUBF;15;20230601;200000;80.7;80.71;80.67;80.67;27
USDRUBF;15;20230601;201500;80.7;80.71;80.7;80.71;31
USDRUBF;15;20230601;203000;80.7;80.77;80.69;80.77;74
USDRUBF;15;20230601;204500;80.76;80.76;80.74;80.76;101
USDRUBF;15;20230601;210000;80.73;80.74;80.7;80.74;39
USDRUBF;15;20230601;211500;80.73;80.73;80.71;80.72;10
USDRUBF;15;20230601;213000;80.7;80.72;80.66;80.72;255
USDRUBF;15;20230601;214500;80.71;80.71;80.7;80.7;23
USDRUBF;15;20230601;220000;80.68;80.68;80.66;80.66;34
USDRUBF;15;20230601;221500;80.65;80.69;80.65;80.69;84
USDRUBF;15;20230601;223000;80.68;80.69;80.66;80.69;15
USDRUBF;15;20230601;224500;80.69;80.72;80.69;80.72;12
USDRUBF;15;20230601;230000;80.72;80.75;80.71;80.71;30
USDRUBF;15;20230601;231500;80.7;80.73;80.7;80.73;11
USDRUBF;15;20230601;233000;80.74;80.74;80.74;80.74;2
USDRUBF;15;20230601;234500;80.72;80.72;80.71;80.71;5
USDRUBF;15;20230602;090000;80.69;80.69;80.55;80.62;173
USDRUBF;15;20230602;091500;80.62;80.65;80.58;80.58;482
USDRUBF;15;20230602;093000;80.59;80.72;80.58;80.72;80
USDRUBF;15;20230602;094500;80.72;80.74;80.71;80.74;43
USDRUBF;15;20230602;100000;80.73;80.76;80.65;80.73;133
USDRUBF;15;20230602;101500;80.71;80.71;80.68;80.71;96
USDRUBF;15;20230602;103000;80.68;80.87;80.68;80.82;747
USDRUBF;15;20230602;104500;80.83;80.93;80.8;80.9;414
USDRUBF;15;20230602;110000;80.9;80.96;80.88;80.89;1289
USDRUBF;15;20230602;111500;80.9;80.92;80.88;80.92;1020
USDRUBF;15;20230602;113000;80.91;80.95;80.75;80.75;478
USDRUBF;15;20230602;114500;80.77;80.8;80.69;80.72;974
USDRUBF;15;20230602;120000;80.73;80.78;80.67;80.76;604
USDRUBF;15;20230602;121500;80.73;80.79;80.71;80.77;182
USDRUBF;15;20230602;123000;80.8;80.89;80.78;80.88;306
USDRUBF;15;20230602;124500;80.89;80.89;80.82;80.87;233
USDRUBF;15;20230602;130000;80.88;80.9;80.84;80.87;246
USDRUBF;15;20230602;131500;80.87;80.92;80.85;80.89;229
USDRUBF;15;20230602;133000;80.92;80.96;80.92;80.94;496
USDRUBF;15;20230602;134500;80.96;80.96;80.89;80.9;52
USDRUBF;15;20230602;140000;80.95;80.99;80.88;80.92;798
USDRUBF;15;20230602;141500;80.91;80.92;80.89;80.91;221
USDRUBF;15;20230602;143000;80.92;80.94;80.92;80.92;55
USDRUBF;15;20230602;144500;80.92;80.99;80.92;80.99;293
USDRUBF;15;20230602;150000;81;81.1;80.94;81.01;1152
USDRUBF;15;20230602;151500;81.01;81.19;80.99;81.16;803
USDRUBF;15;20230602;153000;81.15;81.5;81.13;81.38;5223
USDRUBF;15;20230602;154500;81.4;81.49;81.23;81.23;2133
USDRUBF;15;20230602;160000;81.22;81.33;81.22;81.23;751
USDRUBF;15;20230602;161500;81.22;81.23;81.11;81.12;576
USDRUBF;15;20230602;163000;81.15;81.25;81.15;81.25;350
USDRUBF;15;20230602;164500;81.25;81.3;81.22;81.28;719
USDRUBF;15;20230602;170000;81.29;81.33;81.28;81.3;264
USDRUBF;15;20230602;171500;81.32;81.52;81.31;81.5;1917
USDRUBF;15;20230602;173000;81.52;81.55;81.39;81.45;1117
USDRUBF;15;20230602;174500;81.45;81.5;81.43;81.43;310
USDRUBF;15;20230602;180000;81.47;81.47;81.39;81.41;361
USDRUBF;15;20230602;181500;81.42;81.45;81.41;81.44;186
USDRUBF;15;20230602;183000;81.43;81.46;81.43;81.45;251
USDRUBF;15;20230602;184500;81.45;81.49;81.45;81.49;23
USDRUBF;15;20230602;190000;81.43;81.46;81.43;81.46;9
USDRUBF;15;20230602;191500;81.47;81.52;81.45;81.45;36
USDRUBF;15;20230602;193000;81.46;81.52;81.44;81.52;173
USDRUBF;15;20230602;194500;81.52;81.54;81.52;81.54;54
USDRUBF;15;20230602;200000;81.54;81.54;81.48;81.49;91
USDRUBF;15;20230602;201500;81.5;81.54;81.5;81.54;19
USDRUBF;15;20230602;203000;81.51;81.53;81.51;81.51;7
USDRUBF;15;20230602;204500;81.51;81.52;81.5;81.52;109
USDRUBF;15;20230602;210000;81.52;81.54;81.5;81.53;134
USDRUBF;15;20230602;211500;81.53;81.54;81.53;81.53;20
USDRUBF;15;20230602;213000;81.55;81.55;81.55;81.55;29
USDRUBF;15;20230602;214500;81.53;81.55;81.51;81.52;61
USDRUBF;15;20230602;220000;81.53;81.53;81.45;81.45;57
USDRUBF;15;20230602;221500;81.5;81.51;81.49;81.49;62
USDRUBF;15;20230602;223000;81.48;81.48;81.45;81.47;22
USDRUBF;15;20230602;224500;81.47;81.5;81.47;81.5;8
USDRUBF;15;20230602;230000;81.48;81.51;81.48;81.51;13
USDRUBF;15;20230602;231500;81.51;81.55;81.51;81.53;17
USDRUBF;15;20230602;233000;81.53;81.53;81.5;81.5;46
USDRUBF;15;20230602;234500;81.53;81.56;81.53;81.55;34
USDRUBF;15;20230605;090000;81.56;81.87;81.56;81.78;841
USDRUBF;15;20230605;091500;81.8;81.83;81.69;81.71;324
USDRUBF;15;20230605;093000;81.7;81.87;81.69;81.76;448
USDRUBF;15;20230605;094500;81.76;81.8;81.73;81.8;412
USDRUBF;15;20230605;100000;81.77;81.79;81.53;81.55;1421
USDRUBF;15;20230605;101500;81.55;81.55;81.35;81.4;1225
USDRUBF;15;20230605;103000;81.41;81.46;81.36;81.43;532
USDRUBF;15;20230605;104500;81.44;81.48;81.41;81.42;317
USDRUBF;15;20230605;110000;81.41;81.46;81.38;81.39;643
USDRUBF;15;20230605;111500;81.38;81.39;81.26;81.31;1070
USDRUBF;15;20230605;113000;81.29;81.3;81.21;81.23;536
USDRUBF;15;20230605;114500;81.2;81.21;81.11;81.17;672
USDRUBF;15;20230605;120000;81.17;81.21;81.14;81.17;786
USDRUBF;15;20230605;121500;81.15;81.27;81.15;81.22;729
USDRUBF;15;20230605;123000;81.23;81.42;81.21;81.42;1250
USDRUBF;15;20230605;124500;81.43;81.54;81.38;81.39;694
USDRUBF;15;20230605;130000;81.39;81.43;81.36;81.39;560
USDRUBF;15;20230605;131500;81.39;81.43;81.31;81.43;238
USDRUBF;15;20230605;133000;81.43;81.45;81.37;81.4;319
USDRUBF;15;20230605;134500;81.38;81.42;81.37;81.39;194
USDRUBF;15;20230605;140000;81.4;81.42;81.32;81.32;167
USDRUBF;15;20230605;141500;81.32;81.34;81.28;81.34;183
USDRUBF;15;20230605;143000;81.33;81.35;81.33;81.35;193
USDRUBF;15;20230605;144500;81.36;81.37;81.31;81.31;44
USDRUBF;15;20230605;150000;81.31;81.32;81.26;81.29;177
USDRUBF;15;20230605;151500;81.29;81.33;81.29;81.29;58
USDRUBF;15;20230605;153000;81.32;81.32;81.16;81.19;510
USDRUBF;15;20230605;154500;81.2;81.22;81.17;81.17;206
USDRUBF;15;20230605;160000;81.17;81.17;81.09;81.13;261
USDRUBF;15;20230605;161500;81.14;81.18;81.1;81.1;273
USDRUBF;15;20230605;163000;81.11;81.15;81.05;81.09;1110
USDRUBF;15;20230605;164500;81.07;81.07;80.98;80.99;303
USDRUBF;15;20230605;170000;81;81;80.68;80.91;2445
USDRUBF;15;20230605;171500;80.92;80.92;80.84;80.89;807
USDRUBF;15;20230605;173000;80.89;80.93;80.88;80.93;499
USDRUBF;15;20230605;174500;80.93;81.02;80.89;81.01;368
USDRUBF;15;20230605;180000;80.99;80.99;80.79;80.91;1319
USDRUBF;15;20230605;181500;80.93;80.96;80.91;80.91;197
USDRUBF;15;20230605;183000;80.91;80.92;80.83;80.83;498
USDRUBF;15;20230605;184500;80.85;80.94;80.85;80.93;176
USDRUBF;15;20230605;190000;80.95;81.03;80.94;80.94;21
USDRUBF;15;20230605;191500;80.91;80.91;80.86;80.91;73
USDRUBF;15;20230605;193000;80.91;80.91;80.9;80.9;12
USDRUBF;15;20230605;194500;80.91;80.92;80.89;80.89;17
USDRUBF;15;20230605;200000;80.9;80.9;80.89;80.89;6
USDRUBF;15;20230605;201500;80.89;80.9;80.88;80.9;11
USDRUBF;15;20230605;203000;80.9;80.9;80.88;80.88;11
USDRUBF;15;20230605;204500;80.88;80.9;80.88;80.88;54
USDRUBF;15;20230605;210000;80.88;80.88;80.88;80.88;4
USDRUBF;15;20230605;211500;80.9;80.9;80.87;80.9;10
USDRUBF;15;20230605;213000;80.9;80.92;80.88;80.92;17
USDRUBF;15;20230605;214500;80.92;80.97;80.92;80.94;130
USDRUBF;15;20230605;220000;80.92;80.92;80.9;80.92;51
USDRUBF;15;20230605;221500;80.92;80.92;80.92;80.92;2
USDRUBF;15;20230605;223000;80.93;80.94;80.93;80.94;57
USDRUBF;15;20230605;224500;80.93;80.93;80.92;80.92;6
USDRUBF;15;20230605;233000;80.93;80.93;80.93;80.93;2
USDRUBF;15;20230605;234500;80.93;80.94;80.93;80.94;5
USDRUBF;15;20230606;090000;80.92;81;80.83;80.99;385
USDRUBF;15;20230606;091500;80.97;81.07;80.97;81.01;182
USDRUBF;15;20230606;093000;81.01;81.02;80.93;81;137
USDRUBF;15;20230606;094500;80.99;80.99;80.93;80.93;95
USDRUBF;15;20230606;100000;80.94;80.95;80.88;80.95;666
USDRUBF;15;20230606;101500;80.94;81.09;80.9;81.09;1573
USDRUBF;15;20230606;103000;81.1;81.15;81.05;81.12;935
USDRUBF;15;20230606;104500;81.13;81.25;81.12;81.25;493
USDRUBF;15;20230606;110000;81.25;81.44;81.25;81.44;989
USDRUBF;15;20230606;111500;81.43;81.45;81.35;81.37;548
USDRUBF;15;20230606;113000;81.36;81.42;81.35;81.39;214
USDRUBF;15;20230606;114500;81.39;81.44;81.37;81.42;147
USDRUBF;15;20230606;120000;81.44;81.51;81.43;81.48;857
USDRUBF;15;20230606;121500;81.48;81.49;81.33;81.35;991
USDRUBF;15;20230606;123000;81.39;81.43;81.39;81.41;140
USDRUBF;15;20230606;124500;81.41;81.41;81.33;81.35;392
USDRUBF;15;20230606;130000;81.35;81.39;81.29;81.32;576
USDRUBF;15;20230606;131500;81.32;81.34;81.29;81.34;183
USDRUBF;15;20230606;133000;81.33;81.35;81.25;81.25;210
USDRUBF;15;20230606;134500;81.25;81.26;81.19;81.2;205
USDRUBF;15;20230606;140000;81.21;81.27;81.19;81.27;116
USDRUBF;15;20230606;141500;81.26;81.3;81.24;81.27;120
USDRUBF;15;20230606;143000;81.29;81.32;81.27;81.32;79
USDRUBF;15;20230606;144500;81.3;81.36;81.28;81.28;545
USDRUBF;15;20230606;150000;81.3;81.39;81.25;81.25;352
USDRUBF;15;20230606;151500;81.28;81.38;81.26;81.32;186
USDRUBF;15;20230606;153000;81.34;81.45;81.31;81.43;338
USDRUBF;15;20230606;154500;81.45;81.47;81.41;81.43;294
USDRUBF;15;20230606;160000;81.41;81.46;81.37;81.45;323
USDRUBF;15;20230606;161500;81.45;81.67;81.44;81.64;652
USDRUBF;15;20230606;163000;81.63;81.63;81.51;81.51;252
USDRUBF;15;20230606;164500;81.52;81.56;81.5;81.53;325
USDRUBF;15;20230606;170000;81.54;81.6;81.5;81.57;135
USDRUBF;15;20230606;171500;81.58;81.59;81.56;81.58;53
USDRUBF;15;20230606;173000;81.58;81.58;81.44;81.51;157
USDRUBF;15;20230606;174500;81.53;81.53;81.41;81.43;263
USDRUBF;15;20230606;180000;81.43;81.44;81.39;81.4;767
USDRUBF;15;20230606;181500;81.4;81.46;81.34;81.45;241
USDRUBF;15;20230606;183000;81.47;81.48;81.37;81.39;540
USDRUBF;15;20230606;184500;81.38;81.38;81.31;81.38;265
USDRUBF;15;20230606;190000;81.34;81.34;81.21;81.31;62
USDRUBF;15;20230606;191500;81.32;81.5;81.32;81.34;118
USDRUBF;15;20230606;193000;81.33;81.35;81.33;81.34;14
USDRUBF;15;20230606;194500;81.37;81.41;81.33;81.41;47
USDRUBF;15;20230606;200000;81.39;81.43;81.38;81.41;33
USDRUBF;15;20230606;201500;81.4;81.4;81.36;81.36;43
USDRUBF;15;20230606;203000;81.39;81.39;81.34;81.37;55
USDRUBF;15;20230606;204500;81.4;81.43;81.4;81.43;17
USDRUBF;15;20230606;210000;81.39;81.39;81.39;81.39;1
USDRUBF;15;20230606;211500;81.39;81.4;81.39;81.4;17
USDRUBF;15;20230606;213000;81.41;81.41;81.41;81.41;1
USDRUBF;15;20230606;214500;81.41;81.46;81.41;81.46;104
USDRUBF;15;20230606;220000;81.43;81.43;81.39;81.4;17
USDRUBF;15;20230606;221500;81.41;81.41;81.4;81.4;12
USDRUBF;15;20230606;224500;81.42;81.45;81.42;81.45;17
USDRUBF;15;20230606;230000;81.45;81.5;81.44;81.5;45
USDRUBF;15;20230606;231500;81.47;81.47;81.42;81.42;17
USDRUBF;15;20230606;233000;81.45;81.46;81.45;81.46;2
USDRUBF;15;20230606;234500;81.44;81.48;81.44;81.48;6
USDRUBF;15;20230607;090000;81.46;81.51;81.41;81.51;278
USDRUBF;15;20230607;091500;81.51;81.51;81.41;81.43;106
USDRUBF;15;20230607;093000;81.45;81.6;81.45;81.54;157
USDRUBF;15;20230607;094500;81.53;81.56;81.45;81.48;87
USDRUBF;15;20230607;100000;81.47;81.57;81.4;81.5;296
USDRUBF;15;20230607;101500;81.53;81.55;81.47;81.5;74
USDRUBF;15;20230607;103000;81.5;81.52;81.47;81.5;83
USDRUBF;15;20230607;104500;81.5;81.5;81.33;81.37;951
USDRUBF;15;20230607;110000;81.37;81.5;81.27;81.41;1232
USDRUBF;15;20230607;111500;81.44;81.46;81.32;81.41;396
USDRUBF;15;20230607;113000;81.37;81.52;81.37;81.47;1136
USDRUBF;15;20230607;114500;81.49;81.49;81.36;81.41;296
USDRUBF;15;20230607;120000;81.42;81.42;81.37;81.37;475
USDRUBF;15;20230607;121500;81.41;81.54;81.38;81.51;403
USDRUBF;15;20230607;123000;81.5;81.54;81.47;81.47;196
USDRUBF;15;20230607;124500;81.46;81.48;81.4;81.46;173
USDRUBF;15;20230607;130000;81.46;81.46;81.36;81.39;257
USDRUBF;15;20230607;131500;81.41;81.45;81.38;81.44;349
USDRUBF;15;20230607;133000;81.39;81.46;81.39;81.43;76
USDRUBF;15;20230607;134500;81.44;81.53;81.44;81.45;179
USDRUBF;15;20230607;140000;81.44;81.51;81.4;81.51;295
USDRUBF;15;20230607;141500;81.5;81.54;81.5;81.53;350
USDRUBF;15;20230607;143000;81.53;81.53;81.45;81.46;183
USDRUBF;15;20230607;144500;81.46;81.51;81.42;81.47;106
USDRUBF;15;20230607;150000;81.48;81.51;81.47;81.51;85
USDRUBF;15;20230607;151500;81.52;81.52;81.5;81.51;93
USDRUBF;15;20230607;153000;81.51;81.63;81.5;81.62;562
USDRUBF;15;20230607;154500;81.62;81.82;81.6;81.69;1721
USDRUBF;15;20230607;160000;81.68;81.76;81.67;81.73;839
USDRUBF;15;20230607;161500;81.73;81.84;81.72;81.81;514
USDRUBF;15;20230607;163000;81.81;81.84;81.68;81.68;696
USDRUBF;15;20230607;164500;81.67;81.74;81.65;81.7;260
USDRUBF;15;20230607;170000;81.7;81.82;81.7;81.76;705
USDRUBF;15;20230607;171500;81.77;81.87;81.77;81.79;479
USDRUBF;15;20230607;173000;81.8;81.89;81.78;81.82;249
USDRUBF;15;20230607;174500;81.89;81.96;81.81;81.92;967
USDRUBF;15;20230607;180000;81.95;81.97;81.9;81.91;257
USDRUBF;15;20230607;181500;81.91;81.91;81.85;81.88;287
USDRUBF;15;20230607;183000;81.87;81.91;81.86;81.91;689
USDRUBF;15;20230607;184500;81.92;81.92;81.9;81.92;24
USDRUBF;15;20230607;190000;81.95;82;81.74;81.88;406
USDRUBF;15;20230607;191500;81.9;81.93;81.88;81.93;89
USDRUBF;15;20230607;193000;81.92;81.92;81.88;81.89;13
USDRUBF;15;20230607;194500;81.88;81.92;81.88;81.91;36
USDRUBF;15;20230607;200000;81.9;81.92;81.9;81.9;13
USDRUBF;15;20230607;201500;81.9;81.93;81.89;81.93;15
USDRUBF;15;20230607;203000;81.95;81.97;81.93;81.93;43
USDRUBF;15;20230607;204500;81.94;81.95;81.92;81.93;12
USDRUBF;15;20230607;210000;81.95;81.96;81.93;81.93;14
USDRUBF;15;20230607;211500;81.94;81.94;81.93;81.93;9
USDRUBF;15;20230607;213000;81.94;82;81.94;82;138
USDRUBF;15;20230607;214500;81.99;82;81.96;81.96;25
USDRUBF;15;20230607;220000;81.98;81.99;81.97;81.97;3
USDRUBF;15;20230607;221500;81.98;82;81.97;81.97;57
USDRUBF;15;20230607;223000;81.99;81.99;81.97;81.97;4
USDRUBF;15;20230607;224500;81.97;82.1;81.97;81.98;171
USDRUBF;15;20230607;230000;81.98;82;81.96;82;20
USDRUBF;15;20230607;231500;82.03;82.03;81.99;81.99;8
USDRUBF;15;20230607;233000;82;82.01;81.98;81.98;8
USDRUBF;15;20230607;234500;81.96;81.96;81.95;81.95;12
USDRUBF;15;20230608;090000;81.96;82;81.83;81.96;373
USDRUBF;15;20230608;091500;81.95;81.96;81.9;81.95;506
USDRUBF;15;20230608;093000;81.93;81.93;81.82;81.88;186
USDRUBF;15;20230608;094500;81.89;82.17;81.89;82.14;861
USDRUBF;15;20230608;100000;82.11;82.17;81.98;82.04;890
USDRUBF;15;20230608;101500;82.01;82.05;81.97;82;175
USDRUBF;15;20230608;103000;82.01;82.12;82.01;82.09;207
USDRUBF;15;20230608;104500;82.1;82.22;82.08;82.2;567
USDRUBF;15;20230608;110000;82.19;82.23;82.07;82.1;244
USDRUBF;15;20230608;111500;82.08;82.08;81.97;81.98;400
USDRUBF;15;20230608;113000;81.96;82.04;81.95;82.04;722
USDRUBF;15;20230608;114500;82.03;82.08;82.02;82.03;55
USDRUBF;15;20230608;120000;82.03;82.1;82.01;82.07;246
USDRUBF;15;20230608;121500;82.07;82.1;82.03;82.03;195
USDRUBF;15;20230608;123000;82.04;82.11;82.04;82.06;193
USDRUBF;15;20230608;124500;82.09;82.11;82.05;82.06;139
USDRUBF;15;20230608;130000;82.06;82.06;81.98;82.03;261
USDRUBF;15;20230608;131500;82.04;82.09;82.03;82.07;595
USDRUBF;15;20230608;133000;82.06;82.06;82.03;82.03;85
USDRUBF;15;20230608;134500;82.02;82.05;82.01;82.05;417
USDRUBF;15;20230608;140000;82.06;82.11;82.06;82.06;141
USDRUBF;15;20230608;141500;82.07;82.09;82.04;82.04;187
USDRUBF;15;20230608;143000;82.06;82.22;82.06;82.19;407
USDRUBF;15;20230608;144500;82.18;82.21;82.11;82.11;200
USDRUBF;15;20230608;150000;82.11;82.18;82.1;82.18;39
USDRUBF;15;20230608;151500;82.19;82.26;82.19;82.2;490
USDRUBF;15;20230608;153000;82.19;82.26;82.15;82.26;1511
USDRUBF;15;20230608;154500;82.26;82.32;82.26;82.3;2296
USDRUBF;15;20230608;160000;82.3;82.37;82.29;82.34;867
USDRUBF;15;20230608;161500;82.34;82.49;82.34;82.49;1100
USDRUBF;15;20230608;163000;82.47;82.49;82.35;82.42;401
USDRUBF;15;20230608;164500;82.43;82.54;82.43;82.5;1173
USDRUBF;15;20230608;170000;82.53;82.67;82.53;82.67;1160
USDRUBF;15;20230608;171500;82.68;82.8;82.6;82.6;991
USDRUBF;15;20230608;173000;82.61;82.7;82.58;82.65;700
USDRUBF;15;20230608;174500;82.63;82.75;82.61;82.67;565
USDRUBF;15;20230608;180000;82.68;82.69;82.61;82.65;415
USDRUBF;15;20230608;181500;82.65;82.67;82.58;82.67;1785
USDRUBF;15;20230608;183000;82.66;82.74;82.66;82.69;941
USDRUBF;15;20230608;184500;82.69;82.7;82.66;82.66;215
USDRUBF;15;20230608;190000;82.7;82.73;82.55;82.65;254
USDRUBF;15;20230608;191500;82.69;82.69;82.65;82.68;70
USDRUBF;15;20230608;193000;82.66;82.68;82.65;82.65;17
USDRUBF;15;20230608;194500;82.65;82.67;82.65;82.65;83
USDRUBF;15;20230608;200000;82.65;82.66;82.65;82.65;60
USDRUBF;15;20230608;201500;82.65;82.66;82.62;82.66;87
USDRUBF;15;20230608;203000;82.65;82.66;82.63;82.66;26
USDRUBF;15;20230608;204500;82.63;82.64;82.6;82.6;38
USDRUBF;15;20230608;211500;82.62;82.62;82.56;82.61;22
USDRUBF;15;20230608;213000;82.61;82.7;82.6;82.7;77
USDRUBF;15;20230608;214500;82.66;82.76;82.65;82.71;92
USDRUBF;15;20230608;220000;82.76;82.78;82.71;82.71;49
USDRUBF;15;20230608;221500;82.71;82.73;82.68;82.73;46
USDRUBF;15;20230608;223000;82.71;82.74;82.65;82.65;81
USDRUBF;15;20230608;224500;82.7;82.72;82.68;82.72;40
USDRUBF;15;20230608;230000;82.68;82.71;82.68;82.71;14
USDRUBF;15;20230608;231500;82.71;82.72;82.71;82.72;18
USDRUBF;15;20230608;233000;82.72;82.75;82.72;82.75;49
USDRUBF;15;20230608;234500;82.76;82.78;82.76;82.78;16
USDRUBF;15;20230609;090000;82.79;82.79;82.69;82.74;284
USDRUBF;15;20230609;091500;82.71;82.98;82.71;82.9;912
USDRUBF;15;20230609;093000;82.9;83.04;82.82;83.01;307
USDRUBF;15;20230609;094500;83;83;82.89;82.95;165
USDRUBF;15;20230609;100000;82.93;82.93;82.72;82.72;604
USDRUBF;15;20230609;101500;82.72;82.72;82.55;82.65;1733
USDRUBF;15;20230609;103000;82.64;82.78;82.62;82.69;759
USDRUBF;15;20230609;104500;82.68;82.78;82.66;82.7;747
USDRUBF;15;20230609;110000;82.67;82.7;82.63;82.66;441
USDRUBF;15;20230609;111500;82.68;82.74;82.66;82.68;959
USDRUBF;15;20230609;113000;82.7;82.7;82.63;82.63;399
USDRUBF;15;20230609;114500;82.62;82.62;82.54;82.59;916
USDRUBF;15;20230609;120000;82.6;82.62;82.54;82.6;618
USDRUBF;15;20230609;121500;82.6;82.6;82.45;82.51;1395
USDRUBF;15;20230609;123000;82.52;82.58;82.5;82.56;306
USDRUBF;15;20230609;124500;82.56;82.63;82.53;82.53;926
USDRUBF;15;20230609;130000;82.53;82.54;82.52;82.53;443
USDRUBF;15;20230609;131500;82.55;82.56;82.48;82.51;399
USDRUBF;15;20230609;133000;82.51;82.7;82.45;82.63;1650
USDRUBF;15;20230609;134500;82.65;82.65;82.58;82.6;379
USDRUBF;15;20230609;140000;82.6;82.76;82.6;82.68;714
USDRUBF;15;20230609;141500;82.67;82.75;82.67;82.69;632
USDRUBF;15;20230609;143000;82.68;82.68;82.59;82.59;577
USDRUBF;15;20230609;144500;82.62;82.64;82.6;82.64;276
USDRUBF;15;20230609;150000;82.64;82.66;82.5;82.54;855
USDRUBF;15;20230609;151500;82.52;82.57;82.47;82.47;975
USDRUBF;15;20230609;153000;82.47;82.49;82.21;82.44;2640
USDRUBF;15;20230609;154500;82.44;82.56;82.38;82.5;672
USDRUBF;15;20230609;160000;82.52;82.52;82.41;82.44;731
USDRUBF;15;20230609;161500;82.44;82.49;82.37;82.4;226
USDRUBF;15;20230609;163000;82.39;82.43;82.33;82.38;144
USDRUBF;15;20230609;164500;82.38;82.41;82.37;82.39;105
USDRUBF;15;20230609;170000;82.37;82.52;82.37;82.42;498
USDRUBF;15;20230609;171500;82.43;82.51;82.27;82.51;1279
USDRUBF;15;20230609;173000;82.51;82.58;82.5;82.54;584
USDRUBF;15;20230609;174500;82.54;82.6;82.42;82.45;432
USDRUBF;15;20230609;180000;82.45;82.54;82.39;82.52;392
USDRUBF;15;20230609;181500;82.52;82.55;82.49;82.55;155
USDRUBF;15;20230609;183000;82.54;82.55;82.49;82.53;167
USDRUBF;15;20230609;184500;82.55;82.58;82.53;82.53;167
USDRUBF;15;20230609;190000;82.52;82.58;82.52;82.55;7
USDRUBF;15;20230609;191500;82.56;82.6;82.55;82.57;30
USDRUBF;15;20230609;193000;82.54;82.56;82.52;82.54;80
USDRUBF;15;20230609;194500;82.59;82.61;82.58;82.61;38
USDRUBF;15;20230609;200000;82.63;82.63;82.58;82.58;40
USDRUBF;15;20230609;201500;82.6;82.61;82.58;82.58;9
USDRUBF;15;20230609;203000;82.57;82.6;82.55;82.55;57
USDRUBF;15;20230609;204500;82.56;82.59;82.55;82.59;29
USDRUBF;15;20230609;210000;82.59;82.64;82.55;82.63;74
USDRUBF;15;20230609;211500;82.62;82.63;82.6;82.6;102
USDRUBF;15;20230609;213000;82.6;82.63;82.6;82.6;52
USDRUBF;15;20230609;214500;82.63;82.63;82.63;82.63;17
USDRUBF;15;20230609;220000;82.63;82.63;82.63;82.63;4
USDRUBF;15;20230609;221500;82.61;82.62;82.61;82.62;4
USDRUBF;15;20230609;223000;82.61;82.63;82.61;82.63;24
USDRUBF;15;20230609;224500;82.63;82.67;82.56;82.67;148
USDRUBF;15;20230609;230000;82.57;82.69;82.52;82.52;582
USDRUBF;15;20230609;231500;82.55;82.55;82.55;82.55;12
USDRUBF;15;20230609;233000;82.55;82.57;82.49;82.56;65
USDRUBF;15;20230609;234500;82.53;82.55;82.49;82.55;19
USDRUBF;15;20230613;090000;82.59;83.14;82.59;82.99;1505
USDRUBF;15;20230613;091500;82.99;83.16;82.98;83.1;1924
USDRUBF;15;20230613;093000;83.09;83.17;83.08;83.1;918
USDRUBF;15;20230613;094500;83.09;83.17;83.05;83.08;644
USDRUBF;15;20230613;100000;83.08;83.43;83;83.31;3774
USDRUBF;15;20230613;101500;83.31;83.45;83.28;83.36;1424
USDRUBF;15;20230613;103000;83.36;83.45;83.34;83.44;1219
USDRUBF;15;20230613;104500;83.43;83.62;83.43;83.59;1470
USDRUBF;15;20230613;110000;83.62;83.8;83.61;83.76;3605
USDRUBF;15;20230613;111500;83.75;83.87;83.71;83.86;1443
USDRUBF;15;20230613;113000;83.86;83.94;83.83;83.91;2672
USDRUBF;15;20230613;114500;83.92;83.98;83.87;83.98;1583
USDRUBF;15;20230613;120000;83.97;84.18;83.96;84.09;2272
USDRUBF;15;20230613;121500;84.09;84.12;83.84;84.05;2023
USDRUBF;15;20230613;123000;84.04;84.05;83.85;83.87;1103
USDRUBF;15;20230613;124500;83.84;83.95;83.77;83.93;870
USDRUBF;15;20230613;130000;83.92;83.92;83.73;83.81;646
USDRUBF;15;20230613;131500;83.8;83.82;83.7;83.7;642
USDRUBF;15;20230613;133000;83.72;83.76;83.52;83.52;997
USDRUBF;15;20230613;134500;83.51;83.58;83.5;83.58;740
USDRUBF;15;20230613;140000;83.59;83.88;83.59;83.81;1304
USDRUBF;15;20230613;141500;83.82;83.83;83.74;83.83;381
USDRUBF;15;20230613;143000;83.84;83.89;83.8;83.81;513
USDRUBF;15;20230613;144500;83.8;83.8;83.7;83.7;477
USDRUBF;15;20230613;150000;83.72;83.75;83.69;83.7;245
USDRUBF;15;20230613;151500;83.71;83.86;83.71;83.8;440
USDRUBF;15;20230613;153000;83.84;83.84;83.72;83.8;617
USDRUBF;15;20230613;154500;83.82;83.9;83.8;83.87;578
USDRUBF;15;20230613;160000;83.86;83.86;83.77;83.84;186
USDRUBF;15;20230613;161500;83.85;83.87;83.8;83.84;146
USDRUBF;15;20230613;163000;83.84;83.88;83.8;83.87;397
USDRUBF;15;20230613;164500;83.87;83.99;83.84;83.98;795
USDRUBF;15;20230613;170000;83.98;84.15;83.98;84.13;1049
USDRUBF;15;20230613;171500;84.15;84.16;84.08;84.16;842
USDRUBF;15;20230613;173000;84.16;84.17;84.02;84.03;740
USDRUBF;15;20230613;174500;84.05;84.15;84.02;84.15;1123
USDRUBF;15;20230613;180000;84.14;84.2;84.12;84.15;828
USDRUBF;15;20230613;181500;84.16;84.27;84.1;84.26;1516
USDRUBF;15;20230613;183000;84.26;84.39;84.21;84.33;1398
USDRUBF;15;20230613;184500;84.32;84.35;84.31;84.32;249
USDRUBF;15;20230613;190000;84.31;84.39;84.29;84.34;103
USDRUBF;15;20230613;191500;84.34;84.39;84.23;84.3;362
USDRUBF;15;20230613;193000;84.3;84.37;84.29;84.35;76
USDRUBF;15;20230613;194500;84.35;84.41;84.34;84.37;150
USDRUBF;15;20230613;200000;84.36;84.4;84.35;84.37;60
USDRUBF;15;20230613;201500;84.36;84.37;84.33;84.33;66
USDRUBF;15;20230613;203000;84.33;84.37;84.32;84.32;97
USDRUBF;15;20230613;204500;84.32;84.35;84.27;84.34;119
USDRUBF;15;20230613;210000;84.32;84.34;84.31;84.34;20
USDRUBF;15;20230613;211500;84.34;84.68;84.32;84.4;561
USDRUBF;15;20230613;213000;84.39;84.43;84.37;84.4;107
USDRUBF;15;20230613;214500;84.42;84.45;84.4;84.45;117
USDRUBF;15;20230613;220000;84.43;84.45;84.38;84.39;121
USDRUBF;15;20230613;221500;84.38;84.5;84.38;84.5;286
USDRUBF;15;20230613;223000;84.5;84.53;84.46;84.48;195
USDRUBF;15;20230613;224500;84.5;84.54;84.48;84.49;28
USDRUBF;15;20230613;230000;84.51;84.51;84.48;84.51;13
USDRUBF;15;20230613;231500;84.48;84.48;84.37;84.37;46
USDRUBF;15;20230613;233000;84.36;84.38;84.33;84.38;67
USDRUBF;15;20230613;234500;84.39;84.45;84.39;84.45;10
USDRUBF;15;20230614;090000;84.54;84.66;84.52;84.59;984
USDRUBF;15;20230614;091500;84.6;84.64;84.56;84.64;1036
USDRUBF;15;20230614;093000;84.63;84.87;84.61;84.86;3148
USDRUBF;15;20230614;094500;84.87;85;84.7;84.7;5271
USDRUBF;15;20230614;100000;84.69;84.74;84.5;84.67;4645
USDRUBF;15;20230614;101500;84.65;84.82;84.63;84.79;3235
USDRUBF;15;20230614;103000;84.79;84.84;84.72;84.74;1908
USDRUBF;15;20230614;104500;84.74;84.85;84.6;84.62;2392
USDRUBF;15;20230614;110000;84.62;84.65;84.53;84.61;1382
USDRUBF;15;20230614;111500;84.61;84.65;84.57;84.57;1466
USDRUBF;15;20230614;113000;84.57;84.61;84.48;84.51;1426
USDRUBF;15;20230614;114500;84.51;84.52;84.46;84.5;703
USDRUBF;15;20230614;120000;84.5;84.57;84.44;84.47;1351
USDRUBF;15;20230614;121500;84.48;84.5;84.43;84.44;1251
USDRUBF;15;20230614;123000;84.44;84.45;84.3;84.3;946
USDRUBF;15;20230614;124500;84.3;84.31;84.04;84.12;3382
USDRUBF;15;20230614;130000;84.12;84.12;83.92;83.92;1723
USDRUBF;15;20230614;131500;83.91;84.18;83.78;84.12;2824
USDRUBF;15;20230614;133000;84.1;84.12;83.77;83.81;1974
USDRUBF;15;20230614;134500;83.84;84.04;83.84;83.94;1087
USDRUBF;15;20230614;140000;83.98;84.17;83.96;84.14;567
USDRUBF;15;20230614;141500;84.15;84.18;84.07;84.08;596
USDRUBF;15;20230614;143000;84.1;84.14;83.99;83.99;639
USDRUBF;15;20230614;144500;84;84;83.85;83.89;774
USDRUBF;15;20230614;150000;83.88;83.96;83.86;83.89;1175
USDRUBF;15;20230614;151500;83.89;83.9;83.81;83.82;900
USDRUBF;15;20230614;153000;83.81;83.91;83.72;83.85;736
USDRUBF;15;20230614;154500;83.84;83.9;83.7;83.89;714
USDRUBF;15;20230614;160000;83.9;84.03;83.8;83.99;1053
USDRUBF;15;20230614;161500;83.98;84.17;83.95;84.16;880
USDRUBF;15;20230614;163000;84.15;84.19;84.04;84.06;588
USDRUBF;15;20230614;164500;84.07;84.09;84;84.09;741
USDRUBF;15;20230614;170000;84.09;84.09;84.03;84.03;418
USDRUBF;15;20230614;171500;84.04;84.07;84.02;84.03;378
USDRUBF;15;20230614;173000;84.03;84.11;84.01;84.11;663
USDRUBF;15;20230614;174500;84.12;84.21;84.1;84.2;314
USDRUBF;15;20230614;180000;84.2;84.26;84.14;84.16;893
USDRUBF;15;20230614;181500;84.16;84.16;84.02;84.05;1584
USDRUBF;15;20230614;183000;84.05;84.08;84.05;84.06;383
USDRUBF;15;20230614;184500;84.06;84.09;84.01;84.02;208
USDRUBF;15;20230614;190000;84.07;84.1;84;84.08;149
USDRUBF;15;20230614;191500;84.07;84.1;84.05;84.07;106
USDRUBF;15;20230614;193000;84.08;84.1;84.05;84.05;83
USDRUBF;15;20230614;194500;84.07;84.09;84.05;84.09;58
USDRUBF;15;20230614;200000;84.09;84.12;84.07;84.08;118
USDRUBF;15;20230614;201500;84.08;84.09;84.04;84.09;31
USDRUBF;15;20230614;203000;84.05;84.08;84.05;84.08;4
USDRUBF;15;20230614;204500;84.08;84.09;84.06;84.09;46
USDRUBF;15;20230614;210000;84.1;84.19;84.1;84.13;206
USDRUBF;15;20230614;211500;84.17;84.57;84.17;84.48;4340
USDRUBF;15;20230614;213000;84.48;84.63;84.29;84.35;2459
USDRUBF;15;20230614;214500;84.35;84.38;83.98;84.18;3404
USDRUBF;15;20230614;220000;84.18;84.24;84.14;84.24;174
USDRUBF;15;20230614;221500;84.24;84.44;84.23;84.31;1264
USDRUBF;15;20230614;223000;84.31;84.4;84.3;84.3;919
USDRUBF;15;20230614;224500;84.33;84.35;84.29;84.33;181
USDRUBF;15;20230614;230000;84.33;84.33;84.29;84.29;69
USDRUBF;15;20230614;231500;84.3;84.36;84.29;84.36;75
USDRUBF;15;20230614;233000;84.36;84.41;84.34;84.36;48
USDRUBF;15;20230614;234500;84.36;84.41;84.32;84.38;79
USDRUBF;15;20230615;090000;84.39;84.39;84.13;84.21;479
USDRUBF;15;20230615;091500;84.21;84.48;84.2;84.46;1149
USDRUBF;15;20230615;093000;84.46;84.49;84.39;84.42;1093
USDRUBF;15;20230615;094500;84.41;84.41;84.3;84.37;747
USDRUBF;15;20230615;100000;84.36;84.53;84.35;84.45;2134
USDRUBF;15;20230615;101500;84.45;84.52;84.43;84.51;3060
USDRUBF;15;20230615;103000;84.51;84.55;84.49;84.49;2288
USDRUBF;15;20230615;104500;84.49;84.53;84.45;84.48;1357
USDRUBF;15;20230615;110000;84.48;84.48;84.32;84.34;3492
USDRUBF;15;20230615;111500;84.33;84.38;84.27;84.37;1882
USDRUBF;15;20230615;113000;84.38;84.44;84.38;84.41;1073
USDRUBF;15;20230615;114500;84.41;84.46;84.3;84.31;3218
USDRUBF;15;20230615;120000;84.31;84.31;83.94;83.94;5127
USDRUBF;15;20230615;121500;83.95;83.96;82.89;83.64;20084
USDRUBF;15;20230615;123000;83.63;83.76;83.57;83.74;11893
USDRUBF;15;20230615;124500;83.74;83.83;83.71;83.78;4317
USDRUBF;15;20230615;130000;83.79;83.8;83.77;83.78;2461
USDRUBF;15;20230615;131500;83.77;83.78;83.68;83.7;2580
USDRUBF;15;20230615;133000;83.7;83.71;83.6;83.67;3778
USDRUBF;15;20230615;134500;83.68;83.71;83.64;83.7;1238
USDRUBF;15;20230615;140000;83.69;83.69;83.54;83.59;2295
USDRUBF;15;20230615;141500;83.59;83.59;83.44;83.47;2356
USDRUBF;15;20230615;143000;83.48;83.56;83.4;83.51;1795
USDRUBF;15;20230615;144500;83.52;83.64;83.48;83.59;1137
USDRUBF;15;20230615;150000;83.59;83.6;83.45;83.45;1005
USDRUBF;15;20230615;151500;83.45;83.72;83.27;83.35;3735
USDRUBF;15;20230615;153000;83.33;83.38;83.31;83.35;903
USDRUBF;15;20230615;154500;83.35;83.6;83.34;83.6;802
USDRUBF;15;20230615;160000;83.6;83.6;83.46;83.5;713
USDRUBF;15;20230615;161500;83.51;83.51;83.42;83.43;493
USDRUBF;15;20230615;163000;83.46;83.46;83.27;83.34;513
USDRUBF;15;20230615;164500;83.28;83.32;83.26;83.32;795
USDRUBF;15;20230615;170000;83.3;83.47;83.29;83.47;900
USDRUBF;15;20230615;171500;83.47;83.59;83.41;83.59;764
USDRUBF;15;20230615;173000;83.6;83.6;83.46;83.5;717
USDRUBF;15;20230615;174500;83.47;83.56;83.45;83.54;540
USDRUBF;15;20230615;180000;83.54;83.6;83.53;83.59;429
USDRUBF;15;20230615;181500;83.59;83.64;83.57;83.61;818
USDRUBF;15;20230615;183000;83.64;83.7;83.58;83.6;648
USDRUBF;15;20230615;184500;83.59;83.6;83.59;83.6;55
USDRUBF;15;20230615;190000;83.6;83.6;83.57;83.6;161
USDRUBF;15;20230615;191500;83.59;83.62;83.57;83.6;122
USDRUBF;15;20230615;193000;83.6;83.61;83.57;83.61;55
USDRUBF;15;20230615;194500;83.58;83.58;83.57;83.57;10
USDRUBF;15;20230615;200000;83.6;83.6;83.58;83.6;18
USDRUBF;15;20230615;201500;83.58;83.59;83.5;83.56;94
USDRUBF;15;20230615;203000;83.58;83.59;83.57;83.57;6
USDRUBF;15;20230615;204500;83.59;83.59;83.58;83.58;8
USDRUBF;15;20230615;210000;83.58;83.63;83.57;83.57;24
USDRUBF;15;20230615;211500;83.57;83.6;83.57;83.6;36
USDRUBF;15;20230615;213000;83.6;83.63;83.38;83.56;163
USDRUBF;15;20230615;214500;83.56;83.56;83.5;83.53;76
USDRUBF;15;20230615;220000;83.54;83.73;83.54;83.56;165
USDRUBF;15;20230615;221500;83.59;83.59;83.45;83.59;76
USDRUBF;15;20230615;223000;83.57;83.69;83.56;83.59;103
USDRUBF;15;20230615;224500;83.64;83.64;83.59;83.59;12
USDRUBF;15;20230615;230000;83.59;83.61;83.59;83.61;5
USDRUBF;15;20230615;231500;83.58;83.61;83.58;83.61;28
USDRUBF;15;20230615;233000;83.58;83.61;83.58;83.61;61
USDRUBF;15;20230615;234500;83.61;83.62;83.61;83.61;16
USDRUBF;15;20230616;090000;83.61;83.85;83.57;83.75;862
USDRUBF;15;20230616;091500;83.77;84.11;83.76;83.76;3290
USDRUBF;15;20230616;093000;83.75;83.82;83.73;83.8;298
USDRUBF;15;20230616;094500;83.78;83.87;83.71;83.86;428
USDRUBF;15;20230616;100000;83.83;83.95;83.74;83.92;1810
USDRUBF;15;20230616;101500;83.95;83.96;83.83;83.92;581
USDRUBF;15;20230616;103000;83.94;83.94;83.77;83.78;462
USDRUBF;15;20230616;104500;83.78;83.83;83.7;83.72;1486
USDRUBF;15;20230616;110000;83.72;83.73;83.56;83.64;1144
USDRUBF;15;20230616;111500;83.6;83.62;83.49;83.5;1017
USDRUBF;15;20230616;113000;83.5;83.62;83.5;83.62;270
USDRUBF;15;20230616;114500;83.61;83.62;83.58;83.62;133
USDRUBF;15;20230616;120000;83.6;83.67;83.49;83.49;916
USDRUBF;15;20230616;121500;83.48;83.53;83.42;83.5;541
USDRUBF;15;20230616;123000;83.48;83.54;83.46;83.53;399
USDRUBF;15;20230616;124500;83.53;83.58;83.48;83.56;371
USDRUBF;15;20230616;130000;83.52;83.58;83.49;83.58;252
USDRUBF;15;20230616;131500;83.55;83.55;83.46;83.46;222
USDRUBF;15;20230616;133000;83.45;83.53;83.36;83.43;1329
USDRUBF;15;20230616;134500;83.47;83.55;83.43;83.5;1001
USDRUBF;15;20230616;140000;83.51;83.52;83.43;83.43;408
USDRUBF;15;20230616;141500;83.45;83.67;83.44;83.65;1417
USDRUBF;15;20230616;143000;83.66;83.67;83.6;83.64;412
USDRUBF;15;20230616;144500;83.63;83.65;83.6;83.65;122
USDRUBF;15;20230616;150000;83.64;83.67;83.6;83.61;198
USDRUBF;15;20230616;151500;83.6;83.66;83.53;83.62;527
USDRUBF;15;20230616;153000;83.62;83.75;83.61;83.75;487
USDRUBF;15;20230616;154500;83.76;83.8;83.69;83.75;664
USDRUBF;15;20230616;160000;83.74;83.86;83.74;83.86;209
USDRUBF;15;20230616;161500;83.86;83.89;83.71;83.75;1162
USDRUBF;15;20230616;163000;83.75;83.78;83.66;83.77;344
USDRUBF;15;20230616;164500;83.77;83.9;83.76;83.82;1666
USDRUBF;15;20230616;170000;83.82;83.92;83.77;83.92;695
USDRUBF;15;20230616;171500;83.92;83.94;83.86;83.91;734
USDRUBF;15;20230616;173000;83.91;83.92;83.89;83.92;276
USDRUBF;15;20230616;174500;83.92;83.93;83.8;83.86;732
USDRUBF;15;20230616;180000;83.88;83.95;83.88;83.89;414
USDRUBF;15;20230616;181500;83.9;84.05;83.87;84.05;1815
USDRUBF;15;20230616;183000;84.04;84.19;83.99;84.17;1847
USDRUBF;15;20230616;184500;84.17;84.22;84.17;84.18;327
USDRUBF;15;20230616;190000;84.15;84.32;84.02;84.18;783
USDRUBF;15;20230616;191500;84.19;84.2;84.02;84.09;275
USDRUBF;15;20230616;193000;84.09;84.1;84.08;84.1;20
USDRUBF;15;20230616;194500;84.1;84.16;84.07;84.16;140
USDRUBF;15;20230616;200000;84.16;84.16;84.08;84.13;65
USDRUBF;15;20230616;201500;84.13;84.13;84.08;84.1;121
USDRUBF;15;20230616;203000;84.09;84.16;84.08;84.16;95
USDRUBF;15;20230616;204500;84.15;84.16;84.1;84.11;31
USDRUBF;15;20230616;210000;84.1;84.16;84.1;84.1;62
USDRUBF;15;20230616;211500;84.1;84.12;84.06;84.09;34
USDRUBF;15;20230616;213000;84.06;84.06;84.03;84.03;182
USDRUBF;15;20230616;214500;84.03;84.09;84.01;84.07;171
USDRUBF;15;20230616;220000;84.05;84.1;84.01;84.01;57
USDRUBF;15;20230616;221500;84.02;84.04;84;84.04;29
USDRUBF;15;20230616;223000;84.05;84.09;84.03;84.05;37
USDRUBF;15;20230616;224500;84.1;84.16;84.09;84.16;187
USDRUBF;15;20230616;230000;84.15;84.15;84.1;84.15;15
USDRUBF;15;20230616;231500;84.11;84.15;84.1;84.11;16
USDRUBF;15;20230616;233000;84.11;84.16;84.11;84.16;26
USDRUBF;15;20230616;234500;84.14;84.18;84.14;84.18;11
USDRUBF;15;20230619;090000;84.2;84.53;84.2;84.35;1759
USDRUBF;15;20230619;091500;84.33;84.4;84.23;84.25;412
USDRUBF;15;20230619;093000;84.24;84.27;84.1;84.12;676
USDRUBF;15;20230619;094500;84.11;84.22;84.07;84.18;237
USDRUBF;15;20230619;100000;84.19;84.22;83.92;84.04;1890
USDRUBF;15;20230619;101500;84.03;84.21;83.98;84.01;1108
USDRUBF;15;20230619;103000;84.01;84.11;83.81;83.98;1677
USDRUBF;15;20230619;104500;83.96;84.02;83.8;83.81;816
USDRUBF;15;20230619;110000;83.82;83.89;83.78;83.79;838
USDRUBF;15;20230619;111500;83.78;83.78;83.64;83.73;1534
USDRUBF;15;20230619;113000;83.74;83.81;83.72;83.79;605
USDRUBF;15;20230619;114500;83.78;83.85;83.77;83.85;313
USDRUBF;15;20230619;120000;83.84;83.88;83.82;83.82;425
USDRUBF;15;20230619;121500;83.85;83.99;83.85;83.99;703
USDRUBF;15;20230619;123000;83.99;83.99;83.86;83.86;316
USDRUBF;15;20230619;124500;83.87;83.93;83.85;83.92;246
USDRUBF;15;20230619;130000;83.92;84.06;83.86;84.03;1431
USDRUBF;15;20230619;131500;84.06;84.1;84.01;84.09;797
USDRUBF;15;20230619;133000;84.1;84.1;84;84.02;175
USDRUBF;15;20230619;134500;84.04;84.1;83.98;84.06;648
USDRUBF;15;20230619;140000;84.07;84.09;84.03;84.09;578
USDRUBF;15;20230619;141500;84.08;84.09;84.04;84.07;291
USDRUBF;15;20230619;143000;84.07;84.09;84.03;84.03;220
USDRUBF;15;20230619;144500;84.03;84.06;84.01;84.06;157
USDRUBF;15;20230619;150000;84.04;84.04;83.95;84;362
USDRUBF;15;20230619;151500;84;84.01;83.85;83.98;560
USDRUBF;15;20230619;153000;83.95;84.03;83.95;83.99;736
USDRUBF;15;20230619;154500;83.97;84;83.93;83.93;384
USDRUBF;15;20230619;160000;83.93;83.95;83.8;83.89;661
USDRUBF;15;20230619;161500;83.9;83.95;83.87;83.9;436
USDRUBF;15;20230619;163000;83.89;84.03;83.85;83.94;583
USDRUBF;15;20230619;164500;83.92;83.96;83.86;83.96;626
USDRUBF;15;20230619;170000;83.95;84.1;83.95;84.09;1227
USDRUBF;15;20230619;171500;84.09;84.15;84.01;84.13;1005
USDRUBF;15;20230619;173000;84.11;84.16;84.09;84.15;369
USDRUBF;15;20230619;174500;84.15;84.16;84.07;84.1;422
USDRUBF;15;20230619;180000;84.1;84.15;84.1;84.12;85
USDRUBF;15;20230619;181500;84.11;84.18;84.06;84.15;626
USDRUBF;15;20230619;183000;84.13;84.14;84.07;84.07;163
USDRUBF;15;20230619;184500;84.07;84.1;84.07;84.1;102
USDRUBF;15;20230619;190000;84.1;84.1;84.1;84.1;22
USDRUBF;15;20230619;191500;84.12;84.13;84.09;84.12;43
USDRUBF;15;20230619;193000;84.09;84.09;84.09;84.09;14
USDRUBF;15;20230619;194500;84.08;84.13;84.08;84.12;9
USDRUBF;15;20230619;200000;84.12;84.14;84.1;84.11;32
USDRUBF;15;20230619;201500;84.11;84.15;84.06;84.14;306
USDRUBF;15;20230619;203000;84.15;84.15;84.09;84.1;85
USDRUBF;15;20230619;204500;84.11;84.12;84.07;84.07;92
USDRUBF;15;20230619;210000;84.08;84.1;83.96;84.06;233
USDRUBF;15;20230619;211500;84.07;84.08;84.03;84.08;30
USDRUBF;15;20230619;214500;84.07;84.07;84.07;84.07;1
USDRUBF;15;20230619;221500;84.08;84.08;84.08;84.08;3
USDRUBF;15;20230619;223000;84.08;84.08;84.05;84.05;2
USDRUBF;15;20230619;224500;84.09;84.09;84.09;84.09;8
USDRUBF;15;20230619;230000;84.07;84.07;84.07;84.07;1
USDRUBF;15;20230619;231500;84.07;84.07;84.04;84.04;52
USDRUBF;15;20230619;233000;84.03;84.03;83.96;84;172
USDRUBF;15;20230619;234500;83.97;83.97;83.95;83.95;26
USDRUBF;15;20230620;090000;84.06;84.31;84.06;84.18;1583
USDRUBF;15;20230620;091500;84.18;84.2;84.15;84.17;253
USDRUBF;15;20230620;093000;84.17;84.17;84.11;84.11;296
USDRUBF;15;20230620;094500;84.11;84.23;84.11;84.16;224
USDRUBF;15;20230620;100000;84.16;84.16;84.01;84.02;1012
USDRUBF;15;20230620;101500;84.02;84.07;84.01;84.03;417
USDRUBF;15;20230620;103000;84.03;84.08;84.01;84.05;556
USDRUBF;15;20230620;104500;84.05;84.06;84;84;111
USDRUBF;15;20230620;110000;84;84.04;83.99;84.01;344
USDRUBF;15;20230620;111500;84.02;84.07;84.01;84.06;462
USDRUBF;15;20230620;113000;84.06;84.18;84.05;84.06;808
USDRUBF;15;20230620;114500;84.06;84.1;84.03;84.06;300
USDRUBF;15;20230620;120000;84.07;84.08;84.04;84.08;349
USDRUBF;15;20230620;121500;84.08;84.08;84;84.02;353
USDRUBF;15;20230620;123000;84.01;84.08;84;84.07;188
USDRUBF;15;20230620;124500;84.09;84.18;84.09;84.15;584
USDRUBF;15;20230620;130000;84.15;84.16;84.07;84.13;1553
USDRUBF;15;20230620;131500;84.13;84.2;84.09;84.1;1570
USDRUBF;15;20230620;133000;84.1;84.19;84.07;84.19;255
USDRUBF;15;20230620;134500;84.19;84.21;84.11;84.13;219
USDRUBF;15;20230620;140000;84.14;84.22;84.14;84.22;225
USDRUBF;15;20230620;141500;84.21;84.35;84.2;84.35;1010
USDRUBF;15;20230620;143000;84.36;84.47;84.31;84.37;1627
USDRUBF;15;20230620;144500;84.38;84.49;84.36;84.46;543
USDRUBF;15;20230620;150000;84.49;84.56;84.38;84.46;1108
USDRUBF;15;20230620;151500;84.47;84.6;84.46;84.5;633
USDRUBF;15;20230620;153000;84.5;84.5;84.41;84.42;754
USDRUBF;15;20230620;154500;84.43;84.45;84.39;84.42;489
USDRUBF;15;20230620;160000;84.43;84.5;84.42;84.44;1056
USDRUBF;15;20230620;161500;84.42;84.49;84.42;84.46;577
USDRUBF;15;20230620;163000;84.48;84.48;84.34;84.44;582
USDRUBF;15;20230620;164500;84.44;84.48;84.4;84.43;833
USDRUBF;15;20230620;170000;84.42;84.66;84.42;84.66;1189
USDRUBF;15;20230620;171500;84.66;84.66;84.53;84.6;755
USDRUBF;15;20230620;173000;84.6;84.69;84.6;84.66;944
USDRUBF;15;20230620;174500;84.66;84.74;84.63;84.74;760
USDRUBF;15;20230620;180000;84.74;84.74;84.65;84.66;377
USDRUBF;15;20230620;181500;84.66;84.66;84.6;84.62;240
USDRUBF;15;20230620;183000;84.63;84.72;84.63;84.7;574
USDRUBF;15;20230620;184500;84.7;84.7;84.69;84.7;27
USDRUBF;15;20230620;190000;84.71;84.73;84.68;84.69;25
USDRUBF;15;20230620;191500;84.69;84.69;84.67;84.68;39
USDRUBF;15;20230620;193000;84.67;84.72;84.67;84.72;89
USDRUBF;15;20230620;194500;84.69;84.69;84.68;84.69;11
USDRUBF;15;20230620;200000;84.67;84.67;84.67;84.67;3
USDRUBF;15;20230620;201500;84.68;84.72;84.68;84.72;107
USDRUBF;15;20230620;203000;84.73;84.93;84.69;84.72;282
USDRUBF;15;20230620;204500;84.72;84.87;84.72;84.76;178
USDRUBF;15;20230620;210000;84.77;84.79;84.76;84.77;56
USDRUBF;15;20230620;211500;84.77;84.77;84.74;84.74;65
USDRUBF;15;20230620;213000;84.74;84.74;84.73;84.74;20
USDRUBF;15;20230620;214500;84.72;84.72;84.71;84.71;34
USDRUBF;15;20230620;220000;84.71;84.71;84.7;84.7;18
USDRUBF;15;20230620;221500;84.7;84.72;84.7;84.7;10
USDRUBF;15;20230620;223000;84.73;84.76;84.73;84.76;106
USDRUBF;15;20230620;224500;84.76;84.77;84.74;84.75;17
USDRUBF;15;20230620;230000;84.75;84.76;84.73;84.73;44
USDRUBF;15;20230620;231500;84.73;84.74;84.71;84.71;10
USDRUBF;15;20230620;233000;84.71;84.71;84.71;84.71;2
USDRUBF;15;20230620;234500;84.73;84.76;84.72;84.72;11
USDRUBF;15;20230621;090000;84.71;84.71;84.36;84.4;878
USDRUBF;15;20230621;091500;84.4;84.5;84.39;84.42;397
USDRUBF;15;20230621;093000;84.42;84.43;84.3;84.32;651
USDRUBF;15;20230621;094500;84.34;84.38;84.29;84.35;524
USDRUBF;15;20230621;100000;84.36;84.47;84.33;84.45;739
USDRUBF;15;20230621;101500;84.44;84.49;84.38;84.46;961
USDRUBF;15;20230621;103000;84.46;84.5;84.42;84.45;381
USDRUBF;15;20230621;104500;84.45;84.52;84.42;84.52;295
USDRUBF;15;20230621;110000;84.53;84.55;84.47;84.51;308
USDRUBF;15;20230621;111500;84.51;84.51;84.36;84.42;1001
USDRUBF;15;20230621;113000;84.41;84.41;84.31;84.38;4063
USDRUBF;15;20230621;114500;84.36;84.37;84.26;84.29;1708
USDRUBF;15;20230621;120000;84.3;84.37;84.19;84.33;3274
USDRUBF;15;20230621;121500;84.32;84.34;84.05;84.12;4767
USDRUBF;15;20230621;123000;84.1;84.1;83.93;83.94;3640
USDRUBF;15;20230621;124500;83.94;84.13;83.89;83.98;6636
USDRUBF;15;20230621;130000;83.99;84.12;83.88;84.07;4725
USDRUBF;15;20230621;131500;84.06;84.1;83.95;84.06;2737
USDRUBF;15;20230621;133000;84.04;84.05;83.89;83.91;2322
USDRUBF;15;20230621;134500;83.91;83.99;83.89;83.96;334
USDRUBF;15;20230621;140000;83.94;84.08;83.91;84.03;689
USDRUBF;15;20230621;141500;84.02;84.02;83.9;83.95;570
USDRUBF;15;20230621;143000;83.96;84.09;83.94;84.08;1145
USDRUBF;15;20230621;144500;84.07;84.18;84.04;84.09;2958
USDRUBF;15;20230621;150000;84.1;84.12;84;84.12;1522
USDRUBF;15;20230621;151500;84.11;84.11;84.05;84.05;186
USDRUBF;15;20230621;153000;84.06;84.2;84.06;84.17;798
USDRUBF;15;20230621;154500;84.15;84.19;84.11;84.12;679
USDRUBF;15;20230621;160000;84.14;84.26;84.1;84.1;918
USDRUBF;15;20230621;161500;84.11;84.17;83.96;84.05;3416
USDRUBF;15;20230621;163000;84.03;84.03;83.91;83.93;2583
USDRUBF;15;20230621;164500;83.92;83.94;83.84;83.89;2182
USDRUBF;15;20230621;170000;83.89;83.91;83.73;83.89;2286
USDRUBF;15;20230621;171500;83.9;83.91;83.68;83.7;1124
USDRUBF;15;20230621;173000;83.7;83.79;83.65;83.7;1001
USDRUBF;15;20230621;174500;83.68;83.73;83.54;83.55;2928
USDRUBF;15;20230621;180000;83.55;83.71;83.53;83.67;1861
USDRUBF;15;20230621;181500;83.67;83.8;83.67;83.74;1189
USDRUBF;15;20230621;183000;83.75;83.83;83.72;83.83;552
USDRUBF;15;20230621;184500;83.83;83.85;83.81;83.85;215
USDRUBF;15;20230621;190000;83.81;83.84;83.7;83.79;383
USDRUBF;15;20230621;191500;83.77;83.78;83.69;83.72;280
USDRUBF;15;20230621;193000;83.72;83.72;83.67;83.67;371
USDRUBF;15;20230621;194500;83.67;83.69;83.62;83.66;288
USDRUBF;15;20230621;200000;83.63;83.72;83.63;83.64;64
USDRUBF;15;20230621;201500;83.64;83.68;83.62;83.66;78
USDRUBF;15;20230621;203000;83.66;83.67;83.61;83.63;41
USDRUBF;15;20230621;204500;83.63;83.65;83.61;83.65;17
USDRUBF;15;20230621;210000;83.65;83.74;83.62;83.73;36
USDRUBF;15;20230621;211500;83.73;83.73;83.73;83.73;1
USDRUBF;15;20230621;213000;83.73;83.76;83.73;83.74;46
USDRUBF;15;20230621;214500;83.74;83.75;83.71;83.75;60
USDRUBF;15;20230621;220000;83.76;83.76;83.72;83.72;72
USDRUBF;15;20230621;221500;83.74;83.74;83.72;83.72;28
USDRUBF;15;20230621;223000;83.72;83.72;83.71;83.72;22
USDRUBF;15;20230621;224500;83.73;83.75;83.73;83.75;11
USDRUBF;15;20230621;230000;83.73;83.73;83.73;83.73;8
USDRUBF;15;20230621;231500;83.75;83.75;83.72;83.75;79
USDRUBF;15;20230621;233000;83.72;83.74;83.65;83.65;102
USDRUBF;15;20230621;234500;83.65;83.71;83.65;83.71;16
USDRUBF;15;20230622;090000;83.75;83.89;83.75;83.79;679
USDRUBF;15;20230622;091500;83.8;83.8;83.62;83.65;1576
USDRUBF;15;20230622;093000;83.67;83.73;83.64;83.69;674
USDRUBF;15;20230622;094500;83.69;83.75;83.64;83.69;588
USDRUBF;15;20230622;100000;83.7;83.75;83.58;83.58;2013
USDRUBF;15;20230622;101500;83.58;83.63;83.42;83.44;5983
USDRUBF;15;20230622;103000;83.44;83.5;83.34;83.34;3713
USDRUBF;15;20230622;104500;83.33;83.42;83.32;83.39;1687
USDRUBF;15;20230622;110000;83.38;83.42;83.32;83.4;1848
USDRUBF;15;20230622;111500;83.4;83.45;83.38;83.45;861
USDRUBF;15;20230622;113000;83.43;83.45;83.42;83.45;778
USDRUBF;15;20230622;114500;83.45;83.45;83.43;83.44;1446
USDRUBF;15;20230622;120000;83.43;83.49;83.39;83.47;3603
USDRUBF;15;20230622;121500;83.47;83.47;83.43;83.44;1495
USDRUBF;15;20230622;123000;83.44;83.52;83.39;83.52;2624
USDRUBF;15;20230622;124500;83.52;83.63;83.45;83.6;5633
USDRUBF;15;20230622;130000;83.63;83.65;83.53;83.56;3011
USDRUBF;15;20230622;131500;83.58;83.59;83.46;83.46;998
USDRUBF;15;20230622;133000;83.46;83.59;83.44;83.57;794
USDRUBF;15;20230622;134500;83.58;83.68;83.58;83.67;1655
USDRUBF;15;20230622;140000;83.65;83.65;83.47;83.49;1037
USDRUBF;15;20230622;141500;83.51;83.58;83.5;83.55;682
USDRUBF;15;20230622;143000;83.57;83.73;83.55;83.67;1866
USDRUBF;15;20230622;144500;83.66;83.72;83.62;83.72;776
USDRUBF;15;20230622;150000;83.7;83.7;83.61;83.63;633
USDRUBF;15;20230622;151500;83.62;83.77;83.6;83.74;968
USDRUBF;15;20230622;153000;83.74;83.76;83.67;83.73;378
USDRUBF;15;20230622;154500;83.75;83.81;83.7;83.81;721
USDRUBF;15;20230622;160000;83.8;83.93;83.8;83.85;2200
USDRUBF;15;20230622;161500;83.89;83.89;83.7;83.8;620
USDRUBF;15;20230622;163000;83.8;83.85;83.69;83.73;317
USDRUBF;15;20230622;164500;83.75;83.86;83.72;83.84;622
USDRUBF;15;20230622;170000;83.86;83.91;83.84;83.87;589
USDRUBF;15;20230622;171500;83.89;83.94;83.83;83.94;383
USDRUBF;15;20230622;173000;83.94;84.04;83.93;83.95;1735
USDRUBF;15;20230622;174500;83.97;84.03;83.97;84;413
USDRUBF;15;20230622;180000;83.99;84.09;83.97;84;1101
USDRUBF;15;20230622;181500;83.99;84;83.91;83.93;617
USDRUBF;15;20230622;183000;83.95;83.99;83.89;83.97;1248
USDRUBF;15;20230622;184500;83.97;83.99;83.97;83.99;80
USDRUBF;15;20230622;190000;83.94;83.94;83.88;83.89;403
USDRUBF;15;20230622;191500;83.91;83.92;83.86;83.89;240
USDRUBF;15;20230622;193000;83.85;83.85;83.68;83.85;239
USDRUBF;15;20230622;194500;83.83;83.88;83.83;83.85;59
USDRUBF;15;20230622;200000;83.87;83.9;83.85;83.9;16
USDRUBF;15;20230622;201500;83.9;83.9;83.85;83.85;70
USDRUBF;15;20230622;203000;83.86;83.9;83.86;83.9;4
USDRUBF;15;20230622;204500;83.88;83.88;83.88;83.88;2
USDRUBF;15;20230622;210000;83.88;83.89;83.88;83.88;3
USDRUBF;15;20230622;211500;83.89;83.9;83.89;83.9;82
USDRUBF;15;20230622;213000;83.88;83.89;83.85;83.87;17
USDRUBF;15;20230622;214500;83.86;83.88;83.85;83.88;13
USDRUBF;15;20230622;220000;83.85;83.89;83.82;83.89;106
USDRUBF;15;20230622;221500;83.9;83.9;83.9;83.9;1
USDRUBF;15;20230622;223000;83.88;83.93;83.88;83.9;122
USDRUBF;15;20230622;224500;83.9;83.94;83.9;83.9;9
USDRUBF;15;20230622;230000;83.91;83.96;83.88;83.96;91
USDRUBF;15;20230622;231500;83.96;84;83.93;83.95;159
USDRUBF;15;20230622;233000;83.98;83.98;83.88;83.97;79
USDRUBF;15;20230622;234500;83.96;83.96;83.96;83.96;2
USDRUBF;15;20230623;090000;83.93;83.97;83.75;83.97;611
USDRUBF;15;20230623;091500;83.98;84;83.88;83.9;344
USDRUBF;15;20230623;093000;83.9;83.98;83.9;83.98;225
USDRUBF;15;20230623;094500;83.98;84.02;83.95;83.95;355
USDRUBF;15;20230623;100000;83.96;83.97;83.73;83.78;1359
USDRUBF;15;20230623;101500;83.79;83.82;83.63;83.67;1994
USDRUBF;15;20230623;103000;83.65;83.75;83.51;83.67;2056
USDRUBF;15;20230623;104500;83.68;83.77;83.64;83.77;853
USDRUBF;15;20230623;110000;83.77;83.78;83.72;83.74;1178
USDRUBF;15;20230623;111500;83.75;83.75;83.66;83.69;770
USDRUBF;15;20230623;113000;83.7;83.8;83.68;83.79;1283
USDRUBF;15;20230623;114500;83.79;83.88;83.78;83.86;860
USDRUBF;15;20230623;120000;83.84;84.03;83.83;83.99;1194
USDRUBF;15;20230623;121500;84.01;84.09;83.91;83.98;1835
USDRUBF;15;20230623;123000;84;84.05;83.91;83.95;989
USDRUBF;15;20230623;124500;83.96;84.02;83.9;83.99;1065
USDRUBF;15;20230623;130000;83.99;84.33;83.97;84.3;2344
USDRUBF;15;20230623;131500;84.31;84.5;84.3;84.38;8512
USDRUBF;15;20230623;133000;84.39;84.47;84.38;84.42;843
USDRUBF;15;20230623;134500;84.44;84.64;84.44;84.55;2112
USDRUBF;15;20230623;140000;84.53;84.58;84.43;84.43;612
USDRUBF;15;20230623;141500;84.45;84.59;84.44;84.55;815
USDRUBF;15;20230623;143000;84.53;84.78;84.41;84.68;1959
USDRUBF;15;20230623;144500;84.67;84.67;84.59;84.6;840
USDRUBF;15;20230623;150000;84.59;84.67;84.54;84.55;704
USDRUBF;15;20230623;151500;84.53;84.53;84.3;84.3;1209
USDRUBF;15;20230623;153000;84.31;84.4;84.27;84.37;733
USDRUBF;15;20230623;154500;84.37;84.37;84.23;84.35;528
USDRUBF;15;20230623;160000;84.35;84.53;84.27;84.27;878
USDRUBF;15;20230623;161500;84.27;84.41;84.25;84.38;429
USDRUBF;15;20230623;163000;84.39;84.54;84.37;84.51;530
USDRUBF;15;20230623;164500;84.49;84.56;84.44;84.54;321
USDRUBF;15;20230623;170000;84.54;84.7;84.5;84.63;911
USDRUBF;15;20230623;171500;84.65;84.7;84.61;84.65;906
USDRUBF;15;20230623;173000;84.67;84.68;84.62;84.64;436
USDRUBF;15;20230623;174500;84.63;84.76;84.61;84.72;764
USDRUBF;15;20230623;180000;84.72;84.75;84.6;84.6;869
USDRUBF;15;20230623;181500;84.6;84.6;84.45;84.56;869
USDRUBF;15;20230623;183000;84.53;84.62;84.5;84.59;429
USDRUBF;15;20230623;184500;84.6;84.6;84.58;84.59;17
USDRUBF;15;20230623;190000;84.59;84.6;84.55;84.56;25
USDRUBF;15;20230623;191500;84.56;84.57;84.54;84.56;139
USDRUBF;15;20230623;193000;84.58;84.58;84.54;84.54;9
USDRUBF;15;20230623;194500;84.53;84.56;84.5;84.55;36
USDRUBF;15;20230623;200000;84.55;84.59;84.5;84.59;98
USDRUBF;15;20230623;201500;84.59;84.73;84.57;84.57;180
USDRUBF;15;20230623;203000;84.58;84.58;84.55;84.55;59
USDRUBF;15;20230623;204500;84.55;84.62;84.55;84.62;32
USDRUBF;15;20230623;210000;84.58;84.62;84.58;84.58;108
USDRUBF;15;20230623;211500;84.58;84.6;84.58;84.58;12
USDRUBF;15;20230623;213000;84.58;84.72;84.56;84.72;273
USDRUBF;15;20230623;214500;84.72;84.84;84.72;84.81;425
USDRUBF;15;20230623;220000;84.8;84.85;84.76;84.84;968
USDRUBF;15;20230623;221500;84.84;84.98;84.81;84.87;586
USDRUBF;15;20230623;223000;84.91;85.1;84.88;85.1;855
USDRUBF;15;20230623;224500;85.11;85.48;85.02;85.43;1247
USDRUBF;15;20230623;230000;85.47;85.5;85.08;85.23;1490
USDRUBF;15;20230623;231500;85.23;85.45;85.22;85.41;442
USDRUBF;15;20230623;233000;85.41;85.43;85.16;85.38;545
USDRUBF;15;20230623;234500;85.33;85.42;85.2;85.37;269
USDRUBF;15;20230626;090000;85.42;85.82;84.85;84.96;19522
USDRUBF;15;20230626;091500;84.95;85;84.73;84.99;12572
USDRUBF;15;20230626;093000;84.98;85.08;84.89;84.96;6164
USDRUBF;15;20230626;094500;84.96;85.11;84.92;84.95;3590
USDRUBF;15;20230626;100000;84.95;85.01;84.72;85;3490
USDRUBF;15;20230626;101500;84.99;85;84.91;84.92;5646
USDRUBF;15;20230626;103000;84.9;84.92;84.64;84.66;6505
USDRUBF;15;20230626;104500;84.65;84.72;84.49;84.62;2680
USDRUBF;15;20230626;110000;84.63;84.81;84.63;84.81;2198
USDRUBF;15;20230626;111500;84.8;84.84;84.7;84.7;1148
USDRUBF;15;20230626;113000;84.71;84.75;84.62;84.74;1399
USDRUBF;15;20230626;114500;84.75;84.77;84.7;84.7;207
USDRUBF;15;20230626;120000;84.68;84.69;84.48;84.49;1468
USDRUBF;15;20230626;121500;84.49;84.49;84.33;84.43;1251
USDRUBF;15;20230626;123000;84.44;84.5;84.41;84.45;481
USDRUBF;15;20230626;124500;84.45;84.49;84.43;84.48;375
USDRUBF;15;20230626;130000;84.47;84.51;84.43;84.43;341
USDRUBF;15;20230626;131500;84.43;84.45;84.4;84.42;296
USDRUBF;15;20230626;133000;84.42;84.42;84.28;84.28;538
USDRUBF;15;20230626;134500;84.28;84.29;84.17;84.23;1700
USDRUBF;15;20230626;140000;84.24;84.34;84.17;84.34;763
USDRUBF;15;20230626;141500;84.33;84.39;84.26;84.38;1190
USDRUBF;15;20230626;143000;84.4;84.47;84.24;84.26;1767
USDRUBF;15;20230626;144500;84.27;84.44;84.27;84.35;2517
USDRUBF;15;20230626;150000;84.38;84.48;84.34;84.47;1437
USDRUBF;15;20230626;151500;84.48;84.82;84.47;84.82;3714
USDRUBF;15;20230626;153000;84.82;84.94;84.75;84.9;1461
USDRUBF;15;20230626;154500;84.91;85.12;84.87;85.08;2753
USDRUBF;15;20230626;160000;85.1;85.22;85.05;85.18;2230
USDRUBF;15;20230626;161500;85.17;85.26;85.11;85.14;1096
USDRUBF;15;20230626;163000;85.12;85.12;85.01;85.04;907
USDRUBF;15;20230626;164500;85.03;85.1;84.91;85.04;1353
USDRUBF;15;20230626;170000;85.05;85.15;85.02;85.06;891
USDRUBF;15;20230626;171500;85.08;85.14;85.06;85.12;497
USDRUBF;15;20230626;173000;85.12;85.25;85.11;85.23;1273
USDRUBF;15;20230626;174500;85.24;85.29;85.21;85.29;939
USDRUBF;15;20230626;180000;85.29;85.32;85.03;85.08;2181
USDRUBF;15;20230626;181500;85.07;85.1;84.93;84.95;1473
USDRUBF;15;20230626;183000;84.94;84.94;84.84;84.88;905
USDRUBF;15;20230626;184500;84.89;84.95;84.87;84.93;298
USDRUBF;15;20230626;190000;84.89;85.02;84.89;84.92;119
USDRUBF;15;20230626;191500;84.92;84.93;84.9;84.9;116
USDRUBF;15;20230626;193000;84.93;85.02;84.91;85.02;91
USDRUBF;15;20230626;194500;85.02;85.02;84.9;84.99;111
USDRUBF;15;20230626;200000;85;85;84.97;84.97;26
USDRUBF;15;20230626;201500;84.98;84.98;84.96;84.96;5
USDRUBF;15;20230626;203000;84.95;85.08;84.95;84.95;98
USDRUBF;15;20230626;204500;85;85;84.95;84.95;29
USDRUBF;15;20230626;210000;84.95;84.97;84.94;84.94;29
USDRUBF;15;20230626;211500;84.94;85.04;84.94;85.04;56
USDRUBF;15;20230626;213000;85.04;85.3;85.04;85.3;424
USDRUBF;15;20230626;214500;85.3;85.49;85.21;85.34;974
USDRUBF;15;20230626;220000;85.42;85.68;85.06;85.12;3173
USDRUBF;15;20230626;221500;85.15;85.15;84.84;84.97;1433
USDRUBF;15;20230626;223000;84.93;84.94;84.86;84.93;277
USDRUBF;15;20230626;224500;84.91;85;84.9;84.97;278
USDRUBF;15;20230626;230000;84.98;85.01;84.95;84.97;138
USDRUBF;15;20230626;231500;84.97;84.97;84.92;84.92;87
USDRUBF;15;20230626;233000;84.94;85.07;84.94;85.07;63
USDRUBF;15;20230626;234500;85.08;85.08;85.05;85.05;13
USDRUBF;15;20230627;090000;85;85;84.56;84.57;1407
USDRUBF;15;20230627;091500;84.57;84.69;84.53;84.69;679
USDRUBF;15;20230627;093000;84.69;84.75;84.57;84.73;294
USDRUBF;15;20230627;094500;84.73;84.8;84.67;84.74;232
USDRUBF;15;20230627;100000;84.72;84.77;84.65;84.73;840
USDRUBF;15;20230627;101500;84.74;84.81;84.69;84.7;1401
USDRUBF;15;20230627;103000;84.72;85.03;84.72;84.98;2117
USDRUBF;15;20230627;104500;84.96;85.08;84.96;85.06;579
USDRUBF;15;20230627;110000;85.08;85.12;85.05;85.1;719
USDRUBF;15;20230627;111500;85.1;85.13;84.97;85.03;1810
USDRUBF;15;20230627;113000;85.03;85.08;84.97;85.07;1851
USDRUBF;15;20230627;114500;85.08;85.11;84.96;84.96;1082
USDRUBF;15;20230627;120000;84.96;84.96;84.86;84.89;552
USDRUBF;15;20230627;121500;84.9;84.93;84.83;84.84;747
USDRUBF;15;20230627;123000;84.84;84.87;84.84;84.86;238
USDRUBF;15;20230627;124500;84.86;84.94;84.86;84.93;309
USDRUBF;15;20230627;130000;84.93;85.03;84.9;84.96;1129
USDRUBF;15;20230627;131500;84.98;85.07;84.97;85.05;798
USDRUBF;15;20230627;133000;85.06;85.12;85.03;85.05;702
USDRUBF;15;20230627;134500;85.1;85.1;84.98;84.98;361
USDRUBF;15;20230627;140000;84.99;85.08;84.99;85.08;106
USDRUBF;15;20230627;141500;85.08;85.13;85.05;85.1;525
USDRUBF;15;20230627;143000;85.12;85.17;85.09;85.1;382
USDRUBF;15;20230627;144500;85.1;85.11;84.97;85.02;1048
USDRUBF;15;20230627;150000;85.04;85.07;84.98;85.07;522
USDRUBF;15;20230627;151500;85.06;85.08;85.01;85.05;363
USDRUBF;15;20230627;153000;85.06;85.12;85.06;85.1;144
USDRUBF;15;20230627;154500;85.11;85.15;85.08;85.11;250
USDRUBF;15;20230627;160000;85.1;85.14;85.02;85.14;208
USDRUBF;15;20230627;161500;85.14;85.15;85.08;85.14;902
USDRUBF;15;20230627;163000;85.14;85.2;85.13;85.15;1232
USDRUBF;15;20230627;164500;85.16;85.17;85.01;85.03;1275
USDRUBF;15;20230627;170000;85.03;85.08;85.01;85.07;159
USDRUBF;15;20230627;171500;85.06;85.1;85.04;85.08;522
USDRUBF;15;20230627;173000;85.1;85.1;85.01;85.04;195
USDRUBF;15;20230627;174500;85.05;85.23;85.04;85.2;795
USDRUBF;15;20230627;180000;85.17;85.17;85.02;85.17;463
USDRUBF;15;20230627;181500;85.18;85.19;85;85.03;556
USDRUBF;15;20230627;183000;85.02;85.04;84.98;84.99;448
USDRUBF;15;20230627;184500;85.03;85.05;84.98;85.05;264
USDRUBF;15;20230627;190000;84.98;85.04;84.97;85.04;69
USDRUBF;15;20230627;191500;85.02;85.05;85.02;85.05;18
USDRUBF;15;20230627;193000;85.05;85.05;85.02;85.03;27
USDRUBF;15;20230627;194500;85.04;85.07;85.04;85.05;17
USDRUBF;15;20230627;200000;85.06;85.09;85.06;85.08;15
USDRUBF;15;20230627;201500;85.09;85.09;85.07;85.08;10
USDRUBF;15;20230627;203000;85.07;85.07;85.07;85.07;1
USDRUBF;15;20230627;204500;85.08;85.1;85.08;85.09;22
USDRUBF;15;20230627;210000;85.09;85.15;85.08;85.12;119
USDRUBF;15;20230627;211500;85.11;85.18;85.1;85.15;34
USDRUBF;15;20230627;213000;85.14;85.14;85.12;85.14;26
USDRUBF;15;20230627;214500;85.15;85.15;85.14;85.14;5
USDRUBF;15;20230627;220000;85.15;85.15;85.11;85.11;26
USDRUBF;15;20230627;221500;85.13;85.13;85.1;85.1;25
USDRUBF;15;20230627;223000;85.08;85.09;85.03;85.08;35
USDRUBF;15;20230627;224500;85.07;85.07;85.06;85.06;17
USDRUBF;15;20230627;230000;85.05;85.05;85.05;85.05;8
USDRUBF;15;20230627;231500;85.04;85.04;85.04;85.04;1
USDRUBF;15;20230627;233000;85.06;85.07;85.04;85.04;16
USDRUBF;15;20230627;234500;85.05;85.07;85.04;85.04;14
USDRUBF;15;20230628;090000;85.03;85.03;84.85;84.88;482
USDRUBF;15;20230628;091500;84.87;85.01;84.85;84.99;230
USDRUBF;15;20230628;093000;85.01;85.11;84.99;85.1;90
USDRUBF;15;20230628;094500;85.11;85.14;85.03;85.13;353
USDRUBF;15;20230628;100000;85.15;85.38;85.03;85.11;1294
USDRUBF;15;20230628;101500;85.12;85.35;85.05;85.32;732
USDRUBF;15;20230628;103000;85.32;85.47;85.28;85.44;2023
USDRUBF;15;20230628;104500;85.45;85.46;85.36;85.4;751
USDRUBF;15;20230628;110000;85.41;85.51;85.4;85.48;1508
USDRUBF;15;20230628;111500;85.5;85.68;85.5;85.67;3103
USDRUBF;15;20230628;113000;85.68;85.72;85.58;85.64;2720
USDRUBF;15;20230628;114500;85.64;85.68;85.56;85.65;1060
USDRUBF;15;20230628;120000;85.66;85.71;85.64;85.7;958
USDRUBF;15;20230628;121500;85.7;85.73;85.66;85.72;2303
USDRUBF;15;20230628;123000;85.7;85.72;85.51;85.55;1724
USDRUBF;15;20230628;124500;85.52;85.64;85.52;85.59;1650
USDRUBF;15;20230628;130000;85.59;85.61;85.55;85.57;1547
USDRUBF;15;20230628;131500;85.58;85.63;85.55;85.62;1842
USDRUBF;15;20230628;133000;85.62;85.66;85.57;85.65;1648
USDRUBF;15;20230628;134500;85.65;85.73;85.62;85.73;1220
USDRUBF;15;20230628;140000;85.74;85.84;85.74;85.83;1461
USDRUBF;15;20230628;141500;85.82;85.86;85.78;85.85;1119
USDRUBF;15;20230628;143000;85.84;85.94;85.8;85.87;883
USDRUBF;15;20230628;144500;85.87;85.99;85.84;85.92;550
USDRUBF;15;20230628;150000;85.92;85.93;85.84;85.87;807
USDRUBF;15;20230628;151500;85.86;85.98;85.77;85.83;685
USDRUBF;15;20230628;153000;85.83;86.01;85.81;85.98;660
USDRUBF;15;20230628;154500;85.97;86.02;85.87;86;1032
USDRUBF;15;20230628;160000;86.03;86.17;86;86.16;1286
USDRUBF;15;20230628;161500;86.16;86.18;86.09;86.11;891
USDRUBF;15;20230628;163000;86.12;86.24;86.11;86.13;1434
USDRUBF;15;20230628;164500;86.1;86.16;85.96;85.99;718
USDRUBF;15;20230628;170000;86;86.15;85.95;86.15;477
USDRUBF;15;20230628;171500;86.16;86.48;86.16;86.42;1971
USDRUBF;15;20230628;173000;86.42;86.5;86.34;86.36;1275
USDRUBF;15;20230628;174500;86.36;86.48;86.29;86.35;839
USDRUBF;15;20230628;180000;86.39;86.48;86.32;86.33;607
USDRUBF;15;20230628;181500;86.31;86.31;86.23;86.27;617
USDRUBF;15;20230628;183000;86.27;86.3;86.2;86.29;643
USDRUBF;15;20230628;184500;86.3;86.32;86.27;86.31;167
USDRUBF;15;20230628;190000;86.31;86.36;86.25;86.3;337
USDRUBF;15;20230628;191500;86.3;86.3;86.11;86.25;605
USDRUBF;15;20230628;193000;86.28;86.29;86.21;86.27;86
USDRUBF;15;20230628;194500;86.22;86.3;86.21;86.3;86
USDRUBF;15;20230628;200000;86.3;86.3;86.26;86.27;108
USDRUBF;15;20230628;201500;86.29;86.3;86.26;86.26;19
USDRUBF;15;20230628;203000;86.26;86.26;86.24;86.26;35
USDRUBF;15;20230628;204500;86.24;86.24;86.16;86.19;293
USDRUBF;15;20230628;210000;86.19;86.19;86.16;86.19;95
USDRUBF;15;20230628;211500;86.19;86.24;86.19;86.24;17
USDRUBF;15;20230628;213000;86.21;86.24;86.21;86.21;21
USDRUBF;15;20230628;214500;86.21;86.21;86.18;86.19;115
USDRUBF;15;20230628;220000;86.18;86.35;86.18;86.21;119
USDRUBF;15;20230628;221500;86.23;86.23;86.2;86.2;9
USDRUBF;15;20230628;223000;86.2;86.25;86.2;86.2;31
USDRUBF;15;20230628;224500;86.22;86.23;86.22;86.23;25
USDRUBF;15;20230628;230000;86.23;86.24;86.2;86.24;14
USDRUBF;15;20230628;231500;86.24;86.25;86.21;86.24;23
USDRUBF;15;20230628;233000;86.24;86.25;86.23;86.23;5
USDRUBF;15;20230628;234500;86.24;86.25;86.24;86.25;13
USDRUBF;15;20230629;090000;86.37;86.47;86.07;86.17;1919
USDRUBF;15;20230629;091500;86.15;86.34;86.15;86.28;452
USDRUBF;15;20230629;093000;86.27;86.32;86.2;86.22;368
USDRUBF;15;20230629;094500;86.21;86.46;86.17;86.4;601
USDRUBF;15;20230629;100000;86.35;86.79;86.3;86.78;2564
USDRUBF;15;20230629;101500;86.77;86.96;86.7;86.87;2224
USDRUBF;15;20230629;103000;86.87;87.05;86.87;87.02;2050
USDRUBF;15;20230629;104500;87.03;87.39;86.9;87.38;3098
USDRUBF;15;20230629;110000;87.38;87.43;87.16;87.17;2572
USDRUBF;15;20230629;111500;87.16;87.19;86.86;86.91;3652
USDRUBF;15;20230629;113000;86.9;87.14;86.9;87.07;1496
USDRUBF;15;20230629;114500;87.07;87.25;87.07;87.15;789
USDRUBF;15;20230629;120000;87.15;87.17;86.9;86.9;966
USDRUBF;15;20230629;121500;86.93;87.03;86.92;86.98;650
USDRUBF;15;20230629;123000;86.98;87.03;86.97;87.02;551
USDRUBF;15;20230629;124500;87.02;87.05;87.01;87.04;219
USDRUBF;15;20230629;130000;87.02;87.02;86.83;86.95;1661
USDRUBF;15;20230629;131500;86.95;87;86.92;86.97;455
USDRUBF;15;20230629;133000;86.97;87;86.95;86.97;110
USDRUBF;15;20230629;134500;86.97;87;86.93;86.96;278
USDRUBF;15;20230629;140000;86.98;87.02;86.95;86.98;568
USDRUBF;15;20230629;141500;87.01;87.18;87.01;87.16;1230
USDRUBF;15;20230629;143000;87.17;87.18;87.09;87.14;900
USDRUBF;15;20230629;144500;87.12;87.17;87.08;87.17;190
USDRUBF;15;20230629;150000;87.17;87.21;87.11;87.12;730
USDRUBF;15;20230629;151500;87.12;87.25;87.08;87.24;510
USDRUBF;15;20230629;153000;87.25;87.47;87.25;87.38;1613
USDRUBF;15;20230629;154500;87.38;87.42;87.33;87.39;269
USDRUBF;15;20230629;160000;87.4;87.5;87.33;87.47;761
USDRUBF;15;20230629;161500;87.48;87.51;87.39;87.45;594
USDRUBF;15;20230629;163000;87.45;87.5;87.36;87.49;539
USDRUBF;15;20230629;164500;87.48;87.54;87.4;87.43;1035
USDRUBF;15;20230629;170000;87.39;87.4;87.27;87.33;1005
USDRUBF;15;20230629;171500;87.34;87.34;87.14;87.15;1678
USDRUBF;15;20230629;173000;87.13;87.29;87.12;87.19;1402
USDRUBF;15;20230629;174500;87.18;87.34;87.18;87.3;130
USDRUBF;15;20230629;180000;87.3;87.36;87.28;87.28;201
USDRUBF;15;20230629;181500;87.29;87.48;87.29;87.48;659
USDRUBF;15;20230629;183000;87.48;87.53;87.41;87.45;474
USDRUBF;15;20230629;184500;87.42;87.51;87.42;87.48;168
USDRUBF;15;20230629;190000;87.4;87.52;87.4;87.5;70
USDRUBF;15;20230629;191500;87.49;87.68;87.45;87.64;509
USDRUBF;15;20230629;193000;87.64;87.68;87.57;87.59;195
USDRUBF;15;20230629;194500;87.59;87.68;87.53;87.65;306
USDRUBF;15;20230629;200000;87.65;87.8;87.59;87.59;222
USDRUBF;15;20230629;201500;87.57;87.7;87.57;87.64;261
USDRUBF;15;20230629;203000;87.62;87.78;87.6;87.61;151
USDRUBF;15;20230629;204500;87.6;87.65;87.58;87.65;60
USDRUBF;15;20230629;210000;87.64;87.65;87.61;87.63;30
USDRUBF;15;20230629;211500;87.65;87.67;87.62;87.62;33
USDRUBF;15;20230629;213000;87.62;87.72;87.62;87.71;54
USDRUBF;15;20230629;214500;87.67;87.73;87.65;87.68;67
USDRUBF;15;20230629;220000;87.67;87.73;87.66;87.73;130
USDRUBF;15;20230629;221500;87.72;87.72;87.67;87.67;105
USDRUBF;15;20230629;223000;87.7;87.7;87.63;87.67;120
USDRUBF;15;20230629;224500;87.66;87.69;87.62;87.64;83
USDRUBF;15;20230629;230000;87.69;87.69;87.65;87.67;23
USDRUBF;15;20230629;231500;87.65;87.65;87.56;87.57;149
USDRUBF;15;20230629;233000;87.61;87.62;87.57;87.62;81
USDRUBF;15;20230629;234500;87.63;87.65;87.63;87.65;3
USDRUBF;15;20230630;090000;87.57;87.89;87.53;87.87;1719
USDRUBF;15;20230630;091500;87.86;94.71;87.86;88.77;27101
USDRUBF;15;20230630;093000;88.77;88.85;87.95;88.01;6772
USDRUBF;15;20230630;094500;88.03;88.19;87.94;88.06;3211
USDRUBF;15;20230630;100000;88.05;88.27;88.02;88.21;2483
USDRUBF;15;20230630;101500;88.22;88.37;88.04;88.14;3456
USDRUBF;15;20230630;103000;88.13;88.34;88.12;88.26;1785
USDRUBF;15;20230630;104500;88.24;88.41;88.23;88.33;1399
USDRUBF;15;20230630;110000;88.32;88.37;88.17;88.19;2786
USDRUBF;15;20230630;111500;88.19;88.2;87.93;87.96;6479
USDRUBF;15;20230630;113000;87.96;88.19;87.75;87.86;22977
USDRUBF;15;20230630;114500;87.84;87.87;87.63;87.67;11325
USDRUBF;15;20230630;120000;87.66;87.8;87.62;87.8;5805
USDRUBF;15;20230630;121500;87.8;87.91;87.74;87.74;4475
USDRUBF;15;20230630;123000;87.75;88.06;87.7;88.05;4483
USDRUBF;15;20230630;124500;88.05;88.1;88.01;88.06;1680
USDRUBF;15;20230630;130000;88.06;88.28;88.06;88.24;2305
USDRUBF;15;20230630;131500;88.24;88.3;88.22;88.29;1104
USDRUBF;15;20230630;133000;88.29;88.66;88.29;88.64;5898
USDRUBF;15;20230630;134500;88.65;88.82;88.59;88.8;5789
USDRUBF;15;20230630;140000;88.8;89.2;88.73;89.17;3884
USDRUBF;15;20230630;141500;89.18;89.24;88.84;89.14;5287
USDRUBF;15;20230630;143000;89.13;89.13;88.95;89.07;2257
USDRUBF;15;20230630;144500;89.05;89.15;88.94;89.06;3150
USDRUBF;15;20230630;150000;89.06;89.16;88.9;89.01;2620
USDRUBF;15;20230630;151500;88.99;89.07;88.78;88.86;3126
USDRUBF;15;20230630;153000;88.88;89.39;88.87;89.39;2946
USDRUBF;15;20230630;154500;89.4;89.49;89.22;89.26;5196
USDRUBF;15;20230630;160000;89.27;89.28;88.98;89.15;1945
USDRUBF;15;20230630;161500;89.16;89.32;89.12;89.18;2745
USDRUBF;15;20230630;163000;89.17;89.21;88.94;89.21;2984
USDRUBF;15;20230630;164500;89.23;89.35;89.08;89.13;1493
USDRUBF;15;20230630;170000;89.13;89.24;89.07;89.19;3404
USDRUBF;15;20230630;171500;89.19;89.25;89.14;89.22;2903
USDRUBF;15;20230630;173000;89.22;89.36;89.09;89.17;2650
USDRUBF;15;20230630;174500;89.18;89.22;89.1;89.14;684
USDRUBF;15;20230630;180000;89.13;89.24;89.1;89.18;1174
USDRUBF;15;20230630;181500;89.16;89.45;89.15;89.36;2547
USDRUBF;15;20230630;183000;89.32;89.5;89.25;89.47;2349
USDRUBF;15;20230630;184500;89.47;89.59;89.47;89.5;1481
USDRUBF;15;20230630;190000;89.53;89.55;89.2;89.33;830
USDRUBF;15;20230630;191500;89.34;89.48;89.34;89.38;270
USDRUBF;15;20230630;193000;89.38;89.42;89.35;89.36;65
USDRUBF;15;20230630;194500;89.37;89.4;89.36;89.39;69
USDRUBF;15;20230630;200000;89.39;89.43;89.37;89.38;199
USDRUBF;15;20230630;201500;89.38;89.44;89.31;89.4;321
USDRUBF;15;20230630;203000;89.4;89.54;89.4;89.49;236
USDRUBF;15;20230630;204500;89.5;89.54;89.48;89.48;110
USDRUBF;15;20230630;210000;89.47;89.47;89.4;89.4;65
USDRUBF;15;20230630;211500;89.41;89.41;89.37;89.37;114
USDRUBF;15;20230630;213000;89.36;89.4;89.35;89.37;110
USDRUBF;15;20230630;214500;89.38;89.39;89.35;89.39;91
USDRUBF;15;20230630;220000;89.35;89.38;89.3;89.32;375
USDRUBF;15;20230630;221500;89.32;89.38;89.32;89.35;59
USDRUBF;15;20230630;223000;89.36;89.36;89.3;89.32;321
USDRUBF;15;20230630;224500;89.33;89.42;89.26;89.41;327
USDRUBF;15;20230630;230000;89.37;89.41;89.37;89.37;88
USDRUBF;15;20230630;231500;89.39;89.45;89.37;89.41;131
USDRUBF;15;20230630;233000;89.41;89.54;89.37;89.42;213
USDRUBF;15;20230630;234500;89.42;89.46;89.41;89.46;44
USDRUBF;15;20230703;090000;89.34;89.34;88.35;88.5;6582
USDRUBF;15;20230703;091500;88.52;88.8;88.46;88.8;1840
USDRUBF;15;20230703;093000;88.79;89.13;88.76;88.98;1639
USDRUBF;15;20230703;094500;88.97;89.01;88.87;88.88;455
USDRUBF;15;20230703;100000;88.9;89.4;88.58;89.28;4875
USDRUBF;15;20230703;101500;89.27;89.28;88.81;88.83;4844
USDRUBF;15;20230703;103000;88.83;89.03;88.8;88.92;3628
USDRUBF;15;20230703;104500;88.93;88.98;88.81;88.95;1056
USDRUBF;15;20230703;110000;88.95;88.96;88.81;88.81;749
USDRUBF;15;20230703;111500;88.81;88.89;88.68;88.84;2342
USDRUBF;15;20230703;113000;88.86;88.88;88.74;88.83;1188
USDRUBF;15;20230703;114500;88.82;88.97;88.76;88.93;2869
USDRUBF;15;20230703;120000;88.94;89.26;88.81;89.23;8701
USDRUBF;15;20230703;121500;89.22;89.26;88.96;89.17;2051
USDRUBF;15;20230703;123000;89.17;89.22;89.13;89.16;379
USDRUBF;15;20230703;124500;89.16;89.26;89.16;89.23;781
USDRUBF;15;20230703;130000;89.23;89.27;89.15;89.19;996
USDRUBF;15;20230703;131500;89.19;89.23;89.12;89.16;738
USDRUBF;15;20230703;133000;89.16;89.27;89.14;89.23;1959
USDRUBF;15;20230703;134500;89.23;89.27;89.2;89.26;775
USDRUBF;15;20230703;140000;89.26;89.29;89.15;89.22;1454
USDRUBF;15;20230703;141500;89.23;89.35;89.23;89.34;2309
USDRUBF;15;20230703;143000;89.34;89.54;89.23;89.33;8903
USDRUBF;15;20230703;144500;89.32;89.38;89.27;89.28;4142
USDRUBF;15;20230703;150000;89.27;89.3;89.23;89.25;4450
USDRUBF;15;20230703;151500;89.26;89.3;89.2;89.26;1727
USDRUBF;15;20230703;153000;89.25;89.31;89.01;89.07;3788
USDRUBF;15;20230703;154500;89.05;89.07;88.96;89.07;5064
USDRUBF;15;20230703;160000;89.07;89.09;88.78;88.81;4647
USDRUBF;15;20230703;161500;88.8;88.81;88.55;88.73;7243
USDRUBF;15;20230703;163000;88.72;88.72;88.57;88.66;4004
USDRUBF;15;20230703;164500;88.66;88.92;88.65;88.82;2993
USDRUBF;15;20230703;170000;88.82;88.87;88.68;88.72;2789
USDRUBF;15;20230703;171500;88.72;88.74;88.63;88.73;1770
USDRUBF;15;20230703;173000;88.73;88.76;88.61;88.67;1289
USDRUBF;15;20230703;174500;88.66;88.72;88.56;88.56;1242
USDRUBF;15;20230703;180000;88.57;88.71;88.51;88.66;2938
USDRUBF;15;20230703;181500;88.66;88.66;88.54;88.54;1704
USDRUBF;15;20230703;183000;88.54;88.57;88.42;88.49;3786
USDRUBF;15;20230703;184500;88.48;88.56;88.46;88.55;1269
USDRUBF;15;20230703;190000;88.48;88.52;88.37;88.44;1194
USDRUBF;15;20230703;191500;88.44;88.45;88.21;88.29;1568
USDRUBF;15;20230703;193000;88.29;88.3;88.15;88.27;749
USDRUBF;15;20230703;194500;88.26;88.27;88.18;88.24;376
USDRUBF;15;20230703;200000;88.24;88.27;88.17;88.17;536
USDRUBF;15;20230703;201500;88.21;88.21;88.16;88.19;244
USDRUBF;15;20230703;203000;88.19;88.26;88.19;88.2;119
USDRUBF;15;20230703;204500;88.22;88.27;88.21;88.23;90
USDRUBF;15;20230703;210000;88.21;88.21;88.08;88.08;777
USDRUBF;15;20230703;211500;88.11;88.16;88.02;88.13;577
USDRUBF;15;20230703;213000;88.13;88.19;88.05;88.19;431
USDRUBF;15;20230703;214500;88.16;88.19;88.1;88.17;87
USDRUBF;15;20230703;220000;88.17;88.2;88.11;88.16;143
USDRUBF;15;20230703;221500;88.2;88.2;88.1;88.11;127
USDRUBF;15;20230703;223000;88.11;88.19;88.1;88.1;101
USDRUBF;15;20230703;224500;88.13;88.19;88.1;88.18;226
USDRUBF;15;20230703;230000;88.17;88.18;88.1;88.17;642
USDRUBF;15;20230703;231500;88.17;88.17;88.09;88.1;150
USDRUBF;15;20230703;233000;88.14;88.17;88.12;88.16;89
USDRUBF;15;20230703;234500;88.16;88.25;88.16;88.23;53
USDRUBF;15;20230704;090000;88.26;88.46;88.26;88.29;2962
USDRUBF;15;20230704;091500;88.3;88.32;88.22;88.28;1164
USDRUBF;15;20230704;093000;88.28;88.35;88.25;88.35;855
USDRUBF;15;20230704;094500;88.32;88.46;88.31;88.44;1621
USDRUBF;15;20230704;100000;88.44;88.73;88.44;88.62;4676
USDRUBF;15;20230704;101500;88.62;88.74;88.55;88.69;2488
USDRUBF;15;20230704;103000;88.69;88.81;88.69;88.78;2084
USDRUBF;15;20230704;104500;88.79;89.02;88.79;88.95;3951
USDRUBF;15;20230704;110000;88.96;89.11;88.94;89.02;3912
USDRUBF;15;20230704;111500;89.02;89.33;88.99;89.31;6739
USDRUBF;15;20230704;113000;89.31;89.37;88.98;89.04;9313
USDRUBF;15;20230704;114500;89.03;89.17;88.87;89.17;10002
USDRUBF;15;20230704;120000;89.13;89.26;89.13;89.26;2815
USDRUBF;15;20230704;121500;89.25;89.31;89;89.3;5063
USDRUBF;15;20230704;123000;89.3;89.43;89.13;89.17;7833
USDRUBF;15;20230704;124500;89.21;89.44;89.21;89.3;2934
USDRUBF;15;20230704;130000;89.32;89.33;89.21;89.32;2287
USDRUBF;15;20230704;131500;89.32;89.38;89.29;89.3;1641
USDRUBF;15;20230704;133000;89.32;89.59;89.32;89.56;3101
USDRUBF;15;20230704;134500;89.57;89.59;89.45;89.5;2298
USDRUBF;15;20230704;140000;89.54;89.62;89.48;89.61;1164
USDRUBF;15;20230704;141500;89.61;89.68;89.56;89.67;1847
USDRUBF;15;20230704;143000;89.68;89.74;89.6;89.71;2095
USDRUBF;15;20230704;144500;89.66;89.69;89.52;89.65;3387
USDRUBF;15;20230704;150000;89.65;89.67;89.57;89.64;2564
USDRUBF;15;20230704;151500;89.63;89.81;89.6;89.76;2290
USDRUBF;15;20230704;153000;89.76;90.07;89.72;89.79;5061
USDRUBF;15;20230704;154500;89.79;89.79;89.3;89.47;4998
USDRUBF;15;20230704;160000;89.47;89.47;89.34;89.38;4342
USDRUBF;15;20230704;161500;89.36;89.7;89.19;89.19;16777
USDRUBF;15;20230704;163000;89.19;89.24;89.05;89.11;3695
USDRUBF;15;20230704;164500;89.11;89.19;89.09;89.14;2547
USDRUBF;15;20230704;170000;89.13;89.18;88.72;88.84;5140
USDRUBF;15;20230704;171500;88.84;88.88;88.61;88.67;4433
USDRUBF;15;20230704;173000;88.67;88.67;88.46;88.65;4836
USDRUBF;15;20230704;174500;88.65;88.88;88.64;88.71;4066
USDRUBF;15;20230704;180000;88.71;88.85;88.54;88.85;2521
USDRUBF;15;20230704;181500;88.85;89.11;88.78;89.11;4656
USDRUBF;15;20230704;183000;89.09;89.3;89.07;89.3;4044
USDRUBF;15;20230704;184500;89.3;89.52;89.3;89.42;2436
USDRUBF;15;20230704;190000;89.35;89.9;88.81;89;2565
USDRUBF;15;20230704;191500;89;89.04;88.91;89.01;511
USDRUBF;15;20230704;193000;89;89.1;89;89.09;1298
USDRUBF;15;20230704;194500;89.09;89.39;89.07;89.28;4484
USDRUBF;15;20230704;200000;89.28;89.42;89.15;89.18;1367
USDRUBF;15;20230704;201500;89.19;89.31;89.19;89.27;245
USDRUBF;15;20230704;203000;89.25;89.27;89.15;89.15;223
USDRUBF;15;20230704;204500;89.15;89.22;89.15;89.17;208
USDRUBF;15;20230704;210000;89.17;89.3;89.15;89.3;195
USDRUBF;15;20230704;211500;89.31;89.38;89.3;89.32;276
USDRUBF;15;20230704;213000;89.32;89.35;89.28;89.28;305
USDRUBF;15;20230704;214500;89.28;89.33;89.25;89.26;337
USDRUBF;15;20230704;220000;89.26;89.29;89.12;89.27;193
USDRUBF;15;20230704;221500;89.26;89.26;89.19;89.25;44
USDRUBF;15;20230704;223000;89.22;89.26;89.2;89.22;71
USDRUBF;15;20230704;224500;89.25;89.34;89.25;89.3;334
USDRUBF;15;20230704;230000;89.29;89.33;89.23;89.3;125
USDRUBF;15;20230704;231500;89.33;89.33;89.26;89.27;107
USDRUBF;15;20230704;233000;89.29;89.38;89.29;89.31;190
USDRUBF;15;20230704;234500;89.36;89.38;89.29;89.38;26
USDRUBF;15;20230705;090000;89.39;89.62;89.35;89.4;1439
USDRUBF;15;20230705;091500;89.4;89.61;89.37;89.56;882
USDRUBF;15;20230705;093000;89.55;89.59;89.3;89.31;937
USDRUBF;15;20230705;094500;89.32;89.52;89.31;89.52;953
USDRUBF;15;20230705;100000;89.52;89.72;89.48;89.63;4156
USDRUBF;15;20230705;101500;89.65;89.85;89.57;89.79;4016
USDRUBF;15;20230705;103000;89.75;89.89;89.75;89.81;1848
USDRUBF;15;20230705;104500;89.8;89.88;89.73;89.78;2285
USDRUBF;15;20230705;110000;89.79;89.88;89.77;89.8;1995
USDRUBF;15;20230705;111500;89.79;89.79;89.56;89.71;3397
USDRUBF;15;20230705;113000;89.7;89.78;89.58;89.72;1112
USDRUBF;15;20230705;114500;89.7;89.82;89.6;89.6;3987
USDRUBF;15;20230705;120000;89.64;89.84;89.57;89.83;6092
USDRUBF;15;20230705;121500;89.83;90.2;89.81;90.19;3968
USDRUBF;15;20230705;123000;90.2;90.52;90.18;90.33;6718
USDRUBF;15;20230705;124500;90.33;90.51;90.32;90.47;5463
USDRUBF;15;20230705;130000;90.49;90.65;90.33;90.51;6277
USDRUBF;15;20230705;131500;90.51;90.66;90.4;90.49;4260
USDRUBF;15;20230705;133000;90.48;90.52;90.36;90.39;3311
USDRUBF;15;20230705;134500;90.39;90.5;90.38;90.49;2543
USDRUBF;15;20230705;140000;90.5;90.7;90.5;90.66;2025
USDRUBF;15;20230705;141500;90.66;90.72;90.38;90.38;3293
USDRUBF;15;20230705;143000;90.38;90.55;90.38;90.52;3609
USDRUBF;15;20230705;144500;90.52;90.65;90.52;90.6;1527
USDRUBF;15;20230705;150000;90.6;90.7;90.6;90.66;2036
USDRUBF;15;20230705;151500;90.66;90.7;90.35;90.58;6367
USDRUBF;15;20230705;153000;90.56;90.77;90.56;90.73;3571
USDRUBF;15;20230705;154500;90.75;90.92;90.69;90.76;5879
USDRUBF;15;20230705;160000;90.77;90.8;90.51;90.6;2386
USDRUBF;15;20230705;161500;90.59;90.6;90.23;90.32;5686
USDRUBF;15;20230705;163000;90.31;90.41;90.3;90.37;2666
USDRUBF;15;20230705;164500;90.37;90.52;90.28;90.43;3352
USDRUBF;15;20230705;170000;90.43;90.54;90.34;90.48;1277
USDRUBF;15;20230705;171500;90.48;90.73;90.44;90.71;1748
USDRUBF;15;20230705;173000;90.75;90.77;90.6;90.68;1338
USDRUBF;15;20230705;174500;90.67;90.74;90.61;90.73;1476
USDRUBF;15;20230705;180000;90.73;90.75;90.59;90.65;2812
USDRUBF;15;20230705;181500;90.66;90.94;90.65;90.84;2541
USDRUBF;15;20230705;183000;90.84;90.98;90.74;90.95;3180
USDRUBF;15;20230705;184500;90.95;91;90.95;91;904
USDRUBF;15;20230705;190000;90.95;90.96;90.81;90.87;1241
USDRUBF;15;20230705;191500;90.9;90.99;90.88;90.94;596
USDRUBF;15;20230705;193000;90.93;90.97;90.82;90.83;401
USDRUBF;15;20230705;194500;90.84;90.85;90.74;90.83;524
USDRUBF;15;20230705;200000;90.77;90.97;90.77;90.91;680
USDRUBF;15;20230705;201500;90.91;90.95;90.87;90.89;166
USDRUBF;15;20230705;203000;90.88;90.91;90.78;90.85;327
USDRUBF;15;20230705;204500;90.84;90.88;90.78;90.87;335
USDRUBF;15;20230705;210000;90.86;90.93;90.84;90.91;388
USDRUBF;15;20230705;211500;90.91;90.98;90.89;90.91;489
USDRUBF;15;20230705;213000;90.92;90.92;90.87;90.87;154
USDRUBF;15;20230705;214500;90.87;91;90.86;90.92;450
USDRUBF;15;20230705;220000;90.93;90.94;90.89;90.92;290
USDRUBF;15;20230705;221500;90.91;90.92;90.85;90.9;71
USDRUBF;15;20230705;223000;90.89;90.96;90.86;90.92;245
USDRUBF;15;20230705;224500;90.9;91;90.9;90.96;320
USDRUBF;15;20230705;230000;90.99;91.02;90.89;90.92;292
USDRUBF;15;20230705;231500;90.91;90.99;90.9;90.9;135
USDRUBF;15;20230705;233000;90.9;90.98;90.88;90.98;130
USDRUBF;15;20230705;234500;90.9;90.95;90.89;90.93;123
USDRUBF;15;20230706;090000;90.99;92.16;90.99;91.83;6564
USDRUBF;15;20230706;091500;91.84;91.9;91.69;91.84;3116
USDRUBF;15;20230706;093000;91.86;92.08;91.8;91.86;1997
USDRUBF;15;20230706;094500;91.89;92.12;91.89;92.11;2651
USDRUBF;15;20230706;100000;92.12;92.57;92.03;92.43;6229
USDRUBF;15;20230706;101500;92.45;93.12;92.42;93.02;7856
USDRUBF;15;20230706;103000;93;93.67;92.99;93.31;19617
USDRUBF;15;20230706;104500;93.31;93.62;92.72;93.3;17961
USDRUBF;15;20230706;110000;93.23;93.49;93;93.07;8342
USDRUBF;15;20230706;111500;93.07;93.29;92.97;93.21;4702
USDRUBF;15;20230706;113000;93.21;93.34;92.97;93.09;5816
USDRUBF;15;20230706;114500;93.08;93.09;92.65;92.66;7309
USDRUBF;15;20230706;120000;92.68;92.84;92.25;92.71;6860
USDRUBF;15;20230706;121500;92.7;92.7;92.42;92.48;2230
USDRUBF;15;20230706;123000;92.49;92.49;92.08;92.26;3055
USDRUBF;15;20230706;124500;92.24;92.24;91.9;91.91;3544
USDRUBF;15;20230706;130000;91.91;91.91;91.71;91.81;4362
USDRUBF;15;20230706;131500;91.81;91.84;91.44;91.51;5329
USDRUBF;15;20230706;133000;91.5;91.89;91.5;91.66;4036
USDRUBF;15;20230706;134500;91.65;91.74;91.41;91.54;4905
USDRUBF;15;20230706;140000;91.52;91.52;91.2;91.25;3417
USDRUBF;15;20230706;141500;91.28;91.53;91.2;91.49;6054
USDRUBF;15;20230706;143000;91.5;91.77;91.37;91.38;4356
USDRUBF;15;20230706;144500;91.4;91.58;91.32;91.52;3665
USDRUBF;15;20230706;150000;91.52;91.9;91.47;91.71;3944
USDRUBF;15;20230706;151500;91.74;92.45;91.74;92.33;7150
USDRUBF;15;20230706;153000;92.33;92.43;91.81;91.91;4366
USDRUBF;15;20230706;154500;91.93;91.94;91.5;91.62;4928
USDRUBF;15;20230706;160000;91.64;91.64;91.23;91.42;6402
USDRUBF;15;20230706;161500;91.44;91.79;91.4;91.66;3207
USDRUBF;15;20230706;163000;91.64;91.67;91.34;91.34;2077
USDRUBF;15;20230706;164500;91.32;91.59;91.32;91.41;2194
USDRUBF;15;20230706;170000;91.44;91.51;91.1;91.34;2923
USDRUBF;15;20230706;171500;91.3;91.49;91.14;91.41;1757
USDRUBF;15;20230706;173000;91.41;91.41;91.1;91.24;1464
USDRUBF;15;20230706;174500;91.24;91.26;90.86;90.93;2768
USDRUBF;15;20230706;180000;90.92;90.96;90.7;90.78;3232
USDRUBF;15;20230706;181500;90.8;91;90.65;90.97;2136
USDRUBF;15;20230706;183000;90.97;91.35;90.97;91.33;3357
USDRUBF;15;20230706;184500;91.33;91.49;91.31;91.48;1195
USDRUBF;15;20230706;190000;91.42;91.88;91.35;91.46;2413
USDRUBF;15;20230706;191500;91.48;91.6;91.44;91.53;833
USDRUBF;15;20230706;193000;91.58;91.59;91.45;91.53;451
USDRUBF;15;20230706;194500;91.55;91.74;91.52;91.57;460
USDRUBF;15;20230706;200000;91.57;91.68;91.51;91.54;339
USDRUBF;15;20230706;201500;91.59;91.64;91.57;91.6;43
USDRUBF;15;20230706;203000;91.59;91.59;91.53;91.59;126
USDRUBF;15;20230706;204500;91.57;91.57;91.49;91.53;189
USDRUBF;15;20230706;210000;91.5;91.58;91.5;91.58;145
USDRUBF;15;20230706;211500;91.53;91.58;91.52;91.53;87
USDRUBF;15;20230706;213000;91.53;91.68;91.53;91.57;287
USDRUBF;15;20230706;214500;91.58;91.61;91.56;91.6;109
USDRUBF;15;20230706;220000;91.58;91.62;91.57;91.57;67
USDRUBF;15;20230706;221500;91.57;91.63;91.57;91.63;19
USDRUBF;15;20230706;223000;91.62;91.63;91.6;91.6;35
USDRUBF;15;20230706;224500;91.6;91.66;91.57;91.65;151
USDRUBF;15;20230706;230000;91.65;91.67;91.65;91.65;52
USDRUBF;15;20230706;231500;91.65;91.69;91.65;91.67;96
USDRUBF;15;20230706;233000;91.67;91.7;91.67;91.68;230
USDRUBF;15;20230706;234500;91.67;91.7;91.66;91.7;33
USDRUBF;15;20230707;090000;91.66;91.66;91.09;91.3;1962
USDRUBF;15;20230707;091500;91.3;91.65;91.24;91.56;2692
USDRUBF;15;20230707;093000;91.58;91.82;91.56;91.62;1895
USDRUBF;15;20230707;094500;91.61;91.75;91.31;91.35;1758
USDRUBF;15;20230707;100000;91.32;91.36;91.12;91.24;2483
USDRUBF;15;20230707;101500;91.24;91.87;91.22;91.81;5254
USDRUBF;15;20230707;103000;91.81;91.87;91.42;91.74;4432
USDRUBF;15;20230707;104500;91.75;91.77;91.62;91.69;941
USDRUBF;15;20230707;110000;91.69;91.72;91.48;91.6;890
USDRUBF;15;20230707;111500;91.61;91.72;91.57;91.69;1185
USDRUBF;15;20230707;113000;91.68;91.74;91.61;91.71;2559
USDRUBF;15;20230707;114500;91.7;91.83;91.65;91.79;1537
USDRUBF;15;20230707;120000;91.8;91.87;91.71;91.76;2789
USDRUBF;15;20230707;121500;91.76;91.76;91.68;91.71;951
USDRUBF;15;20230707;123000;91.71;91.79;91.46;91.47;2866
USDRUBF;15;20230707;124500;91.47;91.55;91.37;91.43;2763
USDRUBF;15;20230707;130000;91.41;91.59;91.4;91.46;2745
USDRUBF;15;20230707;131500;91.47;91.57;91.44;91.44;1357
USDRUBF;15;20230707;133000;91.44;91.49;91.38;91.44;2202
USDRUBF;15;20230707;134500;91.43;91.48;91.36;91.47;1055
USDRUBF;15;20230707;140000;91.46;91.46;91.43;91.46;377
USDRUBF;15;20230707;141500;91.46;91.63;91.45;91.59;1848
USDRUBF;15;20230707;143000;91.57;91.59;91.45;91.57;1127
USDRUBF;15;20230707;144500;91.57;91.6;91.43;91.45;480
USDRUBF;15;20230707;150000;91.44;91.55;91.41;91.51;639
USDRUBF;15;20230707;151500;91.51;91.74;91.49;91.7;1390
USDRUBF;15;20230707;153000;91.7;91.7;91.4;91.55;1349
USDRUBF;15;20230707;154500;91.54;91.6;91.46;91.59;786
USDRUBF;15;20230707;160000;91.59;91.6;91.48;91.56;416
USDRUBF;15;20230707;161500;91.54;91.55;91.37;91.37;1935
USDRUBF;15;20230707;163000;91.37;91.38;91.17;91.33;2058
USDRUBF;15;20230707;164500;91.33;91.44;91.31;91.43;1547
USDRUBF;15;20230707;170000;91.45;91.49;91.13;91.22;1874
USDRUBF;15;20230707;171500;91.24;91.24;91.04;91.11;945
USDRUBF;15;20230707;173000;91.13;91.13;90.94;91.02;2613
USDRUBF;15;20230707;174500;91.02;91.09;90.85;91.04;2299
USDRUBF;15;20230707;180000;91.05;91.37;91.04;91.25;2499
USDRUBF;15;20230707;181500;91.26;91.3;91.17;91.18;1373
USDRUBF;15;20230707;183000;91.18;91.42;91.17;91.4;1024
USDRUBF;15;20230707;184500;91.4;91.42;91.39;91.4;172
USDRUBF;15;20230707;190000;91.33;91.35;91.23;91.26;547
USDRUBF;15;20230707;191500;91.28;91.28;90.95;91.17;567
USDRUBF;15;20230707;193000;91.15;91.15;91.07;91.15;121
USDRUBF;15;20230707;194500;91.16;91.19;91.12;91.13;83
USDRUBF;15;20230707;200000;91.13;91.26;91.12;91.19;73
USDRUBF;15;20230707;201500;91.19;91.26;91.17;91.26;93
USDRUBF;15;20230707;203000;91.26;91.26;91.19;91.24;41
USDRUBF;15;20230707;204500;91.24;91.26;91.11;91.21;597
USDRUBF;15;20230707;210000;91.21;91.3;91.2;91.27;127
USDRUBF;15;20230707;211500;91.28;91.29;91.25;91.26;60
USDRUBF;15;20230707;213000;91.25;91.29;91.24;91.26;55
USDRUBF;15;20230707;214500;91.26;91.29;91.2;91.29;309
USDRUBF;15;20230707;220000;91.25;91.32;91.22;91.32;169
USDRUBF;15;20230707;221500;91.31;91.34;91.2;91.25;104
USDRUBF;15;20230707;223000;91.27;91.3;91.26;91.26;32
USDRUBF;15;20230707;224500;91.29;91.31;91.26;91.31;72
USDRUBF;15;20230707;230000;91.28;91.28;91.26;91.27;10
USDRUBF;15;20230707;231500;91.25;91.35;91.23;91.35;114
USDRUBF;15;20230707;233000;91.3;91.38;91.3;91.34;143
USDRUBF;15;20230707;234500;91.35;91.35;91.31;91.31;24
USDRUBF;15;20230710;090000;91.39;91.75;91.39;91.72;1549
USDRUBF;15;20230710;091500;91.7;91.8;91.66;91.78;1847
USDRUBF;15;20230710;093000;91.78;91.82;91.65;91.68;986
USDRUBF;15;20230710;094500;91.66;91.67;91.57;91.61;714
USDRUBF;15;20230710;100000;91.58;91.67;91.48;91.48;1432
USDRUBF;15;20230710;101500;91.5;91.56;91.32;91.53;3146
USDRUBF;15;20230710;103000;91.53;91.67;91.53;91.6;3196
USDRUBF;15;20230710;104500;91.6;91.64;91.49;91.57;4500
USDRUBF;15;20230710;110000;91.58;91.59;91.43;91.49;644
USDRUBF;15;20230710;111500;91.49;91.5;91.44;91.47;247
USDRUBF;15;20230710;113000;91.49;91.59;91.49;91.51;652
USDRUBF;15;20230710;114500;91.52;91.56;91.4;91.52;1037
USDRUBF;15;20230710;120000;91.52;91.62;91.52;91.57;1068
USDRUBF;15;20230710;121500;91.55;91.58;91.5;91.57;205
USDRUBF;15;20230710;123000;91.57;91.57;91.53;91.55;89
USDRUBF;15;20230710;124500;91.56;91.57;91.48;91.52;423
USDRUBF;15;20230710;130000;91.53;91.53;91.48;91.52;194
USDRUBF;15;20230710;131500;91.51;91.54;91.44;91.48;284
USDRUBF;15;20230710;133000;91.46;91.46;91.39;91.41;2226
USDRUBF;15;20230710;134500;91.41;91.41;91.25;91.33;2403
USDRUBF;15;20230710;140000;91.33;91.33;91.08;91.2;2075
USDRUBF;15;20230710;141500;91.18;91.19;91.04;91.15;3851
USDRUBF;15;20230710;143000;91.15;91.21;90.73;90.77;8439
USDRUBF;15;20230710;144500;90.78;91.03;90.71;91;4686
USDRUBF;15;20230710;150000;90.99;90.99;90.81;90.87;1712
USDRUBF;15;20230710;151500;90.86;91.13;90.85;91.09;2008
USDRUBF;15;20230710;153000;91.1;91.11;90.87;90.9;1869
USDRUBF;15;20230710;154500;90.9;90.9;90.46;90.51;2578
USDRUBF;15;20230710;160000;90.5;90.57;90.25;90.37;3932
USDRUBF;15;20230710;161500;90.35;90.69;90.24;90.68;3114
USDRUBF;15;20230710;163000;90.68;90.8;90.34;90.41;3160
USDRUBF;15;20230710;164500;90.43;90.55;90.34;90.38;1211
USDRUBF;15;20230710;170000;90.37;90.46;90.23;90.37;1374
USDRUBF;15;20230710;171500;90.39;90.68;90.38;90.66;951
USDRUBF;15;20230710;173000;90.66;90.87;90.6;90.63;1932
USDRUBF;15;20230710;174500;90.64;90.73;90.51;90.62;2184
USDRUBF;15;20230710;180000;90.62;90.74;90.44;90.71;3179
USDRUBF;15;20230710;181500;90.74;90.87;90.66;90.8;2430
USDRUBF;15;20230710;183000;90.81;90.84;90.71;90.77;1396
USDRUBF;15;20230710;184500;90.78;90.79;90.59;90.61;1138
USDRUBF;15;20230710;190000;90.43;90.48;90.11;90.26;1874
USDRUBF;15;20230710;191500;90.27;90.39;90.26;90.33;490
USDRUBF;15;20230710;193000;90.34;90.39;90.3;90.37;135
USDRUBF;15;20230710;194500;90.36;90.41;90.36;90.39;290
USDRUBF;15;20230710;200000;90.41;90.45;90.41;90.44;126
USDRUBF;15;20230710;201500;90.43;90.44;90.34;90.34;289
USDRUBF;15;20230710;203000;90.34;90.43;90.34;90.4;64
USDRUBF;15;20230710;204500;90.38;90.4;90.31;90.31;88
USDRUBF;15;20230710;210000;90.34;90.35;90.3;90.3;196
USDRUBF;15;20230710;211500;90.31;90.32;90.3;90.3;67
USDRUBF;15;20230710;213000;90.33;90.38;90.3;90.38;91
USDRUBF;15;20230710;214500;90.38;90.38;90.23;90.32;349
USDRUBF;15;20230710;220000;90.34;90.37;90.32;90.36;16
USDRUBF;15;20230710;221500;90.34;90.34;90.26;90.32;74
USDRUBF;15;20230710;223000;90.3;90.32;90.3;90.3;5
USDRUBF;15;20230710;224500;90.3;90.36;90.3;90.33;15
USDRUBF;15;20230710;230000;90.35;90.41;90.33;90.33;210
USDRUBF;15;20230710;231500;90.33;90.36;90.31;90.31;34
USDRUBF;15;20230710;233000;90.31;90.32;90.28;90.32;162
USDRUBF;15;20230710;234500;90.32;90.39;90.29;90.39;34
USDRUBF;15;20230711;090000;90.61;90.61;90.23;90.24;1301
USDRUBF;15;20230711;091500;90.24;90.26;89.92;90;1819
USDRUBF;15;20230711;093000;90;90.01;89.66;89.84;2587
USDRUBF;15;20230711;094500;89.88;90.09;89.8;89.8;2783
USDRUBF;15;20230711;100000;89.81;90.15;89.8;90.13;3191
USDRUBF;15;20230711;101500;90.12;90.49;90.12;90.47;3011
USDRUBF;15;20230711;103000;90.46;90.67;90.38;90.61;3423
USDRUBF;15;20230711;104500;90.63;90.94;90.61;90.71;8763
USDRUBF;15;20230711;110000;90.71;90.74;90.49;90.51;1522
USDRUBF;15;20230711;111500;90.51;90.6;90.48;90.54;1172
USDRUBF;15;20230711;113000;90.54;90.81;90.5;90.76;2830
USDRUBF;15;20230711;114500;90.75;91;90.73;90.88;4605
USDRUBF;15;20230711;120000;90.9;90.9;90.61;90.65;1664
USDRUBF;15;20230711;121500;90.65;90.65;90.28;90.36;1549
USDRUBF;15;20230711;123000;90.35;90.45;90.29;90.45;746
USDRUBF;15;20230711;124500;90.41;90.49;90.33;90.43;674
USDRUBF;15;20230711;130000;90.42;90.54;90.26;90.27;1043
USDRUBF;15;20230711;131500;90.27;90.28;90.11;90.16;1299
USDRUBF;15;20230711;133000;90.18;90.25;90.08;90.15;971
USDRUBF;15;20230711;134500;90.17;90.26;90.14;90.16;1051
USDRUBF;15;20230711;140000;90.16;90.23;90.14;90.23;427
USDRUBF;15;20230711;141500;90.21;90.34;90.11;90.23;1280
USDRUBF;15;20230711;143000;90.23;90.26;90.08;90.08;840
USDRUBF;15;20230711;144500;90.09;90.13;90.02;90.11;1261
USDRUBF;15;20230711;150000;90.11;90.11;89.97;90.03;719
USDRUBF;15;20230711;151500;90.02;90.03;89.83;89.96;920
USDRUBF;15;20230711;153000;89.95;90.13;89.91;90.1;1446
USDRUBF;15;20230711;154500;90.09;90.11;89.99;89.99;533
USDRUBF;15;20230711;160000;90.02;90.03;89.8;89.94;1678
USDRUBF;15;20230711;161500;89.94;89.97;89.75;89.86;1145
USDRUBF;15;20230711;163000;89.85;89.97;89.75;89.95;1706
USDRUBF;15;20230711;164500;89.95;90.05;89.92;90.02;813
USDRUBF;15;20230711;170000;90.02;90.09;89.98;90.01;885
USDRUBF;15;20230711;171500;90.02;90.09;90.01;90.06;484
USDRUBF;15;20230711;173000;90.06;90.12;90.04;90.11;378
USDRUBF;15;20230711;174500;90.13;90.35;90.11;90.31;1206
USDRUBF;15;20230711;180000;90.3;90.3;90.12;90.15;585
USDRUBF;15;20230711;181500;90.15;90.31;90.15;90.28;560
USDRUBF;15;20230711;183000;90.28;90.28;90.16;90.2;418
USDRUBF;15;20230711;184500;90.21;90.26;90.21;90.24;424
USDRUBF;15;20230711;190000;90.18;90.2;90.04;90.11;274
USDRUBF;15;20230711;191500;90.13;90.13;90.02;90.05;156
USDRUBF;15;20230711;193000;90.05;90.07;89.99;90.05;137
USDRUBF;15;20230711;194500;90.05;90.06;89.99;90;172
USDRUBF;15;20230711;200000;90;90;89.98;90;189
USDRUBF;15;20230711;201500;90;90.03;90;90;96
USDRUBF;15;20230711;203000;90;90.03;89.97;90.03;168
USDRUBF;15;20230711;204500;90.03;90.03;89.94;90;191
USDRUBF;15;20230711;210000;90.03;90.03;90;90;211
USDRUBF;15;20230711;211500;90;90.03;89.99;90.03;61
USDRUBF;15;20230711;213000;90.04;90.04;89.97;90;98
USDRUBF;15;20230711;214500;90;90.01;89.99;89.99;7
USDRUBF;15;20230711;220000;90.01;90.04;90;90.04;92
USDRUBF;15;20230711;221500;90.03;90.03;90.03;90.03;3
USDRUBF;15;20230711;223000;90.04;90.06;90.03;90.04;36
USDRUBF;15;20230711;224500;90.06;90.07;90.06;90.07;50
USDRUBF;15;20230711;230000;90.07;90.07;90.07;90.07;27
USDRUBF;15;20230711;231500;90.07;90.07;90.04;90.04;11
USDRUBF;15;20230711;233000;90.03;90.06;89.99;89.99;137
USDRUBF;15;20230711;234500;89.99;90;89.99;90;6
USDRUBF;15;20230712;090000;90.15;90.39;90.09;90.39;1667
USDRUBF;15;20230712;091500;90.39;90.4;90.22;90.24;476
USDRUBF;15;20230712;093000;90.23;90.33;90.22;90.33;531
USDRUBF;15;20230712;094500;90.32;90.43;90.29;90.38;571
USDRUBF;15;20230712;100000;90.38;90.55;90.34;90.35;1504
USDRUBF;15;20230712;101500;90.36;90.54;90.35;90.39;705
USDRUBF;15;20230712;103000;90.42;90.59;90.32;90.34;14609
USDRUBF;15;20230712;104500;90.37;90.48;90.33;90.48;890
USDRUBF;15;20230712;110000;90.49;90.5;90.39;90.42;1339
USDRUBF;15;20230712;111500;90.43;90.53;90.42;90.44;2240
USDRUBF;15;20230712;113000;90.45;90.5;90.39;90.5;881
USDRUBF;15;20230712;114500;90.48;90.52;90.46;90.48;324
USDRUBF;15;20230712;120000;90.5;90.6;90.48;90.55;922
USDRUBF;15;20230712;121500;90.54;90.62;90.45;90.45;2111
USDRUBF;15;20230712;123000;90.46;90.52;90.4;90.43;928
USDRUBF;15;20230712;124500;90.43;90.5;90.42;90.48;727
USDRUBF;15;20230712;130000;90.48;90.48;90.39;90.48;458
USDRUBF;15;20230712;131500;90.46;90.72;90.41;90.68;2780
USDRUBF;15;20230712;133000;90.68;90.77;90.49;90.51;3117
USDRUBF;15;20230712;134500;90.51;90.57;90.46;90.56;869
USDRUBF;15;20230712;140000;90.55;90.64;90.5;90.53;857
USDRUBF;15;20230712;141500;90.52;90.7;90.48;90.6;1292
USDRUBF;15;20230712;143000;90.59;90.78;90.59;90.73;6857
USDRUBF;15;20230712;144500;90.73;90.75;90.65;90.73;4513
USDRUBF;15;20230712;150000;90.75;90.87;90.72;90.76;3969
USDRUBF;15;20230712;151500;90.75;90.75;90.6;90.67;1117
USDRUBF;15;20230712;153000;90.65;90.65;90.5;90.61;2049
USDRUBF;15;20230712;154500;90.62;90.75;90.55;90.55;1914
USDRUBF;15;20230712;160000;90.55;90.57;90.44;90.54;2429
USDRUBF;15;20230712;161500;90.54;90.63;90.51;90.57;622
USDRUBF;15;20230712;163000;90.58;90.58;90.41;90.47;798
USDRUBF;15;20230712;164500;90.47;90.5;90.37;90.39;1118
USDRUBF;15;20230712;170000;90.42;90.53;90.42;90.5;942
USDRUBF;15;20230712;171500;90.48;90.65;90.46;90.62;1001
USDRUBF;15;20230712;173000;90.61;90.64;90.48;90.5;634
USDRUBF;15;20230712;174500;90.47;90.65;90.44;90.64;1048
USDRUBF;15;20230712;180000;90.64;90.77;90.63;90.7;1362
USDRUBF;15;20230712;181500;90.7;90.77;90.64;90.74;740
USDRUBF;15;20230712;183000;90.74;90.82;90.7;90.81;690
USDRUBF;15;20230712;184500;90.81;90.83;90.76;90.79;260
USDRUBF;15;20230712;190000;90.75;90.84;90.75;90.82;188
USDRUBF;15;20230712;191500;90.82;90.84;90.81;90.83;58
USDRUBF;15;20230712;193000;90.81;90.84;90.81;90.84;61
USDRUBF;15;20230712;194500;90.84;90.92;90.84;90.91;200
USDRUBF;15;20230712;200000;90.91;90.95;90.86;90.87;397
USDRUBF;15;20230712;201500;90.86;90.88;90.84;90.85;87
USDRUBF;15;20230712;203000;90.85;90.88;90.84;90.86;140
USDRUBF;15;20230712;204500;90.88;90.89;90.84;90.87;32
USDRUBF;15;20230712;210000;90.84;90.88;90.84;90.85;52
USDRUBF;15;20230712;211500;90.86;90.86;90.78;90.81;81
USDRUBF;15;20230712;213000;90.81;90.85;90.81;90.84;21
USDRUBF;15;20230712;214500;90.84;90.84;90.81;90.81;39
USDRUBF;15;20230712;220000;90.83;90.92;90.83;90.92;92
USDRUBF;15;20230712;221500;90.91;90.95;90.89;90.95;32
USDRUBF;15;20230712;223000;90.9;90.91;90.85;90.89;105
USDRUBF;15;20230712;224500;90.9;90.93;90.85;90.85;74
USDRUBF;15;20230712;230000;90.89;90.9;90.87;90.87;12
USDRUBF;15;20230712;231500;90.87;90.9;90.87;90.87;41
USDRUBF;15;20230712;233000;90.9;90.95;90.9;90.93;57
USDRUBF;15;20230712;234500;90.94;90.95;90.94;90.94;10
USDRUBF;15;20230713;090000;91.1;91.29;91.1;91.21;2906
USDRUBF;15;20230713;091500;91.23;91.23;91.08;91.1;692
USDRUBF;15;20230713;093000;91.1;91.1;90.95;90.97;639
USDRUBF;15;20230713;094500;90.98;90.99;90.74;90.86;1360
USDRUBF;15;20230713;100000;90.85;90.91;90.61;90.65;1363
USDRUBF;15;20230713;101500;90.65;90.69;90.54;90.59;1289
USDRUBF;15;20230713;103000;90.61;90.64;90.51;90.51;802
USDRUBF;15;20230713;104500;90.51;90.53;90.3;90.41;2258
USDRUBF;15;20230713;110000;90.42;90.47;90.36;90.44;1057
USDRUBF;15;20230713;111500;90.43;90.45;90.3;90.32;1368
USDRUBF;15;20230713;113000;90.32;90.32;90.15;90.15;2141
USDRUBF;15;20230713;114500;90.15;90.19;89.98;89.98;2812
USDRUBF;15;20230713;120000;89.98;90.03;89.89;90.01;2758
USDRUBF;15;20230713;121500;90.02;90.16;89.99;90.16;1930
USDRUBF;15;20230713;123000;90.14;90.15;90;90.03;1167
USDRUBF;15;20230713;124500;90.04;90.1;89.99;90.01;658
USDRUBF;15;20230713;130000;90.02;90.12;90.02;90.09;789
USDRUBF;15;20230713;131500;90.08;90.08;89.99;90.04;703
USDRUBF;15;20230713;133000;90.03;90.04;89.88;89.97;2580
USDRUBF;15;20230713;134500;89.97;90.04;89.8;89.94;2690
USDRUBF;15;20230713;140000;89.97;90;89.83;89.93;1086
USDRUBF;15;20230713;141500;89.91;89.92;89.77;89.92;1358
USDRUBF;15;20230713;143000;89.91;89.91;89.8;89.8;1200
USDRUBF;15;20230713;144500;89.81;90;89.77;89.96;957
USDRUBF;15;20230713;150000;89.97;89.99;89.77;89.79;1186
USDRUBF;15;20230713;151500;89.77;89.86;89.7;89.79;1378
USDRUBF;15;20230713;153000;89.79;90.1;89.74;89.94;3220
USDRUBF;15;20230713;154500;89.94;90.04;89.85;90.03;1062
USDRUBF;15;20230713;160000;90.02;90.02;89.81;89.89;806
USDRUBF;15;20230713;161500;89.89;89.93;89.81;89.86;668
USDRUBF;15;20230713;163000;89.87;89.88;89.76;89.83;680
USDRUBF;15;20230713;164500;89.82;89.86;89.65;89.73;1578
USDRUBF;15;20230713;170000;89.72;89.83;89.7;89.81;846
USDRUBF;15;20230713;171500;89.83;90.04;89.82;89.96;1509
USDRUBF;15;20230713;173000;89.95;90.02;89.88;89.99;790
USDRUBF;15;20230713;174500;90.01;90.01;89.87;89.94;552
USDRUBF;15;20230713;180000;89.94;89.98;89.89;89.97;277
USDRUBF;15;20230713;181500;89.97;90.06;89.97;90.05;581
USDRUBF;15;20230713;183000;90.06;90.12;90.05;90.1;1609
USDRUBF;15;20230713;184500;90.1;90.1;90.07;90.09;276
USDRUBF;15;20230713;190000;90.07;90.1;90.03;90.07;142
USDRUBF;15;20230713;191500;90.07;90.07;90.01;90.04;68
USDRUBF;15;20230713;193000;90.01;90.05;90.01;90.05;8
USDRUBF;15;20230713;194500;90.06;90.12;90.06;90.08;28
USDRUBF;15;20230713;200000;90.11;90.12;90.09;90.09;113
USDRUBF;15;20230713;201500;90.09;90.1;90.08;90.09;20
USDRUBF;15;20230713;203000;90.1;90.1;90.07;90.09;61
USDRUBF;15;20230713;204500;90.1;90.14;90.1;90.13;62
USDRUBF;15;20230713;210000;90.13;90.14;90.12;90.12;121
USDRUBF;15;20230713;211500;90.12;90.21;90.11;90.2;296
USDRUBF;15;20230713;213000;90.18;90.24;90.15;90.24;319
USDRUBF;15;20230713;214500;90.22;90.24;90.21;90.24;101
USDRUBF;15;20230713;220000;90.24;90.24;90.21;90.23;55
USDRUBF;15;20230713;221500;90.23;90.24;90.21;90.24;39
USDRUBF;15;20230713;223000;90.23;90.23;90.21;90.21;77
USDRUBF;15;20230713;224500;90.23;90.23;90.1;90.18;173
USDRUBF;15;20230713;230000;90.14;90.18;90.08;90.08;94
USDRUBF;15;20230713;231500;90.08;90.09;90.02;90.03;67
USDRUBF;15;20230713;233000;90.02;90.02;89.92;89.97;128
USDRUBF;15;20230713;234500;90;90;89.93;89.99;37
USDRUBF;15;20230714;090000;89.99;89.99;89.86;89.89;907
USDRUBF;15;20230714;091500;89.88;89.88;89.64;89.73;1450
USDRUBF;15;20230714;093000;89.73;89.89;89.7;89.89;1269
USDRUBF;15;20230714;094500;89.89;89.9;89.8;89.88;804
USDRUBF;15;20230714;100000;89.87;90.08;89.8;89.85;1891
USDRUBF;15;20230714;101500;89.84;89.87;89.68;89.87;2304
USDRUBF;15;20230714;103000;89.87;89.96;89.83;89.92;903
USDRUBF;15;20230714;104500;89.92;89.98;89.86;89.98;1241
USDRUBF;15;20230714;110000;89.99;90.16;89.97;89.98;2888
USDRUBF;15;20230714;111500;89.98;90.08;89.98;90.06;2313
USDRUBF;15;20230714;113000;90.06;90.08;90;90.04;2138
USDRUBF;15;20230714;114500;90.04;90.05;89.91;89.99;2865
USDRUBF;15;20230714;120000;89.99;90.1;89.99;90.08;2414
USDRUBF;15;20230714;121500;90.1;90.18;90.08;90.1;3510
USDRUBF;15;20230714;123000;90.1;90.17;90.08;90.17;1851
USDRUBF;15;20230714;124500;90.17;90.33;90.15;90.3;4241
USDRUBF;15;20230714;130000;90.3;90.32;90.12;90.15;2200
USDRUBF;15;20230714;131500;90.15;90.15;90.03;90.12;869
USDRUBF;15;20230714;133000;90.11;90.22;90.11;90.16;650
USDRUBF;15;20230714;134500;90.17;90.18;90.12;90.16;854
USDRUBF;15;20230714;140000;90.18;90.2;90.14;90.2;328
USDRUBF;15;20230714;141500;90.21;90.26;90.08;90.12;821
USDRUBF;15;20230714;143000;90.13;90.26;90.07;90.24;1479
USDRUBF;15;20230714;144500;90.21;90.23;90.08;90.09;570
USDRUBF;15;20230714;150000;90.1;90.13;90;90.08;850
USDRUBF;15;20230714;151500;90.07;90.14;90.05;90.09;429
USDRUBF;15;20230714;153000;90.12;90.2;90.12;90.2;571
USDRUBF;15;20230714;154500;90.19;90.2;90.15;90.16;309
USDRUBF;15;20230714;160000;90.17;90.2;90.13;90.18;309
USDRUBF;15;20230714;161500;90.18;90.32;90.17;90.29;738
USDRUBF;15;20230714;163000;90.28;90.32;90.06;90.1;809
USDRUBF;15;20230714;164500;90.09;90.13;90.01;90.09;1029
USDRUBF;15;20230714;170000;90.08;90.15;89.83;90.06;2891
USDRUBF;15;20230714;171500;90.06;90.22;90;90.19;836
USDRUBF;15;20230714;173000;90.19;90.23;90.13;90.14;455
USDRUBF;15;20230714;174500;90.14;90.17;90.07;90.14;168
USDRUBF;15;20230714;180000;90.11;90.19;90.08;90.16;331
USDRUBF;15;20230714;181500;90.17;90.17;89.97;90.08;1118
USDRUBF;15;20230714;183000;90.06;90.08;90.03;90.05;444
USDRUBF;15;20230714;184500;90.06;90.07;90.06;90.07;53
USDRUBF;15;20230714;190000;90.09;90.15;90.02;90.14;67
USDRUBF;15;20230714;191500;90.14;90.16;90.11;90.14;171
USDRUBF;15;20230714;193000;90.14;90.19;90.14;90.19;25
USDRUBF;15;20230714;194500;90.19;90.2;90.08;90.08;124
USDRUBF;15;20230714;200000;90.08;90.14;90.08;90.14;30
USDRUBF;15;20230714;201500;90.14;90.16;90.07;90.12;76
USDRUBF;15;20230714;203000;90.11;90.13;90.07;90.13;54
USDRUBF;15;20230714;204500;90.13;90.15;90.09;90.13;19
USDRUBF;15;20230714;210000;90.1;90.19;90.1;90.19;36
USDRUBF;15;20230714;211500;90.16;90.16;90.11;90.15;9
USDRUBF;15;20230714;213000;90.15;90.15;90.11;90.11;10
USDRUBF;15;20230714;214500;90.14;90.23;90.14;90.18;235
USDRUBF;15;20230714;220000;90.19;90.23;90.15;90.22;26
USDRUBF;15;20230714;221500;90.19;90.23;90.07;90.14;120
USDRUBF;15;20230714;223000;90.08;90.11;90.07;90.11;39
USDRUBF;15;20230714;224500;90.1;90.18;90.09;90.12;29
USDRUBF;15;20230714;230000;90.15;90.19;90.15;90.15;64
USDRUBF;15;20230714;231500;90.15;90.2;90.14;90.19;209
USDRUBF;15;20230714;233000;90.15;90.2;90.15;90.18;115
USDRUBF;15;20230714;234500;90.19;90.19;90.15;90.15;19
USDRUBF;15;20230717;090000;90.32;90.66;90.32;90.6;1798
USDRUBF;15;20230717;091500;90.62;90.87;90.62;90.68;1515
USDRUBF;15;20230717;093000;90.68;90.73;90.62;90.62;1911
USDRUBF;15;20230717;094500;90.63;90.72;90.56;90.67;668
USDRUBF;15;20230717;100000;90.67;90.71;90.31;90.43;2346
USDRUBF;15;20230717;101500;90.41;90.44;90.22;90.23;912
USDRUBF;15;20230717;103000;90.25;90.35;90.23;90.32;494
USDRUBF;15;20230717;104500;90.32;90.52;90.29;90.51;881
USDRUBF;15;20230717;110000;90.52;90.62;90.33;90.38;1530
USDRUBF;15;20230717;111500;90.4;90.43;90.36;90.36;972
USDRUBF;15;20230717;113000;90.37;90.44;90.35;90.41;811
USDRUBF;15;20230717;114500;90.43;90.45;90.31;90.39;576
USDRUBF;15;20230717;120000;90.38;90.41;90.19;90.27;1679
USDRUBF;15;20230717;121500;90.25;90.33;90.21;90.32;900
USDRUBF;15;20230717;123000;90.32;90.36;90.3;90.3;271
USDRUBF;15;20230717;124500;90.3;90.35;90.17;90.2;729
USDRUBF;15;20230717;130000;90.19;90.31;90.15;90.29;810
USDRUBF;15;20230717;131500;90.29;90.34;90.26;90.34;444
USDRUBF;15;20230717;133000;90.31;90.33;90.29;90.29;129
USDRUBF;15;20230717;134500;90.29;90.29;90.23;90.26;267
USDRUBF;15;20230717;140000;90.27;90.27;90.2;90.25;283
USDRUBF;15;20230717;141500;90.23;90.29;90.22;90.26;58
USDRUBF;15;20230717;143000;90.29;90.39;90.27;90.39;263
USDRUBF;15;20230717;144500;90.39;90.39;90.35;90.38;230
USDRUBF;15;20230717;150000;90.37;90.41;90.32;90.32;392
USDRUBF;15;20230717;151500;90.31;90.4;90.3;90.37;203
USDRUBF;15;20230717;153000;90.38;90.43;90.38;90.43;182
USDRUBF;15;20230717;154500;90.42;90.52;90.41;90.41;543
USDRUBF;15;20230717;160000;90.41;90.47;90.39;90.46;1023
USDRUBF;15;20230717;161500;90.49;90.57;90.48;90.55;500
USDRUBF;15;20230717;163000;90.55;90.62;90.55;90.59;668
USDRUBF;15;20230717;164500;90.59;90.65;90.58;90.65;269
USDRUBF;15;20230717;170000;90.64;90.78;90.62;90.65;2273
USDRUBF;15;20230717;171500;90.65;90.68;90.55;90.64;1757
USDRUBF;15;20230717;173000;90.62;90.72;90.6;90.64;416
USDRUBF;15;20230717;174500;90.66;90.72;90.59;90.72;361
USDRUBF;15;20230717;180000;90.72;90.85;90.67;90.76;1106
USDRUBF;15;20230717;181500;90.79;90.92;90.7;90.91;1354
USDRUBF;15;20230717;183000;90.91;91;90.91;90.98;1668
USDRUBF;15;20230717;184500;90.96;90.99;90.96;90.97;87
USDRUBF;15;20230717;190000;91;91.15;90.96;91.07;353
USDRUBF;15;20230717;191500;91.1;91.13;91.01;91.03;435
USDRUBF;15;20230717;193000;91.02;91.05;90.97;90.99;500
USDRUBF;15;20230717;194500;90.99;91.05;90.94;90.95;213
USDRUBF;15;20230717;200000;90.95;91;90.89;91;171
USDRUBF;15;20230717;201500;90.95;91.04;90.94;90.98;58
USDRUBF;15;20230717;203000;90.98;91.03;90.97;91;64
USDRUBF;15;20230717;204500;90.98;91.02;90.96;91.02;40
USDRUBF;15;20230717;210000;91.02;91.02;90.96;90.96;46
USDRUBF;15;20230717;211500;90.96;90.98;90.93;90.94;28
USDRUBF;15;20230717;213000;90.97;90.97;90.92;90.93;21
USDRUBF;15;20230717;214500;90.97;91.05;90.97;91.01;197
USDRUBF;15;20230717;220000;91.04;91.04;91;91;57
USDRUBF;15;20230717;221500;91;91.07;91;91.03;316
USDRUBF;15;20230717;223000;91.05;91.06;91.04;91.06;7
USDRUBF;15;20230717;224500;91.06;91.08;91.04;91.06;111
USDRUBF;15;20230717;230000;91.08;91.13;91.04;91.05;385
USDRUBF;15;20230717;231500;91.05;91.09;91.04;91.09;77
USDRUBF;15;20230717;233000;91.09;91.09;91.04;91.09;16
USDRUBF;15;20230717;234500;91.06;91.09;91.04;91.08;145
USDRUBF;15;20230718;090000;90.96;90.96;90.71;90.74;707
USDRUBF;15;20230718;091500;90.72;90.83;90.66;90.79;694
USDRUBF;15;20230718;093000;90.79;90.88;90.67;90.77;623
USDRUBF;15;20230718;094500;90.78;90.84;90.75;90.77;158
USDRUBF;15;20230718;100000;90.76;90.78;90.5;90.53;1164
USDRUBF;15;20230718;101500;90.53;90.73;90.52;90.69;762
USDRUBF;15;20230718;103000;90.71;90.74;90.63;90.67;609
USDRUBF;15;20230718;104500;90.65;90.7;90.6;90.65;563
USDRUBF;15;20230718;110000;90.69;90.72;90.56;90.57;868
USDRUBF;15;20230718;111500;90.55;90.61;90.46;90.48;989
USDRUBF;15;20230718;113000;90.49;90.52;90.42;90.49;773
USDRUBF;15;20230718;114500;90.52;90.58;90.49;90.54;369
USDRUBF;15;20230718;120000;90.55;90.65;90.55;90.65;888
USDRUBF;15;20230718;121500;90.65;90.66;90.52;90.52;1014
USDRUBF;15;20230718;123000;90.54;90.59;90.48;90.56;791
USDRUBF;15;20230718;124500;90.54;90.54;90.47;90.47;228
USDRUBF;15;20230718;130000;90.47;90.57;90.43;90.55;927
USDRUBF;15;20230718;131500;90.55;90.65;90.55;90.58;359
USDRUBF;15;20230718;133000;90.57;90.66;90.57;90.66;237
USDRUBF;15;20230718;134500;90.66;90.66;90.6;90.63;187
USDRUBF;15;20230718;140000;90.66;90.72;90.65;90.7;461
USDRUBF;15;20230718;141500;90.69;90.77;90.63;90.74;429
USDRUBF;15;20230718;143000;90.74;90.83;90.74;90.76;810
USDRUBF;15;20230718;144500;90.76;90.8;90.73;90.73;320
USDRUBF;15;20230718;150000;90.74;90.76;90.7;90.75;592
USDRUBF;15;20230718;151500;90.74;90.79;90.74;90.77;235
USDRUBF;15;20230718;153000;90.76;90.76;90.7;90.72;534
USDRUBF;15;20230718;154500;90.71;90.74;90.7;90.71;331
USDRUBF;15;20230718;160000;90.72;90.76;90.71;90.76;238
USDRUBF;15;20230718;161500;90.76;90.79;90.65;90.76;308
USDRUBF;15;20230718;163000;90.76;90.78;90.68;90.75;159
USDRUBF;15;20230718;164500;90.73;90.75;90.61;90.64;146
USDRUBF;15;20230718;170000;90.67;90.78;90.63;90.76;394
USDRUBF;15;20230718;171500;90.77;90.83;90.77;90.83;443
USDRUBF;15;20230718;173000;90.8;90.8;90.76;90.79;300
USDRUBF;15;20230718;174500;90.79;90.79;90.74;90.76;121
USDRUBF;15;20230718;180000;90.78;90.78;90.7;90.7;153
USDRUBF;15;20230718;181500;90.69;90.89;90.67;90.78;1989
USDRUBF;15;20230718;183000;90.81;90.84;90.8;90.8;515
USDRUBF;15;20230718;184500;90.8;90.8;90.71;90.73;249
USDRUBF;15;20230718;190000;90.78;90.79;90.72;90.73;55
USDRUBF;15;20230718;191500;90.75;90.76;90.71;90.71;31
USDRUBF;15;20230718;193000;90.7;90.7;90.65;90.66;40
USDRUBF;15;20230718;194500;90.72;90.76;90.67;90.67;142
USDRUBF;15;20230718;200000;90.67;90.75;90.67;90.7;31
USDRUBF;15;20230718;201500;90.7;90.73;90.67;90.72;44
USDRUBF;15;20230718;203000;90.72;90.73;90.72;90.73;7
USDRUBF;15;20230718;204500;90.7;90.7;90.68;90.68;6
USDRUBF;15;20230718;210000;90.71;90.73;90.68;90.72;24
USDRUBF;15;20230718;211500;90.73;90.74;90.73;90.74;12
USDRUBF;15;20230718;213000;90.72;90.73;90.68;90.73;20
USDRUBF;15;20230718;214500;90.73;90.74;90.73;90.74;27
USDRUBF;15;20230718;220000;90.74;90.75;90.71;90.71;11
USDRUBF;15;20230718;221500;90.73;90.73;90.73;90.73;2
USDRUBF;15;20230718;223000;90.73;90.76;90.73;90.75;69
USDRUBF;15;20230718;224500;90.76;90.76;90.74;90.74;6
USDRUBF;15;20230718;230000;90.74;90.74;90.68;90.68;59
USDRUBF;15;20230718;231500;90.69;90.69;90.65;90.65;121
USDRUBF;15;20230718;233000;90.65;90.68;90.61;90.68;148
USDRUBF;15;20230718;234500;90.68;90.69;90.66;90.69;29
USDRUBF;15;20230719;090000;90.84;90.87;90.73;90.8;1583
USDRUBF;15;20230719;091500;90.82;90.82;90.73;90.8;97
USDRUBF;15;20230719;093000;90.8;90.89;90.8;90.86;586
USDRUBF;15;20230719;094500;90.85;90.93;90.84;90.85;287
USDRUBF;15;20230719;100000;90.86;90.99;90.76;90.99;924
USDRUBF;15;20230719;101500;90.99;91.29;90.99;91.2;3342
USDRUBF;15;20230719;103000;91.2;91.33;91.19;91.25;851
USDRUBF;15;20230719;104500;91.28;91.39;91.25;91.3;1958
USDRUBF;15;20230719;110000;91.3;91.37;91.25;91.27;902
USDRUBF;15;20230719;111500;91.27;91.28;91.11;91.13;991
USDRUBF;15;20230719;113000;91.13;91.17;91.08;91.14;696
USDRUBF;15;20230719;114500;91.14;91.25;91.13;91.15;1133
USDRUBF;15;20230719;120000;91.17;91.18;91.06;91.16;562
USDRUBF;15;20230719;121500;91.15;91.18;91.1;91.11;273
USDRUBF;15;20230719;123000;91.1;91.21;91.09;91.19;651
USDRUBF;15;20230719;124500;91.19;91.19;91.08;91.12;527
USDRUBF;15;20230719;130000;91.13;91.15;91.06;91.07;357
USDRUBF;15;20230719;131500;91.06;91.07;91.03;91.05;614
USDRUBF;15;20230719;133000;91.05;91.07;91.02;91.07;568
USDRUBF;15;20230719;134500;91.04;91.07;90.96;90.98;403
USDRUBF;15;20230719;140000;90.98;91.02;90.93;91.01;1260
USDRUBF;15;20230719;141500;91;91.02;90.93;90.96;1466
USDRUBF;15;20230719;143000;90.95;91.05;90.93;91.02;442
USDRUBF;15;20230719;144500;91.02;91.03;90.97;91.01;234
USDRUBF;15;20230719;150000;91;91.07;90.96;91.07;423
USDRUBF;15;20230719;151500;91.08;91.11;91.03;91.09;185
USDRUBF;15;20230719;153000;91.09;91.14;91.04;91.12;286
USDRUBF;15;20230719;154500;91.12;91.16;91.08;91.15;120
USDRUBF;15;20230719;160000;91.17;91.18;91.11;91.13;275
USDRUBF;15;20230719;161500;91.13;91.22;91.08;91.13;408
USDRUBF;15;20230719;163000;91.13;91.24;91.09;91.22;4696
USDRUBF;15;20230719;164500;91.22;91.24;91.18;91.19;2809
USDRUBF;15;20230719;170000;91.19;91.21;91.17;91.2;372
USDRUBF;15;20230719;171500;91.19;91.21;91.17;91.19;303
USDRUBF;15;20230719;173000;91.2;91.25;91.19;91.25;349
USDRUBF;15;20230719;174500;91.25;91.3;91.24;91.24;389
USDRUBF;15;20230719;180000;91.26;91.27;91.25;91.27;169
USDRUBF;15;20230719;181500;91.26;91.28;91.25;91.26;217
USDRUBF;15;20230719;183000;91.25;91.28;91.24;91.25;323
USDRUBF;15;20230719;184500;91.25;91.26;91.23;91.26;131
USDRUBF;15;20230719;190000;91.2;91.31;91.18;91.26;206
USDRUBF;15;20230719;191500;91.27;91.27;91.22;91.22;136
USDRUBF;15;20230719;193000;91.23;91.24;91.22;91.22;79
USDRUBF;15;20230719;194500;91.22;91.22;91.16;91.21;129
USDRUBF;15;20230719;200000;91.21;91.25;91.14;91.22;96
USDRUBF;15;20230719;201500;91.25;91.25;91.21;91.24;36
USDRUBF;15;20230719;203000;91.22;91.23;91.21;91.21;17
USDRUBF;15;20230719;204500;91.23;91.25;91.23;91.25;27
USDRUBF;15;20230719;210000;91.25;91.26;91.23;91.23;57
USDRUBF;15;20230719;211500;91.24;91.26;91.23;91.25;52
USDRUBF;15;20230719;213000;91.24;91.25;91.23;91.23;26
USDRUBF;15;20230719;214500;91.25;91.28;91.23;91.24;204
USDRUBF;15;20230719;220000;91.25;91.25;91.24;91.24;4
USDRUBF;15;20230719;221500;91.26;91.28;91.26;91.28;24
USDRUBF;15;20230719;223000;91.28;91.29;91.28;91.28;90
USDRUBF;15;20230719;224500;91.28;91.29;91.25;91.29;38
USDRUBF;15;20230719;230000;91.29;91.33;91.28;91.32;235
USDRUBF;15;20230719;231500;91.32;91.32;91.31;91.31;30
USDRUBF;15;20230719;233000;91.32;91.33;91.31;91.31;28
USDRUBF;15;20230719;234500;91.31;91.33;91.31;91.32;20
USDRUBF;15;20230720;090000;91.17;91.17;91.06;91.1;2850
USDRUBF;15;20230720;091500;91.1;91.14;91.08;91.1;83
USDRUBF;15;20230720;093000;91.1;91.16;91.07;91.16;494
USDRUBF;15;20230720;094500;91.15;91.19;91.09;91.14;290
USDRUBF;15;20230720;100000;91.13;91.26;91.13;91.18;879
USDRUBF;15;20230720;101500;91.18;91.22;91.07;91.09;1229
USDRUBF;15;20230720;103000;91.09;91.09;90.97;91;2649
USDRUBF;15;20230720;104500;90.99;91.13;90.98;91.1;1111
USDRUBF;15;20230720;110000;91.08;91.21;91.01;91.19;1182
USDRUBF;15;20230720;111500;91.2;91.21;91.06;91.09;997
USDRUBF;15;20230720;113000;91.1;91.12;91.01;91.01;789
USDRUBF;15;20230720;114500;91.01;91.02;90.93;90.93;551
USDRUBF;15;20230720;120000;90.93;90.93;90.72;90.74;2247
USDRUBF;15;20230720;121500;90.72;90.73;90.56;90.65;2854
USDRUBF;15;20230720;123000;90.66;90.72;90.64;90.72;1285
USDRUBF;15;20230720;124500;90.72;90.78;90.66;90.71;1757
USDRUBF;15;20230720;130000;90.7;90.92;90.68;90.79;1245
USDRUBF;15;20230720;131500;90.8;90.82;90.69;90.71;1096
USDRUBF;15;20230720;133000;90.69;90.7;90.6;90.63;1074
USDRUBF;15;20230720;134500;90.6;90.65;90.56;90.59;1076
USDRUBF;15;20230720;140000;90.58;90.61;90.53;90.6;557
USDRUBF;15;20230720;141500;90.61;90.63;90.54;90.58;705
USDRUBF;15;20230720;143000;90.58;90.6;90.36;90.36;1935
USDRUBF;15;20230720;144500;90.36;90.39;90.18;90.33;2624
USDRUBF;15;20230720;150000;90.34;90.51;90.3;90.35;2167
USDRUBF;15;20230720;151500;90.35;90.42;90.35;90.36;683
USDRUBF;15;20230720;153000;90.36;90.44;90.3;90.43;873
USDRUBF;15;20230720;154500;90.43;90.5;90.42;90.47;732
USDRUBF;15;20230720;160000;90.45;90.54;90.44;90.5;1477
USDRUBF;15;20230720;161500;90.5;90.61;90.5;90.55;1463
USDRUBF;15;20230720;163000;90.55;90.64;90.51;90.56;2998
USDRUBF;15;20230720;164500;90.52;90.57;90.39;90.41;1400
USDRUBF;15;20230720;170000;90.41;90.48;90.3;90.48;1051
USDRUBF;15;20230720;171500;90.5;90.6;90.4;90.58;1072
USDRUBF;15;20230720;173000;90.58;90.6;90.32;90.37;925
USDRUBF;15;20230720;174500;90.37;90.41;90.3;90.37;870
USDRUBF;15;20230720;180000;90.37;90.43;90.24;90.24;762
USDRUBF;15;20230720;181500;90.23;90.26;90.14;90.17;2790
USDRUBF;15;20230720;183000;90.16;90.27;90.14;90.27;2327
USDRUBF;15;20230720;184500;90.27;90.36;90.26;90.3;272
USDRUBF;15;20230720;190000;90.22;90.29;90.2;90.28;516
USDRUBF;15;20230720;191500;90.28;90.32;90.23;90.3;768
USDRUBF;15;20230720;193000;90.27;90.3;90.2;90.21;226
USDRUBF;15;20230720;194500;90.21;90.21;90.19;90.19;91
USDRUBF;15;20230720;200000;90.2;90.22;90.19;90.22;202
USDRUBF;15;20230720;201500;90.21;90.25;90.21;90.23;82
USDRUBF;15;20230720;203000;90.23;90.25;90.16;90.18;81
USDRUBF;15;20230720;204500;90.19;90.27;90.18;90.23;155
USDRUBF;15;20230720;210000;90.26;90.27;90.22;90.24;24
USDRUBF;15;20230720;211500;90.22;90.25;90.22;90.24;25
USDRUBF;15;20230720;213000;90.24;90.24;90.22;90.24;19
USDRUBF;15;20230720;214500;90.24;90.26;90.21;90.24;130
USDRUBF;15;20230720;220000;90.23;90.25;90.22;90.22;25
USDRUBF;15;20230720;221500;90.25;90.28;90.21;90.21;29
USDRUBF;15;20230720;223000;90.25;90.25;90.21;90.25;15
USDRUBF;15;20230720;224500;90.24;90.26;90.23;90.24;18
USDRUBF;15;20230720;230000;90.23;90.26;90.23;90.24;21
USDRUBF;15;20230720;231500;90.24;90.27;90.24;90.27;72
USDRUBF;15;20230720;233000;90.27;90.28;90.24;90.25;126
USDRUBF;15;20230720;234500;90.27;90.33;90.24;90.3;103
USDRUBF;15;20230721;090000;90.34;90.36;90.14;90.14;638
USDRUBF;15;20230721;091500;90.15;90.18;90.13;90.18;377
USDRUBF;15;20230721;093000;90.14;90.23;90.14;90.22;101
USDRUBF;15;20230721;094500;90.23;90.29;90.23;90.29;254
USDRUBF;15;20230721;100000;90.28;90.51;90.22;90.5;1414
USDRUBF;15;20230721;101500;90.51;90.55;90.39;90.42;1788
USDRUBF;15;20230721;103000;90.42;90.5;90.41;90.47;1421
USDRUBF;15;20230721;104500;90.47;90.53;90.43;90.53;984
USDRUBF;15;20230721;110000;90.54;90.57;90.49;90.51;868
USDRUBF;15;20230721;111500;90.51;90.55;90.48;90.48;604
USDRUBF;15;20230721;113000;90.5;90.5;90.4;90.43;921
USDRUBF;15;20230721;114500;90.4;90.46;90.37;90.4;522
USDRUBF;15;20230721;120000;90.4;90.42;90.34;90.34;472
USDRUBF;15;20230721;121500;90.34;90.37;90.25;90.28;835
USDRUBF;15;20230721;123000;90.31;90.33;90.25;90.26;131
USDRUBF;15;20230721;124500;90.25;90.32;90.24;90.31;86
USDRUBF;15;20230721;130000;90.3;90.31;90.23;90.25;308
USDRUBF;15;20230721;131500;90.23;90.23;89.98;90;2297
USDRUBF;15;20230721;133000;90.01;90.11;89.87;90;4388
USDRUBF;15;20230721;134500;89.98;90.14;89.95;90.11;2915
USDRUBF;15;20230721;140000;90.04;90.14;89.95;90.1;1428
USDRUBF;15;20230721;141500;90.13;90.25;90;90.18;3801
USDRUBF;15;20230721;143000;90.19;90.24;90.1;90.16;1779
USDRUBF;15;20230721;144500;90.16;90.35;90.15;90.29;4401
USDRUBF;15;20230721;150000;90.27;90.37;90.24;90.33;1148
USDRUBF;15;20230721;151500;90.33;90.36;90.28;90.34;576
USDRUBF;15;20230721;153000;90.36;90.36;90.22;90.29;707
USDRUBF;15;20230721;154500;90.28;90.32;90.24;90.3;646
USDRUBF;15;20230721;160000;90.31;90.48;90.31;90.4;785
USDRUBF;15;20230721;161500;90.4;90.59;90.39;90.57;1649
USDRUBF;15;20230721;163000;90.56;90.59;90.45;90.49;427
USDRUBF;15;20230721;164500;90.45;90.53;90.43;90.52;597
USDRUBF;15;20230721;170000;90.51;90.58;90.48;90.58;313
USDRUBF;15;20230721;171500;90.57;90.77;90.57;90.76;2535
USDRUBF;15;20230721;173000;90.75;90.89;90.75;90.87;2583
USDRUBF;15;20230721;174500;90.85;90.9;90.81;90.89;876
USDRUBF;15;20230721;180000;90.9;90.96;90.85;90.94;1462
USDRUBF;15;20230721;181500;90.94;90.95;90.88;90.88;371
USDRUBF;15;20230721;183000;90.9;90.94;90.88;90.91;361
USDRUBF;15;20230721;184500;90.91;90.94;90.91;90.92;152
USDRUBF;15;20230721;190000;90.95;91.1;90.93;91.06;685
USDRUBF;15;20230721;191500;91.07;91.12;91.03;91.03;312
USDRUBF;15;20230721;193000;91.03;91.09;91.01;91.09;109
USDRUBF;15;20230721;194500;91.08;91.12;91.02;91.09;203
USDRUBF;15;20230721;200000;91.08;91.1;91.01;91.07;387
USDRUBF;15;20230721;201500;91.02;91.05;91.02;91.02;20
USDRUBF;15;20230721;203000;91.02;91.05;90.92;91.03;258
USDRUBF;15;20230721;204500;91.01;91.03;90.98;91.02;31
USDRUBF;15;20230721;210000;91.01;91.02;90.98;90.99;48
USDRUBF;15;20230721;211500;90.98;91.02;90.98;91;60
USDRUBF;15;20230721;213000;90.99;91.02;90.97;91.02;231
USDRUBF;15;20230721;214500;91.02;91.07;90.98;91.07;127
USDRUBF;15;20230721;220000;91.02;91.02;91;91;36
USDRUBF;15;20230721;221500;91;91.03;91;91;48
USDRUBF;15;20230721;223000;91;91.04;90.99;91.03;47
USDRUBF;15;20230721;224500;91.02;91.09;91;91.01;80
USDRUBF;15;20230721;230000;91.02;91.05;90.97;91.01;139
USDRUBF;15;20230721;231500;91.01;91.05;90.98;91.03;87
USDRUBF;15;20230721;233000;91.04;91.04;90.97;91.03;156
USDRUBF;15;20230721;234500;91;91.03;91;91.03;11
USDRUBF;15;20230724;090000;91;91.03;90.84;90.94;1445
USDRUBF;15;20230724;091500;90.94;90.96;90.89;90.96;292
USDRUBF;15;20230724;093000;90.96;91;90.93;90.94;209
USDRUBF;15;20230724;094500;90.96;90.96;90.89;90.92;303
USDRUBF;15;20230724;100000;90.92;90.96;90.69;90.7;1411
USDRUBF;15;20230724;101500;90.72;90.74;90.56;90.58;1296
USDRUBF;15;20230724;103000;90.58;90.75;90.58;90.63;981
USDRUBF;15;20230724;104500;90.63;90.69;90.5;90.53;927
USDRUBF;15;20230724;110000;90.53;90.53;90.47;90.5;681
USDRUBF;15;20230724;111500;90.51;90.53;90.41;90.46;566
USDRUBF;15;20230724;113000;90.44;90.48;90.42;90.46;519
USDRUBF;15;20230724;114500;90.45;90.48;90.4;90.44;406
USDRUBF;15;20230724;120000;90.43;90.44;90.25;90.27;2206
USDRUBF;15;20230724;121500;90.26;90.27;90.11;90.22;2001
USDRUBF;15;20230724;123000;90.22;90.3;90.18;90.29;576
USDRUBF;15;20230724;124500;90.29;90.38;90.28;90.35;2038
USDRUBF;15;20230724;130000;90.33;90.4;90.3;90.35;371
USDRUBF;15;20230724;131500;90.34;90.35;90.25;90.25;853
USDRUBF;15;20230724;133000;90.26;90.49;90.25;90.42;1950
USDRUBF;15;20230724;134500;90.43;90.45;90.3;90.33;1094
USDRUBF;15;20230724;140000;90.33;90.36;90.25;90.25;295
USDRUBF;15;20230724;141500;90.26;90.31;90.23;90.27;876
USDRUBF;15;20230724;143000;90.32;90.42;90.28;90.4;1011
USDRUBF;15;20230724;144500;90.37;90.4;90.31;90.35;406
USDRUBF;15;20230724;150000;90.35;90.4;90.33;90.39;362
USDRUBF;15;20230724;151500;90.38;90.42;90.35;90.42;299
USDRUBF;15;20230724;153000;90.4;90.43;90.29;90.39;818
USDRUBF;15;20230724;154500;90.39;90.42;90.34;90.38;466
USDRUBF;15;20230724;160000;90.38;90.4;90.32;90.39;174
USDRUBF;15;20230724;161500;90.4;90.42;90.39;90.42;120
USDRUBF;15;20230724;163000;90.42;90.45;90.27;90.36;847
USDRUBF;15;20230724;164500;90.38;90.43;90.32;90.43;155
USDRUBF;15;20230724;170000;90.44;90.45;90.36;90.42;398
USDRUBF;15;20230724;171500;90.43;90.5;90.42;90.48;361
USDRUBF;15;20230724;173000;90.5;90.51;90.43;90.44;235
USDRUBF;15;20230724;174500;90.44;90.46;90.41;90.41;109
USDRUBF;15;20230724;180000;90.4;90.4;90.26;90.26;711
USDRUBF;15;20230724;181500;90.25;90.28;90.17;90.27;1351
USDRUBF;15;20230724;183000;90.27;90.4;90.26;90.36;703
USDRUBF;15;20230724;184500;90.37;90.37;90.29;90.3;123
USDRUBF;15;20230724;190000;90.3;90.3;90.19;90.24;112
USDRUBF;15;20230724;191500;90.25;90.28;90.2;90.28;335
USDRUBF;15;20230724;193000;90.25;90.29;90.25;90.28;23
USDRUBF;15;20230724;194500;90.3;90.3;90.27;90.27;27
USDRUBF;15;20230724;200000;90.27;90.29;90.24;90.28;85
USDRUBF;15;20230724;201500;90.29;90.3;90.27;90.27;29
USDRUBF;15;20230724;203000;90.29;90.35;90.28;90.31;85
USDRUBF;15;20230724;204500;90.31;90.31;90.31;90.31;3
USDRUBF;15;20230724;210000;90.29;90.31;90.29;90.3;11
USDRUBF;15;20230724;211500;90.31;90.31;90.31;90.31;19
USDRUBF;15;20230724;213000;90.31;90.37;90.31;90.36;13
USDRUBF;15;20230724;214500;90.36;90.37;90.33;90.36;18
USDRUBF;15;20230724;220000;90.35;90.35;90.33;90.33;8
USDRUBF;15;20230724;221500;90.33;90.33;90.29;90.29;22
USDRUBF;15;20230724;223000;90.3;90.33;90.3;90.33;42
USDRUBF;15;20230724;224500;90.33;90.35;90.33;90.33;36
USDRUBF;15;20230724;230000;90.33;90.33;90.33;90.33;7
USDRUBF;15;20230724;231500;90.3;90.3;90.25;90.27;52
USDRUBF;15;20230724;233000;90.26;90.27;90.21;90.21;57
USDRUBF;15;20230724;234500;90.27;90.27;90.21;90.21;14
USDRUBF;15;20230725;090000;90.2;90.23;90.06;90.2;1116
USDRUBF;15;20230725;091500;90.21;90.21;90.12;90.15;227
USDRUBF;15;20230725;093000;90.15;90.2;90.14;90.2;126
USDRUBF;15;20230725;094500;90.2;90.21;89.89;89.9;1548
USDRUBF;15;20230725;100000;89.92;90.09;89.8;90.09;2786
USDRUBF;15;20230725;101500;90.09;90.19;89.95;90.17;3206
USDRUBF;15;20230725;103000;90.19;90.26;90.06;90.09;2241
USDRUBF;15;20230725;104500;90.07;90.18;90.02;90.07;1049
USDRUBF;15;20230725;110000;90.09;90.15;90.04;90.06;677
USDRUBF;15;20230725;111500;90.05;90.06;89.95;89.97;696
USDRUBF;15;20230725;113000;89.97;89.99;89.91;89.96;601
USDRUBF;15;20230725;114500;89.96;90;89.89;89.96;875
USDRUBF;15;20230725;120000;89.95;89.96;89.88;89.88;686
USDRUBF;15;20230725;121500;89.88;90;89.87;89.99;879
USDRUBF;15;20230725;123000;89.98;90.09;89.98;90.06;1022
USDRUBF;15;20230725;124500;90.06;90.06;89.95;90.01;268
USDRUBF;15;20230725;130000;90.02;90.05;89.99;89.99;296
USDRUBF;15;20230725;131500;90;90.06;89.98;90.01;259
USDRUBF;15;20230725;133000;90;90.01;89.93;89.97;361
USDRUBF;15;20230725;134500;89.97;89.98;89.9;89.9;768
USDRUBF;15;20230725;140000;89.91;89.96;89.91;89.96;266
USDRUBF;15;20230725;141500;89.97;90.09;89.97;90.04;373
USDRUBF;15;20230725;143000;90.04;90.08;90.01;90.02;614
USDRUBF;15;20230725;144500;90.05;90.2;90.01;90.18;1217
USDRUBF;15;20230725;150000;90.16;90.21;90.08;90.08;2011
USDRUBF;15;20230725;151500;90.07;90.1;90.02;90.07;781
USDRUBF;15;20230725;153000;90.08;90.11;90;90;685
USDRUBF;15;20230725;154500;90.01;90.01;89.9;89.94;2253
USDRUBF;15;20230725;160000;89.92;90;89.9;89.98;1475
USDRUBF;15;20230725;161500;89.99;89.99;89.93;89.98;581
USDRUBF;15;20230725;163000;89.95;89.99;89.93;89.96;521
USDRUBF;15;20230725;164500;89.97;90.1;89.93;90.1;1187
USDRUBF;15;20230725;170000;90.09;90.09;89.93;89.97;1122
USDRUBF;15;20230725;171500;89.98;90.04;89.94;90.01;626
USDRUBF;15;20230725;173000;90.03;90.18;90.01;90.15;776
USDRUBF;15;20230725;174500;90.17;90.18;90.06;90.1;753
USDRUBF;15;20230725;180000;90.14;90.2;90.13;90.18;966
USDRUBF;15;20230725;181500;90.18;90.3;90.18;90.25;1946
USDRUBF;15;20230725;183000;90.25;90.33;90.15;90.15;777
USDRUBF;15;20230725;184500;90.16;90.2;90.16;90.17;27
USDRUBF;15;20230725;190000;90.22;90.23;90.18;90.22;162
USDRUBF;15;20230725;191500;90.21;90.3;90.21;90.25;64
USDRUBF;15;20230725;193000;90.25;90.25;90.21;90.25;20
USDRUBF;15;20230725;194500;90.22;90.22;90.15;90.17;82
USDRUBF;15;20230725;200000;90.19;90.2;90.16;90.17;25
USDRUBF;15;20230725;201500;90.17;90.2;90.16;90.17;85
USDRUBF;15;20230725;203000;90.18;90.18;90.16;90.18;10
USDRUBF;15;20230725;204500;90.17;90.19;90.17;90.19;11
USDRUBF;15;20230725;210000;90.18;90.23;90.17;90.18;48
USDRUBF;15;20230725;211500;90.18;90.2;90.18;90.18;14
USDRUBF;15;20230725;213000;90.18;90.19;90.17;90.19;49
USDRUBF;15;20230725;214500;90.17;90.17;90.16;90.16;167
USDRUBF;15;20230725;220000;90.18;90.18;90.16;90.16;178
USDRUBF;15;20230725;221500;90.16;90.16;90.12;90.12;123
USDRUBF;15;20230725;223000;90.13;90.13;90.11;90.13;13
USDRUBF;15;20230725;224500;90.17;90.2;90.16;90.18;26
USDRUBF;15;20230725;230000;90.18;90.2;90.16;90.2;12
USDRUBF;15;20230725;231500;90.2;90.2;90.17;90.17;10
USDRUBF;15;20230725;233000;90.16;90.16;90.16;90.16;10
USDRUBF;15;20230725;234500;90.15;90.15;90.11;90.11;33
USDRUBF;15;20230726;090000;90.15;90.23;90.15;90.15;338
USDRUBF;15;20230726;091500;90.15;90.19;90.06;90.07;551
USDRUBF;15;20230726;093000;90.08;90.08;90.05;90.05;401
USDRUBF;15;20230726;094500;90.06;90.15;90.03;90.15;295
USDRUBF;15;20230726;100000;90.15;90.17;90.05;90.13;889
USDRUBF;15;20230726;101500;90.14;90.14;90.08;90.13;290
USDRUBF;15;20230726;103000;90.12;90.13;90.03;90.04;595
USDRUBF;15;20230726;104500;90.04;90.04;89.91;89.96;1334
USDRUBF;15;20230726;110000;89.95;90.02;89.93;89.96;438
USDRUBF;15;20230726;111500;89.97;90;89.93;90;988
USDRUBF;15;20230726;113000;89.99;90.03;89.95;89.95;233
USDRUBF;15;20230726;114500;89.95;89.99;89.94;89.95;139
USDRUBF;15;20230726;120000;89.95;90;89.94;89.98;453
USDRUBF;15;20230726;121500;89.97;89.97;89.92;89.95;447
USDRUBF;15;20230726;123000;89.94;89.96;89.92;89.95;338
USDRUBF;15;20230726;124500;89.93;89.95;89.9;89.94;701
USDRUBF;15;20230726;130000;89.94;89.95;89.88;89.93;703
USDRUBF;15;20230726;131500;89.91;90.04;89.91;90;589
USDRUBF;15;20230726;133000;90;90.04;89.98;90.04;252
USDRUBF;15;20230726;134500;90.04;90.06;89.95;89.95;1285
USDRUBF;15;20230726;140000;89.99;90.01;89.98;89.98;325
USDRUBF;15;20230726;141500;89.97;90.01;89.95;89.96;413
USDRUBF;15;20230726;143000;89.96;90;89.95;90;279
USDRUBF;15;20230726;144500;90;90.07;89.98;90.07;471
USDRUBF;15;20230726;150000;90.07;90.13;89.9;89.9;1965
USDRUBF;15;20230726;151500;89.9;89.94;89.88;89.88;882
USDRUBF;15;20230726;153000;89.89;89.96;89.88;89.92;387
USDRUBF;15;20230726;154500;89.93;89.99;89.88;89.99;305
USDRUBF;15;20230726;160000;90;90.03;89.95;90.01;409
USDRUBF;15;20230726;161500;89.99;89.99;89.96;89.96;196
USDRUBF;15;20230726;163000;89.95;90.01;89.92;89.94;183
USDRUBF;15;20230726;164500;89.94;89.94;89.91;89.92;192
USDRUBF;15;20230726;170000;89.92;90.01;89.92;89.99;190
USDRUBF;15;20230726;171500;89.99;90.05;89.99;90.01;258
USDRUBF;15;20230726;173000;90.02;90.09;90;90.07;672
USDRUBF;15;20230726;174500;90.07;90.1;90;90;395
USDRUBF;15;20230726;180000;90.02;90.03;89.98;90;171
USDRUBF;15;20230726;181500;90.03;90.04;89.94;89.96;290
USDRUBF;15;20230726;183000;89.95;90;89.92;89.97;494
USDRUBF;15;20230726;184500;89.98;90.01;89.96;90.01;66
USDRUBF;15;20230726;190000;90;90.01;89.97;90.01;69
USDRUBF;15;20230726;191500;90;90;89.98;89.98;5
USDRUBF;15;20230726;193000;89.98;89.98;89.96;89.96;95
USDRUBF;15;20230726;194500;89.96;90;89.95;89.96;97
USDRUBF;15;20230726;200000;89.96;89.98;89.96;89.98;4
USDRUBF;15;20230726;201500;89.96;90;89.96;89.99;65
USDRUBF;15;20230726;203000;89.99;90;89.99;89.99;5
USDRUBF;15;20230726;204500;89.98;90;89.96;90;86
USDRUBF;15;20230726;210000;89.96;90;89.96;90;11
USDRUBF;15;20230726;211500;89.97;89.99;89.96;89.98;27
USDRUBF;15;20230726;213000;89.98;90;89.96;89.99;46
USDRUBF;15;20230726;214500;89.99;89.99;89.99;89.99;23
USDRUBF;15;20230726;220000;89.97;90;89.96;89.99;111
USDRUBF;15;20230726;221500;90;90;89.99;89.99;28
USDRUBF;15;20230726;223000;89.99;90;89.97;90;37
USDRUBF;15;20230726;224500;89.99;90;89.98;90;9
USDRUBF;15;20230726;230000;90;90;90;90;5
USDRUBF;15;20230726;231500;89.99;90;89.99;90;13
USDRUBF;15;20230726;233000;89.99;90;89.99;90;149
USDRUBF;15;20230726;234500;90;90.01;90;90;20
USDRUBF;15;20230727;090000;90.02;90.02;89.87;89.89;836
USDRUBF;15;20230727;091500;89.89;89.92;89.85;89.88;362
USDRUBF;15;20230727;093000;89.86;89.93;89.86;89.9;161
USDRUBF;15;20230727;094500;89.91;89.97;89.9;89.9;198
USDRUBF;15;20230727;100000;89.91;90.03;89.86;89.95;831
USDRUBF;15;20230727;101500;89.96;90;89.9;89.9;707
USDRUBF;15;20230727;103000;89.89;89.97;89.86;89.9;666
USDRUBF;15;20230727;104500;89.91;89.96;89.84;89.96;1024
USDRUBF;15;20230727;110000;89.96;89.99;89.82;89.82;1539
USDRUBF;15;20230727;111500;89.83;89.87;89.66;89.73;3582
USDRUBF;15;20230727;113000;89.71;89.84;89.71;89.8;1144
USDRUBF;15;20230727;114500;89.8;89.87;89.78;89.82;475
USDRUBF;15;20230727;120000;89.83;89.92;89.82;89.89;725
USDRUBF;15;20230727;121500;89.9;89.9;89.78;89.8;217
USDRUBF;15;20230727;123000;89.82;89.87;89.8;89.86;290
USDRUBF;15;20230727;124500;89.84;89.87;89.82;89.86;222
USDRUBF;15;20230727;130000;89.85;89.9;89.83;89.86;377
USDRUBF;15;20230727;131500;89.85;89.93;89.84;89.9;333
USDRUBF;15;20230727;133000;89.92;89.95;89.89;89.94;507
USDRUBF;15;20230727;134500;89.94;89.98;89.91;89.96;459
USDRUBF;15;20230727;140000;89.96;89.98;89.93;89.98;107
USDRUBF;15;20230727;141500;89.98;90;89.94;89.94;225
USDRUBF;15;20230727;143000;89.97;90;89.92;90;177
USDRUBF;15;20230727;144500;90;90.05;89.99;90.04;1109
USDRUBF;15;20230727;150000;90.05;90.22;90.05;90.14;3477
USDRUBF;15;20230727;151500;90.16;90.4;90.15;90.35;2583
USDRUBF;15;20230727;153000;90.37;90.52;90.35;90.36;2624
USDRUBF;15;20230727;154500;90.36;90.42;90.31;90.34;1746
USDRUBF;15;20230727;160000;90.37;90.47;90.33;90.47;984
USDRUBF;15;20230727;161500;90.44;90.52;90.44;90.5;1328
USDRUBF;15;20230727;163000;90.5;90.59;90.5;90.52;1244
USDRUBF;15;20230727;164500;90.54;90.55;90.3;90.37;1016
USDRUBF;15;20230727;170000;90.38;90.55;90.36;90.52;333
USDRUBF;15;20230727;171500;90.51;90.58;90.47;90.51;521
USDRUBF;15;20230727;173000;90.52;90.63;90.52;90.59;405
USDRUBF;15;20230727;174500;90.6;90.68;90.53;90.53;1111
USDRUBF;15;20230727;180000;90.53;90.59;90.46;90.56;576
USDRUBF;15;20230727;181500;90.56;90.57;90.54;90.54;414
USDRUBF;15;20230727;183000;90.56;90.56;90.48;90.5;215
USDRUBF;15;20230727;184500;90.5;90.52;90.5;90.51;34
USDRUBF;15;20230727;190000;90.53;90.55;90.49;90.52;114
USDRUBF;15;20230727;191500;90.5;90.55;90.45;90.45;82
USDRUBF;15;20230727;193000;90.46;90.5;90.45;90.47;41
USDRUBF;15;20230727;194500;90.48;90.51;90.46;90.46;73
USDRUBF;15;20230727;200000;90.46;90.51;90.44;90.44;103
USDRUBF;15;20230727;201500;90.47;90.5;90.47;90.5;28
USDRUBF;15;20230727;203000;90.5;90.51;90.47;90.5;26
USDRUBF;15;20230727;204500;90.49;90.49;90.47;90.47;13
USDRUBF;15;20230727;210000;90.48;90.48;90.45;90.45;5
USDRUBF;15;20230727;211500;90.46;90.46;90.46;90.46;7
USDRUBF;15;20230727;213000;90.46;90.48;90.3;90.48;429
USDRUBF;15;20230727;214500;90.46;90.5;90.33;90.5;140
USDRUBF;15;20230727;220000;90.51;90.55;90.47;90.47;80
USDRUBF;15;20230727;221500;90.48;90.51;90.48;90.5;14
USDRUBF;15;20230727;223000;90.5;90.51;90.43;90.43;197
USDRUBF;15;20230727;224500;90.44;90.49;90.44;90.45;24
USDRUBF;15;20230727;230000;90.44;90.49;90.44;90.44;47
USDRUBF;15;20230727;231500;90.46;90.47;90.44;90.47;11
USDRUBF;15;20230727;233000;90.49;90.53;90.48;90.52;94
USDRUBF;15;20230727;234500;90.53;90.53;90.53;90.53;3
USDRUBF;15;20230728;090000;90.45;90.45;90.31;90.35;579
USDRUBF;15;20230728;091500;90.33;90.36;90.26;90.3;319
USDRUBF;15;20230728;093000;90.35;90.39;90.35;90.39;87
USDRUBF;15;20230728;094500;90.37;90.44;90.34;90.34;90
USDRUBF;15;20230728;100000;90.35;90.84;90.32;90.71;1959
USDRUBF;15;20230728;101500;90.69;90.82;90.61;90.82;1080
USDRUBF;15;20230728;103000;90.82;90.95;90.79;90.86;1336
USDRUBF;15;20230728;104500;90.88;90.91;90.83;90.9;1066
USDRUBF;15;20230728;110000;90.9;90.91;90.84;90.84;677
USDRUBF;15;20230728;111500;90.85;90.85;90.68;90.76;610
USDRUBF;15;20230728;113000;90.77;90.9;90.75;90.86;986
USDRUBF;15;20230728;114500;90.87;90.9;90.74;90.82;365
USDRUBF;15;20230728;120000;90.8;90.9;90.8;90.9;651
USDRUBF;15;20230728;121500;90.9;90.93;90.77;90.81;321
USDRUBF;15;20230728;123000;90.82;90.83;90.73;90.77;296
USDRUBF;15;20230728;124500;90.79;90.85;90.79;90.83;100
USDRUBF;15;20230728;130000;90.85;90.89;90.83;90.85;133
USDRUBF;15;20230728;131500;90.85;90.87;90.8;90.84;107
USDRUBF;15;20230728;133000;90.84;90.88;90.81;90.82;84
USDRUBF;15;20230728;134500;90.8;90.88;90.8;90.86;202
USDRUBF;15;20230728;140000;90.87;90.95;90.85;90.95;461
USDRUBF;15;20230728;141500;90.95;91.07;90.94;91.06;1396
USDRUBF;15;20230728;143000;91.05;91.21;91.05;91.13;2468
USDRUBF;15;20230728;144500;91.15;91.17;91.09;91.12;811
USDRUBF;15;20230728;150000;91.12;91.12;91;91.03;951
USDRUBF;15;20230728;151500;91.02;91.06;90.94;91;915
USDRUBF;15;20230728;153000;90.97;91.11;90.95;91.11;659
USDRUBF;15;20230728;154500;91.12;91.19;91.11;91.17;850
USDRUBF;15;20230728;160000;91.17;91.33;91.17;91.31;1506
USDRUBF;15;20230728;161500;91.32;91.33;91.26;91.3;557
USDRUBF;15;20230728;163000;91.28;91.35;91.25;91.3;728
USDRUBF;15;20230728;164500;91.28;91.34;91.23;91.26;867
USDRUBF;15;20230728;170000;91.25;91.57;91.2;91.5;3122
USDRUBF;15;20230728;171500;91.5;91.59;91.47;91.58;1111
USDRUBF;15;20230728;173000;91.59;91.61;91.45;91.53;2773
USDRUBF;15;20230728;174500;91.51;91.7;91.5;91.62;2255
USDRUBF;15;20230728;180000;91.64;91.8;91.63;91.66;1613
USDRUBF;15;20230728;181500;91.65;91.67;91.54;91.66;1099
USDRUBF;15;20230728;183000;91.63;91.69;91.56;91.63;511
USDRUBF;15;20230728;184500;91.63;91.63;91.58;91.59;238
USDRUBF;15;20230728;190000;91.61;91.87;91.55;91.8;679
USDRUBF;15;20230728;191500;91.8;91.83;91.74;91.77;447
USDRUBF;15;20230728;193000;91.79;92.43;91.77;91.87;707
USDRUBF;15;20230728;194500;91.89;92.2;91.83;91.83;405
USDRUBF;15;20230728;200000;91.83;91.92;91.82;91.84;228
USDRUBF;15;20230728;201500;91.89;91.89;91.82;91.84;132
USDRUBF;15;20230728;203000;91.84;91.88;91.79;91.88;342
USDRUBF;15;20230728;204500;91.88;91.93;91.87;91.89;174
USDRUBF;15;20230728;210000;91.92;91.92;91.89;91.89;76
USDRUBF;15;20230728;211500;91.89;91.95;91.89;91.91;165
USDRUBF;15;20230728;213000;91.9;91.97;91.9;91.97;90
USDRUBF;15;20230728;214500;91.92;91.96;91.89;91.89;34
USDRUBF;15;20230728;220000;91.89;91.9;91.84;91.9;262
USDRUBF;15;20230728;221500;91.85;91.89;91.84;91.86;23
USDRUBF;15;20230728;223000;91.86;91.89;91.84;91.89;56
USDRUBF;15;20230728;224500;91.89;91.9;91.85;91.88;32
USDRUBF;15;20230728;230000;91.88;91.9;91.88;91.88;92
USDRUBF;15;20230728;231500;91.89;91.94;91.86;91.9;240
USDRUBF;15;20230728;233000;91.86;91.95;91.86;91.94;70
USDRUBF;15;20230728;234500;91.93;92;91.92;92;67
USDRUBF;15;20230731;090000;92.35;92.5;92.28;92.45;2290
USDRUBF;15;20230731;091500;92.45;92.47;92.28;92.29;620
USDRUBF;15;20230731;093000;92.29;92.34;92.19;92.29;508
USDRUBF;15;20230731;094500;92.28;92.36;92.23;92.29;395
USDRUBF;15;20230731;100000;92.26;92.35;92.18;92.26;591
USDRUBF;15;20230731;101500;92.25;92.25;91.7;91.73;2864
USDRUBF;15;20230731;103000;91.73;91.8;91.65;91.68;1663
USDRUBF;15;20230731;104500;91.67;91.74;91.41;91.69;4274
USDRUBF;15;20230731;110000;91.7;91.76;91.45;91.47;4801
USDRUBF;15;20230731;111500;91.46;91.57;91.41;91.54;4740
USDRUBF;15;20230731;113000;91.55;91.55;91.36;91.41;944
USDRUBF;15;20230731;114500;91.4;91.42;91.26;91.28;1545
USDRUBF;15;20230731;120000;91.28;91.42;91.25;91.42;1378
USDRUBF;15;20230731;121500;91.41;91.62;91.36;91.36;2356
USDRUBF;15;20230731;123000;91.38;91.5;91.34;91.47;1559
USDRUBF;15;20230731;124500;91.47;91.47;91.27;91.27;518
USDRUBF;15;20230731;130000;91.29;91.38;91.19;91.22;1139
USDRUBF;15;20230731;131500;91.2;91.42;91.13;91.37;1471
USDRUBF;15;20230731;133000;91.38;91.41;91.28;91.33;677
USDRUBF;15;20230731;134500;91.33;91.38;91.21;91.23;339
USDRUBF;15;20230731;140000;91.22;91.29;91.15;91.26;561
USDRUBF;15;20230731;141500;91.26;91.39;91.25;91.39;1011
USDRUBF;15;20230731;143000;91.37;91.46;91.3;91.46;1516
USDRUBF;15;20230731;144500;91.43;91.49;91.38;91.45;1100
USDRUBF;15;20230731;150000;91.46;91.47;91.32;91.35;458
USDRUBF;15;20230731;151500;91.35;91.37;91.31;91.37;89
USDRUBF;15;20230731;153000;91.38;91.52;91.37;91.52;805
USDRUBF;15;20230731;154500;91.52;91.52;91.4;91.49;739
USDRUBF;15;20230731;160000;91.49;91.53;91.41;91.5;1833
USDRUBF;15;20230731;161500;91.5;91.57;91.49;91.55;1338
USDRUBF;15;20230731;163000;91.53;91.54;91.35;91.42;540
USDRUBF;15;20230731;164500;91.36;91.48;91.36;91.46;176
USDRUBF;15;20230731;170000;91.47;91.52;91.45;91.51;372
USDRUBF;15;20230731;171500;91.53;91.59;91.53;91.59;406
USDRUBF;15;20230731;173000;91.58;91.7;91.56;91.64;1634
USDRUBF;15;20230731;174500;91.64;91.64;91.51;91.51;538
USDRUBF;15;20230731;180000;91.51;91.56;91.46;91.54;279
USDRUBF;15;20230731;181500;91.57;91.57;91.46;91.53;434
USDRUBF;15;20230731;183000;91.55;91.55;91.5;91.51;173
USDRUBF;15;20230731;184500;91.5;91.5;91.48;91.49;42
USDRUBF;15;20230731;190000;91.49;91.49;91.35;91.48;480
USDRUBF;15;20230731;191500;91.47;91.47;91.37;91.41;366
USDRUBF;15;20230731;193000;91.39;91.45;91.38;91.44;52
USDRUBF;15;20230731;194500;91.44;91.55;91.41;91.41;278
USDRUBF;15;20230731;200000;91.41;91.47;91.41;91.47;53
USDRUBF;15;20230731;201500;91.48;91.52;91.48;91.52;21
USDRUBF;15;20230731;203000;91.5;91.54;91.49;91.5;30
USDRUBF;15;20230731;204500;91.5;91.52;91.49;91.5;29
USDRUBF;15;20230731;210000;91.51;91.51;91.49;91.49;29
USDRUBF;15;20230731;211500;91.5;91.5;91.48;91.5;11
USDRUBF;15;20230731;213000;91.49;91.5;91.49;91.5;94
USDRUBF;15;20230731;214500;91.51;91.51;91.49;91.49;29
USDRUBF;15;20230731;220000;91.5;91.55;91.46;91.46;94
USDRUBF;15;20230731;221500;91.46;91.52;91.46;91.52;28
USDRUBF;15;20230731;223000;91.51;91.55;91.42;91.45;94
USDRUBF;15;20230731;224500;91.48;91.5;91.45;91.45;80
USDRUBF;15;20230731;230000;91.48;91.49;91.44;91.49;24
USDRUBF;15;20230731;231500;91.49;91.5;91.46;91.5;149
USDRUBF;15;20230731;233000;91.47;91.5;91.47;91.5;16
USDRUBF;15;20230731;234500;91.5;91.5;91.47;91.47;16
USDRUBF;15;20230801;090000;91.69;91.74;91.5;91.53;1185
USDRUBF;15;20230801;091500;91.54;91.61;91.47;91.61;642
USDRUBF;15;20230801;093000;91.6;91.66;91.59;91.66;102
USDRUBF;15;20230801;094500;91.66;91.66;91.58;91.58;328
USDRUBF;15;20230801;100000;91.6;91.63;91.39;91.42;641
USDRUBF;15;20230801;101500;91.4;91.46;91.33;91.43;943
USDRUBF;15;20230801;103000;91.4;91.49;91.39;91.46;211
USDRUBF;15;20230801;104500;91.47;91.54;91.45;91.48;298
USDRUBF;15;20230801;110000;91.48;91.52;91.43;91.47;417
USDRUBF;15;20230801;111500;91.48;91.61;91.45;91.6;395
USDRUBF;15;20230801;113000;91.63;91.78;91.62;91.78;1096
USDRUBF;15;20230801;114500;91.75;91.82;91.72;91.8;813
USDRUBF;15;20230801;120000;91.8;91.87;91.8;91.86;850
USDRUBF;15;20230801;121500;91.87;91.87;91.78;91.8;307
USDRUBF;15;20230801;123000;91.8;91.88;91.74;91.78;481
USDRUBF;15;20230801;124500;91.78;91.85;91.78;91.82;146
USDRUBF;15;20230801;130000;91.84;91.87;91.83;91.84;243
USDRUBF;15;20230801;131500;91.83;91.85;91.75;91.77;237
USDRUBF;15;20230801;133000;91.77;91.8;91.73;91.78;401
USDRUBF;15;20230801;134500;91.77;91.78;91.67;91.71;538
USDRUBF;15;20230801;140000;91.72;91.75;91.68;91.75;557
USDRUBF;15;20230801;141500;91.74;91.76;91.7;91.73;250
USDRUBF;15;20230801;143000;91.73;91.75;91.71;91.73;334
USDRUBF;15;20230801;144500;91.73;91.75;91.72;91.74;70
USDRUBF;15;20230801;150000;91.75;91.83;91.68;91.81;606
USDRUBF;15;20230801;151500;91.77;91.86;91.71;91.73;569
USDRUBF;15;20230801;153000;91.73;91.83;91.73;91.83;473
USDRUBF;15;20230801;154500;91.85;91.99;91.85;91.99;1803
USDRUBF;15;20230801;160000;91.97;91.98;91.93;91.93;874
USDRUBF;15;20230801;161500;91.94;92.02;91.94;92.02;1171
USDRUBF;15;20230801;163000;92.02;92.11;91.97;92.03;2151
USDRUBF;15;20230801;164500;92.01;92.16;91.98;92.16;1465
USDRUBF;15;20230801;170000;92.14;92.24;92.09;92.24;1638
USDRUBF;15;20230801;171500;92.23;92.23;92.16;92.21;617
USDRUBF;15;20230801;173000;92.21;92.23;92.08;92.15;479
USDRUBF;15;20230801;174500;92.14;92.25;92.13;92.16;730
USDRUBF;15;20230801;180000;92.16;92.19;92.08;92.15;569
USDRUBF;15;20230801;181500;92.15;92.18;92.13;92.13;560
USDRUBF;15;20230801;183000;92.12;92.3;92.12;92.24;683
USDRUBF;15;20230801;184500;92.26;92.31;92.26;92.31;287
USDRUBF;15;20230801;190000;92.33;92.4;92.33;92.37;179
USDRUBF;15;20230801;191500;92.37;92.39;92.35;92.39;139
USDRUBF;15;20230801;193000;92.38;92.45;92.38;92.42;388
USDRUBF;15;20230801;194500;92.42;92.44;92.42;92.42;79
USDRUBF;15;20230801;200000;92.44;92.49;92.44;92.45;132
USDRUBF;15;20230801;201500;92.45;92.47;92.45;92.45;215
USDRUBF;15;20230801;203000;92.45;92.46;92.45;92.45;64
USDRUBF;15;20230801;204500;92.45;92.46;92.45;92.46;41
USDRUBF;15;20230801;210000;92.45;92.48;92.45;92.45;232
USDRUBF;15;20230801;211500;92.45;92.5;92.45;92.45;117
USDRUBF;15;20230801;213000;92.45;92.47;92.45;92.46;22
USDRUBF;15;20230801;214500;92.45;92.48;92.45;92.46;53
USDRUBF;15;20230801;220000;92.48;92.48;92.45;92.45;98
USDRUBF;15;20230801;221500;92.45;92.5;92.45;92.49;235
USDRUBF;15;20230801;223000;92.48;92.64;92.48;92.6;345
USDRUBF;15;20230801;224500;92.6;92.62;92.5;92.61;151
USDRUBF;15;20230801;230000;92.53;92.6;92.51;92.57;76
USDRUBF;15;20230801;231500;92.54;92.56;92.53;92.53;12
USDRUBF;15;20230801;233000;92.5;92.54;92.46;92.48;72
USDRUBF;15;20230801;234500;92.45;92.45;92.45;92.45;76
USDRUBF;15;20230802;090000;92.19;92.27;92.17;92.21;472
USDRUBF;15;20230802;091500;92.21;92.22;92.01;92.01;638
USDRUBF;15;20230802;093000;92.01;92.15;92.01;92.1;472
USDRUBF;15;20230802;094500;92.12;92.17;92.12;92.15;146
USDRUBF;15;20230802;100000;92.12;92.17;92.01;92.1;483
USDRUBF;15;20230802;101500;92.09;92.38;92.07;92.31;1985
USDRUBF;15;20230802;103000;92.33;92.36;92.26;92.32;403
USDRUBF;15;20230802;104500;92.34;92.39;92.19;92.19;562
USDRUBF;15;20230802;110000;92.19;92.34;92.18;92.33;486
USDRUBF;15;20230802;111500;92.32;92.45;92.32;92.41;671
USDRUBF;15;20230802;113000;92.42;92.57;92.4;92.55;979
USDRUBF;15;20230802;114500;92.57;92.73;92.54;92.69;1343
USDRUBF;15;20230802;120000;92.71;92.92;92.71;92.82;1865
USDRUBF;15;20230802;121500;92.82;92.88;92.69;92.78;1548
USDRUBF;15;20230802;123000;92.8;92.81;92.66;92.69;776
USDRUBF;15;20230802;124500;92.67;92.99;92.63;92.98;1075
USDRUBF;15;20230802;130000;92.98;93.36;92.94;93.3;4056
USDRUBF;15;20230802;131500;93.3;93.45;93.05;93.08;4203
USDRUBF;15;20230802;133000;93.05;93.18;92.93;93.15;6183
USDRUBF;15;20230802;134500;93.13;93.24;93.13;93.18;1079
USDRUBF;15;20230802;140000;93.2;93.4;93.19;93.31;2041
USDRUBF;15;20230802;141500;93.31;93.31;93.03;93.03;1825
USDRUBF;15;20230802;143000;93.04;93.05;92.85;92.85;5446
USDRUBF;15;20230802;144500;92.85;92.94;92.68;92.88;4752
USDRUBF;15;20230802;150000;92.88;92.95;92.76;92.9;1278
USDRUBF;15;20230802;151500;92.93;92.99;92.86;92.9;1056
USDRUBF;15;20230802;153000;92.87;93.13;92.87;93.13;1155
USDRUBF;15;20230802;154500;93.15;93.27;93.02;93.26;1028
USDRUBF;15;20230802;160000;93.23;93.5;93.22;93.39;1969
USDRUBF;15;20230802;161500;93.37;93.58;93.36;93.51;1140
USDRUBF;15;20230802;163000;93.5;93.71;93.47;93.71;2447
USDRUBF;15;20230802;164500;93.71;93.8;93.54;93.58;2585
USDRUBF;15;20230802;170000;93.55;93.83;93.46;93.83;2290
USDRUBF;15;20230802;171500;93.83;93.96;93.74;93.78;2595
USDRUBF;15;20230802;173000;93.78;94.03;93.72;93.91;2312
USDRUBF;15;20230802;174500;93.92;94.14;93.86;94.14;2934
USDRUBF;15;20230802;180000;94.11;94.14;93.92;93.96;1913
USDRUBF;15;20230802;181500;93.97;94;93.84;93.98;2240
USDRUBF;15;20230802;183000;93.98;94.02;93.83;93.87;1145
USDRUBF;15;20230802;184500;93.91;93.95;93.88;93.95;131
USDRUBF;15;20230802;190000;93.96;94.4;93.8;94.21;999
USDRUBF;15;20230802;191500;94.22;94.37;94.17;94.3;787
USDRUBF;15;20230802;193000;94.3;94.39;94.22;94.22;289
USDRUBF;15;20230802;194500;94.21;94.32;94.2;94.28;272
USDRUBF;15;20230802;200000;94.28;94.33;94.28;94.28;304
USDRUBF;15;20230802;201500;94.28;94.34;94.28;94.31;595
USDRUBF;15;20230802;203000;94.33;94.34;94.25;94.25;357
USDRUBF;15;20230802;204500;94.27;94.29;94.23;94.23;363
USDRUBF;15;20230802;210000;94.24;94.28;94.11;94.17;110
USDRUBF;15;20230802;211500;94.17;94.19;94.07;94.16;122
USDRUBF;15;20230802;213000;94.13;94.18;94.13;94.17;41
USDRUBF;15;20230802;214500;94.18;94.23;94.15;94.21;81
USDRUBF;15;20230802;220000;94.18;94.39;94.05;94.13;325
USDRUBF;15;20230802;221500;94.14;94.15;94.03;94.07;182
USDRUBF;15;20230802;223000;94.08;94.15;94.07;94.13;73
USDRUBF;15;20230802;224500;94.1;94.12;93.95;94.1;248
USDRUBF;15;20230802;230000;94.1;94.11;94.07;94.08;28
USDRUBF;15;20230802;231500;94.08;94.08;94.01;94.01;55
USDRUBF;15;20230802;233000;94.03;94.03;93.91;93.93;406
USDRUBF;15;20230802;234500;93.93;93.93;93.9;93.93;104
USDRUBF;15;20230803;090000;93.87;93.94;93.64;93.64;1194
USDRUBF;15;20230803;091500;93.65;93.66;93.49;93.62;1756
USDRUBF;15;20230803;093000;93.6;93.81;93.6;93.75;1124
USDRUBF;15;20230803;094500;93.74;93.81;93.7;93.81;431
USDRUBF;15;20230803;100000;93.81;93.81;93.64;93.74;1202
USDRUBF;15;20230803;101500;93.75;93.83;93.61;93.64;2035
USDRUBF;15;20230803;103000;93.66;93.67;93.54;93.58;1866
USDRUBF;15;20230803;104500;93.58;93.58;93.33;93.41;3823
USDRUBF;15;20230803;110000;93.38;93.54;93.38;93.47;1712
USDRUBF;15;20230803;111500;93.48;93.48;93.29;93.31;931
USDRUBF;15;20230803;113000;93.31;93.43;93.31;93.39;2455
USDRUBF;15;20230803;114500;93.39;93.46;93.34;93.38;1747
USDRUBF;15;20230803;120000;93.37;93.66;93.34;93.43;3186
USDRUBF;15;20230803;121500;93.43;93.8;93.43;93.61;4607
USDRUBF;15;20230803;123000;93.61;93.61;93.49;93.49;998
USDRUBF;15;20230803;124500;93.5;93.66;93.5;93.62;1258
USDRUBF;15;20230803;130000;93.59;93.67;93.56;93.63;790
USDRUBF;15;20230803;131500;93.64;93.84;93.64;93.83;2490
USDRUBF;15;20230803;133000;93.83;93.93;93.82;93.88;1071
USDRUBF;15;20230803;134500;93.9;94.03;93.84;94;2500
USDRUBF;15;20230803;140000;94.01;94.02;93.87;93.91;987
USDRUBF;15;20230803;141500;93.92;93.92;93.65;93.9;1451
USDRUBF;15;20230803;143000;93.89;93.91;93.73;93.84;626
USDRUBF;15;20230803;144500;93.84;94;93.82;93.97;560
USDRUBF;15;20230803;150000;94;94.18;94;94.1;2983
USDRUBF;15;20230803;151500;94.12;94.55;94.12;94.43;3558
USDRUBF;15;20230803;153000;94.41;94.44;93.93;93.97;3038
USDRUBF;15;20230803;154500;93.98;93.99;93.46;93.86;9070
USDRUBF;15;20230803;160000;93.87;93.88;93.67;93.83;1746
USDRUBF;15;20230803;161500;93.83;93.99;93.83;93.97;1176
USDRUBF;15;20230803;163000;93.97;93.97;93.85;93.9;717
USDRUBF;15;20230803;164500;93.9;94.02;93.88;93.94;987
USDRUBF;15;20230803;170000;93.93;94.1;93.89;94.08;646
USDRUBF;15;20230803;171500;94.08;94.31;94.07;94.29;1322
USDRUBF;15;20230803;173000;94.28;94.37;94.16;94.33;3560
USDRUBF;15;20230803;174500;94.33;94.37;94.28;94.37;1235
USDRUBF;15;20230803;180000;94.35;94.52;94.29;94.43;4890
USDRUBF;15;20230803;181500;94.43;94.49;94.33;94.39;3010
USDRUBF;15;20230803;183000;94.38;94.55;94.36;94.45;1914
USDRUBF;15;20230803;184500;94.45;94.53;94.45;94.51;350
USDRUBF;15;20230803;190000;94.48;94.63;94.47;94.58;739
USDRUBF;15;20230803;191500;94.58;94.58;94.42;94.51;606
USDRUBF;15;20230803;193000;94.53;94.55;94.5;94.5;191
USDRUBF;15;20230803;194500;94.5;94.55;94.42;94.45;369
USDRUBF;15;20230803;200000;94.45;94.52;94.45;94.52;129
USDRUBF;15;20230803;201500;94.52;94.53;94.39;94.46;216
USDRUBF;15;20230803;203000;94.46;94.46;94.4;94.4;46
USDRUBF;15;20230803;204500;94.41;94.51;94.41;94.44;143
USDRUBF;15;20230803;210000;94.46;94.53;94.46;94.48;114
USDRUBF;15;20230803;211500;94.48;94.53;94.48;94.52;60
USDRUBF;15;20230803;213000;94.49;94.5;94.48;94.48;78
USDRUBF;15;20230803;214500;94.5;94.51;94.49;94.5;89
USDRUBF;15;20230803;220000;94.5;94.55;94.45;94.45;112
USDRUBF;15;20230803;221500;94.49;94.52;94.49;94.49;63
USDRUBF;15;20230803;223000;94.49;94.49;94.46;94.46;63
USDRUBF;15;20230803;224500;94.47;94.47;94.43;94.45;25
USDRUBF;15;20230803;230000;94.43;94.43;94.35;94.36;92
USDRUBF;15;20230803;231500;94.37;94.39;94.35;94.39;100
USDRUBF;15;20230803;233000;94.39;94.4;94.35;94.35;38
USDRUBF;15;20230803;234500;94.35;94.39;94.35;94.35;8
USDRUBF;15;20230804;090000;94.4;94.4;94.04;94.23;1651
USDRUBF;15;20230804;091500;94.24;94.24;94.03;94.09;778
USDRUBF;15;20230804;093000;94.08;94.23;94.08;94.18;783
USDRUBF;15;20230804;094500;94.18;94.38;94.16;94.28;604
USDRUBF;15;20230804;100000;94.27;94.5;94.22;94.29;1332
USDRUBF;15;20230804;101500;94.28;94.34;94.15;94.33;1414
USDRUBF;15;20230804;103000;94.34;94.42;94.24;94.32;2221
USDRUBF;15;20230804;104500;94.31;94.63;94.31;94.6;3113
USDRUBF;15;20230804;110000;94.61;94.63;94.27;94.4;2418
USDRUBF;15;20230804;111500;94.39;94.5;94.38;94.49;1072
USDRUBF;15;20230804;113000;94.5;94.53;94.38;94.49;675
USDRUBF;15;20230804;114500;94.49;94.79;94.47;94.67;2857
USDRUBF;15;20230804;120000;94.68;94.85;94.65;94.83;1174
USDRUBF;15;20230804;121500;94.84;94.95;94.67;94.67;1873
USDRUBF;15;20230804;123000;94.67;94.84;94.65;94.81;1456
USDRUBF;15;20230804;124500;94.81;94.95;94.74;94.87;847
USDRUBF;15;20230804;130000;94.87;94.93;94.83;94.84;341
USDRUBF;15;20230804;131500;94.86;94.98;94.84;94.91;789
USDRUBF;15;20230804;133000;94.91;94.97;94.88;94.97;375
USDRUBF;15;20230804;134500;94.96;95.08;94.95;95.06;1004
USDRUBF;15;20230804;140000;95.07;95.22;94.91;94.95;2060
USDRUBF;15;20230804;141500;94.96;95.05;94.92;94.99;1124
USDRUBF;15;20230804;143000;95;95.1;94.9;94.95;766
USDRUBF;15;20230804;144500;94.93;95;94.91;94.92;544
USDRUBF;15;20230804;150000;94.91;95;94.84;94.97;764
USDRUBF;15;20230804;151500;94.95;94.99;94.92;94.93;741
USDRUBF;15;20230804;153000;94.94;94.99;94.89;94.94;547
USDRUBF;15;20230804;154500;94.97;95.09;94.97;95.09;747
USDRUBF;15;20230804;160000;95.1;95.16;94.95;95.12;1040
USDRUBF;15;20230804;161500;95.14;95.43;95.12;95.4;3239
USDRUBF;15;20230804;163000;95.41;95.48;95.33;95.4;2291
USDRUBF;15;20230804;164500;95.37;95.44;95.32;95.44;794
USDRUBF;15;20230804;170000;95.44;95.49;95.29;95.43;914
USDRUBF;15;20230804;171500;95.45;95.67;95.44;95.66;1820
USDRUBF;15;20230804;173000;95.66;95.83;95.58;95.83;1406
USDRUBF;15;20230804;174500;95.84;96.1;95.75;95.9;2792
USDRUBF;15;20230804;180000;95.91;95.92;95.44;95.61;3059
USDRUBF;15;20230804;181500;95.62;95.74;95.57;95.74;1326
USDRUBF;15;20230804;183000;95.73;95.83;95.67;95.79;1256
USDRUBF;15;20230804;184500;95.79;95.79;95.74;95.79;410
USDRUBF;15;20230804;190000;95.72;95.72;95.5;95.5;494
USDRUBF;15;20230804;191500;95.51;95.57;95.34;95.42;588
USDRUBF;15;20230804;193000;95.46;95.5;95.41;95.49;138
USDRUBF;15;20230804;194500;95.48;95.53;95.47;95.52;205
USDRUBF;15;20230804;200000;95.53;95.66;95.53;95.55;196
USDRUBF;15;20230804;201500;95.59;95.7;95.58;95.6;77
USDRUBF;15;20230804;203000;95.59;95.65;95.59;95.59;53
USDRUBF;15;20230804;204500;95.61;95.64;95.58;95.58;92
USDRUBF;15;20230804;210000;95.64;95.68;95.62;95.67;78
USDRUBF;15;20230804;211500;95.67;95.69;95.52;95.56;113
USDRUBF;15;20230804;213000;95.58;95.63;95.37;95.6;859
USDRUBF;15;20230804;214500;95.58;95.64;95.56;95.61;236
USDRUBF;15;20230804;220000;95.62;95.62;95.61;95.61;69
USDRUBF;15;20230804;221500;95.61;95.63;95.59;95.63;60
USDRUBF;15;20230804;223000;95.61;95.63;95.52;95.57;158
USDRUBF;15;20230804;224500;95.54;95.59;95.53;95.53;31
USDRUBF;15;20230804;230000;95.57;95.63;95.52;95.52;74
USDRUBF;15;20230804;231500;95.52;95.56;95.5;95.54;63
USDRUBF;15;20230804;233000;95.53;95.54;95.45;95.47;83
USDRUBF;15;20230804;234500;95.46;95.52;95.45;95.52;40
USDRUBF;15;20230807;090000;95.49;95.52;95.35;95.5;1359
USDRUBF;15;20230807;091500;95.49;95.78;95.49;95.7;1325
USDRUBF;15;20230807;093000;95.69;95.78;95.66;95.78;546
USDRUBF;15;20230807;094500;95.78;96.21;95.76;96.05;1979
USDRUBF;15;20230807;100000;96.02;96.25;95.76;95.9;1904
USDRUBF;15;20230807;101500;95.88;95.9;95.78;95.89;1409
USDRUBF;15;20230807;103000;95.88;96.4;95.86;96.39;2361
USDRUBF;15;20230807;104500;96.39;96.79;96.38;96.49;2591
USDRUBF;15;20230807;110000;96.5;96.62;96.31;96.54;1541
USDRUBF;15;20230807;111500;96.55;96.7;96.43;96.59;762
USDRUBF;15;20230807;113000;96.55;96.85;96.55;96.62;1925
USDRUBF;15;20230807;114500;96.63;96.73;96.5;96.51;868
USDRUBF;15;20230807;120000;96.53;96.7;96.53;96.66;608
USDRUBF;15;20230807;121500;96.65;96.66;96.52;96.6;1302
USDRUBF;15;20230807;123000;96.59;96.84;96.56;96.68;1165
USDRUBF;15;20230807;124500;96.69;96.7;96.4;96.44;1212
USDRUBF;15;20230807;130000;96.46;96.57;96.36;96.46;1220
USDRUBF;15;20230807;131500;96.46;96.58;96.31;96.54;1419
USDRUBF;15;20230807;133000;96.53;96.58;96.24;96.36;1386
USDRUBF;15;20230807;134500;96.37;96.43;96.27;96.33;994
USDRUBF;15;20230807;140000;96.32;96.34;96.17;96.18;772
USDRUBF;15;20230807;141500;96.18;96.28;96.17;96.22;700
USDRUBF;15;20230807;143000;96.21;96.21;96.12;96.13;1388
USDRUBF;15;20230807;144500;96.14;96.31;96.13;96.24;685
USDRUBF;15;20230807;150000;96.25;96.27;95.94;95.98;1494
USDRUBF;15;20230807;151500;95.98;96.17;95.92;96.17;755
USDRUBF;15;20230807;153000;96.15;96.27;96.14;96.27;712
USDRUBF;15;20230807;154500;96.27;96.33;96.25;96.33;442
USDRUBF;15;20230807;160000;96.33;96.46;96.12;96.24;1777
USDRUBF;15;20230807;161500;96.24;96.33;96.22;96.3;847
USDRUBF;15;20230807;163000;96.3;96.31;96.06;96.07;351
USDRUBF;15;20230807;164500;96.08;96.2;95.9;96;1885
USDRUBF;15;20230807;170000;95.97;96;95.66;95.83;2329
USDRUBF;15;20230807;171500;95.83;95.83;94.71;94.89;5348
USDRUBF;15;20230807;173000;94.91;95.53;94.89;95.42;6283
USDRUBF;15;20230807;174500;95.41;95.53;95.26;95.53;2105
USDRUBF;15;20230807;180000;95.5;95.5;95.07;95.07;1885
USDRUBF;15;20230807;181500;95.07;95.35;95.05;95.35;1578
USDRUBF;15;20230807;183000;95.32;95.38;95.18;95.32;968
USDRUBF;15;20230807;184500;95.33;95.34;95.25;95.34;283
USDRUBF;15;20230807;190000;95.15;95.23;95.1;95.21;222
USDRUBF;15;20230807;191500;95.2;95.21;95.06;95.09;151
USDRUBF;15;20230807;193000;95.1;95.1;94.96;95.02;406
USDRUBF;15;20230807;194500;95.05;95.13;95.05;95.09;62
USDRUBF;15;20230807;200000;95.06;95.08;95.05;95.07;35
USDRUBF;15;20230807;201500;95.07;95.07;95.01;95.05;55
USDRUBF;15;20230807;203000;95.05;95.05;95;95;118
USDRUBF;15;20230807;204500;94.99;95;94.92;94.99;281
USDRUBF;15;20230807;210000;94.99;95.04;94.98;94.99;190
USDRUBF;15;20230807;211500;95.03;95.15;95.01;95.09;110
USDRUBF;15;20230807;213000;95.09;95.16;95.09;95.15;69
USDRUBF;15;20230807;214500;95.14;95.18;95.11;95.12;111
USDRUBF;15;20230807;220000;95.12;95.12;95.09;95.1;63
USDRUBF;15;20230807;221500;95.1;95.18;95.1;95.18;54
USDRUBF;15;20230807;223000;95.15;95.2;95.14;95.18;29
USDRUBF;15;20230807;224500;95.18;95.19;95.17;95.17;8
USDRUBF;15;20230807;230000;95.17;95.18;95.17;95.18;17
USDRUBF;15;20230807;231500;95.18;95.18;95.17;95.18;11
USDRUBF;15;20230807;233000;95.17;95.2;95.13;95.2;114
USDRUBF;15;20230807;234500;95.2;95.27;95.2;95.2;237
USDRUBF;15;20230808;090000;95.55;95.63;95.3;95.42;2101
USDRUBF;15;20230808;091500;95.37;95.38;95.22;95.34;928
USDRUBF;15;20230808;093000;95.35;95.43;95.26;95.32;398
USDRUBF;15;20230808;094500;95.32;95.72;95.32;95.65;910
USDRUBF;15;20230808;100000;95.65;95.89;95.55;95.82;2292
USDRUBF;15;20230808;101500;95.79;96;95.79;95.94;2394
USDRUBF;15;20230808;103000;95.91;95.98;95.84;95.9;1779
USDRUBF;15;20230808;104500;95.91;96.05;95.8;95.82;1360
USDRUBF;15;20230808;110000;95.84;95.86;95.48;95.61;1067
USDRUBF;15;20230808;111500;95.61;95.72;95.57;95.65;600
USDRUBF;15;20230808;113000;95.67;95.78;95.61;95.68;646
USDRUBF;15;20230808;114500;95.69;95.77;95.65;95.67;873
USDRUBF;15;20230808;120000;95.64;95.7;95.54;95.69;1224
USDRUBF;15;20230808;121500;95.7;95.76;95.6;95.72;511
USDRUBF;15;20230808;123000;95.73;95.77;95.69;95.75;820
USDRUBF;15;20230808;124500;95.73;95.97;95.72;95.93;1186
USDRUBF;15;20230808;130000;95.96;96.08;95.9;95.92;1867
USDRUBF;15;20230808;131500;95.94;96.01;95.8;95.84;920
USDRUBF;15;20230808;133000;95.82;95.92;95.82;95.88;528
USDRUBF;15;20230808;134500;95.86;95.89;95.77;95.8;281
USDRUBF;15;20230808;140000;95.8;96.02;95.8;96.01;800
USDRUBF;15;20230808;141500;96.02;96.26;95.95;96.21;1597
USDRUBF;15;20230808;143000;96.21;96.28;96.04;96.27;1387
USDRUBF;15;20230808;144500;96.28;96.39;96.15;96.36;1729
USDRUBF;15;20230808;150000;96.34;96.49;96.22;96.49;1780
USDRUBF;15;20230808;151500;96.47;96.68;96.46;96.52;3147
USDRUBF;15;20230808;153000;96.55;96.62;96.45;96.56;1191
USDRUBF;15;20230808;154500;96.54;96.75;96.54;96.62;1503
USDRUBF;15;20230808;160000;96.64;96.84;96.55;96.65;1557
USDRUBF;15;20230808;161500;96.63;96.75;96.56;96.75;1268
USDRUBF;15;20230808;163000;96.76;96.79;96.57;96.62;953
USDRUBF;15;20230808;164500;96.62;96.75;96.62;96.7;808
USDRUBF;15;20230808;170000;96.7;96.96;96.69;96.94;2262
USDRUBF;15;20230808;171500;96.94;97.03;96.8;97.02;2876
USDRUBF;15;20230808;173000;97.03;97.34;97.01;97.14;3419
USDRUBF;15;20230808;174500;97.12;97.16;96.93;97.01;2359
USDRUBF;15;20230808;180000;96.98;97.1;96.8;97.06;1683
USDRUBF;15;20230808;181500;97.05;97.1;96.86;97.05;2805
USDRUBF;15;20230808;183000;97.05;97.09;96.97;97.05;1178
USDRUBF;15;20230808;184500;97.05;97.15;97.04;97.14;1001
USDRUBF;15;20230808;190000;97.03;97.16;97;97.13;778
USDRUBF;15;20230808;191500;97.11;97.35;97.11;97.18;609
USDRUBF;15;20230808;193000;97.19;97.21;97.11;97.13;167
USDRUBF;15;20230808;194500;97.13;97.21;97.1;97.13;128
USDRUBF;15;20230808;200000;97.15;97.21;97.13;97.2;86
USDRUBF;15;20230808;201500;97.2;97.22;97.14;97.14;69
USDRUBF;15;20230808;203000;97.13;97.18;97.11;97.14;57
USDRUBF;15;20230808;204500;97.14;97.16;97.1;97.12;68
USDRUBF;15;20230808;210000;97.11;97.15;97.11;97.12;29
USDRUBF;15;20230808;211500;97.12;97.15;97.12;97.15;37
USDRUBF;15;20230808;213000;97.15;97.17;97.15;97.16;74
USDRUBF;15;20230808;214500;97.15;97.18;97.14;97.18;84
USDRUBF;15;20230808;220000;97.19;97.23;97.18;97.22;67
USDRUBF;15;20230808;221500;97.2;97.4;97.2;97.34;319
USDRUBF;15;20230808;223000;97.32;97.35;97.29;97.35;114
USDRUBF;15;20230808;224500;97.32;97.42;97.27;97.36;281
USDRUBF;15;20230808;230000;97.37;97.39;97.25;97.33;177
USDRUBF;15;20230808;231500;97.32;97.36;97.32;97.36;57
USDRUBF;15;20230808;233000;97.35;97.43;97.35;97.36;174
USDRUBF;15;20230808;234500;97.35;97.46;97.35;97.46;120
USDRUBF;15;20230809;090000;96.91;97.04;96.75;96.97;1850
USDRUBF;15;20230809;091500;96.98;97.03;96.93;96.96;1025
USDRUBF;15;20230809;093000;96.98;97.35;96.98;97.29;1589
USDRUBF;15;20230809;094500;97.28;97.28;97.11;97.17;549
USDRUBF;15;20230809;100000;97.15;97.2;96.88;97.04;3058
USDRUBF;15;20230809;101500;97.03;97.09;96.72;96.91;2409
USDRUBF;15;20230809;103000;96.92;97.17;96.92;97.04;2046
USDRUBF;15;20230809;104500;97.03;97.32;96.91;96.98;3500
USDRUBF;15;20230809;110000;97;97.15;96.95;97.07;1877
USDRUBF;15;20230809;111500;97.09;97.11;96.9;97.05;1135
USDRUBF;15;20230809;113000;97.06;97.08;96.78;96.81;5119
USDRUBF;15;20230809;114500;96.82;97;96.82;96.92;3637
USDRUBF;15;20230809;120000;96.91;96.96;96.87;96.92;863
USDRUBF;15;20230809;121500;96.93;97.22;96.93;97.12;1927
USDRUBF;15;20230809;123000;97.09;97.12;96.91;96.97;1565
USDRUBF;15;20230809;124500;96.97;97.13;96.92;97.08;890
USDRUBF;15;20230809;130000;97.08;97.33;97.07;97.22;1537
USDRUBF;15;20230809;131500;97.2;97.23;97.12;97.18;607
USDRUBF;15;20230809;133000;97.16;97.25;97.06;97.1;1253
USDRUBF;15;20230809;134500;97.07;97.39;97.06;97.28;2946
USDRUBF;15;20230809;140000;97.28;97.56;97.18;97.2;3997
USDRUBF;15;20230809;141500;97.21;97.47;97.19;97.43;1947
USDRUBF;15;20230809;143000;97.43;97.69;97.43;97.61;1676
USDRUBF;15;20230809;144500;97.61;97.67;97.47;97.49;1967
USDRUBF;15;20230809;150000;97.5;97.68;97.47;97.67;2474
USDRUBF;15;20230809;151500;97.65;97.67;97.51;97.64;1681
USDRUBF;15;20230809;153000;97.63;97.64;97.57;97.63;534
USDRUBF;15;20230809;154500;97.63;97.77;97.53;97.53;2097
USDRUBF;15;20230809;160000;97.54;97.71;97.45;97.69;1262
USDRUBF;15;20230809;161500;97.71;97.8;97.62;97.79;674
USDRUBF;15;20230809;163000;97.79;97.9;97.74;97.83;3582
USDRUBF;15;20230809;164500;97.82;97.83;97.72;97.75;773
USDRUBF;15;20230809;170000;97.75;97.75;97.52;97.54;3193
USDRUBF;15;20230809;171500;97.54;97.55;97.37;97.42;3863
USDRUBF;15;20230809;173000;97.4;97.5;97.23;97.45;2303
USDRUBF;15;20230809;174500;97.43;97.48;97.11;97.31;2707
USDRUBF;15;20230809;180000;97.34;97.35;96.96;97.21;4740
USDRUBF;15;20230809;181500;97.21;97.24;97.06;97.06;2713
USDRUBF;15;20230809;183000;97.06;97.06;96.68;96.91;4969
USDRUBF;15;20230809;184500;96.91;97;96.89;96.95;752
USDRUBF;15;20230809;190000;96.94;96.98;96.65;96.65;1179
USDRUBF;15;20230809;191500;96.67;96.95;96.55;96.8;1288
USDRUBF;15;20230809;193000;96.81;96.93;96.76;96.89;424
USDRUBF;15;20230809;194500;96.9;96.93;96.75;96.76;346
USDRUBF;15;20230809;200000;96.76;96.77;96.73;96.75;26
USDRUBF;15;20230809;201500;96.76;96.87;96.75;96.87;95
USDRUBF;15;20230809;203000;96.89;96.89;96.78;96.78;95
USDRUBF;15;20230809;204500;96.8;96.84;96.78;96.79;164
USDRUBF;15;20230809;210000;96.79;96.84;96.77;96.78;65
USDRUBF;15;20230809;211500;96.81;96.84;96.79;96.84;74
USDRUBF;15;20230809;213000;96.83;96.88;96.83;96.85;66
USDRUBF;15;20230809;214500;96.87;96.87;96.81;96.81;75
USDRUBF;15;20230809;220000;96.83;96.84;96.72;96.73;80
USDRUBF;15;20230809;221500;96.79;96.84;96.73;96.73;58
USDRUBF;15;20230809;223000;96.73;96.73;96.61;96.7;221
USDRUBF;15;20230809;224500;96.67;96.72;96.67;96.68;44
USDRUBF;15;20230809;230000;96.69;96.69;96.61;96.66;122
USDRUBF;15;20230809;231500;96.65;96.67;96.61;96.64;174
USDRUBF;15;20230809;233000;96.62;96.64;96.52;96.59;373
USDRUBF;15;20230809;234500;96.55;96.59;96.55;96.59;103
USDRUBF;15;20230810;090000;96.84;96.94;96.79;96.89;2150
USDRUBF;15;20230810;091500;96.87;96.87;96.66;96.79;415
USDRUBF;15;20230810;093000;96.78;97;96.78;96.98;868
USDRUBF;15;20230810;094500;96.98;97.04;96.96;96.96;577
USDRUBF;15;20230810;100000;96.98;96.98;96.48;96.49;4198
USDRUBF;15;20230810;101500;96.49;96.79;96.38;96.69;3691
USDRUBF;15;20230810;103000;96.69;96.78;96.52;96.66;3254
USDRUBF;15;20230810;104500;96.65;96.87;96.58;96.75;1599
USDRUBF;15;20230810;110000;96.74;97.1;96.72;96.96;2823
USDRUBF;15;20230810;111500;96.97;97.14;96.92;96.99;2887
USDRUBF;15;20230810;113000;96.97;97.22;96.93;97.09;3739
USDRUBF;15;20230810;114500;97.12;97.32;97.09;97.13;2491
USDRUBF;15;20230810;120000;97.16;97.67;97.16;97.62;2304
USDRUBF;15;20230810;121500;97.62;97.7;97.44;97.54;3072
USDRUBF;15;20230810;123000;97.54;97.57;97.46;97.52;779
USDRUBF;15;20230810;124500;97.52;97.52;97.34;97.38;1008
USDRUBF;15;20230810;130000;97.4;97.47;97.21;97.22;1322
USDRUBF;15;20230810;131500;97.21;97.38;97.2;97.29;2210
USDRUBF;15;20230810;133000;97.27;97.43;97.25;97.43;1261
USDRUBF;15;20230810;134500;97.41;97.49;97.29;97.32;2173
USDRUBF;15;20230810;140000;97.35;97.46;97.3;97.37;496
USDRUBF;15;20230810;141500;97.35;97.46;97.08;97.23;1963
USDRUBF;15;20230810;143000;97.24;97.4;97.22;97.35;912
USDRUBF;15;20230810;144500;97.34;97.44;97.26;97.3;1033
USDRUBF;15;20230810;150000;97.28;97.28;97;97.02;1847
USDRUBF;15;20230810;151500;97.02;97.06;96.67;96.69;2539
USDRUBF;15;20230810;153000;96.68;97.03;96.63;96.99;3384
USDRUBF;15;20230810;154500;96.99;97.02;96.81;97.02;1434
USDRUBF;15;20230810;160000;97.02;97.17;96.93;96.94;1264
USDRUBF;15;20230810;161500;96.94;97.25;96.83;97.23;1582
USDRUBF;15;20230810;163000;97.23;97.27;97.05;97.19;934
USDRUBF;15;20230810;164500;97.2;97.28;97.13;97.23;308
USDRUBF;15;20230810;170000;97.23;97.41;97.23;97.36;1080
USDRUBF;15;20230810;171500;97.4;97.46;97.37;97.4;1824
USDRUBF;15;20230810;173000;97.41;97.57;97.41;97.48;1901
USDRUBF;15;20230810;174500;97.48;97.67;97.46;97.5;1346
USDRUBF;15;20230810;180000;97.52;97.58;97.43;97.44;507
USDRUBF;15;20230810;181500;97.43;97.53;97.43;97.5;619
USDRUBF;15;20230810;183000;97.5;97.5;97.3;97.34;1124
USDRUBF;15;20230810;184500;97.34;97.4;97.33;97.36;338
USDRUBF;15;20230810;190000;97.36;97.46;97.3;97.4;285
USDRUBF;15;20230810;191500;97.4;97.58;97.4;97.54;463
USDRUBF;15;20230810;193000;97.55;97.58;97.47;97.52;79
USDRUBF;15;20230810;194500;97.52;97.55;97.41;97.55;192
USDRUBF;15;20230810;200000;97.54;97.54;97.5;97.53;26
USDRUBF;15;20230810;201500;97.52;97.59;97.52;97.55;114
USDRUBF;15;20230810;203000;97.57;97.64;97.56;97.62;220
USDRUBF;15;20230810;204500;97.62;97.64;97.5;97.57;134
USDRUBF;15;20230810;210000;97.54;97.6;97.53;97.59;32
USDRUBF;15;20230810;211500;97.59;97.6;97.49;97.56;103
USDRUBF;15;20230810;213000;97.56;97.58;97.51;97.53;133
USDRUBF;15;20230810;214500;97.54;97.56;97.5;97.5;35
USDRUBF;15;20230810;220000;97.5;97.55;97.43;97.48;108
USDRUBF;15;20230810;221500;97.46;97.53;97.43;97.46;526
USDRUBF;15;20230810;223000;97.5;97.5;97.45;97.48;33
USDRUBF;15;20230810;224500;97.47;97.48;97.44;97.44;19
USDRUBF;15;20230810;230000;97.46;97.47;97.45;97.47;12
USDRUBF;15;20230810;231500;97.47;97.5;97.45;97.5;65
USDRUBF;15;20230810;233000;97.51;97.55;97.5;97.55;37
USDRUBF;15;20230810;234500;97.51;97.6;97.51;97.52;73
USDRUBF;15;20230811;090000;97.61;97.8;97.56;97.58;1300
USDRUBF;15;20230811;091500;97.56;97.59;97.41;97.43;3268
USDRUBF;15;20230811;093000;97.41;97.54;97.37;97.46;6682
USDRUBF;15;20230811;094500;97.44;97.63;97.4;97.63;498
USDRUBF;15;20230811;100000;97.63;97.75;97.5;97.57;1337
USDRUBF;15;20230811;101500;97.58;97.85;97.56;97.69;1845
USDRUBF;15;20230811;103000;97.69;97.99;97.64;97.95;2804
USDRUBF;15;20230811;104500;97.95;97.99;97.82;97.84;1875
USDRUBF;15;20230811;110000;97.87;97.92;97.7;97.72;1509
USDRUBF;15;20230811;111500;97.7;97.94;97.63;97.91;1525
USDRUBF;15;20230811;113000;97.92;98.14;97.91;97.98;3174
USDRUBF;15;20230811;114500;98.03;98.07;97.92;97.95;851
USDRUBF;15;20230811;120000;97.98;98.06;97.94;97.99;867
USDRUBF;15;20230811;121500;98.04;98.23;98.01;98.21;1232
USDRUBF;15;20230811;123000;98.21;98.28;98.05;98.06;1300
USDRUBF;15;20230811;124500;98.07;98.24;98.02;98.24;1168
USDRUBF;15;20230811;130000;98.24;98.28;98.15;98.24;1283
USDRUBF;15;20230811;131500;98.25;98.28;98.19;98.28;732
USDRUBF;15;20230811;133000;98.25;98.27;98.18;98.2;1138
USDRUBF;15;20230811;134500;98.21;98.25;98.13;98.24;401
USDRUBF;15;20230811;140000;98.24;98.31;98.21;98.28;847
USDRUBF;15;20230811;141500;98.3;98.32;98.23;98.3;533
USDRUBF;15;20230811;143000;98.3;98.35;98.25;98.33;873
USDRUBF;15;20230811;144500;98.33;98.5;98.24;98.47;1644
USDRUBF;15;20230811;150000;98.48;98.58;98.42;98.52;1593
USDRUBF;15;20230811;151500;98.51;98.51;98.32;98.44;1098
USDRUBF;15;20230811;153000;98.44;98.69;98.3;98.62;1594
USDRUBF;15;20230811;154500;98.62;98.83;98.58;98.8;1324
USDRUBF;15;20230811;160000;98.8;98.88;98.63;98.76;1330
USDRUBF;15;20230811;161500;98.79;99.02;98.78;98.95;1997
USDRUBF;15;20230811;163000;98.99;99.34;98.73;98.77;6027
USDRUBF;15;20230811;164500;98.8;99.06;98.76;98.82;2515
USDRUBF;15;20230811;170000;98.83;98.94;98.69;98.94;1390
USDRUBF;15;20230811;171500;98.94;99.02;98.77;98.88;1621
USDRUBF;15;20230811;173000;98.86;98.92;98.75;98.8;596
USDRUBF;15;20230811;174500;98.8;99;98.79;99;688
USDRUBF;15;20230811;180000;98.98;99.19;98.93;99.11;1360
USDRUBF;15;20230811;181500;99.06;99.32;99.02;99.11;2129
USDRUBF;15;20230811;183000;99.1;99.19;98.95;99.18;1684
USDRUBF;15;20230811;184500;99.17;99.25;99.15;99.25;494
USDRUBF;15;20230811;190000;99.25;99.49;99.23;99.49;1117
USDRUBF;15;20230811;191500;99.48;99.49;99.35;99.39;428
USDRUBF;15;20230811;193000;99.39;99.5;99.39;99.44;395
USDRUBF;15;20230811;194500;99.42;99.5;99.41;99.46;370
USDRUBF;15;20230811;200000;99.47;99.51;99.45;99.46;179
USDRUBF;15;20230811;201500;99.47;99.5;99.43;99.48;321
USDRUBF;15;20230811;203000;99.45;99.5;99.45;99.5;188
USDRUBF;15;20230811;204500;99.49;99.53;99.47;99.48;289
USDRUBF;15;20230811;210000;99.47;99.48;99.45;99.47;422
USDRUBF;15;20230811;211500;99.48;99.5;99.45;99.45;89
USDRUBF;15;20230811;213000;99.45;99.49;99.45;99.46;158
USDRUBF;15;20230811;214500;99.46;99.48;99.45;99.47;97
USDRUBF;15;20230811;220000;99.46;99.53;99.45;99.53;335
USDRUBF;15;20230811;221500;99.53;99.55;99.52;99.54;145
USDRUBF;15;20230811;223000;99.55;99.62;99.5;99.58;279
USDRUBF;15;20230811;224500;99.57;99.57;99.46;99.46;97
USDRUBF;15;20230811;230000;99.46;99.48;99.45;99.48;55
USDRUBF;15;20230811;231500;99.47;99.52;99.46;99.52;51
USDRUBF;15;20230811;233000;99.51;99.53;99.47;99.49;116
USDRUBF;15;20230811;234500;99.49;99.54;99.48;99.54;13
USDRUBF;15;20230814;090000;99.69;100.42;99.68;100.16;4506
USDRUBF;15;20230814;091500;100.16;100.18;99.95;100.05;2957
USDRUBF;15;20230814;093000;100.05;100.22;100.01;100.21;2095
USDRUBF;15;20230814;094500;100.2;100.35;99.96;100.27;2710
USDRUBF;15;20230814;100000;100.27;100.86;100.03;100.59;4132
USDRUBF;15;20230814;101500;100.55;100.77;100.46;100.52;2273
USDRUBF;15;20230814;103000;100.53;100.69;100.53;100.56;1178
USDRUBF;15;20230814;104500;100.59;100.82;100.52;100.72;1402
USDRUBF;15;20230814;110000;100.74;100.92;100.57;100.85;2208
USDRUBF;15;20230814;111500;100.84;100.98;100.73;100.9;2064
USDRUBF;15;20230814;113000;100.91;100.93;100.62;100.74;8082
USDRUBF;15;20230814;114500;100.73;100.78;100.59;100.72;6295
USDRUBF;15;20230814;120000;100.74;100.95;100.67;100.89;2264
USDRUBF;15;20230814;121500;100.93;100.93;100.51;100.52;2635
USDRUBF;15;20230814;123000;100.54;100.81;100.33;100.81;5791
USDRUBF;15;20230814;124500;100.81;101.26;100.76;101.21;3009
USDRUBF;15;20230814;130000;101.25;101.48;101.12;101.3;2277
USDRUBF;15;20230814;131500;101.29;101.46;101.05;101.35;3717
USDRUBF;15;20230814;133000;101.39;101.59;101.33;101.51;2790
USDRUBF;15;20230814;134500;101.51;101.52;101.3;101.43;1701
USDRUBF;15;20230814;140000;101.36;101.36;100.99;101.18;3331
USDRUBF;15;20230814;141500;101.21;101.27;101.01;101.07;2267
USDRUBF;15;20230814;143000;101.1;101.37;101.02;101.37;1289
USDRUBF;15;20230814;144500;101.38;101.38;101.13;101.24;1498
USDRUBF;15;20230814;150000;101.24;101.25;100.98;101.09;1174
USDRUBF;15;20230814;151500;101.07;101.32;101.02;101.26;1865
USDRUBF;15;20230814;153000;101.25;101.62;101.19;101.25;2961
USDRUBF;15;20230814;154500;101.25;101.6;101.2;101.28;1657
USDRUBF;15;20230814;160000;101.29;101.34;101.17;101.29;1383
USDRUBF;15;20230814;161500;101.29;101.44;101.22;101.41;502
USDRUBF;15;20230814;163000;101.44;101.46;101.28;101.34;1106
USDRUBF;15;20230814;164500;101.34;101.48;101.3;101.37;1429
USDRUBF;15;20230814;170000;101.37;101.44;99.61;99.61;12241
USDRUBF;15;20230814;171500;99.6;99.93;99.13;99.14;18912
USDRUBF;15;20230814;173000;99.13;99.32;97.85;98.47;20569
USDRUBF;15;20230814;174500;98.49;99.26;98.22;99.1;14227
USDRUBF;15;20230814;180000;99.09;99.12;97.76;97.78;9793
USDRUBF;15;20230814;181500;97.76;97.88;96.98;97.47;10374
USDRUBF;15;20230814;183000;97.47;97.8;97.11;97.6;5593
USDRUBF;15;20230814;184500;97.64;97.67;97.44;97.58;1246
USDRUBF;15;20230814;190000;97.5;97.52;97.1;97.24;1571
USDRUBF;15;20230814;191500;97.25;97.55;97.09;97.28;1183
USDRUBF;15;20230814;193000;97.22;97.47;97.12;97.12;598
USDRUBF;15;20230814;194500;97.15;97.26;97;97.14;550
USDRUBF;15;20230814;200000;97.14;97.25;97.08;97.2;190
USDRUBF;15;20230814;201500;97.24;97.25;96.96;97.02;802
USDRUBF;15;20230814;203000;97;97.14;96.97;97.02;522
USDRUBF;15;20230814;204500;97.04;97.05;96.65;96.73;1260
USDRUBF;15;20230814;210000;96.69;96.79;96.57;96.7;746
USDRUBF;15;20230814;211500;96.71;96.8;96.62;96.63;459
USDRUBF;15;20230814;213000;96.74;97.19;96.61;96.85;782
USDRUBF;15;20230814;214500;96.87;96.99;96.85;96.96;289
USDRUBF;15;20230814;220000;96.96;96.99;96.9;96.96;336
USDRUBF;15;20230814;221500;96.94;96.96;96.84;96.84;64
USDRUBF;15;20230814;223000;96.88;96.91;96.86;96.9;114
USDRUBF;15;20230814;224500;96.9;96.91;96.8;96.86;201
USDRUBF;15;20230814;230000;96.83;96.87;96.75;96.77;103
USDRUBF;15;20230814;231500;96.78;96.85;96.72;96.79;256
USDRUBF;15;20230814;233000;96.8;96.96;96.7;96.77;304
USDRUBF;15;20230814;234500;96.78;96.78;96.73;96.74;24
USDRUBF;15;20230815;090000;96.28;96.37;96;96.19;5198
USDRUBF;15;20230815;091500;96.2;96.26;95.78;95.8;2481
USDRUBF;15;20230815;093000;95.79;95.98;95.71;95.79;3051
USDRUBF;15;20230815;094500;95.79;95.89;95.15;95.2;5303
USDRUBF;15;20230815;100000;95.22;95.44;95.01;95.43;9220
USDRUBF;15;20230815;101500;95.41;96.12;95.19;96.02;11883
USDRUBF;15;20230815;103000;96.04;97.29;95.33;96.95;20567
USDRUBF;15;20230815;104500;96.96;98.83;96.65;98.07;22517
USDRUBF;15;20230815;110000;98.08;98.28;97.09;97.74;10540
USDRUBF;15;20230815;111500;97.74;98.25;97.65;97.79;4699
USDRUBF;15;20230815;113000;97.83;98.16;97.66;98.1;2121
USDRUBF;15;20230815;114500;98.1;98.1;97.67;97.67;1686
USDRUBF;15;20230815;120000;97.69;97.96;97.69;97.77;954
USDRUBF;15;20230815;121500;97.76;97.91;97.64;97.85;1527
USDRUBF;15;20230815;123000;97.86;97.86;97.72;97.72;1366
USDRUBF;15;20230815;124500;97.81;97.93;97.7;97.84;1141
USDRUBF;15;20230815;130000;97.88;98.04;97.86;98.02;938
USDRUBF;15;20230815;131500;98.03;98.07;98;98.05;774
USDRUBF;15;20230815;133000;98.04;98.1;97.94;97.98;642
USDRUBF;15;20230815;134500;98;98.02;97.96;97.96;520
USDRUBF;15;20230815;140000;97.98;98.1;97.98;98.07;364
USDRUBF;15;20230815;141500;98.06;98.5;98.06;98.5;1962
USDRUBF;15;20230815;143000;98.53;99.13;98.27;99.11;6284
USDRUBF;15;20230815;144500;99.12;99.15;98.43;98.55;3598
USDRUBF;15;20230815;150000;98.56;98.75;98.56;98.58;1229
USDRUBF;15;20230815;151500;98.59;98.59;98.13;98.15;2923
USDRUBF;15;20230815;153000;98.13;98.48;98.07;98.48;1429
USDRUBF;15;20230815;154500;98.5;98.62;98.2;98.35;1431
USDRUBF;15;20230815;160000;98.33;98.65;98.31;98.47;1468
USDRUBF;15;20230815;161500;98.42;98.55;98.22;98.53;1451
USDRUBF;15;20230815;163000;98.53;98.58;98.33;98.42;506
USDRUBF;15;20230815;164500;98.4;98.5;98.32;98.35;496
USDRUBF;15;20230815;170000;98.34;98.55;98.24;98.46;577
USDRUBF;15;20230815;171500;98.49;98.6;98.36;98.6;640
USDRUBF;15;20230815;173000;98.61;98.87;98.55;98.65;1691
USDRUBF;15;20230815;174500;98.65;98.65;98.44;98.5;317
USDRUBF;15;20230815;180000;98.5;98.53;97.21;97.53;3694
USDRUBF;15;20230815;181500;97.53;97.53;96.69;96.69;10818
USDRUBF;15;20230815;183000;96.68;96.94;96.16;96.83;5305
USDRUBF;15;20230815;184500;96.88;97.09;96.88;97.02;784
USDRUBF;15;20230815;190000;96.89;96.93;96.47;96.52;859
USDRUBF;15;20230815;191500;96.5;96.69;96.39;96.59;808
USDRUBF;15;20230815;193000;96.69;96.85;96.61;96.84;351
USDRUBF;15;20230815;194500;96.74;96.77;96.56;96.58;182
USDRUBF;15;20230815;200000;96.55;96.73;96.55;96.73;228
USDRUBF;15;20230815;201500;96.72;96.8;96.52;96.8;289
USDRUBF;15;20230815;203000;96.75;96.79;96.65;96.65;85
USDRUBF;15;20230815;204500;96.67;96.77;96.52;96.67;308
USDRUBF;15;20230815;210000;96.64;96.64;96.52;96.57;95
USDRUBF;15;20230815;211500;96.57;96.67;96.55;96.66;99
USDRUBF;15;20230815;213000;96.64;96.66;96.3;96.4;739
USDRUBF;15;20230815;214500;96.44;96.6;96.39;96.39;314
USDRUBF;15;20230815;220000;96.41;96.77;96.26;96.35;473
USDRUBF;15;20230815;221500;96.27;96.31;96.14;96.18;554
USDRUBF;15;20230815;223000;96.18;96.41;96.02;96.2;556
USDRUBF;15;20230815;224500;96.15;96.22;96.02;96.05;664
USDRUBF;15;20230815;230000;96.1;96.15;96.06;96.1;203
USDRUBF;15;20230815;231500;96.1;96.2;95.84;96;553
USDRUBF;15;20230815;233000;96;96.23;95.99;96.03;337
USDRUBF;15;20230815;234500;96.03;96.1;96.02;96.06;67
USDRUBF;15;20230816;090000;96.93;96.99;96.31;96.5;3714
USDRUBF;15;20230816;091500;96.51;96.51;96.18;96.22;1310
USDRUBF;15;20230816;093000;96.22;96.64;96.19;96.4;2403
USDRUBF;15;20230816;094500;96.4;96.63;96.32;96.51;1906
USDRUBF;15;20230816;100000;96.51;97.29;96.39;96.99;5899
USDRUBF;15;20230816;101500;97;97.02;96.55;96.9;3397
USDRUBF;15;20230816;103000;96.88;96.88;96.56;96.8;4359
USDRUBF;15;20230816;104500;96.79;96.84;96.68;96.72;7573
USDRUBF;15;20230816;110000;96.72;96.98;96.55;96.91;2993
USDRUBF;15;20230816;111500;96.89;96.92;96.68;96.82;1275
USDRUBF;15;20230816;113000;96.79;96.81;96.6;96.73;1813
USDRUBF;15;20230816;114500;96.72;96.77;96.68;96.71;769
USDRUBF;15;20230816;120000;96.71;96.79;96.67;96.74;677
USDRUBF;15;20230816;121500;96.72;96.76;96.46;96.49;1402
USDRUBF;15;20230816;123000;96.49;96.72;96.34;96.7;5431
USDRUBF;15;20230816;124500;96.71;96.8;96.47;96.5;1835
USDRUBF;15;20230816;130000;96.5;96.53;96.3;96.41;3736
USDRUBF;15;20230816;131500;96.4;96.57;96.06;96.52;5145
USDRUBF;15;20230816;133000;96.52;96.63;96.4;96.5;1592
USDRUBF;15;20230816;134500;96.5;96.5;96.23;96.27;1240
USDRUBF;15;20230816;140000;96.21;96.28;95.95;96.22;2230
USDRUBF;15;20230816;141500;96.21;96.21;95.85;96.05;4048
USDRUBF;15;20230816;143000;96.03;96.06;95.74;96.02;2472
USDRUBF;15;20230816;144500;96.02;96.06;95.47;95.54;6652
USDRUBF;15;20230816;150000;95.55;95.72;95.33;95.63;5246
USDRUBF;15;20230816;151500;95.64;95.64;95.06;95.23;4856
USDRUBF;15;20230816;153000;95.22;95.45;95.06;95.31;6072
USDRUBF;15;20230816;154500;95.29;95.48;95.12;95.48;2958
USDRUBF;15;20230816;160000;95.45;95.52;94.94;94.94;3319
USDRUBF;15;20230816;161500;94.98;95.11;94.73;95;4609
USDRUBF;15;20230816;163000;94.97;95.11;94.79;94.83;3550
USDRUBF;15;20230816;164500;94.8;95.01;94.77;94.96;2592
USDRUBF;15;20230816;170000;94.97;95.27;94.84;94.99;3649
USDRUBF;15;20230816;171500;95.01;95.13;94.4;94.41;2988
USDRUBF;15;20230816;173000;94.4;94.61;94.13;94.36;6859
USDRUBF;15;20230816;174500;94.37;94.55;94.25;94.43;2984
USDRUBF;15;20230816;180000;94.43;94.54;94.17;94.48;4709
USDRUBF;15;20230816;181500;94.48;94.7;94.39;94.69;3563
USDRUBF;15;20230816;183000;94.7;94.91;94.48;94.56;3342
USDRUBF;15;20230816;184500;94.56;94.64;94.51;94.64;448
USDRUBF;15;20230816;190000;94.58;94.58;94.32;94.48;749
USDRUBF;15;20230816;191500;94.48;94.52;94.39;94.5;469
USDRUBF;15;20230816;193000;94.5;94.57;94.46;94.52;130
USDRUBF;15;20230816;194500;94.52;94.56;94.44;94.56;102
USDRUBF;15;20230816;200000;94.56;94.63;94.56;94.6;277
USDRUBF;15;20230816;201500;94.6;94.6;94.5;94.5;103
USDRUBF;15;20230816;203000;94.51;94.51;94.45;94.49;60
USDRUBF;15;20230816;204500;94.47;94.47;94.38;94.38;67
USDRUBF;15;20230816;210000;94.38;94.6;94.35;94.6;164
USDRUBF;15;20230816;211500;94.58;94.59;94.55;94.55;79
USDRUBF;15;20230816;213000;94.55;94.58;94.52;94.52;90
USDRUBF;15;20230816;214500;94.51;94.55;94.49;94.51;104
USDRUBF;15;20230816;220000;94.54;94.64;94.54;94.64;161
USDRUBF;15;20230816;221500;94.6;94.63;94.58;94.6;98
USDRUBF;15;20230816;223000;94.6;94.66;94.58;94.6;150
USDRUBF;15;20230816;224500;94.6;94.65;94.6;94.63;116
USDRUBF;15;20230816;230000;94.62;94.63;94.55;94.58;70
USDRUBF;15;20230816;231500;94.58;94.69;94.58;94.69;36
USDRUBF;15;20230816;233000;94.69;94.75;94.64;94.72;92
USDRUBF;15;20230816;234500;94.76;94.82;94.73;94.74;59
USDRUBF;15;20230817;090000;94.33;95.29;94.21;94.93;5296
USDRUBF;15;20230817;091500;94.97;95.08;94.87;94.96;1863
USDRUBF;15;20230817;093000;94.96;95.27;94.88;95.04;2212
USDRUBF;15;20230817;094500;95.08;95.3;94.96;94.97;2346
USDRUBF;15;20230817;100000;95;95.18;94.7;94.7;3919
USDRUBF;15;20230817;101500;94.69;94.69;94.35;94.6;3220
USDRUBF;15;20230817;103000;94.56;94.78;94.46;94.68;2073
USDRUBF;15;20230817;104500;94.68;94.94;94.56;94.56;1672
USDRUBF;15;20230817;110000;94.54;94.68;94.26;94.3;2169
USDRUBF;15;20230817;111500;94.35;94.35;93.89;94.18;4714
USDRUBF;15;20230817;113000;94.17;94.2;93.96;94;1536
USDRUBF;15;20230817;114500;94;94.17;93.97;94.15;1785
USDRUBF;15;20230817;120000;94.15;94.19;94;94.05;1561
USDRUBF;15;20230817;121500;94.06;94.06;93.32;93.39;8597
USDRUBF;15;20230817;123000;93.39;93.39;92.88;93.02;5393
USDRUBF;15;20230817;124500;92.97;93.12;92.62;92.74;4039
USDRUBF;15;20230817;130000;92.71;92.88;92.37;92.79;9497
USDRUBF;15;20230817;131500;92.79;92.89;92.51;92.88;2869
USDRUBF;15;20230817;133000;92.88;93.37;92.84;93.29;4888
USDRUBF;15;20230817;134500;93.27;93.38;92.75;92.9;4056
USDRUBF;15;20230817;140000;92.83;92.99;92.69;92.97;2008
USDRUBF;15;20230817;141500;92.98;93.33;92.9;93.23;3568
USDRUBF;15;20230817;143000;93.22;93.39;93.06;93.34;2494
USDRUBF;15;20230817;144500;93.35;93.49;93.02;93.31;4889
USDRUBF;15;20230817;150000;93.35;93.5;93.16;93.19;3953
USDRUBF;15;20230817;151500;93.19;93.28;92.97;93.15;2075
USDRUBF;15;20230817;153000;93.12;93.37;93.02;93.02;3545
USDRUBF;15;20230817;154500;93.03;93.24;92.96;93.15;3355
USDRUBF;15;20230817;160000;93.13;93.33;93.08;93.27;3140
USDRUBF;15;20230817;161500;93.3;93.46;93.27;93.45;1329
USDRUBF;15;20230817;163000;93.43;93.47;93.31;93.44;2323
USDRUBF;15;20230817;164500;93.45;93.72;93.45;93.71;6148
USDRUBF;15;20230817;170000;93.71;93.9;93.58;93.88;2154
USDRUBF;15;20230817;171500;93.88;93.9;93.27;93.52;3670
USDRUBF;15;20230817;173000;93.51;93.81;93.42;93.48;4252
USDRUBF;15;20230817;174500;93.49;93.79;93.48;93.75;1940
USDRUBF;15;20230817;180000;93.74;93.74;93.5;93.52;3551
USDRUBF;15;20230817;181500;93.52;93.62;93.5;93.59;2349
USDRUBF;15;20230817;183000;93.61;93.66;93.54;93.57;1667
USDRUBF;15;20230817;184500;93.58;93.6;93.44;93.48;1050
USDRUBF;15;20230817;190000;93.38;93.49;93.32;93.43;603
USDRUBF;15;20230817;191500;93.44;93.47;93.37;93.43;92
USDRUBF;15;20230817;193000;93.41;93.47;93.41;93.42;503
USDRUBF;15;20230817;194500;93.41;93.44;93.32;93.38;178
USDRUBF;15;20230817;200000;93.37;93.43;93.34;93.4;79
USDRUBF;15;20230817;201500;93.4;93.4;93.38;93.39;34
USDRUBF;15;20230817;203000;93.37;93.43;93.36;93.43;133
USDRUBF;15;20230817;204500;93.43;93.43;93.39;93.4;29
USDRUBF;15;20230817;210000;93.4;93.45;93.4;93.44;25
USDRUBF;15;20230817;211500;93.45;93.46;93.37;93.37;301
USDRUBF;15;20230817;213000;93.37;93.39;93.36;93.39;86
USDRUBF;15;20230817;214500;93.39;93.41;93.37;93.41;18
USDRUBF;15;20230817;220000;93.41;93.42;93.38;93.42;5
USDRUBF;15;20230817;221500;93.42;93.44;93.39;93.44;28
USDRUBF;15;20230817;223000;93.41;93.44;93.41;93.44;14
USDRUBF;15;20230817;224500;93.44;93.48;93.44;93.48;22
USDRUBF;15;20230817;230000;93.48;93.48;93.46;93.47;16
USDRUBF;15;20230817;231500;93.47;93.48;93.46;93.48;57
USDRUBF;15;20230817;233000;93.48;93.49;93.44;93.46;148
USDRUBF;15;20230817;234500;93.46;93.51;93.46;93.47;43
USDRUBF;15;20230818;090000;93.45;93.5;93.3;93.4;1617
USDRUBF;15;20230818;091500;93.39;93.61;93.37;93.52;967
USDRUBF;15;20230818;093000;93.53;93.58;93.42;93.46;617
USDRUBF;15;20230818;094500;93.46;93.55;93.28;93.46;1163
USDRUBF;15;20230818;100000;93.48;93.77;93.36;93.48;3775
USDRUBF;15;20230818;101500;93.48;93.5;93.06;93.19;3264
USDRUBF;15;20230818;103000;93.2;93.23;92.71;92.73;2294
USDRUBF;15;20230818;104500;92.75;92.84;92.56;92.77;12292
USDRUBF;15;20230818;110000;92.78;92.8;92.54;92.71;12418
USDRUBF;15;20230818;111500;92.7;92.91;92.64;92.72;7511
USDRUBF;15;20230818;113000;92.7;92.93;92.68;92.85;3371
USDRUBF;15;20230818;114500;92.9;93.08;92.86;93.08;2582
USDRUBF;15;20230818;120000;93.08;93.13;92.99;93.04;1022
USDRUBF;15;20230818;121500;93.05;93.16;92.95;93.1;1361
USDRUBF;15;20230818;123000;93.1;93.19;93.01;93.06;1360
USDRUBF;15;20230818;124500;93.08;93.25;93.06;93.23;672
USDRUBF;15;20230818;130000;93.23;93.54;93.22;93.29;1614
USDRUBF;15;20230818;131500;93.26;93.71;93.26;93.68;1184
USDRUBF;15;20230818;133000;93.68;93.89;93.59;93.72;2620
USDRUBF;15;20230818;134500;93.71;93.86;93.62;93.75;1244
USDRUBF;15;20230818;141500;93.7;93.78;93.66;93.78;471
USDRUBF;15;20230818;143000;93.78;93.81;93.29;93.47;3119
USDRUBF;15;20230818;144500;93.47;93.66;93.47;93.59;938
USDRUBF;15;20230818;150000;93.57;93.77;93.4;93.67;1784
USDRUBF;15;20230818;151500;93.7;93.72;93.47;93.54;443
USDRUBF;15;20230818;153000;93.52;93.79;93.52;93.77;898
USDRUBF;15;20230818;154500;93.76;93.79;93.33;93.6;4821
USDRUBF;15;20230818;160000;93.55;93.67;93.46;93.59;592
USDRUBF;15;20230818;161500;93.6;93.67;93.43;93.62;963
USDRUBF;15;20230818;163000;93.61;93.7;93.59;93.63;389
USDRUBF;15;20230818;164500;93.62;93.7;93.56;93.67;150
USDRUBF;15;20230818;170000;93.66;93.79;93.62;93.77;8146
USDRUBF;15;20230818;171500;93.79;93.86;93.66;93.79;3260
USDRUBF;15;20230818;173000;93.8;93.8;93.59;93.62;1748
USDRUBF;15;20230818;174500;93.6;93.66;93.49;93.55;1782
USDRUBF;15;20230818;180000;93.55;93.65;93.4;93.48;1919
USDRUBF;15;20230818;181500;93.47;93.6;93.36;93.44;2177
USDRUBF;15;20230818;183000;93.45;93.52;93.45;93.48;369
USDRUBF;15;20230818;184500;93.47;93.54;93.47;93.54;120
USDRUBF;15;20230818;190000;93.45;93.54;93.45;93.54;234
USDRUBF;15;20230818;191500;93.54;93.57;93.52;93.57;292
USDRUBF;15;20230818;193000;93.56;93.58;93.56;93.56;99
USDRUBF;15;20230818;194500;93.58;93.59;93.56;93.57;40
USDRUBF;15;20230818;200000;93.58;93.59;93.57;93.59;48
USDRUBF;15;20230818;201500;93.59;93.6;93.56;93.56;115
USDRUBF;15;20230818;203000;93.58;93.66;93.58;93.63;55
USDRUBF;15;20230818;204500;93.63;93.67;93.62;93.64;120
USDRUBF;15;20230818;210000;93.63;93.7;93.6;93.69;132
USDRUBF;15;20230818;211500;93.69;93.76;93.68;93.68;167
USDRUBF;15;20230818;213000;93.66;93.7;93.66;93.69;55
USDRUBF;15;20230818;214500;93.69;93.71;93.69;93.7;53
USDRUBF;15;20230818;220000;93.7;93.71;93.67;93.68;220
USDRUBF;15;20230818;221500;93.68;93.68;93.66;93.66;31
USDRUBF;15;20230818;223000;93.66;93.69;93.66;93.69;17
USDRUBF;15;20230818;224500;93.71;93.72;93.68;93.68;31
USDRUBF;15;20230818;230000;93.72;93.73;93.7;93.73;77
USDRUBF;15;20230818;231500;93.73;93.73;93.68;93.68;3
USDRUBF;15;20230818;233000;93.7;93.77;93.68;93.73;79
USDRUBF;15;20230818;234500;93.76;93.76;93.68;93.75;48
USDRUBF;15;20230821;090000;93.55;93.55;93.2;93.46;3243
USDRUBF;15;20230821;091500;93.49;93.63;93.49;93.5;705
USDRUBF;15;20230821;093000;93.5;93.59;93.48;93.52;176
USDRUBF;15;20230821;094500;93.53;93.58;93.49;93.58;358
USDRUBF;15;20230821;100000;93.6;93.88;93.39;93.86;2353
USDRUBF;15;20230821;101500;93.88;93.95;93.44;93.65;3969
USDRUBF;15;20230821;103000;93.68;94.14;93.56;93.99;3703
USDRUBF;15;20230821;104500;93.99;94.51;93.99;94.2;4631
USDRUBF;15;20230821;110000;94.23;94.35;94.16;94.32;3104
USDRUBF;15;20230821;111500;94.34;94.68;94.2;94.23;12259
USDRUBF;15;20230821;113000;94.23;94.25;94.08;94.17;9113
USDRUBF;15;20230821;114500;94.2;94.26;94.1;94.26;1127
USDRUBF;15;20230821;120000;94.27;94.27;93.8;93.88;3951
USDRUBF;15;20230821;121500;93.88;93.9;93.67;93.75;3503
USDRUBF;15;20230821;123000;93.76;94.11;93.76;94.02;2606
USDRUBF;15;20230821;124500;94;94.4;93.95;94.28;2180
USDRUBF;15;20230821;130000;94.25;94.41;94.2;94.2;2290
USDRUBF;15;20230821;131500;94.2;94.36;94.18;94.26;1253
USDRUBF;15;20230821;133000;94.25;94.31;94.07;94.13;1867
USDRUBF;15;20230821;134500;94.15;94.22;94.08;94.09;1662
USDRUBF;15;20230821;140000;94.16;94.31;94.16;94.2;2140
USDRUBF;15;20230821;141500;94.19;94.35;94.15;94.2;1666
USDRUBF;15;20230821;143000;94.16;94.21;94.11;94.14;599
USDRUBF;15;20230821;144500;94.14;94.21;94.09;94.17;1294
USDRUBF;15;20230821;150000;94.16;94.16;93.96;94.02;1711
USDRUBF;15;20230821;151500;94.03;94.09;93.88;93.88;991
USDRUBF;15;20230821;153000;93.88;93.88;93.8;93.88;833
USDRUBF;15;20230821;154500;93.88;93.93;93.75;93.77;1558
USDRUBF;15;20230821;160000;93.77;93.8;93.68;93.69;1215
USDRUBF;15;20230821;161500;93.68;93.69;93.36;93.44;3698
USDRUBF;15;20230821;163000;93.43;93.49;93.33;93.34;7529
USDRUBF;15;20230821;164500;93.32;93.34;92.94;92.99;8682
USDRUBF;15;20230821;170000;92.99;93.28;92.94;93.28;15532
USDRUBF;15;20230821;171500;93.27;93.43;93.23;93.35;9251
USDRUBF;15;20230821;173000;93.35;93.45;93.35;93.35;1679
USDRUBF;15;20230821;174500;93.36;93.43;93.26;93.26;1240
USDRUBF;15;20230821;180000;93.29;93.55;93.27;93.36;1630
USDRUBF;15;20230821;181500;93.36;93.47;93.29;93.46;523
USDRUBF;15;20230821;183000;93.47;93.52;93.34;93.44;849
USDRUBF;15;20230821;184500;93.44;93.49;93.43;93.48;179
USDRUBF;15;20230821;190000;93.41;93.45;93.34;93.4;116
USDRUBF;15;20230821;191500;93.39;93.41;93.31;93.31;97
USDRUBF;15;20230821;193000;93.33;93.38;93.3;93.33;86
USDRUBF;15;20230821;194500;93.36;93.37;93.27;93.34;83
USDRUBF;15;20230821;200000;93.31;93.34;93.31;93.34;9
USDRUBF;15;20230821;201500;93.35;93.4;93.33;93.33;88
USDRUBF;15;20230821;203000;93.34;93.41;93.34;93.41;44
USDRUBF;15;20230821;204500;93.41;93.43;93.41;93.42;52
USDRUBF;15;20230821;210000;93.42;93.45;93.41;93.41;21
USDRUBF;15;20230821;211500;93.42;93.45;93.41;93.45;8
USDRUBF;15;20230821;213000;93.45;93.46;93.43;93.44;25
USDRUBF;15;20230821;214500;93.43;93.46;93.43;93.46;65
USDRUBF;15;20230821;220000;93.46;93.46;93.45;93.46;7
USDRUBF;15;20230821;221500;93.45;93.45;93.44;93.44;25
USDRUBF;15;20230821;223000;93.43;93.44;93.43;93.43;147
USDRUBF;15;20230821;224500;93.43;93.44;93.42;93.43;201
USDRUBF;15;20230821;230000;93.43;93.46;93.42;93.46;8
USDRUBF;15;20230821;231500;93.45;93.45;93.39;93.39;13
USDRUBF;15;20230821;233000;93.39;93.41;93.33;93.41;13
USDRUBF;15;20230821;234500;93.41;93.47;93.37;93.46;30
USDRUBF;15;20230822;090000;93.7;93.84;93.59;93.62;2055
USDRUBF;15;20230822;091500;93.62;93.63;93.52;93.58;965
USDRUBF;15;20230822;093000;93.59;93.7;93.58;93.62;369
USDRUBF;15;20230822;094500;93.61;93.69;93.52;93.69;476
USDRUBF;15;20230822;100000;93.68;93.96;93.65;93.86;2250
USDRUBF;15;20230822;101500;93.88;94.07;93.77;93.99;1697
USDRUBF;15;20230822;103000;94;94.17;93.9;93.99;6074
USDRUBF;15;20230822;104500;93.99;94.04;93.82;93.87;12387
USDRUBF;15;20230822;110000;93.9;93.9;93.61;93.71;12104
USDRUBF;15;20230822;111500;93.7;93.86;93.7;93.79;10114
USDRUBF;15;20230822;113000;93.8;93.89;93.78;93.81;5233
USDRUBF;15;20230822;114500;93.82;93.9;93.76;93.84;590
USDRUBF;15;20230822;120000;93.84;93.97;93.84;93.91;1510
USDRUBF;15;20230822;121500;93.91;93.97;93.89;93.95;491
USDRUBF;15;20230822;123000;93.95;93.96;93.88;93.88;562
USDRUBF;15;20230822;124500;93.9;93.96;93.88;93.96;761
USDRUBF;15;20230822;130000;93.96;93.98;93.82;93.9;3784
USDRUBF;15;20230822;131500;93.9;93.93;93.89;93.93;3321
USDRUBF;15;20230822;133000;93.92;93.94;93.84;93.85;258
USDRUBF;15;20230822;134500;93.85;93.96;93.83;93.96;605
USDRUBF;15;20230822;140000;93.94;94.02;93.93;94;703
USDRUBF;15;20230822;141500;93.99;93.99;93.91;93.97;195
USDRUBF;15;20230822;143000;93.94;94.03;93.88;93.98;353
USDRUBF;15;20230822;144500;93.98;93.99;93.89;93.9;358
USDRUBF;15;20230822;150000;93.9;93.93;93.79;93.89;1776
USDRUBF;15;20230822;151500;93.89;93.9;93.87;93.9;2930
USDRUBF;15;20230822;153000;93.9;93.9;93.85;93.9;2853
USDRUBF;15;20230822;154500;93.9;93.9;93.78;93.82;795
USDRUBF;15;20230822;160000;93.82;93.9;93.81;93.9;2508
USDRUBF;15;20230822;161500;93.9;93.99;93.86;93.96;3065
USDRUBF;15;20230822;163000;93.96;94.29;93.89;94.22;6015
USDRUBF;15;20230822;164500;94.23;94.36;94.11;94.31;2154
USDRUBF;15;20230822;170000;94.32;94.34;94.15;94.26;1251
USDRUBF;15;20230822;171500;94.27;94.28;94.09;94.09;969
USDRUBF;15;20230822;173000;94.12;94.17;94.01;94.05;888
USDRUBF;15;20230822;174500;94.05;94.06;93.72;93.85;4228
USDRUBF;15;20230822;180000;93.84;94.07;93.77;93.99;2846
USDRUBF;15;20230822;181500;93.98;94.06;93.95;94.04;1777
USDRUBF;15;20230822;183000;94.05;94.11;94.04;94.05;1069
USDRUBF;15;20230822;184500;94.06;94.09;94.06;94.08;700
USDRUBF;15;20230822;190000;94.05;94.25;93.95;94.15;844
USDRUBF;15;20230822;191500;94.19;94.21;94.06;94.14;275
USDRUBF;15;20230822;193000;94.14;94.14;94.05;94.05;119
USDRUBF;15;20230822;194500;94.05;94.1;94.05;94.07;38
USDRUBF;15;20230822;200000;94.09;94.14;94.08;94.12;104
USDRUBF;15;20230822;201500;94.11;94.13;94.08;94.1;57
USDRUBF;15;20230822;203000;94.13;94.15;94.09;94.1;116
USDRUBF;15;20230822;204500;94.09;94.1;94.02;94.02;90
USDRUBF;15;20230822;210000;94.04;94.11;94.03;94.09;64
USDRUBF;15;20230822;211500;94.05;94.09;94.03;94.06;67
USDRUBF;15;20230822;213000;94.05;94.05;94;94;61
USDRUBF;15;20230822;214500;94.01;94.01;93.98;94.01;200
USDRUBF;15;20230822;220000;94;94.01;93.96;94.01;38
USDRUBF;15;20230822;221500;94;94;93.98;93.98;7
USDRUBF;15;20230822;223000;94.01;94.03;93.99;93.99;47
USDRUBF;15;20230822;224500;94;94.02;93.97;94.02;49
USDRUBF;15;20230822;230000;94.02;94.11;94.02;94.04;178
USDRUBF;15;20230822;231500;94.07;94.1;94.01;94.1;78
USDRUBF;15;20230822;233000;94.07;94.15;94.07;94.14;393
USDRUBF;15;20230822;234500;94.14;94.15;94.13;94.13;42
USDRUBF;15;20230823;090000;94.24;94.42;94.21;94.42;2836
USDRUBF;15;20230823;091500;94.43;94.44;94.31;94.33;1797
USDRUBF;15;20230823;093000;94.3;94.36;94.27;94.31;803
USDRUBF;15;20230823;094500;94.33;94.47;94.29;94.47;531
USDRUBF;15;20230823;100000;94.47;94.55;94.31;94.41;2235
USDRUBF;15;20230823;101500;94.44;94.46;94.32;94.36;1371
USDRUBF;15;20230823;103000;94.4;94.69;94.37;94.41;4503
USDRUBF;15;20230823;104500;94.42;94.48;94.2;94.3;3570
USDRUBF;15;20230823;110000;94.31;94.38;94.17;94.2;3636
USDRUBF;15;20230823;111500;94.19;94.2;93.98;93.98;3052
USDRUBF;15;20230823;113000;93.98;94.2;93.95;94.02;4625
USDRUBF;15;20230823;114500;94.01;94.16;93.96;94.08;16130
USDRUBF;15;20230823;120000;94.06;94.12;94.02;94.07;6167
USDRUBF;15;20230823;121500;94.09;94.2;94.08;94.15;2942
USDRUBF;15;20230823;123000;94.15;94.19;94.13;94.16;364
USDRUBF;15;20230823;124500;94.14;94.18;94.05;94.1;674
USDRUBF;15;20230823;130000;94.08;94.16;94.07;94.1;460
USDRUBF;15;20230823;131500;94.1;94.14;94.04;94.12;742
USDRUBF;15;20230823;133000;94.12;94.2;94.07;94.14;2562
USDRUBF;15;20230823;134500;94.13;94.17;94.08;94.1;961
USDRUBF;15;20230823;140000;94.11;94.14;94.07;94.12;353
USDRUBF;15;20230823;141500;94.12;94.13;94.07;94.1;383
USDRUBF;15;20230823;143000;94.07;94.13;94.05;94.11;334
USDRUBF;15;20230823;144500;94.13;94.15;94.02;94.08;431
USDRUBF;15;20230823;150000;94.09;94.11;93.82;93.88;1284
USDRUBF;15;20230823;151500;93.9;93.93;93.85;93.9;1800
USDRUBF;15;20230823;153000;93.88;93.88;93.79;93.85;1654
USDRUBF;15;20230823;154500;93.83;93.88;93.8;93.87;904
USDRUBF;15;20230823;160000;93.87;93.9;93.8;93.8;917
USDRUBF;15;20230823;161500;93.79;93.82;93.71;93.78;984
USDRUBF;15;20230823;163000;93.79;93.86;93.74;93.83;1355
USDRUBF;15;20230823;164500;93.82;93.82;93.74;93.79;676
USDRUBF;15;20230823;170000;93.79;93.79;93.69;93.78;1241
USDRUBF;15;20230823;171500;93.75;93.83;93.74;93.83;1159
USDRUBF;15;20230823;173000;93.83;94.06;93.82;94.02;4353
USDRUBF;15;20230823;174500;94.03;94.27;94.02;94.21;5150
USDRUBF;15;20230823;180000;94.23;94.25;94.1;94.16;1325
USDRUBF;15;20230823;181500;94.18;94.2;94.08;94.2;1089
USDRUBF;15;20230823;183000;94.21;94.29;94.15;94.26;1101
USDRUBF;15;20230823;184500;94.27;94.28;94.21;94.28;974
USDRUBF;15;20230823;190000;94.25;94.25;94.05;94.13;668
USDRUBF;15;20230823;191500;94.11;94.12;94.08;94.08;150
USDRUBF;15;20230823;193000;94.08;94.13;94.06;94.12;170
USDRUBF;15;20230823;194500;94.13;94.13;94.06;94.09;224
USDRUBF;15;20230823;200000;94.08;94.3;94.06;94.29;602
USDRUBF;15;20230823;201500;94.29;94.29;94.21;94.27;285
USDRUBF;15;20230823;203000;94.28;94.29;94.2;94.28;240
USDRUBF;15;20230823;204500;94.28;94.3;94.26;94.27;188
USDRUBF;15;20230823;210000;94.29;94.4;94.29;94.36;195
USDRUBF;15;20230823;211500;94.36;94.4;94.32;94.4;117
USDRUBF;15;20230823;213000;94.4;94.74;94.37;94.46;1223
USDRUBF;15;20230823;214500;94.45;94.71;94.43;94.6;981
USDRUBF;15;20230823;220000;94.6;94.86;94.6;94.69;983
USDRUBF;15;20230823;221500;94.65;94.69;94.4;94.55;661
USDRUBF;15;20230823;223000;94.54;94.68;94.46;94.5;447
USDRUBF;15;20230823;224500;94.5;94.66;94.46;94.65;388
USDRUBF;15;20230823;230000;94.66;94.74;94.63;94.7;493
USDRUBF;15;20230823;231500;94.69;94.83;94.69;94.74;413
USDRUBF;15;20230823;233000;94.73;94.84;94.73;94.8;310
USDRUBF;15;20230823;234500;94.8;94.92;94.78;94.92;299
USDRUBF;15;20230824;090000;94.45;94.6;94.33;94.57;3484
USDRUBF;15;20230824;091500;94.59;94.6;94.51;94.53;2772
USDRUBF;15;20230824;093000;94.53;94.53;94.33;94.36;943
USDRUBF;15;20230824;094500;94.35;94.4;94.28;94.28;1367
USDRUBF;15;20230824;100000;94.3;94.32;94.11;94.16;2083
USDRUBF;15;20230824;101500;94.15;94.16;94.07;94.12;3505
USDRUBF;15;20230824;103000;94.12;94.16;94.07;94.16;1057
USDRUBF;15;20230824;104500;94.16;94.16;94.12;94.13;9861
USDRUBF;15;20230824;110000;94.15;94.16;94.13;94.14;1710
USDRUBF;15;20230824;111500;94.16;94.26;94.15;94.17;1149
USDRUBF;15;20230824;113000;94.18;94.34;94.18;94.19;1534
USDRUBF;15;20230824;114500;94.18;94.23;94.17;94.19;638
USDRUBF;15;20230824;120000;94.2;94.23;94.16;94.17;775
USDRUBF;15;20230824;121500;94.17;94.23;94.16;94.22;399
USDRUBF;15;20230824;123000;94.18;94.25;94.18;94.23;329
USDRUBF;15;20230824;124500;94.23;94.29;94.2;94.24;433
USDRUBF;15;20230824;130000;94.27;94.28;94.2;94.26;911
USDRUBF;15;20230824;131500;94.22;94.25;94.16;94.19;559
USDRUBF;15;20230824;133000;94.2;94.21;94.01;94.14;1350
USDRUBF;15;20230824;134500;94.13;94.24;94.1;94.22;601
USDRUBF;15;20230824;140000;94.23;94.25;94.2;94.24;339
USDRUBF;15;20230824;141500;94.25;94.27;94.19;94.2;193
USDRUBF;15;20230824;143000;94.2;94.24;94.17;94.2;370
USDRUBF;15;20230824;144500;94.21;94.32;94.2;94.29;2600
USDRUBF;15;20230824;150000;94.3;94.34;94.28;94.31;1397
USDRUBF;15;20230824;151500;94.33;94.42;94.28;94.29;831
USDRUBF;15;20230824;153000;94.31;94.36;94.3;94.32;437
USDRUBF;15;20230824;154500;94.32;94.36;94.31;94.33;249
USDRUBF;15;20230824;160000;94.35;94.36;94.31;94.33;834
USDRUBF;15;20230824;161500;94.37;94.37;94.21;94.22;746
USDRUBF;15;20230824;163000;94.21;94.31;94.2;94.23;1450
USDRUBF;15;20230824;164500;94.23;94.26;94.19;94.26;1017
USDRUBF;15;20230824;170000;94.24;94.26;94.23;94.25;1034
USDRUBF;15;20230824;171500;94.24;94.35;94.22;94.35;622
USDRUBF;15;20230824;173000;94.35;94.35;94.27;94.31;986
USDRUBF;15;20230824;174500;94.34;94.35;94.31;94.35;1562
USDRUBF;15;20230824;180000;94.35;94.35;94.32;94.35;3187
USDRUBF;15;20230824;181500;94.35;94.45;94.31;94.45;2471
USDRUBF;15;20230824;183000;94.47;94.6;94.47;94.59;1999
USDRUBF;15;20230824;184500;94.6;94.66;94.6;94.64;869
USDRUBF;15;20230824;190000;94.65;94.65;94.5;94.6;481
USDRUBF;15;20230824;191500;94.6;94.63;94.53;94.55;516
USDRUBF;15;20230824;193000;94.55;94.57;94.51;94.52;280
USDRUBF;15;20230824;194500;94.51;94.52;94.42;94.42;68
USDRUBF;15;20230824;200000;94.46;94.49;94.44;94.44;119
USDRUBF;15;20230824;201500;94.42;94.49;94.42;94.45;110
USDRUBF;15;20230824;203000;94.48;94.52;94.45;94.49;70
USDRUBF;15;20230824;204500;94.48;94.5;94.48;94.49;70
USDRUBF;15;20230824;210000;94.5;94.51;94.46;94.51;46
USDRUBF;15;20230824;211500;94.48;94.49;94.46;94.47;20
USDRUBF;15;20230824;213000;94.46;94.46;94.42;94.44;32
USDRUBF;15;20230824;214500;94.45;94.45;94.44;94.45;4
USDRUBF;15;20230824;220000;94.44;94.46;94.43;94.43;14
USDRUBF;15;20230824;221500;94.43;94.43;94.41;94.42;69
USDRUBF;15;20230824;223000;94.42;94.44;94.42;94.42;52
USDRUBF;15;20230824;224500;94.41;94.43;94.4;94.4;101
USDRUBF;15;20230824;230000;94.4;94.48;94.4;94.48;21
USDRUBF;15;20230824;231500;94.48;94.5;94.48;94.5;8
USDRUBF;15;20230824;233000;94.5;94.5;94.48;94.48;9
USDRUBF;15;20230824;234500;94.5;94.5;94.5;94.5;3
USDRUBF;15;20230825;090000;94.52;94.65;94.52;94.62;2326
USDRUBF;15;20230825;091500;94.62;94.71;94.6;94.65;663
USDRUBF;15;20230825;093000;94.63;94.67;94.6;94.6;188
USDRUBF;15;20230825;094500;94.61;94.67;94.61;94.66;1853
USDRUBF;15;20230825;100000;94.66;94.7;94.57;94.66;7993
USDRUBF;15;20230825;101500;94.66;94.79;94.66;94.77;1520
USDRUBF;15;20230825;103000;94.78;94.89;94.75;94.81;3798
USDRUBF;15;20230825;104500;94.81;94.85;94.71;94.72;5742
USDRUBF;15;20230825;110000;94.73;94.73;94.64;94.64;552
USDRUBF;15;20230825;111500;94.64;94.7;94.57;94.57;2777
USDRUBF;15;20230825;113000;94.59;94.61;94.57;94.6;6832
USDRUBF;15;20230825;114500;94.6;94.61;94.52;94.61;2738
USDRUBF;15;20230825;120000;94.6;94.7;94.57;94.62;447
USDRUBF;15;20230825;121500;94.63;94.64;94.55;94.6;471
USDRUBF;15;20230825;123000;94.61;94.63;94.57;94.6;144
USDRUBF;15;20230825;124500;94.61;94.66;94.59;94.6;421
USDRUBF;15;20230825;130000;94.6;94.63;94.59;94.59;116
USDRUBF;15;20230825;131500;94.59;94.6;94.56;94.56;190
USDRUBF;15;20230825;133000;94.57;94.61;94.55;94.6;340
USDRUBF;15;20230825;134500;94.59;94.61;94.54;94.55;359
USDRUBF;15;20230825;140000;94.57;94.58;94.53;94.55;155
USDRUBF;15;20230825;141500;94.54;94.57;94.54;94.55;488
USDRUBF;15;20230825;143000;94.54;94.6;94.52;94.6;2917
USDRUBF;15;20230825;144500;94.6;94.64;94.56;94.57;4629
USDRUBF;15;20230825;150000;94.58;94.66;94.58;94.61;688
USDRUBF;15;20230825;151500;94.62;94.7;94.62;94.7;909
USDRUBF;15;20230825;153000;94.69;94.7;94.65;94.67;1110
USDRUBF;15;20230825;154500;94.68;94.8;94.68;94.78;3941
USDRUBF;15;20230825;160000;94.78;95.06;94.77;95.04;5807
USDRUBF;15;20230825;161500;95.04;95.05;94.94;95.03;1451
USDRUBF;15;20230825;163000;95.03;95.04;94.94;95;4916
USDRUBF;15;20230825;164500;95;95.21;94.98;95.2;5372
USDRUBF;15;20230825;170000;95.2;95.51;95.2;95.35;4236
USDRUBF;15;20230825;171500;95.35;95.43;95.26;95.38;4483
USDRUBF;15;20230825;173000;95.37;95.42;95.05;95.39;7323
USDRUBF;15;20230825;174500;95.39;95.41;95.25;95.35;2294
USDRUBF;15;20230825;180000;95.34;95.38;95.26;95.29;1147
USDRUBF;15;20230825;181500;95.27;95.34;95.23;95.32;1861
USDRUBF;15;20230825;183000;95.28;95.28;95.15;95.16;2094
USDRUBF;15;20230825;184500;95.18;95.26;95.17;95.24;437
USDRUBF;15;20230825;190000;95.28;95.7;95.28;95.49;713
USDRUBF;15;20230825;191500;95.5;95.59;95.43;95.59;956
USDRUBF;15;20230825;193000;95.59;95.66;95.5;95.56;616
USDRUBF;15;20230825;194500;95.56;95.7;95.56;95.63;233
USDRUBF;15;20230825;200000;95.62;95.66;95.53;95.55;126
USDRUBF;15;20230825;201500;95.59;95.7;95.53;95.56;336
USDRUBF;15;20230825;203000;95.56;95.59;95.51;95.51;148
USDRUBF;15;20230825;204500;95.51;95.56;95.51;95.54;59
USDRUBF;15;20230825;210000;95.54;95.59;95.51;95.52;159
USDRUBF;15;20230825;211500;95.52;95.52;95.46;95.46;137
USDRUBF;15;20230825;213000;95.5;95.5;95.45;95.48;48
USDRUBF;15;20230825;214500;95.52;95.58;95.5;95.58;59
USDRUBF;15;20230825;220000;95.54;95.59;95.53;95.53;83
USDRUBF;15;20230825;221500;95.53;95.56;95.53;95.54;147
USDRUBF;15;20230825;223000;95.51;95.54;95.51;95.52;66
USDRUBF;15;20230825;224500;95.51;95.6;95.51;95.6;51
USDRUBF;15;20230825;230000;95.6;95.61;95.57;95.59;67
USDRUBF;15;20230825;231500;95.59;95.59;95.54;95.59;150
USDRUBF;15;20230825;233000;95.54;95.54;95.39;95.41;231
USDRUBF;15;20230825;234500;95.45;95.46;95.45;95.46;3
USDRUBF;15;20230828;090000;95.5;95.7;95.5;95.54;1446
USDRUBF;15;20230828;091500;95.53;95.75;95.52;95.75;1142
USDRUBF;15;20230828;093000;95.75;95.84;95.58;95.67;1292
USDRUBF;15;20230828;094500;95.7;95.77;95.63;95.74;349
USDRUBF;15;20230828;100000;95.68;95.76;95.57;95.66;1307
USDRUBF;15;20230828;101500;95.62;95.78;95.58;95.68;1468
USDRUBF;15;20230828;103000;95.67;95.79;95.66;95.73;4127
USDRUBF;15;20230828;104500;95.74;95.78;95.73;95.78;1454
USDRUBF;15;20230828;110000;95.78;95.79;95.63;95.67;2771
USDRUBF;15;20230828;111500;95.67;95.68;95.43;95.54;3700
USDRUBF;15;20230828;113000;95.53;95.57;95.31;95.36;6051
USDRUBF;15;20230828;114500;95.37;95.38;95.32;95.34;734
USDRUBF;15;20230828;120000;95.35;95.35;95.24;95.3;6353
USDRUBF;15;20230828;121500;95.3;95.5;95.3;95.46;2698
USDRUBF;15;20230828;123000;95.47;95.47;95.43;95.44;1129
USDRUBF;15;20230828;124500;95.45;95.48;95.37;95.38;3239
USDRUBF;15;20230828;130000;95.37;95.37;95.25;95.3;2032
USDRUBF;15;20230828;131500;95.3;95.35;95.26;95.29;767
USDRUBF;15;20230828;133000;95.29;95.37;95.22;95.28;1059
USDRUBF;15;20230828;134500;95.28;95.31;95.25;95.3;536
USDRUBF;15;20230828;140000;95.29;95.34;95.27;95.27;1403
USDRUBF;15;20230828;141500;95.27;95.34;95.26;95.3;282
USDRUBF;15;20230828;143000;95.3;95.31;95.19;95.28;2329
USDRUBF;15;20230828;144500;95.29;95.29;95.07;95.1;2780
USDRUBF;15;20230828;150000;95.1;95.14;95.06;95.09;796
USDRUBF;15;20230828;151500;95.1;95.17;95.06;95.16;778
USDRUBF;15;20230828;153000;95.15;95.25;95.1;95.2;1824
USDRUBF;15;20230828;154500;95.22;95.25;95.21;95.22;590
USDRUBF;15;20230828;160000;95.22;95.22;95.08;95.13;1808
USDRUBF;15;20230828;161500;95.13;95.16;95.06;95.07;838
USDRUBF;15;20230828;163000;95.09;95.17;95.07;95.14;892
USDRUBF;15;20230828;164500;95.15;95.18;95.1;95.17;1298
USDRUBF;15;20230828;170000;95.15;95.28;95.12;95.28;725
USDRUBF;15;20230828;171500;95.26;95.36;95.23;95.31;586
USDRUBF;15;20230828;173000;95.31;95.31;95.23;95.26;1398
USDRUBF;15;20230828;174500;95.24;95.35;95.21;95.35;414
USDRUBF;15;20230828;180000;95.35;95.36;95.25;95.29;836
USDRUBF;15;20230828;181500;95.29;95.3;95.22;95.22;576
USDRUBF;15;20230828;183000;95.22;95.28;95.21;95.25;329
USDRUBF;15;20230828;184500;95.23;95.24;95.23;95.24;62
USDRUBF;15;20230828;190000;95.21;95.25;95.2;95.25;98
USDRUBF;15;20230828;191500;95.25;95.32;95.24;95.26;74
USDRUBF;15;20230828;193000;95.28;95.38;95.28;95.29;113
USDRUBF;15;20230828;194500;95.3;95.39;95.29;95.3;65
USDRUBF;15;20230828;200000;95.3;95.3;95.26;95.27;102
USDRUBF;15;20230828;201500;95.27;95.27;95.22;95.23;26
USDRUBF;15;20230828;203000;95.24;95.25;95.22;95.22;27
USDRUBF;15;20230828;204500;95.22;95.25;95.22;95.23;46
USDRUBF;15;20230828;210000;95.22;95.3;95.22;95.3;333
USDRUBF;15;20230828;211500;95.3;95.33;95.3;95.3;76
USDRUBF;15;20230828;213000;95.29;95.32;95.26;95.26;127
USDRUBF;15;20230828;214500;95.26;95.28;95.26;95.28;25
USDRUBF;15;20230828;221500;95.29;95.31;95.28;95.31;32
USDRUBF;15;20230828;223000;95.28;95.33;95.28;95.29;25
USDRUBF;15;20230828;224500;95.31;95.32;95.3;95.32;13
USDRUBF;15;20230828;230000;95.31;95.31;95.28;95.28;44
USDRUBF;15;20230828;231500;95.26;95.26;95.22;95.22;28
USDRUBF;15;20230828;233000;95.21;95.25;95.21;95.25;14
USDRUBF;15;20230828;234500;95.24;95.25;95.23;95.25;8
USDRUBF;15;20230829;090000;95.35;95.54;95.35;95.41;1098
USDRUBF;15;20230829;091500;95.4;95.45;95.4;95.42;72
USDRUBF;15;20230829;093000;95.4;95.43;95.37;95.38;167
USDRUBF;15;20230829;094500;95.39;95.42;95.35;95.42;223
USDRUBF;15;20230829;100000;95.42;95.45;95.35;95.35;277
USDRUBF;15;20230829;101500;95.37;95.49;95.37;95.47;1353
USDRUBF;15;20230829;103000;95.47;95.7;95.46;95.66;1591
USDRUBF;15;20230829;104500;95.65;95.75;95.53;95.57;1818
USDRUBF;15;20230829;110000;95.57;95.65;95.49;95.51;1061
USDRUBF;15;20230829;111500;95.51;95.54;95.32;95.37;4128
USDRUBF;15;20230829;113000;95.36;95.45;95.28;95.43;1373
USDRUBF;15;20230829;114500;95.45;95.57;95.41;95.5;1531
USDRUBF;15;20230829;120000;95.5;95.65;95.48;95.62;685
USDRUBF;15;20230829;121500;95.61;95.63;95.38;95.4;1111
USDRUBF;15;20230829;123000;95.37;95.46;95.37;95.44;855
USDRUBF;15;20230829;124500;95.45;95.49;95.43;95.45;172
USDRUBF;15;20230829;130000;95.46;95.61;95.45;95.6;539
USDRUBF;15;20230829;131500;95.61;95.92;95.57;95.9;3343
USDRUBF;15;20230829;133000;95.92;95.97;95.87;95.94;3755
USDRUBF;15;20230829;134500;95.93;96.05;95.86;95.92;3396
USDRUBF;15;20230829;140000;95.94;95.96;95.86;95.88;1611
USDRUBF;15;20230829;141500;95.9;96.11;95.82;95.86;2998
USDRUBF;15;20230829;143000;95.88;95.98;95.83;95.9;686
USDRUBF;15;20230829;144500;95.93;96.05;95.85;96.01;978
USDRUBF;15;20230829;150000;96.02;96.22;96.02;96.12;2433
USDRUBF;15;20230829;151500;96.1;96.13;96.01;96.05;486
USDRUBF;15;20230829;153000;96.05;96.06;95.95;96.02;6506
USDRUBF;15;20230829;154500;96.01;96.05;95.91;95.93;910
USDRUBF;15;20230829;160000;95.92;95.95;95.84;95.93;2985
USDRUBF;15;20230829;161500;95.92;96.03;95.91;96;8844
USDRUBF;15;20230829;163000;96;96;95.83;95.85;6836
USDRUBF;15;20230829;164500;95.85;95.86;95.75;95.78;3719
USDRUBF;15;20230829;170000;95.75;95.78;95.64;95.68;2576
USDRUBF;15;20230829;171500;95.67;95.67;95.59;95.59;807
USDRUBF;15;20230829;173000;95.59;95.61;95.38;95.61;3485
USDRUBF;15;20230829;174500;95.62;95.65;95.47;95.47;1298
USDRUBF;15;20230829;180000;95.48;95.56;95.4;95.53;1388
USDRUBF;15;20230829;181500;95.56;95.67;95.5;95.62;1134
USDRUBF;15;20230829;183000;95.6;95.72;95.55;95.58;1250
USDRUBF;15;20230829;184500;95.58;95.58;95.48;95.48;404
USDRUBF;15;20230829;190000;95.47;95.47;95.32;95.4;368
USDRUBF;15;20230829;191500;95.4;95.56;95.4;95.47;130
USDRUBF;15;20230829;193000;95.48;95.51;95.48;95.51;44
USDRUBF;15;20230829;194500;95.51;95.54;95.5;95.53;30
USDRUBF;15;20230829;200000;95.53;95.53;95.5;95.5;89
USDRUBF;15;20230829;201500;95.52;95.62;95.52;95.58;162
USDRUBF;15;20230829;203000;95.6;95.61;95.48;95.48;185
USDRUBF;15;20230829;204500;95.49;95.49;95.43;95.47;73
USDRUBF;15;20230829;210000;95.46;95.48;95.46;95.48;20
USDRUBF;15;20230829;211500;95.47;95.54;95.47;95.51;87
USDRUBF;15;20230829;213000;95.52;95.54;95.52;95.53;4
USDRUBF;15;20230829;214500;95.54;95.57;95.49;95.55;63
USDRUBF;15;20230829;220000;95.55;95.56;95.47;95.49;63
USDRUBF;15;20230829;221500;95.46;95.47;95.44;95.44;54
USDRUBF;15;20230829;223000;95.49;95.49;95.45;95.47;29
USDRUBF;15;20230829;224500;95.47;95.48;95.45;95.48;32
USDRUBF;15;20230829;230000;95.5;95.5;95.47;95.48;47
USDRUBF;15;20230829;231500;95.49;95.49;95.46;95.46;24
USDRUBF;15;20230829;233000;95.47;95.47;95.47;95.47;16
USDRUBF;15;20230829;234500;95.48;95.5;95.48;95.5;15
USDRUBF;15;20230830;090000;95.85;95.86;95.67;95.74;2778
USDRUBF;15;20230830;091500;95.74;95.82;95.74;95.8;659
USDRUBF;15;20230830;093000;95.8;95.93;95.78;95.86;405
USDRUBF;15;20230830;094500;95.86;96.11;95.86;95.95;924
USDRUBF;15;20230830;100000;95.91;95.91;95.68;95.82;1331
USDRUBF;15;20230830;101500;95.83;96.13;95.82;95.97;2688
USDRUBF;15;20230830;103000;96;96.06;95.92;95.98;373
USDRUBF;15;20230830;104500;95.99;95.99;95.86;95.89;967
USDRUBF;15;20230830;110000;95.91;95.97;95.87;95.95;258
USDRUBF;15;20230830;111500;95.95;95.95;95.9;95.91;261
USDRUBF;15;20230830;113000;95.91;95.93;95.88;95.9;266
USDRUBF;15;20230830;114500;95.89;95.93;95.85;95.9;967
USDRUBF;15;20230830;120000;95.91;95.91;95.74;95.77;1212
USDRUBF;15;20230830;121500;95.77;95.77;95.65;95.72;1220
USDRUBF;15;20230830;123000;95.74;95.89;95.71;95.89;682
USDRUBF;15;20230830;124500;95.9;95.91;95.81;95.85;231
USDRUBF;15;20230830;130000;95.84;96;95.81;95.98;850
USDRUBF;15;20230830;131500;95.99;96;95.9;95.92;744
USDRUBF;15;20230830;133000;95.91;95.92;95.87;95.88;205
USDRUBF;15;20230830;134500;95.88;95.98;95.88;95.97;277
USDRUBF;15;20230830;140000;95.99;96.02;95.95;95.95;403
USDRUBF;15;20230830;141500;95.95;96.03;95.93;95.94;859
USDRUBF;15;20230830;143000;95.95;96.02;95.95;96.01;197
USDRUBF;15;20230830;144500;96.01;96.1;96;96.02;502
USDRUBF;15;20230830;150000;96;96.18;96;96.1;1548
USDRUBF;15;20230830;151500;96.11;96.13;96.02;96.04;1481
USDRUBF;15;20230830;153000;96.03;96.03;95.98;95.98;1111
USDRUBF;15;20230830;154500;95.98;96.01;95.98;96.01;284
USDRUBF;15;20230830;160000;96.01;96.1;95.97;95.97;1000
USDRUBF;15;20230830;161500;95.96;96.16;95.95;96.09;1030
USDRUBF;15;20230830;163000;96.08;96.1;96.05;96.1;370
USDRUBF;15;20230830;164500;96.07;96.09;96.02;96.05;373
USDRUBF;15;20230830;170000;96.06;96.09;95.96;96.02;1513
USDRUBF;15;20230830;171500;96.01;96.09;96;96.04;170
USDRUBF;15;20230830;173000;96.05;96.06;95.93;96.05;454
USDRUBF;15;20230830;174500;96.06;96.06;96.03;96.04;89
USDRUBF;15;20230830;180000;96.06;96.12;96.06;96.12;435
USDRUBF;15;20230830;181500;96.13;96.23;96.12;96.22;505
USDRUBF;15;20230830;183000;96.21;96.22;96.17;96.2;641
USDRUBF;15;20230830;184500;96.2;96.21;96.17;96.21;240
USDRUBF;15;20230830;190000;96.21;96.22;96.19;96.2;97
USDRUBF;15;20230830;191500;96.22;96.47;96.22;96.28;330
USDRUBF;15;20230830;193000;96.25;96.29;96.25;96.25;58
USDRUBF;15;20230830;194500;96.27;96.3;96.24;96.3;54
USDRUBF;15;20230830;200000;96.3;96.34;96.29;96.29;115
USDRUBF;15;20230830;201500;96.27;96.3;96.27;96.28;91
USDRUBF;15;20230830;203000;96.28;96.29;96.26;96.26;18
USDRUBF;15;20230830;204500;96.26;96.27;96.21;96.27;51
USDRUBF;15;20230830;210000;96.24;96.27;96.24;96.24;28
USDRUBF;15;20230830;211500;96.23;96.27;96.17;96.26;84
USDRUBF;15;20230830;213000;96.26;96.29;96.25;96.28;52
USDRUBF;15;20230830;214500;96.28;96.28;96.23;96.23;36
USDRUBF;15;20230830;220000;96.23;96.25;96.23;96.23;66
USDRUBF;15;20230830;221500;96.24;96.25;96.24;96.25;22
USDRUBF;15;20230830;223000;96.25;96.29;96.22;96.29;115
USDRUBF;15;20230830;224500;96.28;96.29;96.28;96.29;121
USDRUBF;15;20230830;230000;96.29;96.29;96.25;96.29;241
USDRUBF;15;20230830;231500;96.29;96.3;96.28;96.28;72
USDRUBF;15;20230830;233000;96.3;96.3;96.24;96.26;76
USDRUBF;15;20230830;234500;96.29;96.3;96.25;96.25;13
