<TICKER>;<PER>;<DATE>;<TIME>;<OPEN>;<HIGH>;<LOW>;<CLOSE>;<VOL>
CNYRUBF;30;20240103;090000;12.675;12.691;12.665;12.671;2104
CNYRUBF;30;20240103;093000;12.67;12.684;12.67;12.68;1136
CNYRUBF;30;20240103;100000;12.68;12.718;12.677;12.712;4844
CNYRUBF;30;20240103;103000;12.711;12.73;12.699;12.718;8365
CNYRUBF;30;20240103;110000;12.717;12.732;12.715;12.73;2174
CNYRUBF;30;20240103;113000;12.73;12.73;12.722;12.725;1788
CNYRUBF;30;20240103;120000;12.726;12.74;12.725;12.728;3590
CNYRUBF;30;20240103;123000;12.729;12.738;12.729;12.734;967
CNYRUBF;30;20240103;130000;12.733;12.775;12.733;12.755;3894
CNYRUBF;30;20240103;133000;12.755;12.77;12.739;12.747;674
CNYRUBF;30;20240103;140000;12.748;12.763;12.737;12.742;1488
CNYRUBF;30;20240103;143000;12.738;12.751;12.733;12.739;2256
CNYRUBF;30;20240103;150000;12.739;12.746;12.736;12.741;2477
CNYRUBF;30;20240103;153000;12.74;12.757;12.74;12.751;3550
CNYRUBF;30;20240103;160000;12.75;12.753;12.736;12.742;5595
CNYRUBF;30;20240103;163000;12.74;12.742;12.707;12.726;10377
CNYRUBF;30;20240103;170000;12.73;12.737;12.713;12.714;4944
CNYRUBF;30;20240103;173000;12.715;12.728;12.715;12.727;4830
CNYRUBF;30;20240103;180000;12.726;12.739;12.721;12.729;8152
CNYRUBF;30;20240103;183000;12.729;12.741;12.726;12.741;3826
CNYRUBF;30;20240103;190000;12.738;12.747;12.729;12.739;986
CNYRUBF;30;20240103;193000;12.739;12.779;12.739;12.751;2183
CNYRUBF;30;20240103;200000;12.751;12.768;12.751;12.764;2251
CNYRUBF;30;20240103;203000;12.759;12.789;12.757;12.778;4844
CNYRUBF;30;20240103;210000;12.778;12.787;12.759;12.762;2182
CNYRUBF;30;20240103;213000;12.761;12.776;12.759;12.77;588
CNYRUBF;30;20240103;220000;12.767;12.777;12.763;12.777;439
CNYRUBF;30;20240103;223000;12.777;12.777;12.763;12.769;457
CNYRUBF;30;20240103;230000;12.77;12.77;12.763;12.768;439
CNYRUBF;30;20240103;233000;12.768;12.779;12.768;12.778;526
CNYRUBF;30;20240104;090000;12.771;12.772;12.75;12.75;4208
CNYRUBF;30;20240104;093000;12.751;12.751;12.724;12.739;10525
CNYRUBF;30;20240104;100000;12.739;12.753;12.702;12.726;9051
CNYRUBF;30;20240104;103000;12.723;12.727;12.685;12.695;8360
CNYRUBF;30;20240104;110000;12.696;12.713;12.675;12.696;7375
CNYRUBF;30;20240104;113000;12.697;12.705;12.681;12.705;2374
CNYRUBF;30;20240104;120000;12.706;12.721;12.703;12.709;4521
CNYRUBF;30;20240104;123000;12.709;12.711;12.681;12.681;5386
CNYRUBF;30;20240104;130000;12.68;12.721;12.67;12.711;12470
CNYRUBF;30;20240104;133000;12.71;12.721;12.705;12.711;7035
CNYRUBF;30;20240104;140000;12.714;12.727;12.714;12.719;4569
CNYRUBF;30;20240104;143000;12.72;12.72;12.713;12.714;3082
CNYRUBF;30;20240104;150000;12.715;12.715;12.68;12.706;2437
CNYRUBF;30;20240104;153000;12.705;12.708;12.694;12.698;4462
CNYRUBF;30;20240104;160000;12.695;12.697;12.666;12.675;6969
CNYRUBF;30;20240104;163000;12.674;12.684;12.665;12.678;5335
CNYRUBF;30;20240104;170000;12.674;12.687;12.658;12.686;5300
CNYRUBF;30;20240104;173000;12.687;12.704;12.678;12.678;1529
CNYRUBF;30;20240104;180000;12.68;12.689;12.667;12.674;1642
CNYRUBF;30;20240104;183000;12.674;12.675;12.645;12.65;2586
CNYRUBF;30;20240104;190000;12.651;12.663;12.642;12.658;1893
CNYRUBF;30;20240104;193000;12.657;12.664;12.655;12.659;822
CNYRUBF;30;20240104;200000;12.662;12.68;12.655;12.656;711
CNYRUBF;30;20240104;203000;12.656;12.666;12.656;12.659;56
CNYRUBF;30;20240104;210000;12.659;12.662;12.656;12.656;159
CNYRUBF;30;20240104;213000;12.659;12.664;12.658;12.664;223
CNYRUBF;30;20240104;220000;12.665;12.669;12.661;12.666;172
CNYRUBF;30;20240104;223000;12.666;12.666;12.66;12.661;100
CNYRUBF;30;20240104;230000;12.663;12.665;12.66;12.66;305
CNYRUBF;30;20240104;233000;12.661;12.663;12.659;12.659;44
CNYRUBF;30;20240105;090000;12.674;12.686;12.661;12.682;2026
CNYRUBF;30;20240105;093000;12.682;12.705;12.678;12.694;2241
CNYRUBF;30;20240105;100000;12.695;12.697;12.655;12.655;4270
CNYRUBF;30;20240105;103000;12.655;12.66;12.632;12.652;8478
CNYRUBF;30;20240105;110000;12.65;12.65;12.615;12.634;23430
CNYRUBF;30;20240105;113000;12.635;12.66;12.632;12.653;5582
CNYRUBF;30;20240105;120000;12.652;12.653;12.63;12.642;7867
CNYRUBF;30;20240105;123000;12.645;12.652;12.633;12.651;5011
CNYRUBF;30;20240105;130000;12.648;12.663;12.64;12.653;4831
CNYRUBF;30;20240105;133000;12.652;12.659;12.65;12.652;1574
CNYRUBF;30;20240105;140000;12.651;12.651;12.637;12.65;2506
CNYRUBF;30;20240105;143000;12.65;12.651;12.643;12.645;2599
CNYRUBF;30;20240105;150000;12.645;12.651;12.64;12.647;7125
CNYRUBF;30;20240105;153000;12.648;12.659;12.646;12.648;886
CNYRUBF;30;20240105;160000;12.648;12.655;12.648;12.649;911
CNYRUBF;30;20240105;163000;12.648;12.651;12.62;12.642;3623
CNYRUBF;30;20240105;170000;12.641;12.653;12.636;12.651;1363
CNYRUBF;30;20240105;173000;12.649;12.654;12.643;12.649;711
CNYRUBF;30;20240105;180000;12.648;12.653;12.641;12.644;2465
CNYRUBF;30;20240105;183000;12.648;12.65;12.637;12.637;1569
CNYRUBF;30;20240105;190000;12.642;12.645;12.63;12.632;1338
CNYRUBF;30;20240105;193000;12.631;12.636;12.628;12.632;530
CNYRUBF;30;20240105;200000;12.632;12.635;12.627;12.632;241
CNYRUBF;30;20240105;203000;12.631;12.632;12.63;12.632;74
CNYRUBF;30;20240105;210000;12.632;12.64;12.63;12.631;260
CNYRUBF;30;20240105;213000;12.63;12.631;12.623;12.631;85
CNYRUBF;30;20240105;220000;12.631;12.632;12.63;12.63;177
CNYRUBF;30;20240105;223000;12.63;12.632;12.63;12.632;237
CNYRUBF;30;20240105;230000;12.631;12.65;12.625;12.633;470
CNYRUBF;30;20240105;233000;12.634;12.642;12.613;12.642;1001
CNYRUBF;30;20240108;090000;12.645;12.647;12.638;12.641;2964
CNYRUBF;30;20240108;093000;12.64;12.643;12.619;12.623;698
CNYRUBF;30;20240108;100000;12.627;12.678;12.625;12.638;9931
CNYRUBF;30;20240108;103000;12.637;12.656;12.637;12.652;2852
CNYRUBF;30;20240108;110000;12.652;12.662;12.638;12.65;4626
CNYRUBF;30;20240108;113000;12.651;12.659;12.641;12.641;6532
CNYRUBF;30;20240108;120000;12.641;12.641;12.569;12.585;21846
CNYRUBF;30;20240108;123000;12.585;12.616;12.58;12.604;20316
CNYRUBF;30;20240108;130000;12.605;12.62;12.585;12.614;9194
CNYRUBF;30;20240108;133000;12.611;12.624;12.598;12.62;1732
CNYRUBF;30;20240108;140000;12.623;12.659;12.623;12.654;4775
CNYRUBF;30;20240108;143000;12.653;12.72;12.653;12.713;32992
CNYRUBF;30;20240108;150000;12.713;12.736;12.706;12.71;12507
CNYRUBF;30;20240108;153000;12.71;12.733;12.707;12.73;5461
CNYRUBF;30;20240108;160000;12.733;12.749;12.719;12.739;2542
CNYRUBF;30;20240108;163000;12.739;12.753;12.716;12.727;4723
CNYRUBF;30;20240108;170000;12.727;12.742;12.71;12.724;11757
CNYRUBF;30;20240108;173000;12.726;12.727;12.716;12.72;4600
CNYRUBF;30;20240108;180000;12.716;12.716;12.693;12.707;7970
CNYRUBF;30;20240108;183000;12.707;12.725;12.706;12.725;1209
CNYRUBF;30;20240108;190000;12.724;12.733;12.693;12.705;4287
CNYRUBF;30;20240108;193000;12.706;12.728;12.699;12.724;2557
CNYRUBF;30;20240108;200000;12.728;12.728;12.718;12.718;590
CNYRUBF;30;20240108;203000;12.72;12.724;12.713;12.714;1381
CNYRUBF;30;20240108;210000;12.716;12.718;12.706;12.718;1833
CNYRUBF;30;20240108;213000;12.716;12.718;12.712;12.716;272
CNYRUBF;30;20240108;220000;12.716;12.716;12.712;12.713;328
CNYRUBF;30;20240108;223000;12.71;12.715;12.71;12.714;540
CNYRUBF;30;20240108;230000;12.714;12.714;12.708;12.708;228
CNYRUBF;30;20240108;233000;12.71;12.737;12.71;12.72;2500
CNYRUBF;30;20240109;090000;12.705;12.705;12.68;12.695;11991
CNYRUBF;30;20240109;093000;12.69;12.711;12.667;12.687;11741
CNYRUBF;30;20240109;100000;12.685;12.69;12.626;12.628;16070
CNYRUBF;30;20240109;103000;12.626;12.653;12.62;12.634;8239
CNYRUBF;30;20240109;110000;12.633;12.644;12.614;12.629;8250
CNYRUBF;30;20240109;113000;12.631;12.636;12.621;12.633;3518
CNYRUBF;30;20240109;120000;12.631;12.646;12.618;12.618;19852
CNYRUBF;30;20240109;123000;12.618;12.619;12.588;12.588;10944
CNYRUBF;30;20240109;130000;12.589;12.59;12.566;12.573;12624
CNYRUBF;30;20240109;133000;12.571;12.573;12.516;12.538;32328
CNYRUBF;30;20240109;140000;12.537;12.551;12.502;12.531;17599
CNYRUBF;30;20240109;143000;12.531;12.537;12.518;12.521;5842
CNYRUBF;30;20240109;150000;12.52;12.521;12.49;12.494;18997
CNYRUBF;30;20240109;153000;12.49;12.5;12.472;12.488;28239
CNYRUBF;30;20240109;160000;12.487;12.488;12.456;12.463;9485
CNYRUBF;30;20240109;163000;12.464;12.495;12.399;12.492;35631
CNYRUBF;30;20240109;170000;12.492;12.502;12.457;12.472;13035
CNYRUBF;30;20240109;173000;12.469;12.514;12.447;12.448;28250
CNYRUBF;30;20240109;180000;12.448;12.493;12.438;12.485;8055
CNYRUBF;30;20240109;183000;12.485;12.52;12.484;12.502;22703
CNYRUBF;30;20240109;190000;12.515;12.517;12.484;12.509;2421
CNYRUBF;30;20240109;193000;12.509;12.509;12.498;12.502;1410
CNYRUBF;30;20240109;200000;12.502;12.505;12.491;12.503;1042
CNYRUBF;30;20240109;203000;12.502;12.505;12.491;12.491;491
CNYRUBF;30;20240109;210000;12.49;12.49;12.474;12.482;651
CNYRUBF;30;20240109;213000;12.487;12.489;12.473;12.476;145
CNYRUBF;30;20240109;220000;12.475;12.487;12.467;12.479;454
CNYRUBF;30;20240109;223000;12.48;12.485;12.478;12.481;387
CNYRUBF;30;20240109;230000;12.485;12.503;12.48;12.503;487
CNYRUBF;30;20240109;233000;12.501;12.514;12.495;12.512;658
CNYRUBF;30;20240110;090000;12.493;12.499;12.458;12.474;19218
CNYRUBF;30;20240110;093000;12.473;12.477;12.436;12.441;5854
CNYRUBF;30;20240110;100000;12.44;12.476;12.422;12.459;9147
CNYRUBF;30;20240110;103000;12.461;12.468;12.439;12.448;4493
CNYRUBF;30;20240110;110000;12.448;12.448;12.416;12.42;17665
CNYRUBF;30;20240110;113000;12.418;12.436;12.405;12.409;10964
CNYRUBF;30;20240110;120000;12.409;12.467;12.409;12.448;16321
CNYRUBF;30;20240110;123000;12.448;12.455;12.43;12.441;4046
CNYRUBF;30;20240110;130000;12.44;12.445;12.433;12.44;882
CNYRUBF;30;20240110;133000;12.441;12.441;12.423;12.425;5141
CNYRUBF;30;20240110;140000;12.425;12.436;12.419;12.435;2260
CNYRUBF;30;20240110;143000;12.434;12.437;12.421;12.424;3731
CNYRUBF;30;20240110;150000;12.425;12.426;12.384;12.408;20257
CNYRUBF;30;20240110;153000;12.409;12.436;12.409;12.433;12257
CNYRUBF;30;20240110;160000;12.433;12.454;12.422;12.442;8755
CNYRUBF;30;20240110;163000;12.442;12.442;12.431;12.432;4758
CNYRUBF;30;20240110;170000;12.433;12.442;12.428;12.439;6516
CNYRUBF;30;20240110;173000;12.441;12.445;12.427;12.428;18666
CNYRUBF;30;20240110;180000;12.427;12.437;12.417;12.429;5795
CNYRUBF;30;20240110;183000;12.428;12.432;12.422;12.425;10919
CNYRUBF;30;20240110;190000;12.422;12.43;12.416;12.42;813
CNYRUBF;30;20240110;193000;12.421;12.43;12.417;12.427;448
CNYRUBF;30;20240110;200000;12.427;12.429;12.415;12.429;593
CNYRUBF;30;20240110;203000;12.429;12.432;12.428;12.432;360
CNYRUBF;30;20240110;210000;12.433;12.434;12.415;12.42;572
CNYRUBF;30;20240110;213000;12.425;12.431;12.423;12.429;328
CNYRUBF;30;20240110;220000;12.427;12.43;12.425;12.427;184
CNYRUBF;30;20240110;223000;12.426;12.43;12.424;12.427;1277
CNYRUBF;30;20240110;230000;12.426;12.428;12.42;12.424;536
CNYRUBF;30;20240110;233000;12.424;12.427;12.424;12.427;103
CNYRUBF;30;20240111;090000;12.438;12.455;12.434;12.439;13509
CNYRUBF;30;20240111;093000;12.439;12.44;12.381;12.382;18164
CNYRUBF;30;20240111;100000;12.381;12.393;12.344;12.38;27730
CNYRUBF;30;20240111;103000;12.379;12.392;12.361;12.377;8065
CNYRUBF;30;20240111;110000;12.377;12.381;12.355;12.378;7670
CNYRUBF;30;20240111;113000;12.375;12.395;12.355;12.36;6372
CNYRUBF;30;20240111;120000;12.36;12.377;12.347;12.363;4944
CNYRUBF;30;20240111;123000;12.366;12.37;12.359;12.366;12068
CNYRUBF;30;20240111;130000;12.366;12.376;12.363;12.373;4312
CNYRUBF;30;20240111;133000;12.373;12.376;12.364;12.371;3043
CNYRUBF;30;20240111;140000;12.371;12.372;12.354;12.37;2248
CNYRUBF;30;20240111;143000;12.369;12.374;12.366;12.373;2970
CNYRUBF;30;20240111;150000;12.371;12.38;12.369;12.378;5053
CNYRUBF;30;20240111;153000;12.377;12.378;12.37;12.372;16860
CNYRUBF;30;20240111;160000;12.372;12.377;12.365;12.372;5135
CNYRUBF;30;20240111;163000;12.372;12.374;12.355;12.357;6501
CNYRUBF;30;20240111;170000;12.359;12.362;12.328;12.345;19095
CNYRUBF;30;20240111;173000;12.345;12.363;12.333;12.35;4047
CNYRUBF;30;20240111;180000;12.352;12.358;12.322;12.324;5482
CNYRUBF;30;20240111;183000;12.324;12.336;12.323;12.336;1090
CNYRUBF;30;20240111;190000;12.33;12.341;12.32;12.32;2007
CNYRUBF;30;20240111;193000;12.321;12.325;12.317;12.317;581
CNYRUBF;30;20240111;200000;12.318;12.321;12.315;12.319;409
CNYRUBF;30;20240111;203000;12.32;12.33;12.32;12.324;346
CNYRUBF;30;20240111;210000;12.325;12.326;12.316;12.316;696
CNYRUBF;30;20240111;213000;12.318;12.32;12.306;12.32;1108
CNYRUBF;30;20240111;220000;12.32;12.321;12.309;12.309;1997
CNYRUBF;30;20240111;223000;12.309;12.313;12.302;12.304;2935
CNYRUBF;30;20240111;230000;12.304;12.312;12.303;12.305;1011
CNYRUBF;30;20240111;233000;12.305;12.31;12.302;12.307;1087
CNYRUBF;30;20240112;090000;12.307;12.318;12.295;12.312;16592
CNYRUBF;30;20240112;093000;12.311;12.316;12.267;12.276;17885
CNYRUBF;30;20240112;100000;12.277;12.281;12.253;12.258;66646
CNYRUBF;30;20240112;103000;12.259;12.278;12.258;12.263;43024
CNYRUBF;30;20240112;110000;12.265;12.287;12.259;12.26;46068
CNYRUBF;30;20240112;113000;12.26;12.263;12.233;12.245;25430
CNYRUBF;30;20240112;120000;12.245;12.251;12.235;12.244;11819
CNYRUBF;30;20240112;123000;12.244;12.257;12.242;12.252;11461
CNYRUBF;30;20240112;130000;12.252;12.252;12.226;12.237;6142
CNYRUBF;30;20240112;133000;12.238;12.249;12.238;12.242;2853
CNYRUBF;30;20240112;140000;12.242;12.242;12.224;12.229;13374
CNYRUBF;30;20240112;143000;12.229;12.248;12.226;12.233;10765
CNYRUBF;30;20240112;150000;12.232;12.238;12.227;12.236;1577
CNYRUBF;30;20240112;153000;12.235;12.267;12.227;12.259;10483
CNYRUBF;30;20240112;160000;12.253;12.258;12.246;12.25;8297
CNYRUBF;30;20240112;163000;12.25;12.256;12.245;12.249;10178
CNYRUBF;30;20240112;170000;12.249;12.25;12.222;12.234;27020
CNYRUBF;30;20240112;173000;12.232;12.243;12.231;12.236;8078
CNYRUBF;30;20240112;180000;12.239;12.243;12.232;12.235;14418
CNYRUBF;30;20240112;183000;12.232;12.232;12.221;12.221;11966
CNYRUBF;30;20240112;190000;12.245;12.245;12.217;12.23;3423
CNYRUBF;30;20240112;193000;12.231;12.237;12.223;12.231;2295
CNYRUBF;30;20240112;200000;12.23;12.231;12.224;12.227;1453
CNYRUBF;30;20240112;203000;12.227;12.228;12.188;12.216;3737
CNYRUBF;30;20240112;210000;12.216;12.221;12.211;12.211;721
CNYRUBF;30;20240112;213000;12.212;12.23;12.211;12.227;1099
CNYRUBF;30;20240112;220000;12.23;12.23;12.217;12.22;466
CNYRUBF;30;20240112;223000;12.221;12.222;12.212;12.212;432
CNYRUBF;30;20240112;230000;12.215;12.216;12.21;12.214;1251
CNYRUBF;30;20240112;233000;12.213;12.216;12.205;12.212;462
CNYRUBF;30;20240115;090000;12.22;12.233;12.157;12.179;43341
CNYRUBF;30;20240115;093000;12.179;12.192;12.171;12.171;16042
CNYRUBF;30;20240115;100000;12.17;12.224;12.161;12.202;18096
CNYRUBF;30;20240115;103000;12.201;12.202;12.176;12.181;14762
CNYRUBF;30;20240115;110000;12.18;12.187;12.17;12.183;5961
CNYRUBF;30;20240115;113000;12.183;12.194;12.177;12.177;3921
CNYRUBF;30;20240115;120000;12.178;12.179;12.147;12.15;24896
CNYRUBF;30;20240115;123000;12.15;12.157;12.13;12.134;5185
CNYRUBF;30;20240115;130000;12.133;12.136;12.11;12.115;73441
CNYRUBF;30;20240115;133000;12.115;12.123;12.113;12.119;144294
CNYRUBF;30;20240115;140000;12.118;12.118;12.103;12.113;36266
CNYRUBF;30;20240115;143000;12.113;12.136;12.112;12.133;20605
CNYRUBF;30;20240115;150000;12.132;12.145;12.125;12.131;6857
CNYRUBF;30;20240115;153000;12.134;12.173;12.133;12.165;29658
CNYRUBF;30;20240115;160000;12.165;12.17;12.15;12.151;20939
CNYRUBF;30;20240115;163000;12.15;12.161;12.125;12.141;27102
CNYRUBF;30;20240115;170000;12.141;12.149;12.126;12.145;7666
CNYRUBF;30;20240115;173000;12.143;12.159;12.141;12.149;15655
CNYRUBF;30;20240115;180000;12.149;12.158;12.136;12.141;11845
CNYRUBF;30;20240115;183000;12.142;12.145;12.134;12.134;7415
CNYRUBF;30;20240115;190000;12.136;12.144;12.128;12.144;2169
CNYRUBF;30;20240115;193000;12.143;12.148;12.14;12.145;1317
CNYRUBF;30;20240115;200000;12.145;12.154;12.133;12.15;3452
CNYRUBF;30;20240115;203000;12.148;12.15;12.139;12.14;498
CNYRUBF;30;20240115;210000;12.142;12.146;12.129;12.14;1036
CNYRUBF;30;20240115;213000;12.14;12.141;12.136;12.136;150
CNYRUBF;30;20240115;220000;12.137;12.141;12.136;12.141;262
CNYRUBF;30;20240115;223000;12.141;12.145;12.131;12.132;1629
CNYRUBF;30;20240115;230000;12.133;12.14;12.127;12.133;892
CNYRUBF;30;20240115;233000;12.13;12.142;12.123;12.124;1055
CNYRUBF;30;20240116;090000;12.124;12.153;12.124;12.147;4153
CNYRUBF;30;20240116;093000;12.148;12.157;12.142;12.157;4733
CNYRUBF;30;20240116;100000;12.155;12.155;12.108;12.136;10134
CNYRUBF;30;20240116;103000;12.136;12.14;12.132;12.14;12395
CNYRUBF;30;20240116;110000;12.14;12.14;12.114;12.122;16761
CNYRUBF;30;20240116;113000;12.122;12.136;12.113;12.135;17583
CNYRUBF;30;20240116;120000;12.136;12.168;12.129;12.136;15522
CNYRUBF;30;20240116;123000;12.136;12.137;12.109;12.117;19004
CNYRUBF;30;20240116;130000;12.119;12.13;12.112;12.118;4953
CNYRUBF;30;20240116;133000;12.117;12.134;12.116;12.128;3217
CNYRUBF;30;20240116;140000;12.129;12.139;12.126;12.132;4786
CNYRUBF;30;20240116;143000;12.132;12.138;12.125;12.136;3810
CNYRUBF;30;20240116;150000;12.136;12.139;12.124;12.129;12748
CNYRUBF;30;20240116;153000;12.13;12.135;12.125;12.133;18948
CNYRUBF;30;20240116;160000;12.132;12.134;12.121;12.123;14760
CNYRUBF;30;20240116;163000;12.124;12.129;12.118;12.129;6700
CNYRUBF;30;20240116;170000;12.127;12.338;12.125;12.134;222025
CNYRUBF;30;20240116;173000;12.131;12.133;12.105;12.111;58940
CNYRUBF;30;20240116;180000;12.111;12.134;12.105;12.123;16688
CNYRUBF;30;20240116;183000;12.123;12.125;12.107;12.116;17277
CNYRUBF;30;20240116;190000;12.11;12.12;12.105;12.12;1805
CNYRUBF;30;20240116;193000;12.12;12.127;12.115;12.127;850
CNYRUBF;30;20240116;200000;12.123;12.128;12.113;12.117;702
CNYRUBF;30;20240116;203000;12.12;12.12;12.115;12.116;211
CNYRUBF;30;20240116;210000;12.115;12.12;12.113;12.117;1727
CNYRUBF;30;20240116;213000;12.119;12.125;12.119;12.121;1311
CNYRUBF;30;20240116;220000;12.121;12.13;12.121;12.123;2264
CNYRUBF;30;20240116;223000;12.124;12.13;12.123;12.126;1407
CNYRUBF;30;20240116;230000;12.128;12.13;12.123;12.13;610
CNYRUBF;30;20240116;233000;12.13;12.13;12.127;12.129;231
CNYRUBF;30;20240117;090000;12.137;12.168;12.137;12.166;8867
CNYRUBF;30;20240117;093000;12.165;12.167;12.148;12.154;15509
CNYRUBF;30;20240117;100000;12.155;12.204;12.146;12.18;32756
CNYRUBF;30;20240117;103000;12.179;12.224;12.176;12.205;17796
CNYRUBF;30;20240117;110000;12.205;12.259;12.205;12.217;23152
CNYRUBF;30;20240117;113000;12.213;12.216;12.174;12.175;14165
CNYRUBF;30;20240117;120000;12.174;12.194;12.151;12.185;24738
CNYRUBF;30;20240117;123000;12.184;12.199;12.171;12.198;13430
CNYRUBF;30;20240117;130000;12.197;12.215;12.193;12.203;28409
CNYRUBF;30;20240117;133000;12.204;12.216;12.197;12.211;9557
CNYRUBF;30;20240117;140000;12.212;12.237;12.207;12.211;10532
CNYRUBF;30;20240117;143000;12.211;12.234;12.2;12.222;5332
CNYRUBF;30;20240117;150000;12.222;12.222;12.202;12.211;6402
CNYRUBF;30;20240117;153000;12.208;12.219;12.194;12.207;9244
CNYRUBF;30;20240117;160000;12.205;12.22;12.204;12.219;9930
CNYRUBF;30;20240117;163000;12.223;12.223;12.194;12.195;18107
CNYRUBF;30;20240117;170000;12.196;12.215;12.196;12.21;8117
CNYRUBF;30;20240117;173000;12.21;12.22;12.208;12.212;33209
CNYRUBF;30;20240117;180000;12.216;12.241;12.212;12.223;15577
CNYRUBF;30;20240117;183000;12.225;12.228;12.214;12.223;8234
CNYRUBF;30;20240117;190000;12.228;12.26;12.214;12.235;15402
CNYRUBF;30;20240117;193000;12.231;12.236;12.229;12.232;463
CNYRUBF;30;20240117;200000;12.232;12.237;12.231;12.237;259
CNYRUBF;30;20240117;203000;12.233;12.239;12.23;12.23;685
CNYRUBF;30;20240117;210000;12.233;12.237;12.23;12.23;369
CNYRUBF;30;20240117;213000;12.232;12.232;12.223;12.225;728
CNYRUBF;30;20240117;220000;12.224;12.23;12.223;12.225;427
CNYRUBF;30;20240117;223000;12.227;12.24;12.22;12.225;1238
CNYRUBF;30;20240117;230000;12.225;12.225;12.22;12.225;301
CNYRUBF;30;20240117;233000;12.225;12.226;12.22;12.226;190
CNYRUBF;30;20240118;090000;12.296;12.305;12.258;12.298;45992
CNYRUBF;30;20240118;093000;12.298;12.301;12.28;12.298;12509
CNYRUBF;30;20240118;100000;12.299;12.305;12.251;12.253;20841
CNYRUBF;30;20240118;103000;12.251;12.265;12.232;12.255;13465
CNYRUBF;30;20240118;110000;12.255;12.266;12.241;12.257;6744
CNYRUBF;30;20240118;113000;12.256;12.258;12.233;12.248;2743
CNYRUBF;30;20240118;120000;12.249;12.265;12.249;12.259;3630
CNYRUBF;30;20240118;123000;12.257;12.258;12.24;12.247;2638
CNYRUBF;30;20240118;130000;12.25;12.253;12.244;12.253;1013
CNYRUBF;30;20240118;133000;12.252;12.256;12.248;12.253;1946
CNYRUBF;30;20240118;140000;12.256;12.266;12.252;12.264;2637
CNYRUBF;30;20240118;143000;12.264;12.264;12.249;12.257;2019
CNYRUBF;30;20240118;150000;12.257;12.265;12.251;12.261;6320
CNYRUBF;30;20240118;153000;12.261;12.267;12.248;12.265;13621
CNYRUBF;30;20240118;160000;12.265;12.268;12.221;12.24;14340
CNYRUBF;30;20240118;163000;12.24;12.276;12.237;12.27;15001
CNYRUBF;30;20240118;170000;12.274;12.282;12.257;12.273;29144
CNYRUBF;30;20240118;173000;12.272;12.272;12.25;12.257;6880
CNYRUBF;30;20240118;180000;12.256;12.27;12.245;12.267;10241
CNYRUBF;30;20240118;183000;12.268;12.269;12.253;12.261;6950
CNYRUBF;30;20240118;190000;12.261;12.279;12.26;12.275;2535
CNYRUBF;30;20240118;193000;12.272;12.275;12.268;12.271;690
CNYRUBF;30;20240118;200000;12.273;12.275;12.268;12.272;773
CNYRUBF;30;20240118;203000;12.273;12.278;12.272;12.272;272
CNYRUBF;30;20240118;210000;12.272;12.28;12.268;12.275;3049
CNYRUBF;30;20240118;213000;12.278;12.28;12.274;12.274;706
CNYRUBF;30;20240118;220000;12.274;12.275;12.269;12.27;936
CNYRUBF;30;20240118;223000;12.273;12.279;12.27;12.278;1155
CNYRUBF;30;20240118;230000;12.274;12.279;12.274;12.278;933
CNYRUBF;30;20240118;233000;12.278;12.28;12.27;12.272;769
CNYRUBF;30;20240119;090000;12.28;12.295;12.27;12.277;30982
CNYRUBF;30;20240119;093000;12.276;12.298;12.273;12.295;12643
CNYRUBF;30;20240119;100000;12.293;12.297;12.26;12.283;24688
CNYRUBF;30;20240119;103000;12.281;12.297;12.272;12.28;25869
CNYRUBF;30;20240119;110000;12.28;12.29;12.275;12.29;8023
CNYRUBF;30;20240119;113000;12.29;12.293;12.282;12.292;5591
CNYRUBF;30;20240119;120000;12.291;12.292;12.277;12.281;24918
CNYRUBF;30;20240119;123000;12.281;12.291;12.269;12.275;16200
CNYRUBF;30;20240119;130000;12.275;12.277;12.251;12.27;13177
CNYRUBF;30;20240119;133000;12.269;12.28;12.261;12.275;3530
CNYRUBF;30;20240119;140000;12.275;12.276;12.252;12.256;7581
CNYRUBF;30;20240119;143000;12.257;12.262;12.237;12.238;3968
CNYRUBF;30;20240119;150000;12.239;12.248;12.236;12.243;7820
CNYRUBF;30;20240119;153000;12.242;12.247;12.238;12.245;3920
CNYRUBF;30;20240119;160000;12.245;12.262;12.234;12.234;8271
CNYRUBF;30;20240119;163000;12.236;12.258;12.234;12.255;3284
CNYRUBF;30;20240119;170000;12.255;12.265;12.235;12.242;14523
CNYRUBF;30;20240119;173000;12.246;12.25;12.231;12.232;11847
CNYRUBF;30;20240119;180000;12.231;12.237;12.224;12.234;2628
CNYRUBF;30;20240119;183000;12.234;12.236;12.228;12.23;1866
CNYRUBF;30;20240119;190000;12.226;12.231;12.225;12.231;304
CNYRUBF;30;20240119;193000;12.231;12.231;12.23;12.23;294
CNYRUBF;30;20240119;200000;12.23;12.239;12.23;12.235;557
CNYRUBF;30;20240119;203000;12.235;12.238;12.231;12.232;302
CNYRUBF;30;20240119;210000;12.232;12.234;12.23;12.231;156
CNYRUBF;30;20240119;213000;12.231;12.233;12.23;12.231;206
CNYRUBF;30;20240119;220000;12.233;12.234;12.226;12.226;267
CNYRUBF;30;20240119;223000;12.226;12.228;12.225;12.228;136
CNYRUBF;30;20240119;230000;12.228;12.228;12.225;12.225;744
CNYRUBF;30;20240119;233000;12.224;12.228;12.219;12.228;503
CNYRUBF;30;20240122;090000;12.249;12.257;12.238;12.241;20835
CNYRUBF;30;20240122;093000;12.239;12.251;12.228;12.229;7593
CNYRUBF;30;20240122;100000;12.227;12.241;12.189;12.216;6923
CNYRUBF;30;20240122;103000;12.214;12.214;12.199;12.199;2182
CNYRUBF;30;20240122;110000;12.197;12.197;12.166;12.173;40891
CNYRUBF;30;20240122;113000;12.173;12.177;12.163;12.174;6736
CNYRUBF;30;20240122;120000;12.175;12.18;12.17;12.18;7110
CNYRUBF;30;20240122;123000;12.18;12.193;12.177;12.185;12259
CNYRUBF;30;20240122;130000;12.186;12.192;12.176;12.177;2285
CNYRUBF;30;20240122;133000;12.178;12.181;12.162;12.163;5301
CNYRUBF;30;20240122;140000;12.164;12.168;12.151;12.168;13584
CNYRUBF;30;20240122;143000;12.169;12.194;12.16;12.19;14018
CNYRUBF;30;20240122;150000;12.189;12.2;12.181;12.186;12412
CNYRUBF;30;20240122;153000;12.181;12.196;12.176;12.189;3335
CNYRUBF;30;20240122;160000;12.189;12.192;12.181;12.186;2559
CNYRUBF;30;20240122;163000;12.187;12.19;12.181;12.188;1145
CNYRUBF;30;20240122;170000;12.189;12.195;12.183;12.195;6670
CNYRUBF;30;20240122;173000;12.195;12.195;12.178;12.188;20108
CNYRUBF;30;20240122;180000;12.19;12.198;12.184;12.195;5635
CNYRUBF;30;20240122;183000;12.195;12.198;12.19;12.192;1286
CNYRUBF;30;20240122;190000;12.197;12.234;12.181;12.204;2178
CNYRUBF;30;20240122;193000;12.2;12.203;12.194;12.197;174
CNYRUBF;30;20240122;200000;12.196;12.197;12.187;12.195;404
CNYRUBF;30;20240122;203000;12.195;12.203;12.193;12.194;221
CNYRUBF;30;20240122;210000;12.194;12.195;12.192;12.195;41
CNYRUBF;30;20240122;213000;12.192;12.196;12.192;12.196;829
CNYRUBF;30;20240122;220000;12.193;12.195;12.19;12.193;402
CNYRUBF;30;20240122;223000;12.195;12.238;12.195;12.215;3923
CNYRUBF;30;20240122;230000;12.22;12.223;12.217;12.217;394
CNYRUBF;30;20240122;233000;12.216;12.233;12.216;12.224;341
CNYRUBF;30;20240123;090000;12.224;12.243;12.222;12.243;6498
CNYRUBF;30;20240123;093000;12.242;12.25;12.221;12.231;4629
CNYRUBF;30;20240123;100000;12.23;12.244;12.183;12.199;17898
CNYRUBF;30;20240123;103000;12.198;12.22;12.192;12.213;12327
CNYRUBF;30;20240123;110000;12.213;12.218;12.21;12.213;1543
CNYRUBF;30;20240123;113000;12.213;12.228;12.212;12.227;4939
CNYRUBF;30;20240123;120000;12.227;12.228;12.217;12.227;4803
CNYRUBF;30;20240123;123000;12.227;12.238;12.217;12.234;10864
CNYRUBF;30;20240123;130000;12.234;12.248;12.232;12.24;28896
CNYRUBF;30;20240123;133000;12.239;12.248;12.235;12.248;43517
CNYRUBF;30;20240123;140000;12.249;12.259;12.241;12.257;143431
CNYRUBF;30;20240123;143000;12.257;12.28;12.247;12.255;175482
CNYRUBF;30;20240123;150000;12.255;12.266;12.255;12.265;86276
CNYRUBF;30;20240123;153000;12.265;12.265;12.258;12.258;34032
CNYRUBF;30;20240123;160000;12.259;12.269;12.257;12.265;48322
CNYRUBF;30;20240123;163000;12.265;12.269;12.249;12.25;28054
CNYRUBF;30;20240123;170000;12.25;12.258;12.245;12.25;51972
CNYRUBF;30;20240123;173000;12.25;12.261;12.242;12.261;23758
CNYRUBF;30;20240123;180000;12.261;12.272;12.258;12.272;43985
CNYRUBF;30;20240123;183000;12.272;12.272;12.267;12.272;5851
CNYRUBF;30;20240123;190000;12.278;12.289;12.274;12.28;6244
CNYRUBF;30;20240123;193000;12.28;12.28;12.271;12.277;2074
CNYRUBF;30;20240123;200000;12.279;12.28;12.272;12.28;2552
CNYRUBF;30;20240123;203000;12.28;12.28;12.277;12.278;860
CNYRUBF;30;20240123;210000;12.278;12.28;12.278;12.28;1716
CNYRUBF;30;20240123;213000;12.278;12.28;12.271;12.28;11106
CNYRUBF;30;20240123;220000;12.28;12.28;12.274;12.28;16493
CNYRUBF;30;20240123;223000;12.28;12.289;12.278;12.288;5252
CNYRUBF;30;20240123;230000;12.287;12.29;12.279;12.29;1400
CNYRUBF;30;20240123;233000;12.289;12.294;12.284;12.294;1006
CNYRUBF;30;20240124;090000;12.278;12.279;12.262;12.267;23120
CNYRUBF;30;20240124;093000;12.268;12.27;12.245;12.245;12289
CNYRUBF;30;20240124;100000;12.244;12.252;12.232;12.25;6581
CNYRUBF;30;20240124;103000;12.25;12.257;12.245;12.254;8085
CNYRUBF;30;20240124;110000;12.251;12.258;12.245;12.253;5970
CNYRUBF;30;20240124;113000;12.254;12.294;12.253;12.294;26623
CNYRUBF;30;20240124;120000;12.295;12.302;12.275;12.275;20000
CNYRUBF;30;20240124;123000;12.277;12.3;12.275;12.295;7708
CNYRUBF;30;20240124;130000;12.295;12.301;12.287;12.295;11130
CNYRUBF;30;20240124;133000;12.295;12.297;12.285;12.293;24017
CNYRUBF;30;20240124;140000;12.295;12.305;12.295;12.304;16697
CNYRUBF;30;20240124;143000;12.303;12.314;12.302;12.31;14782
CNYRUBF;30;20240124;150000;12.31;12.317;12.303;12.314;10322
CNYRUBF;30;20240124;153000;12.312;12.316;12.303;12.306;20104
CNYRUBF;30;20240124;160000;12.309;12.32;12.305;12.318;37865
CNYRUBF;30;20240124;163000;12.317;12.35;12.313;12.345;42822
CNYRUBF;30;20240124;170000;12.347;12.35;12.331;12.343;27512
CNYRUBF;30;20240124;173000;12.34;12.345;12.316;12.342;9470
CNYRUBF;30;20240124;180000;12.344;12.352;12.34;12.342;9160
CNYRUBF;30;20240124;183000;12.344;12.352;12.34;12.352;2319
CNYRUBF;30;20240124;190000;12.348;12.349;12.333;12.337;1703
CNYRUBF;30;20240124;193000;12.338;12.34;12.334;12.334;511
CNYRUBF;30;20240124;200000;12.338;12.34;12.332;12.333;1091
CNYRUBF;30;20240124;203000;12.333;12.342;12.333;12.339;1270
CNYRUBF;30;20240124;210000;12.337;12.35;12.322;12.325;1765
CNYRUBF;30;20240124;213000;12.324;12.328;12.32;12.324;4158
CNYRUBF;30;20240124;220000;12.321;12.323;12.32;12.322;358
CNYRUBF;30;20240124;223000;12.323;12.326;12.32;12.324;896
CNYRUBF;30;20240124;230000;12.325;12.325;12.304;12.312;1563
CNYRUBF;30;20240124;233000;12.313;12.328;12.306;12.312;760
CNYRUBF;30;20240125;090000;12.322;12.335;12.312;12.331;18738
CNYRUBF;30;20240125;093000;12.334;12.377;12.331;12.332;38967
CNYRUBF;30;20240125;100000;12.334;12.357;12.327;12.332;16776
CNYRUBF;30;20240125;103000;12.33;12.341;12.305;12.323;16726
CNYRUBF;30;20240125;110000;12.319;12.324;12.31;12.315;8540
CNYRUBF;30;20240125;113000;12.315;12.32;12.302;12.315;24094
CNYRUBF;30;20240125;120000;12.318;12.331;12.318;12.328;7665
CNYRUBF;30;20240125;123000;12.327;12.33;12.324;12.33;7354
CNYRUBF;30;20240125;130000;12.33;12.34;12.33;12.339;3676
CNYRUBF;30;20240125;133000;12.338;12.341;12.319;12.325;6216
CNYRUBF;30;20240125;140000;12.327;12.334;12.324;12.326;4384
CNYRUBF;30;20240125;143000;12.327;12.33;12.314;12.32;15721
CNYRUBF;30;20240125;150000;12.319;12.343;12.319;12.339;26689
CNYRUBF;30;20240125;153000;12.339;12.382;12.334;12.381;26863
CNYRUBF;30;20240125;160000;12.382;12.405;12.378;12.392;35198
CNYRUBF;30;20240125;163000;12.39;12.405;12.382;12.403;7850
CNYRUBF;30;20240125;170000;12.403;12.415;12.395;12.411;6901
CNYRUBF;30;20240125;173000;12.413;12.413;12.389;12.397;5804
CNYRUBF;30;20240125;180000;12.397;12.397;12.375;12.376;8601
CNYRUBF;30;20240125;183000;12.376;12.38;12.37;12.377;3103
CNYRUBF;30;20240125;190000;12.376;12.395;12.36;12.363;2609
CNYRUBF;30;20240125;193000;12.362;12.37;12.358;12.366;1013
CNYRUBF;30;20240125;200000;12.366;12.372;12.36;12.372;1503
CNYRUBF;30;20240125;203000;12.37;12.378;12.36;12.367;927
CNYRUBF;30;20240125;210000;12.367;12.367;12.36;12.362;583
CNYRUBF;30;20240125;213000;12.364;12.372;12.363;12.371;374
CNYRUBF;30;20240125;220000;12.37;12.372;12.356;12.361;579
CNYRUBF;30;20240125;223000;12.361;12.362;12.355;12.356;502
CNYRUBF;30;20240125;230000;12.356;12.364;12.355;12.364;326
CNYRUBF;30;20240125;233000;12.364;12.364;12.359;12.36;287
CNYRUBF;30;20240126;090000;12.393;12.403;12.383;12.402;13281
CNYRUBF;30;20240126;093000;12.401;12.411;12.393;12.401;5631
CNYRUBF;30;20240126;100000;12.398;12.41;12.375;12.378;19234
CNYRUBF;30;20240126;103000;12.376;12.387;12.374;12.379;19507
CNYRUBF;30;20240126;110000;12.378;12.414;12.378;12.414;16576
CNYRUBF;30;20240126;113000;12.414;12.46;12.404;12.452;15803
CNYRUBF;30;20240126;120000;12.453;12.48;12.438;12.472;30201
CNYRUBF;30;20240126;123000;12.471;12.471;12.443;12.449;13880
CNYRUBF;30;20240126;130000;12.45;12.472;12.448;12.465;13566
CNYRUBF;30;20240126;133000;12.466;12.497;12.466;12.482;15207
CNYRUBF;30;20240126;140000;12.482;12.491;12.471;12.472;51406
CNYRUBF;30;20240126;143000;12.472;12.488;12.471;12.48;2210
CNYRUBF;30;20240126;150000;12.481;12.483;12.472;12.472;1505
CNYRUBF;30;20240126;153000;12.472;12.482;12.471;12.482;605
CNYRUBF;30;20240126;160000;12.48;12.488;12.478;12.48;2146
CNYRUBF;30;20240126;163000;12.48;12.49;12.475;12.487;30306
CNYRUBF;30;20240126;170000;12.487;12.49;12.468;12.48;53455
CNYRUBF;30;20240126;173000;12.476;12.487;12.472;12.487;7628
CNYRUBF;30;20240126;180000;12.488;12.496;12.48;12.494;10251
CNYRUBF;30;20240126;183000;12.494;12.495;12.489;12.494;13911
CNYRUBF;30;20240126;190000;12.481;12.486;12.481;12.484;870
CNYRUBF;30;20240126;193000;12.485;12.485;12.48;12.485;1272
CNYRUBF;30;20240126;200000;12.483;12.487;12.483;12.487;138
CNYRUBF;30;20240126;203000;12.486;12.493;12.486;12.489;1036
CNYRUBF;30;20240126;210000;12.489;12.489;12.486;12.487;136
CNYRUBF;30;20240126;213000;12.487;12.49;12.486;12.489;225
CNYRUBF;30;20240126;220000;12.488;12.49;12.484;12.484;169
CNYRUBF;30;20240126;223000;12.485;12.488;12.484;12.486;62
CNYRUBF;30;20240126;230000;12.484;12.489;12.48;12.486;631
CNYRUBF;30;20240126;233000;12.489;12.497;12.486;12.497;391
CNYRUBF;30;20240129;090000;12.514;12.53;12.503;12.509;11968
CNYRUBF;30;20240129;093000;12.509;12.509;12.5;12.502;5081
CNYRUBF;30;20240129;100000;12.502;12.516;12.466;12.478;15419
CNYRUBF;30;20240129;103000;12.477;12.488;12.461;12.462;29346
CNYRUBF;30;20240129;110000;12.463;12.464;12.45;12.454;10621
CNYRUBF;30;20240129;113000;12.455;12.455;12.437;12.439;10773
CNYRUBF;30;20240129;120000;12.439;12.444;12.423;12.431;16740
CNYRUBF;30;20240129;123000;12.432;12.441;12.412;12.44;12118
CNYRUBF;30;20240129;130000;12.44;12.441;12.426;12.436;17096
CNYRUBF;30;20240129;133000;12.435;12.447;12.433;12.445;13775
CNYRUBF;30;20240129;140000;12.445;12.446;12.437;12.441;5545
CNYRUBF;30;20240129;143000;12.442;12.443;12.433;12.433;2667
CNYRUBF;30;20240129;150000;12.435;12.439;12.432;12.434;1979
CNYRUBF;30;20240129;153000;12.433;12.457;12.428;12.435;13894
CNYRUBF;30;20240129;160000;12.435;12.441;12.426;12.433;5372
CNYRUBF;30;20240129;163000;12.434;12.435;12.419;12.424;3422
CNYRUBF;30;20240129;170000;12.424;12.424;12.352;12.384;52140
CNYRUBF;30;20240129;173000;12.381;12.383;12.348;12.374;15787
CNYRUBF;30;20240129;180000;12.374;12.382;12.351;12.352;15950
CNYRUBF;30;20240129;183000;12.352;12.365;12.352;12.364;966
CNYRUBF;30;20240129;190000;12.355;12.364;12.335;12.345;3083
CNYRUBF;30;20240129;193000;12.344;12.355;12.343;12.354;1211
CNYRUBF;30;20240129;200000;12.352;12.357;12.344;12.35;643
CNYRUBF;30;20240129;203000;12.351;12.352;12.345;12.349;386
CNYRUBF;30;20240129;210000;12.349;12.357;12.341;12.341;602
CNYRUBF;30;20240129;213000;12.347;12.349;12.346;12.347;135
CNYRUBF;30;20240129;220000;12.346;12.348;12.34;12.348;729
CNYRUBF;30;20240129;223000;12.346;12.348;12.342;12.345;660
CNYRUBF;30;20240129;230000;12.342;12.346;12.339;12.346;989
CNYRUBF;30;20240129;233000;12.345;12.356;12.343;12.356;228
CNYRUBF;30;20240130;090000;12.362;12.371;12.32;12.331;25034
CNYRUBF;30;20240130;093000;12.331;12.36;12.328;12.358;9639
CNYRUBF;30;20240130;100000;12.359;12.409;12.345;12.406;18294
CNYRUBF;30;20240130;103000;12.406;12.415;12.397;12.409;11901
CNYRUBF;30;20240130;110000;12.409;12.429;12.406;12.417;12679
CNYRUBF;30;20240130;113000;12.416;12.42;12.397;12.417;4365
CNYRUBF;30;20240130;120000;12.417;12.417;12.41;12.415;1702
CNYRUBF;30;20240130;123000;12.415;12.424;12.412;12.417;2449
CNYRUBF;30;20240130;130000;12.418;12.425;12.411;12.416;2118
CNYRUBF;30;20240130;133000;12.417;12.421;12.413;12.417;1990
CNYRUBF;30;20240130;140000;12.418;12.436;12.418;12.428;8070
CNYRUBF;30;20240130;143000;12.427;12.428;12.411;12.411;6482
CNYRUBF;30;20240130;150000;12.412;12.414;12.398;12.402;4837
CNYRUBF;30;20240130;153000;12.402;12.431;12.401;12.422;16306
CNYRUBF;30;20240130;160000;12.425;12.441;12.417;12.435;5194
CNYRUBF;30;20240130;163000;12.434;12.436;12.417;12.418;4832
CNYRUBF;30;20240130;170000;12.418;12.436;12.418;12.429;3728
CNYRUBF;30;20240130;173000;12.428;12.447;12.423;12.445;21618
CNYRUBF;30;20240130;180000;12.445;12.448;12.438;12.444;13404
CNYRUBF;30;20240130;183000;12.444;12.445;12.43;12.436;7539
CNYRUBF;30;20240130;190000;12.431;12.44;12.43;12.433;338
CNYRUBF;30;20240130;193000;12.432;12.438;12.432;12.434;1904
CNYRUBF;30;20240130;200000;12.435;12.442;12.435;12.44;172
CNYRUBF;30;20240130;203000;12.44;12.442;12.44;12.44;708
CNYRUBF;30;20240130;210000;12.44;12.442;12.44;12.44;480
CNYRUBF;30;20240130;213000;12.441;12.441;12.44;12.44;218
CNYRUBF;30;20240130;220000;12.44;12.441;12.439;12.439;94
CNYRUBF;30;20240130;223000;12.441;12.447;12.439;12.441;605
CNYRUBF;30;20240130;230000;12.444;12.445;12.439;12.44;272
CNYRUBF;30;20240130;233000;12.441;12.441;12.439;12.44;349
CNYRUBF;30;20240131;090000;12.454;12.478;12.446;12.478;16496
CNYRUBF;30;20240131;093000;12.476;12.476;12.466;12.473;1530
CNYRUBF;30;20240131;100000;12.475;12.49;12.455;12.476;13053
CNYRUBF;30;20240131;103000;12.476;12.477;12.454;12.456;6087
CNYRUBF;30;20240131;110000;12.456;12.463;12.413;12.444;12632
CNYRUBF;30;20240131;113000;12.443;12.456;12.427;12.455;11883
CNYRUBF;30;20240131;120000;12.455;12.478;12.445;12.478;10294
CNYRUBF;30;20240131;123000;12.477;12.48;12.464;12.473;19402
CNYRUBF;30;20240131;130000;12.473;12.48;12.443;12.455;14701
CNYRUBF;30;20240131;133000;12.456;12.47;12.445;12.464;11136
CNYRUBF;30;20240131;140000;12.463;12.473;12.46;12.469;2524
CNYRUBF;30;20240131;143000;12.47;12.472;12.462;12.471;1985
CNYRUBF;30;20240131;150000;12.469;12.474;12.464;12.468;3361
CNYRUBF;30;20240131;153000;12.469;12.474;12.45;12.47;15585
CNYRUBF;30;20240131;160000;12.47;12.476;12.468;12.472;1471
CNYRUBF;30;20240131;163000;12.471;12.475;12.46;12.473;12036
CNYRUBF;30;20240131;170000;12.473;12.486;12.466;12.484;14683
CNYRUBF;30;20240131;173000;12.483;12.507;12.48;12.504;26356
CNYRUBF;30;20240131;180000;12.504;12.513;12.501;12.51;18734
CNYRUBF;30;20240131;183000;12.51;12.517;12.507;12.517;5167
CNYRUBF;30;20240131;190000;12.515;12.53;12.512;12.519;3275
CNYRUBF;30;20240131;193000;12.52;12.52;12.512;12.515;764
CNYRUBF;30;20240131;200000;12.515;12.518;12.515;12.517;289
CNYRUBF;30;20240131;203000;12.518;12.52;12.516;12.516;393
CNYRUBF;30;20240131;210000;12.516;12.516;12.51;12.513;1191
CNYRUBF;30;20240131;213000;12.513;12.513;12.51;12.511;282
CNYRUBF;30;20240131;220000;12.512;12.521;12.512;12.517;522
CNYRUBF;30;20240131;223000;12.519;12.519;12.515;12.519;168
CNYRUBF;30;20240131;230000;12.519;12.522;12.51;12.517;809
CNYRUBF;30;20240131;233000;12.518;12.522;12.513;12.516;131
CNYRUBF;30;20240201;090000;12.52;12.531;12.51;12.513;3648
CNYRUBF;30;20240201;093000;12.512;12.524;12.497;12.517;12003
CNYRUBF;30;20240201;100000;12.517;12.52;12.482;12.503;10125
CNYRUBF;30;20240201;103000;12.504;12.527;12.502;12.512;17410
CNYRUBF;30;20240201;110000;12.512;12.578;12.512;12.576;68085
CNYRUBF;30;20240201;113000;12.576;12.576;12.554;12.554;63133
CNYRUBF;30;20240201;120000;12.554;12.58;12.549;12.562;24664
CNYRUBF;30;20240201;123000;12.561;12.563;12.546;12.549;10498
CNYRUBF;30;20240201;130000;12.548;12.561;12.542;12.557;6431
CNYRUBF;30;20240201;133000;12.559;12.563;12.537;12.543;21811
CNYRUBF;30;20240201;140000;12.547;12.554;12.541;12.544;4011
CNYRUBF;30;20240201;143000;12.542;12.56;12.542;12.55;8356
CNYRUBF;30;20240201;150000;12.553;12.556;12.533;12.552;8684
CNYRUBF;30;20240201;153000;12.552;12.574;12.552;12.57;12378
CNYRUBF;30;20240201;160000;12.571;12.578;12.563;12.574;13264
CNYRUBF;30;20240201;163000;12.574;12.575;12.552;12.552;32153
CNYRUBF;30;20240201;170000;12.552;12.572;12.545;12.568;4735
CNYRUBF;30;20240201;173000;12.566;12.577;12.565;12.577;8535
CNYRUBF;30;20240201;180000;12.576;12.588;12.573;12.573;37257
CNYRUBF;30;20240201;183000;12.573;12.58;12.573;12.576;4049
CNYRUBF;30;20240201;190000;12.584;12.589;12.581;12.585;2261
CNYRUBF;30;20240201;193000;12.587;12.59;12.584;12.584;3640
CNYRUBF;30;20240201;200000;12.584;12.585;12.574;12.58;18663
CNYRUBF;30;20240201;203000;12.577;12.589;12.575;12.589;1231
CNYRUBF;30;20240201;210000;12.589;12.598;12.586;12.592;1577
CNYRUBF;30;20240201;213000;12.589;12.598;12.587;12.592;545
CNYRUBF;30;20240201;220000;12.59;12.59;12.57;12.589;1228
CNYRUBF;30;20240201;223000;12.588;12.596;12.585;12.591;329
CNYRUBF;30;20240201;230000;12.591;12.6;12.59;12.59;1963
CNYRUBF;30;20240201;233000;12.589;12.599;12.581;12.599;357
CNYRUBF;30;20240202;090000;12.599;12.599;12.586;12.586;3740
CNYRUBF;30;20240202;093000;12.588;12.596;12.578;12.586;3898
CNYRUBF;30;20240202;100000;12.585;12.615;12.581;12.61;13141
CNYRUBF;30;20240202;103000;12.607;12.608;12.583;12.595;6245
CNYRUBF;30;20240202;110000;12.595;12.6;12.589;12.596;10874
CNYRUBF;30;20240202;113000;12.599;12.608;12.592;12.596;8746
CNYRUBF;30;20240202;120000;12.598;12.602;12.594;12.594;2418
CNYRUBF;30;20240202;123000;12.594;12.599;12.59;12.592;5301
CNYRUBF;30;20240202;130000;12.594;12.603;12.592;12.603;3494
CNYRUBF;30;20240202;133000;12.602;12.605;12.596;12.603;6013
CNYRUBF;30;20240202;140000;12.605;12.631;12.604;12.624;6158
CNYRUBF;30;20240202;143000;12.623;12.633;12.618;12.628;95260
CNYRUBF;30;20240202;150000;12.629;12.64;12.624;12.637;163802
CNYRUBF;30;20240202;153000;12.637;12.653;12.634;12.65;151626
CNYRUBF;30;20240202;160000;12.648;12.661;12.646;12.659;27244
CNYRUBF;30;20240202;163000;12.658;12.665;12.614;12.63;84890
CNYRUBF;30;20240202;170000;12.629;12.633;12.602;12.602;18374
CNYRUBF;30;20240202;173000;12.601;12.605;12.574;12.575;18756
CNYRUBF;30;20240202;180000;12.573;12.59;12.553;12.585;13982
CNYRUBF;30;20240202;183000;12.581;12.614;12.579;12.609;26932
CNYRUBF;30;20240202;190000;12.61;12.68;12.592;12.603;2345
CNYRUBF;30;20240202;193000;12.603;12.609;12.603;12.605;892
CNYRUBF;30;20240202;200000;12.605;12.616;12.604;12.606;609
CNYRUBF;30;20240202;203000;12.604;12.604;12.579;12.593;687
CNYRUBF;30;20240202;210000;12.593;12.594;12.579;12.582;687
CNYRUBF;30;20240202;213000;12.582;12.593;12.582;12.588;795
CNYRUBF;30;20240202;220000;12.59;12.595;12.588;12.595;1688
CNYRUBF;30;20240202;223000;12.592;12.596;12.59;12.595;1228
CNYRUBF;30;20240202;230000;12.592;12.596;12.592;12.595;151
CNYRUBF;30;20240202;233000;12.595;12.598;12.591;12.598;297
CNYRUBF;30;20240205;090000;12.622;12.633;12.605;12.614;9959
CNYRUBF;30;20240205;093000;12.613;12.641;12.605;12.64;9459
CNYRUBF;30;20240205;100000;12.641;12.662;12.627;12.647;11917
CNYRUBF;30;20240205;103000;12.645;12.664;12.642;12.656;17117
CNYRUBF;30;20240205;110000;12.658;12.672;12.653;12.671;28347
CNYRUBF;30;20240205;113000;12.672;12.677;12.654;12.656;8256
CNYRUBF;30;20240205;120000;12.657;12.663;12.607;12.618;40472
CNYRUBF;30;20240205;123000;12.618;12.634;12.615;12.634;14079
CNYRUBF;30;20240205;130000;12.634;12.651;12.62;12.638;12019
CNYRUBF;30;20240205;133000;12.638;12.643;12.636;12.641;6055
CNYRUBF;30;20240205;140000;12.639;12.64;12.632;12.636;2421
CNYRUBF;30;20240205;143000;12.636;12.641;12.622;12.629;11362
CNYRUBF;30;20240205;150000;12.628;12.628;12.616;12.617;9538
CNYRUBF;30;20240205;153000;12.62;12.636;12.584;12.586;11252
CNYRUBF;30;20240205;160000;12.585;12.588;12.528;12.557;57316
CNYRUBF;30;20240205;163000;12.559;12.559;12.521;12.535;36506
CNYRUBF;30;20240205;170000;12.533;12.533;12.484;12.52;21183
CNYRUBF;30;20240205;173000;12.522;12.533;12.502;12.522;11789
CNYRUBF;30;20240205;180000;12.523;12.555;12.52;12.548;15789
CNYRUBF;30;20240205;183000;12.55;12.553;12.539;12.541;4022
CNYRUBF;30;20240205;190000;12.542;12.543;12.532;12.537;653
CNYRUBF;30;20240205;193000;12.537;12.537;12.532;12.532;802
CNYRUBF;30;20240205;200000;12.532;12.538;12.532;12.535;511
CNYRUBF;30;20240205;203000;12.536;12.537;12.532;12.535;139
CNYRUBF;30;20240205;210000;12.535;12.539;12.533;12.538;229
CNYRUBF;30;20240205;213000;12.54;12.543;12.539;12.539;428
CNYRUBF;30;20240205;220000;12.54;12.543;12.538;12.54;221
CNYRUBF;30;20240205;223000;12.542;12.542;12.537;12.537;88
CNYRUBF;30;20240205;230000;12.538;12.538;12.527;12.531;246
CNYRUBF;30;20240205;233000;12.528;12.543;12.528;12.532;1076
CNYRUBF;30;20240206;090000;12.553;12.58;12.553;12.58;24524
CNYRUBF;30;20240206;093000;12.579;12.598;12.578;12.589;11639
CNYRUBF;30;20240206;100000;12.588;12.593;12.558;12.582;9691
CNYRUBF;30;20240206;103000;12.582;12.606;12.57;12.589;6145
CNYRUBF;30;20240206;110000;12.589;12.598;12.585;12.59;10087
CNYRUBF;30;20240206;113000;12.59;12.595;12.583;12.589;11809
CNYRUBF;30;20240206;120000;12.587;12.607;12.587;12.602;7020
CNYRUBF;30;20240206;123000;12.604;12.621;12.597;12.62;5590
CNYRUBF;30;20240206;130000;12.62;12.624;12.602;12.61;5996
CNYRUBF;30;20240206;133000;12.61;12.619;12.608;12.611;8912
CNYRUBF;30;20240206;140000;12.611;12.624;12.61;12.624;4223
CNYRUBF;30;20240206;143000;12.624;12.626;12.611;12.617;2953
CNYRUBF;30;20240206;150000;12.618;12.628;12.608;12.623;6776
CNYRUBF;30;20240206;153000;12.624;12.654;12.621;12.654;15123
CNYRUBF;30;20240206;160000;12.654;12.656;12.62;12.624;4799
CNYRUBF;30;20240206;163000;12.626;12.64;12.622;12.631;12366
CNYRUBF;30;20240206;170000;12.631;12.652;12.626;12.652;9776
CNYRUBF;30;20240206;173000;12.653;12.655;12.642;12.649;12363
CNYRUBF;30;20240206;180000;12.649;12.661;12.648;12.66;11029
CNYRUBF;30;20240206;183000;12.657;12.668;12.657;12.663;9073
CNYRUBF;30;20240206;190000;12.656;12.673;12.65;12.671;2012
CNYRUBF;30;20240206;193000;12.671;12.679;12.668;12.675;1756
CNYRUBF;30;20240206;200000;12.674;12.674;12.659;12.659;507
CNYRUBF;30;20240206;203000;12.658;12.665;12.655;12.665;659
CNYRUBF;30;20240206;210000;12.661;12.665;12.657;12.66;307
CNYRUBF;30;20240206;213000;12.656;12.668;12.656;12.668;282
CNYRUBF;30;20240206;220000;12.661;12.666;12.661;12.664;68
CNYRUBF;30;20240206;223000;12.663;12.668;12.663;12.668;64
CNYRUBF;30;20240206;230000;12.665;12.67;12.664;12.67;520
CNYRUBF;30;20240206;233000;12.67;12.671;12.668;12.671;112
CNYRUBF;30;20240207;090000;12.653;12.654;12.627;12.646;9127
CNYRUBF;30;20240207;093000;12.648;12.65;12.64;12.647;1041
CNYRUBF;30;20240207;100000;12.648;12.653;12.624;12.653;16360
CNYRUBF;30;20240207;103000;12.653;12.673;12.634;12.673;12013
CNYRUBF;30;20240207;110000;12.674;12.678;12.653;12.656;12190
CNYRUBF;30;20240207;113000;12.656;12.667;12.653;12.662;20276
CNYRUBF;30;20240207;120000;12.662;12.672;12.657;12.666;5256
CNYRUBF;30;20240207;123000;12.662;12.669;12.655;12.66;5372
CNYRUBF;30;20240207;130000;12.659;12.666;12.659;12.662;5496
CNYRUBF;30;20240207;133000;12.664;12.679;12.662;12.664;14508
CNYRUBF;30;20240207;140000;12.664;12.675;12.663;12.665;7654
CNYRUBF;30;20240207;143000;12.667;12.667;12.65;12.654;6018
CNYRUBF;30;20240207;150000;12.653;12.66;12.637;12.643;18932
CNYRUBF;30;20240207;153000;12.641;12.65;12.613;12.623;14836
CNYRUBF;30;20240207;160000;12.624;12.63;12.605;12.613;16123
CNYRUBF;30;20240207;163000;12.614;12.624;12.605;12.618;39337
CNYRUBF;30;20240207;170000;12.616;12.672;12.616;12.658;26284
CNYRUBF;30;20240207;173000;12.658;12.677;12.658;12.674;14810
CNYRUBF;30;20240207;180000;12.673;12.682;12.658;12.662;17708
CNYRUBF;30;20240207;183000;12.662;12.678;12.661;12.667;7292
CNYRUBF;30;20240207;190000;12.68;12.69;12.63;12.677;4316
CNYRUBF;30;20240207;193000;12.679;12.696;12.675;12.686;7849
CNYRUBF;30;20240207;200000;12.686;12.689;12.677;12.683;3161
CNYRUBF;30;20240207;203000;12.68;12.688;12.68;12.684;843
CNYRUBF;30;20240207;210000;12.685;12.685;12.678;12.682;98
CNYRUBF;30;20240207;213000;12.682;12.685;12.682;12.685;83
CNYRUBF;30;20240207;220000;12.685;12.689;12.68;12.688;421
CNYRUBF;30;20240207;223000;12.685;12.685;12.68;12.68;154
CNYRUBF;30;20240207;230000;12.682;12.684;12.678;12.678;179
CNYRUBF;30;20240207;233000;12.679;12.682;12.678;12.681;685
CNYRUBF;30;20240208;090000;12.672;12.681;12.671;12.681;18797
CNYRUBF;30;20240208;093000;12.68;12.7;12.679;12.696;13598
CNYRUBF;30;20240208;100000;12.694;12.695;12.66;12.672;13685
CNYRUBF;30;20240208;103000;12.673;12.677;12.645;12.645;32599
CNYRUBF;30;20240208;110000;12.645;12.652;12.632;12.647;39578
CNYRUBF;30;20240208;113000;12.644;12.665;12.644;12.653;7324
CNYRUBF;30;20240208;120000;12.653;12.653;12.625;12.625;7822
CNYRUBF;30;20240208;123000;12.628;12.653;12.627;12.653;11195
CNYRUBF;30;20240208;130000;12.654;12.657;12.646;12.647;11789
CNYRUBF;30;20240208;133000;12.647;12.654;12.646;12.651;76496
CNYRUBF;30;20240208;140000;12.65;12.65;12.632;12.633;36197
CNYRUBF;30;20240208;143000;12.634;12.639;12.626;12.633;54794
CNYRUBF;30;20240208;150000;12.635;12.637;12.611;12.615;43454
CNYRUBF;30;20240208;153000;12.615;12.637;12.611;12.615;70335
CNYRUBF;30;20240208;160000;12.614;12.626;12.597;12.62;79720
CNYRUBF;30;20240208;163000;12.623;12.629;12.606;12.625;45535
CNYRUBF;30;20240208;170000;12.619;12.637;12.608;12.625;26003
CNYRUBF;30;20240208;173000;12.625;12.628;12.586;12.587;22130
CNYRUBF;30;20240208;180000;12.587;12.587;12.554;12.563;49548
CNYRUBF;30;20240208;183000;12.563;12.565;12.55;12.551;43648
CNYRUBF;30;20240208;190000;12.56;12.57;12.544;12.565;13433
CNYRUBF;30;20240208;193000;12.563;12.576;12.563;12.575;8326
CNYRUBF;30;20240208;200000;12.575;12.584;12.572;12.578;18319
CNYRUBF;30;20240208;203000;12.579;12.579;12.572;12.574;2961
CNYRUBF;30;20240208;210000;12.572;12.575;12.572;12.574;3536
CNYRUBF;30;20240208;213000;12.575;12.575;12.572;12.572;1262
CNYRUBF;30;20240208;220000;12.572;12.573;12.572;12.572;3865
CNYRUBF;30;20240208;223000;12.572;12.573;12.572;12.572;4245
CNYRUBF;30;20240208;230000;12.573;12.574;12.572;12.573;903
CNYRUBF;30;20240208;233000;12.573;12.573;12.572;12.573;4501
CNYRUBF;30;20240209;090000;12.59;12.618;12.59;12.611;32155
CNYRUBF;30;20240209;093000;12.61;12.612;12.604;12.609;20020
CNYRUBF;30;20240209;100000;12.608;12.61;12.569;12.569;49307
CNYRUBF;30;20240209;103000;12.569;12.569;12.54;12.555;75357
CNYRUBF;30;20240209;110000;12.551;12.555;12.518;12.54;38507
CNYRUBF;30;20240209;113000;12.54;12.542;12.525;12.54;20540
CNYRUBF;30;20240209;120000;12.541;12.542;12.523;12.532;17673
CNYRUBF;30;20240209;123000;12.531;12.544;12.531;12.544;2525
CNYRUBF;30;20240209;130000;12.542;12.553;12.542;12.544;3474
CNYRUBF;30;20240209;133000;12.544;12.547;12.516;12.534;3973
CNYRUBF;30;20240209;140000;12.534;12.578;12.532;12.57;11628
CNYRUBF;30;20240209;143000;12.568;12.57;12.52;12.526;7682
CNYRUBF;30;20240209;150000;12.526;12.549;12.523;12.541;4432
CNYRUBF;30;20240209;153000;12.541;12.543;12.526;12.535;21339
CNYRUBF;30;20240209;160000;12.538;12.542;12.523;12.526;8557
CNYRUBF;30;20240209;163000;12.532;12.549;12.519;12.547;12096
CNYRUBF;30;20240209;170000;12.544;12.576;12.542;12.556;7679
CNYRUBF;30;20240209;173000;12.556;12.562;12.53;12.536;6898
CNYRUBF;30;20240209;180000;12.539;12.55;12.534;12.548;9603
CNYRUBF;30;20240209;183000;12.547;12.568;12.545;12.565;7569
CNYRUBF;30;20240209;190000;12.572;12.576;12.559;12.572;4730
CNYRUBF;30;20240209;193000;12.572;12.572;12.568;12.568;1242
CNYRUBF;30;20240209;200000;12.568;12.572;12.568;12.57;383
CNYRUBF;30;20240209;203000;12.57;12.57;12.567;12.567;1629
CNYRUBF;30;20240209;210000;12.568;12.569;12.567;12.569;140
CNYRUBF;30;20240209;213000;12.569;12.569;12.567;12.567;578
CNYRUBF;30;20240209;220000;12.569;12.574;12.567;12.574;1046
CNYRUBF;30;20240209;223000;12.575;12.575;12.568;12.569;510
CNYRUBF;30;20240209;230000;12.57;12.578;12.567;12.568;1778
CNYRUBF;30;20240209;233000;12.567;12.571;12.567;12.567;704
CNYRUBF;30;20240212;090000;12.567;12.569;12.554;12.557;22019
CNYRUBF;30;20240212;093000;12.556;12.56;12.551;12.56;2597
CNYRUBF;30;20240212;100000;12.561;12.566;12.532;12.543;5724
CNYRUBF;30;20240212;103000;12.54;12.546;12.533;12.541;4949
CNYRUBF;30;20240212;110000;12.535;12.544;12.529;12.534;13827
CNYRUBF;30;20240212;113000;12.532;12.55;12.531;12.55;9078
CNYRUBF;30;20240212;120000;12.55;12.559;12.545;12.547;5760
CNYRUBF;30;20240212;123000;12.55;12.569;12.55;12.567;15252
CNYRUBF;30;20240212;130000;12.569;12.572;12.56;12.566;4580
CNYRUBF;30;20240212;133000;12.564;12.575;12.563;12.571;6001
CNYRUBF;30;20240212;140000;12.57;12.578;12.562;12.569;5950
CNYRUBF;30;20240212;143000;12.571;12.586;12.571;12.584;9410
CNYRUBF;30;20240212;150000;12.584;12.591;12.579;12.584;8191
CNYRUBF;30;20240212;153000;12.584;12.604;12.583;12.602;11446
CNYRUBF;30;20240212;160000;12.603;12.609;12.594;12.605;21262
CNYRUBF;30;20240212;163000;12.605;12.61;12.588;12.595;11048
CNYRUBF;30;20240212;170000;12.6;12.61;12.588;12.588;4648
CNYRUBF;30;20240212;173000;12.588;12.602;12.588;12.595;5001
CNYRUBF;30;20240212;180000;12.594;12.601;12.588;12.595;8103
CNYRUBF;30;20240212;183000;12.595;12.599;12.591;12.598;2180
CNYRUBF;30;20240212;190000;12.602;12.602;12.593;12.597;898
CNYRUBF;30;20240212;193000;12.598;12.607;12.598;12.605;1407
CNYRUBF;30;20240212;200000;12.605;12.608;12.6;12.601;1092
CNYRUBF;30;20240212;203000;12.601;12.604;12.595;12.596;288
CNYRUBF;30;20240212;210000;12.598;12.602;12.597;12.602;40
CNYRUBF;30;20240212;213000;12.601;12.601;12.593;12.593;178
CNYRUBF;30;20240212;220000;12.596;12.597;12.588;12.591;599
CNYRUBF;30;20240212;223000;12.591;12.596;12.59;12.596;110
CNYRUBF;30;20240212;230000;12.596;12.598;12.595;12.597;103
CNYRUBF;30;20240212;233000;12.597;12.599;12.595;12.599;95
CNYRUBF;30;20240213;090000;12.588;12.59;12.581;12.586;2822
CNYRUBF;30;20240213;093000;12.59;12.591;12.58;12.58;1809
CNYRUBF;30;20240213;100000;12.583;12.596;12.571;12.587;10827
CNYRUBF;30;20240213;103000;12.587;12.588;12.571;12.572;5069
CNYRUBF;30;20240213;110000;12.572;12.586;12.569;12.586;1860
CNYRUBF;30;20240213;113000;12.587;12.597;12.578;12.585;4597
CNYRUBF;30;20240213;120000;12.585;12.593;12.578;12.589;3266
CNYRUBF;30;20240213;123000;12.589;12.595;12.586;12.595;40199
CNYRUBF;30;20240213;130000;12.595;12.595;12.584;12.588;7378
CNYRUBF;30;20240213;133000;12.59;12.602;12.588;12.602;2801
CNYRUBF;30;20240213;140000;12.602;12.605;12.585;12.585;22136
CNYRUBF;30;20240213;143000;12.586;12.594;12.578;12.583;5497
CNYRUBF;30;20240213;150000;12.58;12.58;12.55;12.566;8354
CNYRUBF;30;20240213;153000;12.57;12.577;12.555;12.555;5961
CNYRUBF;30;20240213;160000;12.554;12.558;12.544;12.557;38046
CNYRUBF;30;20240213;163000;12.556;12.572;12.547;12.565;27085
CNYRUBF;30;20240213;170000;12.565;12.576;12.563;12.569;16064
CNYRUBF;30;20240213;173000;12.569;12.571;12.548;12.552;11018
CNYRUBF;30;20240213;180000;12.55;12.56;12.547;12.559;4498
CNYRUBF;30;20240213;183000;12.559;12.569;12.559;12.569;8703
CNYRUBF;30;20240213;190000;12.572;12.572;12.563;12.569;961
CNYRUBF;30;20240213;193000;12.571;12.573;12.569;12.573;1504
CNYRUBF;30;20240213;200000;12.571;12.573;12.57;12.573;624
CNYRUBF;30;20240213;203000;12.571;12.572;12.57;12.571;2223
CNYRUBF;30;20240213;210000;12.57;12.572;12.57;12.57;901
CNYRUBF;30;20240213;213000;12.57;12.574;12.57;12.57;4393
CNYRUBF;30;20240213;220000;12.571;12.572;12.569;12.572;9647
CNYRUBF;30;20240213;223000;12.57;12.572;12.569;12.569;1988
CNYRUBF;30;20240213;230000;12.569;12.572;12.569;12.569;655
CNYRUBF;30;20240213;233000;12.569;12.573;12.569;12.573;1159
CNYRUBF;30;20240214;090000;12.574;12.581;12.569;12.572;21915
CNYRUBF;30;20240214;093000;12.572;12.573;12.569;12.57;4910
CNYRUBF;30;20240214;100000;12.569;12.58;12.551;12.578;9353
CNYRUBF;30;20240214;103000;12.577;12.594;12.573;12.588;7326
CNYRUBF;30;20240214;110000;12.588;12.611;12.587;12.606;23673
CNYRUBF;30;20240214;113000;12.606;12.609;12.598;12.6;38707
CNYRUBF;30;20240214;120000;12.601;12.603;12.588;12.591;7595
CNYRUBF;30;20240214;123000;12.589;12.593;12.581;12.583;2441
CNYRUBF;30;20240214;130000;12.582;12.585;12.567;12.578;6452
CNYRUBF;30;20240214;133000;12.578;12.579;12.572;12.576;2386
CNYRUBF;30;20240214;140000;12.576;12.595;12.574;12.589;16118
CNYRUBF;30;20240214;143000;12.59;12.59;12.58;12.585;52044
CNYRUBF;30;20240214;150000;12.586;12.592;12.584;12.587;44671
CNYRUBF;30;20240214;153000;12.589;12.614;12.589;12.601;11831
CNYRUBF;30;20240214;160000;12.601;12.603;12.595;12.596;3948
CNYRUBF;30;20240214;163000;12.6;12.601;12.583;12.584;2176
CNYRUBF;30;20240214;170000;12.583;12.604;12.579;12.603;28082
CNYRUBF;30;20240214;173000;12.605;12.614;12.603;12.613;31229
CNYRUBF;30;20240214;180000;12.613;12.623;12.607;12.612;24065
CNYRUBF;30;20240214;183000;12.61;12.612;12.605;12.605;9057
CNYRUBF;30;20240214;190000;12.604;12.607;12.6;12.602;725
CNYRUBF;30;20240214;193000;12.602;12.607;12.602;12.603;172
CNYRUBF;30;20240214;200000;12.605;12.607;12.603;12.603;129
CNYRUBF;30;20240214;203000;12.603;12.61;12.603;12.608;232
CNYRUBF;30;20240214;210000;12.609;12.615;12.609;12.613;494
CNYRUBF;30;20240214;213000;12.613;12.616;12.611;12.616;268
CNYRUBF;30;20240214;220000;12.615;12.621;12.615;12.617;871
CNYRUBF;30;20240214;223000;12.616;12.617;12.615;12.615;267
CNYRUBF;30;20240214;230000;12.613;12.613;12.613;12.613;6
CNYRUBF;30;20240214;233000;12.613;12.615;12.61;12.614;135
CNYRUBF;30;20240215;090000;12.6;12.617;12.587;12.6;18381
CNYRUBF;30;20240215;093000;12.599;12.604;12.598;12.6;654
CNYRUBF;30;20240215;100000;12.6;12.614;12.591;12.61;3498
CNYRUBF;30;20240215;103000;12.611;12.619;12.611;12.617;3337
CNYRUBF;30;20240215;110000;12.618;12.62;12.612;12.618;9517
CNYRUBF;30;20240215;113000;12.618;12.633;12.618;12.633;74241
CNYRUBF;30;20240215;120000;12.633;12.655;12.63;12.653;17993
CNYRUBF;30;20240215;123000;12.653;12.654;12.638;12.653;9051
CNYRUBF;30;20240215;130000;12.654;12.695;12.651;12.692;13240
CNYRUBF;30;20240215;133000;12.694;12.723;12.694;12.704;19532
CNYRUBF;30;20240215;140000;12.703;12.71;12.666;12.67;25758
CNYRUBF;30;20240215;143000;12.671;12.708;12.668;12.698;37580
CNYRUBF;30;20240215;150000;12.697;12.7;12.683;12.698;28002
CNYRUBF;30;20240215;153000;12.698;12.709;12.689;12.705;32491
CNYRUBF;30;20240215;160000;12.707;12.714;12.691;12.709;22820
CNYRUBF;30;20240215;163000;12.708;12.723;12.703;12.722;22244
CNYRUBF;30;20240215;170000;12.722;12.736;12.711;12.715;61150
CNYRUBF;30;20240215;173000;12.716;12.724;12.713;12.723;2599
CNYRUBF;30;20240215;180000;12.723;12.743;12.721;12.741;24546
CNYRUBF;30;20240215;183000;12.738;12.75;12.738;12.743;6306
CNYRUBF;30;20240215;190000;12.742;12.743;12.725;12.725;5660
CNYRUBF;30;20240215;193000;12.726;12.727;12.72;12.721;11910
CNYRUBF;30;20240215;200000;12.724;12.726;12.72;12.722;1872
CNYRUBF;30;20240215;203000;12.725;12.728;12.722;12.727;1825
CNYRUBF;30;20240215;210000;12.727;12.728;12.725;12.725;840
CNYRUBF;30;20240215;213000;12.726;12.726;12.71;12.718;5227
CNYRUBF;30;20240215;220000;12.72;12.725;12.72;12.722;792
CNYRUBF;30;20240215;223000;12.722;12.724;12.721;12.721;175
CNYRUBF;30;20240215;230000;12.721;12.724;12.721;12.721;65
CNYRUBF;30;20240215;233000;12.723;12.723;12.718;12.72;755
CNYRUBF;30;20240216;090000;12.725;12.731;12.721;12.728;54309
CNYRUBF;30;20240216;093000;12.729;12.745;12.724;12.733;31764
CNYRUBF;30;20240216;100000;12.733;12.746;12.722;12.735;20770
CNYRUBF;30;20240216;103000;12.735;12.735;12.706;12.722;22885
CNYRUBF;30;20240216;110000;12.718;12.745;12.716;12.745;19590
CNYRUBF;30;20240216;113000;12.745;12.777;12.739;12.756;24742
CNYRUBF;30;20240216;120000;12.753;12.757;12.726;12.733;11382
CNYRUBF;30;20240216;123000;12.73;12.743;12.708;12.721;19778
CNYRUBF;30;20240216;130000;12.723;12.749;12.723;12.736;17384
CNYRUBF;30;20240216;133000;12.733;12.753;12.72;12.75;8205
CNYRUBF;30;20240216;140000;12.751;12.816;12.75;12.788;29458
CNYRUBF;30;20240216;143000;12.787;12.795;12.756;12.769;24427
CNYRUBF;30;20240216;150000;12.773;12.774;12.753;12.766;25531
CNYRUBF;30;20240216;153000;12.766;12.778;12.756;12.774;41614
CNYRUBF;30;20240216;160000;12.773;12.777;12.742;12.748;110147
CNYRUBF;30;20240216;163000;12.747;12.752;12.718;12.723;134309
CNYRUBF;30;20240216;170000;12.726;12.729;12.7;12.707;112174
CNYRUBF;30;20240216;173000;12.704;12.716;12.702;12.706;18911
CNYRUBF;30;20240216;180000;12.706;12.71;12.674;12.675;62828
CNYRUBF;30;20240216;183000;12.675;12.682;12.668;12.671;24201
CNYRUBF;30;20240216;190000;12.673;12.69;12.665;12.679;6799
CNYRUBF;30;20240216;193000;12.679;12.69;12.679;12.689;622
CNYRUBF;30;20240216;200000;12.69;12.691;12.684;12.685;242
CNYRUBF;30;20240216;203000;12.685;12.688;12.681;12.682;447
CNYRUBF;30;20240216;210000;12.683;12.703;12.681;12.689;2851
CNYRUBF;30;20240216;213000;12.689;12.689;12.683;12.687;362
CNYRUBF;30;20240216;220000;12.684;12.691;12.679;12.686;630
CNYRUBF;30;20240216;223000;12.686;12.686;12.683;12.685;184
CNYRUBF;30;20240216;230000;12.683;12.685;12.683;12.683;78
CNYRUBF;30;20240216;233000;12.686;12.69;12.68;12.689;489
CNYRUBF;30;20240219;090000;12.738;12.772;12.728;12.739;52900
CNYRUBF;30;20240219;093000;12.738;12.745;12.719;12.724;20716
CNYRUBF;30;20240219;100000;12.726;12.771;12.723;12.761;93356
CNYRUBF;30;20240219;103000;12.761;12.771;12.753;12.754;60256
CNYRUBF;30;20240219;110000;12.754;12.772;12.753;12.77;38038
CNYRUBF;30;20240219;113000;12.77;12.778;12.766;12.774;31112
CNYRUBF;30;20240219;120000;12.773;12.777;12.768;12.777;4625
CNYRUBF;30;20240219;123000;12.776;12.785;12.774;12.785;30092
CNYRUBF;30;20240219;130000;12.786;12.79;12.782;12.784;30655
CNYRUBF;30;20240219;133000;12.782;12.783;12.769;12.783;18892
CNYRUBF;30;20240219;140000;12.782;12.782;12.775;12.775;1222
CNYRUBF;30;20240219;143000;12.777;12.792;12.777;12.789;23721
CNYRUBF;30;20240219;150000;12.788;12.791;12.77;12.771;50405
CNYRUBF;30;20240219;153000;12.771;12.785;12.75;12.773;122456
CNYRUBF;30;20240219;160000;12.773;12.788;12.771;12.78;33581
CNYRUBF;30;20240219;163000;12.781;12.796;12.768;12.777;27172
CNYRUBF;30;20240219;170000;12.778;12.799;12.777;12.795;35886
CNYRUBF;30;20240219;173000;12.795;12.795;12.781;12.787;4142
CNYRUBF;30;20240219;180000;12.786;12.8;12.786;12.798;18490
CNYRUBF;30;20240219;183000;12.798;12.8;12.787;12.799;23103
CNYRUBF;30;20240219;190000;12.8;12.806;12.793;12.796;402
CNYRUBF;30;20240219;193000;12.796;12.802;12.796;12.798;775
CNYRUBF;30;20240219;200000;12.799;12.802;12.789;12.79;3641
CNYRUBF;30;20240219;203000;12.789;12.79;12.789;12.79;2491
CNYRUBF;30;20240219;210000;12.789;12.79;12.789;12.789;645
CNYRUBF;30;20240219;213000;12.789;12.79;12.786;12.786;1136
CNYRUBF;30;20240219;220000;12.789;12.79;12.787;12.787;1447
CNYRUBF;30;20240219;223000;12.79;12.79;12.787;12.789;347
CNYRUBF;30;20240219;230000;12.789;12.789;12.787;12.787;109
CNYRUBF;30;20240219;233000;12.789;12.79;12.787;12.79;993
CNYRUBF;30;20240220;090000;12.79;12.823;12.79;12.803;59568
CNYRUBF;30;20240220;093000;12.803;12.807;12.787;12.798;38828
CNYRUBF;30;20240220;100000;12.8;12.804;12.782;12.796;38877
CNYRUBF;30;20240220;103000;12.796;12.801;12.782;12.798;56373
CNYRUBF;30;20240220;110000;12.798;12.807;12.784;12.804;59378
CNYRUBF;30;20240220;113000;12.805;12.815;12.794;12.803;59232
CNYRUBF;30;20240220;120000;12.801;12.809;12.785;12.788;10605
CNYRUBF;30;20240220;123000;12.789;12.815;12.787;12.804;25529
CNYRUBF;30;20240220;130000;12.806;12.811;12.802;12.805;4900
CNYRUBF;30;20240220;133000;12.805;12.828;12.803;12.828;10688
CNYRUBF;30;20240220;140000;12.827;12.827;12.816;12.82;7523
CNYRUBF;30;20240220;143000;12.82;12.821;12.812;12.814;6911
CNYRUBF;30;20240220;150000;12.813;12.816;12.793;12.798;17035
CNYRUBF;30;20240220;153000;12.801;12.814;12.801;12.804;3812
CNYRUBF;30;20240220;160000;12.808;12.814;12.802;12.811;1062
CNYRUBF;30;20240220;163000;12.812;12.819;12.812;12.812;1646
CNYRUBF;30;20240220;170000;12.811;12.811;12.805;12.807;1809
CNYRUBF;30;20240220;173000;12.805;12.817;12.803;12.811;4787
CNYRUBF;30;20240220;180000;12.812;12.814;12.809;12.812;9724
CNYRUBF;30;20240220;183000;12.812;12.812;12.803;12.811;779
CNYRUBF;30;20240220;190000;12.813;12.815;12.805;12.805;265
CNYRUBF;30;20240220;193000;12.805;12.807;12.792;12.8;7905
CNYRUBF;30;20240220;200000;12.8;12.8;12.795;12.796;4143
CNYRUBF;30;20240220;203000;12.796;12.796;12.786;12.793;4568
CNYRUBF;30;20240220;210000;12.793;12.798;12.793;12.795;449
CNYRUBF;30;20240220;213000;12.795;12.797;12.793;12.797;257
CNYRUBF;30;20240220;220000;12.797;12.799;12.792;12.797;2336
CNYRUBF;30;20240220;223000;12.797;12.799;12.79;12.791;1572
CNYRUBF;30;20240220;230000;12.791;12.799;12.79;12.799;4440
CNYRUBF;30;20240220;233000;12.796;12.799;12.796;12.799;2894
CNYRUBF;30;20240221;090000;12.8;12.813;12.799;12.811;35774
CNYRUBF;30;20240221;093000;12.811;12.816;12.809;12.813;6689
CNYRUBF;30;20240221;100000;12.813;12.836;12.802;12.808;11595
CNYRUBF;30;20240221;103000;12.807;12.818;12.801;12.807;14585
CNYRUBF;30;20240221;110000;12.809;12.824;12.807;12.814;57101
CNYRUBF;30;20240221;113000;12.813;12.822;12.805;12.818;20086
CNYRUBF;30;20240221;120000;12.82;12.827;12.819;12.824;14656
CNYRUBF;30;20240221;123000;12.822;12.822;12.812;12.812;17137
CNYRUBF;30;20240221;130000;12.812;12.817;12.81;12.815;22144
CNYRUBF;30;20240221;133000;12.814;12.819;12.812;12.819;41435
CNYRUBF;30;20240221;140000;12.817;12.819;12.814;12.815;8747
CNYRUBF;30;20240221;143000;12.815;12.817;12.81;12.811;63218
CNYRUBF;30;20240221;150000;12.811;12.815;12.795;12.795;53510
CNYRUBF;30;20240221;153000;12.794;12.798;12.781;12.798;83843
CNYRUBF;30;20240221;160000;12.799;12.808;12.797;12.806;14457
CNYRUBF;30;20240221;163000;12.807;12.815;12.805;12.809;20503
CNYRUBF;30;20240221;170000;12.809;12.812;12.789;12.797;63955
CNYRUBF;30;20240221;173000;12.797;12.801;12.793;12.794;56780
CNYRUBF;30;20240221;180000;12.795;12.798;12.789;12.797;47595
CNYRUBF;30;20240221;183000;12.797;12.815;12.797;12.812;26840
CNYRUBF;30;20240221;190000;12.816;12.821;12.807;12.808;1745
CNYRUBF;30;20240221;193000;12.811;12.814;12.809;12.811;1188
CNYRUBF;30;20240221;200000;12.814;12.817;12.806;12.816;1894
CNYRUBF;30;20240221;203000;12.815;12.817;12.811;12.816;152
CNYRUBF;30;20240221;210000;12.816;12.817;12.815;12.815;241
CNYRUBF;30;20240221;213000;12.815;12.817;12.815;12.816;2028
CNYRUBF;30;20240221;220000;12.816;12.817;12.814;12.815;933
CNYRUBF;30;20240221;223000;12.816;12.816;12.811;12.814;113
CNYRUBF;30;20240221;230000;12.813;12.813;12.807;12.812;325
CNYRUBF;30;20240221;233000;12.813;12.817;12.813;12.817;726
CNYRUBF;30;20240222;090000;12.817;12.817;12.802;12.805;4902
CNYRUBF;30;20240222;093000;12.805;12.806;12.764;12.778;22640
CNYRUBF;30;20240222;100000;12.78;12.78;12.754;12.77;63991
CNYRUBF;30;20240222;103000;12.77;12.787;12.767;12.787;24508
CNYRUBF;30;20240222;110000;12.786;12.805;12.784;12.8;21846
CNYRUBF;30;20240222;113000;12.8;12.832;12.8;12.819;65943
CNYRUBF;30;20240222;120000;12.817;12.828;12.802;12.808;76025
CNYRUBF;30;20240222;123000;12.809;12.827;12.807;12.824;43857
CNYRUBF;30;20240222;130000;12.824;12.847;12.824;12.835;89523
CNYRUBF;30;20240222;133000;12.837;12.841;12.807;12.816;27964
CNYRUBF;30;20240222;140000;12.812;12.815;12.789;12.794;23312
CNYRUBF;30;20240222;143000;12.794;12.82;12.788;12.813;26782
CNYRUBF;30;20240222;150000;12.811;12.813;12.775;12.781;45638
CNYRUBF;30;20240222;153000;12.78;12.791;12.771;12.775;42757
CNYRUBF;30;20240222;160000;12.775;12.789;12.738;12.773;77339
CNYRUBF;30;20240222;163000;12.773;12.816;12.759;12.795;36159
CNYRUBF;30;20240222;170000;12.796;12.818;12.787;12.789;106275
CNYRUBF;30;20240222;173000;12.79;12.823;12.763;12.817;103640
CNYRUBF;30;20240222;180000;12.815;12.818;12.806;12.81;23340
CNYRUBF;30;20240222;183000;12.81;12.829;12.809;12.826;14682
CNYRUBF;30;20240222;190000;12.829;12.858;12.817;12.85;4652
CNYRUBF;30;20240222;193000;12.85;12.887;12.816;12.864;22531
CNYRUBF;30;20240222;200000;12.863;12.883;12.857;12.87;8078
CNYRUBF;30;20240222;203000;12.871;12.88;12.859;12.86;3851
CNYRUBF;30;20240222;210000;12.86;12.869;12.851;12.865;4065
CNYRUBF;30;20240222;213000;12.867;12.873;12.861;12.873;5509
CNYRUBF;30;20240222;220000;12.87;12.883;12.869;12.877;5850
CNYRUBF;30;20240222;223000;12.872;12.877;12.863;12.871;4188
CNYRUBF;30;20240222;230000;12.87;12.87;12.86;12.868;3025
CNYRUBF;30;20240222;233000;12.869;12.876;12.868;12.875;13766
CNYRUBF;30;20240226;090000;12.87;12.87;12.836;12.857;21294
CNYRUBF;30;20240226;093000;12.858;12.858;12.822;12.822;4473
CNYRUBF;30;20240226;100000;12.823;12.824;12.802;12.814;10030
CNYRUBF;30;20240226;103000;12.817;12.817;12.8;12.81;17825
CNYRUBF;30;20240226;110000;12.81;12.843;12.808;12.813;12975
CNYRUBF;30;20240226;113000;12.815;12.82;12.81;12.815;7841
CNYRUBF;30;20240226;120000;12.816;12.82;12.8;12.804;8097
CNYRUBF;30;20240226;123000;12.804;12.807;12.79;12.803;8297
CNYRUBF;30;20240226;130000;12.802;12.804;12.738;12.753;27251
CNYRUBF;30;20240226;133000;12.753;12.77;12.74;12.767;23989
CNYRUBF;30;20240226;140000;12.768;12.769;12.741;12.749;9095
CNYRUBF;30;20240226;143000;12.749;12.767;12.747;12.754;13642
CNYRUBF;30;20240226;150000;12.754;12.774;12.738;12.745;31308
CNYRUBF;30;20240226;153000;12.742;12.759;12.725;12.733;62719
CNYRUBF;30;20240226;160000;12.732;12.754;12.724;12.748;49340
CNYRUBF;30;20240226;163000;12.751;12.751;12.727;12.748;34079
CNYRUBF;30;20240226;170000;12.747;12.748;12.74;12.743;3436
CNYRUBF;30;20240226;173000;12.742;12.742;12.713;12.733;7257
CNYRUBF;30;20240226;180000;12.736;12.78;12.735;12.775;14547
CNYRUBF;30;20240226;183000;12.776;12.776;12.759;12.764;2559
CNYRUBF;30;20240226;190000;12.763;12.769;12.76;12.76;2281
CNYRUBF;30;20240226;193000;12.761;12.761;12.751;12.756;1156
CNYRUBF;30;20240226;200000;12.756;12.76;12.756;12.757;2832
CNYRUBF;30;20240226;203000;12.756;12.762;12.755;12.762;158
CNYRUBF;30;20240226;210000;12.758;12.762;12.752;12.756;342
CNYRUBF;30;20240226;213000;12.753;12.758;12.751;12.757;54
CNYRUBF;30;20240226;220000;12.755;12.759;12.751;12.759;770
CNYRUBF;30;20240226;223000;12.76;12.763;12.76;12.763;99
CNYRUBF;30;20240226;230000;12.764;12.765;12.762;12.763;56
CNYRUBF;30;20240226;233000;12.76;12.763;12.756;12.756;15
CNYRUBF;30;20240227;090000;12.771;12.775;12.732;12.732;6220
CNYRUBF;30;20240227;093000;12.731;12.746;12.721;12.728;5810
CNYRUBF;30;20240227;100000;12.729;12.742;12.708;12.734;9446
CNYRUBF;30;20240227;103000;12.735;12.759;12.734;12.744;5880
CNYRUBF;30;20240227;110000;12.746;12.755;12.736;12.741;3093
CNYRUBF;30;20240227;113000;12.742;12.751;12.737;12.749;4237
CNYRUBF;30;20240227;120000;12.749;12.754;12.736;12.738;9669
CNYRUBF;30;20240227;123000;12.738;12.745;12.737;12.739;12238
CNYRUBF;30;20240227;130000;12.738;12.753;12.735;12.74;15296
CNYRUBF;30;20240227;133000;12.739;12.752;12.739;12.748;2535
CNYRUBF;30;20240227;140000;12.746;12.75;12.743;12.747;1170
CNYRUBF;30;20240227;143000;12.747;12.764;12.743;12.759;2877
CNYRUBF;30;20240227;150000;12.76;12.777;12.756;12.774;9160
CNYRUBF;30;20240227;153000;12.773;12.786;12.765;12.78;9362
CNYRUBF;30;20240227;160000;12.78;12.795;12.771;12.772;22392
CNYRUBF;30;20240227;163000;12.772;12.773;12.763;12.77;7782
CNYRUBF;30;20240227;170000;12.77;12.771;12.747;12.754;9036
CNYRUBF;30;20240227;173000;12.752;12.777;12.75;12.757;4866
CNYRUBF;30;20240227;180000;12.757;12.759;12.746;12.746;2723
CNYRUBF;30;20240227;183000;12.746;12.749;12.741;12.741;2670
CNYRUBF;30;20240227;190000;12.741;12.754;12.741;12.753;2022
CNYRUBF;30;20240227;193000;12.752;12.755;12.746;12.746;817
CNYRUBF;30;20240227;200000;12.745;12.745;12.741;12.743;461
CNYRUBF;30;20240227;203000;12.743;12.753;12.743;12.751;440
CNYRUBF;30;20240227;210000;12.749;12.754;12.746;12.752;537
CNYRUBF;30;20240227;213000;12.752;12.755;12.749;12.751;815
CNYRUBF;30;20240227;220000;12.749;12.752;12.746;12.746;318
CNYRUBF;30;20240227;223000;12.746;12.747;12.743;12.743;53
CNYRUBF;30;20240227;230000;12.743;12.747;12.741;12.747;465
CNYRUBF;30;20240227;233000;12.748;12.749;12.742;12.742;63
CNYRUBF;30;20240228;090000;12.755;12.757;12.748;12.756;769
CNYRUBF;30;20240228;093000;12.756;12.756;12.732;12.741;4098
CNYRUBF;30;20240228;100000;12.74;12.749;12.722;12.738;5419
CNYRUBF;30;20240228;103000;12.738;12.745;12.73;12.745;6490
CNYRUBF;30;20240228;110000;12.746;12.753;12.737;12.746;9610
CNYRUBF;30;20240228;113000;12.748;12.75;12.741;12.745;2087
CNYRUBF;30;20240228;120000;12.746;12.751;12.737;12.743;7404
CNYRUBF;30;20240228;123000;12.743;12.744;12.735;12.741;1174
CNYRUBF;30;20240228;130000;12.737;12.738;12.701;12.702;16887
CNYRUBF;30;20240228;133000;12.701;12.702;12.675;12.685;31531
CNYRUBF;30;20240228;140000;12.689;12.698;12.667;12.675;32771
CNYRUBF;30;20240228;143000;12.674;12.693;12.659;12.688;36963
CNYRUBF;30;20240228;150000;12.689;12.694;12.665;12.671;13123
CNYRUBF;30;20240228;153000;12.671;12.688;12.665;12.667;13893
CNYRUBF;30;20240228;160000;12.666;12.666;12.65;12.664;11507
CNYRUBF;30;20240228;163000;12.664;12.664;12.638;12.646;7116
CNYRUBF;30;20240228;170000;12.65;12.671;12.629;12.66;22722
CNYRUBF;30;20240228;173000;12.66;12.671;12.644;12.665;13161
CNYRUBF;30;20240228;180000;12.662;12.68;12.611;12.615;23576
CNYRUBF;30;20240228;183000;12.614;12.631;12.608;12.618;15679
CNYRUBF;30;20240228;190000;12.645;12.655;12.613;12.62;4979
CNYRUBF;30;20240228;193000;12.62;12.625;12.619;12.625;730
CNYRUBF;30;20240228;200000;12.624;12.628;12.619;12.619;785
CNYRUBF;30;20240228;203000;12.618;12.62;12.61;12.618;2197
CNYRUBF;30;20240228;210000;12.62;12.62;12.616;12.62;970
CNYRUBF;30;20240228;213000;12.618;12.622;12.612;12.621;642
CNYRUBF;30;20240228;220000;12.62;12.621;12.611;12.617;453
CNYRUBF;30;20240228;223000;12.617;12.617;12.611;12.615;511
CNYRUBF;30;20240228;230000;12.616;12.619;12.615;12.619;238
CNYRUBF;30;20240228;233000;12.619;12.63;12.615;12.619;1440
CNYRUBF;30;20240229;090000;12.636;12.636;12.62;12.623;11280
CNYRUBF;30;20240229;093000;12.623;12.624;12.585;12.585;13774
CNYRUBF;30;20240229;100000;12.587;12.592;12.579;12.589;21571
CNYRUBF;30;20240229;103000;12.589;12.596;12.573;12.587;13852
CNYRUBF;30;20240229;110000;12.587;12.588;12.579;12.582;11788
CNYRUBF;30;20240229;113000;12.582;12.59;12.576;12.586;17806
CNYRUBF;30;20240229;120000;12.586;12.586;12.559;12.568;16589
CNYRUBF;30;20240229;123000;12.567;12.569;12.545;12.559;22277
CNYRUBF;30;20240229;130000;12.559;12.583;12.558;12.582;12754
CNYRUBF;30;20240229;133000;12.583;12.584;12.571;12.583;18488
CNYRUBF;30;20240229;140000;12.581;12.587;12.572;12.584;40422
CNYRUBF;30;20240229;143000;12.585;12.585;12.564;12.575;4381
CNYRUBF;30;20240229;150000;12.574;12.585;12.574;12.582;9409
CNYRUBF;30;20240229;153000;12.582;12.588;12.582;12.585;19291
CNYRUBF;30;20240229;160000;12.586;12.586;12.578;12.58;12785
CNYRUBF;30;20240229;163000;12.579;12.581;12.555;12.559;21470
CNYRUBF;30;20240229;170000;12.558;12.571;12.557;12.557;6080
CNYRUBF;30;20240229;173000;12.559;12.573;12.536;12.563;16829
CNYRUBF;30;20240229;180000;12.565;12.588;12.532;12.585;15708
CNYRUBF;30;20240229;183000;12.586;12.605;12.584;12.594;5585
CNYRUBF;30;20240229;190000;12.595;12.611;12.595;12.604;4371
CNYRUBF;30;20240229;193000;12.603;12.621;12.6;12.621;3896
CNYRUBF;30;20240229;200000;12.619;12.623;12.612;12.613;491
CNYRUBF;30;20240229;203000;12.614;12.614;12.61;12.613;545
CNYRUBF;30;20240229;210000;12.612;12.615;12.611;12.615;1595
CNYRUBF;30;20240229;213000;12.614;12.615;12.606;12.606;1354
CNYRUBF;30;20240229;220000;12.606;12.608;12.603;12.603;2219
CNYRUBF;30;20240229;223000;12.604;12.604;12.593;12.594;1077
CNYRUBF;30;20240229;230000;12.594;12.599;12.594;12.594;134
CNYRUBF;30;20240229;233000;12.595;12.605;12.591;12.605;796
CNYRUBF;30;20240301;090000;12.624;12.635;12.617;12.635;8526
CNYRUBF;30;20240301;093000;12.634;12.643;12.625;12.635;1433
CNYRUBF;30;20240301;100000;12.64;12.669;12.639;12.653;24931
CNYRUBF;30;20240301;103000;12.654;12.655;12.627;12.628;5442
CNYRUBF;30;20240301;110000;12.629;12.635;12.619;12.633;10397
CNYRUBF;30;20240301;113000;12.631;12.635;12.627;12.63;1898
CNYRUBF;30;20240301;120000;12.627;12.648;12.627;12.644;5671
CNYRUBF;30;20240301;123000;12.644;12.644;12.635;12.637;5202
CNYRUBF;30;20240301;130000;12.639;12.64;12.636;12.638;2254
CNYRUBF;30;20240301;133000;12.637;12.64;12.632;12.64;1036
CNYRUBF;30;20240301;140000;12.641;12.648;12.62;12.639;5108
CNYRUBF;30;20240301;143000;12.64;12.65;12.624;12.648;10268
CNYRUBF;30;20240301;150000;12.648;12.651;12.643;12.649;10774
CNYRUBF;30;20240301;153000;12.648;12.65;12.622;12.635;9829
CNYRUBF;30;20240301;160000;12.637;12.648;12.636;12.643;4045
CNYRUBF;30;20240301;163000;12.643;12.649;12.638;12.647;4331
CNYRUBF;30;20240301;170000;12.647;12.653;12.644;12.651;12267
CNYRUBF;30;20240301;173000;12.653;12.665;12.652;12.664;18519
CNYRUBF;30;20240301;180000;12.665;12.689;12.663;12.683;17826
CNYRUBF;30;20240301;183000;12.683;12.688;12.666;12.67;9921
CNYRUBF;30;20240301;190000;12.675;12.685;12.668;12.68;4089
CNYRUBF;30;20240301;193000;12.679;12.682;12.675;12.675;2303
CNYRUBF;30;20240301;200000;12.675;12.68;12.675;12.68;1155
CNYRUBF;30;20240301;203000;12.679;12.684;12.678;12.68;1649
CNYRUBF;30;20240301;210000;12.68;12.681;12.675;12.676;239
CNYRUBF;30;20240301;213000;12.675;12.677;12.673;12.675;1003
CNYRUBF;30;20240301;220000;12.675;12.676;12.675;12.675;965
CNYRUBF;30;20240301;223000;12.676;12.677;12.668;12.669;6891
CNYRUBF;30;20240301;230000;12.669;12.675;12.667;12.667;1445
CNYRUBF;30;20240301;233000;12.668;12.675;12.668;12.671;1153
CNYRUBF;30;20240304;090000;12.685;12.688;12.664;12.668;13014
CNYRUBF;30;20240304;093000;12.666;12.674;12.665;12.669;1393
CNYRUBF;30;20240304;100000;12.668;12.671;12.641;12.65;16662
CNYRUBF;30;20240304;103000;12.65;12.653;12.638;12.649;7532
CNYRUBF;30;20240304;110000;12.648;12.657;12.643;12.653;8749
CNYRUBF;30;20240304;113000;12.653;12.664;12.652;12.659;70653
CNYRUBF;30;20240304;120000;12.66;12.663;12.653;12.659;32561
CNYRUBF;30;20240304;123000;12.657;12.659;12.655;12.655;3178
CNYRUBF;30;20240304;130000;12.657;12.661;12.645;12.658;68710
CNYRUBF;30;20240304;133000;12.658;12.671;12.656;12.671;12099
CNYRUBF;30;20240304;140000;12.667;12.67;12.655;12.657;8715
CNYRUBF;30;20240304;143000;12.656;12.662;12.647;12.654;25550
CNYRUBF;30;20240304;150000;12.654;12.667;12.651;12.659;9610
CNYRUBF;30;20240304;153000;12.658;12.664;12.648;12.662;13262
CNYRUBF;30;20240304;160000;12.659;12.673;12.655;12.662;17649
CNYRUBF;30;20240304;163000;12.661;12.673;12.66;12.664;13219
CNYRUBF;30;20240304;170000;12.664;12.666;12.656;12.66;7141
CNYRUBF;30;20240304;173000;12.66;12.663;12.648;12.655;17907
CNYRUBF;30;20240304;180000;12.653;12.669;12.643;12.664;6875
CNYRUBF;30;20240304;183000;12.664;12.667;12.655;12.658;3533
CNYRUBF;30;20240304;190000;12.655;12.659;12.642;12.642;1471
CNYRUBF;30;20240304;193000;12.643;12.648;12.619;12.628;7046
CNYRUBF;30;20240304;200000;12.626;12.626;12.607;12.609;6639
CNYRUBF;30;20240304;203000;12.608;12.619;12.604;12.612;3861
CNYRUBF;30;20240304;210000;12.615;12.624;12.615;12.624;977
CNYRUBF;30;20240304;213000;12.625;12.625;12.616;12.617;2682
CNYRUBF;30;20240304;220000;12.617;12.624;12.615;12.616;1098
CNYRUBF;30;20240304;223000;12.617;12.628;12.615;12.628;726
CNYRUBF;30;20240304;230000;12.627;12.629;12.622;12.624;494
CNYRUBF;30;20240304;233000;12.621;12.625;12.617;12.617;100
CNYRUBF;30;20240305;090000;12.642;12.657;12.639;12.655;9014
CNYRUBF;30;20240305;093000;12.656;12.659;12.655;12.658;2665
CNYRUBF;30;20240305;100000;12.657;12.658;12.642;12.649;5468
CNYRUBF;30;20240305;103000;12.65;12.653;12.64;12.641;8281
CNYRUBF;30;20240305;110000;12.641;12.646;12.628;12.642;10223
CNYRUBF;30;20240305;113000;12.642;12.644;12.637;12.639;10749
CNYRUBF;30;20240305;120000;12.637;12.641;12.63;12.641;4645
CNYRUBF;30;20240305;123000;12.642;12.646;12.638;12.638;8129
CNYRUBF;30;20240305;130000;12.637;12.638;12.609;12.613;4858
CNYRUBF;30;20240305;133000;12.613;12.616;12.593;12.602;6455
CNYRUBF;30;20240305;140000;12.601;12.602;12.586;12.59;7255
CNYRUBF;30;20240305;143000;12.59;12.6;12.589;12.599;6432
CNYRUBF;30;20240305;150000;12.6;12.601;12.571;12.574;14691
CNYRUBF;30;20240305;153000;12.574;12.586;12.564;12.568;13512
CNYRUBF;30;20240305;160000;12.569;12.592;12.567;12.577;4742
CNYRUBF;30;20240305;163000;12.577;12.6;12.574;12.594;13479
CNYRUBF;30;20240305;170000;12.592;12.598;12.58;12.586;3169
CNYRUBF;30;20240305;173000;12.586;12.591;12.579;12.582;2701
CNYRUBF;30;20240305;180000;12.578;12.583;12.564;12.57;9175
CNYRUBF;30;20240305;183000;12.572;12.572;12.555;12.567;6537
CNYRUBF;30;20240305;190000;12.565;12.565;12.543;12.551;8654
CNYRUBF;30;20240305;193000;12.551;12.556;12.551;12.556;1524
CNYRUBF;30;20240305;200000;12.554;12.56;12.554;12.56;2714
CNYRUBF;30;20240305;203000;12.556;12.562;12.556;12.561;181
CNYRUBF;30;20240305;210000;12.561;12.562;12.56;12.562;173
CNYRUBF;30;20240305;213000;12.562;12.566;12.561;12.564;209
CNYRUBF;30;20240305;220000;12.565;12.565;12.558;12.56;772
CNYRUBF;30;20240305;223000;12.56;12.56;12.555;12.558;147
CNYRUBF;30;20240305;230000;12.555;12.559;12.553;12.555;96
CNYRUBF;30;20240305;233000;12.553;12.564;12.553;12.564;223
CNYRUBF;30;20240306;090000;12.568;12.572;12.555;12.557;14957
CNYRUBF;30;20240306;093000;12.558;12.558;12.532;12.534;15804
CNYRUBF;30;20240306;100000;12.533;12.533;12.519;12.523;31348
CNYRUBF;30;20240306;103000;12.525;12.529;12.515;12.528;5932
CNYRUBF;30;20240306;110000;12.528;12.528;12.495;12.503;23941
CNYRUBF;30;20240306;113000;12.503;12.505;12.488;12.5;10771
CNYRUBF;30;20240306;120000;12.501;12.504;12.494;12.499;16146
CNYRUBF;30;20240306;123000;12.498;12.499;12.491;12.492;3997
CNYRUBF;30;20240306;130000;12.49;12.507;12.483;12.507;8153
CNYRUBF;30;20240306;133000;12.508;12.515;12.5;12.508;10107
CNYRUBF;30;20240306;140000;12.512;12.542;12.512;12.541;22585
CNYRUBF;30;20240306;143000;12.542;12.563;12.542;12.549;24784
CNYRUBF;30;20240306;150000;12.548;12.55;12.521;12.521;10326
CNYRUBF;30;20240306;153000;12.52;12.551;12.52;12.548;12078
CNYRUBF;30;20240306;160000;12.547;12.561;12.544;12.55;9821
CNYRUBF;30;20240306;163000;12.553;12.574;12.549;12.56;7646
CNYRUBF;30;20240306;170000;12.562;12.572;12.552;12.568;8782
CNYRUBF;30;20240306;173000;12.568;12.568;12.554;12.556;7605
CNYRUBF;30;20240306;180000;12.557;12.56;12.541;12.544;10057
CNYRUBF;30;20240306;183000;12.543;12.556;12.542;12.547;5402
CNYRUBF;30;20240306;190000;12.54;12.56;12.529;12.56;4219
CNYRUBF;30;20240306;193000;12.56;12.56;12.55;12.551;212
CNYRUBF;30;20240306;200000;12.551;12.565;12.551;12.565;619
CNYRUBF;30;20240306;203000;12.561;12.565;12.556;12.565;132
CNYRUBF;30;20240306;210000;12.565;12.568;12.56;12.564;988
CNYRUBF;30;20240306;213000;12.564;12.569;12.56;12.56;486
CNYRUBF;30;20240306;220000;12.562;12.562;12.56;12.561;639
CNYRUBF;30;20240306;223000;12.562;12.572;12.562;12.571;358
CNYRUBF;30;20240306;230000;12.571;12.582;12.57;12.572;303
CNYRUBF;30;20240306;233000;12.576;12.58;12.57;12.576;400
CNYRUBF;30;20240307;090000;12.564;12.575;12.555;12.569;19262
CNYRUBF;30;20240307;093000;12.569;12.609;12.564;12.596;23913
CNYRUBF;30;20240307;100000;12.596;12.596;12.566;12.58;22785
CNYRUBF;30;20240307;103000;12.576;12.58;12.569;12.573;13456
CNYRUBF;30;20240307;110000;12.571;12.575;12.567;12.572;5836
CNYRUBF;30;20240307;113000;12.571;12.578;12.57;12.574;7091
CNYRUBF;30;20240307;120000;12.574;12.58;12.57;12.576;4893
CNYRUBF;30;20240307;123000;12.576;12.6;12.571;12.589;16577
CNYRUBF;30;20240307;130000;12.59;12.592;12.575;12.578;10023
CNYRUBF;30;20240307;133000;12.58;12.594;12.579;12.588;2444
CNYRUBF;30;20240307;140000;12.587;12.59;12.577;12.589;10493
CNYRUBF;30;20240307;143000;12.588;12.609;12.587;12.602;9654
CNYRUBF;30;20240307;150000;12.606;12.623;12.597;12.62;11729
CNYRUBF;30;20240307;153000;12.619;12.63;12.604;12.614;12498
CNYRUBF;30;20240307;160000;12.619;12.625;12.601;12.613;9595
CNYRUBF;30;20240307;163000;12.61;12.617;12.597;12.602;8074
CNYRUBF;30;20240307;170000;12.602;12.615;12.598;12.614;11899
CNYRUBF;30;20240307;173000;12.613;12.616;12.602;12.612;13893
CNYRUBF;30;20240307;180000;12.61;12.615;12.607;12.61;6170
CNYRUBF;30;20240307;183000;12.61;12.612;12.6;12.607;2901
CNYRUBF;30;20240307;190000;12.605;12.608;12.588;12.598;3866
CNYRUBF;30;20240307;193000;12.599;12.599;12.588;12.597;522
CNYRUBF;30;20240307;200000;12.594;12.597;12.592;12.594;465
CNYRUBF;30;20240307;203000;12.593;12.594;12.59;12.59;564
CNYRUBF;30;20240307;210000;12.59;12.592;12.587;12.591;2370
CNYRUBF;30;20240307;213000;12.591;12.595;12.588;12.595;468
CNYRUBF;30;20240307;220000;12.591;12.597;12.59;12.597;1269
CNYRUBF;30;20240307;223000;12.594;12.597;12.59;12.592;301
CNYRUBF;30;20240307;230000;12.596;12.596;12.59;12.595;334
CNYRUBF;30;20240307;233000;12.595;12.596;12.59;12.596;301
CNYRUBF;30;20240311;090000;12.607;12.626;12.607;12.623;15385
CNYRUBF;30;20240311;093000;12.622;12.626;12.62;12.62;3854
CNYRUBF;30;20240311;100000;12.619;12.619;12.58;12.59;12335
CNYRUBF;30;20240311;103000;12.589;12.617;12.587;12.61;13821
CNYRUBF;30;20240311;110000;12.612;12.623;12.595;12.613;8126
CNYRUBF;30;20240311;113000;12.613;12.614;12.6;12.602;3832
CNYRUBF;30;20240311;120000;12.603;12.612;12.598;12.603;4059
CNYRUBF;30;20240311;123000;12.604;12.612;12.604;12.609;3057
CNYRUBF;30;20240311;130000;12.611;12.614;12.603;12.604;7008
CNYRUBF;30;20240311;133000;12.605;12.606;12.593;12.594;3485
CNYRUBF;30;20240311;140000;12.596;12.596;12.573;12.586;26788
CNYRUBF;30;20240311;143000;12.583;12.599;12.576;12.599;6190
CNYRUBF;30;20240311;150000;12.597;12.606;12.59;12.601;5047
CNYRUBF;30;20240311;153000;12.604;12.613;12.6;12.61;5959
CNYRUBF;30;20240311;160000;12.611;12.612;12.597;12.599;3626
CNYRUBF;30;20240311;163000;12.599;12.601;12.593;12.601;4685
CNYRUBF;30;20240311;170000;12.6;12.612;12.599;12.608;5218
CNYRUBF;30;20240311;173000;12.604;12.61;12.599;12.61;1830
CNYRUBF;30;20240311;180000;12.61;12.611;12.606;12.611;10173
CNYRUBF;30;20240311;183000;12.611;12.612;12.61;12.61;4844
CNYRUBF;30;20240311;190000;12.611;12.62;12.61;12.618;7895
CNYRUBF;30;20240311;193000;12.618;12.62;12.615;12.615;423
CNYRUBF;30;20240311;200000;12.614;12.617;12.613;12.616;130
CNYRUBF;30;20240311;203000;12.616;12.617;12.616;12.616;221
CNYRUBF;30;20240311;210000;12.617;12.62;12.614;12.615;208
CNYRUBF;30;20240311;213000;12.616;12.62;12.614;12.618;917
CNYRUBF;30;20240311;220000;12.618;12.619;12.611;12.616;573
CNYRUBF;30;20240311;223000;12.616;12.616;12.615;12.616;205
CNYRUBF;30;20240311;230000;12.616;12.62;12.616;12.62;318
CNYRUBF;30;20240311;233000;12.619;12.619;12.61;12.61;283
CNYRUBF;30;20240312;090000;12.615;12.615;12.597;12.598;5752
CNYRUBF;30;20240312;093000;12.598;12.609;12.597;12.607;6698
CNYRUBF;30;20240312;100000;12.609;12.63;12.607;12.619;15357
CNYRUBF;30;20240312;103000;12.615;12.638;12.615;12.63;8592
CNYRUBF;30;20240312;110000;12.636;12.641;12.633;12.637;15028
CNYRUBF;30;20240312;113000;12.637;12.649;12.636;12.648;8152
CNYRUBF;30;20240312;120000;12.649;12.662;12.644;12.646;24827
CNYRUBF;30;20240312;123000;12.646;12.669;12.645;12.664;7217
CNYRUBF;30;20240312;130000;12.667;12.672;12.657;12.663;9061
CNYRUBF;30;20240312;133000;12.667;12.685;12.664;12.674;8855
CNYRUBF;30;20240312;140000;12.673;12.674;12.664;12.673;35878
CNYRUBF;30;20240312;143000;12.672;12.675;12.669;12.672;3318
CNYRUBF;30;20240312;150000;12.673;12.682;12.67;12.672;38414
CNYRUBF;30;20240312;153000;12.672;12.694;12.665;12.69;19956
CNYRUBF;30;20240312;160000;12.69;12.744;12.689;12.74;23465
CNYRUBF;30;20240312;163000;12.74;12.765;12.736;12.755;22487
CNYRUBF;30;20240312;170000;12.756;12.758;12.726;12.755;42506
CNYRUBF;30;20240312;173000;12.755;12.775;12.751;12.766;54048
CNYRUBF;30;20240312;180000;12.767;12.77;12.744;12.754;24576
CNYRUBF;30;20240312;183000;12.754;12.762;12.752;12.762;6394
CNYRUBF;30;20240312;190000;12.762;12.78;12.762;12.777;4750
CNYRUBF;30;20240312;193000;12.778;12.786;12.771;12.771;2143
CNYRUBF;30;20240312;200000;12.772;12.777;12.77;12.777;951
CNYRUBF;30;20240312;203000;12.777;12.79;12.771;12.78;3457
CNYRUBF;30;20240312;210000;12.779;12.78;12.774;12.779;2135
CNYRUBF;30;20240312;213000;12.78;12.784;12.777;12.782;881
CNYRUBF;30;20240312;220000;12.782;12.782;12.778;12.78;255
CNYRUBF;30;20240312;223000;12.78;12.78;12.774;12.776;228
CNYRUBF;30;20240312;230000;12.776;12.782;12.776;12.779;707
CNYRUBF;30;20240312;233000;12.78;12.787;12.776;12.787;820
CNYRUBF;30;20240313;090000;12.758;12.758;12.742;12.745;12612
CNYRUBF;30;20240313;093000;12.745;12.745;12.708;12.71;25327
CNYRUBF;30;20240313;100000;12.71;12.712;12.68;12.688;39854
CNYRUBF;30;20240313;103000;12.686;12.732;12.681;12.729;24015
CNYRUBF;30;20240313;110000;12.729;12.745;12.719;12.73;23838
CNYRUBF;30;20240313;113000;12.731;12.747;12.716;12.716;4624
CNYRUBF;30;20240313;120000;12.719;12.72;12.704;12.716;5459
CNYRUBF;30;20240313;123000;12.716;12.719;12.708;12.712;6081
CNYRUBF;30;20240313;130000;12.711;12.712;12.697;12.707;7647
CNYRUBF;30;20240313;133000;12.704;12.725;12.698;12.712;3876
CNYRUBF;30;20240313;140000;12.714;12.73;12.708;12.726;6141
CNYRUBF;30;20240313;143000;12.726;12.729;12.706;12.714;45147
CNYRUBF;30;20240313;150000;12.714;12.721;12.71;12.715;80329
CNYRUBF;30;20240313;153000;12.718;12.723;12.706;12.709;51575
CNYRUBF;30;20240313;160000;12.709;12.709;12.694;12.703;64954
CNYRUBF;30;20240313;163000;12.702;12.708;12.698;12.698;26316
CNYRUBF;30;20240313;170000;12.698;12.698;12.66;12.662;22113
CNYRUBF;30;20240313;173000;12.66;12.67;12.646;12.664;34212
CNYRUBF;30;20240313;180000;12.664;12.692;12.664;12.686;18933
CNYRUBF;30;20240313;183000;12.683;12.698;12.683;12.696;2566
CNYRUBF;30;20240313;190000;12.696;12.699;12.69;12.698;4056
CNYRUBF;30;20240313;193000;12.698;12.705;12.697;12.705;874
CNYRUBF;30;20240313;200000;12.703;12.704;12.7;12.7;567
CNYRUBF;30;20240313;203000;12.701;12.706;12.701;12.704;162
CNYRUBF;30;20240313;210000;12.701;12.704;12.7;12.702;975
CNYRUBF;30;20240313;213000;12.702;12.722;12.7;12.703;3633
CNYRUBF;30;20240313;220000;12.702;12.702;12.7;12.701;917
CNYRUBF;30;20240313;223000;12.7;12.702;12.7;12.7;1127
CNYRUBF;30;20240313;230000;12.701;12.701;12.693;12.695;1372
CNYRUBF;30;20240313;233000;12.693;12.694;12.687;12.687;296
CNYRUBF;30;20240314;090000;12.701;12.729;12.696;12.723;18334
CNYRUBF;30;20240314;093000;12.723;12.726;12.708;12.715;2267
CNYRUBF;30;20240314;100000;12.715;12.746;12.715;12.736;48861
CNYRUBF;30;20240314;103000;12.734;12.746;12.732;12.746;7820
CNYRUBF;30;20240314;110000;12.745;12.755;12.735;12.737;12056
CNYRUBF;30;20240314;113000;12.736;12.742;12.732;12.735;14736
CNYRUBF;30;20240314;120000;12.735;12.738;12.731;12.733;52171
CNYRUBF;30;20240314;123000;12.733;12.734;12.713;12.717;52778
CNYRUBF;30;20240314;130000;12.716;12.719;12.7;12.706;35971
CNYRUBF;30;20240314;133000;12.704;12.716;12.7;12.711;45550
CNYRUBF;30;20240314;140000;12.711;12.715;12.707;12.711;31096
CNYRUBF;30;20240314;143000;12.708;12.723;12.707;12.723;2371
CNYRUBF;30;20240314;150000;12.722;12.722;12.705;12.713;31536
CNYRUBF;30;20240314;153000;12.714;12.727;12.707;12.715;9970
CNYRUBF;30;20240314;160000;12.715;12.717;12.711;12.713;3368
CNYRUBF;30;20240314;163000;12.713;12.732;12.711;12.728;9059
CNYRUBF;30;20240314;170000;12.729;12.73;12.707;12.707;5186
CNYRUBF;30;20240314;173000;12.708;12.712;12.689;12.701;6046
CNYRUBF;30;20240314;180000;12.703;12.715;12.7;12.71;3051
CNYRUBF;30;20240314;183000;12.711;12.716;12.709;12.713;10453
CNYRUBF;30;20240314;190000;12.709;12.739;12.703;12.715;3617
CNYRUBF;30;20240314;193000;12.715;12.717;12.704;12.705;1114
CNYRUBF;30;20240314;200000;12.707;12.757;12.704;12.707;5296
CNYRUBF;30;20240314;203000;12.709;12.709;12.698;12.698;1226
CNYRUBF;30;20240314;210000;12.701;12.706;12.697;12.7;403
CNYRUBF;30;20240314;213000;12.703;12.705;12.7;12.702;207
CNYRUBF;30;20240314;220000;12.702;12.704;12.701;12.704;66
CNYRUBF;30;20240314;223000;12.704;12.708;12.703;12.705;180
CNYRUBF;30;20240314;230000;12.708;12.71;12.707;12.71;123
CNYRUBF;30;20240314;233000;12.71;12.71;12.703;12.71;69
CNYRUBF;30;20240315;090000;12.712;12.737;12.712;12.736;10949
CNYRUBF;30;20240315;093000;12.736;12.739;12.724;12.724;5088
CNYRUBF;30;20240315;100000;12.723;12.734;12.706;12.717;12029
CNYRUBF;30;20240315;103000;12.718;12.728;12.715;12.722;5388
CNYRUBF;30;20240315;110000;12.722;12.738;12.722;12.726;15190
CNYRUBF;30;20240315;113000;12.726;12.736;12.726;12.733;47410
CNYRUBF;30;20240315;120000;12.733;12.748;12.726;12.744;4233
CNYRUBF;30;20240315;123000;12.744;12.745;12.736;12.741;3146
CNYRUBF;30;20240315;130000;12.74;12.753;12.738;12.75;49219
CNYRUBF;30;20240315;133000;12.75;12.754;12.745;12.746;4669
CNYRUBF;30;20240315;140000;12.748;12.75;12.741;12.745;3059
CNYRUBF;30;20240315;143000;12.744;12.769;12.74;12.759;97390
CNYRUBF;30;20240315;150000;12.76;12.78;12.759;12.775;119978
CNYRUBF;30;20240315;153000;12.778;12.794;12.767;12.786;36563
CNYRUBF;30;20240315;160000;12.785;12.8;12.785;12.8;9747
CNYRUBF;30;20240315;163000;12.799;12.835;12.799;12.833;42074
CNYRUBF;30;20240315;170000;12.83;12.841;12.82;12.828;62906
CNYRUBF;30;20240315;173000;12.828;12.848;12.821;12.843;92568
CNYRUBF;30;20240315;180000;12.843;12.855;12.828;12.843;85979
CNYRUBF;30;20240315;183000;12.846;12.855;12.833;12.845;66378
CNYRUBF;30;20240315;190000;12.854;12.863;12.836;12.837;4534
CNYRUBF;30;20240315;193000;12.837;12.85;12.833;12.843;2343
CNYRUBF;30;20240315;200000;12.839;12.843;12.829;12.84;2334
CNYRUBF;30;20240315;203000;12.84;12.85;12.838;12.845;2235
CNYRUBF;30;20240315;210000;12.844;12.844;12.838;12.841;485
CNYRUBF;30;20240315;213000;12.841;12.845;12.838;12.84;756
CNYRUBF;30;20240315;220000;12.838;12.839;12.827;12.828;651
CNYRUBF;30;20240315;223000;12.83;12.831;12.825;12.827;849
CNYRUBF;30;20240315;230000;12.828;12.83;12.826;12.83;1391
CNYRUBF;30;20240315;233000;12.827;12.849;12.809;12.82;3294
CNYRUBF;30;20240318;090000;12.884;12.888;12.815;12.857;35043
CNYRUBF;30;20240318;093000;12.856;12.859;12.793;12.815;23876
CNYRUBF;30;20240318;100000;12.815;12.824;12.779;12.779;21483
CNYRUBF;30;20240318;103000;12.778;12.778;12.748;12.76;34090
CNYRUBF;30;20240318;110000;12.757;12.757;12.734;12.75;11731
CNYRUBF;30;20240318;113000;12.749;12.764;12.747;12.756;7570
CNYRUBF;30;20240318;120000;12.757;12.757;12.74;12.75;10718
CNYRUBF;30;20240318;123000;12.748;12.762;12.745;12.754;10175
CNYRUBF;30;20240318;130000;12.757;12.757;12.749;12.754;7631
CNYRUBF;30;20240318;133000;12.753;12.759;12.752;12.755;3028
CNYRUBF;30;20240318;140000;12.756;12.764;12.754;12.754;9122
CNYRUBF;30;20240318;143000;12.754;12.762;12.747;12.752;18607
CNYRUBF;30;20240318;150000;12.751;12.76;12.746;12.755;6679
CNYRUBF;30;20240318;153000;12.755;12.758;12.751;12.754;17575
CNYRUBF;30;20240318;160000;12.754;12.757;12.734;12.74;28966
CNYRUBF;30;20240318;163000;12.737;12.737;12.682;12.693;35448
CNYRUBF;30;20240318;170000;12.69;12.703;12.665;12.687;22596
CNYRUBF;30;20240318;173000;12.688;12.727;12.687;12.711;36998
CNYRUBF;30;20240318;180000;12.711;12.746;12.71;12.732;33263
CNYRUBF;30;20240318;183000;12.732;12.747;12.732;12.745;7319
CNYRUBF;30;20240318;190000;12.744;12.748;12.734;12.734;1297
CNYRUBF;30;20240318;193000;12.736;12.743;12.734;12.738;638
CNYRUBF;30;20240318;200000;12.738;12.738;12.733;12.734;423
CNYRUBF;30;20240318;203000;12.734;12.738;12.732;12.736;699
CNYRUBF;30;20240318;210000;12.738;12.743;12.736;12.743;186
CNYRUBF;30;20240318;213000;12.742;12.743;12.736;12.74;347
CNYRUBF;30;20240318;220000;12.738;12.74;12.737;12.738;340
CNYRUBF;30;20240318;223000;12.738;12.742;12.736;12.742;340
CNYRUBF;30;20240318;230000;12.738;12.738;12.732;12.732;179
CNYRUBF;30;20240318;233000;12.732;12.734;12.73;12.73;116
CNYRUBF;30;20240319;090000;12.737;12.749;12.737;12.748;8045
CNYRUBF;30;20240319;093000;12.746;12.749;12.717;12.725;3602
CNYRUBF;30;20240319;100000;12.725;12.743;12.718;12.733;18933
CNYRUBF;30;20240319;103000;12.731;12.756;12.729;12.756;11050
CNYRUBF;30;20240319;110000;12.754;12.768;12.735;12.764;7799
CNYRUBF;30;20240319;113000;12.763;12.776;12.757;12.767;10804
CNYRUBF;30;20240319;120000;12.768;12.794;12.766;12.791;14495
CNYRUBF;30;20240319;123000;12.79;12.791;12.776;12.785;10725
CNYRUBF;30;20240319;130000;12.783;12.823;12.783;12.818;18168
CNYRUBF;30;20240319;133000;12.819;12.838;12.815;12.815;8327
CNYRUBF;30;20240319;140000;12.82;12.83;12.805;12.812;4699
CNYRUBF;30;20240319;143000;12.815;12.836;12.815;12.824;3906
CNYRUBF;30;20240319;150000;12.821;12.836;12.82;12.831;6898
CNYRUBF;30;20240319;153000;12.832;12.832;12.82;12.829;4602
CNYRUBF;30;20240319;160000;12.83;12.834;12.83;12.833;1310
CNYRUBF;30;20240319;163000;12.833;12.848;12.831;12.836;7421
CNYRUBF;30;20240319;170000;12.836;12.838;12.799;12.811;15728
CNYRUBF;30;20240319;173000;12.811;12.825;12.806;12.818;12046
CNYRUBF;30;20240319;180000;12.818;12.844;12.817;12.831;18599
CNYRUBF;30;20240319;183000;12.831;12.832;12.82;12.821;8280
CNYRUBF;30;20240319;190000;12.817;12.836;12.817;12.835;2432
CNYRUBF;30;20240319;193000;12.835;12.835;12.829;12.83;798
CNYRUBF;30;20240319;200000;12.831;12.835;12.822;12.823;2030
CNYRUBF;30;20240319;203000;12.823;12.827;12.822;12.827;1631
CNYRUBF;30;20240319;210000;12.824;12.827;12.823;12.824;553
CNYRUBF;30;20240319;213000;12.823;12.827;12.822;12.827;584
CNYRUBF;30;20240319;220000;12.823;12.825;12.82;12.82;1263
CNYRUBF;30;20240319;223000;12.82;12.821;12.817;12.817;276
CNYRUBF;30;20240319;230000;12.817;12.822;12.816;12.816;564
CNYRUBF;30;20240319;233000;12.817;12.822;12.814;12.822;370
CNYRUBF;30;20240320;090000;12.822;12.833;12.822;12.827;3118
CNYRUBF;30;20240320;093000;12.828;12.837;12.825;12.837;1646
CNYRUBF;30;20240320;100000;12.837;12.839;12.801;12.83;31027
CNYRUBF;30;20240320;103000;12.83;12.835;12.811;12.832;6603
CNYRUBF;30;20240320;110000;12.835;12.837;12.824;12.826;7699
CNYRUBF;30;20240320;113000;12.826;12.834;12.823;12.833;2446
CNYRUBF;30;20240320;120000;12.834;12.871;12.833;12.862;23771
CNYRUBF;30;20240320;123000;12.862;12.863;12.849;12.854;6163
CNYRUBF;30;20240320;130000;12.855;12.861;12.853;12.856;9634
CNYRUBF;30;20240320;133000;12.855;12.855;12.84;12.853;16534
CNYRUBF;30;20240320;140000;12.85;12.853;12.841;12.847;15108
CNYRUBF;30;20240320;143000;12.847;12.851;12.835;12.848;8689
CNYRUBF;30;20240320;150000;12.848;12.848;12.84;12.846;10881
CNYRUBF;30;20240320;153000;12.846;12.848;12.815;12.827;22185
CNYRUBF;30;20240320;160000;12.827;12.828;12.779;12.791;96579
CNYRUBF;30;20240320;163000;12.791;12.792;12.774;12.787;72111
CNYRUBF;30;20240320;170000;12.787;12.797;12.781;12.792;49731
CNYRUBF;30;20240320;173000;12.793;12.819;12.787;12.802;70870
CNYRUBF;30;20240320;180000;12.8;12.824;12.793;12.823;6056
CNYRUBF;30;20240320;183000;12.821;12.821;12.807;12.81;32982
CNYRUBF;30;20240320;190000;12.82;12.82;12.8;12.813;18692
CNYRUBF;30;20240320;193000;12.815;12.82;12.813;12.813;4517
CNYRUBF;30;20240320;200000;12.813;12.816;12.813;12.814;398
CNYRUBF;30;20240320;203000;12.816;12.816;12.813;12.814;376
CNYRUBF;30;20240320;210000;12.814;12.819;12.813;12.813;1695
CNYRUBF;30;20240320;213000;12.813;12.82;12.813;12.818;6180
CNYRUBF;30;20240320;220000;12.82;12.824;12.818;12.82;1705
CNYRUBF;30;20240320;223000;12.821;12.823;12.815;12.816;647
CNYRUBF;30;20240320;230000;12.817;12.822;12.817;12.818;268
CNYRUBF;30;20240320;233000;12.819;12.82;12.81;12.817;307
CNYRUBF;30;20240321;090000;12.81;12.839;12.81;12.831;42024
CNYRUBF;30;20240321;093000;12.832;12.837;12.82;12.825;5267
CNYRUBF;30;20240321;100000;12.824;12.825;12.795;12.82;51654
CNYRUBF;30;20240321;103000;12.82;12.825;12.815;12.82;49331
CNYRUBF;30;20240321;110000;12.82;12.82;12.791;12.8;15158
CNYRUBF;30;20240321;113000;12.798;12.829;12.798;12.82;44768
CNYRUBF;30;20240321;120000;12.821;12.821;12.73;12.742;75678
CNYRUBF;30;20240321;123000;12.742;12.765;12.739;12.752;71007
CNYRUBF;30;20240321;130000;12.749;12.75;12.7;12.705;76356
CNYRUBF;30;20240321;133000;12.704;12.719;12.685;12.705;64674
CNYRUBF;30;20240321;140000;12.706;12.731;12.706;12.722;42411
CNYRUBF;30;20240321;143000;12.72;12.724;12.712;12.715;12256
CNYRUBF;30;20240321;150000;12.718;12.719;12.711;12.714;11850
CNYRUBF;30;20240321;153000;12.715;12.719;12.683;12.703;50233
CNYRUBF;30;20240321;160000;12.704;12.708;12.678;12.688;61883
CNYRUBF;30;20240321;163000;12.688;12.724;12.685;12.72;14114
CNYRUBF;30;20240321;170000;12.718;12.741;12.715;12.729;10532
CNYRUBF;30;20240321;173000;12.724;12.759;12.715;12.751;26350
CNYRUBF;30;20240321;180000;12.755;12.762;12.747;12.749;36051
CNYRUBF;30;20240321;183000;12.749;12.751;12.739;12.75;4961
CNYRUBF;30;20240321;190000;12.748;12.765;12.748;12.76;2152
CNYRUBF;30;20240321;193000;12.761;12.761;12.75;12.754;935
CNYRUBF;30;20240321;200000;12.753;12.755;12.748;12.752;341
CNYRUBF;30;20240321;203000;12.752;12.755;12.736;12.748;591
CNYRUBF;30;20240321;210000;12.749;12.749;12.739;12.74;1441
CNYRUBF;30;20240321;213000;12.743;12.745;12.741;12.744;68
CNYRUBF;30;20240321;220000;12.745;12.756;12.745;12.755;713
CNYRUBF;30;20240321;223000;12.754;12.756;12.753;12.756;94
CNYRUBF;30;20240321;230000;12.757;12.759;12.754;12.758;54
CNYRUBF;30;20240321;233000;12.758;12.76;12.75;12.75;359
CNYRUBF;30;20240322;090000;12.733;12.745;12.704;12.72;19829
CNYRUBF;30;20240322;093000;12.72;12.729;12.711;12.719;8867
CNYRUBF;30;20240322;100000;12.721;12.722;12.704;12.715;43023
CNYRUBF;30;20240322;103000;12.714;12.723;12.697;12.722;57117
CNYRUBF;30;20240322;110000;12.72;12.76;12.72;12.756;68449
CNYRUBF;30;20240322;113000;12.757;12.781;12.757;12.781;75633
CNYRUBF;30;20240322;120000;12.78;12.79;12.78;12.782;34593
CNYRUBF;30;20240322;123000;12.781;12.781;12.762;12.776;9359
CNYRUBF;30;20240322;130000;12.776;12.777;12.769;12.771;55464
CNYRUBF;30;20240322;133000;12.774;12.78;12.771;12.773;15348
CNYRUBF;30;20240322;140000;12.773;12.773;12.75;12.756;37890
CNYRUBF;30;20240322;143000;12.756;12.758;12.73;12.74;22078
CNYRUBF;30;20240322;150000;12.74;12.749;12.737;12.748;75666
CNYRUBF;30;20240322;153000;12.748;12.76;12.735;12.756;65954
CNYRUBF;30;20240322;160000;12.755;12.76;12.737;12.759;24301
CNYRUBF;30;20240322;163000;12.758;12.76;12.75;12.755;17704
CNYRUBF;30;20240322;170000;12.755;12.759;12.746;12.758;25076
CNYRUBF;30;20240322;173000;12.758;12.769;12.757;12.769;50272
CNYRUBF;30;20240322;180000;12.769;12.77;12.753;12.759;7216
CNYRUBF;30;20240322;183000;12.759;12.766;12.742;12.754;6076
CNYRUBF;30;20240322;190000;12.752;12.807;12.751;12.766;8605
CNYRUBF;30;20240322;193000;12.766;12.768;12.758;12.758;2794
CNYRUBF;30;20240322;200000;12.759;12.76;12.751;12.753;542
CNYRUBF;30;20240322;203000;12.758;12.791;12.754;12.783;5299
CNYRUBF;30;20240322;210000;12.787;12.789;12.77;12.782;3429
CNYRUBF;30;20240322;213000;12.783;12.801;12.78;12.801;9618
CNYRUBF;30;20240322;220000;12.801;12.829;12.798;12.809;13062
CNYRUBF;30;20240322;223000;12.81;12.839;12.809;12.838;15412
CNYRUBF;30;20240322;230000;12.839;12.844;12.804;12.835;26670
CNYRUBF;30;20240322;233000;12.834;12.84;12.82;12.82;7691
CNYRUBF;30;20240325;090000;12.83;12.83;12.79;12.792;28949
CNYRUBF;30;20240325;093000;12.791;12.809;12.776;12.783;11073
CNYRUBF;30;20240325;100000;12.782;12.799;12.771;12.785;20397
CNYRUBF;30;20240325;103000;12.787;12.82;12.783;12.807;37201
CNYRUBF;30;20240325;110000;12.808;12.827;12.801;12.805;21338
CNYRUBF;30;20240325;113000;12.802;12.828;12.802;12.818;9493
CNYRUBF;30;20240325;120000;12.817;12.826;12.815;12.816;19309
CNYRUBF;30;20240325;123000;12.816;12.828;12.807;12.81;30897
CNYRUBF;30;20240325;130000;12.809;12.818;12.779;12.786;94184
CNYRUBF;30;20240325;133000;12.786;12.793;12.778;12.784;35898
CNYRUBF;30;20240325;140000;12.784;12.791;12.782;12.791;31095
CNYRUBF;30;20240325;143000;12.79;12.796;12.763;12.776;28668
CNYRUBF;30;20240325;150000;12.776;12.787;12.77;12.771;15428
CNYRUBF;30;20240325;153000;12.771;12.778;12.766;12.772;17452
CNYRUBF;30;20240325;160000;12.773;12.799;12.771;12.79;15455
CNYRUBF;30;20240325;163000;12.789;12.799;12.789;12.794;8433
CNYRUBF;30;20240325;170000;12.793;12.8;12.786;12.793;5169
CNYRUBF;30;20240325;173000;12.795;12.795;12.786;12.791;2047
CNYRUBF;30;20240325;180000;12.793;12.798;12.783;12.788;4864
CNYRUBF;30;20240325;183000;12.79;12.794;12.785;12.789;8252
CNYRUBF;30;20240325;190000;12.784;12.794;12.781;12.791;602
CNYRUBF;30;20240325;193000;12.792;12.792;12.788;12.792;99
CNYRUBF;30;20240325;200000;12.791;12.795;12.788;12.791;750
CNYRUBF;30;20240325;203000;12.79;12.793;12.788;12.793;109
CNYRUBF;30;20240325;210000;12.793;12.796;12.787;12.793;275
CNYRUBF;30;20240325;213000;12.795;12.799;12.792;12.796;257
CNYRUBF;30;20240325;220000;12.796;12.8;12.793;12.8;661
CNYRUBF;30;20240325;223000;12.8;12.8;12.794;12.795;2472
CNYRUBF;30;20240325;230000;12.795;12.8;12.792;12.796;887
CNYRUBF;30;20240325;233000;12.798;12.798;12.795;12.798;257
CNYRUBF;30;20240326;090000;12.797;12.811;12.797;12.807;9785
CNYRUBF;30;20240326;093000;12.806;12.814;12.802;12.805;7708
CNYRUBF;30;20240326;100000;12.806;12.81;12.795;12.806;21909
CNYRUBF;30;20240326;103000;12.807;12.81;12.792;12.805;42684
CNYRUBF;30;20240326;110000;12.805;12.814;12.794;12.799;41331
CNYRUBF;30;20240326;113000;12.8;12.803;12.787;12.792;36457
CNYRUBF;30;20240326;120000;12.793;12.802;12.791;12.792;8003
CNYRUBF;30;20240326;123000;12.792;12.801;12.789;12.796;5502
CNYRUBF;30;20240326;130000;12.793;12.797;12.791;12.796;1016
CNYRUBF;30;20240326;133000;12.796;12.805;12.792;12.797;27545
CNYRUBF;30;20240326;140000;12.795;12.795;12.785;12.787;13889
CNYRUBF;30;20240326;143000;12.785;12.787;12.77;12.778;30088
CNYRUBF;30;20240326;150000;12.775;12.78;12.77;12.777;40888
CNYRUBF;30;20240326;153000;12.777;12.794;12.775;12.791;29620
CNYRUBF;30;20240326;160000;12.792;12.805;12.79;12.804;20418
CNYRUBF;30;20240326;163000;12.803;12.809;12.798;12.799;9477
CNYRUBF;30;20240326;170000;12.8;12.809;12.798;12.809;8326
CNYRUBF;30;20240326;173000;12.806;12.808;12.8;12.802;9480
CNYRUBF;30;20240326;180000;12.802;12.808;12.801;12.808;4102
CNYRUBF;30;20240326;183000;12.806;12.808;12.806;12.808;2587
CNYRUBF;30;20240326;190000;12.809;12.811;12.804;12.809;1033
CNYRUBF;30;20240326;193000;12.806;12.809;12.806;12.809;147
CNYRUBF;30;20240326;200000;12.807;12.807;12.803;12.804;1723
CNYRUBF;30;20240326;203000;12.805;12.806;12.802;12.802;216
CNYRUBF;30;20240326;210000;12.802;12.805;12.802;12.804;663
CNYRUBF;30;20240326;213000;12.803;12.806;12.801;12.804;283
CNYRUBF;30;20240326;220000;12.805;12.805;12.804;12.805;324
CNYRUBF;30;20240326;223000;12.804;12.807;12.804;12.807;56
CNYRUBF;30;20240326;230000;12.808;12.809;12.807;12.808;483
CNYRUBF;30;20240326;233000;12.807;12.807;12.805;12.807;63
CNYRUBF;30;20240327;090000;12.8;12.802;12.783;12.792;6055
CNYRUBF;30;20240327;093000;12.792;12.799;12.787;12.787;8494
CNYRUBF;30;20240327;100000;12.786;12.79;12.78;12.786;8061
CNYRUBF;30;20240327;103000;12.786;12.799;12.778;12.794;13817
CNYRUBF;30;20240327;110000;12.794;12.795;12.786;12.788;10515
CNYRUBF;30;20240327;113000;12.789;12.794;12.787;12.792;10137
CNYRUBF;30;20240327;120000;12.788;12.792;12.785;12.786;4548
CNYRUBF;30;20240327;123000;12.788;12.79;12.778;12.781;8746
CNYRUBF;30;20240327;130000;12.781;12.781;12.746;12.763;42929
CNYRUBF;30;20240327;133000;12.763;12.767;12.75;12.752;15367
CNYRUBF;30;20240327;140000;12.752;12.755;12.744;12.749;24706
CNYRUBF;30;20240327;143000;12.75;12.754;12.739;12.739;25640
CNYRUBF;30;20240327;150000;12.741;12.741;12.702;12.706;91520
CNYRUBF;30;20240327;153000;12.71;12.714;12.688;12.693;62004
CNYRUBF;30;20240327;160000;12.693;12.7;12.666;12.673;48952
CNYRUBF;30;20240327;163000;12.67;12.699;12.657;12.675;30633
CNYRUBF;30;20240327;170000;12.672;12.672;12.635;12.653;54914
CNYRUBF;30;20240327;173000;12.654;12.669;12.64;12.65;44096
CNYRUBF;30;20240327;180000;12.655;12.67;12.643;12.649;34038
CNYRUBF;30;20240327;183000;12.651;12.667;12.645;12.666;23250
CNYRUBF;30;20240327;190000;12.656;12.683;12.656;12.67;8916
CNYRUBF;30;20240327;193000;12.67;12.67;12.66;12.665;2167
CNYRUBF;30;20240327;200000;12.665;12.666;12.662;12.664;562
CNYRUBF;30;20240327;203000;12.664;12.665;12.662;12.665;1163
CNYRUBF;30;20240327;210000;12.665;12.667;12.655;12.655;2648
CNYRUBF;30;20240327;213000;12.656;12.663;12.655;12.662;1235
CNYRUBF;30;20240327;220000;12.663;12.664;12.659;12.661;689
CNYRUBF;30;20240327;223000;12.66;12.662;12.655;12.655;442
CNYRUBF;30;20240327;230000;12.657;12.662;12.653;12.657;826
CNYRUBF;30;20240327;233000;12.657;12.67;12.652;12.67;1010
CNYRUBF;30;20240328;090000;12.67;12.679;12.653;12.678;81554
CNYRUBF;30;20240328;093000;12.678;12.69;12.678;12.683;7457
CNYRUBF;30;20240328;100000;12.683;12.69;12.68;12.69;34635
CNYRUBF;30;20240328;103000;12.69;12.709;12.674;12.704;33929
CNYRUBF;30;20240328;110000;12.702;12.728;12.7;12.725;25816
CNYRUBF;30;20240328;113000;12.724;12.741;12.723;12.74;25107
CNYRUBF;30;20240328;120000;12.739;12.739;12.71;12.717;14938
CNYRUBF;30;20240328;123000;12.718;12.725;12.712;12.717;24686
CNYRUBF;30;20240328;130000;12.718;12.718;12.708;12.716;8385
CNYRUBF;30;20240328;133000;12.716;12.719;12.7;12.707;14049
CNYRUBF;30;20240328;140000;12.706;12.709;12.696;12.704;6123
CNYRUBF;30;20240328;143000;12.706;12.717;12.696;12.708;7823
CNYRUBF;30;20240328;150000;12.706;12.71;12.698;12.701;14739
CNYRUBF;30;20240328;153000;12.703;12.74;12.703;12.735;42869
CNYRUBF;30;20240328;160000;12.735;12.742;12.705;12.733;37026
CNYRUBF;30;20240328;163000;12.734;12.738;12.729;12.738;8093
CNYRUBF;30;20240328;170000;12.738;12.741;12.722;12.741;8269
CNYRUBF;30;20240328;173000;12.74;12.747;12.732;12.737;14791
CNYRUBF;30;20240328;180000;12.735;12.742;12.734;12.739;5638
CNYRUBF;30;20240328;183000;12.739;12.745;12.721;12.734;22555
CNYRUBF;30;20240328;190000;12.738;12.766;12.738;12.739;55087
CNYRUBF;30;20240328;193000;12.738;12.74;12.738;12.74;2515
CNYRUBF;30;20240328;200000;12.739;12.74;12.738;12.738;2487
CNYRUBF;30;20240328;203000;12.738;12.74;12.738;12.74;3295
CNYRUBF;30;20240328;210000;12.739;12.74;12.738;12.74;2577
CNYRUBF;30;20240328;213000;12.74;12.74;12.738;12.739;1408
CNYRUBF;30;20240328;220000;12.739;12.739;12.738;12.738;1159
CNYRUBF;30;20240328;223000;12.738;12.74;12.738;12.738;985
CNYRUBF;30;20240328;230000;12.738;12.74;12.738;12.739;245
CNYRUBF;30;20240328;233000;12.739;12.74;12.738;12.738;508
CNYRUBF;30;20240329;090000;12.74;12.75;12.737;12.737;32422
CNYRUBF;30;20240329;093000;12.736;12.736;12.686;12.69;18281
CNYRUBF;30;20240329;100000;12.688;12.688;12.626;12.656;102779
CNYRUBF;30;20240329;103000;12.656;12.675;12.65;12.667;33421
CNYRUBF;30;20240329;110000;12.669;12.694;12.665;12.678;22540
CNYRUBF;30;20240329;113000;12.678;12.7;12.678;12.696;22706
CNYRUBF;30;20240329;120000;12.693;12.715;12.693;12.715;7980
CNYRUBF;30;20240329;123000;12.713;12.716;12.705;12.715;10968
CNYRUBF;30;20240329;130000;12.715;12.715;12.696;12.701;12036
CNYRUBF;30;20240329;133000;12.702;12.703;12.688;12.692;27116
CNYRUBF;30;20240329;140000;12.692;12.701;12.69;12.691;16129
CNYRUBF;30;20240329;143000;12.691;12.696;12.687;12.691;19362
CNYRUBF;30;20240329;150000;12.692;12.695;12.684;12.691;19739
CNYRUBF;30;20240329;153000;12.691;12.694;12.681;12.682;21417
CNYRUBF;30;20240329;160000;12.681;12.702;12.674;12.674;17696
CNYRUBF;30;20240329;163000;12.673;12.686;12.646;12.684;35750
CNYRUBF;30;20240329;170000;12.682;12.683;12.657;12.662;18162
CNYRUBF;30;20240329;173000;12.661;12.662;12.645;12.655;19245
CNYRUBF;30;20240329;180000;12.655;12.678;12.653;12.673;16095
CNYRUBF;30;20240329;183000;12.673;12.681;12.673;12.68;17229
CNYRUBF;30;20240329;190000;12.682;12.693;12.672;12.677;4423
CNYRUBF;30;20240329;193000;12.677;12.685;12.675;12.685;3013
CNYRUBF;30;20240329;200000;12.683;12.685;12.678;12.678;2065
CNYRUBF;30;20240329;203000;12.678;12.684;12.678;12.678;292
CNYRUBF;30;20240329;210000;12.678;12.684;12.678;12.68;1053
CNYRUBF;30;20240329;213000;12.68;12.687;12.679;12.687;1602
CNYRUBF;30;20240329;220000;12.685;12.686;12.678;12.678;918
CNYRUBF;30;20240329;223000;12.677;12.685;12.676;12.684;444
CNYRUBF;30;20240329;230000;12.683;12.688;12.683;12.688;127
CNYRUBF;30;20240329;233000;12.687;12.69;12.685;12.69;154
CNYRUBF;30;20240401;090000;12.701;12.716;12.696;12.708;14434
CNYRUBF;30;20240401;093000;12.706;12.709;12.704;12.704;6100
CNYRUBF;30;20240401;100000;12.704;12.707;12.686;12.7;11677
CNYRUBF;30;20240401;103000;12.702;12.714;12.7;12.711;4755
CNYRUBF;30;20240401;110000;12.711;12.712;12.706;12.711;4531
CNYRUBF;30;20240401;113000;12.71;12.713;12.705;12.705;7882
CNYRUBF;30;20240401;120000;12.708;12.713;12.706;12.71;3159
CNYRUBF;30;20240401;123000;12.711;12.711;12.688;12.705;5898
CNYRUBF;30;20240401;130000;12.705;12.712;12.691;12.696;7260
CNYRUBF;30;20240401;133000;12.696;12.697;12.675;12.683;9580
CNYRUBF;30;20240401;140000;12.684;12.687;12.678;12.686;5997
CNYRUBF;30;20240401;143000;12.686;12.694;12.684;12.692;10794
CNYRUBF;30;20240401;150000;12.692;12.709;12.692;12.702;33111
CNYRUBF;30;20240401;153000;12.704;12.706;12.701;12.705;20261
CNYRUBF;30;20240401;160000;12.706;12.715;12.706;12.71;24896
CNYRUBF;30;20240401;163000;12.709;12.713;12.704;12.707;107605
CNYRUBF;30;20240401;170000;12.707;12.712;12.7;12.706;106311
CNYRUBF;30;20240401;173000;12.705;12.711;12.7;12.711;25539
CNYRUBF;30;20240401;180000;12.71;12.714;12.706;12.708;20589
CNYRUBF;30;20240401;183000;12.707;12.709;12.694;12.703;30073
CNYRUBF;30;20240401;190000;12.715;12.715;12.703;12.706;4819
CNYRUBF;30;20240401;193000;12.706;12.711;12.706;12.711;3436
CNYRUBF;30;20240401;200000;12.711;12.711;12.709;12.709;682
CNYRUBF;30;20240401;203000;12.71;12.71;12.709;12.709;1291
CNYRUBF;30;20240401;210000;12.709;12.71;12.709;12.71;406
CNYRUBF;30;20240401;213000;12.709;12.71;12.709;12.71;776
CNYRUBF;30;20240401;220000;12.71;12.71;12.709;12.71;110
CNYRUBF;30;20240401;223000;12.709;12.711;12.709;12.71;7807
CNYRUBF;30;20240401;230000;12.71;12.711;12.709;12.711;410
CNYRUBF;30;20240401;233000;12.711;12.711;12.709;12.709;778
CNYRUBF;30;20240402;090000;12.71;12.716;12.71;12.715;4928
CNYRUBF;30;20240402;093000;12.713;12.714;12.712;12.712;1292
CNYRUBF;30;20240402;100000;12.711;12.735;12.693;12.724;33866
CNYRUBF;30;20240402;103000;12.726;12.749;12.726;12.749;69050
CNYRUBF;30;20240402;110000;12.749;12.762;12.747;12.76;116473
CNYRUBF;30;20240402;113000;12.76;12.76;12.744;12.746;90920
CNYRUBF;30;20240402;120000;12.747;12.747;12.735;12.737;30104
CNYRUBF;30;20240402;123000;12.737;12.737;12.726;12.731;16642
CNYRUBF;30;20240402;130000;12.731;12.739;12.72;12.72;38485
CNYRUBF;30;20240402;133000;12.72;12.736;12.711;12.732;32525
CNYRUBF;30;20240402;140000;12.731;12.739;12.729;12.735;28115
CNYRUBF;30;20240402;143000;12.735;12.739;12.731;12.738;53747
CNYRUBF;30;20240402;150000;12.738;12.738;12.731;12.734;38785
CNYRUBF;30;20240402;153000;12.735;12.738;12.716;12.736;58794
CNYRUBF;30;20240402;160000;12.736;12.738;12.726;12.733;36887
CNYRUBF;30;20240402;163000;12.733;12.736;12.733;12.736;39690
CNYRUBF;30;20240402;170000;12.737;12.738;12.73;12.731;40690
CNYRUBF;30;20240402;173000;12.732;12.737;12.725;12.737;32449
CNYRUBF;30;20240402;180000;12.736;12.736;12.729;12.73;8605
CNYRUBF;30;20240402;183000;12.73;12.741;12.727;12.736;26151
CNYRUBF;30;20240402;190000;12.74;12.744;12.732;12.736;6299
CNYRUBF;30;20240402;193000;12.736;12.74;12.736;12.739;298
CNYRUBF;30;20240402;200000;12.738;12.739;12.737;12.739;282
CNYRUBF;30;20240402;203000;12.739;12.739;12.736;12.736;874
CNYRUBF;30;20240402;210000;12.736;12.737;12.735;12.737;766
CNYRUBF;30;20240402;213000;12.736;12.737;12.735;12.736;1124
CNYRUBF;30;20240402;220000;12.736;12.741;12.735;12.74;1830
CNYRUBF;30;20240402;223000;12.74;12.74;12.736;12.736;169
CNYRUBF;30;20240402;230000;12.736;12.739;12.735;12.737;407
CNYRUBF;30;20240402;233000;12.736;12.738;12.735;12.735;395
CNYRUBF;30;20240403;090000;12.746;12.758;12.735;12.74;32528
CNYRUBF;30;20240403;093000;12.743;12.768;12.741;12.761;7459
CNYRUBF;30;20240403;100000;12.76;12.768;12.752;12.768;44469
CNYRUBF;30;20240403;103000;12.766;12.786;12.751;12.753;72896
CNYRUBF;30;20240403;110000;12.753;12.753;12.739;12.744;11047
CNYRUBF;30;20240403;113000;12.743;12.745;12.718;12.73;57867
CNYRUBF;30;20240403;120000;12.728;12.736;12.724;12.734;20717
CNYRUBF;30;20240403;123000;12.735;12.735;12.72;12.721;15507
CNYRUBF;30;20240403;130000;12.721;12.727;12.712;12.712;47986
CNYRUBF;30;20240403;133000;12.714;12.714;12.659;12.675;103024
CNYRUBF;30;20240403;140000;12.675;12.691;12.661;12.674;54503
CNYRUBF;30;20240403;143000;12.676;12.701;12.671;12.699;10235
CNYRUBF;30;20240403;150000;12.699;12.711;12.691;12.693;17699
CNYRUBF;30;20240403;153000;12.693;12.711;12.693;12.705;30094
CNYRUBF;30;20240403;160000;12.708;12.715;12.703;12.71;17012
CNYRUBF;30;20240403;163000;12.71;12.736;12.71;12.729;28362
CNYRUBF;30;20240403;170000;12.73;12.737;12.725;12.736;12381
CNYRUBF;30;20240403;173000;12.736;12.74;12.718;12.719;27655
CNYRUBF;30;20240403;180000;12.718;12.731;12.715;12.728;3147
CNYRUBF;30;20240403;183000;12.728;12.738;12.728;12.734;7193
CNYRUBF;30;20240403;190000;12.739;12.74;12.734;12.738;1662
CNYRUBF;30;20240403;193000;12.739;12.757;12.738;12.742;2140
CNYRUBF;30;20240403;200000;12.742;12.749;12.741;12.743;1931
CNYRUBF;30;20240403;203000;12.741;12.741;12.735;12.74;3050
CNYRUBF;30;20240403;210000;12.739;12.743;12.735;12.743;939
CNYRUBF;30;20240403;213000;12.743;12.743;12.738;12.74;156
CNYRUBF;30;20240403;220000;12.74;12.741;12.735;12.741;394
CNYRUBF;30;20240403;223000;12.741;12.742;12.736;12.741;701
CNYRUBF;30;20240403;230000;12.741;12.741;12.737;12.74;78
CNYRUBF;30;20240403;233000;12.74;12.75;12.74;12.741;476
CNYRUBF;30;20240404;090000;12.741;12.747;12.737;12.745;2466
CNYRUBF;30;20240404;093000;12.744;12.744;12.731;12.732;9614
CNYRUBF;30;20240404;100000;12.732;12.751;12.732;12.736;5564
CNYRUBF;30;20240404;103000;12.742;12.744;12.737;12.74;2454
CNYRUBF;30;20240404;110000;12.738;12.742;12.712;12.724;16291
CNYRUBF;30;20240404;113000;12.724;12.737;12.721;12.729;17881
CNYRUBF;30;20240404;120000;12.73;12.735;12.721;12.726;3562
CNYRUBF;30;20240404;123000;12.727;12.733;12.71;12.719;23515
CNYRUBF;30;20240404;130000;12.717;12.717;12.71;12.713;7561
CNYRUBF;30;20240404;133000;12.713;12.717;12.706;12.709;15497
CNYRUBF;30;20240404;140000;12.709;12.719;12.701;12.717;33904
CNYRUBF;30;20240404;143000;12.717;12.726;12.699;12.71;16238
CNYRUBF;30;20240404;150000;12.708;12.714;12.698;12.714;20370
CNYRUBF;30;20240404;153000;12.714;12.725;12.71;12.724;14849
CNYRUBF;30;20240404;160000;12.724;12.729;12.71;12.719;21753
CNYRUBF;30;20240404;163000;12.72;12.735;12.711;12.724;46061
CNYRUBF;30;20240404;170000;12.724;12.737;12.722;12.736;23112
CNYRUBF;30;20240404;173000;12.735;12.735;12.728;12.734;8869
CNYRUBF;30;20240404;180000;12.734;12.736;12.729;12.731;23746
CNYRUBF;30;20240404;183000;12.73;12.731;12.727;12.728;3239
CNYRUBF;30;20240404;190000;12.728;12.742;12.722;12.735;13421
CNYRUBF;30;20240404;193000;12.736;12.736;12.735;12.736;971
CNYRUBF;30;20240404;200000;12.736;12.737;12.735;12.735;5064
CNYRUBF;30;20240404;203000;12.735;12.736;12.73;12.73;1491
CNYRUBF;30;20240404;210000;12.731;12.732;12.73;12.732;1745
CNYRUBF;30;20240404;213000;12.732;12.732;12.73;12.73;784
CNYRUBF;30;20240404;220000;12.732;12.732;12.73;12.731;1331
CNYRUBF;30;20240404;223000;12.73;12.731;12.73;12.73;1175
CNYRUBF;30;20240404;230000;12.73;12.731;12.73;12.73;830
CNYRUBF;30;20240404;233000;12.73;12.731;12.73;12.731;786
CNYRUBF;30;20240405;090000;12.734;12.747;12.732;12.747;18884
CNYRUBF;30;20240405;093000;12.747;12.765;12.747;12.75;11708
CNYRUBF;30;20240405;100000;12.75;12.758;12.739;12.741;9562
CNYRUBF;30;20240405;103000;12.741;12.751;12.738;12.748;16882
CNYRUBF;30;20240405;110000;12.747;12.763;12.744;12.757;12414
CNYRUBF;30;20240405;113000;12.757;12.763;12.752;12.763;5447
CNYRUBF;30;20240405;120000;12.763;12.798;12.761;12.786;75082
CNYRUBF;30;20240405;123000;12.787;12.796;12.764;12.774;164072
CNYRUBF;30;20240405;130000;12.773;12.774;12.767;12.769;7070
CNYRUBF;30;20240405;133000;12.769;12.773;12.758;12.768;65590
CNYRUBF;30;20240405;140000;12.769;12.772;12.766;12.77;83662
CNYRUBF;30;20240405;143000;12.771;12.775;12.765;12.77;79648
CNYRUBF;30;20240405;150000;12.77;12.778;12.768;12.773;27733
CNYRUBF;30;20240405;153000;12.773;12.774;12.764;12.766;9418
CNYRUBF;30;20240405;160000;12.766;12.769;12.764;12.766;16665
CNYRUBF;30;20240405;163000;12.766;12.773;12.765;12.771;18332
CNYRUBF;30;20240405;170000;12.772;12.773;12.766;12.767;3002
CNYRUBF;30;20240405;173000;12.769;12.772;12.764;12.771;14151
CNYRUBF;30;20240405;180000;12.771;12.773;12.763;12.773;23320
CNYRUBF;30;20240405;183000;12.773;12.775;12.772;12.774;15458
CNYRUBF;30;20240405;190000;12.776;12.779;12.763;12.777;4760
CNYRUBF;30;20240405;193000;12.778;12.79;12.778;12.781;7451
CNYRUBF;30;20240405;200000;12.78;12.781;12.779;12.779;17111
CNYRUBF;30;20240405;203000;12.779;12.78;12.775;12.777;2244
CNYRUBF;30;20240405;210000;12.776;12.778;12.776;12.776;169
CNYRUBF;30;20240405;213000;12.777;12.778;12.775;12.775;652
CNYRUBF;30;20240405;220000;12.775;12.778;12.775;12.778;51
CNYRUBF;30;20240405;223000;12.777;12.778;12.776;12.776;1040
CNYRUBF;30;20240405;230000;12.776;12.777;12.776;12.776;153
CNYRUBF;30;20240405;233000;12.777;12.784;12.773;12.775;2432
CNYRUBF;30;20240408;090000;12.78;12.787;12.775;12.777;5634
CNYRUBF;30;20240408;093000;12.779;12.79;12.774;12.789;5728
CNYRUBF;30;20240408;100000;12.789;12.797;12.782;12.795;29126
CNYRUBF;30;20240408;103000;12.794;12.794;12.787;12.788;21156
CNYRUBF;30;20240408;110000;12.788;12.788;12.775;12.788;38896
CNYRUBF;30;20240408;113000;12.785;12.788;12.77;12.771;22298
CNYRUBF;30;20240408;120000;12.772;12.795;12.763;12.783;23824
CNYRUBF;30;20240408;123000;12.782;12.782;12.77;12.772;10984
CNYRUBF;30;20240408;130000;12.772;12.772;12.765;12.769;2330
CNYRUBF;30;20240408;133000;12.766;12.771;12.763;12.768;5328
CNYRUBF;30;20240408;140000;12.764;12.774;12.764;12.773;6084
CNYRUBF;30;20240408;143000;12.772;12.778;12.77;12.773;1196
CNYRUBF;30;20240408;150000;12.773;12.78;12.768;12.774;14050
CNYRUBF;30;20240408;153000;12.774;12.782;12.771;12.777;3219
CNYRUBF;30;20240408;160000;12.776;12.791;12.775;12.786;8706
CNYRUBF;30;20240408;163000;12.786;12.787;12.783;12.783;1640
CNYRUBF;30;20240408;170000;12.783;12.784;12.781;12.781;6435
CNYRUBF;30;20240408;173000;12.782;12.785;12.78;12.782;5976
CNYRUBF;30;20240408;180000;12.783;12.789;12.781;12.782;23481
CNYRUBF;30;20240408;183000;12.781;12.782;12.778;12.778;25921
CNYRUBF;30;20240408;190000;12.781;12.784;12.781;12.783;7571
CNYRUBF;30;20240408;193000;12.783;12.783;12.782;12.782;306
CNYRUBF;30;20240408;200000;12.782;12.783;12.782;12.783;2432
CNYRUBF;30;20240408;203000;12.783;12.788;12.782;12.786;7229
CNYRUBF;30;20240408;210000;12.784;12.787;12.783;12.784;161
CNYRUBF;30;20240408;213000;12.784;12.788;12.784;12.785;874
CNYRUBF;30;20240408;220000;12.786;12.788;12.785;12.786;1671
CNYRUBF;30;20240408;223000;12.787;12.788;12.787;12.788;645
CNYRUBF;30;20240408;230000;12.787;12.787;12.782;12.786;228
CNYRUBF;30;20240408;233000;12.783;12.786;12.782;12.786;1038
CNYRUBF;30;20240409;090000;12.788;12.794;12.785;12.793;16223
CNYRUBF;30;20240409;093000;12.793;12.799;12.792;12.799;4387
CNYRUBF;30;20240409;100000;12.8;12.806;12.792;12.796;18496
CNYRUBF;30;20240409;103000;12.797;12.803;12.793;12.797;41922
CNYRUBF;30;20240409;110000;12.795;12.804;12.79;12.796;35713
CNYRUBF;30;20240409;113000;12.796;12.805;12.792;12.796;24167
CNYRUBF;30;20240409;120000;12.799;12.825;12.797;12.818;52027
CNYRUBF;30;20240409;123000;12.818;12.821;12.809;12.815;52733
CNYRUBF;30;20240409;130000;12.814;12.823;12.813;12.818;7468
CNYRUBF;30;20240409;133000;12.818;12.818;12.808;12.812;5801
CNYRUBF;30;20240409;140000;12.812;12.816;12.808;12.812;2480
CNYRUBF;30;20240409;143000;12.812;12.813;12.808;12.812;25619
CNYRUBF;30;20240409;150000;12.81;12.811;12.804;12.805;14121
CNYRUBF;30;20240409;153000;12.805;12.814;12.802;12.813;7137
CNYRUBF;30;20240409;160000;12.814;12.815;12.809;12.809;5865
CNYRUBF;30;20240409;163000;12.808;12.811;12.802;12.807;15832
CNYRUBF;30;20240409;170000;12.807;12.812;12.805;12.811;5799
CNYRUBF;30;20240409;173000;12.81;12.811;12.805;12.81;8820
CNYRUBF;30;20240409;180000;12.808;12.823;12.808;12.822;20952
CNYRUBF;30;20240409;183000;12.822;12.823;12.817;12.821;6973
CNYRUBF;30;20240409;190000;12.824;12.832;12.823;12.83;2747
CNYRUBF;30;20240409;193000;12.831;12.831;12.83;12.83;2300
CNYRUBF;30;20240409;200000;12.83;12.833;12.83;12.831;2565
CNYRUBF;30;20240409;203000;12.833;12.833;12.83;12.83;401
CNYRUBF;30;20240409;210000;12.83;12.833;12.83;12.832;283
CNYRUBF;30;20240409;213000;12.831;12.832;12.83;12.831;728
CNYRUBF;30;20240409;220000;12.831;12.832;12.83;12.832;511
CNYRUBF;30;20240409;223000;12.832;12.832;12.83;12.83;388
CNYRUBF;30;20240409;230000;12.831;12.833;12.83;12.833;1014
CNYRUBF;30;20240409;233000;12.831;12.833;12.83;12.83;305
CNYRUBF;30;20240410;090000;12.831;12.849;12.83;12.848;67512
CNYRUBF;30;20240410;093000;12.847;12.87;12.847;12.869;32920
CNYRUBF;30;20240410;100000;12.868;12.885;12.868;12.878;37838
CNYRUBF;30;20240410;103000;12.877;12.902;12.877;12.882;85702
CNYRUBF;30;20240410;110000;12.882;12.885;12.872;12.875;21372
CNYRUBF;30;20240410;113000;12.875;12.886;12.863;12.879;11188
CNYRUBF;30;20240410;120000;12.88;12.884;12.876;12.878;11584
CNYRUBF;30;20240410;123000;12.877;12.878;12.864;12.869;69119
CNYRUBF;30;20240410;130000;12.869;12.871;12.865;12.866;5535
CNYRUBF;30;20240410;133000;12.866;12.878;12.866;12.878;8819
CNYRUBF;30;20240410;140000;12.879;12.886;12.876;12.883;20298
CNYRUBF;30;20240410;143000;12.882;12.887;12.88;12.887;27265
CNYRUBF;30;20240410;150000;12.887;12.902;12.881;12.884;60660
CNYRUBF;30;20240410;153000;12.884;12.905;12.873;12.901;117180
CNYRUBF;30;20240410;160000;12.901;12.905;12.89;12.892;34157
CNYRUBF;30;20240410;163000;12.892;12.894;12.875;12.882;72467
CNYRUBF;30;20240410;170000;12.881;12.892;12.878;12.887;52278
CNYRUBF;30;20240410;173000;12.886;12.898;12.885;12.898;55253
CNYRUBF;30;20240410;180000;12.898;12.898;12.883;12.884;37041
CNYRUBF;30;20240410;183000;12.884;12.888;12.882;12.886;7263
CNYRUBF;30;20240410;190000;12.886;12.893;12.884;12.886;3253
CNYRUBF;30;20240410;193000;12.886;12.887;12.886;12.886;2416
CNYRUBF;30;20240410;200000;12.887;12.887;12.886;12.886;1346
CNYRUBF;30;20240410;203000;12.886;12.887;12.885;12.885;1350
CNYRUBF;30;20240410;210000;12.885;12.887;12.885;12.887;410
CNYRUBF;30;20240410;213000;12.887;12.887;12.881;12.885;1206
CNYRUBF;30;20240410;220000;12.884;12.885;12.883;12.884;423
CNYRUBF;30;20240410;223000;12.884;12.887;12.884;12.886;723
CNYRUBF;30;20240410;230000;12.886;12.887;12.885;12.887;236
CNYRUBF;30;20240410;233000;12.887;12.887;12.886;12.887;278
CNYRUBF;30;20240411;090000;12.887;12.921;12.886;12.916;54413
CNYRUBF;30;20240411;093000;12.916;12.93;12.915;12.93;29163
CNYRUBF;30;20240411;100000;12.93;12.945;12.928;12.945;56668
CNYRUBF;30;20240411;103000;12.945;12.945;12.924;12.924;38227
CNYRUBF;30;20240411;110000;12.924;12.939;12.921;12.923;22171
CNYRUBF;30;20240411;113000;12.923;12.93;12.915;12.93;26608
CNYRUBF;30;20240411;120000;12.929;12.93;12.918;12.918;11798
CNYRUBF;30;20240411;123000;12.918;12.924;12.917;12.924;9793
CNYRUBF;30;20240411;130000;12.924;12.928;12.916;12.917;14709
CNYRUBF;30;20240411;133000;12.917;12.92;12.915;12.917;9573
CNYRUBF;30;20240411;140000;12.915;12.917;12.893;12.896;58711
CNYRUBF;30;20240411;143000;12.897;12.912;12.897;12.911;18193
CNYRUBF;30;20240411;150000;12.908;12.911;12.904;12.906;3360
CNYRUBF;30;20240411;153000;12.906;12.908;12.889;12.89;17857
CNYRUBF;30;20240411;160000;12.89;12.892;12.873;12.875;39359
CNYRUBF;30;20240411;163000;12.875;12.876;12.839;12.857;108109
CNYRUBF;30;20240411;170000;12.858;12.868;12.852;12.864;51304
CNYRUBF;30;20240411;173000;12.864;12.875;12.857;12.87;18876
CNYRUBF;30;20240411;180000;12.869;12.871;12.86;12.863;7112
CNYRUBF;30;20240411;183000;12.862;12.87;12.858;12.861;5048
CNYRUBF;30;20240411;190000;12.86;12.874;12.844;12.867;3526
CNYRUBF;30;20240411;193000;12.867;12.871;12.867;12.871;718
CNYRUBF;30;20240411;200000;12.87;12.871;12.867;12.867;281
CNYRUBF;30;20240411;203000;12.865;12.871;12.865;12.87;308
CNYRUBF;30;20240411;210000;12.87;12.872;12.86;12.86;1063
CNYRUBF;30;20240411;213000;12.866;12.872;12.863;12.868;2762
CNYRUBF;30;20240411;220000;12.867;12.872;12.867;12.871;396
CNYRUBF;30;20240411;223000;12.87;12.873;12.869;12.869;231
CNYRUBF;30;20240411;230000;12.872;12.872;12.868;12.87;176
CNYRUBF;30;20240411;233000;12.868;12.87;12.867;12.867;404
CNYRUBF;30;20240412;090000;12.89;12.917;12.89;12.915;15731
CNYRUBF;30;20240412;093000;12.915;12.917;12.905;12.914;14072
CNYRUBF;30;20240412;100000;12.914;12.919;12.891;12.891;118318
CNYRUBF;30;20240412;103000;12.891;12.891;12.87;12.877;180033
CNYRUBF;30;20240412;110000;12.877;12.888;12.876;12.884;170908
CNYRUBF;30;20240412;113000;12.885;12.888;12.882;12.882;20000
CNYRUBF;30;20240412;120000;12.882;12.885;12.872;12.872;190116
CNYRUBF;30;20240412;123000;12.872;12.879;12.85;12.868;162345
CNYRUBF;30;20240412;130000;12.868;12.88;12.863;12.874;10874
CNYRUBF;30;20240412;133000;12.877;12.877;12.871;12.873;8976
CNYRUBF;30;20240412;140000;12.876;12.88;12.873;12.876;8522
CNYRUBF;30;20240412;143000;12.876;12.878;12.875;12.876;10927
CNYRUBF;30;20240412;150000;12.876;12.877;12.873;12.876;16032
CNYRUBF;30;20240412;153000;12.875;12.875;12.87;12.874;11247
CNYRUBF;30;20240412;160000;12.873;12.876;12.868;12.872;31663
CNYRUBF;30;20240412;163000;12.869;12.874;12.861;12.871;48226
CNYRUBF;30;20240412;170000;12.868;12.877;12.867;12.872;12419
CNYRUBF;30;20240412;173000;12.874;12.875;12.866;12.866;11756
CNYRUBF;30;20240412;180000;12.866;12.869;12.862;12.863;8692
CNYRUBF;30;20240412;183000;12.864;12.873;12.864;12.871;7003
CNYRUBF;30;20240412;190000;12.871;12.874;12.871;12.873;2211
CNYRUBF;30;20240412;193000;12.874;12.874;12.871;12.874;1267
CNYRUBF;30;20240412;200000;12.874;12.874;12.868;12.868;1199
CNYRUBF;30;20240412;203000;12.867;12.87;12.866;12.869;1089
CNYRUBF;30;20240412;210000;12.87;12.873;12.866;12.868;678
CNYRUBF;30;20240412;213000;12.869;12.874;12.867;12.874;833
CNYRUBF;30;20240412;220000;12.873;12.873;12.868;12.869;3032
CNYRUBF;30;20240412;223000;12.868;12.868;12.864;12.868;2027
CNYRUBF;30;20240412;230000;12.868;12.874;12.866;12.87;1774
CNYRUBF;30;20240412;233000;12.871;12.874;12.871;12.874;2386
CNYRUBF;30;20240415;090000;12.874;12.89;12.871;12.888;35134
CNYRUBF;30;20240415;093000;12.889;12.898;12.888;12.896;2772
CNYRUBF;30;20240415;100000;12.896;12.91;12.885;12.896;23357
CNYRUBF;30;20240415;103000;12.896;12.91;12.896;12.899;16810
CNYRUBF;30;20240415;110000;12.898;12.899;12.887;12.897;9565
CNYRUBF;30;20240415;113000;12.894;12.905;12.894;12.902;7336
CNYRUBF;30;20240415;120000;12.9;12.902;12.895;12.898;3029
CNYRUBF;30;20240415;123000;12.896;12.897;12.889;12.891;2377
CNYRUBF;30;20240415;130000;12.891;12.897;12.89;12.891;4246
CNYRUBF;30;20240415;133000;12.893;12.894;12.891;12.893;597
CNYRUBF;30;20240415;140000;12.893;12.894;12.88;12.883;5696
CNYRUBF;30;20240415;143000;12.883;12.887;12.881;12.887;3010
CNYRUBF;30;20240415;150000;12.888;12.891;12.883;12.889;6171
CNYRUBF;30;20240415;153000;12.891;12.896;12.881;12.893;2543
CNYRUBF;30;20240415;160000;12.893;12.898;12.884;12.89;5616
CNYRUBF;30;20240415;163000;12.893;12.894;12.885;12.889;2921
CNYRUBF;30;20240415;170000;12.889;12.889;12.865;12.878;8487
CNYRUBF;30;20240415;173000;12.876;12.88;12.871;12.879;5268
CNYRUBF;30;20240415;180000;12.88;12.895;12.878;12.892;5367
CNYRUBF;30;20240415;183000;12.892;12.9;12.891;12.9;6721
CNYRUBF;30;20240415;190000;12.901;12.92;12.901;12.911;4005
CNYRUBF;30;20240415;193000;12.911;12.916;12.905;12.914;1245
CNYRUBF;30;20240415;200000;12.911;12.914;12.908;12.909;721
CNYRUBF;30;20240415;203000;12.91;12.913;12.908;12.911;1121
CNYRUBF;30;20240415;210000;12.908;12.913;12.907;12.913;1089
CNYRUBF;30;20240415;213000;12.912;12.916;12.909;12.916;2930
CNYRUBF;30;20240415;220000;12.915;12.917;12.912;12.912;1516
CNYRUBF;30;20240415;223000;12.912;12.916;12.911;12.916;286
CNYRUBF;30;20240415;230000;12.915;12.916;12.912;12.912;198
CNYRUBF;30;20240415;233000;12.914;12.918;12.913;12.913;284
CNYRUBF;30;20240416;090000;12.914;12.915;12.91;12.912;4531
CNYRUBF;30;20240416;093000;12.91;12.93;12.9;12.926;15630
CNYRUBF;30;20240416;100000;12.925;12.929;12.919;12.923;13378
CNYRUBF;30;20240416;103000;12.923;12.926;12.921;12.926;16122
CNYRUBF;30;20240416;110000;12.925;12.939;12.921;12.923;25688
CNYRUBF;30;20240416;113000;12.924;12.95;12.922;12.947;10248
CNYRUBF;30;20240416;120000;12.947;12.948;12.933;12.944;17371
CNYRUBF;30;20240416;123000;12.944;12.97;12.944;12.959;37249
CNYRUBF;30;20240416;130000;12.959;12.961;12.944;12.95;50476
CNYRUBF;30;20240416;133000;12.95;12.952;12.947;12.95;29232
CNYRUBF;30;20240416;140000;12.95;12.956;12.944;12.956;36027
CNYRUBF;30;20240416;143000;12.956;12.978;12.953;12.977;6964
CNYRUBF;30;20240416;150000;12.977;12.977;12.96;12.962;23572
CNYRUBF;30;20240416;153000;12.964;12.966;12.96;12.964;3839
CNYRUBF;30;20240416;160000;12.962;12.976;12.96;12.966;2487
CNYRUBF;30;20240416;163000;12.965;12.976;12.964;12.976;5101
CNYRUBF;30;20240416;170000;12.976;12.984;12.97;12.984;17412
CNYRUBF;30;20240416;173000;12.983;12.992;12.977;12.977;30470
CNYRUBF;30;20240416;180000;12.979;12.991;12.978;12.99;27403
CNYRUBF;30;20240416;183000;12.991;12.996;12.99;12.994;19944
CNYRUBF;30;20240416;190000;12.995;13.002;12.985;12.992;4895
CNYRUBF;30;20240416;193000;12.993;12.995;12.992;12.994;579
CNYRUBF;30;20240416;200000;12.995;13;12.994;13;2504
CNYRUBF;30;20240416;203000;12.999;13;12.995;12.996;1580
CNYRUBF;30;20240416;210000;12.996;12.996;12.994;12.994;2398
CNYRUBF;30;20240416;213000;12.994;12.997;12.994;12.995;1419
CNYRUBF;30;20240416;220000;12.994;12.995;12.994;12.994;346
CNYRUBF;30;20240416;223000;12.994;12.998;12.994;12.994;786
CNYRUBF;30;20240416;230000;12.996;12.997;12.994;12.995;2637
CNYRUBF;30;20240416;233000;12.996;13.001;12.994;12.994;2474
CNYRUBF;30;20240417;090000;13;13.007;12.992;13.002;11125
CNYRUBF;30;20240417;093000;13.001;13.032;13.001;13.032;12208
CNYRUBF;30;20240417;100000;13.032;13.038;13.015;13.021;30000
CNYRUBF;30;20240417;103000;13.021;13.023;13.009;13.011;20301
CNYRUBF;30;20240417;110000;13.01;13.028;13.003;13.026;29537
CNYRUBF;30;20240417;113000;13.026;13.033;13.014;13.03;10286
CNYRUBF;30;20240417;120000;13.031;13.032;13.019;13.02;13187
CNYRUBF;30;20240417;123000;13.019;13.023;13.006;13.022;31043
CNYRUBF;30;20240417;130000;13.021;13.023;13.001;13.007;35600
CNYRUBF;30;20240417;133000;13.007;13.008;12.996;13;14441
CNYRUBF;30;20240417;140000;12.999;13.008;12.997;12.999;14255
CNYRUBF;30;20240417;143000;12.999;13.002;12.98;12.983;39847
CNYRUBF;30;20240417;150000;12.983;12.993;12.98;12.99;13573
CNYRUBF;30;20240417;153000;12.99;12.994;12.981;12.987;7259
CNYRUBF;30;20240417;160000;12.987;12.991;12.979;12.984;34179
CNYRUBF;30;20240417;163000;12.984;13.002;12.983;12.988;23569
CNYRUBF;30;20240417;170000;12.983;12.983;12.973;12.979;30955
CNYRUBF;30;20240417;173000;12.979;12.983;12.963;12.973;19727
CNYRUBF;30;20240417;180000;12.971;12.985;12.967;12.985;10055
CNYRUBF;30;20240417;183000;12.986;12.995;12.983;12.985;4835
CNYRUBF;30;20240417;190000;12.983;13.004;12.983;13.002;3298
CNYRUBF;30;20240417;193000;13.001;13.019;13.001;13.018;3051
CNYRUBF;30;20240417;200000;13.019;13.02;13.006;13.006;1873
CNYRUBF;30;20240417;203000;13.006;13.018;13.004;13.011;813
CNYRUBF;30;20240417;210000;13.011;13.02;13.001;13.02;1770
CNYRUBF;30;20240417;213000;13.016;13.02;13.012;13.012;287
CNYRUBF;30;20240417;220000;13.013;13.015;13.006;13.009;923
CNYRUBF;30;20240417;223000;13.012;13.012;13.007;13.012;120
CNYRUBF;30;20240417;230000;13.012;13.02;13.012;13.017;1242
CNYRUBF;30;20240417;233000;13.014;13.015;13.009;13.01;314
CNYRUBF;30;20240418;090000;13.012;13.02;13.008;13.02;21280
CNYRUBF;30;20240418;093000;13.019;13.019;12.997;13;42477
CNYRUBF;30;20240418;100000;12.999;13.023;12.995;13.01;48484
CNYRUBF;30;20240418;103000;13.013;13.019;12.996;13.001;14552
CNYRUBF;30;20240418;110000;13;13.003;12.981;12.984;18388
CNYRUBF;30;20240418;113000;12.983;12.985;12.973;12.975;41890
CNYRUBF;30;20240418;120000;12.977;12.997;12.974;12.983;52092
CNYRUBF;30;20240418;123000;12.984;12.986;12.977;12.977;21194
CNYRUBF;30;20240418;130000;12.978;12.981;12.971;12.975;56623
CNYRUBF;30;20240418;133000;12.975;12.988;12.974;12.988;59557
CNYRUBF;30;20240418;140000;12.987;12.988;12.982;12.982;19831
CNYRUBF;30;20240418;143000;12.982;12.983;12.977;12.978;42841
CNYRUBF;30;20240418;150000;12.977;12.979;12.97;12.976;28640
CNYRUBF;30;20240418;153000;12.974;12.976;12.971;12.972;25644
CNYRUBF;30;20240418;160000;12.972;12.976;12.963;12.968;38499
CNYRUBF;30;20240418;163000;12.966;12.969;12.952;12.959;72029
CNYRUBF;30;20240418;170000;12.959;12.96;12.95;12.958;32111
CNYRUBF;30;20240418;173000;12.957;12.959;12.949;12.95;30372
CNYRUBF;30;20240418;180000;12.95;12.96;12.943;12.945;49369
CNYRUBF;30;20240418;183000;12.947;12.957;12.939;12.941;6044
CNYRUBF;30;20240418;190000;12.946;12.947;12.937;12.94;6722
CNYRUBF;30;20240418;193000;12.94;12.94;12.936;12.937;4417
CNYRUBF;30;20240418;200000;12.937;12.938;12.927;12.928;11060
CNYRUBF;30;20240418;203000;12.929;12.93;12.928;12.93;5347
CNYRUBF;30;20240418;210000;12.93;12.93;12.929;12.929;800
CNYRUBF;30;20240418;213000;12.93;12.93;12.929;12.93;4652
CNYRUBF;30;20240418;220000;12.93;12.93;12.929;12.929;3583
CNYRUBF;30;20240418;223000;12.93;12.93;12.929;12.93;1830
CNYRUBF;30;20240418;230000;12.93;12.93;12.929;12.93;6401
CNYRUBF;30;20240418;233000;12.93;12.93;12.929;12.93;1647
CNYRUBF;30;20240419;090000;12.929;12.94;12.927;12.939;72561
CNYRUBF;30;20240419;093000;12.94;12.961;12.936;12.957;51884
CNYRUBF;30;20240419;100000;12.957;12.958;12.933;12.939;37484
CNYRUBF;30;20240419;103000;12.94;12.942;12.911;12.912;42247
CNYRUBF;30;20240419;110000;12.911;12.916;12.903;12.91;58882
CNYRUBF;30;20240419;113000;12.91;12.91;12.903;12.903;10783
CNYRUBF;30;20240419;120000;12.903;12.903;12.87;12.877;50491
CNYRUBF;30;20240419;123000;12.878;12.882;12.87;12.876;13275
CNYRUBF;30;20240419;130000;12.876;12.876;12.838;12.849;49137
CNYRUBF;30;20240419;133000;12.847;12.87;12.847;12.862;10221
CNYRUBF;30;20240419;140000;12.863;12.865;12.838;12.857;31392
CNYRUBF;30;20240419;143000;12.856;12.862;12.853;12.857;20311
CNYRUBF;30;20240419;150000;12.857;12.861;12.854;12.854;20638
CNYRUBF;30;20240419;153000;12.855;12.855;12.815;12.847;86560
CNYRUBF;30;20240419;160000;12.845;12.856;12.817;12.853;20616
CNYRUBF;30;20240419;163000;12.852;12.858;12.837;12.854;11295
CNYRUBF;30;20240419;170000;12.853;12.86;12.845;12.857;10139
CNYRUBF;30;20240419;173000;12.856;12.861;12.847;12.86;43334
CNYRUBF;30;20240419;180000;12.86;12.86;12.844;12.845;6957
CNYRUBF;30;20240419;183000;12.847;12.854;12.845;12.852;7914
CNYRUBF;30;20240419;190000;12.853;12.855;12.847;12.847;3431
CNYRUBF;30;20240419;193000;12.846;12.85;12.845;12.85;1334
CNYRUBF;30;20240419;200000;12.85;12.85;12.846;12.85;869
CNYRUBF;30;20240419;203000;12.849;12.85;12.849;12.85;2035
CNYRUBF;30;20240419;210000;12.85;12.85;12.849;12.849;2892
CNYRUBF;30;20240419;213000;12.85;12.85;12.845;12.845;983
CNYRUBF;30;20240419;220000;12.845;12.85;12.844;12.85;2422
CNYRUBF;30;20240419;223000;12.847;12.847;12.845;12.845;101
CNYRUBF;30;20240419;230000;12.844;12.846;12.844;12.845;257
CNYRUBF;30;20240419;233000;12.845;12.847;12.837;12.839;792
CNYRUBF;30;20240422;090000;12.855;12.868;12.854;12.859;45112
CNYRUBF;30;20240422;093000;12.859;12.86;12.83;12.859;96222
CNYRUBF;30;20240422;100000;12.859;12.866;12.843;12.843;71549
CNYRUBF;30;20240422;103000;12.843;12.85;12.842;12.849;27637
CNYRUBF;30;20240422;110000;12.849;12.851;12.846;12.847;33619
CNYRUBF;30;20240422;113000;12.847;12.855;12.846;12.851;13649
CNYRUBF;30;20240422;120000;12.852;12.861;12.852;12.856;12746
CNYRUBF;30;20240422;123000;12.856;12.86;12.856;12.857;2915
CNYRUBF;30;20240422;130000;12.857;12.86;12.857;12.859;726
CNYRUBF;30;20240422;133000;12.859;12.869;12.859;12.867;18553
CNYRUBF;30;20240422;140000;12.867;12.872;12.866;12.871;28439
CNYRUBF;30;20240422;143000;12.871;12.876;12.867;12.87;33205
CNYRUBF;30;20240422;150000;12.871;12.871;12.864;12.866;39104
CNYRUBF;30;20240422;153000;12.867;12.873;12.866;12.873;13788
CNYRUBF;30;20240422;160000;12.871;12.874;12.868;12.871;5074
CNYRUBF;30;20240422;163000;12.87;12.873;12.866;12.869;30371
CNYRUBF;30;20240422;170000;12.87;12.876;12.868;12.876;26760
CNYRUBF;30;20240422;173000;12.876;12.883;12.875;12.88;13298
CNYRUBF;30;20240422;180000;12.882;12.882;12.869;12.873;6619
CNYRUBF;30;20240422;183000;12.873;12.874;12.86;12.86;4515
CNYRUBF;30;20240422;190000;12.863;12.875;12.863;12.866;2340
CNYRUBF;30;20240422;193000;12.866;12.866;12.832;12.855;3776
CNYRUBF;30;20240422;200000;12.854;12.863;12.853;12.859;134
CNYRUBF;30;20240422;203000;12.859;12.859;12.851;12.853;446
CNYRUBF;30;20240422;210000;12.852;12.856;12.852;12.852;406
CNYRUBF;30;20240422;213000;12.854;12.855;12.852;12.855;1310
CNYRUBF;30;20240422;220000;12.855;12.855;12.846;12.854;377
CNYRUBF;30;20240422;223000;12.851;12.856;12.849;12.855;165
CNYRUBF;30;20240422;230000;12.855;12.863;12.855;12.858;282
CNYRUBF;30;20240422;233000;12.856;12.867;12.851;12.86;312
CNYRUBF;30;20240423;090000;12.868;12.87;12.859;12.869;15853
CNYRUBF;30;20240423;093000;12.87;12.87;12.849;12.856;42548
CNYRUBF;30;20240423;100000;12.856;12.86;12.838;12.847;80581
CNYRUBF;30;20240423;103000;12.845;12.858;12.839;12.856;24508
CNYRUBF;30;20240423;110000;12.855;12.866;12.855;12.861;7315
CNYRUBF;30;20240423;113000;12.861;12.869;12.857;12.857;7224
CNYRUBF;30;20240423;120000;12.857;12.863;12.854;12.858;7612
CNYRUBF;30;20240423;123000;12.86;12.862;12.854;12.855;9086
CNYRUBF;30;20240423;130000;12.857;12.857;12.851;12.851;5506
CNYRUBF;30;20240423;133000;12.853;12.853;12.845;12.852;17057
CNYRUBF;30;20240423;140000;12.851;12.851;12.844;12.847;4467
CNYRUBF;30;20240423;143000;12.846;12.846;12.811;12.813;44440
CNYRUBF;30;20240423;150000;12.811;12.824;12.803;12.822;31091
CNYRUBF;30;20240423;153000;12.822;12.845;12.822;12.843;41916
CNYRUBF;30;20240423;160000;12.841;12.845;12.824;12.836;9208
CNYRUBF;30;20240423;163000;12.837;12.841;12.835;12.838;25024
CNYRUBF;30;20240423;170000;12.839;12.839;12.819;12.825;14964
CNYRUBF;30;20240423;173000;12.825;12.837;12.804;12.814;20672
CNYRUBF;30;20240423;180000;12.814;12.816;12.81;12.814;13329
CNYRUBF;30;20240423;183000;12.814;12.821;12.806;12.817;13439
CNYRUBF;30;20240423;190000;12.817;12.821;12.812;12.818;3182
CNYRUBF;30;20240423;193000;12.818;12.819;12.817;12.818;1042
CNYRUBF;30;20240423;200000;12.819;12.82;12.813;12.818;894
CNYRUBF;30;20240423;203000;12.819;12.82;12.818;12.819;845
CNYRUBF;30;20240423;210000;12.819;12.82;12.817;12.819;239
CNYRUBF;30;20240423;213000;12.819;12.819;12.818;12.818;68
CNYRUBF;30;20240423;220000;12.82;12.82;12.818;12.818;438
CNYRUBF;30;20240423;223000;12.817;12.818;12.81;12.81;796
CNYRUBF;30;20240423;230000;12.81;12.81;12.808;12.81;335
CNYRUBF;30;20240423;233000;12.81;12.82;12.809;12.82;277
CNYRUBF;30;20240424;090000;12.812;12.815;12.779;12.79;56841
CNYRUBF;30;20240424;093000;12.791;12.791;12.766;12.768;25354
CNYRUBF;30;20240424;100000;12.766;12.768;12.728;12.734;87688
CNYRUBF;30;20240424;103000;12.733;12.741;12.729;12.739;54471
CNYRUBF;30;20240424;110000;12.739;12.739;12.731;12.736;9428
CNYRUBF;30;20240424;113000;12.737;12.737;12.729;12.733;5200
CNYRUBF;30;20240424;120000;12.732;12.734;12.723;12.725;18610
CNYRUBF;30;20240424;123000;12.725;12.73;12.717;12.724;22756
CNYRUBF;30;20240424;130000;12.724;12.724;12.707;12.713;15833
CNYRUBF;30;20240424;133000;12.712;12.717;12.706;12.716;14641
CNYRUBF;30;20240424;140000;12.717;12.723;12.716;12.722;8172
CNYRUBF;30;20240424;143000;12.722;12.727;12.716;12.72;8370
CNYRUBF;30;20240424;150000;12.723;12.732;12.72;12.72;9065
CNYRUBF;30;20240424;153000;12.719;12.723;12.71;12.716;1893
CNYRUBF;30;20240424;160000;12.715;12.715;12.695;12.703;23217
CNYRUBF;30;20240424;163000;12.704;12.705;12.687;12.691;15356
CNYRUBF;30;20240424;170000;12.691;12.691;12.679;12.679;27111
CNYRUBF;30;20240424;173000;12.68;12.705;12.677;12.694;22570
CNYRUBF;30;20240424;180000;12.695;12.706;12.682;12.693;40534
CNYRUBF;30;20240424;183000;12.693;12.693;12.667;12.674;21806
CNYRUBF;30;20240424;190000;12.696;12.698;12.676;12.689;5309
CNYRUBF;30;20240424;193000;12.692;12.697;12.688;12.697;3420
CNYRUBF;30;20240424;200000;12.695;12.699;12.695;12.696;7973
CNYRUBF;30;20240424;203000;12.696;12.699;12.694;12.699;1159
CNYRUBF;30;20240424;210000;12.699;12.699;12.698;12.698;1605
CNYRUBF;30;20240424;213000;12.699;12.699;12.683;12.69;1807
CNYRUBF;30;20240424;220000;12.69;12.693;12.688;12.69;335
CNYRUBF;30;20240424;223000;12.689;12.689;12.689;12.689;1502
CNYRUBF;30;20240424;230000;12.689;12.689;12.688;12.689;2577
CNYRUBF;30;20240424;233000;12.688;12.689;12.688;12.688;345
CNYRUBF;30;20240425;090000;12.688;12.736;12.688;12.726;55385
CNYRUBF;30;20240425;093000;12.726;12.729;12.672;12.675;31421
CNYRUBF;30;20240425;100000;12.671;12.678;12.665;12.677;37068
CNYRUBF;30;20240425;103000;12.677;12.696;12.676;12.681;34450
CNYRUBF;30;20240425;110000;12.681;12.69;12.678;12.679;17532
CNYRUBF;30;20240425;113000;12.679;12.713;12.679;12.701;41328
CNYRUBF;30;20240425;120000;12.703;12.714;12.694;12.714;19883
CNYRUBF;30;20240425;123000;12.713;12.713;12.7;12.706;10454
CNYRUBF;30;20240425;130000;12.706;12.717;12.695;12.699;11857
CNYRUBF;30;20240425;133000;12.697;12.701;12.688;12.691;13592
CNYRUBF;30;20240425;140000;12.692;12.698;12.688;12.697;4655
CNYRUBF;30;20240425;143000;12.697;12.701;12.69;12.698;20668
CNYRUBF;30;20240425;150000;12.698;12.698;12.675;12.678;17969
CNYRUBF;30;20240425;153000;12.679;12.69;12.675;12.685;10764
CNYRUBF;30;20240425;160000;12.685;12.686;12.676;12.684;8363
CNYRUBF;30;20240425;163000;12.684;12.702;12.683;12.695;23521
CNYRUBF;30;20240425;170000;12.695;12.696;12.685;12.692;3186
CNYRUBF;30;20240425;173000;12.692;12.698;12.69;12.696;22431
CNYRUBF;30;20240425;180000;12.695;12.696;12.675;12.681;26327
CNYRUBF;30;20240425;183000;12.68;12.68;12.676;12.678;13057
CNYRUBF;30;20240425;190000;12.692;12.692;12.681;12.685;25978
CNYRUBF;30;20240425;193000;12.685;12.685;12.683;12.684;4907
CNYRUBF;30;20240425;200000;12.685;12.685;12.684;12.685;2179
CNYRUBF;30;20240425;203000;12.685;12.689;12.684;12.688;867
CNYRUBF;30;20240425;210000;12.688;12.688;12.687;12.688;153
CNYRUBF;30;20240425;213000;12.688;12.689;12.686;12.689;459
CNYRUBF;30;20240425;220000;12.689;12.689;12.687;12.689;1620
CNYRUBF;30;20240425;223000;12.689;12.689;12.687;12.687;449
CNYRUBF;30;20240425;230000;12.687;12.69;12.687;12.689;3751
CNYRUBF;30;20240425;233000;12.689;12.699;12.689;12.692;1459
CNYRUBF;30;20240426;090000;12.692;12.725;12.69;12.716;69772
CNYRUBF;30;20240426;093000;12.712;12.715;12.658;12.672;40367
CNYRUBF;30;20240426;100000;12.673;12.68;12.663;12.666;48148
CNYRUBF;30;20240426;103000;12.666;12.68;12.664;12.677;44127
CNYRUBF;30;20240426;110000;12.68;12.704;12.676;12.702;27688
CNYRUBF;30;20240426;113000;12.703;12.704;12.691;12.698;11464
CNYRUBF;30;20240426;120000;12.698;12.7;12.681;12.685;15624
CNYRUBF;30;20240426;123000;12.681;12.683;12.65;12.655;18452
CNYRUBF;30;20240426;130000;12.654;12.658;12.611;12.613;57610
CNYRUBF;30;20240426;133000;12.613;12.644;12.612;12.635;23316
CNYRUBF;30;20240426;140000;12.634;12.636;12.601;12.603;103267
CNYRUBF;30;20240426;143000;12.607;12.607;12.557;12.557;97577
CNYRUBF;30;20240426;150000;12.556;12.57;12.536;12.563;75624
CNYRUBF;30;20240426;153000;12.563;12.584;12.549;12.576;45199
CNYRUBF;30;20240426;160000;12.576;12.581;12.569;12.58;37528
CNYRUBF;30;20240426;163000;12.58;12.583;12.548;12.57;39847
CNYRUBF;30;20240426;170000;12.568;12.568;12.503;12.509;84294
CNYRUBF;30;20240426;173000;12.509;12.56;12.509;12.531;68096
CNYRUBF;30;20240426;180000;12.532;12.565;12.527;12.554;30723
CNYRUBF;30;20240426;183000;12.554;12.566;12.552;12.563;42231
CNYRUBF;30;20240426;190000;12.563;12.573;12.554;12.567;2254
CNYRUBF;30;20240426;193000;12.566;12.571;12.557;12.562;1522
CNYRUBF;30;20240426;200000;12.564;12.564;12.56;12.564;575
CNYRUBF;30;20240426;203000;12.562;12.567;12.562;12.564;786
CNYRUBF;30;20240426;210000;12.564;12.564;12.562;12.564;164
CNYRUBF;30;20240426;213000;12.563;12.566;12.56;12.566;526
CNYRUBF;30;20240426;220000;12.566;12.57;12.561;12.563;504
CNYRUBF;30;20240426;223000;12.565;12.573;12.564;12.573;778
CNYRUBF;30;20240426;230000;12.574;12.574;12.562;12.572;531
CNYRUBF;30;20240426;233000;12.572;12.573;12.57;12.57;584
CNYRUBF;30;20240427;090000;12.583;12.592;12.566;12.591;11247
CNYRUBF;30;20240427;093000;12.592;12.604;12.59;12.6;6735
CNYRUBF;30;20240427;100000;12.599;12.623;12.57;12.578;61442
CNYRUBF;30;20240427;103000;12.577;12.584;12.56;12.58;21026
CNYRUBF;30;20240427;110000;12.58;12.58;12.56;12.579;22216
CNYRUBF;30;20240427;113000;12.578;12.58;12.547;12.548;12406
CNYRUBF;30;20240427;120000;12.549;12.562;12.543;12.56;16707
CNYRUBF;30;20240427;123000;12.56;12.57;12.559;12.561;5161
CNYRUBF;30;20240427;130000;12.566;12.57;12.561;12.565;2799
CNYRUBF;30;20240427;133000;12.566;12.572;12.562;12.568;13392
CNYRUBF;30;20240427;140000;12.568;12.587;12.564;12.575;3474
CNYRUBF;30;20240427;143000;12.576;12.598;12.573;12.591;4482
CNYRUBF;30;20240427;150000;12.591;12.607;12.589;12.605;6011
CNYRUBF;30;20240427;153000;12.606;12.631;12.6;12.63;10528
CNYRUBF;30;20240427;160000;12.63;12.648;12.626;12.644;33627
CNYRUBF;30;20240427;163000;12.644;12.658;12.644;12.652;11012
CNYRUBF;30;20240427;170000;12.651;12.656;12.642;12.652;28431
CNYRUBF;30;20240427;173000;12.652;12.664;12.646;12.652;11378
CNYRUBF;30;20240427;180000;12.651;12.657;12.647;12.648;13529
CNYRUBF;30;20240427;183000;12.648;12.676;12.647;12.676;11939
CNYRUBF;30;20240427;190000;12.676;12.69;12.661;12.679;3865
CNYRUBF;30;20240427;193000;12.68;12.688;12.67;12.676;2467
CNYRUBF;30;20240427;200000;12.676;12.68;12.671;12.677;896
CNYRUBF;30;20240427;203000;12.677;12.685;12.67;12.673;705
CNYRUBF;30;20240427;210000;12.673;12.681;12.663;12.674;617
CNYRUBF;30;20240427;213000;12.676;12.678;12.667;12.669;660
CNYRUBF;30;20240427;220000;12.668;12.672;12.664;12.67;476
CNYRUBF;30;20240427;223000;12.67;12.674;12.667;12.674;130
CNYRUBF;30;20240427;230000;12.674;12.675;12.67;12.674;372
CNYRUBF;30;20240427;233000;12.674;12.678;12.672;12.678;590
CNYRUBF;30;20240429;090000;12.712;12.714;12.685;12.705;7246
CNYRUBF;30;20240429;093000;12.706;12.706;12.693;12.697;8342
CNYRUBF;30;20240429;100000;12.698;12.762;12.698;12.745;20445
CNYRUBF;30;20240429;103000;12.744;12.756;12.736;12.736;18343
CNYRUBF;30;20240429;110000;12.738;12.752;12.737;12.747;15005
CNYRUBF;30;20240429;113000;12.747;12.757;12.747;12.756;8374
CNYRUBF;30;20240429;120000;12.756;12.759;12.748;12.75;25979
CNYRUBF;30;20240429;123000;12.751;12.753;12.744;12.746;8605
CNYRUBF;30;20240429;130000;12.748;12.753;12.746;12.751;7792
CNYRUBF;30;20240429;133000;12.753;12.753;12.738;12.746;7054
CNYRUBF;30;20240429;140000;12.746;12.755;12.746;12.753;5418
CNYRUBF;30;20240429;143000;12.753;12.755;12.748;12.753;7367
CNYRUBF;30;20240429;150000;12.753;12.754;12.751;12.751;3504
CNYRUBF;30;20240429;153000;12.751;12.754;12.749;12.752;3600
CNYRUBF;30;20240429;160000;12.752;12.754;12.749;12.75;9591
CNYRUBF;30;20240429;163000;12.751;12.752;12.72;12.72;9014
CNYRUBF;30;20240429;170000;12.72;12.729;12.71;12.719;15219
CNYRUBF;30;20240429;173000;12.718;12.733;12.71;12.733;7175
CNYRUBF;30;20240429;180000;12.734;12.75;12.733;12.745;8651
CNYRUBF;30;20240429;183000;12.746;12.746;12.742;12.744;2655
CNYRUBF;30;20240429;190000;12.728;12.748;12.728;12.747;4037
CNYRUBF;30;20240429;193000;12.747;12.748;12.741;12.745;954
CNYRUBF;30;20240429;200000;12.746;12.746;12.734;12.735;1299
CNYRUBF;30;20240429;203000;12.737;12.742;12.734;12.74;854
CNYRUBF;30;20240429;210000;12.742;12.745;12.74;12.744;925
CNYRUBF;30;20240429;213000;12.744;12.747;12.743;12.744;1939
CNYRUBF;30;20240429;220000;12.744;12.744;12.739;12.74;1791
CNYRUBF;30;20240429;223000;12.739;12.742;12.738;12.738;1837
CNYRUBF;30;20240429;230000;12.738;12.738;12.706;12.711;3909
CNYRUBF;30;20240429;233000;12.711;12.726;12.706;12.726;2473
CNYRUBF;30;20240430;090000;12.724;12.729;12.717;12.725;12716
CNYRUBF;30;20240430;093000;12.725;12.74;12.722;12.735;5304
CNYRUBF;30;20240430;100000;12.736;12.738;12.723;12.728;8142
CNYRUBF;30;20240430;103000;12.728;12.754;12.728;12.747;6226
CNYRUBF;30;20240430;110000;12.746;12.755;12.746;12.753;5091
CNYRUBF;30;20240430;113000;12.752;12.757;12.751;12.756;2956
CNYRUBF;30;20240430;120000;12.756;12.759;12.753;12.755;6805
CNYRUBF;30;20240430;123000;12.755;12.758;12.75;12.75;6155
CNYRUBF;30;20240430;130000;12.75;12.754;12.749;12.752;1993
CNYRUBF;30;20240430;133000;12.751;12.752;12.734;12.742;3866
CNYRUBF;30;20240430;140000;12.744;12.746;12.742;12.745;779
CNYRUBF;30;20240430;143000;12.745;12.748;12.734;12.748;3658
CNYRUBF;30;20240430;150000;12.748;12.751;12.745;12.747;432
CNYRUBF;30;20240430;153000;12.745;12.748;12.737;12.741;4348
CNYRUBF;30;20240430;160000;12.74;12.741;12.712;12.724;15527
CNYRUBF;30;20240430;163000;12.722;12.745;12.715;12.738;19677
CNYRUBF;30;20240430;170000;12.737;12.737;12.723;12.725;5194
CNYRUBF;30;20240430;173000;12.724;12.738;12.72;12.738;2236
CNYRUBF;30;20240430;180000;12.738;12.74;12.733;12.739;9607
CNYRUBF;30;20240430;183000;12.739;12.746;12.734;12.736;4866
CNYRUBF;30;20240430;190000;12.736;12.737;12.728;12.731;1376
CNYRUBF;30;20240430;193000;12.728;12.733;12.728;12.733;587
CNYRUBF;30;20240430;200000;12.733;12.74;12.733;12.737;151
CNYRUBF;30;20240430;203000;12.737;12.74;12.73;12.734;630
CNYRUBF;30;20240430;210000;12.73;12.739;12.73;12.734;940
CNYRUBF;30;20240430;213000;12.731;12.732;12.725;12.732;536
CNYRUBF;30;20240430;220000;12.732;12.735;12.726;12.732;3026
CNYRUBF;30;20240430;223000;12.734;12.745;12.734;12.743;2980
CNYRUBF;30;20240430;230000;12.74;12.745;12.74;12.744;287
CNYRUBF;30;20240430;233000;12.742;12.746;12.74;12.746;34
