<TICKER>;<PER>;<DATE>;<TIME>;<OPEN>;<HIGH>;<LOW>;<CLOSE>;<VOL>
CNYRUBF;30;20260504;083000;11.013;11.013;11.013;11.013;605
CNYRUBF;30;20260504;090000;11.012;11.037;10.999;11.022;94482
CNYRUBF;30;20260504;093000;11.022;11.023;11.005;11.013;35068
CNYRUBF;30;20260504;100000;11.012;11.018;10.975;10.986;213814
CNYRUBF;30;20260504;103000;10.986;10.995;10.981;10.994;76172
CNYRUBF;30;20260504;110000;10.994;11.073;10.991;11.046;320175
CNYRUBF;30;20260504;113000;11.047;11.048;11.033;11.042;78497
CNYRUBF;30;20260504;120000;11.043;11.063;11.042;11.056;134044
CNYRUBF;30;20260504;123000;11.056;11.078;11.055;11.057;202806
CNYRUBF;30;20260504;130000;11.058;11.066;11.034;11.038;313021
CNYRUBF;30;20260504;133000;11.038;11.048;11.035;11.044;95993
CNYRUBF;30;20260504;140000;11.043;11.058;11.037;11.057;43661
CNYRUBF;30;20260504;143000;11.056;11.084;11.034;11.04;215068
CNYRUBF;30;20260504;150000;11.04;11.049;11.037;11.042;89845
CNYRUBF;30;20260504;153000;11.042;11.043;11.024;11.026;125748
CNYRUBF;30;20260504;160000;11.027;11.034;11.012;11.029;142352
CNYRUBF;30;20260504;163000;11.03;11.035;11.023;11.031;30269
CNYRUBF;30;20260504;170000;11.032;11.048;11.026;11.041;74709
CNYRUBF;30;20260504;173000;11.042;11.046;11.027;11.036;52254
CNYRUBF;30;20260504;180000;11.035;11.049;11.035;11.037;111597
CNYRUBF;30;20260504;183000;11.037;11.043;11.024;11.028;47785
CNYRUBF;30;20260504;190000;11.025;11.034;11.017;11.032;20846
CNYRUBF;30;20260504;193000;11.032;11.035;11.029;11.029;8355
CNYRUBF;30;20260504;200000;11.029;11.035;11.028;11.033;4552
CNYRUBF;30;20260504;203000;11.034;11.045;11.034;11.045;42262
CNYRUBF;30;20260504;210000;11.045;11.05;11.037;11.04;25101
CNYRUBF;30;20260504;213000;11.04;11.042;11.031;11.034;8872
CNYRUBF;30;20260504;220000;11.036;11.04;11.035;11.04;2810
CNYRUBF;30;20260504;223000;11.04;11.04;11.038;11.04;1468
CNYRUBF;30;20260504;230000;11.041;11.046;11.041;11.044;2434
CNYRUBF;30;20260504;233000;11.045;11.047;11.044;11.046;2548
CNYRUBF;30;20260505;083000;11.048;11.048;11.048;11.048;254
CNYRUBF;30;20260505;090000;11.049;11.066;11.041;11.044;26963
CNYRUBF;30;20260505;093000;11.044;11.064;11.044;11.054;28473
CNYRUBF;30;20260505;100000;11.054;11.058;11.013;11.025;176688
CNYRUBF;30;20260505;103000;11.025;11.026;10.99;10.995;123507
CNYRUBF;30;20260505;110000;10.995;11.011;10.992;11.011;80821
CNYRUBF;30;20260505;113000;11.01;11.04;11.009;11.022;74631
CNYRUBF;30;20260505;120000;11.021;11.031;11.016;11.025;43094
CNYRUBF;30;20260505;123000;11.025;11.042;11.019;11.032;60688
CNYRUBF;30;20260505;130000;11.03;11.032;11.017;11.023;42923
CNYRUBF;30;20260505;133000;11.023;11.032;11.019;11.02;254023
CNYRUBF;30;20260505;140000;11.02;11.04;11.02;11.04;53876
CNYRUBF;30;20260505;143000;11.04;11.073;11.035;11.071;177879
CNYRUBF;30;20260505;150000;11.072;11.081;11.054;11.059;241663
CNYRUBF;30;20260505;153000;11.059;11.075;11.059;11.066;162821
CNYRUBF;30;20260505;160000;11.066;11.07;11.06;11.061;22335
CNYRUBF;30;20260505;163000;11.061;11.062;11.044;11.048;107152
CNYRUBF;30;20260505;170000;11.048;11.055;11.047;11.05;32722
CNYRUBF;30;20260505;173000;11.049;11.054;11.04;11.054;48364
CNYRUBF;30;20260505;180000;11.054;11.067;11.051;11.062;46477
CNYRUBF;30;20260505;183000;11.063;11.064;11.055;11.063;29456
CNYRUBF;30;20260505;190000;11.062;11.071;11.057;11.063;17651
CNYRUBF;30;20260505;193000;11.064;11.07;11.059;11.061;4767
CNYRUBF;30;20260505;200000;11.062;11.068;11.06;11.062;3813
CNYRUBF;30;20260505;203000;11.064;11.068;11.062;11.065;2189
CNYRUBF;30;20260505;210000;11.065;11.067;11.063;11.066;2270
CNYRUBF;30;20260505;213000;11.066;11.072;11.06;11.065;9093
CNYRUBF;30;20260505;220000;11.065;11.068;11.063;11.068;3299
CNYRUBF;30;20260505;223000;11.068;11.071;11.064;11.066;7626
CNYRUBF;30;20260505;230000;11.066;11.068;11.064;11.064;4813
CNYRUBF;30;20260505;233000;11.065;11.069;11.064;11.069;4993
CNYRUBF;30;20260506;083000;11.078;11.078;11.078;11.078;466
CNYRUBF;30;20260506;090000;11.077;11.09;11.064;11.085;47567
CNYRUBF;30;20260506;093000;11.086;11.109;11.08;11.087;56893
CNYRUBF;30;20260506;100000;11.086;11.093;11.06;11.083;408037
CNYRUBF;30;20260506;103000;11.082;11.095;11.08;11.09;142525
CNYRUBF;30;20260506;110000;11.089;11.098;11.081;11.084;113459
CNYRUBF;30;20260506;113000;11.082;11.089;11.064;11.085;168464
CNYRUBF;30;20260506;120000;11.084;11.097;10.946;10.959;1918028
CNYRUBF;30;20260506;123000;10.958;11.014;10.948;10.97;1095573
CNYRUBF;30;20260506;130000;10.969;10.998;10.912;10.97;812882
CNYRUBF;30;20260506;133000;10.969;10.97;10.918;10.922;231672
CNYRUBF;30;20260506;140000;10.922;10.953;10.901;10.944;486289
CNYRUBF;30;20260506;143000;10.944;10.964;10.936;10.962;200537
CNYRUBF;30;20260506;150000;10.962;10.971;10.956;10.959;254703
CNYRUBF;30;20260506;153000;10.958;10.967;10.944;10.964;193042
CNYRUBF;30;20260506;160000;10.962;10.967;10.953;10.962;203707
CNYRUBF;30;20260506;163000;10.962;10.967;10.947;10.952;145142
CNYRUBF;30;20260506;170000;10.951;10.956;10.944;10.954;135680
CNYRUBF;30;20260506;173000;10.954;10.968;10.951;10.966;122551
CNYRUBF;30;20260506;180000;10.966;10.966;10.96;10.96;60700
CNYRUBF;30;20260506;183000;10.962;10.964;10.947;10.952;25673
CNYRUBF;30;20260506;190000;10.951;10.954;10.931;10.939;19952
CNYRUBF;30;20260506;193000;10.937;10.94;10.924;10.931;41621
CNYRUBF;30;20260506;200000;10.932;10.935;10.925;10.927;9208
CNYRUBF;30;20260506;203000;10.926;10.933;10.926;10.932;8652
CNYRUBF;30;20260506;210000;10.933;10.938;10.931;10.937;6701
CNYRUBF;30;20260506;213000;10.937;10.941;10.935;10.938;6102
CNYRUBF;30;20260506;220000;10.938;10.963;10.938;10.942;29393
CNYRUBF;30;20260506;223000;10.943;10.952;10.942;10.948;14510
CNYRUBF;30;20260506;230000;10.95;10.952;10.945;10.947;4072
CNYRUBF;30;20260506;233000;10.947;10.948;10.94;10.94;4014
CNYRUBF;30;20260507;083000;10.959;10.959;10.959;10.959;237
CNYRUBF;30;20260507;090000;10.959;10.96;10.93;10.934;57982
CNYRUBF;30;20260507;093000;10.935;10.946;10.927;10.937;46062
CNYRUBF;30;20260507;100000;10.937;10.992;10.927;10.98;318939
CNYRUBF;30;20260507;103000;10.981;10.99;10.959;10.979;94906
CNYRUBF;30;20260507;110000;10.979;10.99;10.972;10.974;124345
CNYRUBF;30;20260507;113000;10.974;10.975;10.961;10.974;61644
CNYRUBF;30;20260507;120000;10.975;11.001;10.973;10.988;149978
CNYRUBF;30;20260507;123000;10.987;11.015;10.987;11.002;124082
CNYRUBF;30;20260507;130000;11.003;11.018;11.002;11.006;78229
CNYRUBF;30;20260507;133000;11.007;11.009;10.976;10.978;157023
CNYRUBF;30;20260507;140000;10.978;10.983;10.974;10.977;70291
CNYRUBF;30;20260507;143000;10.976;10.981;10.965;10.972;79175
CNYRUBF;30;20260507;150000;10.971;10.999;10.95;10.96;268044
CNYRUBF;30;20260507;153000;10.96;10.971;10.952;10.96;71294
CNYRUBF;30;20260507;160000;10.959;10.987;10.955;10.978;138123
CNYRUBF;30;20260507;163000;10.979;10.982;10.956;10.963;77466
CNYRUBF;30;20260507;170000;10.962;10.984;10.959;10.981;78257
CNYRUBF;30;20260507;173000;10.981;10.99;10.97;10.972;77186
CNYRUBF;30;20260507;180000;10.971;10.975;10.963;10.967;72548
CNYRUBF;30;20260507;183000;10.967;10.969;10.963;10.966;29423
CNYRUBF;30;20260507;190000;10.966;10.969;10.965;10.968;8203
CNYRUBF;30;20260507;193000;10.968;10.969;10.964;10.968;9410
CNYRUBF;30;20260507;200000;10.965;10.968;10.96;10.96;9475
CNYRUBF;30;20260507;203000;10.961;10.963;10.955;10.959;17869
CNYRUBF;30;20260507;210000;10.96;10.967;10.96;10.964;3883
CNYRUBF;30;20260507;213000;10.964;10.965;10.963;10.964;4280
CNYRUBF;30;20260507;220000;10.965;10.966;10.96;10.962;7201
CNYRUBF;30;20260507;223000;10.963;10.967;10.959;10.962;8901
CNYRUBF;30;20260507;230000;10.961;10.965;10.96;10.962;7956
CNYRUBF;30;20260507;233000;10.962;10.967;10.958;10.962;3937
CNYRUBF;30;20260508;083000;10.966;10.966;10.966;10.966;3
CNYRUBF;30;20260508;090000;10.968;10.985;10.965;10.98;26400
CNYRUBF;30;20260508;093000;10.981;10.982;10.973;10.975;15368
CNYRUBF;30;20260508;100000;10.974;10.981;10.945;10.951;238179
CNYRUBF;30;20260508;103000;10.95;10.953;10.937;10.948;154673
CNYRUBF;30;20260508;110000;10.948;10.951;10.93;10.93;106674
CNYRUBF;30;20260508;113000;10.932;10.952;10.927;10.934;129470
CNYRUBF;30;20260508;120000;10.934;10.952;10.931;10.941;57484
CNYRUBF;30;20260508;123000;10.941;10.942;10.911;10.92;127807
CNYRUBF;30;20260508;130000;10.919;10.923;10.89;10.922;292700
CNYRUBF;30;20260508;133000;10.922;10.934;10.916;10.933;155589
CNYRUBF;30;20260508;140000;10.933;10.933;10.904;10.909;55784
CNYRUBF;30;20260508;143000;10.909;10.921;10.909;10.92;33201
CNYRUBF;30;20260508;150000;10.92;10.929;10.91;10.911;117909
CNYRUBF;30;20260508;153000;10.911;10.918;10.901;10.91;115419
CNYRUBF;30;20260508;160000;10.912;10.929;10.909;10.924;117465
CNYRUBF;30;20260508;163000;10.923;10.923;10.91;10.914;69880
CNYRUBF;30;20260508;170000;10.914;10.918;10.897;10.913;70485
CNYRUBF;30;20260508;173000;10.915;10.92;10.901;10.911;93321
CNYRUBF;30;20260508;180000;10.912;10.919;10.906;10.916;51084
CNYRUBF;30;20260508;183000;10.916;10.929;10.914;10.928;27482
CNYRUBF;30;20260508;190000;10.925;10.928;10.921;10.921;21491
CNYRUBF;30;20260508;193000;10.924;10.927;10.922;10.923;11017
CNYRUBF;30;20260508;200000;10.923;10.924;10.912;10.918;21337
CNYRUBF;30;20260508;203000;10.918;10.92;10.917;10.92;10495
CNYRUBF;30;20260508;210000;10.92;10.923;10.917;10.918;9883
CNYRUBF;30;20260508;213000;10.92;10.92;10.916;10.916;7469
CNYRUBF;30;20260508;220000;10.916;10.916;10.895;10.896;42906
CNYRUBF;30;20260508;223000;10.896;10.911;10.893;10.911;7961
CNYRUBF;30;20260508;230000;10.909;10.912;10.903;10.908;6187
CNYRUBF;30;20260508;233000;10.909;10.914;10.903;10.905;3920
CNYRUBF;30;20260511;083000;10.895;10.895;10.895;10.895;1043
CNYRUBF;30;20260511;090000;10.895;10.908;10.885;10.894;27076
CNYRUBF;30;20260511;093000;10.893;10.902;10.885;10.894;20019
CNYRUBF;30;20260511;100000;10.897;10.937;10.894;10.919;184317
CNYRUBF;30;20260511;103000;10.92;10.92;10.899;10.9;69578
CNYRUBF;30;20260511;110000;10.9;10.9;10.835;10.852;241002
CNYRUBF;30;20260511;113000;10.852;10.874;10.846;10.868;49793
CNYRUBF;30;20260511;120000;10.867;10.879;10.86;10.878;23432
CNYRUBF;30;20260511;123000;10.878;10.878;10.857;10.857;33237
CNYRUBF;30;20260511;130000;10.857;10.859;10.845;10.847;26395
CNYRUBF;30;20260511;133000;10.847;10.862;10.845;10.854;29429
CNYRUBF;30;20260511;140000;10.853;10.856;10.837;10.846;21680
CNYRUBF;30;20260511;143000;10.846;10.864;10.845;10.851;15618
CNYRUBF;30;20260511;150000;10.85;10.854;10.846;10.854;12446
CNYRUBF;30;20260511;153000;10.853;10.853;10.812;10.812;53465
CNYRUBF;30;20260511;160000;10.812;10.83;10.805;10.825;82725
CNYRUBF;30;20260511;163000;10.825;10.827;10.816;10.825;55359
CNYRUBF;30;20260511;170000;10.825;10.829;10.812;10.821;53897
CNYRUBF;30;20260511;173000;10.822;10.832;10.821;10.825;21304
CNYRUBF;30;20260511;180000;10.826;10.829;10.818;10.825;17601
CNYRUBF;30;20260511;183000;10.824;10.83;10.821;10.825;24774
CNYRUBF;30;20260511;190000;10.827;10.832;10.827;10.83;9122
CNYRUBF;30;20260511;193000;10.83;10.832;10.824;10.83;11354
CNYRUBF;30;20260511;200000;10.83;10.839;10.828;10.834;12702
CNYRUBF;30;20260511;203000;10.835;10.835;10.828;10.83;10381
CNYRUBF;30;20260511;210000;10.83;10.834;10.829;10.829;12257
CNYRUBF;30;20260511;213000;10.829;10.835;10.828;10.833;7602
CNYRUBF;30;20260511;220000;10.834;10.851;10.831;10.834;15601
CNYRUBF;30;20260511;223000;10.836;10.837;10.827;10.827;7467
CNYRUBF;30;20260511;230000;10.829;10.831;10.827;10.828;3248
CNYRUBF;30;20260511;233000;10.831;10.84;10.829;10.833;4233
CNYRUBF;30;20260512;083000;10.821;10.821;10.821;10.821;1681
CNYRUBF;30;20260512;090000;10.822;10.839;10.812;10.83;47009
CNYRUBF;30;20260512;093000;10.83;10.839;10.819;10.834;42794
CNYRUBF;30;20260512;100000;10.835;10.883;10.834;10.871;336488
CNYRUBF;30;20260512;103000;10.871;10.875;10.852;10.865;131908
CNYRUBF;30;20260512;110000;10.865;10.875;10.857;10.858;68526
CNYRUBF;30;20260512;113000;10.857;10.86;10.838;10.846;132768
CNYRUBF;30;20260512;120000;10.846;10.865;10.842;10.863;88459
CNYRUBF;30;20260512;123000;10.864;10.87;10.843;10.868;65716
CNYRUBF;30;20260512;130000;10.87;10.88;10.858;10.863;126427
CNYRUBF;30;20260512;133000;10.866;10.867;10.845;10.852;36578
CNYRUBF;30;20260512;140000;10.852;10.859;10.847;10.857;28032
CNYRUBF;30;20260512;143000;10.858;10.867;10.845;10.855;144097
CNYRUBF;30;20260512;150000;10.855;10.861;10.85;10.851;101287
CNYRUBF;30;20260512;153000;10.851;10.859;10.823;10.849;136802
CNYRUBF;30;20260512;160000;10.849;10.863;10.849;10.854;45806
CNYRUBF;30;20260512;163000;10.853;10.863;10.853;10.859;16625
CNYRUBF;30;20260512;170000;10.859;10.905;10.859;10.886;265451
CNYRUBF;30;20260512;173000;10.887;10.889;10.863;10.879;80764
CNYRUBF;30;20260512;180000;10.88;10.88;10.856;10.86;50541
CNYRUBF;30;20260512;183000;10.86;10.86;10.85;10.851;27932
CNYRUBF;30;20260512;190000;10.851;10.854;10.844;10.846;7399
CNYRUBF;30;20260512;193000;10.846;10.851;10.845;10.849;10282
CNYRUBF;30;20260512;200000;10.848;10.854;10.847;10.854;4092
CNYRUBF;30;20260512;203000;10.854;10.855;10.85;10.854;9391
CNYRUBF;30;20260512;210000;10.854;10.856;10.853;10.854;1514
CNYRUBF;30;20260512;213000;10.854;10.856;10.852;10.854;2360
CNYRUBF;30;20260512;220000;10.853;10.855;10.852;10.853;1764
CNYRUBF;30;20260512;223000;10.854;10.854;10.85;10.851;2906
CNYRUBF;30;20260512;230000;10.85;10.851;10.845;10.847;4173
CNYRUBF;30;20260512;233000;10.847;10.85;10.845;10.845;4107
CNYRUBF;30;20260513;083000;10.847;10.847;10.847;10.847;5
CNYRUBF;30;20260513;090000;10.847;10.871;10.834;10.847;34834
CNYRUBF;30;20260513;093000;10.847;10.849;10.833;10.842;27018
CNYRUBF;30;20260513;100000;10.844;10.844;10.801;10.81;286181
CNYRUBF;30;20260513;103000;10.81;10.825;10.801;10.816;117407
CNYRUBF;30;20260513;110000;10.816;10.822;10.802;10.805;99659
CNYRUBF;30;20260513;113000;10.806;10.814;10.788;10.79;127666
CNYRUBF;30;20260513;120000;10.79;10.793;10.772;10.781;351160
CNYRUBF;30;20260513;123000;10.781;10.788;10.767;10.78;257507
CNYRUBF;30;20260513;130000;10.78;10.805;10.778;10.797;236148
CNYRUBF;30;20260513;133000;10.797;10.804;10.781;10.791;130502
CNYRUBF;30;20260513;140000;10.794;10.824;10.788;10.801;245324
CNYRUBF;30;20260513;143000;10.801;10.81;10.783;10.789;212460
CNYRUBF;30;20260513;150000;10.789;10.817;10.788;10.815;122009
CNYRUBF;30;20260513;153000;10.816;10.838;10.815;10.829;253606
CNYRUBF;30;20260513;160000;10.829;10.839;10.811;10.829;184696
CNYRUBF;30;20260513;163000;10.829;10.833;10.812;10.821;142935
CNYRUBF;30;20260513;170000;10.821;10.829;10.817;10.821;43035
CNYRUBF;30;20260513;173000;10.823;10.829;10.802;10.815;118880
CNYRUBF;30;20260513;180000;10.816;10.824;10.813;10.817;66764
CNYRUBF;30;20260513;183000;10.816;10.823;10.814;10.815;47399
CNYRUBF;30;20260513;190000;10.816;10.82;10.812;10.812;7541
CNYRUBF;30;20260513;193000;10.811;10.82;10.809;10.816;8511
CNYRUBF;30;20260513;200000;10.816;10.82;10.816;10.82;8316
CNYRUBF;30;20260513;203000;10.821;10.821;10.815;10.815;4905
CNYRUBF;30;20260513;210000;10.816;10.819;10.813;10.814;3190
CNYRUBF;30;20260513;213000;10.814;10.814;10.811;10.812;3541
CNYRUBF;30;20260513;220000;10.812;10.823;10.811;10.818;17127
CNYRUBF;30;20260513;223000;10.817;10.818;10.815;10.816;1589
CNYRUBF;30;20260513;230000;10.815;10.817;10.813;10.815;1902
CNYRUBF;30;20260513;233000;10.817;10.817;10.814;10.814;5657
CNYRUBF;30;20260514;090000;10.834;10.834;10.822;10.827;49200
CNYRUBF;30;20260514;093000;10.827;10.831;10.82;10.827;24724
CNYRUBF;30;20260514;100000;10.828;10.831;10.789;10.801;202718
CNYRUBF;30;20260514;103000;10.801;10.804;10.794;10.795;49273
CNYRUBF;30;20260514;110000;10.795;10.797;10.774;10.776;108653
CNYRUBF;30;20260514;113000;10.777;10.796;10.776;10.788;114082
CNYRUBF;30;20260514;120000;10.787;10.798;10.783;10.794;81996
CNYRUBF;30;20260514;123000;10.794;10.808;10.789;10.803;81093
CNYRUBF;30;20260514;130000;10.803;10.804;10.787;10.796;124742
CNYRUBF;30;20260514;133000;10.795;10.811;10.791;10.803;191904
CNYRUBF;30;20260514;140000;10.804;10.81;10.785;10.786;148619
CNYRUBF;30;20260514;143000;10.786;10.792;10.77;10.781;154236
CNYRUBF;30;20260514;150000;10.78;10.79;10.777;10.788;125340
CNYRUBF;30;20260514;153000;10.788;10.796;10.781;10.786;131953
CNYRUBF;30;20260514;160000;10.786;10.795;10.78;10.784;102289
CNYRUBF;30;20260514;163000;10.785;10.794;10.781;10.788;76376
CNYRUBF;30;20260514;170000;10.788;10.791;10.781;10.791;50759
CNYRUBF;30;20260514;173000;10.791;10.795;10.789;10.794;101236
CNYRUBF;30;20260514;180000;10.793;10.794;10.781;10.786;50496
CNYRUBF;30;20260514;183000;10.785;10.787;10.776;10.777;77812
CNYRUBF;30;20260514;190000;10.777;10.785;10.777;10.78;12335
CNYRUBF;30;20260514;193000;10.78;10.78;10.773;10.773;17319
CNYRUBF;30;20260514;200000;10.774;10.778;10.773;10.778;4322
CNYRUBF;30;20260514;203000;10.778;10.78;10.776;10.777;3353
CNYRUBF;30;20260514;210000;10.777;10.779;10.772;10.773;8285
CNYRUBF;30;20260514;213000;10.772;10.773;10.766;10.769;29615
CNYRUBF;30;20260514;220000;10.77;10.771;10.766;10.767;14204
CNYRUBF;30;20260514;223000;10.767;10.768;10.763;10.765;18432
CNYRUBF;30;20260514;230000;10.765;10.767;10.765;10.767;4031
CNYRUBF;30;20260514;233000;10.766;10.77;10.762;10.764;5470
CNYRUBF;30;20260515;090000;10.764;10.77;10.739;10.76;59030
CNYRUBF;30;20260515;093000;10.761;10.763;10.751;10.752;35646
CNYRUBF;30;20260515;100000;10.753;10.778;10.735;10.767;250814
CNYRUBF;30;20260515;103000;10.766;10.767;10.752;10.755;100038
CNYRUBF;30;20260515;110000;10.756;10.759;10.747;10.752;73230
CNYRUBF;30;20260515;113000;10.752;10.752;10.741;10.743;95615
CNYRUBF;30;20260515;120000;10.743;10.748;10.723;10.73;157520
CNYRUBF;30;20260515;123000;10.731;10.731;10.716;10.718;269439
CNYRUBF;30;20260515;130000;10.718;10.728;10.716;10.72;124004
CNYRUBF;30;20260515;133000;10.721;10.734;10.721;10.724;115664
CNYRUBF;30;20260515;140000;10.724;10.731;10.718;10.728;74901
CNYRUBF;30;20260515;143000;10.728;10.73;10.713;10.715;136057
CNYRUBF;30;20260515;150000;10.715;10.723;10.709;10.721;176300
CNYRUBF;30;20260515;153000;10.72;10.73;10.717;10.728;63965
CNYRUBF;30;20260515;160000;10.728;10.73;10.708;10.711;70988
CNYRUBF;30;20260515;163000;10.712;10.723;10.71;10.712;34241
CNYRUBF;30;20260515;170000;10.711;10.712;10.689;10.698;128290
CNYRUBF;30;20260515;173000;10.698;10.706;10.697;10.702;88151
CNYRUBF;30;20260515;180000;10.701;10.713;10.698;10.713;83968
CNYRUBF;30;20260515;183000;10.712;10.715;10.712;10.714;84557
CNYRUBF;30;20260515;190000;10.712;10.714;10.705;10.706;20658
CNYRUBF;30;20260515;193000;10.705;10.706;10.697;10.697;12028
CNYRUBF;30;20260515;200000;10.697;10.698;10.692;10.694;9845
CNYRUBF;30;20260515;203000;10.694;10.695;10.693;10.694;2258
CNYRUBF;30;20260515;210000;10.694;10.695;10.692;10.694;3095
CNYRUBF;30;20260515;213000;10.695;10.7;10.693;10.7;6612
CNYRUBF;30;20260515;220000;10.7;10.701;10.695;10.697;6144
CNYRUBF;30;20260515;223000;10.697;10.702;10.697;10.7;3584
CNYRUBF;30;20260515;230000;10.699;10.702;10.696;10.696;8266
CNYRUBF;30;20260515;233000;10.696;10.7;10.695;10.696;4592
CNYRUBF;30;20260518;090000;10.698;10.704;10.67;10.677;100353
CNYRUBF;30;20260518;093000;10.678;10.684;10.664;10.67;93287
CNYRUBF;30;20260518;100000;10.669;10.673;10.643;10.65;199283
CNYRUBF;30;20260518;103000;10.651;10.656;10.635;10.64;97932
CNYRUBF;30;20260518;110000;10.64;10.648;10.636;10.643;92389
CNYRUBF;30;20260518;113000;10.644;10.645;10.619;10.633;115275
CNYRUBF;30;20260518;120000;10.632;10.636;10.621;10.628;157594
CNYRUBF;30;20260518;123000;10.628;10.633;10.621;10.632;206010
CNYRUBF;30;20260518;130000;10.632;10.644;10.631;10.635;106872
CNYRUBF;30;20260518;133000;10.635;10.636;10.61;10.622;136668
CNYRUBF;30;20260518;140000;10.622;10.624;10.606;10.623;66615
CNYRUBF;30;20260518;143000;10.622;10.624;10.607;10.609;46348
CNYRUBF;30;20260518;150000;10.608;10.628;10.589;10.621;322101
CNYRUBF;30;20260518;153000;10.62;10.629;10.608;10.624;96688
CNYRUBF;30;20260518;160000;10.623;10.629;10.62;10.623;63817
CNYRUBF;30;20260518;163000;10.623;10.628;10.613;10.622;91674
CNYRUBF;30;20260518;170000;10.621;10.625;10.615;10.621;89376
CNYRUBF;30;20260518;173000;10.622;10.638;10.622;10.632;115711
CNYRUBF;30;20260518;180000;10.632;10.639;10.624;10.626;75294
CNYRUBF;30;20260518;183000;10.625;10.628;10.613;10.617;129680
CNYRUBF;30;20260518;190000;10.617;10.62;10.607;10.61;22090
CNYRUBF;30;20260518;193000;10.61;10.613;10.602;10.604;26092
CNYRUBF;30;20260518;200000;10.604;10.607;10.601;10.605;13726
CNYRUBF;30;20260518;203000;10.605;10.607;10.601;10.603;5299
CNYRUBF;30;20260518;210000;10.602;10.606;10.595;10.596;9811
CNYRUBF;30;20260518;213000;10.596;10.596;10.588;10.591;12613
CNYRUBF;30;20260518;220000;10.592;10.595;10.588;10.594;6190
CNYRUBF;30;20260518;223000;10.594;10.597;10.593;10.596;3672
CNYRUBF;30;20260518;230000;10.596;10.596;10.585;10.585;17883
CNYRUBF;30;20260518;233000;10.585;10.59;10.58;10.58;27364
CNYRUBF;30;20260519;090000;10.583;10.593;10.55;10.566;108052
CNYRUBF;30;20260519;093000;10.566;10.567;10.538;10.549;138957
CNYRUBF;30;20260519;100000;10.549;10.55;10.469;10.475;796857
CNYRUBF;30;20260519;103000;10.475;10.478;10.45;10.45;355801
CNYRUBF;30;20260519;110000;10.451;10.473;10.45;10.471;209443
CNYRUBF;30;20260519;113000;10.472;10.478;10.452;10.453;85609
CNYRUBF;30;20260519;120000;10.453;10.459;10.431;10.439;206650
CNYRUBF;30;20260519;123000;10.44;10.45;10.423;10.437;236143
CNYRUBF;30;20260519;130000;10.437;10.441;10.426;10.426;102164
CNYRUBF;30;20260519;133000;10.427;10.446;10.425;10.436;86554
CNYRUBF;30;20260519;140000;10.437;10.457;10.426;10.445;206260
CNYRUBF;30;20260519;143000;10.445;10.459;10.442;10.452;178508
CNYRUBF;30;20260519;150000;10.452;10.462;10.436;10.455;249756
CNYRUBF;30;20260519;153000;10.454;10.459;10.407;10.414;164285
CNYRUBF;30;20260519;160000;10.413;10.423;10.399;10.422;183890
CNYRUBF;30;20260519;163000;10.421;10.421;10.404;10.405;66619
CNYRUBF;30;20260519;170000;10.404;10.426;10.402;10.419;114271
CNYRUBF;30;20260519;173000;10.419;10.42;10.386;10.392;243762
CNYRUBF;30;20260519;180000;10.392;10.399;10.353;10.371;308922
CNYRUBF;30;20260519;183000;10.373;10.38;10.355;10.357;182910
CNYRUBF;30;20260519;190000;10.357;10.362;10.353;10.357;52147
CNYRUBF;30;20260519;193000;10.357;10.359;10.337;10.344;54268
CNYRUBF;30;20260519;200000;10.344;10.344;10.327;10.336;37368
CNYRUBF;30;20260519;203000;10.336;10.352;10.336;10.347;27418
CNYRUBF;30;20260519;210000;10.347;10.348;10.329;10.332;13961
CNYRUBF;30;20260519;213000;10.33;10.335;10.301;10.32;80692
CNYRUBF;30;20260519;220000;10.321;10.33;10.312;10.317;61335
CNYRUBF;30;20260519;223000;10.317;10.327;10.316;10.323;31582
CNYRUBF;30;20260519;230000;10.323;10.324;10.314;10.323;27795
CNYRUBF;30;20260519;233000;10.322;10.322;10.305;10.306;32704
CNYRUBF;30;20260520;090000;10.309;10.314;10.251;10.293;237955
CNYRUBF;30;20260520;093000;10.295;10.307;10.28;10.298;107279
CNYRUBF;30;20260520;100000;10.3;10.427;10.295;10.395;1103548
CNYRUBF;30;20260520;103000;10.395;10.457;10.385;10.434;1016551
CNYRUBF;30;20260520;110000;10.434;10.446;10.405;10.407;325295
CNYRUBF;30;20260520;113000;10.407;10.455;10.401;10.448;166858
CNYRUBF;30;20260520;120000;10.449;10.452;10.417;10.419;139757
CNYRUBF;30;20260520;123000;10.42;10.448;10.42;10.443;364686
CNYRUBF;30;20260520;130000;10.444;10.459;10.431;10.458;215785
CNYRUBF;30;20260520;133000;10.459;10.49;10.448;10.473;307918
CNYRUBF;30;20260520;140000;10.472;10.473;10.445;10.445;124528
CNYRUBF;30;20260520;143000;10.446;10.473;10.445;10.47;88882
CNYRUBF;30;20260520;150000;10.47;10.487;10.463;10.465;189587
CNYRUBF;30;20260520;153000;10.466;10.471;10.461;10.47;56343
CNYRUBF;30;20260520;160000;10.47;10.476;10.448;10.462;92255
CNYRUBF;30;20260520;163000;10.462;10.471;10.456;10.468;31735
CNYRUBF;30;20260520;170000;10.468;10.47;10.456;10.467;66968
CNYRUBF;30;20260520;173000;10.467;10.47;10.456;10.47;66527
CNYRUBF;30;20260520;180000;10.469;10.482;10.469;10.476;88977
CNYRUBF;30;20260520;183000;10.475;10.481;10.47;10.474;42419
CNYRUBF;30;20260520;190000;10.474;10.476;10.467;10.472;14759
CNYRUBF;30;20260520;193000;10.472;10.478;10.471;10.474;9667
CNYRUBF;30;20260520;200000;10.475;10.475;10.47;10.473;6639
CNYRUBF;30;20260520;203000;10.474;10.479;10.473;10.476;9136
CNYRUBF;30;20260520;210000;10.477;10.483;10.476;10.481;6518
CNYRUBF;30;20260520;213000;10.481;10.484;10.48;10.483;11085
CNYRUBF;30;20260520;220000;10.481;10.483;10.48;10.482;7039
CNYRUBF;30;20260520;223000;10.483;10.483;10.478;10.478;5312
CNYRUBF;30;20260520;230000;10.479;10.479;10.469;10.472;6757
CNYRUBF;30;20260520;233000;10.474;10.474;10.464;10.467;5647
CNYRUBF;30;20260521;090000;10.468;10.504;10.444;10.492;198036
CNYRUBF;30;20260521;093000;10.491;10.495;10.419;10.429;258958
CNYRUBF;30;20260521;100000;10.429;10.446;10.391;10.391;661821
CNYRUBF;30;20260521;103000;10.391;10.4;10.363;10.381;540001
CNYRUBF;30;20260521;110000;10.381;10.424;10.38;10.402;368920
CNYRUBF;30;20260521;113000;10.401;10.417;10.399;10.402;299857
CNYRUBF;30;20260521;120000;10.401;10.404;10.389;10.394;229041
CNYRUBF;30;20260521;123000;10.394;10.41;10.392;10.396;224172
CNYRUBF;30;20260521;130000;10.396;10.404;10.39;10.397;210816
CNYRUBF;30;20260521;133000;10.397;10.41;10.396;10.405;215377
CNYRUBF;30;20260521;140000;10.406;10.425;10.405;10.417;213127
CNYRUBF;30;20260521;143000;10.417;10.422;10.41;10.416;210124
CNYRUBF;30;20260521;150000;10.417;10.435;10.414;10.416;231155
CNYRUBF;30;20260521;153000;10.417;10.427;10.401;10.41;76090
CNYRUBF;30;20260521;160000;10.411;10.413;10.396;10.403;61358
CNYRUBF;30;20260521;163000;10.402;10.428;10.401;10.423;47871
CNYRUBF;30;20260521;170000;10.422;10.448;10.419;10.445;154942
CNYRUBF;30;20260521;173000;10.446;10.474;10.446;10.454;188505
CNYRUBF;30;20260521;180000;10.454;10.462;10.452;10.454;92445
CNYRUBF;30;20260521;183000;10.454;10.455;10.444;10.444;44178
CNYRUBF;30;20260521;190000;10.447;10.448;10.429;10.437;21222
CNYRUBF;30;20260521;193000;10.438;10.442;10.428;10.442;16782
CNYRUBF;30;20260521;200000;10.442;10.446;10.428;10.434;14519
CNYRUBF;30;20260521;203000;10.434;10.465;10.432;10.464;38816
CNYRUBF;30;20260521;210000;10.464;10.466;10.449;10.457;18794
CNYRUBF;30;20260521;213000;10.456;10.459;10.437;10.439;13934
CNYRUBF;30;20260521;220000;10.44;10.448;10.438;10.444;5220
CNYRUBF;30;20260521;223000;10.443;10.444;10.441;10.443;2972
CNYRUBF;30;20260521;230000;10.443;10.449;10.442;10.443;3946
CNYRUBF;30;20260521;233000;10.444;10.448;10.443;10.444;2102
CNYRUBF;30;20260522;090000;10.452;10.478;10.44;10.467;57268
CNYRUBF;30;20260522;093000;10.469;10.488;10.469;10.479;71603
CNYRUBF;30;20260522;100000;10.478;10.538;10.471;10.531;621168
CNYRUBF;30;20260522;103000;10.53;10.536;10.495;10.506;224775
CNYRUBF;30;20260522;110000;10.506;10.513;10.489;10.491;129489
CNYRUBF;30;20260522;113000;10.49;10.497;10.456;10.467;210088
CNYRUBF;30;20260522;120000;10.467;10.495;10.463;10.48;118021
CNYRUBF;30;20260522;123000;10.479;10.499;10.463;10.492;99310
CNYRUBF;30;20260522;130000;10.493;10.505;10.464;10.473;528274
CNYRUBF;30;20260522;133000;10.474;10.482;10.462;10.47;157342
CNYRUBF;30;20260522;140000;10.47;10.481;10.458;10.472;100632
CNYRUBF;30;20260522;143000;10.47;10.486;10.458;10.477;85706
CNYRUBF;30;20260522;150000;10.477;10.479;10.459;10.475;136459
CNYRUBF;30;20260522;153000;10.474;10.494;10.47;10.492;89770
CNYRUBF;30;20260522;160000;10.492;10.511;10.459;10.501;195033
CNYRUBF;30;20260522;163000;10.502;10.523;10.497;10.509;94718
CNYRUBF;30;20260522;170000;10.508;10.585;10.497;10.549;353931
CNYRUBF;30;20260522;173000;10.549;10.568;10.542;10.566;192749
CNYRUBF;30;20260522;180000;10.565;10.579;10.553;10.557;143172
CNYRUBF;30;20260522;183000;10.558;10.563;10.537;10.541;53223
CNYRUBF;30;20260522;190000;10.541;10.553;10.538;10.542;12322
CNYRUBF;30;20260522;193000;10.541;10.552;10.541;10.551;4450
CNYRUBF;30;20260522;200000;10.55;10.555;10.548;10.555;4786
CNYRUBF;30;20260522;203000;10.555;10.557;10.552;10.554;5214
CNYRUBF;30;20260522;210000;10.555;10.558;10.554;10.555;3712
CNYRUBF;30;20260522;213000;10.557;10.558;10.552;10.553;11449
CNYRUBF;30;20260522;220000;10.553;10.553;10.543;10.545;5713
CNYRUBF;30;20260522;223000;10.545;10.551;10.544;10.55;3230
CNYRUBF;30;20260522;230000;10.549;10.55;10.544;10.547;4406
CNYRUBF;30;20260522;233000;10.549;10.553;10.546;10.546;5304
CNYRUBF;30;20260525;090000;10.578;10.63;10.577;10.605;214582
CNYRUBF;30;20260525;093000;10.605;10.624;10.6;10.622;92902
CNYRUBF;30;20260525;100000;10.623;10.628;10.551;10.553;325492
CNYRUBF;30;20260525;103000;10.554;10.582;10.547;10.559;155961
CNYRUBF;30;20260525;110000;10.559;10.563;10.526;10.552;189850
CNYRUBF;30;20260525;113000;10.554;10.554;10.522;10.526;151205
CNYRUBF;30;20260525;120000;10.526;10.554;10.512;10.549;170537
CNYRUBF;30;20260525;123000;10.55;10.551;10.515;10.518;99088
CNYRUBF;30;20260525;130000;10.517;10.543;10.508;10.527;133470
CNYRUBF;30;20260525;133000;10.526;10.531;10.507;10.517;119790
CNYRUBF;30;20260525;140000;10.518;10.524;10.506;10.518;136382
CNYRUBF;30;20260525;143000;10.517;10.532;10.515;10.522;65524
CNYRUBF;30;20260525;150000;10.522;10.541;10.521;10.532;129103
CNYRUBF;30;20260525;153000;10.532;10.586;10.53;10.586;248987
CNYRUBF;30;20260525;160000;10.587;10.604;10.561;10.566;341524
CNYRUBF;30;20260525;163000;10.567;10.608;10.563;10.58;218439
CNYRUBF;30;20260525;170000;10.58;10.655;10.58;10.607;411452
CNYRUBF;30;20260525;173000;10.607;10.634;10.593;10.625;114619
CNYRUBF;30;20260525;180000;10.626;10.627;10.604;10.619;118802
CNYRUBF;30;20260525;183000;10.618;10.626;10.609;10.614;64469
CNYRUBF;30;20260525;190000;10.614;10.62;10.611;10.616;13641
CNYRUBF;30;20260525;193000;10.617;10.637;10.617;10.637;16526
CNYRUBF;30;20260525;200000;10.637;10.64;10.622;10.627;19366
CNYRUBF;30;20260525;203000;10.627;10.635;10.627;10.635;4288
CNYRUBF;30;20260525;210000;10.635;10.636;10.629;10.632;4843
CNYRUBF;30;20260525;213000;10.632;10.632;10.623;10.626;5013
CNYRUBF;30;20260525;220000;10.626;10.626;10.623;10.625;3454
CNYRUBF;30;20260525;223000;10.626;10.63;10.626;10.63;5587
CNYRUBF;30;20260525;230000;10.629;10.632;10.627;10.632;8271
CNYRUBF;30;20260525;233000;10.632;10.641;10.63;10.636;5346
CNYRUBF;30;20260526;090000;10.645;10.653;10.611;10.615;95184
CNYRUBF;30;20260526;093000;10.618;10.627;10.591;10.597;71226
CNYRUBF;30;20260526;100000;10.598;10.635;10.541;10.544;494425
CNYRUBF;30;20260526;103000;10.545;10.59;10.531;10.569;368027
CNYRUBF;30;20260526;110000;10.569;10.578;10.55;10.555;69423
CNYRUBF;30;20260526;113000;10.556;10.573;10.547;10.57;67913
CNYRUBF;30;20260526;120000;10.57;10.571;10.549;10.557;72262
CNYRUBF;30;20260526;123000;10.557;10.564;10.546;10.55;85309
CNYRUBF;30;20260526;130000;10.55;10.56;10.519;10.52;156704
CNYRUBF;30;20260526;133000;10.52;10.564;10.516;10.561;102245
CNYRUBF;30;20260526;140000;10.56;10.561;10.541;10.551;32248
CNYRUBF;30;20260526;143000;10.549;10.554;10.543;10.544;21529
CNYRUBF;30;20260526;150000;10.543;10.548;10.524;10.537;131620
CNYRUBF;30;20260526;153000;10.537;10.557;10.536;10.543;120167
CNYRUBF;30;20260526;160000;10.542;10.548;10.524;10.53;82807
CNYRUBF;30;20260526;163000;10.529;10.547;10.527;10.532;56233
CNYRUBF;30;20260526;170000;10.532;10.538;10.521;10.528;47683
CNYRUBF;30;20260526;173000;10.529;10.531;10.521;10.522;48593
CNYRUBF;30;20260526;180000;10.522;10.528;10.489;10.491;246733
CNYRUBF;30;20260526;183000;10.492;10.499;10.468;10.473;162240
CNYRUBF;30;20260526;190000;10.473;10.475;10.461;10.471;42488
CNYRUBF;30;20260526;193000;10.471;10.475;10.465;10.468;17889
CNYRUBF;30;20260526;200000;10.467;10.489;10.465;10.485;18675
CNYRUBF;30;20260526;203000;10.485;10.485;10.469;10.477;23939
CNYRUBF;30;20260526;210000;10.478;10.484;10.475;10.484;5683
CNYRUBF;30;20260526;213000;10.483;10.484;10.474;10.477;12544
CNYRUBF;30;20260526;220000;10.478;10.482;10.477;10.482;5289
CNYRUBF;30;20260526;223000;10.482;10.485;10.473;10.482;7311
CNYRUBF;30;20260526;230000;10.482;10.485;10.481;10.483;3410
CNYRUBF;30;20260526;233000;10.482;10.483;10.478;10.481;4026
CNYRUBF;30;20260527;090000;10.482;10.504;10.425;10.448;157532
CNYRUBF;30;20260527;093000;10.448;10.46;10.44;10.447;70359
CNYRUBF;30;20260527;100000;10.449;10.455;10.418;10.439;455859
CNYRUBF;30;20260527;103000;10.439;10.456;10.435;10.446;220294
CNYRUBF;30;20260527;110000;10.446;10.476;10.435;10.462;326940
CNYRUBF;30;20260527;113000;10.463;10.49;10.457;10.485;221306
CNYRUBF;30;20260527;120000;10.485;10.486;10.463;10.47;112759
CNYRUBF;30;20260527;123000;10.472;10.489;10.467;10.485;60366
CNYRUBF;30;20260527;130000;10.485;10.496;10.481;10.484;112057
CNYRUBF;30;20260527;133000;10.485;10.486;10.466;10.47;89416
CNYRUBF;30;20260527;140000;10.47;10.477;10.46;10.472;122819
CNYRUBF;30;20260527;143000;10.473;10.476;10.463;10.47;64667
CNYRUBF;30;20260527;150000;10.471;10.483;10.458;10.477;84224
CNYRUBF;30;20260527;153000;10.477;10.515;10.476;10.503;328669
CNYRUBF;30;20260527;160000;10.503;10.507;10.482;10.491;123402
CNYRUBF;30;20260527;163000;10.491;10.493;10.48;10.483;44990
CNYRUBF;30;20260527;170000;10.484;10.492;10.472;10.474;115865
CNYRUBF;30;20260527;173000;10.474;10.484;10.472;10.478;50632
CNYRUBF;30;20260527;180000;10.477;10.496;10.471;10.495;85668
CNYRUBF;30;20260527;183000;10.494;10.494;10.474;10.482;96017
CNYRUBF;30;20260527;190000;10.482;10.491;10.481;10.491;22333
CNYRUBF;30;20260527;193000;10.491;10.493;10.486;10.486;8797
CNYRUBF;30;20260527;200000;10.486;10.486;10.481;10.484;4901
CNYRUBF;30;20260527;203000;10.486;10.487;10.483;10.486;2181
CNYRUBF;30;20260527;210000;10.487;10.49;10.485;10.486;4162
CNYRUBF;30;20260527;213000;10.487;10.489;10.486;10.487;2876
CNYRUBF;30;20260527;220000;10.486;10.492;10.486;10.49;1485
CNYRUBF;30;20260527;223000;10.49;10.492;10.488;10.49;2627
CNYRUBF;30;20260527;230000;10.491;10.491;10.486;10.488;2584
CNYRUBF;30;20260527;233000;10.487;10.489;10.486;10.487;6661
CNYRUBF;30;20260528;083000;10.48;10.48;10.48;10.48;25
CNYRUBF;30;20260528;090000;10.48;10.507;10.458;10.507;53368
CNYRUBF;30;20260528;093000;10.508;10.512;10.481;10.487;82350
CNYRUBF;30;20260528;100000;10.488;10.498;10.442;10.451;414622
CNYRUBF;30;20260528;103000;10.45;10.46;10.434;10.452;212284
CNYRUBF;30;20260528;110000;10.45;10.457;10.441;10.451;104256
CNYRUBF;30;20260528;113000;10.452;10.466;10.447;10.456;53517
CNYRUBF;30;20260528;120000;10.455;10.47;10.451;10.467;112614
CNYRUBF;30;20260528;123000;10.467;10.475;10.467;10.475;146993
CNYRUBF;30;20260528;130000;10.474;10.478;10.458;10.46;171275
CNYRUBF;30;20260528;133000;10.459;10.464;10.457;10.462;68434
CNYRUBF;30;20260528;140000;10.462;10.47;10.453;10.458;113179
CNYRUBF;30;20260528;143000;10.458;10.459;10.427;10.444;211516
CNYRUBF;30;20260528;150000;10.444;10.458;10.437;10.44;110496
CNYRUBF;30;20260528;153000;10.44;10.441;10.428;10.43;58494
CNYRUBF;30;20260528;160000;10.429;10.465;10.425;10.436;211479
CNYRUBF;30;20260528;163000;10.434;10.454;10.43;10.448;91930
CNYRUBF;30;20260528;170000;10.448;10.46;10.443;10.451;170571
CNYRUBF;30;20260528;173000;10.45;10.459;10.447;10.456;115327
CNYRUBF;30;20260528;180000;10.456;10.474;10.452;10.466;102476
CNYRUBF;30;20260528;183000;10.467;10.478;10.466;10.474;37749
CNYRUBF;30;20260528;190000;10.475;10.485;10.471;10.48;32180
CNYRUBF;30;20260528;193000;10.48;10.481;10.476;10.48;21275
CNYRUBF;30;20260528;200000;10.481;10.512;10.481;10.505;72780
CNYRUBF;30;20260528;203000;10.505;10.514;10.502;10.505;46140
CNYRUBF;30;20260528;210000;10.506;10.511;10.498;10.498;27177
CNYRUBF;30;20260528;213000;10.499;10.505;10.499;10.5;12747
CNYRUBF;30;20260528;220000;10.503;10.506;10.501;10.506;3008
CNYRUBF;30;20260528;223000;10.506;10.518;10.506;10.509;24035
CNYRUBF;30;20260528;230000;10.51;10.513;10.507;10.511;24089
CNYRUBF;30;20260528;233000;10.51;10.511;10.507;10.509;8933
CNYRUBF;30;20260529;083000;10.519;10.519;10.519;10.519;358
CNYRUBF;30;20260529;090000;10.519;10.545;10.502;10.511;101342
CNYRUBF;30;20260529;093000;10.511;10.529;10.504;10.522;52588
CNYRUBF;30;20260529;100000;10.522;10.531;10.492;10.509;269255
CNYRUBF;30;20260529;103000;10.51;10.516;10.491;10.494;179814
CNYRUBF;30;20260529;110000;10.496;10.504;10.49;10.497;102283
CNYRUBF;30;20260529;113000;10.498;10.508;10.495;10.503;66870
CNYRUBF;30;20260529;120000;10.503;10.508;10.494;10.496;59593
CNYRUBF;30;20260529;123000;10.496;10.505;10.484;10.485;138064
CNYRUBF;30;20260529;130000;10.487;10.488;10.475;10.479;147904
CNYRUBF;30;20260529;133000;10.479;10.492;10.476;10.48;51033
CNYRUBF;30;20260529;140000;10.48;10.481;10.467;10.467;111436
CNYRUBF;30;20260529;143000;10.466;10.49;10.462;10.477;109040
CNYRUBF;30;20260529;150000;10.476;10.49;10.47;10.472;107574
CNYRUBF;30;20260529;153000;10.472;10.476;10.46;10.473;53876
CNYRUBF;30;20260529;160000;10.472;10.493;10.469;10.48;143129
CNYRUBF;30;20260529;163000;10.48;10.503;10.478;10.5;180788
CNYRUBF;30;20260529;170000;10.499;10.508;10.491;10.493;77993
CNYRUBF;30;20260529;173000;10.493;10.493;10.478;10.478;49449
CNYRUBF;30;20260529;180000;10.479;10.494;10.472;10.494;58771
CNYRUBF;30;20260529;183000;10.493;10.496;10.481;10.496;56365
CNYRUBF;30;20260529;190000;10.496;10.499;10.485;10.488;22141
CNYRUBF;30;20260529;193000;10.488;10.489;10.479;10.48;26381
CNYRUBF;30;20260529;200000;10.48;10.488;10.479;10.487;19829
CNYRUBF;30;20260529;203000;10.487;10.49;10.484;10.487;4358
CNYRUBF;30;20260529;210000;10.488;10.488;10.485;10.485;5437
CNYRUBF;30;20260529;213000;10.487;10.488;10.486;10.488;3295
CNYRUBF;30;20260529;220000;10.487;10.487;10.485;10.487;4298
CNYRUBF;30;20260529;223000;10.487;10.487;10.482;10.483;17363
CNYRUBF;30;20260529;230000;10.483;10.487;10.482;10.482;4974
CNYRUBF;30;20260529;233000;10.482;10.485;10.476;10.476;6778
CNYRUBF;30;20260601;083000;10.49;10.49;10.49;10.49;86
CNYRUBF;30;20260601;090000;10.49;10.512;10.482;10.508;62940
CNYRUBF;30;20260601;093000;10.508;10.522;10.506;10.512;33134
CNYRUBF;30;20260601;100000;10.513;10.576;10.513;10.565;305015
CNYRUBF;30;20260601;103000;10.565;10.586;10.556;10.567;248692
CNYRUBF;30;20260601;110000;10.567;10.572;10.547;10.55;104313
CNYRUBF;30;20260601;113000;10.55;10.562;10.545;10.546;143899
CNYRUBF;30;20260601;120000;10.546;10.599;10.546;10.577;413074
CNYRUBF;30;20260601;123000;10.578;10.617;10.578;10.598;410450
CNYRUBF;30;20260601;130000;10.599;10.608;10.584;10.585;232167
CNYRUBF;30;20260601;133000;10.585;10.593;10.58;10.59;104584
CNYRUBF;30;20260601;140000;10.591;10.615;10.586;10.6;120157
CNYRUBF;30;20260601;143000;10.602;10.609;10.595;10.606;125670
CNYRUBF;30;20260601;150000;10.606;10.64;10.598;10.633;184237
CNYRUBF;30;20260601;153000;10.634;10.648;10.63;10.639;197362
CNYRUBF;30;20260601;160000;10.639;10.678;10.639;10.658;270806
CNYRUBF;30;20260601;163000;10.659;10.664;10.633;10.642;170417
CNYRUBF;30;20260601;170000;10.642;10.659;10.629;10.634;151956
CNYRUBF;30;20260601;173000;10.634;10.663;10.632;10.644;133174
CNYRUBF;30;20260601;180000;10.644;10.655;10.631;10.643;151641
CNYRUBF;30;20260601;183000;10.643;10.649;10.635;10.636;50561
CNYRUBF;30;20260601;190000;10.636;10.637;10.628;10.633;57706
CNYRUBF;30;20260601;193000;10.633;10.636;10.626;10.63;23997
CNYRUBF;30;20260601;200000;10.63;10.639;10.626;10.637;14698
CNYRUBF;30;20260601;203000;10.636;10.646;10.636;10.645;19520
CNYRUBF;30;20260601;210000;10.645;10.646;10.633;10.635;8004
CNYRUBF;30;20260601;213000;10.635;10.639;10.635;10.638;2953
CNYRUBF;30;20260601;220000;10.637;10.643;10.637;10.643;5475
CNYRUBF;30;20260601;223000;10.644;10.649;10.643;10.646;7686
CNYRUBF;30;20260601;230000;10.645;10.65;10.645;10.647;11008
CNYRUBF;30;20260601;233000;10.648;10.657;10.646;10.648;8865
CNYRUBF;30;20260602;083000;10.651;10.651;10.651;10.651;1184
CNYRUBF;30;20260602;090000;10.651;10.699;10.65;10.693;174403
CNYRUBF;30;20260602;093000;10.694;10.713;10.688;10.69;147800
CNYRUBF;30;20260602;100000;10.689;10.691;10.647;10.671;315186
CNYRUBF;30;20260602;103000;10.671;10.695;10.667;10.695;137180
CNYRUBF;30;20260602;110000;10.694;10.737;10.694;10.735;257580
CNYRUBF;30;20260602;113000;10.735;10.736;10.72;10.728;285628
CNYRUBF;30;20260602;120000;10.726;10.773;10.722;10.75;353976
CNYRUBF;30;20260602;123000;10.75;10.758;10.737;10.739;207183
CNYRUBF;30;20260602;130000;10.739;10.767;10.738;10.765;165899
CNYRUBF;30;20260602;133000;10.767;10.772;10.756;10.765;137523
CNYRUBF;30;20260602;140000;10.763;10.786;10.76;10.776;147415
CNYRUBF;30;20260602;143000;10.776;10.793;10.762;10.791;144937
CNYRUBF;30;20260602;150000;10.792;10.8;10.773;10.776;220373
CNYRUBF;30;20260602;153000;10.777;10.791;10.746;10.765;226776
CNYRUBF;30;20260602;160000;10.764;10.783;10.759;10.783;218532
CNYRUBF;30;20260602;163000;10.783;10.797;10.772;10.795;99160
CNYRUBF;30;20260602;170000;10.795;10.808;10.79;10.796;81833
CNYRUBF;30;20260602;173000;10.796;10.807;10.79;10.801;72854
CNYRUBF;30;20260602;180000;10.802;10.813;10.796;10.801;76240
CNYRUBF;30;20260602;183000;10.802;10.804;10.792;10.793;41940
CNYRUBF;30;20260602;190000;10.793;10.806;10.791;10.798;63724
CNYRUBF;30;20260602;193000;10.797;10.804;10.797;10.798;12245
CNYRUBF;30;20260602;200000;10.799;10.799;10.794;10.796;11417
CNYRUBF;30;20260602;203000;10.796;10.81;10.795;10.808;30760
CNYRUBF;30;20260602;210000;10.808;10.812;10.806;10.81;23056
CNYRUBF;30;20260602;213000;10.81;10.819;10.806;10.811;15021
CNYRUBF;30;20260602;220000;10.81;10.819;10.809;10.817;16576
CNYRUBF;30;20260602;223000;10.817;10.819;10.816;10.817;8761
CNYRUBF;30;20260602;230000;10.817;10.824;10.817;10.821;13238
CNYRUBF;30;20260602;233000;10.822;10.825;10.819;10.824;12131
CNYRUBF;30;20260603;083000;10.827;10.827;10.827;10.827;753
CNYRUBF;30;20260603;090000;10.826;10.83;10.781;10.788;132800
CNYRUBF;30;20260603;093000;10.788;10.799;10.757;10.789;183533
CNYRUBF;30;20260603;100000;10.788;10.842;10.77;10.837;462466
CNYRUBF;30;20260603;103000;10.837;10.864;10.818;10.822;323422
CNYRUBF;30;20260603;110000;10.821;10.827;10.798;10.806;401609
CNYRUBF;30;20260603;113000;10.806;10.862;10.801;10.824;357497
CNYRUBF;30;20260603;120000;10.823;10.865;10.702;10.765;1871245
CNYRUBF;30;20260603;123000;10.763;10.835;10.757;10.835;567882
CNYRUBF;30;20260603;130000;10.835;10.889;10.806;10.887;490400
CNYRUBF;30;20260603;133000;10.888;10.903;10.879;10.899;255073
CNYRUBF;30;20260603;140000;10.899;10.926;10.876;10.88;336318
CNYRUBF;30;20260603;143000;10.88;10.905;10.877;10.898;145174
CNYRUBF;30;20260603;150000;10.898;10.968;10.897;10.954;280769
CNYRUBF;30;20260603;153000;10.955;10.97;10.91;10.944;466548
CNYRUBF;30;20260603;160000;10.944;10.965;10.913;10.934;253803
CNYRUBF;30;20260603;163000;10.935;10.936;10.895;10.895;217491
CNYRUBF;30;20260603;170000;10.896;10.922;10.893;10.899;158842
CNYRUBF;30;20260603;173000;10.9;10.906;10.851;10.858;290361
CNYRUBF;30;20260603;180000;10.858;10.895;10.858;10.88;106645
CNYRUBF;30;20260603;183000;10.882;10.885;10.853;10.865;68549
CNYRUBF;30;20260603;190000;10.864;10.871;10.85;10.868;40258
CNYRUBF;30;20260603;193000;10.867;10.882;10.865;10.877;28736
CNYRUBF;30;20260603;200000;10.876;10.888;10.873;10.887;16829
CNYRUBF;30;20260603;203000;10.887;10.888;10.871;10.875;17524
CNYRUBF;30;20260603;210000;10.876;10.877;10.873;10.874;4884
CNYRUBF;30;20260603;213000;10.875;10.875;10.859;10.861;22492
CNYRUBF;30;20260603;220000;10.861;10.869;10.858;10.869;9998
CNYRUBF;30;20260603;223000;10.869;10.871;10.864;10.87;7428
CNYRUBF;30;20260603;230000;10.87;10.878;10.87;10.878;2079
CNYRUBF;30;20260603;233000;10.877;10.884;10.874;10.88;18417
CNYRUBF;30;20260604;083000;10.893;10.893;10.893;10.893;556
CNYRUBF;30;20260604;090000;10.891;10.926;10.875;10.924;162829
CNYRUBF;30;20260604;093000;10.926;10.936;10.909;10.926;93035
CNYRUBF;30;20260604;100000;10.926;10.98;10.91;10.972;469170
CNYRUBF;30;20260604;103000;10.972;11.004;10.968;10.97;356757
CNYRUBF;30;20260604;110000;10.972;10.985;10.958;10.964;136137
CNYRUBF;30;20260604;113000;10.963;10.984;10.957;10.97;139298
CNYRUBF;30;20260604;120000;10.969;10.99;10.962;10.98;129927
CNYRUBF;30;20260604;123000;10.981;10.991;10.957;10.96;155928
CNYRUBF;30;20260604;130000;10.96;10.966;10.928;10.941;244374
CNYRUBF;30;20260604;133000;10.941;10.952;10.93;10.945;134243
CNYRUBF;30;20260604;140000;10.945;10.965;10.932;10.964;69811
CNYRUBF;30;20260604;143000;10.963;10.964;10.946;10.956;70869
CNYRUBF;30;20260604;150000;10.956;10.959;10.936;10.949;138787
CNYRUBF;30;20260604;153000;10.949;10.954;10.906;10.913;216012
CNYRUBF;30;20260604;160000;10.912;10.925;10.883;10.887;154052
CNYRUBF;30;20260604;163000;10.887;10.894;10.86;10.872;233936
CNYRUBF;30;20260604;170000;10.871;10.871;10.817;10.826;245306
CNYRUBF;30;20260604;173000;10.826;10.864;10.812;10.843;264911
CNYRUBF;30;20260604;180000;10.843;10.866;10.838;10.844;88456
CNYRUBF;30;20260604;183000;10.845;10.857;10.831;10.839;94377
CNYRUBF;30;20260604;190000;10.838;10.845;10.816;10.819;30681
CNYRUBF;30;20260604;193000;10.818;10.823;10.804;10.821;43524
CNYRUBF;30;20260604;200000;10.821;10.829;10.81;10.81;41433
CNYRUBF;30;20260604;203000;10.81;10.812;10.794;10.8;55993
CNYRUBF;30;20260604;210000;10.8;10.819;10.8;10.811;27769
CNYRUBF;30;20260604;213000;10.811;10.827;10.811;10.823;9710
CNYRUBF;30;20260604;220000;10.823;10.826;10.809;10.816;21602
CNYRUBF;30;20260604;223000;10.816;10.817;10.806;10.807;6854
CNYRUBF;30;20260604;230000;10.806;10.821;10.8;10.819;21852
CNYRUBF;30;20260604;233000;10.818;10.826;10.804;10.81;9033
CNYRUBF;30;20260605;083000;10.816;10.816;10.816;10.816;486
CNYRUBF;30;20260605;090000;10.816;10.863;10.816;10.854;108375
CNYRUBF;30;20260605;093000;10.854;10.857;10.841;10.857;53079
CNYRUBF;30;20260605;100000;10.857;10.891;10.817;10.88;367893
CNYRUBF;30;20260605;103000;10.88;10.892;10.862;10.879;197422
CNYRUBF;30;20260605;110000;10.879;10.895;10.874;10.884;133794
CNYRUBF;30;20260605;113000;10.886;10.886;10.841;10.85;172178
CNYRUBF;30;20260605;120000;10.849;10.855;10.827;10.837;205993
CNYRUBF;30;20260605;123000;10.837;10.845;10.832;10.836;52850
CNYRUBF;30;20260605;130000;10.835;10.853;10.827;10.84;79502
CNYRUBF;30;20260605;133000;10.839;10.857;10.833;10.852;51590
CNYRUBF;30;20260605;140000;10.852;10.856;10.818;10.849;85647
CNYRUBF;30;20260605;143000;10.85;10.862;10.845;10.845;68637
CNYRUBF;30;20260605;150000;10.845;10.851;10.835;10.847;36777
CNYRUBF;30;20260605;153000;10.846;10.869;10.842;10.863;97002
CNYRUBF;30;20260605;160000;10.862;10.897;10.862;10.866;173532
CNYRUBF;30;20260605;163000;10.866;10.876;10.852;10.873;85482
CNYRUBF;30;20260605;170000;10.873;10.882;10.855;10.873;43617
CNYRUBF;30;20260605;173000;10.873;10.885;10.865;10.869;53663
CNYRUBF;30;20260605;180000;10.868;10.875;10.855;10.864;68207
CNYRUBF;30;20260605;183000;10.864;10.873;10.858;10.873;34954
CNYRUBF;30;20260605;190000;10.871;10.873;10.848;10.853;40347
CNYRUBF;30;20260605;193000;10.851;10.864;10.851;10.861;13117
CNYRUBF;30;20260605;200000;10.86;10.861;10.852;10.858;17714
CNYRUBF;30;20260605;203000;10.857;10.859;10.853;10.858;6723
CNYRUBF;30;20260605;210000;10.858;10.862;10.856;10.86;10313
CNYRUBF;30;20260605;213000;10.86;10.865;10.86;10.861;6273
CNYRUBF;30;20260605;220000;10.862;10.864;10.858;10.863;14560
CNYRUBF;30;20260605;223000;10.862;10.866;10.862;10.864;6676
CNYRUBF;30;20260605;230000;10.864;10.865;10.858;10.863;10469
CNYRUBF;30;20260605;233000;10.862;10.872;10.861;10.872;3599
CNYRUBF;30;20260608;083000;10.864;10.864;10.864;10.864;874
CNYRUBF;30;20260608;090000;10.864;10.901;10.849;10.889;93899
CNYRUBF;30;20260608;093000;10.889;10.893;10.863;10.872;37976
CNYRUBF;30;20260608;100000;10.872;10.885;10.812;10.832;372001
CNYRUBF;30;20260608;103000;10.832;10.839;10.775;10.784;316409
CNYRUBF;30;20260608;110000;10.782;10.782;10.746;10.766;264485
CNYRUBF;30;20260608;113000;10.766;10.777;10.742;10.755;166354
CNYRUBF;30;20260608;120000;10.754;10.764;10.75;10.762;98989
CNYRUBF;30;20260608;123000;10.761;10.785;10.757;10.78;120949
CNYRUBF;30;20260608;130000;10.78;10.797;10.78;10.792;90743
CNYRUBF;30;20260608;133000;10.792;10.799;10.774;10.786;64876
CNYRUBF;30;20260608;140000;10.787;10.793;10.778;10.788;53499
CNYRUBF;30;20260608;143000;10.788;10.799;10.782;10.79;48929
CNYRUBF;30;20260608;150000;10.79;10.803;10.786;10.79;76617
CNYRUBF;30;20260608;153000;10.79;10.79;10.77;10.784;64616
CNYRUBF;30;20260608;160000;10.783;10.802;10.782;10.793;85783
CNYRUBF;30;20260608;163000;10.792;10.793;10.757;10.763;77553
CNYRUBF;30;20260608;170000;10.763;10.764;10.724;10.757;197138
CNYRUBF;30;20260608;173000;10.758;10.763;10.741;10.749;77405
CNYRUBF;30;20260608;180000;10.749;10.749;10.721;10.736;84724
CNYRUBF;30;20260608;183000;10.737;10.737;10.693;10.708;229864
CNYRUBF;30;20260608;190000;10.709;10.717;10.7;10.7;36063
CNYRUBF;30;20260608;193000;10.7;10.703;10.693;10.694;57805
CNYRUBF;30;20260608;200000;10.695;10.697;10.68;10.681;40627
CNYRUBF;30;20260608;203000;10.683;10.688;10.669;10.674;28363
CNYRUBF;30;20260608;210000;10.675;10.683;10.665;10.679;26485
CNYRUBF;30;20260608;213000;10.679;10.682;10.672;10.673;16277
CNYRUBF;30;20260608;220000;10.674;10.684;10.667;10.668;45243
CNYRUBF;30;20260608;223000;10.67;10.681;10.668;10.675;34941
CNYRUBF;30;20260608;230000;10.675;10.675;10.668;10.67;12089
CNYRUBF;30;20260608;233000;10.669;10.671;10.663;10.671;12941
CNYRUBF;30;20260609;083000;10.67;10.67;10.67;10.67;777
CNYRUBF;30;20260609;090000;10.67;10.727;10.664;10.693;186338
CNYRUBF;30;20260609;093000;10.693;10.695;10.646;10.665;171288
CNYRUBF;30;20260609;100000;10.664;10.674;10.607;10.62;557747
CNYRUBF;30;20260609;103000;10.621;10.635;10.607;10.615;241474
CNYRUBF;30;20260609;110000;10.614;10.614;10.563;10.572;281284
CNYRUBF;30;20260609;113000;10.573;10.574;10.53;10.553;286470
CNYRUBF;30;20260609;120000;10.554;10.592;10.552;10.569;268850
CNYRUBF;30;20260609;123000;10.57;10.579;10.555;10.569;119376
CNYRUBF;30;20260609;130000;10.569;10.6;10.543;10.597;232579
CNYRUBF;30;20260609;133000;10.597;10.601;10.582;10.593;112042
CNYRUBF;30;20260609;140000;10.593;10.608;10.579;10.584;78163
CNYRUBF;30;20260609;143000;10.584;10.605;10.58;10.587;59484
CNYRUBF;30;20260609;150000;10.586;10.603;10.58;10.595;60389
CNYRUBF;30;20260609;153000;10.594;10.628;10.582;10.62;232320
CNYRUBF;30;20260609;160000;10.62;10.641;10.592;10.61;299804
CNYRUBF;30;20260609;163000;10.609;10.624;10.603;10.614;58763
CNYRUBF;30;20260609;170000;10.615;10.618;10.582;10.595;176665
CNYRUBF;30;20260609;173000;10.596;10.611;10.591;10.595;71664
CNYRUBF;30;20260609;180000;10.595;10.595;10.576;10.579;78508
CNYRUBF;30;20260609;183000;10.58;10.588;10.564;10.585;80017
CNYRUBF;30;20260609;190000;10.585;10.597;10.582;10.596;15832
CNYRUBF;30;20260609;193000;10.595;10.595;10.574;10.575;12930
CNYRUBF;30;20260609;200000;10.575;10.587;10.574;10.581;13421
CNYRUBF;30;20260609;203000;10.58;10.58;10.558;10.564;13838
CNYRUBF;30;20260609;210000;10.564;10.566;10.548;10.557;32411
CNYRUBF;30;20260609;213000;10.556;10.559;10.549;10.558;7148
CNYRUBF;30;20260609;220000;10.558;10.572;10.554;10.565;7537
CNYRUBF;30;20260609;223000;10.566;10.568;10.56;10.566;6232
CNYRUBF;30;20260609;230000;10.565;10.567;10.561;10.567;9500
CNYRUBF;30;20260609;233000;10.566;10.571;10.565;10.569;3347
CNYRUBF;30;20260610;083000;10.57;10.57;10.57;10.57;210
CNYRUBF;30;20260610;090000;10.572;10.589;10.505;10.532;142557
CNYRUBF;30;20260610;093000;10.53;10.543;10.504;10.528;112691
CNYRUBF;30;20260610;100000;10.529;10.588;10.495;10.578;644332
CNYRUBF;30;20260610;103000;10.576;10.638;10.563;10.63;244563
CNYRUBF;30;20260610;110000;10.63;10.633;10.596;10.616;164151
CNYRUBF;30;20260610;113000;10.616;10.618;10.577;10.589;160385
CNYRUBF;30;20260610;120000;10.591;10.613;10.578;10.602;104300
CNYRUBF;30;20260610;123000;10.602;10.627;10.6;10.612;165587
CNYRUBF;30;20260610;130000;10.613;10.638;10.595;10.604;213807
CNYRUBF;30;20260610;133000;10.604;10.606;10.576;10.584;184699
CNYRUBF;30;20260610;140000;10.585;10.62;10.584;10.616;79814
CNYRUBF;30;20260610;143000;10.616;10.625;10.61;10.618;100116
CNYRUBF;30;20260610;150000;10.619;10.621;10.601;10.616;60985
CNYRUBF;30;20260610;153000;10.615;10.628;10.598;10.599;131878
CNYRUBF;30;20260610;160000;10.6;10.618;10.595;10.602;74504
CNYRUBF;30;20260610;163000;10.603;10.604;10.578;10.598;119390
CNYRUBF;30;20260610;170000;10.599;10.605;10.585;10.604;67196
CNYRUBF;30;20260610;173000;10.603;10.609;10.596;10.603;44827
CNYRUBF;30;20260610;180000;10.602;10.62;10.593;10.615;111470
CNYRUBF;30;20260610;183000;10.616;10.625;10.598;10.599;100450
CNYRUBF;30;20260610;190000;10.598;10.605;10.597;10.602;17800
CNYRUBF;30;20260610;193000;10.602;10.606;10.597;10.599;9914
CNYRUBF;30;20260610;200000;10.6;10.604;10.598;10.603;4887
CNYRUBF;30;20260610;203000;10.603;10.608;10.599;10.6;15394
CNYRUBF;30;20260610;210000;10.6;10.6;10.595;10.596;4898
CNYRUBF;30;20260610;213000;10.596;10.606;10.596;10.604;14129
CNYRUBF;30;20260610;220000;10.605;10.609;10.601;10.608;11447
CNYRUBF;30;20260610;223000;10.608;10.617;10.608;10.613;12155
CNYRUBF;30;20260610;230000;10.613;10.615;10.609;10.614;8165
CNYRUBF;30;20260610;233000;10.614;10.617;10.609;10.611;9711
CNYRUBF;30;20260611;083000;10.611;10.611;10.611;10.611;66
CNYRUBF;30;20260611;090000;10.611;10.632;10.593;10.627;72601
CNYRUBF;30;20260611;093000;10.627;10.636;10.595;10.609;71690
CNYRUBF;30;20260611;100000;10.611;10.667;10.557;10.628;617092
CNYRUBF;30;20260611;103000;10.628;10.637;10.592;10.599;172827
CNYRUBF;30;20260611;110000;10.599;10.615;10.588;10.602;61014
CNYRUBF;30;20260611;113000;10.601;10.604;10.581;10.59;75752
CNYRUBF;30;20260611;120000;10.589;10.603;10.582;10.591;75982
CNYRUBF;30;20260611;123000;10.591;10.62;10.585;10.619;118716
CNYRUBF;30;20260611;130000;10.619;10.628;10.614;10.624;102328
CNYRUBF;30;20260611;133000;10.624;10.638;10.605;10.612;198291
CNYRUBF;30;20260611;140000;10.614;10.616;10.596;10.604;138950
CNYRUBF;30;20260611;143000;10.602;10.619;10.602;10.613;68044
CNYRUBF;30;20260611;150000;10.612;10.626;10.603;10.605;45398
CNYRUBF;30;20260611;153000;10.606;10.622;10.601;10.617;54220
CNYRUBF;30;20260611;160000;10.62;10.622;10.608;10.616;15313
CNYRUBF;30;20260611;163000;10.616;10.624;10.609;10.613;50071
CNYRUBF;30;20260611;170000;10.613;10.623;10.602;10.612;259786
CNYRUBF;30;20260611;173000;10.612;10.612;10.6;10.606;86976
CNYRUBF;30;20260611;180000;10.606;10.615;10.602;10.607;30876
CNYRUBF;30;20260611;183000;10.608;10.614;10.592;10.607;30932
CNYRUBF;30;20260611;190000;10.607;10.608;10.595;10.597;7137
CNYRUBF;30;20260611;193000;10.596;10.609;10.596;10.601;7341
CNYRUBF;30;20260611;200000;10.602;10.606;10.596;10.6;6087
CNYRUBF;30;20260611;203000;10.6;10.616;10.596;10.608;46171
CNYRUBF;30;20260611;210000;10.608;10.609;10.601;10.605;6372
CNYRUBF;30;20260611;213000;10.605;10.608;10.599;10.606;7307
CNYRUBF;30;20260611;220000;10.606;10.617;10.605;10.615;4714
CNYRUBF;30;20260611;223000;10.615;10.637;10.612;10.634;73209
CNYRUBF;30;20260611;230000;10.635;10.639;10.629;10.635;30798
CNYRUBF;30;20260611;233000;10.635;10.637;10.627;10.633;16834
CNYRUBF;30;20260615;083000;10.68;10.68;10.68;10.68;9126
CNYRUBF;30;20260615;090000;10.681;10.748;10.676;10.718;356866
CNYRUBF;30;20260615;093000;10.717;10.718;10.69;10.699;122418
CNYRUBF;30;20260615;100000;10.701;10.754;10.683;10.745;374199
CNYRUBF;30;20260615;103000;10.746;10.753;10.721;10.749;209298
CNYRUBF;30;20260615;110000;10.749;10.754;10.722;10.731;127396
CNYRUBF;30;20260615;113000;10.731;10.736;10.714;10.727;179734
CNYRUBF;30;20260615;120000;10.727;10.737;10.723;10.729;76322
CNYRUBF;30;20260615;123000;10.727;10.735;10.717;10.721;73048
CNYRUBF;30;20260615;130000;10.721;10.721;10.671;10.686;236869
CNYRUBF;30;20260615;133000;10.685;10.696;10.674;10.683;80451
CNYRUBF;30;20260615;140000;10.683;10.704;10.677;10.702;183835
CNYRUBF;30;20260615;143000;10.702;10.706;10.685;10.688;91703
CNYRUBF;30;20260615;150000;10.687;10.691;10.666;10.672;107495
CNYRUBF;30;20260615;153000;10.671;10.681;10.66;10.665;131306
CNYRUBF;30;20260615;160000;10.665;10.673;10.65;10.668;171828
CNYRUBF;30;20260615;163000;10.667;10.668;10.651;10.657;121395
CNYRUBF;30;20260615;170000;10.657;10.664;10.651;10.655;71637
CNYRUBF;30;20260615;173000;10.654;10.675;10.651;10.669;176301
CNYRUBF;30;20260615;180000;10.668;10.671;10.66;10.661;58005
CNYRUBF;30;20260615;183000;10.66;10.662;10.653;10.66;59299
CNYRUBF;30;20260615;190000;10.66;10.663;10.658;10.66;11222
CNYRUBF;30;20260615;193000;10.66;10.662;10.653;10.659;5558
CNYRUBF;30;20260615;200000;10.66;10.662;10.646;10.652;59363
CNYRUBF;30;20260615;203000;10.652;10.653;10.65;10.652;6604
CNYRUBF;30;20260615;210000;10.653;10.655;10.649;10.655;15974
CNYRUBF;30;20260615;213000;10.655;10.659;10.65;10.65;8213
CNYRUBF;30;20260615;220000;10.651;10.657;10.65;10.65;11828
CNYRUBF;30;20260615;223000;10.649;10.654;10.648;10.652;17545
CNYRUBF;30;20260615;230000;10.652;10.652;10.644;10.644;8116
CNYRUBF;30;20260615;233000;10.644;10.645;10.641;10.642;4374
CNYRUBF;30;20260616;083000;10.65;10.65;10.65;10.65;836
CNYRUBF;30;20260616;090000;10.652;10.666;10.631;10.639;210149
CNYRUBF;30;20260616;093000;10.639;10.666;10.634;10.661;122199
CNYRUBF;30;20260616;100000;10.661;10.675;10.636;10.66;472221
CNYRUBF;30;20260616;103000;10.661;10.7;10.66;10.673;702223
CNYRUBF;30;20260616;110000;10.673;10.68;10.652;10.653;486936
CNYRUBF;30;20260616;113000;10.654;10.664;10.622;10.639;359329
CNYRUBF;30;20260616;120000;10.641;10.649;10.625;10.645;271570
CNYRUBF;30;20260616;123000;10.645;10.669;10.641;10.666;222586
CNYRUBF;30;20260616;130000;10.666;10.699;10.665;10.693;412561
CNYRUBF;30;20260616;133000;10.693;10.7;10.676;10.688;215018
CNYRUBF;30;20260616;140000;10.688;10.694;10.67;10.683;154349
CNYRUBF;30;20260616;143000;10.683;10.685;10.666;10.67;83927
CNYRUBF;30;20260616;150000;10.67;10.678;10.665;10.677;75366
CNYRUBF;30;20260616;153000;10.678;10.692;10.676;10.682;101908
CNYRUBF;30;20260616;160000;10.681;10.695;10.677;10.694;56803
CNYRUBF;30;20260616;163000;10.694;10.721;10.685;10.715;264327
CNYRUBF;30;20260616;170000;10.716;10.738;10.709;10.719;227170
CNYRUBF;30;20260616;173000;10.719;10.763;10.714;10.752;201599
CNYRUBF;30;20260616;180000;10.751;10.759;10.724;10.743;144766
CNYRUBF;30;20260616;183000;10.743;10.751;10.725;10.727;72042
CNYRUBF;30;20260616;190000;10.727;10.73;10.721;10.727;42888
CNYRUBF;30;20260616;193000;10.728;10.737;10.727;10.733;42009
CNYRUBF;30;20260616;200000;10.733;10.744;10.733;10.744;5993
CNYRUBF;30;20260616;203000;10.745;10.754;10.744;10.751;39124
CNYRUBF;30;20260616;210000;10.751;10.753;10.747;10.748;6562
CNYRUBF;30;20260616;213000;10.748;10.749;10.744;10.744;14308
CNYRUBF;30;20260616;220000;10.745;10.75;10.743;10.748;6430
CNYRUBF;30;20260616;223000;10.748;10.752;10.746;10.751;26389
CNYRUBF;30;20260616;230000;10.75;10.752;10.737;10.747;14564
CNYRUBF;30;20260616;233000;10.746;10.755;10.744;10.755;11295
CNYRUBF;30;20260617;083000;10.76;10.76;10.76;10.76;264
CNYRUBF;30;20260617;090000;10.758;10.784;10.747;10.781;99866
CNYRUBF;30;20260617;093000;10.783;10.809;10.776;10.781;283612
CNYRUBF;30;20260617;100000;10.781;10.794;10.753;10.757;703739
CNYRUBF;30;20260617;103000;10.757;10.758;10.731;10.749;289638
CNYRUBF;30;20260617;110000;10.749;10.781;10.743;10.757;392200
CNYRUBF;30;20260617;113000;10.756;10.771;10.745;10.762;205997
CNYRUBF;30;20260617;120000;10.762;10.774;10.762;10.77;86984
CNYRUBF;30;20260617;123000;10.769;10.777;10.756;10.77;210018
CNYRUBF;30;20260617;130000;10.769;10.796;10.763;10.79;132777
CNYRUBF;30;20260617;133000;10.791;10.794;10.784;10.791;161402
CNYRUBF;30;20260617;140000;10.791;10.793;10.764;10.769;151851
CNYRUBF;30;20260617;143000;10.768;10.786;10.766;10.782;266205
CNYRUBF;30;20260617;150000;10.782;10.79;10.774;10.789;106619
CNYRUBF;30;20260617;153000;10.789;10.831;10.784;10.821;267380
CNYRUBF;30;20260617;160000;10.819;10.828;10.811;10.817;104901
CNYRUBF;30;20260617;163000;10.817;10.82;10.802;10.808;208390
CNYRUBF;30;20260617;170000;10.808;10.823;10.792;10.801;161605
CNYRUBF;30;20260617;173000;10.801;10.803;10.789;10.793;223604
CNYRUBF;30;20260617;180000;10.793;10.805;10.787;10.793;111942
CNYRUBF;30;20260617;183000;10.793;10.796;10.786;10.789;59045
CNYRUBF;30;20260617;190000;10.79;10.811;10.787;10.794;83536
CNYRUBF;30;20260617;193000;10.795;10.801;10.794;10.8;11704
CNYRUBF;30;20260617;200000;10.8;10.8;10.788;10.794;22957
CNYRUBF;30;20260617;203000;10.796;10.796;10.779;10.791;62419
CNYRUBF;30;20260617;210000;10.791;10.8;10.786;10.794;44572
CNYRUBF;30;20260617;213000;10.794;10.798;10.785;10.793;23991
CNYRUBF;30;20260617;220000;10.793;10.794;10.779;10.783;53084
CNYRUBF;30;20260617;223000;10.783;10.789;10.781;10.786;44821
CNYRUBF;30;20260617;230000;10.786;10.786;10.782;10.783;9826
CNYRUBF;30;20260617;233000;10.784;10.785;10.781;10.781;13255
CNYRUBF;30;20260618;083000;10.806;10.806;10.806;10.806;874
CNYRUBF;30;20260618;090000;10.805;10.826;10.79;10.821;190731
CNYRUBF;30;20260618;093000;10.82;10.83;10.805;10.822;162313
CNYRUBF;30;20260618;100000;10.823;10.869;10.806;10.854;565219
CNYRUBF;30;20260618;103000;10.854;10.874;10.852;10.861;430568
CNYRUBF;30;20260618;110000;10.862;10.867;10.844;10.847;226970
CNYRUBF;30;20260618;113000;10.847;10.855;10.824;10.83;226767
CNYRUBF;30;20260618;120000;10.829;10.829;10.802;10.816;390769
CNYRUBF;30;20260618;123000;10.814;10.827;10.813;10.822;155264
CNYRUBF;30;20260618;130000;10.821;10.824;10.808;10.814;119715
CNYRUBF;30;20260618;133000;10.813;10.824;10.811;10.82;103852
CNYRUBF;30;20260618;140000;10.819;10.82;10.796;10.811;194864
CNYRUBF;30;20260618;143000;10.811;10.829;10.808;10.815;286415
CNYRUBF;30;20260618;150000;10.815;10.835;10.814;10.815;148055
CNYRUBF;30;20260618;153000;10.814;10.827;10.793;10.816;201960
CNYRUBF;30;20260618;160000;10.816;10.834;10.806;10.817;92687
CNYRUBF;30;20260618;163000;10.818;10.823;10.809;10.818;39649
CNYRUBF;30;20260618;170000;10.818;10.821;10.805;10.808;43286
CNYRUBF;30;20260618;173000;10.808;10.809;10.798;10.802;76871
CNYRUBF;30;20260618;180000;10.801;10.804;10.798;10.8;127479
CNYRUBF;30;20260618;183000;10.8;10.802;10.793;10.793;76838
CNYRUBF;30;20260618;190000;10.793;10.823;10.793;10.819;30873
CNYRUBF;30;20260618;193000;10.819;10.825;10.812;10.812;28901
CNYRUBF;30;20260618;200000;10.812;10.821;10.808;10.813;18544
CNYRUBF;30;20260618;203000;10.814;10.835;10.811;10.828;55872
CNYRUBF;30;20260618;210000;10.828;10.83;10.827;10.828;25399
CNYRUBF;30;20260618;213000;10.828;10.828;10.817;10.819;32912
CNYRUBF;30;20260618;220000;10.82;10.823;10.817;10.821;19029
CNYRUBF;30;20260618;223000;10.822;10.828;10.821;10.826;19015
CNYRUBF;30;20260618;230000;10.826;10.827;10.817;10.82;6874
CNYRUBF;30;20260618;233000;10.821;10.836;10.821;10.836;6784
CNYRUBF;30;20260619;083000;10.838;10.838;10.838;10.838;392
CNYRUBF;30;20260619;090000;10.838;10.844;10.806;10.81;100066
CNYRUBF;30;20260619;093000;10.809;10.813;10.8;10.802;46146
CNYRUBF;30;20260619;100000;10.801;10.854;10.787;10.847;382997
CNYRUBF;30;20260619;103000;10.848;10.851;10.824;10.833;148437
CNYRUBF;30;20260619;110000;10.832;10.841;10.825;10.834;94480
CNYRUBF;30;20260619;113000;10.834;10.839;10.829;10.832;52069
CNYRUBF;30;20260619;120000;10.831;10.834;10.791;10.8;209319
CNYRUBF;30;20260619;123000;10.799;10.804;10.794;10.802;98504
CNYRUBF;30;20260619;130000;10.801;10.83;10.799;10.819;228989
CNYRUBF;30;20260619;133000;10.819;10.819;10.78;10.785;704212
CNYRUBF;30;20260619;140000;10.784;10.8;10.753;10.8;450790
CNYRUBF;30;20260619;143000;10.8;10.807;10.789;10.79;182197
CNYRUBF;30;20260619;150000;10.791;10.798;10.77;10.789;168343
CNYRUBF;30;20260619;153000;10.788;10.8;10.782;10.795;126933
CNYRUBF;30;20260619;160000;10.795;10.819;10.784;10.805;143315
CNYRUBF;30;20260619;163000;10.805;10.826;10.801;10.814;107440
CNYRUBF;30;20260619;170000;10.815;10.819;10.806;10.808;74244
CNYRUBF;30;20260619;173000;10.809;10.816;10.805;10.809;62577
CNYRUBF;30;20260619;180000;10.809;10.812;10.805;10.808;63329
CNYRUBF;30;20260619;183000;10.809;10.817;10.808;10.813;37166
CNYRUBF;30;20260619;190000;10.813;10.818;10.811;10.816;9489
CNYRUBF;30;20260619;193000;10.817;10.819;10.811;10.811;6441
CNYRUBF;30;20260619;200000;10.813;10.818;10.811;10.817;5679
CNYRUBF;30;20260619;203000;10.817;10.842;10.816;10.84;46303
CNYRUBF;30;20260619;210000;10.84;10.847;10.836;10.838;29835
CNYRUBF;30;20260619;213000;10.838;10.84;10.832;10.836;11648
CNYRUBF;30;20260619;220000;10.835;10.838;10.832;10.833;8540
CNYRUBF;30;20260619;223000;10.834;10.835;10.83;10.835;6318
CNYRUBF;30;20260619;230000;10.835;10.84;10.83;10.832;11770
CNYRUBF;30;20260619;233000;10.831;10.836;10.829;10.833;10432
CNYRUBF;30;20260622;083000;10.834;10.834;10.834;10.834;666
CNYRUBF;30;20260622;090000;10.834;10.843;10.803;10.806;66795
CNYRUBF;30;20260622;093000;10.804;10.819;10.804;10.815;39777
CNYRUBF;30;20260622;100000;10.815;10.84;10.79;10.823;294166
CNYRUBF;30;20260622;103000;10.821;10.952;10.821;10.928;995834
CNYRUBF;30;20260622;110000;10.928;10.95;10.902;10.903;293160
CNYRUBF;30;20260622;113000;10.903;10.915;10.888;10.907;158697
CNYRUBF;30;20260622;120000;10.909;10.912;10.87;10.892;151372
CNYRUBF;30;20260622;123000;10.891;10.897;10.856;10.875;134771
CNYRUBF;30;20260622;130000;10.874;10.893;10.873;10.881;93740
CNYRUBF;30;20260622;133000;10.88;10.91;10.88;10.9;197785
CNYRUBF;30;20260622;140000;10.9;10.914;10.891;10.896;104948
CNYRUBF;30;20260622;143000;10.896;10.909;10.891;10.905;57764
CNYRUBF;30;20260622;150000;10.906;10.911;10.891;10.901;77181
CNYRUBF;30;20260622;153000;10.901;10.919;10.895;10.896;173687
CNYRUBF;30;20260622;160000;10.895;10.917;10.886;10.911;60540
CNYRUBF;30;20260622;163000;10.911;10.919;10.897;10.906;64523
CNYRUBF;30;20260622;170000;10.907;10.915;10.893;10.899;92571
CNYRUBF;30;20260622;173000;10.9;10.911;10.896;10.91;44356
CNYRUBF;30;20260622;180000;10.91;10.956;10.91;10.955;321848
CNYRUBF;30;20260622;183000;10.954;11.005;10.95;10.989;563223
CNYRUBF;30;20260622;190000;10.988;11.019;10.98;10.999;174413
CNYRUBF;30;20260622;193000;11.001;11.02;11;11.018;49505
CNYRUBF;30;20260622;200000;11.018;11.02;11.011;11.019;19031
CNYRUBF;30;20260622;203000;11.019;11.019;11.012;11.016;15813
CNYRUBF;30;20260622;210000;11.017;11.045;11.017;11.038;104987
CNYRUBF;30;20260622;213000;11.039;11.055;11.025;11.039;95058
CNYRUBF;30;20260622;220000;11.039;11.041;11.03;11.039;15437
CNYRUBF;30;20260622;223000;11.039;11.047;11.039;11.046;23603
CNYRUBF;30;20260622;230000;11.046;11.05;11.044;11.045;29482
CNYRUBF;30;20260622;233000;11.044;11.045;11.037;11.043;16510
CNYRUBF;30;20260623;083000;11.054;11.054;11.054;11.054;1469
CNYRUBF;30;20260623;090000;11.054;11.088;11.036;11.083;209450
CNYRUBF;30;20260623;093000;11.084;11.088;11.053;11.067;121908
CNYRUBF;30;20260623;100000;11.067;11.072;11.025;11.041;446633
CNYRUBF;30;20260623;103000;11.041;11.045;11.017;11.025;261850
CNYRUBF;30;20260623;110000;11.025;11.028;10.985;11;351467
CNYRUBF;30;20260623;113000;11;11.003;10.986;11.003;188971
CNYRUBF;30;20260623;120000;11.002;11.01;10.993;11.006;126453
CNYRUBF;30;20260623;123000;11.006;11.013;10.988;10.996;149760
CNYRUBF;30;20260623;130000;10.996;10.996;10.933;10.963;529077
CNYRUBF;30;20260623;133000;10.963;10.976;10.948;10.971;176179
CNYRUBF;30;20260623;140000;10.971;10.994;10.97;10.982;156923
CNYRUBF;30;20260623;143000;10.982;10.999;10.98;10.992;153678
CNYRUBF;30;20260623;150000;10.991;11;10.973;10.987;257927
CNYRUBF;30;20260623;153000;10.987;10.999;10.983;10.987;210195
CNYRUBF;30;20260623;160000;10.987;10.988;10.958;10.979;136754
CNYRUBF;30;20260623;163000;10.979;10.997;10.977;10.981;86731
CNYRUBF;30;20260623;170000;10.981;10.984;10.97;10.977;48006
CNYRUBF;30;20260623;173000;10.977;10.998;10.97;10.971;73523
CNYRUBF;30;20260623;180000;10.97;10.981;10.962;10.976;65008
CNYRUBF;30;20260623;183000;10.976;10.98;10.946;10.947;99233
CNYRUBF;30;20260623;190000;10.948;10.957;10.943;10.952;21664
CNYRUBF;30;20260623;193000;10.952;10.96;10.944;10.957;12602
CNYRUBF;30;20260623;200000;10.956;10.959;10.953;10.959;7225
CNYRUBF;30;20260623;203000;10.959;10.965;10.957;10.957;6519
CNYRUBF;30;20260623;210000;10.957;10.959;10.953;10.957;6113
CNYRUBF;30;20260623;213000;10.958;10.962;10.956;10.96;14112
CNYRUBF;30;20260623;220000;10.96;10.96;10.954;10.956;4231
CNYRUBF;30;20260623;223000;10.955;10.958;10.95;10.958;8613
CNYRUBF;30;20260623;230000;10.957;10.958;10.955;10.956;4691
CNYRUBF;30;20260623;233000;10.956;10.957;10.953;10.955;3881
CNYRUBF;30;20260624;083000;10.951;10.951;10.951;10.951;854
CNYRUBF;30;20260624;090000;10.95;10.99;10.95;10.973;82292
CNYRUBF;30;20260624;093000;10.972;10.979;10.959;10.968;51363
CNYRUBF;30;20260624;100000;10.967;11.005;10.966;10.984;395619
CNYRUBF;30;20260624;103000;10.984;10.986;10.95;10.974;186198
CNYRUBF;30;20260624;110000;10.975;10.991;10.951;10.957;132741
CNYRUBF;30;20260624;113000;10.957;10.979;10.956;10.97;94790
CNYRUBF;30;20260624;120000;10.97;10.988;10.962;10.981;125911
CNYRUBF;30;20260624;123000;10.981;10.988;10.967;10.981;100445
CNYRUBF;30;20260624;130000;10.981;10.995;10.964;10.964;165001
CNYRUBF;30;20260624;133000;10.964;10.968;10.953;10.961;110102
CNYRUBF;30;20260624;140000;10.96;10.99;10.951;10.985;137921
CNYRUBF;30;20260624;143000;10.986;10.992;10.968;10.987;118258
CNYRUBF;30;20260624;150000;10.987;10.989;10.98;10.985;61717
CNYRUBF;30;20260624;153000;10.984;10.989;10.978;10.988;91658
CNYRUBF;30;20260624;160000;10.989;10.995;10.98;10.983;130636
CNYRUBF;30;20260624;163000;10.983;10.99;10.963;10.973;229614
CNYRUBF;30;20260624;170000;10.972;10.977;10.955;10.975;75264
CNYRUBF;30;20260624;173000;10.975;10.976;10.946;10.952;149606
CNYRUBF;30;20260624;180000;10.953;10.963;10.948;10.961;186657
CNYRUBF;30;20260624;183000;10.961;10.978;10.958;10.973;43548
CNYRUBF;30;20260624;190000;10.971;10.975;10.962;10.966;15474
CNYRUBF;30;20260624;193000;10.965;10.975;10.961;10.971;11038
CNYRUBF;30;20260624;200000;10.97;10.975;10.969;10.972;7034
CNYRUBF;30;20260624;203000;10.973;10.974;10.964;10.969;14553
CNYRUBF;30;20260624;210000;10.969;10.97;10.968;10.969;12816
CNYRUBF;30;20260624;213000;10.969;10.97;10.968;10.97;4443
CNYRUBF;30;20260624;220000;10.97;10.97;10.968;10.969;6380
CNYRUBF;30;20260624;223000;10.97;10.97;10.966;10.969;5082
CNYRUBF;30;20260624;230000;10.969;10.974;10.968;10.973;5009
CNYRUBF;30;20260624;233000;10.974;10.977;10.971;10.972;5059
CNYRUBF;30;20260625;083000;10.985;10.985;10.985;10.985;77
CNYRUBF;30;20260625;090000;10.986;11.031;10.982;11.019;168646
CNYRUBF;30;20260625;093000;11.019;11.025;11.003;11.012;73511
CNYRUBF;30;20260625;100000;11.012;11.012;10.99;10.998;143472
CNYRUBF;30;20260625;103000;10.999;11.01;10.995;10.999;45651
CNYRUBF;30;20260625;110000;11;11.031;10.987;11.021;239933
CNYRUBF;30;20260625;113000;11.021;11.032;11.012;11.019;284723
CNYRUBF;30;20260625;120000;11.02;11.068;11.015;11.038;430295
CNYRUBF;30;20260625;123000;11.039;11.054;11.032;11.052;148164
CNYRUBF;30;20260625;130000;11.053;11.094;11.052;11.088;252672
CNYRUBF;30;20260625;133000;11.087;11.143;11.086;11.119;388897
CNYRUBF;30;20260625;140000;11.119;11.133;11.104;11.107;148889
CNYRUBF;30;20260625;143000;11.107;11.119;11.101;11.113;172901
CNYRUBF;30;20260625;150000;11.114;11.155;11.103;11.147;136729
CNYRUBF;30;20260625;153000;11.148;11.159;11.137;11.141;194447
CNYRUBF;30;20260625;160000;11.141;11.145;11.13;11.134;92782
CNYRUBF;30;20260625;163000;11.134;11.155;11.107;11.108;121021
CNYRUBF;30;20260625;170000;11.108;11.137;11.107;11.134;110560
CNYRUBF;30;20260625;173000;11.133;11.158;11.128;11.158;182815
CNYRUBF;30;20260625;180000;11.159;11.182;11.146;11.157;307380
CNYRUBF;30;20260625;183000;11.156;11.19;11.155;11.18;157490
CNYRUBF;30;20260625;190000;11.181;11.187;11.165;11.187;62016
CNYRUBF;30;20260625;193000;11.186;11.2;11.177;11.185;59057
CNYRUBF;30;20260625;200000;11.186;11.2;11.186;11.188;27129
CNYRUBF;30;20260625;203000;11.188;11.194;11.184;11.184;6241
CNYRUBF;30;20260625;210000;11.184;11.184;11.175;11.18;21300
CNYRUBF;30;20260625;213000;11.18;11.182;11.175;11.18;14113
CNYRUBF;30;20260625;220000;11.18;11.186;11.18;11.183;12822
CNYRUBF;30;20260625;223000;11.183;11.187;11.181;11.184;6750
CNYRUBF;30;20260625;230000;11.185;11.189;11.182;11.187;8895
CNYRUBF;30;20260625;233000;11.186;11.188;11.178;11.18;11993
CNYRUBF;30;20260626;083000;11.18;11.18;11.18;11.18;653
CNYRUBF;30;20260626;090000;11.183;11.252;11.18;11.252;407552
CNYRUBF;30;20260626;093000;11.252;11.267;11.238;11.244;164761
CNYRUBF;30;20260626;100000;11.244;11.32;11.232;11.247;805284
CNYRUBF;30;20260626;103000;11.246;11.274;11.227;11.255;232817
CNYRUBF;30;20260626;110000;11.255;11.302;11.251;11.298;266130
CNYRUBF;30;20260626;113000;11.296;11.365;11.282;11.356;337511
CNYRUBF;30;20260626;120000;11.355;11.39;11.346;11.365;476339
CNYRUBF;30;20260626;123000;11.365;11.43;11.361;11.426;499529
CNYRUBF;30;20260626;130000;11.426;11.433;11.385;11.394;479177
CNYRUBF;30;20260626;133000;11.394;11.434;11.394;11.419;522023
CNYRUBF;30;20260626;140000;11.419;11.424;11.363;11.404;523576
CNYRUBF;30;20260626;143000;11.404;11.45;11.398;11.442;415320
CNYRUBF;30;20260626;150000;11.442;11.443;11.374;11.437;684246
CNYRUBF;30;20260626;153000;11.437;11.45;11.412;11.443;298458
CNYRUBF;30;20260626;160000;11.443;11.497;11.443;11.474;459616
CNYRUBF;30;20260626;163000;11.474;11.514;11.472;11.51;306414
CNYRUBF;30;20260626;170000;11.51;11.573;11.507;11.571;552263
CNYRUBF;30;20260626;173000;11.572;11.644;11.559;11.582;865379
CNYRUBF;30;20260626;180000;11.582;11.589;11.49;11.565;682113
CNYRUBF;30;20260626;183000;11.564;11.573;11.48;11.495;341729
CNYRUBF;30;20260626;190000;11.495;11.495;11.43;11.453;220091
CNYRUBF;30;20260626;193000;11.452;11.501;11.448;11.475;90337
CNYRUBF;30;20260626;200000;11.477;11.503;11.476;11.495;28685
CNYRUBF;30;20260626;203000;11.495;11.496;11.474;11.477;23687
CNYRUBF;30;20260626;210000;11.478;11.485;11.465;11.465;19282
CNYRUBF;30;20260626;213000;11.466;11.483;11.459;11.479;18284
CNYRUBF;30;20260626;220000;11.48;11.489;11.476;11.481;13134
CNYRUBF;30;20260626;223000;11.485;11.485;11.476;11.48;15793
CNYRUBF;30;20260626;230000;11.479;11.489;11.479;11.487;15742
CNYRUBF;30;20260626;233000;11.487;11.489;11.485;11.489;19028
CNYRUBF;30;20260629;083000;11.5;11.5;11.5;11.5;5047
CNYRUBF;30;20260629;090000;11.501;11.549;11.445;11.524;346787
CNYRUBF;30;20260629;093000;11.522;11.6;11.514;11.56;383409
CNYRUBF;30;20260629;100000;11.56;11.608;11.47;11.52;1402043
CNYRUBF;30;20260629;103000;11.519;11.563;11.47;11.499;460203
CNYRUBF;30;20260629;110000;11.498;11.499;11.355;11.379;1035183
CNYRUBF;30;20260629;113000;11.38;11.441;11.378;11.404;343143
CNYRUBF;30;20260629;120000;11.404;11.475;11.382;11.462;465199
CNYRUBF;30;20260629;123000;11.461;11.461;11.408;11.45;244046
CNYRUBF;30;20260629;130000;11.449;11.45;11.416;11.427;78415
CNYRUBF;30;20260629;133000;11.425;11.43;11.407;11.421;79275
CNYRUBF;30;20260629;140000;11.421;11.462;11.42;11.445;114825
CNYRUBF;30;20260629;143000;11.446;11.468;11.436;11.463;114378
CNYRUBF;30;20260629;150000;11.463;11.483;11.444;11.452;213939
CNYRUBF;30;20260629;153000;11.45;11.45;11.412;11.418;157452
CNYRUBF;30;20260629;160000;11.419;11.426;11.418;11.425;103068
CNYRUBF;30;20260629;163000;11.424;11.431;11.401;11.403;117330
CNYRUBF;30;20260629;170000;11.403;11.405;11.326;11.333;405750
CNYRUBF;30;20260629;173000;11.332;11.341;11.29;11.339;334921
CNYRUBF;30;20260629;180000;11.338;11.388;11.326;11.374;243290
CNYRUBF;30;20260629;183000;11.373;11.385;11.364;11.373;52945
CNYRUBF;30;20260629;190000;11.372;11.423;11.372;11.388;79868
CNYRUBF;30;20260629;193000;11.388;11.405;11.367;11.367;31625
CNYRUBF;30;20260629;200000;11.367;11.372;11.357;11.359;19889
CNYRUBF;30;20260629;203000;11.359;11.374;11.357;11.371;11552
CNYRUBF;30;20260629;210000;11.371;11.395;11.371;11.394;21170
CNYRUBF;30;20260629;213000;11.393;11.394;11.382;11.393;8957
CNYRUBF;30;20260629;220000;11.393;11.397;11.388;11.39;6432
CNYRUBF;30;20260629;223000;11.391;11.396;11.39;11.393;5447
CNYRUBF;30;20260629;230000;11.393;11.394;11.388;11.389;5339
CNYRUBF;30;20260629;233000;11.39;11.397;11.39;11.396;11828
CNYRUBF;30;20260630;083000;11.402;11.402;11.402;11.402;635
CNYRUBF;30;20260630;090000;11.402;11.449;11.37;11.426;306776
CNYRUBF;30;20260630;093000;11.427;11.454;11.421;11.445;116077
CNYRUBF;30;20260630;100000;11.445;11.506;11.406;11.46;704155
CNYRUBF;30;20260630;103000;11.461;11.496;11.458;11.48;264407
CNYRUBF;30;20260630;110000;11.48;11.485;11.448;11.458;250658
CNYRUBF;30;20260630;113000;11.459;11.499;11.456;11.476;188381
CNYRUBF;30;20260630;120000;11.476;11.478;11.45;11.46;186642
CNYRUBF;30;20260630;123000;11.46;11.506;11.458;11.5;295639
CNYRUBF;30;20260630;130000;11.501;11.502;11.466;11.478;119037
CNYRUBF;30;20260630;133000;11.478;11.575;11.478;11.564;628672
CNYRUBF;30;20260630;140000;11.565;11.59;11.538;11.553;282782
CNYRUBF;30;20260630;143000;11.553;11.575;11.533;11.542;149175
CNYRUBF;30;20260630;150000;11.543;11.581;11.541;11.563;126237
CNYRUBF;30;20260630;153000;11.563;11.59;11.555;11.588;242527
CNYRUBF;30;20260630;160000;11.587;11.61;11.582;11.589;281959
CNYRUBF;30;20260630;163000;11.589;11.614;11.567;11.583;202867
CNYRUBF;30;20260630;170000;11.584;11.59;11.545;11.565;263016
CNYRUBF;30;20260630;173000;11.565;11.599;11.565;11.59;172496
CNYRUBF;30;20260630;180000;11.59;11.624;11.59;11.624;225039
CNYRUBF;30;20260630;183000;11.623;11.635;11.612;11.626;121434
CNYRUBF;30;20260630;190000;11.626;11.634;11.606;11.618;49661
CNYRUBF;30;20260630;193000;11.618;11.632;11.616;11.63;17973
CNYRUBF;30;20260630;200000;11.63;11.634;11.616;11.62;20841
CNYRUBF;30;20260630;203000;11.622;11.64;11.622;11.639;42206
CNYRUBF;30;20260630;210000;11.639;11.665;11.635;11.641;151873
CNYRUBF;30;20260630;213000;11.641;11.65;11.633;11.633;49718
CNYRUBF;30;20260630;220000;11.633;11.647;11.631;11.645;22473
CNYRUBF;30;20260630;223000;11.644;11.65;11.642;11.65;10841
CNYRUBF;30;20260630;230000;11.65;11.655;11.649;11.653;19317
CNYRUBF;30;20260630;233000;11.654;11.658;11.65;11.656;12540
CNYRUBF;30;20260701;083000;11.665;11.665;11.665;11.665;2656
CNYRUBF;30;20260701;090000;11.663;11.705;11.65;11.689;253656
CNYRUBF;30;20260701;093000;11.688;11.688;11.652;11.666;161981
CNYRUBF;30;20260701;100000;11.666;11.678;11.533;11.534;1425540
CNYRUBF;30;20260701;103000;11.535;11.564;11.485;11.501;1176585
CNYRUBF;30;20260701;110000;11.501;11.534;11.431;11.454;675603
CNYRUBF;30;20260701;113000;11.454;11.475;11.422;11.431;532269
CNYRUBF;30;20260701;120000;11.43;11.464;11.416;11.461;755705
CNYRUBF;30;20260701;123000;11.46;11.497;11.448;11.455;735944
CNYRUBF;30;20260701;130000;11.455;11.493;11.45;11.48;302945
CNYRUBF;30;20260701;133000;11.479;11.486;11.466;11.47;176647
CNYRUBF;30;20260701;140000;11.47;11.49;11.463;11.477;169425
CNYRUBF;30;20260701;143000;11.476;11.488;11.474;11.479;106067
CNYRUBF;30;20260701;150000;11.479;11.48;11.433;11.45;296491
CNYRUBF;30;20260701;153000;11.448;11.476;11.426;11.461;331724
CNYRUBF;30;20260701;160000;11.46;11.463;11.432;11.438;174372
CNYRUBF;30;20260701;163000;11.437;11.441;11.416;11.427;187804
CNYRUBF;30;20260701;170000;11.426;11.48;11.421;11.474;222788
CNYRUBF;30;20260701;173000;11.475;11.518;11.467;11.496;390667
CNYRUBF;30;20260701;180000;11.494;11.496;11.453;11.478;175843
CNYRUBF;30;20260701;183000;11.477;11.477;11.46;11.473;44861
CNYRUBF;30;20260701;190000;11.473;11.5;11.469;11.477;40294
CNYRUBF;30;20260701;193000;11.477;11.478;11.458;11.461;16578
CNYRUBF;30;20260701;200000;11.461;11.467;11.459;11.465;6830
CNYRUBF;30;20260701;203000;11.465;11.466;11.445;11.448;32328
CNYRUBF;30;20260701;210000;11.449;11.45;11.447;11.449;16777
CNYRUBF;30;20260701;213000;11.449;11.449;11.442;11.446;11686
CNYRUBF;30;20260701;220000;11.446;11.459;11.444;11.456;19923
CNYRUBF;30;20260701;223000;11.456;11.459;11.453;11.454;6048
CNYRUBF;30;20260701;230000;11.453;11.463;11.452;11.458;9235
CNYRUBF;30;20260701;233000;11.46;11.466;11.451;11.457;5879
CNYRUBF;30;20260702;083000;11.458;11.458;11.458;11.458;34
CNYRUBF;30;20260702;090000;11.464;11.499;11.451;11.48;96539
CNYRUBF;30;20260702;093000;11.48;11.528;11.48;11.505;168183
CNYRUBF;30;20260702;100000;11.506;11.526;11.466;11.515;574278
CNYRUBF;30;20260702;103000;11.515;11.528;11.483;11.485;278010
CNYRUBF;30;20260702;110000;11.485;11.501;11.477;11.497;146996
CNYRUBF;30;20260702;113000;11.497;11.505;11.487;11.5;99864
CNYRUBF;30;20260702;120000;11.5;11.514;11.492;11.499;112726
CNYRUBF;30;20260702;123000;11.499;11.502;11.487;11.492;103571
CNYRUBF;30;20260702;130000;11.491;11.493;11.396;11.417;814355
CNYRUBF;30;20260702;133000;11.416;11.464;11.409;11.46;377856
CNYRUBF;30;20260702;140000;11.459;11.475;11.453;11.471;175700
CNYRUBF;30;20260702;143000;11.47;11.485;11.453;11.458;184410
CNYRUBF;30;20260702;150000;11.457;11.478;11.442;11.464;185686
CNYRUBF;30;20260702;153000;11.464;11.468;11.425;11.439;240423
CNYRUBF;30;20260702;160000;11.439;11.478;11.436;11.46;156635
CNYRUBF;30;20260702;163000;11.459;11.47;11.449;11.461;105977
CNYRUBF;30;20260702;170000;11.461;11.505;11.461;11.498;200007
CNYRUBF;30;20260702;173000;11.498;11.498;11.467;11.484;136031
CNYRUBF;30;20260702;180000;11.484;11.486;11.461;11.483;78194
CNYRUBF;30;20260702;183000;11.484;11.485;11.454;11.467;95633
CNYRUBF;30;20260702;190000;11.467;11.467;11.451;11.467;18782
CNYRUBF;30;20260702;193000;11.467;11.477;11.464;11.471;31588
CNYRUBF;30;20260702;200000;11.471;11.472;11.461;11.466;7812
CNYRUBF;30;20260702;203000;11.467;11.479;11.466;11.474;7274
CNYRUBF;30;20260702;210000;11.475;11.477;11.468;11.473;3022
CNYRUBF;30;20260702;213000;11.472;11.473;11.467;11.468;1605
CNYRUBF;30;20260702;220000;11.468;11.468;11.462;11.467;3874
CNYRUBF;30;20260702;223000;11.467;11.467;11.45;11.455;6260
CNYRUBF;30;20260702;230000;11.455;11.469;11.451;11.467;11208
CNYRUBF;30;20260702;233000;11.467;11.47;11.465;11.47;8221
CNYRUBF;30;20260703;083000;11.471;11.471;11.471;11.471;174
CNYRUBF;30;20260703;090000;11.474;11.49;11.438;11.452;115599
CNYRUBF;30;20260703;093000;11.453;11.455;11.406;11.418;140305
CNYRUBF;30;20260703;100000;11.419;11.422;11.333;11.399;783962
CNYRUBF;30;20260703;103000;11.4;11.409;11.383;11.4;218310
CNYRUBF;30;20260703;110000;11.401;11.427;11.387;11.404;248473
CNYRUBF;30;20260703;113000;11.405;11.445;11.404;11.425;258201
CNYRUBF;30;20260703;120000;11.425;11.452;11.359;11.393;1197531
CNYRUBF;30;20260703;123000;11.394;11.405;11.369;11.377;142439
CNYRUBF;30;20260703;130000;11.378;11.4;11.366;11.371;191476
CNYRUBF;30;20260703;133000;11.37;11.37;11.316;11.356;734929
CNYRUBF;30;20260703;140000;11.356;11.381;11.352;11.375;198348
CNYRUBF;30;20260703;143000;11.375;11.381;11.367;11.378;159320
CNYRUBF;30;20260703;150000;11.377;11.388;11.359;11.363;85166
CNYRUBF;30;20260703;153000;11.364;11.373;11.352;11.368;102425
CNYRUBF;30;20260703;160000;11.367;11.423;11.367;11.411;246976
CNYRUBF;30;20260703;163000;11.411;11.487;11.411;11.454;430478
CNYRUBF;30;20260703;170000;11.455;11.463;11.44;11.448;109064
CNYRUBF;30;20260703;173000;11.448;11.5;11.44;11.49;251606
CNYRUBF;30;20260703;180000;11.49;11.516;11.471;11.485;307885
CNYRUBF;30;20260703;183000;11.486;11.496;11.469;11.492;68488
CNYRUBF;30;20260703;190000;11.491;11.495;11.485;11.488;23164
CNYRUBF;30;20260703;193000;11.49;11.491;11.475;11.49;32538
CNYRUBF;30;20260703;200000;11.491;11.492;11.482;11.483;3747
CNYRUBF;30;20260703;203000;11.483;11.483;11.468;11.469;13230
CNYRUBF;30;20260703;210000;11.469;11.475;11.467;11.474;18044
CNYRUBF;30;20260703;213000;11.474;11.487;11.474;11.486;9463
CNYRUBF;30;20260703;220000;11.486;11.49;11.481;11.483;13842
CNYRUBF;30;20260703;223000;11.482;11.491;11.481;11.49;6169
CNYRUBF;30;20260703;230000;11.489;11.492;11.485;11.49;6942
CNYRUBF;30;20260703;233000;11.491;11.494;11.49;11.491;22282
CNYRUBF;30;20260706;083000;11.47;11.47;11.47;11.47;2077
CNYRUBF;30;20260706;090000;11.47;11.476;11.437;11.461;160016
CNYRUBF;30;20260706;093000;11.462;11.475;11.451;11.459;53181
CNYRUBF;30;20260706;100000;11.458;11.562;11.451;11.525;664889
CNYRUBF;30;20260706;103000;11.525;11.543;11.514;11.525;205860
CNYRUBF;30;20260706;110000;11.525;11.539;11.454;11.472;305204
CNYRUBF;30;20260706;113000;11.473;11.494;11.456;11.481;219372
CNYRUBF;30;20260706;120000;11.48;11.486;11.414;11.46;367601
CNYRUBF;30;20260706;123000;11.46;11.476;11.43;11.433;396242
CNYRUBF;30;20260706;130000;11.432;11.445;11.408;11.424;304748
CNYRUBF;30;20260706;133000;11.424;11.43;11.405;11.427;259867
CNYRUBF;30;20260706;140000;11.427;11.452;11.425;11.447;326716
CNYRUBF;30;20260706;143000;11.448;11.455;11.431;11.437;167911
CNYRUBF;30;20260706;150000;11.436;11.471;11.435;11.46;203334
CNYRUBF;30;20260706;153000;11.459;11.467;11.425;11.429;147041
CNYRUBF;30;20260706;160000;11.429;11.438;11.369;11.372;381175
CNYRUBF;30;20260706;163000;11.372;11.378;11.295;11.316;812692
CNYRUBF;30;20260706;170000;11.315;11.328;11.28;11.293;421058
CNYRUBF;30;20260706;173000;11.294;11.299;11.235;11.273;474535
CNYRUBF;30;20260706;180000;11.272;11.272;11.21;11.241;569801
CNYRUBF;30;20260706;183000;11.241;11.241;11.185;11.198;275482
CNYRUBF;30;20260706;190000;11.198;11.237;11.191;11.205;70304
CNYRUBF;30;20260706;193000;11.205;11.205;11.147;11.158;231425
CNYRUBF;30;20260706;200000;11.157;11.179;11.147;11.175;94800
CNYRUBF;30;20260706;203000;11.176;11.177;11.153;11.168;52836
CNYRUBF;30;20260706;210000;11.168;11.173;11.155;11.172;35278
CNYRUBF;30;20260706;213000;11.171;11.172;11.159;11.166;16262
CNYRUBF;30;20260706;220000;11.166;11.17;11.162;11.165;11789
CNYRUBF;30;20260706;223000;11.166;11.168;11.164;11.166;10382
CNYRUBF;30;20260706;230000;11.166;11.167;11.157;11.158;11513
CNYRUBF;30;20260706;233000;11.158;11.176;11.15;11.171;73360
CNYRUBF;30;20260707;083000;11.16;11.16;11.16;11.16;1307
CNYRUBF;30;20260707;090000;11.162;11.195;11.12;11.123;355261
CNYRUBF;30;20260707;093000;11.123;11.155;11.113;11.137;204585
CNYRUBF;30;20260707;100000;11.138;11.252;11.138;11.229;862443
CNYRUBF;30;20260707;103000;11.23;11.243;11.184;11.229;356458
CNYRUBF;30;20260707;110000;11.23;11.289;11.23;11.252;338962
CNYRUBF;30;20260707;113000;11.253;11.263;11.235;11.247;106587
CNYRUBF;30;20260707;120000;11.246;11.253;11.203;11.221;212466
CNYRUBF;30;20260707;123000;11.221;11.245;11.2;11.21;303679
CNYRUBF;30;20260707;130000;11.211;11.224;11.178;11.178;226153
CNYRUBF;30;20260707;133000;11.178;11.193;11.153;11.175;233335
CNYRUBF;30;20260707;140000;11.175;11.194;11.16;11.188;152175
CNYRUBF;30;20260707;143000;11.188;11.201;11.182;11.193;213627
CNYRUBF;30;20260707;150000;11.191;11.234;11.179;11.22;369748
CNYRUBF;30;20260707;153000;11.218;11.25;11.209;11.225;360856
CNYRUBF;30;20260707;160000;11.225;11.24;11.221;11.226;105840
CNYRUBF;30;20260707;163000;11.225;11.276;11.224;11.272;202252
CNYRUBF;30;20260707;170000;11.273;11.316;11.262;11.302;492229
CNYRUBF;30;20260707;173000;11.302;11.329;11.291;11.306;267680
CNYRUBF;30;20260707;180000;11.307;11.33;11.288;11.303;240756
CNYRUBF;30;20260707;183000;11.3;11.3;11.246;11.267;160976
CNYRUBF;30;20260707;190000;11.267;11.294;11.26;11.275;42789
CNYRUBF;30;20260707;193000;11.274;11.286;11.268;11.27;25698
CNYRUBF;30;20260707;200000;11.27;11.294;11.267;11.294;23126
CNYRUBF;30;20260707;203000;11.294;11.294;11.283;11.285;11178
CNYRUBF;30;20260707;210000;11.286;11.288;11.282;11.282;7916
CNYRUBF;30;20260707;213000;11.283;11.284;11.269;11.271;8324
CNYRUBF;30;20260707;220000;11.27;11.272;11.246;11.248;24491
CNYRUBF;30;20260707;223000;11.247;11.252;11.232;11.252;43212
CNYRUBF;30;20260707;230000;11.252;11.252;11.238;11.249;7525
CNYRUBF;30;20260707;233000;11.248;11.253;11.245;11.248;13908
CNYRUBF;30;20260708;083000;11.249;11.249;11.249;11.249;184
CNYRUBF;30;20260708;090000;11.248;11.279;11.225;11.237;115439
CNYRUBF;30;20260708;093000;11.236;11.236;11.201;11.229;107203
CNYRUBF;30;20260708;100000;11.228;11.311;11.223;11.277;487788
CNYRUBF;30;20260708;103000;11.28;11.297;11.259;11.273;195106
CNYRUBF;30;20260708;110000;11.273;11.306;11.257;11.261;282158
CNYRUBF;30;20260708;113000;11.26;11.266;11.188;11.207;561674
CNYRUBF;30;20260708;120000;11.208;11.211;11.155;11.195;388605
CNYRUBF;30;20260708;123000;11.194;11.216;11.183;11.203;265884
CNYRUBF;30;20260708;130000;11.204;11.242;11.189;11.22;215199
CNYRUBF;30;20260708;133000;11.221;11.236;11.204;11.218;167577
CNYRUBF;30;20260708;140000;11.218;11.221;11.197;11.215;189262
CNYRUBF;30;20260708;143000;11.216;11.222;11.209;11.218;174348
CNYRUBF;30;20260708;150000;11.218;11.235;11.208;11.22;108757
CNYRUBF;30;20260708;153000;11.219;11.223;11.194;11.215;89657
CNYRUBF;30;20260708;160000;11.214;11.227;11.199;11.219;71753
CNYRUBF;30;20260708;163000;11.217;11.234;11.196;11.204;107747
CNYRUBF;30;20260708;170000;11.202;11.214;11.198;11.204;75664
CNYRUBF;30;20260708;173000;11.203;11.209;11.181;11.183;181477
CNYRUBF;30;20260708;180000;11.182;11.198;11.163;11.166;119155
CNYRUBF;30;20260708;183000;11.164;11.21;11.147;11.2;336354
CNYRUBF;30;20260708;190000;11.199;11.206;11.185;11.206;42140
CNYRUBF;30;20260708;193000;11.205;11.206;11.195;11.201;18140
CNYRUBF;30;20260708;200000;11.202;11.204;11.182;11.186;22558
CNYRUBF;30;20260708;203000;11.185;11.187;11.175;11.177;23176
CNYRUBF;30;20260708;210000;11.177;11.178;11.171;11.177;19018
CNYRUBF;30;20260708;213000;11.177;11.18;11.171;11.177;6181
CNYRUBF;30;20260708;220000;11.178;11.18;11.176;11.178;4542
CNYRUBF;30;20260708;223000;11.178;11.18;11.172;11.173;8492
CNYRUBF;30;20260708;230000;11.173;11.179;11.158;11.164;19718
CNYRUBF;30;20260708;233000;11.163;11.168;11.152;11.16;18004
CNYRUBF;30;20260709;083000;11.162;11.162;11.162;11.162;97
CNYRUBF;30;20260709;090000;11.164;11.189;11.157;11.173;95799
CNYRUBF;30;20260709;093000;11.173;11.175;11.14;11.155;349640
CNYRUBF;30;20260709;100000;11.155;11.188;11.145;11.175;638571
CNYRUBF;30;20260709;103000;11.176;11.188;11.157;11.171;164148
CNYRUBF;30;20260709;110000;11.172;11.196;11.162;11.169;271275
CNYRUBF;30;20260709;113000;11.169;11.205;11.168;11.186;343791
CNYRUBF;30;20260709;120000;11.187;11.195;11.15;11.152;301104
CNYRUBF;30;20260709;123000;11.152;11.16;11.125;11.152;471655
CNYRUBF;30;20260709;130000;11.153;11.169;11.143;11.162;101062
CNYRUBF;30;20260709;133000;11.163;11.171;11.151;11.165;93294
CNYRUBF;30;20260709;140000;11.166;11.178;11.165;11.166;178444
CNYRUBF;30;20260709;143000;11.167;11.188;11.162;11.176;106425
CNYRUBF;30;20260709;150000;11.177;11.187;11.161;11.179;222684
CNYRUBF;30;20260709;153000;11.179;11.259;11.175;11.255;624068
CNYRUBF;30;20260709;160000;11.255;11.265;11.213;11.222;316944
CNYRUBF;30;20260709;163000;11.223;11.243;11.203;11.224;202326
CNYRUBF;30;20260709;170000;11.226;11.239;11.222;11.228;66240
CNYRUBF;30;20260709;173000;11.229;11.258;11.223;11.255;99969
CNYRUBF;30;20260709;180000;11.256;11.274;11.243;11.248;162580
CNYRUBF;30;20260709;183000;11.249;11.257;11.242;11.255;47990
CNYRUBF;30;20260709;190000;11.255;11.255;11.248;11.255;13756
CNYRUBF;30;20260709;193000;11.255;11.27;11.254;11.269;42353
CNYRUBF;30;20260709;200000;11.266;11.268;11.255;11.264;20823
CNYRUBF;30;20260709;203000;11.263;11.265;11.252;11.264;11143
CNYRUBF;30;20260709;210000;11.264;11.265;11.251;11.253;5395
CNYRUBF;30;20260709;213000;11.253;11.258;11.25;11.255;5539
CNYRUBF;30;20260709;220000;11.254;11.255;11.249;11.251;6719
CNYRUBF;30;20260709;223000;11.252;11.253;11.25;11.253;1543
CNYRUBF;30;20260709;230000;11.251;11.254;11.251;11.252;2507
CNYRUBF;30;20260709;233000;11.253;11.257;11.249;11.251;3840
CNYRUBF;30;20260710;083000;11.254;11.254;11.254;11.254;1110
CNYRUBF;30;20260710;090000;11.255;11.295;11.255;11.282;102642
CNYRUBF;30;20260710;093000;11.282;11.323;11.275;11.317;123314
CNYRUBF;30;20260710;100000;11.317;11.357;11.297;11.349;704355
CNYRUBF;30;20260710;103000;11.349;11.359;11.279;11.3;498281
CNYRUBF;30;20260710;110000;11.3;11.323;11.288;11.301;237416
CNYRUBF;30;20260710;113000;11.3;11.318;11.285;11.291;201217
CNYRUBF;30;20260710;120000;11.29;11.304;11.267;11.28;146531
CNYRUBF;30;20260710;123000;11.279;11.293;11.266;11.282;110887
CNYRUBF;30;20260710;130000;11.281;11.303;11.276;11.286;93715
CNYRUBF;30;20260710;133000;11.286;11.296;11.284;11.29;46244
CNYRUBF;30;20260710;140000;11.29;11.311;11.29;11.308;111413
CNYRUBF;30;20260710;143000;11.309;11.311;11.297;11.303;140778
CNYRUBF;30;20260710;150000;11.303;11.316;11.297;11.305;75791
CNYRUBF;30;20260710;153000;11.305;11.341;11.303;11.326;100020
CNYRUBF;30;20260710;160000;11.326;11.338;11.308;11.32;174230
CNYRUBF;30;20260710;163000;11.319;11.333;11.316;11.329;110756
CNYRUBF;30;20260710;170000;11.33;11.392;11.329;11.358;478240
CNYRUBF;30;20260710;173000;11.358;11.367;11.342;11.357;110696
CNYRUBF;30;20260710;180000;11.357;11.371;11.334;11.335;59623
CNYRUBF;30;20260710;183000;11.336;11.337;11.315;11.33;74922
CNYRUBF;30;20260710;190000;11.331;11.332;11.315;11.317;27063
CNYRUBF;30;20260710;193000;11.317;11.331;11.315;11.324;20605
CNYRUBF;30;20260710;200000;11.324;11.335;11.32;11.324;25337
CNYRUBF;30;20260710;203000;11.325;11.339;11.325;11.336;11476
CNYRUBF;30;20260710;210000;11.337;11.349;11.337;11.343;10120
CNYRUBF;30;20260710;213000;11.344;11.347;11.339;11.342;9866
CNYRUBF;30;20260710;220000;11.342;11.343;11.325;11.328;9152
CNYRUBF;30;20260710;223000;11.328;11.328;11.318;11.318;8485
CNYRUBF;30;20260710;230000;11.318;11.318;11.301;11.308;24971
CNYRUBF;30;20260710;233000;11.307;11.309;11.304;11.305;3362
CNYRUBF;30;20260713;083000;11.309;11.309;11.309;11.309;724
CNYRUBF;30;20260713;090000;11.305;11.316;11.263;11.288;130552
CNYRUBF;30;20260713;093000;11.288;11.295;11.27;11.276;67284
CNYRUBF;30;20260713;100000;11.275;11.358;11.269;11.345;326527
CNYRUBF;30;20260713;103000;11.345;11.352;11.292;11.313;181670
CNYRUBF;30;20260713;110000;11.313;11.313;11.245;11.265;364231
CNYRUBF;30;20260713;113000;11.266;11.306;11.262;11.282;132169
CNYRUBF;30;20260713;120000;11.28;11.293;11.263;11.279;75344
CNYRUBF;30;20260713;123000;11.278;11.31;11.277;11.301;68837
CNYRUBF;30;20260713;130000;11.299;11.312;11.294;11.299;48092
CNYRUBF;30;20260713;133000;11.298;11.303;11.281;11.293;62298
CNYRUBF;30;20260713;140000;11.292;11.306;11.28;11.298;67848
CNYRUBF;30;20260713;143000;11.296;11.31;11.296;11.302;29696
CNYRUBF;30;20260713;150000;11.303;11.304;11.295;11.301;33088
CNYRUBF;30;20260713;153000;11.301;11.318;11.292;11.307;52180
CNYRUBF;30;20260713;160000;11.309;11.316;11.281;11.313;46137
CNYRUBF;30;20260713;163000;11.313;11.315;11.301;11.312;78362
CNYRUBF;30;20260713;170000;11.312;11.346;11.312;11.346;159078
CNYRUBF;30;20260713;173000;11.345;11.346;11.324;11.33;133021
CNYRUBF;30;20260713;180000;11.33;11.342;11.329;11.33;45662
CNYRUBF;30;20260713;183000;11.33;11.34;11.325;11.339;46053
CNYRUBF;30;20260713;190000;11.339;11.34;11.331;11.333;9965
CNYRUBF;30;20260713;193000;11.332;11.334;11.318;11.32;21286
CNYRUBF;30;20260713;200000;11.321;11.323;11.312;11.314;18800
CNYRUBF;30;20260713;203000;11.315;11.317;11.294;11.295;23797
CNYRUBF;30;20260713;210000;11.295;11.298;11.291;11.295;7806
CNYRUBF;30;20260713;213000;11.294;11.294;11.264;11.279;53722
CNYRUBF;30;20260713;220000;11.278;11.285;11.272;11.274;16375
CNYRUBF;30;20260713;223000;11.275;11.287;11.269;11.285;19922
CNYRUBF;30;20260713;230000;11.284;11.289;11.257;11.258;17404
CNYRUBF;30;20260713;233000;11.257;11.264;11.256;11.258;12198
CNYRUBF;30;20260714;070000;11.258;11.26;11.222;11.247;41533
CNYRUBF;30;20260714;073000;11.242;11.245;11.227;11.243;3793
CNYRUBF;30;20260714;080000;11.242;11.288;11.238;11.279;14026
CNYRUBF;30;20260714;083000;11.28;11.286;11.26;11.263;11201
CNYRUBF;30;20260714;090000;11.263;11.276;11.251;11.273;31970
CNYRUBF;30;20260714;093000;11.273;11.281;11.256;11.276;46093
CNYRUBF;30;20260714;100000;11.275;11.323;11.269;11.311;295040
CNYRUBF;30;20260714;103000;11.311;11.317;11.298;11.311;170994
CNYRUBF;30;20260714;110000;11.31;11.341;11.31;11.34;241109
CNYRUBF;30;20260714;113000;11.339;11.349;11.328;11.337;116428
CNYRUBF;30;20260714;120000;11.336;11.4;11.335;11.391;521755
CNYRUBF;30;20260714;123000;11.392;11.427;11.392;11.415;389173
CNYRUBF;30;20260714;130000;11.416;11.444;11.416;11.439;204934
CNYRUBF;30;20260714;133000;11.44;11.449;11.413;11.417;155706
CNYRUBF;30;20260714;140000;11.417;11.422;11.413;11.417;83687
CNYRUBF;30;20260714;143000;11.417;11.43;11.413;11.418;89152
CNYRUBF;30;20260714;150000;11.418;11.428;11.413;11.414;76158
CNYRUBF;30;20260714;153000;11.415;11.458;11.414;11.454;148952
CNYRUBF;30;20260714;160000;11.454;11.462;11.442;11.456;106929
CNYRUBF;30;20260714;163000;11.456;11.462;11.432;11.444;274993
CNYRUBF;30;20260714;170000;11.445;11.468;11.441;11.463;145572
CNYRUBF;30;20260714;173000;11.462;11.494;11.462;11.483;224289
CNYRUBF;30;20260714;180000;11.484;11.493;11.478;11.488;139294
CNYRUBF;30;20260714;183000;11.487;11.494;11.474;11.486;84328
CNYRUBF;30;20260714;190000;11.485;11.485;11.472;11.48;22284
CNYRUBF;30;20260714;193000;11.48;11.493;11.48;11.485;16278
CNYRUBF;30;20260714;200000;11.485;11.495;11.484;11.493;12412
CNYRUBF;30;20260714;203000;11.494;11.508;11.489;11.507;42437
CNYRUBF;30;20260714;210000;11.507;11.516;11.498;11.516;37815
CNYRUBF;30;20260714;213000;11.515;11.516;11.497;11.503;23914
CNYRUBF;30;20260714;220000;11.501;11.501;11.485;11.493;16182
CNYRUBF;30;20260714;223000;11.493;11.496;11.49;11.491;10052
CNYRUBF;30;20260714;230000;11.491;11.512;11.489;11.506;25788
CNYRUBF;30;20260714;233000;11.506;11.516;11.5;11.516;12264
CNYRUBF;30;20260715;070000;11.512;11.54;11.494;11.499;36847
CNYRUBF;30;20260715;073000;11.5;11.5;11.473;11.488;35725
CNYRUBF;30;20260715;080000;11.483;11.515;11.481;11.515;17000
CNYRUBF;30;20260715;083000;11.512;11.512;11.495;11.495;36563
CNYRUBF;30;20260715;090000;11.495;11.534;11.491;11.525;84266
CNYRUBF;30;20260715;093000;11.525;11.565;11.523;11.543;224452
CNYRUBF;30;20260715;100000;11.542;11.545;11.482;11.491;459924
CNYRUBF;30;20260715;103000;11.493;11.53;11.481;11.528;328958
CNYRUBF;30;20260715;110000;11.527;11.566;11.525;11.539;459871
CNYRUBF;30;20260715;113000;11.539;11.549;11.52;11.534;133520
CNYRUBF;30;20260715;120000;11.534;11.549;11.533;11.539;111542
CNYRUBF;30;20260715;123000;11.539;11.549;11.517;11.527;162251
CNYRUBF;30;20260715;130000;11.528;11.529;11.494;11.508;160772
CNYRUBF;30;20260715;133000;11.507;11.521;11.501;11.514;143839
CNYRUBF;30;20260715;140000;11.514;11.523;11.505;11.516;74242
CNYRUBF;30;20260715;143000;11.514;11.52;11.499;11.51;263665
CNYRUBF;30;20260715;150000;11.511;11.516;11.485;11.512;220019
CNYRUBF;30;20260715;153000;11.513;11.521;11.495;11.504;166801
CNYRUBF;30;20260715;160000;11.504;11.508;11.452;11.484;352799
CNYRUBF;30;20260715;163000;11.483;11.491;11.467;11.48;97132
CNYRUBF;30;20260715;170000;11.48;11.486;11.466;11.486;60552
CNYRUBF;30;20260715;173000;11.487;11.491;11.463;11.467;56098
CNYRUBF;30;20260715;180000;11.468;11.468;11.414;11.425;288331
CNYRUBF;30;20260715;183000;11.424;11.452;11.422;11.437;143767
CNYRUBF;30;20260715;190000;11.436;11.451;11.435;11.437;35518
CNYRUBF;30;20260715;193000;11.437;11.442;11.43;11.432;14865
CNYRUBF;30;20260715;200000;11.432;11.45;11.432;11.449;9157
CNYRUBF;30;20260715;203000;11.448;11.449;11.442;11.444;7787
CNYRUBF;30;20260715;210000;11.444;11.456;11.444;11.456;10552
CNYRUBF;30;20260715;213000;11.456;11.461;11.45;11.453;13567
CNYRUBF;30;20260715;220000;11.454;11.462;11.454;11.455;7407
CNYRUBF;30;20260715;223000;11.456;11.459;11.452;11.458;4223
CNYRUBF;30;20260715;230000;11.458;11.461;11.452;11.456;2611
CNYRUBF;30;20260715;233000;11.457;11.463;11.454;11.454;6690
CNYRUBF;30;20260716;070000;11.454;11.488;11.437;11.476;36934
CNYRUBF;30;20260716;073000;11.476;11.488;11.457;11.461;21391
CNYRUBF;30;20260716;080000;11.46;11.482;11.46;11.48;12757
CNYRUBF;30;20260716;083000;11.477;11.479;11.449;11.463;24750
CNYRUBF;30;20260716;090000;11.46;11.465;11.423;11.45;48805
CNYRUBF;30;20260716;093000;11.449;11.478;11.449;11.466;40153
CNYRUBF;30;20260716;100000;11.468;11.524;11.466;11.515;370523
CNYRUBF;30;20260716;103000;11.515;11.537;11.49;11.492;386190
CNYRUBF;30;20260716;110000;11.492;11.514;11.475;11.498;272556
CNYRUBF;30;20260716;113000;11.498;11.528;11.498;11.527;148071
CNYRUBF;30;20260716;120000;11.526;11.532;11.495;11.496;161318
CNYRUBF;30;20260716;123000;11.496;11.505;11.471;11.488;138478
CNYRUBF;30;20260716;130000;11.488;11.537;11.486;11.531;137100
CNYRUBF;30;20260716;133000;11.531;11.59;11.513;11.569;366607
CNYRUBF;30;20260716;140000;11.57;11.59;11.56;11.577;184519
CNYRUBF;30;20260716;143000;11.578;11.597;11.569;11.591;177537
CNYRUBF;30;20260716;150000;11.592;11.597;11.578;11.586;119820
CNYRUBF;30;20260716;153000;11.587;11.594;11.575;11.581;81555
CNYRUBF;30;20260716;160000;11.581;11.593;11.568;11.578;135048
CNYRUBF;30;20260716;163000;11.577;11.579;11.546;11.564;199501
CNYRUBF;30;20260716;170000;11.564;11.591;11.554;11.584;52742
CNYRUBF;30;20260716;173000;11.583;11.59;11.569;11.574;100851
CNYRUBF;30;20260716;180000;11.575;11.581;11.556;11.58;69389
CNYRUBF;30;20260716;183000;11.578;11.589;11.566;11.588;58611
CNYRUBF;30;20260716;190000;11.589;11.605;11.576;11.603;129817
CNYRUBF;30;20260716;193000;11.603;11.609;11.586;11.597;58491
CNYRUBF;30;20260716;200000;11.598;11.606;11.586;11.59;25986
CNYRUBF;30;20260716;203000;11.59;11.605;11.587;11.605;17622
CNYRUBF;30;20260716;210000;11.605;11.614;11.595;11.595;25569
CNYRUBF;30;20260716;213000;11.595;11.598;11.593;11.593;10612
CNYRUBF;30;20260716;220000;11.593;11.606;11.591;11.596;7867
CNYRUBF;30;20260716;223000;11.595;11.601;11.593;11.599;20933
CNYRUBF;30;20260716;230000;11.598;11.604;11.587;11.602;21186
CNYRUBF;30;20260716;233000;11.602;11.605;11.598;11.602;14892
CNYRUBF;30;20260717;070000;11.604;11.643;11.594;11.611;59816
CNYRUBF;30;20260717;073000;11.611;11.627;11.6;11.609;13170
CNYRUBF;30;20260717;080000;11.61;11.612;11.596;11.598;14590
CNYRUBF;30;20260717;083000;11.599;11.603;11.58;11.587;36611
CNYRUBF;30;20260717;090000;11.585;11.6;11.561;11.585;80970
CNYRUBF;30;20260717;093000;11.585;11.585;11.526;11.561;95536
CNYRUBF;30;20260717;100000;11.561;11.635;11.55;11.602;390565
CNYRUBF;30;20260717;103000;11.602;11.609;11.572;11.594;200347
CNYRUBF;30;20260717;110000;11.593;11.593;11.561;11.571;156663
CNYRUBF;30;20260717;113000;11.571;11.574;11.522;11.523;238854
CNYRUBF;30;20260717;120000;11.523;11.555;11.514;11.544;393510
CNYRUBF;30;20260717;123000;11.544;11.568;11.542;11.561;182747
CNYRUBF;30;20260717;130000;11.562;11.574;11.546;11.569;210691
CNYRUBF;30;20260717;133000;11.569;11.571;11.537;11.561;305562
CNYRUBF;30;20260717;140000;11.561;11.573;11.502;11.54;359685
CNYRUBF;30;20260717;143000;11.539;11.557;11.53;11.548;343333
CNYRUBF;30;20260717;150000;11.55;11.568;11.543;11.565;98502
CNYRUBF;30;20260717;153000;11.565;11.581;11.558;11.563;145541
CNYRUBF;30;20260717;160000;11.562;11.569;11.553;11.553;87214
CNYRUBF;30;20260717;163000;11.555;11.571;11.551;11.555;120728
CNYRUBF;30;20260717;170000;11.555;11.56;11.537;11.548;66761
CNYRUBF;30;20260717;173000;11.548;11.571;11.544;11.564;113329
CNYRUBF;30;20260717;180000;11.565;11.568;11.562;11.567;37341
CNYRUBF;30;20260717;183000;11.567;11.579;11.559;11.576;78842
CNYRUBF;30;20260717;190000;11.576;11.578;11.558;11.567;13912
CNYRUBF;30;20260717;193000;11.565;11.591;11.553;11.59;38048
CNYRUBF;30;20260717;200000;11.59;11.596;11.582;11.596;32028
CNYRUBF;30;20260717;203000;11.596;11.597;11.588;11.596;23445
CNYRUBF;30;20260717;210000;11.596;11.596;11.582;11.585;11525
CNYRUBF;30;20260717;213000;11.585;11.591;11.58;11.59;17349
CNYRUBF;30;20260717;220000;11.59;11.599;11.589;11.599;12428
CNYRUBF;30;20260717;223000;11.599;11.615;11.598;11.606;22679
CNYRUBF;30;20260717;230000;11.605;11.606;11.594;11.599;10178
CNYRUBF;30;20260717;233000;11.599;11.601;11.59;11.594;6890
CNYRUBF;30;20260718;100000;11.607;11.613;11.573;11.613;15322
CNYRUBF;30;20260718;103000;11.613;11.623;11.606;11.619;9971
CNYRUBF;30;20260718;110000;11.619;11.633;11.61;11.616;24533
CNYRUBF;30;20260718;113000;11.612;11.621;11.605;11.62;4791
CNYRUBF;30;20260718;120000;11.62;11.627;11.609;11.611;2206
CNYRUBF;30;20260718;123000;11.614;11.622;11.607;11.616;10184
CNYRUBF;30;20260718;130000;11.616;11.62;11.604;11.606;5114
CNYRUBF;30;20260718;133000;11.605;11.609;11.597;11.603;3567
CNYRUBF;30;20260718;140000;11.603;11.603;11.589;11.601;4262
CNYRUBF;30;20260718;143000;11.6;11.6;11.567;11.568;17510
CNYRUBF;30;20260718;150000;11.568;11.57;11.555;11.567;11293
CNYRUBF;30;20260718;153000;11.567;11.579;11.563;11.579;4165
CNYRUBF;30;20260718;160000;11.578;11.584;11.574;11.581;1440
CNYRUBF;30;20260718;163000;11.58;11.592;11.574;11.59;1430
CNYRUBF;30;20260718;170000;11.59;11.59;11.578;11.583;1450
CNYRUBF;30;20260718;173000;11.583;11.587;11.574;11.575;2045
CNYRUBF;30;20260718;180000;11.579;11.586;11.576;11.581;366
CNYRUBF;30;20260718;183000;11.581;11.586;11.579;11.584;820
CNYRUBF;30;20260719;093000;11.583;11.583;11.583;11.583;201
CNYRUBF;30;20260719;100000;11.58;11.594;11.577;11.592;12588
CNYRUBF;30;20260719;103000;11.595;11.595;11.576;11.576;1933
CNYRUBF;30;20260719;110000;11.576;11.579;11.559;11.559;4552
CNYRUBF;30;20260719;113000;11.559;11.563;11.549;11.56;10870
CNYRUBF;30;20260719;120000;11.56;11.563;11.543;11.552;5168
CNYRUBF;30;20260719;123000;11.553;11.569;11.553;11.556;6140
CNYRUBF;30;20260719;130000;11.556;11.559;11.555;11.559;2104
CNYRUBF;30;20260719;133000;11.556;11.557;11.552;11.552;1126
CNYRUBF;30;20260719;140000;11.554;11.561;11.549;11.553;2606
CNYRUBF;30;20260719;143000;11.556;11.564;11.554;11.555;723
CNYRUBF;30;20260719;150000;11.558;11.562;11.556;11.562;609
CNYRUBF;30;20260719;153000;11.562;11.562;11.556;11.556;2065
CNYRUBF;30;20260719;160000;11.556;11.561;11.554;11.558;1253
CNYRUBF;30;20260719;163000;11.558;11.561;11.552;11.553;2432
CNYRUBF;30;20260719;170000;11.553;11.558;11.551;11.555;1328
CNYRUBF;30;20260719;173000;11.558;11.559;11.555;11.559;2109
CNYRUBF;30;20260719;180000;11.559;11.559;11.558;11.559;10220
CNYRUBF;30;20260719;183000;11.559;11.559;11.552;11.555;2689
CNYRUBF;30;20260720;070000;11.561;11.576;11.551;11.575;11469
CNYRUBF;30;20260720;073000;11.574;11.589;11.572;11.582;12561
CNYRUBF;30;20260720;080000;11.582;11.588;11.58;11.583;5151
CNYRUBF;30;20260720;083000;11.582;11.595;11.576;11.582;15098
CNYRUBF;30;20260720;090000;11.581;11.607;11.58;11.601;39400
CNYRUBF;30;20260720;093000;11.602;11.605;11.581;11.585;44330
CNYRUBF;30;20260720;100000;11.583;11.615;11.55;11.587;383174
CNYRUBF;30;20260720;103000;11.588;11.611;11.573;11.611;213492
CNYRUBF;30;20260720;110000;11.611;11.625;11.582;11.586;326107
CNYRUBF;30;20260720;113000;11.586;11.608;11.573;11.595;141819
CNYRUBF;30;20260720;120000;11.595;11.596;11.559;11.568;143791
CNYRUBF;30;20260720;123000;11.568;11.571;11.523;11.552;261183
CNYRUBF;30;20260720;130000;11.551;11.563;11.535;11.56;225318
CNYRUBF;30;20260720;133000;11.56;11.576;11.557;11.569;133621
CNYRUBF;30;20260720;140000;11.569;11.584;11.566;11.576;85661
CNYRUBF;30;20260720;143000;11.576;11.578;11.563;11.564;77864
CNYRUBF;30;20260720;150000;11.564;11.566;11.552;11.553;59748
CNYRUBF;30;20260720;153000;11.553;11.572;11.549;11.563;102759
CNYRUBF;30;20260720;160000;11.563;11.572;11.561;11.565;70585
CNYRUBF;30;20260720;163000;11.565;11.648;11.563;11.646;446371
CNYRUBF;30;20260720;170000;11.645;11.655;11.614;11.626;277676
CNYRUBF;30;20260720;173000;11.625;11.631;11.605;11.628;123128
CNYRUBF;30;20260720;180000;11.63;11.66;11.615;11.63;275182
CNYRUBF;30;20260720;183000;11.627;11.646;11.621;11.642;56418
CNYRUBF;30;20260720;190000;11.642;11.643;11.62;11.622;24391
CNYRUBF;30;20260720;193000;11.623;11.625;11.606;11.621;39743
CNYRUBF;30;20260720;200000;11.623;11.626;11.613;11.619;17252
CNYRUBF;30;20260720;203000;11.616;11.627;11.616;11.622;10064
CNYRUBF;30;20260720;210000;11.621;11.623;11.618;11.62;4400
CNYRUBF;30;20260720;213000;11.62;11.633;11.62;11.624;15329
CNYRUBF;30;20260720;220000;11.624;11.624;11.612;11.617;9604
CNYRUBF;30;20260720;223000;11.617;11.617;11.602;11.614;17439
CNYRUBF;30;20260720;230000;11.613;11.614;11.609;11.612;5077
CNYRUBF;30;20260720;233000;11.61;11.616;11.606;11.611;5060
CNYRUBF;30;20260721;070000;11.62;11.636;11.61;11.625;27677
CNYRUBF;30;20260721;073000;11.625;11.634;11.613;11.632;11949
CNYRUBF;30;20260721;080000;11.632;11.636;11.629;11.63;7687
CNYRUBF;30;20260721;083000;11.63;11.643;11.621;11.643;13797
CNYRUBF;30;20260721;090000;11.643;11.663;11.641;11.657;61579
CNYRUBF;30;20260721;093000;11.657;11.674;11.635;11.651;84414
CNYRUBF;30;20260721;100000;11.652;11.658;11.593;11.617;518431
CNYRUBF;30;20260721;103000;11.617;11.634;11.603;11.622;166334
CNYRUBF;30;20260721;110000;11.622;11.625;11.581;11.592;239889
CNYRUBF;30;20260721;113000;11.593;11.597;11.575;11.588;147221
CNYRUBF;30;20260721;120000;11.589;11.634;11.581;11.628;434277
CNYRUBF;30;20260721;123000;11.627;11.645;11.618;11.628;182406
CNYRUBF;30;20260721;130000;11.627;11.647;11.612;11.619;150406
CNYRUBF;30;20260721;133000;11.619;11.623;11.605;11.615;61535
CNYRUBF;30;20260721;140000;11.614;11.617;11.602;11.609;111798
CNYRUBF;30;20260721;143000;11.609;11.616;11.593;11.593;73398
CNYRUBF;30;20260721;150000;11.593;11.607;11.588;11.604;197733
CNYRUBF;30;20260721;153000;11.604;11.615;11.601;11.603;107883
CNYRUBF;30;20260721;160000;11.603;11.608;11.593;11.598;115086
CNYRUBF;30;20260721;163000;11.597;11.598;11.57;11.574;320874
CNYRUBF;30;20260721;170000;11.575;11.582;11.554;11.573;205053
CNYRUBF;30;20260721;173000;11.574;11.586;11.57;11.575;67465
CNYRUBF;30;20260721;180000;11.575;11.588;11.57;11.586;39690
CNYRUBF;30;20260721;183000;11.586;11.603;11.581;11.597;54231
CNYRUBF;30;20260721;190000;11.596;11.597;11.587;11.592;12697
CNYRUBF;30;20260721;193000;11.592;11.599;11.588;11.589;7399
CNYRUBF;30;20260721;200000;11.589;11.599;11.586;11.597;4241
CNYRUBF;30;20260721;203000;11.598;11.599;11.594;11.599;11933
CNYRUBF;30;20260721;210000;11.599;11.599;11.591;11.595;4963
CNYRUBF;30;20260721;213000;11.595;11.596;11.586;11.587;11145
CNYRUBF;30;20260721;220000;11.588;11.589;11.583;11.584;9324
CNYRUBF;30;20260721;223000;11.586;11.59;11.584;11.588;3341
CNYRUBF;30;20260721;230000;11.587;11.587;11.584;11.587;4443
CNYRUBF;30;20260721;233000;11.587;11.59;11.584;11.59;4146
CNYRUBF;30;20260722;070000;11.592;11.608;11.585;11.592;10801
CNYRUBF;30;20260722;073000;11.591;11.592;11.587;11.589;15896
CNYRUBF;30;20260722;080000;11.591;11.599;11.591;11.592;4801
CNYRUBF;30;20260722;083000;11.596;11.603;11.583;11.601;12770
CNYRUBF;30;20260722;090000;11.603;11.606;11.585;11.601;16654
CNYRUBF;30;20260722;093000;11.601;11.607;11.592;11.594;15747
CNYRUBF;30;20260722;100000;11.594;11.615;11.57;11.577;233227
CNYRUBF;30;20260722;103000;11.578;11.603;11.572;11.599;87188
CNYRUBF;30;20260722;110000;11.6;11.616;11.592;11.615;111002
CNYRUBF;30;20260722;113000;11.615;11.634;11.6;11.622;229207
CNYRUBF;30;20260722;120000;11.623;11.626;11.587;11.59;184529
CNYRUBF;30;20260722;123000;11.591;11.598;11.578;11.584;147859
CNYRUBF;30;20260722;130000;11.584;11.584;11.526;11.557;466689
CNYRUBF;30;20260722;133000;11.556;11.57;11.55;11.558;191444
CNYRUBF;30;20260722;140000;11.557;11.575;11.555;11.575;101459
CNYRUBF;30;20260722;143000;11.574;11.585;11.572;11.581;55416
CNYRUBF;30;20260722;150000;11.581;11.597;11.573;11.582;92842
CNYRUBF;30;20260722;153000;11.582;11.601;11.574;11.597;138839
CNYRUBF;30;20260722;160000;11.598;11.607;11.581;11.583;78011
CNYRUBF;30;20260722;163000;11.583;11.583;11.562;11.567;90354
CNYRUBF;30;20260722;170000;11.568;11.584;11.544;11.564;78881
CNYRUBF;30;20260722;173000;11.565;11.573;11.555;11.555;50389
CNYRUBF;30;20260722;180000;11.554;11.562;11.547;11.559;114930
CNYRUBF;30;20260722;183000;11.558;11.558;11.54;11.55;81530
CNYRUBF;30;20260722;190000;11.549;11.559;11.546;11.558;29974
CNYRUBF;30;20260722;193000;11.558;11.558;11.547;11.549;33287
CNYRUBF;30;20260722;200000;11.548;11.552;11.546;11.546;21585
CNYRUBF;30;20260722;203000;11.547;11.55;11.546;11.549;5243
CNYRUBF;30;20260722;210000;11.55;11.551;11.542;11.543;11164
CNYRUBF;30;20260722;213000;11.544;11.549;11.542;11.548;5446
CNYRUBF;30;20260722;220000;11.547;11.555;11.542;11.55;6028
CNYRUBF;30;20260722;223000;11.55;11.556;11.55;11.554;10901
CNYRUBF;30;20260722;230000;11.555;11.558;11.554;11.556;4088
CNYRUBF;30;20260722;233000;11.555;11.558;11.545;11.558;7695
CNYRUBF;30;20260723;070000;11.55;11.558;11.506;11.54;70403
CNYRUBF;30;20260723;073000;11.536;11.536;11.517;11.531;18213
CNYRUBF;30;20260723;080000;11.53;11.541;11.526;11.531;10019
CNYRUBF;30;20260723;083000;11.531;11.549;11.526;11.537;26046
CNYRUBF;30;20260723;090000;11.536;11.549;11.52;11.53;49797
CNYRUBF;30;20260723;093000;11.528;11.53;11.51;11.53;70058
CNYRUBF;30;20260723;100000;11.53;11.564;11.525;11.548;333662
CNYRUBF;30;20260723;103000;11.548;11.605;11.539;11.601;412489
CNYRUBF;30;20260723;110000;11.602;11.612;11.585;11.589;199391
CNYRUBF;30;20260723;113000;11.588;11.599;11.581;11.584;163420
CNYRUBF;30;20260723;120000;11.585;11.59;11.573;11.583;144439
CNYRUBF;30;20260723;123000;11.584;11.612;11.583;11.606;214218
CNYRUBF;30;20260723;130000;11.607;11.612;11.58;11.587;175459
CNYRUBF;30;20260723;133000;11.587;11.594;11.573;11.588;113080
CNYRUBF;30;20260723;140000;11.588;11.6;11.573;11.586;63510
CNYRUBF;30;20260723;143000;11.584;11.591;11.576;11.581;42138
CNYRUBF;30;20260723;150000;11.581;11.597;11.578;11.591;67480
CNYRUBF;30;20260723;153000;11.592;11.6;11.575;11.578;129696
CNYRUBF;30;20260723;160000;11.578;11.594;11.565;11.592;74811
CNYRUBF;30;20260723;163000;11.592;11.602;11.589;11.599;70266
CNYRUBF;30;20260723;170000;11.599;11.6;11.588;11.595;74063
CNYRUBF;30;20260723;173000;11.595;11.602;11.582;11.585;97882
CNYRUBF;30;20260723;180000;11.584;11.594;11.583;11.589;42959
CNYRUBF;30;20260723;183000;11.589;11.598;11.567;11.572;161686
CNYRUBF;30;20260723;190000;11.572;11.573;11.55;11.564;76148
CNYRUBF;30;20260723;193000;11.563;11.563;11.55;11.556;11384
CNYRUBF;30;20260723;200000;11.557;11.557;11.535;11.549;27263
CNYRUBF;30;20260723;203000;11.548;11.549;11.533;11.536;48385
CNYRUBF;30;20260723;210000;11.536;11.553;11.534;11.549;14881
CNYRUBF;30;20260723;213000;11.549;11.557;11.548;11.556;8033
CNYRUBF;30;20260723;220000;11.558;11.56;11.554;11.557;12588
CNYRUBF;30;20260723;223000;11.557;11.558;11.549;11.552;2879
CNYRUBF;30;20260723;230000;11.552;11.554;11.543;11.543;6287
CNYRUBF;30;20260723;233000;11.544;11.559;11.54;11.559;7308
CNYRUBF;30;20260724;070000;11.544;11.569;11.543;11.562;29937
CNYRUBF;30;20260724;073000;11.563;11.569;11.548;11.55;9796
CNYRUBF;30;20260724;080000;11.55;11.581;11.549;11.568;24696
CNYRUBF;30;20260724;083000;11.57;11.577;11.561;11.571;7431
CNYRUBF;30;20260724;090000;11.574;11.578;11.52;11.532;64663
CNYRUBF;30;20260724;093000;11.532;11.55;11.522;11.535;63603
CNYRUBF;30;20260724;100000;11.536;11.556;11.49;11.521;463521
CNYRUBF;30;20260724;103000;11.521;11.534;11.515;11.529;149805
CNYRUBF;30;20260724;110000;11.528;11.549;11.524;11.54;144987
CNYRUBF;30;20260724;113000;11.54;11.54;11.49;11.502;249404
CNYRUBF;30;20260724;120000;11.501;11.52;11.481;11.513;272957
CNYRUBF;30;20260724;123000;11.512;11.516;11.497;11.506;74865
CNYRUBF;30;20260724;130000;11.505;11.509;11.467;11.485;224154
CNYRUBF;30;20260724;133000;11.485;11.521;11.48;11.498;241819
CNYRUBF;30;20260724;140000;11.498;11.513;11.474;11.475;107294
CNYRUBF;30;20260724;143000;11.476;11.494;11.469;11.486;102863
CNYRUBF;30;20260724;150000;11.486;11.493;11.445;11.483;254988
CNYRUBF;30;20260724;153000;11.482;11.512;11.477;11.487;135810
CNYRUBF;30;20260724;160000;11.488;11.498;11.473;11.479;50595
CNYRUBF;30;20260724;163000;11.48;11.493;11.465;11.472;93134
CNYRUBF;30;20260724;170000;11.471;11.472;11.445;11.447;166673
CNYRUBF;30;20260724;173000;11.447;11.472;11.445;11.456;105813
CNYRUBF;30;20260724;180000;11.457;11.471;11.445;11.47;63164
CNYRUBF;30;20260724;183000;11.471;11.48;11.46;11.475;50680
CNYRUBF;30;20260724;190000;11.473;11.483;11.469;11.483;13549
CNYRUBF;30;20260724;193000;11.484;11.486;11.474;11.475;6684
CNYRUBF;30;20260724;200000;11.475;11.475;11.462;11.468;8202
CNYRUBF;30;20260724;203000;11.467;11.468;11.461;11.466;4714
CNYRUBF;30;20260724;210000;11.466;11.471;11.464;11.468;1687
CNYRUBF;30;20260724;213000;11.468;11.474;11.466;11.471;2822
CNYRUBF;30;20260724;220000;11.472;11.485;11.472;11.482;11484
CNYRUBF;30;20260724;223000;11.483;11.484;11.478;11.48;9716
CNYRUBF;30;20260724;230000;11.481;11.482;11.473;11.473;1789
CNYRUBF;30;20260724;233000;11.473;11.485;11.473;11.474;3309
CNYRUBF;30;20260725;093000;11.471;11.471;11.471;11.471;10
CNYRUBF;30;20260725;100000;11.482;11.5;11.471;11.491;10546
CNYRUBF;30;20260725;103000;11.488;11.494;11.481;11.487;2787
CNYRUBF;30;20260725;110000;11.487;11.493;11.483;11.486;3579
CNYRUBF;30;20260725;113000;11.483;11.487;11.467;11.482;6883
CNYRUBF;30;20260725;120000;11.482;11.488;11.473;11.486;2267
CNYRUBF;30;20260725;123000;11.486;11.488;11.482;11.486;2468
CNYRUBF;30;20260725;130000;11.488;11.49;11.48;11.48;1274
CNYRUBF;30;20260725;133000;11.48;11.483;11.471;11.477;2218
CNYRUBF;30;20260725;140000;11.476;11.485;11.473;11.479;1755
CNYRUBF;30;20260725;143000;11.482;11.484;11.478;11.479;88
CNYRUBF;30;20260725;150000;11.48;11.482;11.475;11.479;423
CNYRUBF;30;20260725;153000;11.48;11.482;11.475;11.479;337
CNYRUBF;30;20260725;160000;11.479;11.483;11.479;11.48;290
CNYRUBF;30;20260725;163000;11.48;11.485;11.477;11.479;1812
CNYRUBF;30;20260725;170000;11.478;11.48;11.475;11.477;2599
CNYRUBF;30;20260725;173000;11.48;11.482;11.477;11.477;44
CNYRUBF;30;20260725;180000;11.477;11.48;11.476;11.48;502
CNYRUBF;30;20260725;183000;11.48;11.486;11.476;11.477;562
CNYRUBF;30;20260726;093000;11.482;11.482;11.482;11.482;122
CNYRUBF;30;20260726;100000;11.482;11.489;11.473;11.489;8430
CNYRUBF;30;20260726;103000;11.488;11.493;11.485;11.492;1591
CNYRUBF;30;20260726;110000;11.492;11.496;11.488;11.494;2271
CNYRUBF;30;20260726;113000;11.493;11.493;11.487;11.493;686
CNYRUBF;30;20260726;120000;11.492;11.493;11.487;11.491;509
CNYRUBF;30;20260726;123000;11.492;11.495;11.491;11.494;2472
CNYRUBF;30;20260726;130000;11.495;11.496;11.494;11.495;3602
CNYRUBF;30;20260726;133000;11.495;11.497;11.494;11.494;2217
CNYRUBF;30;20260726;140000;11.496;11.496;11.492;11.495;356
CNYRUBF;30;20260726;143000;11.493;11.496;11.492;11.495;495
CNYRUBF;30;20260726;150000;11.493;11.494;11.492;11.494;154
CNYRUBF;30;20260726;153000;11.494;11.496;11.494;11.496;1103
CNYRUBF;30;20260726;160000;11.496;11.497;11.485;11.491;2555
CNYRUBF;30;20260726;163000;11.492;11.497;11.485;11.487;954
CNYRUBF;30;20260726;170000;11.486;11.492;11.485;11.492;457
CNYRUBF;30;20260726;173000;11.494;11.497;11.49;11.497;1185
CNYRUBF;30;20260726;180000;11.493;11.496;11.492;11.496;533
CNYRUBF;30;20260726;183000;11.496;11.497;11.488;11.497;4529
CNYRUBF;30;20260727;070000;11.497;11.5;11.489;11.493;11673
CNYRUBF;30;20260727;073000;11.493;11.5;11.485;11.485;10823
CNYRUBF;30;20260727;080000;11.486;11.494;11.484;11.492;6996
CNYRUBF;30;20260727;083000;11.492;11.499;11.492;11.495;6011
CNYRUBF;30;20260727;090000;11.496;11.524;11.49;11.51;47199
CNYRUBF;30;20260727;093000;11.51;11.542;11.51;11.518;77024
CNYRUBF;30;20260727;100000;11.518;11.577;11.515;11.54;509515
CNYRUBF;30;20260727;103000;11.541;11.542;11.518;11.521;156682
CNYRUBF;30;20260727;110000;11.521;11.538;11.516;11.538;77019
CNYRUBF;30;20260727;113000;11.538;11.541;11.509;11.515;109916
CNYRUBF;30;20260727;120000;11.514;11.534;11.51;11.529;79497
CNYRUBF;30;20260727;123000;11.529;11.53;11.513;11.517;79892
CNYRUBF;30;20260727;130000;11.517;11.518;11.493;11.506;284270
CNYRUBF;30;20260727;133000;11.507;11.513;11.492;11.495;143759
CNYRUBF;30;20260727;140000;11.495;11.509;11.49;11.505;43291
CNYRUBF;30;20260727;143000;11.506;11.519;11.493;11.513;133306
CNYRUBF;30;20260727;150000;11.513;11.528;11.51;11.52;95345
CNYRUBF;30;20260727;153000;11.519;11.527;11.513;11.524;106132
CNYRUBF;30;20260727;160000;11.523;11.527;11.513;11.52;37025
CNYRUBF;30;20260727;163000;11.52;11.525;11.505;11.509;118994
CNYRUBF;30;20260727;170000;11.509;11.52;11.504;11.519;87813
CNYRUBF;30;20260727;173000;11.519;11.536;11.512;11.534;105860
CNYRUBF;30;20260727;180000;11.534;11.564;11.53;11.538;178919
CNYRUBF;30;20260727;183000;11.538;11.555;11.535;11.551;52408
CNYRUBF;30;20260727;190000;11.551;11.554;11.543;11.548;13453
CNYRUBF;30;20260727;193000;11.548;11.55;11.542;11.548;5816
CNYRUBF;30;20260727;200000;11.548;11.549;11.542;11.542;8562
CNYRUBF;30;20260727;203000;11.543;11.545;11.539;11.54;10429
CNYRUBF;30;20260727;210000;11.539;11.54;11.533;11.535;25259
CNYRUBF;30;20260727;213000;11.535;11.54;11.535;11.539;3094
CNYRUBF;30;20260727;220000;11.538;11.539;11.536;11.538;2822
CNYRUBF;30;20260727;223000;11.538;11.545;11.537;11.544;2122
CNYRUBF;30;20260727;230000;11.544;11.545;11.542;11.545;2731
CNYRUBF;30;20260727;233000;11.544;11.551;11.54;11.551;6581
CNYRUBF;30;20260728;070000;11.55;11.572;11.541;11.561;15983
CNYRUBF;30;20260728;073000;11.564;11.57;11.561;11.569;3823
CNYRUBF;30;20260728;080000;11.568;11.585;11.568;11.581;37539
CNYRUBF;30;20260728;083000;11.581;11.584;11.566;11.569;14688
CNYRUBF;30;20260728;090000;11.57;11.624;11.554;11.597;155781
CNYRUBF;30;20260728;093000;11.597;11.618;11.585;11.591;80752
CNYRUBF;30;20260728;100000;11.591;11.611;11.582;11.589;340383
CNYRUBF;30;20260728;103000;11.589;11.604;11.575;11.594;198958
CNYRUBF;30;20260728;110000;11.594;11.607;11.587;11.594;133891
CNYRUBF;30;20260728;113000;11.595;11.599;11.59;11.591;74176
CNYRUBF;30;20260728;120000;11.592;11.594;11.587;11.591;58003
CNYRUBF;30;20260728;123000;11.591;11.595;11.585;11.59;58071
CNYRUBF;30;20260728;130000;11.591;11.592;11.577;11.589;103023
CNYRUBF;30;20260728;133000;11.587;11.596;11.582;11.584;38265
CNYRUBF;30;20260728;140000;11.584;11.598;11.577;11.588;40483
CNYRUBF;30;20260728;143000;11.588;11.601;11.586;11.596;55714
CNYRUBF;30;20260728;150000;11.596;11.611;11.586;11.605;107604
CNYRUBF;30;20260728;153000;11.605;11.613;11.598;11.604;218376
CNYRUBF;30;20260728;160000;11.604;11.611;11.6;11.606;57538
CNYRUBF;30;20260728;163000;11.607;11.609;11.594;11.595;90830
CNYRUBF;30;20260728;170000;11.595;11.618;11.594;11.613;82327
CNYRUBF;30;20260728;173000;11.613;11.649;11.613;11.647;531723
CNYRUBF;30;20260728;180000;11.646;11.704;11.639;11.692;677786
CNYRUBF;30;20260728;183000;11.692;11.699;11.67;11.672;279854
CNYRUBF;30;20260728;190000;11.672;11.699;11.669;11.693;123446
CNYRUBF;30;20260728;193000;11.693;11.695;11.688;11.69;28102
CNYRUBF;30;20260728;200000;11.691;11.698;11.69;11.695;18947
CNYRUBF;30;20260728;203000;11.695;11.705;11.694;11.703;69776
CNYRUBF;30;20260728;210000;11.704;11.704;11.697;11.702;10451
CNYRUBF;30;20260728;213000;11.702;11.709;11.7;11.707;29230
CNYRUBF;30;20260728;220000;11.707;11.707;11.698;11.702;11617
CNYRUBF;30;20260728;223000;11.702;11.705;11.694;11.701;17812
CNYRUBF;30;20260728;230000;11.701;11.704;11.691;11.7;31030
CNYRUBF;30;20260728;233000;11.699;11.708;11.695;11.708;12317
CNYRUBF;30;20260729;070000;11.7;11.707;11.671;11.695;45028
CNYRUBF;30;20260729;073000;11.695;11.7;11.69;11.697;9649
CNYRUBF;30;20260729;080000;11.697;11.7;11.695;11.695;8469
CNYRUBF;30;20260729;083000;11.696;11.717;11.695;11.717;47545
CNYRUBF;30;20260729;090000;11.717;11.73;11.71;11.73;62448
CNYRUBF;30;20260729;093000;11.729;11.746;11.725;11.734;176499
CNYRUBF;30;20260729;100000;11.733;11.737;11.69;11.704;398120
CNYRUBF;30;20260729;103000;11.704;11.74;11.702;11.733;238005
CNYRUBF;30;20260729;110000;11.734;11.762;11.73;11.732;308232
CNYRUBF;30;20260729;113000;11.732;11.738;11.701;11.712;185860
CNYRUBF;30;20260729;120000;11.711;11.743;11.706;11.74;163833
CNYRUBF;30;20260729;123000;11.74;11.742;11.716;11.725;92105
CNYRUBF;30;20260729;130000;11.725;11.756;11.724;11.742;93011
CNYRUBF;30;20260729;133000;11.742;11.749;11.736;11.746;42535
CNYRUBF;30;20260729;140000;11.746;11.753;11.732;11.733;44628
CNYRUBF;30;20260729;143000;11.734;11.742;11.728;11.729;58312
CNYRUBF;30;20260729;150000;11.729;11.739;11.725;11.736;59862
CNYRUBF;30;20260729;153000;11.737;11.747;11.734;11.735;108152
CNYRUBF;30;20260729;160000;11.736;11.749;11.727;11.737;131112
CNYRUBF;30;20260729;163000;11.737;11.752;11.734;11.747;44885
CNYRUBF;30;20260729;170000;11.747;11.785;11.741;11.775;190508
CNYRUBF;30;20260729;173000;11.775;11.795;11.773;11.791;161518
CNYRUBF;30;20260729;180000;11.791;11.809;11.79;11.804;129216
CNYRUBF;30;20260729;183000;11.804;11.805;11.789;11.795;62592
CNYRUBF;30;20260729;190000;11.795;11.815;11.791;11.812;89571
CNYRUBF;30;20260729;193000;11.812;11.817;11.806;11.806;22553
CNYRUBF;30;20260729;200000;11.808;11.808;11.783;11.785;50627
CNYRUBF;30;20260729;203000;11.784;11.795;11.784;11.795;17557
CNYRUBF;30;20260729;210000;11.795;11.795;11.788;11.79;21458
CNYRUBF;30;20260729;213000;11.791;11.793;11.782;11.792;16310
CNYRUBF;30;20260729;220000;11.792;11.804;11.789;11.802;15155
CNYRUBF;30;20260729;223000;11.801;11.808;11.801;11.806;6199
CNYRUBF;30;20260729;230000;11.805;11.807;11.801;11.802;7020
CNYRUBF;30;20260729;233000;11.802;11.814;11.802;11.806;10499
CNYRUBF;30;20260730;070000;11.814;11.834;11.799;11.803;34339
CNYRUBF;30;20260730;073000;11.803;11.806;11.801;11.805;10965
CNYRUBF;30;20260730;080000;11.806;11.81;11.805;11.808;7515
CNYRUBF;30;20260730;083000;11.805;11.809;11.788;11.8;24039
CNYRUBF;30;20260730;090000;11.798;11.802;11.791;11.793;38079
CNYRUBF;30;20260730;093000;11.794;11.796;11.782;11.79;50701
CNYRUBF;30;20260730;100000;11.791;11.82;11.772;11.795;281463
CNYRUBF;30;20260730;103000;11.794;11.81;11.792;11.804;133830
CNYRUBF;30;20260730;110000;11.803;11.837;11.802;11.818;230430
CNYRUBF;30;20260730;113000;11.818;11.822;11.801;11.807;119539
CNYRUBF;30;20260730;120000;11.807;11.808;11.794;11.807;97316
CNYRUBF;30;20260730;123000;11.806;11.824;11.806;11.816;97934
CNYRUBF;30;20260730;130000;11.815;11.874;11.815;11.862;321708
CNYRUBF;30;20260730;133000;11.862;11.884;11.851;11.866;149850
CNYRUBF;30;20260730;140000;11.866;11.869;11.831;11.843;238459
CNYRUBF;30;20260730;143000;11.844;11.857;11.839;11.855;63611
CNYRUBF;30;20260730;150000;11.856;11.869;11.845;11.848;95979
CNYRUBF;30;20260730;153000;11.85;11.856;11.823;11.83;103172
CNYRUBF;30;20260730;160000;11.831;11.832;11.795;11.817;283205
CNYRUBF;30;20260730;163000;11.817;11.833;11.811;11.825;106267
CNYRUBF;30;20260730;170000;11.825;11.832;11.814;11.815;112675
CNYRUBF;30;20260730;173000;11.816;11.837;11.815;11.829;92508
CNYRUBF;30;20260730;180000;11.83;11.836;11.812;11.813;66870
CNYRUBF;30;20260730;183000;11.813;11.813;11.752;11.753;328035
CNYRUBF;30;20260730;190000;11.753;11.754;11.673;11.706;361056
CNYRUBF;30;20260730;193000;11.706;11.707;11.654;11.687;365042
CNYRUBF;30;20260730;200000;11.687;11.723;11.674;11.714;140470
CNYRUBF;30;20260730;203000;11.714;11.73;11.703;11.721;85834
CNYRUBF;30;20260730;210000;11.721;11.726;11.708;11.718;20114
CNYRUBF;30;20260730;213000;11.718;11.718;11.701;11.703;16107
CNYRUBF;30;20260730;220000;11.701;11.716;11.7;11.713;15390
CNYRUBF;30;20260730;223000;11.713;11.719;11.707;11.717;15650
CNYRUBF;30;20260730;230000;11.717;11.718;11.709;11.709;8288
CNYRUBF;30;20260730;233000;11.712;11.715;11.708;11.712;7814
CNYRUBF;30;20260731;070000;11.709;11.738;11.709;11.738;23345
CNYRUBF;30;20260731;073000;11.738;11.742;11.717;11.72;19686
CNYRUBF;30;20260731;080000;11.718;11.729;11.711;11.728;9427
CNYRUBF;30;20260731;083000;11.728;11.736;11.726;11.734;9193
CNYRUBF;30;20260731;090000;11.734;11.75;11.723;11.746;44828
CNYRUBF;30;20260731;093000;11.746;11.749;11.715;11.723;86465
CNYRUBF;30;20260731;100000;11.723;11.771;11.718;11.767;332875
CNYRUBF;30;20260731;103000;11.766;11.783;11.761;11.768;278930
CNYRUBF;30;20260731;110000;11.767;11.784;11.762;11.77;90605
CNYRUBF;30;20260731;113000;11.769;11.779;11.766;11.776;82991
CNYRUBF;30;20260731;120000;11.775;11.793;11.773;11.789;101997
CNYRUBF;30;20260731;123000;11.788;11.791;11.774;11.776;79579
CNYRUBF;30;20260731;130000;11.777;11.777;11.76;11.769;84866
CNYRUBF;30;20260731;133000;11.769;11.779;11.765;11.778;64242
CNYRUBF;30;20260731;140000;11.779;11.787;11.775;11.779;44747
CNYRUBF;30;20260731;143000;11.778;11.786;11.778;11.78;49828
CNYRUBF;30;20260731;150000;11.78;11.783;11.768;11.773;43257
CNYRUBF;30;20260731;153000;11.772;11.779;11.736;11.739;96047
CNYRUBF;30;20260731;160000;11.739;11.745;11.693;11.739;576422
CNYRUBF;30;20260731;163000;11.739;11.758;11.736;11.742;102080
CNYRUBF;30;20260731;170000;11.743;11.757;11.736;11.746;69192
CNYRUBF;30;20260731;173000;11.744;11.758;11.731;11.735;64427
CNYRUBF;30;20260731;180000;11.736;11.76;11.723;11.738;134985
CNYRUBF;30;20260731;183000;11.739;11.745;11.734;11.737;49713
CNYRUBF;30;20260731;190000;11.739;11.745;11.731;11.742;7677
CNYRUBF;30;20260731;193000;11.742;11.746;11.739;11.743;4302
CNYRUBF;30;20260731;200000;11.745;11.749;11.743;11.748;2077
CNYRUBF;30;20260731;203000;11.748;11.748;11.741;11.746;3663
CNYRUBF;30;20260731;210000;11.746;11.746;11.733;11.739;9614
CNYRUBF;30;20260731;213000;11.739;11.742;11.738;11.741;1692
CNYRUBF;30;20260731;220000;11.742;11.746;11.741;11.743;4986
CNYRUBF;30;20260731;223000;11.744;11.747;11.743;11.745;6381
CNYRUBF;30;20260731;230000;11.745;11.747;11.745;11.746;2493
CNYRUBF;30;20260731;233000;11.747;11.747;11.743;11.746;4272
CNYRUBF;30;20260803;070000;11.76;11.766;11.747;11.764;11001
CNYRUBF;30;20260803;073000;11.764;11.778;11.764;11.777;23094
CNYRUBF;30;20260803;080000;11.779;11.782;11.752;11.779;32457
CNYRUBF;30;20260803;083000;11.779;11.784;11.772;11.78;17483
CNYRUBF;30;20260803;090000;11.779;11.78;11.762;11.765;26277
CNYRUBF;30;20260803;093000;11.764;11.782;11.76;11.774;56827
CNYRUBF;30;20260803;100000;11.773;11.824;11.762;11.798;378084
CNYRUBF;30;20260803;103000;11.798;11.831;11.795;11.824;203067
CNYRUBF;30;20260803;110000;11.826;11.856;11.818;11.833;254248
CNYRUBF;30;20260803;113000;11.834;11.838;11.823;11.827;129163
CNYRUBF;30;20260803;120000;11.828;11.84;11.819;11.837;79813
CNYRUBF;30;20260803;123000;11.837;11.868;11.837;11.848;160954
CNYRUBF;30;20260803;130000;11.849;11.861;11.843;11.854;91130
CNYRUBF;30;20260803;133000;11.856;11.87;11.841;11.849;106704
CNYRUBF;30;20260803;140000;11.848;11.864;11.837;11.861;84143
CNYRUBF;30;20260803;143000;11.86;11.878;11.86;11.878;120718
CNYRUBF;30;20260803;150000;11.878;11.889;11.869;11.871;84752
CNYRUBF;30;20260803;153000;11.871;11.876;11.843;11.871;146459
CNYRUBF;30;20260803;160000;11.873;11.873;11.853;11.86;71310
CNYRUBF;30;20260803;163000;11.861;11.89;11.86;11.868;76399
CNYRUBF;30;20260803;170000;11.869;11.9;11.859;11.888;238326
CNYRUBF;30;20260803;173000;11.888;11.92;11.887;11.918;189296
CNYRUBF;30;20260803;180000;11.917;11.962;11.913;11.951;354046
CNYRUBF;30;20260803;183000;11.949;11.96;11.929;11.942;164210
CNYRUBF;30;20260803;190000;11.94;11.955;11.938;11.95;35536
CNYRUBF;30;20260803;193000;11.95;11.952;11.94;11.95;19605
CNYRUBF;30;20260803;200000;11.951;11.951;11.942;11.944;23072
CNYRUBF;30;20260803;203000;11.945;11.946;11.935;11.941;13963
CNYRUBF;30;20260803;210000;11.94;11.946;11.937;11.946;4839
CNYRUBF;30;20260803;213000;11.944;11.948;11.941;11.947;6007
CNYRUBF;30;20260803;220000;11.947;11.949;11.94;11.946;15043
CNYRUBF;30;20260803;223000;11.946;11.948;11.94;11.947;12531
CNYRUBF;30;20260803;230000;11.947;11.96;11.947;11.954;27046
CNYRUBF;30;20260803;233000;11.952;11.957;11.95;11.951;6916
CNYRUBF;30;20260804;070000;11.955;11.969;11.931;11.937;50862
CNYRUBF;30;20260804;073000;11.934;11.943;11.929;11.937;40987
CNYRUBF;30;20260804;080000;11.937;11.953;11.936;11.948;22121
CNYRUBF;30;20260804;083000;11.95;11.971;11.948;11.968;36005
CNYRUBF;30;20260804;090000;11.968;11.968;11.941;11.943;89632
CNYRUBF;30;20260804;093000;11.942;11.963;11.941;11.955;71869
CNYRUBF;30;20260804;100000;11.956;11.959;11.905;11.953;564227
CNYRUBF;30;20260804;103000;11.952;11.97;11.943;11.961;205528
CNYRUBF;30;20260804;110000;11.962;11.969;11.946;11.953;135005
CNYRUBF;30;20260804;113000;11.953;11.972;11.944;11.963;118382
CNYRUBF;30;20260804;120000;11.962;11.98;11.953;11.978;215506
CNYRUBF;30;20260804;123000;11.978;11.998;11.972;11.973;150352
CNYRUBF;30;20260804;130000;11.972;11.994;11.972;11.985;67634
CNYRUBF;30;20260804;133000;11.986;12.002;11.985;12;133713
CNYRUBF;30;20260804;140000;12;12.004;11.977;11.998;127855
CNYRUBF;30;20260804;143000;11.998;12.028;11.991;12.014;307433
CNYRUBF;30;20260804;150000;12.015;12.031;12.014;12.022;79242
CNYRUBF;30;20260804;153000;12.023;12.029;11.997;12.005;233056
CNYRUBF;30;20260804;160000;12.005;12.03;12;12.019;110612
CNYRUBF;30;20260804;163000;12.02;12.024;11.975;11.98;216617
CNYRUBF;30;20260804;170000;11.98;11.988;11.955;11.976;438687
CNYRUBF;30;20260804;173000;11.975;11.982;11.958;11.965;156587
CNYRUBF;30;20260804;180000;11.964;11.99;11.96;11.975;109134
CNYRUBF;30;20260804;183000;11.975;11.976;11.95;11.954;147964
CNYRUBF;30;20260804;190000;11.953;11.954;11.93;11.941;94085
CNYRUBF;30;20260804;193000;11.941;11.948;11.887;11.897;93134
CNYRUBF;30;20260804;200000;11.895;11.92;11.889;11.918;83858
CNYRUBF;30;20260804;203000;11.919;11.925;11.913;11.913;48107
CNYRUBF;30;20260804;210000;11.914;11.925;11.91;11.916;18070
CNYRUBF;30;20260804;213000;11.916;11.923;11.916;11.922;10971
CNYRUBF;30;20260804;220000;11.922;11.927;11.918;11.92;15631
CNYRUBF;30;20260804;223000;11.92;11.921;11.913;11.915;12955
CNYRUBF;30;20260804;230000;11.915;11.922;11.914;11.922;8319
CNYRUBF;30;20260804;233000;11.922;11.928;11.92;11.925;6494
CNYRUBF;30;20260805;070000;11.929;11.947;11.926;11.938;42314
CNYRUBF;30;20260805;073000;11.937;11.939;11.93;11.937;19339
CNYRUBF;30;20260805;080000;11.938;11.944;11.935;11.942;27587
CNYRUBF;30;20260805;083000;11.942;11.942;11.93;11.933;21328
CNYRUBF;30;20260805;090000;11.934;11.949;11.924;11.943;115201
CNYRUBF;30;20260805;093000;11.943;11.947;11.905;11.911;116443
CNYRUBF;30;20260805;100000;11.912;11.945;11.877;11.937;513436
CNYRUBF;30;20260805;103000;11.936;11.939;11.926;11.937;67976
CNYRUBF;30;20260805;110000;11.937;11.95;11.917;11.934;174510
CNYRUBF;30;20260805;113000;11.935;11.949;11.93;11.937;121246
CNYRUBF;30;20260805;120000;11.936;12.046;11.935;12.021;1307889
CNYRUBF;30;20260805;123000;12.02;12.027;11.993;12.008;321437
CNYRUBF;30;20260805;130000;12.008;12.043;12.001;12.029;122703
CNYRUBF;30;20260805;133000;12.029;12.049;12.028;12.044;72466
CNYRUBF;30;20260805;140000;12.045;12.046;12.003;12.005;168559
CNYRUBF;30;20260805;143000;12.007;12.023;11.992;12.013;84771
CNYRUBF;30;20260805;150000;12.013;12.019;12.002;12.009;87561
CNYRUBF;30;20260805;153000;12.009;12.015;11.968;11.972;254088
CNYRUBF;30;20260805;160000;11.972;11.988;11.953;11.984;310042
CNYRUBF;30;20260805;163000;11.985;12.015;11.983;12.011;138063
CNYRUBF;30;20260805;170000;12.011;12.02;11.991;12.004;82422
CNYRUBF;30;20260805;173000;12.003;12.011;12;12.002;36935
CNYRUBF;30;20260805;180000;12.001;12.014;11.996;11.999;74217
CNYRUBF;30;20260805;183000;12;12.004;11.99;11.993;55780
CNYRUBF;30;20260805;190000;11.993;12.011;11.979;12.001;56416
CNYRUBF;30;20260805;193000;12;12.013;11.996;12.012;10008
CNYRUBF;30;20260805;200000;12.013;12.014;12.009;12.014;6110
CNYRUBF;30;20260805;203000;12.015;12.015;12.01;12.014;9828
CNYRUBF;30;20260805;210000;12.014;12.015;12.006;12.012;6287
CNYRUBF;30;20260805;213000;12.012;12.016;12.01;12.015;4390
CNYRUBF;30;20260805;220000;12.014;12.018;12.008;12.016;6864
CNYRUBF;30;20260805;223000;12.016;12.02;12.01;12.017;12898
CNYRUBF;30;20260805;230000;12.017;12.018;12.009;12.012;12119
CNYRUBF;30;20260805;233000;12.012;12.015;12.009;12.015;5705
CNYRUBF;30;20260806;070000;12.019;12.022;12.003;12.014;19843
CNYRUBF;30;20260806;073000;12.014;12.029;12.014;12.029;12592
CNYRUBF;30;20260806;080000;12.029;12.037;12.026;12.035;21770
CNYRUBF;30;20260806;083000;12.035;12.04;12.03;12.036;21701
CNYRUBF;30;20260806;090000;12.037;12.043;12.034;12.04;56389
CNYRUBF;30;20260806;093000;12.039;12.066;12.037;12.059;206559
CNYRUBF;30;20260806;100000;12.059;12.083;12.043;12.07;440663
CNYRUBF;30;20260806;103000;12.071;12.105;12.071;12.09;431636
CNYRUBF;30;20260806;110000;12.09;12.098;12.067;12.07;170608
CNYRUBF;30;20260806;113000;12.069;12.077;12.045;12.068;153900
CNYRUBF;30;20260806;120000;12.068;12.075;12.055;12.068;170266
CNYRUBF;30;20260806;123000;12.067;12.069;12.048;12.065;110064
CNYRUBF;30;20260806;130000;12.065;12.07;12.053;12.055;72937
CNYRUBF;30;20260806;133000;12.056;12.065;12.033;12.063;183044
CNYRUBF;30;20260806;140000;12.063;12.065;12.046;12.056;53465
CNYRUBF;30;20260806;143000;12.056;12.076;12.05;12.07;78237
CNYRUBF;30;20260806;150000;12.071;12.098;12.065;12.072;259062
CNYRUBF;30;20260806;153000;12.072;12.093;12.06;12.09;97782
CNYRUBF;30;20260806;160000;12.09;12.091;12.06;12.067;97402
CNYRUBF;30;20260806;163000;12.067;12.09;12.067;12.081;82922
CNYRUBF;30;20260806;170000;12.081;12.095;12.075;12.094;73642
CNYRUBF;30;20260806;173000;12.095;12.111;12.088;12.1;152816
CNYRUBF;30;20260806;180000;12.101;12.109;12.099;12.102;90602
CNYRUBF;30;20260806;183000;12.101;12.105;12.089;12.094;94904
CNYRUBF;30;20260806;190000;12.094;12.095;12.085;12.094;19810
CNYRUBF;30;20260806;193000;12.093;12.094;12.081;12.081;44024
CNYRUBF;30;20260806;200000;12.081;12.09;12.08;12.087;13207
CNYRUBF;30;20260806;203000;12.088;12.088;12.083;12.088;14647
CNYRUBF;30;20260806;210000;12.088;12.094;12.087;12.093;12295
CNYRUBF;30;20260806;213000;12.093;12.094;12.09;12.092;4670
CNYRUBF;30;20260806;220000;12.093;12.1;12.086;12.088;26395
CNYRUBF;30;20260806;223000;12.089;12.09;12.075;12.079;24544
CNYRUBF;30;20260806;230000;12.078;12.082;12.076;12.079;8976
CNYRUBF;30;20260806;233000;12.078;12.085;12.077;12.085;17393
CNYRUBF;30;20260807;070000;12.093;12.113;12.089;12.097;35902
CNYRUBF;30;20260807;073000;12.097;12.097;12.077;12.094;24400
CNYRUBF;30;20260807;080000;12.094;12.128;12.086;12.124;78880
CNYRUBF;30;20260807;083000;12.124;12.127;12.109;12.122;29743
CNYRUBF;30;20260807;090000;12.122;12.123;12.105;12.116;43185
CNYRUBF;30;20260807;093000;12.117;12.117;12.097;12.107;47091
CNYRUBF;30;20260807;100000;12.106;12.119;12.075;12.112;318498
CNYRUBF;30;20260807;103000;12.11;12.157;12.11;12.157;370536
CNYRUBF;30;20260807;110000;12.158;12.19;12.152;12.178;340234
CNYRUBF;30;20260807;113000;12.178;12.197;12.167;12.186;229282
CNYRUBF;30;20260807;120000;12.184;12.187;12.169;12.184;93118
CNYRUBF;30;20260807;123000;12.184;12.19;12.182;12.186;88936
CNYRUBF;30;20260807;130000;12.186;12.187;12.169;12.179;91279
CNYRUBF;30;20260807;133000;12.178;12.204;12.178;12.195;182057
CNYRUBF;30;20260807;140000;12.196;12.238;12.185;12.224;306236
CNYRUBF;30;20260807;143000;12.224;12.25;12.216;12.224;222230
CNYRUBF;30;20260807;150000;12.224;12.229;12.21;12.222;188213
CNYRUBF;30;20260807;153000;12.222;12.224;12.18;12.183;222563
CNYRUBF;30;20260807;160000;12.184;12.19;12.171;12.188;224805
CNYRUBF;30;20260807;163000;12.188;12.224;12.185;12.218;102547
CNYRUBF;30;20260807;170000;12.218;12.24;12.211;12.226;228665
CNYRUBF;30;20260807;173000;12.225;12.236;12.209;12.219;45664
CNYRUBF;30;20260807;180000;12.22;12.247;12.216;12.244;120181
CNYRUBF;30;20260807;183000;12.244;12.246;12.23;12.238;53658
CNYRUBF;30;20260807;190000;12.239;12.243;12.231;12.239;16727
CNYRUBF;30;20260807;193000;12.239;12.249;12.238;12.244;16979
CNYRUBF;30;20260807;200000;12.244;12.25;12.241;12.242;14533
CNYRUBF;30;20260807;203000;12.242;12.248;12.24;12.24;15962
CNYRUBF;30;20260807;210000;12.24;12.247;12.239;12.245;6951
CNYRUBF;30;20260807;213000;12.246;12.247;12.236;12.238;9832
CNYRUBF;30;20260807;220000;12.237;12.242;12.235;12.236;4485
CNYRUBF;30;20260807;223000;12.237;12.239;12.235;12.239;6877
CNYRUBF;30;20260807;230000;12.239;12.245;12.238;12.243;6271
CNYRUBF;30;20260807;233000;12.243;12.249;12.24;12.248;5812
CNYRUBF;30;20260808;093000;12.255;12.255;12.255;12.255;2362
CNYRUBF;30;20260808;100000;12.255;12.27;12.249;12.259;16677
CNYRUBF;30;20260808;103000;12.259;12.27;12.259;12.265;3913
CNYRUBF;30;20260808;110000;12.265;12.27;12.255;12.264;4480
CNYRUBF;30;20260808;113000;12.265;12.271;12.264;12.268;2477
CNYRUBF;30;20260808;120000;12.268;12.27;12.264;12.267;810
CNYRUBF;30;20260808;123000;12.266;12.268;12.258;12.267;5089
CNYRUBF;30;20260808;130000;12.264;12.267;12.26;12.262;2296
CNYRUBF;30;20260808;133000;12.262;12.262;12.256;12.258;1496
CNYRUBF;30;20260808;140000;12.258;12.261;12.254;12.256;1636
CNYRUBF;30;20260808;143000;12.258;12.26;12.255;12.258;676
CNYRUBF;30;20260808;150000;12.258;12.259;12.256;12.257;349
CNYRUBF;30;20260808;153000;12.259;12.259;12.257;12.259;275
CNYRUBF;30;20260808;160000;12.259;12.259;12.257;12.258;540
CNYRUBF;30;20260808;163000;12.259;12.259;12.256;12.258;718
CNYRUBF;30;20260808;170000;12.258;12.26;12.247;12.256;8431
CNYRUBF;30;20260808;173000;12.256;12.256;12.245;12.245;6011
CNYRUBF;30;20260808;180000;12.245;12.252;12.243;12.251;4382
CNYRUBF;30;20260808;183000;12.251;12.254;12.245;12.25;1250
CNYRUBF;30;20260809;093000;12.253;12.253;12.253;12.253;30
CNYRUBF;30;20260809;100000;12.253;12.256;12.246;12.254;2206
CNYRUBF;30;20260809;103000;12.254;12.26;12.254;12.26;925
CNYRUBF;30;20260809;110000;12.259;12.26;12.253;12.256;2783
CNYRUBF;30;20260809;113000;12.256;12.264;12.256;12.262;1929
CNYRUBF;30;20260809;120000;12.262;12.263;12.258;12.26;570
CNYRUBF;30;20260809;123000;12.26;12.263;12.256;12.257;1928
CNYRUBF;30;20260809;130000;12.258;12.263;12.25;12.254;5050
CNYRUBF;30;20260809;133000;12.255;12.264;12.25;12.256;3557
CNYRUBF;30;20260809;140000;12.257;12.263;12.254;12.255;3674
CNYRUBF;30;20260809;143000;12.258;12.263;12.256;12.261;917
CNYRUBF;30;20260809;150000;12.261;12.268;12.256;12.263;5439
CNYRUBF;30;20260809;153000;12.263;12.265;12.259;12.259;363
CNYRUBF;30;20260809;160000;12.258;12.265;12.258;12.261;1990
CNYRUBF;30;20260809;163000;12.264;12.265;12.255;12.258;2282
CNYRUBF;30;20260809;170000;12.258;12.264;12.256;12.261;285
CNYRUBF;30;20260809;173000;12.26;12.265;12.258;12.263;1647
CNYRUBF;30;20260809;180000;12.264;12.264;12.257;12.262;1118
CNYRUBF;30;20260809;183000;12.261;12.269;12.26;12.267;2004
CNYRUBF;30;20260810;070000;12.268;12.268;12.241;12.242;19899
CNYRUBF;30;20260810;073000;12.242;12.251;12.237;12.242;15603
CNYRUBF;30;20260810;080000;12.242;12.242;12.221;12.23;35876
CNYRUBF;30;20260810;083000;12.229;12.26;12.227;12.256;25935
CNYRUBF;30;20260810;090000;12.257;12.302;12.255;12.302;142672
CNYRUBF;30;20260810;093000;12.302;12.31;12.279;12.296;169408
CNYRUBF;30;20260810;100000;12.296;12.319;12.253;12.278;458728
CNYRUBF;30;20260810;103000;12.28;12.288;12.208;12.223;449508
CNYRUBF;30;20260810;110000;12.223;12.257;12.213;12.25;239970
CNYRUBF;30;20260810;113000;12.25;12.257;12.246;12.249;77320
CNYRUBF;30;20260810;120000;12.247;12.275;12.239;12.269;162063
CNYRUBF;30;20260810;123000;12.27;12.289;12.25;12.269;182264
CNYRUBF;30;20260810;130000;12.268;12.278;12.243;12.247;79381
CNYRUBF;30;20260810;133000;12.247;12.255;12.232;12.255;105836
CNYRUBF;30;20260810;140000;12.254;12.272;12.249;12.26;57847
CNYRUBF;30;20260810;143000;12.259;12.272;12.255;12.258;50726
CNYRUBF;30;20260810;150000;12.258;12.264;12.248;12.252;59643
CNYRUBF;30;20260810;153000;12.251;12.278;12.248;12.266;82445
CNYRUBF;30;20260810;160000;12.267;12.275;12.251;12.257;88653
CNYRUBF;30;20260810;163000;12.258;12.281;12.239;12.273;93014
CNYRUBF;30;20260810;170000;12.274;12.283;12.25;12.259;68016
CNYRUBF;30;20260810;173000;12.257;12.262;12.245;12.258;105593
CNYRUBF;30;20260810;180000;12.258;12.264;12.188;12.209;308283
CNYRUBF;30;20260810;183000;12.208;12.21;12.165;12.182;285060
CNYRUBF;30;20260810;190000;12.182;12.195;12.174;12.193;30084
CNYRUBF;30;20260810;193000;12.193;12.201;12.183;12.199;22964
CNYRUBF;30;20260810;200000;12.199;12.2;12.186;12.195;15203
CNYRUBF;30;20260810;203000;12.195;12.197;12.177;12.178;17169
CNYRUBF;30;20260810;210000;12.18;12.18;12.17;12.175;25130
CNYRUBF;30;20260810;213000;12.175;12.175;12.172;12.174;9770
CNYRUBF;30;20260810;220000;12.174;12.176;12.167;12.174;22126
CNYRUBF;30;20260810;223000;12.174;12.176;12.165;12.169;18700
CNYRUBF;30;20260810;230000;12.17;12.185;12.167;12.177;14901
CNYRUBF;30;20260810;233000;12.177;12.184;12.176;12.181;4479
CNYRUBF;30;20260811;070000;12.18;12.199;12.178;12.195;25389
CNYRUBF;30;20260811;073000;12.193;12.198;12.175;12.181;26652
CNYRUBF;30;20260811;080000;12.179;12.189;12.172;12.188;16782
CNYRUBF;30;20260811;083000;12.189;12.198;12.167;12.172;22604
CNYRUBF;30;20260811;090000;12.173;12.186;12.145;12.174;93290
CNYRUBF;30;20260811;093000;12.174;12.183;12.166;12.172;38464
CNYRUBF;30;20260811;100000;12.172;12.187;12.145;12.148;413608
CNYRUBF;30;20260811;103000;12.148;12.152;12.12;12.15;298880
CNYRUBF;30;20260811;110000;12.15;12.16;12.139;12.159;144976
CNYRUBF;30;20260811;113000;12.158;12.164;12.144;12.156;128408
CNYRUBF;30;20260811;120000;12.154;12.182;12.15;12.178;133841
CNYRUBF;30;20260811;123000;12.178;12.23;12.177;12.216;329459
CNYRUBF;30;20260811;130000;12.217;12.26;12.21;12.242;321405
CNYRUBF;30;20260811;133000;12.239;12.249;12.229;12.234;96255
CNYRUBF;30;20260811;140000;12.234;12.25;12.232;12.244;65584
CNYRUBF;30;20260811;143000;12.244;12.25;12.237;12.241;69295
CNYRUBF;30;20260811;150000;12.241;12.251;12.221;12.229;135161
CNYRUBF;30;20260811;153000;12.23;12.247;12.228;12.233;76390
CNYRUBF;30;20260811;160000;12.234;12.245;12.231;12.237;56011
CNYRUBF;30;20260811;163000;12.237;12.285;12.234;12.261;186485
CNYRUBF;30;20260811;170000;12.262;12.266;12.239;12.243;70898
CNYRUBF;30;20260811;173000;12.245;12.258;12.229;12.241;86065
CNYRUBF;30;20260811;180000;12.241;12.249;12.223;12.245;51311
CNYRUBF;30;20260811;183000;12.246;12.25;12.24;12.243;23521
CNYRUBF;30;20260811;190000;12.244;12.248;12.24;12.247;18775
CNYRUBF;30;20260811;193000;12.246;12.249;12.244;12.246;9292
CNYRUBF;30;20260811;200000;12.246;12.249;12.246;12.248;7827
CNYRUBF;30;20260811;203000;12.248;12.248;12.246;12.247;1384
CNYRUBF;30;20260811;210000;12.248;12.249;12.237;12.24;10724
CNYRUBF;30;20260811;213000;12.24;12.246;12.239;12.243;2203
CNYRUBF;30;20260811;220000;12.243;12.243;12.235;12.239;7456
CNYRUBF;30;20260811;223000;12.239;12.243;12.238;12.242;1779
CNYRUBF;30;20260811;230000;12.241;12.248;12.241;12.247;3518
CNYRUBF;30;20260811;233000;12.247;12.253;12.246;12.251;15789
CNYRUBF;30;20260812;070000;12.255;12.271;12.243;12.263;16012
CNYRUBF;30;20260812;073000;12.264;12.266;12.245;12.258;16000
CNYRUBF;30;20260812;080000;12.26;12.262;12.252;12.253;7563
CNYRUBF;30;20260812;083000;12.254;12.254;12.238;12.238;16150
CNYRUBF;30;20260812;090000;12.239;12.246;12.232;12.244;21716
CNYRUBF;30;20260812;093000;12.243;12.245;12.221;12.225;56883
CNYRUBF;30;20260812;100000;12.225;12.25;12.208;12.235;264379
CNYRUBF;30;20260812;103000;12.234;12.267;12.226;12.266;181182
CNYRUBF;30;20260812;110000;12.265;12.279;12.259;12.269;136103
CNYRUBF;30;20260812;113000;12.268;12.304;12.263;12.304;215695
CNYRUBF;30;20260812;120000;12.304;12.316;12.296;12.304;252557
CNYRUBF;30;20260812;123000;12.304;12.312;12.28;12.302;180452
CNYRUBF;30;20260812;130000;12.303;12.308;12.297;12.305;72011
CNYRUBF;30;20260812;133000;12.306;12.332;12.306;12.315;174334
CNYRUBF;30;20260812;140000;12.314;12.327;12.302;12.311;122880
CNYRUBF;30;20260812;143000;12.311;12.311;12.282;12.284;142258
CNYRUBF;30;20260812;150000;12.285;12.292;12.263;12.292;192158
CNYRUBF;30;20260812;153000;12.292;12.301;12.27;12.281;89409
CNYRUBF;30;20260812;160000;12.279;12.312;12.277;12.312;99677
CNYRUBF;30;20260812;163000;12.312;12.32;12.295;12.308;81488
CNYRUBF;30;20260812;170000;12.308;12.311;12.285;12.302;60595
CNYRUBF;30;20260812;173000;12.302;12.308;12.288;12.299;53617
CNYRUBF;30;20260812;180000;12.298;12.307;12.281;12.293;59657
CNYRUBF;30;20260812;183000;12.294;12.306;12.293;12.3;28357
CNYRUBF;30;20260812;190000;12.301;12.31;12.301;12.304;11691
CNYRUBF;30;20260812;193000;12.303;12.306;12.296;12.301;9005
CNYRUBF;30;20260812;200000;12.303;12.305;12.295;12.299;6315
CNYRUBF;30;20260812;203000;12.299;12.3;12.296;12.299;2170
CNYRUBF;30;20260812;210000;12.299;12.307;12.297;12.306;4388
CNYRUBF;30;20260812;213000;12.307;12.312;12.302;12.303;5478
CNYRUBF;30;20260812;220000;12.301;12.301;12.297;12.301;5939
CNYRUBF;30;20260812;223000;12.301;12.304;12.299;12.3;5791
CNYRUBF;30;20260812;230000;12.3;12.308;12.299;12.306;8303
CNYRUBF;30;20260812;233000;12.307;12.319;12.306;12.313;7213
CNYRUBF;30;20260813;070000;12.317;12.329;12.309;12.327;28729
CNYRUBF;30;20260813;073000;12.327;12.353;12.327;12.349;64838
CNYRUBF;30;20260813;080000;12.349;12.362;12.342;12.354;48252
CNYRUBF;30;20260813;083000;12.353;12.354;12.345;12.35;25412
CNYRUBF;30;20260813;090000;12.35;12.368;12.345;12.364;69276
CNYRUBF;30;20260813;093000;12.364;12.389;12.363;12.377;187985
CNYRUBF;30;20260813;100000;12.378;12.407;12.361;12.403;568094
CNYRUBF;30;20260813;103000;12.402;12.415;12.37;12.393;266437
CNYRUBF;30;20260813;110000;12.393;12.406;12.38;12.401;125980
CNYRUBF;30;20260813;113000;12.401;12.419;12.394;12.417;135624
CNYRUBF;30;20260813;120000;12.416;12.44;12.411;12.426;188735
CNYRUBF;30;20260813;123000;12.426;12.465;12.425;12.454;226876
CNYRUBF;30;20260813;130000;12.453;12.466;12.437;12.452;287163
CNYRUBF;30;20260813;133000;12.453;12.462;12.444;12.458;180777
CNYRUBF;30;20260813;140000;12.458;12.48;12.446;12.478;242887
CNYRUBF;30;20260813;143000;12.479;12.48;12.456;12.48;123402
CNYRUBF;30;20260813;150000;12.479;12.484;12.456;12.459;314897
CNYRUBF;30;20260813;153000;12.46;12.465;12.447;12.453;183728
CNYRUBF;30;20260813;160000;12.453;12.47;12.452;12.458;154625
CNYRUBF;30;20260813;163000;12.459;12.485;12.458;12.476;153913
CNYRUBF;30;20260813;170000;12.476;12.494;12.465;12.492;245860
CNYRUBF;30;20260813;173000;12.492;12.492;12.466;12.48;364405
CNYRUBF;30;20260813;180000;12.48;12.483;12.456;12.458;134334
CNYRUBF;30;20260813;183000;12.457;12.468;12.456;12.458;57323
CNYRUBF;30;20260813;190000;12.457;12.466;12.454;12.463;23690
CNYRUBF;30;20260813;193000;12.463;12.468;12.461;12.468;21387
CNYRUBF;30;20260813;200000;12.468;12.472;12.466;12.47;7217
CNYRUBF;30;20260813;203000;12.471;12.475;12.468;12.472;11126
CNYRUBF;30;20260813;210000;12.473;12.478;12.472;12.476;4652
CNYRUBF;30;20260813;213000;12.477;12.481;12.474;12.475;10056
CNYRUBF;30;20260813;220000;12.475;12.486;12.473;12.486;26873
CNYRUBF;30;20260813;223000;12.486;12.49;12.482;12.488;20832
CNYRUBF;30;20260813;230000;12.488;12.495;12.487;12.493;14121
CNYRUBF;30;20260813;233000;12.492;12.496;12.487;12.496;9261
CNYRUBF;30;20260814;070000;12.491;12.522;12.48;12.519;75670
CNYRUBF;30;20260814;073000;12.518;12.542;12.518;12.536;50834
CNYRUBF;30;20260814;080000;12.535;12.535;12.515;12.528;71168
CNYRUBF;30;20260814;083000;12.528;12.531;12.51;12.513;49705
CNYRUBF;30;20260814;090000;12.513;12.515;12.485;12.501;113086
CNYRUBF;30;20260814;093000;12.502;12.509;12.468;12.479;107245
CNYRUBF;30;20260814;100000;12.478;12.535;12.465;12.52;568109
CNYRUBF;30;20260814;103000;12.52;12.533;12.501;12.522;238898
CNYRUBF;30;20260814;110000;12.522;12.524;12.51;12.519;152065
CNYRUBF;30;20260814;113000;12.518;12.519;12.437;12.445;488897
CNYRUBF;30;20260814;120000;12.445;12.471;12.43;12.467;219839
CNYRUBF;30;20260814;123000;12.467;12.475;12.45;12.466;119655
CNYRUBF;30;20260814;130000;12.465;12.495;12.46;12.491;103197
CNYRUBF;30;20260814;133000;12.492;12.495;12.463;12.465;61153
CNYRUBF;30;20260814;140000;12.465;12.469;12.443;12.454;111890
CNYRUBF;30;20260814;143000;12.454;12.478;12.451;12.472;93205
CNYRUBF;30;20260814;150000;12.471;12.486;12.459;12.482;118746
CNYRUBF;30;20260814;153000;12.482;12.492;12.463;12.475;87702
CNYRUBF;30;20260814;160000;12.475;12.483;12.462;12.468;45357
CNYRUBF;30;20260814;163000;12.468;12.559;12.465;12.54;493641
CNYRUBF;30;20260814;170000;12.541;12.549;12.524;12.529;178265
CNYRUBF;30;20260814;173000;12.53;12.544;12.519;12.529;151085
CNYRUBF;30;20260814;180000;12.531;12.535;12.527;12.531;79055
CNYRUBF;30;20260814;183000;12.532;12.538;12.528;12.537;68404
CNYRUBF;30;20260814;190000;12.538;12.539;12.534;12.539;13480
CNYRUBF;30;20260814;193000;12.539;12.549;12.537;12.547;17139
CNYRUBF;30;20260814;200000;12.547;12.557;12.542;12.545;35240
CNYRUBF;30;20260814;203000;12.546;12.551;12.54;12.541;14383
CNYRUBF;30;20260814;210000;12.541;12.542;12.541;12.541;9562
CNYRUBF;30;20260814;213000;12.541;12.542;12.537;12.54;13234
CNYRUBF;30;20260814;220000;12.54;12.559;12.539;12.557;55532
CNYRUBF;30;20260814;223000;12.557;12.559;12.555;12.556;11619
CNYRUBF;30;20260814;230000;12.556;12.559;12.555;12.557;10927
CNYRUBF;30;20260814;233000;12.557;12.561;12.553;12.555;10276
CNYRUBF;30;20260817;070000;12.564;12.6;12.559;12.584;112918
CNYRUBF;30;20260817;073000;12.585;12.598;12.576;12.595;22248
CNYRUBF;30;20260817;080000;12.595;12.597;12.551;12.551;37269
CNYRUBF;30;20260817;083000;12.551;12.563;12.531;12.541;78350
CNYRUBF;30;20260817;090000;12.54;12.588;12.54;12.579;112415
CNYRUBF;30;20260817;093000;12.58;12.591;12.561;12.564;77463
CNYRUBF;30;20260817;100000;12.564;12.603;12.531;12.593;384114
CNYRUBF;30;20260817;103000;12.593;12.624;12.587;12.614;194613
CNYRUBF;30;20260817;110000;12.614;12.649;12.605;12.638;187252
CNYRUBF;30;20260817;113000;12.637;12.641;12.623;12.638;111268
CNYRUBF;30;20260817;120000;12.638;12.65;12.619;12.642;110418
CNYRUBF;30;20260817;123000;12.643;12.664;12.642;12.663;167800
CNYRUBF;30;20260817;130000;12.663;12.692;12.663;12.676;253564
CNYRUBF;30;20260817;133000;12.676;12.681;12.646;12.656;240220
CNYRUBF;30;20260817;140000;12.656;12.663;12.629;12.641;128945
CNYRUBF;30;20260817;143000;12.641;12.653;12.631;12.647;194976
CNYRUBF;30;20260817;150000;12.646;12.647;12.63;12.632;143380
CNYRUBF;30;20260817;153000;12.632;12.647;12.62;12.646;134800
CNYRUBF;30;20260817;160000;12.646;12.658;12.635;12.651;57114
CNYRUBF;30;20260817;163000;12.651;12.667;12.648;12.655;62785
CNYRUBF;30;20260817;170000;12.655;12.662;12.651;12.659;53505
CNYRUBF;30;20260817;173000;12.659;12.687;12.63;12.639;534866
CNYRUBF;30;20260817;180000;12.639;12.643;12.604;12.612;273660
CNYRUBF;30;20260817;183000;12.612;12.623;12.603;12.613;117050
CNYRUBF;30;20260817;190000;12.615;12.615;12.601;12.603;34648
CNYRUBF;30;20260817;193000;12.602;12.622;12.597;12.618;40487
CNYRUBF;30;20260817;200000;12.618;12.62;12.609;12.609;5501
CNYRUBF;30;20260817;203000;12.61;12.613;12.605;12.605;5457
CNYRUBF;30;20260817;210000;12.605;12.609;12.603;12.609;6232
CNYRUBF;30;20260817;213000;12.609;12.613;12.606;12.607;12167
CNYRUBF;30;20260817;220000;12.606;12.607;12.593;12.598;36482
CNYRUBF;30;20260817;223000;12.598;12.601;12.591;12.598;25059
CNYRUBF;30;20260817;230000;12.598;12.598;12.584;12.589;29692
CNYRUBF;30;20260817;233000;12.589;12.589;12.577;12.58;28485
CNYRUBF;30;20260818;070000;12.58;12.597;12.549;12.55;69960
CNYRUBF;30;20260818;073000;12.549;12.588;12.548;12.585;33463
CNYRUBF;30;20260818;080000;12.585;12.598;12.584;12.598;22169
CNYRUBF;30;20260818;083000;12.597;12.598;12.587;12.592;14258
CNYRUBF;30;20260818;090000;12.592;12.593;12.585;12.592;17507
CNYRUBF;30;20260818;093000;12.591;12.592;12.561;12.58;77468
CNYRUBF;30;20260818;100000;12.58;12.606;12.561;12.595;410222
CNYRUBF;30;20260818;103000;12.595;12.608;12.592;12.604;195242
CNYRUBF;30;20260818;110000;12.604;12.642;12.598;12.639;188876
CNYRUBF;30;20260818;113000;12.641;12.65;12.614;12.622;178464
CNYRUBF;30;20260818;120000;12.624;12.67;12.624;12.66;192944
CNYRUBF;30;20260818;123000;12.661;12.664;12.644;12.652;70712
CNYRUBF;30;20260818;130000;12.652;12.664;12.635;12.638;87965
CNYRUBF;30;20260818;133000;12.637;12.648;12.636;12.641;46832
CNYRUBF;30;20260818;140000;12.64;12.645;12.617;12.629;96565
CNYRUBF;30;20260818;143000;12.629;12.659;12.628;12.654;119953
CNYRUBF;30;20260818;150000;12.654;12.658;12.633;12.658;132159
CNYRUBF;30;20260818;153000;12.658;12.672;12.647;12.651;191105
CNYRUBF;30;20260818;160000;12.652;12.659;12.628;12.629;100174
CNYRUBF;30;20260818;163000;12.63;12.647;12.629;12.637;74647
CNYRUBF;30;20260818;170000;12.637;12.638;12.623;12.628;82971
CNYRUBF;30;20260818;173000;12.627;12.636;12.607;12.608;136683
CNYRUBF;30;20260818;180000;12.608;12.616;12.603;12.611;82113
CNYRUBF;30;20260818;183000;12.611;12.615;12.585;12.589;123899
CNYRUBF;30;20260818;190000;12.589;12.598;12.579;12.593;59309
CNYRUBF;30;20260818;193000;12.592;12.594;12.58;12.588;26877
CNYRUBF;30;20260818;200000;12.587;12.59;12.583;12.59;3589
CNYRUBF;30;20260818;203000;12.59;12.601;12.588;12.599;12681
CNYRUBF;30;20260818;210000;12.6;12.605;12.598;12.604;10191
CNYRUBF;30;20260818;213000;12.604;12.604;12.595;12.595;22221
CNYRUBF;30;20260818;220000;12.595;12.601;12.589;12.601;12022
CNYRUBF;30;20260818;223000;12.601;12.609;12.599;12.601;5670
CNYRUBF;30;20260818;230000;12.602;12.605;12.599;12.6;6702
CNYRUBF;30;20260818;233000;12.602;12.611;12.6;12.609;7501
CNYRUBF;30;20260819;070000;12.61;12.641;12.609;12.626;41850
CNYRUBF;30;20260819;073000;12.628;12.641;12.624;12.629;15620
CNYRUBF;30;20260819;080000;12.629;12.636;12.622;12.627;31541
CNYRUBF;30;20260819;083000;12.63;12.633;12.627;12.63;6500
CNYRUBF;30;20260819;090000;12.631;12.633;12.618;12.62;22091
CNYRUBF;30;20260819;093000;12.621;12.647;12.621;12.647;77219
CNYRUBF;30;20260819;100000;12.647;12.659;12.609;12.644;362532
CNYRUBF;30;20260819;103000;12.644;12.663;12.635;12.646;146829
CNYRUBF;30;20260819;110000;12.646;12.652;12.631;12.651;98543
CNYRUBF;30;20260819;113000;12.65;12.655;12.645;12.65;83549
CNYRUBF;30;20260819;120000;12.65;12.664;12.64;12.644;195045
CNYRUBF;30;20260819;123000;12.642;12.653;12.632;12.634;154136
CNYRUBF;30;20260819;130000;12.632;12.638;12.617;12.632;192779
CNYRUBF;30;20260819;133000;12.633;12.638;12.614;12.635;252107
CNYRUBF;30;20260819;140000;12.635;12.637;12.615;12.624;151205
CNYRUBF;30;20260819;143000;12.624;12.631;12.611;12.622;302044
CNYRUBF;30;20260819;150000;12.622;12.628;12.6;12.61;401148
CNYRUBF;30;20260819;153000;12.607;12.633;12.603;12.614;153135
CNYRUBF;30;20260819;160000;12.614;12.615;12.519;12.541;606138
CNYRUBF;30;20260819;163000;12.54;12.571;12.537;12.55;304089
CNYRUBF;30;20260819;170000;12.548;12.552;12.523;12.552;125658
CNYRUBF;30;20260819;173000;12.552;12.556;12.491;12.505;374473
CNYRUBF;30;20260819;180000;12.505;12.505;12.43;12.434;395028
CNYRUBF;30;20260819;183000;12.433;12.45;12.396;12.434;445292
CNYRUBF;30;20260819;190000;12.433;12.435;12.402;12.416;154066
CNYRUBF;30;20260819;193000;12.415;12.434;12.404;12.429;56683
CNYRUBF;30;20260819;200000;12.428;12.433;12.421;12.431;25190
CNYRUBF;30;20260819;203000;12.431;12.433;12.408;12.408;33846
CNYRUBF;30;20260819;210000;12.408;12.414;12.39;12.404;81057
CNYRUBF;30;20260819;213000;12.402;12.408;12.394;12.396;16675
CNYRUBF;30;20260819;220000;12.397;12.398;12.382;12.384;45553
CNYRUBF;30;20260819;223000;12.384;12.409;12.384;12.408;34959
CNYRUBF;30;20260819;230000;12.408;12.41;12.402;12.409;14825
CNYRUBF;30;20260819;233000;12.409;12.411;12.4;12.4;8631
CNYRUBF;30;20260820;070000;12.41;12.426;12.4;12.425;38161
CNYRUBF;30;20260820;073000;12.424;12.43;12.421;12.43;13658
CNYRUBF;30;20260820;080000;12.43;12.435;12.406;12.406;18885
CNYRUBF;30;20260820;083000;12.406;12.42;12.38;12.392;76255
CNYRUBF;30;20260820;090000;12.393;12.416;12.389;12.401;76798
CNYRUBF;30;20260820;093000;12.4;12.405;12.373;12.389;89492
CNYRUBF;30;20260820;100000;12.389;12.451;12.371;12.448;556901
CNYRUBF;30;20260820;103000;12.448;12.468;12.43;12.433;299145
CNYRUBF;30;20260820;110000;12.434;12.436;12.412;12.424;154309
CNYRUBF;30;20260820;113000;12.424;12.439;12.417;12.438;60286
CNYRUBF;30;20260820;120000;12.438;12.442;12.376;12.382;258496
CNYRUBF;30;20260820;123000;12.382;12.382;12.346;12.376;437764
CNYRUBF;30;20260820;130000;12.375;12.396;12.368;12.395;139991
CNYRUBF;30;20260820;133000;12.394;12.407;12.39;12.401;192882
CNYRUBF;30;20260820;140000;12.402;12.415;12.398;12.411;111665
CNYRUBF;30;20260820;143000;12.411;12.416;12.398;12.399;161166
CNYRUBF;30;20260820;150000;12.399;12.408;12.385;12.404;182548
CNYRUBF;30;20260820;153000;12.402;12.409;12.392;12.402;109440
CNYRUBF;30;20260820;160000;12.401;12.401;12.376;12.384;73004
CNYRUBF;30;20260820;163000;12.384;12.396;12.366;12.383;114598
CNYRUBF;30;20260820;170000;12.383;12.391;12.357;12.358;198737
CNYRUBF;30;20260820;173000;12.36;12.366;12.323;12.332;349531
CNYRUBF;30;20260820;180000;12.332;12.352;12.323;12.326;174940
CNYRUBF;30;20260820;183000;12.326;12.332;12.312;12.325;133283
CNYRUBF;30;20260820;190000;12.326;12.326;12.301;12.303;88786
CNYRUBF;30;20260820;193000;12.303;12.305;12.292;12.295;59359
CNYRUBF;30;20260820;200000;12.295;12.295;12.284;12.295;31134
CNYRUBF;30;20260820;203000;12.295;12.324;12.294;12.311;42898
CNYRUBF;30;20260820;210000;12.311;12.313;12.294;12.3;14013
CNYRUBF;30;20260820;213000;12.3;12.322;12.3;12.308;40715
CNYRUBF;30;20260820;220000;12.31;12.321;12.308;12.31;7107
CNYRUBF;30;20260820;223000;12.31;12.312;12.305;12.312;3042
CNYRUBF;30;20260820;230000;12.312;12.317;12.309;12.313;7499
CNYRUBF;30;20260820;233000;12.312;12.321;12.312;12.315;3676
CNYRUBF;30;20260821;070000;12.315;12.41;12.31;12.323;80270
CNYRUBF;30;20260821;073000;12.324;12.335;12.324;12.334;13985
CNYRUBF;30;20260821;080000;12.334;12.334;12.321;12.321;9692
CNYRUBF;30;20260821;083000;12.321;12.325;12.314;12.318;25438
CNYRUBF;30;20260821;090000;12.316;12.327;12.309;12.322;18146
CNYRUBF;30;20260821;093000;12.322;12.324;12.31;12.321;34783
CNYRUBF;30;20260821;100000;12.32;12.334;12.288;12.308;390996
CNYRUBF;30;20260821;103000;12.309;12.333;12.307;12.32;328064
CNYRUBF;30;20260821;110000;12.32;12.34;12.306;12.34;206063
CNYRUBF;30;20260821;113000;12.34;12.35;12.317;12.321;193889
CNYRUBF;30;20260821;120000;12.323;12.333;12.311;12.317;80059
CNYRUBF;30;20260821;123000;12.318;12.374;12.317;12.356;249127
CNYRUBF;30;20260821;130000;12.357;12.4;12.35;12.365;212117
CNYRUBF;30;20260821;133000;12.366;12.39;12.365;12.38;157060
CNYRUBF;30;20260821;140000;12.381;12.385;12.338;12.36;305487
CNYRUBF;30;20260821;143000;12.36;12.363;12.347;12.358;159224
CNYRUBF;30;20260821;150000;12.359;12.367;12.325;12.33;170375
CNYRUBF;30;20260821;153000;12.328;12.331;12.299;12.301;190870
CNYRUBF;30;20260821;160000;12.301;12.317;12.296;12.312;125824
CNYRUBF;30;20260821;163000;12.312;12.312;12.299;12.304;60541
CNYRUBF;30;20260821;170000;12.303;12.314;12.298;12.304;65059
CNYRUBF;30;20260821;173000;12.305;12.332;12.298;12.328;333182
CNYRUBF;30;20260821;180000;12.328;12.345;12.323;12.34;321623
CNYRUBF;30;20260821;183000;12.339;12.343;12.334;12.339;96453
CNYRUBF;30;20260821;190000;12.34;12.345;12.334;12.34;26821
CNYRUBF;30;20260821;193000;12.339;12.343;12.336;12.34;18111
CNYRUBF;30;20260821;200000;12.341;12.341;12.334;12.336;7102
CNYRUBF;30;20260821;203000;12.337;12.34;12.331;12.334;5406
CNYRUBF;30;20260821;210000;12.334;12.337;12.331;12.336;6412
CNYRUBF;30;20260821;213000;12.336;12.338;12.334;12.335;4157
CNYRUBF;30;20260821;220000;12.335;12.34;12.335;12.34;2325
CNYRUBF;30;20260821;223000;12.34;12.345;12.338;12.341;15325
CNYRUBF;30;20260821;230000;12.342;12.344;12.34;12.34;3759
CNYRUBF;30;20260821;233000;12.341;12.345;12.337;12.338;5462
CNYRUBF;30;20260822;093000;12.345;12.345;12.345;12.345;200
CNYRUBF;30;20260822;100000;12.345;12.345;12.334;12.34;1673
CNYRUBF;30;20260822;103000;12.337;12.345;12.333;12.338;3539
CNYRUBF;30;20260822;110000;12.338;12.343;12.337;12.343;619
CNYRUBF;30;20260822;113000;12.343;12.343;12.34;12.342;451
CNYRUBF;30;20260822;120000;12.343;12.344;12.341;12.344;1251
CNYRUBF;30;20260822;123000;12.342;12.348;12.342;12.348;3267
CNYRUBF;30;20260822;130000;12.348;12.348;12.339;12.34;3551
CNYRUBF;30;20260822;133000;12.341;12.349;12.34;12.349;4001
CNYRUBF;30;20260822;140000;12.347;12.35;12.347;12.35;1923
CNYRUBF;30;20260822;143000;12.347;12.351;12.347;12.348;519
CNYRUBF;30;20260822;150000;12.348;12.35;12.347;12.349;323
CNYRUBF;30;20260822;153000;12.348;12.351;12.348;12.349;1003
CNYRUBF;30;20260822;160000;12.349;12.349;12.348;12.349;98
CNYRUBF;30;20260822;163000;12.349;12.349;12.347;12.349;399
CNYRUBF;30;20260822;170000;12.348;12.349;12.347;12.347;123
CNYRUBF;30;20260822;173000;12.349;12.349;12.349;12.349;81
CNYRUBF;30;20260822;180000;12.349;12.35;12.346;12.348;1762
CNYRUBF;30;20260822;183000;12.348;12.348;12.345;12.345;395
CNYRUBF;30;20260823;100000;12.346;12.354;12.345;12.351;2916
CNYRUBF;30;20260823;103000;12.351;12.354;12.348;12.352;1422
CNYRUBF;30;20260823;110000;12.352;12.353;12.35;12.35;572
CNYRUBF;30;20260823;113000;12.352;12.353;12.351;12.352;211
CNYRUBF;30;20260823;120000;12.352;12.353;12.351;12.352;695
CNYRUBF;30;20260823;123000;12.352;12.353;12.352;12.353;309
CNYRUBF;30;20260823;130000;12.353;12.353;12.35;12.35;535
CNYRUBF;30;20260823;133000;12.35;12.353;12.35;12.352;575
CNYRUBF;30;20260823;140000;12.352;12.352;12.35;12.351;58
CNYRUBF;30;20260823;143000;12.351;12.351;12.349;12.351;468
CNYRUBF;30;20260823;150000;12.35;12.35;12.34;12.341;2305
CNYRUBF;30;20260823;153000;12.342;12.345;12.34;12.343;1245
CNYRUBF;30;20260823;160000;12.34;12.343;12.321;12.328;13289
CNYRUBF;30;20260823;163000;12.329;12.333;12.325;12.332;538
CNYRUBF;30;20260823;170000;12.332;12.338;12.332;12.338;203
CNYRUBF;30;20260823;173000;12.338;12.339;12.337;12.339;706
CNYRUBF;30;20260823;180000;12.339;12.354;12.339;12.35;4910
CNYRUBF;30;20260823;183000;12.351;12.357;12.349;12.349;3631
CNYRUBF;30;20260824;070000;12.356;12.384;12.345;12.377;46531
CNYRUBF;30;20260824;073000;12.377;12.427;12.376;12.398;93182
CNYRUBF;30;20260824;080000;12.398;12.414;12.395;12.396;33437
CNYRUBF;30;20260824;083000;12.396;12.402;12.385;12.396;30686
CNYRUBF;30;20260824;090000;12.396;12.427;12.393;12.41;99866
CNYRUBF;30;20260824;093000;12.412;12.415;12.379;12.394;62714
CNYRUBF;30;20260824;100000;12.392;12.399;12.36;12.365;331757
CNYRUBF;30;20260824;103000;12.365;12.389;12.351;12.371;228922
CNYRUBF;30;20260824;110000;12.37;12.376;12.352;12.369;111643
CNYRUBF;30;20260824;113000;12.369;12.382;12.359;12.36;114042
CNYRUBF;30;20260824;120000;12.36;12.386;12.359;12.383;147189
CNYRUBF;30;20260824;123000;12.382;12.425;12.382;12.42;465488
CNYRUBF;30;20260824;130000;12.42;12.449;12.408;12.418;357376
CNYRUBF;30;20260824;133000;12.418;12.421;12.397;12.413;175224
CNYRUBF;30;20260824;140000;12.414;12.426;12.394;12.396;126128
CNYRUBF;30;20260824;143000;12.396;12.4;12.386;12.394;92945
CNYRUBF;30;20260824;150000;12.394;12.402;12.393;12.397;159227
CNYRUBF;30;20260824;153000;12.397;12.399;12.379;12.394;79854
CNYRUBF;30;20260824;160000;12.394;12.413;12.387;12.403;124438
CNYRUBF;30;20260824;163000;12.404;12.452;12.401;12.446;192030
CNYRUBF;30;20260824;170000;12.445;12.492;12.444;12.458;274483
CNYRUBF;30;20260824;173000;12.457;12.497;12.457;12.496;218261
CNYRUBF;30;20260824;180000;12.496;12.514;12.484;12.497;188566
CNYRUBF;30;20260824;183000;12.498;12.502;12.491;12.494;50178
CNYRUBF;30;20260824;190000;12.495;12.515;12.49;12.507;46675
CNYRUBF;30;20260824;193000;12.507;12.525;12.507;12.52;50977
CNYRUBF;30;20260824;200000;12.52;12.522;12.507;12.508;13157
CNYRUBF;30;20260824;203000;12.509;12.51;12.506;12.507;3204
CNYRUBF;30;20260824;210000;12.507;12.523;12.506;12.522;18306
CNYRUBF;30;20260824;213000;12.521;12.526;12.521;12.523;6194
CNYRUBF;30;20260824;220000;12.522;12.525;12.515;12.517;25351
CNYRUBF;30;20260824;223000;12.517;12.517;12.511;12.511;13620
CNYRUBF;30;20260824;230000;12.511;12.517;12.508;12.516;3310
CNYRUBF;30;20260824;233000;12.516;12.53;12.512;12.528;5732
CNYRUBF;30;20260825;070000;12.519;12.552;12.519;12.546;68895
CNYRUBF;30;20260825;073000;12.549;12.551;12.54;12.546;13826
CNYRUBF;30;20260825;080000;12.546;12.546;12.538;12.54;3616
CNYRUBF;30;20260825;083000;12.54;12.549;12.537;12.54;15694
CNYRUBF;30;20260825;090000;12.541;12.545;12.529;12.532;30911
CNYRUBF;30;20260825;093000;12.532;12.543;12.53;12.538;28894
CNYRUBF;30;20260825;100000;12.537;12.586;12.511;12.582;465415
CNYRUBF;30;20260825;103000;12.582;12.608;12.58;12.588;486041
CNYRUBF;30;20260825;110000;12.588;12.59;12.56;12.582;210259
CNYRUBF;30;20260825;113000;12.581;12.594;12.561;12.562;109675
CNYRUBF;30;20260825;120000;12.561;12.57;12.552;12.559;105104
CNYRUBF;30;20260825;123000;12.558;12.571;12.552;12.566;85893
CNYRUBF;30;20260825;130000;12.565;12.569;12.542;12.56;133571
CNYRUBF;30;20260825;133000;12.561;12.585;12.558;12.571;133500
CNYRUBF;30;20260825;140000;12.57;12.571;12.552;12.569;62251
CNYRUBF;30;20260825;143000;12.569;12.595;12.567;12.59;134361
CNYRUBF;30;20260825;150000;12.59;12.599;12.582;12.596;103451
CNYRUBF;30;20260825;153000;12.597;12.599;12.568;12.574;87709
CNYRUBF;30;20260825;160000;12.574;12.578;12.556;12.578;83361
CNYRUBF;30;20260825;163000;12.578;12.593;12.576;12.582;38209
CNYRUBF;30;20260825;170000;12.582;12.582;12.545;12.552;106950
CNYRUBF;30;20260825;173000;12.551;12.551;12.461;12.476;713233
CNYRUBF;30;20260825;180000;12.475;12.482;12.451;12.472;257361
CNYRUBF;30;20260825;183000;12.473;12.503;12.468;12.5;149505
CNYRUBF;30;20260825;190000;12.501;12.507;12.487;12.506;23484
CNYRUBF;30;20260825;193000;12.506;12.52;12.504;12.506;22489
CNYRUBF;30;20260825;200000;12.506;12.509;12.48;12.48;32932
CNYRUBF;30;20260825;203000;12.482;12.488;12.475;12.485;46716
CNYRUBF;30;20260825;210000;12.485;12.493;12.473;12.479;38680
CNYRUBF;30;20260825;213000;12.479;12.487;12.474;12.485;15864
CNYRUBF;30;20260825;220000;12.485;12.49;12.485;12.487;10058
CNYRUBF;30;20260825;223000;12.487;12.488;12.48;12.488;16812
CNYRUBF;30;20260825;230000;12.489;12.507;12.488;12.507;29196
CNYRUBF;30;20260825;233000;12.505;12.532;12.505;12.529;34422
CNYRUBF;30;20260826;070000;12.533;12.547;12.521;12.539;28557
CNYRUBF;30;20260826;073000;12.541;12.566;12.535;12.535;45959
CNYRUBF;30;20260826;080000;12.539;12.546;12.528;12.536;9756
CNYRUBF;30;20260826;083000;12.535;12.559;12.529;12.536;29203
CNYRUBF;30;20260826;090000;12.536;12.544;12.524;12.538;29595
CNYRUBF;30;20260826;093000;12.539;12.545;12.53;12.532;40531
CNYRUBF;30;20260826;100000;12.532;12.584;12.524;12.548;447760
CNYRUBF;30;20260826;103000;12.548;12.55;12.503;12.508;366360
CNYRUBF;30;20260826;110000;12.509;12.527;12.497;12.521;188135
CNYRUBF;30;20260826;113000;12.52;12.532;12.512;12.512;88473
CNYRUBF;30;20260826;120000;12.512;12.531;12.507;12.52;141767
CNYRUBF;30;20260826;123000;12.52;12.536;12.52;12.534;102718
CNYRUBF;30;20260826;130000;12.533;12.556;12.532;12.544;184091
CNYRUBF;30;20260826;133000;12.544;12.555;12.538;12.55;77953
CNYRUBF;30;20260826;140000;12.551;12.574;12.55;12.553;300282
CNYRUBF;30;20260826;143000;12.553;12.557;12.539;12.546;109691
CNYRUBF;30;20260826;150000;12.547;12.562;12.544;12.559;89883
CNYRUBF;30;20260826;153000;12.559;12.593;12.556;12.582;296245
CNYRUBF;30;20260826;160000;12.582;12.584;12.559;12.568;126778
CNYRUBF;30;20260826;163000;12.567;12.587;12.565;12.574;99138
CNYRUBF;30;20260826;170000;12.575;12.577;12.546;12.554;229741
CNYRUBF;30;20260826;173000;12.554;12.58;12.549;12.575;104000
CNYRUBF;30;20260826;180000;12.577;12.58;12.568;12.569;120159
CNYRUBF;30;20260826;183000;12.569;12.605;12.567;12.603;271728
CNYRUBF;30;20260826;190000;12.603;12.644;12.603;12.627;171431
CNYRUBF;30;20260826;193000;12.627;12.635;12.619;12.628;34739
CNYRUBF;30;20260826;200000;12.628;12.648;12.621;12.648;46685
CNYRUBF;30;20260826;203000;12.648;12.648;12.631;12.632;15788
CNYRUBF;30;20260826;210000;12.632;12.652;12.628;12.647;23535
CNYRUBF;30;20260826;213000;12.646;12.666;12.642;12.661;50787
CNYRUBF;30;20260826;220000;12.661;12.667;12.644;12.655;21369
CNYRUBF;30;20260826;223000;12.655;12.662;12.649;12.65;14124
CNYRUBF;30;20260826;230000;12.65;12.667;12.648;12.665;34188
CNYRUBF;30;20260826;233000;12.666;12.669;12.662;12.666;23788
CNYRUBF;30;20260827;070000;12.67;12.698;12.652;12.663;65682
CNYRUBF;30;20260827;073000;12.663;12.668;12.648;12.652;32359
CNYRUBF;30;20260827;080000;12.651;12.66;12.649;12.657;15609
CNYRUBF;30;20260827;083000;12.657;12.663;12.647;12.663;22782
CNYRUBF;30;20260827;090000;12.663;12.665;12.645;12.646;28831
CNYRUBF;30;20260827;093000;12.645;12.687;12.645;12.673;173260
CNYRUBF;30;20260827;100000;12.673;12.721;12.666;12.715;712060
CNYRUBF;30;20260827;103000;12.715;12.765;12.715;12.764;734005
CNYRUBF;30;20260827;110000;12.764;12.772;12.731;12.739;859746
CNYRUBF;30;20260827;113000;12.739;12.755;12.726;12.752;416034
CNYRUBF;30;20260827;120000;12.751;12.756;12.725;12.751;312647
CNYRUBF;30;20260827;123000;12.751;12.798;12.747;12.794;349019
CNYRUBF;30;20260827;130000;12.795;12.808;12.785;12.806;229857
CNYRUBF;30;20260827;133000;12.806;12.817;12.796;12.81;268090
CNYRUBF;30;20260827;140000;12.81;12.832;12.803;12.821;290923
CNYRUBF;30;20260827;143000;12.821;12.881;12.82;12.878;480131
CNYRUBF;30;20260827;150000;12.879;12.883;12.822;12.826;474697
CNYRUBF;30;20260827;153000;12.826;12.855;12.819;12.848;312426
CNYRUBF;30;20260827;160000;12.847;12.862;12.827;12.86;230391
CNYRUBF;30;20260827;163000;12.86;12.893;12.856;12.862;318115
CNYRUBF;30;20260827;170000;12.862;12.871;12.842;12.87;270027
CNYRUBF;30;20260827;173000;12.871;12.874;12.808;12.813;413044
CNYRUBF;30;20260827;180000;12.814;12.83;12.785;12.786;529282
CNYRUBF;30;20260827;183000;12.788;12.826;12.783;12.824;273967
CNYRUBF;30;20260827;190000;12.824;12.825;12.8;12.809;137983
CNYRUBF;30;20260827;193000;12.81;12.81;12.794;12.798;36469
CNYRUBF;30;20260827;200000;12.799;12.803;12.788;12.79;35208
CNYRUBF;30;20260827;203000;12.79;12.793;12.773;12.785;38685
CNYRUBF;30;20260827;210000;12.785;12.798;12.776;12.778;22551
CNYRUBF;30;20260827;213000;12.778;12.794;12.777;12.785;12407
CNYRUBF;30;20260827;220000;12.785;12.794;12.785;12.792;10351
CNYRUBF;30;20260827;223000;12.793;12.798;12.791;12.792;9616
CNYRUBF;30;20260827;230000;12.792;12.799;12.792;12.798;8314
CNYRUBF;30;20260827;233000;12.797;12.8;12.794;12.796;11161
CNYRUBF;30;20260828;070000;12.824;12.827;12.796;12.82;35435
CNYRUBF;30;20260828;073000;12.82;12.83;12.812;12.812;15843
CNYRUBF;30;20260828;080000;12.814;12.824;12.788;12.795;34768
CNYRUBF;30;20260828;083000;12.795;12.806;12.784;12.792;15312
CNYRUBF;30;20260828;090000;12.794;12.794;12.757;12.769;130437
CNYRUBF;30;20260828;093000;12.768;12.786;12.758;12.776;98968
CNYRUBF;30;20260828;100000;12.776;12.807;12.741;12.741;475620
CNYRUBF;30;20260828;103000;12.741;12.749;12.704;12.718;485458
CNYRUBF;30;20260828;110000;12.716;12.743;12.693;12.732;380796
CNYRUBF;30;20260828;113000;12.731;12.744;12.716;12.717;155414
CNYRUBF;30;20260828;120000;12.716;12.734;12.708;12.724;139127
CNYRUBF;30;20260828;123000;12.724;12.747;12.722;12.738;142135
CNYRUBF;30;20260828;130000;12.737;12.764;12.736;12.743;203331
CNYRUBF;30;20260828;133000;12.742;12.747;12.713;12.715;178208
CNYRUBF;30;20260828;140000;12.715;12.742;12.713;12.74;149977
CNYRUBF;30;20260828;143000;12.742;12.77;12.734;12.764;277077
CNYRUBF;30;20260828;150000;12.765;12.767;12.748;12.766;187472
CNYRUBF;30;20260828;153000;12.766;12.805;12.765;12.803;300203
CNYRUBF;30;20260828;160000;12.804;12.846;12.804;12.826;320840
CNYRUBF;30;20260828;163000;12.826;12.83;12.801;12.825;222883
CNYRUBF;30;20260828;170000;12.824;12.881;12.817;12.859;327167
CNYRUBF;30;20260828;173000;12.86;12.888;12.845;12.886;206312
CNYRUBF;30;20260828;180000;12.886;12.946;12.866;12.916;393912
CNYRUBF;30;20260828;183000;12.914;12.917;12.893;12.91;118679
CNYRUBF;30;20260828;190000;12.911;12.911;12.874;12.889;61420
CNYRUBF;30;20260828;193000;12.89;12.899;12.882;12.897;43832
CNYRUBF;30;20260828;200000;12.897;12.909;12.893;12.898;32536
CNYRUBF;30;20260828;203000;12.898;12.902;12.884;12.899;24110
CNYRUBF;30;20260828;210000;12.898;12.902;12.887;12.902;39324
CNYRUBF;30;20260828;213000;12.902;12.905;12.894;12.903;14202
CNYRUBF;30;20260828;220000;12.902;12.905;12.893;12.893;12656
CNYRUBF;30;20260828;223000;12.893;12.895;12.891;12.892;4745
CNYRUBF;30;20260828;230000;12.892;12.899;12.892;12.893;14011
CNYRUBF;30;20260828;233000;12.893;12.899;12.892;12.892;6656
CNYRUBF;30;20260829;100000;12.905;12.907;12.888;12.893;14418
CNYRUBF;30;20260829;103000;12.893;12.9;12.892;12.895;5344
CNYRUBF;30;20260829;110000;12.895;12.895;12.891;12.893;2225
CNYRUBF;30;20260829;113000;12.893;12.899;12.892;12.899;531
CNYRUBF;30;20260829;120000;12.899;12.9;12.893;12.893;655
CNYRUBF;30;20260829;123000;12.893;12.895;12.89;12.892;3387
CNYRUBF;30;20260829;130000;12.893;12.893;12.892;12.892;1904
CNYRUBF;30;20260829;133000;12.892;12.893;12.891;12.891;2282
CNYRUBF;30;20260829;140000;12.891;12.893;12.891;12.893;2698
CNYRUBF;30;20260829;143000;12.893;12.899;12.891;12.898;1887
CNYRUBF;30;20260829;150000;12.896;12.897;12.892;12.893;325
CNYRUBF;30;20260829;153000;12.893;12.897;12.892;12.894;1834
CNYRUBF;30;20260829;160000;12.894;12.897;12.892;12.897;366
CNYRUBF;30;20260829;163000;12.895;12.897;12.893;12.897;719
CNYRUBF;30;20260829;170000;12.895;12.898;12.893;12.896;1054
CNYRUBF;30;20260829;173000;12.896;12.897;12.895;12.895;341
CNYRUBF;30;20260829;180000;12.895;12.901;12.894;12.895;4170
CNYRUBF;30;20260829;183000;12.895;12.897;12.894;12.896;335
CNYRUBF;30;20260830;100000;12.895;12.898;12.891;12.895;3167
CNYRUBF;30;20260830;103000;12.895;12.9;12.891;12.894;2760
CNYRUBF;30;20260830;110000;12.894;12.895;12.892;12.892;475
CNYRUBF;30;20260830;113000;12.896;12.896;12.892;12.892;773
CNYRUBF;30;20260830;120000;12.892;12.895;12.891;12.892;2433
CNYRUBF;30;20260830;123000;12.892;12.893;12.887;12.891;8283
CNYRUBF;30;20260830;130000;12.893;12.894;12.889;12.894;333
CNYRUBF;30;20260830;133000;12.894;12.896;12.893;12.896;433
CNYRUBF;30;20260830;140000;12.896;12.919;12.892;12.904;27780
CNYRUBF;30;20260830;143000;12.904;12.913;12.89;12.898;17938
CNYRUBF;30;20260830;150000;12.898;12.898;12.893;12.897;2632
CNYRUBF;30;20260830;153000;12.895;12.898;12.891;12.898;2378
CNYRUBF;30;20260830;160000;12.895;12.901;12.891;12.9;2550
CNYRUBF;30;20260830;163000;12.895;12.91;12.895;12.908;2170
CNYRUBF;30;20260830;170000;12.909;12.915;12.892;12.899;10396
CNYRUBF;30;20260830;173000;12.898;12.9;12.891;12.898;3905
CNYRUBF;30;20260830;180000;12.898;12.898;12.885;12.889;33039
CNYRUBF;30;20260830;183000;12.891;12.891;12.88;12.882;21433
