<TICKER>;<PER>;<DATE>;<TIME>;<OPEN>;<HIGH>;<LOW>;<CLOSE>;<VOL>
CNYRUBF;30;20250901;083000;11.282;11.282;11.282;11.282;82
CNYRUBF;30;20250901;090000;11.28;11.281;11.273;11.275;11324
CNYRUBF;30;20250901;093000;11.275;11.276;11.249;11.273;43593
CNYRUBF;30;20250901;100000;11.271;11.274;11.251;11.254;58627
CNYRUBF;30;20250901;103000;11.254;11.281;11.252;11.278;71223
CNYRUBF;30;20250901;110000;11.278;11.285;11.23;11.265;123782
CNYRUBF;30;20250901;113000;11.265;11.276;11.262;11.273;24041
CNYRUBF;30;20250901;120000;11.271;11.273;11.262;11.269;17302
CNYRUBF;30;20250901;123000;11.27;11.276;11.268;11.274;26580
CNYRUBF;30;20250901;130000;11.274;11.286;11.267;11.275;57992
CNYRUBF;30;20250901;133000;11.276;11.278;11.27;11.276;30997
CNYRUBF;30;20250901;140000;11.276;11.277;11.269;11.273;27327
CNYRUBF;30;20250901;143000;11.274;11.275;11.268;11.269;32131
CNYRUBF;30;20250901;150000;11.27;11.277;11.27;11.277;16805
CNYRUBF;30;20250901;153000;11.278;11.28;11.244;11.248;140084
CNYRUBF;30;20250901;160000;11.248;11.266;11.244;11.247;54804
CNYRUBF;30;20250901;163000;11.247;11.252;11.238;11.238;60391
CNYRUBF;30;20250901;170000;11.239;11.252;11.235;11.249;48167
CNYRUBF;30;20250901;173000;11.249;11.251;11.237;11.249;46891
CNYRUBF;30;20250901;180000;11.25;11.25;11.238;11.238;27795
CNYRUBF;30;20250901;183000;11.239;11.24;11.225;11.229;23642
CNYRUBF;30;20250901;190000;11.228;11.246;11.227;11.241;15847
CNYRUBF;30;20250901;193000;11.241;11.245;11.237;11.242;8408
CNYRUBF;30;20250901;200000;11.243;11.245;11.239;11.244;1724
CNYRUBF;30;20250901;203000;11.244;11.245;11.238;11.239;2268
CNYRUBF;30;20250901;210000;11.24;11.242;11.237;11.237;2479
CNYRUBF;30;20250901;213000;11.238;11.241;11.236;11.237;1694
CNYRUBF;30;20250901;220000;11.238;11.24;11.23;11.237;9008
CNYRUBF;30;20250901;223000;11.238;11.241;11.221;11.23;18569
CNYRUBF;30;20250901;230000;11.229;11.23;11.221;11.227;7907
CNYRUBF;30;20250901;233000;11.226;11.233;11.223;11.227;3610
CNYRUBF;30;20250902;083000;11.228;11.228;11.228;11.228;55
CNYRUBF;30;20250902;090000;11.229;11.233;11.201;11.229;72545
CNYRUBF;30;20250902;093000;11.229;11.229;11.221;11.227;7508
CNYRUBF;30;20250902;100000;11.227;11.265;11.224;11.257;110055
CNYRUBF;30;20250902;103000;11.258;11.277;11.255;11.267;67632
CNYRUBF;30;20250902;110000;11.266;11.272;11.255;11.263;42191
CNYRUBF;30;20250902;113000;11.263;11.264;11.251;11.256;21042
CNYRUBF;30;20250902;120000;11.257;11.267;11.255;11.262;26420
CNYRUBF;30;20250902;123000;11.262;11.268;11.262;11.265;12925
CNYRUBF;30;20250902;130000;11.265;11.29;11.263;11.271;88540
CNYRUBF;30;20250902;133000;11.272;11.277;11.268;11.27;27830
CNYRUBF;30;20250902;140000;11.27;11.274;11.269;11.271;11254
CNYRUBF;30;20250902;143000;11.271;11.272;11.26;11.263;21623
CNYRUBF;30;20250902;150000;11.263;11.267;11.26;11.265;16588
CNYRUBF;30;20250902;153000;11.264;11.272;11.263;11.267;11711
CNYRUBF;30;20250902;160000;11.266;11.274;11.266;11.272;14392
CNYRUBF;30;20250902;163000;11.272;11.273;11.265;11.267;17606
CNYRUBF;30;20250902;170000;11.266;11.269;11.264;11.268;27092
CNYRUBF;30;20250902;173000;11.267;11.278;11.265;11.278;21931
CNYRUBF;30;20250902;180000;11.279;11.282;11.271;11.278;28821
CNYRUBF;30;20250902;183000;11.278;11.279;11.275;11.277;23324
CNYRUBF;30;20250902;190000;11.28;11.283;11.278;11.278;9194
CNYRUBF;30;20250902;193000;11.278;11.278;11.271;11.273;7270
CNYRUBF;30;20250902;200000;11.273;11.278;11.272;11.276;6078
CNYRUBF;30;20250902;203000;11.276;11.281;11.273;11.277;3379
CNYRUBF;30;20250902;210000;11.279;11.282;11.27;11.271;4915
CNYRUBF;30;20250902;213000;11.271;11.274;11.267;11.271;3467
CNYRUBF;30;20250902;220000;11.272;11.272;11.266;11.267;1694
CNYRUBF;30;20250902;223000;11.268;11.274;11.266;11.272;940
CNYRUBF;30;20250902;230000;11.271;11.278;11.269;11.274;4813
CNYRUBF;30;20250902;233000;11.275;11.276;11.271;11.273;2134
CNYRUBF;30;20250903;083000;11.274;11.274;11.274;11.274;12
CNYRUBF;30;20250903;090000;11.273;11.277;11.267;11.276;7863
CNYRUBF;30;20250903;093000;11.275;11.281;11.274;11.278;15833
CNYRUBF;30;20250903;100000;11.279;11.3;11.276;11.289;73310
CNYRUBF;30;20250903;103000;11.289;11.294;11.283;11.286;32402
CNYRUBF;30;20250903;110000;11.286;11.3;11.286;11.3;39769
CNYRUBF;30;20250903;113000;11.299;11.309;11.298;11.302;67248
CNYRUBF;30;20250903;120000;11.303;11.315;11.265;11.297;127180
CNYRUBF;30;20250903;123000;11.297;11.315;11.297;11.315;29164
CNYRUBF;30;20250903;130000;11.314;11.319;11.306;11.312;42901
CNYRUBF;30;20250903;133000;11.312;11.335;11.31;11.322;101278
CNYRUBF;30;20250903;140000;11.322;11.33;11.316;11.327;35020
CNYRUBF;30;20250903;143000;11.328;11.336;11.306;11.312;119204
CNYRUBF;30;20250903;150000;11.312;11.324;11.308;11.311;37334
CNYRUBF;30;20250903;153000;11.31;11.318;11.302;11.306;25459
CNYRUBF;30;20250903;160000;11.307;11.308;11.298;11.304;32702
CNYRUBF;30;20250903;163000;11.304;11.31;11.301;11.31;37317
CNYRUBF;30;20250903;170000;11.31;11.313;11.307;11.311;19483
CNYRUBF;30;20250903;173000;11.311;11.314;11.309;11.31;12577
CNYRUBF;30;20250903;180000;11.311;11.311;11.306;11.309;16659
CNYRUBF;30;20250903;183000;11.309;11.312;11.304;11.304;14222
CNYRUBF;30;20250903;190000;11.311;11.319;11.307;11.312;4677
CNYRUBF;30;20250903;193000;11.312;11.314;11.309;11.312;4885
CNYRUBF;30;20250903;200000;11.312;11.32;11.309;11.313;11654
CNYRUBF;30;20250903;203000;11.312;11.314;11.31;11.314;2175
CNYRUBF;30;20250903;210000;11.314;11.32;11.312;11.319;9453
CNYRUBF;30;20250903;213000;11.318;11.318;11.308;11.309;6650
CNYRUBF;30;20250903;220000;11.309;11.311;11.299;11.305;12179
CNYRUBF;30;20250903;223000;11.305;11.309;11.305;11.309;1899
CNYRUBF;30;20250903;230000;11.308;11.311;11.307;11.307;1958
CNYRUBF;30;20250903;233000;11.306;11.31;11.302;11.307;5561
CNYRUBF;30;20250904;083000;11.303;11.303;11.303;11.303;35
CNYRUBF;30;20250904;090000;11.305;11.319;11.304;11.316;12001
CNYRUBF;30;20250904;093000;11.316;11.32;11.312;11.315;16268
CNYRUBF;30;20250904;100000;11.316;11.354;11.316;11.347;136519
CNYRUBF;30;20250904;103000;11.346;11.351;11.338;11.341;57610
CNYRUBF;30;20250904;110000;11.341;11.387;11.341;11.373;139694
CNYRUBF;30;20250904;113000;11.373;11.384;11.364;11.381;114611
CNYRUBF;30;20250904;120000;11.381;11.39;11.368;11.37;80492
CNYRUBF;30;20250904;123000;11.369;11.378;11.366;11.373;49260
CNYRUBF;30;20250904;130000;11.372;11.386;11.37;11.38;51549
CNYRUBF;30;20250904;133000;11.38;11.381;11.368;11.37;61275
CNYRUBF;30;20250904;140000;11.37;11.373;11.355;11.366;64329
CNYRUBF;30;20250904;143000;11.366;11.376;11.363;11.368;31314
CNYRUBF;30;20250904;150000;11.367;11.373;11.363;11.367;12527
CNYRUBF;30;20250904;153000;11.366;11.37;11.361;11.369;25798
CNYRUBF;30;20250904;160000;11.367;11.367;11.36;11.363;32181
CNYRUBF;30;20250904;163000;11.363;11.366;11.358;11.36;36977
CNYRUBF;30;20250904;170000;11.36;11.369;11.356;11.366;93332
CNYRUBF;30;20250904;173000;11.365;11.37;11.358;11.366;51061
CNYRUBF;30;20250904;180000;11.365;11.369;11.363;11.368;64316
CNYRUBF;30;20250904;183000;11.367;11.369;11.365;11.365;11272
CNYRUBF;30;20250904;190000;11.365;11.395;11.365;11.387;34041
CNYRUBF;30;20250904;193000;11.388;11.392;11.385;11.389;10149
CNYRUBF;30;20250904;200000;11.389;11.391;11.387;11.388;6378
CNYRUBF;30;20250904;203000;11.388;11.392;11.386;11.387;10126
CNYRUBF;30;20250904;210000;11.387;11.39;11.377;11.385;19998
CNYRUBF;30;20250904;213000;11.385;11.392;11.383;11.39;12116
CNYRUBF;30;20250904;220000;11.39;11.392;11.388;11.388;9010
CNYRUBF;30;20250904;223000;11.388;11.394;11.387;11.389;3893
CNYRUBF;30;20250904;230000;11.39;11.395;11.387;11.392;9917
CNYRUBF;30;20250904;233000;11.393;11.393;11.387;11.393;2707
CNYRUBF;30;20250905;083000;11.395;11.395;11.395;11.395;15
CNYRUBF;30;20250905;090000;11.391;11.399;11.377;11.381;48424
CNYRUBF;30;20250905;093000;11.381;11.384;11.373;11.375;11832
CNYRUBF;30;20250905;100000;11.375;11.405;11.372;11.396;134667
CNYRUBF;30;20250905;103000;11.397;11.401;11.389;11.396;29957
CNYRUBF;30;20250905;110000;11.396;11.407;11.382;11.392;111485
CNYRUBF;30;20250905;113000;11.393;11.396;11.388;11.394;23370
CNYRUBF;30;20250905;120000;11.395;11.407;11.394;11.403;40171
CNYRUBF;30;20250905;123000;11.403;11.412;11.396;11.406;88014
CNYRUBF;30;20250905;130000;11.406;11.419;11.405;11.417;92626
CNYRUBF;30;20250905;133000;11.418;11.418;11.407;11.412;53473
CNYRUBF;30;20250905;140000;11.413;11.413;11.393;11.399;75332
CNYRUBF;30;20250905;143000;11.399;11.404;11.392;11.403;49009
CNYRUBF;30;20250905;150000;11.402;11.404;11.396;11.398;7944
CNYRUBF;30;20250905;153000;11.398;11.399;11.386;11.392;67936
CNYRUBF;30;20250905;160000;11.392;11.399;11.388;11.398;17865
CNYRUBF;30;20250905;163000;11.399;11.409;11.398;11.409;18839
CNYRUBF;30;20250905;170000;11.409;11.415;11.403;11.411;35493
CNYRUBF;30;20250905;173000;11.412;11.414;11.403;11.412;76258
CNYRUBF;30;20250905;180000;11.411;11.421;11.407;11.418;37916
CNYRUBF;30;20250905;183000;11.419;11.423;11.413;11.413;29458
CNYRUBF;30;20250905;190000;11.416;11.428;11.412;11.426;10878
CNYRUBF;30;20250905;193000;11.425;11.425;11.42;11.421;2371
CNYRUBF;30;20250905;200000;11.42;11.421;11.414;11.416;3544
CNYRUBF;30;20250905;203000;11.417;11.422;11.416;11.419;1595
CNYRUBF;30;20250905;210000;11.421;11.423;11.414;11.423;4920
CNYRUBF;30;20250905;213000;11.423;11.426;11.42;11.426;5403
CNYRUBF;30;20250905;220000;11.425;11.427;11.418;11.422;2978
CNYRUBF;30;20250905;223000;11.421;11.425;11.421;11.423;3007
CNYRUBF;30;20250905;230000;11.423;11.424;11.421;11.424;2643
CNYRUBF;30;20250905;233000;11.424;11.426;11.418;11.42;4789
CNYRUBF;30;20250908;083000;11.428;11.428;11.428;11.428;1050
CNYRUBF;30;20250908;090000;11.427;11.452;11.423;11.438;44990
CNYRUBF;30;20250908;093000;11.437;11.451;11.427;11.45;18739
CNYRUBF;30;20250908;100000;11.447;11.492;11.441;11.466;215054
CNYRUBF;30;20250908;103000;11.465;11.484;11.462;11.473;185112
CNYRUBF;30;20250908;110000;11.474;11.482;11.458;11.466;57346
CNYRUBF;30;20250908;113000;11.466;11.47;11.458;11.466;27774
CNYRUBF;30;20250908;120000;11.465;11.479;11.464;11.475;38527
CNYRUBF;30;20250908;123000;11.475;11.489;11.472;11.488;113471
CNYRUBF;30;20250908;130000;11.489;11.505;11.488;11.5;369137
CNYRUBF;30;20250908;133000;11.501;11.512;11.487;11.498;89909
CNYRUBF;30;20250908;140000;11.499;11.507;11.495;11.501;58272
CNYRUBF;30;20250908;143000;11.502;11.504;11.497;11.502;45711
CNYRUBF;30;20250908;150000;11.502;11.517;11.5;11.515;79670
CNYRUBF;30;20250908;153000;11.515;11.543;11.507;11.525;135293
CNYRUBF;30;20250908;160000;11.525;11.565;11.524;11.556;114185
CNYRUBF;30;20250908;163000;11.555;11.558;11.548;11.556;92478
CNYRUBF;30;20250908;170000;11.554;11.562;11.554;11.556;43220
CNYRUBF;30;20250908;173000;11.555;11.6;11.553;11.56;222700
CNYRUBF;30;20250908;180000;11.561;11.62;11.56;11.609;180443
CNYRUBF;30;20250908;183000;11.609;11.617;11.591;11.597;62583
CNYRUBF;30;20250908;190000;11.598;11.631;11.595;11.621;51098
CNYRUBF;30;20250908;193000;11.62;11.624;11.611;11.621;19406
CNYRUBF;30;20250908;200000;11.62;11.651;11.619;11.646;44603
CNYRUBF;30;20250908;203000;11.645;11.646;11.628;11.634;16797
CNYRUBF;30;20250908;210000;11.635;11.643;11.632;11.64;14065
CNYRUBF;30;20250908;213000;11.64;11.647;11.638;11.645;10664
CNYRUBF;30;20250908;220000;11.645;11.645;11.63;11.638;17924
CNYRUBF;30;20250908;223000;11.638;11.643;11.632;11.643;12153
CNYRUBF;30;20250908;230000;11.643;11.648;11.638;11.645;7118
CNYRUBF;30;20250908;233000;11.645;11.646;11.637;11.641;4015
CNYRUBF;30;20250909;083000;11.639;11.639;11.639;11.639;262
CNYRUBF;30;20250909;090000;11.638;11.684;11.636;11.67;106111
CNYRUBF;30;20250909;093000;11.668;11.673;11.651;11.652;47801
CNYRUBF;30;20250909;100000;11.655;11.7;11.65;11.677;285154
CNYRUBF;30;20250909;103000;11.676;11.687;11.667;11.683;128961
CNYRUBF;30;20250909;110000;11.682;11.717;11.679;11.717;313977
CNYRUBF;30;20250909;113000;11.716;11.718;11.693;11.715;119919
CNYRUBF;30;20250909;120000;11.715;11.715;11.683;11.689;169362
CNYRUBF;30;20250909;123000;11.689;11.701;11.682;11.689;109212
CNYRUBF;30;20250909;130000;11.687;11.713;11.685;11.708;74434
CNYRUBF;30;20250909;133000;11.709;11.714;11.695;11.705;47707
CNYRUBF;30;20250909;140000;11.706;11.748;11.706;11.742;152095
CNYRUBF;30;20250909;143000;11.742;11.759;11.726;11.758;117559
CNYRUBF;30;20250909;150000;11.759;11.778;11.75;11.776;140284
CNYRUBF;30;20250909;153000;11.776;11.777;11.756;11.769;66498
CNYRUBF;30;20250909;160000;11.769;11.769;11.711;11.729;211348
CNYRUBF;30;20250909;163000;11.73;11.76;11.728;11.75;135448
CNYRUBF;30;20250909;170000;11.75;11.763;11.74;11.753;83639
CNYRUBF;30;20250909;173000;11.752;11.757;11.744;11.75;52208
CNYRUBF;30;20250909;180000;11.751;11.77;11.75;11.766;116045
CNYRUBF;30;20250909;183000;11.766;11.78;11.758;11.776;74511
CNYRUBF;30;20250909;190000;11.78;11.789;11.762;11.77;81419
CNYRUBF;30;20250909;193000;11.771;11.78;11.751;11.763;79060
CNYRUBF;30;20250909;200000;11.767;11.767;11.748;11.758;38828
CNYRUBF;30;20250909;203000;11.758;11.768;11.758;11.763;12711
CNYRUBF;30;20250909;210000;11.764;11.77;11.762;11.766;11609
CNYRUBF;30;20250909;213000;11.766;11.77;11.764;11.769;9379
CNYRUBF;30;20250909;220000;11.769;11.779;11.768;11.776;15329
CNYRUBF;30;20250909;223000;11.777;11.789;11.769;11.775;30604
CNYRUBF;30;20250909;230000;11.775;11.777;11.77;11.774;4450
CNYRUBF;30;20250909;233000;11.773;11.775;11.769;11.769;5488
CNYRUBF;30;20250910;090000;11.774;11.814;11.77;11.808;148417
CNYRUBF;30;20250910;093000;11.808;11.813;11.796;11.802;42934
CNYRUBF;30;20250910;100000;11.801;11.875;11.799;11.856;415299
CNYRUBF;30;20250910;103000;11.856;11.941;11.856;11.933;507121
CNYRUBF;30;20250910;110000;11.932;11.959;11.916;11.925;306838
CNYRUBF;30;20250910;113000;11.924;11.935;11.894;11.917;283329
CNYRUBF;30;20250910;120000;11.917;11.92;11.893;11.913;315148
CNYRUBF;30;20250910;123000;11.913;11.937;11.912;11.923;240956
CNYRUBF;30;20250910;130000;11.923;11.925;11.896;11.925;160032
CNYRUBF;30;20250910;133000;11.924;11.941;11.921;11.933;148540
CNYRUBF;30;20250910;140000;11.933;11.935;11.921;11.926;76112
CNYRUBF;30;20250910;143000;11.926;11.93;11.906;11.906;104854
CNYRUBF;30;20250910;150000;11.906;11.909;11.865;11.878;256365
CNYRUBF;30;20250910;153000;11.878;11.91;11.873;11.885;160423
CNYRUBF;30;20250910;160000;11.883;11.893;11.867;11.885;103275
CNYRUBF;30;20250910;163000;11.885;11.902;11.878;11.883;89873
CNYRUBF;30;20250910;170000;11.882;11.922;11.875;11.914;84521
CNYRUBF;30;20250910;173000;11.915;11.916;11.891;11.912;127004
CNYRUBF;30;20250910;180000;11.911;11.935;11.906;11.915;137340
CNYRUBF;30;20250910;183000;11.915;11.935;11.915;11.926;69526
CNYRUBF;30;20250910;190000;11.925;11.95;11.914;11.928;60456
CNYRUBF;30;20250910;193000;11.928;11.93;11.92;11.922;22169
CNYRUBF;30;20250910;200000;11.922;11.93;11.914;11.923;17464
CNYRUBF;30;20250910;203000;11.922;11.926;11.917;11.917;7417
CNYRUBF;30;20250910;210000;11.917;11.946;11.916;11.928;19384
CNYRUBF;30;20250910;213000;11.929;11.947;11.929;11.945;20987
CNYRUBF;30;20250910;220000;11.943;11.956;11.942;11.943;29706
CNYRUBF;30;20250910;223000;11.942;11.944;11.936;11.941;10273
CNYRUBF;30;20250910;230000;11.939;11.951;11.938;11.95;9174
CNYRUBF;30;20250910;233000;11.95;11.959;11.947;11.958;8364
CNYRUBF;30;20250911;083000;11.96;11.96;11.96;11.96;620
CNYRUBF;30;20250911;090000;11.96;11.985;11.94;11.969;120936
CNYRUBF;30;20250911;093000;11.969;11.997;11.942;11.991;115985
CNYRUBF;30;20250911;100000;11.991;12.063;11.99;12.039;578197
CNYRUBF;30;20250911;103000;12.038;12.046;11.961;11.961;408334
CNYRUBF;30;20250911;110000;11.962;11.963;11.873;11.946;797194
CNYRUBF;30;20250911;113000;11.946;11.958;11.928;11.937;209619
CNYRUBF;30;20250911;120000;11.937;11.939;11.9;11.914;178604
CNYRUBF;30;20250911;123000;11.914;11.953;11.911;11.929;185380
CNYRUBF;30;20250911;130000;11.93;11.941;11.927;11.93;123889
CNYRUBF;30;20250911;133000;11.93;11.933;11.896;11.899;156985
CNYRUBF;30;20250911;140000;11.899;11.918;11.851;11.909;437158
CNYRUBF;30;20250911;143000;11.909;11.938;11.886;11.928;288019
CNYRUBF;30;20250911;150000;11.927;11.938;11.918;11.926;228775
CNYRUBF;30;20250911;153000;11.928;11.956;11.925;11.942;32515
CNYRUBF;30;20250911;160000;11.942;11.946;11.928;11.938;71869
CNYRUBF;30;20250911;163000;11.938;11.956;11.919;11.922;121556
CNYRUBF;30;20250911;170000;11.922;11.942;11.915;11.934;78847
CNYRUBF;30;20250911;173000;11.933;11.976;11.929;11.954;205513
CNYRUBF;30;20250911;180000;11.956;11.986;11.95;11.985;141957
CNYRUBF;30;20250911;183000;11.986;11.987;11.945;11.952;114677
CNYRUBF;30;20250911;190000;11.953;11.974;11.948;11.968;26391
CNYRUBF;30;20250911;193000;11.967;11.974;11.962;11.966;8020
CNYRUBF;30;20250911;200000;11.966;11.971;11.961;11.965;6682
CNYRUBF;30;20250911;203000;11.965;11.968;11.961;11.965;5491
CNYRUBF;30;20250911;210000;11.964;11.967;11.956;11.956;5802
CNYRUBF;30;20250911;213000;11.956;11.966;11.955;11.961;8965
CNYRUBF;30;20250911;220000;11.962;11.963;11.957;11.957;3817
CNYRUBF;30;20250911;223000;11.959;11.961;11.954;11.956;7117
CNYRUBF;30;20250911;230000;11.957;11.964;11.952;11.958;8789
CNYRUBF;30;20250911;233000;11.96;11.965;11.958;11.958;7181
CNYRUBF;30;20250912;083000;11.961;11.961;11.961;11.961;97
CNYRUBF;30;20250912;090000;11.961;11.997;11.961;11.99;94736
CNYRUBF;30;20250912;093000;11.99;11.992;11.95;11.961;51855
CNYRUBF;30;20250912;100000;11.96;11.991;11.901;11.922;408647
CNYRUBF;30;20250912;103000;11.921;11.935;11.893;11.908;127891
CNYRUBF;30;20250912;110000;11.906;11.906;11.852;11.864;214624
CNYRUBF;30;20250912;113000;11.865;11.897;11.862;11.879;141707
CNYRUBF;30;20250912;120000;11.879;11.879;11.853;11.862;74308
CNYRUBF;30;20250912;123000;11.861;11.886;11.852;11.872;108762
CNYRUBF;30;20250912;130000;11.872;11.897;11.868;11.876;100362
CNYRUBF;30;20250912;133000;11.875;11.875;11.786;11.808;746268
CNYRUBF;30;20250912;140000;11.807;11.808;11.738;11.758;472752
CNYRUBF;30;20250912;143000;11.757;11.774;11.739;11.773;239495
CNYRUBF;30;20250912;150000;11.774;11.79;11.742;11.777;175258
CNYRUBF;30;20250912;153000;11.778;11.801;11.757;11.782;279145
CNYRUBF;30;20250912;160000;11.783;11.787;11.775;11.782;38442
CNYRUBF;30;20250912;163000;11.783;11.801;11.779;11.784;90541
CNYRUBF;30;20250912;170000;11.784;11.793;11.762;11.766;92212
CNYRUBF;30;20250912;173000;11.764;11.771;11.75;11.763;115198
CNYRUBF;30;20250912;180000;11.761;11.769;11.754;11.754;134197
CNYRUBF;30;20250912;183000;11.755;11.759;11.752;11.756;16952
CNYRUBF;30;20250912;190000;11.759;11.786;11.756;11.781;32677
CNYRUBF;30;20250912;193000;11.782;11.783;11.751;11.768;28004
CNYRUBF;30;20250912;200000;11.768;11.77;11.761;11.763;8259
CNYRUBF;30;20250912;203000;11.765;11.768;11.759;11.765;3904
CNYRUBF;30;20250912;210000;11.766;11.766;11.758;11.763;5211
CNYRUBF;30;20250912;213000;11.763;11.769;11.762;11.767;4555
CNYRUBF;30;20250912;220000;11.767;11.773;11.765;11.767;5007
CNYRUBF;30;20250912;223000;11.768;11.774;11.764;11.767;3885
CNYRUBF;30;20250912;230000;11.766;11.774;11.755;11.759;10943
CNYRUBF;30;20250912;233000;11.759;11.765;11.759;11.765;2003
CNYRUBF;30;20250915;083000;11.765;11.765;11.765;11.765;444
CNYRUBF;30;20250915;090000;11.764;11.764;11.624;11.681;436236
CNYRUBF;30;20250915;093000;11.684;11.71;11.673;11.706;103323
CNYRUBF;30;20250915;100000;11.706;11.723;11.654;11.658;314933
CNYRUBF;30;20250915;103000;11.659;11.68;11.65;11.673;194857
CNYRUBF;30;20250915;110000;11.672;11.678;11.645;11.65;111175
CNYRUBF;30;20250915;113000;11.65;11.65;11.596;11.597;378962
CNYRUBF;30;20250915;120000;11.598;11.617;11.579;11.587;265871
CNYRUBF;30;20250915;123000;11.587;11.589;11.531;11.543;356786
CNYRUBF;30;20250915;130000;11.542;11.577;11.539;11.576;354333
CNYRUBF;30;20250915;133000;11.575;11.602;11.546;11.56;407833
CNYRUBF;30;20250915;140000;11.557;11.557;11.534;11.544;264216
CNYRUBF;30;20250915;143000;11.545;11.594;11.54;11.592;253714
CNYRUBF;30;20250915;150000;11.591;11.619;11.577;11.616;216275
CNYRUBF;30;20250915;153000;11.615;11.616;11.556;11.561;157221
CNYRUBF;30;20250915;160000;11.56;11.612;11.56;11.584;129591
CNYRUBF;30;20250915;163000;11.584;11.595;11.566;11.578;151206
CNYRUBF;30;20250915;170000;11.578;11.591;11.557;11.559;88763
CNYRUBF;30;20250915;173000;11.56;11.589;11.554;11.586;100166
CNYRUBF;30;20250915;180000;11.586;11.586;11.578;11.58;45537
CNYRUBF;30;20250915;183000;11.58;11.59;11.574;11.577;63690
CNYRUBF;30;20250915;190000;11.58;11.587;11.576;11.577;20782
CNYRUBF;30;20250915;193000;11.578;11.579;11.568;11.576;19475
CNYRUBF;30;20250915;200000;11.576;11.576;11.564;11.57;12376
CNYRUBF;30;20250915;203000;11.571;11.574;11.569;11.573;1939
CNYRUBF;30;20250915;210000;11.573;11.573;11.54;11.566;40214
CNYRUBF;30;20250915;213000;11.562;11.574;11.562;11.571;4523
CNYRUBF;30;20250915;220000;11.572;11.576;11.569;11.574;3361
CNYRUBF;30;20250915;223000;11.572;11.574;11.566;11.573;5140
CNYRUBF;30;20250915;230000;11.573;11.576;11.57;11.575;3644
CNYRUBF;30;20250915;233000;11.575;11.576;11.569;11.569;2657
CNYRUBF;30;20250916;083000;11.566;11.566;11.566;11.566;439
CNYRUBF;30;20250916;090000;11.566;11.57;11.515;11.539;140617
CNYRUBF;30;20250916;093000;11.539;11.557;11.523;11.55;57031
CNYRUBF;30;20250916;100000;11.549;11.646;11.513;11.632;472853
CNYRUBF;30;20250916;103000;11.631;11.662;11.621;11.628;327942
CNYRUBF;30;20250916;110000;11.63;11.637;11.605;11.613;116884
CNYRUBF;30;20250916;113000;11.611;11.621;11.596;11.605;97384
CNYRUBF;30;20250916;120000;11.605;11.615;11.576;11.596;136664
CNYRUBF;30;20250916;123000;11.596;11.631;11.593;11.621;129843
CNYRUBF;30;20250916;130000;11.623;11.649;11.617;11.624;93039
CNYRUBF;30;20250916;133000;11.624;11.646;11.62;11.642;74757
CNYRUBF;30;20250916;140000;11.64;11.642;11.61;11.615;118014
CNYRUBF;30;20250916;143000;11.615;11.634;11.61;11.628;47647
CNYRUBF;30;20250916;150000;11.627;11.638;11.625;11.633;31226
CNYRUBF;30;20250916;153000;11.634;11.655;11.631;11.641;109873
CNYRUBF;30;20250916;160000;11.642;11.669;11.642;11.663;108405
CNYRUBF;30;20250916;163000;11.663;11.7;11.663;11.691;117613
CNYRUBF;30;20250916;170000;11.692;11.693;11.664;11.673;86558
CNYRUBF;30;20250916;173000;11.674;11.678;11.64;11.673;91600
CNYRUBF;30;20250916;180000;11.674;11.674;11.652;11.662;49482
CNYRUBF;30;20250916;183000;11.661;11.662;11.627;11.647;37301
CNYRUBF;30;20250916;190000;11.642;11.661;11.641;11.658;11650
CNYRUBF;30;20250916;193000;11.658;11.665;11.651;11.658;6626
CNYRUBF;30;20250916;200000;11.659;11.66;11.652;11.659;3757
CNYRUBF;30;20250916;203000;11.658;11.66;11.656;11.657;1256
CNYRUBF;30;20250916;210000;11.657;11.659;11.655;11.657;1356
CNYRUBF;30;20250916;213000;11.658;11.659;11.655;11.655;1485
CNYRUBF;30;20250916;220000;11.655;11.658;11.653;11.653;1084
CNYRUBF;30;20250916;223000;11.653;11.656;11.65;11.651;2291
CNYRUBF;30;20250916;230000;11.652;11.652;11.646;11.65;2079
CNYRUBF;30;20250916;233000;11.646;11.652;11.642;11.647;2580
CNYRUBF;30;20250917;083000;11.646;11.646;11.646;11.646;193
CNYRUBF;30;20250917;090000;11.645;11.68;11.64;11.665;45408
CNYRUBF;30;20250917;093000;11.662;11.689;11.661;11.684;20692
CNYRUBF;30;20250917;100000;11.684;11.72;11.672;11.693;183536
CNYRUBF;30;20250917;103000;11.693;11.698;11.674;11.685;92147
CNYRUBF;30;20250917;110000;11.685;11.691;11.636;11.646;216744
CNYRUBF;30;20250917;113000;11.645;11.657;11.642;11.651;52861
CNYRUBF;30;20250917;120000;11.651;11.666;11.65;11.662;86801
CNYRUBF;30;20250917;123000;11.659;11.667;11.653;11.661;37613
CNYRUBF;30;20250917;130000;11.661;11.674;11.652;11.669;96988
CNYRUBF;30;20250917;133000;11.669;11.683;11.667;11.68;106225
CNYRUBF;30;20250917;140000;11.68;11.686;11.671;11.68;43252
CNYRUBF;30;20250917;143000;11.681;11.689;11.672;11.682;144759
CNYRUBF;30;20250917;150000;11.682;11.692;11.678;11.692;69655
CNYRUBF;30;20250917;153000;11.691;11.707;11.69;11.697;99635
CNYRUBF;30;20250917;160000;11.697;11.699;11.681;11.687;44907
CNYRUBF;30;20250917;163000;11.688;11.71;11.686;11.701;92481
CNYRUBF;30;20250917;170000;11.702;11.709;11.697;11.703;57891
CNYRUBF;30;20250917;173000;11.703;11.708;11.697;11.697;61221
CNYRUBF;30;20250917;180000;11.698;11.698;11.682;11.686;96310
CNYRUBF;30;20250917;183000;11.684;11.691;11.675;11.683;44023
CNYRUBF;30;20250917;190000;11.69;11.704;11.687;11.702;44216
CNYRUBF;30;20250917;193000;11.702;11.707;11.698;11.706;7745
CNYRUBF;30;20250917;200000;11.706;11.71;11.703;11.706;5687
CNYRUBF;30;20250917;203000;11.707;11.708;11.703;11.706;13425
CNYRUBF;30;20250917;210000;11.706;11.73;11.706;11.713;27392
CNYRUBF;30;20250917;213000;11.712;11.723;11.699;11.699;19238
CNYRUBF;30;20250917;220000;11.7;11.712;11.7;11.705;6834
CNYRUBF;30;20250917;223000;11.703;11.71;11.703;11.706;6320
CNYRUBF;30;20250917;230000;11.706;11.724;11.703;11.718;8383
CNYRUBF;30;20250917;233000;11.719;11.724;11.711;11.718;4859
CNYRUBF;30;20250918;083000;11.702;11.702;11.702;11.702;585
CNYRUBF;30;20250918;090000;11.702;11.736;11.697;11.733;78081
CNYRUBF;30;20250918;093000;11.733;11.734;11.716;11.732;39265
CNYRUBF;30;20250918;100000;11.73;11.738;11.697;11.726;334893
CNYRUBF;30;20250918;103000;11.726;11.734;11.712;11.714;158923
CNYRUBF;30;20250918;110000;11.714;11.714;11.669;11.674;383992
CNYRUBF;30;20250918;113000;11.673;11.675;11.633;11.651;1170320
CNYRUBF;30;20250918;120000;11.651;11.663;11.64;11.661;253322
CNYRUBF;30;20250918;123000;11.66;11.71;11.653;11.69;375869
CNYRUBF;30;20250918;130000;11.689;11.692;11.664;11.671;122897
CNYRUBF;30;20250918;133000;11.67;11.68;11.662;11.672;240413
CNYRUBF;30;20250918;140000;11.67;11.67;11.653;11.661;66911
CNYRUBF;30;20250918;143000;11.66;11.679;11.657;11.674;101955
CNYRUBF;30;20250918;150000;11.674;11.679;11.668;11.67;57390
CNYRUBF;30;20250918;153000;11.67;11.688;11.669;11.671;89750
CNYRUBF;30;20250918;160000;11.672;11.689;11.662;11.683;67398
CNYRUBF;30;20250918;163000;11.683;11.683;11.662;11.681;53229
CNYRUBF;30;20250918;170000;11.682;11.684;11.669;11.675;29829
CNYRUBF;30;20250918;173000;11.674;11.72;11.672;11.703;157601
CNYRUBF;30;20250918;180000;11.704;11.716;11.693;11.698;93548
CNYRUBF;30;20250918;183000;11.699;11.701;11.69;11.695;42435
CNYRUBF;30;20250918;190000;11.699;11.722;11.699;11.706;26608
CNYRUBF;30;20250918;193000;11.709;11.718;11.709;11.715;8636
CNYRUBF;30;20250918;200000;11.714;11.718;11.711;11.716;5192
CNYRUBF;30;20250918;203000;11.717;11.73;11.716;11.728;15849
CNYRUBF;30;20250918;210000;11.727;11.73;11.721;11.722;22575
CNYRUBF;30;20250918;213000;11.722;11.73;11.722;11.729;2589
CNYRUBF;30;20250918;220000;11.729;11.73;11.717;11.717;6928
CNYRUBF;30;20250918;223000;11.717;11.718;11.711;11.716;6818
CNYRUBF;30;20250918;230000;11.716;11.72;11.716;11.72;608
CNYRUBF;30;20250918;233000;11.72;11.721;11.711;11.721;1673
CNYRUBF;30;20250919;083000;11.717;11.717;11.717;11.717;17
CNYRUBF;30;20250919;090000;11.719;11.729;11.707;11.722;39059
CNYRUBF;30;20250919;093000;11.722;11.725;11.708;11.724;25197
CNYRUBF;30;20250919;100000;11.724;11.726;11.68;11.707;160072
CNYRUBF;30;20250919;103000;11.707;11.707;11.681;11.694;124645
CNYRUBF;30;20250919;110000;11.693;11.7;11.683;11.698;47159
CNYRUBF;30;20250919;113000;11.697;11.746;11.697;11.728;240945
CNYRUBF;30;20250919;120000;11.728;11.749;11.718;11.725;185263
CNYRUBF;30;20250919;123000;11.724;11.738;11.715;11.727;45073
CNYRUBF;30;20250919;130000;11.728;11.73;11.719;11.729;40530
CNYRUBF;30;20250919;133000;11.728;11.739;11.724;11.729;81486
CNYRUBF;30;20250919;140000;11.729;11.73;11.71;11.711;46414
CNYRUBF;30;20250919;143000;11.711;11.722;11.701;11.718;57411
CNYRUBF;30;20250919;150000;11.718;11.718;11.704;11.708;60806
CNYRUBF;30;20250919;153000;11.709;11.715;11.691;11.701;59751
CNYRUBF;30;20250919;160000;11.7;11.705;11.681;11.697;80836
CNYRUBF;30;20250919;163000;11.696;11.712;11.692;11.696;28705
CNYRUBF;30;20250919;170000;11.694;11.698;11.68;11.684;61083
CNYRUBF;30;20250919;173000;11.683;11.715;11.683;11.709;115332
CNYRUBF;30;20250919;180000;11.71;11.726;11.709;11.716;54028
CNYRUBF;30;20250919;183000;11.716;11.717;11.71;11.714;21283
CNYRUBF;30;20250919;190000;11.711;11.742;11.709;11.728;48871
CNYRUBF;30;20250919;193000;11.728;11.736;11.721;11.727;13268
CNYRUBF;30;20250919;200000;11.728;11.733;11.725;11.73;2515
CNYRUBF;30;20250919;203000;11.732;11.733;11.721;11.722;3910
CNYRUBF;30;20250919;210000;11.722;11.724;11.715;11.721;3250
CNYRUBF;30;20250919;213000;11.72;11.725;11.717;11.725;2876
CNYRUBF;30;20250919;220000;11.725;11.727;11.718;11.72;5735
CNYRUBF;30;20250919;223000;11.718;11.721;11.714;11.718;2181
CNYRUBF;30;20250919;230000;11.718;11.727;11.715;11.726;2801
CNYRUBF;30;20250919;233000;11.723;11.725;11.71;11.71;2904
CNYRUBF;30;20250922;083000;11.718;11.718;11.718;11.718;31
CNYRUBF;30;20250922;090000;11.717;11.736;11.711;11.725;67637
CNYRUBF;30;20250922;093000;11.725;11.726;11.716;11.722;26271
CNYRUBF;30;20250922;100000;11.722;11.771;11.721;11.748;377434
CNYRUBF;30;20250922;103000;11.748;11.762;11.743;11.745;101387
CNYRUBF;30;20250922;110000;11.744;11.748;11.723;11.729;108472
CNYRUBF;30;20250922;113000;11.73;11.74;11.728;11.735;62348
CNYRUBF;30;20250922;120000;11.735;11.739;11.728;11.73;55616
CNYRUBF;30;20250922;123000;11.731;11.739;11.729;11.738;22425
CNYRUBF;30;20250922;130000;11.738;11.74;11.721;11.725;94498
CNYRUBF;30;20250922;133000;11.726;11.73;11.712;11.724;146582
CNYRUBF;30;20250922;140000;11.722;11.737;11.718;11.733;65562
CNYRUBF;30;20250922;143000;11.731;11.735;11.723;11.728;29824
CNYRUBF;30;20250922;150000;11.728;11.749;11.714;11.741;171838
CNYRUBF;30;20250922;153000;11.742;11.757;11.742;11.748;97442
CNYRUBF;30;20250922;160000;11.748;11.752;11.739;11.744;48805
CNYRUBF;30;20250922;163000;11.745;11.747;11.742;11.747;24469
CNYRUBF;30;20250922;170000;11.747;11.747;11.737;11.742;48383
CNYRUBF;30;20250922;173000;11.743;11.744;11.714;11.722;104422
CNYRUBF;30;20250922;180000;11.721;11.738;11.705;11.735;284177
CNYRUBF;30;20250922;183000;11.735;11.739;11.721;11.739;21747
CNYRUBF;30;20250922;190000;11.733;11.746;11.73;11.74;10667
CNYRUBF;30;20250922;193000;11.74;11.74;11.734;11.739;3533
CNYRUBF;30;20250922;200000;11.737;11.74;11.735;11.738;3342
CNYRUBF;30;20250922;203000;11.74;11.74;11.733;11.734;4109
CNYRUBF;30;20250922;210000;11.734;11.739;11.733;11.738;7970
CNYRUBF;30;20250922;213000;11.738;11.742;11.736;11.741;7316
CNYRUBF;30;20250922;220000;11.742;11.742;11.738;11.741;910
CNYRUBF;30;20250922;223000;11.741;11.741;11.737;11.739;5251
CNYRUBF;30;20250922;230000;11.74;11.743;11.737;11.742;6925
CNYRUBF;30;20250922;233000;11.743;11.743;11.738;11.739;4435
CNYRUBF;30;20250923;083000;11.741;11.741;11.741;11.741;3
CNYRUBF;30;20250923;090000;11.741;11.747;11.718;11.727;45791
CNYRUBF;30;20250923;093000;11.726;11.735;11.717;11.73;17579
CNYRUBF;30;20250923;100000;11.731;11.74;11.685;11.7;248482
CNYRUBF;30;20250923;103000;11.699;11.703;11.692;11.696;107597
CNYRUBF;30;20250923;110000;11.696;11.698;11.67;11.68;169394
CNYRUBF;30;20250923;113000;11.683;11.689;11.677;11.685;49138
CNYRUBF;30;20250923;120000;11.685;11.697;11.677;11.692;52929
CNYRUBF;30;20250923;123000;11.693;11.714;11.692;11.708;95408
CNYRUBF;30;20250923;130000;11.709;11.753;11.701;11.75;267721
CNYRUBF;30;20250923;133000;11.749;11.76;11.735;11.749;140649
CNYRUBF;30;20250923;140000;11.748;11.748;11.727;11.745;95314
CNYRUBF;30;20250923;143000;11.747;11.747;11.73;11.736;46091
CNYRUBF;30;20250923;150000;11.737;11.749;11.725;11.725;38719
CNYRUBF;30;20250923;153000;11.728;11.737;11.724;11.73;30234
CNYRUBF;30;20250923;160000;11.73;11.734;11.725;11.729;23756
CNYRUBF;30;20250923;163000;11.729;11.735;11.724;11.732;27124
CNYRUBF;30;20250923;170000;11.732;11.734;11.722;11.727;51801
CNYRUBF;30;20250923;173000;11.727;11.734;11.711;11.73;73653
CNYRUBF;30;20250923;180000;11.729;11.73;11.713;11.727;135359
CNYRUBF;30;20250923;183000;11.728;11.73;11.717;11.726;24894
CNYRUBF;30;20250923;190000;11.73;11.744;11.725;11.729;11246
CNYRUBF;30;20250923;193000;11.73;11.732;11.725;11.728;3895
CNYRUBF;30;20250923;200000;11.727;11.733;11.726;11.731;3627
CNYRUBF;30;20250923;203000;11.731;11.735;11.73;11.735;4255
CNYRUBF;30;20250923;210000;11.735;11.735;11.73;11.73;4239
CNYRUBF;30;20250923;213000;11.73;11.744;11.73;11.743;4930
CNYRUBF;30;20250923;220000;11.743;11.8;11.74;11.786;154245
CNYRUBF;30;20250923;223000;11.786;11.795;11.777;11.791;40216
CNYRUBF;30;20250923;230000;11.793;11.8;11.783;11.786;26222
CNYRUBF;30;20250923;233000;11.786;11.792;11.776;11.78;12102
CNYRUBF;30;20250924;083000;11.777;11.777;11.777;11.777;308
CNYRUBF;30;20250924;090000;11.776;11.785;11.752;11.772;78444
CNYRUBF;30;20250924;093000;11.774;11.781;11.762;11.78;23895
CNYRUBF;30;20250924;100000;11.78;11.798;11.733;11.757;248483
CNYRUBF;30;20250924;103000;11.757;11.765;11.743;11.745;93428
CNYRUBF;30;20250924;110000;11.744;11.757;11.733;11.748;99308
CNYRUBF;30;20250924;113000;11.749;11.757;11.74;11.744;64986
CNYRUBF;30;20250924;120000;11.744;11.747;11.714;11.72;152046
CNYRUBF;30;20250924;123000;11.72;11.73;11.717;11.724;73692
CNYRUBF;30;20250924;130000;11.723;11.73;11.715;11.721;80946
CNYRUBF;30;20250924;133000;11.72;11.72;11.699;11.703;135851
CNYRUBF;30;20250924;140000;11.705;11.71;11.688;11.689;62854
CNYRUBF;30;20250924;143000;11.689;11.713;11.682;11.71;119465
CNYRUBF;30;20250924;150000;11.709;11.724;11.701;11.707;98491
CNYRUBF;30;20250924;153000;11.706;11.71;11.694;11.699;98465
CNYRUBF;30;20250924;160000;11.7;11.709;11.699;11.704;69251
CNYRUBF;30;20250924;163000;11.704;11.707;11.683;11.689;70412
CNYRUBF;30;20250924;170000;11.688;11.708;11.687;11.705;95560
CNYRUBF;30;20250924;173000;11.705;11.728;11.698;11.719;117192
CNYRUBF;30;20250924;180000;11.717;11.718;11.691;11.705;72303
CNYRUBF;30;20250924;183000;11.704;11.706;11.692;11.699;36957
CNYRUBF;30;20250924;190000;11.699;11.709;11.696;11.705;29781
CNYRUBF;30;20250924;193000;11.704;11.708;11.699;11.703;11084
CNYRUBF;30;20250924;200000;11.702;11.705;11.698;11.704;7384
CNYRUBF;30;20250924;203000;11.705;11.706;11.701;11.702;2632
CNYRUBF;30;20250924;210000;11.702;11.707;11.701;11.701;5773
CNYRUBF;30;20250924;213000;11.701;11.703;11.701;11.702;2591
CNYRUBF;30;20250924;220000;11.701;11.704;11.7;11.703;8226
CNYRUBF;30;20250924;223000;11.702;11.708;11.702;11.708;6013
CNYRUBF;30;20250924;230000;11.707;11.709;11.701;11.707;7486
CNYRUBF;30;20250924;233000;11.706;11.707;11.695;11.699;7668
CNYRUBF;30;20250925;083000;11.697;11.697;11.697;11.697;200
CNYRUBF;30;20250925;090000;11.697;11.723;11.69;11.704;45795
CNYRUBF;30;20250925;093000;11.704;11.707;11.69;11.696;12917
CNYRUBF;30;20250925;100000;11.696;11.72;11.672;11.717;218313
CNYRUBF;30;20250925;103000;11.718;11.737;11.711;11.713;152418
CNYRUBF;30;20250925;110000;11.714;11.732;11.705;11.73;72234
CNYRUBF;30;20250925;113000;11.73;11.731;11.707;11.718;48184
CNYRUBF;30;20250925;120000;11.719;11.724;11.714;11.719;41867
CNYRUBF;30;20250925;123000;11.72;11.724;11.713;11.717;44413
CNYRUBF;30;20250925;130000;11.718;11.728;11.716;11.726;71778
CNYRUBF;30;20250925;133000;11.726;11.749;11.725;11.746;85545
CNYRUBF;30;20250925;140000;11.745;11.747;11.733;11.738;54022
CNYRUBF;30;20250925;143000;11.738;11.745;11.734;11.742;24909
CNYRUBF;30;20250925;150000;11.743;11.743;11.726;11.73;45482
CNYRUBF;30;20250925;153000;11.73;11.741;11.729;11.733;13127
CNYRUBF;30;20250925;160000;11.733;11.736;11.721;11.732;35408
CNYRUBF;30;20250925;163000;11.733;11.742;11.732;11.739;28148
CNYRUBF;30;20250925;170000;11.739;11.748;11.734;11.734;43697
CNYRUBF;30;20250925;173000;11.735;11.746;11.731;11.738;68877
CNYRUBF;30;20250925;180000;11.738;11.741;11.717;11.72;69335
CNYRUBF;30;20250925;183000;11.719;11.724;11.716;11.718;33678
CNYRUBF;30;20250925;190000;11.721;11.734;11.717;11.718;40963
CNYRUBF;30;20250925;193000;11.719;11.721;11.69;11.696;57767
CNYRUBF;30;20250925;200000;11.696;11.698;11.686;11.697;27920
CNYRUBF;30;20250925;203000;11.697;11.702;11.694;11.696;19397
CNYRUBF;30;20250925;210000;11.696;11.703;11.691;11.702;21059
CNYRUBF;30;20250925;213000;11.702;11.702;11.694;11.697;6188
CNYRUBF;30;20250925;220000;11.698;11.7;11.695;11.696;2586
CNYRUBF;30;20250925;223000;11.697;11.7;11.692;11.699;5611
CNYRUBF;30;20250925;230000;11.699;11.703;11.695;11.702;5853
CNYRUBF;30;20250925;233000;11.701;11.705;11.699;11.703;3981
CNYRUBF;30;20250926;083000;11.704;11.704;11.704;11.704;408
CNYRUBF;30;20250926;090000;11.704;11.705;11.695;11.698;19477
CNYRUBF;30;20250926;093000;11.696;11.7;11.693;11.7;19538
CNYRUBF;30;20250926;100000;11.7;11.709;11.674;11.683;249545
CNYRUBF;30;20250926;103000;11.681;11.707;11.674;11.691;234914
CNYRUBF;30;20250926;110000;11.691;11.694;11.682;11.687;100395
CNYRUBF;30;20250926;113000;11.687;11.694;11.686;11.688;56495
CNYRUBF;30;20250926;120000;11.689;11.695;11.678;11.688;93125
CNYRUBF;30;20250926;123000;11.687;11.691;11.68;11.686;102690
CNYRUBF;30;20250926;130000;11.686;11.694;11.676;11.677;130847
CNYRUBF;30;20250926;133000;11.676;11.686;11.665;11.681;284044
CNYRUBF;30;20250926;140000;11.682;11.695;11.677;11.692;117075
CNYRUBF;30;20250926;143000;11.692;11.706;11.686;11.695;140875
CNYRUBF;30;20250926;150000;11.698;11.703;11.688;11.696;40696
CNYRUBF;30;20250926;153000;11.697;11.709;11.69;11.697;66599
CNYRUBF;30;20250926;160000;11.697;11.698;11.689;11.689;55337
CNYRUBF;30;20250926;163000;11.689;11.694;11.684;11.685;43266
CNYRUBF;30;20250926;170000;11.685;11.687;11.66;11.663;206333
CNYRUBF;30;20250926;173000;11.663;11.667;11.636;11.64;294198
CNYRUBF;30;20250926;180000;11.639;11.646;11.612;11.614;424856
CNYRUBF;30;20250926;183000;11.613;11.623;11.605;11.617;148647
CNYRUBF;30;20250926;190000;11.623;11.641;11.608;11.629;50858
CNYRUBF;30;20250926;193000;11.63;11.636;11.613;11.619;27564
CNYRUBF;30;20250926;200000;11.622;11.635;11.62;11.634;11435
CNYRUBF;30;20250926;203000;11.633;11.635;11.63;11.632;6572
CNYRUBF;30;20250926;210000;11.635;11.635;11.623;11.629;7861
CNYRUBF;30;20250926;213000;11.627;11.639;11.625;11.632;4890
CNYRUBF;30;20250926;220000;11.631;11.632;11.607;11.619;40287
CNYRUBF;30;20250926;223000;11.621;11.631;11.619;11.631;3169
CNYRUBF;30;20250926;230000;11.63;11.631;11.627;11.63;2749
CNYRUBF;30;20250926;233000;11.629;11.633;11.628;11.633;1426
CNYRUBF;30;20250929;083000;11.633;11.633;11.633;11.633;128
CNYRUBF;30;20250929;090000;11.633;11.657;11.633;11.65;54748
CNYRUBF;30;20250929;093000;11.649;11.669;11.617;11.656;112184
CNYRUBF;30;20250929;100000;11.656;11.657;11.609;11.632;288065
CNYRUBF;30;20250929;103000;11.633;11.636;11.607;11.622;141312
CNYRUBF;30;20250929;110000;11.623;11.632;11.612;11.622;97667
CNYRUBF;30;20250929;113000;11.621;11.629;11.619;11.625;62214
CNYRUBF;30;20250929;120000;11.625;11.629;11.618;11.626;85204
CNYRUBF;30;20250929;123000;11.625;11.641;11.625;11.629;72747
CNYRUBF;30;20250929;130000;11.629;11.63;11.618;11.623;44046
CNYRUBF;30;20250929;133000;11.621;11.624;11.605;11.609;104651
CNYRUBF;30;20250929;140000;11.609;11.61;11.588;11.601;219188
CNYRUBF;30;20250929;143000;11.601;11.612;11.591;11.605;92557
CNYRUBF;30;20250929;150000;11.605;11.622;11.605;11.619;134823
CNYRUBF;30;20250929;153000;11.619;11.628;11.611;11.622;66565
CNYRUBF;30;20250929;160000;11.624;11.626;11.601;11.603;52418
CNYRUBF;30;20250929;163000;11.603;11.605;11.586;11.588;144344
CNYRUBF;30;20250929;170000;11.588;11.595;11.578;11.588;165976
CNYRUBF;30;20250929;173000;11.588;11.588;11.567;11.568;151157
CNYRUBF;30;20250929;180000;11.568;11.574;11.546;11.571;227675
CNYRUBF;30;20250929;183000;11.571;11.581;11.555;11.556;65650
CNYRUBF;30;20250929;190000;11.57;11.599;11.565;11.59;60803
CNYRUBF;30;20250929;193000;11.589;11.604;11.588;11.596;13887
CNYRUBF;30;20250929;200000;11.596;11.601;11.586;11.587;6608
CNYRUBF;30;20250929;203000;11.587;11.591;11.581;11.587;11564
CNYRUBF;30;20250929;210000;11.587;11.591;11.579;11.59;7172
CNYRUBF;30;20250929;213000;11.59;11.592;11.577;11.586;3081
CNYRUBF;30;20250929;220000;11.587;11.589;11.585;11.589;2929
CNYRUBF;30;20250929;223000;11.59;11.592;11.587;11.587;821
CNYRUBF;30;20250929;230000;11.588;11.593;11.586;11.586;2474
CNYRUBF;30;20250929;233000;11.586;11.595;11.586;11.59;1394
CNYRUBF;30;20250930;083000;11.59;11.59;11.59;11.59;198
CNYRUBF;30;20250930;090000;11.588;11.588;11.571;11.574;25718
CNYRUBF;30;20250930;093000;11.575;11.585;11.56;11.566;31871
CNYRUBF;30;20250930;100000;11.566;11.624;11.563;11.601;400874
CNYRUBF;30;20250930;103000;11.602;11.611;11.584;11.595;111107
CNYRUBF;30;20250930;110000;11.595;11.599;11.586;11.587;82976
CNYRUBF;30;20250930;113000;11.588;11.588;11.555;11.563;148951
CNYRUBF;30;20250930;120000;11.562;11.567;11.543;11.548;126408
CNYRUBF;30;20250930;123000;11.549;11.575;11.539;11.54;126818
CNYRUBF;30;20250930;130000;11.539;11.539;11.51;11.524;220576
CNYRUBF;30;20250930;133000;11.523;11.553;11.514;11.516;144664
CNYRUBF;30;20250930;140000;11.516;11.528;11.508;11.517;92910
CNYRUBF;30;20250930;143000;11.518;11.539;11.517;11.538;90902
CNYRUBF;30;20250930;150000;11.537;11.555;11.52;11.543;172547
CNYRUBF;30;20250930;153000;11.543;11.543;11.517;11.523;116939
CNYRUBF;30;20250930;160000;11.523;11.531;11.491;11.495;168306
CNYRUBF;30;20250930;163000;11.496;11.508;11.473;11.486;166286
CNYRUBF;30;20250930;170000;11.485;11.496;11.466;11.471;121623
CNYRUBF;30;20250930;173000;11.47;11.491;11.461;11.485;102226
CNYRUBF;30;20250930;180000;11.485;11.488;11.47;11.483;86081
CNYRUBF;30;20250930;183000;11.482;11.493;11.475;11.491;48923
CNYRUBF;30;20250930;190000;11.493;11.518;11.486;11.49;31030
CNYRUBF;30;20250930;193000;11.488;11.5;11.481;11.497;10439
CNYRUBF;30;20250930;200000;11.497;11.5;11.488;11.489;4944
CNYRUBF;30;20250930;203000;11.489;11.497;11.485;11.492;4143
CNYRUBF;30;20250930;210000;11.491;11.498;11.489;11.498;3426
CNYRUBF;30;20250930;213000;11.498;11.503;11.496;11.502;3630
CNYRUBF;30;20250930;220000;11.502;11.502;11.497;11.499;4423
CNYRUBF;30;20250930;223000;11.499;11.501;11.497;11.497;2540
CNYRUBF;30;20250930;230000;11.498;11.501;11.495;11.5;1721
CNYRUBF;30;20250930;233000;11.5;11.504;11.494;11.502;2869
CNYRUBF;30;20251001;083000;11.502;11.502;11.502;11.502;115
CNYRUBF;30;20251001;090000;11.501;11.51;11.481;11.491;31891
CNYRUBF;30;20251001;093000;11.491;11.496;11.476;11.493;19519
CNYRUBF;30;20251001;100000;11.493;11.503;11.425;11.452;344439
CNYRUBF;30;20251001;103000;11.452;11.459;11.403;11.419;310204
CNYRUBF;30;20251001;110000;11.419;11.428;11.385;11.386;206162
CNYRUBF;30;20251001;113000;11.387;11.387;11.315;11.368;462634
CNYRUBF;30;20251001;120000;11.368;11.379;11.341;11.358;142659
CNYRUBF;30;20251001;123000;11.359;11.388;11.343;11.387;119631
CNYRUBF;30;20251001;130000;11.386;11.386;11.36;11.377;69021
CNYRUBF;30;20251001;133000;11.376;11.386;11.373;11.386;48716
CNYRUBF;30;20251001;140000;11.386;11.388;11.379;11.383;44465
CNYRUBF;30;20251001;143000;11.383;11.412;11.383;11.392;148447
CNYRUBF;30;20251001;150000;11.39;11.398;11.376;11.388;161911
CNYRUBF;30;20251001;153000;11.388;11.399;11.382;11.395;39832
CNYRUBF;30;20251001;160000;11.395;11.399;11.372;11.376;68711
CNYRUBF;30;20251001;163000;11.376;11.377;11.346;11.355;148625
CNYRUBF;30;20251001;170000;11.356;11.367;11.343;11.352;96042
CNYRUBF;30;20251001;173000;11.353;11.354;11.317;11.351;207303
CNYRUBF;30;20251001;180000;11.349;11.391;11.34;11.363;168682
CNYRUBF;30;20251001;183000;11.363;11.367;11.35;11.354;15817
CNYRUBF;30;20251001;190000;11.354;11.366;11.338;11.342;15364
CNYRUBF;30;20251001;193000;11.34;11.35;11.322;11.336;10307
CNYRUBF;30;20251001;200000;11.335;11.353;11.333;11.35;11252
CNYRUBF;30;20251001;203000;11.35;11.355;11.342;11.345;9214
CNYRUBF;30;20251001;210000;11.348;11.353;11.34;11.344;4968
CNYRUBF;30;20251001;213000;11.343;11.355;11.34;11.35;17988
CNYRUBF;30;20251001;220000;11.35;11.35;11.335;11.346;5383
CNYRUBF;30;20251001;223000;11.345;11.349;11.343;11.343;1443
CNYRUBF;30;20251001;230000;11.344;11.351;11.34;11.345;3972
CNYRUBF;30;20251001;233000;11.345;11.35;11.341;11.341;5445
CNYRUBF;30;20251002;083000;11.34;11.34;11.34;11.34;75
CNYRUBF;30;20251002;090000;11.34;11.355;11.284;11.302;110139
CNYRUBF;30;20251002;093000;11.3;11.313;11.26;11.286;69567
CNYRUBF;30;20251002;100000;11.286;11.359;11.264;11.332;307860
CNYRUBF;30;20251002;103000;11.335;11.34;11.316;11.324;109407
CNYRUBF;30;20251002;110000;11.325;11.325;11.298;11.307;82583
CNYRUBF;30;20251002;113000;11.307;11.318;11.299;11.313;61304
CNYRUBF;30;20251002;120000;11.312;11.34;11.312;11.333;129731
CNYRUBF;30;20251002;123000;11.334;11.381;11.334;11.375;214714
CNYRUBF;30;20251002;130000;11.374;11.394;11.372;11.386;142699
CNYRUBF;30;20251002;133000;11.388;11.394;11.372;11.379;89265
CNYRUBF;30;20251002;140000;11.378;11.378;11.342;11.355;77521
CNYRUBF;30;20251002;143000;11.356;11.363;11.349;11.357;35526
CNYRUBF;30;20251002;150000;11.357;11.367;11.343;11.364;33109
CNYRUBF;30;20251002;153000;11.363;11.378;11.354;11.359;69463
CNYRUBF;30;20251002;160000;11.36;11.363;11.348;11.36;27251
CNYRUBF;30;20251002;163000;11.363;11.398;11.362;11.373;140994
CNYRUBF;30;20251002;170000;11.373;11.374;11.328;11.335;129121
CNYRUBF;30;20251002;173000;11.334;11.359;11.333;11.348;91013
CNYRUBF;30;20251002;180000;11.346;11.347;11.323;11.325;52399
CNYRUBF;30;20251002;183000;11.325;11.332;11.322;11.329;17398
CNYRUBF;30;20251002;190000;11.325;11.331;11.287;11.289;56987
CNYRUBF;30;20251002;193000;11.289;11.31;11.285;11.307;24157
CNYRUBF;30;20251002;200000;11.309;11.32;11.298;11.314;12284
CNYRUBF;30;20251002;203000;11.314;11.328;11.304;11.31;6584
CNYRUBF;30;20251002;210000;11.305;11.317;11.302;11.311;7995
CNYRUBF;30;20251002;213000;11.313;11.325;11.308;11.314;7823
CNYRUBF;30;20251002;220000;11.313;11.357;11.313;11.347;29934
CNYRUBF;30;20251002;223000;11.347;11.353;11.335;11.338;9962
CNYRUBF;30;20251002;230000;11.338;11.342;11.33;11.34;3011
CNYRUBF;30;20251002;233000;11.34;11.344;11.334;11.339;3316
CNYRUBF;30;20251003;083000;11.344;11.344;11.344;11.344;266
CNYRUBF;30;20251003;090000;11.344;11.345;11.315;11.339;20162
CNYRUBF;30;20251003;093000;11.34;11.362;11.338;11.345;32124
CNYRUBF;30;20251003;100000;11.343;11.393;11.331;11.389;213687
CNYRUBF;30;20251003;103000;11.389;11.393;11.371;11.381;131456
CNYRUBF;30;20251003;110000;11.381;11.41;11.381;11.403;205087
CNYRUBF;30;20251003;113000;11.403;11.403;11.379;11.39;85633
CNYRUBF;30;20251003;120000;11.39;11.462;11.39;11.434;476141
CNYRUBF;30;20251003;123000;11.434;11.479;11.434;11.466;176077
CNYRUBF;30;20251003;130000;11.467;11.49;11.454;11.476;257198
CNYRUBF;30;20251003;133000;11.474;11.481;11.437;11.44;135377
CNYRUBF;30;20251003;140000;11.44;11.464;11.431;11.455;113036
CNYRUBF;30;20251003;143000;11.454;11.485;11.453;11.485;68485
CNYRUBF;30;20251003;150000;11.484;11.504;11.469;11.484;175402
CNYRUBF;30;20251003;153000;11.484;11.528;11.484;11.507;208039
CNYRUBF;30;20251003;160000;11.507;11.509;11.482;11.493;130586
CNYRUBF;30;20251003;163000;11.494;11.494;11.465;11.468;107995
CNYRUBF;30;20251003;170000;11.468;11.492;11.465;11.465;76443
CNYRUBF;30;20251003;173000;11.465;11.478;11.442;11.475;93902
CNYRUBF;30;20251003;180000;11.475;11.481;11.447;11.473;100865
CNYRUBF;30;20251003;183000;11.474;11.51;11.474;11.507;59464
CNYRUBF;30;20251003;190000;11.506;11.53;11.494;11.519;37546
CNYRUBF;30;20251003;193000;11.52;11.546;11.51;11.54;33730
CNYRUBF;30;20251003;200000;11.54;11.554;11.517;11.523;30723
CNYRUBF;30;20251003;203000;11.524;11.541;11.523;11.53;14105
CNYRUBF;30;20251003;210000;11.528;11.534;11.526;11.528;7564
CNYRUBF;30;20251003;213000;11.529;11.529;11.522;11.527;7805
CNYRUBF;30;20251003;220000;11.527;11.532;11.522;11.53;2199
CNYRUBF;30;20251003;223000;11.531;11.533;11.52;11.525;4812
CNYRUBF;30;20251003;230000;11.527;11.53;11.522;11.526;2240
CNYRUBF;30;20251003;233000;11.526;11.529;11.518;11.524;2003
CNYRUBF;30;20251006;083000;11.517;11.517;11.517;11.517;233
CNYRUBF;30;20251006;090000;11.517;11.575;11.493;11.567;100556
CNYRUBF;30;20251006;093000;11.567;11.58;11.552;11.565;55478
CNYRUBF;30;20251006;100000;11.565;11.579;11.523;11.548;182172
CNYRUBF;30;20251006;103000;11.547;11.59;11.532;11.554;492642
CNYRUBF;30;20251006;110000;11.553;11.563;11.52;11.547;148107
CNYRUBF;30;20251006;113000;11.549;11.555;11.529;11.545;76833
CNYRUBF;30;20251006;120000;11.547;11.583;11.54;11.571;126326
CNYRUBF;30;20251006;123000;11.571;11.574;11.56;11.569;115260
CNYRUBF;30;20251006;130000;11.567;11.574;11.561;11.571;30773
CNYRUBF;30;20251006;133000;11.572;11.575;11.552;11.564;78136
CNYRUBF;30;20251006;140000;11.562;11.571;11.561;11.567;57799
CNYRUBF;30;20251006;143000;11.566;11.57;11.561;11.57;29174
CNYRUBF;30;20251006;150000;11.569;11.6;11.566;11.574;214291
CNYRUBF;30;20251006;153000;11.573;11.596;11.556;11.563;111760
CNYRUBF;30;20251006;160000;11.563;11.592;11.528;11.553;190605
CNYRUBF;30;20251006;163000;11.553;11.561;11.529;11.541;82055
CNYRUBF;30;20251006;170000;11.541;11.543;11.51;11.522;80307
CNYRUBF;30;20251006;173000;11.521;11.554;11.514;11.525;169399
CNYRUBF;30;20251006;180000;11.525;11.529;11.482;11.496;100413
CNYRUBF;30;20251006;183000;11.497;11.5;11.482;11.484;66083
CNYRUBF;30;20251006;190000;11.483;11.498;11.421;11.489;71255
CNYRUBF;30;20251006;193000;11.489;11.49;11.465;11.465;25250
CNYRUBF;30;20251006;200000;11.466;11.483;11.464;11.48;8716
CNYRUBF;30;20251006;203000;11.479;11.485;11.472;11.479;4933
CNYRUBF;30;20251006;210000;11.479;11.487;11.469;11.482;9752
CNYRUBF;30;20251006;213000;11.482;11.487;11.478;11.484;3727
CNYRUBF;30;20251006;220000;11.484;11.488;11.481;11.484;3009
CNYRUBF;30;20251006;223000;11.484;11.485;11.479;11.484;1893
CNYRUBF;30;20251006;230000;11.483;11.486;11.482;11.485;3703
CNYRUBF;30;20251006;233000;11.486;11.488;11.474;11.48;7800
CNYRUBF;30;20251007;083000;11.482;11.482;11.482;11.482;7
CNYRUBF;30;20251007;090000;11.481;11.481;11.418;11.422;121768
CNYRUBF;30;20251007;093000;11.419;11.429;11.395;11.404;226601
CNYRUBF;30;20251007;100000;11.404;11.407;11.329;11.367;453404
CNYRUBF;30;20251007;103000;11.368;11.384;11.358;11.361;191918
CNYRUBF;30;20251007;110000;11.36;11.362;11.329;11.344;236132
CNYRUBF;30;20251007;113000;11.344;11.366;11.341;11.35;116125
CNYRUBF;30;20251007;120000;11.35;11.375;11.348;11.36;178632
CNYRUBF;30;20251007;123000;11.36;11.395;11.35;11.393;187916
CNYRUBF;30;20251007;130000;11.393;11.411;11.381;11.385;292308
CNYRUBF;30;20251007;133000;11.386;11.402;11.379;11.396;99490
CNYRUBF;30;20251007;140000;11.396;11.398;11.374;11.378;110657
CNYRUBF;30;20251007;143000;11.378;11.406;11.377;11.382;83157
CNYRUBF;30;20251007;150000;11.382;11.386;11.374;11.377;90976
CNYRUBF;30;20251007;153000;11.375;11.401;11.374;11.391;75599
CNYRUBF;30;20251007;160000;11.389;11.4;11.374;11.387;80861
CNYRUBF;30;20251007;163000;11.387;11.403;11.38;11.398;70743
CNYRUBF;30;20251007;170000;11.399;11.418;11.395;11.399;103264
CNYRUBF;30;20251007;173000;11.398;11.414;11.395;11.411;72387
CNYRUBF;30;20251007;180000;11.41;11.433;11.402;11.414;112431
CNYRUBF;30;20251007;183000;11.414;11.418;11.403;11.403;18087
CNYRUBF;30;20251007;190000;11.404;11.413;11.399;11.411;6619
CNYRUBF;30;20251007;193000;11.411;11.415;11.404;11.406;6150
CNYRUBF;30;20251007;200000;11.405;11.407;11.399;11.401;4271
CNYRUBF;30;20251007;203000;11.401;11.401;11.399;11.401;3869
CNYRUBF;30;20251007;210000;11.401;11.404;11.398;11.399;2600
CNYRUBF;30;20251007;213000;11.398;11.403;11.398;11.403;2539
CNYRUBF;30;20251007;220000;11.403;11.405;11.4;11.405;1119
CNYRUBF;30;20251007;223000;11.405;11.413;11.403;11.411;4362
CNYRUBF;30;20251007;230000;11.41;11.412;11.405;11.411;1460
CNYRUBF;30;20251007;233000;11.412;11.417;11.408;11.412;2231
CNYRUBF;30;20251008;083000;11.412;11.412;11.412;11.412;518
CNYRUBF;30;20251008;090000;11.412;11.417;11.371;11.407;55495
CNYRUBF;30;20251008;093000;11.408;11.429;11.408;11.415;47486
CNYRUBF;30;20251008;100000;11.419;11.422;11.33;11.336;397925
CNYRUBF;30;20251008;103000;11.333;11.362;11.326;11.351;219798
CNYRUBF;30;20251008;110000;11.349;11.378;11.336;11.373;163768
CNYRUBF;30;20251008;113000;11.373;11.382;11.362;11.379;123583
CNYRUBF;30;20251008;120000;11.38;11.393;11.356;11.37;110113
CNYRUBF;30;20251008;123000;11.371;11.374;11.353;11.36;43501
CNYRUBF;30;20251008;130000;11.36;11.361;11.299;11.312;357219
CNYRUBF;30;20251008;133000;11.312;11.338;11.306;11.331;111795
CNYRUBF;30;20251008;140000;11.328;11.347;11.32;11.341;61367
CNYRUBF;30;20251008;143000;11.339;11.353;11.336;11.351;34354
CNYRUBF;30;20251008;150000;11.353;11.361;11.339;11.358;64032
CNYRUBF;30;20251008;153000;11.359;11.375;11.35;11.367;78341
CNYRUBF;30;20251008;160000;11.367;11.369;11.34;11.345;113078
CNYRUBF;30;20251008;163000;11.345;11.346;11.323;11.339;86864
CNYRUBF;30;20251008;170000;11.34;11.343;11.303;11.309;115970
CNYRUBF;30;20251008;173000;11.309;11.309;11.258;11.273;686457
CNYRUBF;30;20251008;180000;11.272;11.29;11.267;11.285;158659
CNYRUBF;30;20251008;183000;11.285;11.301;11.283;11.285;40535
CNYRUBF;30;20251008;190000;11.298;11.304;11.279;11.295;25061
CNYRUBF;30;20251008;193000;11.294;11.295;11.265;11.275;28591
CNYRUBF;30;20251008;200000;11.273;11.284;11.267;11.271;32167
CNYRUBF;30;20251008;203000;11.272;11.282;11.269;11.277;8544
CNYRUBF;30;20251008;210000;11.277;11.286;11.271;11.283;10027
CNYRUBF;30;20251008;213000;11.286;11.293;11.283;11.29;7803
CNYRUBF;30;20251008;220000;11.287;11.294;11.282;11.285;4657
CNYRUBF;30;20251008;223000;11.285;11.293;11.283;11.293;4536
CNYRUBF;30;20251008;230000;11.291;11.296;11.283;11.283;2966
CNYRUBF;30;20251008;233000;11.286;11.295;11.271;11.282;6775
CNYRUBF;30;20251009;083000;11.292;11.292;11.292;11.292;770
CNYRUBF;30;20251009;090000;11.293;11.304;11.282;11.293;28128
CNYRUBF;30;20251009;093000;11.293;11.333;11.292;11.318;53190
CNYRUBF;30;20251009;100000;11.32;11.391;11.317;11.365;317017
CNYRUBF;30;20251009;103000;11.366;11.382;11.366;11.371;75325
CNYRUBF;30;20251009;110000;11.373;11.375;11.35;11.363;128282
CNYRUBF;30;20251009;113000;11.365;11.379;11.36;11.375;92005
CNYRUBF;30;20251009;120000;11.375;11.377;11.366;11.37;81645
CNYRUBF;30;20251009;123000;11.37;11.385;11.368;11.383;145246
CNYRUBF;30;20251009;130000;11.384;11.391;11.371;11.381;140099
CNYRUBF;30;20251009;133000;11.381;11.383;11.373;11.381;49965
CNYRUBF;30;20251009;140000;11.38;11.381;11.372;11.377;41893
CNYRUBF;30;20251009;143000;11.376;11.383;11.376;11.382;78052
CNYRUBF;30;20251009;150000;11.381;11.383;11.364;11.378;104862
CNYRUBF;30;20251009;153000;11.379;11.382;11.375;11.379;34084
CNYRUBF;30;20251009;160000;11.38;11.381;11.362;11.367;169307
CNYRUBF;30;20251009;163000;11.365;11.378;11.364;11.377;60956
CNYRUBF;30;20251009;170000;11.377;11.377;11.363;11.363;26174
CNYRUBF;30;20251009;173000;11.364;11.368;11.323;11.339;163963
CNYRUBF;30;20251009;180000;11.338;11.347;11.312;11.339;137462
CNYRUBF;30;20251009;183000;11.339;11.347;11.338;11.339;27224
CNYRUBF;30;20251009;190000;11.339;11.368;11.339;11.36;23787
CNYRUBF;30;20251009;193000;11.36;11.363;11.341;11.348;8246
CNYRUBF;30;20251009;200000;11.348;11.356;11.34;11.355;6002
CNYRUBF;30;20251009;203000;11.356;11.358;11.353;11.355;2365
CNYRUBF;30;20251009;210000;11.356;11.357;11.353;11.357;2217
CNYRUBF;30;20251009;213000;11.357;11.361;11.356;11.36;4242
CNYRUBF;30;20251009;220000;11.361;11.366;11.355;11.366;13943
CNYRUBF;30;20251009;223000;11.365;11.38;11.363;11.37;24697
CNYRUBF;30;20251009;230000;11.37;11.377;11.366;11.373;7050
CNYRUBF;30;20251009;233000;11.372;11.375;11.37;11.373;606
CNYRUBF;30;20251010;090000;11.373;11.441;11.367;11.426;94567
CNYRUBF;30;20251010;093000;11.427;11.436;11.391;11.395;90134
CNYRUBF;30;20251010;100000;11.393;11.408;11.364;11.375;161423
CNYRUBF;30;20251010;103000;11.377;11.377;11.361;11.372;115395
CNYRUBF;30;20251010;110000;11.372;11.374;11.366;11.367;29656
CNYRUBF;30;20251010;113000;11.366;11.378;11.359;11.378;90497
CNYRUBF;30;20251010;120000;11.377;11.381;11.351;11.359;104772
CNYRUBF;30;20251010;123000;11.359;11.373;11.353;11.37;43703
CNYRUBF;30;20251010;130000;11.37;11.373;11.365;11.368;36994
CNYRUBF;30;20251010;133000;11.369;11.37;11.36;11.363;19498
CNYRUBF;30;20251010;140000;11.363;11.366;11.355;11.358;50080
CNYRUBF;30;20251010;143000;11.359;11.374;11.358;11.372;61360
CNYRUBF;30;20251010;150000;11.371;11.374;11.367;11.371;33300
CNYRUBF;30;20251010;153000;11.372;11.375;11.371;11.373;38623
CNYRUBF;30;20251010;160000;11.374;11.391;11.369;11.374;111775
CNYRUBF;30;20251010;163000;11.376;11.379;11.366;11.37;17255
CNYRUBF;30;20251010;170000;11.37;11.374;11.357;11.362;41100
CNYRUBF;30;20251010;173000;11.363;11.374;11.315;11.368;143900
CNYRUBF;30;20251010;180000;11.369;11.385;11.336;11.341;211315
CNYRUBF;30;20251010;183000;11.342;11.376;11.334;11.372;46673
CNYRUBF;30;20251010;190000;11.371;11.417;11.371;11.404;44856
CNYRUBF;30;20251010;193000;11.407;11.41;11.395;11.402;27879
CNYRUBF;30;20251010;200000;11.402;11.406;11.392;11.397;10627
CNYRUBF;30;20251010;203000;11.398;11.404;11.393;11.397;3472
CNYRUBF;30;20251010;210000;11.397;11.401;11.381;11.388;6056
CNYRUBF;30;20251010;213000;11.387;11.389;11.382;11.387;834
CNYRUBF;30;20251010;220000;11.385;11.389;11.384;11.386;2262
CNYRUBF;30;20251010;223000;11.386;11.404;11.385;11.401;9656
CNYRUBF;30;20251010;230000;11.401;11.407;11.395;11.395;6789
CNYRUBF;30;20251010;233000;11.398;11.401;11.393;11.401;2881
CNYRUBF;30;20251013;083000;11.398;11.398;11.398;11.398;43
CNYRUBF;30;20251013;090000;11.397;11.399;11.351;11.357;52365
CNYRUBF;30;20251013;093000;11.36;11.392;11.357;11.37;22505
CNYRUBF;30;20251013;100000;11.372;11.373;11.329;11.333;104680
CNYRUBF;30;20251013;103000;11.331;11.331;11.3;11.303;416766
CNYRUBF;30;20251013;110000;11.303;11.311;11.256;11.263;310827
CNYRUBF;30;20251013;113000;11.263;11.277;11.244;11.267;215268
CNYRUBF;30;20251013;120000;11.265;11.278;11.252;11.268;113238
CNYRUBF;30;20251013;123000;11.266;11.279;11.256;11.274;33946
CNYRUBF;30;20251013;130000;11.275;11.275;11.256;11.268;37460
CNYRUBF;30;20251013;133000;11.268;11.278;11.265;11.27;35571
CNYRUBF;30;20251013;140000;11.269;11.269;11.254;11.258;83434
CNYRUBF;30;20251013;143000;11.258;11.271;11.256;11.27;37431
CNYRUBF;30;20251013;150000;11.268;11.285;11.263;11.278;86402
CNYRUBF;30;20251013;153000;11.276;11.276;11.257;11.261;26450
CNYRUBF;30;20251013;160000;11.263;11.263;11.235;11.244;108138
CNYRUBF;30;20251013;163000;11.245;11.245;11.207;11.237;262468
CNYRUBF;30;20251013;170000;11.238;11.238;11.21;11.211;113670
CNYRUBF;30;20251013;173000;11.211;11.225;11.21;11.22;100951
CNYRUBF;30;20251013;180000;11.221;11.221;11.193;11.197;162922
CNYRUBF;30;20251013;183000;11.198;11.2;11.177;11.186;95329
CNYRUBF;30;20251013;190000;11.186;11.19;11.144;11.181;65614
CNYRUBF;30;20251013;193000;11.183;11.187;11.171;11.184;14972
CNYRUBF;30;20251013;200000;11.184;11.184;11.175;11.178;5084
CNYRUBF;30;20251013;203000;11.178;11.184;11.172;11.174;8667
CNYRUBF;30;20251013;210000;11.177;11.178;11.171;11.178;2868
CNYRUBF;30;20251013;213000;11.177;11.185;11.168;11.185;9492
CNYRUBF;30;20251013;220000;11.185;11.199;11.183;11.192;12308
CNYRUBF;30;20251013;223000;11.192;11.195;11.172;11.178;14997
CNYRUBF;30;20251013;230000;11.178;11.183;11.175;11.183;6552
CNYRUBF;30;20251013;233000;11.183;11.184;11.18;11.183;4584
CNYRUBF;30;20251014;083000;11.18;11.18;11.18;11.18;73
CNYRUBF;30;20251014;090000;11.181;11.19;11.139;11.16;77343
CNYRUBF;30;20251014;093000;11.158;11.164;11.12;11.134;86214
CNYRUBF;30;20251014;100000;11.134;11.173;11.106;11.141;518644
CNYRUBF;30;20251014;103000;11.142;11.15;11.069;11.09;284321
CNYRUBF;30;20251014;110000;11.093;11.111;11.076;11.105;213050
CNYRUBF;30;20251014;113000;11.105;11.128;11.101;11.119;102886
CNYRUBF;30;20251014;120000;11.12;11.125;11.1;11.123;84008
CNYRUBF;30;20251014;123000;11.124;11.14;11.124;11.136;108724
CNYRUBF;30;20251014;130000;11.137;11.15;11.133;11.146;77063
CNYRUBF;30;20251014;133000;11.147;11.155;11.121;11.132;102332
CNYRUBF;30;20251014;140000;11.13;11.131;11.111;11.112;86598
CNYRUBF;30;20251014;143000;11.114;11.119;11.109;11.112;35927
CNYRUBF;30;20251014;150000;11.111;11.12;11.095;11.114;90838
CNYRUBF;30;20251014;153000;11.113;11.126;11.109;11.121;81416
CNYRUBF;30;20251014;160000;11.121;11.134;11.115;11.127;64582
CNYRUBF;30;20251014;163000;11.127;11.13;11.115;11.117;82210
CNYRUBF;30;20251014;170000;11.118;11.139;11.115;11.137;67733
CNYRUBF;30;20251014;173000;11.137;11.144;11.116;11.121;66837
CNYRUBF;30;20251014;180000;11.12;11.125;11.088;11.102;115139
CNYRUBF;30;20251014;183000;11.101;11.102;11.079;11.079;38345
CNYRUBF;30;20251014;190000;11.082;11.094;11.079;11.083;35193
CNYRUBF;30;20251014;193000;11.083;11.091;11.082;11.085;16086
CNYRUBF;30;20251014;200000;11.086;11.087;11.08;11.083;16766
CNYRUBF;30;20251014;203000;11.083;11.089;11.079;11.083;6128
CNYRUBF;30;20251014;210000;11.083;11.087;11.083;11.086;4460
CNYRUBF;30;20251014;213000;11.087;11.088;11.082;11.087;5018
CNYRUBF;30;20251014;220000;11.088;11.089;11.085;11.085;3030
CNYRUBF;30;20251014;223000;11.084;11.092;11.083;11.091;4176
CNYRUBF;30;20251014;230000;11.091;11.096;11.09;11.093;7351
CNYRUBF;30;20251014;233000;11.091;11.099;11.088;11.099;8713
CNYRUBF;30;20251015;083000;11.098;11.098;11.098;11.098;112
CNYRUBF;30;20251015;090000;11.098;11.113;11.04;11.057;117251
CNYRUBF;30;20251015;093000;11.057;11.061;11.025;11.035;130498
CNYRUBF;30;20251015;100000;11.036;11.069;11.036;11.049;477746
CNYRUBF;30;20251015;103000;11.048;11.054;11.01;11.018;234973
CNYRUBF;30;20251015;110000;11.018;11.031;10.991;10.991;454281
CNYRUBF;30;20251015;113000;10.992;11.043;10.981;11.028;331436
CNYRUBF;30;20251015;120000;11.027;11.033;11.012;11.033;151883
CNYRUBF;30;20251015;123000;11.031;11.051;11.021;11.032;108110
CNYRUBF;30;20251015;130000;11.034;11.039;11.012;11.024;67654
CNYRUBF;30;20251015;133000;11.024;11.04;11.018;11.022;78201
CNYRUBF;30;20251015;140000;11.025;11.025;11.016;11.02;29364
CNYRUBF;30;20251015;143000;11.021;11.021;11.004;11.014;70902
CNYRUBF;30;20251015;150000;11.014;11.016;10.996;11.004;73310
CNYRUBF;30;20251015;153000;11.005;11.019;10.997;11.001;93108
CNYRUBF;30;20251015;160000;11.001;11.001;10.976;10.984;150080
CNYRUBF;30;20251015;163000;10.984;10.986;10.96;10.961;161443
CNYRUBF;30;20251015;170000;10.963;10.985;10.959;10.98;175434
CNYRUBF;30;20251015;173000;10.98;11.007;10.971;10.994;191611
CNYRUBF;30;20251015;180000;10.995;11.027;10.986;11.014;154390
CNYRUBF;30;20251015;183000;11.014;11.015;10.989;10.998;58013
CNYRUBF;30;20251015;190000;11.002;11.012;10.982;11.01;26476
CNYRUBF;30;20251015;193000;11.011;11.012;10.985;10.994;19945
CNYRUBF;30;20251015;200000;10.994;11;10.986;10.999;14536
CNYRUBF;30;20251015;203000;10.996;11.006;10.991;10.993;8473
CNYRUBF;30;20251015;210000;10.993;10.997;10.987;10.991;9894
CNYRUBF;30;20251015;213000;10.991;10.992;10.98;10.982;11323
CNYRUBF;30;20251015;220000;10.984;10.984;10.963;10.963;35034
CNYRUBF;30;20251015;223000;10.963;10.978;10.956;10.961;22582
CNYRUBF;30;20251015;230000;10.96;10.969;10.954;10.965;10211
CNYRUBF;30;20251015;233000;10.965;10.974;10.951;10.951;13145
CNYRUBF;30;20251016;083000;10.956;10.956;10.956;10.956;24
CNYRUBF;30;20251016;090000;10.956;10.961;10.918;10.941;124921
CNYRUBF;30;20251016;093000;10.941;10.967;10.931;10.944;62561
CNYRUBF;30;20251016;100000;10.948;11.085;10.948;11.079;501993
CNYRUBF;30;20251016;103000;11.079;11.129;11.025;11.05;507777
CNYRUBF;30;20251016;110000;11.051;11.065;11.005;11.022;339773
CNYRUBF;30;20251016;113000;11.022;11.024;11.011;11.016;166395
CNYRUBF;30;20251016;120000;11.015;11.049;11.013;11.045;277689
CNYRUBF;30;20251016;123000;11.044;11.087;11.037;11.059;194759
CNYRUBF;30;20251016;130000;11.061;11.102;11.06;11.101;126286
CNYRUBF;30;20251016;133000;11.102;11.106;11.07;11.084;197558
CNYRUBF;30;20251016;140000;11.084;11.122;11.078;11.12;370119
CNYRUBF;30;20251016;143000;11.121;11.181;11.119;11.147;418188
CNYRUBF;30;20251016;150000;11.145;11.221;11.132;11.2;437952
CNYRUBF;30;20251016;153000;11.2;11.248;11.2;11.206;361370
CNYRUBF;30;20251016;160000;11.207;11.246;11.195;11.238;216821
CNYRUBF;30;20251016;163000;11.237;11.265;11.226;11.264;258131
CNYRUBF;30;20251016;170000;11.263;11.267;11.207;11.255;311680
CNYRUBF;30;20251016;173000;11.255;11.264;11.185;11.199;432542
CNYRUBF;30;20251016;180000;11.199;11.221;11.183;11.205;164472
CNYRUBF;30;20251016;183000;11.203;11.216;11.196;11.197;54592
CNYRUBF;30;20251016;190000;11.2;11.235;11.2;11.225;39012
CNYRUBF;30;20251016;193000;11.226;11.245;11.224;11.233;21072
CNYRUBF;30;20251016;200000;11.234;11.236;11.142;11.208;134731
CNYRUBF;30;20251016;203000;11.208;11.212;11.181;11.188;32305
CNYRUBF;30;20251016;210000;11.188;11.192;11.15;11.185;45716
CNYRUBF;30;20251016;213000;11.186;11.19;11.177;11.189;8045
CNYRUBF;30;20251016;220000;11.189;11.2;11.181;11.184;9727
CNYRUBF;30;20251016;223000;11.181;11.196;11.179;11.179;18814
CNYRUBF;30;20251016;230000;11.18;11.199;11.171;11.197;21263
CNYRUBF;30;20251016;233000;11.197;11.22;11.197;11.22;18503
CNYRUBF;30;20251017;083000;11.22;11.22;11.22;11.22;2541
CNYRUBF;30;20251017;090000;11.211;11.32;11.183;11.285;204163
CNYRUBF;30;20251017;093000;11.281;11.313;11.251;11.295;98112
CNYRUBF;30;20251017;100000;11.295;11.369;11.278;11.328;427035
CNYRUBF;30;20251017;103000;11.326;11.345;11.278;11.323;339262
CNYRUBF;30;20251017;110000;11.322;11.34;11.292;11.303;222055
CNYRUBF;30;20251017;113000;11.302;11.325;11.293;11.304;94661
CNYRUBF;30;20251017;120000;11.304;11.328;11.303;11.319;95372
CNYRUBF;30;20251017;123000;11.322;11.39;11.321;11.366;306717
CNYRUBF;30;20251017;130000;11.365;11.389;11.346;11.371;176256
CNYRUBF;30;20251017;133000;11.373;11.399;11.369;11.393;160759
CNYRUBF;30;20251017;140000;11.391;11.411;11.382;11.399;136435
CNYRUBF;30;20251017;143000;11.399;11.426;11.392;11.425;140970
CNYRUBF;30;20251017;150000;11.424;11.46;11.414;11.441;192536
CNYRUBF;30;20251017;153000;11.441;11.465;11.429;11.451;158664
CNYRUBF;30;20251017;160000;11.452;11.459;11.409;11.411;153888
CNYRUBF;30;20251017;163000;11.41;11.467;11.406;11.446;175007
CNYRUBF;30;20251017;170000;11.446;11.446;11.363;11.378;281169
CNYRUBF;30;20251017;173000;11.378;11.403;11.356;11.36;168236
CNYRUBF;30;20251017;180000;11.359;11.381;11.355;11.381;125602
CNYRUBF;30;20251017;183000;11.38;11.401;11.375;11.395;61074
CNYRUBF;30;20251017;190000;11.4;11.413;11.389;11.394;21607
CNYRUBF;30;20251017;193000;11.393;11.394;11.38;11.38;13925
CNYRUBF;30;20251017;200000;11.382;11.4;11.371;11.4;12852
CNYRUBF;30;20251017;203000;11.398;11.399;11.384;11.399;5430
CNYRUBF;30;20251017;210000;11.397;11.42;11.388;11.417;23355
CNYRUBF;30;20251017;213000;11.415;11.419;11.412;11.418;9275
CNYRUBF;30;20251017;220000;11.418;11.419;11.406;11.412;9648
CNYRUBF;30;20251017;223000;11.412;11.412;11.393;11.397;14767
CNYRUBF;30;20251017;230000;11.397;11.403;11.394;11.399;4693
CNYRUBF;30;20251017;233000;11.399;11.406;11.395;11.401;3854
CNYRUBF;30;20251020;083000;11.415;11.415;11.415;11.415;500
CNYRUBF;30;20251020;090000;11.405;11.424;11.32;11.368;157653
CNYRUBF;30;20251020;093000;11.368;11.392;11.328;11.35;78617
CNYRUBF;30;20251020;100000;11.352;11.418;11.33;11.387;202834
CNYRUBF;30;20251020;103000;11.387;11.403;11.373;11.385;72840
CNYRUBF;30;20251020;110000;11.385;11.402;11.371;11.382;109861
CNYRUBF;30;20251020;113000;11.381;11.391;11.38;11.384;36872
CNYRUBF;30;20251020;120000;11.383;11.384;11.362;11.362;48960
CNYRUBF;30;20251020;123000;11.362;11.364;11.285;11.34;333560
CNYRUBF;30;20251020;130000;11.338;11.354;11.328;11.348;93632
CNYRUBF;30;20251020;133000;11.349;11.349;11.334;11.336;66254
CNYRUBF;30;20251020;140000;11.34;11.343;11.316;11.333;128013
CNYRUBF;30;20251020;143000;11.334;11.358;11.333;11.352;41204
CNYRUBF;30;20251020;150000;11.351;11.353;11.318;11.321;75810
CNYRUBF;30;20251020;153000;11.321;11.33;11.312;11.321;41317
CNYRUBF;30;20251020;160000;11.321;11.324;11.306;11.319;55235
CNYRUBF;30;20251020;163000;11.32;11.349;11.313;11.329;72359
CNYRUBF;30;20251020;170000;11.328;11.353;11.328;11.334;47453
CNYRUBF;30;20251020;173000;11.335;11.338;11.307;11.311;101701
CNYRUBF;30;20251020;180000;11.314;11.33;11.273;11.293;289474
CNYRUBF;30;20251020;183000;11.293;11.294;11.29;11.291;101664
CNYRUBF;30;20251020;190000;11.29;11.304;11.277;11.302;40116
CNYRUBF;30;20251020;193000;11.303;11.308;11.297;11.298;12014
CNYRUBF;30;20251020;200000;11.298;11.299;11.289;11.297;5834
CNYRUBF;30;20251020;203000;11.298;11.304;11.293;11.294;6425
CNYRUBF;30;20251020;210000;11.294;11.303;11.292;11.295;3876
CNYRUBF;30;20251020;213000;11.295;11.312;11.295;11.307;7235
CNYRUBF;30;20251020;220000;11.307;11.309;11.294;11.298;5828
CNYRUBF;30;20251020;223000;11.298;11.299;11.286;11.287;5620
CNYRUBF;30;20251020;230000;11.286;11.292;11.281;11.286;8146
CNYRUBF;30;20251020;233000;11.285;11.306;11.281;11.305;6988
CNYRUBF;30;20251021;083000;11.303;11.303;11.303;11.303;263
CNYRUBF;30;20251021;090000;11.303;11.375;11.303;11.35;103331
CNYRUBF;30;20251021;093000;11.354;11.364;11.333;11.351;36593
CNYRUBF;30;20251021;100000;11.351;11.362;11.294;11.299;206464
CNYRUBF;30;20251021;103000;11.299;11.319;11.297;11.319;90263
CNYRUBF;30;20251021;110000;11.318;11.357;11.312;11.343;109111
CNYRUBF;30;20251021;113000;11.343;11.4;11.343;11.372;285993
CNYRUBF;30;20251021;120000;11.372;11.384;11.351;11.361;144424
CNYRUBF;30;20251021;123000;11.362;11.397;11.358;11.395;236537
CNYRUBF;30;20251021;130000;11.395;11.417;11.38;11.414;148065
CNYRUBF;30;20251021;133000;11.414;11.465;11.409;11.434;309365
CNYRUBF;30;20251021;140000;11.434;11.443;11.386;11.387;217415
CNYRUBF;30;20251021;143000;11.386;11.4;11.374;11.385;141826
CNYRUBF;30;20251021;150000;11.384;11.388;11.352;11.356;114233
CNYRUBF;30;20251021;153000;11.355;11.401;11.351;11.391;153353
CNYRUBF;30;20251021;160000;11.39;11.426;11.387;11.405;131508
CNYRUBF;30;20251021;163000;11.403;11.421;11.401;11.42;72257
CNYRUBF;30;20251021;170000;11.42;11.423;11.373;11.386;129609
CNYRUBF;30;20251021;173000;11.386;11.4;11.376;11.387;96712
CNYRUBF;30;20251021;180000;11.388;11.434;11.384;11.433;158616
CNYRUBF;30;20251021;183000;11.433;11.434;11.414;11.421;75576
CNYRUBF;30;20251021;190000;11.421;11.428;11.401;11.409;44661
CNYRUBF;30;20251021;193000;11.409;11.423;11.405;11.421;13352
CNYRUBF;30;20251021;200000;11.421;11.437;11.416;11.437;28124
CNYRUBF;30;20251021;203000;11.436;11.452;11.426;11.445;51363
CNYRUBF;30;20251021;210000;11.445;11.45;11.44;11.442;16528
CNYRUBF;30;20251021;213000;11.442;11.445;11.44;11.443;3351
CNYRUBF;30;20251021;220000;11.443;11.444;11.433;11.438;12776
CNYRUBF;30;20251021;223000;11.436;11.449;11.434;11.44;20203
CNYRUBF;30;20251021;230000;11.439;11.439;11.413;11.417;32074
CNYRUBF;30;20251021;233000;11.416;11.423;11.405;11.41;8673
CNYRUBF;30;20251022;083000;11.411;11.411;11.411;11.411;2100
CNYRUBF;30;20251022;090000;11.411;11.449;11.398;11.43;74508
CNYRUBF;30;20251022;093000;11.433;11.445;11.425;11.445;9880
CNYRUBF;30;20251022;100000;11.443;11.504;11.429;11.487;359953
CNYRUBF;30;20251022;103000;11.487;11.537;11.486;11.516;237991
CNYRUBF;30;20251022;110000;11.516;11.519;11.475;11.488;202310
CNYRUBF;30;20251022;113000;11.488;11.489;11.462;11.467;91886
CNYRUBF;30;20251022;120000;11.466;11.497;11.456;11.495;152641
CNYRUBF;30;20251022;123000;11.494;11.498;11.477;11.48;26830
CNYRUBF;30;20251022;130000;11.479;11.489;11.466;11.48;81658
CNYRUBF;30;20251022;133000;11.479;11.486;11.455;11.462;46260
CNYRUBF;30;20251022;140000;11.461;11.461;11.391;11.413;302210
CNYRUBF;30;20251022;143000;11.413;11.439;11.409;11.419;202984
CNYRUBF;30;20251022;150000;11.417;11.459;11.415;11.443;349939
CNYRUBF;30;20251022;153000;11.444;11.481;11.443;11.451;115730
CNYRUBF;30;20251022;160000;11.449;11.45;11.395;11.4;162488
CNYRUBF;30;20251022;163000;11.4;11.427;11.381;11.421;132157
CNYRUBF;30;20251022;170000;11.421;11.427;11.391;11.397;120721
CNYRUBF;30;20251022;173000;11.393;11.406;11.366;11.395;112303
CNYRUBF;30;20251022;180000;11.395;11.403;11.359;11.367;175366
CNYRUBF;30;20251022;183000;11.366;11.379;11.358;11.375;44090
CNYRUBF;30;20251022;190000;11.372;11.394;11.362;11.366;27028
CNYRUBF;30;20251022;193000;11.367;11.372;11.355;11.363;12941
CNYRUBF;30;20251022;200000;11.363;11.368;11.36;11.367;7524
CNYRUBF;30;20251022;203000;11.367;11.37;11.36;11.363;14889
CNYRUBF;30;20251022;210000;11.363;11.369;11.363;11.363;9868
CNYRUBF;30;20251022;213000;11.366;11.367;11.362;11.364;7037
CNYRUBF;30;20251022;220000;11.365;11.414;11.36;11.403;61715
CNYRUBF;30;20251022;223000;11.404;11.423;11.391;11.407;61423
CNYRUBF;30;20251022;230000;11.413;11.45;11.4;11.418;76892
CNYRUBF;30;20251022;233000;11.418;11.433;11.41;11.427;19283
CNYRUBF;30;20251023;083000;11.441;11.441;11.441;11.441;477
CNYRUBF;30;20251023;090000;11.441;11.484;11.418;11.425;81481
CNYRUBF;30;20251023;093000;11.424;11.498;11.422;11.452;304239
CNYRUBF;30;20251023;100000;11.452;11.456;11.339;11.365;472590
CNYRUBF;30;20251023;103000;11.366;11.382;11.35;11.356;199656
CNYRUBF;30;20251023;110000;11.353;11.395;11.345;11.389;370023
CNYRUBF;30;20251023;113000;11.389;11.41;11.373;11.394;99474
CNYRUBF;30;20251023;120000;11.395;11.398;11.37;11.388;90185
CNYRUBF;30;20251023;123000;11.389;11.41;11.382;11.39;90921
CNYRUBF;30;20251023;130000;11.392;11.405;11.383;11.39;48752
CNYRUBF;30;20251023;133000;11.391;11.392;11.373;11.376;50691
CNYRUBF;30;20251023;140000;11.382;11.389;11.366;11.373;49130
CNYRUBF;30;20251023;143000;11.376;11.388;11.352;11.38;82908
CNYRUBF;30;20251023;150000;11.38;11.425;11.375;11.399;158682
CNYRUBF;30;20251023;153000;11.399;11.416;11.376;11.383;78210
CNYRUBF;30;20251023;160000;11.384;11.399;11.372;11.392;26497
CNYRUBF;30;20251023;163000;11.393;11.403;11.392;11.401;49286
CNYRUBF;30;20251023;170000;11.402;11.414;11.389;11.41;61577
CNYRUBF;30;20251023;173000;11.411;11.411;11.396;11.402;146369
CNYRUBF;30;20251023;180000;11.401;11.414;11.396;11.409;44700
CNYRUBF;30;20251023;183000;11.409;11.413;11.397;11.397;38837
CNYRUBF;30;20251023;190000;11.406;11.41;11.396;11.406;21054
CNYRUBF;30;20251023;193000;11.406;11.419;11.401;11.407;12809
CNYRUBF;30;20251023;200000;11.406;11.414;11.401;11.404;5822
CNYRUBF;30;20251023;203000;11.404;11.41;11.401;11.407;3233
CNYRUBF;30;20251023;210000;11.407;11.41;11.402;11.402;2357
CNYRUBF;30;20251023;213000;11.402;11.41;11.399;11.405;3141
CNYRUBF;30;20251023;220000;11.403;11.403;11.397;11.403;4631
CNYRUBF;30;20251023;223000;11.404;11.413;11.401;11.411;3275
CNYRUBF;30;20251023;230000;11.413;11.416;11.399;11.401;3184
CNYRUBF;30;20251023;233000;11.403;11.407;11.396;11.399;5412
CNYRUBF;30;20251024;083000;11.399;11.399;11.399;11.399;59
CNYRUBF;30;20251024;090000;11.4;11.433;11.393;11.433;31042
CNYRUBF;30;20251024;093000;11.43;11.439;11.401;11.402;38661
CNYRUBF;30;20251024;100000;11.403;11.415;11.323;11.346;458460
CNYRUBF;30;20251024;103000;11.345;11.374;11.331;11.368;155898
CNYRUBF;30;20251024;110000;11.367;11.389;11.362;11.372;106212
CNYRUBF;30;20251024;113000;11.372;11.373;11.35;11.356;104468
CNYRUBF;30;20251024;120000;11.356;11.361;11.347;11.352;15748
CNYRUBF;30;20251024;123000;11.352;11.36;11.348;11.359;31784
CNYRUBF;30;20251024;130000;11.358;11.358;11.338;11.352;52634
CNYRUBF;30;20251024;133000;11.351;11.381;11.266;11.287;453570
CNYRUBF;30;20251024;140000;11.287;11.299;11.18;11.241;734627
CNYRUBF;30;20251024;143000;11.241;11.31;11.223;11.296;895472
CNYRUBF;30;20251024;150000;11.294;11.297;11.227;11.236;371000
CNYRUBF;30;20251024;153000;11.236;11.257;11.202;11.244;355369
CNYRUBF;30;20251024;160000;11.246;11.26;11.234;11.246;85199
CNYRUBF;30;20251024;163000;11.246;11.252;11.183;11.197;207428
CNYRUBF;30;20251024;170000;11.197;11.199;11.151;11.181;287605
CNYRUBF;30;20251024;173000;11.181;11.181;11.122;11.16;228094
CNYRUBF;30;20251024;180000;11.161;11.166;11.142;11.152;90064
CNYRUBF;30;20251024;183000;11.153;11.153;11.127;11.152;90393
CNYRUBF;30;20251024;190000;11.144;11.163;11.138;11.153;37212
CNYRUBF;30;20251024;193000;11.152;11.154;11.144;11.146;8859
CNYRUBF;30;20251024;200000;11.149;11.154;11.146;11.151;5826
CNYRUBF;30;20251024;203000;11.152;11.155;11.152;11.154;4798
CNYRUBF;30;20251024;210000;11.153;11.162;11.15;11.157;13508
CNYRUBF;30;20251024;213000;11.157;11.158;11.146;11.153;5430
CNYRUBF;30;20251024;220000;11.153;11.157;11.148;11.154;5459
CNYRUBF;30;20251024;223000;11.153;11.154;11.14;11.145;5522
CNYRUBF;30;20251024;230000;11.146;11.149;11.14;11.143;3287
CNYRUBF;30;20251024;233000;11.143;11.153;11.142;11.151;7368
CNYRUBF;30;20251027;083000;11.151;11.151;11.151;11.151;243
CNYRUBF;30;20251027;090000;11.15;11.153;11.106;11.131;80330
CNYRUBF;30;20251027;093000;11.128;11.132;11.083;11.1;57052
CNYRUBF;30;20251027;100000;11.1;11.106;11.024;11.042;399630
CNYRUBF;30;20251027;103000;11.042;11.068;11.035;11.065;182058
CNYRUBF;30;20251027;110000;11.067;11.082;11.055;11.069;124179
CNYRUBF;30;20251027;113000;11.071;11.081;11.06;11.073;73620
CNYRUBF;30;20251027;120000;11.073;11.08;11.057;11.076;68758
CNYRUBF;30;20251027;123000;11.078;11.109;11.072;11.083;201346
CNYRUBF;30;20251027;130000;11.085;11.088;11.063;11.08;39581
CNYRUBF;30;20251027;133000;11.079;11.08;11.07;11.073;51273
CNYRUBF;30;20251027;140000;11.077;11.091;11.068;11.068;40624
CNYRUBF;30;20251027;143000;11.068;11.09;11.068;11.088;52671
CNYRUBF;30;20251027;150000;11.087;11.103;11.069;11.091;599678
CNYRUBF;30;20251027;153000;11.092;11.106;11.078;11.095;66137
CNYRUBF;30;20251027;160000;11.094;11.102;11.088;11.094;39164
CNYRUBF;30;20251027;163000;11.094;11.1;11.081;11.084;42444
CNYRUBF;30;20251027;170000;11.086;11.094;11.058;11.08;111734
CNYRUBF;30;20251027;173000;11.082;11.09;11.063;11.073;65789
CNYRUBF;30;20251027;180000;11.073;11.095;11.066;11.093;58448
CNYRUBF;30;20251027;183000;11.093;11.191;11.091;11.186;190448
CNYRUBF;30;20251027;190000;11.188;11.2;11.15;11.177;65001
CNYRUBF;30;20251027;193000;11.177;11.2;11.164;11.179;33554
CNYRUBF;30;20251027;200000;11.177;11.195;11.177;11.191;11079
CNYRUBF;30;20251027;203000;11.191;11.195;11.18;11.186;8448
CNYRUBF;30;20251027;210000;11.186;11.19;11.177;11.18;6727
CNYRUBF;30;20251027;213000;11.181;11.185;11.18;11.185;561
CNYRUBF;30;20251027;220000;11.182;11.186;11.181;11.185;1312
CNYRUBF;30;20251027;223000;11.186;11.186;11.176;11.18;7350
CNYRUBF;30;20251027;230000;11.183;11.185;11.179;11.185;1599
CNYRUBF;30;20251027;233000;11.185;11.186;11.17;11.183;4584
CNYRUBF;30;20251028;083000;11.178;11.178;11.178;11.178;552
CNYRUBF;30;20251028;090000;11.178;11.198;11.121;11.142;124680
CNYRUBF;30;20251028;093000;11.145;11.244;11.134;11.244;151073
CNYRUBF;30;20251028;100000;11.236;11.269;11.169;11.192;255901
CNYRUBF;30;20251028;103000;11.19;11.22;11.182;11.219;108455
CNYRUBF;30;20251028;110000;11.219;11.26;11.218;11.242;111445
CNYRUBF;30;20251028;113000;11.242;11.26;11.226;11.25;142502
CNYRUBF;30;20251028;120000;11.25;11.26;11.213;11.213;46837
CNYRUBF;30;20251028;123000;11.215;11.245;11.214;11.234;84666
CNYRUBF;30;20251028;130000;11.235;11.242;11.197;11.205;74611
CNYRUBF;30;20251028;133000;11.205;11.213;11.158;11.166;150226
CNYRUBF;30;20251028;140000;11.163;11.185;11.155;11.169;125992
CNYRUBF;30;20251028;143000;11.168;11.186;11.141;11.153;226216
CNYRUBF;30;20251028;150000;11.155;11.195;11.148;11.171;360061
CNYRUBF;30;20251028;153000;11.171;11.174;11.13;11.147;120951
CNYRUBF;30;20251028;160000;11.145;11.154;11.128;11.128;51951
CNYRUBF;30;20251028;163000;11.128;11.148;11.127;11.14;58133
CNYRUBF;30;20251028;170000;11.139;11.17;11.137;11.161;55047
CNYRUBF;30;20251028;173000;11.162;11.179;11.141;11.151;68742
CNYRUBF;30;20251028;180000;11.152;11.155;11.143;11.147;53533
CNYRUBF;30;20251028;183000;11.147;11.149;11.135;11.141;49226
CNYRUBF;30;20251028;190000;11.144;11.165;11.138;11.161;13687
CNYRUBF;30;20251028;193000;11.162;11.167;11.154;11.158;6504
CNYRUBF;30;20251028;200000;11.16;11.166;11.152;11.156;3405
CNYRUBF;30;20251028;203000;11.157;11.169;11.153;11.168;1920
CNYRUBF;30;20251028;210000;11.168;11.18;11.16;11.174;6959
CNYRUBF;30;20251028;213000;11.174;11.178;11.162;11.165;6888
CNYRUBF;30;20251028;220000;11.165;11.17;11.159;11.164;4617
CNYRUBF;30;20251028;223000;11.16;11.167;11.16;11.165;1771
CNYRUBF;30;20251028;230000;11.167;11.169;11.164;11.169;2646
CNYRUBF;30;20251028;233000;11.17;11.18;11.169;11.178;1374
CNYRUBF;30;20251029;083000;11.179;11.179;11.179;11.179;11
CNYRUBF;30;20251029;090000;11.18;11.187;11.148;11.184;29216
CNYRUBF;30;20251029;093000;11.184;11.216;11.167;11.169;30247
CNYRUBF;30;20251029;100000;11.172;11.209;11.159;11.181;160122
CNYRUBF;30;20251029;103000;11.181;11.181;11.123;11.139;264224
CNYRUBF;30;20251029;110000;11.139;11.154;11.125;11.141;118387
CNYRUBF;30;20251029;113000;11.14;11.159;11.139;11.151;87226
CNYRUBF;30;20251029;120000;11.151;11.161;11.146;11.161;66017
CNYRUBF;30;20251029;123000;11.16;11.182;11.155;11.173;182734
CNYRUBF;30;20251029;130000;11.173;11.23;11.167;11.225;197035
CNYRUBF;30;20251029;133000;11.226;11.239;11.2;11.224;147237
CNYRUBF;30;20251029;140000;11.224;11.227;11.2;11.213;113168
CNYRUBF;30;20251029;143000;11.214;11.222;11.209;11.218;61288
CNYRUBF;30;20251029;150000;11.219;11.219;11.175;11.187;234107
CNYRUBF;30;20251029;153000;11.187;11.209;11.183;11.199;71822
CNYRUBF;30;20251029;160000;11.199;11.213;11.194;11.204;56376
CNYRUBF;30;20251029;163000;11.204;11.224;11.204;11.214;29313
CNYRUBF;30;20251029;170000;11.214;11.219;11.206;11.217;56810
CNYRUBF;30;20251029;173000;11.217;11.222;11.187;11.202;165907
CNYRUBF;30;20251029;180000;11.201;11.234;11.195;11.208;108913
CNYRUBF;30;20251029;183000;11.209;11.226;11.198;11.214;43361
CNYRUBF;30;20251029;190000;11.221;11.23;11.216;11.224;19512
CNYRUBF;30;20251029;193000;11.224;11.237;11.222;11.228;12944
CNYRUBF;30;20251029;200000;11.227;11.232;11.22;11.229;6473
CNYRUBF;30;20251029;203000;11.228;11.236;11.22;11.231;10249
CNYRUBF;30;20251029;210000;11.233;11.234;11.223;11.223;4796
CNYRUBF;30;20251029;213000;11.223;11.227;11.213;11.227;4843
CNYRUBF;30;20251029;220000;11.227;11.229;11.223;11.226;893
CNYRUBF;30;20251029;223000;11.226;11.227;11.223;11.226;1266
CNYRUBF;30;20251029;230000;11.226;11.226;11.214;11.222;3979
CNYRUBF;30;20251029;233000;11.222;11.226;11.216;11.225;2965
CNYRUBF;30;20251030;083000;11.221;11.221;11.221;11.221;35
CNYRUBF;30;20251030;090000;11.221;11.248;11.22;11.245;33402
CNYRUBF;30;20251030;093000;11.246;11.287;11.246;11.272;82770
CNYRUBF;30;20251030;100000;11.273;11.302;11.242;11.3;269036
CNYRUBF;30;20251030;103000;11.3;11.329;11.285;11.298;314551
CNYRUBF;30;20251030;110000;11.298;11.328;11.298;11.306;125532
CNYRUBF;30;20251030;113000;11.307;11.328;11.305;11.317;66322
CNYRUBF;30;20251030;120000;11.315;11.319;11.301;11.31;92644
CNYRUBF;30;20251030;123000;11.309;11.33;11.304;11.324;72824
CNYRUBF;30;20251030;130000;11.324;11.329;11.303;11.315;96153
CNYRUBF;30;20251030;133000;11.314;11.326;11.312;11.322;34089
CNYRUBF;30;20251030;140000;11.321;11.345;11.315;11.343;68266
CNYRUBF;30;20251030;143000;11.343;11.354;11.288;11.299;207936
CNYRUBF;30;20251030;150000;11.298;11.327;11.296;11.304;132081
CNYRUBF;30;20251030;153000;11.302;11.302;11.268;11.283;158627
CNYRUBF;30;20251030;160000;11.284;11.286;11.251;11.255;166713
CNYRUBF;30;20251030;163000;11.254;11.296;11.252;11.284;82330
CNYRUBF;30;20251030;170000;11.285;11.297;11.26;11.266;118642
CNYRUBF;30;20251030;173000;11.265;11.281;11.24;11.269;132897
CNYRUBF;30;20251030;180000;11.27;11.288;11.258;11.28;126609
CNYRUBF;30;20251030;183000;11.283;11.299;11.281;11.295;71747
CNYRUBF;30;20251030;190000;11.296;11.312;11.296;11.302;30887
CNYRUBF;30;20251030;193000;11.3;11.307;11.3;11.301;6181
CNYRUBF;30;20251030;200000;11.303;11.315;11.303;11.305;11952
CNYRUBF;30;20251030;203000;11.307;11.309;11.292;11.297;11460
CNYRUBF;30;20251030;210000;11.296;11.303;11.294;11.303;2440
CNYRUBF;30;20251030;213000;11.302;11.315;11.298;11.315;7448
CNYRUBF;30;20251030;220000;11.314;11.319;11.312;11.317;5734
CNYRUBF;30;20251030;223000;11.315;11.32;11.311;11.317;4044
CNYRUBF;30;20251030;230000;11.317;11.321;11.31;11.319;6376
CNYRUBF;30;20251030;233000;11.318;11.324;11.312;11.315;1884
CNYRUBF;30;20251031;083000;11.315;11.315;11.315;11.315;88
CNYRUBF;30;20251031;090000;11.315;11.338;11.3;11.329;40842
CNYRUBF;30;20251031;093000;11.331;11.331;11.292;11.322;23154
CNYRUBF;30;20251031;100000;11.319;11.38;11.279;11.352;555218
CNYRUBF;30;20251031;103000;11.353;11.365;11.315;11.329;220087
CNYRUBF;30;20251031;110000;11.328;11.351;11.315;11.347;167102
CNYRUBF;30;20251031;113000;11.349;11.352;11.328;11.345;93652
CNYRUBF;30;20251031;120000;11.349;11.36;11.338;11.356;141277
CNYRUBF;30;20251031;123000;11.355;11.36;11.339;11.345;88853
CNYRUBF;30;20251031;130000;11.347;11.352;11.337;11.346;72122
CNYRUBF;30;20251031;133000;11.345;11.355;11.343;11.351;54524
CNYRUBF;30;20251031;140000;11.351;11.375;11.347;11.365;78557
CNYRUBF;30;20251031;143000;11.363;11.37;11.351;11.357;66784
CNYRUBF;30;20251031;150000;11.357;11.367;11.349;11.355;70764
CNYRUBF;30;20251031;153000;11.355;11.356;11.325;11.325;174454
CNYRUBF;30;20251031;160000;11.325;11.337;11.317;11.328;171143
CNYRUBF;30;20251031;163000;11.328;11.349;11.307;11.314;167242
CNYRUBF;30;20251031;170000;11.314;11.324;11.285;11.289;198438
CNYRUBF;30;20251031;173000;11.288;11.308;11.273;11.293;184321
CNYRUBF;30;20251031;180000;11.291;11.304;11.26;11.276;205394
CNYRUBF;30;20251031;183000;11.276;11.282;11.26;11.265;104638
CNYRUBF;30;20251031;190000;11.272;11.291;11.266;11.287;13588
CNYRUBF;30;20251031;193000;11.289;11.292;11.278;11.289;4160
CNYRUBF;30;20251031;200000;11.288;11.299;11.282;11.292;9608
CNYRUBF;30;20251031;203000;11.292;11.296;11.277;11.283;7687
CNYRUBF;30;20251031;210000;11.287;11.288;11.277;11.285;4987
CNYRUBF;30;20251031;213000;11.286;11.286;11.269;11.275;15822
CNYRUBF;30;20251031;220000;11.273;11.278;11.267;11.275;12644
CNYRUBF;30;20251031;223000;11.274;11.286;11.272;11.286;3029
CNYRUBF;30;20251031;230000;11.284;11.288;11.275;11.284;4302
CNYRUBF;30;20251031;233000;11.284;11.284;11.27;11.271;5836
CNYRUBF;30;20251101;083000;11.271;11.271;11.271;11.271;76
CNYRUBF;30;20251101;090000;11.273;11.299;11.271;11.291;10607
CNYRUBF;30;20251101;093000;11.288;11.289;11.249;11.252;21269
CNYRUBF;30;20251101;100000;11.253;11.278;11.204;11.211;162642
CNYRUBF;30;20251101;103000;11.211;11.245;11.204;11.239;151574
CNYRUBF;30;20251101;110000;11.239;11.243;11.216;11.225;32928
CNYRUBF;30;20251101;113000;11.226;11.253;11.221;11.252;46028
CNYRUBF;30;20251101;120000;11.252;11.27;11.243;11.252;57276
CNYRUBF;30;20251101;123000;11.252;11.259;11.246;11.247;25186
CNYRUBF;30;20251101;130000;11.247;11.258;11.246;11.248;23184
CNYRUBF;30;20251101;133000;11.249;11.253;11.247;11.251;11605
CNYRUBF;30;20251101;140000;11.25;11.283;11.25;11.271;76283
CNYRUBF;30;20251101;143000;11.272;11.321;11.264;11.321;112937
CNYRUBF;30;20251101;150000;11.322;11.326;11.301;11.31;57491
CNYRUBF;30;20251101;153000;11.311;11.32;11.3;11.313;62578
CNYRUBF;30;20251101;160000;11.313;11.315;11.296;11.303;18660
CNYRUBF;30;20251101;163000;11.301;11.306;11.284;11.288;26945
CNYRUBF;30;20251101;170000;11.288;11.298;11.275;11.289;55794
CNYRUBF;30;20251101;173000;11.288;11.299;11.277;11.293;61524
CNYRUBF;30;20251101;180000;11.293;11.311;11.293;11.309;27600
CNYRUBF;30;20251101;183000;11.309;11.311;11.291;11.305;10739
CNYRUBF;30;20251101;190000;11.298;11.314;11.298;11.303;9222
CNYRUBF;30;20251101;193000;11.303;11.312;11.295;11.312;4979
CNYRUBF;30;20251101;200000;11.311;11.316;11.308;11.31;1098
CNYRUBF;30;20251101;203000;11.311;11.311;11.302;11.304;1060
CNYRUBF;30;20251101;210000;11.303;11.307;11.302;11.307;1339
CNYRUBF;30;20251101;213000;11.307;11.308;11.304;11.306;1891
CNYRUBF;30;20251101;220000;11.307;11.31;11.305;11.309;4192
CNYRUBF;30;20251101;223000;11.308;11.31;11.306;11.306;467
CNYRUBF;30;20251101;230000;11.306;11.307;11.304;11.306;1046
CNYRUBF;30;20251101;233000;11.305;11.308;11.303;11.308;1517
CNYRUBF;30;20251103;090000;11.307;11.339;11.298;11.305;55948
CNYRUBF;30;20251103;093000;11.302;11.33;11.3;11.318;14113
CNYRUBF;30;20251103;100000;11.319;11.334;11.246;11.265;215373
CNYRUBF;30;20251103;103000;11.265;11.286;11.259;11.27;36812
CNYRUBF;30;20251103;110000;11.271;11.29;11.265;11.279;63065
CNYRUBF;30;20251103;113000;11.278;11.278;11.259;11.272;87570
CNYRUBF;30;20251103;120000;11.272;11.273;11.264;11.268;42237
CNYRUBF;30;20251103;123000;11.268;11.288;11.267;11.285;28617
CNYRUBF;30;20251103;130000;11.285;11.286;11.269;11.282;34613
CNYRUBF;30;20251103;133000;11.282;11.282;11.221;11.226;168474
CNYRUBF;30;20251103;140000;11.226;11.233;11.183;11.195;170613
CNYRUBF;30;20251103;143000;11.194;11.197;11.185;11.191;93701
CNYRUBF;30;20251103;150000;11.19;11.212;11.186;11.209;87182
CNYRUBF;30;20251103;153000;11.208;11.211;11.198;11.2;29847
CNYRUBF;30;20251103;160000;11.201;11.209;11.191;11.2;21468
CNYRUBF;30;20251103;163000;11.2;11.209;11.198;11.206;18879
CNYRUBF;30;20251103;170000;11.206;11.207;11.199;11.201;12541
CNYRUBF;30;20251103;173000;11.201;11.203;11.185;11.188;14846
CNYRUBF;30;20251103;180000;11.188;11.192;11.159;11.167;98500
CNYRUBF;30;20251103;183000;11.167;11.18;11.156;11.175;43302
CNYRUBF;30;20251103;190000;11.179;11.182;11.165;11.178;14720
CNYRUBF;30;20251103;193000;11.178;11.179;11.173;11.175;7091
CNYRUBF;30;20251103;200000;11.175;11.176;11.17;11.172;12734
CNYRUBF;30;20251103;203000;11.172;11.179;11.171;11.178;2721
CNYRUBF;30;20251103;210000;11.178;11.18;11.175;11.18;1367
CNYRUBF;30;20251103;213000;11.18;11.203;11.179;11.199;11993
CNYRUBF;30;20251103;220000;11.2;11.206;11.19;11.196;5982
CNYRUBF;30;20251103;223000;11.194;11.207;11.192;11.202;2937
CNYRUBF;30;20251103;230000;11.201;11.207;11.2;11.205;4813
CNYRUBF;30;20251103;233000;11.205;11.21;11.194;11.207;7840
CNYRUBF;30;20251105;090000;11.207;11.225;11.188;11.219;36880
CNYRUBF;30;20251105;093000;11.215;11.245;11.215;11.24;34342
CNYRUBF;30;20251105;100000;11.24;11.315;11.24;11.306;345171
CNYRUBF;30;20251105;103000;11.305;11.353;11.304;11.336;235810
CNYRUBF;30;20251105;110000;11.337;11.354;11.32;11.334;210918
CNYRUBF;30;20251105;113000;11.334;11.357;11.315;11.32;149152
CNYRUBF;30;20251105;120000;11.319;11.369;11.316;11.345;199545
CNYRUBF;30;20251105;123000;11.342;11.359;11.34;11.342;90029
CNYRUBF;30;20251105;130000;11.343;11.395;11.343;11.388;210914
CNYRUBF;30;20251105;133000;11.387;11.411;11.385;11.398;173601
CNYRUBF;30;20251105;140000;11.399;11.405;11.377;11.384;75279
CNYRUBF;30;20251105;143000;11.385;11.392;11.381;11.39;35401
CNYRUBF;30;20251105;150000;11.392;11.396;11.38;11.388;46682
CNYRUBF;30;20251105;153000;11.387;11.396;11.371;11.383;49425
CNYRUBF;30;20251105;160000;11.383;11.383;11.361;11.365;93444
CNYRUBF;30;20251105;163000;11.365;11.399;11.363;11.397;83091
CNYRUBF;30;20251105;170000;11.397;11.398;11.369;11.387;63600
CNYRUBF;30;20251105;173000;11.387;11.395;11.365;11.372;52204
CNYRUBF;30;20251105;180000;11.372;11.397;11.371;11.393;42360
CNYRUBF;30;20251105;183000;11.392;11.409;11.391;11.4;30844
CNYRUBF;30;20251105;190000;11.404;11.425;11.4;11.404;22206
CNYRUBF;30;20251105;193000;11.403;11.413;11.401;11.408;14930
CNYRUBF;30;20251105;200000;11.408;11.422;11.402;11.414;22569
CNYRUBF;30;20251105;203000;11.412;11.42;11.41;11.413;4314
CNYRUBF;30;20251105;210000;11.414;11.414;11.407;11.411;1740
CNYRUBF;30;20251105;213000;11.412;11.428;11.407;11.423;9424
CNYRUBF;30;20251105;220000;11.424;11.425;11.413;11.422;12348
CNYRUBF;30;20251105;223000;11.419;11.426;11.413;11.413;1843
CNYRUBF;30;20251105;230000;11.413;11.416;11.407;11.409;5620
CNYRUBF;30;20251105;233000;11.41;11.415;11.407;11.408;5900
CNYRUBF;30;20251106;090000;11.42;11.423;11.381;11.386;55689
CNYRUBF;30;20251106;093000;11.386;11.424;11.386;11.418;41298
CNYRUBF;30;20251106;100000;11.421;11.446;11.386;11.39;239619
CNYRUBF;30;20251106;103000;11.386;11.392;11.351;11.39;270467
CNYRUBF;30;20251106;110000;11.39;11.414;11.385;11.41;73045
CNYRUBF;30;20251106;113000;11.412;11.413;11.375;11.378;67789
CNYRUBF;30;20251106;120000;11.379;11.395;11.365;11.38;153558
CNYRUBF;30;20251106;123000;11.376;11.382;11.361;11.365;68490
CNYRUBF;30;20251106;130000;11.365;11.369;11.35;11.36;81500
CNYRUBF;30;20251106;133000;11.361;11.366;11.335;11.343;63701
CNYRUBF;30;20251106;140000;11.345;11.358;11.336;11.351;63937
CNYRUBF;30;20251106;143000;11.351;11.376;11.339;11.37;73089
CNYRUBF;30;20251106;150000;11.37;11.382;11.36;11.38;60485
CNYRUBF;30;20251106;153000;11.381;11.385;11.37;11.374;24825
CNYRUBF;30;20251106;160000;11.372;11.376;11.345;11.351;38808
CNYRUBF;30;20251106;163000;11.351;11.352;11.334;11.348;57682
CNYRUBF;30;20251106;170000;11.345;11.347;11.324;11.328;51166
CNYRUBF;30;20251106;173000;11.329;11.345;11.313;11.332;82466
CNYRUBF;30;20251106;180000;11.331;11.356;11.328;11.353;66601
CNYRUBF;30;20251106;183000;11.351;11.356;11.345;11.345;27873
CNYRUBF;30;20251106;200000;11.35;11.375;11.346;11.364;24681
CNYRUBF;30;20251106;203000;11.366;11.371;11.356;11.36;7485
CNYRUBF;30;20251106;210000;11.359;11.372;11.353;11.365;7990
CNYRUBF;30;20251106;213000;11.367;11.373;11.363;11.369;5587
CNYRUBF;30;20251106;220000;11.37;11.381;11.369;11.37;15267
CNYRUBF;30;20251106;223000;11.37;11.373;11.368;11.371;1305
CNYRUBF;30;20251106;230000;11.372;11.375;11.37;11.374;3584
CNYRUBF;30;20251106;233000;11.374;11.377;11.37;11.373;3630
CNYRUBF;30;20251107;090000;11.37;11.407;11.365;11.397;77377
CNYRUBF;30;20251107;093000;11.398;11.409;11.366;11.388;44981
CNYRUBF;30;20251107;100000;11.385;11.415;11.361;11.386;185388
CNYRUBF;30;20251107;103000;11.385;11.4;11.35;11.364;89569
CNYRUBF;30;20251107;110000;11.362;11.364;11.335;11.344;175503
CNYRUBF;30;20251107;113000;11.344;11.374;11.342;11.36;59366
CNYRUBF;30;20251107;120000;11.359;11.372;11.351;11.359;54557
CNYRUBF;30;20251107;123000;11.359;11.374;11.351;11.355;26562
CNYRUBF;30;20251107;130000;11.355;11.367;11.352;11.357;35753
CNYRUBF;30;20251107;133000;11.356;11.363;11.35;11.354;18756
CNYRUBF;30;20251107;140000;11.353;11.36;11.347;11.35;26254
CNYRUBF;30;20251107;143000;11.35;11.365;11.348;11.36;34139
CNYRUBF;30;20251107;150000;11.358;11.366;11.348;11.357;87992
CNYRUBF;30;20251107;153000;11.356;11.359;11.34;11.348;28049
CNYRUBF;30;20251107;160000;11.347;11.347;11.3;11.308;133580
CNYRUBF;30;20251107;163000;11.309;11.32;11.3;11.309;65678
CNYRUBF;30;20251107;170000;11.305;11.309;11.29;11.306;97453
CNYRUBF;30;20251107;173000;11.304;11.319;11.298;11.304;60114
CNYRUBF;30;20251107;180000;11.302;11.325;11.302;11.32;64093
CNYRUBF;30;20251107;183000;11.321;11.328;11.313;11.317;28758
CNYRUBF;30;20251107;190000;11.318;11.326;11.309;11.312;15258
CNYRUBF;30;20251107;193000;11.311;11.317;11.308;11.317;6449
CNYRUBF;30;20251107;200000;11.317;11.317;11.307;11.317;2597
CNYRUBF;30;20251107;203000;11.317;11.317;11.311;11.316;2804
CNYRUBF;30;20251107;210000;11.316;11.342;11.314;11.321;11815
CNYRUBF;30;20251107;213000;11.322;11.329;11.322;11.326;2942
CNYRUBF;30;20251107;220000;11.326;11.337;11.326;11.33;2888
CNYRUBF;30;20251107;223000;11.331;11.331;11.324;11.328;612
CNYRUBF;30;20251107;230000;11.327;11.331;11.322;11.322;4176
CNYRUBF;30;20251107;233000;11.324;11.331;11.322;11.331;3941
CNYRUBF;30;20251110;090000;11.331;11.35;11.318;11.324;65074
CNYRUBF;30;20251110;093000;11.323;11.336;11.302;11.323;32870
CNYRUBF;30;20251110;100000;11.323;11.369;11.301;11.354;277807
CNYRUBF;30;20251110;103000;11.354;11.357;11.333;11.345;53594
CNYRUBF;30;20251110;110000;11.345;11.363;11.341;11.353;53456
CNYRUBF;30;20251110;113000;11.356;11.366;11.34;11.349;55856
CNYRUBF;30;20251110;120000;11.349;11.352;11.339;11.346;54489
CNYRUBF;30;20251110;123000;11.347;11.364;11.344;11.364;82981
CNYRUBF;30;20251110;130000;11.364;11.368;11.344;11.354;65388
CNYRUBF;30;20251110;133000;11.355;11.382;11.353;11.377;161958
CNYRUBF;30;20251110;140000;11.375;11.385;11.37;11.37;73376
CNYRUBF;30;20251110;143000;11.37;11.378;11.36;11.377;77171
CNYRUBF;30;20251110;150000;11.378;11.409;11.374;11.388;140056
CNYRUBF;30;20251110;153000;11.389;11.42;11.384;11.401;97262
CNYRUBF;30;20251110;160000;11.401;11.408;11.388;11.406;86099
CNYRUBF;30;20251110;163000;11.406;11.406;11.381;11.383;36622
CNYRUBF;30;20251110;170000;11.382;11.394;11.367;11.382;76959
CNYRUBF;30;20251110;173000;11.382;11.389;11.37;11.374;41482
CNYRUBF;30;20251110;180000;11.375;11.383;11.362;11.377;32545
CNYRUBF;30;20251110;183000;11.378;11.388;11.371;11.376;17184
CNYRUBF;30;20251110;190000;11.377;11.386;11.372;11.376;9150
CNYRUBF;30;20251110;193000;11.374;11.385;11.374;11.38;5933
CNYRUBF;30;20251110;200000;11.38;11.39;11.38;11.389;3175
CNYRUBF;30;20251110;203000;11.387;11.389;11.376;11.377;1932
CNYRUBF;30;20251110;210000;11.376;11.384;11.376;11.381;3441
CNYRUBF;30;20251110;213000;11.381;11.383;11.376;11.379;2661
CNYRUBF;30;20251110;220000;11.378;11.383;11.377;11.381;684
CNYRUBF;30;20251110;223000;11.382;11.387;11.38;11.386;977
CNYRUBF;30;20251110;230000;11.385;11.386;11.377;11.378;1029
CNYRUBF;30;20251110;233000;11.378;11.388;11.377;11.388;1040
CNYRUBF;30;20251111;090000;11.383;11.389;11.367;11.382;24711
CNYRUBF;30;20251111;093000;11.383;11.398;11.381;11.392;16595
CNYRUBF;30;20251111;100000;11.393;11.462;11.382;11.44;299683
CNYRUBF;30;20251111;103000;11.442;11.452;11.423;11.433;112289
CNYRUBF;30;20251111;110000;11.432;11.438;11.426;11.435;59237
CNYRUBF;30;20251111;113000;11.434;11.445;11.42;11.433;61251
CNYRUBF;30;20251111;120000;11.433;11.434;11.4;11.411;112051
CNYRUBF;30;20251111;123000;11.41;11.419;11.408;11.416;26326
CNYRUBF;30;20251111;130000;11.417;11.421;11.411;11.419;20080
CNYRUBF;30;20251111;133000;11.418;11.429;11.416;11.422;42148
CNYRUBF;30;20251111;140000;11.423;11.425;11.403;11.408;87354
CNYRUBF;30;20251111;143000;11.408;11.421;11.408;11.418;33778
CNYRUBF;30;20251111;150000;11.417;11.423;11.414;11.418;48525
CNYRUBF;30;20251111;153000;11.417;11.418;11.397;11.398;119315
CNYRUBF;30;20251111;160000;11.4;11.4;11.349;11.35;288319
CNYRUBF;30;20251111;163000;11.351;11.373;11.34;11.353;124231
CNYRUBF;30;20251111;170000;11.353;11.353;11.325;11.342;133109
CNYRUBF;30;20251111;173000;11.343;11.363;11.342;11.352;59800
CNYRUBF;30;20251111;180000;11.352;11.374;11.347;11.363;94302
CNYRUBF;30;20251111;183000;11.363;11.365;11.347;11.365;42484
CNYRUBF;30;20251111;190000;11.358;11.363;11.345;11.347;27833
CNYRUBF;30;20251111;193000;11.349;11.358;11.347;11.356;3178
CNYRUBF;30;20251111;200000;11.356;11.366;11.355;11.36;4434
CNYRUBF;30;20251111;203000;11.36;11.365;11.356;11.36;3165
CNYRUBF;30;20251111;210000;11.359;11.361;11.357;11.36;779
CNYRUBF;30;20251111;213000;11.36;11.36;11.351;11.359;7787
CNYRUBF;30;20251111;220000;11.36;11.367;11.359;11.366;1200
CNYRUBF;30;20251111;223000;11.367;11.367;11.361;11.364;2594
CNYRUBF;30;20251111;230000;11.364;11.372;11.364;11.369;3555
CNYRUBF;30;20251111;233000;11.368;11.373;11.365;11.365;4814
CNYRUBF;30;20251112;090000;11.369;11.375;11.355;11.366;17516
CNYRUBF;30;20251112;093000;11.367;11.372;11.355;11.357;6685
CNYRUBF;30;20251112;100000;11.358;11.397;11.347;11.383;184886
CNYRUBF;30;20251112;103000;11.384;11.384;11.353;11.377;108013
CNYRUBF;30;20251112;110000;11.378;11.399;11.37;11.393;91704
CNYRUBF;30;20251112;113000;11.394;11.402;11.39;11.399;79343
CNYRUBF;30;20251112;120000;11.399;11.406;11.388;11.393;76468
CNYRUBF;30;20251112;123000;11.393;11.403;11.37;11.38;80265
CNYRUBF;30;20251112;130000;11.384;11.399;11.374;11.396;50332
CNYRUBF;30;20251112;133000;11.399;11.402;11.394;11.394;33427
CNYRUBF;30;20251112;140000;11.396;11.397;11.381;11.391;69780
CNYRUBF;30;20251112;143000;11.39;11.397;11.374;11.375;57836
CNYRUBF;30;20251112;150000;11.376;11.384;11.35;11.359;146666
CNYRUBF;30;20251112;153000;11.359;11.373;11.355;11.364;74734
CNYRUBF;30;20251112;160000;11.363;11.382;11.363;11.371;63685
CNYRUBF;30;20251112;163000;11.371;11.375;11.352;11.37;51256
CNYRUBF;30;20251112;170000;11.37;11.372;11.351;11.357;33112
CNYRUBF;30;20251112;173000;11.358;11.371;11.353;11.37;72630
CNYRUBF;30;20251112;180000;11.372;11.375;11.36;11.373;23258
CNYRUBF;30;20251112;183000;11.374;11.387;11.37;11.386;33483
CNYRUBF;30;20251112;190000;11.377;11.387;11.358;11.359;78010
CNYRUBF;30;20251112;193000;11.36;11.375;11.358;11.367;24146
CNYRUBF;30;20251112;200000;11.367;11.372;11.364;11.372;6254
CNYRUBF;30;20251112;203000;11.37;11.375;11.36;11.363;13499
CNYRUBF;30;20251112;210000;11.362;11.367;11.36;11.365;3924
CNYRUBF;30;20251112;213000;11.365;11.37;11.365;11.365;2184
CNYRUBF;30;20251112;220000;11.367;11.369;11.36;11.369;5974
CNYRUBF;30;20251112;223000;11.365;11.369;11.363;11.367;751
CNYRUBF;30;20251112;230000;11.367;11.374;11.367;11.368;5979
CNYRUBF;30;20251112;233000;11.368;11.373;11.364;11.369;4005
CNYRUBF;30;20251113;090000;11.367;11.374;11.358;11.359;19277
CNYRUBF;30;20251113;093000;11.359;11.359;11.303;11.33;141504
CNYRUBF;30;20251113;100000;11.329;11.369;11.328;11.355;258154
CNYRUBF;30;20251113;103000;11.354;11.36;11.334;11.349;145342
CNYRUBF;30;20251113;110000;11.349;11.351;11.335;11.342;64808
CNYRUBF;30;20251113;113000;11.344;11.344;11.314;11.317;91879
CNYRUBF;30;20251113;120000;11.317;11.336;11.302;11.333;187476
CNYRUBF;30;20251113;123000;11.332;11.334;11.322;11.324;106162
CNYRUBF;30;20251113;130000;11.324;11.333;11.317;11.321;73587
CNYRUBF;30;20251113;133000;11.322;11.323;11.313;11.317;70653
CNYRUBF;30;20251113;140000;11.318;11.318;11.297;11.309;131157
CNYRUBF;30;20251113;143000;11.308;11.315;11.305;11.312;131982
CNYRUBF;30;20251113;150000;11.314;11.333;11.301;11.33;74865
CNYRUBF;30;20251113;153000;11.33;11.343;11.326;11.333;42021
CNYRUBF;30;20251113;160000;11.334;11.34;11.331;11.34;19715
CNYRUBF;30;20251113;163000;11.339;11.37;11.338;11.363;160623
CNYRUBF;30;20251113;170000;11.364;11.368;11.341;11.346;65822
CNYRUBF;30;20251113;173000;11.345;11.349;11.341;11.347;18368
CNYRUBF;30;20251113;180000;11.347;11.365;11.346;11.364;38893
CNYRUBF;30;20251113;183000;11.363;11.372;11.363;11.368;35935
CNYRUBF;30;20251113;190000;11.371;11.378;11.365;11.374;14844
CNYRUBF;30;20251113;193000;11.374;11.375;11.365;11.366;2629
CNYRUBF;30;20251113;200000;11.366;11.372;11.361;11.372;4235
CNYRUBF;30;20251113;203000;11.372;11.373;11.364;11.365;2977
CNYRUBF;30;20251113;210000;11.364;11.367;11.361;11.367;2919
CNYRUBF;30;20251113;213000;11.367;11.373;11.367;11.372;4324
CNYRUBF;30;20251113;220000;11.371;11.371;11.365;11.365;3928
CNYRUBF;30;20251113;223000;11.365;11.368;11.364;11.368;1028
CNYRUBF;30;20251113;230000;11.368;11.371;11.365;11.366;4110
CNYRUBF;30;20251113;233000;11.365;11.381;11.364;11.381;8748
CNYRUBF;30;20251114;090000;11.372;11.448;11.37;11.426;117959
CNYRUBF;30;20251114;093000;11.426;11.48;11.421;11.427;195220
CNYRUBF;30;20251114;100000;11.425;11.442;11.414;11.433;190108
CNYRUBF;30;20251114;103000;11.433;11.458;11.419;11.44;272274
CNYRUBF;30;20251114;110000;11.44;11.46;11.415;11.426;210117
CNYRUBF;30;20251114;113000;11.427;11.432;11.4;11.411;156585
CNYRUBF;30;20251114;120000;11.411;11.419;11.39;11.4;101476
CNYRUBF;30;20251114;123000;11.4;11.409;11.383;11.387;78961
CNYRUBF;30;20251114;130000;11.39;11.4;11.375;11.376;64822
CNYRUBF;30;20251114;133000;11.376;11.392;11.376;11.385;51198
CNYRUBF;30;20251114;140000;11.386;11.399;11.377;11.389;119478
CNYRUBF;30;20251114;143000;11.39;11.406;11.382;11.401;170857
CNYRUBF;30;20251114;150000;11.399;11.41;11.385;11.408;212907
CNYRUBF;30;20251114;153000;11.407;11.411;11.383;11.404;50538
CNYRUBF;30;20251114;160000;11.404;11.411;11.384;11.388;58203
CNYRUBF;30;20251114;163000;11.389;11.397;11.378;11.38;25937
CNYRUBF;30;20251114;170000;11.379;11.394;11.378;11.385;66884
CNYRUBF;30;20251114;173000;11.383;11.402;11.379;11.391;45284
CNYRUBF;30;20251114;180000;11.392;11.403;11.388;11.393;76137
CNYRUBF;30;20251114;183000;11.394;11.394;11.383;11.386;17717
CNYRUBF;30;20251114;190000;11.39;11.399;11.388;11.39;9379
CNYRUBF;30;20251114;193000;11.39;11.391;11.388;11.39;1312
CNYRUBF;30;20251114;200000;11.389;11.393;11.387;11.391;5511
CNYRUBF;30;20251114;203000;11.391;11.394;11.387;11.393;2143
CNYRUBF;30;20251114;210000;11.394;11.396;11.39;11.392;2036
CNYRUBF;30;20251114;213000;11.395;11.395;11.39;11.391;914
CNYRUBF;30;20251114;220000;11.394;11.395;11.391;11.395;668
CNYRUBF;30;20251114;223000;11.395;11.401;11.392;11.395;11019
CNYRUBF;30;20251114;230000;11.395;11.404;11.395;11.4;5452
CNYRUBF;30;20251114;233000;11.399;11.409;11.396;11.396;4094
CNYRUBF;30;20251117;090000;11.392;11.439;11.392;11.428;53729
CNYRUBF;30;20251117;093000;11.428;11.434;11.415;11.421;18670
CNYRUBF;30;20251117;100000;11.42;11.422;11.36;11.396;196637
CNYRUBF;30;20251117;103000;11.398;11.427;11.391;11.422;141179
CNYRUBF;30;20251117;110000;11.423;11.441;11.423;11.429;87261
CNYRUBF;30;20251117;113000;11.43;11.435;11.425;11.432;40658
CNYRUBF;30;20251117;120000;11.433;11.437;11.407;11.41;96708
CNYRUBF;30;20251117;123000;11.413;11.426;11.405;11.416;62621
CNYRUBF;30;20251117;130000;11.416;11.418;11.407;11.41;10870
CNYRUBF;30;20251117;133000;11.409;11.413;11.4;11.413;44827
CNYRUBF;30;20251117;140000;11.411;11.413;11.404;11.407;13140
CNYRUBF;30;20251117;143000;11.407;11.414;11.386;11.392;49549
CNYRUBF;30;20251117;150000;11.39;11.399;11.386;11.387;35169
CNYRUBF;30;20251117;153000;11.387;11.408;11.384;11.402;37976
CNYRUBF;30;20251117;160000;11.402;11.41;11.382;11.383;45348
CNYRUBF;30;20251117;163000;11.387;11.39;11.377;11.377;39365
CNYRUBF;30;20251117;170000;11.376;11.398;11.364;11.386;88899
CNYRUBF;30;20251117;173000;11.385;11.387;11.371;11.371;43832
CNYRUBF;30;20251117;180000;11.371;11.383;11.366;11.375;80705
CNYRUBF;30;20251117;183000;11.375;11.377;11.368;11.369;22899
CNYRUBF;30;20251117;190000;11.367;11.388;11.367;11.385;15898
CNYRUBF;30;20251117;193000;11.385;11.388;11.375;11.382;8094
CNYRUBF;30;20251117;200000;11.383;11.39;11.383;11.387;3585
CNYRUBF;30;20251117;203000;11.387;11.389;11.385;11.385;1958
CNYRUBF;30;20251117;210000;11.387;11.39;11.387;11.389;1606
CNYRUBF;30;20251117;213000;11.389;11.39;11.388;11.39;1728
CNYRUBF;30;20251117;220000;11.39;11.396;11.389;11.395;5154
CNYRUBF;30;20251117;223000;11.395;11.399;11.391;11.395;5635
CNYRUBF;30;20251117;230000;11.397;11.399;11.389;11.395;4303
CNYRUBF;30;20251117;233000;11.391;11.402;11.389;11.402;10112
CNYRUBF;30;20251118;090000;11.399;11.41;11.377;11.389;34377
CNYRUBF;30;20251118;093000;11.389;11.393;11.379;11.385;19470
CNYRUBF;30;20251118;100000;11.384;11.389;11.352;11.367;147126
CNYRUBF;30;20251118;103000;11.368;11.381;11.355;11.373;85776
CNYRUBF;30;20251118;110000;11.376;11.417;11.373;11.399;208540
CNYRUBF;30;20251118;113000;11.398;11.409;11.394;11.4;80616
CNYRUBF;30;20251118;120000;11.399;11.41;11.386;11.392;62970
CNYRUBF;30;20251118;123000;11.392;11.405;11.386;11.401;25986
CNYRUBF;30;20251118;130000;11.401;11.404;11.391;11.396;25951
CNYRUBF;30;20251118;133000;11.396;11.397;11.382;11.392;50171
CNYRUBF;30;20251118;140000;11.392;11.394;11.374;11.38;26783
CNYRUBF;30;20251118;143000;11.379;11.388;11.376;11.385;31902
CNYRUBF;30;20251118;150000;11.382;11.383;11.372;11.373;20426
CNYRUBF;30;20251118;153000;11.372;11.377;11.365;11.377;63581
CNYRUBF;30;20251118;160000;11.377;11.379;11.364;11.372;35595
CNYRUBF;30;20251118;163000;11.371;11.392;11.371;11.382;48481
CNYRUBF;30;20251118;170000;11.383;11.384;11.373;11.374;51356
CNYRUBF;30;20251118;173000;11.376;11.393;11.373;11.392;27159
CNYRUBF;30;20251118;180000;11.393;11.399;11.389;11.394;29719
CNYRUBF;30;20251118;183000;11.394;11.397;11.386;11.391;21284
CNYRUBF;30;20251118;190000;11.391;11.397;11.383;11.397;9496
CNYRUBF;30;20251118;193000;11.395;11.397;11.387;11.389;3658
CNYRUBF;30;20251118;200000;11.39;11.393;11.387;11.387;1738
CNYRUBF;30;20251118;203000;11.389;11.392;11.381;11.385;6281
CNYRUBF;30;20251118;210000;11.386;11.39;11.383;11.386;6095
CNYRUBF;30;20251118;213000;11.385;11.396;11.385;11.394;5458
CNYRUBF;30;20251118;220000;11.392;11.397;11.392;11.393;2062
CNYRUBF;30;20251118;223000;11.393;11.395;11.392;11.394;1182
CNYRUBF;30;20251118;230000;11.393;11.393;11.385;11.39;4001
CNYRUBF;30;20251118;233000;11.385;11.398;11.385;11.385;2319
CNYRUBF;30;20251119;090000;11.39;11.4;11.384;11.387;16587
CNYRUBF;30;20251119;093000;11.387;11.388;11.377;11.379;9073
CNYRUBF;30;20251119;100000;11.382;11.384;11.362;11.375;87737
CNYRUBF;30;20251119;103000;11.375;11.394;11.364;11.364;83225
CNYRUBF;30;20251119;110000;11.366;11.367;11.34;11.351;178984
CNYRUBF;30;20251119;113000;11.351;11.361;11.341;11.352;81068
CNYRUBF;30;20251119;120000;11.351;11.36;11.341;11.352;32116
CNYRUBF;30;20251119;123000;11.351;11.351;11.336;11.342;108293
CNYRUBF;30;20251119;130000;11.342;11.349;11.34;11.341;36624
CNYRUBF;30;20251119;133000;11.341;11.355;11.337;11.349;55323
CNYRUBF;30;20251119;140000;11.351;11.355;11.345;11.352;29751
CNYRUBF;30;20251119;143000;11.352;11.353;11.328;11.34;95948
CNYRUBF;30;20251119;150000;11.342;11.347;11.338;11.343;76497
CNYRUBF;30;20251119;153000;11.341;11.344;11.307;11.315;97676
CNYRUBF;30;20251119;160000;11.314;11.328;11.287;11.322;135585
CNYRUBF;30;20251119;163000;11.32;11.335;11.31;11.318;39377
CNYRUBF;30;20251119;170000;11.317;11.317;11.298;11.301;57100
CNYRUBF;30;20251119;173000;11.301;11.312;11.288;11.3;102395
CNYRUBF;30;20251119;180000;11.298;11.309;11.291;11.295;57077
CNYRUBF;30;20251119;183000;11.294;11.294;11.261;11.281;99868
CNYRUBF;30;20251119;190000;11.282;11.306;11.282;11.305;32321
CNYRUBF;30;20251119;193000;11.305;11.305;11.285;11.287;9622
CNYRUBF;30;20251119;200000;11.286;11.294;11.285;11.289;2827
CNYRUBF;30;20251119;203000;11.29;11.294;11.283;11.292;4012
CNYRUBF;30;20251119;210000;11.292;11.302;11.287;11.301;9054
CNYRUBF;30;20251119;213000;11.302;11.316;11.3;11.302;9028
CNYRUBF;30;20251119;220000;11.302;11.307;11.301;11.304;2731
CNYRUBF;30;20251119;223000;11.301;11.321;11.301;11.315;12712
CNYRUBF;30;20251119;230000;11.315;11.321;11.307;11.311;4126
CNYRUBF;30;20251119;233000;11.311;11.321;11.308;11.308;6743
CNYRUBF;30;20251120;090000;11.31;11.334;11.283;11.318;54804
CNYRUBF;30;20251120;093000;11.318;11.332;11.316;11.321;18200
CNYRUBF;30;20251120;100000;11.321;11.337;11.308;11.319;142140
CNYRUBF;30;20251120;103000;11.319;11.331;11.318;11.325;67056
CNYRUBF;30;20251120;110000;11.325;11.325;11.306;11.312;64242
CNYRUBF;30;20251120;113000;11.312;11.318;11.301;11.305;61693
CNYRUBF;30;20251120;120000;11.304;11.304;11.263;11.281;165770
CNYRUBF;30;20251120;123000;11.282;11.287;11.271;11.277;43414
CNYRUBF;30;20251120;130000;11.277;11.287;11.271;11.273;25965
CNYRUBF;30;20251120;133000;11.273;11.281;11.265;11.281;54554
CNYRUBF;30;20251120;140000;11.278;11.282;11.255;11.267;69618
CNYRUBF;30;20251120;143000;11.268;11.284;11.262;11.284;135259
CNYRUBF;30;20251120;150000;11.284;11.289;11.267;11.278;178439
CNYRUBF;30;20251120;153000;11.276;11.287;11.272;11.272;58791
CNYRUBF;30;20251120;160000;11.271;11.273;11.247;11.253;75588
CNYRUBF;30;20251120;163000;11.251;11.252;11.228;11.234;90400
CNYRUBF;30;20251120;170000;11.233;11.233;11.208;11.217;108320
CNYRUBF;30;20251120;173000;11.215;11.22;11.192;11.217;108540
CNYRUBF;30;20251120;180000;11.215;11.229;11.199;11.21;109272
CNYRUBF;30;20251120;183000;11.21;11.21;11.191;11.2;55879
CNYRUBF;30;20251120;190000;11.205;11.227;11.203;11.211;79982
CNYRUBF;30;20251120;193000;11.214;11.219;11.205;11.216;7971
CNYRUBF;30;20251120;200000;11.216;11.217;11.202;11.215;11887
CNYRUBF;30;20251120;203000;11.215;11.222;11.18;11.187;22413
CNYRUBF;30;20251120;210000;11.187;11.202;11.161;11.183;68434
CNYRUBF;30;20251120;213000;11.183;11.192;11.161;11.168;62614
CNYRUBF;30;20251120;220000;11.167;11.17;11.153;11.163;21389
CNYRUBF;30;20251120;223000;11.161;11.164;11.15;11.15;17242
CNYRUBF;30;20251120;230000;11.151;11.162;11.147;11.149;16376
CNYRUBF;30;20251120;233000;11.152;11.158;11.147;11.153;9570
CNYRUBF;30;20251121;090000;11.161;11.179;11.155;11.165;76138
CNYRUBF;30;20251121;093000;11.165;11.179;11.141;11.162;78995
CNYRUBF;30;20251121;100000;11.163;11.178;11.025;11.04;594326
CNYRUBF;30;20251121;103000;11.041;11.064;11.039;11.054;224941
CNYRUBF;30;20251121;110000;11.054;11.058;11.042;11.049;94688
CNYRUBF;30;20251121;113000;11.049;11.053;11.031;11.053;119514
CNYRUBF;30;20251121;120000;11.053;11.098;11.051;11.089;137349
CNYRUBF;30;20251121;123000;11.09;11.09;11.075;11.08;31663
CNYRUBF;30;20251121;130000;11.081;11.097;11.075;11.089;37049
CNYRUBF;30;20251121;133000;11.089;11.09;11.078;11.086;51585
CNYRUBF;30;20251121;140000;11.085;11.086;11.074;11.074;29664
CNYRUBF;30;20251121;143000;11.075;11.079;11.061;11.073;111388
CNYRUBF;30;20251121;150000;11.073;11.089;11.07;11.074;117318
CNYRUBF;30;20251121;153000;11.073;11.106;11.068;11.078;124926
CNYRUBF;30;20251121;160000;11.077;11.091;11.075;11.09;43362
CNYRUBF;30;20251121;163000;11.09;11.119;11.088;11.117;94645
CNYRUBF;30;20251121;170000;11.116;11.12;11.11;11.113;58963
CNYRUBF;30;20251121;173000;11.112;11.118;11.109;11.113;68485
CNYRUBF;30;20251121;180000;11.113;11.127;11.109;11.112;93330
CNYRUBF;30;20251121;183000;11.112;11.112;11.079;11.09;91672
CNYRUBF;30;20251121;190000;11.095;11.129;11.095;11.11;25892
CNYRUBF;30;20251121;193000;11.111;11.118;11.109;11.113;11193
CNYRUBF;30;20251121;200000;11.113;11.118;11.092;11.1;7332
CNYRUBF;30;20251121;203000;11.1;11.107;11.086;11.101;10628
CNYRUBF;30;20251121;210000;11.101;11.103;11.098;11.1;1166
CNYRUBF;30;20251121;213000;11.103;11.105;11.098;11.098;2339
CNYRUBF;30;20251121;220000;11.101;11.107;11.1;11.106;2851
CNYRUBF;30;20251121;223000;11.106;11.11;11.094;11.101;4989
CNYRUBF;30;20251121;230000;11.101;11.107;11.098;11.107;10969
CNYRUBF;30;20251121;233000;11.107;11.117;11.106;11.109;3736
CNYRUBF;30;20251124;090000;11.081;11.102;11.064;11.097;62228
CNYRUBF;30;20251124;093000;11.097;11.11;11.085;11.101;27151
CNYRUBF;30;20251124;100000;11.098;11.131;11.031;11.065;278805
CNYRUBF;30;20251124;103000;11.065;11.096;11.063;11.088;122371
CNYRUBF;30;20251124;110000;11.085;11.09;11.065;11.074;60029
CNYRUBF;30;20251124;113000;11.072;11.087;11.067;11.083;31197
CNYRUBF;30;20251124;120000;11.082;11.087;11.058;11.071;84803
CNYRUBF;30;20251124;123000;11.071;11.076;11.068;11.069;19471
CNYRUBF;30;20251124;130000;11.068;11.07;11.057;11.059;42464
CNYRUBF;30;20251124;133000;11.059;11.059;11.018;11.021;153895
CNYRUBF;30;20251124;140000;11.021;11.035;11.019;11.025;60433
CNYRUBF;30;20251124;143000;11.024;11.052;11.022;11.04;138952
CNYRUBF;30;20251124;150000;11.042;11.066;11.037;11.053;104358
CNYRUBF;30;20251124;153000;11.052;11.063;11.045;11.056;53943
CNYRUBF;30;20251124;160000;11.056;11.062;11.046;11.05;20098
CNYRUBF;30;20251124;163000;11.049;11.053;11.027;11.04;53186
CNYRUBF;30;20251124;170000;11.039;11.046;11.031;11.032;30298
CNYRUBF;30;20251124;173000;11.032;11.048;11.027;11.042;27024
CNYRUBF;30;20251124;180000;11.042;11.051;11.027;11.033;56959
CNYRUBF;30;20251124;183000;11.033;11.033;11.025;11.027;17388
CNYRUBF;30;20251124;190000;11.029;11.044;11.028;11.029;10761
CNYRUBF;30;20251124;193000;11.029;11.033;11.01;11.019;24534
CNYRUBF;30;20251124;200000;11.019;11.04;11.012;11.034;13936
CNYRUBF;30;20251124;203000;11.033;11.036;11.023;11.035;4428
CNYRUBF;30;20251124;210000;11.035;11.035;11.023;11.029;4443
CNYRUBF;30;20251124;213000;11.03;11.034;11.023;11.029;3381
CNYRUBF;30;20251124;220000;11.029;11.033;11.025;11.032;4543
CNYRUBF;30;20251124;223000;11.031;11.037;11.031;11.036;4628
CNYRUBF;30;20251124;230000;11.037;11.05;11.037;11.048;9639
CNYRUBF;30;20251124;233000;11.049;11.051;11.035;11.041;5162
CNYRUBF;30;20251125;090000;11.05;11.058;11.035;11.038;20279
CNYRUBF;30;20251125;093000;11.038;11.053;11.033;11.036;24438
CNYRUBF;30;20251125;100000;11.038;11.071;11.025;11.067;293661
CNYRUBF;30;20251125;103000;11.067;11.099;11.057;11.09;252654
CNYRUBF;30;20251125;110000;11.09;11.099;11.072;11.081;92807
CNYRUBF;30;20251125;113000;11.082;11.093;11.074;11.089;90365
CNYRUBF;30;20251125;120000;11.089;11.097;11.066;11.084;53836
CNYRUBF;30;20251125;123000;11.084;11.094;11.081;11.093;15998
CNYRUBF;30;20251125;130000;11.092;11.147;11.091;11.13;228359
CNYRUBF;30;20251125;133000;11.131;11.174;11.128;11.169;181192
CNYRUBF;30;20251125;140000;11.166;11.166;11.141;11.148;97261
CNYRUBF;30;20251125;143000;11.149;11.157;11.124;11.133;67670
CNYRUBF;30;20251125;150000;11.132;11.16;11.131;11.152;73026
CNYRUBF;30;20251125;153000;11.152;11.155;11.126;11.144;136771
CNYRUBF;30;20251125;160000;11.146;11.149;11.134;11.136;49543
CNYRUBF;30;20251125;163000;11.136;11.137;11.111;11.132;119138
CNYRUBF;30;20251125;170000;11.132;11.132;11.105;11.108;66657
CNYRUBF;30;20251125;173000;11.107;11.111;11.095;11.095;117807
CNYRUBF;30;20251125;180000;11.095;11.106;11.092;11.094;50739
CNYRUBF;30;20251125;183000;11.094;11.094;11.085;11.089;32950
CNYRUBF;30;20251125;190000;11.095;11.096;11.069;11.08;36734
CNYRUBF;30;20251125;193000;11.081;11.092;11.077;11.085;9370
CNYRUBF;30;20251125;200000;11.083;11.101;11.082;11.088;20462
CNYRUBF;30;20251125;203000;11.091;11.099;11.083;11.089;9780
CNYRUBF;30;20251125;210000;11.088;11.102;11.085;11.101;3769
CNYRUBF;30;20251125;213000;11.101;11.12;11.098;11.107;16352
CNYRUBF;30;20251125;220000;11.104;11.119;11.104;11.109;6620
CNYRUBF;30;20251125;223000;11.11;11.116;11.095;11.1;11050
CNYRUBF;30;20251125;230000;11.101;11.111;11.098;11.107;6723
CNYRUBF;30;20251125;233000;11.107;11.115;11.104;11.105;10294
CNYRUBF;30;20251126;090000;11.111;11.116;11.101;11.106;13344
CNYRUBF;30;20251126;093000;11.107;11.11;11.089;11.1;14610
CNYRUBF;30;20251126;100000;11.099;11.13;11.064;11.081;154408
CNYRUBF;30;20251126;103000;11.08;11.108;11.068;11.088;83579
CNYRUBF;30;20251126;110000;11.086;11.09;11.081;11.083;57112
CNYRUBF;30;20251126;113000;11.082;11.111;11.08;11.09;82208
CNYRUBF;30;20251126;120000;11.089;11.092;11.075;11.087;131023
CNYRUBF;30;20251126;123000;11.09;11.09;11.077;11.082;52668
CNYRUBF;30;20251126;130000;11.081;11.081;11.075;11.076;43007
CNYRUBF;30;20251126;133000;11.075;11.08;11.06;11.074;105799
CNYRUBF;30;20251126;140000;11.071;11.079;11.069;11.076;29343
CNYRUBF;30;20251126;143000;11.075;11.098;11.073;11.092;34194
CNYRUBF;30;20251126;150000;11.091;11.093;11.076;11.084;20606
CNYRUBF;30;20251126;153000;11.083;11.09;11.079;11.088;23115
CNYRUBF;30;20251126;160000;11.088;11.088;11.075;11.078;18833
CNYRUBF;30;20251126;163000;11.077;11.09;11.076;11.082;22954
CNYRUBF;30;20251126;170000;11.081;11.098;11.077;11.089;40395
CNYRUBF;30;20251126;173000;11.089;11.095;11.079;11.086;38115
CNYRUBF;30;20251126;180000;11.087;11.093;11.083;11.083;31085
CNYRUBF;30;20251126;183000;11.084;11.093;11.078;11.09;24543
CNYRUBF;30;20251126;190000;11.094;11.11;11.081;11.083;22195
CNYRUBF;30;20251126;193000;11.084;11.089;11.075;11.08;10595
CNYRUBF;30;20251126;200000;11.077;11.09;11.077;11.084;2691
CNYRUBF;30;20251126;203000;11.084;11.092;11.083;11.088;7498
CNYRUBF;30;20251126;210000;11.087;11.09;11.08;11.085;5235
CNYRUBF;30;20251126;213000;11.088;11.095;11.086;11.09;3550
CNYRUBF;30;20251126;220000;11.092;11.093;11.087;11.09;1232
CNYRUBF;30;20251126;223000;11.09;11.094;11.087;11.093;1579
CNYRUBF;30;20251126;230000;11.091;11.093;11.086;11.089;1451
CNYRUBF;30;20251126;233000;11.089;11.095;11.086;11.091;4925
CNYRUBF;30;20251127;090000;11.087;11.098;11.081;11.087;29807
CNYRUBF;30;20251127;093000;11.087;11.087;11.06;11.062;63898
CNYRUBF;30;20251127;100000;11.065;11.067;11.034;11.048;203486
CNYRUBF;30;20251127;103000;11.048;11.058;11.042;11.048;90565
CNYRUBF;30;20251127;110000;11.048;11.048;11.021;11.026;138393
CNYRUBF;30;20251127;113000;11.026;11.038;11.01;11.014;113285
CNYRUBF;30;20251127;120000;11.013;11.029;11.012;11.017;45871
CNYRUBF;30;20251127;123000;11.019;11.026;11.004;11.019;80281
CNYRUBF;30;20251127;130000;11.019;11.022;11.011;11.02;30864
CNYRUBF;30;20251127;133000;11.021;11.036;11.019;11.031;56795
CNYRUBF;30;20251127;140000;11.032;11.048;11.032;11.042;97496
CNYRUBF;30;20251127;143000;11.042;11.051;11.04;11.044;43512
CNYRUBF;30;20251127;150000;11.045;11.053;11.04;11.045;152884
CNYRUBF;30;20251127;153000;11.045;11.047;11.04;11.042;116176
CNYRUBF;30;20251127;160000;11.043;11.047;11.04;11.043;165042
CNYRUBF;30;20251127;163000;11.042;11.047;11.026;11.035;63605
CNYRUBF;30;20251127;170000;11.036;11.04;11.027;11.036;50120
CNYRUBF;30;20251127;173000;11.036;11.055;11.036;11.045;127092
CNYRUBF;30;20251127;180000;11.045;11.047;11.017;11.028;95181
CNYRUBF;30;20251127;183000;11.028;11.028;11.012;11.024;65935
CNYRUBF;30;20251127;190000;11.026;11.041;11.025;11.031;20641
CNYRUBF;30;20251127;193000;11.032;11.039;11.023;11.025;10391
CNYRUBF;30;20251127;200000;11.023;11.032;11.017;11.027;25255
CNYRUBF;30;20251127;203000;11.027;11.036;11.027;11.034;2517
CNYRUBF;30;20251127;210000;11.033;11.035;11.03;11.032;3702
CNYRUBF;30;20251127;213000;11.033;11.035;11.028;11.03;6660
CNYRUBF;30;20251127;220000;11.03;11.034;11.03;11.031;1155
CNYRUBF;30;20251127;223000;11.033;11.033;11.023;11.03;4336
CNYRUBF;30;20251127;230000;11.029;11.031;11.026;11.026;3210
CNYRUBF;30;20251127;233000;11.026;11.03;11.025;11.029;2890
CNYRUBF;30;20251128;090000;11.03;11.05;11.026;11.046;46524
CNYRUBF;30;20251128;093000;11.045;11.073;11.036;11.062;63438
CNYRUBF;30;20251128;100000;11.061;11.081;11.035;11.046;160203
CNYRUBF;30;20251128;103000;11.046;11.05;11.021;11.028;112216
CNYRUBF;30;20251128;110000;11.028;11.031;11.005;11.021;110311
CNYRUBF;30;20251128;113000;11.02;11.034;11.01;11.028;105029
CNYRUBF;30;20251128;120000;11.027;11.039;11.019;11.023;135031
CNYRUBF;30;20251128;123000;11.023;11.034;11.021;11.029;74801
CNYRUBF;30;20251128;130000;11.029;11.03;11.013;11.019;76911
CNYRUBF;30;20251128;133000;11.018;11.029;11.011;11.026;53458
CNYRUBF;30;20251128;140000;11.027;11.032;11.021;11.025;44679
CNYRUBF;30;20251128;143000;11.023;11.034;11.021;11.028;41445
CNYRUBF;30;20251128;150000;11.027;11.036;11.02;11.034;82833
CNYRUBF;30;20251128;153000;11.033;11.035;11.015;11.019;54477
CNYRUBF;30;20251128;160000;11.019;11.019;10.995;11.001;84124
CNYRUBF;30;20251128;163000;11.002;11.01;10.971;10.988;224029
CNYRUBF;30;20251128;170000;10.987;10.989;10.959;10.967;165523
CNYRUBF;30;20251128;173000;10.965;10.969;10.929;10.942;228054
CNYRUBF;30;20251128;180000;10.944;10.957;10.928;10.929;161859
CNYRUBF;30;20251128;183000;10.93;10.936;10.901;10.929;155870
CNYRUBF;30;20251128;190000;10.927;10.947;10.921;10.939;61998
CNYRUBF;30;20251128;193000;10.939;10.953;10.936;10.943;49694
CNYRUBF;30;20251128;200000;10.943;10.944;10.937;10.941;7523
CNYRUBF;30;20251128;203000;10.942;10.948;10.941;10.943;8278
CNYRUBF;30;20251128;210000;10.943;10.943;10.934;10.939;6838
CNYRUBF;30;20251128;213000;10.938;10.941;10.936;10.939;9694
CNYRUBF;30;20251128;220000;10.937;10.94;10.935;10.94;10668
CNYRUBF;30;20251128;223000;10.94;10.941;10.915;10.915;55307
CNYRUBF;30;20251128;230000;10.916;10.929;10.915;10.928;20171
CNYRUBF;30;20251128;233000;10.928;10.931;10.916;10.916;8686
CNYRUBF;30;20251201;090000;10.925;10.955;10.924;10.925;51132
CNYRUBF;30;20251201;093000;10.925;10.966;10.919;10.963;67239
CNYRUBF;30;20251201;100000;10.965;10.993;10.946;10.955;268917
CNYRUBF;30;20251201;103000;10.956;10.977;10.945;10.95;97884
CNYRUBF;30;20251201;110000;10.95;10.963;10.948;10.954;53012
CNYRUBF;30;20251201;113000;10.955;10.959;10.952;10.955;55880
CNYRUBF;30;20251201;120000;10.956;10.979;10.955;10.971;218081
CNYRUBF;30;20251201;123000;10.972;10.974;10.96;10.963;78282
CNYRUBF;30;20251201;130000;10.963;10.964;10.95;10.955;155010
CNYRUBF;30;20251201;133000;10.955;10.972;10.955;10.96;86026
CNYRUBF;30;20251201;140000;10.961;10.971;10.961;10.969;79039
CNYRUBF;30;20251201;143000;10.969;10.972;10.964;10.964;23095
CNYRUBF;30;20251201;150000;10.965;10.978;10.962;10.976;54186
CNYRUBF;30;20251201;153000;10.976;10.981;10.971;10.978;69183
CNYRUBF;30;20251201;160000;10.978;10.988;10.972;10.977;94709
CNYRUBF;30;20251201;163000;10.977;10.978;10.95;10.959;75483
CNYRUBF;30;20251201;170000;10.96;10.971;10.954;10.965;40476
CNYRUBF;30;20251201;173000;10.966;10.973;10.959;10.969;27665
CNYRUBF;30;20251201;180000;10.97;10.97;10.952;10.964;44851
CNYRUBF;30;20251201;183000;10.964;10.97;10.956;10.962;42322
CNYRUBF;30;20251201;190000;10.967;10.988;10.949;10.954;48065
CNYRUBF;30;20251201;193000;10.954;10.967;10.953;10.967;4813
CNYRUBF;30;20251201;200000;10.967;10.974;10.965;10.97;5530
CNYRUBF;30;20251201;203000;10.972;10.973;10.966;10.971;3530
CNYRUBF;30;20251201;210000;10.971;10.972;10.93;10.932;51935
CNYRUBF;30;20251201;213000;10.931;10.944;10.92;10.931;48815
CNYRUBF;30;20251201;220000;10.93;10.936;10.924;10.932;7188
CNYRUBF;30;20251201;223000;10.933;10.945;10.931;10.939;3582
CNYRUBF;30;20251201;230000;10.937;10.95;10.936;10.95;4233
CNYRUBF;30;20251201;233000;10.949;10.952;10.94;10.94;6410
CNYRUBF;30;20251202;090000;10.946;10.949;10.926;10.944;25431
CNYRUBF;30;20251202;093000;10.942;10.949;10.936;10.944;10791
CNYRUBF;30;20251202;100000;10.945;10.949;10.92;10.941;116190
CNYRUBF;30;20251202;103000;10.94;10.959;10.935;10.95;97983
CNYRUBF;30;20251202;110000;10.95;10.962;10.938;10.943;85266
CNYRUBF;30;20251202;113000;10.942;10.945;10.936;10.941;29139
CNYRUBF;30;20251202;120000;10.942;10.944;10.935;10.938;23601
CNYRUBF;30;20251202;123000;10.937;10.943;10.932;10.939;21202
CNYRUBF;30;20251202;130000;10.939;10.941;10.935;10.939;20712
CNYRUBF;30;20251202;133000;10.938;10.945;10.936;10.938;27114
CNYRUBF;30;20251202;140000;10.937;10.94;10.902;10.907;166766
CNYRUBF;30;20251202;143000;10.907;10.917;10.901;10.912;163709
CNYRUBF;30;20251202;150000;10.912;10.932;10.908;10.93;127035
CNYRUBF;30;20251202;153000;10.931;10.932;10.908;10.914;44035
CNYRUBF;30;20251202;160000;10.914;10.917;10.903;10.912;47031
CNYRUBF;30;20251202;163000;10.912;10.929;10.912;10.928;131256
CNYRUBF;30;20251202;170000;10.929;10.935;10.917;10.927;53503
CNYRUBF;30;20251202;173000;10.926;10.93;10.917;10.927;40754
CNYRUBF;30;20251202;180000;10.928;11.034;10.928;10.976;415016
CNYRUBF;30;20251202;183000;10.976;10.98;10.968;10.974;42891
CNYRUBF;30;20251202;190000;10.973;11.015;10.973;10.99;68514
CNYRUBF;30;20251202;193000;10.989;11.002;10.989;10.999;15160
CNYRUBF;30;20251202;200000;10.999;11.012;10.998;11.01;8473
CNYRUBF;30;20251202;203000;11.009;11.009;10.968;10.984;39585
CNYRUBF;30;20251202;210000;10.984;10.99;10.969;10.979;6782
CNYRUBF;30;20251202;213000;10.975;10.978;10.951;10.965;20788
CNYRUBF;30;20251202;220000;10.964;10.977;10.957;10.965;9206
CNYRUBF;30;20251202;223000;10.968;10.974;10.965;10.968;4151
CNYRUBF;30;20251202;230000;10.965;10.97;10.958;10.965;7692
CNYRUBF;30;20251202;233000;10.964;10.974;10.964;10.969;4495
CNYRUBF;30;20251203;090000;10.983;11.05;10.982;11.009;98643
CNYRUBF;30;20251203;093000;11.008;11.062;11.008;11.05;159466
CNYRUBF;30;20251203;100000;11.051;11.054;11.005;11.015;295056
CNYRUBF;30;20251203;103000;11.015;11.016;11.005;11.016;73962
CNYRUBF;30;20251203;110000;11.016;11.02;11.001;11.008;86529
CNYRUBF;30;20251203;113000;11.009;11.009;10.987;11.006;126662
CNYRUBF;30;20251203;120000;11.006;11.008;10.951;10.966;261844
CNYRUBF;30;20251203;123000;10.967;10.967;10.95;10.961;146933
CNYRUBF;30;20251203;130000;10.962;10.963;10.939;10.957;208016
CNYRUBF;30;20251203;133000;10.958;10.973;10.954;10.97;111406
CNYRUBF;30;20251203;140000;10.973;10.987;10.966;10.969;59154
CNYRUBF;30;20251203;143000;10.969;10.979;10.967;10.976;78849
CNYRUBF;30;20251203;150000;10.976;10.979;10.964;10.965;168747
CNYRUBF;30;20251203;153000;10.965;10.968;10.954;10.962;76158
CNYRUBF;30;20251203;160000;10.962;10.971;10.944;10.96;147520
CNYRUBF;30;20251203;163000;10.96;10.97;10.957;10.958;140205
CNYRUBF;30;20251203;170000;10.957;10.971;10.951;10.958;108515
CNYRUBF;30;20251203;173000;10.959;10.959;10.93;10.934;184206
CNYRUBF;30;20251203;180000;10.934;10.934;10.865;10.881;495744
CNYRUBF;30;20251203;183000;10.882;10.89;10.872;10.885;131071
CNYRUBF;30;20251203;190000;10.885;10.892;10.861;10.862;69990
CNYRUBF;30;20251203;193000;10.863;10.872;10.853;10.868;67787
CNYRUBF;30;20251203;200000;10.868;10.868;10.835;10.849;42588
CNYRUBF;30;20251203;203000;10.846;10.866;10.845;10.862;20158
CNYRUBF;30;20251203;210000;10.861;10.862;10.856;10.856;6898
CNYRUBF;30;20251203;213000;10.859;10.87;10.857;10.865;14136
CNYRUBF;30;20251203;220000;10.868;10.873;10.866;10.871;15748
CNYRUBF;30;20251203;223000;10.87;10.874;10.866;10.871;5977
CNYRUBF;30;20251203;230000;10.87;10.873;10.868;10.872;1864
CNYRUBF;30;20251203;233000;10.872;10.876;10.867;10.869;4753
CNYRUBF;30;20251204;090000;10.869;10.875;10.836;10.842;82276
CNYRUBF;30;20251204;093000;10.841;10.845;10.822;10.844;71657
CNYRUBF;30;20251204;100000;10.844;10.864;10.77;10.862;457700
CNYRUBF;30;20251204;103000;10.86;10.872;10.851;10.864;147989
CNYRUBF;30;20251204;110000;10.865;10.875;10.855;10.865;129185
CNYRUBF;30;20251204;113000;10.865;10.876;10.844;10.871;100772
CNYRUBF;30;20251204;120000;10.87;10.873;10.863;10.864;66302
CNYRUBF;30;20251204;123000;10.864;10.885;10.863;10.883;173181
CNYRUBF;30;20251204;130000;10.883;10.89;10.837;10.849;443189
CNYRUBF;30;20251204;133000;10.851;10.865;10.85;10.859;97533
CNYRUBF;30;20251204;140000;10.86;10.87;10.858;10.864;85756
CNYRUBF;30;20251204;143000;10.865;10.876;10.864;10.87;55489
CNYRUBF;30;20251204;150000;10.87;10.89;10.858;10.87;119911
CNYRUBF;30;20251204;153000;10.871;10.879;10.864;10.868;93744
CNYRUBF;30;20251204;160000;10.869;10.874;10.811;10.813;270543
CNYRUBF;30;20251204;163000;10.813;10.835;10.78;10.784;211859
CNYRUBF;30;20251204;170000;10.784;10.794;10.703;10.743;426735
CNYRUBF;30;20251204;173000;10.743;10.776;10.739;10.756;176459
CNYRUBF;30;20251204;180000;10.757;10.766;10.735;10.739;133158
CNYRUBF;30;20251204;183000;10.74;10.747;10.726;10.731;68749
CNYRUBF;30;20251204;190000;10.729;10.747;10.722;10.723;45824
CNYRUBF;30;20251204;193000;10.723;10.732;10.705;10.709;69000
CNYRUBF;30;20251204;200000;10.709;10.71;10.663;10.694;156778
CNYRUBF;30;20251204;203000;10.694;10.714;10.681;10.703;60082
CNYRUBF;30;20251204;210000;10.704;10.704;10.675;10.676;29570
CNYRUBF;30;20251204;213000;10.675;10.679;10.65;10.668;68113
CNYRUBF;30;20251204;220000;10.668;10.67;10.65;10.663;21745
CNYRUBF;30;20251204;223000;10.662;10.668;10.657;10.667;9451
CNYRUBF;30;20251204;230000;10.668;10.69;10.665;10.684;24890
CNYRUBF;30;20251204;233000;10.682;10.687;10.675;10.675;7420
CNYRUBF;30;20251205;090000;10.667;10.689;10.649;10.656;108657
CNYRUBF;30;20251205;093000;10.656;10.658;10.603;10.627;218304
CNYRUBF;30;20251205;100000;10.628;10.733;10.624;10.708;511770
CNYRUBF;30;20251205;103000;10.709;10.753;10.704;10.732;278764
CNYRUBF;30;20251205;110000;10.731;10.742;10.712;10.74;126106
CNYRUBF;30;20251205;113000;10.74;10.748;10.714;10.722;151052
CNYRUBF;30;20251205;120000;10.722;10.728;10.69;10.71;166241
CNYRUBF;30;20251205;123000;10.711;10.723;10.702;10.711;60915
CNYRUBF;30;20251205;130000;10.71;10.733;10.707;10.732;150826
CNYRUBF;30;20251205;133000;10.733;10.842;10.728;10.818;543086
CNYRUBF;30;20251205;140000;10.817;10.856;10.806;10.855;221538
CNYRUBF;30;20251205;143000;10.852;10.881;10.836;10.857;290535
CNYRUBF;30;20251205;150000;10.857;10.871;10.805;10.837;198177
CNYRUBF;30;20251205;153000;10.838;10.845;10.812;10.824;142176
CNYRUBF;30;20251205;160000;10.824;10.844;10.804;10.814;111180
CNYRUBF;30;20251205;163000;10.815;10.833;10.799;10.828;145445
CNYRUBF;30;20251205;170000;10.826;10.834;10.807;10.813;115512
CNYRUBF;30;20251205;173000;10.813;10.818;10.775;10.807;191552
CNYRUBF;30;20251205;180000;10.805;10.816;10.764;10.789;149324
CNYRUBF;30;20251205;183000;10.789;10.8;10.782;10.788;53453
CNYRUBF;30;20251205;190000;10.783;10.808;10.779;10.796;33302
CNYRUBF;30;20251205;193000;10.796;10.803;10.79;10.798;11306
CNYRUBF;30;20251205;200000;10.798;10.819;10.794;10.802;23952
CNYRUBF;30;20251205;203000;10.805;10.813;10.801;10.809;5243
CNYRUBF;30;20251205;210000;10.81;10.815;10.809;10.81;2302
CNYRUBF;30;20251205;213000;10.81;10.812;10.798;10.802;6690
CNYRUBF;30;20251205;220000;10.802;10.815;10.796;10.811;5001
CNYRUBF;30;20251205;223000;10.812;10.813;10.808;10.81;4957
CNYRUBF;30;20251205;230000;10.809;10.817;10.807;10.817;4901
CNYRUBF;30;20251205;233000;10.816;10.846;10.815;10.84;19251
CNYRUBF;30;20251208;090000;10.84;10.93;10.819;10.88;190583
CNYRUBF;30;20251208;093000;10.88;10.887;10.84;10.876;98418
CNYRUBF;30;20251208;100000;10.877;10.884;10.82;10.836;246005
CNYRUBF;30;20251208;103000;10.836;10.84;10.799;10.838;223659
CNYRUBF;30;20251208;110000;10.838;10.847;10.823;10.83;124251
CNYRUBF;30;20251208;113000;10.829;10.861;10.828;10.855;138226
CNYRUBF;30;20251208;120000;10.855;10.861;10.815;10.836;89146
CNYRUBF;30;20251208;123000;10.836;10.849;10.816;10.836;103131
CNYRUBF;30;20251208;130000;10.837;10.842;10.817;10.822;61238
CNYRUBF;30;20251208;133000;10.821;10.83;10.808;10.826;65243
CNYRUBF;30;20251208;140000;10.828;10.845;10.822;10.836;58999
CNYRUBF;30;20251208;143000;10.836;10.839;10.817;10.819;44593
CNYRUBF;30;20251208;150000;10.818;10.832;10.811;10.829;63471
CNYRUBF;30;20251208;153000;10.829;10.841;10.814;10.814;53851
CNYRUBF;30;20251208;160000;10.813;10.824;10.809;10.812;53934
CNYRUBF;30;20251208;163000;10.811;10.822;10.774;10.778;193802
CNYRUBF;30;20251208;170000;10.777;10.792;10.765;10.787;107364
CNYRUBF;30;20251208;173000;10.787;10.819;10.768;10.817;105732
CNYRUBF;30;20251208;180000;10.817;10.832;10.79;10.791;103732
CNYRUBF;30;20251208;183000;10.791;10.805;10.785;10.795;67836
CNYRUBF;30;20251208;190000;10.794;10.829;10.794;10.821;32406
CNYRUBF;30;20251208;193000;10.821;10.823;10.815;10.819;7910
CNYRUBF;30;20251208;200000;10.819;10.82;10.816;10.82;5760
CNYRUBF;30;20251208;203000;10.82;10.823;10.814;10.814;4884
CNYRUBF;30;20251208;210000;10.814;10.849;10.813;10.842;35781
CNYRUBF;30;20251208;213000;10.844;10.844;10.828;10.829;5867
CNYRUBF;30;20251208;220000;10.829;10.841;10.824;10.835;3578
CNYRUBF;30;20251208;223000;10.832;10.84;10.831;10.839;2698
CNYRUBF;30;20251208;230000;10.836;10.84;10.831;10.837;4251
CNYRUBF;30;20251208;233000;10.837;10.842;10.832;10.84;6063
CNYRUBF;30;20251209;090000;10.843;10.863;10.809;10.817;94762
CNYRUBF;30;20251209;093000;10.818;10.835;10.818;10.831;33940
CNYRUBF;30;20251209;100000;10.832;10.848;10.82;10.831;175835
CNYRUBF;30;20251209;103000;10.831;10.835;10.808;10.811;99729
CNYRUBF;30;20251209;110000;10.812;10.816;10.799;10.813;52128
CNYRUBF;30;20251209;113000;10.812;10.822;10.809;10.821;48443
CNYRUBF;30;20251209;120000;10.821;10.825;10.815;10.821;65117
CNYRUBF;30;20251209;123000;10.821;10.847;10.821;10.841;90958
CNYRUBF;30;20251209;130000;10.843;10.86;10.836;10.845;104373
CNYRUBF;30;20251209;133000;10.846;10.849;10.839;10.849;72694
CNYRUBF;30;20251209;140000;10.848;10.854;10.84;10.851;61803
CNYRUBF;30;20251209;143000;10.85;10.911;10.832;10.898;205803
CNYRUBF;30;20251209;150000;10.899;10.926;10.89;10.9;235730
CNYRUBF;30;20251209;153000;10.9;10.916;10.888;10.898;98706
CNYRUBF;30;20251209;160000;10.898;10.912;10.883;10.894;101719
CNYRUBF;30;20251209;163000;10.894;10.906;10.885;10.902;56485
CNYRUBF;30;20251209;170000;10.904;10.906;10.889;10.89;61626
CNYRUBF;30;20251209;173000;10.891;10.97;10.884;10.966;324350
CNYRUBF;30;20251209;180000;10.967;10.991;10.948;10.971;264189
CNYRUBF;30;20251209;183000;10.969;10.993;10.959;10.97;98065
CNYRUBF;30;20251209;190000;10.969;11;10.964;10.994;45965
CNYRUBF;30;20251209;193000;10.99;10.995;10.975;10.98;17456
CNYRUBF;30;20251209;200000;10.978;10.99;10.976;10.982;19623
CNYRUBF;30;20251209;203000;10.981;10.991;10.977;10.991;15260
CNYRUBF;30;20251209;210000;10.989;10.993;10.979;10.991;9988
CNYRUBF;30;20251209;213000;10.99;10.993;10.98;10.982;10275
CNYRUBF;30;20251209;220000;10.986;10.988;10.952;10.957;41275
CNYRUBF;30;20251209;223000;10.958;10.96;10.942;10.949;31998
CNYRUBF;30;20251209;230000;10.948;10.955;10.945;10.951;8338
CNYRUBF;30;20251209;233000;10.951;10.955;10.947;10.952;3513
CNYRUBF;30;20251210;090000;10.951;10.991;10.948;10.99;54949
CNYRUBF;30;20251210;093000;10.992;11.018;10.982;10.994;116089
CNYRUBF;30;20251210;100000;10.995;11.006;10.951;10.96;243829
CNYRUBF;30;20251210;103000;10.96;10.962;10.946;10.952;138514
CNYRUBF;30;20251210;110000;10.95;10.966;10.921;10.932;131607
CNYRUBF;30;20251210;113000;10.931;10.945;10.926;10.931;50691
CNYRUBF;30;20251210;120000;10.931;10.948;10.929;10.939;43519
CNYRUBF;30;20251210;123000;10.939;10.949;10.929;10.945;53404
CNYRUBF;30;20251210;130000;10.943;10.975;10.943;10.974;82921
CNYRUBF;30;20251210;133000;10.974;10.994;10.97;10.978;93461
CNYRUBF;30;20251210;140000;10.982;11.01;10.98;10.997;135770
CNYRUBF;30;20251210;143000;10.996;11.022;10.994;11.019;135677
CNYRUBF;30;20251210;150000;11.02;11.029;11;11.013;144433
CNYRUBF;30;20251210;153000;11.015;11.059;11.006;11.049;457524
CNYRUBF;30;20251210;160000;11.049;11.07;11.045;11.063;144941
CNYRUBF;30;20251210;163000;11.063;11.069;11.046;11.056;72976
CNYRUBF;30;20251210;170000;11.058;11.063;11.034;11.035;116747
CNYRUBF;30;20251210;173000;11.037;11.119;11.034;11.111;199523
CNYRUBF;30;20251210;180000;11.112;11.182;11.112;11.172;343501
CNYRUBF;30;20251210;183000;11.173;11.19;11.138;11.171;280312
CNYRUBF;30;20251210;190000;11.174;11.188;11.152;11.163;58532
CNYRUBF;30;20251210;193000;11.164;11.166;11.156;11.16;21143
CNYRUBF;30;20251210;200000;11.16;11.163;11.157;11.159;9223
CNYRUBF;30;20251210;203000;11.16;11.163;11.157;11.158;15839
CNYRUBF;30;20251210;210000;11.159;11.162;11.153;11.156;10491
CNYRUBF;30;20251210;213000;11.155;11.155;11.142;11.148;33517
CNYRUBF;30;20251210;220000;11.148;11.158;11.144;11.158;20366
CNYRUBF;30;20251210;223000;11.158;11.159;11.148;11.157;10192
CNYRUBF;30;20251210;230000;11.155;11.162;11.151;11.159;10801
CNYRUBF;30;20251210;233000;11.158;11.166;11.152;11.161;13071
CNYRUBF;30;20251211;090000;11.149;11.174;11.145;11.173;41138
CNYRUBF;30;20251211;093000;11.172;11.175;11.165;11.169;34360
CNYRUBF;30;20251211;100000;11.17;11.172;11.096;11.117;384459
CNYRUBF;30;20251211;103000;11.116;11.163;11.107;11.159;233929
CNYRUBF;30;20251211;110000;11.159;11.266;11.159;11.238;518434
CNYRUBF;30;20251211;113000;11.24;11.242;11.219;11.232;186022
CNYRUBF;30;20251211;120000;11.231;11.258;11.217;11.242;176491
CNYRUBF;30;20251211;123000;11.24;11.256;11.22;11.223;91613
CNYRUBF;30;20251211;130000;11.223;11.244;11.209;11.225;119237
CNYRUBF;30;20251211;133000;11.227;11.251;11.214;11.233;105876
CNYRUBF;30;20251211;140000;11.234;11.254;11.217;11.222;99611
CNYRUBF;30;20251211;143000;11.222;11.249;11.222;11.246;87488
CNYRUBF;30;20251211;150000;11.244;11.25;11.237;11.242;58404
CNYRUBF;30;20251211;153000;11.242;11.243;11.219;11.23;215793
CNYRUBF;30;20251211;160000;11.231;11.245;11.201;11.212;204689
CNYRUBF;30;20251211;163000;11.212;11.246;11.2;11.246;203016
CNYRUBF;30;20251211;170000;11.246;11.297;11.233;11.282;295880
CNYRUBF;30;20251211;173000;11.282;11.301;11.265;11.279;197014
CNYRUBF;30;20251211;180000;11.28;11.287;11.266;11.275;152884
CNYRUBF;30;20251211;183000;11.275;11.28;11.241;11.241;161200
CNYRUBF;30;20251211;190000;11.245;11.259;11.22;11.238;62349
CNYRUBF;30;20251211;193000;11.238;11.253;11.22;11.237;40446
CNYRUBF;30;20251211;200000;11.237;11.265;11.233;11.265;13128
CNYRUBF;30;20251211;203000;11.264;11.265;11.244;11.257;11359
CNYRUBF;30;20251211;210000;11.258;11.272;11.249;11.257;18929
CNYRUBF;30;20251211;213000;11.257;11.27;11.253;11.259;5054
CNYRUBF;30;20251211;220000;11.256;11.264;11.244;11.251;7322
CNYRUBF;30;20251211;223000;11.251;11.254;11.241;11.241;5002
CNYRUBF;30;20251211;230000;11.241;11.252;11.234;11.25;6028
CNYRUBF;30;20251211;233000;11.248;11.253;11.24;11.24;4722
CNYRUBF;30;20251212;090000;11.24;11.244;11.203;11.219;84769
CNYRUBF;30;20251212;093000;11.22;11.235;11.209;11.215;61153
CNYRUBF;30;20251212;100000;11.215;11.275;11.193;11.264;323390
CNYRUBF;30;20251212;103000;11.263;11.275;11.26;11.27;139607
CNYRUBF;30;20251212;110000;11.269;11.305;11.269;11.291;138579
CNYRUBF;30;20251212;113000;11.29;11.299;11.28;11.293;92426
CNYRUBF;30;20251212;120000;11.294;11.304;11.28;11.29;105759
CNYRUBF;30;20251212;123000;11.289;11.3;11.288;11.3;41378
CNYRUBF;30;20251212;130000;11.298;11.305;11.284;11.299;120346
CNYRUBF;30;20251212;133000;11.3;11.302;11.292;11.296;26380
CNYRUBF;30;20251212;140000;11.295;11.303;11.268;11.283;91807
CNYRUBF;30;20251212;143000;11.283;11.286;11.272;11.28;77973
CNYRUBF;30;20251212;150000;11.28;11.292;11.272;11.288;29659
CNYRUBF;30;20251212;153000;11.288;11.291;11.278;11.287;32586
CNYRUBF;30;20251212;160000;11.288;11.291;11.268;11.281;44693
CNYRUBF;30;20251212;163000;11.281;11.286;11.27;11.276;54200
CNYRUBF;30;20251212;170000;11.277;11.28;11.243;11.244;141597
CNYRUBF;30;20251212;173000;11.244;11.251;11.227;11.235;186367
CNYRUBF;30;20251212;180000;11.235;11.242;11.181;11.23;228504
CNYRUBF;30;20251212;183000;11.23;11.247;11.198;11.225;105585
CNYRUBF;30;20251212;190000;11.226;11.265;11.221;11.227;34881
CNYRUBF;30;20251212;193000;11.227;11.251;11.227;11.238;24239
CNYRUBF;30;20251212;200000;11.238;11.238;11.21;11.219;26609
CNYRUBF;30;20251212;203000;11.222;11.238;11.219;11.232;12111
CNYRUBF;30;20251212;210000;11.231;11.239;11.231;11.237;11146
CNYRUBF;30;20251212;213000;11.237;11.244;11.233;11.242;9798
CNYRUBF;30;20251212;220000;11.241;11.246;11.238;11.239;5934
CNYRUBF;30;20251212;223000;11.239;11.25;11.238;11.242;5065
CNYRUBF;30;20251212;230000;11.242;11.242;11.237;11.242;4717
CNYRUBF;30;20251212;233000;11.241;11.248;11.238;11.248;3931
CNYRUBF;30;20251215;090000;11.244;11.269;11.211;11.239;63021
CNYRUBF;30;20251215;093000;11.239;11.266;11.237;11.248;42294
CNYRUBF;30;20251215;100000;11.248;11.264;11.2;11.22;227392
CNYRUBF;30;20251215;103000;11.221;11.253;11.214;11.246;105474
CNYRUBF;30;20251215;110000;11.248;11.25;11.238;11.246;98864
CNYRUBF;30;20251215;113000;11.247;11.247;11.215;11.232;102117
CNYRUBF;30;20251215;120000;11.232;11.232;11.209;11.223;103318
CNYRUBF;30;20251215;123000;11.224;11.245;11.215;11.239;78263
CNYRUBF;30;20251215;130000;11.237;11.25;11.225;11.234;52903
CNYRUBF;30;20251215;133000;11.235;11.235;11.222;11.224;70151
CNYRUBF;30;20251215;140000;11.226;11.228;11.187;11.193;184457
CNYRUBF;30;20251215;143000;11.193;11.221;11.192;11.215;195717
CNYRUBF;30;20251215;150000;11.215;11.226;11.212;11.222;54231
CNYRUBF;30;20251215;153000;11.224;11.29;11.221;11.275;331435
CNYRUBF;30;20251215;160000;11.276;11.296;11.239;11.25;258601
CNYRUBF;30;20251215;163000;11.25;11.273;11.221;11.226;182555
CNYRUBF;30;20251215;170000;11.226;11.247;11.212;11.24;204104
CNYRUBF;30;20251215;173000;11.241;11.269;11.228;11.241;155617
CNYRUBF;30;20251215;180000;11.241;11.248;11.226;11.238;76534
CNYRUBF;30;20251215;183000;11.237;11.271;11.233;11.263;80667
CNYRUBF;30;20251215;190000;11.267;11.282;11.267;11.276;38952
CNYRUBF;30;20251215;193000;11.276;11.288;11.269;11.283;21396
CNYRUBF;30;20251215;200000;11.283;11.288;11.262;11.263;15905
CNYRUBF;30;20251215;203000;11.262;11.27;11.257;11.266;8610
CNYRUBF;30;20251215;210000;11.268;11.27;11.252;11.258;31331
CNYRUBF;30;20251215;213000;11.259;11.271;11.258;11.27;2007
CNYRUBF;30;20251215;220000;11.27;11.272;11.256;11.261;5749
CNYRUBF;30;20251215;223000;11.261;11.263;11.257;11.263;1843
CNYRUBF;30;20251215;230000;11.264;11.266;11.259;11.264;8031
CNYRUBF;30;20251215;233000;11.264;11.269;11.259;11.259;3209
CNYRUBF;30;20251216;083000;11.266;11.266;11.266;11.266;2
CNYRUBF;30;20251216;090000;11.26;11.265;11.251;11.261;18180
CNYRUBF;30;20251216;093000;11.263;11.273;11.261;11.269;15724
CNYRUBF;30;20251216;100000;11.269;11.278;11.248;11.27;205800
CNYRUBF;30;20251216;103000;11.268;11.277;11.257;11.265;71451
CNYRUBF;30;20251216;110000;11.265;11.271;11.26;11.263;80695
CNYRUBF;30;20251216;113000;11.263;11.273;11.254;11.26;97573
CNYRUBF;30;20251216;120000;11.259;11.267;11.24;11.253;158351
CNYRUBF;30;20251216;123000;11.251;11.262;11.25;11.26;64826
CNYRUBF;30;20251216;130000;11.26;11.265;11.254;11.257;45780
CNYRUBF;30;20251216;133000;11.256;11.285;11.256;11.282;115426
CNYRUBF;30;20251216;140000;11.28;11.282;11.275;11.28;38366
CNYRUBF;30;20251216;143000;11.28;11.287;11.278;11.287;35062
CNYRUBF;30;20251216;150000;11.287;11.288;11.272;11.277;44739
CNYRUBF;30;20251216;153000;11.277;11.286;11.276;11.282;14553
CNYRUBF;30;20251216;160000;11.283;11.283;11.275;11.275;22834
CNYRUBF;30;20251216;163000;11.275;11.279;11.263;11.272;74696
CNYRUBF;30;20251216;170000;11.273;11.276;11.26;11.268;82830
CNYRUBF;30;20251216;173000;11.269;11.278;11.26;11.261;48181
CNYRUBF;30;20251216;180000;11.261;11.27;11.258;11.26;59348
CNYRUBF;30;20251216;183000;11.261;11.267;11.258;11.265;50806
CNYRUBF;30;20251216;190000;11.266;11.274;11.261;11.27;10235
CNYRUBF;30;20251216;193000;11.269;11.275;11.261;11.269;12102
CNYRUBF;30;20251216;200000;11.269;11.275;11.266;11.269;11666
CNYRUBF;30;20251216;203000;11.269;11.274;11.266;11.27;4717
CNYRUBF;30;20251216;210000;11.271;11.273;11.263;11.265;3453
CNYRUBF;30;20251216;213000;11.263;11.27;11.26;11.266;3637
CNYRUBF;30;20251216;220000;11.266;11.27;11.263;11.269;1508
CNYRUBF;30;20251216;223000;11.269;11.273;11.267;11.271;2320
CNYRUBF;30;20251216;230000;11.27;11.27;11.264;11.27;3597
CNYRUBF;30;20251216;233000;11.27;11.273;11.265;11.273;3942
CNYRUBF;30;20251217;083000;11.27;11.27;11.27;11.27;16
CNYRUBF;30;20251217;090000;11.269;11.279;11.264;11.275;19287
CNYRUBF;30;20251217;093000;11.275;11.293;11.275;11.289;45920
CNYRUBF;30;20251217;100000;11.288;11.332;11.271;11.325;344327
CNYRUBF;30;20251217;103000;11.327;11.35;11.315;11.349;416923
CNYRUBF;30;20251217;110000;11.349;11.36;11.34;11.35;151865
CNYRUBF;30;20251217;113000;11.351;11.397;11.351;11.392;187078
CNYRUBF;30;20251217;120000;11.391;11.403;11.38;11.403;160892
CNYRUBF;30;20251217;123000;11.404;11.425;11.391;11.423;166578
CNYRUBF;30;20251217;130000;11.423;11.453;11.414;11.42;224332
CNYRUBF;30;20251217;133000;11.42;11.421;11.4;11.41;136720
CNYRUBF;30;20251217;140000;11.408;11.42;11.389;11.417;110329
CNYRUBF;30;20251217;143000;11.417;11.43;11.391;11.392;99255
CNYRUBF;30;20251217;150000;11.393;11.395;11.377;11.383;96939
CNYRUBF;30;20251217;153000;11.382;11.404;11.373;11.402;125630
CNYRUBF;30;20251217;160000;11.402;11.409;11.37;11.374;118682
CNYRUBF;30;20251217;163000;11.372;11.385;11.364;11.379;108202
CNYRUBF;30;20251217;170000;11.379;11.38;11.346;11.352;134604
CNYRUBF;30;20251217;173000;11.352;11.383;11.344;11.365;234295
CNYRUBF;30;20251217;180000;11.364;11.41;11.36;11.395;273762
CNYRUBF;30;20251217;183000;11.394;11.409;11.386;11.405;113321
CNYRUBF;30;20251217;190000;11.409;11.414;11.393;11.397;34748
CNYRUBF;30;20251217;193000;11.398;11.404;11.397;11.399;16660
CNYRUBF;30;20251217;200000;11.399;11.401;11.393;11.394;13811
CNYRUBF;30;20251217;203000;11.394;11.399;11.391;11.397;6544
CNYRUBF;30;20251217;210000;11.397;11.398;11.39;11.397;8721
CNYRUBF;30;20251217;213000;11.399;11.404;11.395;11.401;5179
CNYRUBF;30;20251217;220000;11.401;11.401;11.38;11.386;23771
CNYRUBF;30;20251217;223000;11.386;11.387;11.378;11.384;12616
CNYRUBF;30;20251217;230000;11.383;11.393;11.375;11.39;11652
CNYRUBF;30;20251217;233000;11.389;11.397;11.375;11.38;5972
CNYRUBF;30;20251218;083000;11.39;11.39;11.39;11.39;506
CNYRUBF;30;20251218;090000;11.39;11.405;11.381;11.385;35406
CNYRUBF;30;20251218;093000;11.383;11.408;11.374;11.4;48376
CNYRUBF;30;20251218;100000;11.4;11.431;11.384;11.39;285444
CNYRUBF;30;20251218;103000;11.389;11.391;11.355;11.367;202413
CNYRUBF;30;20251218;110000;11.367;11.377;11.349;11.351;125880
CNYRUBF;30;20251218;113000;11.352;11.352;11.312;11.315;225457
CNYRUBF;30;20251218;120000;11.314;11.349;11.298;11.347;433350
CNYRUBF;30;20251218;123000;11.348;11.348;11.321;11.33;167987
CNYRUBF;30;20251218;130000;11.328;11.349;11.322;11.344;130402
CNYRUBF;30;20251218;133000;11.344;11.35;11.334;11.337;68273
CNYRUBF;30;20251218;140000;11.335;11.336;11.313;11.32;75410
CNYRUBF;30;20251218;143000;11.319;11.342;11.313;11.339;115419
CNYRUBF;30;20251218;150000;11.339;11.342;11.324;11.331;153660
CNYRUBF;30;20251218;153000;11.33;11.349;11.323;11.335;86903
CNYRUBF;30;20251218;160000;11.335;11.336;11.31;11.325;127877
CNYRUBF;30;20251218;163000;11.325;11.35;11.323;11.335;176955
CNYRUBF;30;20251218;170000;11.334;11.346;11.316;11.334;135995
CNYRUBF;30;20251218;173000;11.334;11.382;11.323;11.374;223660
CNYRUBF;30;20251218;180000;11.375;11.403;11.375;11.391;249297
CNYRUBF;30;20251218;183000;11.391;11.408;11.378;11.38;85754
CNYRUBF;30;20251218;190000;11.38;11.401;11.38;11.391;30633
CNYRUBF;30;20251218;193000;11.392;11.401;11.391;11.395;15746
CNYRUBF;30;20251218;200000;11.394;11.468;11.394;11.435;101044
CNYRUBF;30;20251218;203000;11.437;11.439;11.42;11.425;34448
CNYRUBF;30;20251218;210000;11.43;11.442;11.423;11.426;17380
CNYRUBF;30;20251218;213000;11.426;11.427;11.416;11.422;10084
CNYRUBF;30;20251218;220000;11.422;11.43;11.421;11.425;4516
CNYRUBF;30;20251218;223000;11.425;11.425;11.421;11.425;4609
CNYRUBF;30;20251218;230000;11.423;11.432;11.422;11.428;3955
CNYRUBF;30;20251218;233000;11.427;11.433;11.425;11.433;1438
CNYRUBF;30;20251219;083000;11.429;11.429;11.429;11.429;287
CNYRUBF;30;20251219;090000;11.428;11.438;11.419;11.435;30719
CNYRUBF;30;20251219;093000;11.436;11.44;11.419;11.433;46228
CNYRUBF;30;20251219;100000;11.433;11.517;11.414;11.513;459036
CNYRUBF;30;20251219;103000;11.513;11.536;11.5;11.507;262299
CNYRUBF;30;20251219;110000;11.508;11.523;11.476;11.478;156741
CNYRUBF;30;20251219;113000;11.476;11.477;11.432;11.442;268739
CNYRUBF;30;20251219;120000;11.441;11.472;11.438;11.458;138376
CNYRUBF;30;20251219;123000;11.46;11.46;11.423;11.425;83138
CNYRUBF;30;20251219;130000;11.423;11.443;11.394;11.44;271914
CNYRUBF;30;20251219;133000;11.439;11.441;11.369;11.433;368246
CNYRUBF;30;20251219;140000;11.433;11.456;11.392;11.433;285322
CNYRUBF;30;20251219;143000;11.433;11.451;11.422;11.44;478910
CNYRUBF;30;20251219;150000;11.439;11.443;11.39;11.39;260012
CNYRUBF;30;20251219;153000;11.39;11.413;11.373;11.39;170176
CNYRUBF;30;20251219;160000;11.391;11.391;11.362;11.374;162862
CNYRUBF;30;20251219;163000;11.372;11.382;11.349;11.355;166696
CNYRUBF;30;20251219;170000;11.353;11.365;11.32;11.335;209889
CNYRUBF;30;20251219;173000;11.335;11.339;11.285;11.304;356429
CNYRUBF;30;20251219;180000;11.303;11.324;11.294;11.302;133221
CNYRUBF;30;20251219;183000;11.302;11.321;11.29;11.309;76100
CNYRUBF;30;20251219;190000;11.313;11.346;11.313;11.337;96558
CNYRUBF;30;20251219;193000;11.336;11.336;11.321;11.324;35437
CNYRUBF;30;20251219;200000;11.323;11.326;11.31;11.326;16844
CNYRUBF;30;20251219;203000;11.326;11.334;11.323;11.328;6125
CNYRUBF;30;20251219;210000;11.325;11.327;11.321;11.323;7580
CNYRUBF;30;20251219;213000;11.323;11.326;11.322;11.322;3565
CNYRUBF;30;20251219;220000;11.322;11.324;11.32;11.324;13386
CNYRUBF;30;20251219;223000;11.323;11.324;11.315;11.315;9571
CNYRUBF;30;20251219;230000;11.318;11.32;11.313;11.317;5273
CNYRUBF;30;20251219;233000;11.317;11.324;11.316;11.318;5479
CNYRUBF;30;20251222;083000;11.323;11.323;11.323;11.323;30
CNYRUBF;30;20251222;090000;11.32;11.321;11.271;11.282;119365
CNYRUBF;30;20251222;093000;11.282;11.283;11.254;11.268;77892
CNYRUBF;30;20251222;100000;11.27;11.287;11.236;11.269;211738
CNYRUBF;30;20251222;103000;11.272;11.294;11.267;11.29;131273
CNYRUBF;30;20251222;110000;11.29;11.304;11.277;11.28;191647
CNYRUBF;30;20251222;113000;11.28;11.281;11.206;11.21;505963
CNYRUBF;30;20251222;120000;11.21;11.22;11.193;11.212;308132
CNYRUBF;30;20251222;123000;11.212;11.237;11.209;11.236;254924
CNYRUBF;30;20251222;130000;11.236;11.236;11.214;11.222;181400
CNYRUBF;30;20251222;133000;11.221;11.222;11.158;11.162;276072
CNYRUBF;30;20251222;140000;11.162;11.205;11.155;11.199;218903
CNYRUBF;30;20251222;143000;11.201;11.222;11.199;11.218;220831
CNYRUBF;30;20251222;150000;11.218;11.224;11.188;11.223;213777
CNYRUBF;30;20251222;153000;11.222;11.224;11.183;11.202;115682
CNYRUBF;30;20251222;160000;11.2;11.219;11.195;11.206;50449
CNYRUBF;30;20251222;163000;11.205;11.207;11.186;11.198;94822
CNYRUBF;30;20251222;170000;11.197;11.203;11.121;11.127;285516
CNYRUBF;30;20251222;173000;11.127;11.157;11.106;11.114;307104
CNYRUBF;30;20251222;180000;11.114;11.155;11.1;11.14;302793
CNYRUBF;30;20251222;183000;11.141;11.155;11.122;11.129;87357
CNYRUBF;30;20251222;190000;11.139;11.146;11.107;11.143;23910
CNYRUBF;30;20251222;193000;11.141;11.144;11.133;11.136;8371
CNYRUBF;30;20251222;200000;11.135;11.161;11.126;11.148;41402
CNYRUBF;30;20251222;203000;11.148;11.15;11.131;11.136;10106
CNYRUBF;30;20251222;210000;11.135;11.145;11.133;11.145;3808
CNYRUBF;30;20251222;213000;11.145;11.149;11.137;11.138;5260
CNYRUBF;30;20251222;220000;11.14;11.146;11.137;11.138;4552
CNYRUBF;30;20251222;223000;11.138;11.139;11.132;11.133;2750
CNYRUBF;30;20251222;230000;11.134;11.141;11.132;11.138;5894
CNYRUBF;30;20251222;233000;11.138;11.14;11.125;11.125;7609
CNYRUBF;30;20251223;083000;11.135;11.135;11.135;11.135;33
CNYRUBF;30;20251223;090000;11.132;11.135;11.109;11.128;47747
CNYRUBF;30;20251223;093000;11.128;11.16;11.115;11.126;50328
CNYRUBF;30;20251223;100000;11.126;11.195;11.126;11.181;378946
CNYRUBF;30;20251223;103000;11.182;11.183;11.139;11.161;190777
CNYRUBF;30;20251223;110000;11.164;11.177;11.133;11.136;142159
CNYRUBF;30;20251223;113000;11.136;11.175;11.133;11.161;168946
CNYRUBF;30;20251223;120000;11.161;11.162;11.144;11.155;178540
CNYRUBF;30;20251223;123000;11.156;11.174;11.153;11.168;112575
CNYRUBF;30;20251223;130000;11.167;11.177;11.162;11.164;99474
CNYRUBF;30;20251223;133000;11.165;11.173;11.155;11.164;52720
CNYRUBF;30;20251223;140000;11.163;11.172;11.123;11.144;116442
CNYRUBF;30;20251223;143000;11.145;11.162;11.134;11.141;92724
CNYRUBF;30;20251223;150000;11.141;11.151;11.128;11.142;107845
CNYRUBF;30;20251223;153000;11.142;11.143;11.079;11.102;271728
CNYRUBF;30;20251223;160000;11.101;11.132;11.096;11.113;96015
CNYRUBF;30;20251223;163000;11.114;11.114;11.086;11.09;106542
CNYRUBF;30;20251223;170000;11.089;11.112;11.08;11.087;152225
CNYRUBF;30;20251223;173000;11.086;11.117;11.084;11.105;116068
CNYRUBF;30;20251223;180000;11.105;11.138;11.093;11.122;83703
CNYRUBF;30;20251223;183000;11.123;11.129;11.112;11.113;24867
CNYRUBF;30;20251223;190000;11.118;11.169;11.118;11.154;80020
CNYRUBF;30;20251223;193000;11.154;11.154;11.136;11.144;21812
CNYRUBF;30;20251223;200000;11.143;11.144;11.13;11.131;19087
CNYRUBF;30;20251223;203000;11.131;11.141;11.131;11.14;4525
CNYRUBF;30;20251223;210000;11.14;11.141;11.132;11.137;5716
CNYRUBF;30;20251223;213000;11.137;11.14;11.133;11.136;3291
CNYRUBF;30;20251223;220000;11.136;11.136;11.116;11.12;14377
CNYRUBF;30;20251223;223000;11.121;11.132;11.12;11.129;2151
CNYRUBF;30;20251223;230000;11.126;11.136;11.126;11.134;2224
CNYRUBF;30;20251223;233000;11.134;11.136;11.118;11.136;3684
CNYRUBF;30;20251224;083000;11.135;11.135;11.135;11.135;5
CNYRUBF;30;20251224;090000;11.135;11.161;11.134;11.146;39869
CNYRUBF;30;20251224;093000;11.146;11.165;11.129;11.159;49323
CNYRUBF;30;20251224;100000;11.157;11.175;11.113;11.157;352936
CNYRUBF;30;20251224;103000;11.159;11.164;11.142;11.149;102240
CNYRUBF;30;20251224;110000;11.15;11.165;11.14;11.155;92787
CNYRUBF;30;20251224;113000;11.155;11.158;11.137;11.141;106492
CNYRUBF;30;20251224;120000;11.138;11.156;11.131;11.145;89624
CNYRUBF;30;20251224;123000;11.145;11.21;11.145;11.187;378784
CNYRUBF;30;20251224;130000;11.19;11.255;11.19;11.253;268270
CNYRUBF;30;20251224;133000;11.253;11.256;11.213;11.229;201516
CNYRUBF;30;20251224;140000;11.232;11.24;11.206;11.22;121287
CNYRUBF;30;20251224;143000;11.221;11.254;11.22;11.252;133490
CNYRUBF;30;20251224;150000;11.253;11.268;11.217;11.222;247288
CNYRUBF;30;20251224;153000;11.222;11.242;11.217;11.225;227559
CNYRUBF;30;20251224;160000;11.226;11.231;11.171;11.181;395965
CNYRUBF;30;20251224;163000;11.181;11.196;11.167;11.179;127378
CNYRUBF;30;20251224;170000;11.18;11.182;11.13;11.158;262835
CNYRUBF;30;20251224;173000;11.156;11.165;11.133;11.148;196532
CNYRUBF;30;20251224;180000;11.145;11.159;11.135;11.152;67102
CNYRUBF;30;20251224;183000;11.153;11.166;11.14;11.143;76060
CNYRUBF;30;20251224;190000;11.15;11.174;11.15;11.161;23748
CNYRUBF;30;20251224;193000;11.16;11.17;11.153;11.165;18098
CNYRUBF;30;20251224;200000;11.165;11.168;11.153;11.168;6221
CNYRUBF;30;20251224;203000;11.166;11.169;11.155;11.155;3839
CNYRUBF;30;20251224;210000;11.155;11.165;11.15;11.159;5751
CNYRUBF;30;20251224;213000;11.161;11.161;11.153;11.158;2086
CNYRUBF;30;20251224;220000;11.155;11.167;11.155;11.165;1707
CNYRUBF;30;20251224;223000;11.165;11.167;11.15;11.158;8215
CNYRUBF;30;20251224;230000;11.159;11.167;11.152;11.16;4333
CNYRUBF;30;20251224;233000;11.159;11.161;11.156;11.157;1744
CNYRUBF;30;20251225;083000;11.146;11.146;11.146;11.146;444
CNYRUBF;30;20251225;090000;11.154;11.178;11.145;11.171;16333
CNYRUBF;30;20251225;093000;11.17;11.176;11.133;11.155;58212
CNYRUBF;30;20251225;100000;11.156;11.159;11.09;11.097;316282
CNYRUBF;30;20251225;103000;11.096;11.124;11.081;11.112;137605
CNYRUBF;30;20251225;110000;11.112;11.132;11.105;11.119;146291
CNYRUBF;30;20251225;113000;11.118;11.121;11.105;11.116;60987
CNYRUBF;30;20251225;120000;11.116;11.121;11.085;11.09;111970
CNYRUBF;30;20251225;123000;11.09;11.104;11.05;11.068;215948
CNYRUBF;30;20251225;130000;11.066;11.077;11.052;11.053;149047
CNYRUBF;30;20251225;133000;11.053;11.07;11.043;11.05;213781
CNYRUBF;30;20251225;140000;11.051;11.068;11.034;11.063;88395
CNYRUBF;30;20251225;143000;11.062;11.085;11.06;11.083;113790
CNYRUBF;30;20251225;150000;11.083;11.09;11.058;11.079;137444
CNYRUBF;30;20251225;153000;11.079;11.1;11.051;11.055;95246
CNYRUBF;30;20251225;160000;11.054;11.073;11.052;11.067;59677
CNYRUBF;30;20251225;163000;11.066;11.066;11.015;11.033;103235
CNYRUBF;30;20251225;170000;11.032;11.052;11.021;11.045;85171
CNYRUBF;30;20251225;173000;11.044;11.054;11.037;11.053;86150
CNYRUBF;30;20251225;180000;11.051;11.065;11.046;11.05;79807
CNYRUBF;30;20251225;183000;11.051;11.064;11.047;11.055;37398
CNYRUBF;30;20251225;190000;11.051;11.068;11.05;11.051;24961
CNYRUBF;30;20251225;193000;11.052;11.053;11.008;11.033;106297
CNYRUBF;30;20251225;200000;11.031;11.042;11.029;11.039;16100
CNYRUBF;30;20251225;203000;11.037;11.04;11.022;11.035;14542
CNYRUBF;30;20251225;210000;11.035;11.039;11.03;11.034;2140
CNYRUBF;30;20251225;213000;11.035;11.035;11.025;11.026;4854
CNYRUBF;30;20251225;220000;11.027;11.03;11.025;11.028;2433
CNYRUBF;30;20251225;223000;11.028;11.039;11.026;11.037;4976
CNYRUBF;30;20251225;230000;11.038;11.043;11.035;11.037;4506
CNYRUBF;30;20251225;233000;11.036;11.044;11.036;11.043;2557
CNYRUBF;30;20251226;083000;11.045;11.045;11.045;11.045;55
CNYRUBF;30;20251226;090000;11.045;11.058;11.011;11.036;67747
CNYRUBF;30;20251226;093000;11.036;11.04;10.99;11;63784
CNYRUBF;30;20251226;100000;10.999;11.05;10.973;11.028;474833
CNYRUBF;30;20251226;103000;11.028;11.115;11.028;11.095;313753
CNYRUBF;30;20251226;110000;11.096;11.144;11.088;11.138;183974
CNYRUBF;30;20251226;113000;11.14;11.144;11.104;11.104;116457
CNYRUBF;30;20251226;120000;11.105;11.11;11.062;11.076;176874
CNYRUBF;30;20251226;123000;11.076;11.076;11.018;11.037;163983
CNYRUBF;30;20251226;130000;11.039;11.072;11.027;11.069;155980
CNYRUBF;30;20251226;133000;11.069;11.078;11.049;11.059;85158
CNYRUBF;30;20251226;140000;11.059;11.072;11.052;11.065;52758
CNYRUBF;30;20251226;143000;11.065;11.069;11.052;11.057;42118
CNYRUBF;30;20251226;150000;11.059;11.064;11.029;11.054;116183
CNYRUBF;30;20251226;153000;11.054;11.086;11.043;11.049;100542
CNYRUBF;30;20251226;160000;11.049;11.061;11.032;11.051;126040
CNYRUBF;30;20251226;163000;11.052;11.052;11.003;11.032;186267
CNYRUBF;30;20251226;170000;11.031;11.063;11.028;11.036;174124
CNYRUBF;30;20251226;173000;11.04;11.047;11.032;11.033;83496
CNYRUBF;30;20251226;180000;11.033;11.063;11.033;11.042;56693
CNYRUBF;30;20251226;183000;11.044;11.054;11.035;11.041;48163
CNYRUBF;30;20251226;190000;11.055;11.06;11.038;11.049;31952
CNYRUBF;30;20251226;193000;11.046;11.051;11.04;11.045;13267
CNYRUBF;30;20251226;200000;11.043;11.05;11.043;11.05;6088
CNYRUBF;30;20251226;203000;11.049;11.049;11.04;11.042;7134
CNYRUBF;30;20251226;210000;11.042;11.055;11.039;11.051;9926
CNYRUBF;30;20251226;213000;11.053;11.056;11.045;11.045;4011
CNYRUBF;30;20251226;220000;11.049;11.05;11.039;11.042;13766
CNYRUBF;30;20251226;223000;11.042;11.048;11.041;11.047;3404
CNYRUBF;30;20251226;230000;11.047;11.052;11.041;11.042;6326
CNYRUBF;30;20251226;233000;11.042;11.055;11.042;11.045;5030
CNYRUBF;30;20251229;083000;11.044;11.044;11.044;11.044;304
CNYRUBF;30;20251229;090000;11.044;11.085;11.042;11.074;78441
CNYRUBF;30;20251229;093000;11.074;11.077;11.044;11.074;35865
CNYRUBF;30;20251229;100000;11.071;11.188;11.045;11.077;335873
CNYRUBF;30;20251229;103000;11.077;11.097;11.077;11.087;50124
CNYRUBF;30;20251229;110000;11.087;11.088;11.055;11.059;78820
CNYRUBF;30;20251229;113000;11.059;11.06;11.032;11.036;81264
CNYRUBF;30;20251229;120000;11.035;11.058;11.014;11.058;117261
CNYRUBF;30;20251229;123000;11.055;11.081;11.054;11.075;66667
CNYRUBF;30;20251229;130000;11.074;11.095;11.067;11.088;62227
CNYRUBF;30;20251229;133000;11.088;11.088;11.065;11.068;54564
CNYRUBF;30;20251229;140000;11.068;11.08;11.066;11.079;43363
CNYRUBF;30;20251229;143000;11.079;11.093;11.076;11.092;76973
CNYRUBF;30;20251229;150000;11.092;11.127;11.092;11.106;200114
CNYRUBF;30;20251229;153000;11.107;11.151;11.106;11.137;164623
CNYRUBF;30;20251229;160000;11.138;11.146;11.114;11.117;153030
CNYRUBF;30;20251229;163000;11.118;11.124;11.081;11.084;164486
CNYRUBF;30;20251229;170000;11.084;11.107;11.081;11.09;110188
CNYRUBF;30;20251229;173000;11.09;11.097;11.065;11.073;102293
CNYRUBF;30;20251229;180000;11.073;11.101;11.064;11.096;167413
CNYRUBF;30;20251229;183000;11.097;11.139;11.095;11.125;69561
CNYRUBF;30;20251229;190000;11.126;11.179;11.104;11.151;51690
CNYRUBF;30;20251229;193000;11.152;11.152;11.139;11.141;12932
CNYRUBF;30;20251229;200000;11.145;11.156;11.129;11.131;14904
CNYRUBF;30;20251229;203000;11.131;11.149;11.128;11.141;6004
CNYRUBF;30;20251229;210000;11.14;11.146;11.128;11.132;6291
CNYRUBF;30;20251229;213000;11.134;11.144;11.126;11.144;3270
CNYRUBF;30;20251229;220000;11.14;11.148;11.133;11.138;4769
CNYRUBF;30;20251229;223000;11.138;11.149;11.135;11.142;2005
CNYRUBF;30;20251229;230000;11.144;11.151;11.143;11.145;3628
CNYRUBF;30;20251229;233000;11.143;11.144;11.135;11.144;1144
CNYRUBF;30;20251230;083000;11.142;11.142;11.142;11.142;24
CNYRUBF;30;20251230;090000;11.143;11.15;11.128;11.145;15455
CNYRUBF;30;20251230;093000;11.146;11.165;11.133;11.138;24154
CNYRUBF;30;20251230;100000;11.139;11.179;11.108;11.163;316253
CNYRUBF;30;20251230;103000;11.164;11.233;11.164;11.189;334466
CNYRUBF;30;20251230;110000;11.192;11.196;11.144;11.153;251682
CNYRUBF;30;20251230;113000;11.152;11.176;11.132;11.16;185836
CNYRUBF;30;20251230;120000;11.159;11.177;11.141;11.166;123339
CNYRUBF;30;20251230;123000;11.166;11.169;11.126;11.133;137358
CNYRUBF;30;20251230;130000;11.133;11.166;11.132;11.157;68759
CNYRUBF;30;20251230;133000;11.155;11.165;11.143;11.152;84514
CNYRUBF;30;20251230;140000;11.151;11.157;11.122;11.134;143672
CNYRUBF;30;20251230;143000;11.133;11.205;11.128;11.199;128524
CNYRUBF;30;20251230;150000;11.202;11.228;11.186;11.219;109106
CNYRUBF;30;20251230;153000;11.22;11.239;11.214;11.223;116534
CNYRUBF;30;20251230;160000;11.225;11.258;11.218;11.234;191000
CNYRUBF;30;20251230;163000;11.233;11.243;11.22;11.235;102638
CNYRUBF;30;20251230;170000;11.235;11.254;11.204;11.218;147844
CNYRUBF;30;20251230;173000;11.216;11.218;11.182;11.189;132869
CNYRUBF;30;20251230;180000;11.188;11.227;11.188;11.224;130436
CNYRUBF;30;20251230;183000;11.223;11.225;11.206;11.218;35702
CNYRUBF;30;20251230;190000;11.222;11.235;11.213;11.217;25552
CNYRUBF;30;20251230;193000;11.217;11.23;11.214;11.22;8622
CNYRUBF;30;20251230;200000;11.221;11.226;11.212;11.225;7024
CNYRUBF;30;20251230;203000;11.223;11.225;11.218;11.219;5890
CNYRUBF;30;20251230;210000;11.219;11.225;11.216;11.225;4391
CNYRUBF;30;20251230;213000;11.224;11.23;11.222;11.226;8680
CNYRUBF;30;20251230;220000;11.224;11.224;11.218;11.223;1992
CNYRUBF;30;20251230;223000;11.221;11.228;11.219;11.223;3471
CNYRUBF;30;20251230;230000;11.221;11.235;11.22;11.22;8070
CNYRUBF;30;20251230;233000;11.22;11.234;11.211;11.226;4596
