<TICKER>;<PER>;<DATE>;<TIME>;<OPEN>;<HIGH>;<LOW>;<CLOSE>;<VOL>
CNYRUBF;5;20260105;085500;11.242;11.242;11.242;11.242;821
CNYRUBF;5;20260105;090000;11.243;11.28;11.242;11.27;14125
CNYRUBF;5;20260105;090500;11.273;11.273;11.255;11.268;8145
CNYRUBF;5;20260105;091000;11.268;11.268;11.258;11.265;3218
CNYRUBF;5;20260105;091500;11.265;11.272;11.263;11.266;2017
CNYRUBF;5;20260105;092000;11.267;11.269;11.261;11.267;3408
CNYRUBF;5;20260105;092500;11.267;11.271;11.262;11.271;7584
CNYRUBF;5;20260105;093000;11.268;11.271;11.265;11.27;849
CNYRUBF;5;20260105;093500;11.271;11.28;11.271;11.279;5548
CNYRUBF;5;20260105;094000;11.279;11.285;11.274;11.281;6306
CNYRUBF;5;20260105;094500;11.279;11.29;11.278;11.279;6823
CNYRUBF;5;20260105;095000;11.282;11.282;11.271;11.276;1439
CNYRUBF;5;20260105;095500;11.276;11.278;11.272;11.278;7229
CNYRUBF;5;20260105;100000;11.278;11.293;11.265;11.29;27166
CNYRUBF;5;20260105;100500;11.29;11.292;11.279;11.29;9564
CNYRUBF;5;20260105;101000;11.291;11.309;11.286;11.305;28427
CNYRUBF;5;20260105;101500;11.305;11.335;11.301;11.335;61087
CNYRUBF;5;20260105;102000;11.333;11.354;11.326;11.349;40412
CNYRUBF;5;20260105;102500;11.35;11.353;11.336;11.338;26467
CNYRUBF;5;20260105;103000;11.338;11.365;11.338;11.35;35109
CNYRUBF;5;20260105;103500;11.351;11.357;11.348;11.356;17706
CNYRUBF;5;20260105;104000;11.355;11.369;11.353;11.361;21568
CNYRUBF;5;20260105;104500;11.361;11.391;11.361;11.39;57250
CNYRUBF;5;20260105;105000;11.391;11.401;11.387;11.4;56504
CNYRUBF;5;20260105;105500;11.399;11.425;11.397;11.424;72110
CNYRUBF;5;20260105;110000;11.425;11.427;11.384;11.387;55061
CNYRUBF;5;20260105;110500;11.387;11.401;11.386;11.397;14399
CNYRUBF;5;20260105;111000;11.398;11.408;11.397;11.403;12638
CNYRUBF;5;20260105;111500;11.402;11.407;11.395;11.405;6449
CNYRUBF;5;20260105;112000;11.407;11.419;11.404;11.414;13136
CNYRUBF;5;20260105;112500;11.413;11.413;11.404;11.409;4327
CNYRUBF;5;20260105;113000;11.407;11.41;11.404;11.407;3601
CNYRUBF;5;20260105;113500;11.408;11.408;11.399;11.403;7061
CNYRUBF;5;20260105;114000;11.403;11.403;11.397;11.399;8625
CNYRUBF;5;20260105;114500;11.399;11.403;11.397;11.403;4365
CNYRUBF;5;20260105;115000;11.403;11.408;11.403;11.408;3846
CNYRUBF;5;20260105;115500;11.408;11.411;11.406;11.406;3013
CNYRUBF;5;20260105;120000;11.406;11.418;11.402;11.411;13451
CNYRUBF;5;20260105;120500;11.411;11.414;11.403;11.412;12697
CNYRUBF;5;20260105;121000;11.412;11.42;11.41;11.418;15950
CNYRUBF;5;20260105;121500;11.419;11.43;11.419;11.429;36272
CNYRUBF;5;20260105;122000;11.43;11.44;11.427;11.433;34108
CNYRUBF;5;20260105;122500;11.433;11.437;11.426;11.428;5264
CNYRUBF;5;20260105;123000;11.428;11.43;11.426;11.428;1254
CNYRUBF;5;20260105;123500;11.428;11.429;11.422;11.424;5549
CNYRUBF;5;20260105;124000;11.424;11.427;11.423;11.425;2477
CNYRUBF;5;20260105;124500;11.425;11.437;11.425;11.427;17261
CNYRUBF;5;20260105;125000;11.428;11.429;11.395;11.408;40717
CNYRUBF;5;20260105;125500;11.407;11.407;11.374;11.382;35349
CNYRUBF;5;20260105;130000;11.382;11.391;11.372;11.387;10168
CNYRUBF;5;20260105;130500;11.387;11.391;11.379;11.386;8888
CNYRUBF;5;20260105;131000;11.386;11.389;11.383;11.385;5089
CNYRUBF;5;20260105;131500;11.385;11.409;11.385;11.403;8526
CNYRUBF;5;20260105;132000;11.404;11.407;11.399;11.406;5614
CNYRUBF;5;20260105;132500;11.407;11.408;11.405;11.405;2246
CNYRUBF;5;20260105;133000;11.408;11.409;11.406;11.407;1080
CNYRUBF;5;20260105;133500;11.408;11.409;11.4;11.409;3923
CNYRUBF;5;20260105;134000;11.408;11.408;11.398;11.402;8069
CNYRUBF;5;20260105;134500;11.402;11.404;11.398;11.402;1650
CNYRUBF;5;20260105;135000;11.402;11.407;11.399;11.407;1641
CNYRUBF;5;20260105;135500;11.407;11.409;11.399;11.399;7307
CNYRUBF;5;20260105;140500;11.4;11.41;11.4;11.409;5375
CNYRUBF;5;20260105;141000;11.41;11.41;11.392;11.397;6189
CNYRUBF;5;20260105;141500;11.397;11.399;11.388;11.392;3530
CNYRUBF;5;20260105;142000;11.393;11.399;11.392;11.397;1578
CNYRUBF;5;20260105;142500;11.398;11.404;11.398;11.403;2586
CNYRUBF;5;20260105;143000;11.402;11.408;11.402;11.405;6423
CNYRUBF;5;20260105;143500;11.405;11.407;11.394;11.394;4828
CNYRUBF;5;20260105;144000;11.394;11.397;11.392;11.395;2376
CNYRUBF;5;20260105;144500;11.396;11.396;11.391;11.393;1543
CNYRUBF;5;20260105;145000;11.393;11.394;11.39;11.39;1232
CNYRUBF;5;20260105;145500;11.392;11.392;11.38;11.384;10346
CNYRUBF;5;20260105;150000;11.387;11.397;11.38;11.396;4096
CNYRUBF;5;20260105;150500;11.394;11.395;11.386;11.392;4640
CNYRUBF;5;20260105;151000;11.39;11.393;11.387;11.387;2822
CNYRUBF;5;20260105;151500;11.387;11.397;11.387;11.392;4152
CNYRUBF;5;20260105;152000;11.394;11.397;11.394;11.396;956
CNYRUBF;5;20260105;152500;11.396;11.399;11.394;11.396;5682
CNYRUBF;5;20260105;153000;11.397;11.408;11.397;11.402;10706
CNYRUBF;5;20260105;153500;11.405;11.408;11.401;11.407;4357
CNYRUBF;5;20260105;154000;11.408;11.409;11.404;11.405;3387
CNYRUBF;5;20260105;154500;11.405;11.41;11.398;11.398;4490
CNYRUBF;5;20260105;155000;11.398;11.404;11.397;11.403;3692
CNYRUBF;5;20260105;155500;11.403;11.406;11.402;11.402;1395
CNYRUBF;5;20260105;160000;11.402;11.402;11.395;11.397;3002
CNYRUBF;5;20260105;160500;11.399;11.403;11.396;11.402;2669
CNYRUBF;5;20260105;161000;11.403;11.407;11.402;11.407;3140
CNYRUBF;5;20260105;161500;11.406;11.406;11.401;11.402;2304
CNYRUBF;5;20260105;162000;11.4;11.403;11.399;11.403;4358
CNYRUBF;5;20260105;162500;11.404;11.405;11.401;11.401;899
CNYRUBF;5;20260105;163000;11.403;11.405;11.4;11.4;2054
CNYRUBF;5;20260105;163500;11.402;11.405;11.4;11.405;539
CNYRUBF;5;20260105;164000;11.403;11.404;11.401;11.404;1243
CNYRUBF;5;20260105;164500;11.405;11.407;11.4;11.401;2914
CNYRUBF;5;20260105;165000;11.401;11.402;11.399;11.399;2315
CNYRUBF;5;20260105;165500;11.4;11.403;11.399;11.403;2878
CNYRUBF;5;20260105;170000;11.401;11.402;11.399;11.399;3260
CNYRUBF;5;20260105;170500;11.402;11.404;11.395;11.398;4760
CNYRUBF;5;20260105;171000;11.399;11.4;11.396;11.399;2639
CNYRUBF;5;20260105;171500;11.399;11.399;11.394;11.394;2387
CNYRUBF;5;20260105;172000;11.394;11.401;11.394;11.398;5795
CNYRUBF;5;20260105;172500;11.4;11.402;11.397;11.398;1425
CNYRUBF;5;20260105;173000;11.401;11.404;11.4;11.404;1218
CNYRUBF;5;20260105;173500;11.404;11.404;11.395;11.398;6335
CNYRUBF;5;20260105;174000;11.398;11.398;11.392;11.396;1308
CNYRUBF;5;20260105;174500;11.397;11.397;11.395;11.395;259
CNYRUBF;5;20260105;175000;11.396;11.4;11.394;11.395;2902
CNYRUBF;5;20260105;175500;11.395;11.398;11.394;11.396;1220
CNYRUBF;5;20260105;180000;11.398;11.402;11.394;11.394;1277
CNYRUBF;5;20260105;180500;11.395;11.396;11.388;11.392;4885
CNYRUBF;5;20260105;181000;11.39;11.391;11.388;11.388;1601
CNYRUBF;5;20260105;181500;11.388;11.391;11.387;11.39;1254
CNYRUBF;5;20260105;182000;11.388;11.401;11.387;11.401;10171
CNYRUBF;5;20260105;182500;11.4;11.405;11.398;11.399;5515
CNYRUBF;5;20260105;183000;11.398;11.402;11.396;11.4;4820
CNYRUBF;5;20260105;183500;11.399;11.402;11.398;11.4;1240
CNYRUBF;5;20260105;184000;11.4;11.405;11.398;11.4;3508
CNYRUBF;5;20260105;184500;11.401;11.403;11.396;11.403;6361
CNYRUBF;5;20260105;190500;11.403;11.436;11.403;11.41;7075
CNYRUBF;5;20260105;191000;11.408;11.413;11.406;11.412;701
CNYRUBF;5;20260105;191500;11.411;11.425;11.411;11.423;9795
CNYRUBF;5;20260105;192000;11.421;11.421;11.418;11.418;1345
CNYRUBF;5;20260105;192500;11.418;11.42;11.417;11.42;682
CNYRUBF;5;20260105;193000;11.42;11.42;11.41;11.419;10558
CNYRUBF;5;20260105;193500;11.419;11.427;11.416;11.425;2582
CNYRUBF;5;20260105;194000;11.425;11.426;11.421;11.422;1958
CNYRUBF;5;20260105;194500;11.421;11.421;11.417;11.419;348
CNYRUBF;5;20260105;195000;11.417;11.419;11.415;11.418;331
CNYRUBF;5;20260105;195500;11.415;11.418;11.413;11.414;2036
CNYRUBF;5;20260105;200000;11.416;11.417;11.413;11.413;1230
CNYRUBF;5;20260105;200500;11.416;11.416;11.413;11.416;337
CNYRUBF;5;20260105;201000;11.416;11.416;11.406;11.412;2480
CNYRUBF;5;20260105;201500;11.409;11.412;11.409;11.411;54
CNYRUBF;5;20260105;202000;11.411;11.412;11.409;11.412;1116
CNYRUBF;5;20260105;202500;11.412;11.412;11.409;11.41;914
CNYRUBF;5;20260105;203000;11.41;11.414;11.409;11.413;764
CNYRUBF;5;20260105;203500;11.413;11.416;11.413;11.416;801
CNYRUBF;5;20260105;204000;11.417;11.417;11.413;11.413;537
CNYRUBF;5;20260105;204500;11.416;11.416;11.411;11.411;1399
CNYRUBF;5;20260105;205000;11.414;11.414;11.41;11.412;103
CNYRUBF;5;20260105;205500;11.411;11.413;11.41;11.413;528
CNYRUBF;5;20260105;210000;11.41;11.415;11.41;11.411;236
CNYRUBF;5;20260105;210500;11.411;11.414;11.411;11.414;571
CNYRUBF;5;20260105;211000;11.411;11.414;11.411;11.414;4
CNYRUBF;5;20260105;211500;11.412;11.415;11.411;11.414;454
CNYRUBF;5;20260105;212000;11.414;11.417;11.412;11.417;603
CNYRUBF;5;20260105;212500;11.417;11.417;11.417;11.417;83
CNYRUBF;5;20260105;213000;11.415;11.417;11.414;11.417;863
CNYRUBF;5;20260105;213500;11.414;11.419;11.414;11.415;1616
CNYRUBF;5;20260105;214000;11.416;11.417;11.41;11.416;1459
CNYRUBF;5;20260105;214500;11.415;11.425;11.415;11.425;6619
CNYRUBF;5;20260105;215000;11.421;11.426;11.421;11.425;1378
CNYRUBF;5;20260105;215500;11.425;11.43;11.42;11.425;1875
CNYRUBF;5;20260105;220000;11.424;11.427;11.421;11.425;2251
CNYRUBF;5;20260105;220500;11.427;11.439;11.427;11.432;14856
CNYRUBF;5;20260105;221000;11.433;11.44;11.43;11.432;7012
CNYRUBF;5;20260105;221500;11.436;11.439;11.431;11.431;1865
CNYRUBF;5;20260105;222000;11.431;11.432;11.426;11.427;381
CNYRUBF;5;20260105;222500;11.426;11.433;11.425;11.429;807
CNYRUBF;5;20260105;223000;11.429;11.435;11.426;11.426;683
CNYRUBF;5;20260105;223500;11.426;11.428;11.424;11.428;97
CNYRUBF;5;20260105;224000;11.427;11.429;11.425;11.426;187
CNYRUBF;5;20260105;224500;11.427;11.428;11.426;11.426;193
CNYRUBF;5;20260105;225000;11.429;11.429;11.426;11.428;116
CNYRUBF;5;20260105;225500;11.429;11.43;11.426;11.428;375
CNYRUBF;5;20260105;230000;11.426;11.428;11.426;11.427;303
CNYRUBF;5;20260105;230500;11.427;11.43;11.427;11.43;299
CNYRUBF;5;20260105;231000;11.43;11.436;11.43;11.43;529
CNYRUBF;5;20260105;231500;11.434;11.434;11.429;11.429;646
CNYRUBF;5;20260105;232000;11.429;11.432;11.427;11.429;192
CNYRUBF;5;20260105;232500;11.431;11.436;11.431;11.435;414
CNYRUBF;5;20260105;233000;11.432;11.434;11.425;11.433;1225
CNYRUBF;5;20260105;233500;11.432;11.438;11.432;11.433;1683
CNYRUBF;5;20260105;234000;11.433;11.437;11.432;11.435;359
CNYRUBF;5;20260105;234500;11.435;11.437;11.434;11.434;309
CNYRUBF;5;20260106;085500;11.44;11.44;11.44;11.44;510
CNYRUBF;5;20260106;090000;11.435;11.455;11.43;11.437;20526
CNYRUBF;5;20260106;090500;11.437;11.437;11.421;11.423;5517
CNYRUBF;5;20260106;091000;11.425;11.425;11.41;11.416;7862
CNYRUBF;5;20260106;091500;11.415;11.433;11.415;11.428;4409
CNYRUBF;5;20260106;092000;11.422;11.424;11.416;11.424;1131
CNYRUBF;5;20260106;092500;11.42;11.43;11.42;11.425;620
CNYRUBF;5;20260106;093000;11.421;11.435;11.421;11.429;2556
CNYRUBF;5;20260106;093500;11.431;11.434;11.426;11.426;1517
CNYRUBF;5;20260106;094000;11.426;11.434;11.426;11.434;2186
CNYRUBF;5;20260106;094500;11.433;11.451;11.432;11.445;7613
CNYRUBF;5;20260106;095000;11.45;11.452;11.443;11.447;4359
CNYRUBF;5;20260106;095500;11.448;11.464;11.447;11.45;18214
CNYRUBF;5;20260106;100000;11.449;11.464;11.411;11.43;47019
CNYRUBF;5;20260106;100500;11.426;11.426;11.385;11.397;42546
CNYRUBF;5;20260106;101000;11.398;11.404;11.386;11.399;14673
CNYRUBF;5;20260106;101500;11.398;11.398;11.377;11.386;28024
CNYRUBF;5;20260106;102000;11.383;11.383;11.357;11.373;36926
CNYRUBF;5;20260106;102500;11.374;11.374;11.357;11.36;9318
CNYRUBF;5;20260106;103000;11.359;11.368;11.354;11.363;11626
CNYRUBF;5;20260106;103500;11.363;11.373;11.359;11.371;10083
CNYRUBF;5;20260106;104000;11.37;11.37;11.353;11.356;8943
CNYRUBF;5;20260106;104500;11.354;11.368;11.352;11.366;5338
CNYRUBF;5;20260106;105000;11.368;11.399;11.364;11.393;34131
CNYRUBF;5;20260106;105500;11.391;11.397;11.386;11.388;6340
CNYRUBF;5;20260106;110000;11.387;11.388;11.378;11.384;10519
CNYRUBF;5;20260106;110500;11.383;11.401;11.38;11.398;10726
CNYRUBF;5;20260106;111000;11.398;11.4;11.383;11.387;7526
CNYRUBF;5;20260106;111500;11.387;11.387;11.378;11.383;4916
CNYRUBF;5;20260106;112000;11.383;11.397;11.382;11.392;6388
CNYRUBF;5;20260106;112500;11.39;11.39;11.385;11.386;878
CNYRUBF;5;20260106;113000;11.386;11.392;11.385;11.392;1020
CNYRUBF;5;20260106;113500;11.391;11.397;11.39;11.392;2698
CNYRUBF;5;20260106;114000;11.394;11.395;11.385;11.386;1800
CNYRUBF;5;20260106;114500;11.386;11.387;11.381;11.381;4474
CNYRUBF;5;20260106;115000;11.38;11.391;11.373;11.387;10527
CNYRUBF;5;20260106;115500;11.386;11.386;11.375;11.377;1706
CNYRUBF;5;20260106;120000;11.377;11.377;11.361;11.365;5843
CNYRUBF;5;20260106;120500;11.365;11.382;11.362;11.378;8086
CNYRUBF;5;20260106;121000;11.376;11.395;11.376;11.386;18048
CNYRUBF;5;20260106;121500;11.387;11.398;11.383;11.394;7393
CNYRUBF;5;20260106;122000;11.393;11.394;11.385;11.385;945
CNYRUBF;5;20260106;122500;11.386;11.386;11.379;11.383;1487
CNYRUBF;5;20260106;123000;11.383;11.386;11.378;11.384;5560
CNYRUBF;5;20260106;123500;11.384;11.39;11.384;11.384;9043
CNYRUBF;5;20260106;124000;11.384;11.39;11.383;11.389;912
CNYRUBF;5;20260106;124500;11.389;11.389;11.382;11.385;296
CNYRUBF;5;20260106;125000;11.385;11.385;11.381;11.381;755
CNYRUBF;5;20260106;125500;11.381;11.382;11.378;11.381;2250
CNYRUBF;5;20260106;130000;11.382;11.387;11.38;11.387;1057
CNYRUBF;5;20260106;130500;11.388;11.389;11.385;11.389;1461
CNYRUBF;5;20260106;131000;11.388;11.389;11.384;11.384;980
CNYRUBF;5;20260106;131500;11.386;11.39;11.385;11.385;1498
CNYRUBF;5;20260106;132000;11.388;11.409;11.387;11.403;27084
CNYRUBF;5;20260106;132500;11.401;11.424;11.4;11.413;25881
CNYRUBF;5;20260106;133000;11.415;11.422;11.411;11.419;6933
CNYRUBF;5;20260106;133500;11.418;11.42;11.408;11.412;5609
CNYRUBF;5;20260106;134000;11.413;11.423;11.412;11.422;6071
CNYRUBF;5;20260106;134500;11.422;11.427;11.418;11.421;19618
CNYRUBF;5;20260106;135000;11.42;11.421;11.41;11.415;5648
CNYRUBF;5;20260106;135500;11.415;11.417;11.409;11.414;2428
CNYRUBF;5;20260106;140500;11.415;11.416;11.397;11.405;12368
CNYRUBF;5;20260106;141000;11.403;11.403;11.391;11.394;4703
CNYRUBF;5;20260106;141500;11.393;11.401;11.386;11.401;4162
CNYRUBF;5;20260106;142000;11.399;11.404;11.395;11.398;1753
CNYRUBF;5;20260106;142500;11.399;11.4;11.396;11.398;1013
CNYRUBF;5;20260106;143000;11.396;11.396;11.388;11.392;4312
CNYRUBF;5;20260106;143500;11.392;11.393;11.391;11.392;145
CNYRUBF;5;20260106;144000;11.392;11.404;11.388;11.403;13326
CNYRUBF;5;20260106;144500;11.403;11.406;11.399;11.402;2336
CNYRUBF;5;20260106;145000;11.401;11.401;11.396;11.398;440
CNYRUBF;5;20260106;145500;11.396;11.398;11.395;11.395;102
CNYRUBF;5;20260106;150000;11.396;11.398;11.393;11.394;968
CNYRUBF;5;20260106;150500;11.394;11.395;11.386;11.386;2363
CNYRUBF;5;20260106;151000;11.386;11.386;11.377;11.383;11185
CNYRUBF;5;20260106;151500;11.383;11.389;11.382;11.386;1581
CNYRUBF;5;20260106;152000;11.387;11.387;11.368;11.371;9367
CNYRUBF;5;20260106;152500;11.373;11.381;11.369;11.373;8979
CNYRUBF;5;20260106;153000;11.372;11.376;11.369;11.376;1490
CNYRUBF;5;20260106;153500;11.375;11.376;11.369;11.369;5280
CNYRUBF;5;20260106;154000;11.369;11.373;11.367;11.372;8324
CNYRUBF;5;20260106;154500;11.372;11.386;11.37;11.375;15058
CNYRUBF;5;20260106;155000;11.375;11.379;11.375;11.376;1653
CNYRUBF;5;20260106;155500;11.377;11.386;11.377;11.384;3900
CNYRUBF;5;20260106;160000;11.384;11.385;11.376;11.378;2047
CNYRUBF;5;20260106;160500;11.376;11.379;11.375;11.375;186
CNYRUBF;5;20260106;161000;11.376;11.38;11.374;11.38;1760
CNYRUBF;5;20260106;161500;11.379;11.38;11.374;11.375;1452
CNYRUBF;5;20260106;162000;11.374;11.376;11.374;11.375;1130
CNYRUBF;5;20260106;162500;11.375;11.375;11.368;11.371;3009
CNYRUBF;5;20260106;163000;11.369;11.374;11.367;11.374;1709
CNYRUBF;5;20260106;163500;11.372;11.373;11.368;11.369;217
CNYRUBF;5;20260106;164000;11.37;11.371;11.367;11.367;2107
CNYRUBF;5;20260106;164500;11.367;11.367;11.361;11.361;6483
CNYRUBF;5;20260106;165000;11.361;11.362;11.36;11.361;3067
CNYRUBF;5;20260106;165500;11.361;11.367;11.361;11.362;3928
CNYRUBF;5;20260106;170000;11.362;11.362;11.359;11.361;3342
CNYRUBF;5;20260106;170500;11.361;11.366;11.361;11.363;2242
CNYRUBF;5;20260106;171000;11.361;11.371;11.361;11.371;7415
CNYRUBF;5;20260106;171500;11.368;11.372;11.365;11.367;2496
CNYRUBF;5;20260106;172000;11.365;11.368;11.364;11.366;458
CNYRUBF;5;20260106;172500;11.366;11.369;11.365;11.369;1360
CNYRUBF;5;20260106;173000;11.369;11.372;11.368;11.371;1886
CNYRUBF;5;20260106;173500;11.369;11.371;11.364;11.366;1977
CNYRUBF;5;20260106;174000;11.364;11.366;11.329;11.342;37324
CNYRUBF;5;20260106;174500;11.341;11.341;11.318;11.326;34629
CNYRUBF;5;20260106;175000;11.324;11.331;11.322;11.328;9297
CNYRUBF;5;20260106;175500;11.326;11.332;11.318;11.318;12121
CNYRUBF;5;20260106;180000;11.319;11.319;11.312;11.315;16410
CNYRUBF;5;20260106;180500;11.313;11.325;11.312;11.322;13622
CNYRUBF;5;20260106;181000;11.322;11.328;11.322;11.326;5159
CNYRUBF;5;20260106;181500;11.328;11.33;11.32;11.321;5632
CNYRUBF;5;20260106;182000;11.32;11.328;11.319;11.328;3885
CNYRUBF;5;20260106;182500;11.329;11.334;11.323;11.326;10902
CNYRUBF;5;20260106;183000;11.325;11.334;11.324;11.332;10372
CNYRUBF;5;20260106;183500;11.332;11.334;11.322;11.329;12694
CNYRUBF;5;20260106;184000;11.328;11.328;11.317;11.318;3953
CNYRUBF;5;20260106;184500;11.32;11.326;11.313;11.317;9398
CNYRUBF;5;20260106;190500;11.317;11.324;11.312;11.315;3457
CNYRUBF;5;20260106;191000;11.315;11.318;11.315;11.318;1448
CNYRUBF;5;20260106;191500;11.318;11.324;11.318;11.319;1539
CNYRUBF;5;20260106;192000;11.32;11.323;11.319;11.32;330
CNYRUBF;5;20260106;192500;11.32;11.321;11.315;11.317;867
CNYRUBF;5;20260106;193000;11.317;11.321;11.316;11.321;298
CNYRUBF;5;20260106;193500;11.321;11.324;11.32;11.321;1662
CNYRUBF;5;20260106;194000;11.324;11.324;11.32;11.323;97
CNYRUBF;5;20260106;194500;11.323;11.325;11.321;11.325;1500
CNYRUBF;5;20260106;195000;11.325;11.325;11.321;11.325;230
CNYRUBF;5;20260106;195500;11.325;11.326;11.323;11.323;359
CNYRUBF;5;20260106;200000;11.324;11.326;11.322;11.325;243
CNYRUBF;5;20260106;200500;11.324;11.324;11.322;11.324;391
CNYRUBF;5;20260106;201000;11.324;11.326;11.324;11.324;228
CNYRUBF;5;20260106;201500;11.324;11.326;11.323;11.326;256
CNYRUBF;5;20260106;202000;11.326;11.326;11.322;11.322;350
CNYRUBF;5;20260106;202500;11.325;11.329;11.323;11.328;2299
CNYRUBF;5;20260106;203000;11.326;11.329;11.326;11.327;2523
CNYRUBF;5;20260106;203500;11.328;11.331;11.327;11.327;154
CNYRUBF;5;20260106;204000;11.33;11.331;11.33;11.33;148
CNYRUBF;5;20260106;204500;11.33;11.33;11.327;11.328;270
CNYRUBF;5;20260106;205000;11.327;11.327;11.327;11.327;224
CNYRUBF;5;20260106;205500;11.326;11.329;11.326;11.327;279
CNYRUBF;5;20260106;210000;11.329;11.329;11.329;11.329;9
CNYRUBF;5;20260106;210500;11.327;11.329;11.327;11.329;107
CNYRUBF;5;20260106;211000;11.329;11.329;11.327;11.327;13
CNYRUBF;5;20260106;211500;11.327;11.329;11.327;11.328;26
CNYRUBF;5;20260106;212000;11.328;11.33;11.327;11.327;298
CNYRUBF;5;20260106;212500;11.327;11.33;11.327;11.329;12
CNYRUBF;5;20260106;213000;11.329;11.33;11.329;11.329;11
CNYRUBF;5;20260106;213500;11.328;11.328;11.327;11.327;53
CNYRUBF;5;20260106;214000;11.327;11.327;11.326;11.327;245
CNYRUBF;5;20260106;214500;11.327;11.328;11.327;11.327;68
CNYRUBF;5;20260106;215000;11.326;11.329;11.326;11.328;235
CNYRUBF;5;20260106;215500;11.326;11.329;11.326;11.329;488
CNYRUBF;5;20260106;220000;11.326;11.326;11.325;11.325;397
CNYRUBF;5;20260106;220500;11.325;11.327;11.324;11.327;320
CNYRUBF;5;20260106;221000;11.324;11.326;11.324;11.324;375
CNYRUBF;5;20260106;221500;11.324;11.327;11.324;11.324;653
CNYRUBF;5;20260106;222000;11.325;11.327;11.324;11.325;135
CNYRUBF;5;20260106;222500;11.327;11.329;11.325;11.326;3672
CNYRUBF;5;20260106;223000;11.326;11.328;11.325;11.326;2186
CNYRUBF;5;20260106;223500;11.328;11.328;11.328;11.328;20
CNYRUBF;5;20260106;224000;11.328;11.328;11.327;11.327;47
CNYRUBF;5;20260106;224500;11.328;11.329;11.328;11.329;170
CNYRUBF;5;20260106;225000;11.329;11.33;11.327;11.327;125
CNYRUBF;5;20260106;225500;11.329;11.33;11.327;11.33;391
CNYRUBF;5;20260106;230000;11.328;11.331;11.328;11.33;311
CNYRUBF;5;20260106;230500;11.33;11.33;11.33;11.33;7
CNYRUBF;5;20260106;231000;11.328;11.33;11.327;11.33;1516
CNYRUBF;5;20260106;231500;11.33;11.33;11.326;11.326;262
CNYRUBF;5;20260106;232000;11.326;11.329;11.326;11.329;81
CNYRUBF;5;20260106;232500;11.326;11.329;11.326;11.326;506
CNYRUBF;5;20260106;233000;11.329;11.33;11.328;11.329;904
CNYRUBF;5;20260106;233500;11.328;11.328;11.326;11.327;344
CNYRUBF;5;20260106;234000;11.327;11.331;11.325;11.325;1543
CNYRUBF;5;20260106;234500;11.328;11.329;11.317;11.317;5185
CNYRUBF;5;20260108;085500;11.327;11.327;11.327;11.327;206
CNYRUBF;5;20260108;090000;11.327;11.37;11.327;11.356;13268
CNYRUBF;5;20260108;090500;11.356;11.363;11.351;11.354;12494
CNYRUBF;5;20260108;091000;11.353;11.355;11.339;11.343;24791
CNYRUBF;5;20260108;091500;11.344;11.345;11.332;11.334;5633
CNYRUBF;5;20260108;092000;11.333;11.345;11.333;11.345;2309
CNYRUBF;5;20260108;092500;11.345;11.357;11.345;11.356;6711
CNYRUBF;5;20260108;093000;11.356;11.357;11.344;11.346;6099
CNYRUBF;5;20260108;093500;11.346;11.349;11.337;11.339;6090
CNYRUBF;5;20260108;094000;11.341;11.349;11.341;11.348;1964
CNYRUBF;5;20260108;094500;11.348;11.349;11.346;11.346;1357
CNYRUBF;5;20260108;095000;11.346;11.349;11.339;11.345;12947
CNYRUBF;5;20260108;095500;11.345;11.348;11.324;11.335;17173
CNYRUBF;5;20260108;100000;11.335;11.369;11.329;11.356;48616
CNYRUBF;5;20260108;100500;11.356;11.358;11.311;11.321;33632
CNYRUBF;5;20260108;101000;11.32;11.326;11.296;11.326;25970
CNYRUBF;5;20260108;101500;11.325;11.325;11.297;11.313;10328
CNYRUBF;5;20260108;102000;11.31;11.31;11.296;11.303;9610
CNYRUBF;5;20260108;102500;11.304;11.325;11.3;11.324;7083
CNYRUBF;5;20260108;103000;11.324;11.353;11.311;11.348;24520
CNYRUBF;5;20260108;103500;11.348;11.363;11.34;11.351;23257
CNYRUBF;5;20260108;104000;11.352;11.363;11.351;11.357;14522
CNYRUBF;5;20260108;104500;11.356;11.372;11.356;11.367;17771
CNYRUBF;5;20260108;105000;11.366;11.405;11.365;11.387;60425
CNYRUBF;5;20260108;105500;11.388;11.392;11.374;11.381;11185
CNYRUBF;5;20260108;110000;11.385;11.409;11.385;11.402;11728
CNYRUBF;5;20260108;110500;11.402;11.415;11.396;11.412;15127
CNYRUBF;5;20260108;111000;11.412;11.414;11.396;11.396;30228
CNYRUBF;5;20260108;111500;11.397;11.403;11.381;11.395;15506
CNYRUBF;5;20260108;112000;11.396;11.398;11.384;11.386;3466
CNYRUBF;5;20260108;112500;11.387;11.4;11.387;11.399;3563
CNYRUBF;5;20260108;113000;11.398;11.402;11.393;11.393;4408
CNYRUBF;5;20260108;113500;11.393;11.403;11.392;11.403;2461
CNYRUBF;5;20260108;114000;11.403;11.406;11.397;11.399;3672
CNYRUBF;5;20260108;114500;11.399;11.405;11.397;11.399;4001
CNYRUBF;5;20260108;115000;11.398;11.4;11.397;11.398;1478
CNYRUBF;5;20260108;115500;11.396;11.398;11.395;11.397;5221
CNYRUBF;5;20260108;120000;11.398;11.407;11.382;11.384;18034
CNYRUBF;5;20260108;120500;11.385;11.395;11.369;11.388;36180
CNYRUBF;5;20260108;121000;11.389;11.39;11.378;11.387;4544
CNYRUBF;5;20260108;121500;11.389;11.395;11.377;11.377;10837
CNYRUBF;5;20260108;122000;11.377;11.391;11.373;11.391;6925
CNYRUBF;5;20260108;122500;11.391;11.394;11.386;11.387;2727
CNYRUBF;5;20260108;123000;11.386;11.402;11.386;11.397;9021
CNYRUBF;5;20260108;123500;11.398;11.403;11.396;11.402;6649
CNYRUBF;5;20260108;124000;11.402;11.404;11.392;11.392;7348
CNYRUBF;5;20260108;124500;11.393;11.397;11.391;11.396;2034
CNYRUBF;5;20260108;125000;11.396;11.406;11.396;11.404;3864
CNYRUBF;5;20260108;125500;11.403;11.407;11.401;11.406;2171
CNYRUBF;5;20260108;130000;11.406;11.411;11.401;11.402;6916
CNYRUBF;5;20260108;130500;11.402;11.402;11.395;11.401;6438
CNYRUBF;5;20260108;131000;11.402;11.402;11.395;11.397;8246
CNYRUBF;5;20260108;131500;11.396;11.405;11.395;11.395;9969
CNYRUBF;5;20260108;132000;11.396;11.4;11.387;11.392;21957
CNYRUBF;5;20260108;132500;11.392;11.393;11.385;11.386;6553
CNYRUBF;5;20260108;133000;11.386;11.389;11.379;11.379;9329
CNYRUBF;5;20260108;133500;11.379;11.387;11.374;11.374;12297
CNYRUBF;5;20260108;134000;11.375;11.38;11.373;11.38;5660
CNYRUBF;5;20260108;134500;11.38;11.38;11.374;11.378;5005
CNYRUBF;5;20260108;135000;11.378;11.379;11.374;11.375;3445
CNYRUBF;5;20260108;135500;11.374;11.376;11.366;11.376;45520
CNYRUBF;5;20260108;140500;11.376;11.38;11.366;11.38;10576
CNYRUBF;5;20260108;141000;11.379;11.379;11.377;11.378;719
CNYRUBF;5;20260108;141500;11.378;11.378;11.372;11.373;1407
CNYRUBF;5;20260108;142000;11.373;11.373;11.363;11.364;2641
CNYRUBF;5;20260108;142500;11.363;11.374;11.356;11.363;15078
CNYRUBF;5;20260108;143000;11.362;11.37;11.346;11.369;24038
CNYRUBF;5;20260108;143500;11.367;11.368;11.356;11.367;1458
CNYRUBF;5;20260108;144000;11.367;11.373;11.364;11.373;15268
CNYRUBF;5;20260108;144500;11.374;11.378;11.372;11.376;6079
CNYRUBF;5;20260108;145000;11.376;11.377;11.374;11.375;3504
CNYRUBF;5;20260108;145500;11.375;11.377;11.375;11.377;575
CNYRUBF;5;20260108;150000;11.376;11.377;11.372;11.373;3662
CNYRUBF;5;20260108;150500;11.372;11.389;11.352;11.353;30019
CNYRUBF;5;20260108;151000;11.353;11.36;11.347;11.359;7722
CNYRUBF;5;20260108;151500;11.357;11.376;11.357;11.372;9683
CNYRUBF;5;20260108;152000;11.372;11.372;11.36;11.365;1328
CNYRUBF;5;20260108;152500;11.365;11.368;11.364;11.367;965
CNYRUBF;5;20260108;153000;11.367;11.368;11.365;11.368;1194
CNYRUBF;5;20260108;153500;11.368;11.368;11.366;11.367;3728
CNYRUBF;5;20260108;154000;11.368;11.368;11.364;11.364;1983
CNYRUBF;5;20260108;154500;11.364;11.372;11.364;11.371;2259
CNYRUBF;5;20260108;155000;11.372;11.372;11.365;11.37;1860
CNYRUBF;5;20260108;155500;11.37;11.37;11.364;11.365;992
CNYRUBF;5;20260108;160000;11.364;11.365;11.354;11.362;5771
CNYRUBF;5;20260108;160500;11.361;11.369;11.359;11.363;2394
CNYRUBF;5;20260108;161000;11.363;11.364;11.358;11.358;1844
CNYRUBF;5;20260108;161500;11.358;11.359;11.341;11.341;14126
CNYRUBF;5;20260108;162000;11.342;11.343;11.334;11.337;14270
CNYRUBF;5;20260108;162500;11.338;11.348;11.336;11.338;12738
CNYRUBF;5;20260108;163000;11.337;11.338;11.317;11.326;28992
CNYRUBF;5;20260108;163500;11.326;11.33;11.319;11.323;4794
CNYRUBF;5;20260108;164000;11.322;11.325;11.315;11.318;5552
CNYRUBF;5;20260108;164500;11.318;11.323;11.312;11.322;14088
CNYRUBF;5;20260108;165000;11.322;11.339;11.32;11.336;5184
CNYRUBF;5;20260108;165500;11.336;11.339;11.311;11.313;33038
CNYRUBF;5;20260108;170000;11.312;11.318;11.301;11.316;19379
CNYRUBF;5;20260108;170500;11.316;11.318;11.31;11.311;3357
CNYRUBF;5;20260108;171000;11.31;11.311;11.302;11.308;13143
CNYRUBF;5;20260108;171500;11.307;11.307;11.301;11.303;5747
CNYRUBF;5;20260108;172000;11.303;11.308;11.301;11.308;2407
CNYRUBF;5;20260108;172500;11.308;11.318;11.304;11.318;6800
CNYRUBF;5;20260108;173000;11.317;11.317;11.309;11.317;1644
CNYRUBF;5;20260108;173500;11.316;11.316;11.311;11.313;1322
CNYRUBF;5;20260108;174000;11.312;11.316;11.311;11.316;1434
CNYRUBF;5;20260108;174500;11.316;11.322;11.313;11.315;3803
CNYRUBF;5;20260108;175000;11.315;11.324;11.315;11.323;3607
CNYRUBF;5;20260108;175500;11.323;11.325;11.318;11.318;2992
CNYRUBF;5;20260108;180000;11.317;11.318;11.302;11.308;3955
CNYRUBF;5;20260108;180500;11.305;11.309;11.305;11.309;1526
CNYRUBF;5;20260108;181000;11.308;11.314;11.307;11.314;1731
CNYRUBF;5;20260108;181500;11.311;11.315;11.306;11.31;4569
CNYRUBF;5;20260108;182000;11.311;11.317;11.31;11.317;2306
CNYRUBF;5;20260108;182500;11.316;11.317;11.31;11.313;1869
CNYRUBF;5;20260108;183000;11.313;11.313;11.309;11.311;501
CNYRUBF;5;20260108;183500;11.31;11.312;11.309;11.31;1152
CNYRUBF;5;20260108;184000;11.31;11.314;11.31;11.314;886
CNYRUBF;5;20260108;184500;11.311;11.316;11.31;11.315;7964
CNYRUBF;5;20260108;190500;11.315;11.322;11.314;11.321;3058
CNYRUBF;5;20260108;191000;11.321;11.328;11.321;11.326;1972
CNYRUBF;5;20260108;191500;11.326;11.329;11.323;11.327;1636
CNYRUBF;5;20260108;192000;11.328;11.329;11.326;11.328;855
CNYRUBF;5;20260108;192500;11.327;11.327;11.325;11.327;1064
CNYRUBF;5;20260108;193000;11.326;11.329;11.325;11.327;1136
CNYRUBF;5;20260108;193500;11.328;11.33;11.327;11.327;2665
CNYRUBF;5;20260108;194000;11.328;11.329;11.326;11.329;1114
CNYRUBF;5;20260108;194500;11.329;11.329;11.328;11.329;1611
CNYRUBF;5;20260108;195000;11.329;11.337;11.329;11.331;3986
CNYRUBF;5;20260108;195500;11.332;11.333;11.331;11.333;1234
CNYRUBF;5;20260108;200000;11.332;11.335;11.332;11.333;1182
CNYRUBF;5;20260108;200500;11.333;11.335;11.333;11.335;64
CNYRUBF;5;20260108;201000;11.333;11.335;11.333;11.334;348
CNYRUBF;5;20260108;201500;11.334;11.334;11.332;11.333;509
CNYRUBF;5;20260108;202000;11.332;11.335;11.331;11.332;3962
CNYRUBF;5;20260108;202500;11.334;11.334;11.332;11.334;9
CNYRUBF;5;20260108;203000;11.332;11.335;11.331;11.331;3649
CNYRUBF;5;20260108;203500;11.331;11.331;11.33;11.331;11355
CNYRUBF;5;20260108;204000;11.33;11.331;11.327;11.327;1402
CNYRUBF;5;20260108;204500;11.33;11.33;11.327;11.327;112
CNYRUBF;5;20260108;205000;11.327;11.329;11.326;11.327;536
CNYRUBF;5;20260108;205500;11.327;11.328;11.325;11.326;129
CNYRUBF;5;20260108;210000;11.326;11.326;11.323;11.324;590
CNYRUBF;5;20260108;210500;11.324;11.326;11.324;11.324;79
CNYRUBF;5;20260108;211000;11.323;11.324;11.323;11.324;24
CNYRUBF;5;20260108;211500;11.324;11.327;11.324;11.325;861
CNYRUBF;5;20260108;212000;11.325;11.327;11.325;11.327;200
CNYRUBF;5;20260108;212500;11.327;11.327;11.326;11.326;6
CNYRUBF;5;20260108;213000;11.326;11.327;11.326;11.326;314
CNYRUBF;5;20260108;213500;11.326;11.328;11.326;11.328;23
CNYRUBF;5;20260108;214000;11.328;11.328;11.326;11.326;55
CNYRUBF;5;20260108;214500;11.327;11.328;11.324;11.328;119
CNYRUBF;5;20260108;215000;11.325;11.325;11.325;11.325;2
CNYRUBF;5;20260108;215500;11.325;11.327;11.325;11.327;142
CNYRUBF;5;20260108;220000;11.327;11.331;11.327;11.33;1383
CNYRUBF;5;20260108;220500;11.33;11.33;11.325;11.328;480
CNYRUBF;5;20260108;221000;11.326;11.329;11.326;11.326;1172
CNYRUBF;5;20260108;221500;11.326;11.329;11.325;11.329;44
CNYRUBF;5;20260108;222000;11.328;11.328;11.326;11.328;252
CNYRUBF;5;20260108;222500;11.328;11.328;11.328;11.328;14
CNYRUBF;5;20260108;223000;11.326;11.326;11.326;11.326;120
CNYRUBF;5;20260108;223500;11.326;11.326;11.324;11.324;115
CNYRUBF;5;20260108;224000;11.326;11.327;11.322;11.323;1037
CNYRUBF;5;20260108;224500;11.325;11.325;11.323;11.323;20
CNYRUBF;5;20260108;225000;11.323;11.326;11.323;11.324;258
CNYRUBF;5;20260108;225500;11.324;11.325;11.323;11.323;144
CNYRUBF;5;20260108;230000;11.324;11.329;11.323;11.325;1924
CNYRUBF;5;20260108;230500;11.327;11.327;11.325;11.325;70
CNYRUBF;5;20260108;231000;11.325;11.326;11.325;11.326;141
CNYRUBF;5;20260108;231500;11.326;11.328;11.325;11.325;355
CNYRUBF;5;20260108;232000;11.328;11.331;11.327;11.327;939
CNYRUBF;5;20260108;232500;11.329;11.329;11.326;11.329;12
CNYRUBF;5;20260108;233000;11.329;11.331;11.325;11.325;847
CNYRUBF;5;20260108;233500;11.328;11.328;11.328;11.328;69
CNYRUBF;5;20260108;234000;11.326;11.328;11.326;11.328;244
CNYRUBF;5;20260108;234500;11.327;11.328;11.323;11.324;956
CNYRUBF;5;20260109;085500;11.327;11.327;11.327;11.327;55
CNYRUBF;5;20260109;090000;11.327;11.336;11.323;11.328;3019
CNYRUBF;5;20260109;090500;11.33;11.33;11.321;11.321;9089
CNYRUBF;5;20260109;091000;11.321;11.322;11.318;11.319;1786
CNYRUBF;5;20260109;091500;11.32;11.32;11.317;11.317;441
CNYRUBF;5;20260109;092000;11.317;11.319;11.316;11.317;208
CNYRUBF;5;20260109;092500;11.317;11.317;11.313;11.314;835
CNYRUBF;5;20260109;093000;11.313;11.314;11.313;11.313;182
CNYRUBF;5;20260109;093500;11.314;11.326;11.313;11.326;1093
CNYRUBF;5;20260109;094000;11.326;11.334;11.326;11.333;1258
CNYRUBF;5;20260109;094500;11.333;11.345;11.324;11.326;7605
CNYRUBF;5;20260109;095000;11.326;11.331;11.323;11.329;2629
CNYRUBF;5;20260109;095500;11.33;11.33;11.317;11.32;2353
CNYRUBF;5;20260109;100000;11.319;11.329;11.312;11.321;32086
CNYRUBF;5;20260109;100500;11.321;11.331;11.31;11.31;11910
CNYRUBF;5;20260109;101000;11.311;11.322;11.273;11.284;67752
CNYRUBF;5;20260109;101500;11.283;11.283;11.255;11.277;109161
CNYRUBF;5;20260109;102000;11.277;11.28;11.264;11.271;36840
CNYRUBF;5;20260109;102500;11.272;11.282;11.268;11.278;12903
CNYRUBF;5;20260109;103000;11.278;11.283;11.265;11.283;27526
CNYRUBF;5;20260109;103500;11.283;11.299;11.28;11.286;21171
CNYRUBF;5;20260109;104000;11.286;11.307;11.286;11.298;11497
CNYRUBF;5;20260109;104500;11.298;11.311;11.296;11.304;10661
CNYRUBF;5;20260109;105000;11.303;11.304;11.291;11.299;5166
CNYRUBF;5;20260109;105500;11.301;11.306;11.297;11.297;3348
CNYRUBF;5;20260109;110000;11.297;11.297;11.287;11.294;5494
CNYRUBF;5;20260109;110500;11.294;11.295;11.291;11.292;2048
CNYRUBF;5;20260109;111000;11.292;11.292;11.278;11.28;8522
CNYRUBF;5;20260109;111500;11.279;11.279;11.267;11.279;13474
CNYRUBF;5;20260109;112000;11.279;11.284;11.265;11.267;9421
CNYRUBF;5;20260109;112500;11.267;11.268;11.257;11.26;12879
CNYRUBF;5;20260109;113000;11.259;11.263;11.253;11.253;14630
CNYRUBF;5;20260109;113500;11.253;11.264;11.248;11.25;24543
CNYRUBF;5;20260109;114000;11.251;11.263;11.248;11.262;31953
CNYRUBF;5;20260109;114500;11.262;11.263;11.245;11.254;30283
CNYRUBF;5;20260109;115000;11.253;11.256;11.243;11.256;6376
CNYRUBF;5;20260109;115500;11.257;11.259;11.246;11.247;3446
CNYRUBF;5;20260109;120000;11.247;11.247;11.219;11.231;60905
CNYRUBF;5;20260109;120500;11.231;11.235;11.225;11.228;10634
CNYRUBF;5;20260109;121000;11.229;11.235;11.221;11.233;10979
CNYRUBF;5;20260109;121500;11.232;11.233;11.222;11.231;3462
CNYRUBF;5;20260109;122000;11.231;11.238;11.226;11.238;2483
CNYRUBF;5;20260109;122500;11.237;11.239;11.23;11.234;8795
CNYRUBF;5;20260109;123000;11.234;11.24;11.23;11.232;7145
CNYRUBF;5;20260109;123500;11.23;11.233;11.229;11.229;1848
CNYRUBF;5;20260109;124000;11.23;11.231;11.228;11.229;7422
CNYRUBF;5;20260109;124500;11.231;11.232;11.229;11.23;2025
CNYRUBF;5;20260109;125000;11.23;11.242;11.23;11.238;5700
CNYRUBF;5;20260109;125500;11.238;11.247;11.237;11.246;2533
CNYRUBF;5;20260109;130000;11.245;11.246;11.237;11.244;9672
CNYRUBF;5;20260109;130500;11.243;11.247;11.235;11.238;3169
CNYRUBF;5;20260109;131000;11.237;11.246;11.237;11.243;6181
CNYRUBF;5;20260109;131500;11.243;11.245;11.239;11.245;1106
CNYRUBF;5;20260109;132000;11.246;11.255;11.244;11.247;16765
CNYRUBF;5;20260109;132500;11.245;11.25;11.243;11.248;2873
CNYRUBF;5;20260109;133000;11.248;11.252;11.246;11.25;7526
CNYRUBF;5;20260109;133500;11.25;11.25;11.249;11.25;1478
CNYRUBF;5;20260109;134000;11.25;11.25;11.242;11.245;13072
CNYRUBF;5;20260109;134500;11.245;11.248;11.243;11.245;9930
CNYRUBF;5;20260109;135000;11.247;11.251;11.245;11.245;834
CNYRUBF;5;20260109;135500;11.245;11.249;11.24;11.249;3819
CNYRUBF;5;20260109;140500;11.244;11.244;11.236;11.236;3721
CNYRUBF;5;20260109;141000;11.236;11.244;11.235;11.241;3713
CNYRUBF;5;20260109;141500;11.239;11.239;11.236;11.239;1731
CNYRUBF;5;20260109;142000;11.239;11.243;11.237;11.243;1518
CNYRUBF;5;20260109;142500;11.243;11.244;11.243;11.244;1306
CNYRUBF;5;20260109;143000;11.244;11.253;11.244;11.251;2358
CNYRUBF;5;20260109;143500;11.252;11.252;11.25;11.251;774
CNYRUBF;5;20260109;144000;11.252;11.253;11.243;11.245;4004
CNYRUBF;5;20260109;144500;11.244;11.245;11.24;11.241;1302
CNYRUBF;5;20260109;145000;11.241;11.243;11.241;11.243;1000
CNYRUBF;5;20260109;145500;11.243;11.243;11.24;11.241;2652
CNYRUBF;5;20260109;150000;11.241;11.242;11.238;11.239;2229
CNYRUBF;5;20260109;150500;11.24;11.241;11.238;11.239;1230
CNYRUBF;5;20260109;151000;11.239;11.241;11.235;11.237;1946
CNYRUBF;5;20260109;151500;11.237;11.238;11.236;11.238;2777
CNYRUBF;5;20260109;152000;11.238;11.238;11.236;11.238;525
CNYRUBF;5;20260109;152500;11.238;11.238;11.234;11.234;2169
CNYRUBF;5;20260109;153000;11.234;11.237;11.233;11.236;1663
CNYRUBF;5;20260109;153500;11.237;11.237;11.234;11.234;1817
CNYRUBF;5;20260109;154000;11.236;11.238;11.234;11.238;7216
CNYRUBF;5;20260109;154500;11.235;11.235;11.219;11.219;14111
CNYRUBF;5;20260109;155000;11.22;11.243;11.219;11.243;13991
CNYRUBF;5;20260109;155500;11.242;11.248;11.237;11.238;10449
CNYRUBF;5;20260109;160000;11.238;11.238;11.229;11.229;4882
CNYRUBF;5;20260109;160500;11.228;11.229;11.219;11.219;4152
CNYRUBF;5;20260109;161000;11.22;11.227;11.217;11.224;7271
CNYRUBF;5;20260109;161500;11.225;11.226;11.224;11.225;3033
CNYRUBF;5;20260109;162000;11.225;11.23;11.224;11.23;3687
CNYRUBF;5;20260109;162500;11.23;11.232;11.23;11.23;469
CNYRUBF;5;20260109;163000;11.23;11.234;11.228;11.234;3897
CNYRUBF;5;20260109;163500;11.235;11.237;11.229;11.229;971
CNYRUBF;5;20260109;164000;11.229;11.23;11.225;11.228;1752
CNYRUBF;5;20260109;164500;11.228;11.228;11.225;11.226;362
CNYRUBF;5;20260109;165000;11.226;11.23;11.226;11.229;583
CNYRUBF;5;20260109;165500;11.23;11.231;11.229;11.231;825
CNYRUBF;5;20260109;170000;11.231;11.231;11.227;11.229;2805
CNYRUBF;5;20260109;170500;11.228;11.228;11.22;11.22;1071
CNYRUBF;5;20260109;171000;11.22;11.231;11.22;11.231;1570
CNYRUBF;5;20260109;171500;11.231;11.232;11.227;11.227;399
CNYRUBF;5;20260109;172000;11.228;11.229;11.225;11.227;101
CNYRUBF;5;20260109;172500;11.226;11.229;11.226;11.229;505
CNYRUBF;5;20260109;173000;11.229;11.23;11.228;11.229;1314
CNYRUBF;5;20260109;173500;11.229;11.231;11.226;11.227;2247
CNYRUBF;5;20260109;174000;11.226;11.228;11.225;11.228;1394
CNYRUBF;5;20260109;174500;11.228;11.231;11.228;11.23;1485
CNYRUBF;5;20260109;175000;11.229;11.229;11.227;11.227;56
CNYRUBF;5;20260109;175500;11.229;11.229;11.228;11.228;91
CNYRUBF;5;20260109;180000;11.228;11.228;11.221;11.221;2382
CNYRUBF;5;20260109;180500;11.222;11.222;11.217;11.217;4850
CNYRUBF;5;20260109;181000;11.218;11.223;11.217;11.222;4483
CNYRUBF;5;20260109;181500;11.223;11.225;11.221;11.225;12470
CNYRUBF;5;20260109;182000;11.224;11.226;11.222;11.223;4764
CNYRUBF;5;20260109;182500;11.223;11.225;11.222;11.225;2687
CNYRUBF;5;20260109;183000;11.224;11.226;11.222;11.223;4790
CNYRUBF;5;20260109;183500;11.223;11.223;11.219;11.22;4839
CNYRUBF;5;20260109;184000;11.22;11.22;11.218;11.219;1483
CNYRUBF;5;20260109;184500;11.219;11.227;11.218;11.223;3735
CNYRUBF;5;20260109;190500;11.226;11.233;11.225;11.231;11414
CNYRUBF;5;20260109;191000;11.229;11.236;11.226;11.23;6311
CNYRUBF;5;20260109;191500;11.228;11.229;11.224;11.227;474
CNYRUBF;5;20260109;192000;11.226;11.227;11.222;11.224;1058
CNYRUBF;5;20260109;192500;11.226;11.226;11.225;11.225;163
CNYRUBF;5;20260109;193000;11.224;11.226;11.217;11.219;3603
CNYRUBF;5;20260109;193500;11.223;11.226;11.221;11.225;1407
CNYRUBF;5;20260109;194000;11.225;11.226;11.223;11.223;414
CNYRUBF;5;20260109;194500;11.225;11.23;11.225;11.23;2447
CNYRUBF;5;20260109;195000;11.23;11.231;11.228;11.231;428
CNYRUBF;5;20260109;195500;11.23;11.233;11.228;11.228;354
CNYRUBF;5;20260109;200000;11.227;11.23;11.22;11.221;3124
CNYRUBF;5;20260109;200500;11.221;11.228;11.221;11.228;1985
CNYRUBF;5;20260109;201000;11.229;11.231;11.226;11.23;1080
CNYRUBF;5;20260109;201500;11.23;11.232;11.228;11.23;274
CNYRUBF;5;20260109;202000;11.23;11.23;11.227;11.227;367
CNYRUBF;5;20260109;202500;11.229;11.233;11.229;11.233;2156
CNYRUBF;5;20260109;203000;11.23;11.243;11.23;11.238;7949
CNYRUBF;5;20260109;203500;11.237;11.239;11.233;11.237;653
CNYRUBF;5;20260109;204000;11.238;11.243;11.238;11.24;1100
CNYRUBF;5;20260109;204500;11.241;11.243;11.237;11.241;2279
CNYRUBF;5;20260109;205000;11.239;11.246;11.235;11.236;3668
CNYRUBF;5;20260109;205500;11.236;11.242;11.234;11.237;1454
CNYRUBF;5;20260109;210000;11.237;11.237;11.234;11.234;303
CNYRUBF;5;20260109;210500;11.235;11.235;11.233;11.235;564
CNYRUBF;5;20260109;211000;11.234;11.24;11.233;11.235;1888
CNYRUBF;5;20260109;211500;11.238;11.239;11.236;11.236;39
CNYRUBF;5;20260109;212000;11.239;11.24;11.237;11.239;436
CNYRUBF;5;20260109;212500;11.24;11.246;11.238;11.241;3728
CNYRUBF;5;20260109;213000;11.24;11.242;11.24;11.242;452
CNYRUBF;5;20260109;213500;11.242;11.245;11.24;11.241;775
CNYRUBF;5;20260109;214000;11.243;11.243;11.237;11.239;562
CNYRUBF;5;20260109;214500;11.237;11.239;11.236;11.239;457
CNYRUBF;5;20260109;215000;11.236;11.238;11.235;11.238;116
CNYRUBF;5;20260109;215500;11.238;11.239;11.236;11.239;2107
CNYRUBF;5;20260109;220000;11.239;11.239;11.237;11.237;138
CNYRUBF;5;20260109;220500;11.238;11.239;11.234;11.236;1331
CNYRUBF;5;20260109;221000;11.237;11.239;11.236;11.239;505
CNYRUBF;5;20260109;221500;11.239;11.239;11.234;11.236;114
CNYRUBF;5;20260109;222000;11.237;11.237;11.234;11.234;66
CNYRUBF;5;20260109;222500;11.237;11.239;11.236;11.238;865
CNYRUBF;5;20260109;223000;11.238;11.24;11.235;11.235;1755
CNYRUBF;5;20260109;223500;11.237;11.237;11.235;11.237;70
CNYRUBF;5;20260109;224000;11.237;11.24;11.234;11.234;2260
CNYRUBF;5;20260109;224500;11.235;11.235;11.218;11.225;12997
CNYRUBF;5;20260109;225000;11.225;11.229;11.225;11.227;573
CNYRUBF;5;20260109;225500;11.228;11.231;11.227;11.231;289
CNYRUBF;5;20260109;230000;11.23;11.23;11.226;11.226;674
CNYRUBF;5;20260109;230500;11.23;11.23;11.225;11.228;405
CNYRUBF;5;20260109;231000;11.225;11.227;11.224;11.227;931
CNYRUBF;5;20260109;231500;11.227;11.228;11.22;11.222;3671
CNYRUBF;5;20260109;232000;11.222;11.222;11.22;11.222;313
CNYRUBF;5;20260109;232500;11.223;11.224;11.22;11.221;1093
CNYRUBF;5;20260109;233000;11.223;11.223;11.218;11.219;9816
CNYRUBF;5;20260109;233500;11.218;11.225;11.218;11.224;7632
CNYRUBF;5;20260109;234000;11.224;11.235;11.221;11.224;14501
CNYRUBF;5;20260109;234500;11.225;11.226;11.223;11.225;1508
CNYRUBF;5;20260112;085500;11.235;11.235;11.235;11.235;121
CNYRUBF;5;20260112;090000;11.23;11.256;11.229;11.241;9160
CNYRUBF;5;20260112;090500;11.242;11.243;11.231;11.231;21965
CNYRUBF;5;20260112;091000;11.233;11.248;11.223;11.232;17320
CNYRUBF;5;20260112;091500;11.234;11.235;11.217;11.232;14904
CNYRUBF;5;20260112;092000;11.231;11.231;11.202;11.207;19658
CNYRUBF;5;20260112;092500;11.207;11.207;11.202;11.204;6749
CNYRUBF;5;20260112;093000;11.204;11.21;11.195;11.21;27075
CNYRUBF;5;20260112;093500;11.21;11.225;11.209;11.21;4134
CNYRUBF;5;20260112;094000;11.211;11.223;11.202;11.223;3805
CNYRUBF;5;20260112;094500;11.221;11.233;11.217;11.222;16853
CNYRUBF;5;20260112;095000;11.224;11.234;11.224;11.228;9568
CNYRUBF;5;20260112;095500;11.225;11.23;11.223;11.229;3073
CNYRUBF;5;20260112;100000;11.229;11.273;11.226;11.266;55899
CNYRUBF;5;20260112;100500;11.267;11.285;11.254;11.264;62390
CNYRUBF;5;20260112;101000;11.264;11.283;11.261;11.281;21602
CNYRUBF;5;20260112;101500;11.281;11.309;11.28;11.302;59797
CNYRUBF;5;20260112;102000;11.301;11.332;11.3;11.313;85867
CNYRUBF;5;20260112;102500;11.315;11.33;11.307;11.328;30590
CNYRUBF;5;20260112;103000;11.328;11.345;11.323;11.337;41242
CNYRUBF;5;20260112;103500;11.337;11.342;11.322;11.325;31529
CNYRUBF;5;20260112;104000;11.326;11.333;11.311;11.313;28496
CNYRUBF;5;20260112;104500;11.315;11.317;11.306;11.307;18625
CNYRUBF;5;20260112;105000;11.307;11.308;11.297;11.303;24997
CNYRUBF;5;20260112;105500;11.304;11.331;11.304;11.319;33636
CNYRUBF;5;20260112;110000;11.321;11.334;11.32;11.32;25283
CNYRUBF;5;20260112;110500;11.321;11.327;11.317;11.319;14569
CNYRUBF;5;20260112;111000;11.32;11.328;11.319;11.32;3115
CNYRUBF;5;20260112;111500;11.323;11.335;11.323;11.332;9499
CNYRUBF;5;20260112;112000;11.332;11.336;11.322;11.322;12588
CNYRUBF;5;20260112;112500;11.321;11.325;11.312;11.323;16489
CNYRUBF;5;20260112;113000;11.324;11.325;11.317;11.319;8773
CNYRUBF;5;20260112;113500;11.319;11.324;11.312;11.316;6945
CNYRUBF;5;20260112;114000;11.317;11.319;11.309;11.314;5837
CNYRUBF;5;20260112;114500;11.314;11.317;11.309;11.309;17474
CNYRUBF;5;20260112;115000;11.309;11.313;11.306;11.313;11498
CNYRUBF;5;20260112;115500;11.313;11.313;11.31;11.311;3244
CNYRUBF;5;20260112;120000;11.313;11.313;11.303;11.303;10788
CNYRUBF;5;20260112;120500;11.303;11.311;11.295;11.31;13362
CNYRUBF;5;20260112;121000;11.31;11.31;11.288;11.292;24691
CNYRUBF;5;20260112;121500;11.291;11.294;11.283;11.285;8430
CNYRUBF;5;20260112;122000;11.287;11.287;11.271;11.276;15908
CNYRUBF;5;20260112;122500;11.275;11.278;11.265;11.27;19184
CNYRUBF;5;20260112;123000;11.27;11.288;11.269;11.285;25585
CNYRUBF;5;20260112;123500;11.285;11.293;11.284;11.288;10310
CNYRUBF;5;20260112;124000;11.287;11.293;11.276;11.277;14733
CNYRUBF;5;20260112;124500;11.278;11.289;11.277;11.288;6485
CNYRUBF;5;20260112;125000;11.287;11.295;11.287;11.293;4408
CNYRUBF;5;20260112;125500;11.294;11.305;11.293;11.304;10087
CNYRUBF;5;20260112;130000;11.305;11.31;11.301;11.301;8219
CNYRUBF;5;20260112;130500;11.303;11.307;11.296;11.307;10329
CNYRUBF;5;20260112;131000;11.305;11.305;11.3;11.302;994
CNYRUBF;5;20260112;131500;11.303;11.304;11.297;11.304;3636
CNYRUBF;5;20260112;132000;11.304;11.313;11.304;11.31;8052
CNYRUBF;5;20260112;132500;11.31;11.312;11.307;11.31;2638
CNYRUBF;5;20260112;133000;11.31;11.311;11.289;11.291;10079
CNYRUBF;5;20260112;133500;11.29;11.299;11.283;11.29;16954
CNYRUBF;5;20260112;134000;11.288;11.291;11.283;11.283;3574
CNYRUBF;5;20260112;134500;11.284;11.289;11.277;11.278;11862
CNYRUBF;5;20260112;135000;11.278;11.278;11.272;11.275;6736
CNYRUBF;5;20260112;135500;11.274;11.282;11.262;11.266;9809
CNYRUBF;5;20260112;140500;11.266;11.266;11.251;11.26;29548
CNYRUBF;5;20260112;141000;11.26;11.264;11.258;11.26;11236
CNYRUBF;5;20260112;141500;11.26;11.263;11.259;11.263;2529
CNYRUBF;5;20260112;142000;11.262;11.271;11.261;11.266;9266
CNYRUBF;5;20260112;142500;11.264;11.265;11.259;11.263;3539
CNYRUBF;5;20260112;143000;11.261;11.264;11.259;11.263;2122
CNYRUBF;5;20260112;143500;11.261;11.266;11.261;11.266;2576
CNYRUBF;5;20260112;144000;11.266;11.272;11.266;11.27;10630
CNYRUBF;5;20260112;144500;11.269;11.269;11.256;11.256;8992
CNYRUBF;5;20260112;145000;11.256;11.271;11.256;11.269;5051
CNYRUBF;5;20260112;145500;11.27;11.274;11.269;11.273;5763
CNYRUBF;5;20260112;150000;11.272;11.276;11.268;11.269;29589
CNYRUBF;5;20260112;150500;11.269;11.269;11.263;11.266;6198
CNYRUBF;5;20260112;151000;11.266;11.266;11.259;11.262;15512
CNYRUBF;5;20260112;151500;11.262;11.268;11.261;11.263;3893
CNYRUBF;5;20260112;152000;11.263;11.264;11.259;11.262;2600
CNYRUBF;5;20260112;152500;11.26;11.263;11.251;11.261;23699
CNYRUBF;5;20260112;153000;11.261;11.272;11.256;11.263;20450
CNYRUBF;5;20260112;153500;11.262;11.263;11.257;11.259;3499
CNYRUBF;5;20260112;154000;11.259;11.26;11.252;11.254;10232
CNYRUBF;5;20260112;154500;11.252;11.282;11.251;11.273;17262
CNYRUBF;5;20260112;155000;11.275;11.281;11.256;11.274;36708
CNYRUBF;5;20260112;155500;11.274;11.289;11.269;11.269;22488
CNYRUBF;5;20260112;160000;11.27;11.275;11.264;11.27;10711
CNYRUBF;5;20260112;160500;11.27;11.28;11.269;11.276;14936
CNYRUBF;5;20260112;161000;11.274;11.277;11.272;11.275;7532
CNYRUBF;5;20260112;161500;11.273;11.277;11.273;11.274;5479
CNYRUBF;5;20260112;162000;11.273;11.273;11.253;11.267;31303
CNYRUBF;5;20260112;162500;11.266;11.274;11.261;11.274;11755
CNYRUBF;5;20260112;163000;11.272;11.281;11.271;11.274;9950
CNYRUBF;5;20260112;163500;11.273;11.274;11.266;11.272;10071
CNYRUBF;5;20260112;164000;11.271;11.285;11.271;11.284;9049
CNYRUBF;5;20260112;164500;11.283;11.3;11.282;11.284;14363
CNYRUBF;5;20260112;165000;11.284;11.288;11.271;11.275;7647
CNYRUBF;5;20260112;165500;11.275;11.286;11.275;11.283;3590
CNYRUBF;5;20260112;170000;11.282;11.286;11.274;11.283;11814
CNYRUBF;5;20260112;170500;11.281;11.286;11.274;11.28;18450
CNYRUBF;5;20260112;171000;11.278;11.282;11.276;11.279;12718
CNYRUBF;5;20260112;171500;11.279;11.282;11.275;11.279;19740
CNYRUBF;5;20260112;172000;11.277;11.283;11.274;11.276;18286
CNYRUBF;5;20260112;172500;11.276;11.285;11.274;11.278;14442
CNYRUBF;5;20260112;173000;11.278;11.28;11.266;11.277;16241
CNYRUBF;5;20260112;173500;11.277;11.28;11.276;11.277;8040
CNYRUBF;5;20260112;174000;11.277;11.282;11.272;11.272;6156
CNYRUBF;5;20260112;174500;11.271;11.277;11.261;11.276;17128
CNYRUBF;5;20260112;175000;11.276;11.278;11.276;11.278;272
CNYRUBF;5;20260112;175500;11.278;11.279;11.274;11.274;2942
CNYRUBF;5;20260112;180000;11.274;11.277;11.268;11.277;6538
CNYRUBF;5;20260112;180500;11.277;11.288;11.276;11.28;22379
CNYRUBF;5;20260112;181000;11.281;11.288;11.276;11.286;12787
CNYRUBF;5;20260112;181500;11.288;11.288;11.278;11.28;17221
CNYRUBF;5;20260112;182000;11.28;11.283;11.278;11.281;1942
CNYRUBF;5;20260112;182500;11.281;11.283;11.276;11.281;2573
CNYRUBF;5;20260112;183000;11.281;11.285;11.278;11.279;8064
CNYRUBF;5;20260112;183500;11.278;11.28;11.277;11.28;561
CNYRUBF;5;20260112;184000;11.279;11.28;11.276;11.279;1229
CNYRUBF;5;20260112;184500;11.277;11.28;11.271;11.275;3721
CNYRUBF;5;20260112;190500;11.276;11.278;11.269;11.273;1512
CNYRUBF;5;20260112;191000;11.273;11.275;11.271;11.275;1506
CNYRUBF;5;20260112;191500;11.275;11.277;11.273;11.275;1919
CNYRUBF;5;20260112;192000;11.275;11.285;11.274;11.278;2499
CNYRUBF;5;20260112;192500;11.279;11.287;11.279;11.285;6570
CNYRUBF;5;20260112;193000;11.285;11.289;11.284;11.289;3261
CNYRUBF;5;20260112;193500;11.288;11.291;11.285;11.285;380
CNYRUBF;5;20260112;194000;11.285;11.288;11.285;11.287;143
CNYRUBF;5;20260112;194500;11.287;11.29;11.287;11.289;283
CNYRUBF;5;20260112;195000;11.287;11.288;11.287;11.287;59
CNYRUBF;5;20260112;195500;11.286;11.287;11.286;11.286;89
CNYRUBF;5;20260112;200000;11.287;11.288;11.284;11.284;2147
CNYRUBF;5;20260112;200500;11.285;11.285;11.284;11.284;711
CNYRUBF;5;20260112;201000;11.284;11.285;11.284;11.284;347
CNYRUBF;5;20260112;201500;11.284;11.284;11.281;11.283;756
CNYRUBF;5;20260112;202000;11.283;11.286;11.283;11.286;411
CNYRUBF;5;20260112;202500;11.287;11.288;11.286;11.287;8
CNYRUBF;5;20260112;203000;11.287;11.288;11.286;11.288;350
CNYRUBF;5;20260112;203500;11.288;11.29;11.288;11.29;881
CNYRUBF;5;20260112;204000;11.29;11.294;11.29;11.294;618
CNYRUBF;5;20260112;204500;11.293;11.294;11.289;11.289;223
CNYRUBF;5;20260112;205000;11.289;11.29;11.288;11.29;111
CNYRUBF;5;20260112;205500;11.29;11.291;11.289;11.289;336
CNYRUBF;5;20260112;210000;11.288;11.289;11.288;11.288;306
CNYRUBF;5;20260112;210500;11.289;11.29;11.288;11.288;612
CNYRUBF;5;20260112;211000;11.29;11.29;11.29;11.29;46
CNYRUBF;5;20260112;211500;11.29;11.29;11.289;11.289;625
CNYRUBF;5;20260112;212000;11.288;11.29;11.288;11.29;391
CNYRUBF;5;20260112;212500;11.289;11.289;11.286;11.286;466
CNYRUBF;5;20260112;213000;11.288;11.288;11.281;11.284;1310
CNYRUBF;5;20260112;213500;11.284;11.284;11.281;11.281;360
CNYRUBF;5;20260112;214000;11.282;11.284;11.282;11.284;121
CNYRUBF;5;20260112;214500;11.281;11.29;11.281;11.29;1441
CNYRUBF;5;20260112;215000;11.286;11.29;11.285;11.289;507
CNYRUBF;5;20260112;215500;11.287;11.287;11.285;11.286;202
CNYRUBF;5;20260112;220000;11.286;11.289;11.283;11.283;345
CNYRUBF;5;20260112;220500;11.283;11.288;11.283;11.288;119
CNYRUBF;5;20260112;221000;11.289;11.291;11.286;11.291;1557
CNYRUBF;5;20260112;221500;11.292;11.308;11.292;11.297;12236
CNYRUBF;5;20260112;222000;11.297;11.298;11.292;11.292;2240
CNYRUBF;5;20260112;222500;11.292;11.297;11.292;11.296;2027
CNYRUBF;5;20260112;223000;11.295;11.296;11.291;11.293;707
CNYRUBF;5;20260112;223500;11.292;11.297;11.292;11.297;349
CNYRUBF;5;20260112;224000;11.297;11.297;11.294;11.294;18
CNYRUBF;5;20260112;224500;11.294;11.298;11.294;11.295;1026
CNYRUBF;5;20260112;225000;11.293;11.298;11.293;11.298;106
CNYRUBF;5;20260112;225500;11.297;11.298;11.295;11.295;253
CNYRUBF;5;20260112;230000;11.296;11.296;11.293;11.293;226
CNYRUBF;5;20260112;230500;11.294;11.297;11.294;11.297;474
CNYRUBF;5;20260112;231000;11.297;11.297;11.294;11.296;80
CNYRUBF;5;20260112;231500;11.296;11.297;11.295;11.295;54
CNYRUBF;5;20260112;232000;11.295;11.296;11.295;11.295;595
CNYRUBF;5;20260112;232500;11.296;11.296;11.295;11.295;327
CNYRUBF;5;20260112;233000;11.294;11.294;11.293;11.294;467
CNYRUBF;5;20260112;233500;11.295;11.295;11.294;11.295;283
CNYRUBF;5;20260112;234000;11.296;11.301;11.296;11.3;803
CNYRUBF;5;20260112;234500;11.3;11.302;11.297;11.302;1050
CNYRUBF;5;20260113;085500;11.303;11.303;11.303;11.303;2
CNYRUBF;5;20260113;090000;11.302;11.306;11.292;11.3;4124
CNYRUBF;5;20260113;090500;11.3;11.3;11.291;11.293;3192
CNYRUBF;5;20260113;091000;11.293;11.298;11.29;11.298;2475
CNYRUBF;5;20260113;091500;11.298;11.313;11.298;11.306;5116
CNYRUBF;5;20260113;092000;11.306;11.307;11.299;11.3;5866
CNYRUBF;5;20260113;092500;11.3;11.301;11.296;11.296;681
CNYRUBF;5;20260113;093000;11.296;11.303;11.289;11.3;3120
CNYRUBF;5;20260113;093500;11.3;11.3;11.281;11.284;9136
CNYRUBF;5;20260113;094000;11.285;11.29;11.285;11.288;381
CNYRUBF;5;20260113;094500;11.288;11.291;11.286;11.29;1152
CNYRUBF;5;20260113;095000;11.289;11.303;11.284;11.303;4491
CNYRUBF;5;20260113;095500;11.303;11.31;11.291;11.295;8281
CNYRUBF;5;20260113;100000;11.294;11.322;11.281;11.315;43369
CNYRUBF;5;20260113;100500;11.315;11.317;11.269;11.274;44084
CNYRUBF;5;20260113;101000;11.276;11.283;11.27;11.278;27437
CNYRUBF;5;20260113;101500;11.279;11.287;11.276;11.279;12300
CNYRUBF;5;20260113;102000;11.279;11.298;11.279;11.288;21150
CNYRUBF;5;20260113;102500;11.288;11.298;11.288;11.296;12785
CNYRUBF;5;20260113;103000;11.297;11.297;11.277;11.279;7687
CNYRUBF;5;20260113;103500;11.279;11.282;11.266;11.277;9349
CNYRUBF;5;20260113;104000;11.278;11.287;11.277;11.279;1778
CNYRUBF;5;20260113;104500;11.28;11.281;11.266;11.272;7710
CNYRUBF;5;20260113;105000;11.274;11.274;11.267;11.273;5270
CNYRUBF;5;20260113;105500;11.273;11.273;11.261;11.271;13774
CNYRUBF;5;20260113;110000;11.271;11.271;11.263;11.264;3342
CNYRUBF;5;20260113;110500;11.266;11.266;11.251;11.251;34927
CNYRUBF;5;20260113;111000;11.252;11.266;11.25;11.256;16462
CNYRUBF;5;20260113;111500;11.257;11.26;11.253;11.26;9150
CNYRUBF;5;20260113;112000;11.26;11.275;11.258;11.267;16463
CNYRUBF;5;20260113;112500;11.269;11.279;11.265;11.272;9880
CNYRUBF;5;20260113;113000;11.272;11.28;11.269;11.271;3869
CNYRUBF;5;20260113;113500;11.271;11.274;11.262;11.269;13167
CNYRUBF;5;20260113;114000;11.268;11.269;11.261;11.266;4049
CNYRUBF;5;20260113;114500;11.267;11.274;11.265;11.267;7999
CNYRUBF;5;20260113;115000;11.268;11.268;11.259;11.263;8866
CNYRUBF;5;20260113;115500;11.263;11.269;11.261;11.269;2831
CNYRUBF;5;20260113;120000;11.269;11.288;11.267;11.281;17651
CNYRUBF;5;20260113;120500;11.282;11.289;11.279;11.283;8455
CNYRUBF;5;20260113;121000;11.284;11.304;11.284;11.292;34647
CNYRUBF;5;20260113;121500;11.294;11.309;11.291;11.301;32787
CNYRUBF;5;20260113;122000;11.301;11.304;11.299;11.3;10428
CNYRUBF;5;20260113;122500;11.301;11.301;11.286;11.294;23220
CNYRUBF;5;20260113;123000;11.294;11.298;11.292;11.296;18125
CNYRUBF;5;20260113;123500;11.296;11.299;11.287;11.288;23050
CNYRUBF;5;20260113;124000;11.288;11.292;11.281;11.29;10853
CNYRUBF;5;20260113;124500;11.29;11.292;11.28;11.287;13334
CNYRUBF;5;20260113;125000;11.288;11.292;11.288;11.291;4139
CNYRUBF;5;20260113;125500;11.291;11.3;11.29;11.297;13125
CNYRUBF;5;20260113;130000;11.298;11.299;11.282;11.286;25558
CNYRUBF;5;20260113;130500;11.287;11.298;11.286;11.296;7626
CNYRUBF;5;20260113;131000;11.297;11.3;11.294;11.294;1498
CNYRUBF;5;20260113;131500;11.294;11.298;11.292;11.298;4547
CNYRUBF;5;20260113;132000;11.298;11.299;11.296;11.297;7223
CNYRUBF;5;20260113;132500;11.296;11.3;11.294;11.298;9107
CNYRUBF;5;20260113;133000;11.299;11.305;11.298;11.303;15431
CNYRUBF;5;20260113;133500;11.303;11.308;11.303;11.304;11220
CNYRUBF;5;20260113;134000;11.306;11.306;11.301;11.302;4922
CNYRUBF;5;20260113;134500;11.303;11.305;11.292;11.295;31836
CNYRUBF;5;20260113;135000;11.295;11.299;11.289;11.29;21901
CNYRUBF;5;20260113;135500;11.291;11.293;11.289;11.291;1893
CNYRUBF;5;20260113;140500;11.292;11.292;11.286;11.288;6908
CNYRUBF;5;20260113;141000;11.289;11.289;11.283;11.285;6508
CNYRUBF;5;20260113;141500;11.285;11.286;11.284;11.286;957
CNYRUBF;5;20260113;142000;11.287;11.287;11.282;11.284;3305
CNYRUBF;5;20260113;142500;11.285;11.296;11.284;11.296;3911
CNYRUBF;5;20260113;143000;11.296;11.297;11.287;11.289;1047
CNYRUBF;5;20260113;143500;11.288;11.288;11.283;11.287;2525
CNYRUBF;5;20260113;144000;11.287;11.29;11.282;11.283;5681
CNYRUBF;5;20260113;144500;11.283;11.286;11.282;11.285;9394
CNYRUBF;5;20260113;145000;11.285;11.288;11.285;11.288;2004
CNYRUBF;5;20260113;145500;11.289;11.289;11.285;11.285;1120
CNYRUBF;5;20260113;150000;11.285;11.286;11.282;11.282;4535
CNYRUBF;5;20260113;150500;11.283;11.286;11.281;11.284;6115
CNYRUBF;5;20260113;151000;11.286;11.286;11.283;11.285;436
CNYRUBF;5;20260113;151500;11.284;11.286;11.284;11.285;1507
CNYRUBF;5;20260113;152000;11.285;11.286;11.283;11.283;1513
CNYRUBF;5;20260113;152500;11.283;11.283;11.281;11.281;1545
CNYRUBF;5;20260113;153000;11.281;11.283;11.271;11.275;20717
CNYRUBF;5;20260113;153500;11.274;11.276;11.271;11.275;6896
CNYRUBF;5;20260113;154000;11.274;11.275;11.267;11.272;13275
CNYRUBF;5;20260113;154500;11.271;11.275;11.27;11.275;6332
CNYRUBF;5;20260113;155000;11.274;11.279;11.273;11.277;8486
CNYRUBF;5;20260113;155500;11.277;11.278;11.276;11.278;1278
CNYRUBF;5;20260113;160000;11.277;11.278;11.273;11.273;2492
CNYRUBF;5;20260113;160500;11.273;11.273;11.263;11.265;13812
CNYRUBF;5;20260113;161000;11.264;11.266;11.263;11.266;2384
CNYRUBF;5;20260113;161500;11.265;11.266;11.262;11.262;4275
CNYRUBF;5;20260113;162000;11.262;11.263;11.247;11.254;33425
CNYRUBF;5;20260113;162500;11.253;11.262;11.249;11.258;40667
CNYRUBF;5;20260113;163000;11.258;11.26;11.254;11.255;18665
CNYRUBF;5;20260113;163500;11.256;11.261;11.255;11.255;20053
CNYRUBF;5;20260113;164000;11.255;11.262;11.255;11.26;14846
CNYRUBF;5;20260113;164500;11.258;11.264;11.258;11.262;9534
CNYRUBF;5;20260113;165000;11.262;11.264;11.258;11.263;14273
CNYRUBF;5;20260113;165500;11.262;11.267;11.261;11.261;22723
CNYRUBF;5;20260113;170000;11.261;11.262;11.256;11.26;14756
CNYRUBF;5;20260113;170500;11.26;11.263;11.256;11.256;2334
CNYRUBF;5;20260113;171000;11.257;11.261;11.257;11.26;5719
CNYRUBF;5;20260113;171500;11.26;11.282;11.26;11.278;36503
CNYRUBF;5;20260113;172000;11.278;11.28;11.27;11.276;5068
CNYRUBF;5;20260113;172500;11.275;11.276;11.271;11.273;20737
CNYRUBF;5;20260113;173000;11.273;11.276;11.272;11.275;8904
CNYRUBF;5;20260113;173500;11.274;11.275;11.271;11.272;14065
CNYRUBF;5;20260113;174000;11.271;11.277;11.267;11.268;20268
CNYRUBF;5;20260113;174500;11.268;11.27;11.257;11.263;27872
CNYRUBF;5;20260113;175000;11.264;11.273;11.263;11.273;12285
CNYRUBF;5;20260113;175500;11.273;11.277;11.273;11.273;14133
CNYRUBF;5;20260113;180000;11.276;11.282;11.275;11.279;40356
CNYRUBF;5;20260113;180500;11.279;11.283;11.267;11.269;36605
CNYRUBF;5;20260113;181000;11.27;11.274;11.261;11.274;14832
CNYRUBF;5;20260113;181500;11.275;11.286;11.273;11.286;15983
CNYRUBF;5;20260113;182000;11.286;11.297;11.282;11.293;52557
CNYRUBF;5;20260113;182500;11.291;11.299;11.285;11.288;28485
CNYRUBF;5;20260113;183000;11.288;11.293;11.287;11.289;4716
CNYRUBF;5;20260113;183500;11.289;11.291;11.286;11.286;5593
CNYRUBF;5;20260113;184000;11.288;11.29;11.285;11.286;4131
CNYRUBF;5;20260113;184500;11.287;11.288;11.277;11.284;5458
CNYRUBF;5;20260113;190500;11.285;11.29;11.284;11.289;5822
CNYRUBF;5;20260113;191000;11.289;11.291;11.282;11.282;2372
CNYRUBF;5;20260113;191500;11.282;11.284;11.271;11.283;4351
CNYRUBF;5;20260113;192000;11.283;11.291;11.283;11.287;665
CNYRUBF;5;20260113;192500;11.287;11.288;11.283;11.286;717
CNYRUBF;5;20260113;193000;11.288;11.291;11.286;11.288;1546
CNYRUBF;5;20260113;193500;11.286;11.289;11.283;11.283;330
CNYRUBF;5;20260113;194000;11.285;11.285;11.284;11.285;268
CNYRUBF;5;20260113;194500;11.284;11.284;11.28;11.282;433
CNYRUBF;5;20260113;195000;11.28;11.284;11.28;11.283;2194
CNYRUBF;5;20260113;195500;11.285;11.285;11.283;11.285;1257
CNYRUBF;5;20260113;200000;11.284;11.286;11.279;11.281;1246
CNYRUBF;5;20260113;200500;11.278;11.278;11.273;11.274;841
CNYRUBF;5;20260113;201000;11.273;11.273;11.269;11.27;2002
CNYRUBF;5;20260113;201500;11.27;11.272;11.27;11.272;890
CNYRUBF;5;20260113;202000;11.271;11.282;11.271;11.281;2392
CNYRUBF;5;20260113;202500;11.281;11.281;11.278;11.278;70
CNYRUBF;5;20260113;203000;11.278;11.281;11.278;11.279;377
CNYRUBF;5;20260113;203500;11.279;11.28;11.279;11.28;156
CNYRUBF;5;20260113;204000;11.28;11.281;11.27;11.27;1394
CNYRUBF;5;20260113;204500;11.27;11.277;11.269;11.277;1354
CNYRUBF;5;20260113;205000;11.276;11.276;11.273;11.273;511
CNYRUBF;5;20260113;205500;11.272;11.272;11.269;11.269;1722
CNYRUBF;5;20260113;210000;11.27;11.273;11.268;11.273;2224
CNYRUBF;5;20260113;210500;11.272;11.276;11.272;11.276;153
CNYRUBF;5;20260113;211000;11.275;11.278;11.275;11.278;2374
CNYRUBF;5;20260113;211500;11.279;11.281;11.279;11.28;1993
CNYRUBF;5;20260113;212000;11.28;11.28;11.278;11.28;296
CNYRUBF;5;20260113;212500;11.279;11.279;11.273;11.273;1502
CNYRUBF;5;20260113;213000;11.273;11.274;11.272;11.272;1198
CNYRUBF;5;20260113;213500;11.272;11.273;11.272;11.273;152
CNYRUBF;5;20260113;214000;11.273;11.273;11.273;11.273;65
CNYRUBF;5;20260113;214500;11.272;11.277;11.272;11.276;121
CNYRUBF;5;20260113;215000;11.276;11.277;11.276;11.276;1118
CNYRUBF;5;20260113;215500;11.276;11.279;11.274;11.274;1009
CNYRUBF;5;20260113;220000;11.277;11.279;11.276;11.276;551
CNYRUBF;5;20260113;220500;11.276;11.278;11.275;11.276;842
CNYRUBF;5;20260113;221000;11.276;11.279;11.276;11.279;714
CNYRUBF;5;20260113;221500;11.279;11.285;11.279;11.285;1952
CNYRUBF;5;20260113;222000;11.284;11.284;11.277;11.277;894
CNYRUBF;5;20260113;222500;11.278;11.278;11.27;11.27;4969
CNYRUBF;5;20260113;223000;11.271;11.272;11.268;11.272;5049
CNYRUBF;5;20260113;223500;11.272;11.273;11.269;11.273;353
CNYRUBF;5;20260113;224000;11.274;11.281;11.274;11.277;391
CNYRUBF;5;20260113;224500;11.278;11.28;11.278;11.28;685
CNYRUBF;5;20260113;225000;11.28;11.28;11.276;11.276;83
CNYRUBF;5;20260113;225500;11.275;11.278;11.274;11.278;222
CNYRUBF;5;20260113;230000;11.277;11.279;11.276;11.276;1816
CNYRUBF;5;20260113;230500;11.278;11.279;11.278;11.279;214
CNYRUBF;5;20260113;231000;11.279;11.279;11.276;11.276;72
CNYRUBF;5;20260113;231500;11.276;11.279;11.275;11.275;208
CNYRUBF;5;20260113;232000;11.274;11.276;11.272;11.275;590
CNYRUBF;5;20260113;232500;11.274;11.274;11.272;11.272;64
CNYRUBF;5;20260113;233000;11.274;11.275;11.274;11.275;411
CNYRUBF;5;20260113;233500;11.275;11.276;11.275;11.275;219
CNYRUBF;5;20260113;234000;11.275;11.277;11.274;11.277;538
CNYRUBF;5;20260113;234500;11.277;11.281;11.274;11.275;2966
CNYRUBF;5;20260114;090000;11.277;11.286;11.274;11.276;2605
CNYRUBF;5;20260114;090500;11.276;11.277;11.273;11.275;1339
CNYRUBF;5;20260114;091000;11.275;11.278;11.272;11.273;1457
CNYRUBF;5;20260114;091500;11.272;11.278;11.265;11.277;4079
CNYRUBF;5;20260114;092000;11.278;11.284;11.278;11.278;1646
CNYRUBF;5;20260114;092500;11.278;11.279;11.274;11.275;1770
CNYRUBF;5;20260114;093000;11.275;11.286;11.265;11.28;5871
CNYRUBF;5;20260114;093500;11.28;11.284;11.275;11.275;513
CNYRUBF;5;20260114;094000;11.275;11.276;11.272;11.272;163
CNYRUBF;5;20260114;094500;11.272;11.284;11.272;11.282;1209
CNYRUBF;5;20260114;095000;11.282;11.286;11.274;11.285;5360
CNYRUBF;5;20260114;095500;11.285;11.286;11.276;11.284;7278
CNYRUBF;5;20260114;100000;11.283;11.313;11.281;11.309;81850
CNYRUBF;5;20260114;100500;11.31;11.319;11.279;11.29;46653
CNYRUBF;5;20260114;101000;11.29;11.297;11.276;11.278;22753
CNYRUBF;5;20260114;101500;11.277;11.282;11.275;11.282;28158
CNYRUBF;5;20260114;102000;11.282;11.282;11.273;11.275;19431
CNYRUBF;5;20260114;102500;11.276;11.276;11.257;11.271;25427
CNYRUBF;5;20260114;103000;11.272;11.279;11.269;11.271;19864
CNYRUBF;5;20260114;103500;11.273;11.274;11.264;11.272;43801
CNYRUBF;5;20260114;104000;11.272;11.279;11.269;11.271;3539
CNYRUBF;5;20260114;104500;11.272;11.278;11.27;11.274;4877
CNYRUBF;5;20260114;105000;11.276;11.276;11.27;11.272;4285
CNYRUBF;5;20260114;105500;11.272;11.276;11.271;11.274;7633
CNYRUBF;5;20260114;110000;11.275;11.276;11.27;11.275;6521
CNYRUBF;5;20260114;110500;11.276;11.28;11.272;11.279;12586
CNYRUBF;5;20260114;111000;11.279;11.279;11.266;11.269;15967
CNYRUBF;5;20260114;111500;11.27;11.273;11.261;11.266;18680
CNYRUBF;5;20260114;112000;11.266;11.266;11.26;11.265;10022
CNYRUBF;5;20260114;112500;11.264;11.267;11.263;11.264;10405
CNYRUBF;5;20260114;113000;11.266;11.268;11.25;11.251;26228
CNYRUBF;5;20260114;113500;11.252;11.252;11.235;11.244;71904
CNYRUBF;5;20260114;114000;11.245;11.248;11.241;11.246;9114
CNYRUBF;5;20260114;114500;11.246;11.246;11.235;11.237;13022
CNYRUBF;5;20260114;115000;11.239;11.242;11.235;11.24;37145
CNYRUBF;5;20260114;115500;11.24;11.247;11.236;11.243;10981
CNYRUBF;5;20260114;120000;11.242;11.256;11.24;11.248;20518
CNYRUBF;5;20260114;120500;11.248;11.254;11.248;11.252;5183
CNYRUBF;5;20260114;121000;11.253;11.258;11.252;11.257;2420
CNYRUBF;5;20260114;121500;11.257;11.257;11.246;11.249;10287
CNYRUBF;5;20260114;122000;11.249;11.256;11.248;11.251;11523
CNYRUBF;5;20260114;122500;11.25;11.251;11.247;11.248;2125
CNYRUBF;5;20260114;123000;11.248;11.254;11.248;11.25;2428
CNYRUBF;5;20260114;123500;11.251;11.253;11.25;11.252;6204
CNYRUBF;5;20260114;124000;11.253;11.256;11.252;11.255;1493
CNYRUBF;5;20260114;124500;11.255;11.256;11.252;11.255;2543
CNYRUBF;5;20260114;125000;11.255;11.259;11.254;11.254;16247
CNYRUBF;5;20260114;125500;11.256;11.264;11.254;11.263;20784
CNYRUBF;5;20260114;130000;11.263;11.267;11.259;11.259;6370
CNYRUBF;5;20260114;130500;11.26;11.26;11.252;11.255;23105
CNYRUBF;5;20260114;131000;11.256;11.257;11.251;11.254;2359
CNYRUBF;5;20260114;131500;11.253;11.262;11.253;11.259;2623
CNYRUBF;5;20260114;132000;11.26;11.26;11.251;11.253;3404
CNYRUBF;5;20260114;132500;11.252;11.253;11.244;11.246;34802
CNYRUBF;5;20260114;133000;11.248;11.254;11.245;11.25;4373
CNYRUBF;5;20260114;133500;11.248;11.251;11.247;11.248;2052
CNYRUBF;5;20260114;134000;11.247;11.248;11.241;11.244;9727
CNYRUBF;5;20260114;134500;11.244;11.245;11.241;11.244;3437
CNYRUBF;5;20260114;135000;11.242;11.243;11.224;11.227;26002
CNYRUBF;5;20260114;135500;11.227;11.239;11.217;11.224;46354
CNYRUBF;5;20260114;140500;11.224;11.228;11.2;11.215;47158
CNYRUBF;5;20260114;141000;11.215;11.218;11.21;11.215;17168
CNYRUBF;5;20260114;141500;11.215;11.247;11.211;11.223;110349
CNYRUBF;5;20260114;142000;11.222;11.227;11.214;11.224;38131
CNYRUBF;5;20260114;142500;11.225;11.225;11.216;11.221;16685
CNYRUBF;5;20260114;143000;11.221;11.225;11.22;11.225;4613
CNYRUBF;5;20260114;143500;11.226;11.231;11.226;11.23;4302
CNYRUBF;5;20260114;144000;11.231;11.232;11.229;11.229;2468
CNYRUBF;5;20260114;144500;11.229;11.244;11.222;11.241;24603
CNYRUBF;5;20260114;145000;11.241;11.242;11.233;11.236;9435
CNYRUBF;5;20260114;145500;11.234;11.236;11.234;11.235;544
CNYRUBF;5;20260114;150000;11.235;11.24;11.231;11.232;6088
CNYRUBF;5;20260114;150500;11.232;11.236;11.231;11.233;15794
CNYRUBF;5;20260114;151000;11.233;11.233;11.231;11.232;4529
CNYRUBF;5;20260114;151500;11.231;11.239;11.231;11.234;6591
CNYRUBF;5;20260114;152000;11.234;11.236;11.233;11.235;7037
CNYRUBF;5;20260114;152500;11.234;11.236;11.226;11.233;20086
CNYRUBF;5;20260114;153000;11.233;11.237;11.231;11.231;11460
CNYRUBF;5;20260114;153500;11.231;11.235;11.23;11.233;17530
CNYRUBF;5;20260114;154000;11.233;11.238;11.233;11.235;19610
CNYRUBF;5;20260114;154500;11.234;11.237;11.227;11.227;8060
CNYRUBF;5;20260114;155000;11.227;11.231;11.226;11.23;3264
CNYRUBF;5;20260114;155500;11.231;11.232;11.229;11.231;2861
CNYRUBF;5;20260114;160000;11.229;11.231;11.222;11.224;1880
CNYRUBF;5;20260114;160500;11.223;11.224;11.217;11.223;3174
CNYRUBF;5;20260114;161000;11.221;11.223;11.217;11.22;1834
CNYRUBF;5;20260114;161500;11.22;11.221;11.187;11.216;66643
CNYRUBF;5;20260114;162000;11.216;11.216;11.21;11.211;8915
CNYRUBF;5;20260114;162500;11.211;11.219;11.209;11.214;3241
CNYRUBF;5;20260114;163000;11.215;11.217;11.211;11.215;7964
CNYRUBF;5;20260114;163500;11.215;11.215;11.211;11.212;3783
CNYRUBF;5;20260114;164000;11.211;11.213;11.204;11.204;5755
CNYRUBF;5;20260114;164500;11.203;11.205;11.187;11.205;36756
CNYRUBF;5;20260114;165000;11.204;11.211;11.2;11.21;7099
CNYRUBF;5;20260114;165500;11.209;11.212;11.203;11.205;7263
CNYRUBF;5;20260114;170000;11.203;11.204;11.195;11.202;16101
CNYRUBF;5;20260114;170500;11.201;11.206;11.198;11.201;9400
CNYRUBF;5;20260114;171000;11.2;11.208;11.2;11.206;5533
CNYRUBF;5;20260114;171500;11.204;11.207;11.202;11.204;1178
CNYRUBF;5;20260114;172000;11.203;11.206;11.2;11.201;5846
CNYRUBF;5;20260114;172500;11.202;11.203;11.191;11.201;8334
CNYRUBF;5;20260114;173000;11.201;11.217;11.195;11.212;28045
CNYRUBF;5;20260114;173500;11.211;11.217;11.211;11.217;13751
CNYRUBF;5;20260114;174000;11.216;11.225;11.216;11.221;12116
CNYRUBF;5;20260114;174500;11.22;11.224;11.219;11.223;3707
CNYRUBF;5;20260114;175000;11.222;11.226;11.219;11.225;4446
CNYRUBF;5;20260114;175500;11.225;11.226;11.222;11.224;16321
CNYRUBF;5;20260114;180000;11.225;11.228;11.224;11.225;5311
CNYRUBF;5;20260114;180500;11.226;11.226;11.223;11.226;15213
CNYRUBF;5;20260114;181000;11.226;11.25;11.224;11.227;49471
CNYRUBF;5;20260114;181500;11.225;11.227;11.223;11.224;10404
CNYRUBF;5;20260114;182000;11.226;11.227;11.22;11.226;11496
CNYRUBF;5;20260114;182500;11.226;11.232;11.224;11.226;7505
CNYRUBF;5;20260114;183000;11.224;11.227;11.224;11.224;6662
CNYRUBF;5;20260114;183500;11.225;11.227;11.221;11.222;7501
CNYRUBF;5;20260114;184000;11.221;11.221;11.165;11.21;131662
CNYRUBF;5;20260114;184500;11.207;11.223;11.207;11.209;34451
CNYRUBF;5;20260114;190500;11.214;11.219;11.209;11.211;4946
CNYRUBF;5;20260114;191000;11.21;11.216;11.21;11.215;459
CNYRUBF;5;20260114;191500;11.215;11.223;11.215;11.223;2954
CNYRUBF;5;20260114;192000;11.222;11.223;11.211;11.212;3714
CNYRUBF;5;20260114;192500;11.212;11.215;11.209;11.212;3196
CNYRUBF;5;20260114;193000;11.21;11.211;11.207;11.211;1837
CNYRUBF;5;20260114;193500;11.208;11.215;11.208;11.215;958
CNYRUBF;5;20260114;194000;11.213;11.213;11.211;11.213;675
CNYRUBF;5;20260114;194500;11.213;11.213;11.209;11.212;654
CNYRUBF;5;20260114;195000;11.213;11.217;11.211;11.217;763
CNYRUBF;5;20260114;195500;11.214;11.22;11.214;11.22;1419
CNYRUBF;5;20260114;200000;11.218;11.221;11.217;11.217;343
CNYRUBF;5;20260114;200500;11.217;11.217;11.213;11.215;2069
CNYRUBF;5;20260114;201000;11.215;11.216;11.213;11.213;265
CNYRUBF;5;20260114;201500;11.216;11.216;11.21;11.21;139
CNYRUBF;5;20260114;202000;11.21;11.219;11.21;11.216;1376
CNYRUBF;5;20260114;202500;11.215;11.217;11.214;11.216;1735
CNYRUBF;5;20260114;203000;11.213;11.213;11.208;11.211;562
CNYRUBF;5;20260114;203500;11.21;11.214;11.21;11.214;234
CNYRUBF;5;20260114;204000;11.215;11.217;11.213;11.215;1370
CNYRUBF;5;20260114;204500;11.215;11.221;11.215;11.221;867
CNYRUBF;5;20260114;205000;11.22;11.221;11.218;11.22;148
CNYRUBF;5;20260114;205500;11.22;11.22;11.217;11.218;127
CNYRUBF;5;20260114;210000;11.218;11.22;11.217;11.22;293
CNYRUBF;5;20260114;210500;11.221;11.225;11.221;11.221;2066
CNYRUBF;5;20260114;211000;11.22;11.221;11.214;11.214;1785
CNYRUBF;5;20260114;211500;11.214;11.214;11.209;11.209;2456
CNYRUBF;5;20260114;212000;11.21;11.21;11.204;11.206;2252
CNYRUBF;5;20260114;212500;11.206;11.212;11.206;11.209;1460
CNYRUBF;5;20260114;213000;11.209;11.21;11.209;11.21;126
CNYRUBF;5;20260114;213500;11.21;11.21;11.209;11.209;52
CNYRUBF;5;20260114;214000;11.209;11.21;11.208;11.21;248
CNYRUBF;5;20260114;214500;11.21;11.211;11.208;11.211;401
CNYRUBF;5;20260114;215000;11.211;11.211;11.209;11.209;102
CNYRUBF;5;20260114;215500;11.209;11.209;11.208;11.209;269
CNYRUBF;5;20260114;220000;11.21;11.212;11.209;11.212;500
CNYRUBF;5;20260114;220500;11.21;11.211;11.208;11.209;1228
CNYRUBF;5;20260114;221000;11.208;11.209;11.19;11.196;11436
CNYRUBF;5;20260114;221500;11.196;11.196;11.175;11.19;20596
CNYRUBF;5;20260114;222000;11.188;11.192;11.182;11.187;3671
CNYRUBF;5;20260114;222500;11.186;11.191;11.186;11.189;2005
CNYRUBF;5;20260114;223000;11.19;11.191;11.188;11.188;2762
CNYRUBF;5;20260114;223500;11.19;11.191;11.189;11.191;1515
CNYRUBF;5;20260114;224000;11.19;11.191;11.189;11.189;1857
CNYRUBF;5;20260114;224500;11.189;11.19;11.189;11.19;2819
CNYRUBF;5;20260114;225000;11.189;11.19;11.189;11.19;934
CNYRUBF;5;20260114;225500;11.19;11.191;11.188;11.189;619
CNYRUBF;5;20260114;230000;11.19;11.192;11.189;11.191;1830
CNYRUBF;5;20260114;230500;11.191;11.191;11.189;11.191;1545
CNYRUBF;5;20260114;231000;11.191;11.196;11.19;11.196;1914
CNYRUBF;5;20260114;231500;11.197;11.198;11.195;11.198;441
CNYRUBF;5;20260114;232000;11.198;11.198;11.195;11.196;433
CNYRUBF;5;20260114;232500;11.196;11.196;11.19;11.194;1390
CNYRUBF;5;20260114;233000;11.195;11.196;11.193;11.196;420
CNYRUBF;5;20260114;233500;11.196;11.196;11.194;11.196;555
CNYRUBF;5;20260114;234000;11.195;11.197;11.191;11.192;1232
CNYRUBF;5;20260114;234500;11.193;11.195;11.19;11.195;1154
CNYRUBF;5;20260115;085500;11.21;11.21;11.21;11.21;300
CNYRUBF;5;20260115;090000;11.202;11.232;11.2;11.226;30242
CNYRUBF;5;20260115;090500;11.22;11.231;11.212;11.229;5033
CNYRUBF;5;20260115;091000;11.228;11.245;11.228;11.233;22502
CNYRUBF;5;20260115;091500;11.234;11.242;11.221;11.227;13808
CNYRUBF;5;20260115;092000;11.228;11.236;11.221;11.236;19167
CNYRUBF;5;20260115;092500;11.236;11.236;11.228;11.231;1010
CNYRUBF;5;20260115;093000;11.229;11.233;11.228;11.228;153
CNYRUBF;5;20260115;093500;11.228;11.228;11.217;11.224;2070
CNYRUBF;5;20260115;094000;11.225;11.242;11.222;11.227;8750
CNYRUBF;5;20260115;094500;11.226;11.233;11.226;11.233;779
CNYRUBF;5;20260115;095000;11.233;11.245;11.227;11.235;5467
CNYRUBF;5;20260115;095500;11.235;11.235;11.224;11.226;535
CNYRUBF;5;20260115;100000;11.224;11.249;11.222;11.231;75935
CNYRUBF;5;20260115;100500;11.231;11.24;11.214;11.214;20815
CNYRUBF;5;20260115;101000;11.216;11.224;11.202;11.216;26854
CNYRUBF;5;20260115;101500;11.217;11.226;11.217;11.222;6810
CNYRUBF;5;20260115;102000;11.223;11.228;11.207;11.209;22944
CNYRUBF;5;20260115;102500;11.21;11.216;11.21;11.216;11884
CNYRUBF;5;20260115;103000;11.216;11.224;11.216;11.222;10603
CNYRUBF;5;20260115;103500;11.223;11.225;11.217;11.219;17031
CNYRUBF;5;20260115;104000;11.22;11.223;11.206;11.208;9922
CNYRUBF;5;20260115;104500;11.208;11.216;11.206;11.212;7902
CNYRUBF;5;20260115;105000;11.213;11.213;11.208;11.211;5141
CNYRUBF;5;20260115;105500;11.212;11.218;11.21;11.213;9128
CNYRUBF;5;20260115;110000;11.214;11.22;11.212;11.214;11139
CNYRUBF;5;20260115;110500;11.217;11.22;11.213;11.216;4138
CNYRUBF;5;20260115;111000;11.215;11.217;11.213;11.215;1218
CNYRUBF;5;20260115;111500;11.217;11.224;11.216;11.217;18053
CNYRUBF;5;20260115;112000;11.219;11.221;11.215;11.22;11752
CNYRUBF;5;20260115;112500;11.22;11.235;11.22;11.23;11799
CNYRUBF;5;20260115;113000;11.231;11.231;11.218;11.223;15722
CNYRUBF;5;20260115;113500;11.223;11.232;11.221;11.232;14093
CNYRUBF;5;20260115;114000;11.232;11.233;11.224;11.225;6068
CNYRUBF;5;20260115;114500;11.226;11.234;11.226;11.228;11427
CNYRUBF;5;20260115;115000;11.228;11.242;11.228;11.24;38967
CNYRUBF;5;20260115;115500;11.24;11.242;11.233;11.238;28428
CNYRUBF;5;20260115;120000;11.24;11.247;11.236;11.243;39602
CNYRUBF;5;20260115;120500;11.243;11.26;11.24;11.256;85388
CNYRUBF;5;20260115;121000;11.256;11.268;11.256;11.259;82886
CNYRUBF;5;20260115;121500;11.26;11.264;11.252;11.263;42160
CNYRUBF;5;20260115;122000;11.263;11.264;11.253;11.258;15889
CNYRUBF;5;20260115;122500;11.26;11.26;11.255;11.256;22391
CNYRUBF;5;20260115;123000;11.256;11.263;11.256;11.261;26681
CNYRUBF;5;20260115;123500;11.262;11.262;11.25;11.261;20854
CNYRUBF;5;20260115;124000;11.262;11.264;11.259;11.262;10291
CNYRUBF;5;20260115;124500;11.263;11.263;11.258;11.261;6501
CNYRUBF;5;20260115;125000;11.263;11.263;11.254;11.254;11797
CNYRUBF;5;20260115;125500;11.255;11.258;11.255;11.257;8192
CNYRUBF;5;20260115;130000;11.258;11.26;11.254;11.254;10879
CNYRUBF;5;20260115;130500;11.255;11.259;11.253;11.254;13771
CNYRUBF;5;20260115;131000;11.256;11.257;11.253;11.255;2299
CNYRUBF;5;20260115;131500;11.257;11.259;11.257;11.259;2882
CNYRUBF;5;20260115;132000;11.259;11.263;11.259;11.26;13203
CNYRUBF;5;20260115;132500;11.26;11.263;11.258;11.262;5873
CNYRUBF;5;20260115;133000;11.262;11.269;11.262;11.267;31041
CNYRUBF;5;20260115;133500;11.268;11.275;11.267;11.271;27245
CNYRUBF;5;20260115;134000;11.272;11.276;11.268;11.271;13691
CNYRUBF;5;20260115;134500;11.271;11.277;11.271;11.273;16824
CNYRUBF;5;20260115;135000;11.274;11.279;11.273;11.277;18791
CNYRUBF;5;20260115;135500;11.278;11.278;11.272;11.276;12920
CNYRUBF;5;20260115;140500;11.277;11.279;11.275;11.278;12533
CNYRUBF;5;20260115;141000;11.278;11.282;11.274;11.281;27477
CNYRUBF;5;20260115;141500;11.281;11.283;11.275;11.28;18175
CNYRUBF;5;20260115;142000;11.28;11.282;11.277;11.278;25457
CNYRUBF;5;20260115;142500;11.278;11.282;11.275;11.28;28570
CNYRUBF;5;20260115;143000;11.28;11.282;11.277;11.279;22681
CNYRUBF;5;20260115;143500;11.279;11.279;11.276;11.278;17599
CNYRUBF;5;20260115;144000;11.278;11.28;11.269;11.273;23055
CNYRUBF;5;20260115;144500;11.272;11.277;11.268;11.27;14591
CNYRUBF;5;20260115;145000;11.269;11.277;11.269;11.277;13578
CNYRUBF;5;20260115;145500;11.276;11.278;11.272;11.274;5912
CNYRUBF;5;20260115;150000;11.275;11.275;11.269;11.272;20994
CNYRUBF;5;20260115;150500;11.273;11.279;11.266;11.275;19597
CNYRUBF;5;20260115;151000;11.275;11.277;11.268;11.273;5466
CNYRUBF;5;20260115;151500;11.273;11.273;11.266;11.266;3391
CNYRUBF;5;20260115;152000;11.266;11.268;11.258;11.262;14098
CNYRUBF;5;20260115;152500;11.263;11.264;11.257;11.26;8481
CNYRUBF;5;20260115;153000;11.26;11.262;11.252;11.253;7043
CNYRUBF;5;20260115;153500;11.253;11.255;11.243;11.247;20849
CNYRUBF;5;20260115;154000;11.247;11.25;11.243;11.249;11862
CNYRUBF;5;20260115;154500;11.25;11.256;11.243;11.244;34092
CNYRUBF;5;20260115;155000;11.244;11.25;11.235;11.249;22997
CNYRUBF;5;20260115;155500;11.249;11.25;11.247;11.25;4719
CNYRUBF;5;20260115;160000;11.251;11.251;11.228;11.232;42144
CNYRUBF;5;20260115;160500;11.232;11.239;11.229;11.236;10284
CNYRUBF;5;20260115;161000;11.238;11.244;11.235;11.243;6969
CNYRUBF;5;20260115;161500;11.244;11.244;11.237;11.24;10991
CNYRUBF;5;20260115;162000;11.241;11.243;11.238;11.243;3125
CNYRUBF;5;20260115;162500;11.243;11.244;11.235;11.237;3148
CNYRUBF;5;20260115;163000;11.238;11.238;11.231;11.233;1552
CNYRUBF;5;20260115;163500;11.232;11.239;11.228;11.229;11180
CNYRUBF;5;20260115;164000;11.229;11.232;11.228;11.232;13388
CNYRUBF;5;20260115;164500;11.233;11.233;11.223;11.223;14463
CNYRUBF;5;20260115;165000;11.224;11.224;11.21;11.217;18880
CNYRUBF;5;20260115;165500;11.216;11.223;11.212;11.219;8237
CNYRUBF;5;20260115;170000;11.22;11.22;11.193;11.2;161591
CNYRUBF;5;20260115;170500;11.199;11.2;11.166;11.17;156267
CNYRUBF;5;20260115;171000;11.17;11.176;11.144;11.154;139807
CNYRUBF;5;20260115;171500;11.152;11.163;11.136;11.156;93864
CNYRUBF;5;20260115;172000;11.155;11.171;11.152;11.163;52940
CNYRUBF;5;20260115;172500;11.165;11.165;11.149;11.149;26152
CNYRUBF;5;20260115;173000;11.15;11.164;11.141;11.16;37831
CNYRUBF;5;20260115;173500;11.16;11.187;11.159;11.179;54162
CNYRUBF;5;20260115;174000;11.178;11.181;11.167;11.169;20173
CNYRUBF;5;20260115;174500;11.172;11.179;11.17;11.171;9768
CNYRUBF;5;20260115;175000;11.171;11.183;11.169;11.18;5427
CNYRUBF;5;20260115;175500;11.18;11.181;11.176;11.177;6067
CNYRUBF;5;20260115;180000;11.178;11.188;11.175;11.184;22240
CNYRUBF;5;20260115;180500;11.185;11.19;11.183;11.189;15486
CNYRUBF;5;20260115;181000;11.189;11.19;11.183;11.189;20546
CNYRUBF;5;20260115;181500;11.189;11.19;11.184;11.189;38498
CNYRUBF;5;20260115;182000;11.189;11.19;11.171;11.174;12335
CNYRUBF;5;20260115;182500;11.175;11.179;11.164;11.164;35274
CNYRUBF;5;20260115;183000;11.165;11.173;11.158;11.16;14145
CNYRUBF;5;20260115;183500;11.163;11.166;11.159;11.163;4904
CNYRUBF;5;20260115;184000;11.162;11.17;11.162;11.17;9044
CNYRUBF;5;20260115;184500;11.167;11.172;11.163;11.163;2905
CNYRUBF;5;20260115;190500;11.175;11.21;11.167;11.184;17595
CNYRUBF;5;20260115;191000;11.184;11.187;11.181;11.181;3463
CNYRUBF;5;20260115;191500;11.181;11.181;11.159;11.173;13629
CNYRUBF;5;20260115;192000;11.174;11.181;11.17;11.173;2714
CNYRUBF;5;20260115;192500;11.172;11.174;11.162;11.17;3242
CNYRUBF;5;20260115;193000;11.169;11.173;11.168;11.17;1692
CNYRUBF;5;20260115;193500;11.17;11.171;11.167;11.17;2405
CNYRUBF;5;20260115;194000;11.17;11.171;11.165;11.17;2008
CNYRUBF;5;20260115;194500;11.17;11.172;11.166;11.168;4010
CNYRUBF;5;20260115;195000;11.169;11.171;11.169;11.17;853
CNYRUBF;5;20260115;195500;11.17;11.171;11.169;11.169;605
CNYRUBF;5;20260115;200000;11.169;11.17;11.166;11.167;942
CNYRUBF;5;20260115;200500;11.167;11.172;11.167;11.168;832
CNYRUBF;5;20260115;201000;11.169;11.17;11.169;11.17;309
CNYRUBF;5;20260115;201500;11.17;11.175;11.17;11.174;1198
CNYRUBF;5;20260115;202000;11.174;11.174;11.171;11.171;428
CNYRUBF;5;20260115;202500;11.172;11.173;11.171;11.172;352
CNYRUBF;5;20260115;203000;11.172;11.204;11.172;11.188;26676
CNYRUBF;5;20260115;203500;11.186;11.186;11.178;11.178;643
CNYRUBF;5;20260115;204000;11.179;11.183;11.178;11.18;2161
CNYRUBF;5;20260115;204500;11.183;11.183;11.178;11.179;350
CNYRUBF;5;20260115;205000;11.18;11.18;11.169;11.17;1377
CNYRUBF;5;20260115;205500;11.171;11.172;11.171;11.172;302
CNYRUBF;5;20260115;210000;11.173;11.173;11.172;11.173;108
CNYRUBF;5;20260115;210500;11.173;11.174;11.172;11.172;1336
CNYRUBF;5;20260115;211000;11.172;11.173;11.167;11.167;750
CNYRUBF;5;20260115;211500;11.167;11.168;11.164;11.167;2085
CNYRUBF;5;20260115;212000;11.167;11.168;11.165;11.165;422
CNYRUBF;5;20260115;212500;11.167;11.171;11.167;11.17;170
CNYRUBF;5;20260115;213000;11.17;11.17;11.167;11.167;664
CNYRUBF;5;20260115;213500;11.168;11.172;11.167;11.17;212
CNYRUBF;5;20260115;214000;11.168;11.171;11.167;11.168;226
CNYRUBF;5;20260115;214500;11.169;11.169;11.168;11.168;12
CNYRUBF;5;20260115;215000;11.168;11.172;11.167;11.172;375
CNYRUBF;5;20260115;215500;11.172;11.173;11.17;11.172;454
CNYRUBF;5;20260115;220000;11.174;11.174;11.172;11.173;141
CNYRUBF;5;20260115;220500;11.173;11.174;11.172;11.174;423
CNYRUBF;5;20260115;221000;11.173;11.174;11.168;11.168;1066
CNYRUBF;5;20260115;221500;11.168;11.174;11.167;11.173;1015
CNYRUBF;5;20260115;222000;11.174;11.175;11.172;11.172;1218
CNYRUBF;5;20260115;222500;11.173;11.175;11.166;11.168;3777
CNYRUBF;5;20260115;223000;11.168;11.174;11.166;11.171;3067
CNYRUBF;5;20260115;223500;11.173;11.175;11.173;11.175;189
CNYRUBF;5;20260115;224000;11.175;11.176;11.175;11.175;314
CNYRUBF;5;20260115;224500;11.176;11.176;11.175;11.175;79
CNYRUBF;5;20260115;225000;11.176;11.176;11.172;11.173;926
CNYRUBF;5;20260115;225500;11.17;11.176;11.17;11.174;1193
CNYRUBF;5;20260115;230000;11.176;11.179;11.176;11.178;1073
CNYRUBF;5;20260115;230500;11.178;11.178;11.173;11.173;574
CNYRUBF;5;20260115;231000;11.176;11.176;11.175;11.175;563
CNYRUBF;5;20260115;231500;11.176;11.178;11.174;11.175;272
CNYRUBF;5;20260115;232000;11.178;11.179;11.177;11.179;677
CNYRUBF;5;20260115;232500;11.179;11.18;11.177;11.178;1238
CNYRUBF;5;20260115;233000;11.18;11.18;11.178;11.178;53
CNYRUBF;5;20260115;233500;11.178;11.179;11.172;11.178;7398
CNYRUBF;5;20260115;234000;11.177;11.179;11.173;11.173;629
CNYRUBF;5;20260115;234500;11.175;11.178;11.168;11.168;1154
CNYRUBF;5;20260116;085500;11.173;11.173;11.173;11.173;575
CNYRUBF;5;20260116;090000;11.173;11.177;11.16;11.164;12155
CNYRUBF;5;20260116;090500;11.163;11.17;11.157;11.157;8437
CNYRUBF;5;20260116;091000;11.158;11.16;11.153;11.16;7696
CNYRUBF;5;20260116;091500;11.159;11.161;11.15;11.151;4144
CNYRUBF;5;20260116;092000;11.15;11.153;11.148;11.152;5675
CNYRUBF;5;20260116;092500;11.151;11.152;11.14;11.14;4123
CNYRUBF;5;20260116;093000;11.14;11.145;11.126;11.144;17639
CNYRUBF;5;20260116;093500;11.144;11.152;11.141;11.149;21871
CNYRUBF;5;20260116;094000;11.15;11.156;11.15;11.155;2441
CNYRUBF;5;20260116;094500;11.155;11.156;11.137;11.139;4113
CNYRUBF;5;20260116;095000;11.137;11.153;11.137;11.146;2774
CNYRUBF;5;20260116;095500;11.146;11.147;11.128;11.13;29461
CNYRUBF;5;20260116;100000;11.13;11.149;11.111;11.112;77353
CNYRUBF;5;20260116;100500;11.112;11.125;11.111;11.118;29839
CNYRUBF;5;20260116;101000;11.117;11.136;11.117;11.13;25642
CNYRUBF;5;20260116;101500;11.13;11.169;11.128;11.158;80914
CNYRUBF;5;20260116;102000;11.158;11.175;11.157;11.168;29263
CNYRUBF;5;20260116;102500;11.168;11.177;11.164;11.175;16354
CNYRUBF;5;20260116;103000;11.174;11.19;11.173;11.181;24240
CNYRUBF;5;20260116;103500;11.182;11.188;11.177;11.177;20562
CNYRUBF;5;20260116;104000;11.177;11.183;11.174;11.175;11451
CNYRUBF;5;20260116;104500;11.175;11.181;11.17;11.177;30526
CNYRUBF;5;20260116;105000;11.175;11.177;11.167;11.169;22844
CNYRUBF;5;20260116;105500;11.168;11.169;11.161;11.161;9955
CNYRUBF;5;20260116;110000;11.161;11.162;11.156;11.161;41033
CNYRUBF;5;20260116;110500;11.16;11.163;11.157;11.16;15312
CNYRUBF;5;20260116;111000;11.161;11.167;11.158;11.159;10583
CNYRUBF;5;20260116;111500;11.159;11.16;11.145;11.145;23336
CNYRUBF;5;20260116;112000;11.144;11.151;11.141;11.144;36463
CNYRUBF;5;20260116;112500;11.144;11.148;11.141;11.144;13669
CNYRUBF;5;20260116;113000;11.143;11.147;11.139;11.146;25658
CNYRUBF;5;20260116;113500;11.146;11.156;11.143;11.151;18148
CNYRUBF;5;20260116;114000;11.15;11.161;11.148;11.152;40273
CNYRUBF;5;20260116;114500;11.151;11.153;11.149;11.153;5687
CNYRUBF;5;20260116;115000;11.152;11.153;11.147;11.148;14024
CNYRUBF;5;20260116;115500;11.149;11.149;11.144;11.145;6587
CNYRUBF;5;20260116;120000;11.145;11.153;11.145;11.149;9486
CNYRUBF;5;20260116;120500;11.149;11.162;11.149;11.159;21139
CNYRUBF;5;20260116;121000;11.16;11.17;11.158;11.17;26731
CNYRUBF;5;20260116;121500;11.17;11.17;11.16;11.163;5723
CNYRUBF;5;20260116;122000;11.161;11.17;11.159;11.163;8977
CNYRUBF;5;20260116;122500;11.162;11.163;11.15;11.16;11022
CNYRUBF;5;20260116;123000;11.157;11.16;11.154;11.155;3434
CNYRUBF;5;20260116;123500;11.153;11.154;11.15;11.151;4374
CNYRUBF;5;20260116;124000;11.15;11.155;11.15;11.154;4138
CNYRUBF;5;20260116;124500;11.154;11.158;11.151;11.156;2542
CNYRUBF;5;20260116;125000;11.154;11.158;11.153;11.154;3236
CNYRUBF;5;20260116;125500;11.153;11.155;11.149;11.154;4001
CNYRUBF;5;20260116;130000;11.154;11.154;11.15;11.151;4134
CNYRUBF;5;20260116;130500;11.151;11.152;11.146;11.146;5146
CNYRUBF;5;20260116;131000;11.147;11.153;11.145;11.152;6716
CNYRUBF;5;20260116;131500;11.151;11.151;11.137;11.144;12830
CNYRUBF;5;20260116;132000;11.144;11.145;11.141;11.142;11320
CNYRUBF;5;20260116;132500;11.142;11.145;11.14;11.141;2965
CNYRUBF;5;20260116;133000;11.142;11.144;11.141;11.144;5371
CNYRUBF;5;20260116;133500;11.143;11.149;11.142;11.147;2600
CNYRUBF;5;20260116;134000;11.149;11.152;11.145;11.15;1038
CNYRUBF;5;20260116;134500;11.149;11.156;11.149;11.154;5779
CNYRUBF;5;20260116;135000;11.153;11.154;11.146;11.148;12146
CNYRUBF;5;20260116;135500;11.147;11.152;11.146;11.151;4347
CNYRUBF;5;20260116;140500;11.152;11.156;11.15;11.151;7641
CNYRUBF;5;20260116;141000;11.151;11.156;11.15;11.155;4035
CNYRUBF;5;20260116;141500;11.155;11.156;11.152;11.154;2815
CNYRUBF;5;20260116;142000;11.155;11.158;11.155;11.156;2309
CNYRUBF;5;20260116;142500;11.155;11.16;11.155;11.16;3625
CNYRUBF;5;20260116;143000;11.158;11.165;11.158;11.162;16985
CNYRUBF;5;20260116;143500;11.162;11.169;11.161;11.161;15836
CNYRUBF;5;20260116;144000;11.16;11.161;11.153;11.158;15841
CNYRUBF;5;20260116;144500;11.159;11.159;11.156;11.156;3570
CNYRUBF;5;20260116;145000;11.158;11.158;11.147;11.152;3347
CNYRUBF;5;20260116;145500;11.153;11.163;11.153;11.163;1273
CNYRUBF;5;20260116;150000;11.163;11.166;11.161;11.162;6679
CNYRUBF;5;20260116;150500;11.161;11.161;11.159;11.159;1410
CNYRUBF;5;20260116;151000;11.159;11.164;11.158;11.163;3954
CNYRUBF;5;20260116;151500;11.163;11.173;11.163;11.168;13525
CNYRUBF;5;20260116;152000;11.169;11.172;11.158;11.16;32814
CNYRUBF;5;20260116;152500;11.16;11.161;11.158;11.161;7679
CNYRUBF;5;20260116;153000;11.161;11.163;11.159;11.162;5190
CNYRUBF;5;20260116;153500;11.162;11.167;11.161;11.164;5535
CNYRUBF;5;20260116;154000;11.165;11.171;11.164;11.167;6636
CNYRUBF;5;20260116;154500;11.169;11.169;11.163;11.164;14579
CNYRUBF;5;20260116;155000;11.164;11.167;11.163;11.167;4474
CNYRUBF;5;20260116;155500;11.167;11.17;11.165;11.17;9060
CNYRUBF;5;20260116;160000;11.17;11.172;11.16;11.161;19760
CNYRUBF;5;20260116;160500;11.16;11.162;11.146;11.15;27564
CNYRUBF;5;20260116;161000;11.152;11.154;11.15;11.152;3304
CNYRUBF;5;20260116;161500;11.152;11.161;11.151;11.156;16112
CNYRUBF;5;20260116;162000;11.155;11.158;11.154;11.157;20524
CNYRUBF;5;20260116;162500;11.156;11.16;11.156;11.159;2549
CNYRUBF;5;20260116;163000;11.16;11.162;11.156;11.161;4821
CNYRUBF;5;20260116;163500;11.162;11.162;11.156;11.16;8222
CNYRUBF;5;20260116;164000;11.161;11.174;11.16;11.16;20501
CNYRUBF;5;20260116;164500;11.161;11.167;11.158;11.16;8347
CNYRUBF;5;20260116;165000;11.16;11.166;11.144;11.162;27167
CNYRUBF;5;20260116;165500;11.16;11.166;11.16;11.166;16742
CNYRUBF;5;20260116;170000;11.165;11.166;11.161;11.163;6690
CNYRUBF;5;20260116;170500;11.163;11.165;11.16;11.162;8024
CNYRUBF;5;20260116;171000;11.162;11.163;11.16;11.163;2175
CNYRUBF;5;20260116;171500;11.163;11.166;11.161;11.163;2157
CNYRUBF;5;20260116;172000;11.162;11.163;11.161;11.162;2145
CNYRUBF;5;20260116;172500;11.163;11.165;11.161;11.162;2583
CNYRUBF;5;20260116;173000;11.161;11.204;11.161;11.188;86330
CNYRUBF;5;20260116;173500;11.188;11.191;11.175;11.178;43441
CNYRUBF;5;20260116;174000;11.177;11.179;11.16;11.162;50387
CNYRUBF;5;20260116;174500;11.162;11.168;11.159;11.165;43345
CNYRUBF;5;20260116;175000;11.166;11.172;11.16;11.169;70219
CNYRUBF;5;20260116;175500;11.167;11.168;11.163;11.167;103627
CNYRUBF;5;20260116;180000;11.166;11.177;11.159;11.16;78421
CNYRUBF;5;20260116;180500;11.16;11.164;11.159;11.161;40199
CNYRUBF;5;20260116;181000;11.16;11.163;11.158;11.161;32066
CNYRUBF;5;20260116;181500;11.159;11.168;11.158;11.168;37889
CNYRUBF;5;20260116;182000;11.167;11.176;11.16;11.176;15843
CNYRUBF;5;20260116;182500;11.176;11.183;11.172;11.181;18429
CNYRUBF;5;20260116;183000;11.181;11.183;11.173;11.175;8276
CNYRUBF;5;20260116;183500;11.175;11.18;11.175;11.176;7202
CNYRUBF;5;20260116;184000;11.175;11.18;11.174;11.18;14886
CNYRUBF;5;20260116;184500;11.181;11.184;11.179;11.179;20179
CNYRUBF;5;20260116;190500;11.182;11.184;11.177;11.177;2714
CNYRUBF;5;20260116;191000;11.177;11.177;11.171;11.172;1883
CNYRUBF;5;20260116;191500;11.175;11.175;11.17;11.171;2200
CNYRUBF;5;20260116;192000;11.17;11.172;11.168;11.17;2128
CNYRUBF;5;20260116;192500;11.17;11.175;11.17;11.173;858
CNYRUBF;5;20260116;193000;11.175;11.177;11.174;11.174;1175
CNYRUBF;5;20260116;193500;11.175;11.176;11.174;11.174;423
CNYRUBF;5;20260116;194000;11.173;11.178;11.173;11.178;580
CNYRUBF;5;20260116;194500;11.178;11.179;11.175;11.175;1563
CNYRUBF;5;20260116;195000;11.175;11.177;11.175;11.177;89
CNYRUBF;5;20260116;195500;11.177;11.177;11.171;11.171;162
CNYRUBF;5;20260116;200000;11.171;11.173;11.171;11.173;94
CNYRUBF;5;20260116;200500;11.173;11.174;11.173;11.174;5
CNYRUBF;5;20260116;201000;11.173;11.174;11.171;11.172;219
CNYRUBF;5;20260116;201500;11.172;11.174;11.172;11.172;52
CNYRUBF;5;20260116;202000;11.174;11.178;11.174;11.175;557
CNYRUBF;5;20260116;202500;11.177;11.177;11.175;11.177;22
CNYRUBF;5;20260116;203000;11.175;11.177;11.175;11.177;22
CNYRUBF;5;20260116;203500;11.175;11.175;11.171;11.174;698
CNYRUBF;5;20260116;204000;11.174;11.174;11.171;11.173;66
CNYRUBF;5;20260116;204500;11.172;11.173;11.172;11.173;90
CNYRUBF;5;20260116;205000;11.173;11.175;11.172;11.175;126
CNYRUBF;5;20260116;205500;11.174;11.174;11.171;11.173;204
CNYRUBF;5;20260116;210000;11.173;11.174;11.172;11.172;474
CNYRUBF;5;20260116;210500;11.174;11.174;11.174;11.174;19
CNYRUBF;5;20260116;211000;11.174;11.174;11.174;11.174;23
CNYRUBF;5;20260116;211500;11.173;11.174;11.173;11.174;284
CNYRUBF;5;20260116;212000;11.173;11.174;11.168;11.169;3390
CNYRUBF;5;20260116;212500;11.168;11.169;11.157;11.158;17322
CNYRUBF;5;20260116;213000;11.159;11.159;11.157;11.157;889
CNYRUBF;5;20260116;213500;11.159;11.159;11.158;11.159;718
CNYRUBF;5;20260116;214000;11.159;11.16;11.157;11.157;1844
CNYRUBF;5;20260116;214500;11.159;11.16;11.157;11.16;1325
CNYRUBF;5;20260116;215000;11.157;11.159;11.157;11.159;87
CNYRUBF;5;20260116;215500;11.158;11.158;11.155;11.156;925
CNYRUBF;5;20260116;220000;11.156;11.159;11.155;11.159;1094
CNYRUBF;5;20260116;220500;11.161;11.167;11.161;11.167;1674
CNYRUBF;5;20260116;221000;11.166;11.166;11.164;11.164;59
CNYRUBF;5;20260116;221500;11.165;11.165;11.16;11.16;938
CNYRUBF;5;20260116;222000;11.161;11.163;11.161;11.163;896
CNYRUBF;5;20260116;222500;11.163;11.165;11.161;11.161;36
CNYRUBF;5;20260116;223000;11.164;11.164;11.163;11.163;993
CNYRUBF;5;20260116;223500;11.165;11.165;11.163;11.165;414
CNYRUBF;5;20260116;224000;11.165;11.165;11.161;11.161;667
CNYRUBF;5;20260116;224500;11.161;11.161;11.16;11.16;1463
CNYRUBF;5;20260116;225000;11.161;11.162;11.157;11.162;5615
CNYRUBF;5;20260116;225500;11.159;11.162;11.155;11.161;2241
CNYRUBF;5;20260116;230000;11.162;11.162;11.156;11.156;541
CNYRUBF;5;20260116;230500;11.156;11.157;11.155;11.157;154
CNYRUBF;5;20260116;231000;11.158;11.16;11.157;11.16;106
CNYRUBF;5;20260116;231500;11.16;11.162;11.157;11.161;131
CNYRUBF;5;20260116;232000;11.16;11.164;11.155;11.162;1519
CNYRUBF;5;20260116;232500;11.161;11.161;11.158;11.158;754
CNYRUBF;5;20260116;233000;11.158;11.161;11.156;11.158;2132
CNYRUBF;5;20260116;233500;11.158;11.159;11.156;11.157;1428
CNYRUBF;5;20260116;234000;11.158;11.161;11.157;11.161;364
CNYRUBF;5;20260116;234500;11.161;11.164;11.157;11.16;1997
CNYRUBF;5;20260119;085500;11.16;11.16;11.16;11.16;227
CNYRUBF;5;20260119;090000;11.16;11.169;11.15;11.16;10342
CNYRUBF;5;20260119;090500;11.158;11.172;11.158;11.171;10265
CNYRUBF;5;20260119;091000;11.172;11.177;11.169;11.175;5407
CNYRUBF;5;20260119;091500;11.175;11.182;11.175;11.181;4329
CNYRUBF;5;20260119;092000;11.182;11.187;11.18;11.186;6273
CNYRUBF;5;20260119;092500;11.187;11.187;11.181;11.181;4612
CNYRUBF;5;20260119;093000;11.181;11.183;11.177;11.178;5982
CNYRUBF;5;20260119;093500;11.178;11.182;11.178;11.181;1945
CNYRUBF;5;20260119;094000;11.181;11.181;11.179;11.18;1695
CNYRUBF;5;20260119;094500;11.18;11.186;11.18;11.185;9268
CNYRUBF;5;20260119;095000;11.185;11.185;11.182;11.182;757
CNYRUBF;5;20260119;095500;11.182;11.196;11.182;11.193;7477
CNYRUBF;5;20260119;100000;11.193;11.199;11.164;11.17;88245
CNYRUBF;5;20260119;100500;11.17;11.184;11.166;11.18;16093
CNYRUBF;5;20260119;101000;11.18;11.181;11.168;11.173;16350
CNYRUBF;5;20260119;101500;11.173;11.182;11.171;11.177;13844
CNYRUBF;5;20260119;102000;11.176;11.215;11.176;11.193;58937
CNYRUBF;5;20260119;102500;11.193;11.198;11.186;11.191;18617
CNYRUBF;5;20260119;103000;11.192;11.199;11.188;11.19;19151
CNYRUBF;5;20260119;103500;11.19;11.194;11.188;11.188;7537
CNYRUBF;5;20260119;104000;11.189;11.19;11.17;11.178;14474
CNYRUBF;5;20260119;104500;11.178;11.179;11.176;11.176;3501
CNYRUBF;5;20260119;105000;11.176;11.177;11.171;11.174;6393
CNYRUBF;5;20260119;105500;11.175;11.175;11.17;11.174;8469
CNYRUBF;5;20260119;110000;11.174;11.181;11.16;11.166;19905
CNYRUBF;5;20260119;110500;11.166;11.169;11.163;11.167;10151
CNYRUBF;5;20260119;111000;11.167;11.168;11.161;11.166;8929
CNYRUBF;5;20260119;111500;11.168;11.175;11.164;11.173;7362
CNYRUBF;5;20260119;112000;11.173;11.187;11.172;11.18;10788
CNYRUBF;5;20260119;112500;11.18;11.19;11.18;11.186;8251
CNYRUBF;5;20260119;113000;11.186;11.193;11.182;11.183;19887
CNYRUBF;5;20260119;113500;11.183;11.189;11.183;11.186;2819
CNYRUBF;5;20260119;114000;11.187;11.19;11.184;11.189;3473
CNYRUBF;5;20260119;114500;11.19;11.194;11.189;11.193;8021
CNYRUBF;5;20260119;115000;11.193;11.194;11.191;11.192;12356
CNYRUBF;5;20260119;115500;11.193;11.193;11.185;11.188;3570
CNYRUBF;5;20260119;120000;11.187;11.194;11.187;11.191;5810
CNYRUBF;5;20260119;120500;11.19;11.191;11.186;11.186;2975
CNYRUBF;5;20260119;121000;11.187;11.187;11.183;11.186;4644
CNYRUBF;5;20260119;121500;11.187;11.192;11.184;11.186;13486
CNYRUBF;5;20260119;122000;11.186;11.19;11.185;11.189;4613
CNYRUBF;5;20260119;122500;11.189;11.191;11.187;11.19;7710
CNYRUBF;5;20260119;123000;11.19;11.193;11.189;11.19;11070
CNYRUBF;5;20260119;123500;11.19;11.19;11.187;11.189;1164
CNYRUBF;5;20260119;124000;11.19;11.19;11.179;11.18;8401
CNYRUBF;5;20260119;124500;11.18;11.187;11.176;11.186;14620
CNYRUBF;5;20260119;125000;11.186;11.19;11.174;11.176;12023
CNYRUBF;5;20260119;125500;11.176;11.179;11.171;11.176;8287
CNYRUBF;5;20260119;130000;11.177;11.177;11.17;11.17;12974
CNYRUBF;5;20260119;130500;11.17;11.172;11.164;11.169;24926
CNYRUBF;5;20260119;131000;11.168;11.175;11.167;11.172;15976
CNYRUBF;5;20260119;131500;11.171;11.172;11.15;11.159;54819
CNYRUBF;5;20260119;132000;11.158;11.163;11.151;11.151;20531
CNYRUBF;5;20260119;132500;11.152;11.162;11.146;11.147;33117
CNYRUBF;5;20260119;133000;11.147;11.153;11.146;11.15;21336
CNYRUBF;5;20260119;133500;11.149;11.15;11.146;11.147;13271
CNYRUBF;5;20260119;134000;11.147;11.15;11.142;11.146;17054
CNYRUBF;5;20260119;134500;11.146;11.15;11.145;11.15;14156
CNYRUBF;5;20260119;135000;11.149;11.15;11.146;11.147;7100
CNYRUBF;5;20260119;135500;11.146;11.149;11.144;11.149;10071
CNYRUBF;5;20260119;140500;11.147;11.148;11.131;11.135;20545
CNYRUBF;5;20260119;141000;11.134;11.144;11.133;11.141;8737
CNYRUBF;5;20260119;141500;11.141;11.142;11.139;11.139;5992
CNYRUBF;5;20260119;142000;11.14;11.14;11.135;11.136;3367
CNYRUBF;5;20260119;142500;11.136;11.138;11.135;11.137;4119
CNYRUBF;5;20260119;143000;11.136;11.14;11.136;11.138;2962
CNYRUBF;5;20260119;143500;11.138;11.139;11.134;11.139;21611
CNYRUBF;5;20260119;144000;11.137;11.141;11.136;11.141;3723
CNYRUBF;5;20260119;144500;11.141;11.142;11.136;11.14;6972
CNYRUBF;5;20260119;145000;11.14;11.141;11.139;11.141;9723
CNYRUBF;5;20260119;145500;11.14;11.144;11.134;11.144;16085
CNYRUBF;5;20260119;150000;11.144;11.148;11.135;11.135;10390
CNYRUBF;5;20260119;150500;11.136;11.159;11.136;11.158;46921
CNYRUBF;5;20260119;151000;11.158;11.159;11.152;11.153;7658
CNYRUBF;5;20260119;151500;11.153;11.154;11.147;11.148;8109
CNYRUBF;5;20260119;152000;11.147;11.152;11.145;11.149;15243
CNYRUBF;5;20260119;152500;11.149;11.15;11.141;11.142;5741
CNYRUBF;5;20260119;153000;11.142;11.149;11.142;11.147;4315
CNYRUBF;5;20260119;153500;11.147;11.151;11.145;11.15;5979
CNYRUBF;5;20260119;154000;11.149;11.155;11.147;11.151;7229
CNYRUBF;5;20260119;154500;11.151;11.164;11.149;11.163;11842
CNYRUBF;5;20260119;155000;11.163;11.163;11.155;11.158;9822
CNYRUBF;5;20260119;155500;11.156;11.156;11.145;11.15;7965
CNYRUBF;5;20260119;160000;11.15;11.153;11.147;11.15;2740
CNYRUBF;5;20260119;160500;11.15;11.155;11.15;11.152;3270
CNYRUBF;5;20260119;161000;11.152;11.157;11.151;11.157;6990
CNYRUBF;5;20260119;161500;11.156;11.157;11.15;11.156;10092
CNYRUBF;5;20260119;162000;11.154;11.169;11.154;11.156;33604
CNYRUBF;5;20260119;162500;11.156;11.156;11.147;11.151;9883
CNYRUBF;5;20260119;163000;11.151;11.152;11.15;11.151;1207
CNYRUBF;5;20260119;163500;11.151;11.151;11.14;11.146;6420
CNYRUBF;5;20260119;164000;11.145;11.151;11.144;11.148;7765
CNYRUBF;5;20260119;164500;11.149;11.151;11.141;11.143;3501
CNYRUBF;5;20260119;165000;11.142;11.148;11.142;11.148;1808
CNYRUBF;5;20260119;165500;11.148;11.15;11.147;11.148;2197
CNYRUBF;5;20260119;170000;11.149;11.152;11.148;11.151;1123
CNYRUBF;5;20260119;170500;11.151;11.153;11.143;11.15;3151
CNYRUBF;5;20260119;171000;11.149;11.15;11.145;11.145;2775
CNYRUBF;5;20260119;171500;11.145;11.145;11.143;11.144;1899
CNYRUBF;5;20260119;172000;11.143;11.148;11.142;11.142;4721
CNYRUBF;5;20260119;172500;11.143;11.144;11.141;11.142;3328
CNYRUBF;5;20260119;173000;11.141;11.144;11.138;11.143;7973
CNYRUBF;5;20260119;173500;11.142;11.142;11.137;11.141;5087
CNYRUBF;5;20260119;174000;11.14;11.146;11.139;11.143;9979
CNYRUBF;5;20260119;174500;11.143;11.145;11.137;11.139;7147
CNYRUBF;5;20260119;175000;11.138;11.147;11.137;11.143;8677
CNYRUBF;5;20260119;175500;11.146;11.148;11.143;11.144;10259
CNYRUBF;5;20260119;180000;11.144;11.144;11.14;11.144;5149
CNYRUBF;5;20260119;180500;11.145;11.146;11.143;11.143;5291
CNYRUBF;5;20260119;181000;11.143;11.157;11.143;11.144;15352
CNYRUBF;5;20260119;181500;11.144;11.147;11.143;11.146;1931
CNYRUBF;5;20260119;182000;11.146;11.148;11.145;11.145;2645
CNYRUBF;5;20260119;182500;11.145;11.149;11.145;11.149;4410
CNYRUBF;5;20260119;183000;11.148;11.156;11.147;11.152;9218
CNYRUBF;5;20260119;183500;11.152;11.155;11.147;11.148;5612
CNYRUBF;5;20260119;184000;11.15;11.15;11.145;11.148;6590
CNYRUBF;5;20260119;184500;11.149;11.156;11.145;11.154;17949
CNYRUBF;5;20260119;190500;11.148;11.155;11.148;11.151;953
CNYRUBF;5;20260119;191000;11.151;11.157;11.148;11.149;2093
CNYRUBF;5;20260119;191500;11.149;11.153;11.147;11.15;1836
CNYRUBF;5;20260119;192000;11.15;11.153;11.148;11.15;500
CNYRUBF;5;20260119;192500;11.15;11.151;11.148;11.15;261
CNYRUBF;5;20260119;193000;11.15;11.154;11.148;11.152;850
CNYRUBF;5;20260119;193500;11.152;11.152;11.15;11.151;528
CNYRUBF;5;20260119;194000;11.151;11.156;11.151;11.153;1914
CNYRUBF;5;20260119;194500;11.155;11.155;11.151;11.155;372
CNYRUBF;5;20260119;195000;11.155;11.155;11.155;11.155;101
CNYRUBF;5;20260119;195500;11.153;11.156;11.153;11.153;1983
CNYRUBF;5;20260119;200000;11.153;11.156;11.153;11.156;37
CNYRUBF;5;20260119;200500;11.155;11.155;11.154;11.154;13
CNYRUBF;5;20260119;201000;11.154;11.156;11.154;11.156;48
CNYRUBF;5;20260119;201500;11.156;11.156;11.155;11.155;118
CNYRUBF;5;20260119;202000;11.155;11.155;11.153;11.153;87
CNYRUBF;5;20260119;202500;11.153;11.154;11.153;11.154;136
CNYRUBF;5;20260119;203000;11.153;11.156;11.153;11.156;365
CNYRUBF;5;20260119;203500;11.156;11.157;11.154;11.157;311
CNYRUBF;5;20260119;204000;11.157;11.157;11.154;11.154;621
CNYRUBF;5;20260119;204500;11.154;11.155;11.154;11.155;7
CNYRUBF;5;20260119;205000;11.155;11.157;11.154;11.157;318
CNYRUBF;5;20260119;205500;11.154;11.157;11.154;11.157;17
CNYRUBF;5;20260119;210000;11.155;11.157;11.154;11.156;132
CNYRUBF;5;20260119;210500;11.157;11.157;11.156;11.157;187
CNYRUBF;5;20260119;211000;11.156;11.157;11.155;11.155;436
CNYRUBF;5;20260119;211500;11.155;11.157;11.155;11.155;232
CNYRUBF;5;20260119;212000;11.155;11.157;11.155;11.155;46
CNYRUBF;5;20260119;212500;11.155;11.156;11.154;11.156;214
CNYRUBF;5;20260119;213000;11.156;11.156;11.154;11.155;65
CNYRUBF;5;20260119;213500;11.154;11.155;11.153;11.155;618
CNYRUBF;5;20260119;214000;11.155;11.155;11.154;11.154;38
CNYRUBF;5;20260119;214500;11.155;11.155;11.154;11.155;28
CNYRUBF;5;20260119;215000;11.154;11.16;11.154;11.158;2395
CNYRUBF;5;20260119;215500;11.156;11.156;11.156;11.156;1
CNYRUBF;5;20260119;220000;11.158;11.158;11.156;11.157;352
CNYRUBF;5;20260119;220500;11.157;11.162;11.157;11.161;1428
CNYRUBF;5;20260119;221000;11.16;11.161;11.157;11.16;743
CNYRUBF;5;20260119;221500;11.157;11.16;11.155;11.158;1269
CNYRUBF;5;20260119;222000;11.158;11.158;11.154;11.154;974
CNYRUBF;5;20260119;222500;11.157;11.158;11.155;11.155;255
CNYRUBF;5;20260119;223000;11.157;11.157;11.155;11.155;336
CNYRUBF;5;20260119;223500;11.154;11.155;11.15;11.151;842
CNYRUBF;5;20260119;224000;11.151;11.152;11.151;11.152;36
CNYRUBF;5;20260119;224500;11.151;11.151;11.15;11.151;833
CNYRUBF;5;20260119;225000;11.151;11.153;11.15;11.153;678
CNYRUBF;5;20260119;225500;11.153;11.153;11.151;11.151;40
CNYRUBF;5;20260119;230000;11.151;11.153;11.15;11.151;655
CNYRUBF;5;20260119;230500;11.151;11.153;11.15;11.151;584
CNYRUBF;5;20260119;231000;11.153;11.153;11.152;11.152;333
CNYRUBF;5;20260119;231500;11.152;11.155;11.152;11.155;265
CNYRUBF;5;20260119;232000;11.152;11.153;11.151;11.152;114
CNYRUBF;5;20260119;232500;11.151;11.151;11.151;11.151;5
CNYRUBF;5;20260119;233000;11.152;11.154;11.15;11.153;1165
CNYRUBF;5;20260119;233500;11.153;11.155;11.15;11.15;5396
CNYRUBF;5;20260119;234000;11.153;11.153;11.148;11.148;469
CNYRUBF;5;20260119;234500;11.153;11.159;11.149;11.159;1497
CNYRUBF;5;20260120;085500;11.154;11.154;11.154;11.154;5
CNYRUBF;5;20260120;090000;11.159;11.165;11.141;11.154;4649
CNYRUBF;5;20260120;090500;11.154;11.176;11.154;11.163;18216
CNYRUBF;5;20260120;091000;11.161;11.177;11.155;11.157;14583
CNYRUBF;5;20260120;091500;11.158;11.162;11.156;11.158;1858
CNYRUBF;5;20260120;092000;11.158;11.158;11.156;11.158;354
CNYRUBF;5;20260120;092500;11.157;11.158;11.144;11.144;6484
CNYRUBF;5;20260120;093000;11.144;11.144;11.128;11.14;10351
CNYRUBF;5;20260120;093500;11.142;11.142;11.14;11.141;561
CNYRUBF;5;20260120;094000;11.141;11.149;11.134;11.138;3112
CNYRUBF;5;20260120;094500;11.139;11.146;11.134;11.142;12057
CNYRUBF;5;20260120;095000;11.142;11.147;11.131;11.141;10851
CNYRUBF;5;20260120;095500;11.141;11.145;11.14;11.145;545
CNYRUBF;5;20260120;100000;11.145;11.164;11.142;11.147;22332
CNYRUBF;5;20260120;100500;11.145;11.149;11.128;11.131;18921
CNYRUBF;5;20260120;101000;11.131;11.133;11.127;11.13;14435
CNYRUBF;5;20260120;101500;11.131;11.156;11.13;11.151;15076
CNYRUBF;5;20260120;102000;11.151;11.153;11.148;11.15;11511
CNYRUBF;5;20260120;102500;11.15;11.151;11.144;11.148;6733
CNYRUBF;5;20260120;103000;11.149;11.154;11.145;11.152;10192
CNYRUBF;5;20260120;103500;11.153;11.166;11.151;11.165;17099
CNYRUBF;5;20260120;104000;11.166;11.178;11.164;11.174;64167
CNYRUBF;5;20260120;104500;11.175;11.18;11.172;11.176;16451
CNYRUBF;5;20260120;105000;11.177;11.18;11.174;11.177;17256
CNYRUBF;5;20260120;105500;11.178;11.185;11.175;11.184;27288
CNYRUBF;5;20260120;110000;11.184;11.186;11.178;11.178;13824
CNYRUBF;5;20260120;110500;11.179;11.188;11.172;11.183;10559
CNYRUBF;5;20260120;111000;11.184;11.188;11.182;11.184;7311
CNYRUBF;5;20260120;111500;11.186;11.195;11.182;11.192;21481
CNYRUBF;5;20260120;112000;11.192;11.192;11.188;11.19;10388
CNYRUBF;5;20260120;112500;11.19;11.192;11.183;11.192;23692
CNYRUBF;5;20260120;113000;11.191;11.193;11.184;11.191;11961
CNYRUBF;5;20260120;113500;11.191;11.192;11.182;11.183;9429
CNYRUBF;5;20260120;114000;11.185;11.186;11.182;11.184;9557
CNYRUBF;5;20260120;114500;11.185;11.188;11.183;11.185;10649
CNYRUBF;5;20260120;115000;11.186;11.189;11.178;11.184;27499
CNYRUBF;5;20260120;115500;11.185;11.19;11.182;11.187;14197
CNYRUBF;5;20260120;120000;11.187;11.188;11.179;11.18;10484
CNYRUBF;5;20260120;120500;11.181;11.182;11.177;11.177;8576
CNYRUBF;5;20260120;121000;11.178;11.18;11.174;11.177;7693
CNYRUBF;5;20260120;121500;11.178;11.178;11.169;11.172;6430
CNYRUBF;5;20260120;122000;11.172;11.176;11.171;11.176;8893
CNYRUBF;5;20260120;122500;11.176;11.176;11.17;11.171;7278
CNYRUBF;5;20260120;123000;11.172;11.174;11.164;11.167;17358
CNYRUBF;5;20260120;123500;11.167;11.174;11.165;11.174;10479
CNYRUBF;5;20260120;124000;11.174;11.187;11.174;11.185;20727
CNYRUBF;5;20260120;124500;11.185;11.193;11.182;11.187;20193
CNYRUBF;5;20260120;125000;11.189;11.192;11.182;11.184;9114
CNYRUBF;5;20260120;125500;11.184;11.184;11.181;11.184;7753
CNYRUBF;5;20260120;130000;11.185;11.195;11.184;11.195;12135
CNYRUBF;5;20260120;130500;11.195;11.197;11.189;11.191;30169
CNYRUBF;5;20260120;131000;11.191;11.193;11.188;11.191;16387
CNYRUBF;5;20260120;131500;11.191;11.192;11.19;11.19;13613
CNYRUBF;5;20260120;132000;11.191;11.195;11.188;11.19;11889
CNYRUBF;5;20260120;132500;11.191;11.193;11.188;11.191;8429
CNYRUBF;5;20260120;133000;11.191;11.197;11.19;11.195;23372
CNYRUBF;5;20260120;133500;11.195;11.196;11.19;11.195;9104
CNYRUBF;5;20260120;134000;11.195;11.195;11.19;11.193;16319
CNYRUBF;5;20260120;134500;11.194;11.195;11.189;11.191;11776
CNYRUBF;5;20260120;135000;11.191;11.191;11.182;11.184;6411
CNYRUBF;5;20260120;135500;11.185;11.187;11.182;11.185;5303
CNYRUBF;5;20260120;140500;11.186;11.186;11.181;11.184;7644
CNYRUBF;5;20260120;141000;11.184;11.184;11.178;11.181;13660
CNYRUBF;5;20260120;141500;11.18;11.181;11.18;11.18;1850
CNYRUBF;5;20260120;142000;11.18;11.184;11.18;11.182;6921
CNYRUBF;5;20260120;142500;11.181;11.182;11.175;11.179;7697
CNYRUBF;5;20260120;143000;11.179;11.179;11.177;11.179;3825
CNYRUBF;5;20260120;143500;11.179;11.182;11.176;11.176;9106
CNYRUBF;5;20260120;144000;11.177;11.177;11.169;11.171;5124
CNYRUBF;5;20260120;144500;11.169;11.171;11.164;11.169;7558
CNYRUBF;5;20260120;145000;11.169;11.172;11.167;11.17;4466
CNYRUBF;5;20260120;145500;11.17;11.171;11.168;11.171;4354
CNYRUBF;5;20260120;150000;11.171;11.171;11.154;11.156;31382
CNYRUBF;5;20260120;150500;11.156;11.157;11.151;11.156;35938
CNYRUBF;5;20260120;151000;11.156;11.157;11.145;11.153;32964
CNYRUBF;5;20260120;151500;11.153;11.153;11.148;11.153;7191
CNYRUBF;5;20260120;152000;11.153;11.156;11.15;11.155;3764
CNYRUBF;5;20260120;152500;11.156;11.163;11.155;11.16;8955
CNYRUBF;5;20260120;153000;11.161;11.166;11.159;11.166;8766
CNYRUBF;5;20260120;153500;11.167;11.169;11.161;11.168;8473
CNYRUBF;5;20260120;154000;11.167;11.169;11.163;11.163;7286
CNYRUBF;5;20260120;154500;11.164;11.165;11.161;11.161;2258
CNYRUBF;5;20260120;155000;11.162;11.164;11.16;11.161;5093
CNYRUBF;5;20260120;155500;11.163;11.163;11.161;11.163;270
CNYRUBF;5;20260120;160000;11.163;11.163;11.16;11.161;4404
CNYRUBF;5;20260120;160500;11.161;11.169;11.16;11.168;3936
CNYRUBF;5;20260120;161000;11.169;11.17;11.167;11.168;4268
CNYRUBF;5;20260120;161500;11.168;11.168;11.166;11.166;3743
CNYRUBF;5;20260120;162000;11.167;11.167;11.164;11.166;7658
CNYRUBF;5;20260120;162500;11.166;11.167;11.162;11.167;2771
CNYRUBF;5;20260120;163000;11.166;11.171;11.164;11.166;7873
CNYRUBF;5;20260120;163500;11.165;11.167;11.164;11.165;3310
CNYRUBF;5;20260120;164000;11.166;11.169;11.164;11.169;1431
CNYRUBF;5;20260120;164500;11.169;11.169;11.163;11.165;4564
CNYRUBF;5;20260120;165000;11.166;11.173;11.164;11.166;11912
CNYRUBF;5;20260120;165500;11.167;11.168;11.163;11.166;8094
CNYRUBF;5;20260120;170000;11.167;11.167;11.163;11.163;13690
CNYRUBF;5;20260120;170500;11.164;11.164;11.16;11.161;4626
CNYRUBF;5;20260120;171000;11.162;11.165;11.16;11.161;12601
CNYRUBF;5;20260120;171500;11.162;11.163;11.161;11.162;13574
CNYRUBF;5;20260120;172000;11.163;11.163;11.161;11.161;8053
CNYRUBF;5;20260120;172500;11.161;11.163;11.152;11.156;50367
CNYRUBF;5;20260120;173000;11.156;11.159;11.153;11.156;73334
CNYRUBF;5;20260120;173500;11.157;11.159;11.155;11.157;42209
CNYRUBF;5;20260120;174000;11.157;11.164;11.157;11.159;21646
CNYRUBF;5;20260120;174500;11.16;11.16;11.151;11.156;21109
CNYRUBF;5;20260120;175000;11.156;11.163;11.156;11.16;17094
CNYRUBF;5;20260120;175500;11.161;11.162;11.156;11.157;9563
CNYRUBF;5;20260120;180000;11.156;11.164;11.156;11.161;23480
CNYRUBF;5;20260120;180500;11.161;11.164;11.157;11.157;5737
CNYRUBF;5;20260120;181000;11.156;11.157;11.154;11.156;7599
CNYRUBF;5;20260120;181500;11.156;11.157;11.155;11.156;5052
CNYRUBF;5;20260120;182000;11.156;11.157;11.155;11.155;6914
CNYRUBF;5;20260120;182500;11.156;11.157;11.154;11.156;6672
CNYRUBF;5;20260120;183000;11.155;11.155;11.151;11.152;5797
CNYRUBF;5;20260120;183500;11.153;11.154;11.151;11.152;3689
CNYRUBF;5;20260120;184000;11.152;11.152;11.15;11.151;1704
CNYRUBF;5;20260120;184500;11.151;11.152;11.148;11.15;11945
CNYRUBF;5;20260120;190500;11.152;11.17;11.146;11.162;9966
CNYRUBF;5;20260120;191000;11.162;11.162;11.159;11.159;1094
CNYRUBF;5;20260120;191500;11.158;11.16;11.156;11.16;885
CNYRUBF;5;20260120;192000;11.16;11.16;11.156;11.156;863
CNYRUBF;5;20260120;192500;11.155;11.159;11.155;11.157;588
CNYRUBF;5;20260120;193000;11.156;11.158;11.155;11.157;1467
CNYRUBF;5;20260120;193500;11.157;11.159;11.157;11.159;684
CNYRUBF;5;20260120;194000;11.158;11.158;11.155;11.158;446
CNYRUBF;5;20260120;194500;11.158;11.159;11.155;11.158;960
CNYRUBF;5;20260120;195000;11.157;11.16;11.157;11.16;1137
CNYRUBF;5;20260120;195500;11.158;11.158;11.157;11.157;818
CNYRUBF;5;20260120;200000;11.156;11.157;11.156;11.157;1154
CNYRUBF;5;20260120;200500;11.155;11.156;11.155;11.155;265
CNYRUBF;5;20260120;201000;11.155;11.156;11.153;11.153;808
CNYRUBF;5;20260120;201500;11.152;11.155;11.151;11.152;297
CNYRUBF;5;20260120;202000;11.152;11.154;11.152;11.154;86
CNYRUBF;5;20260120;202500;11.154;11.156;11.153;11.153;110
CNYRUBF;5;20260120;203000;11.156;11.157;11.153;11.157;409
CNYRUBF;5;20260120;203500;11.157;11.159;11.155;11.156;255
CNYRUBF;5;20260120;204000;11.156;11.16;11.156;11.159;324
CNYRUBF;5;20260120;204500;11.159;11.16;11.158;11.159;412
CNYRUBF;5;20260120;205000;11.158;11.159;11.157;11.157;201
CNYRUBF;5;20260120;205500;11.157;11.157;11.154;11.156;42
CNYRUBF;5;20260120;210000;11.156;11.156;11.155;11.156;678
CNYRUBF;5;20260120;210500;11.156;11.156;11.154;11.156;1340
CNYRUBF;5;20260120;211000;11.156;11.157;11.154;11.157;1004
CNYRUBF;5;20260120;211500;11.159;11.159;11.155;11.156;644
CNYRUBF;5;20260120;212000;11.157;11.158;11.155;11.158;440
CNYRUBF;5;20260120;212500;11.158;11.158;11.155;11.157;388
CNYRUBF;5;20260120;213000;11.157;11.157;11.155;11.157;339
CNYRUBF;5;20260120;213500;11.157;11.157;11.155;11.155;4
CNYRUBF;5;20260120;214000;11.157;11.158;11.157;11.158;199
CNYRUBF;5;20260120;214500;11.157;11.162;11.157;11.162;1661
CNYRUBF;5;20260120;215000;11.161;11.161;11.16;11.16;144
CNYRUBF;5;20260120;215500;11.16;11.16;11.16;11.16;17
CNYRUBF;5;20260120;220000;11.161;11.162;11.161;11.162;537
CNYRUBF;5;20260120;220500;11.162;11.162;11.16;11.16;342
CNYRUBF;5;20260120;221000;11.161;11.161;11.156;11.156;1056
CNYRUBF;5;20260120;221500;11.156;11.157;11.156;11.156;61
CNYRUBF;5;20260120;222000;11.156;11.158;11.156;11.158;23
CNYRUBF;5;20260120;222500;11.158;11.158;11.158;11.158;7
CNYRUBF;5;20260120;223000;11.156;11.157;11.155;11.157;1060
CNYRUBF;5;20260120;223500;11.157;11.158;11.157;11.158;217
CNYRUBF;5;20260120;224000;11.158;11.158;11.158;11.158;43
CNYRUBF;5;20260120;224500;11.159;11.159;11.158;11.159;340
CNYRUBF;5;20260120;225000;11.158;11.16;11.158;11.159;347
CNYRUBF;5;20260120;225500;11.158;11.162;11.158;11.16;941
CNYRUBF;5;20260120;230000;11.162;11.162;11.159;11.159;214
CNYRUBF;5;20260120;230500;11.16;11.162;11.16;11.16;552
CNYRUBF;5;20260120;231000;11.16;11.162;11.159;11.161;145
CNYRUBF;5;20260120;231500;11.159;11.162;11.157;11.159;1484
CNYRUBF;5;20260120;232000;11.159;11.161;11.159;11.16;310
CNYRUBF;5;20260120;232500;11.16;11.163;11.159;11.162;1069
CNYRUBF;5;20260120;233000;11.163;11.164;11.16;11.16;1469
CNYRUBF;5;20260120;233500;11.16;11.164;11.16;11.164;1630
CNYRUBF;5;20260120;234000;11.164;11.165;11.161;11.164;500
CNYRUBF;5;20260120;234500;11.164;11.166;11.16;11.166;1933
CNYRUBF;5;20260121;085500;11.156;11.156;11.156;11.156;179
CNYRUBF;5;20260121;090000;11.156;11.166;11.151;11.166;6672
CNYRUBF;5;20260121;090500;11.167;11.169;11.148;11.153;6510
CNYRUBF;5;20260121;091000;11.153;11.16;11.151;11.16;2803
CNYRUBF;5;20260121;091500;11.159;11.159;11.154;11.156;1273
CNYRUBF;5;20260121;092000;11.156;11.156;11.152;11.154;4346
CNYRUBF;5;20260121;092500;11.155;11.165;11.152;11.161;5005
CNYRUBF;5;20260121;093000;11.162;11.162;11.152;11.155;870
CNYRUBF;5;20260121;093500;11.155;11.159;11.155;11.156;2903
CNYRUBF;5;20260121;094000;11.157;11.165;11.157;11.165;1256
CNYRUBF;5;20260121;094500;11.162;11.18;11.162;11.166;5367
CNYRUBF;5;20260121;095000;11.165;11.166;11.161;11.165;2403
CNYRUBF;5;20260121;095500;11.165;11.175;11.164;11.168;3313
CNYRUBF;5;20260121;100000;11.165;11.173;11.139;11.142;53933
CNYRUBF;5;20260121;100500;11.14;11.143;11.126;11.132;43501
CNYRUBF;5;20260121;101000;11.131;11.133;11.115;11.121;80190
CNYRUBF;5;20260121;101500;11.12;11.128;11.113;11.124;38555
CNYRUBF;5;20260121;102000;11.125;11.131;11.122;11.123;25473
CNYRUBF;5;20260121;102500;11.122;11.133;11.12;11.128;19784
CNYRUBF;5;20260121;103000;11.128;11.129;11.113;11.12;21814
CNYRUBF;5;20260121;103500;11.12;11.123;11.118;11.12;6295
CNYRUBF;5;20260121;104000;11.118;11.119;11.109;11.11;32635
CNYRUBF;5;20260121;104500;11.11;11.118;11.11;11.115;69450
CNYRUBF;5;20260121;105000;11.114;11.118;11.11;11.11;20059
CNYRUBF;5;20260121;105500;11.11;11.111;11.093;11.098;88037
CNYRUBF;5;20260121;110000;11.098;11.111;11.094;11.107;78160
CNYRUBF;5;20260121;110500;11.106;11.11;11.103;11.106;17666
CNYRUBF;5;20260121;111000;11.106;11.122;11.105;11.122;19109
CNYRUBF;5;20260121;111500;11.122;11.126;11.106;11.106;22208
CNYRUBF;5;20260121;112000;11.107;11.11;11.104;11.104;8668
CNYRUBF;5;20260121;112500;11.104;11.123;11.104;11.115;40950
CNYRUBF;5;20260121;113000;11.114;11.117;11.111;11.112;8965
CNYRUBF;5;20260121;113500;11.112;11.115;11.11;11.112;7811
CNYRUBF;5;20260121;114000;11.11;11.118;11.11;11.118;12005
CNYRUBF;5;20260121;114500;11.117;11.118;11.113;11.113;9576
CNYRUBF;5;20260121;115000;11.113;11.114;11.111;11.111;11289
CNYRUBF;5;20260121;115500;11.111;11.113;11.109;11.11;9487
CNYRUBF;5;20260121;120000;11.11;11.116;11.109;11.111;64665
CNYRUBF;5;20260121;120500;11.111;11.118;11.111;11.117;13273
CNYRUBF;5;20260121;121000;11.116;11.117;11.112;11.116;18912
CNYRUBF;5;20260121;121500;11.117;11.131;11.117;11.12;43599
CNYRUBF;5;20260121;122000;11.119;11.122;11.115;11.122;12500
CNYRUBF;5;20260121;122500;11.12;11.121;11.113;11.113;28284
CNYRUBF;5;20260121;123000;11.113;11.113;11.104;11.105;11506
CNYRUBF;5;20260121;123500;11.104;11.109;11.093;11.108;38040
CNYRUBF;5;20260121;124000;11.108;11.119;11.106;11.114;11564
CNYRUBF;5;20260121;124500;11.114;11.118;11.112;11.114;1012
CNYRUBF;5;20260121;125000;11.114;11.119;11.11;11.116;28303
CNYRUBF;5;20260121;125500;11.115;11.129;11.115;11.123;15064
CNYRUBF;5;20260121;130000;11.121;11.13;11.113;11.128;32120
CNYRUBF;5;20260121;130500;11.126;11.13;11.124;11.127;16467
CNYRUBF;5;20260121;131000;11.125;11.135;11.125;11.13;21887
CNYRUBF;5;20260121;131500;11.129;11.135;11.128;11.134;14065
CNYRUBF;5;20260121;132000;11.135;11.135;11.13;11.133;33188
CNYRUBF;5;20260121;132500;11.133;11.133;11.121;11.123;25162
CNYRUBF;5;20260121;133000;11.123;11.127;11.119;11.123;13024
CNYRUBF;5;20260121;133500;11.122;11.123;11.117;11.117;20376
CNYRUBF;5;20260121;134000;11.117;11.118;11.109;11.109;17992
CNYRUBF;5;20260121;134500;11.108;11.115;11.107;11.113;13875
CNYRUBF;5;20260121;135000;11.112;11.125;11.112;11.119;20494
CNYRUBF;5;20260121;135500;11.119;11.119;11.11;11.11;16058
CNYRUBF;5;20260121;140500;11.11;11.11;11.103;11.109;3080
CNYRUBF;5;20260121;141000;11.109;11.109;11.101;11.105;4159
CNYRUBF;5;20260121;141500;11.104;11.109;11.104;11.105;2322
CNYRUBF;5;20260121;142000;11.105;11.105;11.097;11.1;29831
CNYRUBF;5;20260121;142500;11.101;11.105;11.099;11.102;30092
CNYRUBF;5;20260121;143000;11.102;11.114;11.1;11.103;32891
CNYRUBF;5;20260121;143500;11.103;11.104;11.084;11.098;60430
CNYRUBF;5;20260121;144000;11.097;11.103;11.094;11.099;11498
CNYRUBF;5;20260121;144500;11.099;11.1;11.093;11.095;6892
CNYRUBF;5;20260121;145000;11.096;11.097;11.088;11.089;7444
CNYRUBF;5;20260121;145500;11.09;11.09;11.076;11.082;69743
CNYRUBF;5;20260121;150000;11.083;11.09;11.081;11.081;63437
CNYRUBF;5;20260121;150500;11.081;11.09;11.081;11.086;64453
CNYRUBF;5;20260121;151000;11.086;11.1;11.082;11.092;40714
CNYRUBF;5;20260121;151500;11.091;11.095;11.09;11.094;5616
CNYRUBF;5;20260121;152000;11.093;11.094;11.086;11.089;3567
CNYRUBF;5;20260121;152500;11.088;11.103;11.086;11.093;19339
CNYRUBF;5;20260121;153000;11.093;11.094;11.084;11.088;15749
CNYRUBF;5;20260121;153500;11.089;11.096;11.088;11.091;17966
CNYRUBF;5;20260121;154000;11.091;11.092;11.077;11.081;11900
CNYRUBF;5;20260121;154500;11.081;11.082;11.066;11.077;39083
CNYRUBF;5;20260121;155000;11.076;11.078;11.074;11.077;24749
CNYRUBF;5;20260121;155500;11.076;11.081;11.075;11.081;15716
CNYRUBF;5;20260121;160000;11.081;11.081;11.073;11.074;10350
CNYRUBF;5;20260121;160500;11.072;11.077;11.072;11.077;2974
CNYRUBF;5;20260121;161000;11.075;11.077;11.075;11.075;1471
CNYRUBF;5;20260121;161500;11.076;11.079;11.074;11.077;8179
CNYRUBF;5;20260121;162000;11.076;11.077;11.072;11.076;13989
CNYRUBF;5;20260121;162500;11.074;11.076;11.057;11.061;33836
CNYRUBF;5;20260121;163000;11.063;11.063;11.055;11.056;22815
CNYRUBF;5;20260121;163500;11.056;11.064;11.056;11.06;15227
CNYRUBF;5;20260121;164000;11.059;11.063;11.058;11.06;6175
CNYRUBF;5;20260121;164500;11.058;11.059;11.05;11.059;20705
CNYRUBF;5;20260121;165000;11.058;11.059;11.041;11.044;13600
CNYRUBF;5;20260121;165500;11.043;11.047;11.032;11.035;25102
CNYRUBF;5;20260121;170000;11.035;11.06;11.03;11.055;59577
CNYRUBF;5;20260121;170500;11.055;11.055;11.046;11.047;13065
CNYRUBF;5;20260121;171000;11.047;11.049;11.037;11.039;21982
CNYRUBF;5;20260121;171500;11.039;11.053;11.038;11.053;26619
CNYRUBF;5;20260121;172000;11.053;11.054;11.041;11.042;23972
CNYRUBF;5;20260121;172500;11.043;11.043;11.032;11.036;10567
CNYRUBF;5;20260121;173000;11.036;11.037;11.032;11.036;25869
CNYRUBF;5;20260121;173500;11.036;11.039;11.026;11.028;34890
CNYRUBF;5;20260121;174000;11.027;11.029;11.021;11.021;32951
CNYRUBF;5;20260121;174500;11.021;11.025;11.017;11.024;42448
CNYRUBF;5;20260121;175000;11.024;11.031;11.022;11.03;12458
CNYRUBF;5;20260121;175500;11.028;11.029;11.025;11.027;4656
CNYRUBF;5;20260121;180000;11.026;11.028;11.006;11.009;70173
CNYRUBF;5;20260121;180500;11.008;11.012;11.003;11.008;79978
CNYRUBF;5;20260121;181000;11.008;11.009;10.992;11.004;64552
CNYRUBF;5;20260121;181500;11.004;11.004;10.993;10.995;26072
CNYRUBF;5;20260121;182000;10.994;10.997;10.981;10.983;29254
CNYRUBF;5;20260121;182500;10.983;10.999;10.974;10.998;68378
CNYRUBF;5;20260121;183000;10.998;11.003;10.981;10.984;79158
CNYRUBF;5;20260121;183500;10.985;10.991;10.981;10.983;22085
CNYRUBF;5;20260121;184000;10.985;10.987;10.975;10.976;17699
CNYRUBF;5;20260121;184500;10.975;10.989;10.974;10.989;23835
CNYRUBF;5;20260121;190500;10.986;11.002;10.939;10.967;47929
CNYRUBF;5;20260121;191000;10.969;10.976;10.963;10.971;13571
CNYRUBF;5;20260121;191500;10.971;10.977;10.964;10.97;7561
CNYRUBF;5;20260121;192000;10.971;10.977;10.965;10.966;2219
CNYRUBF;5;20260121;192500;10.967;10.974;10.967;10.974;2136
CNYRUBF;5;20260121;193000;10.974;10.975;10.967;10.972;6406
CNYRUBF;5;20260121;193500;10.972;10.972;10.958;10.958;3404
CNYRUBF;5;20260121;194000;10.958;10.96;10.955;10.956;1791
CNYRUBF;5;20260121;194500;10.956;10.96;10.953;10.959;3560
CNYRUBF;5;20260121;195000;10.96;10.961;10.956;10.96;6065
CNYRUBF;5;20260121;195500;10.96;10.96;10.957;10.959;2533
CNYRUBF;5;20260121;200000;10.957;10.975;10.957;10.974;12778
CNYRUBF;5;20260121;200500;10.974;10.975;10.971;10.972;2002
CNYRUBF;5;20260121;201000;10.972;10.975;10.972;10.975;1193
CNYRUBF;5;20260121;201500;10.974;10.975;10.969;10.969;1540
CNYRUBF;5;20260121;202000;10.97;10.972;10.967;10.971;899
CNYRUBF;5;20260121;202500;10.97;10.972;10.968;10.971;799
CNYRUBF;5;20260121;203000;10.969;10.972;10.969;10.972;330
CNYRUBF;5;20260121;203500;10.972;10.972;10.967;10.97;1094
CNYRUBF;5;20260121;204000;10.969;10.971;10.965;10.965;1299
CNYRUBF;5;20260121;204500;10.965;10.967;10.963;10.965;905
CNYRUBF;5;20260121;205000;10.967;10.969;10.965;10.969;344
CNYRUBF;5;20260121;205500;10.969;10.972;10.968;10.972;429
CNYRUBF;5;20260121;210000;10.972;10.974;10.971;10.973;1620
CNYRUBF;5;20260121;210500;10.974;10.975;10.969;10.969;1844
CNYRUBF;5;20260121;211000;10.968;10.97;10.968;10.968;1007
CNYRUBF;5;20260121;211500;10.968;10.97;10.966;10.967;380
CNYRUBF;5;20260121;212000;10.967;10.97;10.967;10.97;715
CNYRUBF;5;20260121;212500;10.97;10.973;10.97;10.973;833
CNYRUBF;5;20260121;213000;10.973;10.975;10.972;10.975;818
CNYRUBF;5;20260121;213500;10.975;10.975;10.971;10.971;300
CNYRUBF;5;20260121;214000;10.974;10.977;10.972;10.977;4479
CNYRUBF;5;20260121;214500;10.977;10.983;10.975;10.981;2477
CNYRUBF;5;20260121;215000;10.983;10.983;10.973;10.977;1466
CNYRUBF;5;20260121;215500;10.978;10.98;10.977;10.979;217
CNYRUBF;5;20260121;220000;10.978;10.983;10.977;10.982;2048
CNYRUBF;5;20260121;220500;10.982;10.983;10.979;10.983;1266
CNYRUBF;5;20260121;221000;10.982;10.983;10.981;10.982;1314
CNYRUBF;5;20260121;221500;10.982;10.983;10.98;10.983;402
CNYRUBF;5;20260121;222000;10.983;10.983;10.981;10.982;388
CNYRUBF;5;20260121;222500;10.981;10.982;10.979;10.979;475
CNYRUBF;5;20260121;223000;10.98;10.98;10.976;10.977;658
CNYRUBF;5;20260121;223500;10.978;10.981;10.975;10.978;2329
CNYRUBF;5;20260121;224000;10.981;10.983;10.98;10.981;792
CNYRUBF;5;20260121;224500;10.982;10.982;10.975;10.976;2857
CNYRUBF;5;20260121;225000;10.976;10.98;10.976;10.979;1603
CNYRUBF;5;20260121;225500;10.977;10.979;10.976;10.979;737
CNYRUBF;5;20260121;230000;10.979;10.98;10.974;10.974;1748
CNYRUBF;5;20260121;230500;10.974;10.975;10.971;10.972;1222
CNYRUBF;5;20260121;231000;10.971;10.973;10.97;10.97;522
CNYRUBF;5;20260121;231500;10.97;10.972;10.967;10.972;810
CNYRUBF;5;20260121;232000;10.97;10.972;10.965;10.965;1049
CNYRUBF;5;20260121;232500;10.969;10.971;10.966;10.971;943
CNYRUBF;5;20260121;233000;10.969;10.969;10.964;10.967;728
CNYRUBF;5;20260121;233500;10.967;10.972;10.965;10.972;276
CNYRUBF;5;20260121;234000;10.972;10.975;10.97;10.974;557
CNYRUBF;5;20260121;234500;10.975;10.975;10.959;10.959;4471
CNYRUBF;5;20260122;085500;10.972;10.972;10.972;10.972;361
CNYRUBF;5;20260122;090000;10.972;10.979;10.955;10.958;10250
CNYRUBF;5;20260122;090500;10.957;10.982;10.95;10.977;37509
CNYRUBF;5;20260122;091000;10.978;10.983;10.954;10.964;19110
CNYRUBF;5;20260122;091500;10.965;10.977;10.951;10.957;23600
CNYRUBF;5;20260122;092000;10.955;10.956;10.95;10.952;4875
CNYRUBF;5;20260122;092500;10.952;10.958;10.951;10.957;2873
CNYRUBF;5;20260122;093000;10.958;10.964;10.952;10.961;4769
CNYRUBF;5;20260122;093500;10.961;10.969;10.958;10.96;2620
CNYRUBF;5;20260122;094000;10.963;10.966;10.955;10.955;3630
CNYRUBF;5;20260122;094500;10.957;10.958;10.951;10.952;3373
CNYRUBF;5;20260122;095000;10.952;10.952;10.941;10.949;13353
CNYRUBF;5;20260122;095500;10.95;10.953;10.944;10.952;13276
CNYRUBF;5;20260122;100000;10.953;10.977;10.933;10.933;132836
CNYRUBF;5;20260122;100500;10.934;10.934;10.905;10.905;94131
CNYRUBF;5;20260122;101000;10.906;10.909;10.869;10.873;101626
CNYRUBF;5;20260122;101500;10.873;10.899;10.87;10.895;40792
CNYRUBF;5;20260122;102000;10.895;10.899;10.872;10.88;69749
CNYRUBF;5;20260122;102500;10.88;10.893;10.87;10.887;58308
CNYRUBF;5;20260122;103000;10.889;10.899;10.878;10.898;63462
CNYRUBF;5;20260122;103500;10.897;10.909;10.891;10.909;41978
CNYRUBF;5;20260122;104000;10.909;10.914;10.895;10.897;56945
CNYRUBF;5;20260122;104500;10.899;10.9;10.892;10.896;10320
CNYRUBF;5;20260122;105000;10.898;10.902;10.893;10.895;8559
CNYRUBF;5;20260122;105500;10.897;10.897;10.88;10.882;28000
CNYRUBF;5;20260122;110000;10.883;10.892;10.882;10.888;6612
CNYRUBF;5;20260122;110500;10.889;10.89;10.88;10.886;10092
CNYRUBF;5;20260122;111000;10.886;10.886;10.876;10.88;8094
CNYRUBF;5;20260122;111500;10.88;10.882;10.866;10.872;14358
CNYRUBF;5;20260122;112000;10.873;10.886;10.865;10.877;24473
CNYRUBF;5;20260122;112500;10.878;10.883;10.869;10.876;12025
CNYRUBF;5;20260122;113000;10.876;10.879;10.874;10.875;5606
CNYRUBF;5;20260122;113500;10.875;10.875;10.859;10.866;19202
CNYRUBF;5;20260122;114000;10.868;10.879;10.867;10.879;22599
CNYRUBF;5;20260122;114500;10.879;10.879;10.869;10.87;14846
CNYRUBF;5;20260122;115000;10.871;10.873;10.856;10.862;41158
CNYRUBF;5;20260122;115500;10.863;10.866;10.857;10.866;18928
CNYRUBF;5;20260122;120000;10.866;10.866;10.847;10.848;32986
CNYRUBF;5;20260122;120500;10.849;10.855;10.846;10.853;26412
CNYRUBF;5;20260122;121000;10.852;10.873;10.852;10.868;18614
CNYRUBF;5;20260122;121500;10.868;10.889;10.861;10.879;19878
CNYRUBF;5;20260122;122000;10.88;10.886;10.878;10.88;26424
CNYRUBF;5;20260122;122500;10.878;10.88;10.866;10.868;16433
CNYRUBF;5;20260122;123000;10.87;10.897;10.869;10.888;70038
CNYRUBF;5;20260122;123500;10.888;10.894;10.881;10.887;20286
CNYRUBF;5;20260122;124000;10.887;10.894;10.876;10.876;16769
CNYRUBF;5;20260122;124500;10.878;10.884;10.872;10.879;20748
CNYRUBF;5;20260122;125000;10.881;10.881;10.871;10.872;6808
CNYRUBF;5;20260122;125500;10.87;10.874;10.862;10.869;27945
CNYRUBF;5;20260122;130000;10.869;10.874;10.855;10.861;31162
CNYRUBF;5;20260122;130500;10.86;10.863;10.851;10.853;12895
CNYRUBF;5;20260122;131000;10.854;10.863;10.851;10.857;10824
CNYRUBF;5;20260122;131500;10.856;10.856;10.834;10.841;31405
CNYRUBF;5;20260122;132000;10.841;10.841;10.821;10.833;47680
CNYRUBF;5;20260122;132500;10.833;10.844;10.828;10.84;33329
CNYRUBF;5;20260122;133000;10.84;10.849;10.837;10.848;24859
CNYRUBF;5;20260122;133500;10.848;10.851;10.843;10.85;12112
CNYRUBF;5;20260122;134000;10.848;10.848;10.837;10.838;8569
CNYRUBF;5;20260122;134500;10.838;10.843;10.836;10.839;4382
CNYRUBF;5;20260122;135000;10.839;10.839;10.831;10.834;5600
CNYRUBF;5;20260122;135500;10.834;10.844;10.83;10.842;8378
CNYRUBF;5;20260122;140500;10.836;10.837;10.83;10.83;12507
CNYRUBF;5;20260122;141000;10.83;10.83;10.824;10.826;6852
CNYRUBF;5;20260122;141500;10.826;10.828;10.82;10.822;17895
CNYRUBF;5;20260122;142000;10.821;10.831;10.816;10.818;30335
CNYRUBF;5;20260122;142500;10.82;10.842;10.816;10.839;33702
CNYRUBF;5;20260122;143000;10.839;10.845;10.838;10.842;46252
CNYRUBF;5;20260122;143500;10.843;10.847;10.84;10.845;25460
CNYRUBF;5;20260122;144000;10.845;10.851;10.827;10.841;37083
CNYRUBF;5;20260122;144500;10.84;10.865;10.836;10.857;58582
CNYRUBF;5;20260122;145000;10.858;10.866;10.854;10.864;24890
CNYRUBF;5;20260122;145500;10.864;10.864;10.855;10.855;26248
CNYRUBF;5;20260122;150000;10.855;10.862;10.847;10.862;40251
CNYRUBF;5;20260122;150500;10.86;10.879;10.859;10.876;17769
CNYRUBF;5;20260122;151000;10.876;10.878;10.869;10.873;21155
CNYRUBF;5;20260122;151500;10.873;10.875;10.864;10.87;11065
CNYRUBF;5;20260122;152000;10.87;10.884;10.87;10.88;29668
CNYRUBF;5;20260122;152500;10.88;10.881;10.868;10.874;19662
CNYRUBF;5;20260122;153000;10.873;10.875;10.864;10.867;10357
CNYRUBF;5;20260122;153500;10.865;10.875;10.865;10.867;17017
CNYRUBF;5;20260122;154000;10.866;10.875;10.866;10.872;12597
CNYRUBF;5;20260122;154500;10.869;10.873;10.867;10.869;3771
CNYRUBF;5;20260122;155000;10.867;10.869;10.859;10.861;12407
CNYRUBF;5;20260122;155500;10.86;10.864;10.859;10.859;4792
CNYRUBF;5;20260122;160000;10.861;10.874;10.86;10.867;12412
CNYRUBF;5;20260122;160500;10.867;10.868;10.859;10.867;9613
CNYRUBF;5;20260122;161000;10.865;10.867;10.86;10.867;16383
CNYRUBF;5;20260122;161500;10.867;10.867;10.861;10.862;2580
CNYRUBF;5;20260122;162000;10.861;10.866;10.861;10.866;13670
CNYRUBF;5;20260122;162500;10.865;10.871;10.858;10.87;18457
CNYRUBF;5;20260122;163000;10.87;10.875;10.867;10.87;16874
CNYRUBF;5;20260122;163500;10.87;10.875;10.868;10.874;4077
CNYRUBF;5;20260122;164000;10.873;10.875;10.868;10.868;1942
CNYRUBF;5;20260122;164500;10.868;10.869;10.863;10.869;6113
CNYRUBF;5;20260122;165000;10.868;10.87;10.862;10.863;9207
CNYRUBF;5;20260122;165500;10.863;10.868;10.863;10.865;5111
CNYRUBF;5;20260122;170000;10.865;10.866;10.861;10.862;11435
CNYRUBF;5;20260122;170500;10.861;10.863;10.86;10.862;7968
CNYRUBF;5;20260122;171000;10.862;10.878;10.862;10.87;15800
CNYRUBF;5;20260122;171500;10.869;10.877;10.869;10.876;11885
CNYRUBF;5;20260122;172000;10.875;10.88;10.871;10.874;14330
CNYRUBF;5;20260122;172500;10.873;10.875;10.87;10.872;2071
CNYRUBF;5;20260122;173000;10.873;10.873;10.858;10.862;24339
CNYRUBF;5;20260122;173500;10.862;10.865;10.861;10.862;4501
CNYRUBF;5;20260122;174000;10.862;10.863;10.848;10.856;42991
CNYRUBF;5;20260122;174500;10.855;10.861;10.85;10.855;17005
CNYRUBF;5;20260122;175000;10.855;10.855;10.843;10.846;17594
CNYRUBF;5;20260122;175500;10.846;10.86;10.845;10.856;9546
CNYRUBF;5;20260122;180000;10.856;10.858;10.854;10.854;9666
CNYRUBF;5;20260122;180500;10.854;10.861;10.853;10.858;7672
CNYRUBF;5;20260122;181000;10.858;10.861;10.848;10.85;17047
CNYRUBF;5;20260122;181500;10.85;10.855;10.845;10.851;11272
CNYRUBF;5;20260122;182000;10.85;10.85;10.84;10.842;16957
CNYRUBF;5;20260122;182500;10.84;10.844;10.825;10.836;44717
CNYRUBF;5;20260122;183000;10.836;10.851;10.832;10.85;26739
CNYRUBF;5;20260122;183500;10.848;10.855;10.834;10.836;31530
CNYRUBF;5;20260122;184000;10.838;10.838;10.83;10.832;11654
CNYRUBF;5;20260122;184500;10.832;10.839;10.829;10.838;12907
CNYRUBF;5;20260122;190500;10.84;10.846;10.833;10.84;6584
CNYRUBF;5;20260122;191000;10.839;10.848;10.839;10.844;8084
CNYRUBF;5;20260122;191500;10.842;10.844;10.83;10.83;9882
CNYRUBF;5;20260122;192000;10.832;10.835;10.821;10.827;9719
CNYRUBF;5;20260122;192500;10.827;10.833;10.822;10.83;4531
CNYRUBF;5;20260122;193000;10.83;10.836;10.829;10.835;3160
CNYRUBF;5;20260122;193500;10.835;10.837;10.831;10.832;2255
CNYRUBF;5;20260122;194000;10.832;10.839;10.832;10.838;2956
CNYRUBF;5;20260122;194500;10.838;10.838;10.829;10.829;2282
CNYRUBF;5;20260122;195000;10.829;10.837;10.827;10.835;4072
CNYRUBF;5;20260122;195500;10.835;10.837;10.835;10.837;662
CNYRUBF;5;20260122;200000;10.837;10.838;10.829;10.836;3844
CNYRUBF;5;20260122;200500;10.835;10.843;10.834;10.84;2182
CNYRUBF;5;20260122;201000;10.842;10.842;10.836;10.842;1203
CNYRUBF;5;20260122;201500;10.842;10.845;10.84;10.844;1254
CNYRUBF;5;20260122;202000;10.845;10.847;10.843;10.844;1535
CNYRUBF;5;20260122;202500;10.844;10.844;10.839;10.842;988
CNYRUBF;5;20260122;203000;10.842;10.842;10.839;10.842;91
CNYRUBF;5;20260122;203500;10.841;10.844;10.84;10.844;1295
CNYRUBF;5;20260122;204000;10.845;10.846;10.841;10.845;6289
CNYRUBF;5;20260122;204500;10.844;10.846;10.843;10.845;3686
CNYRUBF;5;20260122;205000;10.845;10.846;10.843;10.844;1607
CNYRUBF;5;20260122;205500;10.844;10.847;10.842;10.845;1399
CNYRUBF;5;20260122;210000;10.844;10.845;10.841;10.842;1418
CNYRUBF;5;20260122;210500;10.842;10.843;10.841;10.841;549
CNYRUBF;5;20260122;211000;10.841;10.842;10.841;10.841;83
CNYRUBF;5;20260122;211500;10.842;10.845;10.841;10.844;1506
CNYRUBF;5;20260122;212000;10.844;10.846;10.842;10.843;1108
CNYRUBF;5;20260122;212500;10.843;10.846;10.842;10.846;1952
CNYRUBF;5;20260122;213000;10.846;10.846;10.844;10.845;30
CNYRUBF;5;20260122;213500;10.845;10.846;10.844;10.845;124
CNYRUBF;5;20260122;214000;10.845;10.845;10.842;10.842;231
CNYRUBF;5;20260122;214500;10.843;10.846;10.843;10.846;657
CNYRUBF;5;20260122;215000;10.844;10.845;10.842;10.842;346
CNYRUBF;5;20260122;215500;10.842;10.845;10.842;10.843;303
CNYRUBF;5;20260122;220000;10.843;10.846;10.842;10.846;1610
CNYRUBF;5;20260122;220500;10.844;10.85;10.844;10.848;8263
CNYRUBF;5;20260122;221000;10.847;10.848;10.846;10.848;364
CNYRUBF;5;20260122;221500;10.848;10.848;10.845;10.845;509
CNYRUBF;5;20260122;222000;10.846;10.848;10.845;10.848;46
CNYRUBF;5;20260122;222500;10.847;10.847;10.844;10.844;517
CNYRUBF;5;20260122;223000;10.846;10.847;10.846;10.847;170
CNYRUBF;5;20260122;223500;10.846;10.847;10.843;10.843;376
CNYRUBF;5;20260122;224000;10.843;10.846;10.843;10.845;795
CNYRUBF;5;20260122;224500;10.844;10.846;10.844;10.846;21
CNYRUBF;5;20260122;225000;10.845;10.846;10.845;10.846;30
CNYRUBF;5;20260122;225500;10.845;10.845;10.843;10.844;469
CNYRUBF;5;20260122;230000;10.845;10.846;10.843;10.845;245
CNYRUBF;5;20260122;230500;10.845;10.845;10.844;10.845;151
CNYRUBF;5;20260122;231000;10.843;10.844;10.84;10.843;245
CNYRUBF;5;20260122;231500;10.842;10.843;10.838;10.841;586
CNYRUBF;5;20260122;232000;10.841;10.841;10.837;10.839;649
CNYRUBF;5;20260122;232500;10.838;10.838;10.83;10.83;7582
CNYRUBF;5;20260122;233000;10.831;10.831;10.827;10.83;6118
CNYRUBF;5;20260122;233500;10.831;10.835;10.83;10.834;2729
CNYRUBF;5;20260122;234000;10.834;10.835;10.829;10.831;8919
CNYRUBF;5;20260122;234500;10.832;10.836;10.826;10.834;3376
CNYRUBF;5;20260123;085500;10.839;10.839;10.839;10.839;30
CNYRUBF;5;20260123;090000;10.839;10.85;10.826;10.834;38775
CNYRUBF;5;20260123;090500;10.834;10.854;10.794;10.802;203224
CNYRUBF;5;20260123;091000;10.804;10.845;10.803;10.831;77103
CNYRUBF;5;20260123;091500;10.83;10.839;10.819;10.831;18688
CNYRUBF;5;20260123;092000;10.833;10.837;10.826;10.83;5261
CNYRUBF;5;20260123;092500;10.832;10.839;10.828;10.838;8454
CNYRUBF;5;20260123;093000;10.837;10.847;10.837;10.844;12446
CNYRUBF;5;20260123;093500;10.845;10.845;10.841;10.845;5585
CNYRUBF;5;20260123;094000;10.844;10.848;10.844;10.847;6149
CNYRUBF;5;20260123;094500;10.845;10.848;10.83;10.837;14309
CNYRUBF;5;20260123;095000;10.84;10.849;10.84;10.846;6984
CNYRUBF;5;20260123;095500;10.848;10.852;10.841;10.843;10156
CNYRUBF;5;20260123;100000;10.844;10.869;10.834;10.852;52843
CNYRUBF;5;20260123;100500;10.853;10.855;10.835;10.845;32108
CNYRUBF;5;20260123;101000;10.846;10.854;10.841;10.846;34918
CNYRUBF;5;20260123;101500;10.846;10.858;10.846;10.855;11783
CNYRUBF;5;20260123;102000;10.856;10.859;10.85;10.853;31498
CNYRUBF;5;20260123;102500;10.854;10.869;10.85;10.861;40071
CNYRUBF;5;20260123;103000;10.862;10.882;10.862;10.877;123671
CNYRUBF;5;20260123;103500;10.878;10.88;10.867;10.869;50529
CNYRUBF;5;20260123;104000;10.87;10.875;10.867;10.873;23849
CNYRUBF;5;20260123;104500;10.874;10.875;10.871;10.873;17941
CNYRUBF;5;20260123;105000;10.873;10.875;10.869;10.869;9309
CNYRUBF;5;20260123;105500;10.87;10.873;10.866;10.871;6938
CNYRUBF;5;20260123;110000;10.872;10.88;10.872;10.88;19086
CNYRUBF;5;20260123;110500;10.88;10.885;10.878;10.884;13082
CNYRUBF;5;20260123;111000;10.885;10.895;10.883;10.89;29432
CNYRUBF;5;20260123;111500;10.89;10.899;10.883;10.895;64954
CNYRUBF;5;20260123;112000;10.895;10.9;10.891;10.893;78108
CNYRUBF;5;20260123;112500;10.893;10.898;10.887;10.892;25279
CNYRUBF;5;20260123;113000;10.894;10.896;10.88;10.883;16171
CNYRUBF;5;20260123;113500;10.885;10.886;10.879;10.884;16643
CNYRUBF;5;20260123;114000;10.884;10.89;10.882;10.884;25632
CNYRUBF;5;20260123;114500;10.884;10.889;10.882;10.886;20731
CNYRUBF;5;20260123;115000;10.887;10.888;10.882;10.884;7536
CNYRUBF;5;20260123;115500;10.884;10.885;10.872;10.879;23048
CNYRUBF;5;20260123;120000;10.88;10.882;10.867;10.87;18187
CNYRUBF;5;20260123;120500;10.87;10.88;10.868;10.874;5493
CNYRUBF;5;20260123;121000;10.875;10.88;10.875;10.879;5856
CNYRUBF;5;20260123;121500;10.879;10.892;10.877;10.884;32125
CNYRUBF;5;20260123;122000;10.884;10.885;10.879;10.88;13452
CNYRUBF;5;20260123;122500;10.88;10.889;10.88;10.886;10599
CNYRUBF;5;20260123;123000;10.888;10.894;10.883;10.883;12973
CNYRUBF;5;20260123;123500;10.884;10.886;10.878;10.879;6978
CNYRUBF;5;20260123;124000;10.88;10.884;10.878;10.88;9959
CNYRUBF;5;20260123;124500;10.881;10.882;10.875;10.876;8791
CNYRUBF;5;20260123;125000;10.877;10.878;10.869;10.877;21190
CNYRUBF;5;20260123;125500;10.877;10.878;10.87;10.877;7769
CNYRUBF;5;20260123;130000;10.878;10.887;10.878;10.882;12895
CNYRUBF;5;20260123;130500;10.883;10.89;10.88;10.888;8574
CNYRUBF;5;20260123;131000;10.889;10.89;10.878;10.879;20030
CNYRUBF;5;20260123;131500;10.879;10.88;10.874;10.877;10748
CNYRUBF;5;20260123;132000;10.877;10.882;10.877;10.881;5308
CNYRUBF;5;20260123;132500;10.881;10.882;10.879;10.879;8487
CNYRUBF;5;20260123;133000;10.88;10.882;10.875;10.875;5462
CNYRUBF;5;20260123;133500;10.874;10.878;10.872;10.877;15237
CNYRUBF;5;20260123;134000;10.877;10.881;10.877;10.88;1923
CNYRUBF;5;20260123;134500;10.88;10.881;10.878;10.878;3273
CNYRUBF;5;20260123;135000;10.878;10.881;10.877;10.881;8963
CNYRUBF;5;20260123;135500;10.881;10.885;10.879;10.884;3009
CNYRUBF;5;20260123;140500;10.884;10.89;10.88;10.889;14628
CNYRUBF;5;20260123;141000;10.89;10.891;10.883;10.885;13377
CNYRUBF;5;20260123;141500;10.883;10.885;10.877;10.883;13556
CNYRUBF;5;20260123;142000;10.884;10.886;10.88;10.88;6137
CNYRUBF;5;20260123;142500;10.881;10.883;10.872;10.872;8066
CNYRUBF;5;20260123;143000;10.871;10.877;10.868;10.877;10616
CNYRUBF;5;20260123;143500;10.877;10.877;10.871;10.875;5649
CNYRUBF;5;20260123;144000;10.876;10.876;10.864;10.869;11138
CNYRUBF;5;20260123;144500;10.869;10.87;10.86;10.864;24191
CNYRUBF;5;20260123;145000;10.863;10.87;10.863;10.867;20810
CNYRUBF;5;20260123;145500;10.867;10.869;10.865;10.867;7985
CNYRUBF;5;20260123;150000;10.866;10.868;10.86;10.861;15078
CNYRUBF;5;20260123;150500;10.861;10.862;10.857;10.858;19194
CNYRUBF;5;20260123;151000;10.858;10.864;10.857;10.864;6682
CNYRUBF;5;20260123;151500;10.863;10.864;10.858;10.861;9100
CNYRUBF;5;20260123;152000;10.86;10.865;10.86;10.864;6657
CNYRUBF;5;20260123;152500;10.865;10.865;10.861;10.865;4063
CNYRUBF;5;20260123;153000;10.866;10.87;10.864;10.868;6227
CNYRUBF;5;20260123;153500;10.868;10.87;10.864;10.864;4204
CNYRUBF;5;20260123;154000;10.865;10.868;10.862;10.862;10540
CNYRUBF;5;20260123;154500;10.862;10.867;10.861;10.864;12218
CNYRUBF;5;20260123;155000;10.864;10.865;10.86;10.862;33482
CNYRUBF;5;20260123;155500;10.862;10.869;10.862;10.868;12232
CNYRUBF;5;20260123;160000;10.869;10.869;10.865;10.866;382
CNYRUBF;5;20260123;160500;10.866;10.867;10.863;10.866;13592
CNYRUBF;5;20260123;161000;10.865;10.878;10.864;10.878;15993
CNYRUBF;5;20260123;161500;10.879;10.879;10.869;10.872;6084
CNYRUBF;5;20260123;162000;10.874;10.874;10.869;10.871;1003
CNYRUBF;5;20260123;162500;10.872;10.873;10.87;10.871;867
CNYRUBF;5;20260123;163000;10.87;10.871;10.865;10.871;4990
CNYRUBF;5;20260123;163500;10.869;10.89;10.866;10.88;25480
CNYRUBF;5;20260123;164000;10.881;10.884;10.879;10.88;3155
CNYRUBF;5;20260123;164500;10.881;10.882;10.871;10.872;1212
CNYRUBF;5;20260123;165000;10.87;10.873;10.866;10.87;1437
CNYRUBF;5;20260123;165500;10.869;10.881;10.869;10.879;3806
CNYRUBF;5;20260123;170000;10.88;10.886;10.876;10.876;10492
CNYRUBF;5;20260123;170500;10.877;10.879;10.874;10.877;1382
CNYRUBF;5;20260123;171000;10.878;10.88;10.872;10.872;1077
CNYRUBF;5;20260123;171500;10.873;10.886;10.873;10.881;7390
CNYRUBF;5;20260123;172000;10.883;10.883;10.872;10.876;2375
CNYRUBF;5;20260123;172500;10.875;10.88;10.873;10.88;3646
CNYRUBF;5;20260123;173000;10.881;10.882;10.874;10.876;806
CNYRUBF;5;20260123;173500;10.875;10.879;10.875;10.879;822
CNYRUBF;5;20260123;174000;10.879;10.881;10.873;10.875;4153
CNYRUBF;5;20260123;174500;10.874;10.874;10.867;10.868;4631
CNYRUBF;5;20260123;175000;10.871;10.872;10.87;10.871;1176
CNYRUBF;5;20260123;175500;10.871;10.874;10.867;10.868;2580
CNYRUBF;5;20260123;180000;10.869;10.87;10.86;10.86;6233
CNYRUBF;5;20260123;180500;10.859;10.872;10.858;10.869;15606
CNYRUBF;5;20260123;181000;10.869;10.869;10.866;10.868;814
CNYRUBF;5;20260123;181500;10.865;10.871;10.862;10.87;7733
CNYRUBF;5;20260123;182000;10.87;10.87;10.863;10.865;4794
CNYRUBF;5;20260123;182500;10.866;10.868;10.864;10.868;2079
CNYRUBF;5;20260123;183000;10.869;10.871;10.868;10.871;3241
CNYRUBF;5;20260123;183500;10.871;10.871;10.866;10.866;3695
CNYRUBF;5;20260123;184000;10.865;10.867;10.859;10.859;1939
CNYRUBF;5;20260123;184500;10.86;10.862;10.852;10.861;16330
CNYRUBF;5;20260123;190500;10.866;10.869;10.829;10.841;34996
CNYRUBF;5;20260123;191000;10.842;10.842;10.833;10.836;7793
CNYRUBF;5;20260123;191500;10.836;10.836;10.823;10.823;25868
CNYRUBF;5;20260123;192000;10.823;10.835;10.822;10.828;16866
CNYRUBF;5;20260123;192500;10.829;10.836;10.829;10.832;7727
CNYRUBF;5;20260123;193000;10.83;10.83;10.823;10.824;5534
CNYRUBF;5;20260123;193500;10.826;10.838;10.823;10.838;1502
CNYRUBF;5;20260123;194000;10.838;10.844;10.835;10.842;1780
CNYRUBF;5;20260123;194500;10.842;10.842;10.833;10.836;1235
CNYRUBF;5;20260123;195000;10.836;10.843;10.836;10.843;1600
CNYRUBF;5;20260123;195500;10.843;10.849;10.84;10.847;11658
CNYRUBF;5;20260123;200000;10.848;10.853;10.845;10.847;3823
CNYRUBF;5;20260123;200500;10.846;10.852;10.846;10.85;2145
CNYRUBF;5;20260123;201000;10.85;10.85;10.844;10.848;379
CNYRUBF;5;20260123;201500;10.848;10.852;10.848;10.85;587
CNYRUBF;5;20260123;202000;10.849;10.852;10.845;10.845;2568
CNYRUBF;5;20260123;202500;10.845;10.846;10.841;10.841;3996
CNYRUBF;5;20260123;203000;10.841;10.847;10.84;10.846;2463
CNYRUBF;5;20260123;203500;10.844;10.848;10.839;10.839;1907
CNYRUBF;5;20260123;204000;10.838;10.845;10.83;10.836;3779
CNYRUBF;5;20260123;204500;10.836;10.839;10.831;10.833;3299
CNYRUBF;5;20260123;205000;10.832;10.834;10.829;10.832;2496
CNYRUBF;5;20260123;205500;10.832;10.834;10.827;10.83;2081
CNYRUBF;5;20260123;210000;10.83;10.83;10.826;10.828;2726
CNYRUBF;5;20260123;210500;10.828;10.839;10.827;10.839;2459
CNYRUBF;5;20260123;211000;10.838;10.838;10.827;10.836;2407
CNYRUBF;5;20260123;211500;10.835;10.837;10.833;10.836;902
CNYRUBF;5;20260123;212000;10.833;10.838;10.833;10.838;1055
CNYRUBF;5;20260123;212500;10.835;10.837;10.828;10.836;1209
CNYRUBF;5;20260123;213000;10.834;10.835;10.83;10.831;2542
CNYRUBF;5;20260123;213500;10.831;10.832;10.831;10.831;311
CNYRUBF;5;20260123;214000;10.832;10.839;10.832;10.839;912
CNYRUBF;5;20260123;214500;10.839;10.84;10.836;10.837;1073
CNYRUBF;5;20260123;215000;10.837;10.84;10.836;10.836;308
CNYRUBF;5;20260123;215500;10.835;10.836;10.83;10.835;1986
CNYRUBF;5;20260123;220000;10.836;10.838;10.833;10.836;728
CNYRUBF;5;20260123;220500;10.834;10.837;10.832;10.833;1007
CNYRUBF;5;20260123;221000;10.836;10.838;10.831;10.834;1785
CNYRUBF;5;20260123;221500;10.834;10.838;10.834;10.836;1973
CNYRUBF;5;20260123;222000;10.836;10.837;10.832;10.833;2451
CNYRUBF;5;20260123;222500;10.833;10.834;10.832;10.833;2100
CNYRUBF;5;20260123;223000;10.833;10.834;10.831;10.833;2847
CNYRUBF;5;20260123;223500;10.831;10.834;10.83;10.833;1670
CNYRUBF;5;20260123;224000;10.833;10.834;10.831;10.833;290
CNYRUBF;5;20260123;224500;10.833;10.834;10.83;10.833;1543
CNYRUBF;5;20260123;225000;10.833;10.834;10.829;10.833;2914
CNYRUBF;5;20260123;225500;10.833;10.834;10.831;10.833;903
CNYRUBF;5;20260123;230000;10.834;10.834;10.826;10.831;1885
CNYRUBF;5;20260123;230500;10.833;10.833;10.831;10.831;42
CNYRUBF;5;20260123;231000;10.831;10.832;10.83;10.83;615
CNYRUBF;5;20260123;231500;10.831;10.832;10.83;10.831;366
CNYRUBF;5;20260123;232000;10.832;10.833;10.83;10.832;538
CNYRUBF;5;20260123;232500;10.832;10.833;10.83;10.832;1108
CNYRUBF;5;20260123;233000;10.829;10.833;10.829;10.831;212
CNYRUBF;5;20260123;233500;10.831;10.833;10.828;10.832;605
CNYRUBF;5;20260123;234000;10.829;10.832;10.827;10.829;918
CNYRUBF;5;20260123;234500;10.83;10.834;10.826;10.833;3899
CNYRUBF;5;20260126;085500;10.834;10.834;10.834;10.834;683
CNYRUBF;5;20260126;090000;10.834;10.857;10.825;10.829;17534
CNYRUBF;5;20260126;090500;10.828;10.83;10.813;10.821;17416
CNYRUBF;5;20260126;091000;10.821;10.83;10.818;10.829;9963
CNYRUBF;5;20260126;091500;10.829;10.846;10.825;10.845;15587
CNYRUBF;5;20260126;092000;10.844;10.865;10.837;10.848;14262
CNYRUBF;5;20260126;092500;10.847;10.869;10.846;10.862;18327
CNYRUBF;5;20260126;093000;10.862;10.869;10.858;10.86;2698
CNYRUBF;5;20260126;093500;10.86;10.862;10.853;10.854;1826
CNYRUBF;5;20260126;094000;10.854;10.857;10.85;10.855;1021
CNYRUBF;5;20260126;094500;10.854;10.86;10.846;10.848;1958
CNYRUBF;5;20260126;095000;10.848;10.849;10.836;10.845;7355
CNYRUBF;5;20260126;095500;10.845;10.86;10.844;10.856;8738
CNYRUBF;5;20260126;100000;10.856;10.886;10.852;10.884;51198
CNYRUBF;5;20260126;100500;10.885;10.888;10.843;10.846;45196
CNYRUBF;5;20260126;101000;10.845;10.845;10.818;10.839;64656
CNYRUBF;5;20260126;101500;10.838;10.841;10.824;10.833;36046
CNYRUBF;5;20260126;102000;10.831;10.841;10.828;10.834;11743
CNYRUBF;5;20260126;102500;10.836;10.84;10.833;10.837;13326
CNYRUBF;5;20260126;103000;10.835;10.837;10.83;10.833;6696
CNYRUBF;5;20260126;103500;10.831;10.845;10.83;10.841;8466
CNYRUBF;5;20260126;104000;10.841;10.845;10.837;10.841;4189
CNYRUBF;5;20260126;104500;10.84;10.85;10.84;10.842;6332
CNYRUBF;5;20260126;105000;10.842;10.846;10.842;10.844;1782
CNYRUBF;5;20260126;105500;10.843;10.848;10.843;10.844;3074
CNYRUBF;5;20260126;110000;10.842;10.848;10.836;10.843;18149
CNYRUBF;5;20260126;110500;10.845;10.847;10.843;10.845;1025
CNYRUBF;5;20260126;111000;10.846;10.867;10.846;10.861;19813
CNYRUBF;5;20260126;111500;10.86;10.879;10.857;10.872;19912
CNYRUBF;5;20260126;112000;10.874;10.88;10.873;10.879;12922
CNYRUBF;5;20260126;112500;10.879;10.886;10.874;10.884;30229
CNYRUBF;5;20260126;113000;10.884;10.896;10.884;10.896;37395
CNYRUBF;5;20260126;113500;10.895;10.917;10.894;10.901;82663
CNYRUBF;5;20260126;114000;10.902;10.907;10.9;10.902;32705
CNYRUBF;5;20260126;114500;10.903;10.914;10.9;10.911;42529
CNYRUBF;5;20260126;115000;10.911;10.921;10.908;10.911;127258
CNYRUBF;5;20260126;115500;10.912;10.928;10.91;10.915;91451
CNYRUBF;5;20260126;120000;10.914;10.934;10.914;10.921;43441
CNYRUBF;5;20260126;120500;10.922;10.929;10.92;10.927;25534
CNYRUBF;5;20260126;121000;10.927;10.93;10.911;10.918;37964
CNYRUBF;5;20260126;121500;10.919;10.949;10.919;10.945;80612
CNYRUBF;5;20260126;122000;10.945;10.95;10.928;10.928;25221
CNYRUBF;5;20260126;122500;10.929;10.936;10.927;10.932;13231
CNYRUBF;5;20260126;123000;10.933;10.954;10.932;10.944;32046
CNYRUBF;5;20260126;123500;10.944;10.965;10.939;10.959;20403
CNYRUBF;5;20260126;124000;10.96;10.975;10.958;10.975;22235
CNYRUBF;5;20260126;124500;10.975;10.982;10.973;10.978;24024
CNYRUBF;5;20260126;125000;10.979;10.979;10.97;10.975;21498
CNYRUBF;5;20260126;125500;10.975;10.976;10.968;10.975;36562
CNYRUBF;5;20260126;130000;10.975;10.978;10.975;10.978;71494
CNYRUBF;5;20260126;130500;10.978;10.979;10.976;10.976;49040
CNYRUBF;5;20260126;131000;10.976;10.98;10.976;10.978;6419
CNYRUBF;5;20260126;131500;10.979;10.992;10.978;10.986;33658
CNYRUBF;5;20260126;132000;10.986;10.986;10.975;10.976;27536
CNYRUBF;5;20260126;132500;10.976;10.984;10.975;10.984;10468
CNYRUBF;5;20260126;133000;10.984;10.992;10.984;10.991;9334
CNYRUBF;5;20260126;133500;10.99;10.998;10.989;10.99;15968
CNYRUBF;5;20260126;134000;10.993;10.993;10.982;10.982;60797
CNYRUBF;5;20260126;134500;10.984;10.99;10.982;10.986;11088
CNYRUBF;5;20260126;135000;10.986;10.986;10.962;10.974;34787
CNYRUBF;5;20260126;135500;10.974;10.985;10.972;10.984;7046
CNYRUBF;5;20260126;140500;10.983;10.983;10.971;10.976;9157
CNYRUBF;5;20260126;141000;10.976;10.981;10.972;10.98;2602
CNYRUBF;5;20260126;141500;10.979;10.981;10.974;10.979;9303
CNYRUBF;5;20260126;142000;10.979;10.985;10.978;10.984;6227
CNYRUBF;5;20260126;142500;10.985;10.985;10.975;10.978;8237
CNYRUBF;5;20260126;143000;10.977;10.98;10.977;10.977;1859
CNYRUBF;5;20260126;143500;10.977;10.98;10.975;10.978;5321
CNYRUBF;5;20260126;144000;10.977;10.979;10.973;10.974;8792
CNYRUBF;5;20260126;144500;10.974;10.975;10.965;10.971;10522
CNYRUBF;5;20260126;145000;10.971;10.971;10.963;10.966;15851
CNYRUBF;5;20260126;145500;10.966;10.967;10.955;10.959;15624
CNYRUBF;5;20260126;150000;10.96;10.961;10.948;10.952;23214
CNYRUBF;5;20260126;150500;10.954;10.955;10.939;10.939;26696
CNYRUBF;5;20260126;151000;10.94;10.947;10.935;10.947;29832
CNYRUBF;5;20260126;151500;10.947;10.948;10.939;10.946;17677
CNYRUBF;5;20260126;152000;10.946;10.955;10.945;10.951;15674
CNYRUBF;5;20260126;152500;10.951;10.955;10.948;10.952;8241
CNYRUBF;5;20260126;153000;10.952;10.962;10.952;10.96;10522
CNYRUBF;5;20260126;153500;10.961;10.961;10.954;10.955;6270
CNYRUBF;5;20260126;154000;10.956;10.956;10.952;10.956;6671
CNYRUBF;5;20260126;154500;10.956;10.967;10.955;10.964;16985
CNYRUBF;5;20260126;155000;10.966;10.975;10.96;10.975;18938
CNYRUBF;5;20260126;155500;10.974;10.978;10.972;10.976;9205
CNYRUBF;5;20260126;160000;10.976;10.98;10.971;10.977;9440
CNYRUBF;5;20260126;160500;10.977;10.987;10.975;10.979;17463
CNYRUBF;5;20260126;161000;10.979;10.979;10.971;10.975;14761
CNYRUBF;5;20260126;161500;10.975;10.976;10.969;10.969;15117
CNYRUBF;5;20260126;162000;10.97;10.97;10.96;10.964;19454
CNYRUBF;5;20260126;162500;10.965;10.972;10.964;10.971;3838
CNYRUBF;5;20260126;163000;10.971;10.978;10.97;10.974;15149
CNYRUBF;5;20260126;163500;10.973;10.978;10.972;10.975;1770
CNYRUBF;5;20260126;164000;10.976;10.977;10.972;10.975;7934
CNYRUBF;5;20260126;164500;10.976;10.977;10.973;10.976;13016
CNYRUBF;5;20260126;165000;10.975;10.977;10.974;10.975;5160
CNYRUBF;5;20260126;165500;10.975;10.981;10.973;10.98;14061
CNYRUBF;5;20260126;170000;10.979;10.997;10.976;10.988;37628
CNYRUBF;5;20260126;170500;10.988;10.989;10.972;10.974;32717
CNYRUBF;5;20260126;171000;10.974;10.974;10.957;10.972;18916
CNYRUBF;5;20260126;171500;10.973;10.976;10.972;10.975;4011
CNYRUBF;5;20260126;172000;10.976;10.978;10.974;10.976;7069
CNYRUBF;5;20260126;172500;10.976;10.977;10.965;10.977;17523
CNYRUBF;5;20260126;173000;10.976;10.993;10.976;10.99;15764
CNYRUBF;5;20260126;173500;10.991;10.993;10.972;10.98;21040
CNYRUBF;5;20260126;174000;10.982;10.984;10.968;10.973;18003
CNYRUBF;5;20260126;174500;10.972;10.984;10.972;10.984;26739
CNYRUBF;5;20260126;175000;10.983;10.99;10.976;10.985;23791
CNYRUBF;5;20260126;175500;10.986;10.987;10.966;10.976;20080
CNYRUBF;5;20260126;180000;10.978;10.99;10.977;10.99;14041
CNYRUBF;5;20260126;180500;10.99;10.997;10.986;10.991;39263
CNYRUBF;5;20260126;181000;10.991;11.007;10.986;11.006;28807
CNYRUBF;5;20260126;181500;11.005;11.034;11.002;11.014;95573
CNYRUBF;5;20260126;182000;11.015;11.024;11.014;11.022;22272
CNYRUBF;5;20260126;182500;11.021;11.031;11.021;11.028;24395
CNYRUBF;5;20260126;183000;11.028;11.029;11.017;11.017;13096
CNYRUBF;5;20260126;183500;11.019;11.021;11.015;11.019;7384
CNYRUBF;5;20260126;184000;11.018;11.018;11.005;11.007;17682
CNYRUBF;5;20260126;184500;11.007;11.01;11.003;11.006;9779
CNYRUBF;5;20260126;190500;11.01;11.022;11.008;11.021;6205
CNYRUBF;5;20260126;191000;11.021;11.031;11.018;11.018;8961
CNYRUBF;5;20260126;191500;11.018;11.024;11.015;11.015;2616
CNYRUBF;5;20260126;192000;11.014;11.023;11.014;11.015;2246
CNYRUBF;5;20260126;192500;11.016;11.022;11.015;11.022;1125
CNYRUBF;5;20260126;193000;11.02;11.025;11.017;11.017;1492
CNYRUBF;5;20260126;193500;11.018;11.031;11.018;11.03;2477
CNYRUBF;5;20260126;194000;11.031;11.032;11.025;11.029;2195
CNYRUBF;5;20260126;194500;11.029;11.031;11.028;11.031;2406
CNYRUBF;5;20260126;195000;11.031;11.031;11.028;11.029;1769
CNYRUBF;5;20260126;195500;11.031;11.032;11.028;11.03;789
CNYRUBF;5;20260126;200000;11.032;11.032;11.024;11.024;1640
CNYRUBF;5;20260126;200500;11.024;11.029;11.023;11.025;2411
CNYRUBF;5;20260126;201000;11.025;11.026;11.021;11.022;2880
CNYRUBF;5;20260126;201500;11.022;11.026;11.021;11.021;952
CNYRUBF;5;20260126;202000;11.02;11.023;11.018;11.02;538
CNYRUBF;5;20260126;202500;11.019;11.023;11.019;11.022;2023
CNYRUBF;5;20260126;203000;11.021;11.021;11.017;11.017;2273
CNYRUBF;5;20260126;203500;11.017;11.017;11.013;11.014;1271
CNYRUBF;5;20260126;204000;11.013;11.015;11.008;11.01;1226
CNYRUBF;5;20260126;204500;11.01;11.015;11.007;11.01;3271
CNYRUBF;5;20260126;205000;11.012;11.016;11.01;11.016;3494
CNYRUBF;5;20260126;205500;11.013;11.015;11.01;11.013;1125
CNYRUBF;5;20260126;210000;11.013;11.015;11.01;11.011;1291
CNYRUBF;5;20260126;210500;11.013;11.013;11.011;11.012;87
CNYRUBF;5;20260126;211000;11.012;11.02;11.011;11.016;1102
CNYRUBF;5;20260126;211500;11.019;11.021;11.018;11.02;1421
CNYRUBF;5;20260126;212000;11.021;11.023;11.02;11.023;736
CNYRUBF;5;20260126;212500;11.022;11.023;11.017;11.017;2228
CNYRUBF;5;20260126;213000;11.019;11.019;11.018;11.018;153
CNYRUBF;5;20260126;213500;11.018;11.02;11.018;11.018;355
CNYRUBF;5;20260126;214000;11.018;11.023;11.016;11.023;2605
CNYRUBF;5;20260126;214500;11.024;11.025;11.022;11.025;193
CNYRUBF;5;20260126;215000;11.023;11.027;11.023;11.026;2797
CNYRUBF;5;20260126;215500;11.026;11.026;11.024;11.024;299
CNYRUBF;5;20260126;220000;11.024;11.025;11.018;11.022;1640
CNYRUBF;5;20260126;220500;11.017;11.019;11.014;11.014;1077
CNYRUBF;5;20260126;221000;11.014;11.017;11.013;11.015;491
CNYRUBF;5;20260126;221500;11.016;11.021;11.015;11.018;1973
CNYRUBF;5;20260126;222000;11.018;11.022;11.017;11.019;1175
CNYRUBF;5;20260126;222500;11.022;11.023;11.018;11.023;1629
CNYRUBF;5;20260126;223000;11.024;11.024;11.021;11.024;537
CNYRUBF;5;20260126;223500;11.023;11.027;11.023;11.027;897
CNYRUBF;5;20260126;224000;11.028;11.028;11.025;11.026;1898
CNYRUBF;5;20260126;224500;11.025;11.025;11.023;11.025;88
CNYRUBF;5;20260126;225000;11.024;11.025;11.021;11.023;361
CNYRUBF;5;20260126;225500;11.023;11.023;11.016;11.017;4402
CNYRUBF;5;20260126;230000;11.018;11.025;11.013;11.024;1431
CNYRUBF;5;20260126;230500;11.024;11.025;11.02;11.024;4359
CNYRUBF;5;20260126;231000;11.024;11.034;11.019;11.029;6531
CNYRUBF;5;20260126;231500;11.029;11.03;11.026;11.03;875
CNYRUBF;5;20260126;232000;11.03;11.03;11.024;11.03;2360
CNYRUBF;5;20260126;232500;11.028;11.028;11.027;11.028;561
CNYRUBF;5;20260126;233000;11.027;11.028;11.024;11.024;293
CNYRUBF;5;20260126;233500;11.025;11.032;11.022;11.032;2835
CNYRUBF;5;20260126;234000;11.031;11.031;11.026;11.029;2814
CNYRUBF;5;20260126;234500;11.029;11.03;11.017;11.02;1442
CNYRUBF;5;20260127;085500;11.022;11.022;11.022;11.022;30
CNYRUBF;5;20260127;090000;11.021;11.03;11.019;11.028;2345
CNYRUBF;5;20260127;090500;11.027;11.027;11.005;11.01;10763
CNYRUBF;5;20260127;091000;11.01;11.019;11.005;11.013;19036
CNYRUBF;5;20260127;091500;11.013;11.02;11.009;11.013;3883
CNYRUBF;5;20260127;092000;11.015;11.025;11.015;11.016;3751
CNYRUBF;5;20260127;092500;11.016;11.019;11.011;11.016;3104
CNYRUBF;5;20260127;093000;11.019;11.022;11.017;11.021;562
CNYRUBF;5;20260127;093500;11.022;11.045;11.022;11.032;26676
CNYRUBF;5;20260127;094000;11.033;11.033;11.027;11.032;4146
CNYRUBF;5;20260127;094500;11.03;11.032;11.025;11.03;5991
CNYRUBF;5;20260127;095000;11.029;11.031;11.025;11.029;3076
CNYRUBF;5;20260127;095500;11.028;11.03;11.02;11.026;6892
CNYRUBF;5;20260127;100000;11.026;11.054;11.024;11.036;85160
CNYRUBF;5;20260127;100500;11.036;11.037;10.997;10.999;97704
CNYRUBF;5;20260127;101000;10.997;11.023;10.985;11.007;78670
CNYRUBF;5;20260127;101500;11.006;11.008;10.991;10.998;18065
CNYRUBF;5;20260127;102000;10.998;10.998;10.985;10.988;24977
CNYRUBF;5;20260127;102500;10.988;10.989;10.974;10.98;76243
CNYRUBF;5;20260127;103000;10.981;10.993;10.978;10.986;39536
CNYRUBF;5;20260127;103500;10.987;10.99;10.985;10.99;19937
CNYRUBF;5;20260127;104000;10.988;11;10.987;10.997;33872
CNYRUBF;5;20260127;104500;10.996;11.01;10.996;10.996;24511
CNYRUBF;5;20260127;105000;10.996;11.002;10.989;10.992;24338
CNYRUBF;5;20260127;105500;10.991;10.991;10.981;10.985;15008
CNYRUBF;5;20260127;110000;10.984;10.986;10.98;10.985;19307
CNYRUBF;5;20260127;110500;10.985;10.991;10.982;10.99;13436
CNYRUBF;5;20260127;111000;10.988;10.99;10.983;10.986;15204
CNYRUBF;5;20260127;111500;10.986;10.986;10.963;10.966;70461
CNYRUBF;5;20260127;112000;10.966;10.972;10.962;10.962;48704
CNYRUBF;5;20260127;112500;10.962;10.963;10.958;10.96;69204
CNYRUBF;5;20260127;113000;10.96;10.976;10.958;10.972;35214
CNYRUBF;5;20260127;113500;10.971;10.971;10.963;10.967;8617
CNYRUBF;5;20260127;114000;10.966;10.97;10.961;10.968;19827
CNYRUBF;5;20260127;114500;10.967;10.972;10.966;10.97;9556
CNYRUBF;5;20260127;115000;10.97;10.977;10.969;10.974;22394
CNYRUBF;5;20260127;115500;10.974;10.983;10.974;10.979;46218
CNYRUBF;5;20260127;120000;10.977;10.983;10.975;10.98;31462
CNYRUBF;5;20260127;120500;10.978;10.98;10.972;10.975;16099
CNYRUBF;5;20260127;121000;10.974;10.982;10.974;10.98;7619
CNYRUBF;5;20260127;121500;10.98;10.999;10.98;10.999;41185
CNYRUBF;5;20260127;122000;10.997;11;10.989;10.991;17876
CNYRUBF;5;20260127;122500;10.99;10.997;10.988;10.994;34561
CNYRUBF;5;20260127;123000;10.994;10.997;10.989;10.99;47854
CNYRUBF;5;20260127;123500;10.988;10.99;10.97;10.983;44838
CNYRUBF;5;20260127;124000;10.983;10.996;10.977;10.979;18447
CNYRUBF;5;20260127;124500;10.978;10.983;10.967;10.968;30010
CNYRUBF;5;20260127;125000;10.967;10.969;10.965;10.969;28206
CNYRUBF;5;20260127;125500;10.968;10.979;10.965;10.972;22875
CNYRUBF;5;20260127;130000;10.972;10.974;10.957;10.958;48530
CNYRUBF;5;20260127;130500;10.958;10.963;10.944;10.946;51294
CNYRUBF;5;20260127;131000;10.945;10.949;10.936;10.945;45240
CNYRUBF;5;20260127;131500;10.943;10.944;10.936;10.94;41918
CNYRUBF;5;20260127;132000;10.939;10.954;10.937;10.953;33200
CNYRUBF;5;20260127;132500;10.954;10.957;10.951;10.952;23304
CNYRUBF;5;20260127;133000;10.952;10.971;10.951;10.968;31751
CNYRUBF;5;20260127;133500;10.968;10.977;10.965;10.971;34420
CNYRUBF;5;20260127;134000;10.971;10.976;10.957;10.963;28872
CNYRUBF;5;20260127;134500;10.963;10.967;10.953;10.963;33460
CNYRUBF;5;20260127;135000;10.964;10.971;10.962;10.968;12781
CNYRUBF;5;20260127;135500;10.966;10.98;10.963;10.978;26271
CNYRUBF;5;20260127;140500;10.977;10.978;10.964;10.973;131335
CNYRUBF;5;20260127;141000;10.973;10.977;10.971;10.975;58903
CNYRUBF;5;20260127;141500;10.977;10.979;10.975;10.977;29978
CNYRUBF;5;20260127;142000;10.977;10.983;10.974;10.975;51758
CNYRUBF;5;20260127;142500;10.973;10.979;10.97;10.971;29525
CNYRUBF;5;20260127;143000;10.97;10.975;10.962;10.964;25149
CNYRUBF;5;20260127;143500;10.964;10.966;10.956;10.963;27175
CNYRUBF;5;20260127;144000;10.96;10.967;10.96;10.966;11631
CNYRUBF;5;20260127;144500;10.965;10.969;10.953;10.969;44261
CNYRUBF;5;20260127;145000;10.968;10.982;10.966;10.973;33333
CNYRUBF;5;20260127;145500;10.974;10.98;10.97;10.979;8325
CNYRUBF;5;20260127;150000;10.979;10.983;10.976;10.977;14441
CNYRUBF;5;20260127;150500;10.977;10.98;10.97;10.977;11495
CNYRUBF;5;20260127;151000;10.974;10.98;10.974;10.98;9674
CNYRUBF;5;20260127;151500;10.977;10.983;10.977;10.983;17912
CNYRUBF;5;20260127;152000;10.981;10.988;10.981;10.986;23973
CNYRUBF;5;20260127;152500;10.986;10.988;10.982;10.985;18652
CNYRUBF;5;20260127;153000;10.984;10.988;10.972;10.977;62826
CNYRUBF;5;20260127;153500;10.976;10.981;10.976;10.981;32512
CNYRUBF;5;20260127;154000;10.98;10.985;10.98;10.981;51920
CNYRUBF;5;20260127;154500;10.98;10.981;10.966;10.966;57991
CNYRUBF;5;20260127;155000;10.968;10.971;10.962;10.962;34700
CNYRUBF;5;20260127;155500;10.962;10.966;10.956;10.964;46097
CNYRUBF;5;20260127;160000;10.963;10.977;10.95;10.971;28496
CNYRUBF;5;20260127;160500;10.971;10.974;10.964;10.966;9155
CNYRUBF;5;20260127;161000;10.964;10.97;10.96;10.961;19186
CNYRUBF;5;20260127;161500;10.96;10.962;10.942;10.947;56986
CNYRUBF;5;20260127;162000;10.947;10.963;10.945;10.958;17666
CNYRUBF;5;20260127;162500;10.957;10.96;10.949;10.956;13193
CNYRUBF;5;20260127;163000;10.952;10.955;10.949;10.951;6158
CNYRUBF;5;20260127;163500;10.95;10.953;10.942;10.948;16152
CNYRUBF;5;20260127;164000;10.947;10.957;10.944;10.947;20029
CNYRUBF;5;20260127;164500;10.944;10.947;10.937;10.942;32948
CNYRUBF;5;20260127;165000;10.94;10.949;10.933;10.933;32958
CNYRUBF;5;20260127;165500;10.933;10.949;10.933;10.938;31005
CNYRUBF;5;20260127;170000;10.937;10.941;10.924;10.931;41554
CNYRUBF;5;20260127;170500;10.93;10.936;10.928;10.936;34055
CNYRUBF;5;20260127;171000;10.935;10.938;10.932;10.935;35549
CNYRUBF;5;20260127;171500;10.934;10.936;10.929;10.93;37369
CNYRUBF;5;20260127;172000;10.931;10.949;10.929;10.943;30214
CNYRUBF;5;20260127;172500;10.943;10.944;10.935;10.937;25973
CNYRUBF;5;20260127;173000;10.937;10.937;10.932;10.933;13528
CNYRUBF;5;20260127;173500;10.932;10.941;10.931;10.941;28199
CNYRUBF;5;20260127;174000;10.94;10.942;10.932;10.933;29611
CNYRUBF;5;20260127;174500;10.933;10.937;10.93;10.937;39366
CNYRUBF;5;20260127;175000;10.936;10.947;10.935;10.939;29575
CNYRUBF;5;20260127;175500;10.939;10.946;10.937;10.943;8982
CNYRUBF;5;20260127;180000;10.942;10.942;10.934;10.937;33510
CNYRUBF;5;20260127;180500;10.937;10.943;10.934;10.94;24653
CNYRUBF;5;20260127;181000;10.94;10.945;10.938;10.939;21845
CNYRUBF;5;20260127;181500;10.939;10.94;10.935;10.936;45574
CNYRUBF;5;20260127;182000;10.937;10.937;10.924;10.926;39670
CNYRUBF;5;20260127;182500;10.925;10.928;10.923;10.925;14861
CNYRUBF;5;20260127;183000;10.925;10.926;10.921;10.925;26931
CNYRUBF;5;20260127;183500;10.924;10.935;10.924;10.93;41854
CNYRUBF;5;20260127;184000;10.929;10.929;10.922;10.927;15350
CNYRUBF;5;20260127;184500;10.925;10.932;10.922;10.926;19344
CNYRUBF;5;20260127;190500;10.931;10.94;10.921;10.932;7637
CNYRUBF;5;20260127;191000;10.932;10.937;10.924;10.924;3792
CNYRUBF;5;20260127;191500;10.924;10.932;10.908;10.931;18491
CNYRUBF;5;20260127;192000;10.931;10.935;10.931;10.933;2853
CNYRUBF;5;20260127;192500;10.934;10.934;10.933;10.934;262
CNYRUBF;5;20260127;193000;10.934;10.937;10.931;10.935;6337
CNYRUBF;5;20260127;193500;10.935;10.938;10.935;10.937;3465
CNYRUBF;5;20260127;194000;10.938;10.938;10.934;10.936;5512
CNYRUBF;5;20260127;194500;10.935;10.938;10.935;10.938;736
CNYRUBF;5;20260127;195000;10.938;10.94;10.938;10.939;1812
CNYRUBF;5;20260127;195500;10.939;10.94;10.936;10.936;967
CNYRUBF;5;20260127;200000;10.936;10.936;10.931;10.931;476
CNYRUBF;5;20260127;200500;10.932;10.936;10.932;10.935;214
CNYRUBF;5;20260127;201000;10.935;10.936;10.935;10.935;86
CNYRUBF;5;20260127;201500;10.937;10.938;10.932;10.934;1439
CNYRUBF;5;20260127;202000;10.934;10.936;10.934;10.935;87
CNYRUBF;5;20260127;202500;10.935;10.937;10.934;10.937;682
CNYRUBF;5;20260127;203000;10.938;10.94;10.936;10.94;1800
CNYRUBF;5;20260127;203500;10.94;10.941;10.94;10.94;4728
CNYRUBF;5;20260127;204000;10.941;10.944;10.94;10.944;714
CNYRUBF;5;20260127;204500;10.944;10.945;10.943;10.945;643
CNYRUBF;5;20260127;205000;10.945;10.945;10.943;10.943;552
CNYRUBF;5;20260127;205500;10.944;10.945;10.941;10.941;2271
CNYRUBF;5;20260127;210000;10.943;10.943;10.941;10.942;194
CNYRUBF;5;20260127;210500;10.942;10.943;10.938;10.939;801
CNYRUBF;5;20260127;211000;10.939;10.94;10.937;10.938;166
CNYRUBF;5;20260127;211500;10.939;10.939;10.938;10.938;720
CNYRUBF;5;20260127;212000;10.938;10.939;10.938;10.939;183
CNYRUBF;5;20260127;212500;10.939;10.939;10.938;10.939;147
CNYRUBF;5;20260127;213000;10.938;10.939;10.936;10.937;1805
CNYRUBF;5;20260127;213500;10.937;10.94;10.934;10.934;3579
CNYRUBF;5;20260127;214000;10.933;10.936;10.931;10.936;559
CNYRUBF;5;20260127;214500;10.936;10.936;10.934;10.936;82
CNYRUBF;5;20260127;215000;10.936;10.94;10.933;10.936;1985
CNYRUBF;5;20260127;215500;10.935;10.935;10.932;10.933;1176
CNYRUBF;5;20260127;220000;10.933;10.934;10.933;10.934;173
CNYRUBF;5;20260127;220500;10.934;10.936;10.933;10.935;423
CNYRUBF;5;20260127;221000;10.935;10.937;10.934;10.934;227
CNYRUBF;5;20260127;221500;10.935;10.938;10.934;10.938;163
CNYRUBF;5;20260127;222000;10.937;10.94;10.936;10.94;329
CNYRUBF;5;20260127;222500;10.94;10.941;10.937;10.938;702
CNYRUBF;5;20260127;223000;10.938;10.939;10.934;10.936;933
CNYRUBF;5;20260127;223500;10.937;10.938;10.933;10.935;2397
CNYRUBF;5;20260127;224000;10.935;10.938;10.935;10.938;381
CNYRUBF;5;20260127;224500;10.939;10.939;10.936;10.936;201
CNYRUBF;5;20260127;225000;10.935;10.937;10.935;10.936;360
CNYRUBF;5;20260127;225500;10.935;10.936;10.935;10.936;612
CNYRUBF;5;20260127;230000;10.936;10.941;10.936;10.94;3042
CNYRUBF;5;20260127;230500;10.939;10.942;10.939;10.94;307
CNYRUBF;5;20260127;231000;10.94;10.941;10.933;10.936;2182
CNYRUBF;5;20260127;231500;10.933;10.935;10.927;10.928;2587
CNYRUBF;5;20260127;232000;10.928;10.93;10.927;10.927;472
CNYRUBF;5;20260127;232500;10.927;10.931;10.926;10.926;995
CNYRUBF;5;20260127;233000;10.928;10.933;10.927;10.933;674
CNYRUBF;5;20260127;233500;10.933;10.937;10.932;10.937;951
CNYRUBF;5;20260127;234000;10.936;10.937;10.932;10.937;638
CNYRUBF;5;20260127;234500;10.937;10.939;10.935;10.936;1481
CNYRUBF;5;20260128;085500;10.939;10.939;10.939;10.939;30
CNYRUBF;5;20260128;090000;10.935;10.939;10.918;10.922;14452
CNYRUBF;5;20260128;090500;10.923;10.945;10.919;10.932;27740
CNYRUBF;5;20260128;091000;10.931;10.935;10.911;10.932;19165
CNYRUBF;5;20260128;091500;10.931;10.931;10.922;10.927;2769
CNYRUBF;5;20260128;092000;10.927;10.93;10.915;10.919;4474
CNYRUBF;5;20260128;092500;10.919;10.922;10.913;10.919;4400
CNYRUBF;5;20260128;093000;10.919;10.924;10.912;10.922;5013
CNYRUBF;5;20260128;093500;10.921;10.924;10.915;10.923;3148
CNYRUBF;5;20260128;094000;10.92;10.925;10.915;10.921;820
CNYRUBF;5;20260128;094500;10.924;10.934;10.922;10.93;5032
CNYRUBF;5;20260128;095000;10.931;10.936;10.929;10.93;2757
CNYRUBF;5;20260128;095500;10.931;10.936;10.926;10.932;5367
CNYRUBF;5;20260128;100000;10.93;10.936;10.901;10.907;69367
CNYRUBF;5;20260128;100500;10.906;10.908;10.877;10.879;89784
CNYRUBF;5;20260128;101000;10.88;10.9;10.875;10.896;58811
CNYRUBF;5;20260128;101500;10.897;10.904;10.891;10.898;41723
CNYRUBF;5;20260128;102000;10.898;10.914;10.892;10.894;68683
CNYRUBF;5;20260128;102500;10.894;10.915;10.889;10.914;53733
CNYRUBF;5;20260128;103000;10.914;10.945;10.913;10.942;39167
CNYRUBF;5;20260128;103500;10.942;10.95;10.936;10.944;63276
CNYRUBF;5;20260128;104000;10.946;10.956;10.939;10.947;53616
CNYRUBF;5;20260128;104500;10.947;10.95;10.94;10.945;36374
CNYRUBF;5;20260128;105000;10.945;10.96;10.942;10.958;48513
CNYRUBF;5;20260128;105500;10.957;10.979;10.956;10.96;118440
CNYRUBF;5;20260128;110000;10.96;10.966;10.957;10.963;37232
CNYRUBF;5;20260128;110500;10.963;10.971;10.962;10.966;43285
CNYRUBF;5;20260128;111000;10.966;10.969;10.957;10.962;19713
CNYRUBF;5;20260128;111500;10.962;10.965;10.955;10.955;33167
CNYRUBF;5;20260128;112000;10.956;10.98;10.943;10.944;76552
CNYRUBF;5;20260128;112500;10.945;10.948;10.939;10.943;34023
CNYRUBF;5;20260128;113000;10.941;10.95;10.941;10.945;80140
CNYRUBF;5;20260128;113500;10.945;10.948;10.938;10.946;43633
CNYRUBF;5;20260128;114000;10.947;10.96;10.945;10.956;76316
CNYRUBF;5;20260128;114500;10.956;10.958;10.948;10.954;20744
CNYRUBF;5;20260128;115000;10.954;10.959;10.95;10.954;15363
CNYRUBF;5;20260128;115500;10.954;10.957;10.946;10.954;12034
CNYRUBF;5;20260128;120000;10.954;10.956;10.947;10.952;11258
CNYRUBF;5;20260128;120500;10.951;10.959;10.946;10.956;26219
CNYRUBF;5;20260128;121000;10.956;10.957;10.95;10.955;6704
CNYRUBF;5;20260128;121500;10.955;10.961;10.953;10.958;21172
CNYRUBF;5;20260128;122000;10.958;10.968;10.944;10.952;31597
CNYRUBF;5;20260128;122500;10.951;10.961;10.95;10.953;21242
CNYRUBF;5;20260128;123000;10.953;10.955;10.942;10.95;14768
CNYRUBF;5;20260128;123500;10.95;10.961;10.948;10.958;85060
CNYRUBF;5;20260128;124000;10.958;10.965;10.95;10.953;109922
CNYRUBF;5;20260128;124500;10.953;10.956;10.949;10.954;132900
CNYRUBF;5;20260128;125000;10.954;10.962;10.951;10.955;63516
CNYRUBF;5;20260128;125500;10.955;10.957;10.951;10.955;86772
CNYRUBF;5;20260128;130000;10.956;10.958;10.948;10.95;84422
CNYRUBF;5;20260128;130500;10.95;10.957;10.947;10.947;84958
CNYRUBF;5;20260128;131000;10.949;10.95;10.937;10.941;50606
CNYRUBF;5;20260128;131500;10.941;10.952;10.94;10.946;17367
CNYRUBF;5;20260128;132000;10.946;10.95;10.944;10.95;4751
CNYRUBF;5;20260128;132500;10.95;10.953;10.948;10.948;10532
CNYRUBF;5;20260128;133000;10.948;10.949;10.938;10.943;22188
CNYRUBF;5;20260128;133500;10.944;10.955;10.944;10.946;21626
CNYRUBF;5;20260128;134000;10.947;10.952;10.947;10.949;47072
CNYRUBF;5;20260128;134500;10.948;10.953;10.944;10.945;94355
CNYRUBF;5;20260128;135000;10.945;10.949;10.939;10.94;53840
CNYRUBF;5;20260128;135500;10.941;10.957;10.939;10.955;53764
CNYRUBF;5;20260128;140500;10.953;10.954;10.943;10.949;61692
CNYRUBF;5;20260128;141000;10.949;10.952;10.94;10.945;53357
CNYRUBF;5;20260128;141500;10.944;10.95;10.94;10.949;68354
CNYRUBF;5;20260128;142000;10.949;10.951;10.943;10.945;37228
CNYRUBF;5;20260128;142500;10.945;10.957;10.943;10.957;16125
CNYRUBF;5;20260128;143000;10.957;10.976;10.948;10.973;65447
CNYRUBF;5;20260128;143500;10.972;10.977;10.967;10.974;39288
CNYRUBF;5;20260128;144000;10.975;10.975;10.971;10.973;40272
CNYRUBF;5;20260128;144500;10.972;10.987;10.971;10.975;71646
CNYRUBF;5;20260128;145000;10.976;10.981;10.974;10.978;21970
CNYRUBF;5;20260128;145500;10.977;10.999;10.976;10.995;33434
CNYRUBF;5;20260128;150000;10.995;11.009;10.987;11.001;80706
CNYRUBF;5;20260128;150500;11.004;11.004;10.994;10.998;15942
CNYRUBF;5;20260128;151000;10.999;10.999;10.981;10.985;16319
CNYRUBF;5;20260128;151500;10.985;10.993;10.98;10.985;28830
CNYRUBF;5;20260128;152000;10.984;10.993;10.974;10.981;49570
CNYRUBF;5;20260128;152500;10.98;10.982;10.975;10.979;19349
CNYRUBF;5;20260128;153000;10.978;10.984;10.976;10.979;32423
CNYRUBF;5;20260128;153500;10.98;10.983;10.978;10.981;11151
CNYRUBF;5;20260128;154000;10.982;10.987;10.978;10.979;21907
CNYRUBF;5;20260128;154500;10.98;10.981;10.975;10.98;16688
CNYRUBF;5;20260128;155000;10.98;10.985;10.977;10.98;12021
CNYRUBF;5;20260128;155500;10.98;10.981;10.977;10.978;8557
CNYRUBF;5;20260128;160000;10.977;10.983;10.975;10.976;5403
CNYRUBF;5;20260128;160500;10.977;10.978;10.96;10.962;24477
CNYRUBF;5;20260128;161000;10.963;10.965;10.953;10.959;30731
CNYRUBF;5;20260128;161500;10.959;10.974;10.958;10.973;14430
CNYRUBF;5;20260128;162000;10.972;10.986;10.968;10.984;25912
CNYRUBF;5;20260128;162500;10.984;10.985;10.977;10.977;8303
CNYRUBF;5;20260128;163000;10.978;10.978;10.958;10.973;17598
CNYRUBF;5;20260128;163500;10.973;10.978;10.972;10.972;7352
CNYRUBF;5;20260128;164000;10.973;10.976;10.97;10.975;3188
CNYRUBF;5;20260128;164500;10.974;10.978;10.967;10.968;11420
CNYRUBF;5;20260128;165000;10.97;10.971;10.959;10.965;5593
CNYRUBF;5;20260128;165500;10.967;10.967;10.961;10.961;3233
CNYRUBF;5;20260128;170000;10.962;10.964;10.951;10.951;17099
CNYRUBF;5;20260128;170500;10.953;10.966;10.951;10.966;11980
CNYRUBF;5;20260128;171000;10.966;10.97;10.956;10.96;14218
CNYRUBF;5;20260128;171500;10.96;10.972;10.959;10.969;6211
CNYRUBF;5;20260128;172000;10.971;10.971;10.96;10.962;3804
CNYRUBF;5;20260128;172500;10.962;10.967;10.957;10.962;18630
CNYRUBF;5;20260128;173000;10.962;10.969;10.96;10.967;4128
CNYRUBF;5;20260128;173500;10.967;10.968;10.963;10.967;1444
CNYRUBF;5;20260128;174000;10.967;10.967;10.956;10.958;8155
CNYRUBF;5;20260128;174500;10.958;10.96;10.948;10.959;22980
CNYRUBF;5;20260128;175000;10.96;10.961;10.958;10.961;3685
CNYRUBF;5;20260128;175500;10.961;10.961;10.958;10.96;6492
CNYRUBF;5;20260128;180000;10.96;10.96;10.956;10.957;7689
CNYRUBF;5;20260128;180500;10.957;10.964;10.957;10.964;16575
CNYRUBF;5;20260128;181000;10.964;10.97;10.962;10.966;16711
CNYRUBF;5;20260128;181500;10.966;10.969;10.965;10.968;4009
CNYRUBF;5;20260128;182000;10.968;10.97;10.962;10.97;12316
CNYRUBF;5;20260128;182500;10.969;10.974;10.967;10.97;17298
CNYRUBF;5;20260128;183000;10.969;10.972;10.965;10.968;42107
CNYRUBF;5;20260128;183500;10.968;10.969;10.966;10.969;8444
CNYRUBF;5;20260128;184000;10.967;10.969;10.962;10.964;11200
CNYRUBF;5;20260128;184500;10.963;10.964;10.955;10.956;20461
CNYRUBF;5;20260128;190500;10.967;10.975;10.964;10.97;14361
CNYRUBF;5;20260128;191000;10.969;10.969;10.962;10.968;3177
CNYRUBF;5;20260128;191500;10.968;10.969;10.964;10.964;5711
CNYRUBF;5;20260128;192000;10.967;10.967;10.959;10.959;2894
CNYRUBF;5;20260128;192500;10.959;10.965;10.959;10.962;3083
CNYRUBF;5;20260128;193000;10.962;10.964;10.961;10.963;1124
CNYRUBF;5;20260128;193500;10.964;10.965;10.962;10.962;1205
CNYRUBF;5;20260128;194000;10.963;10.964;10.961;10.964;1986
CNYRUBF;5;20260128;194500;10.963;10.963;10.96;10.96;751
CNYRUBF;5;20260128;195000;10.96;10.96;10.957;10.957;3447
CNYRUBF;5;20260128;195500;10.957;10.958;10.956;10.958;559
CNYRUBF;5;20260128;200000;10.958;10.96;10.956;10.96;772
CNYRUBF;5;20260128;200500;10.96;10.961;10.958;10.961;830
CNYRUBF;5;20260128;201000;10.961;10.967;10.961;10.964;1582
CNYRUBF;5;20260128;201500;10.963;10.966;10.962;10.962;1896
CNYRUBF;5;20260128;202000;10.962;10.962;10.961;10.961;519
CNYRUBF;5;20260128;202500;10.961;10.962;10.96;10.96;1428
CNYRUBF;5;20260128;203000;10.96;10.961;10.96;10.96;662
CNYRUBF;5;20260128;203500;10.96;10.964;10.96;10.964;2940
CNYRUBF;5;20260128;204000;10.964;10.965;10.963;10.965;1542
CNYRUBF;5;20260128;204500;10.964;10.964;10.959;10.96;142
CNYRUBF;5;20260128;205000;10.959;10.962;10.958;10.961;1775
CNYRUBF;5;20260128;205500;10.96;10.962;10.956;10.957;1316
CNYRUBF;5;20260128;210000;10.957;10.962;10.956;10.961;3022
CNYRUBF;5;20260128;210500;10.961;10.961;10.958;10.958;308
CNYRUBF;5;20260128;211000;10.959;10.96;10.957;10.959;281
CNYRUBF;5;20260128;211500;10.957;10.959;10.955;10.955;298
CNYRUBF;5;20260128;212000;10.955;10.956;10.955;10.956;2973
CNYRUBF;5;20260128;212500;10.956;10.961;10.955;10.961;2409
CNYRUBF;5;20260128;213000;10.961;10.967;10.961;10.965;2454
CNYRUBF;5;20260128;213500;10.965;10.968;10.965;10.966;432
CNYRUBF;5;20260128;214000;10.967;10.97;10.967;10.967;1101
CNYRUBF;5;20260128;214500;10.967;10.97;10.966;10.969;2066
CNYRUBF;5;20260128;215000;10.968;10.971;10.968;10.971;2108
CNYRUBF;5;20260128;215500;10.97;10.973;10.97;10.971;1292
CNYRUBF;5;20260128;220000;10.972;10.973;10.968;10.972;523
CNYRUBF;5;20260128;220500;10.972;10.975;10.971;10.974;557
CNYRUBF;5;20260128;221000;10.974;10.975;10.969;10.97;570
CNYRUBF;5;20260128;221500;10.969;10.972;10.969;10.97;126
CNYRUBF;5;20260128;222000;10.971;10.971;10.967;10.969;333
CNYRUBF;5;20260128;222500;10.969;10.97;10.967;10.97;157
CNYRUBF;5;20260128;223000;10.97;10.972;10.969;10.972;94
CNYRUBF;5;20260128;223500;10.971;10.971;10.968;10.968;432
CNYRUBF;5;20260128;224000;10.97;10.97;10.967;10.967;315
CNYRUBF;5;20260128;224500;10.967;10.967;10.962;10.962;1115
CNYRUBF;5;20260128;225000;10.962;10.962;10.961;10.961;710
CNYRUBF;5;20260128;225500;10.96;10.966;10.96;10.966;428
CNYRUBF;5;20260128;230000;10.964;10.964;10.96;10.961;608
CNYRUBF;5;20260128;230500;10.964;10.964;10.96;10.963;358
CNYRUBF;5;20260128;231000;10.96;10.963;10.96;10.963;261
CNYRUBF;5;20260128;231500;10.963;10.963;10.96;10.96;211
CNYRUBF;5;20260128;232000;10.96;10.961;10.96;10.96;572
CNYRUBF;5;20260128;232500;10.96;10.961;10.96;10.96;583
CNYRUBF;5;20260128;233000;10.961;10.961;10.96;10.961;683
CNYRUBF;5;20260128;233500;10.961;10.962;10.96;10.962;485
CNYRUBF;5;20260128;234000;10.961;10.967;10.96;10.966;869
CNYRUBF;5;20260128;234500;10.967;10.968;10.96;10.96;410
CNYRUBF;5;20260129;085500;10.96;10.96;10.96;10.96;11
CNYRUBF;5;20260129;090000;10.96;10.983;10.957;10.962;14545
CNYRUBF;5;20260129;090500;10.961;10.973;10.957;10.969;4328
CNYRUBF;5;20260129;091000;10.97;10.982;10.969;10.969;3476
CNYRUBF;5;20260129;091500;10.972;10.976;10.968;10.969;1585
CNYRUBF;5;20260129;092000;10.969;10.98;10.966;10.978;5069
CNYRUBF;5;20260129;092500;10.977;10.979;10.966;10.968;4877
CNYRUBF;5;20260129;093000;10.967;10.97;10.961;10.967;2737
CNYRUBF;5;20260129;093500;10.967;10.97;10.957;10.958;2368
CNYRUBF;5;20260129;094000;10.958;10.961;10.956;10.956;12288
CNYRUBF;5;20260129;094500;10.956;10.958;10.944;10.951;25133
CNYRUBF;5;20260129;095000;10.952;10.957;10.95;10.952;5437
CNYRUBF;5;20260129;095500;10.953;10.957;10.95;10.952;6690
CNYRUBF;5;20260129;100000;10.951;10.964;10.933;10.935;92103
CNYRUBF;5;20260129;100500;10.933;10.948;10.926;10.942;63161
CNYRUBF;5;20260129;101000;10.942;10.947;10.934;10.934;62837
CNYRUBF;5;20260129;101500;10.933;10.944;10.929;10.943;45235
CNYRUBF;5;20260129;102000;10.943;10.943;10.933;10.933;28695
CNYRUBF;5;20260129;102500;10.933;10.941;10.931;10.934;19653
CNYRUBF;5;20260129;103000;10.934;10.935;10.905;10.917;100143
CNYRUBF;5;20260129;103500;10.917;10.927;10.914;10.92;25161
CNYRUBF;5;20260129;104000;10.92;10.931;10.919;10.929;13183
CNYRUBF;5;20260129;104500;10.929;10.934;10.922;10.929;17485
CNYRUBF;5;20260129;105000;10.928;10.934;10.923;10.93;16261
CNYRUBF;5;20260129;105500;10.928;10.941;10.927;10.94;10326
CNYRUBF;5;20260129;110000;10.94;10.94;10.922;10.929;11443
CNYRUBF;5;20260129;110500;10.928;10.94;10.923;10.933;15919
CNYRUBF;5;20260129;111000;10.932;10.953;10.932;10.935;33595
CNYRUBF;5;20260129;111500;10.935;10.938;10.93;10.936;13301
CNYRUBF;5;20260129;112000;10.935;10.942;10.927;10.928;17004
CNYRUBF;5;20260129;112500;10.928;10.935;10.928;10.935;2452
CNYRUBF;5;20260129;113000;10.933;10.95;10.933;10.947;10015
CNYRUBF;5;20260129;113500;10.947;10.955;10.942;10.95;39388
CNYRUBF;5;20260129;114000;10.948;10.95;10.938;10.948;16508
CNYRUBF;5;20260129;114500;10.946;10.952;10.944;10.947;15092
CNYRUBF;5;20260129;115000;10.945;10.947;10.94;10.945;6663
CNYRUBF;5;20260129;115500;10.943;10.952;10.943;10.951;44406
CNYRUBF;5;20260129;120000;10.949;10.952;10.947;10.951;38077
CNYRUBF;5;20260129;120500;10.95;10.952;10.945;10.95;29727
CNYRUBF;5;20260129;121000;10.951;10.955;10.95;10.952;18832
CNYRUBF;5;20260129;121500;10.951;10.951;10.926;10.933;69920
CNYRUBF;5;20260129;122000;10.933;10.938;10.928;10.938;56605
CNYRUBF;5;20260129;122500;10.938;10.944;10.932;10.936;20724
CNYRUBF;5;20260129;123000;10.936;10.939;10.926;10.938;51510
CNYRUBF;5;20260129;123500;10.938;10.948;10.932;10.946;31268
CNYRUBF;5;20260129;124000;10.944;10.945;10.93;10.934;23111
CNYRUBF;5;20260129;124500;10.932;10.945;10.931;10.938;30601
CNYRUBF;5;20260129;125000;10.938;10.941;10.937;10.941;6289
CNYRUBF;5;20260129;125500;10.941;10.941;10.933;10.935;23480
CNYRUBF;5;20260129;130000;10.935;10.939;10.931;10.935;54641
CNYRUBF;5;20260129;130500;10.933;10.937;10.927;10.929;26702
CNYRUBF;5;20260129;131000;10.928;10.933;10.918;10.93;67617
CNYRUBF;5;20260129;131500;10.928;10.935;10.924;10.933;53573
CNYRUBF;5;20260129;132000;10.933;10.933;10.909;10.913;58393
CNYRUBF;5;20260129;132500;10.911;10.914;10.903;10.912;69319
CNYRUBF;5;20260129;133000;10.912;10.915;10.903;10.912;68813
CNYRUBF;5;20260129;133500;10.91;10.913;10.902;10.904;65813
CNYRUBF;5;20260129;134000;10.903;10.905;10.891;10.899;103529
CNYRUBF;5;20260129;134500;10.897;10.9;10.887;10.89;75894
CNYRUBF;5;20260129;135000;10.889;10.892;10.886;10.889;44718
CNYRUBF;5;20260129;135500;10.89;10.899;10.883;10.883;100241
CNYRUBF;5;20260129;140500;10.885;10.892;10.881;10.888;60652
CNYRUBF;5;20260129;141000;10.888;10.892;10.884;10.886;14094
CNYRUBF;5;20260129;141500;10.885;10.886;10.876;10.876;23262
CNYRUBF;5;20260129;142000;10.876;10.891;10.871;10.878;30274
CNYRUBF;5;20260129;142500;10.879;10.88;10.864;10.864;20521
CNYRUBF;5;20260129;143000;10.864;10.872;10.856;10.868;31138
CNYRUBF;5;20260129;143500;10.866;10.869;10.863;10.866;10096
CNYRUBF;5;20260129;144000;10.865;10.89;10.86;10.886;71625
CNYRUBF;5;20260129;144500;10.885;10.893;10.882;10.891;46354
CNYRUBF;5;20260129;145000;10.891;10.893;10.881;10.882;31839
CNYRUBF;5;20260129;145500;10.88;10.895;10.877;10.888;32899
CNYRUBF;5;20260129;150000;10.887;10.892;10.875;10.876;27513
CNYRUBF;5;20260129;150500;10.875;10.892;10.872;10.886;75763
CNYRUBF;5;20260129;151000;10.885;10.886;10.877;10.879;10981
CNYRUBF;5;20260129;151500;10.879;10.886;10.877;10.877;14927
CNYRUBF;5;20260129;152000;10.876;10.876;10.869;10.871;24325
CNYRUBF;5;20260129;152500;10.87;10.87;10.863;10.867;14280
CNYRUBF;5;20260129;153000;10.866;10.872;10.863;10.87;10599
CNYRUBF;5;20260129;153500;10.869;10.873;10.869;10.871;23361
CNYRUBF;5;20260129;154000;10.871;10.877;10.87;10.872;6272
CNYRUBF;5;20260129;154500;10.872;10.874;10.87;10.871;3997
CNYRUBF;5;20260129;155000;10.871;10.873;10.86;10.861;5740
CNYRUBF;5;20260129;155500;10.86;10.875;10.858;10.868;30817
CNYRUBF;5;20260129;160000;10.867;10.871;10.863;10.866;14146
CNYRUBF;5;20260129;160500;10.866;10.866;10.841;10.846;22951
CNYRUBF;5;20260129;161000;10.846;10.852;10.842;10.844;24123
CNYRUBF;5;20260129;161500;10.842;10.848;10.834;10.847;21511
CNYRUBF;5;20260129;162000;10.847;10.865;10.842;10.856;25587
CNYRUBF;5;20260129;162500;10.855;10.861;10.844;10.85;16394
CNYRUBF;5;20260129;163000;10.85;10.854;10.844;10.848;9397
CNYRUBF;5;20260129;163500;10.848;10.862;10.843;10.856;14381
CNYRUBF;5;20260129;164000;10.855;10.855;10.841;10.842;16325
CNYRUBF;5;20260129;164500;10.841;10.842;10.831;10.836;26032
CNYRUBF;5;20260129;165000;10.836;10.837;10.82;10.821;40167
CNYRUBF;5;20260129;165500;10.82;10.827;10.806;10.825;72175
CNYRUBF;5;20260129;170000;10.826;10.836;10.816;10.822;38863
CNYRUBF;5;20260129;170500;10.821;10.84;10.806;10.831;59007
CNYRUBF;5;20260129;171000;10.831;10.836;10.813;10.815;36999
CNYRUBF;5;20260129;171500;10.815;10.82;10.799;10.813;54958
CNYRUBF;5;20260129;172000;10.814;10.814;10.785;10.787;38099
CNYRUBF;5;20260129;172500;10.787;10.801;10.761;10.763;79472
CNYRUBF;5;20260129;173000;10.763;10.796;10.753;10.79;130513
CNYRUBF;5;20260129;173500;10.79;10.808;10.788;10.804;68658
CNYRUBF;5;20260129;174000;10.803;10.816;10.798;10.8;68106
CNYRUBF;5;20260129;174500;10.799;10.802;10.783;10.785;39358
CNYRUBF;5;20260129;175000;10.787;10.793;10.772;10.772;26996
CNYRUBF;5;20260129;175500;10.772;10.784;10.769;10.777;22715
CNYRUBF;5;20260129;180000;10.776;10.789;10.773;10.777;22637
CNYRUBF;5;20260129;180500;10.778;10.784;10.764;10.765;24379
CNYRUBF;5;20260129;181000;10.768;10.781;10.765;10.781;18478
CNYRUBF;5;20260129;181500;10.78;10.786;10.778;10.784;19652
CNYRUBF;5;20260129;182000;10.781;10.804;10.781;10.802;55504
CNYRUBF;5;20260129;182500;10.801;10.807;10.79;10.792;42402
CNYRUBF;5;20260129;183000;10.791;10.805;10.784;10.785;30285
CNYRUBF;5;20260129;183500;10.784;10.801;10.778;10.783;40728
CNYRUBF;5;20260129;184000;10.785;10.793;10.784;10.787;8287
CNYRUBF;5;20260129;184500;10.785;10.787;10.774;10.776;41297
CNYRUBF;5;20260129;190500;10.78;10.807;10.78;10.797;26324
CNYRUBF;5;20260129;191000;10.796;10.798;10.785;10.792;5524
CNYRUBF;5;20260129;191500;10.792;10.796;10.788;10.794;3362
CNYRUBF;5;20260129;192000;10.793;10.795;10.793;10.794;3849
CNYRUBF;5;20260129;192500;10.795;10.795;10.788;10.792;4189
CNYRUBF;5;20260129;193000;10.793;10.793;10.788;10.79;2714
CNYRUBF;5;20260129;193500;10.789;10.789;10.78;10.786;4845
CNYRUBF;5;20260129;194000;10.784;10.79;10.784;10.79;2071
CNYRUBF;5;20260129;194500;10.79;10.791;10.782;10.784;1657
CNYRUBF;5;20260129;195000;10.786;10.788;10.783;10.784;1167
CNYRUBF;5;20260129;195500;10.787;10.787;10.784;10.784;670
CNYRUBF;5;20260129;200000;10.784;10.785;10.782;10.782;1731
CNYRUBF;5;20260129;200500;10.783;10.783;10.78;10.78;1017
CNYRUBF;5;20260129;201000;10.78;10.783;10.78;10.781;1568
CNYRUBF;5;20260129;201500;10.781;10.789;10.778;10.788;3527
CNYRUBF;5;20260129;202000;10.788;10.792;10.786;10.791;1935
CNYRUBF;5;20260129;202500;10.791;10.795;10.79;10.794;3086
CNYRUBF;5;20260129;203000;10.794;10.799;10.793;10.794;3798
CNYRUBF;5;20260129;203500;10.793;10.799;10.79;10.799;3718
CNYRUBF;5;20260129;204000;10.8;10.8;10.797;10.797;1782
CNYRUBF;5;20260129;204500;10.797;10.798;10.789;10.789;819
CNYRUBF;5;20260129;205000;10.79;10.795;10.789;10.795;440
CNYRUBF;5;20260129;205500;10.794;10.795;10.788;10.789;922
CNYRUBF;5;20260129;210000;10.788;10.788;10.783;10.788;1141
CNYRUBF;5;20260129;210500;10.785;10.79;10.785;10.789;1286
CNYRUBF;5;20260129;211000;10.789;10.796;10.789;10.796;384
CNYRUBF;5;20260129;211500;10.796;10.796;10.794;10.795;524
CNYRUBF;5;20260129;212000;10.796;10.798;10.796;10.796;989
CNYRUBF;5;20260129;212500;10.796;10.798;10.795;10.797;2130
CNYRUBF;5;20260129;213000;10.796;10.798;10.793;10.795;808
CNYRUBF;5;20260129;213500;10.793;10.793;10.79;10.79;662
CNYRUBF;5;20260129;214000;10.79;10.791;10.788;10.788;545
CNYRUBF;5;20260129;214500;10.789;10.793;10.789;10.793;447
CNYRUBF;5;20260129;215000;10.79;10.794;10.79;10.794;414
CNYRUBF;5;20260129;215500;10.794;10.796;10.793;10.794;1297
CNYRUBF;5;20260129;220000;10.794;10.796;10.793;10.796;329
CNYRUBF;5;20260129;220500;10.795;10.799;10.793;10.793;1452
CNYRUBF;5;20260129;221000;10.793;10.795;10.793;10.795;314
CNYRUBF;5;20260129;221500;10.795;10.799;10.794;10.799;2178
CNYRUBF;5;20260129;222000;10.796;10.799;10.796;10.799;25
CNYRUBF;5;20260129;222500;10.799;10.799;10.797;10.798;629
CNYRUBF;5;20260129;223000;10.798;10.799;10.796;10.798;799
CNYRUBF;5;20260129;223500;10.797;10.797;10.794;10.794;238
CNYRUBF;5;20260129;224000;10.794;10.796;10.793;10.796;975
CNYRUBF;5;20260129;224500;10.796;10.797;10.795;10.797;465
CNYRUBF;5;20260129;225000;10.797;10.797;10.796;10.797;82
CNYRUBF;5;20260129;225500;10.797;10.797;10.794;10.795;1026
CNYRUBF;5;20260129;230000;10.794;10.795;10.787;10.787;1444
CNYRUBF;5;20260129;230500;10.787;10.787;10.785;10.785;2201
CNYRUBF;5;20260129;231000;10.785;10.788;10.784;10.787;879
CNYRUBF;5;20260129;231500;10.787;10.79;10.787;10.79;1154
CNYRUBF;5;20260129;232000;10.789;10.789;10.787;10.789;130
CNYRUBF;5;20260129;232500;10.787;10.788;10.785;10.785;844
CNYRUBF;5;20260129;233000;10.785;10.79;10.785;10.79;1361
CNYRUBF;5;20260129;233500;10.789;10.791;10.787;10.787;694
CNYRUBF;5;20260129;234000;10.79;10.792;10.789;10.792;289
CNYRUBF;5;20260129;234500;10.792;10.794;10.791;10.791;1219
CNYRUBF;5;20260130;085500;10.798;10.798;10.798;10.798;379
CNYRUBF;5;20260130;090000;10.793;10.804;10.783;10.793;10986
CNYRUBF;5;20260130;090500;10.793;10.802;10.793;10.797;4114
CNYRUBF;5;20260130;091000;10.797;10.8;10.792;10.794;3236
CNYRUBF;5;20260130;091500;10.794;10.803;10.785;10.787;5778
CNYRUBF;5;20260130;092000;10.788;10.797;10.786;10.797;3440
CNYRUBF;5;20260130;092500;10.797;10.832;10.793;10.83;20858
CNYRUBF;5;20260130;093000;10.832;10.855;10.815;10.844;72485
CNYRUBF;5;20260130;093500;10.844;10.844;10.814;10.817;19931
CNYRUBF;5;20260130;094000;10.817;10.835;10.817;10.834;6617
CNYRUBF;5;20260130;094500;10.834;10.834;10.817;10.824;10928
CNYRUBF;5;20260130;095000;10.821;10.827;10.805;10.809;18138
CNYRUBF;5;20260130;095500;10.809;10.826;10.799;10.817;21926
CNYRUBF;5;20260130;100000;10.817;10.847;10.802;10.807;92798
CNYRUBF;5;20260130;100500;10.807;10.828;10.806;10.826;24978
CNYRUBF;5;20260130;101000;10.825;10.847;10.825;10.844;90280
CNYRUBF;5;20260130;101500;10.845;10.853;10.819;10.835;38380
CNYRUBF;5;20260130;102000;10.835;10.87;10.835;10.86;42455
CNYRUBF;5;20260130;102500;10.858;10.866;10.852;10.853;21328
CNYRUBF;5;20260130;103000;10.855;10.855;10.827;10.842;28650
CNYRUBF;5;20260130;103500;10.842;10.851;10.836;10.847;14430
CNYRUBF;5;20260130;104000;10.849;10.855;10.841;10.844;17547
CNYRUBF;5;20260130;104500;10.844;10.856;10.831;10.855;24286
CNYRUBF;5;20260130;105000;10.855;10.859;10.85;10.856;11725
CNYRUBF;5;20260130;105500;10.859;10.867;10.853;10.862;22538
CNYRUBF;5;20260130;110000;10.864;10.881;10.864;10.872;46343
CNYRUBF;5;20260130;110500;10.872;10.876;10.866;10.872;50995
CNYRUBF;5;20260130;111000;10.871;10.876;10.867;10.869;48368
CNYRUBF;5;20260130;111500;10.87;10.881;10.87;10.873;60936
CNYRUBF;5;20260130;112000;10.873;10.878;10.855;10.861;82553
CNYRUBF;5;20260130;112500;10.863;10.875;10.848;10.852;45745
CNYRUBF;5;20260130;113000;10.85;10.86;10.841;10.851;42437
CNYRUBF;5;20260130;113500;10.852;10.854;10.845;10.845;15179
CNYRUBF;5;20260130;114000;10.846;10.855;10.836;10.848;65445
CNYRUBF;5;20260130;114500;10.848;10.854;10.847;10.851;33210
CNYRUBF;5;20260130;115000;10.851;10.851;10.843;10.844;21538
CNYRUBF;5;20260130;115500;10.844;10.848;10.836;10.846;28004
CNYRUBF;5;20260130;120000;10.846;10.851;10.837;10.837;42910
CNYRUBF;5;20260130;120500;10.837;10.841;10.827;10.841;51610
CNYRUBF;5;20260130;121000;10.84;10.845;10.833;10.837;37097
CNYRUBF;5;20260130;121500;10.835;10.846;10.829;10.843;24093
CNYRUBF;5;20260130;122000;10.842;10.842;10.834;10.838;16854
CNYRUBF;5;20260130;122500;10.838;10.839;10.833;10.838;21975
CNYRUBF;5;20260130;123000;10.84;10.849;10.835;10.849;20825
CNYRUBF;5;20260130;123500;10.849;10.852;10.842;10.844;27097
CNYRUBF;5;20260130;124000;10.845;10.854;10.843;10.852;15095
CNYRUBF;5;20260130;124500;10.852;10.864;10.852;10.855;28520
CNYRUBF;5;20260130;125000;10.854;10.854;10.841;10.85;12934
CNYRUBF;5;20260130;125500;10.851;10.855;10.846;10.852;15109
CNYRUBF;5;20260130;130000;10.852;10.859;10.851;10.858;11663
CNYRUBF;5;20260130;130500;10.858;10.863;10.855;10.858;8622
CNYRUBF;5;20260130;131000;10.858;10.87;10.856;10.862;16214
CNYRUBF;5;20260130;131500;10.863;10.87;10.861;10.865;12415
CNYRUBF;5;20260130;132000;10.867;10.868;10.85;10.853;9595
CNYRUBF;5;20260130;132500;10.854;10.86;10.85;10.857;13340
CNYRUBF;5;20260130;133000;10.858;10.866;10.857;10.866;13230
CNYRUBF;5;20260130;133500;10.866;10.908;10.863;10.899;105516
CNYRUBF;5;20260130;134000;10.9;10.909;10.896;10.897;39624
CNYRUBF;5;20260130;134500;10.896;10.92;10.895;10.906;83388
CNYRUBF;5;20260130;135000;10.904;10.909;10.896;10.906;21793
CNYRUBF;5;20260130;135500;10.907;10.927;10.905;10.924;30275
CNYRUBF;5;20260130;140500;10.92;10.927;10.911;10.927;57616
CNYRUBF;5;20260130;141000;10.928;10.931;10.916;10.923;69893
CNYRUBF;5;20260130;141500;10.923;10.942;10.918;10.936;104822
CNYRUBF;5;20260130;142000;10.936;10.936;10.928;10.93;81153
CNYRUBF;5;20260130;142500;10.93;10.936;10.926;10.933;54091
CNYRUBF;5;20260130;143000;10.934;10.937;10.931;10.933;23360
CNYRUBF;5;20260130;143500;10.934;10.945;10.931;10.939;62314
CNYRUBF;5;20260130;144000;10.94;10.945;10.937;10.944;98021
CNYRUBF;5;20260130;144500;10.943;10.962;10.94;10.96;132149
CNYRUBF;5;20260130;145000;10.96;10.97;10.947;10.95;67922
CNYRUBF;5;20260130;145500;10.951;10.967;10.941;10.966;64864
CNYRUBF;5;20260130;150000;10.965;10.978;10.964;10.976;52929
CNYRUBF;5;20260130;150500;10.977;10.978;10.972;10.974;12094
CNYRUBF;5;20260130;151000;10.975;10.976;10.951;10.958;71081
CNYRUBF;5;20260130;151500;10.958;10.961;10.953;10.96;29730
CNYRUBF;5;20260130;152000;10.96;10.962;10.956;10.958;6879
CNYRUBF;5;20260130;152500;10.958;10.96;10.956;10.96;12592
CNYRUBF;5;20260130;153000;10.959;10.961;10.954;10.957;10790
CNYRUBF;5;20260130;153500;10.955;10.959;10.943;10.945;48784
CNYRUBF;5;20260130;154000;10.945;10.958;10.938;10.943;42969
CNYRUBF;5;20260130;154500;10.942;10.948;10.938;10.941;39096
CNYRUBF;5;20260130;155000;10.941;10.942;10.934;10.935;30195
CNYRUBF;5;20260130;155500;10.936;10.936;10.933;10.935;20723
CNYRUBF;5;20260130;160000;10.935;10.938;10.93;10.93;16213
CNYRUBF;5;20260130;160500;10.93;10.935;10.928;10.931;35551
CNYRUBF;5;20260130;161000;10.932;10.934;10.931;10.931;6806
CNYRUBF;5;20260130;161500;10.931;10.936;10.931;10.936;4677
CNYRUBF;5;20260130;162000;10.935;10.937;10.931;10.932;6770
CNYRUBF;5;20260130;162500;10.933;10.957;10.933;10.956;13606
CNYRUBF;5;20260130;163000;10.957;10.963;10.952;10.953;13048
CNYRUBF;5;20260130;163500;10.952;10.954;10.944;10.946;8916
CNYRUBF;5;20260130;164000;10.946;10.954;10.937;10.939;12007
CNYRUBF;5;20260130;164500;10.939;10.944;10.935;10.937;11577
CNYRUBF;5;20260130;165000;10.937;10.947;10.937;10.947;5786
CNYRUBF;5;20260130;165500;10.947;10.955;10.946;10.955;9111
CNYRUBF;5;20260130;170000;10.955;10.956;10.949;10.952;19404
CNYRUBF;5;20260130;170500;10.95;10.957;10.948;10.948;4355
CNYRUBF;5;20260130;171000;10.952;10.952;10.945;10.945;3431
CNYRUBF;5;20260130;171500;10.946;10.948;10.944;10.945;4123
CNYRUBF;5;20260130;172000;10.945;10.948;10.944;10.948;2946
CNYRUBF;5;20260130;172500;10.948;10.959;10.946;10.957;4769
CNYRUBF;5;20260130;173000;10.955;10.96;10.95;10.96;9142
CNYRUBF;5;20260130;173500;10.959;10.962;10.957;10.962;6138
CNYRUBF;5;20260130;174000;10.962;10.962;10.957;10.958;2834
CNYRUBF;5;20260130;174500;10.958;10.958;10.94;10.949;35282
CNYRUBF;5;20260130;175000;10.95;10.952;10.943;10.949;3954
CNYRUBF;5;20260130;175500;10.948;10.951;10.942;10.95;7638
CNYRUBF;5;20260130;180000;10.95;10.955;10.95;10.955;4299
CNYRUBF;5;20260130;180500;10.953;10.955;10.951;10.953;2056
CNYRUBF;5;20260130;181000;10.954;10.954;10.939;10.94;7388
CNYRUBF;5;20260130;181500;10.94;10.943;10.933;10.941;4846
CNYRUBF;5;20260130;182000;10.941;10.944;10.936;10.938;9993
CNYRUBF;5;20260130;182500;10.938;10.94;10.934;10.937;4659
CNYRUBF;5;20260130;183000;10.936;10.936;10.931;10.936;8501
CNYRUBF;5;20260130;183500;10.936;10.936;10.93;10.931;3709
CNYRUBF;5;20260130;184000;10.931;10.948;10.93;10.946;20921
CNYRUBF;5;20260130;184500;10.948;10.952;10.939;10.947;17906
CNYRUBF;5;20260130;190500;10.949;10.954;10.94;10.954;6531
CNYRUBF;5;20260130;191000;10.954;10.955;10.949;10.953;5852
CNYRUBF;5;20260130;191500;10.952;10.956;10.952;10.955;1223
CNYRUBF;5;20260130;192000;10.955;10.957;10.949;10.952;2428
CNYRUBF;5;20260130;192500;10.951;10.952;10.947;10.949;3007
CNYRUBF;5;20260130;193000;10.948;10.949;10.94;10.945;5814
CNYRUBF;5;20260130;193500;10.945;10.947;10.942;10.943;773
CNYRUBF;5;20260130;194000;10.943;10.946;10.943;10.945;1343
CNYRUBF;5;20260130;194500;10.945;10.946;10.942;10.942;1155
CNYRUBF;5;20260130;195000;10.946;10.948;10.944;10.944;1220
CNYRUBF;5;20260130;195500;10.946;10.947;10.945;10.946;570
CNYRUBF;5;20260130;200000;10.948;10.948;10.945;10.945;1056
CNYRUBF;5;20260130;200500;10.945;10.946;10.943;10.946;994
CNYRUBF;5;20260130;201000;10.943;10.943;10.94;10.941;2039
CNYRUBF;5;20260130;201500;10.941;10.943;10.94;10.943;1132
CNYRUBF;5;20260130;202000;10.942;10.943;10.938;10.938;3865
CNYRUBF;5;20260130;202500;10.937;10.938;10.925;10.929;6797
CNYRUBF;5;20260130;203000;10.925;10.933;10.925;10.933;2133
CNYRUBF;5;20260130;203500;10.933;10.933;10.929;10.931;1078
CNYRUBF;5;20260130;204000;10.93;10.93;10.926;10.926;320
CNYRUBF;5;20260130;204500;10.927;10.93;10.927;10.93;2234
CNYRUBF;5;20260130;205000;10.93;10.935;10.928;10.935;2574
CNYRUBF;5;20260130;205500;10.934;10.938;10.931;10.931;2762
CNYRUBF;5;20260130;210000;10.931;10.939;10.931;10.934;1463
CNYRUBF;5;20260130;210500;10.931;10.935;10.931;10.934;1780
CNYRUBF;5;20260130;211000;10.933;10.935;10.931;10.931;3936
CNYRUBF;5;20260130;211500;10.931;10.932;10.926;10.932;8390
CNYRUBF;5;20260130;212000;10.931;10.944;10.931;10.938;18692
CNYRUBF;5;20260130;212500;10.937;10.938;10.93;10.93;955
CNYRUBF;5;20260130;213000;10.929;10.939;10.927;10.938;2175
CNYRUBF;5;20260130;213500;10.936;10.938;10.932;10.932;1307
CNYRUBF;5;20260130;214000;10.933;10.934;10.929;10.934;4212
CNYRUBF;5;20260130;214500;10.935;10.94;10.934;10.938;1117
CNYRUBF;5;20260130;215000;10.94;10.94;10.931;10.931;1127
CNYRUBF;5;20260130;215500;10.93;10.938;10.93;10.936;2616
CNYRUBF;5;20260130;220000;10.935;10.94;10.935;10.94;792
CNYRUBF;5;20260130;220500;10.94;10.948;10.94;10.946;1490
CNYRUBF;5;20260130;221000;10.945;10.949;10.943;10.943;794
CNYRUBF;5;20260130;221500;10.943;10.944;10.942;10.943;117
CNYRUBF;5;20260130;222000;10.943;10.949;10.942;10.949;649
CNYRUBF;5;20260130;222500;10.949;10.949;10.945;10.948;330
CNYRUBF;5;20260130;223000;10.949;10.951;10.946;10.948;1067
CNYRUBF;5;20260130;223500;10.948;10.948;10.943;10.944;391
CNYRUBF;5;20260130;224000;10.943;10.945;10.942;10.943;444
CNYRUBF;5;20260130;224500;10.943;10.943;10.935;10.937;1181
CNYRUBF;5;20260130;225000;10.936;10.938;10.93;10.93;1790
CNYRUBF;5;20260130;225500;10.933;10.934;10.931;10.934;440
CNYRUBF;5;20260130;230000;10.931;10.931;10.929;10.93;1567
CNYRUBF;5;20260130;230500;10.934;10.947;10.934;10.945;956
CNYRUBF;5;20260130;231000;10.942;10.942;10.932;10.934;775
CNYRUBF;5;20260130;231500;10.935;10.939;10.935;10.938;830
CNYRUBF;5;20260130;232000;10.938;10.938;10.935;10.935;1063
CNYRUBF;5;20260130;232500;10.935;10.936;10.933;10.933;721
CNYRUBF;5;20260130;233000;10.934;10.934;10.93;10.932;637
CNYRUBF;5;20260130;233500;10.932;10.934;10.932;10.932;1367
CNYRUBF;5;20260130;234000;10.932;10.933;10.931;10.932;502
CNYRUBF;5;20260130;234500;10.931;10.932;10.927;10.929;1361
CNYRUBF;5;20260202;085500;10.934;10.934;10.934;10.934;739
CNYRUBF;5;20260202;090000;10.934;11;10.933;10.998;33968
CNYRUBF;5;20260202;090500;10.998;11.054;10.996;11.019;54359
CNYRUBF;5;20260202;091000;11.02;11.034;11.014;11.028;15992
CNYRUBF;5;20260202;091500;11.031;11.049;11.019;11.02;17776
CNYRUBF;5;20260202;092000;11.02;11.024;11.011;11.015;6571
CNYRUBF;5;20260202;092500;11.015;11.032;11.014;11.025;10015
CNYRUBF;5;20260202;093000;11.028;11.033;11.013;11.013;13094
CNYRUBF;5;20260202;093500;11.015;11.019;11.006;11.01;11477
CNYRUBF;5;20260202;094000;11.01;11.031;11.009;11.017;11815
CNYRUBF;5;20260202;094500;11.018;11.031;11.018;11.026;6799
CNYRUBF;5;20260202;095000;11.028;11.033;11.023;11.03;4928
CNYRUBF;5;20260202;095500;11.031;11.033;11.018;11.023;13023
CNYRUBF;5;20260202;100000;11.021;11.045;10.993;11.008;84560
CNYRUBF;5;20260202;100500;11.008;11.026;10.994;11.023;47379
CNYRUBF;5;20260202;101000;11.024;11.04;11.024;11.037;43700
CNYRUBF;5;20260202;101500;11.038;11.07;11.032;11.063;62279
CNYRUBF;5;20260202;102000;11.065;11.068;11.058;11.058;56902
CNYRUBF;5;20260202;102500;11.059;11.062;11.05;11.054;47599
CNYRUBF;5;20260202;103000;11.053;11.055;11.032;11.052;48079
CNYRUBF;5;20260202;103500;11.052;11.093;11.05;11.089;61713
CNYRUBF;5;20260202;104000;11.088;11.117;11.088;11.115;79877
CNYRUBF;5;20260202;104500;11.116;11.124;11.102;11.124;76775
CNYRUBF;5;20260202;105000;11.125;11.132;11.12;11.13;42031
CNYRUBF;5;20260202;105500;11.132;11.136;11.116;11.122;120388
CNYRUBF;5;20260202;110000;11.124;11.133;11.101;11.118;154913
CNYRUBF;5;20260202;110500;11.119;11.129;11.1;11.104;70665
CNYRUBF;5;20260202;111000;11.104;11.11;11.096;11.101;31210
CNYRUBF;5;20260202;111500;11.1;11.11;11.091;11.097;27623
CNYRUBF;5;20260202;112000;11.097;11.101;11.083;11.091;15920
CNYRUBF;5;20260202;112500;11.093;11.094;11.086;11.087;4575
CNYRUBF;5;20260202;113000;11.086;11.086;11.083;11.085;9714
CNYRUBF;5;20260202;113500;11.086;11.098;11.084;11.097;13261
CNYRUBF;5;20260202;114000;11.098;11.103;11.095;11.101;7117
CNYRUBF;5;20260202;114500;11.099;11.104;11.096;11.099;4734
CNYRUBF;5;20260202;115000;11.096;11.101;11.083;11.086;14930
CNYRUBF;5;20260202;115500;11.085;11.085;11.069;11.072;41960
CNYRUBF;5;20260202;120000;11.074;11.076;11.063;11.067;13061
CNYRUBF;5;20260202;120500;11.065;11.068;11.061;11.064;36682
CNYRUBF;5;20260202;121000;11.064;11.071;11.063;11.066;12563
CNYRUBF;5;20260202;121500;11.064;11.064;11.048;11.056;74987
CNYRUBF;5;20260202;122000;11.055;11.068;11.051;11.062;44609
CNYRUBF;5;20260202;122500;11.063;11.065;11.054;11.06;24376
CNYRUBF;5;20260202;123000;11.06;11.064;11.052;11.057;27964
CNYRUBF;5;20260202;123500;11.055;11.058;11.046;11.054;44849
CNYRUBF;5;20260202;124000;11.055;11.057;11.048;11.05;17465
CNYRUBF;5;20260202;124500;11.049;11.051;11.031;11.035;69215
CNYRUBF;5;20260202;125000;11.035;11.057;11.033;11.057;22172
CNYRUBF;5;20260202;125500;11.056;11.066;11.044;11.05;32688
CNYRUBF;5;20260202;130000;11.048;11.058;11.042;11.05;46336
CNYRUBF;5;20260202;130500;11.049;11.058;11.048;11.055;33019
CNYRUBF;5;20260202;131000;11.053;11.057;11.046;11.046;26450
CNYRUBF;5;20260202;131500;11.048;11.052;11.036;11.042;35586
CNYRUBF;5;20260202;132000;11.041;11.044;11.021;11.022;72397
CNYRUBF;5;20260202;132500;11.021;11.03;11.016;11.019;31457
CNYRUBF;5;20260202;133000;11.019;11.023;11.014;11.014;29328
CNYRUBF;5;20260202;133500;11.017;11.036;11.013;11.034;44367
CNYRUBF;5;20260202;134000;11.034;11.054;11.028;11.047;49547
CNYRUBF;5;20260202;134500;11.046;11.047;11.029;11.029;28598
CNYRUBF;5;20260202;135000;11.029;11.031;11.02;11.026;29019
CNYRUBF;5;20260202;135500;11.029;11.037;11.013;11.018;48868
CNYRUBF;5;20260202;140500;11.016;11.019;11.007;11.011;94984
CNYRUBF;5;20260202;141000;11.012;11.019;11.008;11.011;48061
CNYRUBF;5;20260202;141500;11.01;11.018;11.009;11.015;21235
CNYRUBF;5;20260202;142000;11.013;11.052;11.013;11.04;88142
CNYRUBF;5;20260202;142500;11.04;11.051;11.038;11.049;33249
CNYRUBF;5;20260202;143000;11.049;11.051;11.041;11.046;23598
CNYRUBF;5;20260202;143500;11.044;11.054;11.044;11.052;33490
CNYRUBF;5;20260202;144000;11.053;11.056;11.04;11.04;39350
CNYRUBF;5;20260202;144500;11.04;11.056;11.04;11.05;25215
CNYRUBF;5;20260202;145000;11.05;11.059;11.048;11.057;31397
CNYRUBF;5;20260202;145500;11.058;11.062;11.052;11.058;34218
CNYRUBF;5;20260202;150000;11.056;11.062;11.049;11.052;44618
CNYRUBF;5;20260202;150500;11.052;11.061;11.05;11.059;43497
CNYRUBF;5;20260202;151000;11.057;11.062;11.055;11.062;35418
CNYRUBF;5;20260202;151500;11.062;11.062;11.057;11.061;38501
CNYRUBF;5;20260202;152000;11.061;11.068;11.059;11.063;43769
CNYRUBF;5;20260202;152500;11.064;11.065;11.05;11.055;47785
CNYRUBF;5;20260202;153000;11.053;11.058;11.044;11.055;43552
CNYRUBF;5;20260202;153500;11.055;11.056;11.047;11.055;43485
CNYRUBF;5;20260202;154000;11.055;11.058;11.048;11.052;53051
CNYRUBF;5;20260202;154500;11.052;11.055;11.042;11.049;44233
CNYRUBF;5;20260202;155000;11.049;11.055;11.048;11.054;40663
CNYRUBF;5;20260202;155500;11.054;11.06;11.049;11.051;49243
CNYRUBF;5;20260202;160000;11.052;11.06;11.043;11.054;56769
CNYRUBF;5;20260202;160500;11.054;11.062;11.051;11.062;43420
CNYRUBF;5;20260202;161000;11.062;11.064;11.052;11.061;43240
CNYRUBF;5;20260202;161500;11.061;11.065;11.054;11.058;39658
CNYRUBF;5;20260202;162000;11.058;11.06;11.05;11.053;44942
CNYRUBF;5;20260202;162500;11.053;11.054;11.047;11.051;51470
CNYRUBF;5;20260202;163000;11.051;11.052;11.04;11.048;43234
CNYRUBF;5;20260202;163500;11.048;11.059;11.041;11.057;55876
CNYRUBF;5;20260202;164000;11.057;11.058;11.046;11.051;50604
CNYRUBF;5;20260202;164500;11.051;11.051;11.032;11.048;60811
CNYRUBF;5;20260202;165000;11.047;11.05;11.042;11.047;51859
CNYRUBF;5;20260202;165500;11.047;11.048;11.038;11.043;42610
CNYRUBF;5;20260202;170000;11.043;11.043;11.021;11.034;52784
CNYRUBF;5;20260202;170500;11.031;11.043;11.027;11.036;48760
CNYRUBF;5;20260202;171000;11.036;11.04;11.028;11.032;49429
CNYRUBF;5;20260202;171500;11.032;11.037;11.021;11.025;50841
CNYRUBF;5;20260202;172000;11.026;11.033;11.022;11.028;59118
CNYRUBF;5;20260202;172500;11.027;11.032;11.02;11.022;31629
CNYRUBF;5;20260202;173000;11.021;11.024;11.017;11.022;11083
CNYRUBF;5;20260202;173500;11.021;11.021;10.998;11.012;38020
CNYRUBF;5;20260202;174000;11.012;11.018;11.008;11.014;22158
CNYRUBF;5;20260202;174500;11.013;11.013;11.008;11.01;5064
CNYRUBF;5;20260202;175000;11.01;11.023;11.01;11.019;10465
CNYRUBF;5;20260202;175500;11.022;11.03;11.019;11.019;14437
CNYRUBF;5;20260202;180000;11.019;11.022;11.018;11.021;5415
CNYRUBF;5;20260202;180500;11.02;11.028;11.019;11.026;4120
CNYRUBF;5;20260202;181000;11.026;11.027;11.022;11.022;3009
CNYRUBF;5;20260202;181500;11.024;11.025;11.012;11.016;5566
CNYRUBF;5;20260202;182000;11.015;11.022;11.013;11.022;10799
CNYRUBF;5;20260202;182500;11.022;11.025;11.018;11.021;7934
CNYRUBF;5;20260202;183000;11.023;11.03;11.021;11.029;13732
CNYRUBF;5;20260202;183500;11.03;11.033;11.027;11.029;11593
CNYRUBF;5;20260202;184000;11.029;11.03;11.029;11.029;7126
CNYRUBF;5;20260202;184500;11.029;11.03;11.019;11.019;6872
CNYRUBF;5;20260202;190500;11.026;11.031;11.021;11.029;7483
CNYRUBF;5;20260202;191000;11.03;11.03;11.024;11.029;2153
CNYRUBF;5;20260202;191500;11.03;11.036;11.03;11.033;3640
CNYRUBF;5;20260202;192000;11.034;11.051;11.033;11.049;11096
CNYRUBF;5;20260202;192500;11.046;11.049;11.039;11.041;2683
CNYRUBF;5;20260202;193000;11.041;11.047;11.041;11.044;5948
CNYRUBF;5;20260202;193500;11.044;11.046;11.037;11.042;5189
CNYRUBF;5;20260202;194000;11.042;11.042;11.035;11.035;1811
CNYRUBF;5;20260202;194500;11.035;11.038;11.035;11.038;871
CNYRUBF;5;20260202;195000;11.038;11.043;11.038;11.043;1268
CNYRUBF;5;20260202;195500;11.042;11.047;11.042;11.045;1661
CNYRUBF;5;20260202;200000;11.043;11.048;11.043;11.047;771
CNYRUBF;5;20260202;200500;11.048;11.05;11.047;11.047;1570
CNYRUBF;5;20260202;201000;11.047;11.05;11.042;11.049;2016
CNYRUBF;5;20260202;201500;11.049;11.05;11.047;11.047;1262
CNYRUBF;5;20260202;202000;11.047;11.048;11.044;11.047;1018
CNYRUBF;5;20260202;202500;11.046;11.047;11.041;11.046;1189
CNYRUBF;5;20260202;203000;11.044;11.05;11.044;11.05;696
CNYRUBF;5;20260202;203500;11.049;11.049;11.046;11.046;554
CNYRUBF;5;20260202;204000;11.048;11.049;11.045;11.046;1219
CNYRUBF;5;20260202;204500;11.047;11.048;11.046;11.046;635
CNYRUBF;5;20260202;205000;11.044;11.045;11.043;11.043;22
CNYRUBF;5;20260202;205500;11.043;11.044;11.042;11.042;198
CNYRUBF;5;20260202;210000;11.042;11.044;11.042;11.043;1383
CNYRUBF;5;20260202;210500;11.042;11.043;11.039;11.043;299
CNYRUBF;5;20260202;211000;11.043;11.051;11.042;11.051;2026
CNYRUBF;5;20260202;211500;11.048;11.06;11.048;11.054;6295
CNYRUBF;5;20260202;212000;11.051;11.054;11.05;11.05;242
CNYRUBF;5;20260202;212500;11.05;11.052;11.047;11.05;172
CNYRUBF;5;20260202;213000;11.051;11.055;11.051;11.052;2370
CNYRUBF;5;20260202;213500;11.052;11.052;11.049;11.049;326
CNYRUBF;5;20260202;214000;11.051;11.054;11.051;11.053;483
CNYRUBF;5;20260202;214500;11.052;11.053;11.052;11.052;186
CNYRUBF;5;20260202;215000;11.05;11.053;11.047;11.047;1144
CNYRUBF;5;20260202;215500;11.046;11.048;11.043;11.043;1208
CNYRUBF;5;20260202;220000;11.043;11.046;11.043;11.045;453
CNYRUBF;5;20260202;220500;11.046;11.049;11.046;11.048;238
CNYRUBF;5;20260202;221000;11.049;11.049;11.046;11.046;138
CNYRUBF;5;20260202;221500;11.045;11.049;11.045;11.048;41
CNYRUBF;5;20260202;222000;11.048;11.049;11.048;11.048;69
CNYRUBF;5;20260202;222500;11.048;11.049;11.046;11.049;416
CNYRUBF;5;20260202;223000;11.047;11.049;11.047;11.049;31
CNYRUBF;5;20260202;223500;11.048;11.049;11.048;11.049;55
CNYRUBF;5;20260202;224000;11.049;11.055;11.047;11.054;2474
CNYRUBF;5;20260202;224500;11.051;11.051;11.049;11.049;21
CNYRUBF;5;20260202;225000;11.051;11.051;11.049;11.049;521
CNYRUBF;5;20260202;225500;11.049;11.049;11.043;11.045;2240
CNYRUBF;5;20260202;230000;11.045;11.045;11.042;11.042;774
CNYRUBF;5;20260202;230500;11.042;11.044;11.042;11.044;45
CNYRUBF;5;20260202;231000;11.043;11.043;11.042;11.042;29
CNYRUBF;5;20260202;231500;11.042;11.045;11.042;11.045;375
CNYRUBF;5;20260202;232000;11.044;11.046;11.042;11.046;116
CNYRUBF;5;20260202;232500;11.046;11.049;11.044;11.049;671
CNYRUBF;5;20260202;233000;11.049;11.049;11.044;11.047;705
CNYRUBF;5;20260202;233500;11.047;11.052;11.047;11.052;1440
CNYRUBF;5;20260202;234000;11.053;11.054;11.052;11.053;529
CNYRUBF;5;20260202;234500;11.054;11.056;11.046;11.046;323
CNYRUBF;5;20260203;085500;11.046;11.046;11.046;11.046;130
CNYRUBF;5;20260203;090000;11.046;11.054;11.033;11.041;9247
CNYRUBF;5;20260203;090500;11.041;11.041;11.032;11.034;3929
CNYRUBF;5;20260203;091000;11.034;11.041;11.032;11.032;3678
CNYRUBF;5;20260203;091500;11.032;11.032;11.023;11.023;9623
CNYRUBF;5;20260203;092000;11.023;11.03;11.023;11.024;5848
CNYRUBF;5;20260203;092500;11.024;11.026;11.023;11.024;1435
CNYRUBF;5;20260203;093000;11.024;11.038;11.024;11.033;4807
CNYRUBF;5;20260203;093500;11.035;11.038;11.031;11.032;4299
CNYRUBF;5;20260203;094000;11.032;11.04;11.032;11.036;3355
CNYRUBF;5;20260203;094500;11.036;11.038;11.033;11.034;2814
CNYRUBF;5;20260203;095000;11.037;11.037;11.033;11.037;1693
CNYRUBF;5;20260203;095500;11.034;11.045;11.034;11.038;5893
CNYRUBF;5;20260203;100000;11.039;11.072;11.03;11.059;89745
CNYRUBF;5;20260203;100500;11.057;11.062;11.034;11.042;22262
CNYRUBF;5;20260203;101000;11.041;11.089;11.038;11.072;48783
CNYRUBF;5;20260203;101500;11.072;11.075;11.061;11.069;51897
CNYRUBF;5;20260203;102000;11.068;11.075;11.062;11.063;28921
CNYRUBF;5;20260203;102500;11.062;11.062;11.043;11.061;42005
CNYRUBF;5;20260203;103000;11.061;11.069;11.057;11.059;23530
CNYRUBF;5;20260203;103500;11.058;11.066;11.057;11.061;23381
CNYRUBF;5;20260203;104000;11.061;11.068;11.061;11.066;6054
CNYRUBF;5;20260203;104500;11.064;11.074;11.062;11.073;11252
CNYRUBF;5;20260203;105000;11.072;11.084;11.07;11.083;19579
CNYRUBF;5;20260203;105500;11.084;11.086;11.071;11.071;23409
CNYRUBF;5;20260203;110000;11.071;11.078;11.062;11.062;21278
CNYRUBF;5;20260203;110500;11.062;11.072;11.058;11.062;35720
CNYRUBF;5;20260203;111000;11.062;11.067;11.062;11.064;17525
CNYRUBF;5;20260203;111500;11.064;11.066;11.061;11.062;32115
CNYRUBF;5;20260203;112000;11.061;11.067;11.061;11.063;12039
CNYRUBF;5;20260203;112500;11.062;11.065;11.061;11.061;12492
CNYRUBF;5;20260203;113000;11.061;11.072;11.061;11.072;18295
CNYRUBF;5;20260203;113500;11.07;11.082;11.065;11.067;22470
CNYRUBF;5;20260203;114000;11.067;11.072;11.067;11.069;12531
CNYRUBF;5;20260203;114500;11.069;11.079;11.065;11.076;17926
CNYRUBF;5;20260203;115000;11.076;11.088;11.076;11.082;35168
CNYRUBF;5;20260203;115500;11.081;11.098;11.081;11.09;29026
CNYRUBF;5;20260203;120000;11.089;11.094;11.086;11.089;9836
CNYRUBF;5;20260203;120500;11.089;11.09;11.083;11.086;7917
CNYRUBF;5;20260203;121000;11.086;11.089;11.08;11.086;27011
CNYRUBF;5;20260203;121500;11.085;11.093;11.082;11.089;10020
CNYRUBF;5;20260203;122000;11.088;11.092;11.07;11.082;26623
CNYRUBF;5;20260203;122500;11.081;11.083;11.077;11.081;12344
CNYRUBF;5;20260203;123000;11.08;11.086;11.078;11.082;9358
CNYRUBF;5;20260203;123500;11.081;11.089;11.081;11.087;7231
CNYRUBF;5;20260203;124000;11.085;11.091;11.076;11.08;16514
CNYRUBF;5;20260203;124500;11.078;11.08;11.067;11.07;15552
CNYRUBF;5;20260203;125000;11.069;11.074;11.062;11.072;14827
CNYRUBF;5;20260203;125500;11.072;11.078;11.069;11.073;12942
CNYRUBF;5;20260203;130000;11.073;11.077;11.071;11.074;8879
CNYRUBF;5;20260203;130500;11.072;11.074;11.066;11.07;24043
CNYRUBF;5;20260203;131000;11.07;11.077;11.07;11.072;10288
CNYRUBF;5;20260203;131500;11.074;11.078;11.074;11.076;2680
CNYRUBF;5;20260203;132000;11.077;11.078;11.073;11.076;7340
CNYRUBF;5;20260203;132500;11.076;11.076;11.071;11.073;7549
CNYRUBF;5;20260203;133000;11.073;11.075;11.07;11.071;665
CNYRUBF;5;20260203;133500;11.072;11.073;11.071;11.073;2398
CNYRUBF;5;20260203;134000;11.072;11.073;11.069;11.071;6440
CNYRUBF;5;20260203;134500;11.069;11.078;11.068;11.073;15287
CNYRUBF;5;20260203;135000;11.074;11.075;11.07;11.07;3622
CNYRUBF;5;20260203;135500;11.07;11.073;11.069;11.073;7246
CNYRUBF;5;20260203;140500;11.069;11.072;11.062;11.068;14655
CNYRUBF;5;20260203;141000;11.067;11.068;11.056;11.056;15426
CNYRUBF;5;20260203;141500;11.055;11.06;11.05;11.06;20142
CNYRUBF;5;20260203;142000;11.06;11.063;11.057;11.06;7996
CNYRUBF;5;20260203;142500;11.059;11.075;11.059;11.074;11292
CNYRUBF;5;20260203;143000;11.071;11.074;11.054;11.062;27114
CNYRUBF;5;20260203;143500;11.063;11.066;11.061;11.063;4467
CNYRUBF;5;20260203;144000;11.063;11.066;11.062;11.065;2682
CNYRUBF;5;20260203;144500;11.063;11.063;11.057;11.061;6108
CNYRUBF;5;20260203;145000;11.062;11.064;11.059;11.061;6845
CNYRUBF;5;20260203;145500;11.059;11.059;11.05;11.05;6095
CNYRUBF;5;20260203;150000;11.05;11.063;11.05;11.061;11686
CNYRUBF;5;20260203;150500;11.06;11.073;11.06;11.067;14293
CNYRUBF;5;20260203;151000;11.065;11.068;11.064;11.065;1610
CNYRUBF;5;20260203;151500;11.064;11.067;11.062;11.067;2023
CNYRUBF;5;20260203;152000;11.067;11.071;11.066;11.069;5589
CNYRUBF;5;20260203;152500;11.07;11.077;11.07;11.071;5631
CNYRUBF;5;20260203;153000;11.074;11.075;11.071;11.073;1098
CNYRUBF;5;20260203;153500;11.073;11.073;11.063;11.066;5510
CNYRUBF;5;20260203;154000;11.064;11.066;11.055;11.064;14936
CNYRUBF;5;20260203;154500;11.064;11.064;11.06;11.063;2207
CNYRUBF;5;20260203;155000;11.063;11.071;11.058;11.062;20135
CNYRUBF;5;20260203;155500;11.063;11.067;11.062;11.067;5263
CNYRUBF;5;20260203;160000;11.065;11.07;11.059;11.069;17067
CNYRUBF;5;20260203;160500;11.069;11.072;11.066;11.072;6483
CNYRUBF;5;20260203;161000;11.073;11.095;11.07;11.089;29846
CNYRUBF;5;20260203;161500;11.089;11.094;11.082;11.088;12543
CNYRUBF;5;20260203;162000;11.088;11.105;11.086;11.098;40375
CNYRUBF;5;20260203;162500;11.099;11.108;11.095;11.103;28653
CNYRUBF;5;20260203;163000;11.103;11.106;11.09;11.095;17671
CNYRUBF;5;20260203;163500;11.094;11.105;11.093;11.103;15789
CNYRUBF;5;20260203;164000;11.103;11.105;11.093;11.096;14556
CNYRUBF;5;20260203;164500;11.096;11.097;11.092;11.092;5072
CNYRUBF;5;20260203;165000;11.093;11.093;11.079;11.085;13463
CNYRUBF;5;20260203;165500;11.085;11.093;11.082;11.093;10460
CNYRUBF;5;20260203;170000;11.092;11.097;11.088;11.088;5649
CNYRUBF;5;20260203;170500;11.089;11.089;11.08;11.08;8067
CNYRUBF;5;20260203;171000;11.082;11.087;11.078;11.079;11977
CNYRUBF;5;20260203;171500;11.081;11.089;11.081;11.088;3621
CNYRUBF;5;20260203;172000;11.088;11.088;11.081;11.085;3627
CNYRUBF;5;20260203;172500;11.085;11.093;11.082;11.091;7939
CNYRUBF;5;20260203;173000;11.09;11.094;11.09;11.093;5096
CNYRUBF;5;20260203;173500;11.093;11.101;11.092;11.098;5020
CNYRUBF;5;20260203;174000;11.099;11.099;11.09;11.093;12859
CNYRUBF;5;20260203;174500;11.092;11.092;11.079;11.083;25792
CNYRUBF;5;20260203;175000;11.084;11.092;11.084;11.092;4993
CNYRUBF;5;20260203;175500;11.091;11.093;11.09;11.09;5930
CNYRUBF;5;20260203;180000;11.09;11.098;11.088;11.093;22196
CNYRUBF;5;20260203;180500;11.093;11.095;11.091;11.093;2451
CNYRUBF;5;20260203;181000;11.093;11.093;11.088;11.088;13740
CNYRUBF;5;20260203;181500;11.089;11.092;11.087;11.09;2332
CNYRUBF;5;20260203;182000;11.09;11.092;11.09;11.092;2389
CNYRUBF;5;20260203;182500;11.092;11.097;11.09;11.093;8537
CNYRUBF;5;20260203;183000;11.094;11.095;11.091;11.092;6417
CNYRUBF;5;20260203;183500;11.093;11.097;11.091;11.095;5157
CNYRUBF;5;20260203;184000;11.095;11.1;11.095;11.1;10595
CNYRUBF;5;20260203;184500;11.1;11.1;11.095;11.095;11164
CNYRUBF;5;20260203;190500;11.1;11.113;11.099;11.109;9493
CNYRUBF;5;20260203;191000;11.109;11.111;11.106;11.107;1382
CNYRUBF;5;20260203;191500;11.107;11.119;11.107;11.119;3455
CNYRUBF;5;20260203;192000;11.117;11.119;11.114;11.117;2259
CNYRUBF;5;20260203;192500;11.115;11.118;11.113;11.114;1647
CNYRUBF;5;20260203;193000;11.115;11.124;11.115;11.124;4364
CNYRUBF;5;20260203;193500;11.121;11.136;11.118;11.129;11056
CNYRUBF;5;20260203;194000;11.129;11.154;11.128;11.133;25726
CNYRUBF;5;20260203;194500;11.133;11.134;11.122;11.127;4313
CNYRUBF;5;20260203;195000;11.128;11.133;11.119;11.123;5216
CNYRUBF;5;20260203;195500;11.123;11.129;11.122;11.125;877
CNYRUBF;5;20260203;200000;11.126;11.129;11.126;11.126;661
CNYRUBF;5;20260203;200500;11.128;11.13;11.123;11.123;1434
CNYRUBF;5;20260203;201000;11.125;11.128;11.125;11.127;2932
CNYRUBF;5;20260203;201500;11.127;11.127;11.124;11.125;2168
CNYRUBF;5;20260203;202000;11.125;11.128;11.125;11.125;1382
CNYRUBF;5;20260203;202500;11.125;11.127;11.122;11.122;1621
CNYRUBF;5;20260203;203000;11.122;11.125;11.121;11.122;993
CNYRUBF;5;20260203;203500;11.122;11.128;11.122;11.125;310
CNYRUBF;5;20260203;204000;11.126;11.127;11.124;11.124;205
CNYRUBF;5;20260203;204500;11.125;11.127;11.121;11.122;354
CNYRUBF;5;20260203;205000;11.122;11.124;11.121;11.124;182
CNYRUBF;5;20260203;205500;11.123;11.125;11.119;11.122;2276
CNYRUBF;5;20260203;210000;11.126;11.126;11.119;11.119;582
CNYRUBF;5;20260203;210500;11.12;11.121;11.119;11.121;123
CNYRUBF;5;20260203;211000;11.121;11.121;11.117;11.117;510
CNYRUBF;5;20260203;211500;11.118;11.118;11.116;11.116;880
CNYRUBF;5;20260203;212000;11.116;11.117;11.116;11.116;366
CNYRUBF;5;20260203;212500;11.116;11.117;11.116;11.117;598
CNYRUBF;5;20260203;213000;11.118;11.121;11.117;11.121;407
CNYRUBF;5;20260203;213500;11.122;11.126;11.121;11.125;811
CNYRUBF;5;20260203;214000;11.124;11.126;11.123;11.124;214
CNYRUBF;5;20260203;214500;11.123;11.123;11.117;11.117;275
CNYRUBF;5;20260203;215000;11.117;11.119;11.117;11.118;205
CNYRUBF;5;20260203;215500;11.118;11.118;11.115;11.115;764
CNYRUBF;5;20260203;220000;11.115;11.116;11.112;11.113;1316
CNYRUBF;5;20260203;220500;11.112;11.112;11.111;11.111;1141
CNYRUBF;5;20260203;221000;11.111;11.114;11.111;11.114;260
CNYRUBF;5;20260203;221500;11.114;11.128;11.113;11.126;1498
CNYRUBF;5;20260203;222000;11.125;11.127;11.125;11.126;628
CNYRUBF;5;20260203;222500;11.125;11.126;11.125;11.126;39
CNYRUBF;5;20260203;223000;11.125;11.126;11.125;11.126;151
CNYRUBF;5;20260203;223500;11.126;11.127;11.125;11.125;179
CNYRUBF;5;20260203;224000;11.126;11.127;11.124;11.124;1367
CNYRUBF;5;20260203;224500;11.124;11.124;11.122;11.122;11
CNYRUBF;5;20260203;225000;11.122;11.122;11.122;11.122;2
CNYRUBF;5;20260203;225500;11.122;11.125;11.122;11.123;214
CNYRUBF;5;20260203;230000;11.123;11.123;11.115;11.116;2053
CNYRUBF;5;20260203;230500;11.115;11.118;11.115;11.118;371
CNYRUBF;5;20260203;231000;11.119;11.119;11.119;11.119;56
CNYRUBF;5;20260203;231500;11.116;11.119;11.116;11.119;69
CNYRUBF;5;20260203;232000;11.12;11.122;11.119;11.121;548
CNYRUBF;5;20260203;232500;11.122;11.122;11.119;11.119;147
CNYRUBF;5;20260203;233000;11.119;11.121;11.119;11.121;180
CNYRUBF;5;20260203;233500;11.121;11.121;11.118;11.118;425
CNYRUBF;5;20260203;234000;11.118;11.12;11.116;11.117;796
CNYRUBF;5;20260203;234500;11.116;11.119;11.115;11.116;424
CNYRUBF;5;20260204;085500;11.116;11.116;11.116;11.116;12
CNYRUBF;5;20260204;090000;11.116;11.134;11.112;11.121;8200
CNYRUBF;5;20260204;090500;11.122;11.126;11.113;11.118;2402
CNYRUBF;5;20260204;091000;11.117;11.117;11.102;11.11;8972
CNYRUBF;5;20260204;091500;11.11;11.118;11.108;11.112;9845
CNYRUBF;5;20260204;092000;11.112;11.145;11.109;11.145;18624
CNYRUBF;5;20260204;092500;11.143;11.158;11.135;11.151;22890
CNYRUBF;5;20260204;093000;11.151;11.162;11.141;11.148;23142
CNYRUBF;5;20260204;093500;11.147;11.147;11.138;11.145;4122
CNYRUBF;5;20260204;094000;11.145;11.149;11.141;11.145;5824
CNYRUBF;5;20260204;094500;11.145;11.148;11.138;11.14;1975
CNYRUBF;5;20260204;095000;11.14;11.145;11.135;11.141;2586
CNYRUBF;5;20260204;095500;11.141;11.144;11.133;11.134;11255
CNYRUBF;5;20260204;100000;11.132;11.144;11.124;11.138;52925
CNYRUBF;5;20260204;100500;11.137;11.138;11.118;11.133;16464
CNYRUBF;5;20260204;101000;11.132;11.133;11.123;11.131;6471
CNYRUBF;5;20260204;101500;11.131;11.154;11.131;11.148;20704
CNYRUBF;5;20260204;102000;11.147;11.152;11.144;11.146;10168
CNYRUBF;5;20260204;102500;11.146;11.147;11.117;11.125;26477
CNYRUBF;5;20260204;103000;11.122;11.127;11.118;11.127;12805
CNYRUBF;5;20260204;103500;11.125;11.135;11.125;11.13;4966
CNYRUBF;5;20260204;104000;11.131;11.135;11.13;11.135;1784
CNYRUBF;5;20260204;104500;11.133;11.134;11.119;11.13;13245
CNYRUBF;5;20260204;105000;11.128;11.133;11.124;11.124;2304
CNYRUBF;5;20260204;105500;11.124;11.129;11.121;11.129;7460
CNYRUBF;5;20260204;110000;11.128;11.128;11.116;11.116;10867
CNYRUBF;5;20260204;110500;11.118;11.118;11.08;11.101;94430
CNYRUBF;5;20260204;111000;11.1;11.102;11.083;11.094;31140
CNYRUBF;5;20260204;111500;11.093;11.095;11.08;11.083;22011
CNYRUBF;5;20260204;112000;11.082;11.083;11.069;11.082;23579
CNYRUBF;5;20260204;112500;11.082;11.097;11.079;11.094;20124
CNYRUBF;5;20260204;113000;11.093;11.098;11.089;11.093;14400
CNYRUBF;5;20260204;113500;11.091;11.093;11.087;11.087;8878
CNYRUBF;5;20260204;114000;11.087;11.098;11.084;11.092;10880
CNYRUBF;5;20260204;114500;11.092;11.101;11.092;11.098;10994
CNYRUBF;5;20260204;115000;11.099;11.099;11.094;11.094;7767
CNYRUBF;5;20260204;115500;11.094;11.11;11.093;11.105;31777
CNYRUBF;5;20260204;120000;11.104;11.107;11.089;11.098;55476
CNYRUBF;5;20260204;120500;11.1;11.112;11.095;11.102;103027
CNYRUBF;5;20260204;121000;11.103;11.103;11.092;11.096;20588
CNYRUBF;5;20260204;121500;11.096;11.097;11.085;11.085;34974
CNYRUBF;5;20260204;122000;11.086;11.086;11.079;11.082;41855
CNYRUBF;5;20260204;122500;11.082;11.09;11.08;11.085;40262
CNYRUBF;5;20260204;123000;11.086;11.086;11.066;11.079;48360
CNYRUBF;5;20260204;123500;11.081;11.081;11.07;11.072;18735
CNYRUBF;5;20260204;124000;11.073;11.075;11.069;11.07;8449
CNYRUBF;5;20260204;124500;11.071;11.073;11.067;11.07;9117
CNYRUBF;5;20260204;125000;11.07;11.071;11.063;11.067;14916
CNYRUBF;5;20260204;125500;11.068;11.068;11.061;11.068;11094
CNYRUBF;5;20260204;130000;11.067;11.069;11.048;11.051;52788
CNYRUBF;5;20260204;130500;11.051;11.054;11.042;11.049;36294
CNYRUBF;5;20260204;131000;11.05;11.059;11.045;11.057;22424
CNYRUBF;5;20260204;131500;11.057;11.062;11.054;11.055;21172
CNYRUBF;5;20260204;132000;11.055;11.056;11.04;11.048;21211
CNYRUBF;5;20260204;132500;11.048;11.049;11.033;11.038;69753
CNYRUBF;5;20260204;133000;11.038;11.038;11.019;11.021;53592
CNYRUBF;5;20260204;133500;11.021;11.028;11.014;11.024;28106
CNYRUBF;5;20260204;134000;11.024;11.03;11.022;11.028;26106
CNYRUBF;5;20260204;134500;11.027;11.028;11.017;11.02;31409
CNYRUBF;5;20260204;135000;11.021;11.025;11.02;11.025;18041
CNYRUBF;5;20260204;135500;11.023;11.023;11.011;11.014;75159
CNYRUBF;5;20260204;140500;11.012;11.017;11.005;11.011;48363
CNYRUBF;5;20260204;141000;11.012;11.028;11.011;11.014;28840
CNYRUBF;5;20260204;141500;11.013;11.013;10.998;11.001;43822
CNYRUBF;5;20260204;142000;11.001;11.019;11.001;11.003;38745
CNYRUBF;5;20260204;142500;11.002;11.014;11.002;11.008;32552
CNYRUBF;5;20260204;143000;11.008;11.014;11.004;11.008;18376
CNYRUBF;5;20260204;143500;11.009;11.017;11.008;11.013;35014
CNYRUBF;5;20260204;144000;11.014;11.029;11.01;11.028;34278
CNYRUBF;5;20260204;144500;11.029;11.034;11.018;11.032;144098
CNYRUBF;5;20260204;145000;11.031;11.045;11.025;11.041;62628
CNYRUBF;5;20260204;145500;11.041;11.05;11.036;11.047;101809
CNYRUBF;5;20260204;150000;11.047;11.052;11.039;11.047;92850
CNYRUBF;5;20260204;150500;11.046;11.055;11.043;11.048;44221
CNYRUBF;5;20260204;151000;11.047;11.047;11.035;11.039;17678
CNYRUBF;5;20260204;151500;11.039;11.04;11.032;11.035;17804
CNYRUBF;5;20260204;152000;11.034;11.034;11.024;11.029;20637
CNYRUBF;5;20260204;152500;11.028;11.038;11.026;11.036;22121
CNYRUBF;5;20260204;153000;11.036;11.038;11.016;11.024;19846
CNYRUBF;5;20260204;153500;11.024;11.027;11.02;11.021;9366
CNYRUBF;5;20260204;154000;11.02;11.024;11.018;11.02;10649
CNYRUBF;5;20260204;154500;11.02;11.023;11.019;11.02;4903
CNYRUBF;5;20260204;155000;11.019;11.019;11.011;11.017;7570
CNYRUBF;5;20260204;155500;11.016;11.021;11.009;11.01;12215
CNYRUBF;5;20260204;160000;11.009;11.012;11.006;11.012;7379
CNYRUBF;5;20260204;160500;11.012;11.014;11.01;11.01;6468
CNYRUBF;5;20260204;161000;11.01;11.011;10.995;11.009;30139
CNYRUBF;5;20260204;161500;11.009;11.019;11.009;11.013;24243
CNYRUBF;5;20260204;162000;11.012;11.018;11.011;11.015;18757
CNYRUBF;5;20260204;162500;11.014;11.018;11.006;11.007;12446
CNYRUBF;5;20260204;163000;11.006;11.006;10.986;10.992;42428
CNYRUBF;5;20260204;163500;10.993;10.997;10.984;10.986;25090
CNYRUBF;5;20260204;164000;10.986;10.993;10.978;10.982;35913
CNYRUBF;5;20260204;164500;10.98;10.98;10.975;10.98;33467
CNYRUBF;5;20260204;165000;10.979;10.984;10.973;10.975;55916
CNYRUBF;5;20260204;165500;10.974;10.985;10.972;10.981;60397
CNYRUBF;5;20260204;170000;10.982;10.982;10.975;10.976;15447
CNYRUBF;5;20260204;170500;10.975;11.01;10.972;10.995;141407
CNYRUBF;5;20260204;171000;10.994;11.01;10.992;11.004;25951
CNYRUBF;5;20260204;171500;11.003;11.004;10.995;10.998;16143
CNYRUBF;5;20260204;172000;10.998;10.998;10.979;10.983;21446
CNYRUBF;5;20260204;172500;10.984;11;10.983;10.994;25763
CNYRUBF;5;20260204;173000;10.998;11.01;10.991;11.006;37212
CNYRUBF;5;20260204;173500;11.006;11.013;10.999;10.999;25639
CNYRUBF;5;20260204;174000;11;11.006;10.995;11.003;69903
CNYRUBF;5;20260204;174500;11.004;11.006;11.001;11.005;8149
CNYRUBF;5;20260204;175000;11.006;11.009;11.003;11.008;6817
CNYRUBF;5;20260204;175500;11.008;11.011;11.001;11.004;15342
CNYRUBF;5;20260204;180000;11.003;11.004;10.998;11.004;13195
CNYRUBF;5;20260204;180500;11.003;11.003;10.991;10.995;6463
CNYRUBF;5;20260204;181000;10.997;10.999;10.981;10.997;14946
CNYRUBF;5;20260204;181500;10.996;10.999;10.987;10.988;5447
CNYRUBF;5;20260204;182000;10.987;10.993;10.98;10.985;34297
CNYRUBF;5;20260204;182500;10.984;10.988;10.983;10.988;8666
CNYRUBF;5;20260204;183000;10.988;10.991;10.981;10.985;12125
CNYRUBF;5;20260204;183500;10.985;10.991;10.984;10.986;11410
CNYRUBF;5;20260204;184000;10.985;10.992;10.984;10.984;7708
CNYRUBF;5;20260204;184500;10.985;10.99;10.983;10.985;13473
CNYRUBF;5;20260204;190500;10.99;10.999;10.984;10.999;9585
CNYRUBF;5;20260204;191000;10.997;10.999;10.995;10.997;3629
CNYRUBF;5;20260204;191500;10.996;11.008;10.996;11.005;10563
CNYRUBF;5;20260204;192000;11.005;11.005;11;11.003;3704
CNYRUBF;5;20260204;192500;11.003;11.015;11;11.01;6574
CNYRUBF;5;20260204;193000;11.01;11.013;11.008;11.009;3784
CNYRUBF;5;20260204;193500;11.009;11.012;11.009;11.01;1504
CNYRUBF;5;20260204;194000;11.011;11.011;11;11.006;3326
CNYRUBF;5;20260204;194500;11.006;11.006;11;11.001;542
CNYRUBF;5;20260204;195000;11.001;11.002;10.997;11;1259
CNYRUBF;5;20260204;195500;11;11.003;10.999;11.001;991
CNYRUBF;5;20260204;200000;11;11.008;10.999;11.008;3165
CNYRUBF;5;20260204;200500;11.008;11.012;11.004;11.007;2492
CNYRUBF;5;20260204;201000;11.007;11.007;11.004;11.005;580
CNYRUBF;5;20260204;201500;11.004;11.007;11.003;11.006;621
CNYRUBF;5;20260204;202000;11.003;11.007;11.003;11.006;1013
CNYRUBF;5;20260204;202500;11.005;11.006;11.004;11.005;392
CNYRUBF;5;20260204;203000;11.006;11.006;11.002;11.004;1793
CNYRUBF;5;20260204;203500;11.005;11.006;10.998;10.998;2032
CNYRUBF;5;20260204;204000;10.998;11.003;10.998;11.003;1099
CNYRUBF;5;20260204;204500;11.002;11.005;11.002;11.004;1242
CNYRUBF;5;20260204;205000;11.003;11.003;11.002;11.002;366
CNYRUBF;5;20260204;205500;11.002;11.002;10.999;10.999;478
CNYRUBF;5;20260204;210000;10.999;11.003;10.998;11;254
CNYRUBF;5;20260204;210500;11;11.002;10.998;11.001;101
CNYRUBF;5;20260204;211000;10.999;11;10.997;10.997;2112
CNYRUBF;5;20260204;211500;10.997;10.999;10.994;10.994;1662
CNYRUBF;5;20260204;212000;10.994;11;10.994;11;491
CNYRUBF;5;20260204;212500;11;11;10.997;10.998;671
CNYRUBF;5;20260204;213000;10.998;11;10.998;11;245
CNYRUBF;5;20260204;213500;11;11;11;11;465
CNYRUBF;5;20260204;214000;11;11;10.999;11;279
CNYRUBF;5;20260204;214500;11;11.003;11;11.002;779
CNYRUBF;5;20260204;215000;11.002;11.004;11.001;11.002;101
CNYRUBF;5;20260204;215500;11.002;11.004;11.002;11.004;128
CNYRUBF;5;20260204;220000;11.004;11.005;11.004;11.005;215
CNYRUBF;5;20260204;220500;11.003;11.006;11.003;11.006;207
CNYRUBF;5;20260204;221000;11.005;11.005;10.999;10.999;962
CNYRUBF;5;20260204;221500;10.998;11.003;10.998;11.003;712
CNYRUBF;5;20260204;222000;11.003;11.004;11.001;11.001;78
CNYRUBF;5;20260204;222500;11.004;11.004;11.003;11.004;19
CNYRUBF;5;20260204;223000;11.004;11.006;11.002;11.003;3797
CNYRUBF;5;20260204;223500;11.004;11.004;11.003;11.003;6
CNYRUBF;5;20260204;224000;11.003;11.005;11.003;11.005;78
CNYRUBF;5;20260204;224500;11.005;11.005;11.004;11.004;39
CNYRUBF;5;20260204;225000;11.005;11.005;11.005;11.005;100
CNYRUBF;5;20260204;225500;11.005;11.005;11.005;11.005;54
CNYRUBF;5;20260204;230000;11.005;11.005;11.004;11.004;187
CNYRUBF;5;20260204;230500;11.005;11.005;11.004;11.005;235
CNYRUBF;5;20260204;231000;11.004;11.005;11.003;11.003;60
CNYRUBF;5;20260204;231500;11.004;11.005;11.003;11.003;529
CNYRUBF;5;20260204;232000;11.004;11.005;10.993;10.997;3801
CNYRUBF;5;20260204;232500;10.999;11.001;10.997;10.998;1607
CNYRUBF;5;20260204;233000;10.998;11;10.997;11;205
CNYRUBF;5;20260204;233500;11;11.001;10.999;11;870
CNYRUBF;5;20260204;234000;11;11.002;10.999;11.001;790
CNYRUBF;5;20260204;234500;11.002;11.011;11;11.011;5726
CNYRUBF;5;20260205;085500;11.012;11.012;11.012;11.012;15
CNYRUBF;5;20260205;090000;11.011;11.026;11.008;11.014;14040
CNYRUBF;5;20260205;090500;11.015;11.022;11.014;11.015;6201
CNYRUBF;5;20260205;091000;11.016;11.018;11;11.01;8412
CNYRUBF;5;20260205;091500;11.01;11.015;11.007;11.007;3433
CNYRUBF;5;20260205;092000;11.011;11.016;11.007;11.009;2020
CNYRUBF;5;20260205;092500;11.01;11.016;11.009;11.014;1608
CNYRUBF;5;20260205;093000;11.014;11.016;11.005;11.008;3222
CNYRUBF;5;20260205;093500;11.008;11.014;11.007;11.011;2934
CNYRUBF;5;20260205;094000;11.011;11.013;11.009;11.01;456
CNYRUBF;5;20260205;094500;11.01;11.011;11.001;11.007;2248
CNYRUBF;5;20260205;095000;11.008;11.016;11.008;11.015;1717
CNYRUBF;5;20260205;095500;11.015;11.016;11.012;11.016;844
CNYRUBF;5;20260205;100000;11.014;11.034;10.985;10.989;52391
CNYRUBF;5;20260205;100500;10.988;10.994;10.939;10.948;151929
CNYRUBF;5;20260205;101000;10.948;10.959;10.946;10.952;39510
CNYRUBF;5;20260205;101500;10.952;10.97;10.951;10.965;30770
CNYRUBF;5;20260205;102000;10.964;10.978;10.959;10.967;41760
CNYRUBF;5;20260205;102500;10.968;10.979;10.963;10.97;24966
CNYRUBF;5;20260205;103000;10.971;10.99;10.967;10.985;38338
CNYRUBF;5;20260205;103500;10.985;10.988;10.979;10.986;23593
CNYRUBF;5;20260205;104000;10.985;10.993;10.982;10.989;21992
CNYRUBF;5;20260205;104500;10.991;11.006;10.988;10.994;32034
CNYRUBF;5;20260205;105000;10.995;10.996;10.968;10.977;155468
CNYRUBF;5;20260205;105500;10.976;10.987;10.962;10.979;84362
CNYRUBF;5;20260205;110000;10.98;10.985;10.96;10.969;67704
CNYRUBF;5;20260205;110500;10.968;10.971;10.96;10.968;61087
CNYRUBF;5;20260205;111000;10.969;10.969;10.96;10.96;56486
CNYRUBF;5;20260205;111500;10.96;10.975;10.955;10.966;34873
CNYRUBF;5;20260205;112000;10.965;10.976;10.961;10.968;65590
CNYRUBF;5;20260205;112500;10.969;10.981;10.965;10.971;59611
CNYRUBF;5;20260205;113000;10.972;10.978;10.967;10.973;27224
CNYRUBF;5;20260205;113500;10.974;10.982;10.97;10.979;8755
CNYRUBF;5;20260205;114000;10.98;10.99;10.978;10.983;18199
CNYRUBF;5;20260205;114500;10.984;10.986;10.98;10.981;7268
CNYRUBF;5;20260205;115000;10.983;10.99;10.981;10.983;8393
CNYRUBF;5;20260205;115500;10.984;10.989;10.982;10.989;4445
CNYRUBF;5;20260205;120000;10.989;11.004;10.987;10.993;19976
CNYRUBF;5;20260205;120500;10.992;11.002;10.992;10.999;7523
CNYRUBF;5;20260205;121000;10.998;11;10.993;10.996;7637
CNYRUBF;5;20260205;121500;10.996;10.998;10.993;10.998;10466
CNYRUBF;5;20260205;122000;10.997;11.017;10.997;11.013;22498
CNYRUBF;5;20260205;122500;11.014;11.026;11.007;11.011;34086
CNYRUBF;5;20260205;123000;11.012;11.021;11.01;11.018;23986
CNYRUBF;5;20260205;123500;11.018;11.025;11.016;11.022;20053
CNYRUBF;5;20260205;124000;11.022;11.049;11.021;11.043;105638
CNYRUBF;5;20260205;124500;11.044;11.059;11.039;11.05;73228
CNYRUBF;5;20260205;125000;11.052;11.059;11.04;11.048;35476
CNYRUBF;5;20260205;125500;11.048;11.056;11.043;11.049;23152
CNYRUBF;5;20260205;130000;11.049;11.058;11.04;11.051;50007
CNYRUBF;5;20260205;130500;11.052;11.063;11.051;11.061;30998
CNYRUBF;5;20260205;131000;11.063;11.064;11.057;11.061;15097
CNYRUBF;5;20260205;131500;11.062;11.069;11.061;11.062;29335
CNYRUBF;5;20260205;132000;11.064;11.067;11.048;11.052;25117
CNYRUBF;5;20260205;132500;11.053;11.057;11.047;11.057;13775
CNYRUBF;5;20260205;133000;11.057;11.058;11.044;11.048;14930
CNYRUBF;5;20260205;133500;11.049;11.063;11.047;11.059;15272
CNYRUBF;5;20260205;134000;11.06;11.063;11.052;11.052;7243
CNYRUBF;5;20260205;134500;11.054;11.059;11.049;11.058;7429
CNYRUBF;5;20260205;135000;11.057;11.065;11.056;11.062;14110
CNYRUBF;5;20260205;135500;11.062;11.065;11.055;11.063;10859
CNYRUBF;5;20260205;140500;11.06;11.06;11.047;11.047;11381
CNYRUBF;5;20260205;141000;11.049;11.05;11.036;11.043;11215
CNYRUBF;5;20260205;141500;11.042;11.048;11.037;11.042;5263
CNYRUBF;5;20260205;142000;11.043;11.045;11.029;11.032;12643
CNYRUBF;5;20260205;142500;11.034;11.046;11.033;11.043;8132
CNYRUBF;5;20260205;143000;11.043;11.044;11.04;11.043;691
CNYRUBF;5;20260205;143500;11.041;11.045;11.041;11.043;4947
CNYRUBF;5;20260205;144000;11.043;11.044;11.039;11.039;3344
CNYRUBF;5;20260205;144500;11.04;11.052;11.039;11.045;8441
CNYRUBF;5;20260205;145000;11.046;11.047;11.04;11.043;7858
CNYRUBF;5;20260205;145500;11.044;11.053;11.031;11.036;25912
CNYRUBF;5;20260205;150000;11.036;11.042;11.03;11.03;22517
CNYRUBF;5;20260205;150500;11.032;11.035;11.012;11.027;55267
CNYRUBF;5;20260205;151000;11.028;11.04;11.026;11.036;19831
CNYRUBF;5;20260205;151500;11.038;11.057;11.036;11.049;19352
CNYRUBF;5;20260205;152000;11.05;11.051;11.041;11.041;3148
CNYRUBF;5;20260205;152500;11.041;11.043;11.019;11.02;12580
CNYRUBF;5;20260205;153000;11.021;11.03;11.017;11.028;10250
CNYRUBF;5;20260205;153500;11.03;11.033;11.028;11.031;4628
CNYRUBF;5;20260205;154000;11.033;11.037;11.031;11.033;1191
CNYRUBF;5;20260205;154500;11.034;11.034;11.032;11.034;1762
CNYRUBF;5;20260205;155000;11.034;11.035;11.032;11.032;1876
CNYRUBF;5;20260205;155500;11.033;11.042;11.03;11.042;3000
CNYRUBF;5;20260205;160000;11.042;11.053;11.04;11.048;9511
CNYRUBF;5;20260205;160500;11.049;11.051;11.045;11.045;3874
CNYRUBF;5;20260205;161000;11.046;11.046;11.041;11.044;1090
CNYRUBF;5;20260205;161500;11.044;11.044;11.036;11.042;9075
CNYRUBF;5;20260205;162000;11.042;11.042;11.031;11.032;6596
CNYRUBF;5;20260205;162500;11.034;11.037;11.031;11.037;976
CNYRUBF;5;20260205;163000;11.036;11.037;11.032;11.033;34739
CNYRUBF;5;20260205;163500;11.034;11.035;11.031;11.033;68247
CNYRUBF;5;20260205;164000;11.033;11.033;11.026;11.028;16278
CNYRUBF;5;20260205;164500;11.029;11.034;11.028;11.034;9909
CNYRUBF;5;20260205;165000;11.033;11.047;11.031;11.042;51135
CNYRUBF;5;20260205;165500;11.042;11.045;11.04;11.045;30521
CNYRUBF;5;20260205;170000;11.045;11.049;11.039;11.044;44804
CNYRUBF;5;20260205;170500;11.044;11.044;11.034;11.034;15875
CNYRUBF;5;20260205;171000;11.035;11.037;11.028;11.03;22981
CNYRUBF;5;20260205;171500;11.03;11.039;11.03;11.036;10480
CNYRUBF;5;20260205;172000;11.037;11.038;11.032;11.033;3284
CNYRUBF;5;20260205;172500;11.033;11.035;11.029;11.03;8450
CNYRUBF;5;20260205;173000;11.031;11.062;11.03;11.059;30683
CNYRUBF;5;20260205;173500;11.059;11.061;11.044;11.057;28052
CNYRUBF;5;20260205;174000;11.056;11.062;11.05;11.05;25432
CNYRUBF;5;20260205;174500;11.05;11.061;11.042;11.055;69674
CNYRUBF;5;20260205;175000;11.055;11.066;11.055;11.065;32020
CNYRUBF;5;20260205;175500;11.066;11.066;11.055;11.061;22032
CNYRUBF;5;20260205;180000;11.061;11.074;11.061;11.066;28489
CNYRUBF;5;20260205;180500;11.066;11.067;11.063;11.066;20044
CNYRUBF;5;20260205;181000;11.067;11.069;11.062;11.067;26841
CNYRUBF;5;20260205;181500;11.068;11.07;11.066;11.067;35046
CNYRUBF;5;20260205;182000;11.067;11.07;11.063;11.063;37938
CNYRUBF;5;20260205;182500;11.064;11.068;11.058;11.065;29847
CNYRUBF;5;20260205;183000;11.064;11.064;11.059;11.061;19078
CNYRUBF;5;20260205;183500;11.062;11.068;11.061;11.065;27142
CNYRUBF;5;20260205;184000;11.064;11.074;11.064;11.073;22232
CNYRUBF;5;20260205;184500;11.074;11.077;11.071;11.073;22983
CNYRUBF;5;20260205;190500;11.077;11.079;11.07;11.077;8748
CNYRUBF;5;20260205;191000;11.077;11.079;11.072;11.076;7483
CNYRUBF;5;20260205;191500;11.077;11.088;11.075;11.085;14838
CNYRUBF;5;20260205;192000;11.088;11.088;11.085;11.087;3482
CNYRUBF;5;20260205;192500;11.088;11.095;11.087;11.092;4488
CNYRUBF;5;20260205;193000;11.093;11.094;11.086;11.086;8018
CNYRUBF;5;20260205;193500;11.085;11.098;11.085;11.088;7983
CNYRUBF;5;20260205;194000;11.088;11.094;11.087;11.088;1840
CNYRUBF;5;20260205;194500;11.089;11.094;11.089;11.091;783
CNYRUBF;5;20260205;195000;11.09;11.094;11.09;11.093;1035
CNYRUBF;5;20260205;195500;11.094;11.095;11.09;11.09;425
CNYRUBF;5;20260205;200000;11.09;11.096;11.086;11.089;2959
CNYRUBF;5;20260205;200500;11.086;11.091;11.081;11.086;3317
CNYRUBF;5;20260205;201000;11.086;11.089;11.085;11.085;205
CNYRUBF;5;20260205;201500;11.085;11.088;11.081;11.088;1241
CNYRUBF;5;20260205;202000;11.087;11.091;11.087;11.09;878
CNYRUBF;5;20260205;202500;11.09;11.09;11.089;11.09;154
CNYRUBF;5;20260205;203000;11.09;11.09;11.088;11.09;476
CNYRUBF;5;20260205;203500;11.089;11.096;11.089;11.094;1821
CNYRUBF;5;20260205;204000;11.094;11.095;11.09;11.09;405
CNYRUBF;5;20260205;204500;11.09;11.091;11.088;11.088;157
CNYRUBF;5;20260205;205000;11.088;11.089;11.087;11.088;614
CNYRUBF;5;20260205;205500;11.088;11.088;11.083;11.086;11154
CNYRUBF;5;20260205;210000;11.086;11.087;11.084;11.084;357
CNYRUBF;5;20260205;210500;11.084;11.085;11.084;11.084;1025
CNYRUBF;5;20260205;211000;11.085;11.085;11.079;11.081;6550
CNYRUBF;5;20260205;211500;11.08;11.085;11.08;11.084;1465
CNYRUBF;5;20260205;212000;11.084;11.087;11.082;11.085;6027
CNYRUBF;5;20260205;212500;11.085;11.085;11.085;11.085;1333
CNYRUBF;5;20260205;213000;11.085;11.086;11.085;11.085;1461
CNYRUBF;5;20260205;213500;11.085;11.086;11.085;11.085;3773
CNYRUBF;5;20260205;214000;11.086;11.087;11.085;11.087;6263
CNYRUBF;5;20260205;214500;11.086;11.088;11.086;11.088;1246
CNYRUBF;5;20260205;215000;11.088;11.088;11.087;11.087;455
CNYRUBF;5;20260205;215500;11.087;11.087;11.086;11.086;417
CNYRUBF;5;20260205;220000;11.086;11.086;11.086;11.086;14
CNYRUBF;5;20260205;220500;11.085;11.086;11.085;11.086;364
CNYRUBF;5;20260205;221000;11.086;11.086;11.085;11.086;272
CNYRUBF;5;20260205;221500;11.085;11.085;11.085;11.085;21
CNYRUBF;5;20260205;222000;11.085;11.086;11.084;11.084;632
CNYRUBF;5;20260205;222500;11.084;11.085;11.084;11.085;76
CNYRUBF;5;20260205;223000;11.085;11.085;11.084;11.084;28
CNYRUBF;5;20260205;223500;11.085;11.085;11.084;11.084;425
CNYRUBF;5;20260205;224000;11.085;11.086;11.084;11.084;180
CNYRUBF;5;20260205;224500;11.084;11.085;11.083;11.083;1020
CNYRUBF;5;20260205;225000;11.083;11.084;11.082;11.082;182
CNYRUBF;5;20260205;225500;11.082;11.083;11.081;11.083;203
CNYRUBF;5;20260205;230000;11.084;11.084;11.078;11.081;1465
CNYRUBF;5;20260205;230500;11.078;11.08;11.078;11.08;232
CNYRUBF;5;20260205;231000;11.08;11.081;11.077;11.078;619
CNYRUBF;5;20260205;231500;11.077;11.08;11.077;11.08;549
CNYRUBF;5;20260205;232000;11.079;11.082;11.078;11.081;2562
CNYRUBF;5;20260205;232500;11.081;11.082;11.075;11.079;5656
CNYRUBF;5;20260205;233000;11.076;11.08;11.076;11.079;905
CNYRUBF;5;20260205;233500;11.079;11.082;11.076;11.077;707
CNYRUBF;5;20260205;234000;11.077;11.078;11.075;11.077;705
CNYRUBF;5;20260205;234500;11.076;11.087;11.075;11.086;2580
CNYRUBF;5;20260206;085500;11.087;11.087;11.087;11.087;32
CNYRUBF;5;20260206;090000;11.087;11.098;11.082;11.088;16500
CNYRUBF;5;20260206;090500;11.09;11.091;11.083;11.087;7595
CNYRUBF;5;20260206;091000;11.088;11.088;11.082;11.082;4689
CNYRUBF;5;20260206;091500;11.084;11.091;11.084;11.089;2161
CNYRUBF;5;20260206;092000;11.089;11.092;11.089;11.09;1977
CNYRUBF;5;20260206;092500;11.09;11.11;11.09;11.105;14417
CNYRUBF;5;20260206;093000;11.107;11.111;11.104;11.105;7053
CNYRUBF;5;20260206;093500;11.105;11.106;11.098;11.105;2904
CNYRUBF;5;20260206;094000;11.104;11.104;11.093;11.098;2667
CNYRUBF;5;20260206;094500;11.096;11.099;11.093;11.099;463
CNYRUBF;5;20260206;095000;11.099;11.1;11.096;11.096;1925
CNYRUBF;5;20260206;095500;11.098;11.105;11.097;11.1;3213
CNYRUBF;5;20260206;100000;11.098;11.1;11.078;11.091;52966
CNYRUBF;5;20260206;100500;11.091;11.096;11.062;11.072;42815
CNYRUBF;5;20260206;101000;11.071;11.071;11.055;11.064;32529
CNYRUBF;5;20260206;101500;11.063;11.299;11.061;11.269;385318
CNYRUBF;5;20260206;102000;11.269;11.283;11.127;11.15;284301
CNYRUBF;5;20260206;102500;11.149;11.16;11.133;11.156;106069
CNYRUBF;5;20260206;103000;11.155;11.167;11.141;11.149;86583
CNYRUBF;5;20260206;103500;11.149;11.154;11.132;11.134;53080
CNYRUBF;5;20260206;104000;11.132;11.135;11.118;11.131;37100
CNYRUBF;5;20260206;104500;11.13;11.135;11.12;11.121;32478
CNYRUBF;5;20260206;105000;11.122;11.126;11.112;11.113;79939
CNYRUBF;5;20260206;105500;11.112;11.113;11.091;11.098;77400
CNYRUBF;5;20260206;110000;11.097;11.117;11.096;11.108;31199
CNYRUBF;5;20260206;110500;11.107;11.111;11.093;11.103;20344
CNYRUBF;5;20260206;111000;11.101;11.108;11.1;11.1;25879
CNYRUBF;5;20260206;111500;11.1;11.111;11.095;11.099;38252
CNYRUBF;5;20260206;112000;11.099;11.101;11.089;11.091;31203
CNYRUBF;5;20260206;112500;11.091;11.1;11.084;11.09;48736
CNYRUBF;5;20260206;113000;11.088;11.093;11.081;11.093;18946
CNYRUBF;5;20260206;113500;11.091;11.098;11.087;11.091;21908
CNYRUBF;5;20260206;114000;11.091;11.095;11.091;11.092;21208
CNYRUBF;5;20260206;114500;11.092;11.092;11.084;11.087;8922
CNYRUBF;5;20260206;115000;11.087;11.089;11.078;11.079;13426
CNYRUBF;5;20260206;115500;11.079;11.083;11.075;11.078;20957
CNYRUBF;5;20260206;120000;11.078;11.079;11.069;11.073;35204
CNYRUBF;5;20260206;120500;11.072;11.077;11.065;11.07;23141
CNYRUBF;5;20260206;121000;11.07;11.084;11.065;11.081;44089
CNYRUBF;5;20260206;121500;11.08;11.083;11.072;11.081;24415
CNYRUBF;5;20260206;122000;11.08;11.095;11.078;11.08;51916
CNYRUBF;5;20260206;122500;11.079;11.08;11.072;11.073;19408
CNYRUBF;5;20260206;123000;11.072;11.072;11.06;11.067;33002
CNYRUBF;5;20260206;123500;11.065;11.066;11.061;11.062;11293
CNYRUBF;5;20260206;124000;11.062;11.063;11.055;11.057;27554
CNYRUBF;5;20260206;124500;11.056;11.068;11.053;11.059;45733
CNYRUBF;5;20260206;125000;11.058;11.065;11.055;11.055;28923
CNYRUBF;5;20260206;125500;11.055;11.057;11.051;11.052;17089
CNYRUBF;5;20260206;130000;11.052;11.06;11.033;11.045;110273
CNYRUBF;5;20260206;130500;11.044;11.06;11.044;11.051;38678
CNYRUBF;5;20260206;131000;11.05;11.057;11.048;11.057;14988
CNYRUBF;5;20260206;131500;11.056;11.065;11.054;11.061;16005
CNYRUBF;5;20260206;132000;11.06;11.077;11.059;11.076;158294
CNYRUBF;5;20260206;132500;11.075;11.079;11.062;11.065;45845
CNYRUBF;5;20260206;133000;11.064;11.095;11.063;11.09;72056
CNYRUBF;5;20260206;133500;11.089;11.097;11.078;11.097;53618
CNYRUBF;5;20260206;134000;11.097;11.104;11.09;11.092;30351
CNYRUBF;5;20260206;134500;11.091;11.097;11.09;11.094;16705
CNYRUBF;5;20260206;135000;11.096;11.106;11.095;11.106;42418
CNYRUBF;5;20260206;135500;11.106;11.117;11.103;11.115;32347
CNYRUBF;5;20260206;140500;11.116;11.125;11.112;11.122;23244
CNYRUBF;5;20260206;141000;11.121;11.125;11.115;11.121;21535
CNYRUBF;5;20260206;141500;11.121;11.128;11.114;11.118;13826
CNYRUBF;5;20260206;142000;11.118;11.121;11.107;11.111;16182
CNYRUBF;5;20260206;142500;11.111;11.118;11.107;11.11;16625
CNYRUBF;5;20260206;143000;11.109;11.116;11.104;11.113;15501
CNYRUBF;5;20260206;143500;11.112;11.121;11.11;11.119;7578
CNYRUBF;5;20260206;144000;11.118;11.122;11.107;11.108;9922
CNYRUBF;5;20260206;144500;11.109;11.109;11.1;11.103;10809
CNYRUBF;5;20260206;145000;11.104;11.107;11.096;11.101;11173
CNYRUBF;5;20260206;145500;11.102;11.108;11.101;11.107;5931
CNYRUBF;5;20260206;150000;11.107;11.109;11.101;11.104;9283
CNYRUBF;5;20260206;150500;11.104;11.104;11.099;11.099;5400
CNYRUBF;5;20260206;151000;11.1;11.119;11.1;11.109;20594
CNYRUBF;5;20260206;151500;11.109;11.112;11.101;11.103;8549
CNYRUBF;5;20260206;152000;11.103;11.109;11.1;11.103;21205
CNYRUBF;5;20260206;152500;11.105;11.107;11.1;11.101;15498
CNYRUBF;5;20260206;153000;11.102;11.112;11.102;11.111;21215
CNYRUBF;5;20260206;153500;11.111;11.112;11.091;11.106;48792
CNYRUBF;5;20260206;154000;11.106;11.121;11.105;11.116;35360
CNYRUBF;5;20260206;154500;11.116;11.119;11.114;11.117;4031
CNYRUBF;5;20260206;155000;11.118;11.124;11.118;11.122;15709
CNYRUBF;5;20260206;155500;11.122;11.127;11.12;11.124;7996
CNYRUBF;5;20260206;160000;11.124;11.13;11.121;11.126;14648
CNYRUBF;5;20260206;160500;11.125;11.128;11.121;11.124;7268
CNYRUBF;5;20260206;161000;11.125;11.137;11.124;11.134;9674
CNYRUBF;5;20260206;161500;11.135;11.138;11.129;11.13;29246
CNYRUBF;5;20260206;162000;11.129;11.134;11.123;11.133;47356
CNYRUBF;5;20260206;162500;11.133;11.138;11.132;11.136;14337
CNYRUBF;5;20260206;163000;11.137;11.142;11.133;11.141;11596
CNYRUBF;5;20260206;163500;11.142;11.168;11.141;11.158;80825
CNYRUBF;5;20260206;164000;11.158;11.171;11.158;11.168;20490
CNYRUBF;5;20260206;164500;11.166;11.171;11.155;11.158;21751
CNYRUBF;5;20260206;165000;11.157;11.16;11.138;11.142;37038
CNYRUBF;5;20260206;165500;11.142;11.155;11.14;11.151;37851
CNYRUBF;5;20260206;170000;11.151;11.155;11.15;11.151;8959
CNYRUBF;5;20260206;170500;11.152;11.153;11.15;11.15;9358
CNYRUBF;5;20260206;171000;11.15;11.159;11.147;11.159;22971
CNYRUBF;5;20260206;171500;11.158;11.163;11.154;11.161;10581
CNYRUBF;5;20260206;172000;11.161;11.163;11.156;11.157;21589
CNYRUBF;5;20260206;172500;11.156;11.159;11.15;11.156;15915
CNYRUBF;5;20260206;173000;11.156;11.159;11.151;11.155;19596
CNYRUBF;5;20260206;173500;11.156;11.157;11.134;11.141;23593
CNYRUBF;5;20260206;174000;11.142;11.145;11.129;11.143;19833
CNYRUBF;5;20260206;174500;11.142;11.144;11.12;11.124;35122
CNYRUBF;5;20260206;175000;11.124;11.129;11.118;11.118;16948
CNYRUBF;5;20260206;175500;11.118;11.126;11.113;11.126;18716
CNYRUBF;5;20260206;180000;11.126;11.133;11.126;11.133;8735
CNYRUBF;5;20260206;180500;11.132;11.139;11.128;11.128;12433
CNYRUBF;5;20260206;181000;11.129;11.133;11.118;11.119;40134
CNYRUBF;5;20260206;181500;11.12;11.128;11.118;11.124;22472
CNYRUBF;5;20260206;182000;11.124;11.135;11.124;11.135;11986
CNYRUBF;5;20260206;182500;11.136;11.139;11.131;11.131;6647
CNYRUBF;5;20260206;183000;11.134;11.135;11.13;11.132;3892
CNYRUBF;5;20260206;183500;11.131;11.135;11.127;11.134;3384
CNYRUBF;5;20260206;184000;11.135;11.135;11.133;11.135;3947
CNYRUBF;5;20260206;184500;11.134;11.135;11.123;11.129;11342
CNYRUBF;5;20260206;190500;11.13;11.154;11.123;11.141;7414
CNYRUBF;5;20260206;191000;11.141;11.143;11.139;11.143;1158
CNYRUBF;5;20260206;191500;11.142;11.143;11.135;11.135;1060
CNYRUBF;5;20260206;192000;11.136;11.137;11.132;11.136;1779
CNYRUBF;5;20260206;192500;11.136;11.139;11.136;11.139;481
CNYRUBF;5;20260206;193000;11.139;11.143;11.138;11.141;1068
CNYRUBF;5;20260206;193500;11.14;11.141;11.14;11.141;1155
CNYRUBF;5;20260206;194000;11.141;11.142;11.14;11.142;675
CNYRUBF;5;20260206;194500;11.141;11.143;11.14;11.142;869
CNYRUBF;5;20260206;195000;11.143;11.145;11.142;11.144;824
CNYRUBF;5;20260206;195500;11.145;11.145;11.14;11.144;1410
CNYRUBF;5;20260206;200000;11.144;11.145;11.143;11.144;995
CNYRUBF;5;20260206;200500;11.143;11.144;11.141;11.142;468
CNYRUBF;5;20260206;201000;11.142;11.142;11.135;11.136;690
CNYRUBF;5;20260206;201500;11.136;11.144;11.136;11.142;2465
CNYRUBF;5;20260206;202000;11.143;11.144;11.141;11.142;1844
CNYRUBF;5;20260206;202500;11.143;11.143;11.14;11.141;1951
CNYRUBF;5;20260206;203000;11.141;11.142;11.141;11.141;27
CNYRUBF;5;20260206;203500;11.141;11.142;11.141;11.141;391
CNYRUBF;5;20260206;204000;11.142;11.142;11.141;11.142;311
CNYRUBF;5;20260206;204500;11.143;11.143;11.141;11.141;241
CNYRUBF;5;20260206;205000;11.141;11.143;11.14;11.143;867
CNYRUBF;5;20260206;205500;11.143;11.143;11.142;11.143;176
CNYRUBF;5;20260206;210000;11.142;11.142;11.141;11.142;298
CNYRUBF;5;20260206;210500;11.141;11.144;11.141;11.144;661
CNYRUBF;5;20260206;211000;11.143;11.147;11.143;11.146;1510
CNYRUBF;5;20260206;211500;11.146;11.148;11.146;11.148;956
CNYRUBF;5;20260206;212000;11.148;11.149;11.138;11.14;20268
CNYRUBF;5;20260206;212500;11.141;11.146;11.139;11.14;2012
CNYRUBF;5;20260206;213000;11.141;11.147;11.14;11.147;1936
CNYRUBF;5;20260206;213500;11.147;11.148;11.145;11.145;2945
CNYRUBF;5;20260206;214000;11.147;11.147;11.145;11.146;193
CNYRUBF;5;20260206;214500;11.145;11.146;11.145;11.145;1323
CNYRUBF;5;20260206;215000;11.145;11.147;11.145;11.146;1614
CNYRUBF;5;20260206;215500;11.147;11.147;11.145;11.146;142
CNYRUBF;5;20260206;220000;11.145;11.147;11.145;11.146;1343
CNYRUBF;5;20260206;220500;11.146;11.147;11.145;11.145;2079
CNYRUBF;5;20260206;221000;11.146;11.146;11.145;11.145;90
CNYRUBF;5;20260206;221500;11.146;11.148;11.145;11.145;3337
CNYRUBF;5;20260206;222000;11.145;11.147;11.145;11.147;101
CNYRUBF;5;20260206;222500;11.147;11.15;11.147;11.149;945
CNYRUBF;5;20260206;223000;11.148;11.149;11.148;11.148;87
CNYRUBF;5;20260206;223500;11.148;11.149;11.146;11.147;244
CNYRUBF;5;20260206;224000;11.146;11.148;11.146;11.148;209
CNYRUBF;5;20260206;224500;11.147;11.148;11.146;11.146;87
CNYRUBF;5;20260206;225000;11.146;11.148;11.146;11.148;858
CNYRUBF;5;20260206;225500;11.147;11.148;11.145;11.145;3516
CNYRUBF;5;20260206;230000;11.145;11.148;11.145;11.145;2039
CNYRUBF;5;20260206;230500;11.145;11.148;11.144;11.144;1889
CNYRUBF;5;20260206;231000;11.144;11.144;11.142;11.142;478
CNYRUBF;5;20260206;231500;11.142;11.145;11.142;11.143;1890
CNYRUBF;5;20260206;232000;11.142;11.143;11.142;11.142;100
CNYRUBF;5;20260206;232500;11.141;11.141;11.14;11.14;86
CNYRUBF;5;20260206;233000;11.141;11.143;11.138;11.143;1708
CNYRUBF;5;20260206;233500;11.141;11.145;11.14;11.145;872
CNYRUBF;5;20260206;234000;11.144;11.158;11.139;11.149;17394
CNYRUBF;5;20260206;234500;11.15;11.157;11.148;11.15;2335
CNYRUBF;5;20260209;085500;11.16;11.16;11.16;11.16;79
CNYRUBF;5;20260209;090000;11.159;11.184;11.14;11.175;13531
CNYRUBF;5;20260209;090500;11.174;11.2;11.174;11.197;23604
CNYRUBF;5;20260209;091000;11.195;11.206;11.19;11.201;11740
CNYRUBF;5;20260209;091500;11.2;11.205;11.189;11.189;8789
CNYRUBF;5;20260209;092000;11.189;11.194;11.176;11.176;6682
CNYRUBF;5;20260209;092500;11.176;11.198;11.175;11.198;9710
CNYRUBF;5;20260209;093000;11.196;11.2;11.19;11.193;5175
CNYRUBF;5;20260209;093500;11.192;11.195;11.186;11.19;1031
CNYRUBF;5;20260209;094000;11.186;11.195;11.185;11.192;2679
CNYRUBF;5;20260209;094500;11.193;11.2;11.188;11.197;13806
CNYRUBF;5;20260209;095000;11.198;11.206;11.191;11.192;8612
CNYRUBF;5;20260209;095500;11.191;11.195;11.185;11.188;2925
CNYRUBF;5;20260209;100000;11.19;11.204;11.154;11.164;130466
CNYRUBF;5;20260209;100500;11.163;11.165;11.152;11.156;40939
CNYRUBF;5;20260209;101000;11.154;11.16;11.148;11.152;56173
CNYRUBF;5;20260209;101500;11.154;11.177;11.153;11.171;61011
CNYRUBF;5;20260209;102000;11.172;11.176;11.163;11.172;38012
CNYRUBF;5;20260209;102500;11.172;11.172;11.16;11.167;21249
CNYRUBF;5;20260209;103000;11.168;11.168;11.161;11.165;34137
CNYRUBF;5;20260209;103500;11.165;11.166;11.158;11.161;23810
CNYRUBF;5;20260209;104000;11.161;11.168;11.152;11.152;45975
CNYRUBF;5;20260209;104500;11.152;11.153;11.106;11.117;107849
CNYRUBF;5;20260209;105000;11.119;11.137;11.112;11.135;36463
CNYRUBF;5;20260209;105500;11.134;11.144;11.134;11.144;24973
CNYRUBF;5;20260209;110000;11.144;11.146;11.138;11.139;14288
CNYRUBF;5;20260209;110500;11.14;11.152;11.137;11.148;23545
CNYRUBF;5;20260209;111000;11.146;11.146;11.132;11.139;18598
CNYRUBF;5;20260209;111500;11.139;11.15;11.137;11.142;15061
CNYRUBF;5;20260209;112000;11.143;11.154;11.142;11.147;14007
CNYRUBF;5;20260209;112500;11.147;11.15;11.145;11.148;5281
CNYRUBF;5;20260209;113000;11.148;11.149;11.143;11.148;12268
CNYRUBF;5;20260209;113500;11.148;11.153;11.147;11.149;11255
CNYRUBF;5;20260209;114000;11.148;11.149;11.136;11.143;20035
CNYRUBF;5;20260209;114500;11.143;11.159;11.141;11.157;21613
CNYRUBF;5;20260209;115000;11.157;11.165;11.154;11.163;44166
CNYRUBF;5;20260209;115500;11.163;11.165;11.154;11.159;27216
CNYRUBF;5;20260209;120000;11.159;11.16;11.15;11.152;12203
CNYRUBF;5;20260209;120500;11.153;11.154;11.137;11.149;14681
CNYRUBF;5;20260209;121000;11.147;11.156;11.143;11.152;8364
CNYRUBF;5;20260209;121500;11.15;11.152;11.147;11.151;2405
CNYRUBF;5;20260209;122000;11.151;11.151;11.133;11.144;25806
CNYRUBF;5;20260209;122500;11.143;11.149;11.14;11.147;12695
CNYRUBF;5;20260209;123000;11.146;11.154;11.146;11.151;6679
CNYRUBF;5;20260209;123500;11.152;11.152;11.137;11.146;14100
CNYRUBF;5;20260209;124000;11.147;11.16;11.145;11.15;19162
CNYRUBF;5;20260209;124500;11.15;11.164;11.15;11.162;7224
CNYRUBF;5;20260209;125000;11.162;11.168;11.151;11.154;28274
CNYRUBF;5;20260209;125500;11.154;11.166;11.154;11.164;22725
CNYRUBF;5;20260209;130000;11.163;11.164;11.149;11.151;33172
CNYRUBF;5;20260209;130500;11.151;11.179;11.149;11.174;121268
CNYRUBF;5;20260209;131000;11.175;11.184;11.172;11.176;32443
CNYRUBF;5;20260209;131500;11.177;11.186;11.172;11.182;28487
CNYRUBF;5;20260209;132000;11.182;11.199;11.174;11.199;38802
CNYRUBF;5;20260209;132500;11.199;11.204;11.187;11.195;199588
CNYRUBF;5;20260209;133000;11.196;11.199;11.186;11.191;64806
CNYRUBF;5;20260209;133500;11.193;11.208;11.187;11.205;138316
CNYRUBF;5;20260209;134000;11.207;11.213;11.188;11.204;82103
CNYRUBF;5;20260209;134500;11.207;11.213;11.19;11.192;94495
CNYRUBF;5;20260209;135000;11.191;11.205;11.188;11.197;42301
CNYRUBF;5;20260209;135500;11.197;11.2;11.195;11.196;18620
CNYRUBF;5;20260209;140500;11.197;11.209;11.194;11.207;21908
CNYRUBF;5;20260209;141000;11.208;11.209;11.185;11.186;13665
CNYRUBF;5;20260209;141500;11.187;11.196;11.173;11.186;25903
CNYRUBF;5;20260209;142000;11.187;11.191;11.18;11.19;11614
CNYRUBF;5;20260209;142500;11.191;11.194;11.187;11.189;7681
CNYRUBF;5;20260209;143000;11.189;11.192;11.186;11.19;8431
CNYRUBF;5;20260209;143500;11.19;11.193;11.189;11.191;17664
CNYRUBF;5;20260209;144000;11.192;11.199;11.191;11.193;16786
CNYRUBF;5;20260209;144500;11.193;11.195;11.189;11.191;18441
CNYRUBF;5;20260209;145000;11.189;11.191;11.185;11.189;20725
CNYRUBF;5;20260209;145500;11.189;11.192;11.181;11.187;18014
CNYRUBF;5;20260209;150000;11.188;11.193;11.185;11.189;5410
CNYRUBF;5;20260209;150500;11.19;11.198;11.183;11.189;37363
CNYRUBF;5;20260209;151000;11.189;11.197;11.187;11.197;11792
CNYRUBF;5;20260209;151500;11.197;11.197;11.186;11.196;32898
CNYRUBF;5;20260209;152000;11.196;11.204;11.192;11.199;26746
CNYRUBF;5;20260209;152500;11.199;11.202;11.193;11.199;13029
CNYRUBF;5;20260209;153000;11.199;11.214;11.197;11.21;19177
CNYRUBF;5;20260209;153500;11.21;11.212;11.202;11.207;28492
CNYRUBF;5;20260209;154000;11.208;11.212;11.2;11.203;29203
CNYRUBF;5;20260209;154500;11.203;11.205;11.2;11.202;29444
CNYRUBF;5;20260209;155000;11.203;11.203;11.187;11.192;30015
CNYRUBF;5;20260209;155500;11.192;11.197;11.19;11.194;21982
CNYRUBF;5;20260209;160000;11.194;11.196;11.184;11.185;25627
CNYRUBF;5;20260209;160500;11.186;11.188;11.181;11.183;12692
CNYRUBF;5;20260209;161000;11.185;11.189;11.177;11.188;25349
CNYRUBF;5;20260209;161500;11.188;11.189;11.176;11.181;23883
CNYRUBF;5;20260209;162000;11.181;11.183;11.176;11.18;15209
CNYRUBF;5;20260209;162500;11.18;11.18;11.174;11.178;11641
CNYRUBF;5;20260209;163000;11.178;11.18;11.177;11.179;4018
CNYRUBF;5;20260209;163500;11.179;11.179;11.17;11.171;7904
CNYRUBF;5;20260209;164000;11.172;11.179;11.171;11.179;8261
CNYRUBF;5;20260209;164500;11.18;11.18;11.169;11.18;10600
CNYRUBF;5;20260209;165000;11.179;11.185;11.178;11.182;4535
CNYRUBF;5;20260209;165500;11.184;11.184;11.169;11.169;9574
CNYRUBF;5;20260209;170000;11.168;11.172;11.163;11.166;17525
CNYRUBF;5;20260209;170500;11.167;11.17;11.166;11.17;4547
CNYRUBF;5;20260209;171000;11.17;11.17;11.164;11.168;5449
CNYRUBF;5;20260209;171500;11.168;11.169;11.164;11.167;1526
CNYRUBF;5;20260209;172000;11.167;11.17;11.167;11.17;13148
CNYRUBF;5;20260209;172500;11.17;11.171;11.167;11.169;11562
CNYRUBF;5;20260209;173000;11.169;11.169;11.164;11.167;6281
CNYRUBF;5;20260209;173500;11.167;11.171;11.166;11.169;24682
CNYRUBF;5;20260209;174000;11.17;11.17;11.16;11.161;27773
CNYRUBF;5;20260209;174500;11.161;11.166;11.161;11.163;11356
CNYRUBF;5;20260209;175000;11.164;11.169;11.163;11.169;4337
CNYRUBF;5;20260209;175500;11.169;11.169;11.164;11.164;2367
CNYRUBF;5;20260209;180000;11.165;11.168;11.164;11.167;2091
CNYRUBF;5;20260209;180500;11.168;11.17;11.167;11.169;1487
CNYRUBF;5;20260209;181000;11.168;11.17;11.167;11.17;4906
CNYRUBF;5;20260209;181500;11.17;11.171;11.168;11.168;2049
CNYRUBF;5;20260209;182000;11.169;11.176;11.169;11.175;4785
CNYRUBF;5;20260209;182500;11.176;11.176;11.168;11.169;4542
CNYRUBF;5;20260209;183000;11.169;11.169;11.159;11.161;28497
CNYRUBF;5;20260209;183500;11.161;11.164;11.157;11.163;5764
CNYRUBF;5;20260209;184000;11.162;11.163;11.16;11.16;1770
CNYRUBF;5;20260209;184500;11.161;11.172;11.157;11.167;14999
CNYRUBF;5;20260209;190500;11.176;11.176;11.156;11.163;3396
CNYRUBF;5;20260209;191000;11.162;11.165;11.157;11.159;1390
CNYRUBF;5;20260209;191500;11.159;11.162;11.159;11.161;776
CNYRUBF;5;20260209;192000;11.162;11.163;11.158;11.159;1934
CNYRUBF;5;20260209;192500;11.159;11.159;11.149;11.157;7463
CNYRUBF;5;20260209;193000;11.157;11.157;11.151;11.155;515
CNYRUBF;5;20260209;193500;11.155;11.162;11.155;11.16;601
CNYRUBF;5;20260209;194000;11.16;11.162;11.155;11.162;457
CNYRUBF;5;20260209;194500;11.16;11.162;11.16;11.161;383
CNYRUBF;5;20260209;195000;11.161;11.163;11.159;11.163;690
CNYRUBF;5;20260209;195500;11.162;11.166;11.162;11.166;1214
CNYRUBF;5;20260209;200000;11.163;11.167;11.163;11.167;127
CNYRUBF;5;20260209;200500;11.166;11.171;11.166;11.171;1060
CNYRUBF;5;20260209;201000;11.17;11.171;11.168;11.17;1275
CNYRUBF;5;20260209;201500;11.17;11.172;11.169;11.169;624
CNYRUBF;5;20260209;202000;11.172;11.172;11.169;11.169;319
CNYRUBF;5;20260209;202500;11.168;11.168;11.166;11.168;139
CNYRUBF;5;20260209;203000;11.168;11.17;11.166;11.166;305
CNYRUBF;5;20260209;203500;11.167;11.167;11.167;11.167;74
CNYRUBF;5;20260209;204000;11.168;11.175;11.168;11.172;3750
CNYRUBF;5;20260209;204500;11.171;11.174;11.171;11.172;30
CNYRUBF;5;20260209;205000;11.174;11.174;11.17;11.172;89
CNYRUBF;5;20260209;205500;11.17;11.174;11.17;11.171;235
CNYRUBF;5;20260209;210000;11.171;11.172;11.171;11.171;46
CNYRUBF;5;20260209;210500;11.17;11.172;11.164;11.164;524
CNYRUBF;5;20260209;211000;11.164;11.165;11.162;11.165;1652
CNYRUBF;5;20260209;211500;11.165;11.166;11.165;11.166;152
CNYRUBF;5;20260209;212000;11.168;11.168;11.168;11.168;1
CNYRUBF;5;20260209;212500;11.167;11.168;11.166;11.168;61
CNYRUBF;5;20260209;213000;11.168;11.168;11.167;11.168;408
CNYRUBF;5;20260209;213500;11.168;11.168;11.166;11.166;65
CNYRUBF;5;20260209;214000;11.166;11.168;11.166;11.167;57
CNYRUBF;5;20260209;214500;11.167;11.167;11.167;11.167;68
CNYRUBF;5;20260209;215000;11.167;11.168;11.167;11.168;24
CNYRUBF;5;20260209;215500;11.168;11.173;11.168;11.169;1097
CNYRUBF;5;20260209;220000;11.169;11.17;11.169;11.17;96
CNYRUBF;5;20260209;220500;11.17;11.172;11.17;11.172;123
CNYRUBF;5;20260209;221000;11.172;11.174;11.171;11.172;650
CNYRUBF;5;20260209;221500;11.172;11.172;11.17;11.17;257
CNYRUBF;5;20260209;222000;11.17;11.17;11.17;11.17;105
CNYRUBF;5;20260209;222500;11.17;11.171;11.17;11.171;125
CNYRUBF;5;20260209;223000;11.171;11.171;11.168;11.169;886
CNYRUBF;5;20260209;223500;11.169;11.173;11.168;11.173;1225
CNYRUBF;5;20260209;224000;11.173;11.173;11.168;11.168;1578
CNYRUBF;5;20260209;224500;11.168;11.169;11.168;11.169;370
CNYRUBF;5;20260209;225000;11.169;11.169;11.168;11.169;46
CNYRUBF;5;20260209;225500;11.168;11.168;11.162;11.165;1199
CNYRUBF;5;20260209;230000;11.165;11.166;11.163;11.164;108
CNYRUBF;5;20260209;230500;11.164;11.165;11.161;11.165;134
CNYRUBF;5;20260209;231000;11.165;11.166;11.163;11.166;574
CNYRUBF;5;20260209;231500;11.166;11.17;11.166;11.17;379
CNYRUBF;5;20260209;232000;11.17;11.173;11.168;11.168;187
CNYRUBF;5;20260209;232500;11.167;11.17;11.166;11.17;67
CNYRUBF;5;20260209;233000;11.17;11.17;11.165;11.168;1402
CNYRUBF;5;20260209;233500;11.166;11.168;11.166;11.168;138
CNYRUBF;5;20260209;234000;11.169;11.171;11.165;11.17;823
CNYRUBF;5;20260209;234500;11.17;11.172;11.167;11.167;777
CNYRUBF;5;20260210;085500;11.171;11.171;11.171;11.171;30
CNYRUBF;5;20260210;090000;11.168;11.174;11.166;11.172;2059
CNYRUBF;5;20260210;090500;11.172;11.173;11.16;11.172;6119
CNYRUBF;5;20260210;091000;11.173;11.18;11.173;11.175;7811
CNYRUBF;5;20260210;091500;11.173;11.179;11.17;11.172;1522
CNYRUBF;5;20260210;092000;11.172;11.175;11.171;11.171;229
CNYRUBF;5;20260210;092500;11.17;11.17;11.158;11.169;4045
CNYRUBF;5;20260210;093000;11.164;11.164;11.156;11.158;1743
CNYRUBF;5;20260210;093500;11.158;11.159;11.156;11.156;1686
CNYRUBF;5;20260210;094000;11.155;11.159;11.15;11.158;6030
CNYRUBF;5;20260210;094500;11.156;11.157;11.15;11.155;2966
CNYRUBF;5;20260210;095000;11.152;11.16;11.151;11.159;1845
CNYRUBF;5;20260210;095500;11.158;11.169;11.152;11.168;5906
CNYRUBF;5;20260210;100000;11.169;11.169;11.136;11.15;49184
CNYRUBF;5;20260210;100500;11.151;11.154;11.144;11.15;25006
CNYRUBF;5;20260210;101000;11.15;11.179;11.147;11.173;49039
CNYRUBF;5;20260210;101500;11.173;11.178;11.155;11.16;61847
CNYRUBF;5;20260210;102000;11.161;11.18;11.161;11.177;24139
CNYRUBF;5;20260210;102500;11.177;11.183;11.171;11.175;26417
CNYRUBF;5;20260210;103000;11.173;11.184;11.173;11.177;29636
CNYRUBF;5;20260210;103500;11.177;11.179;11.165;11.169;12968
CNYRUBF;5;20260210;104000;11.169;11.172;11.161;11.171;13752
CNYRUBF;5;20260210;104500;11.169;11.179;11.169;11.176;13058
CNYRUBF;5;20260210;105000;11.176;11.18;11.17;11.179;17235
CNYRUBF;5;20260210;105500;11.178;11.18;11.176;11.178;6165
CNYRUBF;5;20260210;110000;11.178;11.179;11.167;11.168;21996
CNYRUBF;5;20260210;110500;11.168;11.176;11.168;11.168;29132
CNYRUBF;5;20260210;111000;11.168;11.171;11.167;11.171;18514
CNYRUBF;5;20260210;111500;11.17;11.176;11.168;11.17;12319
CNYRUBF;5;20260210;112000;11.17;11.173;11.162;11.167;321925
CNYRUBF;5;20260210;112500;11.167;11.169;11.164;11.165;137507
CNYRUBF;5;20260210;113000;11.165;11.173;11.162;11.167;60810
CNYRUBF;5;20260210;113500;11.166;11.17;11.165;11.166;27131
CNYRUBF;5;20260210;114000;11.166;11.168;11.16;11.163;38354
CNYRUBF;5;20260210;114500;11.163;11.164;11.145;11.145;63916
CNYRUBF;5;20260210;115000;11.145;11.148;11.125;11.138;125782
CNYRUBF;5;20260210;115500;11.138;11.149;11.134;11.143;53759
CNYRUBF;5;20260210;120000;11.143;11.146;11.141;11.142;36009
CNYRUBF;5;20260210;120500;11.142;11.149;11.142;11.146;28955
CNYRUBF;5;20260210;121000;11.144;11.155;11.142;11.154;89115
CNYRUBF;5;20260210;121500;11.155;11.156;11.144;11.152;74694
CNYRUBF;5;20260210;122000;11.152;11.156;11.151;11.152;11115
CNYRUBF;5;20260210;122500;11.151;11.155;11.148;11.151;13815
CNYRUBF;5;20260210;123000;11.151;11.157;11.148;11.155;33290
CNYRUBF;5;20260210;123500;11.153;11.159;11.151;11.152;32681
CNYRUBF;5;20260210;124000;11.152;11.153;11.14;11.143;44290
CNYRUBF;5;20260210;124500;11.142;11.145;11.14;11.143;44785
CNYRUBF;5;20260210;125000;11.143;11.144;11.14;11.144;15896
CNYRUBF;5;20260210;125500;11.142;11.147;11.14;11.143;58386
CNYRUBF;5;20260210;130000;11.141;11.145;11.139;11.14;52864
CNYRUBF;5;20260210;130500;11.14;11.145;11.14;11.143;14175
CNYRUBF;5;20260210;131000;11.142;11.145;11.141;11.145;8215
CNYRUBF;5;20260210;131500;11.146;11.146;11.14;11.144;16309
CNYRUBF;5;20260210;132000;11.144;11.146;11.142;11.145;11000
CNYRUBF;5;20260210;132500;11.146;11.157;11.146;11.149;8452
CNYRUBF;5;20260210;133000;11.148;11.151;11.147;11.15;7984
CNYRUBF;5;20260210;133500;11.15;11.152;11.148;11.15;1934
CNYRUBF;5;20260210;134000;11.15;11.15;11.146;11.15;17938
CNYRUBF;5;20260210;134500;11.148;11.155;11.148;11.148;23343
CNYRUBF;5;20260210;135000;11.148;11.149;11.136;11.137;23445
CNYRUBF;5;20260210;135500;11.138;11.146;11.124;11.128;82353
CNYRUBF;5;20260210;140500;11.131;11.147;11.131;11.142;73198
CNYRUBF;5;20260210;141000;11.143;11.155;11.139;11.154;44352
CNYRUBF;5;20260210;141500;11.154;11.174;11.153;11.166;112922
CNYRUBF;5;20260210;142000;11.167;11.175;11.161;11.165;43909
CNYRUBF;5;20260210;142500;11.165;11.169;11.159;11.164;58363
CNYRUBF;5;20260210;143000;11.164;11.171;11.162;11.164;25011
CNYRUBF;5;20260210;143500;11.164;11.167;11.16;11.161;44401
CNYRUBF;5;20260210;144000;11.161;11.161;11.155;11.156;27773
CNYRUBF;5;20260210;144500;11.156;11.165;11.156;11.161;29253
CNYRUBF;5;20260210;145000;11.162;11.173;11.16;11.169;16108
CNYRUBF;5;20260210;145500;11.17;11.175;11.169;11.171;23389
CNYRUBF;5;20260210;150000;11.172;11.188;11.171;11.177;62091
CNYRUBF;5;20260210;150500;11.179;11.182;11.17;11.172;14082
CNYRUBF;5;20260210;151000;11.173;11.181;11.173;11.179;18414
CNYRUBF;5;20260210;151500;11.18;11.19;11.178;11.184;28899
CNYRUBF;5;20260210;152000;11.186;11.188;11.179;11.182;15548
CNYRUBF;5;20260210;152500;11.183;11.183;11.178;11.178;9431
CNYRUBF;5;20260210;153000;11.179;11.183;11.172;11.183;27050
CNYRUBF;5;20260210;153500;11.183;11.187;11.181;11.185;17651
CNYRUBF;5;20260210;154000;11.186;11.187;11.178;11.184;35055
CNYRUBF;5;20260210;154500;11.184;11.185;11.175;11.176;20858
CNYRUBF;5;20260210;155000;11.178;11.192;11.157;11.191;95489
CNYRUBF;5;20260210;155500;11.192;11.193;11.185;11.191;56899
CNYRUBF;5;20260210;160000;11.192;11.193;11.186;11.188;31501
CNYRUBF;5;20260210;160500;11.189;11.189;11.185;11.188;6318
CNYRUBF;5;20260210;161000;11.19;11.197;11.182;11.191;28229
CNYRUBF;5;20260210;161500;11.192;11.192;11.176;11.18;22858
CNYRUBF;5;20260210;162000;11.181;11.182;11.171;11.173;19005
CNYRUBF;5;20260210;162500;11.174;11.174;11.168;11.168;4550
CNYRUBF;5;20260210;163000;11.169;11.176;11.166;11.174;12447
CNYRUBF;5;20260210;163500;11.174;11.183;11.172;11.179;9324
CNYRUBF;5;20260210;164000;11.18;11.184;11.177;11.179;8618
CNYRUBF;5;20260210;164500;11.179;11.187;11.178;11.181;15075
CNYRUBF;5;20260210;165000;11.184;11.185;11.182;11.182;2919
CNYRUBF;5;20260210;165500;11.183;11.183;11.167;11.174;26912
CNYRUBF;5;20260210;170000;11.177;11.177;11.164;11.164;24332
CNYRUBF;5;20260210;170500;11.164;11.167;11.161;11.165;23565
CNYRUBF;5;20260210;171000;11.165;11.169;11.164;11.169;5045
CNYRUBF;5;20260210;171500;11.169;11.172;11.166;11.171;18245
CNYRUBF;5;20260210;172000;11.171;11.171;11.163;11.166;7940
CNYRUBF;5;20260210;172500;11.166;11.167;11.16;11.16;18268
CNYRUBF;5;20260210;173000;11.162;11.162;11.15;11.155;29048
CNYRUBF;5;20260210;173500;11.156;11.161;11.153;11.16;11553
CNYRUBF;5;20260210;174000;11.16;11.161;11.148;11.149;22054
CNYRUBF;5;20260210;174500;11.15;11.162;11.143;11.159;43014
CNYRUBF;5;20260210;175000;11.16;11.167;11.158;11.162;17859
CNYRUBF;5;20260210;175500;11.161;11.163;11.157;11.157;10115
CNYRUBF;5;20260210;180000;11.157;11.158;11.154;11.155;8115
CNYRUBF;5;20260210;180500;11.157;11.158;11.154;11.158;17119
CNYRUBF;5;20260210;181000;11.156;11.157;11.153;11.155;22184
CNYRUBF;5;20260210;181500;11.156;11.156;11.146;11.147;19295
CNYRUBF;5;20260210;182000;11.147;11.15;11.147;11.147;6467
CNYRUBF;5;20260210;182500;11.149;11.154;11.144;11.152;11278
CNYRUBF;5;20260210;183000;11.152;11.155;11.15;11.153;5222
CNYRUBF;5;20260210;183500;11.155;11.164;11.155;11.163;9281
CNYRUBF;5;20260210;184000;11.162;11.166;11.157;11.16;20551
CNYRUBF;5;20260210;184500;11.159;11.161;11.157;11.159;2719
CNYRUBF;5;20260210;190500;11.162;11.174;11.161;11.17;7351
CNYRUBF;5;20260210;191000;11.168;11.172;11.167;11.168;4482
CNYRUBF;5;20260210;191500;11.168;11.17;11.167;11.169;774
CNYRUBF;5;20260210;192000;11.17;11.174;11.17;11.173;1977
CNYRUBF;5;20260210;192500;11.171;11.174;11.171;11.174;1511
CNYRUBF;5;20260210;193000;11.173;11.173;11.17;11.17;750
CNYRUBF;5;20260210;193500;11.17;11.171;11.167;11.167;1813
CNYRUBF;5;20260210;194000;11.169;11.172;11.168;11.172;432
CNYRUBF;5;20260210;194500;11.172;11.172;11.168;11.168;857
CNYRUBF;5;20260210;195000;11.168;11.172;11.167;11.172;2241
CNYRUBF;5;20260210;195500;11.172;11.173;11.171;11.172;534
CNYRUBF;5;20260210;200000;11.172;11.173;11.172;11.173;1120
CNYRUBF;5;20260210;200500;11.173;11.173;11.171;11.172;217
CNYRUBF;5;20260210;201000;11.172;11.175;11.172;11.172;1796
CNYRUBF;5;20260210;201500;11.174;11.175;11.172;11.172;231
CNYRUBF;5;20260210;202000;11.172;11.172;11.172;11.172;7
CNYRUBF;5;20260210;202500;11.172;11.175;11.172;11.174;364
CNYRUBF;5;20260210;203000;11.174;11.174;11.172;11.172;81
CNYRUBF;5;20260210;203500;11.172;11.175;11.171;11.172;1134
CNYRUBF;5;20260210;204000;11.171;11.171;11.171;11.171;2
CNYRUBF;5;20260210;204500;11.171;11.172;11.171;11.172;6
CNYRUBF;5;20260210;205000;11.171;11.171;11.169;11.169;298
CNYRUBF;5;20260210;205500;11.169;11.17;11.169;11.17;222
CNYRUBF;5;20260210;210000;11.17;11.171;11.17;11.17;232
CNYRUBF;5;20260210;210500;11.171;11.171;11.168;11.168;292
CNYRUBF;5;20260210;211000;11.17;11.171;11.17;11.171;1155
CNYRUBF;5;20260210;211500;11.171;11.172;11.171;11.171;287
CNYRUBF;5;20260210;212000;11.172;11.174;11.172;11.173;207
CNYRUBF;5;20260210;212500;11.174;11.174;11.173;11.174;230
CNYRUBF;5;20260210;213000;11.173;11.174;11.171;11.174;213
CNYRUBF;5;20260210;213500;11.172;11.175;11.172;11.174;157
CNYRUBF;5;20260210;214000;11.174;11.175;11.171;11.171;237
CNYRUBF;5;20260210;214500;11.171;11.172;11.17;11.17;152
CNYRUBF;5;20260210;215000;11.172;11.172;11.169;11.172;351
CNYRUBF;5;20260210;215500;11.172;11.173;11.17;11.17;157
CNYRUBF;5;20260210;220000;11.17;11.17;11.17;11.17;87
CNYRUBF;5;20260210;220500;11.17;11.175;11.17;11.173;1544
CNYRUBF;5;20260210;221000;11.174;11.176;11.173;11.176;1849
CNYRUBF;5;20260210;221500;11.176;11.176;11.174;11.175;105
CNYRUBF;5;20260210;222000;11.175;11.176;11.175;11.175;1709
CNYRUBF;5;20260210;222500;11.175;11.175;11.175;11.175;494
CNYRUBF;5;20260210;223000;11.174;11.176;11.174;11.174;64
CNYRUBF;5;20260210;223500;11.174;11.176;11.174;11.174;117
CNYRUBF;5;20260210;224000;11.174;11.176;11.174;11.174;105
CNYRUBF;5;20260210;224500;11.174;11.176;11.172;11.175;910
CNYRUBF;5;20260210;225000;11.175;11.178;11.175;11.177;638
CNYRUBF;5;20260210;225500;11.176;11.176;11.175;11.176;70
CNYRUBF;5;20260210;230000;11.177;11.181;11.177;11.18;2820
CNYRUBF;5;20260210;230500;11.179;11.181;11.178;11.178;97
CNYRUBF;5;20260210;231000;11.18;11.181;11.18;11.18;107
CNYRUBF;5;20260210;231500;11.181;11.182;11.181;11.181;225
CNYRUBF;5;20260210;232000;11.182;11.184;11.181;11.182;845
CNYRUBF;5;20260210;232500;11.182;11.184;11.181;11.183;247
CNYRUBF;5;20260210;233000;11.183;11.184;11.183;11.183;1326
CNYRUBF;5;20260210;233500;11.184;11.185;11.183;11.185;268
CNYRUBF;5;20260210;234000;11.185;11.185;11.181;11.181;840
CNYRUBF;5;20260210;234500;11.184;11.188;11.179;11.187;1471
CNYRUBF;5;20260211;085500;11.175;11.175;11.175;11.175;260
CNYRUBF;5;20260211;090000;11.175;11.18;11.169;11.169;10644
CNYRUBF;5;20260211;090500;11.17;11.176;11.17;11.173;2647
CNYRUBF;5;20260211;091000;11.173;11.174;11.17;11.17;583
CNYRUBF;5;20260211;091500;11.17;11.171;11.165;11.17;3380
CNYRUBF;5;20260211;092000;11.168;11.173;11.168;11.171;2382
CNYRUBF;5;20260211;092500;11.171;11.172;11.169;11.169;926
CNYRUBF;5;20260211;093000;11.168;11.169;11.166;11.169;697
CNYRUBF;5;20260211;093500;11.169;11.172;11.168;11.171;305
CNYRUBF;5;20260211;094000;11.17;11.172;11.17;11.171;30
CNYRUBF;5;20260211;094500;11.171;11.174;11.17;11.172;929
CNYRUBF;5;20260211;095000;11.173;11.176;11.17;11.171;7415
CNYRUBF;5;20260211;095500;11.173;11.175;11.166;11.166;8322
CNYRUBF;5;20260211;100000;11.166;11.177;11.162;11.172;40776
CNYRUBF;5;20260211;100500;11.172;11.175;11.167;11.173;16766
CNYRUBF;5;20260211;101000;11.172;11.189;11.172;11.187;56208
CNYRUBF;5;20260211;101500;11.187;11.205;11.184;11.194;107159
CNYRUBF;5;20260211;102000;11.193;11.2;11.191;11.198;41755
CNYRUBF;5;20260211;102500;11.198;11.203;11.189;11.189;64561
CNYRUBF;5;20260211;103000;11.189;11.197;11.185;11.187;156087
CNYRUBF;5;20260211;103500;11.188;11.193;11.182;11.189;219258
CNYRUBF;5;20260211;104000;11.189;11.189;11.178;11.187;138778
CNYRUBF;5;20260211;104500;11.186;11.193;11.184;11.19;78170
CNYRUBF;5;20260211;105000;11.19;11.19;11.18;11.181;55307
CNYRUBF;5;20260211;105500;11.181;11.186;11.177;11.185;83742
CNYRUBF;5;20260211;110000;11.185;11.187;11.178;11.181;43842
CNYRUBF;5;20260211;110500;11.181;11.188;11.178;11.178;54317
CNYRUBF;5;20260211;111000;11.178;11.184;11.177;11.181;40712
CNYRUBF;5;20260211;111500;11.18;11.182;11.179;11.179;39778
CNYRUBF;5;20260211;112000;11.179;11.19;11.179;11.187;94603
CNYRUBF;5;20260211;112500;11.185;11.189;11.183;11.187;38891
CNYRUBF;5;20260211;113000;11.187;11.187;11.173;11.179;58542
CNYRUBF;5;20260211;113500;11.178;11.185;11.176;11.183;18852
CNYRUBF;5;20260211;114000;11.183;11.185;11.181;11.182;15172
CNYRUBF;5;20260211;114500;11.182;11.183;11.18;11.181;18371
CNYRUBF;5;20260211;115000;11.181;11.182;11.175;11.179;21820
CNYRUBF;5;20260211;115500;11.178;11.18;11.173;11.18;14132
CNYRUBF;5;20260211;120000;11.179;11.184;11.179;11.183;5235
CNYRUBF;5;20260211;120500;11.183;11.192;11.183;11.19;15388
CNYRUBF;5;20260211;121000;11.19;11.195;11.187;11.189;25545
CNYRUBF;5;20260211;121500;11.189;11.194;11.181;11.186;28230
CNYRUBF;5;20260211;122000;11.186;11.188;11.184;11.187;4773
CNYRUBF;5;20260211;122500;11.186;11.188;11.182;11.185;15661
CNYRUBF;5;20260211;123000;11.184;11.185;11.174;11.177;17891
CNYRUBF;5;20260211;123500;11.176;11.182;11.17;11.179;27247
CNYRUBF;5;20260211;124000;11.179;11.182;11.174;11.179;25566
CNYRUBF;5;20260211;124500;11.179;11.179;11.174;11.176;51562
CNYRUBF;5;20260211;125000;11.175;11.178;11.169;11.17;40418
CNYRUBF;5;20260211;125500;11.169;11.171;11.158;11.16;82842
CNYRUBF;5;20260211;130000;11.16;11.164;11.151;11.155;59239
CNYRUBF;5;20260211;130500;11.155;11.159;11.149;11.152;56925
CNYRUBF;5;20260211;131000;11.152;11.16;11.151;11.159;83835
CNYRUBF;5;20260211;131500;11.159;11.172;11.144;11.145;87050
CNYRUBF;5;20260211;132000;11.144;11.159;11.135;11.156;68015
CNYRUBF;5;20260211;132500;11.156;11.162;11.154;11.159;23540
CNYRUBF;5;20260211;133000;11.159;11.164;11.159;11.162;14100
CNYRUBF;5;20260211;133500;11.162;11.164;11.155;11.161;22473
CNYRUBF;5;20260211;134000;11.161;11.162;11.154;11.154;24898
CNYRUBF;5;20260211;134500;11.155;11.156;11.137;11.15;65729
CNYRUBF;5;20260211;135000;11.149;11.151;11.145;11.149;44378
CNYRUBF;5;20260211;135500;11.15;11.15;11.145;11.148;35327
CNYRUBF;5;20260211;140500;11.149;11.154;11.147;11.15;20987
CNYRUBF;5;20260211;141000;11.15;11.165;11.15;11.162;20788
CNYRUBF;5;20260211;141500;11.162;11.163;11.153;11.153;16597
CNYRUBF;5;20260211;142000;11.154;11.16;11.148;11.149;27481
CNYRUBF;5;20260211;142500;11.148;11.149;11.144;11.147;12026
CNYRUBF;5;20260211;143000;11.146;11.156;11.145;11.15;10379
CNYRUBF;5;20260211;143500;11.151;11.153;11.144;11.152;20025
CNYRUBF;5;20260211;144000;11.152;11.161;11.148;11.16;30873
CNYRUBF;5;20260211;144500;11.161;11.167;11.159;11.163;13876
CNYRUBF;5;20260211;145000;11.162;11.168;11.156;11.16;17789
CNYRUBF;5;20260211;145500;11.16;11.162;11.155;11.157;4805
CNYRUBF;5;20260211;150000;11.155;11.166;11.154;11.162;16375
CNYRUBF;5;20260211;150500;11.162;11.163;11.156;11.156;6916
CNYRUBF;5;20260211;151000;11.156;11.16;11.155;11.156;9137
CNYRUBF;5;20260211;151500;11.155;11.157;11.152;11.154;29602
CNYRUBF;5;20260211;152000;11.154;11.156;11.152;11.154;6030
CNYRUBF;5;20260211;152500;11.154;11.156;11.152;11.152;8477
CNYRUBF;5;20260211;153000;11.153;11.161;11.152;11.157;21224
CNYRUBF;5;20260211;153500;11.157;11.164;11.155;11.158;35604
CNYRUBF;5;20260211;154000;11.158;11.172;11.155;11.172;62085
CNYRUBF;5;20260211;154500;11.171;11.173;11.158;11.164;45609
CNYRUBF;5;20260211;155000;11.162;11.169;11.161;11.166;36280
CNYRUBF;5;20260211;155500;11.166;11.166;11.158;11.158;27427
CNYRUBF;5;20260211;160000;11.158;11.165;11.157;11.165;91589
CNYRUBF;5;20260211;160500;11.165;11.165;11.154;11.157;13260
CNYRUBF;5;20260211;161000;11.157;11.164;11.156;11.162;4720
CNYRUBF;5;20260211;161500;11.161;11.165;11.159;11.163;3502
CNYRUBF;5;20260211;162000;11.162;11.166;11.161;11.163;5694
CNYRUBF;5;20260211;162500;11.163;11.165;11.159;11.161;4113
CNYRUBF;5;20260211;163000;11.161;11.17;11.161;11.168;9272
CNYRUBF;5;20260211;163500;11.168;11.169;11.156;11.157;5734
CNYRUBF;5;20260211;164000;11.156;11.159;11.149;11.153;19656
CNYRUBF;5;20260211;164500;11.151;11.161;11.151;11.151;17406
CNYRUBF;5;20260211;165000;11.15;11.159;11.141;11.147;19742
CNYRUBF;5;20260211;165500;11.145;11.149;11.143;11.149;24637
CNYRUBF;5;20260211;170000;11.149;11.149;11.14;11.144;22210
CNYRUBF;5;20260211;170500;11.143;11.144;11.135;11.136;26017
CNYRUBF;5;20260211;171000;11.135;11.146;11.133;11.139;22642
CNYRUBF;5;20260211;171500;11.138;11.143;11.135;11.141;7239
CNYRUBF;5;20260211;172000;11.14;11.141;11.128;11.134;17566
CNYRUBF;5;20260211;172500;11.134;11.143;11.13;11.142;24191
CNYRUBF;5;20260211;173000;11.141;11.143;11.139;11.139;7809
CNYRUBF;5;20260211;173500;11.14;11.143;11.137;11.137;5767
CNYRUBF;5;20260211;174000;11.138;11.144;11.137;11.141;7871
CNYRUBF;5;20260211;174500;11.141;11.146;11.138;11.143;14453
CNYRUBF;5;20260211;175000;11.143;11.143;11.133;11.135;37733
CNYRUBF;5;20260211;175500;11.136;11.137;11.134;11.136;2981
CNYRUBF;5;20260211;180000;11.136;11.14;11.13;11.135;17765
CNYRUBF;5;20260211;180500;11.136;11.142;11.136;11.141;24431
CNYRUBF;5;20260211;181000;11.143;11.149;11.142;11.148;5923
CNYRUBF;5;20260211;181500;11.147;11.15;11.143;11.149;23135
CNYRUBF;5;20260211;182000;11.148;11.15;11.147;11.15;6331
CNYRUBF;5;20260211;182500;11.149;11.155;11.148;11.151;14919
CNYRUBF;5;20260211;183000;11.149;11.151;11.142;11.151;18640
CNYRUBF;5;20260211;183500;11.151;11.153;11.148;11.152;5031
CNYRUBF;5;20260211;184000;11.152;11.152;11.148;11.148;3920
CNYRUBF;5;20260211;184500;11.148;11.15;11.145;11.149;12880
CNYRUBF;5;20260211;190500;11.149;11.152;11.145;11.152;7907
CNYRUBF;5;20260211;191000;11.153;11.169;11.153;11.163;8446
CNYRUBF;5;20260211;191500;11.165;11.167;11.162;11.166;4227
CNYRUBF;5;20260211;192000;11.165;11.179;11.165;11.168;14420
CNYRUBF;5;20260211;192500;11.168;11.169;11.159;11.159;8291
CNYRUBF;5;20260211;193000;11.161;11.168;11.158;11.158;2302
CNYRUBF;5;20260211;193500;11.159;11.162;11.156;11.157;2218
CNYRUBF;5;20260211;194000;11.158;11.163;11.157;11.159;3417
CNYRUBF;5;20260211;194500;11.159;11.163;11.157;11.163;3088
CNYRUBF;5;20260211;195000;11.163;11.164;11.162;11.163;217
CNYRUBF;5;20260211;195500;11.162;11.166;11.162;11.164;1411
CNYRUBF;5;20260211;200000;11.164;11.166;11.164;11.164;2513
CNYRUBF;5;20260211;200500;11.165;11.165;11.164;11.164;143
CNYRUBF;5;20260211;201000;11.165;11.165;11.161;11.161;310
CNYRUBF;5;20260211;201500;11.16;11.161;11.159;11.159;540
CNYRUBF;5;20260211;202000;11.16;11.16;11.157;11.159;1102
CNYRUBF;5;20260211;202500;11.161;11.161;11.16;11.161;78
CNYRUBF;5;20260211;203000;11.161;11.165;11.161;11.165;952
CNYRUBF;5;20260211;203500;11.164;11.165;11.163;11.163;134
CNYRUBF;5;20260211;204000;11.163;11.163;11.161;11.161;167
CNYRUBF;5;20260211;204500;11.161;11.161;11.157;11.16;1625
CNYRUBF;5;20260211;205000;11.161;11.161;11.16;11.16;110
CNYRUBF;5;20260211;205500;11.159;11.16;11.157;11.159;228
CNYRUBF;5;20260211;210000;11.158;11.161;11.157;11.161;268
CNYRUBF;5;20260211;210500;11.162;11.162;11.158;11.158;265
CNYRUBF;5;20260211;211000;11.159;11.16;11.156;11.156;376
CNYRUBF;5;20260211;211500;11.159;11.161;11.159;11.161;284
CNYRUBF;5;20260211;212000;11.161;11.163;11.16;11.162;700
CNYRUBF;5;20260211;212500;11.163;11.163;11.161;11.163;61
CNYRUBF;5;20260211;213000;11.163;11.163;11.161;11.162;38
CNYRUBF;5;20260211;213500;11.162;11.162;11.161;11.162;66
CNYRUBF;5;20260211;214000;11.162;11.162;11.161;11.161;442
CNYRUBF;5;20260211;214500;11.162;11.163;11.16;11.16;168
CNYRUBF;5;20260211;215000;11.16;11.161;11.157;11.157;1644
CNYRUBF;5;20260211;215500;11.158;11.162;11.158;11.16;563
CNYRUBF;5;20260211;220000;11.162;11.164;11.162;11.164;123
CNYRUBF;5;20260211;220500;11.163;11.164;11.163;11.163;80
CNYRUBF;5;20260211;221000;11.162;11.164;11.16;11.164;509
CNYRUBF;5;20260211;221500;11.161;11.165;11.161;11.164;416
CNYRUBF;5;20260211;222000;11.164;11.165;11.164;11.165;102
CNYRUBF;5;20260211;222500;11.165;11.165;11.164;11.164;69
CNYRUBF;5;20260211;223000;11.164;11.164;11.162;11.162;327
CNYRUBF;5;20260211;223500;11.162;11.162;11.16;11.161;100
CNYRUBF;5;20260211;224000;11.161;11.162;11.161;11.161;260
CNYRUBF;5;20260211;224500;11.16;11.161;11.16;11.16;40
CNYRUBF;5;20260211;225000;11.161;11.161;11.156;11.16;822
CNYRUBF;5;20260211;225500;11.157;11.157;11.157;11.157;75
CNYRUBF;5;20260211;230000;11.159;11.159;11.157;11.157;11
CNYRUBF;5;20260211;231000;11.16;11.16;11.157;11.158;495
CNYRUBF;5;20260211;231500;11.16;11.161;11.16;11.161;26
CNYRUBF;5;20260211;232000;11.161;11.163;11.16;11.161;180
CNYRUBF;5;20260211;232500;11.161;11.165;11.161;11.162;1395
CNYRUBF;5;20260211;233000;11.162;11.164;11.162;11.163;106
CNYRUBF;5;20260211;233500;11.162;11.163;11.158;11.158;407
CNYRUBF;5;20260211;234000;11.162;11.162;11.159;11.161;631
CNYRUBF;5;20260211;234500;11.161;11.165;11.161;11.163;212
CNYRUBF;5;20260212;085500;11.165;11.165;11.165;11.165;287
CNYRUBF;5;20260212;090000;11.166;11.178;11.165;11.168;2993
CNYRUBF;5;20260212;090500;11.169;11.171;11.166;11.166;472
CNYRUBF;5;20260212;091000;11.167;11.168;11.165;11.167;1009
CNYRUBF;5;20260212;091500;11.166;11.168;11.166;11.166;78
CNYRUBF;5;20260212;092000;11.168;11.17;11.166;11.167;616
CNYRUBF;5;20260212;092500;11.17;11.174;11.169;11.173;730
CNYRUBF;5;20260212;093000;11.173;11.174;11.168;11.168;2381
CNYRUBF;5;20260212;093500;11.168;11.169;11.167;11.169;195
CNYRUBF;5;20260212;094000;11.169;11.172;11.169;11.172;538
CNYRUBF;5;20260212;094500;11.172;11.184;11.171;11.173;7714
CNYRUBF;5;20260212;095000;11.175;11.176;11.168;11.17;1809
CNYRUBF;5;20260212;095500;11.17;11.172;11.164;11.167;2741
CNYRUBF;5;20260212;100000;11.168;11.176;11.16;11.163;27831
CNYRUBF;5;20260212;100500;11.163;11.163;11.152;11.155;19238
CNYRUBF;5;20260212;101000;11.155;11.162;11.155;11.159;6643
CNYRUBF;5;20260212;101500;11.16;11.162;11.154;11.161;18456
CNYRUBF;5;20260212;102000;11.16;11.161;11.156;11.158;17020
CNYRUBF;5;20260212;102500;11.159;11.17;11.158;11.166;26882
CNYRUBF;5;20260212;103000;11.166;11.173;11.163;11.167;21755
CNYRUBF;5;20260212;103500;11.168;11.174;11.163;11.164;13074
CNYRUBF;5;20260212;104000;11.165;11.165;11.157;11.158;12797
CNYRUBF;5;20260212;104500;11.158;11.167;11.152;11.162;8334
CNYRUBF;5;20260212;105000;11.161;11.174;11.158;11.168;19401
CNYRUBF;5;20260212;105500;11.168;11.169;11.165;11.165;9594
CNYRUBF;5;20260212;110000;11.167;11.17;11.162;11.164;25943
CNYRUBF;5;20260212;110500;11.164;11.192;11.163;11.18;81222
CNYRUBF;5;20260212;111000;11.18;11.184;11.172;11.174;23866
CNYRUBF;5;20260212;111500;11.174;11.18;11.173;11.178;14060
CNYRUBF;5;20260212;112000;11.178;11.184;11.175;11.175;25881
CNYRUBF;5;20260212;112500;11.175;11.176;11.173;11.174;11387
CNYRUBF;5;20260212;113000;11.175;11.177;11.165;11.167;27907
CNYRUBF;5;20260212;113500;11.167;11.173;11.166;11.168;9722
CNYRUBF;5;20260212;114000;11.169;11.17;11.163;11.164;3340
CNYRUBF;5;20260212;114500;11.163;11.163;11.156;11.158;22168
CNYRUBF;5;20260212;115000;11.159;11.168;11.158;11.164;13216
CNYRUBF;5;20260212;115500;11.165;11.165;11.161;11.162;6126
CNYRUBF;5;20260212;120000;11.163;11.163;11.156;11.158;7450
CNYRUBF;5;20260212;120500;11.159;11.161;11.154;11.159;12143
CNYRUBF;5;20260212;121000;11.16;11.161;11.156;11.159;7693
CNYRUBF;5;20260212;121500;11.16;11.161;11.157;11.159;5843
CNYRUBF;5;20260212;122000;11.159;11.159;11.156;11.158;5943
CNYRUBF;5;20260212;122500;11.159;11.165;11.158;11.159;8764
CNYRUBF;5;20260212;123000;11.16;11.162;11.156;11.159;17724
CNYRUBF;5;20260212;123500;11.161;11.165;11.16;11.163;9111
CNYRUBF;5;20260212;124000;11.164;11.173;11.163;11.169;41850
CNYRUBF;5;20260212;124500;11.169;11.177;11.168;11.176;21714
CNYRUBF;5;20260212;125000;11.177;11.177;11.173;11.173;14576
CNYRUBF;5;20260212;125500;11.174;11.176;11.17;11.175;20628
CNYRUBF;5;20260212;130000;11.175;11.185;11.175;11.18;24487
CNYRUBF;5;20260212;130500;11.182;11.184;11.177;11.183;16071
CNYRUBF;5;20260212;131000;11.184;11.184;11.175;11.176;18890
CNYRUBF;5;20260212;131500;11.176;11.178;11.169;11.173;14538
CNYRUBF;5;20260212;132000;11.175;11.178;11.172;11.174;6258
CNYRUBF;5;20260212;132500;11.173;11.175;11.171;11.174;6087
CNYRUBF;5;20260212;133000;11.174;11.177;11.173;11.175;2350
CNYRUBF;5;20260212;133500;11.175;11.179;11.174;11.177;5583
CNYRUBF;5;20260212;134000;11.176;11.182;11.176;11.179;4721
CNYRUBF;5;20260212;134500;11.179;11.181;11.175;11.177;4605
CNYRUBF;5;20260212;135000;11.179;11.179;11.174;11.176;6529
CNYRUBF;5;20260212;135500;11.176;11.18;11.173;11.179;3087
CNYRUBF;5;20260212;140500;11.179;11.19;11.178;11.18;27030
CNYRUBF;5;20260212;141000;11.18;11.183;11.176;11.182;3663
CNYRUBF;5;20260212;141500;11.18;11.188;11.18;11.188;7027
CNYRUBF;5;20260212;142000;11.188;11.197;11.184;11.186;24277
CNYRUBF;5;20260212;142500;11.186;11.188;11.184;11.185;3558
CNYRUBF;5;20260212;143000;11.184;11.186;11.183;11.184;4532
CNYRUBF;5;20260212;143500;11.184;11.187;11.18;11.18;8394
CNYRUBF;5;20260212;144000;11.18;11.187;11.18;11.181;5212
CNYRUBF;5;20260212;144500;11.182;11.183;11.182;11.182;564
CNYRUBF;5;20260212;145000;11.181;11.182;11.18;11.18;763
CNYRUBF;5;20260212;145500;11.18;11.188;11.178;11.187;23989
CNYRUBF;5;20260212;150000;11.187;11.188;11.178;11.182;10642
CNYRUBF;5;20260212;150500;11.182;11.182;11.175;11.178;8943
CNYRUBF;5;20260212;151000;11.177;11.185;11.169;11.17;33509
CNYRUBF;5;20260212;151500;11.172;11.175;11.167;11.169;8940
CNYRUBF;5;20260212;152000;11.17;11.173;11.167;11.173;9720
CNYRUBF;5;20260212;152500;11.173;11.177;11.172;11.177;1986
CNYRUBF;5;20260212;153000;11.177;11.178;11.173;11.173;2582
CNYRUBF;5;20260212;153500;11.174;11.175;11.171;11.172;2334
CNYRUBF;5;20260212;154000;11.173;11.176;11.169;11.175;10258
CNYRUBF;5;20260212;154500;11.176;11.177;11.172;11.175;6940
CNYRUBF;5;20260212;155000;11.176;11.178;11.172;11.174;24004
CNYRUBF;5;20260212;155500;11.173;11.177;11.17;11.172;16542
CNYRUBF;5;20260212;160000;11.172;11.173;11.169;11.171;18788
CNYRUBF;5;20260212;160500;11.171;11.172;11.168;11.168;6850
CNYRUBF;5;20260212;161000;11.168;11.172;11.166;11.169;24474
CNYRUBF;5;20260212;161500;11.17;11.17;11.162;11.166;15210
CNYRUBF;5;20260212;162000;11.165;11.172;11.164;11.167;5532
CNYRUBF;5;20260212;162500;11.168;11.168;11.161;11.164;19451
CNYRUBF;5;20260212;163000;11.164;11.173;11.163;11.169;10939
CNYRUBF;5;20260212;163500;11.17;11.175;11.169;11.172;24307
CNYRUBF;5;20260212;164000;11.172;11.178;11.17;11.177;15194
CNYRUBF;5;20260212;164500;11.177;11.177;11.173;11.174;2557
CNYRUBF;5;20260212;165000;11.175;11.175;11.173;11.173;1054
CNYRUBF;5;20260212;165500;11.174;11.176;11.173;11.175;5633
CNYRUBF;5;20260212;170000;11.176;11.178;11.168;11.169;11147
CNYRUBF;5;20260212;170500;11.17;11.175;11.169;11.174;9494
CNYRUBF;5;20260212;171000;11.175;11.176;11.17;11.172;34644
CNYRUBF;5;20260212;171500;11.172;11.179;11.17;11.177;14702
CNYRUBF;5;20260212;172000;11.178;11.18;11.172;11.174;8143
CNYRUBF;5;20260212;172500;11.174;11.176;11.173;11.176;3559
CNYRUBF;5;20260212;173000;11.176;11.177;11.174;11.177;4947
CNYRUBF;5;20260212;173500;11.176;11.178;11.175;11.176;5458
CNYRUBF;5;20260212;174000;11.176;11.178;11.168;11.17;15853
CNYRUBF;5;20260212;174500;11.17;11.171;11.168;11.169;6510
CNYRUBF;5;20260212;175000;11.169;11.172;11.169;11.172;4125
CNYRUBF;5;20260212;175500;11.173;11.173;11.171;11.171;19497
CNYRUBF;5;20260212;180000;11.171;11.177;11.168;11.176;10975
CNYRUBF;5;20260212;180500;11.176;11.179;11.171;11.172;7357
CNYRUBF;5;20260212;181000;11.172;11.174;11.169;11.172;10219
CNYRUBF;5;20260212;181500;11.171;11.171;11.166;11.167;13892
CNYRUBF;5;20260212;182000;11.167;11.169;11.165;11.166;4843
CNYRUBF;5;20260212;182500;11.166;11.169;11.163;11.166;27068
CNYRUBF;5;20260212;183000;11.166;11.167;11.162;11.164;17016
CNYRUBF;5;20260212;183500;11.165;11.165;11.161;11.161;9748
CNYRUBF;5;20260212;184000;11.162;11.164;11.161;11.163;12639
CNYRUBF;5;20260212;184500;11.163;11.175;11.162;11.169;18635
CNYRUBF;5;20260212;190500;11.17;11.181;11.17;11.173;2726
CNYRUBF;5;20260212;191000;11.173;11.175;11.165;11.165;5194
CNYRUBF;5;20260212;191500;11.166;11.173;11.166;11.171;1140
CNYRUBF;5;20260212;192000;11.171;11.175;11.171;11.172;2299
CNYRUBF;5;20260212;192500;11.171;11.175;11.171;11.173;3497
CNYRUBF;5;20260212;193000;11.174;11.177;11.173;11.173;725
CNYRUBF;5;20260212;193500;11.175;11.175;11.16;11.164;7313
CNYRUBF;5;20260212;194000;11.165;11.165;11.16;11.161;4271
CNYRUBF;5;20260212;194500;11.161;11.165;11.159;11.162;3765
CNYRUBF;5;20260212;195000;11.162;11.165;11.161;11.165;1570
CNYRUBF;5;20260212;195500;11.165;11.167;11.163;11.163;2450
CNYRUBF;5;20260212;200000;11.163;11.163;11.162;11.163;1826
CNYRUBF;5;20260212;200500;11.163;11.165;11.162;11.165;760
CNYRUBF;5;20260212;201000;11.163;11.167;11.163;11.166;907
CNYRUBF;5;20260212;201500;11.166;11.166;11.165;11.166;916
CNYRUBF;5;20260212;202000;11.166;11.166;11.165;11.166;161
CNYRUBF;5;20260212;202500;11.165;11.166;11.164;11.166;625
CNYRUBF;5;20260212;203000;11.165;11.165;11.165;11.165;137
CNYRUBF;5;20260212;203500;11.165;11.166;11.164;11.164;349
CNYRUBF;5;20260212;204000;11.165;11.167;11.165;11.167;270
CNYRUBF;5;20260212;204500;11.166;11.167;11.165;11.167;504
CNYRUBF;5;20260212;205000;11.165;11.167;11.165;11.165;905
CNYRUBF;5;20260212;205500;11.166;11.167;11.165;11.165;72
CNYRUBF;5;20260212;210000;11.164;11.166;11.164;11.166;503
CNYRUBF;5;20260212;210500;11.165;11.167;11.164;11.167;125
CNYRUBF;5;20260212;211000;11.167;11.167;11.164;11.165;529
CNYRUBF;5;20260212;211500;11.165;11.166;11.165;11.165;1651
CNYRUBF;5;20260212;212000;11.166;11.167;11.166;11.166;76
CNYRUBF;5;20260212;212500;11.166;11.167;11.166;11.167;561
CNYRUBF;5;20260212;213000;11.168;11.169;11.168;11.169;577
CNYRUBF;5;20260212;213500;11.169;11.179;11.169;11.174;5877
CNYRUBF;5;20260212;214000;11.173;11.174;11.172;11.172;590
CNYRUBF;5;20260212;214500;11.174;11.175;11.171;11.175;446
CNYRUBF;5;20260212;215000;11.173;11.173;11.169;11.169;663
CNYRUBF;5;20260212;215500;11.169;11.17;11.169;11.169;77
CNYRUBF;5;20260212;220000;11.169;11.169;11.166;11.166;639
CNYRUBF;5;20260212;220500;11.166;11.169;11.166;11.168;147
CNYRUBF;5;20260212;221000;11.169;11.174;11.169;11.174;1017
CNYRUBF;5;20260212;221500;11.171;11.175;11.171;11.173;37
CNYRUBF;5;20260212;222000;11.173;11.175;11.172;11.173;514
CNYRUBF;5;20260212;222500;11.173;11.174;11.173;11.174;108
CNYRUBF;5;20260212;223000;11.175;11.175;11.17;11.17;795
CNYRUBF;5;20260212;223500;11.17;11.172;11.17;11.17;733
CNYRUBF;5;20260212;224000;11.17;11.172;11.169;11.172;318
CNYRUBF;5;20260212;224500;11.172;11.173;11.172;11.173;354
CNYRUBF;5;20260212;225000;11.17;11.173;11.17;11.172;7
CNYRUBF;5;20260212;225500;11.172;11.172;11.172;11.172;56
CNYRUBF;5;20260212;230000;11.172;11.173;11.169;11.173;1421
CNYRUBF;5;20260212;230500;11.171;11.171;11.169;11.169;152
CNYRUBF;5;20260212;231000;11.169;11.169;11.169;11.169;20
CNYRUBF;5;20260212;231500;11.17;11.17;11.17;11.17;11
CNYRUBF;5;20260212;232000;11.17;11.17;11.168;11.168;234
CNYRUBF;5;20260212;232500;11.17;11.17;11.167;11.169;394
CNYRUBF;5;20260212;233000;11.168;11.17;11.168;11.17;452
CNYRUBF;5;20260212;233500;11.17;11.172;11.17;11.17;177
CNYRUBF;5;20260212;234000;11.169;11.172;11.168;11.171;200
CNYRUBF;5;20260212;234500;11.172;11.174;11.168;11.174;313
CNYRUBF;5;20260213;085500;11.169;11.169;11.169;11.169;20
CNYRUBF;5;20260213;090000;11.169;11.174;11.167;11.17;3137
CNYRUBF;5;20260213;090500;11.17;11.172;11.168;11.169;2185
CNYRUBF;5;20260213;091000;11.168;11.173;11.168;11.17;660
CNYRUBF;5;20260213;091500;11.17;11.17;11.167;11.167;1072
CNYRUBF;5;20260213;092000;11.168;11.168;11.167;11.167;806
CNYRUBF;5;20260213;092500;11.168;11.169;11.164;11.167;11026
CNYRUBF;5;20260213;093000;11.165;11.165;11.153;11.157;10039
CNYRUBF;5;20260213;093500;11.16;11.166;11.159;11.164;1982
CNYRUBF;5;20260213;094000;11.167;11.167;11.164;11.164;527
CNYRUBF;5;20260213;094500;11.164;11.164;11.162;11.164;1415
CNYRUBF;5;20260213;095000;11.163;11.163;11.159;11.162;2895
CNYRUBF;5;20260213;095500;11.162;11.165;11.16;11.163;882
CNYRUBF;5;20260213;100000;11.162;11.175;11.16;11.173;32776
CNYRUBF;5;20260213;100500;11.172;11.173;11.154;11.16;31742
CNYRUBF;5;20260213;101000;11.16;11.161;11.116;11.151;112630
CNYRUBF;5;20260213;101500;11.151;11.154;11.14;11.144;34705
CNYRUBF;5;20260213;102000;11.143;11.163;11.143;11.158;37104
CNYRUBF;5;20260213;102500;11.158;11.166;11.155;11.155;27825
CNYRUBF;5;20260213;103000;11.155;11.166;11.152;11.164;41791
CNYRUBF;5;20260213;103500;11.164;11.168;11.16;11.163;20522
CNYRUBF;5;20260213;104000;11.163;11.164;11.145;11.152;35349
CNYRUBF;5;20260213;104500;11.152;11.155;11.14;11.144;39594
CNYRUBF;5;20260213;105000;11.144;11.153;11.14;11.141;41276
CNYRUBF;5;20260213;105500;11.141;11.147;11.14;11.146;16491
CNYRUBF;5;20260213;110000;11.145;11.151;11.143;11.148;27275
CNYRUBF;5;20260213;110500;11.148;11.151;11.143;11.147;11743
CNYRUBF;5;20260213;111000;11.147;11.152;11.142;11.144;21487
CNYRUBF;5;20260213;111500;11.144;11.148;11.143;11.148;18003
CNYRUBF;5;20260213;112000;11.147;11.15;11.143;11.147;8882
CNYRUBF;5;20260213;112500;11.146;11.148;11.146;11.147;3274
CNYRUBF;5;20260213;113000;11.147;11.154;11.146;11.154;4772
CNYRUBF;5;20260213;113500;11.152;11.156;11.149;11.154;5442
CNYRUBF;5;20260213;114000;11.153;11.157;11.152;11.155;1634
CNYRUBF;5;20260213;114500;11.155;11.161;11.155;11.159;9723
CNYRUBF;5;20260213;115000;11.159;11.163;11.157;11.161;20863
CNYRUBF;5;20260213;115500;11.16;11.162;11.16;11.16;9372
CNYRUBF;5;20260213;120000;11.16;11.169;11.158;11.168;25555
CNYRUBF;5;20260213;120500;11.169;11.171;11.162;11.17;16093
CNYRUBF;5;20260213;121000;11.169;11.172;11.164;11.164;16715
CNYRUBF;5;20260213;121500;11.164;11.167;11.16;11.162;16007
CNYRUBF;5;20260213;122000;11.161;11.162;11.156;11.158;19207
CNYRUBF;5;20260213;122500;11.157;11.158;11.152;11.154;11361
CNYRUBF;5;20260213;123000;11.153;11.156;11.151;11.156;9253
CNYRUBF;5;20260213;123500;11.156;11.164;11.154;11.163;17185
CNYRUBF;5;20260213;124000;11.163;11.174;11.155;11.16;32890
CNYRUBF;5;20260213;124500;11.159;11.162;11.157;11.16;6203
CNYRUBF;5;20260213;125000;11.158;11.16;11.156;11.158;11610
CNYRUBF;5;20260213;125500;11.157;11.158;11.153;11.153;8786
CNYRUBF;5;20260213;130000;11.153;11.158;11.153;11.157;6609
CNYRUBF;5;20260213;130500;11.157;11.159;11.156;11.156;8674
CNYRUBF;5;20260213;131000;11.157;11.158;11.153;11.153;6251
CNYRUBF;5;20260213;131500;11.152;11.156;11.144;11.151;17902
CNYRUBF;5;20260213;132000;11.152;11.154;11.15;11.153;7102
CNYRUBF;5;20260213;132500;11.153;11.153;11.146;11.147;14992
CNYRUBF;5;20260213;133000;11.146;11.165;11.144;11.161;52646
CNYRUBF;5;20260213;133500;11.161;11.161;11.145;11.152;35390
CNYRUBF;5;20260213;134000;11.151;11.152;11.135;11.14;45734
CNYRUBF;5;20260213;134500;11.141;11.143;11.125;11.139;65529
CNYRUBF;5;20260213;135000;11.138;11.146;11.137;11.145;15866
CNYRUBF;5;20260213;135500;11.146;11.15;11.143;11.15;15811
CNYRUBF;5;20260213;140500;11.149;11.154;11.144;11.15;17195
CNYRUBF;5;20260213;141000;11.151;11.156;11.15;11.156;14744
CNYRUBF;5;20260213;141500;11.154;11.158;11.148;11.15;153357
CNYRUBF;5;20260213;142000;11.15;11.154;11.146;11.15;16639
CNYRUBF;5;20260213;142500;11.148;11.151;11.144;11.149;24220
CNYRUBF;5;20260213;143000;11.149;11.155;11.148;11.155;3573
CNYRUBF;5;20260213;143500;11.154;11.158;11.153;11.157;2740
CNYRUBF;5;20260213;144000;11.158;11.159;11.154;11.154;10506
CNYRUBF;5;20260213;144500;11.154;11.156;11.154;11.155;5776
CNYRUBF;5;20260213;145000;11.155;11.156;11.153;11.153;645
CNYRUBF;5;20260213;145500;11.153;11.153;11.148;11.15;3899
CNYRUBF;5;20260213;150000;11.149;11.152;11.143;11.144;12396
CNYRUBF;5;20260213;150500;11.144;11.146;11.138;11.146;9119
CNYRUBF;5;20260213;151000;11.146;11.148;11.145;11.146;1959
CNYRUBF;5;20260213;151500;11.145;11.147;11.142;11.144;9124
CNYRUBF;5;20260213;152000;11.144;11.145;11.131;11.141;35395
CNYRUBF;5;20260213;152500;11.141;11.146;11.141;11.145;10407
CNYRUBF;5;20260213;153000;11.146;11.151;11.145;11.146;13483
CNYRUBF;5;20260213;153500;11.146;11.152;11.145;11.151;5308
CNYRUBF;5;20260213;154000;11.152;11.153;11.142;11.146;9115
CNYRUBF;5;20260213;154500;11.144;11.148;11.14;11.141;5329
CNYRUBF;5;20260213;155000;11.141;11.152;11.137;11.152;8470
CNYRUBF;5;20260213;155500;11.151;11.153;11.146;11.15;8843
CNYRUBF;5;20260213;160000;11.149;11.149;11.142;11.145;11728
CNYRUBF;5;20260213;160500;11.146;11.151;11.146;11.147;17633
CNYRUBF;5;20260213;161000;11.148;11.15;11.146;11.146;3796
CNYRUBF;5;20260213;161500;11.145;11.147;11.138;11.138;9618
CNYRUBF;5;20260213;162000;11.139;11.142;11.136;11.137;12475
CNYRUBF;5;20260213;162500;11.137;11.139;11.128;11.129;22034
CNYRUBF;5;20260213;163000;11.13;11.131;11.107;11.114;83399
CNYRUBF;5;20260213;163500;11.112;11.125;11.095;11.098;100449
CNYRUBF;5;20260213;164000;11.099;11.11;11.09;11.105;94279
CNYRUBF;5;20260213;164500;11.104;11.11;11.093;11.107;64779
CNYRUBF;5;20260213;165000;11.107;11.109;11.104;11.107;14379
CNYRUBF;5;20260213;165500;11.107;11.107;11.098;11.103;27995
CNYRUBF;5;20260213;170000;11.102;11.103;11.088;11.096;31860
CNYRUBF;5;20260213;170500;11.096;11.101;11.095;11.101;31238
CNYRUBF;5;20260213;171000;11.099;11.109;11.098;11.105;20850
CNYRUBF;5;20260213;171500;11.105;11.107;11.1;11.104;11277
CNYRUBF;5;20260213;172000;11.103;11.104;11.094;11.095;8691
CNYRUBF;5;20260213;172500;11.095;11.098;11.091;11.096;10720
CNYRUBF;5;20260213;173000;11.097;11.097;11.086;11.096;13590
CNYRUBF;5;20260213;173500;11.095;11.097;11.089;11.09;3187
CNYRUBF;5;20260213;174000;11.091;11.092;11.084;11.086;28329
CNYRUBF;5;20260213;174500;11.085;11.088;11.083;11.086;12781
CNYRUBF;5;20260213;175000;11.085;11.087;11.082;11.086;12902
CNYRUBF;5;20260213;175500;11.086;11.086;11.083;11.084;6614
CNYRUBF;5;20260213;180000;11.084;11.084;11.082;11.084;5095
CNYRUBF;5;20260213;180500;11.082;11.09;11.082;11.088;16005
CNYRUBF;5;20260213;181000;11.09;11.092;11.088;11.09;7642
CNYRUBF;5;20260213;181500;11.09;11.092;11.089;11.092;4849
CNYRUBF;5;20260213;182000;11.091;11.094;11.089;11.094;5966
CNYRUBF;5;20260213;182500;11.094;11.098;11.094;11.097;4738
CNYRUBF;5;20260213;183000;11.096;11.098;11.085;11.088;11378
CNYRUBF;5;20260213;183500;11.088;11.09;11.085;11.088;3379
CNYRUBF;5;20260213;184000;11.088;11.089;11.086;11.088;6492
CNYRUBF;5;20260213;184500;11.088;11.088;11.086;11.087;6294
CNYRUBF;5;20260213;190500;11.092;11.098;11.083;11.093;4979
CNYRUBF;5;20260213;191000;11.092;11.094;11.089;11.093;1938
CNYRUBF;5;20260213;191500;11.093;11.094;11.089;11.092;5489
CNYRUBF;5;20260213;192000;11.092;11.093;11.09;11.092;961
CNYRUBF;5;20260213;192500;11.093;11.094;11.092;11.093;813
CNYRUBF;5;20260213;193000;11.093;11.094;11.093;11.093;188
CNYRUBF;5;20260213;193500;11.092;11.092;11.073;11.081;5845
CNYRUBF;5;20260213;194000;11.08;11.085;11.073;11.085;4280
CNYRUBF;5;20260213;194500;11.083;11.083;11.071;11.072;3318
CNYRUBF;5;20260213;195000;11.073;11.079;11.073;11.078;1022
CNYRUBF;5;20260213;195500;11.077;11.08;11.075;11.08;1425
CNYRUBF;5;20260213;200000;11.078;11.081;11.078;11.08;662
CNYRUBF;5;20260213;200500;11.081;11.083;11.079;11.08;1088
CNYRUBF;5;20260213;201000;11.081;11.081;11.079;11.08;240
CNYRUBF;5;20260213;201500;11.08;11.082;11.079;11.08;141
CNYRUBF;5;20260213;202000;11.08;11.084;11.08;11.082;500
CNYRUBF;5;20260213;202500;11.083;11.085;11.082;11.082;320
CNYRUBF;5;20260213;203000;11.085;11.085;11.083;11.085;192
CNYRUBF;5;20260213;203500;11.085;11.085;11.085;11.085;311
CNYRUBF;5;20260213;204000;11.085;11.086;11.083;11.086;939
CNYRUBF;5;20260213;204500;11.086;11.089;11.086;11.087;277
CNYRUBF;5;20260213;205000;11.087;11.091;11.086;11.089;622
CNYRUBF;5;20260213;205500;11.089;11.092;11.088;11.09;2304
CNYRUBF;5;20260213;210000;11.09;11.093;11.089;11.091;2080
CNYRUBF;5;20260213;210500;11.092;11.093;11.092;11.093;633
CNYRUBF;5;20260213;211000;11.093;11.093;11.092;11.092;466
CNYRUBF;5;20260213;211500;11.093;11.093;11.091;11.092;545
CNYRUBF;5;20260213;212000;11.091;11.094;11.091;11.094;287
CNYRUBF;5;20260213;212500;11.094;11.094;11.093;11.094;1654
CNYRUBF;5;20260213;213000;11.093;11.094;11.093;11.094;286
CNYRUBF;5;20260213;213500;11.094;11.094;11.093;11.093;734
CNYRUBF;5;20260213;214000;11.094;11.095;11.093;11.095;3021
CNYRUBF;5;20260213;214500;11.094;11.095;11.094;11.095;1490
CNYRUBF;5;20260213;215000;11.095;11.095;11.094;11.095;3366
CNYRUBF;5;20260213;215500;11.095;11.095;11.094;11.095;446
CNYRUBF;5;20260213;220000;11.094;11.095;11.094;11.095;50
CNYRUBF;5;20260213;220500;11.094;11.095;11.093;11.094;767
CNYRUBF;5;20260213;221000;11.093;11.093;11.09;11.09;726
CNYRUBF;5;20260213;221500;11.091;11.092;11.091;11.092;6
CNYRUBF;5;20260213;222000;11.092;11.094;11.091;11.094;246
CNYRUBF;5;20260213;222500;11.094;11.094;11.093;11.094;317
CNYRUBF;5;20260213;223000;11.094;11.094;11.092;11.092;55
CNYRUBF;5;20260213;223500;11.092;11.094;11.092;11.092;714
CNYRUBF;5;20260213;224000;11.094;11.094;11.092;11.094;933
CNYRUBF;5;20260213;224500;11.094;11.095;11.094;11.095;1190
CNYRUBF;5;20260213;225000;11.094;11.094;11.091;11.094;1524
CNYRUBF;5;20260213;225500;11.094;11.094;11.094;11.094;142
CNYRUBF;5;20260213;230000;11.094;11.095;11.094;11.094;5034
CNYRUBF;5;20260213;230500;11.094;11.094;11.093;11.094;162
CNYRUBF;5;20260213;231000;11.094;11.094;11.093;11.094;436
CNYRUBF;5;20260213;231500;11.094;11.095;11.094;11.095;245
CNYRUBF;5;20260213;232000;11.095;11.095;11.094;11.094;667
CNYRUBF;5;20260213;232500;11.094;11.094;11.089;11.091;6957
CNYRUBF;5;20260213;233000;11.091;11.091;11.089;11.089;965
CNYRUBF;5;20260213;233500;11.09;11.091;11.089;11.09;3238
CNYRUBF;5;20260213;234000;11.091;11.091;11.086;11.09;2297
CNYRUBF;5;20260213;234500;11.09;11.09;11.082;11.087;2002
CNYRUBF;5;20260216;085500;11.089;11.089;11.089;11.089;484
CNYRUBF;5;20260216;090000;11.091;11.097;11.087;11.09;24727
CNYRUBF;5;20260216;090500;11.09;11.098;11.088;11.093;14917
CNYRUBF;5;20260216;091000;11.093;11.097;11.091;11.095;4189
CNYRUBF;5;20260216;091500;11.094;11.097;11.093;11.096;2203
CNYRUBF;5;20260216;092000;11.096;11.097;11.095;11.097;2003
CNYRUBF;5;20260216;092500;11.097;11.098;11.096;11.098;2949
CNYRUBF;5;20260216;093000;11.098;11.099;11.097;11.099;4478
CNYRUBF;5;20260216;093500;11.099;11.11;11.097;11.102;34763
CNYRUBF;5;20260216;094000;11.1;11.107;11.1;11.102;1962
CNYRUBF;5;20260216;094500;11.105;11.105;11.098;11.099;1947
CNYRUBF;5;20260216;095000;11.1;11.101;11.097;11.1;3904
CNYRUBF;5;20260216;095500;11.1;11.103;11.099;11.103;1281
CNYRUBF;5;20260216;100000;11.102;11.124;11.1;11.111;36503
CNYRUBF;5;20260216;100500;11.11;11.117;11.097;11.097;18707
CNYRUBF;5;20260216;101000;11.097;11.097;11.068;11.07;47500
CNYRUBF;5;20260216;101500;11.069;11.077;11.052;11.073;62492
CNYRUBF;5;20260216;102000;11.073;11.088;11.068;11.07;32258
CNYRUBF;5;20260216;102500;11.072;11.08;11.066;11.067;24467
CNYRUBF;5;20260216;103000;11.067;11.077;11.067;11.073;17344
CNYRUBF;5;20260216;103500;11.074;11.074;11.064;11.067;21793
CNYRUBF;5;20260216;104000;11.067;11.074;11.066;11.071;10449
CNYRUBF;5;20260216;104500;11.071;11.078;11.071;11.076;10974
CNYRUBF;5;20260216;105000;11.078;11.079;11.074;11.078;4048
CNYRUBF;5;20260216;105500;11.079;11.08;11.074;11.077;2750
CNYRUBF;5;20260216;110000;11.078;11.078;11.066;11.068;8463
CNYRUBF;5;20260216;110500;11.068;11.07;11.066;11.07;6301
CNYRUBF;5;20260216;111000;11.068;11.072;11.068;11.071;2110
CNYRUBF;5;20260216;111500;11.072;11.081;11.069;11.081;17134
CNYRUBF;5;20260216;112000;11.08;11.108;11.078;11.1;58307
CNYRUBF;5;20260216;112500;11.1;11.109;11.092;11.093;21710
CNYRUBF;5;20260216;113000;11.094;11.097;11.086;11.093;7775
CNYRUBF;5;20260216;113500;11.092;11.093;11.08;11.085;17595
CNYRUBF;5;20260216;114000;11.085;11.087;11.082;11.084;6586
CNYRUBF;5;20260216;114500;11.084;11.089;11.084;11.087;6107
CNYRUBF;5;20260216;115000;11.088;11.09;11.088;11.089;1862
CNYRUBF;5;20260216;115500;11.089;11.089;11.085;11.085;5906
CNYRUBF;5;20260216;120000;11.084;11.09;11.084;11.088;3806
CNYRUBF;5;20260216;120500;11.087;11.09;11.082;11.085;7301
CNYRUBF;5;20260216;121000;11.083;11.092;11.079;11.09;4112
CNYRUBF;5;20260216;121500;11.09;11.105;11.09;11.096;17455
CNYRUBF;5;20260216;122000;11.095;11.102;11.093;11.097;16505
CNYRUBF;5;20260216;122500;11.097;11.103;11.093;11.094;7334
CNYRUBF;5;20260216;123000;11.094;11.095;11.088;11.093;22041
CNYRUBF;5;20260216;123500;11.092;11.095;11.088;11.094;6497
CNYRUBF;5;20260216;124000;11.093;11.097;11.086;11.096;29844
CNYRUBF;5;20260216;124500;11.097;11.098;11.094;11.096;4332
CNYRUBF;5;20260216;125000;11.097;11.1;11.091;11.095;5426
CNYRUBF;5;20260216;125500;11.095;11.099;11.095;11.096;18109
CNYRUBF;5;20260216;130000;11.098;11.12;11.098;11.108;53326
CNYRUBF;5;20260216;130500;11.108;11.12;11.108;11.11;36002
CNYRUBF;5;20260216;131000;11.111;11.119;11.111;11.114;23450
CNYRUBF;5;20260216;131500;11.113;11.117;11.105;11.106;20782
CNYRUBF;5;20260216;132000;11.106;11.11;11.103;11.104;12534
CNYRUBF;5;20260216;132500;11.105;11.117;11.105;11.111;10229
CNYRUBF;5;20260216;133000;11.111;11.116;11.097;11.098;27421
CNYRUBF;5;20260216;133500;11.098;11.101;11.084;11.093;25087
CNYRUBF;5;20260216;134000;11.094;11.097;11.089;11.091;12609
CNYRUBF;5;20260216;134500;11.093;11.093;11.082;11.086;22117
CNYRUBF;5;20260216;135000;11.085;11.088;11.077;11.087;16738
CNYRUBF;5;20260216;135500;11.088;11.088;11.083;11.086;4325
CNYRUBF;5;20260216;140500;11.087;11.09;11.075;11.079;22310
CNYRUBF;5;20260216;141000;11.079;11.079;11.067;11.07;25240
CNYRUBF;5;20260216;141500;11.068;11.075;11.067;11.074;7269
CNYRUBF;5;20260216;142000;11.075;11.089;11.075;11.085;19520
CNYRUBF;5;20260216;142500;11.085;11.086;11.079;11.082;2628
CNYRUBF;5;20260216;143000;11.081;11.081;11.077;11.079;2612
CNYRUBF;5;20260216;143500;11.079;11.083;11.076;11.08;4926
CNYRUBF;5;20260216;144000;11.081;11.082;11.074;11.079;5403
CNYRUBF;5;20260216;144500;11.079;11.081;11.076;11.078;2818
CNYRUBF;5;20260216;145000;11.077;11.081;11.076;11.078;1938
CNYRUBF;5;20260216;145500;11.078;11.08;11.076;11.078;1157
CNYRUBF;5;20260216;150000;11.079;11.079;11.059;11.061;27455
CNYRUBF;5;20260216;150500;11.06;11.08;11.057;11.074;23558
CNYRUBF;5;20260216;151000;11.075;11.076;11.065;11.067;10118
CNYRUBF;5;20260216;151500;11.067;11.081;11.066;11.074;23985
CNYRUBF;5;20260216;152000;11.074;11.08;11.068;11.075;23112
CNYRUBF;5;20260216;152500;11.077;11.079;11.073;11.076;2595
CNYRUBF;5;20260216;153000;11.077;11.083;11.075;11.082;5161
CNYRUBF;5;20260216;153500;11.082;11.088;11.079;11.083;3775
CNYRUBF;5;20260216;154000;11.084;11.088;11.073;11.075;8193
CNYRUBF;5;20260216;154500;11.076;11.079;11.075;11.078;1066
CNYRUBF;5;20260216;155000;11.079;11.082;11.078;11.078;1448
CNYRUBF;5;20260216;155500;11.08;11.082;11.079;11.079;3631
CNYRUBF;5;20260216;160000;11.079;11.08;11.075;11.076;2496
CNYRUBF;5;20260216;160500;11.076;11.076;11.071;11.071;4526
CNYRUBF;5;20260216;161000;11.071;11.072;11.069;11.072;3322
CNYRUBF;5;20260216;161500;11.071;11.072;11.07;11.072;1693
CNYRUBF;5;20260216;162000;11.071;11.073;11.067;11.07;5502
CNYRUBF;5;20260216;162500;11.07;11.072;11.069;11.072;2359
CNYRUBF;5;20260216;163000;11.072;11.076;11.071;11.074;6754
CNYRUBF;5;20260216;163500;11.072;11.093;11.072;11.091;34047
CNYRUBF;5;20260216;164000;11.09;11.098;11.089;11.094;10150
CNYRUBF;5;20260216;164500;11.094;11.096;11.091;11.092;11324
CNYRUBF;5;20260216;165000;11.094;11.097;11.09;11.094;7686
CNYRUBF;5;20260216;165500;11.095;11.099;11.093;11.096;14068
CNYRUBF;5;20260216;170000;11.097;11.108;11.095;11.104;25618
CNYRUBF;5;20260216;170500;11.105;11.112;11.101;11.111;21419
CNYRUBF;5;20260216;171000;11.111;11.118;11.103;11.103;20051
CNYRUBF;5;20260216;171500;11.104;11.107;11.094;11.107;6780
CNYRUBF;5;20260216;172000;11.107;11.107;11.092;11.094;7008
CNYRUBF;5;20260216;172500;11.093;11.115;11.092;11.113;21914
CNYRUBF;5;20260216;173000;11.115;11.129;11.111;11.123;43411
CNYRUBF;5;20260216;173500;11.123;11.134;11.122;11.129;18600
CNYRUBF;5;20260216;174000;11.13;11.132;11.119;11.123;14070
CNYRUBF;5;20260216;174500;11.123;11.123;11.115;11.12;11265
CNYRUBF;5;20260216;175000;11.118;11.12;11.113;11.113;6375
CNYRUBF;5;20260216;175500;11.114;11.119;11.114;11.116;15629
CNYRUBF;5;20260216;180000;11.117;11.12;11.11;11.111;7060
CNYRUBF;5;20260216;180500;11.111;11.116;11.104;11.108;21088
CNYRUBF;5;20260216;181000;11.108;11.114;11.107;11.113;3372
CNYRUBF;5;20260216;181500;11.114;11.118;11.112;11.117;4628
CNYRUBF;5;20260216;182000;11.116;11.118;11.114;11.117;1092
CNYRUBF;5;20260216;182500;11.116;11.118;11.111;11.114;7371
CNYRUBF;5;20260216;183000;11.114;11.124;11.114;11.122;10435
CNYRUBF;5;20260216;183500;11.121;11.126;11.116;11.125;4811
CNYRUBF;5;20260216;184000;11.126;11.126;11.122;11.122;2043
CNYRUBF;5;20260216;184500;11.119;11.121;11.11;11.12;13874
CNYRUBF;5;20260216;190500;11.121;11.125;11.118;11.122;1463
CNYRUBF;5;20260216;191000;11.123;11.123;11.121;11.121;472
CNYRUBF;5;20260216;191500;11.122;11.123;11.12;11.121;470
CNYRUBF;5;20260216;192000;11.12;11.121;11.107;11.109;2134
CNYRUBF;5;20260216;192500;11.108;11.112;11.108;11.111;1192
CNYRUBF;5;20260216;193000;11.11;11.112;11.109;11.111;186
CNYRUBF;5;20260216;193500;11.111;11.112;11.11;11.111;109
CNYRUBF;5;20260216;194000;11.113;11.113;11.111;11.111;44
CNYRUBF;5;20260216;194500;11.112;11.115;11.112;11.112;79
CNYRUBF;5;20260216;195000;11.112;11.114;11.112;11.114;69
CNYRUBF;5;20260216;195500;11.114;11.126;11.112;11.12;2046
CNYRUBF;5;20260216;200000;11.121;11.121;11.111;11.113;1976
CNYRUBF;5;20260216;200500;11.115;11.115;11.112;11.113;16
CNYRUBF;5;20260216;201000;11.115;11.118;11.115;11.117;918
CNYRUBF;5;20260216;201500;11.118;11.118;11.115;11.115;267
CNYRUBF;5;20260216;202000;11.114;11.115;11.113;11.115;209
CNYRUBF;5;20260216;202500;11.113;11.115;11.113;11.115;502
CNYRUBF;5;20260216;203000;11.114;11.114;11.113;11.114;353
CNYRUBF;5;20260216;203500;11.114;11.115;11.114;11.115;380
CNYRUBF;5;20260216;204000;11.115;11.116;11.113;11.113;653
CNYRUBF;5;20260216;204500;11.114;11.114;11.114;11.114;107
CNYRUBF;5;20260216;205000;11.114;11.114;11.111;11.111;525
CNYRUBF;5;20260216;205500;11.111;11.113;11.111;11.111;43
CNYRUBF;5;20260216;210000;11.111;11.113;11.109;11.109;580
CNYRUBF;5;20260216;210500;11.11;11.11;11.108;11.11;543
CNYRUBF;5;20260216;211000;11.11;11.11;11.109;11.109;119
CNYRUBF;5;20260216;211500;11.11;11.111;11.11;11.11;64
CNYRUBF;5;20260216;212000;11.111;11.111;11.11;11.11;159
CNYRUBF;5;20260216;212500;11.11;11.11;11.109;11.11;57
CNYRUBF;5;20260216;213000;11.11;11.111;11.11;11.11;153
CNYRUBF;5;20260216;213500;11.111;11.113;11.111;11.113;1041
CNYRUBF;5;20260216;214000;11.112;11.112;11.11;11.11;264
CNYRUBF;5;20260216;214500;11.11;11.111;11.109;11.109;123
CNYRUBF;5;20260216;215000;11.109;11.11;11.109;11.11;24
CNYRUBF;5;20260216;215500;11.11;11.121;11.11;11.12;1142
CNYRUBF;5;20260216;220000;11.12;11.123;11.117;11.117;886
CNYRUBF;5;20260216;220500;11.117;11.118;11.112;11.114;1647
CNYRUBF;5;20260216;221000;11.114;11.115;11.114;11.114;214
CNYRUBF;5;20260216;221500;11.117;11.118;11.117;11.118;17
CNYRUBF;5;20260216;222000;11.116;11.116;11.113;11.113;237
CNYRUBF;5;20260216;222500;11.115;11.115;11.115;11.115;150
CNYRUBF;5;20260216;223000;11.115;11.116;11.113;11.114;198
CNYRUBF;5;20260216;223500;11.114;11.114;11.111;11.111;57
CNYRUBF;5;20260216;224000;11.112;11.113;11.112;11.112;23
CNYRUBF;5;20260216;224500;11.111;11.111;11.11;11.111;260
CNYRUBF;5;20260216;225000;11.111;11.111;11.111;11.111;27
CNYRUBF;5;20260216;225500;11.11;11.11;11.109;11.109;103
CNYRUBF;5;20260216;230000;11.11;11.11;11.106;11.109;1256
CNYRUBF;5;20260216;230500;11.109;11.109;11.109;11.109;45
CNYRUBF;5;20260216;231000;11.109;11.111;11.108;11.111;83
CNYRUBF;5;20260216;231500;11.11;11.112;11.106;11.107;638
CNYRUBF;5;20260216;232000;11.107;11.11;11.106;11.109;92
CNYRUBF;5;20260216;232500;11.11;11.111;11.109;11.109;88
CNYRUBF;5;20260216;233000;11.108;11.11;11.108;11.11;99
CNYRUBF;5;20260216;233500;11.11;11.11;11.11;11.11;196
CNYRUBF;5;20260216;234000;11.111;11.111;11.11;11.11;181
CNYRUBF;5;20260216;234500;11.108;11.111;11.106;11.106;348
CNYRUBF;5;20260217;090000;11.109;11.111;11.095;11.098;10531
CNYRUBF;5;20260217;090500;11.099;11.101;11.094;11.101;5000
CNYRUBF;5;20260217;091000;11.101;11.105;11.101;11.103;1540
CNYRUBF;5;20260217;091500;11.103;11.107;11.103;11.103;1830
CNYRUBF;5;20260217;092000;11.107;11.108;11.105;11.107;123
CNYRUBF;5;20260217;092500;11.108;11.108;11.105;11.108;214
CNYRUBF;5;20260217;093000;11.109;11.11;11.108;11.108;577
CNYRUBF;5;20260217;093500;11.107;11.108;11.106;11.108;9
CNYRUBF;5;20260217;094000;11.108;11.113;11.106;11.113;2532
CNYRUBF;5;20260217;094500;11.113;11.115;11.112;11.114;485
CNYRUBF;5;20260217;095000;11.114;11.115;11.112;11.113;394
CNYRUBF;5;20260217;095500;11.113;11.116;11.112;11.113;1468
CNYRUBF;5;20260217;100000;11.113;11.13;11.104;11.123;31115
CNYRUBF;5;20260217;100500;11.122;11.127;11.1;11.104;27045
CNYRUBF;5;20260217;101000;11.103;11.116;11.096;11.111;18746
CNYRUBF;5;20260217;101500;11.11;11.118;11.106;11.109;12003
CNYRUBF;5;20260217;102000;11.11;11.118;11.109;11.113;13412
CNYRUBF;5;20260217;102500;11.112;11.113;11.108;11.108;3814
CNYRUBF;5;20260217;103000;11.109;11.124;11.109;11.114;8389
CNYRUBF;5;20260217;103500;11.115;11.12;11.111;11.113;9037
CNYRUBF;5;20260217;104000;11.112;11.113;11.109;11.111;4586
CNYRUBF;5;20260217;104500;11.11;11.112;11.107;11.11;7600
CNYRUBF;5;20260217;105000;11.109;11.113;11.107;11.112;6479
CNYRUBF;5;20260217;105500;11.112;11.114;11.098;11.105;23896
CNYRUBF;5;20260217;110000;11.105;11.11;11.1;11.104;16751
CNYRUBF;5;20260217;110500;11.102;11.104;11.097;11.1;7325
CNYRUBF;5;20260217;111000;11.1;11.104;11.098;11.101;17039
CNYRUBF;5;20260217;111500;11.101;11.102;11.099;11.101;4063
CNYRUBF;5;20260217;112000;11.1;11.103;11.099;11.1;15086
CNYRUBF;5;20260217;112500;11.1;11.105;11.096;11.101;17047
CNYRUBF;5;20260217;113000;11.1;11.101;11.096;11.097;4754
CNYRUBF;5;20260217;113500;11.098;11.101;11.096;11.1;5497
CNYRUBF;5;20260217;114000;11.099;11.099;11.088;11.093;21209
CNYRUBF;5;20260217;114500;11.092;11.095;11.087;11.089;12796
CNYRUBF;5;20260217;115000;11.088;11.09;11.087;11.089;5157
CNYRUBF;5;20260217;115500;11.088;11.093;11.087;11.091;4487
CNYRUBF;5;20260217;120000;11.091;11.091;11.079;11.084;17649
CNYRUBF;5;20260217;120500;11.083;11.09;11.081;11.09;3834
CNYRUBF;5;20260217;121000;11.09;11.093;11.087;11.093;4600
CNYRUBF;5;20260217;121500;11.092;11.1;11.087;11.093;17321
CNYRUBF;5;20260217;122000;11.092;11.094;11.083;11.088;6121
CNYRUBF;5;20260217;122500;11.088;11.088;11.082;11.082;4580
CNYRUBF;5;20260217;123000;11.082;11.082;11.073;11.077;13936
CNYRUBF;5;20260217;123500;11.077;11.083;11.074;11.083;10577
CNYRUBF;5;20260217;124000;11.082;11.084;11.081;11.084;2738
CNYRUBF;5;20260217;124500;11.083;11.088;11.078;11.081;23144
CNYRUBF;5;20260217;125000;11.083;11.089;11.081;11.089;4888
CNYRUBF;5;20260217;125500;11.088;11.09;11.082;11.083;1640
CNYRUBF;5;20260217;130000;11.082;11.086;11.079;11.082;28768
CNYRUBF;5;20260217;130500;11.082;11.087;11.076;11.087;22012
CNYRUBF;5;20260217;131000;11.087;11.087;11.079;11.084;781
CNYRUBF;5;20260217;131500;11.085;11.087;11.082;11.082;1229
CNYRUBF;5;20260217;132000;11.081;11.081;11.073;11.076;6383
CNYRUBF;5;20260217;132500;11.075;11.077;11.07;11.077;36977
CNYRUBF;5;20260217;133000;11.076;11.077;11.071;11.071;7807
CNYRUBF;5;20260217;133500;11.072;11.078;11.07;11.078;10843
CNYRUBF;5;20260217;134000;11.077;11.078;11.072;11.072;31494
CNYRUBF;5;20260217;134500;11.071;11.073;11.066;11.07;13599
CNYRUBF;5;20260217;135000;11.069;11.077;11.069;11.076;9178
CNYRUBF;5;20260217;135500;11.074;11.075;11.066;11.072;7639
CNYRUBF;5;20260217;140500;11.072;11.075;11.068;11.071;8151
CNYRUBF;5;20260217;141000;11.071;11.074;11.07;11.073;1213
CNYRUBF;5;20260217;141500;11.072;11.083;11.072;11.083;3872
CNYRUBF;5;20260217;142000;11.082;11.085;11.078;11.085;4718
CNYRUBF;5;20260217;142500;11.084;11.087;11.075;11.082;10438
CNYRUBF;5;20260217;143000;11.081;11.083;11.076;11.076;7524
CNYRUBF;5;20260217;143500;11.079;11.082;11.075;11.081;3811
CNYRUBF;5;20260217;144000;11.081;11.082;11.076;11.077;4986
CNYRUBF;5;20260217;144500;11.077;11.082;11.076;11.078;11580
CNYRUBF;5;20260217;145000;11.08;11.083;11.077;11.082;3570
CNYRUBF;5;20260217;145500;11.081;11.085;11.08;11.082;3727
CNYRUBF;5;20260217;150000;11.081;11.084;11.074;11.077;7845
CNYRUBF;5;20260217;150500;11.076;11.08;11.075;11.079;1149
CNYRUBF;5;20260217;151000;11.079;11.082;11.076;11.082;4285
CNYRUBF;5;20260217;151500;11.081;11.093;11.081;11.086;26235
CNYRUBF;5;20260217;152000;11.087;11.09;11.082;11.082;15900
CNYRUBF;5;20260217;152500;11.082;11.088;11.081;11.086;9294
CNYRUBF;5;20260217;153000;11.086;11.093;11.084;11.087;13816
CNYRUBF;5;20260217;153500;11.086;11.088;11.081;11.086;23020
CNYRUBF;5;20260217;154000;11.086;11.095;11.086;11.087;45884
CNYRUBF;5;20260217;154500;11.087;11.087;11.075;11.077;18854
CNYRUBF;5;20260217;155000;11.076;11.08;11.071;11.073;25848
CNYRUBF;5;20260217;155500;11.073;11.081;11.071;11.074;29957
CNYRUBF;5;20260217;160000;11.073;11.074;11.067;11.068;10603
CNYRUBF;5;20260217;160500;11.067;11.074;11.067;11.073;10128
CNYRUBF;5;20260217;161000;11.072;11.075;11.071;11.075;2341
CNYRUBF;5;20260217;161500;11.074;11.075;11.07;11.072;2889
CNYRUBF;5;20260217;162000;11.071;11.073;11.068;11.073;4067
CNYRUBF;5;20260217;162500;11.072;11.073;11.058;11.06;23338
CNYRUBF;5;20260217;163000;11.058;11.059;11.039;11.054;87592
CNYRUBF;5;20260217;163500;11.056;11.056;11.043;11.045;47545
CNYRUBF;5;20260217;164000;11.046;11.046;11.033;11.038;43051
CNYRUBF;5;20260217;164500;11.037;11.04;11.031;11.037;25538
CNYRUBF;5;20260217;165000;11.036;11.038;11.022;11.03;39651
CNYRUBF;5;20260217;165500;11.028;11.028;11.011;11.019;50101
CNYRUBF;5;20260217;170000;11.018;11.018;10.997;11.012;104742
CNYRUBF;5;20260217;170500;11.01;11.021;11.007;11.016;42767
CNYRUBF;5;20260217;171000;11.016;11.018;11.001;11.004;17971
CNYRUBF;5;20260217;171500;11.001;11.019;11;11.013;24486
CNYRUBF;5;20260217;172000;11.011;11.011;10.996;11;18815
CNYRUBF;5;20260217;172500;11.003;11.008;10.987;10.995;57730
CNYRUBF;5;20260217;173000;10.996;11.005;10.995;11;11935
CNYRUBF;5;20260217;173500;11;11.015;10.998;11.012;28290
CNYRUBF;5;20260217;174000;11.011;11.016;11.004;11.015;7401
CNYRUBF;5;20260217;174500;11.014;11.018;11.011;11.015;18476
CNYRUBF;5;20260217;175000;11.015;11.022;11.013;11.018;10828
CNYRUBF;5;20260217;175500;11.018;11.024;11.016;11.02;8534
CNYRUBF;5;20260217;180000;11.02;11.023;11.016;11.021;6153
CNYRUBF;5;20260217;180500;11.021;11.021;11.016;11.016;4405
CNYRUBF;5;20260217;181000;11.017;11.019;11.007;11.012;19356
CNYRUBF;5;20260217;181500;11.012;11.013;11.008;11.009;7877
CNYRUBF;5;20260217;182000;11.01;11.01;10.997;11.004;11686
CNYRUBF;5;20260217;182500;11.005;11.008;11.001;11.003;7902
CNYRUBF;5;20260217;183000;11.003;11.006;11.001;11.001;4468
CNYRUBF;5;20260217;183500;11.003;11.004;10.997;10.999;10920
CNYRUBF;5;20260217;184000;11;11.002;10.997;11;3703
CNYRUBF;5;20260217;184500;11;11.002;10.997;10.999;5243
CNYRUBF;5;20260217;190500;10.998;11.002;10.996;10.997;1674
CNYRUBF;5;20260217;191000;10.998;11.003;10.997;11.003;1930
CNYRUBF;5;20260217;191500;11.003;11.003;10.996;10.996;3660
CNYRUBF;5;20260217;192000;10.995;10.995;10.989;10.992;1855
CNYRUBF;5;20260217;192500;10.992;10.995;10.988;10.992;2125
CNYRUBF;5;20260217;193000;10.992;10.992;10.985;10.99;10406
CNYRUBF;5;20260217;193500;10.987;10.992;10.987;10.992;1710
CNYRUBF;5;20260217;194000;10.992;10.993;10.989;10.99;1664
CNYRUBF;5;20260217;194500;10.992;10.993;10.99;10.99;1406
CNYRUBF;5;20260217;195000;10.991;10.992;10.988;10.991;715
CNYRUBF;5;20260217;195500;10.992;10.992;10.99;10.99;283
CNYRUBF;5;20260217;200000;10.992;10.993;10.989;10.993;909
CNYRUBF;5;20260217;200500;10.993;10.993;10.991;10.992;291
CNYRUBF;5;20260217;201000;10.992;10.992;10.988;10.99;1023
CNYRUBF;5;20260217;201500;10.989;10.989;10.986;10.989;494
CNYRUBF;5;20260217;202000;10.989;10.992;10.989;10.991;1100
CNYRUBF;5;20260217;202500;10.992;10.995;10.991;10.994;1882
CNYRUBF;5;20260217;203000;10.992;10.995;10.991;10.994;876
CNYRUBF;5;20260217;203500;10.994;10.994;10.991;10.991;230
CNYRUBF;5;20260217;204000;10.993;10.994;10.992;10.992;270
CNYRUBF;5;20260217;204500;10.991;10.994;10.991;10.994;259
CNYRUBF;5;20260217;205000;10.994;10.994;10.992;10.992;179
CNYRUBF;5;20260217;205500;10.993;10.993;10.99;10.99;571
CNYRUBF;5;20260217;210000;10.99;10.991;10.988;10.988;1911
CNYRUBF;5;20260217;210500;10.989;10.989;10.988;10.988;112
CNYRUBF;5;20260217;211000;10.988;10.989;10.988;10.989;283
CNYRUBF;5;20260217;211500;10.989;10.989;10.987;10.988;1616
CNYRUBF;5;20260217;212000;10.988;10.988;10.986;10.987;553
CNYRUBF;5;20260217;212500;10.987;10.987;10.984;10.985;1951
CNYRUBF;5;20260217;213000;10.985;10.988;10.985;10.987;1713
CNYRUBF;5;20260217;213500;10.986;10.988;10.985;10.985;1437
CNYRUBF;5;20260217;214000;10.987;10.987;10.985;10.985;665
CNYRUBF;5;20260217;214500;10.985;10.985;10.983;10.984;658
CNYRUBF;5;20260217;215000;10.985;10.987;10.984;10.987;85
CNYRUBF;5;20260217;215500;10.987;10.987;10.986;10.986;135
CNYRUBF;5;20260217;220000;10.986;10.986;10.982;10.986;1328
CNYRUBF;5;20260217;220500;10.986;10.986;10.985;10.986;94
CNYRUBF;5;20260217;221000;10.986;10.986;10.985;10.986;129
CNYRUBF;5;20260217;221500;10.986;10.986;10.981;10.984;913
CNYRUBF;5;20260217;222000;10.985;10.985;10.984;10.985;148
CNYRUBF;5;20260217;222500;10.985;10.985;10.982;10.984;170
CNYRUBF;5;20260217;223000;10.983;10.983;10.981;10.983;480
CNYRUBF;5;20260217;223500;10.982;10.983;10.982;10.982;80
CNYRUBF;5;20260217;224000;10.982;10.984;10.982;10.984;825
CNYRUBF;5;20260217;224500;10.983;10.984;10.983;10.984;419
CNYRUBF;5;20260217;225000;10.984;10.985;10.984;10.985;622
CNYRUBF;5;20260217;225500;10.986;10.987;10.986;10.987;61
CNYRUBF;5;20260217;230000;10.986;10.989;10.986;10.988;1478
CNYRUBF;5;20260217;230500;10.988;10.989;10.988;10.989;115
CNYRUBF;5;20260217;231000;10.988;10.99;10.988;10.99;126
CNYRUBF;5;20260217;231500;10.989;10.993;10.989;10.992;274
CNYRUBF;5;20260217;232000;10.993;10.995;10.992;10.995;444
CNYRUBF;5;20260217;232500;10.994;10.994;10.992;10.993;656
CNYRUBF;5;20260217;233000;10.993;10.995;10.992;10.993;163
CNYRUBF;5;20260217;233500;10.995;10.996;10.991;10.992;594
CNYRUBF;5;20260217;234000;10.994;10.998;10.993;10.993;662
CNYRUBF;5;20260217;234500;10.997;10.999;10.995;10.996;328
CNYRUBF;5;20260218;085500;10.999;10.999;10.999;10.999;131
CNYRUBF;5;20260218;090000;10.999;11.005;10.984;10.996;4352
CNYRUBF;5;20260218;090500;10.998;11.005;10.996;10.998;2440
CNYRUBF;5;20260218;091000;10.998;10.998;10.993;10.996;831
CNYRUBF;5;20260218;091500;10.996;10.999;10.996;10.998;975
CNYRUBF;5;20260218;092000;10.998;11.001;10.998;11;2391
CNYRUBF;5;20260218;092500;11.001;11.01;11;11.006;3100
CNYRUBF;5;20260218;093000;11.006;11.016;11.006;11.012;2896
CNYRUBF;5;20260218;093500;11.011;11.014;11.01;11.014;2015
CNYRUBF;5;20260218;094000;11.014;11.014;11.005;11.009;2323
CNYRUBF;5;20260218;094500;11.008;11.009;11.007;11.009;186
CNYRUBF;5;20260218;095000;11.009;11.013;11.006;11.007;2918
CNYRUBF;5;20260218;095500;11.008;11.01;11.006;11.01;1312
CNYRUBF;5;20260218;100000;11.008;11.02;10.999;10.999;29171
CNYRUBF;5;20260218;100500;11;11.009;10.995;10.999;15043
CNYRUBF;5;20260218;101000;11;11.007;10.988;10.998;26290
CNYRUBF;5;20260218;101500;11;11.003;10.996;11;6368
CNYRUBF;5;20260218;102000;11.001;11.006;10.997;11;6294
CNYRUBF;5;20260218;102500;11.001;11.002;10.995;11;11513
CNYRUBF;5;20260218;103000;11;11.013;10.999;11.009;20396
CNYRUBF;5;20260218;103500;11.01;11.017;11.007;11.011;23448
CNYRUBF;5;20260218;104000;11.012;11.014;11.005;11.014;21073
CNYRUBF;5;20260218;104500;11.014;11.018;11.005;11.009;15212
CNYRUBF;5;20260218;105000;11.01;11.01;10.99;10.999;31666
CNYRUBF;5;20260218;105500;11.001;11.001;10.989;10.996;22246
CNYRUBF;5;20260218;110000;10.996;10.997;10.986;10.989;19294
CNYRUBF;5;20260218;110500;10.989;10.995;10.988;10.995;3916
CNYRUBF;5;20260218;111000;10.996;11;10.994;10.996;13352
CNYRUBF;5;20260218;111500;10.995;11.007;10.995;11;19243
CNYRUBF;5;20260218;112000;11.002;11.009;10.997;11.001;9031
CNYRUBF;5;20260218;112500;11.003;11.003;10.997;11;4625
CNYRUBF;5;20260218;113000;11.001;11.002;10.986;10.996;13601
CNYRUBF;5;20260218;113500;10.996;10.996;10.991;10.991;2579
CNYRUBF;5;20260218;114000;10.991;10.995;10.99;10.992;6923
CNYRUBF;5;20260218;114500;10.994;10.994;10.985;10.988;13167
CNYRUBF;5;20260218;115000;10.99;10.996;10.987;10.992;12889
CNYRUBF;5;20260218;115500;10.992;10.992;10.988;10.989;2318
CNYRUBF;5;20260218;120000;10.989;10.993;10.987;10.987;4646
CNYRUBF;5;20260218;120500;10.988;10.99;10.98;10.982;13565
CNYRUBF;5;20260218;121000;10.983;10.993;10.981;10.989;27556
CNYRUBF;5;20260218;121500;10.988;10.99;10.98;10.986;13269
CNYRUBF;5;20260218;122000;10.987;10.988;10.981;10.986;17173
CNYRUBF;5;20260218;122500;10.988;10.988;10.984;10.986;23042
CNYRUBF;5;20260218;123000;10.987;11;10.986;10.995;22175
CNYRUBF;5;20260218;123500;10.996;10.997;10.989;10.989;9280
CNYRUBF;5;20260218;124000;10.992;10.992;10.984;10.984;24160
CNYRUBF;5;20260218;124500;10.986;10.995;10.984;10.989;23740
CNYRUBF;5;20260218;125000;10.989;10.99;10.986;10.988;2793
CNYRUBF;5;20260218;125500;10.987;10.988;10.986;10.986;5664
CNYRUBF;5;20260218;130000;10.987;10.987;10.982;10.983;11556
CNYRUBF;5;20260218;130500;10.985;10.985;10.978;10.98;9326
CNYRUBF;5;20260218;131000;10.98;10.98;10.965;10.969;45705
CNYRUBF;5;20260218;131500;10.969;10.976;10.967;10.974;23298
CNYRUBF;5;20260218;132000;10.973;10.988;10.971;10.981;21894
CNYRUBF;5;20260218;132500;10.984;10.988;10.982;10.983;36852
CNYRUBF;5;20260218;133000;10.983;11.004;10.981;11.001;108867
CNYRUBF;5;20260218;133500;11.002;11.02;10.998;11.018;73458
CNYRUBF;5;20260218;134000;11.018;11.049;11.017;11.037;142425
CNYRUBF;5;20260218;134500;11.038;11.045;11.026;11.028;40469
CNYRUBF;5;20260218;135000;11.029;11.038;11.022;11.025;35218
CNYRUBF;5;20260218;135500;11.024;11.052;11.024;11.043;22736
CNYRUBF;5;20260218;140500;11.044;11.053;11.038;11.043;38774
CNYRUBF;5;20260218;141000;11.044;11.05;11.036;11.045;33444
CNYRUBF;5;20260218;141500;11.047;11.05;11.042;11.044;9603
CNYRUBF;5;20260218;142000;11.044;11.05;11.044;11.049;4691
CNYRUBF;5;20260218;142500;11.049;11.049;11.04;11.044;5212
CNYRUBF;5;20260218;143000;11.045;11.049;11.039;11.045;17547
CNYRUBF;5;20260218;143500;11.045;11.049;11.042;11.046;9732
CNYRUBF;5;20260218;144000;11.046;11.048;11.043;11.045;3314
CNYRUBF;5;20260218;144500;11.047;11.078;11.046;11.065;48590
CNYRUBF;5;20260218;145000;11.065;11.071;11.061;11.068;14255
CNYRUBF;5;20260218;145500;11.069;11.069;11.061;11.065;18405
CNYRUBF;5;20260218;150000;11.066;11.08;11.065;11.066;20864
CNYRUBF;5;20260218;150500;11.068;11.069;11.054;11.055;23390
CNYRUBF;5;20260218;151000;11.056;11.063;11.054;11.061;16593
CNYRUBF;5;20260218;151500;11.062;11.076;11.062;11.07;15982
CNYRUBF;5;20260218;152000;11.07;11.073;11.061;11.062;17132
CNYRUBF;5;20260218;152500;11.063;11.066;11.06;11.064;11905
CNYRUBF;5;20260218;153000;11.064;11.073;11.061;11.073;31321
CNYRUBF;5;20260218;153500;11.074;11.089;11.068;11.085;31202
CNYRUBF;5;20260218;154000;11.085;11.09;11.083;11.088;21503
CNYRUBF;5;20260218;154500;11.089;11.1;11.089;11.094;35131
CNYRUBF;5;20260218;155000;11.095;11.097;11.086;11.091;16239
CNYRUBF;5;20260218;155500;11.09;11.096;11.086;11.096;11703
CNYRUBF;5;20260218;160000;11.096;11.11;11.094;11.1;36915
CNYRUBF;5;20260218;160500;11.101;11.103;11.095;11.096;15390
CNYRUBF;5;20260218;161000;11.096;11.101;11.088;11.097;22169
CNYRUBF;5;20260218;161500;11.097;11.12;11.094;11.117;36147
CNYRUBF;5;20260218;162000;11.118;11.122;11.11;11.114;26225
CNYRUBF;5;20260218;162500;11.116;11.116;11.1;11.103;34120
CNYRUBF;5;20260218;163000;11.104;11.11;11.1;11.107;24190
CNYRUBF;5;20260218;163500;11.106;11.116;11.106;11.116;10723
CNYRUBF;5;20260218;164000;11.117;11.117;11.109;11.111;9258
CNYRUBF;5;20260218;164500;11.112;11.118;11.111;11.116;6213
CNYRUBF;5;20260218;165000;11.118;11.119;11.114;11.117;8487
CNYRUBF;5;20260218;165500;11.118;11.118;11.115;11.117;12333
CNYRUBF;5;20260218;170000;11.117;11.128;11.116;11.124;22962
CNYRUBF;5;20260218;170500;11.124;11.131;11.122;11.128;21029
CNYRUBF;5;20260218;171000;11.129;11.13;11.123;11.127;19164
CNYRUBF;5;20260218;171500;11.127;11.129;11.124;11.124;13706
CNYRUBF;5;20260218;172000;11.126;11.13;11.124;11.127;24373
CNYRUBF;5;20260218;172500;11.127;11.128;11.122;11.126;20201
CNYRUBF;5;20260218;173000;11.124;11.14;11.123;11.133;55866
CNYRUBF;5;20260218;173500;11.132;11.132;11.098;11.099;86969
CNYRUBF;5;20260218;174000;11.1;11.102;11.091;11.093;29824
CNYRUBF;5;20260218;174500;11.093;11.107;11.092;11.105;23762
CNYRUBF;5;20260218;175000;11.105;11.11;11.102;11.105;12894
CNYRUBF;5;20260218;175500;11.105;11.114;11.099;11.102;14538
CNYRUBF;5;20260218;180000;11.103;11.105;11.095;11.096;8941
CNYRUBF;5;20260218;180500;11.096;11.105;11.093;11.105;9131
CNYRUBF;5;20260218;181000;11.103;11.109;11.101;11.109;1334
CNYRUBF;5;20260218;181500;11.108;11.111;11.106;11.111;4296
CNYRUBF;5;20260218;182000;11.112;11.114;11.11;11.111;2568
CNYRUBF;5;20260218;182500;11.112;11.112;11.107;11.107;3412
CNYRUBF;5;20260218;183000;11.107;11.115;11.107;11.115;11174
CNYRUBF;5;20260218;183500;11.115;11.127;11.111;11.111;16596
CNYRUBF;5;20260218;184000;11.112;11.115;11.112;11.113;2851
CNYRUBF;5;20260218;184500;11.113;11.113;11.106;11.11;10148
CNYRUBF;5;20260218;190500;11.111;11.111;11.101;11.106;2203
CNYRUBF;5;20260218;191000;11.106;11.112;11.106;11.108;2102
CNYRUBF;5;20260218;191500;11.107;11.108;11.105;11.105;1380
CNYRUBF;5;20260218;192000;11.105;11.106;11.105;11.106;86
CNYRUBF;5;20260218;192500;11.106;11.108;11.105;11.108;162
CNYRUBF;5;20260218;193000;11.107;11.114;11.107;11.114;390
CNYRUBF;5;20260218;193500;11.114;11.117;11.113;11.115;344
CNYRUBF;5;20260218;194000;11.114;11.114;11.112;11.112;353
CNYRUBF;5;20260218;194500;11.112;11.114;11.112;11.112;75
CNYRUBF;5;20260218;195000;11.112;11.12;11.111;11.113;3168
CNYRUBF;5;20260218;195500;11.112;11.113;11.111;11.111;439
CNYRUBF;5;20260218;200000;11.112;11.112;11.1;11.106;5842
CNYRUBF;5;20260218;200500;11.107;11.107;11.105;11.105;35
CNYRUBF;5;20260218;201000;11.104;11.106;11.104;11.105;250
CNYRUBF;5;20260218;201500;11.107;11.107;11.105;11.105;78
CNYRUBF;5;20260218;202000;11.103;11.104;11.103;11.103;599
CNYRUBF;5;20260218;202500;11.103;11.106;11.103;11.106;262
CNYRUBF;5;20260218;203000;11.106;11.106;11.102;11.103;678
CNYRUBF;5;20260218;203500;11.103;11.106;11.103;11.106;51
CNYRUBF;5;20260218;204000;11.104;11.107;11.104;11.107;306
CNYRUBF;5;20260218;204500;11.108;11.108;11.107;11.108;97
CNYRUBF;5;20260218;205000;11.109;11.109;11.101;11.105;4202
CNYRUBF;5;20260218;205500;11.102;11.105;11.099;11.102;3162
CNYRUBF;5;20260218;210000;11.103;11.109;11.103;11.108;267
CNYRUBF;5;20260218;210500;11.108;11.109;11.108;11.109;20
CNYRUBF;5;20260218;211000;11.107;11.107;11.104;11.104;602
CNYRUBF;5;20260218;211500;11.104;11.107;11.103;11.106;1428
CNYRUBF;5;20260218;212000;11.108;11.109;11.107;11.107;448
CNYRUBF;5;20260218;212500;11.107;11.108;11.105;11.106;336
CNYRUBF;5;20260218;213000;11.106;11.109;11.105;11.106;312
CNYRUBF;5;20260218;213500;11.106;11.109;11.106;11.108;87
CNYRUBF;5;20260218;214000;11.108;11.109;11.108;11.109;130
CNYRUBF;5;20260218;214500;11.106;11.115;11.106;11.111;680
CNYRUBF;5;20260218;215000;11.111;11.115;11.111;11.115;53
CNYRUBF;5;20260218;215500;11.115;11.115;11.111;11.114;478
CNYRUBF;5;20260218;220000;11.111;11.112;11.111;11.111;141
CNYRUBF;5;20260218;220500;11.112;11.113;11.111;11.113;174
CNYRUBF;5;20260218;221000;11.113;11.116;11.113;11.116;1184
CNYRUBF;5;20260218;221500;11.115;11.116;11.112;11.114;135
CNYRUBF;5;20260218;222000;11.112;11.114;11.109;11.114;868
CNYRUBF;5;20260218;222500;11.111;11.112;11.109;11.109;134
CNYRUBF;5;20260218;223000;11.11;11.111;11.108;11.108;730
CNYRUBF;5;20260218;223500;11.108;11.11;11.108;11.11;102
CNYRUBF;5;20260218;224000;11.108;11.11;11.108;11.11;365
CNYRUBF;5;20260218;224500;11.111;11.111;11.106;11.106;150
CNYRUBF;5;20260218;225000;11.108;11.108;11.106;11.107;401
CNYRUBF;5;20260218;225500;11.108;11.109;11.106;11.109;1001
CNYRUBF;5;20260218;230000;11.107;11.107;11.102;11.102;1151
CNYRUBF;5;20260218;230500;11.104;11.104;11.102;11.103;369
CNYRUBF;5;20260218;231000;11.103;11.104;11.103;11.104;414
CNYRUBF;5;20260218;231500;11.103;11.105;11.103;11.105;52
CNYRUBF;5;20260218;232000;11.106;11.108;11.106;11.106;259
CNYRUBF;5;20260218;232500;11.106;11.11;11.105;11.109;397
CNYRUBF;5;20260218;233000;11.104;11.109;11.103;11.109;217
CNYRUBF;5;20260218;233500;11.107;11.108;11.107;11.107;10
CNYRUBF;5;20260218;234000;11.107;11.107;11.103;11.103;698
CNYRUBF;5;20260218;234500;11.104;11.107;11.103;11.103;300
CNYRUBF;5;20260219;085500;11.105;11.105;11.105;11.105;27
CNYRUBF;5;20260219;090000;11.109;11.113;11.1;11.1;6968
CNYRUBF;5;20260219;090500;11.101;11.105;11.099;11.104;4785
CNYRUBF;5;20260219;091000;11.104;11.105;11.1;11.104;1482
CNYRUBF;5;20260219;091500;11.105;11.109;11.102;11.103;1468
CNYRUBF;5;20260219;092000;11.103;11.108;11.103;11.107;333
CNYRUBF;5;20260219;092500;11.107;11.11;11.107;11.11;283
CNYRUBF;5;20260219;093000;11.11;11.11;11.107;11.107;1307
CNYRUBF;5;20260219;093500;11.107;11.112;11.107;11.112;658
CNYRUBF;5;20260219;094000;11.112;11.115;11.11;11.11;4089
CNYRUBF;5;20260219;094500;11.113;11.113;11.111;11.112;1124
CNYRUBF;5;20260219;095000;11.113;11.123;11.113;11.12;4002
CNYRUBF;5;20260219;095500;11.12;11.121;11.117;11.117;272
CNYRUBF;5;20260219;100000;11.117;11.117;11.088;11.093;23527
CNYRUBF;5;20260219;100500;11.093;11.093;11.076;11.078;23441
CNYRUBF;5;20260219;101000;11.077;11.08;11.067;11.071;39411
CNYRUBF;5;20260219;101500;11.07;11.081;11.067;11.081;12716
CNYRUBF;5;20260219;102000;11.08;11.08;11.072;11.073;6675
CNYRUBF;5;20260219;102500;11.072;11.075;11.066;11.07;16833
CNYRUBF;5;20260219;103000;11.069;11.071;11.066;11.067;12987
CNYRUBF;5;20260219;103500;11.067;11.073;11.066;11.073;11113
CNYRUBF;5;20260219;104000;11.071;11.088;11.071;11.083;18528
CNYRUBF;5;20260219;104500;11.082;11.091;11.076;11.076;25248
CNYRUBF;5;20260219;105000;11.076;11.083;11.063;11.067;23419
CNYRUBF;5;20260219;105500;11.065;11.075;11.051;11.06;49962
CNYRUBF;5;20260219;110000;11.059;11.065;11.055;11.056;24672
CNYRUBF;5;20260219;110500;11.057;11.058;11.033;11.048;47255
CNYRUBF;5;20260219;111000;11.048;11.065;11.047;11.061;29136
CNYRUBF;5;20260219;111500;11.06;11.071;11.05;11.065;25154
CNYRUBF;5;20260219;112000;11.065;11.07;11.059;11.06;8079
CNYRUBF;5;20260219;112500;11.059;11.061;11.05;11.053;8354
CNYRUBF;5;20260219;113000;11.052;11.055;11.045;11.053;12682
CNYRUBF;5;20260219;113500;11.053;11.066;11.052;11.065;14083
CNYRUBF;5;20260219;114000;11.065;11.065;11.052;11.054;12508
CNYRUBF;5;20260219;114500;11.054;11.058;11.047;11.051;14630
CNYRUBF;5;20260219;115000;11.052;11.057;11.05;11.056;7253
CNYRUBF;5;20260219;115500;11.056;11.056;11.053;11.053;2614
CNYRUBF;5;20260219;120000;11.054;11.055;11.048;11.054;8249
CNYRUBF;5;20260219;120500;11.051;11.054;11.042;11.043;4844
CNYRUBF;5;20260219;121000;11.042;11.054;11.037;11.051;31593
CNYRUBF;5;20260219;121500;11.051;11.055;11.048;11.05;12140
CNYRUBF;5;20260219;122000;11.049;11.059;11.049;11.057;5346
CNYRUBF;5;20260219;122500;11.055;11.065;11.053;11.065;6222
CNYRUBF;5;20260219;123000;11.063;11.066;11.057;11.06;10861
CNYRUBF;5;20260219;123500;11.06;11.067;11.059;11.063;7812
CNYRUBF;5;20260219;124000;11.062;11.066;11.059;11.062;5683
CNYRUBF;5;20260219;124500;11.062;11.063;11.058;11.059;2905
CNYRUBF;5;20260219;125000;11.059;11.061;11.057;11.059;2870
CNYRUBF;5;20260219;125500;11.057;11.064;11.057;11.063;5158
CNYRUBF;5;20260219;130000;11.063;11.08;11.061;11.08;20560
CNYRUBF;5;20260219;130500;11.079;11.087;11.077;11.086;11741
CNYRUBF;5;20260219;131000;11.086;11.093;11.08;11.086;31058
CNYRUBF;5;20260219;131500;11.086;11.087;11.078;11.085;6286
CNYRUBF;5;20260219;132000;11.085;11.086;11.079;11.083;5587
CNYRUBF;5;20260219;132500;11.083;11.085;11.066;11.068;7527
CNYRUBF;5;20260219;133000;11.068;11.082;11.065;11.066;12350
CNYRUBF;5;20260219;133500;11.066;11.066;11.04;11.045;57254
CNYRUBF;5;20260219;134000;11.046;11.062;11.045;11.051;17986
CNYRUBF;5;20260219;134500;11.049;11.059;11.046;11.053;22429
CNYRUBF;5;20260219;135000;11.054;11.075;11.046;11.069;30437
CNYRUBF;5;20260219;135500;11.069;11.071;11.048;11.06;32053
CNYRUBF;5;20260219;140500;11.061;11.085;11.061;11.085;31573
CNYRUBF;5;20260219;141000;11.086;11.097;11.084;11.093;22367
CNYRUBF;5;20260219;141500;11.094;11.097;11.085;11.089;16810
CNYRUBF;5;20260219;142000;11.089;11.095;11.086;11.09;4154
CNYRUBF;5;20260219;142500;11.09;11.093;11.087;11.093;6699
CNYRUBF;5;20260219;143000;11.093;11.1;11.089;11.097;17892
CNYRUBF;5;20260219;143500;11.098;11.105;11.094;11.102;16205
CNYRUBF;5;20260219;144000;11.101;11.106;11.1;11.103;17004
CNYRUBF;5;20260219;144500;11.103;11.104;11.096;11.098;6259
CNYRUBF;5;20260219;145000;11.099;11.104;11.098;11.101;5992
CNYRUBF;5;20260219;145500;11.101;11.102;11.098;11.101;6198
CNYRUBF;5;20260219;150000;11.102;11.108;11.1;11.104;17343
CNYRUBF;5;20260219;150500;11.104;11.107;11.103;11.107;7056
CNYRUBF;5;20260219;151000;11.107;11.107;11.102;11.106;5797
CNYRUBF;5;20260219;151500;11.106;11.112;11.106;11.109;10012
CNYRUBF;5;20260219;152000;11.11;11.113;11.109;11.11;6990
CNYRUBF;5;20260219;152500;11.111;11.111;11.096;11.102;31362
CNYRUBF;5;20260219;153000;11.103;11.105;11.093;11.102;32188
CNYRUBF;5;20260219;153500;11.103;11.11;11.103;11.107;11292
CNYRUBF;5;20260219;154000;11.109;11.116;11.108;11.113;11089
CNYRUBF;5;20260219;154500;11.114;11.115;11.108;11.11;14208
CNYRUBF;5;20260219;155000;11.112;11.116;11.108;11.111;26114
CNYRUBF;5;20260219;155500;11.112;11.113;11.104;11.105;7239
CNYRUBF;5;20260219;160000;11.107;11.108;11.098;11.103;7845
CNYRUBF;5;20260219;160500;11.104;11.107;11.095;11.1;26471
CNYRUBF;5;20260219;161000;11.1;11.107;11.081;11.097;75914
CNYRUBF;5;20260219;161500;11.099;11.099;11.085;11.089;16451
CNYRUBF;5;20260219;162000;11.09;11.092;11.082;11.085;14696
CNYRUBF;5;20260219;162500;11.086;11.088;11.074;11.077;36721
CNYRUBF;5;20260219;163000;11.078;11.084;11.07;11.077;37827
CNYRUBF;5;20260219;163500;11.076;11.086;11.072;11.086;24441
CNYRUBF;5;20260219;164000;11.087;11.089;11.078;11.079;9229
CNYRUBF;5;20260219;164500;11.08;11.083;11.073;11.081;11580
CNYRUBF;5;20260219;165000;11.082;11.084;11.069;11.072;53084
CNYRUBF;5;20260219;165500;11.072;11.076;11.052;11.055;53175
CNYRUBF;5;20260219;170000;11.053;11.055;11.045;11.051;50247
CNYRUBF;5;20260219;170500;11.05;11.058;11.05;11.057;15546
CNYRUBF;5;20260219;171000;11.056;11.062;11.056;11.061;14139
CNYRUBF;5;20260219;171500;11.061;11.062;11.057;11.059;951
CNYRUBF;5;20260219;172000;11.059;11.059;11.052;11.055;6213
CNYRUBF;5;20260219;172500;11.054;11.055;11.05;11.051;1910
CNYRUBF;5;20260219;173000;11.051;11.052;11.033;11.033;11634
CNYRUBF;5;20260219;173500;11.033;11.035;11.024;11.025;27743
CNYRUBF;5;20260219;174000;11.025;11.031;11.023;11.03;26331
CNYRUBF;5;20260219;174500;11.029;11.038;11.026;11.038;9200
CNYRUBF;5;20260219;175000;11.038;11.047;11.034;11.044;26257
CNYRUBF;5;20260219;175500;11.044;11.044;11.039;11.04;8858
CNYRUBF;5;20260219;180000;11.04;11.043;11.037;11.041;6508
CNYRUBF;5;20260219;180500;11.04;11.051;11.039;11.048;14151
CNYRUBF;5;20260219;181000;11.049;11.053;11.047;11.048;14602
CNYRUBF;5;20260219;181500;11.048;11.056;11.044;11.046;17978
CNYRUBF;5;20260219;182000;11.047;11.048;11.038;11.042;10176
CNYRUBF;5;20260219;182500;11.042;11.046;11.041;11.044;2887
CNYRUBF;5;20260219;183000;11.044;11.046;11.042;11.043;3128
CNYRUBF;5;20260219;183500;11.043;11.048;11.041;11.048;2308
CNYRUBF;5;20260219;184000;11.047;11.049;11.042;11.044;6354
CNYRUBF;5;20260219;184500;11.045;11.047;11.043;11.047;2003
CNYRUBF;5;20260219;190500;11.05;11.054;11.047;11.053;1961
CNYRUBF;5;20260219;191000;11.053;11.061;11.052;11.055;4943
CNYRUBF;5;20260219;191500;11.058;11.058;11.052;11.052;647
CNYRUBF;5;20260219;192000;11.053;11.054;11.051;11.053;1564
CNYRUBF;5;20260219;192500;11.053;11.056;11.052;11.052;674
CNYRUBF;5;20260219;193000;11.052;11.052;11.052;11.052;275
CNYRUBF;5;20260219;193500;11.052;11.053;11.051;11.053;275
CNYRUBF;5;20260219;194000;11.053;11.057;11.053;11.056;696
CNYRUBF;5;20260219;194500;11.057;11.057;11.056;11.057;460
CNYRUBF;5;20260219;195000;11.055;11.055;11.054;11.054;92
CNYRUBF;5;20260219;195500;11.054;11.054;11.05;11.053;1929
CNYRUBF;5;20260219;200000;11.055;11.056;11.053;11.054;147
CNYRUBF;5;20260219;200500;11.054;11.056;11.054;11.055;271
CNYRUBF;5;20260219;201000;11.054;11.055;11.054;11.055;4
CNYRUBF;5;20260219;201500;11.055;11.055;11.051;11.055;121
CNYRUBF;5;20260219;202000;11.051;11.054;11.051;11.054;141
CNYRUBF;5;20260219;202500;11.052;11.052;11.049;11.049;761
CNYRUBF;5;20260219;203000;11.049;11.049;11.047;11.047;337
CNYRUBF;5;20260219;203500;11.048;11.049;11.048;11.048;30
CNYRUBF;5;20260219;204000;11.047;11.049;11.046;11.046;3166
CNYRUBF;5;20260219;204500;11.047;11.049;11.046;11.047;301
CNYRUBF;5;20260219;205000;11.047;11.049;11.047;11.049;416
CNYRUBF;5;20260219;205500;11.049;11.049;11.049;11.049;4
CNYRUBF;5;20260219;210000;11.049;11.052;11.049;11.052;54
CNYRUBF;5;20260219;210500;11.052;11.055;11.052;11.055;553
CNYRUBF;5;20260219;211000;11.053;11.054;11.051;11.051;592
CNYRUBF;5;20260219;211500;11.053;11.053;11.053;11.053;2
CNYRUBF;5;20260219;212000;11.053;11.053;11.051;11.053;131
CNYRUBF;5;20260219;212500;11.054;11.054;11.053;11.054;188
CNYRUBF;5;20260219;213000;11.051;11.054;11.051;11.054;64
CNYRUBF;5;20260219;213500;11.055;11.057;11.053;11.056;1120
CNYRUBF;5;20260219;214000;11.055;11.055;11.054;11.055;40
CNYRUBF;5;20260219;214500;11.054;11.054;11.053;11.053;14
CNYRUBF;5;20260219;215000;11.053;11.054;11.051;11.051;321
CNYRUBF;5;20260219;215500;11.054;11.055;11.053;11.053;80
CNYRUBF;5;20260219;220000;11.056;11.057;11.056;11.057;203
CNYRUBF;5;20260219;220500;11.056;11.057;11.056;11.057;15
CNYRUBF;5;20260219;221000;11.054;11.057;11.054;11.054;12
CNYRUBF;5;20260219;221500;11.057;11.057;11.057;11.057;197
CNYRUBF;5;20260219;222000;11.057;11.057;11.056;11.056;107
CNYRUBF;5;20260219;222500;11.057;11.057;11.057;11.057;616
CNYRUBF;5;20260219;223000;11.057;11.057;11.056;11.057;514
CNYRUBF;5;20260219;223500;11.057;11.057;11.056;11.056;121
CNYRUBF;5;20260219;224000;11.056;11.056;11.055;11.055;9
CNYRUBF;5;20260219;224500;11.055;11.055;11.054;11.054;710
CNYRUBF;5;20260219;225000;11.056;11.056;11.055;11.055;261
CNYRUBF;5;20260219;225500;11.056;11.056;11.056;11.056;236
CNYRUBF;5;20260219;230000;11.056;11.058;11.056;11.058;1424
CNYRUBF;5;20260219;230500;11.057;11.058;11.057;11.057;312
CNYRUBF;5;20260219;231000;11.056;11.056;11.055;11.056;101
CNYRUBF;5;20260219;231500;11.056;11.056;11.051;11.053;191
CNYRUBF;5;20260219;232000;11.051;11.053;11.051;11.053;98
CNYRUBF;5;20260219;232500;11.052;11.053;11.049;11.052;606
CNYRUBF;5;20260219;233000;11.05;11.053;11.05;11.051;77
CNYRUBF;5;20260219;233500;11.052;11.052;11.052;11.052;71
CNYRUBF;5;20260219;234000;11.055;11.058;11.052;11.056;756
CNYRUBF;5;20260219;234500;11.056;11.06;11.054;11.06;479
CNYRUBF;5;20260220;085500;11.061;11.061;11.061;11.061;279
CNYRUBF;5;20260220;090000;11.061;11.073;11.06;11.067;8108
CNYRUBF;5;20260220;090500;11.068;11.072;11.062;11.072;3688
CNYRUBF;5;20260220;091000;11.072;11.072;11.064;11.064;3224
CNYRUBF;5;20260220;091500;11.065;11.07;11.064;11.067;2721
CNYRUBF;5;20260220;092000;11.066;11.066;11.06;11.062;2563
CNYRUBF;5;20260220;092500;11.062;11.062;11.054;11.055;2140
CNYRUBF;5;20260220;093000;11.056;11.06;11.051;11.059;4072
CNYRUBF;5;20260220;093500;11.058;11.058;11.055;11.055;799
CNYRUBF;5;20260220;094000;11.056;11.056;11.04;11.042;6021
CNYRUBF;5;20260220;094500;11.042;11.048;11.037;11.046;6932
CNYRUBF;5;20260220;095000;11.044;11.049;11.044;11.047;557
CNYRUBF;5;20260220;095500;11.047;11.053;11.046;11.05;3198
CNYRUBF;5;20260220;100000;11.05;11.062;11.041;11.048;51908
CNYRUBF;5;20260220;100500;11.044;11.054;11.044;11.051;28118
CNYRUBF;5;20260220;101000;11.05;11.084;11.05;11.077;61851
CNYRUBF;5;20260220;101500;11.076;11.087;11.072;11.076;27406
CNYRUBF;5;20260220;102000;11.075;11.081;11.069;11.073;24705
CNYRUBF;5;20260220;102500;11.072;11.077;11.071;11.072;5383
CNYRUBF;5;20260220;103000;11.072;11.076;11.066;11.069;11172
CNYRUBF;5;20260220;103500;11.069;11.073;11.067;11.068;6010
CNYRUBF;5;20260220;104000;11.068;11.076;11.068;11.071;7936
CNYRUBF;5;20260220;104500;11.071;11.076;11.07;11.074;7587
CNYRUBF;5;20260220;105000;11.073;11.078;11.071;11.071;5865
CNYRUBF;5;20260220;105500;11.07;11.07;11.063;11.067;6468
CNYRUBF;5;20260220;110000;11.064;11.079;11.064;11.075;7297
CNYRUBF;5;20260220;110500;11.074;11.074;11.068;11.071;4501
CNYRUBF;5;20260220;111000;11.07;11.074;11.063;11.067;4352
CNYRUBF;5;20260220;111500;11.067;11.069;11.065;11.067;914
CNYRUBF;5;20260220;112000;11.066;11.071;11.057;11.061;19655
CNYRUBF;5;20260220;112500;11.061;11.067;11.057;11.063;9798
CNYRUBF;5;20260220;113000;11.063;11.068;11.063;11.063;2250
CNYRUBF;5;20260220;113500;11.063;11.071;11.059;11.071;9888
CNYRUBF;5;20260220;114000;11.069;11.081;11.067;11.075;9140
CNYRUBF;5;20260220;114500;11.074;11.107;11.074;11.1;46819
CNYRUBF;5;20260220;115000;11.1;11.115;11.096;11.098;45928
CNYRUBF;5;20260220;115500;11.097;11.099;11.085;11.088;43825
CNYRUBF;5;20260220;120000;11.087;11.094;11.081;11.089;42703
CNYRUBF;5;20260220;120500;11.089;11.095;11.082;11.089;31225
CNYRUBF;5;20260220;121000;11.087;11.101;11.087;11.089;60794
CNYRUBF;5;20260220;121500;11.089;11.099;11.089;11.095;8709
CNYRUBF;5;20260220;122000;11.095;11.1;11.089;11.092;12933
CNYRUBF;5;20260220;122500;11.091;11.093;11.084;11.086;12495
CNYRUBF;5;20260220;123000;11.086;11.097;11.085;11.095;6661
CNYRUBF;5;20260220;123500;11.095;11.104;11.095;11.099;14218
CNYRUBF;5;20260220;124000;11.099;11.1;11.086;11.092;33002
CNYRUBF;5;20260220;124500;11.091;11.092;11.085;11.086;4087
CNYRUBF;5;20260220;125000;11.085;11.09;11.078;11.09;10786
CNYRUBF;5;20260220;125500;11.09;11.096;11.087;11.092;5327
CNYRUBF;5;20260220;130000;11.092;11.094;11.088;11.09;7167
CNYRUBF;5;20260220;130500;11.088;11.095;11.087;11.092;5854
CNYRUBF;5;20260220;131000;11.092;11.094;11.082;11.084;10104
CNYRUBF;5;20260220;131500;11.083;11.097;11.078;11.087;32498
CNYRUBF;5;20260220;132000;11.088;11.094;11.083;11.09;20340
CNYRUBF;5;20260220;132500;11.091;11.097;11.089;11.095;9734
CNYRUBF;5;20260220;133000;11.095;11.108;11.086;11.095;34087
CNYRUBF;5;20260220;133500;11.096;11.105;11.096;11.103;7139
CNYRUBF;5;20260220;134000;11.104;11.11;11.095;11.107;30763
CNYRUBF;5;20260220;134500;11.107;11.135;11.107;11.122;136466
CNYRUBF;5;20260220;135000;11.122;11.135;11.118;11.132;29212
CNYRUBF;5;20260220;135500;11.132;11.136;11.124;11.129;28160
CNYRUBF;5;20260220;140500;11.125;11.128;11.12;11.127;27397
CNYRUBF;5;20260220;141000;11.128;11.129;11.113;11.118;11676
CNYRUBF;5;20260220;141500;11.118;11.122;11.108;11.116;28145
CNYRUBF;5;20260220;142000;11.114;11.121;11.106;11.106;11440
CNYRUBF;5;20260220;142500;11.107;11.114;11.101;11.105;18108
CNYRUBF;5;20260220;143000;11.105;11.115;11.103;11.114;11860
CNYRUBF;5;20260220;143500;11.114;11.125;11.113;11.121;6272
CNYRUBF;5;20260220;144000;11.121;11.125;11.115;11.12;14038
CNYRUBF;5;20260220;144500;11.12;11.121;11.112;11.115;7093
CNYRUBF;5;20260220;145000;11.116;11.129;11.115;11.117;44864
CNYRUBF;5;20260220;145500;11.117;11.117;11.101;11.104;16780
CNYRUBF;5;20260220;150000;11.105;11.111;11.098;11.098;11736
CNYRUBF;5;20260220;150500;11.097;11.105;11.095;11.104;12037
CNYRUBF;5;20260220;151000;11.105;11.113;11.097;11.112;9886
CNYRUBF;5;20260220;151500;11.112;11.113;11.107;11.107;1060
CNYRUBF;5;20260220;152000;11.108;11.11;11.099;11.101;13857
CNYRUBF;5;20260220;152500;11.101;11.103;11.098;11.103;6033
CNYRUBF;5;20260220;153000;11.103;11.108;11.102;11.107;4584
CNYRUBF;5;20260220;153500;11.106;11.107;11.1;11.104;4847
CNYRUBF;5;20260220;154000;11.104;11.105;11.095;11.095;32235
CNYRUBF;5;20260220;154500;11.096;11.1;11.09;11.099;21444
CNYRUBF;5;20260220;155000;11.1;11.104;11.097;11.103;5530
CNYRUBF;5;20260220;155500;11.104;11.106;11.099;11.1;8547
CNYRUBF;5;20260220;160000;11.1;11.102;11.097;11.102;7415
CNYRUBF;5;20260220;160500;11.102;11.105;11.099;11.104;13534
CNYRUBF;5;20260220;161000;11.106;11.111;11.102;11.102;8904
CNYRUBF;5;20260220;161500;11.103;11.108;11.101;11.102;7075
CNYRUBF;5;20260220;162000;11.102;11.103;11.096;11.098;11361
CNYRUBF;5;20260220;162500;11.098;11.099;11.088;11.09;17910
CNYRUBF;5;20260220;163000;11.091;11.091;11.077;11.089;39205
CNYRUBF;5;20260220;163500;11.089;11.092;11.087;11.088;6395
CNYRUBF;5;20260220;164000;11.088;11.088;11.083;11.084;12521
CNYRUBF;5;20260220;164500;11.087;11.089;11.082;11.087;5452
CNYRUBF;5;20260220;165000;11.088;11.09;11.081;11.086;7918
CNYRUBF;5;20260220;165500;11.087;11.096;11.087;11.094;6915
CNYRUBF;5;20260220;170000;11.093;11.095;11.087;11.089;8571
CNYRUBF;5;20260220;170500;11.089;11.091;11.084;11.089;2375
CNYRUBF;5;20260220;171000;11.088;11.09;11.087;11.089;1460
CNYRUBF;5;20260220;171500;11.09;11.09;11.083;11.086;3107
CNYRUBF;5;20260220;172000;11.086;11.087;11.083;11.083;4257
CNYRUBF;5;20260220;172500;11.083;11.083;11.073;11.076;8828
CNYRUBF;5;20260220;173000;11.075;11.08;11.07;11.08;11356
CNYRUBF;5;20260220;173500;11.081;11.085;11.079;11.084;5250
CNYRUBF;5;20260220;174000;11.083;11.083;11.078;11.081;7754
CNYRUBF;5;20260220;174500;11.081;11.091;11.081;11.088;11299
CNYRUBF;5;20260220;175000;11.089;11.093;11.088;11.093;10720
CNYRUBF;5;20260220;175500;11.093;11.104;11.088;11.104;24941
CNYRUBF;5;20260220;180000;11.104;11.107;11.098;11.105;18396
CNYRUBF;5;20260220;180500;11.105;11.106;11.101;11.103;8546
CNYRUBF;5;20260220;181000;11.101;11.102;11.095;11.098;9564
CNYRUBF;5;20260220;181500;11.098;11.102;11.097;11.102;11132
CNYRUBF;5;20260220;182000;11.103;11.104;11.1;11.102;8452
CNYRUBF;5;20260220;182500;11.101;11.104;11.098;11.102;5518
CNYRUBF;5;20260220;183000;11.103;11.109;11.103;11.105;2867
CNYRUBF;5;20260220;183500;11.105;11.112;11.105;11.107;4595
CNYRUBF;5;20260220;184000;11.109;11.111;11.107;11.11;4168
CNYRUBF;5;20260220;184500;11.11;11.11;11.098;11.103;10789
CNYRUBF;5;20260220;190500;11.104;11.106;11.098;11.103;1341
CNYRUBF;5;20260220;191000;11.104;11.104;11.095;11.095;2692
CNYRUBF;5;20260220;191500;11.095;11.097;11.093;11.097;1698
CNYRUBF;5;20260220;192000;11.096;11.101;11.095;11.1;274
CNYRUBF;5;20260220;192500;11.1;11.1;11.098;11.1;281
CNYRUBF;5;20260220;193000;11.1;11.111;11.1;11.107;1999
CNYRUBF;5;20260220;193500;11.105;11.109;11.1;11.103;3180
CNYRUBF;5;20260220;194000;11.1;11.102;11.1;11.102;41
CNYRUBF;5;20260220;194500;11.102;11.104;11.102;11.103;219
CNYRUBF;5;20260220;195000;11.103;11.106;11.102;11.106;330
CNYRUBF;5;20260220;195500;11.106;11.106;11.103;11.103;272
CNYRUBF;5;20260220;200000;11.104;11.104;11.101;11.101;129
CNYRUBF;5;20260220;200500;11.103;11.103;11.1;11.1;218
CNYRUBF;5;20260220;201000;11.103;11.103;11.099;11.1;503
CNYRUBF;5;20260220;201500;11.1;11.101;11.099;11.099;200
CNYRUBF;5;20260220;202000;11.099;11.103;11.099;11.101;289
CNYRUBF;5;20260220;202500;11.101;11.101;11.096;11.097;1770
CNYRUBF;5;20260220;203000;11.1;11.101;11.098;11.101;220
CNYRUBF;5;20260220;203500;11.1;11.101;11.099;11.101;529
CNYRUBF;5;20260220;204000;11.1;11.103;11.099;11.099;747
CNYRUBF;5;20260220;204500;11.099;11.099;11.098;11.099;208
CNYRUBF;5;20260220;205000;11.098;11.102;11.098;11.102;566
CNYRUBF;5;20260220;205500;11.101;11.104;11.099;11.099;314
CNYRUBF;5;20260220;210000;11.099;11.1;11.097;11.1;539
CNYRUBF;5;20260220;210500;11.097;11.098;11.095;11.095;336
CNYRUBF;5;20260220;211000;11.097;11.097;11.094;11.097;455
CNYRUBF;5;20260220;211500;11.097;11.097;11.094;11.095;254
CNYRUBF;5;20260220;212000;11.097;11.098;11.094;11.095;340
CNYRUBF;5;20260220;212500;11.096;11.097;11.094;11.097;805
CNYRUBF;5;20260220;213000;11.097;11.098;11.095;11.098;512
CNYRUBF;5;20260220;213500;11.098;11.099;11.098;11.099;435
CNYRUBF;5;20260220;214000;11.098;11.098;11.095;11.097;26
CNYRUBF;5;20260220;214500;11.094;11.097;11.094;11.095;9
CNYRUBF;5;20260220;215000;11.098;11.098;11.093;11.095;322
CNYRUBF;5;20260220;215500;11.094;11.095;11.094;11.095;242
CNYRUBF;5;20260220;220000;11.094;11.096;11.094;11.094;14
CNYRUBF;5;20260220;220500;11.094;11.096;11.094;11.095;13
CNYRUBF;5;20260220;221000;11.095;11.095;11.093;11.093;753
CNYRUBF;5;20260220;221500;11.095;11.095;11.091;11.092;427
CNYRUBF;5;20260220;222000;11.092;11.097;11.092;11.097;295
CNYRUBF;5;20260220;222500;11.097;11.1;11.096;11.1;840
CNYRUBF;5;20260220;223000;11.098;11.1;11.097;11.097;102
CNYRUBF;5;20260220;223500;11.096;11.102;11.096;11.101;2103
CNYRUBF;5;20260220;224000;11.101;11.102;11.1;11.102;2022
CNYRUBF;5;20260220;224500;11.101;11.102;11.101;11.101;1920
CNYRUBF;5;20260220;225000;11.101;11.102;11.1;11.102;1755
CNYRUBF;5;20260220;225500;11.102;11.103;11.101;11.102;919
CNYRUBF;5;20260220;230000;11.102;11.107;11.102;11.107;2553
CNYRUBF;5;20260220;230500;11.106;11.107;11.106;11.106;641
CNYRUBF;5;20260220;231000;11.105;11.105;11.105;11.105;783
CNYRUBF;5;20260220;231500;11.105;11.105;11.104;11.105;3949
CNYRUBF;5;20260220;232000;11.104;11.105;11.101;11.105;6182
CNYRUBF;5;20260220;232500;11.103;11.105;11.103;11.105;1558
CNYRUBF;5;20260220;233000;11.104;11.104;11.1;11.1;2684
CNYRUBF;5;20260220;233500;11.104;11.104;11.104;11.104;3
CNYRUBF;5;20260220;234000;11.102;11.103;11.1;11.103;687
CNYRUBF;5;20260220;234500;11.103;11.105;11.102;11.104;898
CNYRUBF;5;20260224;085500;11.109;11.109;11.109;11.109;145
CNYRUBF;5;20260224;090000;11.105;11.116;11.092;11.115;18075
CNYRUBF;5;20260224;090500;11.115;11.13;11.113;11.124;13278
CNYRUBF;5;20260224;091000;11.126;11.126;11.107;11.108;4309
CNYRUBF;5;20260224;091500;11.109;11.109;11.106;11.108;2475
CNYRUBF;5;20260224;092000;11.108;11.108;11.097;11.103;4574
CNYRUBF;5;20260224;092500;11.103;11.11;11.103;11.107;2087
CNYRUBF;5;20260224;093000;11.108;11.117;11.106;11.113;2874
CNYRUBF;5;20260224;093500;11.113;11.118;11.106;11.113;8649
CNYRUBF;5;20260224;094000;11.113;11.114;11.107;11.11;6484
CNYRUBF;5;20260224;094500;11.11;11.11;11.101;11.104;2740
CNYRUBF;5;20260224;095000;11.102;11.104;11.102;11.103;97
CNYRUBF;5;20260224;095500;11.103;11.106;11.101;11.104;1330
CNYRUBF;5;20260224;100000;11.103;11.131;11.103;11.131;54611
CNYRUBF;5;20260224;100500;11.131;11.135;11.119;11.121;28323
CNYRUBF;5;20260224;101000;11.121;11.136;11.114;11.127;27233
CNYRUBF;5;20260224;101500;11.127;11.157;11.116;11.139;73147
CNYRUBF;5;20260224;102000;11.138;11.14;11.123;11.131;15902
CNYRUBF;5;20260224;102500;11.129;11.132;11.119;11.129;16358
CNYRUBF;5;20260224;103000;11.127;11.134;11.124;11.13;15227
CNYRUBF;5;20260224;103500;11.131;11.134;11.116;11.118;17060
CNYRUBF;5;20260224;104000;11.119;11.125;11.094;11.102;58775
CNYRUBF;5;20260224;104500;11.101;11.108;11.095;11.103;21693
CNYRUBF;5;20260224;105000;11.102;11.111;11.101;11.106;10578
CNYRUBF;5;20260224;105500;11.104;11.115;11.102;11.107;16409
CNYRUBF;5;20260224;110000;11.107;11.115;11.103;11.111;10438
CNYRUBF;5;20260224;110500;11.111;11.116;11.111;11.114;6462
CNYRUBF;5;20260224;111000;11.114;11.117;11.111;11.116;3943
CNYRUBF;5;20260224;111500;11.116;11.13;11.116;11.119;10635
CNYRUBF;5;20260224;112000;11.121;11.122;11.113;11.116;4494
CNYRUBF;5;20260224;112500;11.116;11.121;11.111;11.12;9226
CNYRUBF;5;20260224;113000;11.12;11.121;11.116;11.116;9519
CNYRUBF;5;20260224;113500;11.115;11.128;11.114;11.124;17746
CNYRUBF;5;20260224;114000;11.125;11.125;11.118;11.119;10234
CNYRUBF;5;20260224;114500;11.118;11.125;11.113;11.116;18758
CNYRUBF;5;20260224;115000;11.117;11.122;11.116;11.121;7600
CNYRUBF;5;20260224;115500;11.122;11.123;11.12;11.12;1882
CNYRUBF;5;20260224;120000;11.121;11.124;11.12;11.124;10464
CNYRUBF;5;20260224;120500;11.124;11.132;11.12;11.128;18584
CNYRUBF;5;20260224;121000;11.127;11.132;11.121;11.124;15748
CNYRUBF;5;20260224;121500;11.122;11.13;11.122;11.124;3323
CNYRUBF;5;20260224;122000;11.124;11.125;11.116;11.121;12957
CNYRUBF;5;20260224;122500;11.121;11.123;11.115;11.123;4999
CNYRUBF;5;20260224;123000;11.122;11.124;11.121;11.122;2442
CNYRUBF;5;20260224;123500;11.122;11.123;11.112;11.117;3384
CNYRUBF;5;20260224;124000;11.116;11.12;11.115;11.118;5117
CNYRUBF;5;20260224;124500;11.117;11.117;11.104;11.108;16998
CNYRUBF;5;20260224;125000;11.108;11.108;11.096;11.104;11865
CNYRUBF;5;20260224;125500;11.103;11.107;11.1;11.106;9770
CNYRUBF;5;20260224;130000;11.105;11.107;11.102;11.104;7774
CNYRUBF;5;20260224;130500;11.104;11.107;11.102;11.104;2109
CNYRUBF;5;20260224;131000;11.103;11.104;11.102;11.103;1348
CNYRUBF;5;20260224;131500;11.104;11.105;11.101;11.104;5681
CNYRUBF;5;20260224;132000;11.102;11.112;11.101;11.11;4108
CNYRUBF;5;20260224;132500;11.11;11.113;11.106;11.106;12522
CNYRUBF;5;20260224;133000;11.106;11.111;11.104;11.106;20399
CNYRUBF;5;20260224;133500;11.105;11.107;11.104;11.106;1774
CNYRUBF;5;20260224;134000;11.106;11.109;11.105;11.108;9223
CNYRUBF;5;20260224;134500;11.109;11.109;11.107;11.108;2692
CNYRUBF;5;20260224;135000;11.108;11.115;11.108;11.113;12513
CNYRUBF;5;20260224;135500;11.113;11.114;11.106;11.112;9926
CNYRUBF;5;20260224;140500;11.11;11.111;11.104;11.106;6776
CNYRUBF;5;20260224;141000;11.105;11.106;11.1;11.102;8276
CNYRUBF;5;20260224;141500;11.101;11.108;11.1;11.106;1645
CNYRUBF;5;20260224;142000;11.106;11.112;11.105;11.111;4549
CNYRUBF;5;20260224;142500;11.111;11.113;11.106;11.106;2551
CNYRUBF;5;20260224;143000;11.107;11.109;11.105;11.106;2236
CNYRUBF;5;20260224;143500;11.107;11.109;11.105;11.108;6327
CNYRUBF;5;20260224;144000;11.108;11.11;11.106;11.106;543
CNYRUBF;5;20260224;144500;11.108;11.113;11.108;11.113;5086
CNYRUBF;5;20260224;145000;11.112;11.113;11.109;11.111;3450
CNYRUBF;5;20260224;145500;11.11;11.113;11.109;11.113;1828
CNYRUBF;5;20260224;150000;11.112;11.12;11.112;11.116;11662
CNYRUBF;5;20260224;150500;11.114;11.115;11.11;11.114;4703
CNYRUBF;5;20260224;151000;11.112;11.116;11.111;11.114;3975
CNYRUBF;5;20260224;151500;11.113;11.119;11.111;11.117;4227
CNYRUBF;5;20260224;152000;11.117;11.117;11.111;11.112;2170
CNYRUBF;5;20260224;152500;11.111;11.112;11.101;11.102;6670
CNYRUBF;5;20260224;153000;11.103;11.104;11.1;11.103;3876
CNYRUBF;5;20260224;153500;11.103;11.111;11.102;11.107;14412
CNYRUBF;5;20260224;154000;11.107;11.11;11.104;11.108;4365
CNYRUBF;5;20260224;154500;11.108;11.108;11.105;11.107;1035
CNYRUBF;5;20260224;155000;11.106;11.108;11.101;11.102;2451
CNYRUBF;5;20260224;155500;11.102;11.107;11.101;11.105;3878
CNYRUBF;5;20260224;160000;11.105;11.105;11.096;11.102;5640
CNYRUBF;5;20260224;160500;11.102;11.102;11.078;11.081;32107
CNYRUBF;5;20260224;161000;11.08;11.089;11.079;11.084;11823
CNYRUBF;5;20260224;161500;11.083;11.086;11.08;11.08;9048
CNYRUBF;5;20260224;162000;11.08;11.086;11.072;11.074;20028
CNYRUBF;5;20260224;162500;11.073;11.08;11.072;11.075;12150
CNYRUBF;5;20260224;163000;11.074;11.078;11.071;11.074;11543
CNYRUBF;5;20260224;163500;11.074;11.084;11.071;11.083;8294
CNYRUBF;5;20260224;164000;11.081;11.087;11.081;11.084;4684
CNYRUBF;5;20260224;164500;11.083;11.09;11.081;11.089;7921
CNYRUBF;5;20260224;165000;11.088;11.095;11.087;11.094;22538
CNYRUBF;5;20260224;165500;11.094;11.096;11.085;11.086;13691
CNYRUBF;5;20260224;170000;11.085;11.086;11.075;11.076;2161
CNYRUBF;5;20260224;170500;11.074;11.078;11.068;11.068;7768
CNYRUBF;5;20260224;171000;11.068;11.073;11.063;11.065;13604
CNYRUBF;5;20260224;171500;11.064;11.07;11.06;11.069;19267
CNYRUBF;5;20260224;172000;11.069;11.071;11.065;11.07;2887
CNYRUBF;5;20260224;172500;11.07;11.07;11.058;11.065;11104
CNYRUBF;5;20260224;173000;11.066;11.071;11.058;11.06;17909
CNYRUBF;5;20260224;173500;11.059;11.064;11.056;11.064;9672
CNYRUBF;5;20260224;174000;11.063;11.064;11.054;11.059;7192
CNYRUBF;5;20260224;174500;11.058;11.061;11.058;11.06;5240
CNYRUBF;5;20260224;175000;11.059;11.063;11.059;11.063;5417
CNYRUBF;5;20260224;175500;11.064;11.065;11.06;11.061;6629
CNYRUBF;5;20260224;180000;11.06;11.064;11.058;11.061;5770
CNYRUBF;5;20260224;180500;11.061;11.061;11.057;11.06;5361
CNYRUBF;5;20260224;181000;11.061;11.065;11.06;11.062;3564
CNYRUBF;5;20260224;181500;11.064;11.066;11.062;11.065;2313
CNYRUBF;5;20260224;182000;11.065;11.065;11.056;11.058;3999
CNYRUBF;5;20260224;182500;11.059;11.059;11.055;11.056;9079
CNYRUBF;5;20260224;183000;11.055;11.055;11.053;11.054;8351
CNYRUBF;5;20260224;183500;11.054;11.055;11.052;11.052;4898
CNYRUBF;5;20260224;184000;11.052;11.057;11.052;11.057;2943
CNYRUBF;5;20260224;184500;11.056;11.059;11.055;11.059;2970
CNYRUBF;5;20260224;190500;11.056;11.06;11.051;11.058;2240
CNYRUBF;5;20260224;191000;11.056;11.063;11.056;11.062;2091
CNYRUBF;5;20260224;191500;11.061;11.062;11.059;11.061;1089
CNYRUBF;5;20260224;192000;11.061;11.066;11.061;11.066;1682
CNYRUBF;5;20260224;192500;11.066;11.066;11.062;11.062;1271
CNYRUBF;5;20260224;193000;11.062;11.063;11.061;11.063;373
CNYRUBF;5;20260224;193500;11.063;11.064;11.062;11.064;325
CNYRUBF;5;20260224;194000;11.064;11.064;11.061;11.062;454
CNYRUBF;5;20260224;194500;11.062;11.062;11.061;11.061;174
CNYRUBF;5;20260224;195000;11.062;11.063;11.061;11.062;76
CNYRUBF;5;20260224;195500;11.064;11.064;11.062;11.062;22
CNYRUBF;5;20260224;200000;11.062;11.064;11.062;11.062;301
CNYRUBF;5;20260224;200500;11.062;11.062;11.059;11.062;3241
CNYRUBF;5;20260224;201000;11.062;11.064;11.062;11.064;165
CNYRUBF;5;20260224;201500;11.063;11.064;11.063;11.064;5
CNYRUBF;5;20260224;202000;11.063;11.064;11.062;11.063;2695
CNYRUBF;5;20260224;202500;11.064;11.067;11.064;11.066;1150
CNYRUBF;5;20260224;203000;11.066;11.068;11.066;11.067;748
CNYRUBF;5;20260224;203500;11.066;11.066;11.065;11.066;234
CNYRUBF;5;20260224;204000;11.066;11.067;11.065;11.066;44
CNYRUBF;5;20260224;204500;11.066;11.067;11.066;11.067;191
CNYRUBF;5;20260224;205000;11.066;11.066;11.064;11.064;112
CNYRUBF;5;20260224;205500;11.064;11.064;11.062;11.063;46
CNYRUBF;5;20260224;210000;11.062;11.063;11.057;11.057;2311
CNYRUBF;5;20260224;210500;11.058;11.06;11.058;11.06;10
CNYRUBF;5;20260224;211000;11.061;11.062;11.059;11.062;215
CNYRUBF;5;20260224;211500;11.061;11.065;11.061;11.065;434
CNYRUBF;5;20260224;212000;11.063;11.067;11.063;11.067;209
CNYRUBF;5;20260224;212500;11.067;11.068;11.066;11.066;507
CNYRUBF;5;20260224;213000;11.067;11.068;11.065;11.067;361
CNYRUBF;5;20260224;213500;11.066;11.067;11.066;11.067;2
CNYRUBF;5;20260224;214000;11.067;11.068;11.067;11.067;17
CNYRUBF;5;20260224;214500;11.065;11.067;11.065;11.067;5
CNYRUBF;5;20260224;215000;11.067;11.068;11.067;11.068;150
CNYRUBF;5;20260224;215500;11.068;11.069;11.068;11.068;498
CNYRUBF;5;20260224;220000;11.069;11.07;11.069;11.07;961
CNYRUBF;5;20260224;220500;11.07;11.075;11.07;11.074;1483
CNYRUBF;5;20260224;221000;11.073;11.074;11.072;11.072;101
CNYRUBF;5;20260224;221500;11.071;11.072;11.068;11.068;1052
CNYRUBF;5;20260224;222000;11.069;11.069;11.068;11.068;35
CNYRUBF;5;20260224;222500;11.067;11.068;11.066;11.068;111
CNYRUBF;5;20260224;223000;11.068;11.068;11.067;11.067;2
CNYRUBF;5;20260224;223500;11.066;11.068;11.066;11.068;248
CNYRUBF;5;20260224;224000;11.068;11.068;11.065;11.068;61
CNYRUBF;5;20260224;224500;11.069;11.069;11.069;11.069;54
CNYRUBF;5;20260224;225000;11.068;11.068;11.065;11.065;108
CNYRUBF;5;20260224;225500;11.067;11.067;11.067;11.067;4
CNYRUBF;5;20260224;230000;11.067;11.074;11.067;11.071;1355
CNYRUBF;5;20260224;230500;11.071;11.073;11.071;11.073;26
CNYRUBF;5;20260224;231000;11.07;11.073;11.07;11.073;27
CNYRUBF;5;20260224;231500;11.072;11.072;11.072;11.072;9
CNYRUBF;5;20260224;232000;11.072;11.072;11.071;11.071;316
CNYRUBF;5;20260224;232500;11.071;11.072;11.069;11.069;796
CNYRUBF;5;20260224;233000;11.07;11.072;11.069;11.072;130
CNYRUBF;5;20260224;233500;11.072;11.072;11.071;11.071;226
CNYRUBF;5;20260224;234000;11.072;11.073;11.071;11.073;594
CNYRUBF;5;20260224;234500;11.073;11.074;11.07;11.07;135
CNYRUBF;5;20260225;085500;11.07;11.07;11.07;11.07;6
CNYRUBF;5;20260225;090000;11.07;11.079;11.069;11.069;3196
CNYRUBF;5;20260225;090500;11.068;11.076;11.067;11.073;1277
CNYRUBF;5;20260225;091000;11.072;11.074;11.071;11.072;329
CNYRUBF;5;20260225;091500;11.072;11.076;11.069;11.069;4093
CNYRUBF;5;20260225;092000;11.068;11.068;11.061;11.063;2075
CNYRUBF;5;20260225;092500;11.065;11.07;11.065;11.07;771
CNYRUBF;5;20260225;093000;11.07;11.073;11.07;11.073;1790
CNYRUBF;5;20260225;093500;11.072;11.077;11.07;11.075;7284
CNYRUBF;5;20260225;094000;11.075;11.075;11.071;11.075;1156
CNYRUBF;5;20260225;094500;11.076;11.076;11.072;11.073;3670
CNYRUBF;5;20260225;095000;11.073;11.076;11.073;11.076;695
CNYRUBF;5;20260225;095500;11.076;11.077;11.074;11.075;1352
CNYRUBF;5;20260225;100000;11.074;11.076;11.059;11.064;32853
CNYRUBF;5;20260225;100500;11.065;11.07;11.062;11.068;18401
CNYRUBF;5;20260225;101000;11.069;11.085;11.067;11.081;28755
CNYRUBF;5;20260225;101500;11.082;11.098;11.081;11.089;37847
CNYRUBF;5;20260225;102000;11.089;11.091;11.083;11.086;10116
CNYRUBF;5;20260225;102500;11.087;11.092;11.084;11.092;19752
CNYRUBF;5;20260225;103000;11.092;11.097;11.088;11.095;15426
CNYRUBF;5;20260225;103500;11.094;11.098;11.087;11.091;16116
CNYRUBF;5;20260225;104000;11.091;11.091;11.083;11.083;24457
CNYRUBF;5;20260225;104500;11.083;11.087;11.078;11.083;30500
CNYRUBF;5;20260225;105000;11.083;11.084;11.079;11.083;8828
CNYRUBF;5;20260225;105500;11.084;11.085;11.079;11.083;3856
CNYRUBF;5;20260225;110000;11.083;11.093;11.081;11.086;13540
CNYRUBF;5;20260225;110500;11.086;11.094;11.083;11.091;8304
CNYRUBF;5;20260225;111000;11.094;11.098;11.09;11.092;13422
CNYRUBF;5;20260225;111500;11.093;11.105;11.086;11.099;22548
CNYRUBF;5;20260225;112000;11.098;11.101;11.092;11.098;5651
CNYRUBF;5;20260225;112500;11.098;11.101;11.094;11.099;8322
CNYRUBF;5;20260225;113000;11.099;11.101;11.094;11.096;13697
CNYRUBF;5;20260225;113500;11.097;11.106;11.097;11.103;12055
CNYRUBF;5;20260225;114000;11.105;11.105;11.097;11.097;6192
CNYRUBF;5;20260225;114500;11.099;11.101;11.096;11.101;2969
CNYRUBF;5;20260225;115000;11.102;11.104;11.097;11.101;5182
CNYRUBF;5;20260225;115500;11.1;11.103;11.097;11.103;9371
CNYRUBF;5;20260225;120000;11.103;11.113;11.1;11.111;24767
CNYRUBF;5;20260225;120500;11.111;11.12;11.109;11.115;34684
CNYRUBF;5;20260225;121000;11.116;11.119;11.114;11.115;16051
CNYRUBF;5;20260225;121500;11.117;11.126;11.115;11.117;25369
CNYRUBF;5;20260225;122000;11.118;11.123;11.114;11.119;9994
CNYRUBF;5;20260225;122500;11.12;11.128;11.118;11.119;19380
CNYRUBF;5;20260225;123000;11.121;11.129;11.119;11.122;23483
CNYRUBF;5;20260225;123500;11.123;11.139;11.123;11.136;34470
CNYRUBF;5;20260225;124000;11.137;11.139;11.13;11.136;24186
CNYRUBF;5;20260225;124500;11.138;11.14;11.134;11.135;19817
CNYRUBF;5;20260225;125000;11.136;11.137;11.13;11.131;14593
CNYRUBF;5;20260225;125500;11.132;11.146;11.126;11.146;30209
CNYRUBF;5;20260225;130000;11.147;11.151;11.135;11.135;33251
CNYRUBF;5;20260225;130500;11.135;11.155;11.135;11.152;22322
CNYRUBF;5;20260225;131000;11.153;11.156;11.148;11.149;15863
CNYRUBF;5;20260225;131500;11.15;11.157;11.148;11.157;29155
CNYRUBF;5;20260225;132000;11.156;11.157;11.152;11.154;9378
CNYRUBF;5;20260225;132500;11.154;11.154;11.145;11.151;15999
CNYRUBF;5;20260225;133000;11.149;11.153;11.143;11.148;11101
CNYRUBF;5;20260225;133500;11.15;11.152;11.146;11.147;2451
CNYRUBF;5;20260225;134000;11.147;11.147;11.144;11.146;4799
CNYRUBF;5;20260225;134500;11.146;11.147;11.14;11.14;13389
CNYRUBF;5;20260225;135000;11.14;11.145;11.139;11.14;20990
CNYRUBF;5;20260225;135500;11.139;11.142;11.138;11.142;4295
CNYRUBF;5;20260225;140500;11.143;11.144;11.14;11.14;4883
CNYRUBF;5;20260225;141000;11.14;11.143;11.138;11.138;4806
CNYRUBF;5;20260225;141500;11.14;11.145;11.135;11.145;12520
CNYRUBF;5;20260225;142000;11.145;11.145;11.141;11.143;3326
CNYRUBF;5;20260225;142500;11.144;11.145;11.14;11.141;2114
CNYRUBF;5;20260225;143000;11.142;11.142;11.134;11.134;6388
CNYRUBF;5;20260225;143500;11.134;11.142;11.132;11.142;6908
CNYRUBF;5;20260225;144000;11.142;11.15;11.141;11.147;3385
CNYRUBF;5;20260225;144500;11.147;11.148;11.139;11.146;8770
CNYRUBF;5;20260225;145000;11.146;11.147;11.141;11.143;3173
CNYRUBF;5;20260225;145500;11.142;11.145;11.14;11.145;6833
CNYRUBF;5;20260225;150000;11.146;11.148;11.138;11.14;5443
CNYRUBF;5;20260225;150500;11.14;11.14;11.137;11.14;7505
CNYRUBF;5;20260225;151000;11.14;11.145;11.137;11.137;8238
CNYRUBF;5;20260225;151500;11.138;11.141;11.135;11.14;4879
CNYRUBF;5;20260225;152000;11.14;11.146;11.14;11.142;3147
CNYRUBF;5;20260225;152500;11.144;11.145;11.138;11.14;4463
CNYRUBF;5;20260225;153000;11.14;11.144;11.138;11.141;2230
CNYRUBF;5;20260225;153500;11.143;11.145;11.142;11.145;1378
CNYRUBF;5;20260225;154000;11.145;11.145;11.14;11.141;3126
CNYRUBF;5;20260225;154500;11.141;11.142;11.133;11.134;7830
CNYRUBF;5;20260225;155000;11.135;11.153;11.133;11.152;40822
CNYRUBF;5;20260225;155500;11.152;11.163;11.151;11.153;88390
CNYRUBF;5;20260225;160000;11.153;11.162;11.153;11.158;15856
CNYRUBF;5;20260225;160500;11.158;11.176;11.154;11.174;38926
CNYRUBF;5;20260225;161000;11.174;11.197;11.173;11.193;80809
CNYRUBF;5;20260225;161500;11.193;11.198;11.18;11.18;76368
CNYRUBF;5;20260225;162000;11.183;11.211;11.182;11.205;75367
CNYRUBF;5;20260225;162500;11.205;11.211;11.2;11.202;95100
CNYRUBF;5;20260225;163000;11.203;11.206;11.186;11.195;60867
CNYRUBF;5;20260225;163500;11.195;11.198;11.192;11.194;16082
CNYRUBF;5;20260225;164000;11.195;11.197;11.187;11.189;20187
CNYRUBF;5;20260225;164500;11.19;11.193;11.187;11.192;16203
CNYRUBF;5;20260225;165000;11.193;11.197;11.189;11.192;13403
CNYRUBF;5;20260225;165500;11.191;11.196;11.185;11.187;16056
CNYRUBF;5;20260225;170000;11.188;11.19;11.177;11.18;35005
CNYRUBF;5;20260225;170500;11.18;11.185;11.177;11.18;16168
CNYRUBF;5;20260225;171000;11.18;11.18;11.162;11.162;95909
CNYRUBF;5;20260225;171500;11.163;11.166;11.156;11.163;25058
CNYRUBF;5;20260225;172000;11.163;11.184;11.157;11.181;65428
CNYRUBF;5;20260225;172500;11.182;11.196;11.176;11.194;70157
CNYRUBF;5;20260225;173000;11.192;11.204;11.191;11.203;112509
CNYRUBF;5;20260225;173500;11.204;11.209;11.202;11.207;41084
CNYRUBF;5;20260225;174000;11.208;11.208;11.198;11.203;23233
CNYRUBF;5;20260225;174500;11.204;11.219;11.203;11.215;48581
CNYRUBF;5;20260225;175000;11.213;11.228;11.213;11.228;35435
CNYRUBF;5;20260225;175500;11.227;11.254;11.227;11.242;52884
CNYRUBF;5;20260225;180000;11.242;11.255;11.235;11.252;40513
CNYRUBF;5;20260225;180500;11.253;11.254;11.245;11.252;29392
CNYRUBF;5;20260225;181000;11.252;11.28;11.252;11.277;48809
CNYRUBF;5;20260225;181500;11.276;11.298;11.276;11.285;66411
CNYRUBF;5;20260225;182000;11.284;11.31;11.281;11.308;36024
CNYRUBF;5;20260225;182500;11.308;11.326;11.303;11.326;55348
CNYRUBF;5;20260225;183000;11.322;11.327;11.294;11.295;45973
CNYRUBF;5;20260225;183500;11.295;11.296;11.283;11.293;47661
CNYRUBF;5;20260225;184000;11.293;11.293;11.286;11.288;16851
CNYRUBF;5;20260225;184500;11.288;11.297;11.283;11.295;21040
CNYRUBF;5;20260225;190500;11.298;11.325;11.295;11.316;16029
CNYRUBF;5;20260225;191000;11.315;11.317;11.315;11.315;5123
CNYRUBF;5;20260225;191500;11.315;11.326;11.315;11.325;16055
CNYRUBF;5;20260225;192000;11.325;11.349;11.324;11.338;40010
CNYRUBF;5;20260225;192500;11.341;11.347;11.337;11.341;19024
CNYRUBF;5;20260225;193000;11.342;11.343;11.335;11.338;6149
CNYRUBF;5;20260225;193500;11.34;11.342;11.327;11.33;6182
CNYRUBF;5;20260225;194000;11.329;11.33;11.323;11.323;3849
CNYRUBF;5;20260225;194500;11.322;11.338;11.322;11.335;3788
CNYRUBF;5;20260225;195000;11.335;11.339;11.333;11.337;1692
CNYRUBF;5;20260225;195500;11.337;11.341;11.335;11.339;3845
CNYRUBF;5;20260225;200000;11.341;11.342;11.339;11.341;2761
CNYRUBF;5;20260225;200500;11.341;11.342;11.336;11.336;6939
CNYRUBF;5;20260225;201000;11.337;11.353;11.336;11.353;18682
CNYRUBF;5;20260225;201500;11.353;11.355;11.348;11.353;11678
CNYRUBF;5;20260225;202000;11.353;11.361;11.352;11.357;9789
CNYRUBF;5;20260225;202500;11.359;11.361;11.353;11.353;15765
CNYRUBF;5;20260225;203000;11.353;11.358;11.352;11.353;9008
CNYRUBF;5;20260225;203500;11.354;11.356;11.351;11.353;1008
CNYRUBF;5;20260225;204000;11.353;11.358;11.352;11.355;5445
CNYRUBF;5;20260225;204500;11.355;11.356;11.352;11.352;1576
CNYRUBF;5;20260225;205000;11.355;11.355;11.35;11.35;3444
CNYRUBF;5;20260225;205500;11.351;11.353;11.35;11.35;4548
CNYRUBF;5;20260225;210000;11.35;11.351;11.346;11.35;13333
CNYRUBF;5;20260225;210500;11.351;11.355;11.348;11.352;6373
CNYRUBF;5;20260225;211000;11.352;11.355;11.352;11.355;1009
CNYRUBF;5;20260225;211500;11.355;11.355;11.354;11.355;267
CNYRUBF;5;20260225;212000;11.353;11.354;11.351;11.351;450
CNYRUBF;5;20260225;212500;11.352;11.352;11.345;11.345;1294
CNYRUBF;5;20260225;213000;11.345;11.346;11.341;11.346;4396
CNYRUBF;5;20260225;213500;11.346;11.346;11.341;11.342;6010
CNYRUBF;5;20260225;214000;11.345;11.351;11.345;11.348;15865
CNYRUBF;5;20260225;214500;11.348;11.349;11.348;11.348;2118
CNYRUBF;5;20260225;215000;11.348;11.351;11.346;11.346;3788
CNYRUBF;5;20260225;215500;11.347;11.347;11.345;11.346;1312
CNYRUBF;5;20260225;220000;11.345;11.346;11.336;11.336;12335
CNYRUBF;5;20260225;220500;11.339;11.341;11.336;11.341;2072
CNYRUBF;5;20260225;221000;11.343;11.35;11.341;11.35;2559
CNYRUBF;5;20260225;221500;11.348;11.351;11.347;11.347;754
CNYRUBF;5;20260225;222000;11.347;11.348;11.344;11.345;1418
CNYRUBF;5;20260225;222500;11.345;11.348;11.343;11.343;1213
CNYRUBF;5;20260225;223000;11.343;11.345;11.339;11.34;2649
CNYRUBF;5;20260225;223500;11.339;11.339;11.336;11.337;2882
CNYRUBF;5;20260225;224000;11.337;11.337;11.335;11.335;2737
CNYRUBF;5;20260225;224500;11.336;11.337;11.335;11.337;1038
CNYRUBF;5;20260225;225000;11.337;11.34;11.337;11.34;418
CNYRUBF;5;20260225;225500;11.34;11.348;11.339;11.348;3885
CNYRUBF;5;20260225;230000;11.345;11.348;11.342;11.342;689
CNYRUBF;5;20260225;230500;11.342;11.344;11.341;11.341;891
CNYRUBF;5;20260225;231000;11.343;11.343;11.341;11.341;1403
CNYRUBF;5;20260225;231500;11.341;11.345;11.341;11.345;383
CNYRUBF;5;20260225;232000;11.346;11.348;11.342;11.343;1352
CNYRUBF;5;20260225;232500;11.344;11.345;11.341;11.341;642
CNYRUBF;5;20260225;233000;11.342;11.35;11.341;11.348;8440
CNYRUBF;5;20260225;233500;11.349;11.352;11.347;11.351;1070
CNYRUBF;5;20260225;234000;11.351;11.36;11.348;11.355;5189
CNYRUBF;5;20260225;234500;11.355;11.36;11.348;11.352;2263
CNYRUBF;5;20260226;085500;11.361;11.361;11.361;11.361;363
CNYRUBF;5;20260226;090000;11.362;11.389;11.346;11.363;35513
CNYRUBF;5;20260226;090500;11.364;11.383;11.363;11.372;10425
CNYRUBF;5;20260226;091000;11.374;11.38;11.363;11.379;6682
CNYRUBF;5;20260226;091500;11.379;11.398;11.379;11.398;14991
CNYRUBF;5;20260226;092000;11.397;11.403;11.383;11.386;29465
CNYRUBF;5;20260226;092500;11.388;11.388;11.368;11.375;15394
CNYRUBF;5;20260226;093000;11.375;11.377;11.362;11.365;16640
CNYRUBF;5;20260226;093500;11.365;11.379;11.365;11.377;5954
CNYRUBF;5;20260226;094000;11.377;11.379;11.365;11.37;4780
CNYRUBF;5;20260226;094500;11.368;11.369;11.363;11.363;3597
CNYRUBF;5;20260226;095000;11.364;11.37;11.36;11.363;5449
CNYRUBF;5;20260226;095500;11.364;11.378;11.364;11.369;12783
CNYRUBF;5;20260226;100000;11.368;11.368;11.321;11.326;112830
CNYRUBF;5;20260226;100500;11.325;11.326;11.297;11.307;91905
CNYRUBF;5;20260226;101000;11.308;11.308;11.27;11.281;127264
CNYRUBF;5;20260226;101500;11.28;11.292;11.27;11.275;59638
CNYRUBF;5;20260226;102000;11.274;11.275;11.246;11.258;109038
CNYRUBF;5;20260226;102500;11.257;11.264;11.255;11.258;66348
CNYRUBF;5;20260226;103000;11.256;11.258;11.237;11.241;39103
CNYRUBF;5;20260226;103500;11.24;11.268;11.238;11.266;63599
CNYRUBF;5;20260226;104000;11.265;11.268;11.249;11.26;24015
CNYRUBF;5;20260226;104500;11.259;11.27;11.258;11.264;24323
CNYRUBF;5;20260226;105000;11.264;11.268;11.261;11.264;16367
CNYRUBF;5;20260226;105500;11.266;11.267;11.259;11.26;6769
CNYRUBF;5;20260226;110000;11.26;11.265;11.243;11.247;22563
CNYRUBF;5;20260226;110500;11.247;11.256;11.246;11.25;21197
CNYRUBF;5;20260226;111000;11.249;11.26;11.245;11.256;22559
CNYRUBF;5;20260226;111500;11.255;11.256;11.237;11.242;31385
CNYRUBF;5;20260226;112000;11.242;11.247;11.229;11.232;28742
CNYRUBF;5;20260226;112500;11.232;11.237;11.225;11.237;34193
CNYRUBF;5;20260226;113000;11.236;11.241;11.231;11.239;24204
CNYRUBF;5;20260226;113500;11.239;11.244;11.238;11.243;20931
CNYRUBF;5;20260226;114000;11.242;11.251;11.241;11.251;26772
CNYRUBF;5;20260226;114500;11.251;11.255;11.246;11.249;36411
CNYRUBF;5;20260226;115000;11.249;11.259;11.247;11.258;11154
CNYRUBF;5;20260226;115500;11.258;11.267;11.25;11.259;25712
CNYRUBF;5;20260226;120000;11.256;11.256;11.245;11.252;12541
CNYRUBF;5;20260226;120500;11.251;11.254;11.25;11.253;2334
CNYRUBF;5;20260226;121000;11.253;11.255;11.246;11.249;23423
CNYRUBF;5;20260226;121500;11.249;11.252;11.244;11.249;13516
CNYRUBF;5;20260226;122000;11.248;11.255;11.246;11.252;21152
CNYRUBF;5;20260226;122500;11.251;11.252;11.246;11.248;8922
CNYRUBF;5;20260226;123000;11.248;11.248;11.233;11.24;29880
CNYRUBF;5;20260226;123500;11.239;11.243;11.235;11.238;11213
CNYRUBF;5;20260226;124000;11.238;11.245;11.236;11.245;12510
CNYRUBF;5;20260226;124500;11.245;11.249;11.239;11.24;15615
CNYRUBF;5;20260226;125000;11.24;11.241;11.236;11.239;8391
CNYRUBF;5;20260226;125500;11.239;11.241;11.236;11.238;12186
CNYRUBF;5;20260226;130000;11.237;11.239;11.232;11.235;5731
CNYRUBF;5;20260226;130500;11.234;11.236;11.22;11.222;36981
CNYRUBF;5;20260226;131000;11.22;11.221;11.207;11.215;41200
CNYRUBF;5;20260226;131500;11.215;11.236;11.213;11.226;32624
CNYRUBF;5;20260226;132000;11.226;11.232;11.219;11.22;8581
CNYRUBF;5;20260226;132500;11.22;11.225;11.213;11.213;16387
CNYRUBF;5;20260226;133000;11.212;11.225;11.212;11.224;16733
CNYRUBF;5;20260226;133500;11.221;11.229;11.22;11.222;5904
CNYRUBF;5;20260226;134000;11.221;11.231;11.219;11.227;12813
CNYRUBF;5;20260226;134500;11.228;11.24;11.224;11.238;39033
CNYRUBF;5;20260226;135000;11.237;11.238;11.231;11.233;12939
CNYRUBF;5;20260226;135500;11.233;11.234;11.231;11.232;3136
CNYRUBF;5;20260226;140500;11.233;11.24;11.228;11.239;16814
CNYRUBF;5;20260226;141000;11.239;11.239;11.229;11.231;8682
CNYRUBF;5;20260226;141500;11.23;11.241;11.224;11.24;25240
CNYRUBF;5;20260226;142000;11.241;11.244;11.234;11.237;8225
CNYRUBF;5;20260226;142500;11.237;11.243;11.234;11.241;7955
CNYRUBF;5;20260226;143000;11.241;11.248;11.239;11.247;13906
CNYRUBF;5;20260226;143500;11.247;11.254;11.246;11.254;17720
CNYRUBF;5;20260226;144000;11.254;11.254;11.249;11.25;5528
CNYRUBF;5;20260226;144500;11.25;11.25;11.241;11.246;14889
CNYRUBF;5;20260226;145000;11.246;11.252;11.244;11.251;7568
CNYRUBF;5;20260226;145500;11.25;11.251;11.246;11.247;6504
CNYRUBF;5;20260226;150000;11.247;11.248;11.242;11.243;5020
CNYRUBF;5;20260226;150500;11.243;11.245;11.228;11.235;16870
CNYRUBF;5;20260226;151000;11.235;11.245;11.233;11.237;22074
CNYRUBF;5;20260226;151500;11.237;11.238;11.225;11.227;18383
CNYRUBF;5;20260226;152000;11.228;11.23;11.216;11.218;26718
CNYRUBF;5;20260226;152500;11.218;11.23;11.218;11.23;5402
CNYRUBF;5;20260226;153000;11.229;11.243;11.228;11.24;18318
CNYRUBF;5;20260226;153500;11.239;11.247;11.239;11.244;16566
CNYRUBF;5;20260226;154000;11.243;11.246;11.24;11.242;9444
CNYRUBF;5;20260226;154500;11.241;11.244;11.239;11.242;1789
CNYRUBF;5;20260226;155000;11.242;11.242;11.236;11.236;2709
CNYRUBF;5;20260226;155500;11.236;11.241;11.234;11.241;5966
CNYRUBF;5;20260226;160000;11.239;11.241;11.234;11.237;4327
CNYRUBF;5;20260226;160500;11.237;11.24;11.235;11.24;6371
CNYRUBF;5;20260226;161000;11.24;11.242;11.237;11.237;5552
CNYRUBF;5;20260226;161500;11.237;11.245;11.237;11.243;17011
CNYRUBF;5;20260226;162000;11.242;11.245;11.234;11.239;22101
CNYRUBF;5;20260226;162500;11.238;11.242;11.238;11.241;3335
CNYRUBF;5;20260226;163000;11.241;11.244;11.238;11.242;4673
CNYRUBF;5;20260226;163500;11.242;11.242;11.236;11.236;2870
CNYRUBF;5;20260226;164000;11.236;11.238;11.225;11.23;23278
CNYRUBF;5;20260226;164500;11.231;11.233;11.224;11.232;10735
CNYRUBF;5;20260226;165000;11.232;11.232;11.226;11.228;12354
CNYRUBF;5;20260226;165500;11.227;11.227;11.224;11.226;6563
CNYRUBF;5;20260226;170000;11.228;11.228;11.217;11.218;12478
CNYRUBF;5;20260226;170500;11.218;11.226;11.218;11.224;17921
CNYRUBF;5;20260226;171000;11.223;11.23;11.223;11.229;3641
CNYRUBF;5;20260226;171500;11.228;11.234;11.223;11.224;9616
CNYRUBF;5;20260226;172000;11.223;11.228;11.222;11.224;11668
CNYRUBF;5;20260226;172500;11.224;11.225;11.216;11.217;12477
CNYRUBF;5;20260226;173000;11.217;11.222;11.216;11.221;7504
CNYRUBF;5;20260226;173500;11.221;11.223;11.216;11.217;7084
CNYRUBF;5;20260226;174000;11.217;11.223;11.216;11.22;16633
CNYRUBF;5;20260226;174500;11.22;11.223;11.219;11.222;5860
CNYRUBF;5;20260226;175000;11.223;11.224;11.22;11.222;3608
CNYRUBF;5;20260226;175500;11.221;11.223;11.219;11.219;16545
CNYRUBF;5;20260226;180000;11.219;11.225;11.217;11.222;13122
CNYRUBF;5;20260226;180500;11.222;11.224;11.221;11.223;6462
CNYRUBF;5;20260226;181000;11.223;11.224;11.219;11.221;16604
CNYRUBF;5;20260226;181500;11.221;11.223;11.221;11.221;3019
CNYRUBF;5;20260226;182000;11.221;11.223;11.221;11.223;6788
CNYRUBF;5;20260226;182500;11.224;11.225;11.221;11.222;8093
CNYRUBF;5;20260226;183000;11.221;11.222;11.221;11.222;16805
CNYRUBF;5;20260226;183500;11.222;11.222;11.216;11.221;13196
CNYRUBF;5;20260226;184000;11.221;11.221;11.215;11.219;40186
CNYRUBF;5;20260226;184500;11.22;11.221;11.215;11.215;22039
CNYRUBF;5;20260226;190500;11.215;11.219;11.211;11.216;5945
CNYRUBF;5;20260226;191000;11.216;11.216;11.19;11.198;27261
CNYRUBF;5;20260226;191500;11.198;11.207;11.195;11.203;11958
CNYRUBF;5;20260226;192000;11.205;11.209;11.201;11.206;3089
CNYRUBF;5;20260226;192500;11.206;11.208;11.205;11.207;1219
CNYRUBF;5;20260226;193000;11.206;11.207;11.203;11.204;1100
CNYRUBF;5;20260226;193500;11.203;11.207;11.203;11.207;1550
CNYRUBF;5;20260226;194000;11.207;11.211;11.207;11.21;1034
CNYRUBF;5;20260226;194500;11.211;11.214;11.209;11.209;2690
CNYRUBF;5;20260226;195000;11.208;11.212;11.208;11.212;992
CNYRUBF;5;20260226;195500;11.212;11.212;11.21;11.212;1184
CNYRUBF;5;20260226;200000;11.212;11.212;11.207;11.209;2311
CNYRUBF;5;20260226;200500;11.209;11.212;11.208;11.212;1581
CNYRUBF;5;20260226;201000;11.212;11.215;11.211;11.211;1800
CNYRUBF;5;20260226;201500;11.212;11.214;11.211;11.212;69
CNYRUBF;5;20260226;202000;11.214;11.214;11.211;11.211;667
CNYRUBF;5;20260226;202500;11.212;11.212;11.209;11.209;431
CNYRUBF;5;20260226;203000;11.209;11.21;11.209;11.21;136
CNYRUBF;5;20260226;203500;11.209;11.21;11.207;11.209;353
CNYRUBF;5;20260226;204000;11.208;11.209;11.207;11.208;717
CNYRUBF;5;20260226;204500;11.208;11.208;11.205;11.207;625
CNYRUBF;5;20260226;205000;11.208;11.208;11.205;11.208;767
CNYRUBF;5;20260226;205500;11.206;11.208;11.206;11.206;704
CNYRUBF;5;20260226;210000;11.208;11.208;11.205;11.207;269
CNYRUBF;5;20260226;210500;11.206;11.208;11.206;11.206;418
CNYRUBF;5;20260226;211000;11.206;11.208;11.205;11.207;977
CNYRUBF;5;20260226;211500;11.208;11.208;11.206;11.207;379
CNYRUBF;5;20260226;212000;11.207;11.212;11.206;11.212;1881
CNYRUBF;5;20260226;212500;11.21;11.217;11.21;11.217;882
CNYRUBF;5;20260226;213000;11.217;11.217;11.215;11.215;322
CNYRUBF;5;20260226;213500;11.215;11.215;11.213;11.213;167
CNYRUBF;5;20260226;214000;11.215;11.218;11.214;11.217;751
CNYRUBF;5;20260226;214500;11.217;11.22;11.215;11.219;899
CNYRUBF;5;20260226;215000;11.219;11.221;11.218;11.219;1047
CNYRUBF;5;20260226;215500;11.22;11.22;11.218;11.22;1506
CNYRUBF;5;20260226;220000;11.22;11.22;11.218;11.219;741
CNYRUBF;5;20260226;220500;11.219;11.22;11.217;11.217;498
CNYRUBF;5;20260226;221000;11.219;11.221;11.217;11.22;680
CNYRUBF;5;20260226;221500;11.22;11.224;11.22;11.224;729
CNYRUBF;5;20260226;222000;11.224;11.225;11.223;11.224;810
CNYRUBF;5;20260226;222500;11.224;11.225;11.223;11.224;1806
CNYRUBF;5;20260226;223000;11.224;11.225;11.224;11.225;1031
CNYRUBF;5;20260226;223500;11.225;11.225;11.222;11.224;1515
CNYRUBF;5;20260226;224000;11.224;11.224;11.218;11.218;1182
CNYRUBF;5;20260226;224500;11.217;11.22;11.217;11.22;93
CNYRUBF;5;20260226;225000;11.218;11.221;11.218;11.221;197
CNYRUBF;5;20260226;225500;11.221;11.221;11.221;11.221;56
CNYRUBF;5;20260226;230000;11.22;11.222;11.22;11.222;897
CNYRUBF;5;20260226;230500;11.221;11.221;11.219;11.221;111
CNYRUBF;5;20260226;231000;11.221;11.221;11.22;11.221;148
CNYRUBF;5;20260226;231500;11.22;11.221;11.22;11.221;9
CNYRUBF;5;20260226;232000;11.221;11.221;11.22;11.22;275
CNYRUBF;5;20260226;232500;11.22;11.224;11.22;11.224;1026
CNYRUBF;5;20260226;233000;11.221;11.224;11.221;11.224;246
CNYRUBF;5;20260226;233500;11.224;11.229;11.222;11.229;3157
CNYRUBF;5;20260226;234000;11.228;11.234;11.228;11.231;3180
CNYRUBF;5;20260226;234500;11.233;11.233;11.228;11.229;1328
CNYRUBF;5;20260227;085500;11.228;11.228;11.228;11.228;8
CNYRUBF;5;20260227;090000;11.228;11.234;11.225;11.234;5880
CNYRUBF;5;20260227;090500;11.232;11.233;11.231;11.232;938
CNYRUBF;5;20260227;091000;11.232;11.232;11.231;11.232;1265
CNYRUBF;5;20260227;091500;11.232;11.232;11.231;11.232;739
CNYRUBF;5;20260227;092000;11.232;11.232;11.231;11.232;939
CNYRUBF;5;20260227;092500;11.231;11.232;11.227;11.229;1773
CNYRUBF;5;20260227;093000;11.229;11.229;11.214;11.226;14420
CNYRUBF;5;20260227;093500;11.225;11.227;11.223;11.225;2184
CNYRUBF;5;20260227;094000;11.225;11.225;11.22;11.22;3371
CNYRUBF;5;20260227;094500;11.22;11.222;11.219;11.221;465
CNYRUBF;5;20260227;095000;11.219;11.227;11.214;11.223;8204
CNYRUBF;5;20260227;095500;11.225;11.232;11.224;11.229;10240
CNYRUBF;5;20260227;100000;11.227;11.248;11.22;11.232;37514
CNYRUBF;5;20260227;100500;11.233;11.239;11.218;11.226;18448
CNYRUBF;5;20260227;101000;11.226;11.241;11.226;11.241;17384
CNYRUBF;5;20260227;101500;11.241;11.263;11.24;11.248;64415
CNYRUBF;5;20260227;102000;11.249;11.252;11.241;11.245;15591
CNYRUBF;5;20260227;102500;11.247;11.252;11.243;11.249;12019
CNYRUBF;5;20260227;103000;11.251;11.259;11.247;11.254;19099
CNYRUBF;5;20260227;103500;11.254;11.257;11.251;11.253;11645
CNYRUBF;5;20260227;104000;11.253;11.259;11.25;11.257;30791
CNYRUBF;5;20260227;104500;11.257;11.257;11.243;11.25;32086
CNYRUBF;5;20260227;105000;11.249;11.251;11.233;11.236;26111
CNYRUBF;5;20260227;105500;11.236;11.238;11.217;11.227;41183
CNYRUBF;5;20260227;110000;11.227;11.228;11.206;11.214;43025
CNYRUBF;5;20260227;110500;11.214;11.22;11.211;11.219;11028
CNYRUBF;5;20260227;111000;11.219;11.224;11.216;11.223;18252
CNYRUBF;5;20260227;111500;11.224;11.229;11.218;11.229;26269
CNYRUBF;5;20260227;112000;11.229;11.232;11.225;11.228;13017
CNYRUBF;5;20260227;112500;11.229;11.23;11.222;11.223;6253
CNYRUBF;5;20260227;113000;11.224;11.232;11.214;11.23;21883
CNYRUBF;5;20260227;113500;11.23;11.237;11.23;11.235;5996
CNYRUBF;5;20260227;114000;11.235;11.239;11.234;11.239;5475
CNYRUBF;5;20260227;114500;11.239;11.248;11.239;11.247;14166
CNYRUBF;5;20260227;115000;11.247;11.254;11.239;11.24;19791
CNYRUBF;5;20260227;115500;11.24;11.244;11.239;11.243;1814
CNYRUBF;5;20260227;120000;11.244;11.253;11.243;11.248;14345
CNYRUBF;5;20260227;120500;11.249;11.253;11.243;11.252;11429
CNYRUBF;5;20260227;121000;11.253;11.271;11.251;11.271;29584
CNYRUBF;5;20260227;121500;11.272;11.283;11.267;11.27;66763
CNYRUBF;5;20260227;122000;11.272;11.277;11.271;11.272;26991
CNYRUBF;5;20260227;122500;11.274;11.275;11.267;11.271;22164
CNYRUBF;5;20260227;123000;11.271;11.273;11.26;11.261;17406
CNYRUBF;5;20260227;123500;11.262;11.27;11.257;11.27;8289
CNYRUBF;5;20260227;124000;11.27;11.271;11.269;11.269;6135
CNYRUBF;5;20260227;124500;11.27;11.271;11.261;11.264;7633
CNYRUBF;5;20260227;125000;11.264;11.265;11.262;11.264;3886
CNYRUBF;5;20260227;125500;11.265;11.265;11.253;11.253;14319
CNYRUBF;5;20260227;130000;11.254;11.261;11.253;11.26;4597
CNYRUBF;5;20260227;130500;11.26;11.262;11.256;11.258;4609
CNYRUBF;5;20260227;131000;11.258;11.267;11.258;11.266;7240
CNYRUBF;5;20260227;131500;11.268;11.269;11.243;11.246;16019
CNYRUBF;5;20260227;132000;11.244;11.257;11.244;11.249;38110
CNYRUBF;5;20260227;132500;11.25;11.258;11.25;11.255;7834
CNYRUBF;5;20260227;133000;11.255;11.257;11.248;11.252;5510
CNYRUBF;5;20260227;133500;11.251;11.251;11.242;11.244;5362
CNYRUBF;5;20260227;134000;11.244;11.245;11.237;11.242;6706
CNYRUBF;5;20260227;134500;11.243;11.246;11.241;11.242;4139
CNYRUBF;5;20260227;135000;11.242;11.244;11.239;11.242;4209
CNYRUBF;5;20260227;135500;11.243;11.244;11.239;11.243;2890
CNYRUBF;5;20260227;140500;11.242;11.242;11.234;11.239;8020
CNYRUBF;5;20260227;141000;11.239;11.243;11.239;11.239;8875
CNYRUBF;5;20260227;141500;11.24;11.24;11.236;11.238;4097
CNYRUBF;5;20260227;142000;11.238;11.24;11.234;11.236;5131
CNYRUBF;5;20260227;142500;11.235;11.235;11.222;11.233;20157
CNYRUBF;5;20260227;143000;11.232;11.235;11.231;11.233;4549
CNYRUBF;5;20260227;143500;11.232;11.233;11.226;11.231;9079
CNYRUBF;5;20260227;144000;11.23;11.23;11.223;11.226;3345
CNYRUBF;5;20260227;144500;11.223;11.247;11.22;11.238;16222
CNYRUBF;5;20260227;145000;11.241;11.241;11.237;11.24;3061
CNYRUBF;5;20260227;145500;11.241;11.245;11.238;11.239;11134
CNYRUBF;5;20260227;150000;11.239;11.24;11.233;11.234;3226
CNYRUBF;5;20260227;150500;11.234;11.243;11.233;11.242;4553
CNYRUBF;5;20260227;151000;11.242;11.256;11.242;11.256;8541
CNYRUBF;5;20260227;151500;11.254;11.267;11.254;11.267;21323
CNYRUBF;5;20260227;152000;11.267;11.274;11.259;11.266;20675
CNYRUBF;5;20260227;152500;11.267;11.267;11.256;11.261;4584
CNYRUBF;5;20260227;153000;11.261;11.263;11.253;11.262;7877
CNYRUBF;5;20260227;153500;11.262;11.264;11.255;11.255;5455
CNYRUBF;5;20260227;154000;11.255;11.256;11.246;11.247;11165
CNYRUBF;5;20260227;154500;11.247;11.25;11.244;11.246;10881
CNYRUBF;5;20260227;155000;11.245;11.256;11.243;11.255;7155
CNYRUBF;5;20260227;155500;11.253;11.254;11.247;11.249;2902
CNYRUBF;5;20260227;160000;11.25;11.25;11.244;11.245;3566
CNYRUBF;5;20260227;160500;11.246;11.255;11.244;11.249;3853
CNYRUBF;5;20260227;161000;11.25;11.25;11.243;11.246;5097
CNYRUBF;5;20260227;161500;11.246;11.246;11.24;11.244;5009
CNYRUBF;5;20260227;162000;11.245;11.258;11.243;11.257;11418
CNYRUBF;5;20260227;162500;11.258;11.263;11.251;11.253;13362
CNYRUBF;5;20260227;163000;11.253;11.257;11.246;11.247;7070
CNYRUBF;5;20260227;163500;11.247;11.26;11.243;11.253;21623
CNYRUBF;5;20260227;164000;11.255;11.256;11.24;11.24;18887
CNYRUBF;5;20260227;164500;11.24;11.245;11.231;11.232;12128
CNYRUBF;5;20260227;165000;11.232;11.234;11.224;11.226;25736
CNYRUBF;5;20260227;165500;11.227;11.231;11.221;11.229;13525
CNYRUBF;5;20260227;170000;11.225;11.225;11.188;11.213;91561
CNYRUBF;5;20260227;170500;11.213;11.213;11.196;11.2;24227
CNYRUBF;5;20260227;171000;11.2;11.2;11.189;11.195;16287
CNYRUBF;5;20260227;171500;11.195;11.224;11.187;11.223;41666
CNYRUBF;5;20260227;172000;11.223;11.232;11.218;11.23;21101
CNYRUBF;5;20260227;172500;11.228;11.23;11.222;11.227;6066
CNYRUBF;5;20260227;173000;11.228;11.229;11.207;11.223;26808
CNYRUBF;5;20260227;173500;11.223;11.23;11.223;11.225;5114
CNYRUBF;5;20260227;174000;11.223;11.227;11.212;11.213;20193
CNYRUBF;5;20260227;174500;11.214;11.217;11.201;11.204;6988
CNYRUBF;5;20260227;175000;11.204;11.208;11.202;11.208;5452
CNYRUBF;5;20260227;175500;11.207;11.211;11.205;11.21;7697
CNYRUBF;5;20260227;180000;11.209;11.212;11.203;11.203;3900
CNYRUBF;5;20260227;180500;11.204;11.204;11.195;11.197;14265
CNYRUBF;5;20260227;181000;11.197;11.199;11.184;11.189;33487
CNYRUBF;5;20260227;181500;11.188;11.191;11.186;11.188;10994
CNYRUBF;5;20260227;182000;11.186;11.188;11.183;11.185;12064
CNYRUBF;5;20260227;182500;11.186;11.195;11.185;11.189;8524
CNYRUBF;5;20260227;183000;11.188;11.193;11.187;11.19;5138
CNYRUBF;5;20260227;183500;11.19;11.192;11.186;11.186;7076
CNYRUBF;5;20260227;184000;11.187;11.19;11.187;11.19;4068
CNYRUBF;5;20260227;184500;11.189;11.192;11.183;11.188;21746
CNYRUBF;5;20260227;190500;11.19;11.194;11.181;11.187;5547
CNYRUBF;5;20260227;191000;11.188;11.188;11.184;11.187;5411
CNYRUBF;5;20260227;191500;11.188;11.191;11.186;11.191;2099
CNYRUBF;5;20260227;192000;11.191;11.2;11.19;11.2;2894
CNYRUBF;5;20260227;192500;11.198;11.2;11.196;11.199;1345
CNYRUBF;5;20260227;193000;11.199;11.2;11.199;11.199;809
CNYRUBF;5;20260227;193500;11.198;11.199;11.195;11.195;1514
CNYRUBF;5;20260227;194000;11.195;11.195;11.193;11.195;970
CNYRUBF;5;20260227;194500;11.195;11.197;11.195;11.197;335
CNYRUBF;5;20260227;195000;11.197;11.197;11.196;11.196;557
CNYRUBF;5;20260227;195500;11.196;11.197;11.193;11.196;1653
CNYRUBF;5;20260227;200000;11.197;11.197;11.188;11.19;1752
CNYRUBF;5;20260227;200500;11.191;11.199;11.19;11.198;1655
CNYRUBF;5;20260227;201000;11.198;11.199;11.196;11.199;390
CNYRUBF;5;20260227;201500;11.199;11.2;11.198;11.2;562
CNYRUBF;5;20260227;202000;11.2;11.2;11.197;11.197;1595
CNYRUBF;5;20260227;202500;11.197;11.2;11.197;11.2;185
CNYRUBF;5;20260227;203000;11.2;11.2;11.199;11.199;654
CNYRUBF;5;20260227;203500;11.2;11.2;11.198;11.198;2102
CNYRUBF;5;20260227;204000;11.198;11.201;11.197;11.201;343
CNYRUBF;5;20260227;204500;11.198;11.203;11.198;11.203;575
CNYRUBF;5;20260227;205000;11.202;11.204;11.202;11.203;244
CNYRUBF;5;20260227;205500;11.203;11.203;11.201;11.203;171
CNYRUBF;5;20260227;210000;11.203;11.204;11.202;11.204;694
CNYRUBF;5;20260227;210500;11.204;11.204;11.198;11.2;925
CNYRUBF;5;20260227;211000;11.199;11.2;11.198;11.199;280
CNYRUBF;5;20260227;211500;11.199;11.2;11.197;11.2;1212
CNYRUBF;5;20260227;212000;11.199;11.2;11.199;11.2;336
CNYRUBF;5;20260227;212500;11.2;11.2;11.198;11.2;575
CNYRUBF;5;20260227;213000;11.201;11.201;11.198;11.199;259
CNYRUBF;5;20260227;213500;11.2;11.201;11.199;11.201;118
CNYRUBF;5;20260227;214000;11.201;11.203;11.198;11.199;1720
CNYRUBF;5;20260227;214500;11.198;11.202;11.198;11.202;62
CNYRUBF;5;20260227;215000;11.201;11.202;11.198;11.198;369
CNYRUBF;5;20260227;215500;11.2;11.2;11.197;11.198;102
CNYRUBF;5;20260227;220000;11.199;11.199;11.198;11.199;67
CNYRUBF;5;20260227;220500;11.199;11.199;11.198;11.198;82
CNYRUBF;5;20260227;221000;11.199;11.199;11.195;11.198;341
CNYRUBF;5;20260227;221500;11.2;11.2;11.199;11.199;40
CNYRUBF;5;20260227;222000;11.198;11.2;11.198;11.2;95
CNYRUBF;5;20260227;222500;11.2;11.2;11.199;11.2;223
CNYRUBF;5;20260227;223000;11.2;11.201;11.2;11.2;398
CNYRUBF;5;20260227;223500;11.201;11.203;11.201;11.203;99
CNYRUBF;5;20260227;224000;11.201;11.203;11.2;11.203;268
CNYRUBF;5;20260227;224500;11.202;11.202;11.202;11.202;4
CNYRUBF;5;20260227;225000;11.201;11.201;11.2;11.201;135
CNYRUBF;5;20260227;225500;11.2;11.201;11.2;11.201;60
CNYRUBF;5;20260227;230000;11.2;11.201;11.2;11.2;163
CNYRUBF;5;20260227;230500;11.199;11.2;11.198;11.199;582
CNYRUBF;5;20260227;231000;11.199;11.199;11.196;11.199;169
CNYRUBF;5;20260227;231500;11.199;11.2;11.198;11.2;49
CNYRUBF;5;20260227;232000;11.198;11.2;11.198;11.2;202
CNYRUBF;5;20260227;232500;11.2;11.202;11.199;11.199;772
CNYRUBF;5;20260227;233000;11.2;11.202;11.199;11.202;182
CNYRUBF;5;20260227;233500;11.202;11.203;11.2;11.203;424
CNYRUBF;5;20260227;234000;11.202;11.204;11.198;11.203;2073
CNYRUBF;5;20260227;234500;11.203;11.203;11.193;11.202;1700
CNYRUBF;5;20260302;085500;11.194;11.194;11.194;11.194;1877
CNYRUBF;5;20260302;090000;11.193;11.194;11.137;11.154;65951
CNYRUBF;5;20260302;090500;11.155;11.161;11.14;11.142;17558
CNYRUBF;5;20260302;091000;11.143;11.155;11.141;11.152;13380
CNYRUBF;5;20260302;091500;11.153;11.153;11.109;11.112;34306
CNYRUBF;5;20260302;092000;11.112;11.127;11.111;11.123;13231
CNYRUBF;5;20260302;092500;11.122;11.126;11.112;11.113;12624
CNYRUBF;5;20260302;093000;11.112;11.127;11.107;11.125;10315
CNYRUBF;5;20260302;093500;11.124;11.127;11.114;11.121;6611
CNYRUBF;5;20260302;094000;11.121;11.134;11.121;11.131;8414
CNYRUBF;5;20260302;094500;11.132;11.137;11.125;11.131;14062
CNYRUBF;5;20260302;095000;11.13;11.137;11.127;11.133;7594
CNYRUBF;5;20260302;095500;11.134;11.138;11.128;11.13;6070
CNYRUBF;5;20260302;100000;11.132;11.16;11.13;11.144;73533
CNYRUBF;5;20260302;100500;11.143;11.151;11.111;11.116;50775
CNYRUBF;5;20260302;101000;11.114;11.125;11.106;11.116;36803
CNYRUBF;5;20260302;101500;11.115;11.122;11.111;11.122;34341
CNYRUBF;5;20260302;102000;11.121;11.154;11.115;11.153;52624
CNYRUBF;5;20260302;102500;11.152;11.168;11.15;11.166;28449
CNYRUBF;5;20260302;103000;11.165;11.191;11.165;11.18;86908
CNYRUBF;5;20260302;103500;11.181;11.19;11.162;11.175;37314
CNYRUBF;5;20260302;104000;11.176;11.199;11.175;11.198;36188
CNYRUBF;5;20260302;104500;11.199;11.202;11.19;11.2;21100
CNYRUBF;5;20260302;105000;11.202;11.209;11.184;11.194;35414
CNYRUBF;5;20260302;105500;11.195;11.201;11.192;11.2;23995
CNYRUBF;5;20260302;110000;11.199;11.201;11.193;11.198;19169
CNYRUBF;5;20260302;110500;11.198;11.219;11.193;11.218;42950
CNYRUBF;5;20260302;111000;11.219;11.254;11.218;11.249;105058
CNYRUBF;5;20260302;111500;11.248;11.264;11.235;11.236;95491
CNYRUBF;5;20260302;112000;11.237;11.258;11.237;11.243;60843
CNYRUBF;5;20260302;112500;11.243;11.254;11.236;11.24;49019
CNYRUBF;5;20260302;113000;11.241;11.253;11.24;11.25;53556
CNYRUBF;5;20260302;113500;11.249;11.251;11.24;11.246;33481
CNYRUBF;5;20260302;114000;11.245;11.254;11.238;11.239;48929
CNYRUBF;5;20260302;114500;11.24;11.242;11.232;11.24;36041
CNYRUBF;5;20260302;115000;11.239;11.244;11.226;11.226;42999
CNYRUBF;5;20260302;115500;11.226;11.236;11.224;11.233;24036
CNYRUBF;5;20260302;120000;11.233;11.237;11.228;11.23;13068
CNYRUBF;5;20260302;120500;11.23;11.232;11.218;11.218;35256
CNYRUBF;5;20260302;121000;11.218;11.232;11.213;11.231;23199
CNYRUBF;5;20260302;121500;11.232;11.232;11.224;11.224;15518
CNYRUBF;5;20260302;122000;11.225;11.226;11.219;11.226;10333
CNYRUBF;5;20260302;122500;11.225;11.231;11.222;11.226;8531
CNYRUBF;5;20260302;123000;11.23;11.232;11.227;11.229;20900
CNYRUBF;5;20260302;123500;11.229;11.234;11.229;11.232;1896
CNYRUBF;5;20260302;124000;11.232;11.234;11.226;11.229;3618
CNYRUBF;5;20260302;124500;11.228;11.228;11.223;11.224;2443
CNYRUBF;5;20260302;125000;11.225;11.226;11.222;11.226;1190
CNYRUBF;5;20260302;125500;11.224;11.229;11.222;11.229;2908
CNYRUBF;5;20260302;130000;11.229;11.248;11.228;11.228;19981
CNYRUBF;5;20260302;130500;11.229;11.232;11.223;11.224;4321
CNYRUBF;5;20260302;131000;11.224;11.227;11.216;11.219;12683
CNYRUBF;5;20260302;131500;11.218;11.219;11.204;11.218;21269
CNYRUBF;5;20260302;132000;11.218;11.22;11.216;11.219;5748
CNYRUBF;5;20260302;132500;11.219;11.219;11.212;11.215;4665
CNYRUBF;5;20260302;133000;11.215;11.22;11.213;11.22;2329
CNYRUBF;5;20260302;133500;11.22;11.229;11.219;11.229;6414
CNYRUBF;5;20260302;134000;11.229;11.238;11.221;11.236;17336
CNYRUBF;5;20260302;134500;11.236;11.241;11.226;11.241;12187
CNYRUBF;5;20260302;135000;11.24;11.241;11.231;11.235;10979
CNYRUBF;5;20260302;135500;11.235;11.235;11.233;11.234;6455
CNYRUBF;5;20260302;140500;11.233;11.241;11.231;11.231;6818
CNYRUBF;5;20260302;141000;11.231;11.232;11.222;11.224;5707
CNYRUBF;5;20260302;141500;11.223;11.228;11.218;11.228;7726
CNYRUBF;5;20260302;142000;11.228;11.232;11.225;11.231;6279
CNYRUBF;5;20260302;142500;11.231;11.231;11.226;11.226;1184
CNYRUBF;5;20260302;143000;11.225;11.227;11.221;11.223;723
CNYRUBF;5;20260302;143500;11.223;11.225;11.22;11.222;4028
CNYRUBF;5;20260302;144000;11.221;11.222;11.219;11.221;4801
CNYRUBF;5;20260302;144500;11.22;11.229;11.219;11.227;3528
CNYRUBF;5;20260302;145000;11.226;11.228;11.224;11.226;3642
CNYRUBF;5;20260302;145500;11.228;11.229;11.224;11.227;5208
CNYRUBF;5;20260302;150000;11.225;11.229;11.215;11.216;4599
CNYRUBF;5;20260302;150500;11.219;11.22;11.209;11.21;24102
CNYRUBF;5;20260302;151000;11.212;11.214;11.208;11.212;7198
CNYRUBF;5;20260302;151500;11.213;11.216;11.209;11.211;4331
CNYRUBF;5;20260302;152000;11.212;11.213;11.203;11.206;4265
CNYRUBF;5;20260302;152500;11.207;11.212;11.206;11.212;1823
CNYRUBF;5;20260302;153000;11.212;11.212;11.208;11.21;2060
CNYRUBF;5;20260302;153500;11.21;11.214;11.206;11.214;6164
CNYRUBF;5;20260302;154000;11.214;11.222;11.213;11.217;5630
CNYRUBF;5;20260302;154500;11.218;11.227;11.209;11.213;6566
CNYRUBF;5;20260302;155000;11.213;11.217;11.211;11.215;1645
CNYRUBF;5;20260302;155500;11.215;11.217;11.206;11.213;3857
CNYRUBF;5;20260302;160000;11.214;11.214;11.21;11.21;2704
CNYRUBF;5;20260302;160500;11.21;11.213;11.208;11.211;6340
CNYRUBF;5;20260302;161000;11.211;11.22;11.211;11.215;4124
CNYRUBF;5;20260302;161500;11.216;11.227;11.212;11.226;7481
CNYRUBF;5;20260302;162000;11.227;11.228;11.203;11.206;10042
CNYRUBF;5;20260302;162500;11.207;11.214;11.203;11.206;8871
CNYRUBF;5;20260302;163000;11.207;11.207;11.192;11.199;17491
CNYRUBF;5;20260302;163500;11.199;11.215;11.195;11.214;14066
CNYRUBF;5;20260302;164000;11.214;11.217;11.209;11.21;5071
CNYRUBF;5;20260302;164500;11.211;11.213;11.207;11.209;4232
CNYRUBF;5;20260302;165000;11.209;11.209;11.205;11.205;1210
CNYRUBF;5;20260302;165500;11.206;11.21;11.205;11.206;3752
CNYRUBF;5;20260302;170000;11.206;11.218;11.201;11.208;12759
CNYRUBF;5;20260302;170500;11.206;11.213;11.202;11.206;10256
CNYRUBF;5;20260302;171000;11.208;11.217;11.206;11.208;2974
CNYRUBF;5;20260302;171500;11.209;11.214;11.207;11.21;7548
CNYRUBF;5;20260302;172000;11.211;11.211;11.203;11.21;7922
CNYRUBF;5;20260302;172500;11.21;11.234;11.209;11.231;19492
CNYRUBF;5;20260302;173000;11.23;11.232;11.213;11.214;8201
CNYRUBF;5;20260302;173500;11.214;11.225;11.213;11.216;17791
CNYRUBF;5;20260302;174000;11.216;11.216;11.204;11.207;10426
CNYRUBF;5;20260302;174500;11.206;11.212;11.204;11.21;6663
CNYRUBF;5;20260302;175000;11.21;11.21;11.198;11.206;8797
CNYRUBF;5;20260302;175500;11.207;11.213;11.205;11.213;5985
CNYRUBF;5;20260302;180000;11.213;11.215;11.209;11.213;5372
CNYRUBF;5;20260302;180500;11.212;11.224;11.211;11.224;11960
CNYRUBF;5;20260302;181000;11.223;11.225;11.218;11.221;4397
CNYRUBF;5;20260302;181500;11.221;11.224;11.217;11.22;3843
CNYRUBF;5;20260302;182000;11.218;11.219;11.204;11.205;8042
CNYRUBF;5;20260302;182500;11.205;11.209;11.205;11.206;6075
CNYRUBF;5;20260302;183000;11.204;11.205;11.201;11.203;4509
CNYRUBF;5;20260302;183500;11.203;11.209;11.203;11.209;3972
CNYRUBF;5;20260302;184000;11.209;11.211;11.208;11.211;3078
CNYRUBF;5;20260302;184500;11.211;11.217;11.21;11.213;2786
CNYRUBF;5;20260302;190500;11.223;11.224;11.21;11.223;2204
CNYRUBF;5;20260302;191000;11.221;11.224;11.218;11.222;1492
CNYRUBF;5;20260302;191500;11.222;11.222;11.218;11.219;2165
CNYRUBF;5;20260302;192000;11.217;11.217;11.212;11.212;1654
CNYRUBF;5;20260302;192500;11.213;11.213;11.209;11.209;1206
CNYRUBF;5;20260302;193000;11.21;11.211;11.208;11.211;2410
CNYRUBF;5;20260302;193500;11.21;11.21;11.207;11.207;3584
CNYRUBF;5;20260302;194000;11.207;11.211;11.207;11.207;402
CNYRUBF;5;20260302;194500;11.207;11.208;11.191;11.2;10084
CNYRUBF;5;20260302;195000;11.199;11.205;11.199;11.204;2733
CNYRUBF;5;20260302;195500;11.204;11.205;11.201;11.202;818
CNYRUBF;5;20260302;200000;11.201;11.202;11.198;11.201;1109
CNYRUBF;5;20260302;200500;11.203;11.204;11.2;11.2;1235
CNYRUBF;5;20260302;201000;11.202;11.205;11.201;11.204;998
CNYRUBF;5;20260302;201500;11.204;11.204;11.197;11.2;1393
CNYRUBF;5;20260302;202000;11.2;11.205;11.199;11.205;483
CNYRUBF;5;20260302;202500;11.204;11.208;11.199;11.204;5471
CNYRUBF;5;20260302;203000;11.201;11.202;11.198;11.202;715
CNYRUBF;5;20260302;203500;11.202;11.202;11.199;11.199;621
CNYRUBF;5;20260302;204000;11.201;11.203;11.199;11.199;2150
CNYRUBF;5;20260302;204500;11.198;11.2;11.198;11.198;424
CNYRUBF;5;20260302;205000;11.198;11.204;11.198;11.203;2596
CNYRUBF;5;20260302;205500;11.203;11.204;11.203;11.204;10
CNYRUBF;5;20260302;210000;11.203;11.205;11.202;11.202;452
CNYRUBF;5;20260302;210500;11.203;11.207;11.201;11.207;258
CNYRUBF;5;20260302;211000;11.207;11.21;11.207;11.21;554
CNYRUBF;5;20260302;211500;11.21;11.211;11.21;11.21;402
CNYRUBF;5;20260302;212000;11.209;11.21;11.208;11.208;125
CNYRUBF;5;20260302;212500;11.207;11.207;11.206;11.206;5
CNYRUBF;5;20260302;213000;11.206;11.207;11.206;11.207;105
CNYRUBF;5;20260302;213500;11.206;11.207;11.206;11.207;63
CNYRUBF;5;20260302;214000;11.207;11.208;11.207;11.208;165
CNYRUBF;5;20260302;214500;11.207;11.207;11.203;11.207;219
CNYRUBF;5;20260302;215000;11.205;11.207;11.204;11.204;9
CNYRUBF;5;20260302;215500;11.206;11.206;11.203;11.204;132
CNYRUBF;5;20260302;220000;11.204;11.205;11.198;11.199;652
CNYRUBF;5;20260302;220500;11.199;11.202;11.197;11.2;2068
CNYRUBF;5;20260302;221000;11.197;11.205;11.197;11.203;971
CNYRUBF;5;20260302;221500;11.201;11.204;11.2;11.204;356
CNYRUBF;5;20260302;222000;11.205;11.206;11.202;11.204;1463
CNYRUBF;5;20260302;222500;11.204;11.207;11.204;11.207;851
CNYRUBF;5;20260302;223000;11.204;11.204;11.203;11.203;133
CNYRUBF;5;20260302;223500;11.203;11.203;11.203;11.203;3
CNYRUBF;5;20260302;224000;11.204;11.204;11.202;11.204;599
CNYRUBF;5;20260302;224500;11.203;11.204;11.201;11.204;1186
CNYRUBF;5;20260302;225000;11.204;11.204;11.204;11.204;440
CNYRUBF;5;20260302;225500;11.204;11.204;11.201;11.203;241
CNYRUBF;5;20260302;230000;11.203;11.203;11.199;11.199;901
CNYRUBF;5;20260302;230500;11.198;11.198;11.192;11.193;3110
CNYRUBF;5;20260302;231000;11.192;11.196;11.19;11.195;4408
CNYRUBF;5;20260302;231500;11.195;11.196;11.188;11.19;770
CNYRUBF;5;20260302;232000;11.188;11.189;11.185;11.185;1260
CNYRUBF;5;20260302;232500;11.185;11.187;11.184;11.184;699
CNYRUBF;5;20260302;233000;11.183;11.192;11.181;11.188;1526
CNYRUBF;5;20260302;233500;11.188;11.191;11.187;11.189;477
CNYRUBF;5;20260302;234000;11.19;11.196;11.186;11.187;1032
CNYRUBF;5;20260302;234500;11.186;11.192;11.181;11.183;988
CNYRUBF;5;20260303;085500;11.183;11.183;11.183;11.183;14
CNYRUBF;5;20260303;090000;11.185;11.203;11.185;11.202;7142
CNYRUBF;5;20260303;090500;11.202;11.208;11.199;11.208;8677
CNYRUBF;5;20260303;091000;11.208;11.215;11.207;11.207;9675
CNYRUBF;5;20260303;091500;11.207;11.221;11.207;11.215;4917
CNYRUBF;5;20260303;092000;11.214;11.217;11.21;11.212;1474
CNYRUBF;5;20260303;092500;11.215;11.217;11.212;11.214;1526
CNYRUBF;5;20260303;093000;11.215;11.218;11.208;11.209;2581
CNYRUBF;5;20260303;093500;11.208;11.209;11.203;11.206;2375
CNYRUBF;5;20260303;094000;11.206;11.209;11.205;11.205;1501
CNYRUBF;5;20260303;094500;11.206;11.209;11.204;11.205;880
CNYRUBF;5;20260303;095000;11.206;11.21;11.204;11.206;1765
CNYRUBF;5;20260303;095500;11.206;11.21;11.197;11.205;6293
CNYRUBF;5;20260303;100000;11.208;11.229;11.207;11.215;36391
CNYRUBF;5;20260303;100500;11.214;11.23;11.206;11.228;19880
CNYRUBF;5;20260303;101000;11.227;11.229;11.216;11.22;9809
CNYRUBF;5;20260303;101500;11.219;11.219;11.201;11.205;40153
CNYRUBF;5;20260303;102000;11.204;11.22;11.204;11.22;15694
CNYRUBF;5;20260303;102500;11.219;11.227;11.216;11.227;7040
CNYRUBF;5;20260303;103000;11.225;11.232;11.221;11.229;12403
CNYRUBF;5;20260303;103500;11.228;11.235;11.227;11.233;14415
CNYRUBF;5;20260303;104000;11.232;11.243;11.232;11.239;16108
CNYRUBF;5;20260303;104500;11.238;11.24;11.235;11.239;10139
CNYRUBF;5;20260303;105000;11.239;11.243;11.237;11.237;11289
CNYRUBF;5;20260303;105500;11.237;11.242;11.236;11.24;5343
CNYRUBF;5;20260303;110000;11.24;11.244;11.233;11.236;17647
CNYRUBF;5;20260303;110500;11.236;11.241;11.23;11.232;14272
CNYRUBF;5;20260303;111000;11.231;11.241;11.23;11.233;20427
CNYRUBF;5;20260303;111500;11.231;11.236;11.23;11.233;9438
CNYRUBF;5;20260303;112000;11.232;11.233;11.226;11.226;3285
CNYRUBF;5;20260303;112500;11.225;11.237;11.224;11.229;7505
CNYRUBF;5;20260303;113000;11.229;11.231;11.227;11.227;2814
CNYRUBF;5;20260303;113500;11.227;11.232;11.227;11.231;1010
CNYRUBF;5;20260303;114000;11.23;11.23;11.217;11.222;11652
CNYRUBF;5;20260303;114500;11.22;11.229;11.22;11.229;7986
CNYRUBF;5;20260303;115000;11.228;11.23;11.225;11.227;6245
CNYRUBF;5;20260303;115500;11.225;11.227;11.216;11.221;9919
CNYRUBF;5;20260303;120000;11.22;11.225;11.216;11.216;17134
CNYRUBF;5;20260303;120500;11.216;11.219;11.213;11.216;8220
CNYRUBF;5;20260303;121000;11.216;11.221;11.216;11.219;2322
CNYRUBF;5;20260303;121500;11.219;11.226;11.213;11.225;16964
CNYRUBF;5;20260303;122000;11.224;11.225;11.218;11.22;6143
CNYRUBF;5;20260303;122500;11.22;11.223;11.216;11.223;4066
CNYRUBF;5;20260303;123000;11.222;11.222;11.213;11.214;4659
CNYRUBF;5;20260303;123500;11.213;11.219;11.212;11.219;1938
CNYRUBF;5;20260303;124000;11.218;11.224;11.217;11.221;2396
CNYRUBF;5;20260303;124500;11.22;11.224;11.22;11.224;354
CNYRUBF;5;20260303;125000;11.222;11.222;11.217;11.219;3454
CNYRUBF;5;20260303;125500;11.218;11.22;11.217;11.218;4934
CNYRUBF;5;20260303;130000;11.217;11.218;11.211;11.213;6124
CNYRUBF;5;20260303;130500;11.212;11.217;11.21;11.215;3426
CNYRUBF;5;20260303;131000;11.213;11.215;11.206;11.215;9121
CNYRUBF;5;20260303;131500;11.215;11.215;11.208;11.214;6510
CNYRUBF;5;20260303;132000;11.214;11.219;11.213;11.219;4846
CNYRUBF;5;20260303;132500;11.218;11.22;11.213;11.219;9787
CNYRUBF;5;20260303;133000;11.219;11.229;11.219;11.227;6087
CNYRUBF;5;20260303;133500;11.228;11.229;11.225;11.227;9428
CNYRUBF;5;20260303;134000;11.228;11.23;11.221;11.223;4315
CNYRUBF;5;20260303;134500;11.222;11.223;11.217;11.217;6024
CNYRUBF;5;20260303;135000;11.218;11.22;11.214;11.216;10629
CNYRUBF;5;20260303;135500;11.216;11.22;11.214;11.217;12103
CNYRUBF;5;20260303;140500;11.219;11.225;11.214;11.215;13143
CNYRUBF;5;20260303;141000;11.215;11.216;11.21;11.216;16878
CNYRUBF;5;20260303;141500;11.216;11.221;11.215;11.22;13146
CNYRUBF;5;20260303;142000;11.22;11.221;11.215;11.221;18294
CNYRUBF;5;20260303;142500;11.22;11.224;11.216;11.224;6365
CNYRUBF;5;20260303;143000;11.223;11.226;11.216;11.216;8988
CNYRUBF;5;20260303;143500;11.217;11.223;11.215;11.223;3463
CNYRUBF;5;20260303;144000;11.223;11.231;11.222;11.225;2003
CNYRUBF;5;20260303;144500;11.226;11.226;11.221;11.224;3948
CNYRUBF;5;20260303;145000;11.223;11.226;11.221;11.226;2728
CNYRUBF;5;20260303;145500;11.226;11.226;11.221;11.222;3786
CNYRUBF;5;20260303;150000;11.222;11.224;11.219;11.221;10649
CNYRUBF;5;20260303;150500;11.221;11.223;11.218;11.218;13394
CNYRUBF;5;20260303;151000;11.219;11.221;11.215;11.218;29717
CNYRUBF;5;20260303;151500;11.219;11.225;11.218;11.223;8403
CNYRUBF;5;20260303;152000;11.224;11.224;11.219;11.219;1785
CNYRUBF;5;20260303;152500;11.218;11.232;11.214;11.223;24827
CNYRUBF;5;20260303;153000;11.223;11.226;11.217;11.224;5377
CNYRUBF;5;20260303;153500;11.224;11.226;11.218;11.22;6951
CNYRUBF;5;20260303;154000;11.219;11.222;11.213;11.217;6100
CNYRUBF;5;20260303;154500;11.219;11.221;11.217;11.221;2308
CNYRUBF;5;20260303;155000;11.221;11.222;11.214;11.215;3112
CNYRUBF;5;20260303;155500;11.216;11.217;11.214;11.217;1195
CNYRUBF;5;20260303;160000;11.217;11.218;11.214;11.215;1966
CNYRUBF;5;20260303;160500;11.217;11.218;11.214;11.217;3613
CNYRUBF;5;20260303;161000;11.215;11.218;11.215;11.218;4227
CNYRUBF;5;20260303;161500;11.218;11.218;11.215;11.216;2447
CNYRUBF;5;20260303;162000;11.218;11.218;11.189;11.194;62201
CNYRUBF;5;20260303;162500;11.195;11.196;11.171;11.176;34637
CNYRUBF;5;20260303;163000;11.176;11.191;11.176;11.19;13143
CNYRUBF;5;20260303;163500;11.19;11.191;11.18;11.181;14416
CNYRUBF;5;20260303;164000;11.181;11.184;11.175;11.177;14220
CNYRUBF;5;20260303;164500;11.177;11.191;11.176;11.19;12811
CNYRUBF;5;20260303;165000;11.19;11.193;11.187;11.192;13156
CNYRUBF;5;20260303;165500;11.191;11.194;11.179;11.181;22880
CNYRUBF;5;20260303;170000;11.18;11.184;11.174;11.18;25594
CNYRUBF;5;20260303;170500;11.179;11.18;11.167;11.17;18160
CNYRUBF;5;20260303;171000;11.17;11.173;11.167;11.171;3802
CNYRUBF;5;20260303;171500;11.17;11.174;11.162;11.167;11029
CNYRUBF;5;20260303;172000;11.167;11.172;11.164;11.168;8817
CNYRUBF;5;20260303;172500;11.167;11.17;11.162;11.165;6757
CNYRUBF;5;20260303;173000;11.166;11.171;11.163;11.168;6401
CNYRUBF;5;20260303;173500;11.167;11.176;11.167;11.168;10728
CNYRUBF;5;20260303;174000;11.167;11.173;11.167;11.173;2604
CNYRUBF;5;20260303;174500;11.171;11.174;11.167;11.174;6609
CNYRUBF;5;20260303;175000;11.174;11.178;11.17;11.178;5845
CNYRUBF;5;20260303;175500;11.176;11.176;11.171;11.171;1445
CNYRUBF;5;20260303;180000;11.171;11.175;11.171;11.172;8326
CNYRUBF;5;20260303;180500;11.173;11.18;11.173;11.176;8852
CNYRUBF;5;20260303;181000;11.178;11.18;11.176;11.178;2416
CNYRUBF;5;20260303;181500;11.179;11.181;11.178;11.179;2924
CNYRUBF;5;20260303;182000;11.179;11.18;11.173;11.174;6703
CNYRUBF;5;20260303;182500;11.174;11.178;11.171;11.171;11437
CNYRUBF;5;20260303;183000;11.172;11.175;11.17;11.175;7185
CNYRUBF;5;20260303;183500;11.174;11.175;11.173;11.173;4276
CNYRUBF;5;20260303;184000;11.173;11.175;11.169;11.174;9367
CNYRUBF;5;20260303;184500;11.174;11.175;11.17;11.17;14356
CNYRUBF;5;20260303;190500;11.175;11.188;11.169;11.185;15695
CNYRUBF;5;20260303;191000;11.184;11.185;11.179;11.183;3699
CNYRUBF;5;20260303;191500;11.182;11.182;11.175;11.177;6810
CNYRUBF;5;20260303;192000;11.177;11.177;11.172;11.174;3359
CNYRUBF;5;20260303;192500;11.174;11.174;11.17;11.173;1249
CNYRUBF;5;20260303;193000;11.173;11.174;11.172;11.173;319
CNYRUBF;5;20260303;193500;11.173;11.174;11.171;11.173;556
CNYRUBF;5;20260303;194000;11.173;11.174;11.173;11.174;284
CNYRUBF;5;20260303;194500;11.173;11.178;11.172;11.178;3604
CNYRUBF;5;20260303;195000;11.177;11.18;11.177;11.179;918
CNYRUBF;5;20260303;195500;11.178;11.181;11.178;11.181;1119
CNYRUBF;5;20260303;200000;11.181;11.182;11.179;11.179;921
CNYRUBF;5;20260303;200500;11.177;11.178;11.175;11.175;1107
CNYRUBF;5;20260303;201000;11.175;11.176;11.172;11.173;868
CNYRUBF;5;20260303;201500;11.175;11.175;11.172;11.174;768
CNYRUBF;5;20260303;202000;11.173;11.176;11.173;11.175;126
CNYRUBF;5;20260303;202500;11.176;11.18;11.175;11.18;935
CNYRUBF;5;20260303;203000;11.18;11.182;11.176;11.179;1796
CNYRUBF;5;20260303;203500;11.178;11.181;11.177;11.18;391
CNYRUBF;5;20260303;204000;11.178;11.18;11.178;11.18;160
CNYRUBF;5;20260303;204500;11.181;11.181;11.179;11.179;441
CNYRUBF;5;20260303;205000;11.18;11.182;11.179;11.182;164
CNYRUBF;5;20260303;205500;11.18;11.182;11.18;11.18;335
CNYRUBF;5;20260303;210000;11.18;11.182;11.18;11.182;189
CNYRUBF;5;20260303;210500;11.182;11.182;11.181;11.182;373
CNYRUBF;5;20260303;211000;11.182;11.182;11.181;11.182;407
CNYRUBF;5;20260303;211500;11.181;11.181;11.178;11.178;229
CNYRUBF;5;20260303;212000;11.178;11.184;11.178;11.182;361
CNYRUBF;5;20260303;212500;11.183;11.183;11.181;11.181;36
CNYRUBF;5;20260303;213000;11.182;11.183;11.179;11.182;616
CNYRUBF;5;20260303;213500;11.183;11.183;11.182;11.182;146
CNYRUBF;5;20260303;214000;11.181;11.182;11.171;11.176;4237
CNYRUBF;5;20260303;214500;11.176;11.183;11.176;11.183;1638
CNYRUBF;5;20260303;215000;11.182;11.185;11.182;11.183;952
CNYRUBF;5;20260303;215500;11.183;11.187;11.183;11.184;984
CNYRUBF;5;20260303;220000;11.185;11.187;11.185;11.185;122
CNYRUBF;5;20260303;220500;11.186;11.187;11.185;11.185;144
CNYRUBF;5;20260303;221000;11.186;11.186;11.184;11.184;102
CNYRUBF;5;20260303;221500;11.184;11.184;11.184;11.184;46
CNYRUBF;5;20260303;222000;11.184;11.186;11.184;11.186;264
CNYRUBF;5;20260303;222500;11.185;11.186;11.185;11.185;38
CNYRUBF;5;20260303;223000;11.186;11.187;11.185;11.187;142
CNYRUBF;5;20260303;223500;11.185;11.189;11.185;11.189;1018
CNYRUBF;5;20260303;224000;11.188;11.2;11.188;11.2;3725
CNYRUBF;5;20260303;224500;11.2;11.21;11.199;11.201;4672
CNYRUBF;5;20260303;225000;11.2;11.203;11.197;11.199;2815
CNYRUBF;5;20260303;225500;11.2;11.206;11.199;11.2;4593
CNYRUBF;5;20260303;230000;11.203;11.205;11.199;11.202;1989
CNYRUBF;5;20260303;230500;11.2;11.201;11.2;11.2;905
CNYRUBF;5;20260303;231000;11.201;11.202;11.201;11.202;389
CNYRUBF;5;20260303;231500;11.202;11.202;11.2;11.2;582
CNYRUBF;5;20260303;232000;11.2;11.201;11.2;11.201;216
CNYRUBF;5;20260303;232500;11.2;11.2;11.2;11.2;595
CNYRUBF;5;20260303;233000;11.2;11.201;11.199;11.199;1230
CNYRUBF;5;20260303;233500;11.199;11.202;11.198;11.198;316
CNYRUBF;5;20260303;234000;11.2;11.201;11.196;11.198;1552
CNYRUBF;5;20260303;234500;11.198;11.202;11.198;11.198;329
CNYRUBF;5;20260304;085500;11.195;11.195;11.195;11.195;5
CNYRUBF;5;20260304;090000;11.195;11.197;11.177;11.184;6869
CNYRUBF;5;20260304;090500;11.183;11.191;11.181;11.19;4768
CNYRUBF;5;20260304;091000;11.19;11.192;11.184;11.192;2927
CNYRUBF;5;20260304;091500;11.192;11.195;11.187;11.19;3626
CNYRUBF;5;20260304;092000;11.19;11.191;11.184;11.184;3062
CNYRUBF;5;20260304;092500;11.184;11.187;11.182;11.183;571
CNYRUBF;5;20260304;093000;11.183;11.186;11.18;11.184;2468
CNYRUBF;5;20260304;093500;11.183;11.184;11.177;11.182;462
CNYRUBF;5;20260304;094000;11.18;11.184;11.18;11.182;634
CNYRUBF;5;20260304;094500;11.181;11.182;11.175;11.179;2939
CNYRUBF;5;20260304;095000;11.179;11.19;11.179;11.189;2201
CNYRUBF;5;20260304;095500;11.189;11.189;11.185;11.189;1926
CNYRUBF;5;20260304;100000;11.19;11.194;11.172;11.187;25202
CNYRUBF;5;20260304;100500;11.187;11.191;11.172;11.184;32544
CNYRUBF;5;20260304;101000;11.183;11.185;11.153;11.171;40810
CNYRUBF;5;20260304;101500;11.169;11.202;11.163;11.192;37927
CNYRUBF;5;20260304;102000;11.192;11.199;11.184;11.194;20625
CNYRUBF;5;20260304;102500;11.195;11.195;11.174;11.181;17625
CNYRUBF;5;20260304;103000;11.181;11.188;11.178;11.183;11095
CNYRUBF;5;20260304;103500;11.184;11.191;11.182;11.19;11339
CNYRUBF;5;20260304;104000;11.19;11.202;11.186;11.19;10713
CNYRUBF;5;20260304;104500;11.189;11.196;11.186;11.195;18377
CNYRUBF;5;20260304;105000;11.195;11.196;11.191;11.194;9409
CNYRUBF;5;20260304;105500;11.193;11.196;11.193;11.196;6130
CNYRUBF;5;20260304;110000;11.195;11.197;11.188;11.189;14415
CNYRUBF;5;20260304;110500;11.188;11.198;11.188;11.197;10104
CNYRUBF;5;20260304;111000;11.197;11.205;11.196;11.197;12171
CNYRUBF;5;20260304;111500;11.197;11.198;11.193;11.198;3065
CNYRUBF;5;20260304;112000;11.198;11.203;11.194;11.194;5264
CNYRUBF;5;20260304;112500;11.196;11.199;11.191;11.195;17976
CNYRUBF;5;20260304;113000;11.196;11.198;11.19;11.197;3087
CNYRUBF;5;20260304;113500;11.198;11.2;11.195;11.199;7429
CNYRUBF;5;20260304;114000;11.198;11.205;11.197;11.199;9321
CNYRUBF;5;20260304;114500;11.199;11.202;11.192;11.194;11412
CNYRUBF;5;20260304;115000;11.194;11.199;11.192;11.195;13865
CNYRUBF;5;20260304;115500;11.194;11.256;11.194;11.256;74120
CNYRUBF;5;20260304;120000;11.253;11.356;11.253;11.351;430567
CNYRUBF;5;20260304;120500;11.351;11.362;11.304;11.311;184763
CNYRUBF;5;20260304;121000;11.311;11.316;11.297;11.307;124100
CNYRUBF;5;20260304;121500;11.307;11.307;11.289;11.299;69151
CNYRUBF;5;20260304;122000;11.299;11.3;11.266;11.266;226091
CNYRUBF;5;20260304;122500;11.266;11.27;11.253;11.254;263951
CNYRUBF;5;20260304;123000;11.253;11.262;11.248;11.25;64010
CNYRUBF;5;20260304;123500;11.249;11.258;11.244;11.257;29351
CNYRUBF;5;20260304;124000;11.256;11.257;11.243;11.244;50726
CNYRUBF;5;20260304;124500;11.243;11.244;11.223;11.229;354329
CNYRUBF;5;20260304;125000;11.228;11.233;11.217;11.226;130081
CNYRUBF;5;20260304;125500;11.225;11.249;11.22;11.247;181317
CNYRUBF;5;20260304;130000;11.246;11.27;11.246;11.257;117049
CNYRUBF;5;20260304;130500;11.257;11.268;11.255;11.262;41604
CNYRUBF;5;20260304;131000;11.263;11.271;11.251;11.268;53052
CNYRUBF;5;20260304;131500;11.269;11.278;11.263;11.275;20644
CNYRUBF;5;20260304;132000;11.274;11.287;11.274;11.281;31760
CNYRUBF;5;20260304;132500;11.279;11.297;11.279;11.295;56538
CNYRUBF;5;20260304;133000;11.294;11.296;11.264;11.272;29479
CNYRUBF;5;20260304;133500;11.271;11.279;11.267;11.27;10629
CNYRUBF;5;20260304;134000;11.27;11.277;11.27;11.277;2437
CNYRUBF;5;20260304;134500;11.277;11.279;11.276;11.276;1434
CNYRUBF;5;20260304;135000;11.276;11.278;11.27;11.272;2990
CNYRUBF;5;20260304;135500;11.272;11.275;11.256;11.268;33201
CNYRUBF;5;20260304;140500;11.269;11.287;11.269;11.282;12202
CNYRUBF;5;20260304;141000;11.284;11.288;11.274;11.284;15855
CNYRUBF;5;20260304;141500;11.283;11.29;11.283;11.287;5943
CNYRUBF;5;20260304;142000;11.289;11.29;11.283;11.285;8587
CNYRUBF;5;20260304;142500;11.286;11.287;11.283;11.286;20909
CNYRUBF;5;20260304;143000;11.287;11.298;11.286;11.286;20504
CNYRUBF;5;20260304;143500;11.286;11.296;11.281;11.289;36258
CNYRUBF;5;20260304;144000;11.289;11.295;11.281;11.283;26024
CNYRUBF;5;20260304;144500;11.285;11.285;11.281;11.283;17986
CNYRUBF;5;20260304;145000;11.282;11.292;11.281;11.283;39136
CNYRUBF;5;20260304;145500;11.286;11.286;11.283;11.283;14319
CNYRUBF;5;20260304;150000;11.284;11.29;11.281;11.286;29359
CNYRUBF;5;20260304;150500;11.287;11.287;11.28;11.285;30506
CNYRUBF;5;20260304;151000;11.285;11.285;11.279;11.282;18351
CNYRUBF;5;20260304;151500;11.283;11.29;11.279;11.28;10346
CNYRUBF;5;20260304;152000;11.281;11.285;11.275;11.277;29301
CNYRUBF;5;20260304;152500;11.277;11.283;11.264;11.264;24041
CNYRUBF;5;20260304;153000;11.265;11.273;11.265;11.27;18187
CNYRUBF;5;20260304;153500;11.27;11.27;11.258;11.263;16867
CNYRUBF;5;20260304;154000;11.264;11.266;11.257;11.262;6181
CNYRUBF;5;20260304;154500;11.262;11.263;11.245;11.254;28156
CNYRUBF;5;20260304;155000;11.254;11.262;11.252;11.257;7178
CNYRUBF;5;20260304;155500;11.259;11.27;11.255;11.261;23652
CNYRUBF;5;20260304;160000;11.261;11.265;11.258;11.261;4098
CNYRUBF;5;20260304;160500;11.262;11.266;11.251;11.252;24675
CNYRUBF;5;20260304;161000;11.253;11.261;11.251;11.26;3747
CNYRUBF;5;20260304;161500;11.262;11.276;11.257;11.27;17649
CNYRUBF;5;20260304;162000;11.271;11.278;11.259;11.264;59595
CNYRUBF;5;20260304;162500;11.264;11.272;11.264;11.269;10184
CNYRUBF;5;20260304;163000;11.27;11.273;11.26;11.27;12961
CNYRUBF;5;20260304;163500;11.27;11.272;11.266;11.271;4613
CNYRUBF;5;20260304;164000;11.271;11.272;11.264;11.264;8626
CNYRUBF;5;20260304;164500;11.264;11.274;11.263;11.268;30226
CNYRUBF;5;20260304;165000;11.268;11.27;11.267;11.27;1110
CNYRUBF;5;20260304;165500;11.27;11.27;11.268;11.269;12802
CNYRUBF;5;20260304;170000;11.269;11.274;11.269;11.273;22350
CNYRUBF;5;20260304;170500;11.274;11.275;11.271;11.271;12051
CNYRUBF;5;20260304;171000;11.272;11.278;11.272;11.274;13850
CNYRUBF;5;20260304;171500;11.274;11.278;11.274;11.277;7381
CNYRUBF;5;20260304;172000;11.278;11.279;11.266;11.277;17912
CNYRUBF;5;20260304;172500;11.277;11.287;11.277;11.283;17475
CNYRUBF;5;20260304;173000;11.283;11.285;11.278;11.283;6921
CNYRUBF;5;20260304;173500;11.283;11.283;11.272;11.273;10853
CNYRUBF;5;20260304;174000;11.274;11.276;11.268;11.273;18961
CNYRUBF;5;20260304;174500;11.272;11.275;11.269;11.273;11088
CNYRUBF;5;20260304;175000;11.274;11.282;11.273;11.282;5969
CNYRUBF;5;20260304;175500;11.282;11.284;11.28;11.282;12056
CNYRUBF;5;20260304;180000;11.282;11.282;11.276;11.28;5588
CNYRUBF;5;20260304;180500;11.282;11.282;11.277;11.28;2626
CNYRUBF;5;20260304;181000;11.28;11.283;11.279;11.279;8409
CNYRUBF;5;20260304;181500;11.281;11.284;11.28;11.284;2350
CNYRUBF;5;20260304;182000;11.283;11.283;11.279;11.282;3139
CNYRUBF;5;20260304;182500;11.281;11.282;11.271;11.277;11748
CNYRUBF;5;20260304;183000;11.276;11.276;11.271;11.274;3808
CNYRUBF;5;20260304;183500;11.273;11.278;11.273;11.276;2673
CNYRUBF;5;20260304;184000;11.275;11.278;11.275;11.277;1235
CNYRUBF;5;20260304;184500;11.276;11.278;11.273;11.274;1934
CNYRUBF;5;20260304;190500;11.278;11.293;11.278;11.291;10663
CNYRUBF;5;20260304;191000;11.29;11.29;11.283;11.284;1391
CNYRUBF;5;20260304;191500;11.284;11.288;11.28;11.282;3206
CNYRUBF;5;20260304;192000;11.283;11.286;11.278;11.279;3397
CNYRUBF;5;20260304;192500;11.281;11.283;11.277;11.279;3803
CNYRUBF;5;20260304;193000;11.279;11.28;11.276;11.276;1943
CNYRUBF;5;20260304;193500;11.277;11.277;11.276;11.277;536
CNYRUBF;5;20260304;194000;11.277;11.286;11.276;11.285;3166
CNYRUBF;5;20260304;194500;11.284;11.285;11.279;11.285;2129
CNYRUBF;5;20260304;195000;11.285;11.286;11.283;11.285;555
CNYRUBF;5;20260304;195500;11.284;11.288;11.284;11.288;1132
CNYRUBF;5;20260304;200000;11.288;11.291;11.288;11.29;866
CNYRUBF;5;20260304;200500;11.29;11.292;11.289;11.292;1416
CNYRUBF;5;20260304;201000;11.292;11.293;11.29;11.291;1824
CNYRUBF;5;20260304;201500;11.291;11.292;11.286;11.291;6830
CNYRUBF;5;20260304;202000;11.291;11.293;11.288;11.292;145
CNYRUBF;5;20260304;202500;11.292;11.293;11.288;11.29;380
CNYRUBF;5;20260304;203000;11.288;11.293;11.288;11.293;1170
CNYRUBF;5;20260304;203500;11.293;11.294;11.291;11.293;1075
CNYRUBF;5;20260304;204000;11.294;11.295;11.291;11.292;1455
CNYRUBF;5;20260304;204500;11.295;11.296;11.292;11.296;3440
CNYRUBF;5;20260304;205000;11.294;11.298;11.294;11.298;1211
CNYRUBF;5;20260304;205500;11.298;11.298;11.296;11.297;708
CNYRUBF;5;20260304;210000;11.297;11.297;11.295;11.295;614
CNYRUBF;5;20260304;210500;11.296;11.297;11.295;11.297;214
CNYRUBF;5;20260304;211000;11.297;11.298;11.296;11.296;1400
CNYRUBF;5;20260304;211500;11.296;11.298;11.292;11.292;1056
CNYRUBF;5;20260304;212000;11.293;11.295;11.292;11.295;658
CNYRUBF;5;20260304;212500;11.295;11.295;11.291;11.293;307
CNYRUBF;5;20260304;213000;11.292;11.295;11.291;11.295;1058
CNYRUBF;5;20260304;213500;11.292;11.293;11.292;11.293;27
CNYRUBF;5;20260304;214000;11.293;11.297;11.293;11.296;78
CNYRUBF;5;20260304;214500;11.296;11.299;11.295;11.295;304
CNYRUBF;5;20260304;215000;11.295;11.296;11.293;11.295;45
CNYRUBF;5;20260304;215500;11.295;11.297;11.294;11.295;301
CNYRUBF;5;20260304;220000;11.295;11.295;11.291;11.292;506
CNYRUBF;5;20260304;220500;11.292;11.293;11.29;11.29;1197
CNYRUBF;5;20260304;221000;11.29;11.291;11.289;11.291;380
CNYRUBF;5;20260304;221500;11.29;11.291;11.289;11.289;886
CNYRUBF;5;20260304;222000;11.289;11.292;11.288;11.291;365
CNYRUBF;5;20260304;222500;11.291;11.291;11.29;11.29;209
CNYRUBF;5;20260304;223000;11.289;11.293;11.288;11.288;1015
CNYRUBF;5;20260304;223500;11.288;11.291;11.287;11.291;373
CNYRUBF;5;20260304;224000;11.291;11.293;11.289;11.289;677
CNYRUBF;5;20260304;224500;11.289;11.29;11.287;11.29;1674
CNYRUBF;5;20260304;225000;11.29;11.29;11.289;11.29;999
CNYRUBF;5;20260304;225500;11.29;11.29;11.289;11.289;691
CNYRUBF;5;20260304;230000;11.29;11.29;11.288;11.288;578
CNYRUBF;5;20260304;230500;11.289;11.29;11.289;11.29;47
CNYRUBF;5;20260304;231000;11.29;11.291;11.288;11.288;278
CNYRUBF;5;20260304;231500;11.291;11.291;11.288;11.289;155
CNYRUBF;5;20260304;232000;11.289;11.291;11.288;11.288;70
CNYRUBF;5;20260304;232500;11.291;11.292;11.288;11.288;517
CNYRUBF;5;20260304;233000;11.288;11.291;11.287;11.287;482
CNYRUBF;5;20260304;233500;11.287;11.289;11.285;11.289;741
CNYRUBF;5;20260304;234000;11.286;11.29;11.285;11.286;637
CNYRUBF;5;20260304;234500;11.286;11.29;11.285;11.288;402
CNYRUBF;5;20260305;085500;11.295;11.295;11.295;11.295;51
CNYRUBF;5;20260305;090000;11.295;11.295;11.281;11.287;1949
CNYRUBF;5;20260305;090500;11.284;11.292;11.282;11.288;7796
CNYRUBF;5;20260305;091000;11.287;11.305;11.287;11.305;6276
CNYRUBF;5;20260305;091500;11.302;11.303;11.295;11.299;6358
CNYRUBF;5;20260305;092000;11.299;11.305;11.298;11.305;3976
CNYRUBF;5;20260305;092500;11.304;11.316;11.302;11.303;15759
CNYRUBF;5;20260305;093000;11.303;11.31;11.301;11.309;5895
CNYRUBF;5;20260305;093500;11.31;11.311;11.305;11.306;3595
CNYRUBF;5;20260305;094000;11.305;11.31;11.305;11.309;2003
CNYRUBF;5;20260305;094500;11.307;11.307;11.3;11.303;6957
CNYRUBF;5;20260305;095000;11.303;11.309;11.303;11.306;4101
CNYRUBF;5;20260305;095500;11.305;11.312;11.305;11.31;2831
CNYRUBF;5;20260305;100000;11.308;11.309;11.28;11.284;63527
CNYRUBF;5;20260305;100500;11.284;11.298;11.276;11.293;42394
CNYRUBF;5;20260305;101000;11.294;11.294;11.275;11.285;44081
CNYRUBF;5;20260305;101500;11.285;11.292;11.282;11.291;31169
CNYRUBF;5;20260305;102000;11.293;11.312;11.286;11.292;47495
CNYRUBF;5;20260305;102500;11.292;11.3;11.289;11.292;13811
CNYRUBF;5;20260305;103000;11.292;11.303;11.286;11.301;11747
CNYRUBF;5;20260305;103500;11.303;11.309;11.297;11.303;20917
CNYRUBF;5;20260305;104000;11.301;11.305;11.296;11.297;11130
CNYRUBF;5;20260305;104500;11.296;11.299;11.296;11.299;3764
CNYRUBF;5;20260305;105000;11.299;11.3;11.296;11.297;4612
CNYRUBF;5;20260305;105500;11.297;11.31;11.291;11.302;26481
CNYRUBF;5;20260305;110000;11.302;11.311;11.302;11.306;15967
CNYRUBF;5;20260305;110500;11.306;11.31;11.304;11.31;14564
CNYRUBF;5;20260305;111000;11.309;11.315;11.306;11.314;19693
CNYRUBF;5;20260305;111500;11.314;11.339;11.314;11.337;45007
CNYRUBF;5;20260305;112000;11.335;11.35;11.33;11.345;62945
CNYRUBF;5;20260305;112500;11.345;11.356;11.341;11.344;56420
CNYRUBF;5;20260305;113000;11.345;11.361;11.343;11.361;46541
CNYRUBF;5;20260305;113500;11.361;11.364;11.357;11.362;41284
CNYRUBF;5;20260305;114000;11.362;11.368;11.354;11.357;39095
CNYRUBF;5;20260305;114500;11.356;11.375;11.356;11.373;27226
CNYRUBF;5;20260305;115000;11.373;11.399;11.373;11.393;67638
CNYRUBF;5;20260305;115500;11.393;11.394;11.377;11.385;36902
CNYRUBF;5;20260305;120000;11.385;11.406;11.385;11.397;53990
CNYRUBF;5;20260305;120500;11.396;11.399;11.376;11.379;46240
CNYRUBF;5;20260305;121000;11.379;11.388;11.375;11.387;32665
CNYRUBF;5;20260305;121500;11.385;11.39;11.38;11.39;12240
CNYRUBF;5;20260305;122000;11.389;11.39;11.383;11.385;10006
CNYRUBF;5;20260305;122500;11.385;11.388;11.381;11.382;10917
CNYRUBF;5;20260305;123000;11.382;11.389;11.377;11.384;21878
CNYRUBF;5;20260305;123500;11.383;11.385;11.374;11.376;14403
CNYRUBF;5;20260305;124000;11.376;11.379;11.371;11.377;4133
CNYRUBF;5;20260305;124500;11.376;11.378;11.371;11.377;6917
CNYRUBF;5;20260305;125000;11.375;11.377;11.371;11.371;5391
CNYRUBF;5;20260305;125500;11.371;11.373;11.37;11.37;10859
CNYRUBF;5;20260305;130000;11.371;11.375;11.37;11.374;10852
CNYRUBF;5;20260305;130500;11.373;11.374;11.366;11.371;7730
CNYRUBF;5;20260305;131000;11.37;11.37;11.352;11.355;18219
CNYRUBF;5;20260305;131500;11.355;11.369;11.351;11.367;12916
CNYRUBF;5;20260305;132000;11.369;11.371;11.356;11.364;17049
CNYRUBF;5;20260305;132500;11.364;11.364;11.355;11.361;12827
CNYRUBF;5;20260305;133000;11.361;11.368;11.355;11.367;18431
CNYRUBF;5;20260305;133500;11.367;11.375;11.362;11.374;9621
CNYRUBF;5;20260305;134000;11.374;11.377;11.367;11.367;12274
CNYRUBF;5;20260305;134500;11.366;11.375;11.366;11.372;5925
CNYRUBF;5;20260305;135000;11.373;11.375;11.37;11.373;6063
CNYRUBF;5;20260305;135500;11.371;11.375;11.369;11.37;6642
CNYRUBF;5;20260305;140500;11.372;11.374;11.368;11.371;6251
CNYRUBF;5;20260305;141000;11.371;11.387;11.371;11.378;26217
CNYRUBF;5;20260305;141500;11.378;11.381;11.377;11.379;10384
CNYRUBF;5;20260305;142000;11.379;11.393;11.378;11.391;16750
CNYRUBF;5;20260305;142500;11.391;11.399;11.39;11.392;15786
CNYRUBF;5;20260305;143000;11.391;11.407;11.389;11.402;16607
CNYRUBF;5;20260305;143500;11.401;11.414;11.392;11.408;48371
CNYRUBF;5;20260305;144000;11.41;11.413;11.364;11.385;114629
CNYRUBF;5;20260305;144500;11.386;11.398;11.384;11.393;11445
CNYRUBF;5;20260305;145000;11.395;11.399;11.389;11.395;10912
CNYRUBF;5;20260305;145500;11.394;11.4;11.393;11.395;2162
CNYRUBF;5;20260305;150000;11.395;11.396;11.376;11.378;36121
CNYRUBF;5;20260305;150500;11.378;11.394;11.375;11.394;37960
CNYRUBF;5;20260305;151000;11.395;11.404;11.391;11.4;17214
CNYRUBF;5;20260305;151500;11.4;11.407;11.397;11.401;16374
CNYRUBF;5;20260305;152000;11.401;11.402;11.391;11.394;17445
CNYRUBF;5;20260305;152500;11.395;11.395;11.384;11.388;18283
CNYRUBF;5;20260305;153000;11.389;11.398;11.383;11.398;14511
CNYRUBF;5;20260305;153500;11.397;11.398;11.384;11.395;20089
CNYRUBF;5;20260305;154000;11.393;11.395;11.383;11.387;33764
CNYRUBF;5;20260305;154500;11.388;11.393;11.382;11.393;13371
CNYRUBF;5;20260305;155000;11.393;11.395;11.39;11.39;6222
CNYRUBF;5;20260305;155500;11.392;11.398;11.392;11.396;15707
CNYRUBF;5;20260305;160000;11.396;11.4;11.393;11.394;9100
CNYRUBF;5;20260305;160500;11.394;11.394;11.382;11.384;14821
CNYRUBF;5;20260305;161000;11.385;11.39;11.382;11.382;15689
CNYRUBF;5;20260305;161500;11.383;11.389;11.382;11.387;5899
CNYRUBF;5;20260305;162000;11.388;11.389;11.366;11.373;54077
CNYRUBF;5;20260305;162500;11.373;11.382;11.371;11.373;18198
CNYRUBF;5;20260305;163000;11.373;11.383;11.37;11.383;19085
CNYRUBF;5;20260305;163500;11.383;11.384;11.375;11.379;12113
CNYRUBF;5;20260305;164000;11.378;11.384;11.375;11.379;9510
CNYRUBF;5;20260305;164500;11.379;11.382;11.376;11.382;7510
CNYRUBF;5;20260305;165000;11.382;11.386;11.378;11.381;8634
CNYRUBF;5;20260305;165500;11.381;11.394;11.38;11.39;7905
CNYRUBF;5;20260305;170000;11.39;11.391;11.375;11.379;36112
CNYRUBF;5;20260305;170500;11.379;11.379;11.363;11.374;41595
CNYRUBF;5;20260305;171000;11.375;11.382;11.372;11.382;24097
CNYRUBF;5;20260305;171500;11.382;11.386;11.382;11.383;17008
CNYRUBF;5;20260305;172000;11.384;11.391;11.379;11.381;18191
CNYRUBF;5;20260305;172500;11.382;11.383;11.38;11.381;8072
CNYRUBF;5;20260305;173000;11.381;11.382;11.377;11.382;5477
CNYRUBF;5;20260305;173500;11.381;11.389;11.381;11.385;9792
CNYRUBF;5;20260305;174000;11.385;11.385;11.372;11.374;18427
CNYRUBF;5;20260305;174500;11.374;11.383;11.373;11.375;11274
CNYRUBF;5;20260305;175000;11.375;11.381;11.371;11.375;25591
CNYRUBF;5;20260305;175500;11.374;11.386;11.374;11.386;11256
CNYRUBF;5;20260305;180000;11.386;11.394;11.384;11.392;16334
CNYRUBF;5;20260305;180500;11.393;11.406;11.392;11.4;26640
CNYRUBF;5;20260305;181000;11.399;11.419;11.399;11.409;27534
CNYRUBF;5;20260305;181500;11.408;11.412;11.402;11.411;16639
CNYRUBF;5;20260305;182000;11.411;11.423;11.411;11.421;21931
CNYRUBF;5;20260305;182500;11.421;11.425;11.411;11.414;27391
CNYRUBF;5;20260305;183000;11.413;11.419;11.41;11.417;5742
CNYRUBF;5;20260305;183500;11.416;11.417;11.411;11.415;9236
CNYRUBF;5;20260305;184000;11.415;11.423;11.415;11.42;5115
CNYRUBF;5;20260305;184500;11.42;11.426;11.416;11.42;20754
CNYRUBF;5;20260305;190500;11.419;11.429;11.414;11.414;15296
CNYRUBF;5;20260305;191000;11.415;11.421;11.411;11.42;4809
CNYRUBF;5;20260305;191500;11.42;11.422;11.412;11.418;4505
CNYRUBF;5;20260305;192000;11.419;11.419;11.412;11.413;3237
CNYRUBF;5;20260305;192500;11.414;11.418;11.411;11.413;2361
CNYRUBF;5;20260305;193000;11.414;11.416;11.412;11.412;1940
CNYRUBF;5;20260305;193500;11.415;11.422;11.411;11.421;4957
CNYRUBF;5;20260305;194000;11.422;11.423;11.418;11.419;1088
CNYRUBF;5;20260305;194500;11.421;11.428;11.401;11.424;25188
CNYRUBF;5;20260305;195000;11.423;11.424;11.421;11.421;2151
CNYRUBF;5;20260305;195500;11.422;11.422;11.42;11.421;1849
CNYRUBF;5;20260305;200000;11.42;11.425;11.42;11.424;2327
CNYRUBF;5;20260305;200500;11.425;11.429;11.423;11.427;6044
CNYRUBF;5;20260305;201000;11.426;11.427;11.424;11.427;1349
CNYRUBF;5;20260305;201500;11.427;11.433;11.427;11.43;7727
CNYRUBF;5;20260305;202000;11.431;11.434;11.43;11.432;3686
CNYRUBF;5;20260305;202500;11.431;11.435;11.43;11.434;3725
CNYRUBF;5;20260305;203000;11.433;11.435;11.43;11.432;5909
CNYRUBF;5;20260305;203500;11.432;11.432;11.426;11.427;2284
CNYRUBF;5;20260305;204000;11.427;11.429;11.427;11.428;805
CNYRUBF;5;20260305;204500;11.428;11.428;11.422;11.422;1447
CNYRUBF;5;20260305;205000;11.425;11.426;11.421;11.421;1630
CNYRUBF;5;20260305;205500;11.421;11.427;11.421;11.426;2309
CNYRUBF;5;20260305;210000;11.426;11.433;11.426;11.43;3054
CNYRUBF;5;20260305;210500;11.43;11.435;11.428;11.433;6444
CNYRUBF;5;20260305;211000;11.434;11.434;11.432;11.432;1625
CNYRUBF;5;20260305;211500;11.431;11.433;11.428;11.43;2646
CNYRUBF;5;20260305;212000;11.43;11.43;11.426;11.429;1930
CNYRUBF;5;20260305;212500;11.429;11.429;11.427;11.428;364
CNYRUBF;5;20260305;213000;11.429;11.431;11.427;11.427;11067
CNYRUBF;5;20260305;213500;11.429;11.429;11.423;11.426;6023
CNYRUBF;5;20260305;214000;11.426;11.428;11.421;11.421;4399
CNYRUBF;5;20260305;214500;11.424;11.424;11.416;11.416;2618
CNYRUBF;5;20260305;215000;11.416;11.425;11.416;11.42;2941
CNYRUBF;5;20260305;215500;11.416;11.419;11.414;11.417;1811
CNYRUBF;5;20260305;220000;11.417;11.418;11.412;11.412;7329
CNYRUBF;5;20260305;220500;11.412;11.414;11.412;11.412;447
CNYRUBF;5;20260305;221000;11.413;11.414;11.412;11.413;128
CNYRUBF;5;20260305;221500;11.413;11.415;11.412;11.415;1434
CNYRUBF;5;20260305;222000;11.415;11.42;11.415;11.418;907
CNYRUBF;5;20260305;222500;11.419;11.42;11.416;11.416;612
CNYRUBF;5;20260305;223000;11.416;11.419;11.415;11.416;228
CNYRUBF;5;20260305;223500;11.416;11.422;11.416;11.421;2083
CNYRUBF;5;20260305;224000;11.421;11.422;11.418;11.422;1264
CNYRUBF;5;20260305;224500;11.422;11.422;11.418;11.418;190
CNYRUBF;5;20260305;225000;11.42;11.421;11.417;11.42;1110
CNYRUBF;5;20260305;225500;11.418;11.419;11.415;11.416;218
CNYRUBF;5;20260305;230000;11.416;11.416;11.414;11.415;685
CNYRUBF;5;20260305;230500;11.415;11.417;11.415;11.417;1033
CNYRUBF;5;20260305;231000;11.416;11.422;11.415;11.421;1083
CNYRUBF;5;20260305;231500;11.421;11.422;11.419;11.421;1268
CNYRUBF;5;20260305;232000;11.421;11.422;11.42;11.421;2523
CNYRUBF;5;20260305;232500;11.422;11.429;11.422;11.427;1283
CNYRUBF;5;20260305;233000;11.427;11.427;11.423;11.427;902
CNYRUBF;5;20260305;233500;11.426;11.428;11.423;11.423;1239
CNYRUBF;5;20260305;234000;11.424;11.429;11.421;11.421;1257
CNYRUBF;5;20260305;234500;11.425;11.43;11.419;11.43;2835
CNYRUBF;5;20260306;085500;11.412;11.412;11.412;11.412;877
CNYRUBF;5;20260306;090000;11.417;11.436;11.417;11.432;13338
CNYRUBF;5;20260306;090500;11.43;11.43;11.416;11.42;9654
CNYRUBF;5;20260306;091000;11.418;11.423;11.415;11.416;2399
CNYRUBF;5;20260306;091500;11.417;11.426;11.416;11.426;4710
CNYRUBF;5;20260306;092000;11.427;11.429;11.424;11.428;7753
CNYRUBF;5;20260306;092500;11.429;11.433;11.427;11.431;7993
CNYRUBF;5;20260306;093000;11.432;11.436;11.428;11.432;10451
CNYRUBF;5;20260306;093500;11.432;11.436;11.427;11.427;13481
CNYRUBF;5;20260306;094000;11.426;11.437;11.426;11.436;27510
CNYRUBF;5;20260306;094500;11.435;11.445;11.433;11.442;28740
CNYRUBF;5;20260306;095000;11.442;11.453;11.441;11.453;22443
CNYRUBF;5;20260306;095500;11.451;11.46;11.447;11.449;22735
CNYRUBF;5;20260306;100000;11.448;11.459;11.43;11.436;59105
CNYRUBF;5;20260306;100500;11.436;11.447;11.43;11.446;39287
CNYRUBF;5;20260306;101000;11.446;11.465;11.436;11.465;27016
CNYRUBF;5;20260306;101500;11.465;11.474;11.455;11.474;54532
CNYRUBF;5;20260306;102000;11.473;11.491;11.472;11.478;74733
CNYRUBF;5;20260306;102500;11.477;11.479;11.465;11.471;42979
CNYRUBF;5;20260306;103000;11.471;11.486;11.471;11.48;39413
CNYRUBF;5;20260306;103500;11.478;11.497;11.477;11.491;32241
CNYRUBF;5;20260306;104000;11.49;11.497;11.486;11.492;28051
CNYRUBF;5;20260306;104500;11.492;11.493;11.47;11.471;48399
CNYRUBF;5;20260306;105000;11.471;11.479;11.47;11.476;13629
CNYRUBF;5;20260306;105500;11.474;11.476;11.464;11.473;41591
CNYRUBF;5;20260306;110000;11.473;11.477;11.465;11.467;13857
CNYRUBF;5;20260306;110500;11.466;11.473;11.465;11.469;19497
CNYRUBF;5;20260306;111000;11.469;11.473;11.461;11.463;15376
CNYRUBF;5;20260306;111500;11.463;11.464;11.449;11.463;33199
CNYRUBF;5;20260306;112000;11.462;11.464;11.445;11.447;37022
CNYRUBF;5;20260306;112500;11.448;11.467;11.444;11.464;21338
CNYRUBF;5;20260306;113000;11.464;11.464;11.445;11.449;18928
CNYRUBF;5;20260306;113500;11.448;11.448;11.435;11.438;17058
CNYRUBF;5;20260306;114000;11.437;11.437;11.423;11.432;42615
CNYRUBF;5;20260306;114500;11.431;11.446;11.425;11.445;25623
CNYRUBF;5;20260306;115000;11.445;11.447;11.432;11.433;16605
CNYRUBF;5;20260306;115500;11.432;11.433;11.426;11.431;10267
CNYRUBF;5;20260306;120000;11.43;11.43;11.414;11.421;69333
CNYRUBF;5;20260306;120500;11.421;11.434;11.42;11.43;19213
CNYRUBF;5;20260306;121000;11.428;11.428;11.414;11.417;14404
CNYRUBF;5;20260306;121500;11.416;11.437;11.413;11.432;23870
CNYRUBF;5;20260306;122000;11.431;11.439;11.43;11.435;19942
CNYRUBF;5;20260306;122500;11.435;11.447;11.421;11.427;61146
CNYRUBF;5;20260306;123000;11.427;11.427;11.407;11.427;55938
CNYRUBF;5;20260306;123500;11.426;11.429;11.407;11.415;44731
CNYRUBF;5;20260306;124000;11.414;11.425;11.41;11.418;9952
CNYRUBF;5;20260306;124500;11.417;11.423;11.416;11.418;13127
CNYRUBF;5;20260306;125000;11.417;11.421;11.415;11.418;10003
CNYRUBF;5;20260306;125500;11.417;11.424;11.415;11.42;16595
CNYRUBF;5;20260306;130000;11.42;11.435;11.419;11.426;22675
CNYRUBF;5;20260306;130500;11.425;11.425;11.412;11.412;27054
CNYRUBF;5;20260306;131000;11.412;11.427;11.41;11.424;11902
CNYRUBF;5;20260306;131500;11.424;11.439;11.424;11.439;12170
CNYRUBF;5;20260306;132000;11.437;11.444;11.435;11.441;14353
CNYRUBF;5;20260306;132500;11.441;11.441;11.43;11.436;12511
CNYRUBF;5;20260306;133000;11.434;11.436;11.424;11.43;13104
CNYRUBF;5;20260306;133500;11.429;11.44;11.428;11.438;6317
CNYRUBF;5;20260306;134000;11.438;11.44;11.432;11.434;13864
CNYRUBF;5;20260306;134500;11.433;11.438;11.425;11.426;5437
CNYRUBF;5;20260306;135000;11.427;11.429;11.417;11.42;15346
CNYRUBF;5;20260306;135500;11.419;11.425;11.414;11.425;5145
CNYRUBF;5;20260306;140500;11.426;11.428;11.419;11.424;14017
CNYRUBF;5;20260306;141000;11.423;11.429;11.421;11.424;9210
CNYRUBF;5;20260306;141500;11.424;11.424;11.405;11.406;26084
CNYRUBF;5;20260306;142000;11.405;11.415;11.404;11.412;19486
CNYRUBF;5;20260306;142500;11.412;11.424;11.408;11.421;11152
CNYRUBF;5;20260306;143000;11.421;11.421;11.415;11.418;6356
CNYRUBF;5;20260306;143500;11.418;11.419;11.41;11.413;30150
CNYRUBF;5;20260306;144000;11.413;11.416;11.407;11.409;41852
CNYRUBF;5;20260306;144500;11.409;11.412;11.407;11.409;22834
CNYRUBF;5;20260306;145000;11.41;11.422;11.41;11.42;20101
CNYRUBF;5;20260306;145500;11.421;11.425;11.416;11.416;11623
CNYRUBF;5;20260306;150000;11.415;11.419;11.413;11.415;3400
CNYRUBF;5;20260306;150500;11.415;11.415;11.402;11.407;11787
CNYRUBF;5;20260306;151000;11.407;11.427;11.407;11.423;21547
CNYRUBF;5;20260306;151500;11.423;11.433;11.421;11.428;38618
CNYRUBF;5;20260306;152000;11.428;11.434;11.424;11.43;28432
CNYRUBF;5;20260306;152500;11.43;11.432;11.427;11.43;11279
CNYRUBF;5;20260306;153000;11.43;11.44;11.428;11.43;23085
CNYRUBF;5;20260306;153500;11.429;11.435;11.427;11.43;6225
CNYRUBF;5;20260306;154000;11.429;11.433;11.424;11.426;6266
CNYRUBF;5;20260306;154500;11.426;11.43;11.425;11.428;4091
CNYRUBF;5;20260306;155000;11.427;11.429;11.424;11.426;8084
CNYRUBF;5;20260306;155500;11.425;11.425;11.42;11.424;7807
CNYRUBF;5;20260306;160000;11.424;11.427;11.422;11.427;6408
CNYRUBF;5;20260306;160500;11.427;11.436;11.427;11.43;9703
CNYRUBF;5;20260306;161000;11.43;11.432;11.422;11.424;16088
CNYRUBF;5;20260306;161500;11.425;11.425;11.412;11.42;15453
CNYRUBF;5;20260306;162000;11.419;11.42;11.417;11.42;3656
CNYRUBF;5;20260306;162500;11.421;11.421;11.414;11.419;12643
CNYRUBF;5;20260306;163000;11.419;11.427;11.415;11.416;8178
CNYRUBF;5;20260306;163500;11.416;11.427;11.412;11.426;7532
CNYRUBF;5;20260306;164000;11.428;11.435;11.42;11.433;9393
CNYRUBF;5;20260306;164500;11.433;11.436;11.427;11.429;2913
CNYRUBF;5;20260306;165000;11.428;11.445;11.423;11.442;20705
CNYRUBF;5;20260306;165500;11.442;11.455;11.432;11.432;37748
CNYRUBF;5;20260306;170000;11.432;11.439;11.424;11.437;15275
CNYRUBF;5;20260306;170500;11.438;11.439;11.426;11.43;10425
CNYRUBF;5;20260306;171000;11.43;11.43;11.426;11.429;3130
CNYRUBF;5;20260306;171500;11.428;11.431;11.427;11.431;2209
CNYRUBF;5;20260306;172000;11.431;11.434;11.427;11.428;3964
CNYRUBF;5;20260306;172500;11.43;11.432;11.427;11.428;530
CNYRUBF;5;20260306;173000;11.43;11.438;11.43;11.438;6153
CNYRUBF;5;20260306;173500;11.439;11.447;11.439;11.444;14034
CNYRUBF;5;20260306;174000;11.445;11.445;11.437;11.438;17701
CNYRUBF;5;20260306;174500;11.438;11.445;11.438;11.44;6961
CNYRUBF;5;20260306;175000;11.44;11.44;11.426;11.434;10869
CNYRUBF;5;20260306;175500;11.432;11.433;11.419;11.428;14107
CNYRUBF;5;20260306;180000;11.429;11.433;11.424;11.431;8757
CNYRUBF;5;20260306;180500;11.433;11.433;11.416;11.416;12384
CNYRUBF;5;20260306;181000;11.417;11.418;11.409;11.416;17789
CNYRUBF;5;20260306;181500;11.415;11.426;11.414;11.416;12859
CNYRUBF;5;20260306;182000;11.416;11.416;11.402;11.412;24103
CNYRUBF;5;20260306;182500;11.411;11.412;11.391;11.392;29000
CNYRUBF;5;20260306;183000;11.392;11.402;11.39;11.39;27741
CNYRUBF;5;20260306;183500;11.391;11.392;11.38;11.386;32662
CNYRUBF;5;20260306;184000;11.386;11.411;11.385;11.408;30486
CNYRUBF;5;20260306;184500;11.409;11.409;11.39;11.391;9419
CNYRUBF;5;20260306;190500;11.394;11.403;11.392;11.396;2415
CNYRUBF;5;20260306;191000;11.396;11.4;11.395;11.399;1750
CNYRUBF;5;20260306;191500;11.4;11.405;11.394;11.394;3296
CNYRUBF;5;20260306;192000;11.395;11.395;11.391;11.393;2043
CNYRUBF;5;20260306;192500;11.393;11.393;11.388;11.388;2173
CNYRUBF;5;20260306;193000;11.389;11.391;11.387;11.391;1088
CNYRUBF;5;20260306;193500;11.391;11.404;11.389;11.395;4174
CNYRUBF;5;20260306;194000;11.401;11.404;11.399;11.403;1954
CNYRUBF;5;20260306;194500;11.403;11.405;11.398;11.398;2420
CNYRUBF;5;20260306;195000;11.398;11.404;11.397;11.4;1607
CNYRUBF;5;20260306;195500;11.403;11.405;11.398;11.399;935
CNYRUBF;5;20260306;200000;11.401;11.401;11.399;11.399;115
CNYRUBF;5;20260306;200500;11.401;11.402;11.399;11.401;144
CNYRUBF;5;20260306;201000;11.4;11.4;11.395;11.395;689
CNYRUBF;5;20260306;201500;11.394;11.397;11.394;11.397;155
CNYRUBF;5;20260306;202000;11.399;11.4;11.399;11.399;172
CNYRUBF;5;20260306;202500;11.399;11.399;11.39;11.394;2917
CNYRUBF;5;20260306;203000;11.394;11.394;11.389;11.39;4196
CNYRUBF;5;20260306;203500;11.392;11.392;11.387;11.387;951
CNYRUBF;5;20260306;204000;11.388;11.39;11.383;11.383;2953
CNYRUBF;5;20260306;204500;11.383;11.384;11.38;11.38;5068
CNYRUBF;5;20260306;205000;11.382;11.387;11.382;11.385;2085
CNYRUBF;5;20260306;205500;11.386;11.387;11.38;11.382;2096
CNYRUBF;5;20260306;210000;11.381;11.382;11.377;11.377;5068
CNYRUBF;5;20260306;210500;11.377;11.378;11.374;11.374;6310
CNYRUBF;5;20260306;211000;11.373;11.378;11.372;11.376;4098
CNYRUBF;5;20260306;211500;11.376;11.378;11.374;11.378;2062
CNYRUBF;5;20260306;212000;11.378;11.379;11.372;11.372;1766
CNYRUBF;5;20260306;212500;11.374;11.375;11.371;11.374;2111
CNYRUBF;5;20260306;213000;11.373;11.376;11.372;11.374;1357
CNYRUBF;5;20260306;213500;11.376;11.376;11.365;11.367;5507
CNYRUBF;5;20260306;214000;11.367;11.375;11.366;11.371;1361
CNYRUBF;5;20260306;214500;11.372;11.372;11.369;11.37;1251
CNYRUBF;5;20260306;215000;11.371;11.377;11.371;11.376;1349
CNYRUBF;5;20260306;215500;11.376;11.378;11.374;11.378;254
CNYRUBF;5;20260306;220000;11.378;11.38;11.377;11.379;1482
CNYRUBF;5;20260306;220500;11.378;11.38;11.378;11.379;2007
CNYRUBF;5;20260306;221000;11.379;11.381;11.377;11.377;2167
CNYRUBF;5;20260306;221500;11.379;11.385;11.378;11.385;1490
CNYRUBF;5;20260306;222000;11.384;11.386;11.384;11.385;346
CNYRUBF;5;20260306;222500;11.385;11.386;11.384;11.385;220
CNYRUBF;5;20260306;223000;11.385;11.388;11.385;11.387;510
CNYRUBF;5;20260306;223500;11.388;11.39;11.388;11.389;353
CNYRUBF;5;20260306;224000;11.39;11.394;11.388;11.392;1357
CNYRUBF;5;20260306;224500;11.393;11.394;11.393;11.394;761
CNYRUBF;5;20260306;225000;11.393;11.395;11.39;11.39;976
CNYRUBF;5;20260306;225500;11.393;11.393;11.39;11.393;182
CNYRUBF;5;20260306;230000;11.392;11.394;11.39;11.392;879
CNYRUBF;5;20260306;230500;11.394;11.394;11.392;11.392;7
CNYRUBF;5;20260306;231000;11.393;11.394;11.389;11.389;856
CNYRUBF;5;20260306;231500;11.391;11.394;11.391;11.392;864
CNYRUBF;5;20260306;232000;11.393;11.394;11.389;11.392;698
CNYRUBF;5;20260306;232500;11.392;11.4;11.391;11.399;2816
CNYRUBF;5;20260306;233000;11.4;11.41;11.399;11.407;9576
CNYRUBF;5;20260306;233500;11.405;11.41;11.405;11.408;426
CNYRUBF;5;20260306;234000;11.409;11.414;11.406;11.412;2498
CNYRUBF;5;20260306;234500;11.413;11.415;11.407;11.411;3490
CNYRUBF;5;20260309;085500;11.401;11.401;11.401;11.401;1802
CNYRUBF;5;20260309;090000;11.401;11.401;11.326;11.327;53360
CNYRUBF;5;20260309;090500;11.327;11.339;11.303;11.313;35913
CNYRUBF;5;20260309;091000;11.313;11.329;11.31;11.32;30745
CNYRUBF;5;20260309;091500;11.32;11.322;11.29;11.296;35150
CNYRUBF;5;20260309;092000;11.297;11.313;11.294;11.31;13525
CNYRUBF;5;20260309;092500;11.311;11.318;11.299;11.299;14973
CNYRUBF;5;20260309;093000;11.298;11.31;11.297;11.306;10344
CNYRUBF;5;20260309;093500;11.305;11.318;11.305;11.311;6966
CNYRUBF;5;20260309;094000;11.312;11.315;11.312;11.314;2331
CNYRUBF;5;20260309;094500;11.314;11.316;11.31;11.311;3810
CNYRUBF;5;20260309;095000;11.31;11.312;11.306;11.307;5427
CNYRUBF;5;20260309;095500;11.307;11.307;11.296;11.303;9552
CNYRUBF;5;20260309;100000;11.303;11.33;11.291;11.324;46088
CNYRUBF;5;20260309;100500;11.324;11.345;11.324;11.342;22344
CNYRUBF;5;20260309;101000;11.342;11.353;11.321;11.324;28706
CNYRUBF;5;20260309;101500;11.323;11.323;11.292;11.303;22871
CNYRUBF;5;20260309;102000;11.303;11.324;11.299;11.321;12437
CNYRUBF;5;20260309;102500;11.32;11.333;11.313;11.324;18227
CNYRUBF;5;20260309;103000;11.322;11.343;11.318;11.331;26099
CNYRUBF;5;20260309;103500;11.331;11.331;11.323;11.325;16925
CNYRUBF;5;20260309;104000;11.324;11.337;11.324;11.334;12699
CNYRUBF;5;20260309;104500;11.336;11.347;11.334;11.339;25609
CNYRUBF;5;20260309;105000;11.34;11.342;11.337;11.339;14246
CNYRUBF;5;20260309;105500;11.338;11.346;11.323;11.326;17193
CNYRUBF;5;20260309;110000;11.326;11.33;11.317;11.324;9464
CNYRUBF;5;20260309;110500;11.325;11.329;11.323;11.326;3640
CNYRUBF;5;20260309;111000;11.326;11.329;11.325;11.326;2557
CNYRUBF;5;20260309;111500;11.326;11.326;11.309;11.315;13298
CNYRUBF;5;20260309;112000;11.315;11.316;11.305;11.306;13004
CNYRUBF;5;20260309;112500;11.307;11.31;11.301;11.307;11758
CNYRUBF;5;20260309;113000;11.307;11.308;11.295;11.297;14066
CNYRUBF;5;20260309;113500;11.298;11.299;11.295;11.296;3503
CNYRUBF;5;20260309;114000;11.295;11.304;11.265;11.268;67362
CNYRUBF;5;20260309;114500;11.268;11.268;11.241;11.252;61306
CNYRUBF;5;20260309;115000;11.254;11.254;11.232;11.234;46617
CNYRUBF;5;20260309;115500;11.236;11.254;11.229;11.252;31583
CNYRUBF;5;20260309;120000;11.251;11.268;11.231;11.256;96038
CNYRUBF;5;20260309;120500;11.256;11.264;11.245;11.253;22660
CNYRUBF;5;20260309;121000;11.255;11.27;11.254;11.258;29231
CNYRUBF;5;20260309;121500;11.258;11.269;11.257;11.265;21381
CNYRUBF;5;20260309;122000;11.265;11.268;11.254;11.255;6496
CNYRUBF;5;20260309;122500;11.255;11.264;11.25;11.251;6533
CNYRUBF;5;20260309;123000;11.25;11.262;11.249;11.262;14430
CNYRUBF;5;20260309;123500;11.262;11.27;11.254;11.267;20235
CNYRUBF;5;20260309;124000;11.265;11.265;11.257;11.261;9833
CNYRUBF;5;20260309;124500;11.261;11.273;11.261;11.271;10761
CNYRUBF;5;20260309;125000;11.272;11.273;11.266;11.267;6432
CNYRUBF;5;20260309;125500;11.266;11.267;11.258;11.266;5751
CNYRUBF;5;20260309;130000;11.265;11.268;11.261;11.263;7645
CNYRUBF;5;20260309;130500;11.263;11.265;11.255;11.257;4688
CNYRUBF;5;20260309;131000;11.256;11.264;11.254;11.258;7482
CNYRUBF;5;20260309;131500;11.258;11.263;11.256;11.259;4505
CNYRUBF;5;20260309;132000;11.256;11.256;11.237;11.244;31279
CNYRUBF;5;20260309;132500;11.244;11.25;11.238;11.242;7573
CNYRUBF;5;20260309;133000;11.242;11.246;11.236;11.245;17704
CNYRUBF;5;20260309;133500;11.245;11.248;11.237;11.241;12809
CNYRUBF;5;20260309;134000;11.241;11.244;11.238;11.241;3544
CNYRUBF;5;20260309;134500;11.24;11.243;11.233;11.237;5559
CNYRUBF;5;20260309;135000;11.236;11.236;11.213;11.234;59952
CNYRUBF;5;20260309;135500;11.231;11.249;11.229;11.242;11716
CNYRUBF;5;20260309;140500;11.242;11.254;11.236;11.254;10978
CNYRUBF;5;20260309;141000;11.254;11.263;11.254;11.259;11037
CNYRUBF;5;20260309;141500;11.256;11.259;11.252;11.257;2661
CNYRUBF;5;20260309;142000;11.257;11.257;11.255;11.257;886
CNYRUBF;5;20260309;142500;11.256;11.261;11.256;11.261;6629
CNYRUBF;5;20260309;143000;11.26;11.278;11.26;11.277;26268
CNYRUBF;5;20260309;143500;11.277;11.278;11.269;11.27;18711
CNYRUBF;5;20260309;144000;11.271;11.277;11.269;11.271;5319
CNYRUBF;5;20260309;144500;11.271;11.273;11.267;11.267;3288
CNYRUBF;5;20260309;145000;11.267;11.269;11.264;11.264;2336
CNYRUBF;5;20260309;145500;11.264;11.267;11.261;11.263;1650
CNYRUBF;5;20260309;150000;11.266;11.274;11.263;11.264;6886
CNYRUBF;5;20260309;150500;11.263;11.27;11.26;11.261;9513
CNYRUBF;5;20260309;151000;11.261;11.267;11.26;11.267;1750
CNYRUBF;5;20260309;151500;11.268;11.278;11.268;11.276;6174
CNYRUBF;5;20260309;152000;11.277;11.278;11.275;11.277;6094
CNYRUBF;5;20260309;152500;11.277;11.278;11.275;11.277;2713
CNYRUBF;5;20260309;153000;11.277;11.277;11.267;11.269;6222
CNYRUBF;5;20260309;153500;11.268;11.27;11.268;11.269;433
CNYRUBF;5;20260309;154000;11.269;11.269;11.26;11.266;5670
CNYRUBF;5;20260309;154500;11.266;11.266;11.256;11.259;3308
CNYRUBF;5;20260309;155000;11.259;11.259;11.252;11.252;3188
CNYRUBF;5;20260309;155500;11.252;11.257;11.247;11.253;5567
CNYRUBF;5;20260309;160000;11.253;11.262;11.252;11.259;3952
CNYRUBF;5;20260309;160500;11.26;11.262;11.25;11.25;4340
CNYRUBF;5;20260309;161000;11.25;11.252;11.242;11.25;8675
CNYRUBF;5;20260309;161500;11.249;11.255;11.249;11.255;3315
CNYRUBF;5;20260309;162000;11.255;11.255;11.25;11.252;436
CNYRUBF;5;20260309;162500;11.251;11.252;11.245;11.252;2631
CNYRUBF;5;20260309;163000;11.253;11.256;11.25;11.252;4780
CNYRUBF;5;20260309;163500;11.252;11.258;11.251;11.257;6390
CNYRUBF;5;20260309;164000;11.258;11.265;11.255;11.261;8624
CNYRUBF;5;20260309;164500;11.261;11.266;11.26;11.261;7973
CNYRUBF;5;20260309;165000;11.261;11.268;11.261;11.265;8950
CNYRUBF;5;20260309;165500;11.265;11.266;11.255;11.255;4393
CNYRUBF;5;20260309;170000;11.256;11.265;11.254;11.265;1624
CNYRUBF;5;20260309;170500;11.266;11.268;11.257;11.258;5839
CNYRUBF;5;20260309;171000;11.258;11.266;11.255;11.262;3801
CNYRUBF;5;20260309;171500;11.259;11.266;11.252;11.264;7484
CNYRUBF;5;20260309;172000;11.263;11.264;11.259;11.263;7010
CNYRUBF;5;20260309;172500;11.262;11.263;11.255;11.262;3983
CNYRUBF;5;20260309;173000;11.259;11.259;11.252;11.255;4685
CNYRUBF;5;20260309;173500;11.254;11.26;11.248;11.258;3189
CNYRUBF;5;20260309;174000;11.257;11.257;11.25;11.25;3003
CNYRUBF;5;20260309;174500;11.249;11.261;11.248;11.254;15875
CNYRUBF;5;20260309;175000;11.254;11.259;11.253;11.257;7947
CNYRUBF;5;20260309;175500;11.258;11.258;11.253;11.255;1566
CNYRUBF;5;20260309;180000;11.253;11.254;11.252;11.252;6479
CNYRUBF;5;20260309;180500;11.252;11.262;11.251;11.259;29521
CNYRUBF;5;20260309;181000;11.258;11.259;11.258;11.258;9991
CNYRUBF;5;20260309;181500;11.258;11.262;11.254;11.254;32511
CNYRUBF;5;20260309;182000;11.253;11.264;11.245;11.264;21960
CNYRUBF;5;20260309;182500;11.264;11.268;11.263;11.266;7028
CNYRUBF;5;20260309;183000;11.265;11.266;11.257;11.261;16433
CNYRUBF;5;20260309;183500;11.26;11.27;11.259;11.27;4114
CNYRUBF;5;20260309;184000;11.269;11.27;11.263;11.263;2337
CNYRUBF;5;20260309;184500;11.266;11.27;11.263;11.266;3430
CNYRUBF;5;20260309;190500;11.266;11.276;11.266;11.275;9185
CNYRUBF;5;20260309;191000;11.274;11.277;11.272;11.276;5905
CNYRUBF;5;20260309;191500;11.276;11.278;11.274;11.274;1566
CNYRUBF;5;20260309;192000;11.275;11.278;11.263;11.264;5519
CNYRUBF;5;20260309;192500;11.266;11.276;11.266;11.273;3422
CNYRUBF;5;20260309;193000;11.273;11.273;11.266;11.268;3011
CNYRUBF;5;20260309;193500;11.266;11.269;11.261;11.264;2546
CNYRUBF;5;20260309;194000;11.263;11.263;11.259;11.263;1879
CNYRUBF;5;20260309;194500;11.263;11.267;11.26;11.267;1830
CNYRUBF;5;20260309;195000;11.267;11.267;11.252;11.26;5994
CNYRUBF;5;20260309;195500;11.262;11.271;11.262;11.268;5287
CNYRUBF;5;20260309;200000;11.268;11.269;11.265;11.267;1558
CNYRUBF;5;20260309;200500;11.269;11.276;11.263;11.276;9535
CNYRUBF;5;20260309;201000;11.276;11.276;11.275;11.275;1138
CNYRUBF;5;20260309;201500;11.275;11.275;11.273;11.274;506
CNYRUBF;5;20260309;202000;11.275;11.278;11.275;11.278;1361
CNYRUBF;5;20260309;202500;11.276;11.278;11.276;11.277;242
CNYRUBF;5;20260309;203000;11.278;11.278;11.277;11.278;109
CNYRUBF;5;20260309;203500;11.278;11.278;11.276;11.276;814
CNYRUBF;5;20260309;204000;11.276;11.277;11.274;11.275;1173
CNYRUBF;5;20260309;204500;11.274;11.274;11.273;11.274;267
CNYRUBF;5;20260309;205000;11.274;11.275;11.273;11.274;280
CNYRUBF;5;20260309;205500;11.275;11.277;11.274;11.276;603
CNYRUBF;5;20260309;210000;11.277;11.277;11.275;11.276;143
CNYRUBF;5;20260309;210500;11.276;11.28;11.276;11.279;2019
CNYRUBF;5;20260309;211000;11.279;11.285;11.277;11.282;4220
CNYRUBF;5;20260309;211500;11.282;11.285;11.282;11.283;260
CNYRUBF;5;20260309;212000;11.284;11.287;11.282;11.287;4215
CNYRUBF;5;20260309;212500;11.287;11.288;11.284;11.285;1172
CNYRUBF;5;20260309;213000;11.286;11.286;11.278;11.278;2113
CNYRUBF;5;20260309;213500;11.281;11.281;11.278;11.281;452
CNYRUBF;5;20260309;214000;11.281;11.281;11.275;11.277;1292
CNYRUBF;5;20260309;214500;11.275;11.276;11.274;11.276;92
CNYRUBF;5;20260309;215000;11.275;11.275;11.272;11.274;364
CNYRUBF;5;20260309;215500;11.275;11.277;11.275;11.277;436
CNYRUBF;5;20260309;220000;11.277;11.278;11.275;11.276;290
CNYRUBF;5;20260309;220500;11.277;11.277;11.277;11.277;15
CNYRUBF;5;20260309;221000;11.278;11.278;11.276;11.276;25
CNYRUBF;5;20260309;221500;11.276;11.282;11.276;11.282;1965
CNYRUBF;5;20260309;222000;11.283;11.288;11.281;11.288;3851
CNYRUBF;5;20260309;222500;11.288;11.294;11.287;11.288;8259
CNYRUBF;5;20260309;223000;11.288;11.309;11.287;11.309;18153
CNYRUBF;5;20260309;223500;11.307;11.314;11.299;11.314;11838
CNYRUBF;5;20260309;224000;11.314;11.324;11.313;11.322;21494
CNYRUBF;5;20260309;224500;11.323;11.328;11.319;11.323;7527
CNYRUBF;5;20260309;225000;11.324;11.334;11.323;11.327;7249
CNYRUBF;5;20260309;225500;11.329;11.332;11.327;11.328;1865
CNYRUBF;5;20260309;230000;11.33;11.33;11.326;11.326;3342
CNYRUBF;5;20260309;230500;11.326;11.327;11.32;11.321;7243
CNYRUBF;5;20260309;231000;11.324;11.331;11.324;11.33;3278
CNYRUBF;5;20260309;231500;11.332;11.335;11.327;11.328;2720
CNYRUBF;5;20260309;232000;11.328;11.33;11.327;11.329;2242
CNYRUBF;5;20260309;232500;11.328;11.333;11.328;11.332;1546
CNYRUBF;5;20260309;233000;11.333;11.341;11.332;11.34;5621
CNYRUBF;5;20260309;233500;11.34;11.344;11.338;11.344;5996
CNYRUBF;5;20260309;234000;11.345;11.35;11.34;11.344;4448
CNYRUBF;5;20260309;234500;11.343;11.358;11.336;11.343;3218
CNYRUBF;5;20260310;085500;11.34;11.34;11.34;11.34;130
CNYRUBF;5;20260310;090000;11.34;11.349;11.331;11.336;8167
CNYRUBF;5;20260310;090500;11.336;11.34;11.328;11.34;7797
CNYRUBF;5;20260310;091000;11.34;11.341;11.331;11.336;2299
CNYRUBF;5;20260310;091500;11.337;11.366;11.335;11.36;26842
CNYRUBF;5;20260310;092000;11.361;11.375;11.357;11.375;17053
CNYRUBF;5;20260310;092500;11.373;11.393;11.368;11.39;31959
CNYRUBF;5;20260310;093000;11.39;11.398;11.389;11.393;20613
CNYRUBF;5;20260310;093500;11.393;11.394;11.388;11.39;13819
CNYRUBF;5;20260310;094000;11.39;11.397;11.388;11.392;12807
CNYRUBF;5;20260310;094500;11.394;11.394;11.391;11.393;5943
CNYRUBF;5;20260310;095000;11.392;11.4;11.391;11.395;21747
CNYRUBF;5;20260310;095500;11.395;11.401;11.394;11.394;25356
CNYRUBF;5;20260310;100000;11.395;11.407;11.377;11.4;104996
CNYRUBF;5;20260310;100500;11.4;11.423;11.395;11.418;38177
CNYRUBF;5;20260310;101000;11.418;11.423;11.393;11.402;62047
CNYRUBF;5;20260310;101500;11.403;11.41;11.384;11.41;45764
CNYRUBF;5;20260310;102000;11.41;11.417;11.406;11.408;12274
CNYRUBF;5;20260310;102500;11.41;11.435;11.408;11.432;34227
CNYRUBF;5;20260310;103000;11.434;11.447;11.433;11.435;57281
CNYRUBF;5;20260310;103500;11.435;11.435;11.424;11.429;25953
CNYRUBF;5;20260310;104000;11.429;11.437;11.428;11.436;19387
CNYRUBF;5;20260310;104500;11.436;11.442;11.427;11.442;44997
CNYRUBF;5;20260310;105000;11.441;11.452;11.441;11.445;21667
CNYRUBF;5;20260310;105500;11.445;11.45;11.441;11.447;15013
CNYRUBF;5;20260310;110000;11.448;11.449;11.43;11.435;29635
CNYRUBF;5;20260310;110500;11.437;11.45;11.428;11.431;76825
CNYRUBF;5;20260310;111000;11.432;11.446;11.431;11.434;37519
CNYRUBF;5;20260310;111500;11.435;11.448;11.435;11.442;13664
CNYRUBF;5;20260310;112000;11.442;11.444;11.434;11.438;9381
CNYRUBF;5;20260310;112500;11.439;11.441;11.426;11.428;7898
CNYRUBF;5;20260310;113000;11.428;11.434;11.421;11.434;16495
CNYRUBF;5;20260310;113500;11.434;11.439;11.43;11.439;18431
CNYRUBF;5;20260310;114000;11.44;11.445;11.434;11.434;8926
CNYRUBF;5;20260310;114500;11.434;11.458;11.434;11.443;46015
CNYRUBF;5;20260310;115000;11.444;11.456;11.444;11.451;19525
CNYRUBF;5;20260310;115500;11.449;11.462;11.448;11.459;49288
CNYRUBF;5;20260310;120000;11.46;11.462;11.452;11.455;21057
CNYRUBF;5;20260310;120500;11.455;11.455;11.447;11.451;22360
CNYRUBF;5;20260310;121000;11.451;11.456;11.445;11.454;12647
CNYRUBF;5;20260310;121500;11.454;11.471;11.454;11.465;51369
CNYRUBF;5;20260310;122000;11.466;11.469;11.466;11.468;4983
CNYRUBF;5;20260310;122500;11.468;11.47;11.461;11.462;15012
CNYRUBF;5;20260310;123000;11.462;11.467;11.456;11.466;18513
CNYRUBF;5;20260310;123500;11.466;11.467;11.46;11.463;11969
CNYRUBF;5;20260310;124000;11.463;11.464;11.452;11.454;5509
CNYRUBF;5;20260310;124500;11.455;11.458;11.452;11.456;10792
CNYRUBF;5;20260310;125000;11.456;11.459;11.45;11.455;12811
CNYRUBF;5;20260310;125500;11.453;11.463;11.451;11.452;10093
CNYRUBF;5;20260310;130000;11.454;11.455;11.45;11.452;6727
CNYRUBF;5;20260310;130500;11.452;11.458;11.45;11.458;9155
CNYRUBF;5;20260310;131000;11.457;11.467;11.457;11.46;15030
CNYRUBF;5;20260310;131500;11.461;11.465;11.46;11.461;8219
CNYRUBF;5;20260310;132000;11.461;11.464;11.456;11.458;4201
CNYRUBF;5;20260310;132500;11.458;11.462;11.457;11.462;5748
CNYRUBF;5;20260310;133000;11.461;11.466;11.461;11.466;8554
CNYRUBF;5;20260310;133500;11.466;11.469;11.466;11.469;4594
CNYRUBF;5;20260310;134000;11.468;11.47;11.463;11.465;3023
CNYRUBF;5;20260310;134500;11.465;11.465;11.453;11.454;12859
CNYRUBF;5;20260310;135000;11.455;11.456;11.449;11.454;7042
CNYRUBF;5;20260310;135500;11.454;11.458;11.452;11.454;5336
CNYRUBF;5;20260310;140500;11.455;11.46;11.45;11.458;18961
CNYRUBF;5;20260310;141000;11.459;11.459;11.454;11.458;1883
CNYRUBF;5;20260310;141500;11.458;11.459;11.457;11.459;1705
CNYRUBF;5;20260310;142000;11.459;11.461;11.454;11.456;11854
CNYRUBF;5;20260310;142500;11.456;11.463;11.456;11.459;2153
CNYRUBF;5;20260310;143000;11.458;11.461;11.455;11.461;2515
CNYRUBF;5;20260310;143500;11.46;11.462;11.457;11.462;2980
CNYRUBF;5;20260310;144000;11.462;11.467;11.461;11.466;4752
CNYRUBF;5;20260310;144500;11.467;11.468;11.462;11.463;9152
CNYRUBF;5;20260310;145000;11.464;11.466;11.464;11.465;1558
CNYRUBF;5;20260310;145500;11.465;11.468;11.463;11.466;8932
CNYRUBF;5;20260310;150000;11.466;11.474;11.464;11.473;17185
CNYRUBF;5;20260310;150500;11.473;11.474;11.469;11.47;4032
CNYRUBF;5;20260310;151000;11.471;11.472;11.463;11.468;22970
CNYRUBF;5;20260310;151500;11.469;11.472;11.461;11.461;14857
CNYRUBF;5;20260310;152000;11.463;11.471;11.461;11.468;18787
CNYRUBF;5;20260310;152500;11.469;11.491;11.468;11.49;42610
CNYRUBF;5;20260310;153000;11.49;11.492;11.479;11.481;14328
CNYRUBF;5;20260310;153500;11.482;11.503;11.48;11.501;55350
CNYRUBF;5;20260310;154000;11.502;11.515;11.498;11.512;55442
CNYRUBF;5;20260310;154500;11.514;11.516;11.502;11.507;28245
CNYRUBF;5;20260310;155000;11.508;11.51;11.499;11.506;28689
CNYRUBF;5;20260310;155500;11.507;11.507;11.502;11.503;13750
CNYRUBF;5;20260310;160000;11.503;11.518;11.499;11.5;39597
CNYRUBF;5;20260310;160500;11.501;11.507;11.495;11.505;33370
CNYRUBF;5;20260310;161000;11.506;11.512;11.504;11.51;11336
CNYRUBF;5;20260310;161500;11.51;11.513;11.505;11.508;12095
CNYRUBF;5;20260310;162000;11.509;11.51;11.505;11.507;10818
CNYRUBF;5;20260310;162500;11.508;11.508;11.504;11.506;5648
CNYRUBF;5;20260310;163000;11.506;11.509;11.505;11.508;16949
CNYRUBF;5;20260310;163500;11.508;11.518;11.508;11.517;14704
CNYRUBF;5;20260310;164000;11.518;11.523;11.507;11.51;27597
CNYRUBF;5;20260310;164500;11.51;11.512;11.502;11.507;15878
CNYRUBF;5;20260310;165000;11.509;11.519;11.509;11.515;12724
CNYRUBF;5;20260310;165500;11.517;11.518;11.514;11.516;5693
CNYRUBF;5;20260310;170000;11.517;11.522;11.509;11.509;6135
CNYRUBF;5;20260310;170500;11.51;11.514;11.499;11.5;12732
CNYRUBF;5;20260310;171000;11.503;11.503;11.475;11.484;69103
CNYRUBF;5;20260310;171500;11.484;11.489;11.48;11.488;18495
CNYRUBF;5;20260310;172000;11.488;11.488;11.482;11.484;8082
CNYRUBF;5;20260310;172500;11.484;11.487;11.479;11.48;14337
CNYRUBF;5;20260310;173000;11.48;11.493;11.479;11.492;13653
CNYRUBF;5;20260310;173500;11.492;11.498;11.492;11.493;5366
CNYRUBF;5;20260310;174000;11.493;11.495;11.487;11.493;19367
CNYRUBF;5;20260310;174500;11.494;11.503;11.494;11.495;11965
CNYRUBF;5;20260310;175000;11.495;11.497;11.488;11.489;5201
CNYRUBF;5;20260310;175500;11.49;11.498;11.487;11.496;11051
CNYRUBF;5;20260310;180000;11.496;11.507;11.495;11.504;9690
CNYRUBF;5;20260310;180500;11.505;11.508;11.503;11.503;7028
CNYRUBF;5;20260310;181000;11.502;11.502;11.494;11.494;12306
CNYRUBF;5;20260310;181500;11.494;11.499;11.494;11.496;7203
CNYRUBF;5;20260310;182000;11.495;11.498;11.487;11.49;13550
CNYRUBF;5;20260310;182500;11.492;11.494;11.477;11.49;33695
CNYRUBF;5;20260310;183000;11.488;11.488;11.481;11.487;9730
CNYRUBF;5;20260310;183500;11.487;11.489;11.485;11.488;10286
CNYRUBF;5;20260310;184000;11.487;11.496;11.487;11.494;27515
CNYRUBF;5;20260310;184500;11.494;11.497;11.488;11.493;3161
CNYRUBF;5;20260310;190500;11.495;11.5;11.487;11.492;5122
CNYRUBF;5;20260310;191000;11.492;11.492;11.481;11.483;3415
CNYRUBF;5;20260310;191500;11.484;11.487;11.481;11.487;2818
CNYRUBF;5;20260310;192000;11.486;11.486;11.479;11.482;5469
CNYRUBF;5;20260310;192500;11.482;11.49;11.482;11.49;516
CNYRUBF;5;20260310;193000;11.489;11.493;11.488;11.492;1053
CNYRUBF;5;20260310;193500;11.492;11.492;11.49;11.49;213
CNYRUBF;5;20260310;194000;11.491;11.492;11.49;11.491;880
CNYRUBF;5;20260310;194500;11.491;11.491;11.489;11.491;773
CNYRUBF;5;20260310;195000;11.492;11.505;11.492;11.501;2468
CNYRUBF;5;20260310;195500;11.501;11.502;11.498;11.5;1174
CNYRUBF;5;20260310;200000;11.5;11.5;11.496;11.5;2611
CNYRUBF;5;20260310;200500;11.5;11.51;11.5;11.51;4083
CNYRUBF;5;20260310;201000;11.51;11.515;11.507;11.51;1746
CNYRUBF;5;20260310;201500;11.51;11.524;11.506;11.511;5099
CNYRUBF;5;20260310;202000;11.51;11.513;11.504;11.51;3217
CNYRUBF;5;20260310;202500;11.51;11.514;11.494;11.5;14332
CNYRUBF;5;20260310;203000;11.499;11.508;11.494;11.503;10826
CNYRUBF;5;20260310;203500;11.505;11.505;11.493;11.496;2461
CNYRUBF;5;20260310;204000;11.494;11.497;11.493;11.494;527
CNYRUBF;5;20260310;204500;11.493;11.496;11.493;11.495;1711
CNYRUBF;5;20260310;205000;11.495;11.496;11.493;11.495;477
CNYRUBF;5;20260310;205500;11.495;11.497;11.493;11.496;785
CNYRUBF;5;20260310;210000;11.496;11.499;11.495;11.499;1948
CNYRUBF;5;20260310;210500;11.497;11.497;11.495;11.495;2655
CNYRUBF;5;20260310;211000;11.496;11.497;11.495;11.495;3369
CNYRUBF;5;20260310;211500;11.495;11.496;11.471;11.482;15730
CNYRUBF;5;20260310;212000;11.479;11.48;11.463;11.478;8203
CNYRUBF;5;20260310;212500;11.475;11.485;11.475;11.482;7267
CNYRUBF;5;20260310;213000;11.485;11.491;11.483;11.49;2512
CNYRUBF;5;20260310;213500;11.489;11.489;11.477;11.477;1472
CNYRUBF;5;20260310;214000;11.477;11.481;11.475;11.481;1443
CNYRUBF;5;20260310;214500;11.481;11.482;11.475;11.475;3266
CNYRUBF;5;20260310;215000;11.477;11.483;11.471;11.483;3083
CNYRUBF;5;20260310;215500;11.483;11.49;11.483;11.487;601
CNYRUBF;5;20260310;220000;11.489;11.491;11.486;11.491;1218
CNYRUBF;5;20260310;220500;11.491;11.493;11.483;11.484;2353
CNYRUBF;5;20260310;221000;11.484;11.484;11.482;11.482;828
CNYRUBF;5;20260310;221500;11.485;11.485;11.478;11.478;866
CNYRUBF;5;20260310;222000;11.478;11.48;11.477;11.478;649
CNYRUBF;5;20260310;222500;11.478;11.479;11.468;11.47;4537
CNYRUBF;5;20260310;223000;11.47;11.471;11.465;11.466;8765
CNYRUBF;5;20260310;223500;11.466;11.471;11.466;11.469;2679
CNYRUBF;5;20260310;224000;11.469;11.472;11.467;11.471;1384
CNYRUBF;5;20260310;224500;11.471;11.475;11.467;11.474;4841
CNYRUBF;5;20260310;225000;11.475;11.475;11.472;11.472;682
CNYRUBF;5;20260310;225500;11.475;11.475;11.472;11.472;389
CNYRUBF;5;20260310;230000;11.472;11.473;11.469;11.47;784
CNYRUBF;5;20260310;230500;11.47;11.47;11.467;11.467;2729
CNYRUBF;5;20260310;231000;11.467;11.473;11.467;11.473;299
CNYRUBF;5;20260310;231500;11.472;11.473;11.471;11.472;548
CNYRUBF;5;20260310;232000;11.471;11.471;11.468;11.471;842
CNYRUBF;5;20260310;232500;11.471;11.471;11.468;11.469;596
CNYRUBF;5;20260310;233000;11.467;11.469;11.467;11.468;812
CNYRUBF;5;20260310;233500;11.469;11.474;11.469;11.474;914
CNYRUBF;5;20260310;234000;11.474;11.476;11.471;11.473;2184
CNYRUBF;5;20260310;234500;11.473;11.476;11.468;11.474;3328
CNYRUBF;5;20260311;085500;11.481;11.481;11.481;11.481;275
CNYRUBF;5;20260311;090000;11.482;11.514;11.481;11.51;12189
CNYRUBF;5;20260311;090500;11.511;11.519;11.505;11.519;13033
CNYRUBF;5;20260311;091000;11.519;11.534;11.518;11.532;31665
CNYRUBF;5;20260311;091500;11.533;11.541;11.524;11.527;17911
CNYRUBF;5;20260311;092000;11.527;11.53;11.522;11.522;3482
CNYRUBF;5;20260311;092500;11.523;11.531;11.519;11.525;9939
CNYRUBF;5;20260311;093000;11.527;11.53;11.522;11.527;3237
CNYRUBF;5;20260311;093500;11.527;11.528;11.521;11.521;2175
CNYRUBF;5;20260311;094000;11.521;11.534;11.518;11.531;10428
CNYRUBF;5;20260311;094500;11.531;11.545;11.53;11.544;15108
CNYRUBF;5;20260311;095000;11.545;11.545;11.53;11.537;15077
CNYRUBF;5;20260311;095500;11.537;11.542;11.529;11.535;8510
CNYRUBF;5;20260311;100000;11.537;11.548;11.503;11.504;57527
CNYRUBF;5;20260311;100500;11.504;11.518;11.494;11.502;77191
CNYRUBF;5;20260311;101000;11.501;11.501;11.477;11.49;118010
CNYRUBF;5;20260311;101500;11.489;11.489;11.464;11.481;56794
CNYRUBF;5;20260311;102000;11.48;11.487;11.472;11.481;16156
CNYRUBF;5;20260311;102500;11.481;11.492;11.481;11.483;14226
CNYRUBF;5;20260311;103000;11.483;11.497;11.479;11.49;17193
CNYRUBF;5;20260311;103500;11.488;11.49;11.478;11.482;14371
CNYRUBF;5;20260311;104000;11.481;11.488;11.48;11.481;13745
CNYRUBF;5;20260311;104500;11.481;11.491;11.479;11.49;35175
CNYRUBF;5;20260311;105000;11.49;11.49;11.481;11.484;21499
CNYRUBF;5;20260311;105500;11.482;11.484;11.478;11.484;8360
CNYRUBF;5;20260311;110000;11.482;11.488;11.48;11.48;11530
CNYRUBF;5;20260311;110500;11.48;11.487;11.48;11.486;16081
CNYRUBF;5;20260311;111000;11.484;11.499;11.474;11.496;43293
CNYRUBF;5;20260311;111500;11.496;11.505;11.489;11.502;39756
CNYRUBF;5;20260311;112000;11.501;11.509;11.5;11.505;19163
CNYRUBF;5;20260311;112500;11.504;11.508;11.501;11.504;14013
CNYRUBF;5;20260311;113000;11.504;11.508;11.503;11.507;13294
CNYRUBF;5;20260311;113500;11.505;11.516;11.505;11.509;17425
CNYRUBF;5;20260311;114000;11.509;11.514;11.509;11.512;10067
CNYRUBF;5;20260311;114500;11.512;11.513;11.496;11.503;39510
CNYRUBF;5;20260311;115000;11.503;11.506;11.498;11.502;7676
CNYRUBF;5;20260311;115500;11.502;11.503;11.491;11.494;10205
CNYRUBF;5;20260311;120000;11.495;11.498;11.484;11.49;8484
CNYRUBF;5;20260311;120500;11.49;11.493;11.485;11.491;12319
CNYRUBF;5;20260311;121000;11.489;11.49;11.487;11.488;2442
CNYRUBF;5;20260311;121500;11.488;11.496;11.486;11.495;3648
CNYRUBF;5;20260311;122000;11.495;11.499;11.494;11.497;1511
CNYRUBF;5;20260311;122500;11.496;11.497;11.493;11.497;1756
CNYRUBF;5;20260311;123000;11.496;11.496;11.488;11.489;6405
CNYRUBF;5;20260311;123500;11.489;11.497;11.487;11.496;11117
CNYRUBF;5;20260311;124000;11.496;11.504;11.495;11.504;6276
CNYRUBF;5;20260311;124500;11.503;11.508;11.502;11.505;3917
CNYRUBF;5;20260311;125000;11.504;11.507;11.502;11.504;2354
CNYRUBF;5;20260311;125500;11.503;11.507;11.502;11.506;1936
CNYRUBF;5;20260311;130000;11.506;11.514;11.506;11.511;2573
CNYRUBF;5;20260311;130500;11.511;11.514;11.508;11.508;6305
CNYRUBF;5;20260311;131000;11.508;11.509;11.502;11.506;3400
CNYRUBF;5;20260311;131500;11.507;11.508;11.499;11.5;6865
CNYRUBF;5;20260311;132000;11.5;11.509;11.499;11.506;12241
CNYRUBF;5;20260311;132500;11.507;11.515;11.504;11.512;9456
CNYRUBF;5;20260311;133000;11.513;11.523;11.512;11.521;21164
CNYRUBF;5;20260311;133500;11.521;11.538;11.517;11.521;71670
CNYRUBF;5;20260311;134000;11.522;11.527;11.506;11.513;21983
CNYRUBF;5;20260311;134500;11.514;11.518;11.51;11.515;6329
CNYRUBF;5;20260311;135000;11.518;11.526;11.517;11.525;4349
CNYRUBF;5;20260311;135500;11.525;11.528;11.521;11.524;9313
CNYRUBF;5;20260311;140500;11.521;11.528;11.518;11.526;17240
CNYRUBF;5;20260311;141000;11.526;11.54;11.526;11.538;26426
CNYRUBF;5;20260311;141500;11.538;11.547;11.536;11.539;39016
CNYRUBF;5;20260311;142000;11.539;11.542;11.533;11.538;9863
CNYRUBF;5;20260311;142500;11.537;11.54;11.535;11.538;10685
CNYRUBF;5;20260311;143000;11.538;11.54;11.534;11.535;9128
CNYRUBF;5;20260311;143500;11.535;11.539;11.535;11.537;4638
CNYRUBF;5;20260311;144000;11.536;11.54;11.535;11.535;8243
CNYRUBF;5;20260311;144500;11.536;11.54;11.535;11.538;7844
CNYRUBF;5;20260311;145000;11.539;11.54;11.525;11.533;16983
CNYRUBF;5;20260311;145500;11.533;11.534;11.529;11.531;3405
CNYRUBF;5;20260311;150000;11.532;11.532;11.519;11.522;8225
CNYRUBF;5;20260311;150500;11.522;11.53;11.516;11.526;9538
CNYRUBF;5;20260311;151000;11.525;11.528;11.522;11.523;2353
CNYRUBF;5;20260311;151500;11.524;11.524;11.513;11.516;13522
CNYRUBF;5;20260311;152000;11.518;11.52;11.514;11.519;10142
CNYRUBF;5;20260311;152500;11.52;11.521;11.516;11.52;20688
CNYRUBF;5;20260311;153000;11.52;11.52;11.51;11.512;13884
CNYRUBF;5;20260311;153500;11.513;11.516;11.51;11.514;10976
CNYRUBF;5;20260311;154000;11.514;11.518;11.508;11.516;18067
CNYRUBF;5;20260311;154500;11.517;11.517;11.515;11.516;2847
CNYRUBF;5;20260311;155000;11.516;11.516;11.513;11.514;5616
CNYRUBF;5;20260311;155500;11.515;11.516;11.512;11.515;9682
CNYRUBF;5;20260311;160000;11.516;11.524;11.497;11.499;22160
CNYRUBF;5;20260311;160500;11.501;11.505;11.498;11.503;7734
CNYRUBF;5;20260311;161000;11.503;11.51;11.496;11.51;19872
CNYRUBF;5;20260311;161500;11.51;11.514;11.508;11.512;12979
CNYRUBF;5;20260311;162000;11.512;11.512;11.504;11.505;6257
CNYRUBF;5;20260311;162500;11.504;11.51;11.499;11.508;9881
CNYRUBF;5;20260311;163000;11.509;11.514;11.509;11.513;4372
CNYRUBF;5;20260311;163500;11.514;11.517;11.51;11.514;8909
CNYRUBF;5;20260311;164000;11.515;11.516;11.512;11.514;2545
CNYRUBF;5;20260311;164500;11.514;11.517;11.512;11.517;4292
CNYRUBF;5;20260311;165000;11.517;11.523;11.512;11.522;14707
CNYRUBF;5;20260311;165500;11.521;11.523;11.516;11.517;15177
CNYRUBF;5;20260311;170000;11.517;11.519;11.513;11.516;4446
CNYRUBF;5;20260311;170500;11.517;11.518;11.515;11.517;4638
CNYRUBF;5;20260311;171000;11.517;11.517;11.511;11.515;8209
CNYRUBF;5;20260311;171500;11.515;11.516;11.511;11.514;12981
CNYRUBF;5;20260311;172000;11.514;11.514;11.501;11.508;9876
CNYRUBF;5;20260311;172500;11.509;11.514;11.507;11.508;10540
CNYRUBF;5;20260311;173000;11.509;11.514;11.508;11.51;7635
CNYRUBF;5;20260311;173500;11.511;11.512;11.507;11.508;11765
CNYRUBF;5;20260311;174000;11.509;11.512;11.507;11.512;12561
CNYRUBF;5;20260311;174500;11.512;11.522;11.512;11.522;22306
CNYRUBF;5;20260311;175000;11.522;11.526;11.52;11.524;11958
CNYRUBF;5;20260311;175500;11.524;11.529;11.523;11.526;7135
CNYRUBF;5;20260311;180000;11.527;11.529;11.525;11.526;5828
CNYRUBF;5;20260311;180500;11.524;11.524;11.515;11.519;7490
CNYRUBF;5;20260311;181000;11.517;11.524;11.517;11.519;3833
CNYRUBF;5;20260311;181500;11.52;11.529;11.52;11.528;2569
CNYRUBF;5;20260311;182000;11.529;11.529;11.521;11.521;10603
CNYRUBF;5;20260311;182500;11.522;11.526;11.514;11.519;21611
CNYRUBF;5;20260311;183000;11.518;11.522;11.512;11.519;11746
CNYRUBF;5;20260311;183500;11.52;11.527;11.518;11.526;13804
CNYRUBF;5;20260311;184000;11.524;11.528;11.523;11.524;10058
CNYRUBF;5;20260311;184500;11.524;11.524;11.514;11.52;12568
CNYRUBF;5;20260311;190500;11.52;11.52;11.507;11.51;4521
CNYRUBF;5;20260311;191000;11.511;11.512;11.508;11.51;3114
CNYRUBF;5;20260311;191500;11.51;11.512;11.51;11.51;122
CNYRUBF;5;20260311;192000;11.511;11.512;11.509;11.511;437
CNYRUBF;5;20260311;192500;11.511;11.512;11.511;11.512;523
CNYRUBF;5;20260311;193000;11.511;11.518;11.511;11.516;3700
CNYRUBF;5;20260311;193500;11.514;11.517;11.509;11.514;5094
CNYRUBF;5;20260311;194000;11.514;11.516;11.513;11.516;95
CNYRUBF;5;20260311;194500;11.514;11.516;11.514;11.514;41
CNYRUBF;5;20260311;195000;11.514;11.516;11.514;11.516;149
CNYRUBF;5;20260311;195500;11.515;11.517;11.515;11.517;1646
CNYRUBF;5;20260311;200000;11.516;11.517;11.514;11.516;2247
CNYRUBF;5;20260311;200500;11.514;11.517;11.513;11.517;1073
CNYRUBF;5;20260311;201000;11.518;11.519;11.516;11.519;828
CNYRUBF;5;20260311;201500;11.519;11.519;11.515;11.515;1468
CNYRUBF;5;20260311;202000;11.515;11.519;11.514;11.515;2679
CNYRUBF;5;20260311;202500;11.516;11.516;11.516;11.516;23
CNYRUBF;5;20260311;203000;11.516;11.517;11.513;11.513;2079
CNYRUBF;5;20260311;203500;11.514;11.514;11.505;11.509;4893
CNYRUBF;5;20260311;204000;11.507;11.512;11.507;11.512;3159
CNYRUBF;5;20260311;204500;11.512;11.512;11.496;11.499;7062
CNYRUBF;5;20260311;205000;11.497;11.503;11.491;11.5;6737
CNYRUBF;5;20260311;205500;11.5;11.506;11.494;11.496;2660
CNYRUBF;5;20260311;210000;11.494;11.502;11.493;11.501;2935
CNYRUBF;5;20260311;210500;11.502;11.502;11.494;11.496;1474
CNYRUBF;5;20260311;211000;11.496;11.497;11.494;11.494;343
CNYRUBF;5;20260311;211500;11.494;11.496;11.494;11.495;557
CNYRUBF;5;20260311;212000;11.496;11.5;11.494;11.496;1627
CNYRUBF;5;20260311;212500;11.496;11.497;11.495;11.497;1084
CNYRUBF;5;20260311;213000;11.497;11.5;11.497;11.499;251
CNYRUBF;5;20260311;213500;11.498;11.499;11.498;11.498;6
CNYRUBF;5;20260311;214000;11.499;11.501;11.497;11.501;896
CNYRUBF;5;20260311;214500;11.501;11.501;11.497;11.5;391
CNYRUBF;5;20260311;215000;11.5;11.5;11.497;11.497;282
CNYRUBF;5;20260311;215500;11.497;11.499;11.497;11.499;216
CNYRUBF;5;20260311;220000;11.498;11.5;11.488;11.492;8320
CNYRUBF;5;20260311;220500;11.492;11.497;11.492;11.497;593
CNYRUBF;5;20260311;221000;11.497;11.497;11.495;11.495;52
CNYRUBF;5;20260311;221500;11.495;11.497;11.495;11.497;256
CNYRUBF;5;20260311;222000;11.498;11.498;11.496;11.497;282
CNYRUBF;5;20260311;222500;11.497;11.499;11.497;11.498;849
CNYRUBF;5;20260311;223000;11.499;11.501;11.497;11.5;1094
CNYRUBF;5;20260311;223500;11.501;11.505;11.5;11.504;1159
CNYRUBF;5;20260311;224000;11.505;11.505;11.501;11.501;685
CNYRUBF;5;20260311;224500;11.501;11.504;11.501;11.504;41
CNYRUBF;5;20260311;225000;11.505;11.506;11.503;11.506;676
CNYRUBF;5;20260311;225500;11.505;11.506;11.503;11.505;51
CNYRUBF;5;20260311;230000;11.504;11.505;11.503;11.505;144
CNYRUBF;5;20260311;230500;11.505;11.508;11.504;11.508;810
CNYRUBF;5;20260311;231000;11.508;11.508;11.507;11.508;1567
CNYRUBF;5;20260311;231500;11.506;11.508;11.506;11.508;22
CNYRUBF;5;20260311;232000;11.506;11.51;11.505;11.509;1643
CNYRUBF;5;20260311;232500;11.508;11.51;11.503;11.503;1091
CNYRUBF;5;20260311;233000;11.503;11.506;11.502;11.502;207
CNYRUBF;5;20260311;233500;11.502;11.506;11.502;11.503;1183
CNYRUBF;5;20260311;234000;11.506;11.512;11.503;11.505;1520
CNYRUBF;5;20260311;234500;11.504;11.51;11.504;11.505;800
CNYRUBF;5;20260312;085500;11.488;11.488;11.488;11.488;1692
CNYRUBF;5;20260312;090000;11.487;11.487;11.465;11.471;20473
CNYRUBF;5;20260312;090500;11.471;11.471;11.463;11.467;16980
CNYRUBF;5;20260312;091000;11.467;11.476;11.465;11.473;5559
CNYRUBF;5;20260312;091500;11.475;11.475;11.47;11.472;5142
CNYRUBF;5;20260312;092000;11.471;11.488;11.471;11.488;22861
CNYRUBF;5;20260312;092500;11.485;11.489;11.484;11.486;3026
CNYRUBF;5;20260312;093000;11.486;11.487;11.48;11.485;7183
CNYRUBF;5;20260312;093500;11.484;11.495;11.484;11.495;7262
CNYRUBF;5;20260312;094000;11.496;11.498;11.49;11.49;4503
CNYRUBF;5;20260312;094500;11.492;11.493;11.487;11.49;1638
CNYRUBF;5;20260312;095000;11.489;11.491;11.484;11.485;4023
CNYRUBF;5;20260312;095500;11.486;11.492;11.483;11.492;7881
CNYRUBF;5;20260312;100000;11.493;11.499;11.483;11.483;24930
CNYRUBF;5;20260312;100500;11.484;11.506;11.48;11.494;36211
CNYRUBF;5;20260312;101000;11.494;11.498;11.483;11.485;11817
CNYRUBF;5;20260312;101500;11.484;11.497;11.482;11.493;18211
CNYRUBF;5;20260312;102000;11.49;11.51;11.49;11.503;19972
CNYRUBF;5;20260312;102500;11.504;11.526;11.504;11.513;34426
CNYRUBF;5;20260312;103000;11.512;11.52;11.504;11.507;26371
CNYRUBF;5;20260312;103500;11.506;11.508;11.502;11.502;8272
CNYRUBF;5;20260312;104000;11.501;11.503;11.49;11.494;25744
CNYRUBF;5;20260312;104500;11.494;11.497;11.492;11.495;7627
CNYRUBF;5;20260312;105000;11.495;11.498;11.49;11.497;18007
CNYRUBF;5;20260312;105500;11.495;11.497;11.492;11.494;6630
CNYRUBF;5;20260312;110000;11.492;11.492;11.478;11.489;28789
CNYRUBF;5;20260312;110500;11.488;11.492;11.486;11.49;13487
CNYRUBF;5;20260312;111000;11.489;11.49;11.484;11.484;13783
CNYRUBF;5;20260312;111500;11.484;11.491;11.481;11.486;12556
CNYRUBF;5;20260312;112000;11.486;11.495;11.486;11.492;11167
CNYRUBF;5;20260312;112500;11.491;11.495;11.49;11.495;6176
CNYRUBF;5;20260312;113000;11.494;11.5;11.491;11.492;10283
CNYRUBF;5;20260312;113500;11.491;11.492;11.489;11.489;5598
CNYRUBF;5;20260312;114000;11.49;11.49;11.479;11.486;12400
CNYRUBF;5;20260312;114500;11.486;11.49;11.485;11.488;11109
CNYRUBF;5;20260312;115000;11.488;11.495;11.487;11.494;6083
CNYRUBF;5;20260312;115500;11.493;11.497;11.488;11.49;23982
CNYRUBF;5;20260312;120000;11.49;11.492;11.489;11.489;5241
CNYRUBF;5;20260312;120500;11.489;11.499;11.486;11.498;27037
CNYRUBF;5;20260312;121000;11.498;11.499;11.489;11.49;17311
CNYRUBF;5;20260312;121500;11.49;11.497;11.487;11.496;35538
CNYRUBF;5;20260312;122000;11.496;11.497;11.49;11.49;16259
CNYRUBF;5;20260312;122500;11.49;11.492;11.49;11.492;2295
CNYRUBF;5;20260312;123000;11.491;11.494;11.487;11.487;5535
CNYRUBF;5;20260312;123500;11.487;11.491;11.487;11.491;6312
CNYRUBF;5;20260312;124000;11.49;11.493;11.486;11.492;9874
CNYRUBF;5;20260312;124500;11.492;11.494;11.491;11.493;16900
CNYRUBF;5;20260312;125000;11.492;11.494;11.488;11.489;22745
CNYRUBF;5;20260312;125500;11.489;11.492;11.488;11.489;15213
CNYRUBF;5;20260312;130000;11.489;11.49;11.487;11.49;10843
CNYRUBF;5;20260312;130500;11.489;11.49;11.487;11.488;7503
CNYRUBF;5;20260312;131000;11.487;11.498;11.484;11.497;29360
CNYRUBF;5;20260312;131500;11.496;11.51;11.496;11.508;22797
CNYRUBF;5;20260312;132000;11.509;11.51;11.502;11.503;6223
CNYRUBF;5;20260312;132500;11.505;11.506;11.501;11.503;5334
CNYRUBF;5;20260312;133000;11.503;11.509;11.503;11.508;3775
CNYRUBF;5;20260312;133500;11.509;11.515;11.506;11.515;8319
CNYRUBF;5;20260312;134000;11.515;11.517;11.509;11.514;28117
CNYRUBF;5;20260312;134500;11.515;11.519;11.513;11.519;17528
CNYRUBF;5;20260312;135000;11.518;11.528;11.517;11.525;27211
CNYRUBF;5;20260312;135500;11.526;11.537;11.52;11.526;26167
CNYRUBF;5;20260312;140500;11.528;11.539;11.528;11.536;16360
CNYRUBF;5;20260312;141000;11.537;11.539;11.535;11.536;10510
CNYRUBF;5;20260312;141500;11.536;11.538;11.526;11.527;11080
CNYRUBF;5;20260312;142000;11.528;11.535;11.528;11.529;5721
CNYRUBF;5;20260312;142500;11.531;11.536;11.53;11.534;7271
CNYRUBF;5;20260312;143000;11.536;11.536;11.529;11.532;13341
CNYRUBF;5;20260312;143500;11.53;11.533;11.527;11.531;8530
CNYRUBF;5;20260312;144000;11.532;11.534;11.53;11.532;7351
CNYRUBF;5;20260312;144500;11.533;11.537;11.533;11.536;9066
CNYRUBF;5;20260312;145000;11.535;11.553;11.535;11.547;50397
CNYRUBF;5;20260312;145500;11.548;11.57;11.547;11.557;69967
CNYRUBF;5;20260312;150000;11.557;11.563;11.55;11.556;22022
CNYRUBF;5;20260312;150500;11.555;11.557;11.543;11.546;14713
CNYRUBF;5;20260312;151000;11.548;11.552;11.547;11.549;10777
CNYRUBF;5;20260312;151500;11.55;11.551;11.543;11.546;6995
CNYRUBF;5;20260312;152000;11.545;11.546;11.537;11.545;26783
CNYRUBF;5;20260312;152500;11.545;11.568;11.542;11.566;24155
CNYRUBF;5;20260312;153000;11.566;11.573;11.558;11.569;45003
CNYRUBF;5;20260312;153500;11.57;11.574;11.567;11.572;16182
CNYRUBF;5;20260312;154000;11.572;11.574;11.567;11.574;15086
CNYRUBF;5;20260312;154500;11.574;11.58;11.569;11.571;33242
CNYRUBF;5;20260312;155000;11.572;11.583;11.572;11.573;25415
CNYRUBF;5;20260312;155500;11.573;11.574;11.565;11.565;26859
CNYRUBF;5;20260312;160000;11.566;11.574;11.566;11.569;18245
CNYRUBF;5;20260312;160500;11.569;11.573;11.563;11.569;11020
CNYRUBF;5;20260312;161000;11.571;11.579;11.57;11.576;12819
CNYRUBF;5;20260312;161500;11.577;11.585;11.573;11.584;21635
CNYRUBF;5;20260312;162000;11.585;11.591;11.575;11.58;17648
CNYRUBF;5;20260312;162500;11.58;11.583;11.574;11.582;10873
CNYRUBF;5;20260312;163000;11.582;11.589;11.582;11.589;7111
CNYRUBF;5;20260312;163500;11.589;11.595;11.588;11.589;10716
CNYRUBF;5;20260312;164000;11.59;11.594;11.584;11.587;10118
CNYRUBF;5;20260312;164500;11.589;11.595;11.587;11.592;20931
CNYRUBF;5;20260312;165000;11.591;11.591;11.581;11.585;16242
CNYRUBF;5;20260312;165500;11.585;11.59;11.582;11.589;3566
CNYRUBF;5;20260312;170000;11.59;11.593;11.584;11.589;19581
CNYRUBF;5;20260312;170500;11.59;11.595;11.587;11.591;12376
CNYRUBF;5;20260312;171000;11.592;11.595;11.587;11.59;11448
CNYRUBF;5;20260312;171500;11.59;11.598;11.587;11.595;19046
CNYRUBF;5;20260312;172000;11.597;11.597;11.585;11.588;10579
CNYRUBF;5;20260312;172500;11.588;11.596;11.587;11.595;9736
CNYRUBF;5;20260312;173000;11.595;11.604;11.593;11.597;19155
CNYRUBF;5;20260312;173500;11.597;11.602;11.597;11.602;3197
CNYRUBF;5;20260312;174000;11.602;11.604;11.595;11.597;14601
CNYRUBF;5;20260312;174500;11.598;11.598;11.589;11.591;30067
CNYRUBF;5;20260312;175000;11.592;11.597;11.589;11.594;13304
CNYRUBF;5;20260312;175500;11.595;11.601;11.595;11.601;9889
CNYRUBF;5;20260312;180000;11.602;11.608;11.595;11.598;13674
CNYRUBF;5;20260312;180500;11.595;11.597;11.571;11.585;49437
CNYRUBF;5;20260312;181000;11.584;11.591;11.575;11.586;16820
CNYRUBF;5;20260312;181500;11.585;11.595;11.583;11.591;23056
CNYRUBF;5;20260312;182000;11.591;11.6;11.59;11.595;19074
CNYRUBF;5;20260312;182500;11.596;11.605;11.592;11.596;17682
CNYRUBF;5;20260312;183000;11.595;11.596;11.59;11.59;12471
CNYRUBF;5;20260312;183500;11.591;11.595;11.59;11.594;5558
CNYRUBF;5;20260312;184000;11.593;11.597;11.592;11.595;7828
CNYRUBF;5;20260312;184500;11.596;11.596;11.59;11.593;33307
CNYRUBF;5;20260312;190500;11.593;11.597;11.588;11.597;4892
CNYRUBF;5;20260312;191000;11.597;11.602;11.594;11.601;3234
CNYRUBF;5;20260312;191500;11.602;11.602;11.596;11.599;1951
CNYRUBF;5;20260312;192000;11.601;11.602;11.599;11.601;2113
CNYRUBF;5;20260312;192500;11.6;11.604;11.6;11.604;2821
CNYRUBF;5;20260312;193000;11.604;11.606;11.603;11.606;2936
CNYRUBF;5;20260312;193500;11.606;11.619;11.605;11.611;9710
CNYRUBF;5;20260312;194000;11.611;11.613;11.605;11.606;4239
CNYRUBF;5;20260312;194500;11.605;11.609;11.596;11.597;13804
CNYRUBF;5;20260312;195000;11.598;11.603;11.597;11.602;1614
CNYRUBF;5;20260312;195500;11.602;11.605;11.599;11.602;1553
CNYRUBF;5;20260312;200000;11.6;11.604;11.6;11.604;673
CNYRUBF;5;20260312;200500;11.605;11.609;11.605;11.608;1839
CNYRUBF;5;20260312;201000;11.605;11.61;11.605;11.609;1217
CNYRUBF;5;20260312;201500;11.609;11.61;11.607;11.61;861
CNYRUBF;5;20260312;202000;11.609;11.61;11.606;11.606;677
CNYRUBF;5;20260312;202500;11.606;11.608;11.605;11.606;310
CNYRUBF;5;20260312;203000;11.606;11.61;11.605;11.609;1179
CNYRUBF;5;20260312;203500;11.609;11.609;11.605;11.605;181
CNYRUBF;5;20260312;204000;11.605;11.606;11.603;11.603;1129
CNYRUBF;5;20260312;204500;11.606;11.606;11.603;11.606;314
CNYRUBF;5;20260312;205000;11.606;11.612;11.604;11.611;2526
CNYRUBF;5;20260312;205500;11.611;11.618;11.611;11.615;4444
CNYRUBF;5;20260312;210000;11.618;11.619;11.615;11.618;1671
CNYRUBF;5;20260312;210500;11.619;11.619;11.616;11.616;1293
CNYRUBF;5;20260312;211000;11.616;11.617;11.614;11.614;3118
CNYRUBF;5;20260312;211500;11.615;11.615;11.612;11.612;3047
CNYRUBF;5;20260312;212000;11.613;11.616;11.611;11.612;3416
CNYRUBF;5;20260312;212500;11.615;11.618;11.612;11.613;5546
CNYRUBF;5;20260312;213000;11.613;11.615;11.611;11.611;3458
CNYRUBF;5;20260312;213500;11.613;11.618;11.613;11.613;2022
CNYRUBF;5;20260312;214000;11.613;11.615;11.609;11.612;4910
CNYRUBF;5;20260312;214500;11.61;11.616;11.609;11.612;1105
CNYRUBF;5;20260312;215000;11.612;11.618;11.612;11.618;900
CNYRUBF;5;20260312;215500;11.616;11.622;11.609;11.618;8208
CNYRUBF;5;20260312;220000;11.619;11.62;11.612;11.614;3338
CNYRUBF;5;20260312;220500;11.616;11.617;11.616;11.617;430
CNYRUBF;5;20260312;221000;11.617;11.617;11.61;11.611;3400
CNYRUBF;5;20260312;221500;11.611;11.617;11.61;11.613;1344
CNYRUBF;5;20260312;222000;11.615;11.615;11.611;11.615;414
CNYRUBF;5;20260312;222500;11.614;11.614;11.61;11.612;1778
CNYRUBF;5;20260312;223000;11.612;11.614;11.611;11.614;88
CNYRUBF;5;20260312;223500;11.614;11.614;11.611;11.614;44
CNYRUBF;5;20260312;224000;11.612;11.613;11.61;11.61;518
CNYRUBF;5;20260312;224500;11.61;11.613;11.609;11.611;516
CNYRUBF;5;20260312;225000;11.611;11.612;11.608;11.609;823
CNYRUBF;5;20260312;225500;11.61;11.61;11.609;11.61;261
CNYRUBF;5;20260312;230000;11.609;11.609;11.606;11.609;1630
CNYRUBF;5;20260312;230500;11.606;11.615;11.605;11.607;4054
CNYRUBF;5;20260312;231000;11.607;11.607;11.6;11.602;1761
CNYRUBF;5;20260312;231500;11.603;11.605;11.602;11.605;399
CNYRUBF;5;20260312;232000;11.605;11.61;11.605;11.609;734
CNYRUBF;5;20260312;232500;11.609;11.609;11.607;11.609;442
CNYRUBF;5;20260312;233000;11.609;11.609;11.605;11.606;792
CNYRUBF;5;20260312;233500;11.606;11.608;11.606;11.607;277
CNYRUBF;5;20260312;234000;11.608;11.608;11.604;11.605;773
CNYRUBF;5;20260312;234500;11.608;11.61;11.602;11.602;2937
CNYRUBF;5;20260313;085500;11.602;11.602;11.602;11.602;366
CNYRUBF;5;20260313;090000;11.605;11.616;11.598;11.611;19405
CNYRUBF;5;20260313;090500;11.609;11.628;11.605;11.623;17392
CNYRUBF;5;20260313;091000;11.623;11.625;11.611;11.616;6644
CNYRUBF;5;20260313;091500;11.618;11.621;11.613;11.619;2956
CNYRUBF;5;20260313;092000;11.618;11.628;11.618;11.628;4400
CNYRUBF;5;20260313;092500;11.627;11.628;11.621;11.622;1607
CNYRUBF;5;20260313;093000;11.623;11.627;11.621;11.624;7410
CNYRUBF;5;20260313;093500;11.621;11.63;11.621;11.629;5426
CNYRUBF;5;20260313;094000;11.629;11.632;11.625;11.627;5699
CNYRUBF;5;20260313;094500;11.627;11.629;11.607;11.622;11336
CNYRUBF;5;20260313;095000;11.62;11.637;11.618;11.633;23189
CNYRUBF;5;20260313;095500;11.633;11.64;11.631;11.634;13352
CNYRUBF;5;20260313;100000;11.633;11.664;11.633;11.656;126750
CNYRUBF;5;20260313;100500;11.656;11.657;11.622;11.624;48441
CNYRUBF;5;20260313;101000;11.625;11.625;11.596;11.603;121554
CNYRUBF;5;20260313;101500;11.602;11.617;11.598;11.615;40572
CNYRUBF;5;20260313;102000;11.615;11.621;11.608;11.612;52366
CNYRUBF;5;20260313;102500;11.613;11.621;11.604;11.621;26605
CNYRUBF;5;20260313;103000;11.62;11.621;11.603;11.606;24599
CNYRUBF;5;20260313;103500;11.606;11.627;11.606;11.62;41585
CNYRUBF;5;20260313;104000;11.62;11.622;11.615;11.615;19444
CNYRUBF;5;20260313;104500;11.615;11.62;11.61;11.62;12124
CNYRUBF;5;20260313;105000;11.619;11.634;11.619;11.63;12261
CNYRUBF;5;20260313;105500;11.63;11.63;11.626;11.628;4632
CNYRUBF;5;20260313;110000;11.627;11.639;11.626;11.637;26318
CNYRUBF;5;20260313;110500;11.636;11.65;11.636;11.644;42865
CNYRUBF;5;20260313;111000;11.643;11.646;11.641;11.643;4783
CNYRUBF;5;20260313;111500;11.643;11.646;11.637;11.638;20701
CNYRUBF;5;20260313;112000;11.639;11.651;11.636;11.65;14235
CNYRUBF;5;20260313;112500;11.649;11.653;11.647;11.651;13887
CNYRUBF;5;20260313;113000;11.65;11.653;11.649;11.65;18368
CNYRUBF;5;20260313;113500;11.649;11.653;11.647;11.647;10491
CNYRUBF;5;20260313;114000;11.647;11.653;11.641;11.65;10054
CNYRUBF;5;20260313;114500;11.649;11.651;11.645;11.645;7569
CNYRUBF;5;20260313;115000;11.647;11.647;11.642;11.643;11320
CNYRUBF;5;20260313;115500;11.643;11.645;11.641;11.642;8128
CNYRUBF;5;20260313;120000;11.641;11.644;11.638;11.64;9226
CNYRUBF;5;20260313;120500;11.64;11.643;11.638;11.64;5250
CNYRUBF;5;20260313;121000;11.64;11.649;11.64;11.648;9356
CNYRUBF;5;20260313;121500;11.648;11.655;11.648;11.65;9898
CNYRUBF;5;20260313;122000;11.65;11.653;11.648;11.652;12826
CNYRUBF;5;20260313;122500;11.651;11.656;11.65;11.652;9851
CNYRUBF;5;20260313;123000;11.652;11.655;11.652;11.654;6515
CNYRUBF;5;20260313;123500;11.654;11.656;11.652;11.654;7235
CNYRUBF;5;20260313;124000;11.654;11.656;11.647;11.647;29107
CNYRUBF;5;20260313;124500;11.647;11.654;11.647;11.652;5162
CNYRUBF;5;20260313;125000;11.652;11.656;11.651;11.655;11438
CNYRUBF;5;20260313;125500;11.655;11.659;11.654;11.657;17906
CNYRUBF;5;20260313;130000;11.657;11.662;11.656;11.659;23651
CNYRUBF;5;20260313;130500;11.658;11.659;11.653;11.656;9237
CNYRUBF;5;20260313;131000;11.655;11.655;11.649;11.654;5209
CNYRUBF;5;20260313;131500;11.654;11.663;11.654;11.663;19469
CNYRUBF;5;20260313;132000;11.663;11.671;11.646;11.662;88641
CNYRUBF;5;20260313;132500;11.662;11.664;11.657;11.662;8565
CNYRUBF;5;20260313;133000;11.663;11.674;11.663;11.672;16015
CNYRUBF;5;20260313;133500;11.671;11.687;11.671;11.685;26296
CNYRUBF;5;20260313;134000;11.687;11.69;11.68;11.685;27186
CNYRUBF;5;20260313;134500;11.685;11.689;11.682;11.686;10168
CNYRUBF;5;20260313;135000;11.685;11.688;11.683;11.688;8096
CNYRUBF;5;20260313;135500;11.686;11.694;11.683;11.687;30706
CNYRUBF;5;20260313;140500;11.686;11.69;11.684;11.686;20327
CNYRUBF;5;20260313;141000;11.686;11.693;11.685;11.691;11073
CNYRUBF;5;20260313;141500;11.691;11.694;11.685;11.689;33702
CNYRUBF;5;20260313;142000;11.688;11.688;11.679;11.682;18637
CNYRUBF;5;20260313;142500;11.682;11.684;11.678;11.682;13145
CNYRUBF;5;20260313;143000;11.684;11.685;11.674;11.676;12303
CNYRUBF;5;20260313;143500;11.676;11.679;11.674;11.677;9041
CNYRUBF;5;20260313;144000;11.676;11.678;11.672;11.675;14577
CNYRUBF;5;20260313;144500;11.674;11.674;11.664;11.664;14176
CNYRUBF;5;20260313;145000;11.665;11.674;11.661;11.673;32005
CNYRUBF;5;20260313;145500;11.673;11.684;11.673;11.676;23491
CNYRUBF;5;20260313;150000;11.677;11.681;11.675;11.677;6592
CNYRUBF;5;20260313;150500;11.677;11.68;11.668;11.677;20135
CNYRUBF;5;20260313;151000;11.678;11.681;11.672;11.672;19136
CNYRUBF;5;20260313;151500;11.672;11.69;11.67;11.684;24580
CNYRUBF;5;20260313;152000;11.684;11.696;11.682;11.695;12088
CNYRUBF;5;20260313;152500;11.693;11.694;11.66;11.671;36353
CNYRUBF;5;20260313;153000;11.672;11.673;11.655;11.67;47972
CNYRUBF;5;20260313;153500;11.67;11.673;11.661;11.663;13771
CNYRUBF;5;20260313;154000;11.664;11.669;11.661;11.667;9961
CNYRUBF;5;20260313;154500;11.667;11.685;11.666;11.683;25041
CNYRUBF;5;20260313;155000;11.685;11.689;11.68;11.684;8922
CNYRUBF;5;20260313;155500;11.682;11.688;11.681;11.682;6889
CNYRUBF;5;20260313;160000;11.682;11.683;11.674;11.675;9231
CNYRUBF;5;20260313;160500;11.675;11.68;11.673;11.673;3395
CNYRUBF;5;20260313;161000;11.673;11.674;11.662;11.665;8905
CNYRUBF;5;20260313;161500;11.664;11.665;11.655;11.656;14938
CNYRUBF;5;20260313;162000;11.655;11.662;11.652;11.66;11739
CNYRUBF;5;20260313;162500;11.66;11.662;11.656;11.657;12982
CNYRUBF;5;20260313;163000;11.657;11.66;11.652;11.654;22575
CNYRUBF;5;20260313;163500;11.654;11.655;11.65;11.652;12896
CNYRUBF;5;20260313;164000;11.653;11.661;11.652;11.658;21506
CNYRUBF;5;20260313;164500;11.657;11.662;11.653;11.66;18917
CNYRUBF;5;20260313;165000;11.66;11.662;11.657;11.659;12763
CNYRUBF;5;20260313;165500;11.658;11.661;11.657;11.66;20381
CNYRUBF;5;20260313;170000;11.66;11.671;11.652;11.669;20482
CNYRUBF;5;20260313;170500;11.669;11.674;11.652;11.652;18024
CNYRUBF;5;20260313;171000;11.652;11.654;11.64;11.64;56038
CNYRUBF;5;20260313;171500;11.639;11.64;11.624;11.637;116039
CNYRUBF;5;20260313;172000;11.636;11.648;11.63;11.647;80616
CNYRUBF;5;20260313;172500;11.647;11.649;11.641;11.643;8638
CNYRUBF;5;20260313;173000;11.642;11.645;11.637;11.644;11807
CNYRUBF;5;20260313;173500;11.642;11.644;11.624;11.625;16631
CNYRUBF;5;20260313;174000;11.625;11.629;11.608;11.609;32855
CNYRUBF;5;20260313;174500;11.609;11.616;11.607;11.612;29060
CNYRUBF;5;20260313;175000;11.612;11.622;11.61;11.617;16315
CNYRUBF;5;20260313;175500;11.617;11.62;11.614;11.619;9896
CNYRUBF;5;20260313;180000;11.619;11.639;11.618;11.626;29030
CNYRUBF;5;20260313;180500;11.627;11.63;11.621;11.625;10250
CNYRUBF;5;20260313;181000;11.626;11.636;11.623;11.636;24126
CNYRUBF;5;20260313;181500;11.635;11.648;11.632;11.643;22362
CNYRUBF;5;20260313;182000;11.643;11.649;11.637;11.647;35051
CNYRUBF;5;20260313;182500;11.648;11.649;11.642;11.643;10444
CNYRUBF;5;20260313;183000;11.644;11.647;11.64;11.642;6500
CNYRUBF;5;20260313;183500;11.641;11.651;11.64;11.651;13892
CNYRUBF;5;20260313;184000;11.651;11.66;11.65;11.659;43343
CNYRUBF;5;20260313;184500;11.659;11.66;11.656;11.656;12826
CNYRUBF;5;20260313;190500;11.654;11.663;11.652;11.653;6001
CNYRUBF;5;20260313;191000;11.651;11.654;11.644;11.647;2498
CNYRUBF;5;20260313;191500;11.647;11.647;11.641;11.644;3030
CNYRUBF;5;20260313;192000;11.643;11.646;11.643;11.643;2316
CNYRUBF;5;20260313;192500;11.643;11.649;11.643;11.647;2110
CNYRUBF;5;20260313;193000;11.649;11.652;11.645;11.652;4157
CNYRUBF;5;20260313;193500;11.652;11.654;11.651;11.652;942
CNYRUBF;5;20260313;194000;11.652;11.654;11.64;11.643;10874
CNYRUBF;5;20260313;194500;11.642;11.644;11.638;11.641;5545
CNYRUBF;5;20260313;195000;11.639;11.641;11.638;11.639;2380
CNYRUBF;5;20260313;195500;11.639;11.641;11.638;11.639;1440
CNYRUBF;5;20260313;200000;11.639;11.64;11.636;11.638;1617
CNYRUBF;5;20260313;200500;11.642;11.647;11.641;11.647;718
CNYRUBF;5;20260313;201000;11.645;11.65;11.643;11.65;687
CNYRUBF;5;20260313;201500;11.65;11.656;11.65;11.655;3305
CNYRUBF;5;20260313;202000;11.655;11.655;11.648;11.651;2472
CNYRUBF;5;20260313;202500;11.651;11.654;11.65;11.652;1408
CNYRUBF;5;20260313;203000;11.653;11.655;11.65;11.65;872
CNYRUBF;5;20260313;203500;11.652;11.654;11.651;11.653;737
CNYRUBF;5;20260313;204000;11.652;11.652;11.643;11.646;2300
CNYRUBF;5;20260313;204500;11.643;11.646;11.643;11.645;275
CNYRUBF;5;20260313;205000;11.644;11.644;11.641;11.643;1323
CNYRUBF;5;20260313;205500;11.644;11.646;11.643;11.643;225
CNYRUBF;5;20260313;210000;11.645;11.647;11.644;11.647;225
CNYRUBF;5;20260313;210500;11.647;11.649;11.647;11.649;157
CNYRUBF;5;20260313;211000;11.649;11.652;11.648;11.649;915
CNYRUBF;5;20260313;211500;11.651;11.657;11.651;11.656;3188
CNYRUBF;5;20260313;212000;11.657;11.658;11.651;11.651;2486
CNYRUBF;5;20260313;212500;11.653;11.655;11.65;11.651;376
CNYRUBF;5;20260313;213000;11.651;11.652;11.65;11.65;213
CNYRUBF;5;20260313;213500;11.651;11.652;11.651;11.652;817
CNYRUBF;5;20260313;214000;11.651;11.652;11.651;11.651;1958
CNYRUBF;5;20260313;214500;11.651;11.651;11.65;11.65;100
CNYRUBF;5;20260313;215000;11.65;11.651;11.649;11.651;430
CNYRUBF;5;20260313;215500;11.65;11.651;11.65;11.651;1082
CNYRUBF;5;20260313;220000;11.65;11.65;11.647;11.65;1498
CNYRUBF;5;20260313;220500;11.648;11.651;11.648;11.651;381
CNYRUBF;5;20260313;221000;11.651;11.651;11.648;11.65;191
CNYRUBF;5;20260313;221500;11.648;11.648;11.648;11.648;40
CNYRUBF;5;20260313;222000;11.649;11.651;11.648;11.649;1356
CNYRUBF;5;20260313;222500;11.649;11.65;11.648;11.65;215
CNYRUBF;5;20260313;223000;11.65;11.65;11.648;11.649;76
CNYRUBF;5;20260313;223500;11.65;11.65;11.65;11.65;95
CNYRUBF;5;20260313;224000;11.65;11.655;11.65;11.655;3423
CNYRUBF;5;20260313;224500;11.655;11.657;11.653;11.655;1200
CNYRUBF;5;20260313;225000;11.656;11.659;11.655;11.659;1895
CNYRUBF;5;20260313;225500;11.659;11.66;11.657;11.659;703
CNYRUBF;5;20260313;230000;11.658;11.659;11.657;11.659;1284
CNYRUBF;5;20260313;230500;11.659;11.659;11.653;11.653;3063
CNYRUBF;5;20260313;231000;11.657;11.657;11.655;11.657;409
CNYRUBF;5;20260313;231500;11.657;11.657;11.654;11.654;71
CNYRUBF;5;20260313;232000;11.657;11.659;11.655;11.658;1640
CNYRUBF;5;20260313;232500;11.658;11.66;11.656;11.66;1164
CNYRUBF;5;20260313;233000;11.659;11.659;11.656;11.657;690
CNYRUBF;5;20260313;233500;11.658;11.66;11.656;11.66;537
CNYRUBF;5;20260313;234000;11.658;11.66;11.656;11.656;3696
CNYRUBF;5;20260313;234500;11.659;11.66;11.655;11.657;2492
CNYRUBF;5;20260316;085500;11.65;11.65;11.65;11.65;699
CNYRUBF;5;20260316;090000;11.655;11.664;11.64;11.658;18935
CNYRUBF;5;20260316;090500;11.657;11.675;11.657;11.671;23156
CNYRUBF;5;20260316;091000;11.671;11.673;11.669;11.673;7853
CNYRUBF;5;20260316;091500;11.673;11.673;11.669;11.672;2831
CNYRUBF;5;20260316;092000;11.672;11.673;11.671;11.673;6209
CNYRUBF;5;20260316;092500;11.673;11.673;11.667;11.673;2046
CNYRUBF;5;20260316;093000;11.671;11.673;11.67;11.672;1976
CNYRUBF;5;20260316;093500;11.672;11.689;11.672;11.683;18236
CNYRUBF;5;20260316;094000;11.682;11.684;11.673;11.674;6750
CNYRUBF;5;20260316;094500;11.674;11.678;11.674;11.677;1343
CNYRUBF;5;20260316;095000;11.675;11.676;11.665;11.67;6256
CNYRUBF;5;20260316;095500;11.672;11.673;11.661;11.667;7075
CNYRUBF;5;20260316;100000;11.664;11.679;11.658;11.66;36124
CNYRUBF;5;20260316;100500;11.659;11.659;11.637;11.638;25682
CNYRUBF;5;20260316;101000;11.639;11.651;11.626;11.65;79505
CNYRUBF;5;20260316;101500;11.649;11.663;11.647;11.663;46127
CNYRUBF;5;20260316;102000;11.664;11.709;11.664;11.699;146793
CNYRUBF;5;20260316;102500;11.7;11.701;11.687;11.696;71392
CNYRUBF;5;20260316;103000;11.697;11.703;11.689;11.696;43460
CNYRUBF;5;20260316;103500;11.696;11.709;11.695;11.707;27722
CNYRUBF;5;20260316;104000;11.708;11.715;11.704;11.71;53488
CNYRUBF;5;20260316;104500;11.709;11.715;11.707;11.707;23810
CNYRUBF;5;20260316;105000;11.708;11.714;11.708;11.712;11590
CNYRUBF;5;20260316;105500;11.714;11.723;11.713;11.72;17812
CNYRUBF;5;20260316;110000;11.721;11.721;11.712;11.719;20924
CNYRUBF;5;20260316;110500;11.719;11.72;11.718;11.718;8579
CNYRUBF;5;20260316;111000;11.717;11.726;11.716;11.726;33820
CNYRUBF;5;20260316;111500;11.726;11.726;11.711;11.711;21975
CNYRUBF;5;20260316;112000;11.713;11.717;11.706;11.711;13960
CNYRUBF;5;20260316;112500;11.711;11.718;11.711;11.717;11040
CNYRUBF;5;20260316;113000;11.718;11.731;11.718;11.73;30918
CNYRUBF;5;20260316;113500;11.73;11.733;11.72;11.723;16228
CNYRUBF;5;20260316;114000;11.722;11.724;11.72;11.724;19244
CNYRUBF;5;20260316;114500;11.724;11.724;11.713;11.717;22870
CNYRUBF;5;20260316;115000;11.717;11.721;11.716;11.718;16520
CNYRUBF;5;20260316;115500;11.718;11.72;11.715;11.719;12788
CNYRUBF;5;20260316;120000;11.719;11.72;11.716;11.717;19968
CNYRUBF;5;20260316;120500;11.718;11.721;11.716;11.719;13944
CNYRUBF;5;20260316;121000;11.719;11.729;11.719;11.728;16033
CNYRUBF;5;20260316;121500;11.729;11.745;11.727;11.743;19059
CNYRUBF;5;20260316;122000;11.744;11.746;11.732;11.732;22147
CNYRUBF;5;20260316;122500;11.733;11.74;11.732;11.74;8077
CNYRUBF;5;20260316;123000;11.739;11.741;11.736;11.739;13269
CNYRUBF;5;20260316;123500;11.739;11.748;11.739;11.747;11421
CNYRUBF;5;20260316;124000;11.745;11.75;11.745;11.75;9416
CNYRUBF;5;20260316;124500;11.75;11.754;11.743;11.745;19010
CNYRUBF;5;20260316;125000;11.745;11.746;11.734;11.741;11351
CNYRUBF;5;20260316;125500;11.741;11.749;11.739;11.739;17686
CNYRUBF;5;20260316;130000;11.74;11.741;11.723;11.724;19962
CNYRUBF;5;20260316;130500;11.723;11.738;11.723;11.738;10140
CNYRUBF;5;20260316;131000;11.738;11.745;11.737;11.743;19284
CNYRUBF;5;20260316;131500;11.744;11.749;11.743;11.748;5250
CNYRUBF;5;20260316;132000;11.748;11.755;11.748;11.751;27180
CNYRUBF;5;20260316;132500;11.752;11.755;11.748;11.751;11032
CNYRUBF;5;20260316;133000;11.752;11.754;11.75;11.754;10530
CNYRUBF;5;20260316;133500;11.754;11.755;11.75;11.751;11734
CNYRUBF;5;20260316;134000;11.751;11.758;11.75;11.757;8791
CNYRUBF;5;20260316;134500;11.757;11.759;11.754;11.759;6548
CNYRUBF;5;20260316;135000;11.758;11.763;11.756;11.762;27491
CNYRUBF;5;20260316;135500;11.763;11.772;11.762;11.766;21661
CNYRUBF;5;20260316;140500;11.766;11.775;11.765;11.775;49989
CNYRUBF;5;20260316;141000;11.775;11.786;11.77;11.771;103900
CNYRUBF;5;20260316;141500;11.77;11.775;11.763;11.763;58327
CNYRUBF;5;20260316;142000;11.765;11.771;11.763;11.768;49358
CNYRUBF;5;20260316;142500;11.768;11.769;11.763;11.766;26964
CNYRUBF;5;20260316;143000;11.766;11.777;11.761;11.775;22173
CNYRUBF;5;20260316;143500;11.777;11.789;11.776;11.785;15853
CNYRUBF;5;20260316;144000;11.785;11.788;11.778;11.782;9308
CNYRUBF;5;20260316;144500;11.782;11.79;11.782;11.788;12636
CNYRUBF;5;20260316;145000;11.789;11.799;11.789;11.797;24098
CNYRUBF;5;20260316;145500;11.798;11.805;11.796;11.804;25956
CNYRUBF;5;20260316;150000;11.804;11.81;11.79;11.793;35213
CNYRUBF;5;20260316;150500;11.793;11.822;11.793;11.821;30131
CNYRUBF;5;20260316;151000;11.821;11.837;11.815;11.827;36967
CNYRUBF;5;20260316;151500;11.827;11.831;11.82;11.82;15820
CNYRUBF;5;20260316;152000;11.82;11.826;11.806;11.813;26220
CNYRUBF;5;20260316;152500;11.813;11.819;11.805;11.818;17113
CNYRUBF;5;20260316;153000;11.818;11.823;11.809;11.821;11099
CNYRUBF;5;20260316;153500;11.822;11.84;11.82;11.829;36871
CNYRUBF;5;20260316;154000;11.83;11.84;11.828;11.839;10116
CNYRUBF;5;20260316;154500;11.839;11.843;11.827;11.829;18017
CNYRUBF;5;20260316;155000;11.83;11.839;11.829;11.833;15371
CNYRUBF;5;20260316;155500;11.832;11.833;11.82;11.829;16161
CNYRUBF;5;20260316;160000;11.83;11.831;11.807;11.81;14741
CNYRUBF;5;20260316;160500;11.81;11.813;11.8;11.8;20831
CNYRUBF;5;20260316;161000;11.801;11.816;11.801;11.815;9389
CNYRUBF;5;20260316;161500;11.815;11.818;11.806;11.818;5578
CNYRUBF;5;20260316;162000;11.818;11.821;11.814;11.819;11150
CNYRUBF;5;20260316;162500;11.819;11.819;11.806;11.809;6213
CNYRUBF;5;20260316;163000;11.809;11.822;11.807;11.815;44471
CNYRUBF;5;20260316;163500;11.815;11.821;11.814;11.815;6834
CNYRUBF;5;20260316;164000;11.816;11.816;11.798;11.798;19630
CNYRUBF;5;20260316;164500;11.799;11.81;11.79;11.799;52108
CNYRUBF;5;20260316;165000;11.8;11.807;11.793;11.793;14787
CNYRUBF;5;20260316;165500;11.795;11.808;11.79;11.808;31267
CNYRUBF;5;20260316;170000;11.807;11.81;11.788;11.791;25836
CNYRUBF;5;20260316;170500;11.792;11.801;11.789;11.798;14410
CNYRUBF;5;20260316;171000;11.798;11.803;11.791;11.794;17067
CNYRUBF;5;20260316;171500;11.794;11.798;11.792;11.793;13795
CNYRUBF;5;20260316;172000;11.793;11.808;11.788;11.793;48204
CNYRUBF;5;20260316;172500;11.794;11.798;11.778;11.779;24977
CNYRUBF;5;20260316;173000;11.781;11.791;11.78;11.788;17995
CNYRUBF;5;20260316;173500;11.79;11.79;11.784;11.787;16083
CNYRUBF;5;20260316;174000;11.788;11.797;11.787;11.796;28553
CNYRUBF;5;20260316;174500;11.797;11.804;11.796;11.797;20474
CNYRUBF;5;20260316;175000;11.799;11.806;11.794;11.806;32896
CNYRUBF;5;20260316;175500;11.806;11.807;11.799;11.801;27257
CNYRUBF;5;20260316;180000;11.801;11.808;11.8;11.802;22384
CNYRUBF;5;20260316;180500;11.802;11.805;11.794;11.799;81547
CNYRUBF;5;20260316;181000;11.799;11.815;11.796;11.814;73112
CNYRUBF;5;20260316;181500;11.816;11.826;11.81;11.819;69566
CNYRUBF;5;20260316;182000;11.82;11.825;11.818;11.82;18413
CNYRUBF;5;20260316;182500;11.82;11.82;11.813;11.819;17864
CNYRUBF;5;20260316;183000;11.819;11.819;11.808;11.817;29815
CNYRUBF;5;20260316;183500;11.818;11.825;11.816;11.821;19193
CNYRUBF;5;20260316;184000;11.821;11.823;11.816;11.821;12363
CNYRUBF;5;20260316;184500;11.822;11.823;11.817;11.821;10554
CNYRUBF;5;20260316;190500;11.821;11.835;11.817;11.835;12319
CNYRUBF;5;20260316;191000;11.835;11.839;11.831;11.835;7485
CNYRUBF;5;20260316;191500;11.834;11.839;11.83;11.837;20781
CNYRUBF;5;20260316;192000;11.837;11.838;11.825;11.837;8443
CNYRUBF;5;20260316;192500;11.837;11.843;11.833;11.843;11182
CNYRUBF;5;20260316;193000;11.843;11.843;11.839;11.839;2992
CNYRUBF;5;20260316;193500;11.839;11.843;11.833;11.843;7582
CNYRUBF;5;20260316;194000;11.843;11.845;11.841;11.844;1985
CNYRUBF;5;20260316;194500;11.842;11.852;11.841;11.851;10833
CNYRUBF;5;20260316;195000;11.851;11.859;11.845;11.849;14407
CNYRUBF;5;20260316;195500;11.849;11.851;11.844;11.851;3631
CNYRUBF;5;20260316;200000;11.85;11.851;11.848;11.849;2281
CNYRUBF;5;20260316;200500;11.849;11.849;11.841;11.846;4207
CNYRUBF;5;20260316;201000;11.846;11.847;11.841;11.842;2446
CNYRUBF;5;20260316;201500;11.842;11.847;11.84;11.847;1499
CNYRUBF;5;20260316;202000;11.847;11.859;11.844;11.859;7535
CNYRUBF;5;20260316;202500;11.859;11.864;11.859;11.862;3810
CNYRUBF;5;20260316;203000;11.862;11.865;11.861;11.863;2268
CNYRUBF;5;20260316;203500;11.862;11.865;11.853;11.855;2857
CNYRUBF;5;20260316;204000;11.855;11.855;11.845;11.849;4137
CNYRUBF;5;20260316;204500;11.851;11.851;11.847;11.848;382
CNYRUBF;5;20260316;205000;11.848;11.848;11.831;11.839;13940
CNYRUBF;5;20260316;205500;11.837;11.845;11.836;11.841;1816
CNYRUBF;5;20260316;210000;11.841;11.853;11.841;11.853;1058
CNYRUBF;5;20260316;210500;11.852;11.852;11.845;11.85;2037
CNYRUBF;5;20260316;211000;11.85;11.852;11.848;11.848;1703
CNYRUBF;5;20260316;211500;11.85;11.85;11.848;11.85;1497
CNYRUBF;5;20260316;212000;11.85;11.85;11.848;11.85;1411
CNYRUBF;5;20260316;212500;11.85;11.852;11.848;11.851;3909
CNYRUBF;5;20260316;213000;11.85;11.85;11.847;11.849;2759
CNYRUBF;5;20260316;213500;11.85;11.853;11.849;11.851;902
CNYRUBF;5;20260316;214000;11.851;11.851;11.843;11.843;1823
CNYRUBF;5;20260316;214500;11.844;11.845;11.838;11.838;5295
CNYRUBF;5;20260316;215000;11.84;11.84;11.835;11.84;1982
CNYRUBF;5;20260316;215500;11.841;11.844;11.841;11.844;512
CNYRUBF;5;20260316;220000;11.843;11.843;11.84;11.841;452
CNYRUBF;5;20260316;220500;11.841;11.841;11.833;11.836;2479
CNYRUBF;5;20260316;221000;11.836;11.845;11.835;11.844;1153
CNYRUBF;5;20260316;221500;11.845;11.848;11.843;11.847;2688
CNYRUBF;5;20260316;222000;11.844;11.85;11.844;11.849;1746
CNYRUBF;5;20260316;222500;11.848;11.851;11.847;11.851;936
CNYRUBF;5;20260316;223000;11.852;11.855;11.852;11.853;1255
CNYRUBF;5;20260316;223500;11.854;11.854;11.85;11.853;1405
CNYRUBF;5;20260316;224000;11.851;11.853;11.849;11.849;733
CNYRUBF;5;20260316;224500;11.85;11.85;11.845;11.85;3064
CNYRUBF;5;20260316;225000;11.848;11.848;11.842;11.843;1884
CNYRUBF;5;20260316;225500;11.844;11.848;11.844;11.848;2311
CNYRUBF;5;20260316;230000;11.848;11.848;11.847;11.847;391
CNYRUBF;5;20260316;230500;11.847;11.848;11.846;11.848;634
CNYRUBF;5;20260316;231000;11.848;11.854;11.847;11.853;1006
CNYRUBF;5;20260316;231500;11.855;11.859;11.853;11.857;1000
CNYRUBF;5;20260316;232000;11.853;11.857;11.848;11.848;2174
CNYRUBF;5;20260316;232500;11.849;11.85;11.841;11.841;1225
CNYRUBF;5;20260316;233000;11.84;11.847;11.839;11.845;2315
CNYRUBF;5;20260316;233500;11.845;11.846;11.842;11.842;2020
CNYRUBF;5;20260316;234000;11.842;11.844;11.841;11.844;597
CNYRUBF;5;20260316;234500;11.844;11.85;11.843;11.85;2556
CNYRUBF;5;20260317;085500;11.846;11.846;11.846;11.846;730
CNYRUBF;5;20260317;090000;11.846;11.857;11.838;11.857;45891
CNYRUBF;5;20260317;090500;11.856;11.859;11.849;11.85;7982
CNYRUBF;5;20260317;091000;11.851;11.857;11.851;11.856;2222
CNYRUBF;5;20260317;091500;11.857;11.86;11.854;11.854;7106
CNYRUBF;5;20260317;092000;11.855;11.858;11.852;11.853;7084
CNYRUBF;5;20260317;092500;11.854;11.856;11.842;11.842;3481
CNYRUBF;5;20260317;093000;11.843;11.847;11.834;11.838;14378
CNYRUBF;5;20260317;093500;11.838;11.841;11.831;11.832;15784
CNYRUBF;5;20260317;094000;11.832;11.839;11.82;11.838;21003
CNYRUBF;5;20260317;094500;11.838;11.838;11.833;11.835;3516
CNYRUBF;5;20260317;095000;11.835;11.838;11.821;11.826;10581
CNYRUBF;5;20260317;095500;11.826;11.832;11.821;11.826;19443
CNYRUBF;5;20260317;100000;11.826;11.852;11.823;11.842;124354
CNYRUBF;5;20260317;100500;11.839;11.89;11.834;11.88;89719
CNYRUBF;5;20260317;101000;11.88;11.892;11.839;11.85;204779
CNYRUBF;5;20260317;101500;11.85;11.861;11.827;11.839;174409
CNYRUBF;5;20260317;102000;11.841;11.848;11.799;11.808;190171
CNYRUBF;5;20260317;102500;11.808;11.838;11.801;11.832;171347
CNYRUBF;5;20260317;103000;11.832;11.847;11.829;11.838;76878
CNYRUBF;5;20260317;103500;11.837;11.844;11.833;11.834;34497
CNYRUBF;5;20260317;104000;11.834;11.845;11.833;11.845;16707
CNYRUBF;5;20260317;104500;11.844;11.86;11.844;11.849;50639
CNYRUBF;5;20260317;105000;11.849;11.869;11.848;11.865;39655
CNYRUBF;5;20260317;105500;11.865;11.881;11.864;11.874;58026
CNYRUBF;5;20260317;110000;11.874;11.877;11.869;11.872;42543
CNYRUBF;5;20260317;110500;11.872;11.877;11.856;11.866;46461
CNYRUBF;5;20260317;111000;11.865;11.879;11.862;11.87;35684
CNYRUBF;5;20260317;111500;11.87;11.877;11.864;11.864;22638
CNYRUBF;5;20260317;112000;11.864;11.874;11.864;11.871;13407
CNYRUBF;5;20260317;112500;11.869;11.875;11.867;11.869;10143
CNYRUBF;5;20260317;113000;11.869;11.887;11.865;11.884;41426
CNYRUBF;5;20260317;113500;11.884;11.898;11.878;11.888;100577
CNYRUBF;5;20260317;114000;11.888;11.894;11.882;11.892;37024
CNYRUBF;5;20260317;114500;11.893;11.915;11.889;11.899;161015
CNYRUBF;5;20260317;115000;11.897;11.905;11.89;11.903;55739
CNYRUBF;5;20260317;115500;11.903;11.905;11.893;11.895;25421
CNYRUBF;5;20260317;120000;11.895;11.91;11.894;11.901;26780
CNYRUBF;5;20260317;120500;11.9;11.918;11.9;11.909;31512
CNYRUBF;5;20260317;121000;11.907;11.919;11.906;11.917;28555
CNYRUBF;5;20260317;121500;11.917;11.922;11.906;11.906;69140
CNYRUBF;5;20260317;122000;11.907;11.908;11.887;11.893;50196
CNYRUBF;5;20260317;122500;11.893;11.898;11.882;11.896;46174
CNYRUBF;5;20260317;123000;11.896;11.903;11.895;11.902;17333
CNYRUBF;5;20260317;123500;11.902;11.904;11.891;11.895;20245
CNYRUBF;5;20260317;124000;11.893;11.9;11.893;11.897;29373
CNYRUBF;5;20260317;124500;11.897;11.897;11.885;11.89;39083
CNYRUBF;5;20260317;125000;11.89;11.893;11.879;11.884;30227
CNYRUBF;5;20260317;125500;11.884;11.89;11.879;11.886;68759
CNYRUBF;5;20260317;130000;11.886;11.89;11.884;11.886;14605
CNYRUBF;5;20260317;130500;11.886;11.9;11.885;11.893;56620
CNYRUBF;5;20260317;131000;11.894;11.895;11.887;11.894;23101
CNYRUBF;5;20260317;131500;11.893;11.904;11.893;11.904;13712
CNYRUBF;5;20260317;132000;11.904;11.906;11.899;11.906;11004
CNYRUBF;5;20260317;132500;11.907;11.914;11.903;11.908;27725
CNYRUBF;5;20260317;133000;11.907;11.912;11.898;11.904;21653
CNYRUBF;5;20260317;133500;11.904;11.905;11.903;11.905;10364
CNYRUBF;5;20260317;134000;11.905;11.905;11.898;11.904;15161
CNYRUBF;5;20260317;134500;11.903;11.905;11.903;11.905;1312
CNYRUBF;5;20260317;135000;11.905;11.91;11.904;11.907;8658
CNYRUBF;5;20260317;135500;11.908;11.911;11.907;11.909;6635
CNYRUBF;5;20260317;140500;11.908;11.916;11.908;11.913;13508
CNYRUBF;5;20260317;141000;11.913;11.922;11.908;11.921;31116
CNYRUBF;5;20260317;141500;11.922;11.926;11.917;11.921;27882
CNYRUBF;5;20260317;142000;11.921;11.924;11.913;11.915;16430
CNYRUBF;5;20260317;142500;11.915;11.916;11.905;11.905;9271
CNYRUBF;5;20260317;143000;11.905;11.91;11.898;11.902;12087
CNYRUBF;5;20260317;143500;11.904;11.906;11.896;11.903;13402
CNYRUBF;5;20260317;144000;11.903;11.91;11.9;11.905;11972
CNYRUBF;5;20260317;144500;11.905;11.906;11.894;11.896;21848
CNYRUBF;5;20260317;145000;11.895;11.904;11.895;11.902;9932
CNYRUBF;5;20260317;145500;11.901;11.918;11.901;11.914;18931
CNYRUBF;5;20260317;150000;11.915;11.916;11.912;11.914;9631
CNYRUBF;5;20260317;150500;11.915;11.916;11.911;11.914;6306
CNYRUBF;5;20260317;151000;11.915;11.916;11.911;11.913;7888
CNYRUBF;5;20260317;151500;11.913;11.915;11.909;11.914;4798
CNYRUBF;5;20260317;152000;11.915;11.921;11.912;11.921;23618
CNYRUBF;5;20260317;152500;11.921;11.942;11.921;11.941;48787
CNYRUBF;5;20260317;153000;11.942;11.95;11.941;11.95;55753
CNYRUBF;5;20260317;153500;11.95;11.96;11.948;11.96;66661
CNYRUBF;5;20260317;154000;11.96;11.968;11.957;11.965;69789
CNYRUBF;5;20260317;154500;11.965;11.97;11.954;11.964;67887
CNYRUBF;5;20260317;155000;11.964;11.969;11.959;11.966;43199
CNYRUBF;5;20260317;155500;11.966;11.97;11.96;11.968;65649
CNYRUBF;5;20260317;160000;11.969;11.972;11.957;11.97;55878
CNYRUBF;5;20260317;160500;11.97;11.973;11.961;11.967;27540
CNYRUBF;5;20260317;161000;11.968;11.982;11.968;11.98;45176
CNYRUBF;5;20260317;161500;11.98;11.98;11.969;11.971;54578
CNYRUBF;5;20260317;162000;11.971;11.972;11.956;11.971;45932
CNYRUBF;5;20260317;162500;11.971;11.974;11.968;11.969;39420
CNYRUBF;5;20260317;163000;11.971;11.971;11.961;11.961;21025
CNYRUBF;5;20260317;163500;11.963;11.986;11.963;11.979;34066
CNYRUBF;5;20260317;164000;11.979;11.982;11.973;11.973;36860
CNYRUBF;5;20260317;164500;11.975;11.975;11.96;11.96;17424
CNYRUBF;5;20260317;165000;11.962;11.966;11.957;11.959;8888
CNYRUBF;5;20260317;165500;11.958;11.976;11.957;11.971;19480
CNYRUBF;5;20260317;170000;11.971;11.973;11.966;11.966;11506
CNYRUBF;5;20260317;170500;11.967;11.968;11.958;11.964;15753
CNYRUBF;5;20260317;171000;11.964;11.97;11.962;11.97;19199
CNYRUBF;5;20260317;171500;11.97;11.973;11.968;11.969;15285
CNYRUBF;5;20260317;172000;11.971;11.973;11.968;11.972;4024
CNYRUBF;5;20260317;172500;11.973;11.982;11.963;11.981;26005
CNYRUBF;5;20260317;173000;11.981;11.987;11.974;11.975;22016
CNYRUBF;5;20260317;173500;11.976;11.99;11.976;11.989;14623
CNYRUBF;5;20260317;174000;11.989;11.99;11.98;11.982;34032
CNYRUBF;5;20260317;174500;11.982;11.997;11.975;11.997;71704
CNYRUBF;5;20260317;175000;11.997;11.997;11.991;11.995;22196
CNYRUBF;5;20260317;175500;11.995;11.995;11.979;11.98;33522
CNYRUBF;5;20260317;180000;11.981;11.989;11.977;11.978;16812
CNYRUBF;5;20260317;180500;11.979;11.995;11.976;11.995;24106
CNYRUBF;5;20260317;181000;11.993;12.004;11.989;12.002;57391
CNYRUBF;5;20260317;181500;12.003;12.012;11.996;11.999;46466
CNYRUBF;5;20260317;182000;12.001;12.017;12;12.013;35608
CNYRUBF;5;20260317;182500;12.014;12.016;12.007;12.013;26110
CNYRUBF;5;20260317;183000;12.011;12.016;12.01;12.015;11696
CNYRUBF;5;20260317;183500;12.015;12.015;12;12.002;15652
CNYRUBF;5;20260317;184000;12.005;12.016;12.002;12.015;6949
CNYRUBF;5;20260317;184500;12.016;12.02;12.012;12.014;22090
CNYRUBF;5;20260317;190500;12.018;12.023;12.01;12.019;19315
CNYRUBF;5;20260317;191000;12.02;12.026;12.017;12.017;6580
CNYRUBF;5;20260317;191500;12.02;12.022;12.013;12.013;5716
CNYRUBF;5;20260317;192000;12.014;12.015;12.003;12.003;8602
CNYRUBF;5;20260317;192500;12.005;12.006;11.996;12.001;8643
CNYRUBF;5;20260317;193000;11.999;12.017;11.998;12.017;3641
CNYRUBF;5;20260317;193500;12.018;12.018;12.003;12.006;4814
CNYRUBF;5;20260317;194000;12.006;12.008;12.001;12.002;7434
CNYRUBF;5;20260317;194500;12.002;12.003;11.997;12;4172
CNYRUBF;5;20260317;195000;12;12.005;11.997;11.999;3007
CNYRUBF;5;20260317;195500;12.001;12.005;11.999;12.002;19962
CNYRUBF;5;20260317;200000;12.005;12.005;12.001;12.003;1044
CNYRUBF;5;20260317;200500;12.003;12.005;12;12;2534
CNYRUBF;5;20260317;201000;12;12.004;12;12.004;1629
CNYRUBF;5;20260317;201500;12.005;12.007;12.004;12.005;1977
CNYRUBF;5;20260317;202000;12.006;12.007;12.003;12.005;2773
CNYRUBF;5;20260317;202500;12.004;12.004;11.998;12;10625
CNYRUBF;5;20260317;203000;12;12;11.998;11.999;954
CNYRUBF;5;20260317;203500;11.998;11.999;11.997;11.997;769
CNYRUBF;5;20260317;204000;11.998;12.004;11.998;12;3699
CNYRUBF;5;20260317;204500;12;12;11.997;11.999;2201
CNYRUBF;5;20260317;205000;11.999;11.999;11.99;11.995;13634
CNYRUBF;5;20260317;205500;11.995;11.996;11.985;11.988;17479
CNYRUBF;5;20260317;210000;11.986;11.991;11.985;11.991;4234
CNYRUBF;5;20260317;210500;11.99;11.991;11.986;11.99;1995
CNYRUBF;5;20260317;211000;11.99;11.99;11.986;11.986;1429
CNYRUBF;5;20260317;211500;11.987;11.991;11.986;11.991;1003
CNYRUBF;5;20260317;212000;11.99;11.997;11.99;11.997;2140
CNYRUBF;5;20260317;212500;11.997;12;11.997;11.998;2055
CNYRUBF;5;20260317;213000;11.999;11.999;11.997;11.999;1520
CNYRUBF;5;20260317;213500;11.999;12.001;11.997;12.001;5814
CNYRUBF;5;20260317;214000;12.001;12.003;12;12;10700
CNYRUBF;5;20260317;214500;12.003;12.003;12;12.003;617
CNYRUBF;5;20260317;215000;12.003;12.004;12;12.001;7142
CNYRUBF;5;20260317;215500;12;12.002;12;12.001;7354
CNYRUBF;5;20260317;220000;12.001;12.002;12;12;832
CNYRUBF;5;20260317;220500;12;12;11.992;11.992;5815
CNYRUBF;5;20260317;221000;11.992;11.996;11.992;11.996;1741
CNYRUBF;5;20260317;221500;11.996;11.996;11.995;11.996;567
CNYRUBF;5;20260317;222000;11.995;11.996;11.987;11.993;4853
CNYRUBF;5;20260317;222500;11.993;11.995;11.989;11.995;5725
CNYRUBF;5;20260317;223000;11.995;11.995;11.99;11.993;1689
CNYRUBF;5;20260317;223500;11.993;11.993;11.991;11.993;1649
CNYRUBF;5;20260317;224000;11.992;11.996;11.992;11.996;3535
CNYRUBF;5;20260317;224500;11.994;11.998;11.994;11.997;414
CNYRUBF;5;20260317;225000;11.998;11.998;11.996;11.998;108
CNYRUBF;5;20260317;225500;11.997;11.998;11.996;11.998;1007
CNYRUBF;5;20260317;230000;11.997;11.998;11.993;11.994;1046
CNYRUBF;5;20260317;230500;11.994;11.999;11.994;11.996;1221
CNYRUBF;5;20260317;231000;11.998;11.999;11.995;11.999;1311
CNYRUBF;5;20260317;231500;11.998;11.998;11.997;11.997;506
CNYRUBF;5;20260317;232000;11.996;11.999;11.995;11.998;1039
CNYRUBF;5;20260317;232500;11.998;12.001;11.996;11.996;1839
CNYRUBF;5;20260317;233000;11.996;11.999;11.995;11.998;1309
CNYRUBF;5;20260317;233500;11.998;11.998;11.995;11.995;1009
CNYRUBF;5;20260317;234000;11.996;11.997;11.995;11.995;864
CNYRUBF;5;20260317;234500;11.995;12;11.995;11.995;1080
CNYRUBF;5;20260318;085500;12;12;12;12;295
CNYRUBF;5;20260318;090000;12.001;12.029;12;12.026;21848
CNYRUBF;5;20260318;090500;12.028;12.028;12.016;12.024;12873
CNYRUBF;5;20260318;091000;12.026;12.044;12.025;12.043;23274
CNYRUBF;5;20260318;091500;12.044;12.046;12.025;12.025;16539
CNYRUBF;5;20260318;092000;12.025;12.039;12.025;12.037;4634
CNYRUBF;5;20260318;092500;12.036;12.038;12.021;12.022;4896
CNYRUBF;5;20260318;093000;12.022;12.029;12.021;12.028;5034
CNYRUBF;5;20260318;093500;12.026;12.03;12.022;12.022;7091
CNYRUBF;5;20260318;094000;12.025;12.029;12.022;12.029;6721
CNYRUBF;5;20260318;094500;12.029;12.044;12.028;12.04;17493
CNYRUBF;5;20260318;095000;12.04;12.045;12.035;12.036;15266
CNYRUBF;5;20260318;095500;12.04;12.04;12.034;12.038;10201
CNYRUBF;5;20260318;100000;12.035;12.055;12.031;12.04;113994
CNYRUBF;5;20260318;100500;12.04;12.07;12.039;12.07;111938
CNYRUBF;5;20260318;101000;12.07;12.117;12.069;12.1;227777
CNYRUBF;5;20260318;101500;12.099;12.161;12.099;12.134;240263
CNYRUBF;5;20260318;102000;12.133;12.14;12.126;12.128;116615
CNYRUBF;5;20260318;102500;12.127;12.128;12.105;12.118;125183
CNYRUBF;5;20260318;103000;12.118;12.137;12.115;12.136;73955
CNYRUBF;5;20260318;103500;12.136;12.143;12.126;12.126;48744
CNYRUBF;5;20260318;104000;12.126;12.131;12.121;12.125;54035
CNYRUBF;5;20260318;104500;12.124;12.13;12.122;12.13;46717
CNYRUBF;5;20260318;105000;12.13;12.14;12.124;12.131;55989
CNYRUBF;5;20260318;105500;12.13;12.133;12.122;12.124;44196
CNYRUBF;5;20260318;110000;12.124;12.13;12.122;12.124;73157
CNYRUBF;5;20260318;110500;12.123;12.127;12.087;12.095;131249
CNYRUBF;5;20260318;111000;12.094;12.101;12.077;12.101;96009
CNYRUBF;5;20260318;111500;12.1;12.124;12.1;12.114;119327
CNYRUBF;5;20260318;112000;12.114;12.119;12.101;12.115;213155
CNYRUBF;5;20260318;112500;12.114;12.126;12.104;12.123;53433
CNYRUBF;5;20260318;113000;12.123;12.134;12.12;12.126;26483
CNYRUBF;5;20260318;113500;12.125;12.125;12.08;12.08;47929
CNYRUBF;5;20260318;114000;12.08;12.096;12.073;12.085;78187
CNYRUBF;5;20260318;114500;12.085;12.097;12.083;12.089;36221
CNYRUBF;5;20260318;115000;12.09;12.106;12.089;12.098;19761
CNYRUBF;5;20260318;115500;12.099;12.112;12.097;12.112;30419
CNYRUBF;5;20260318;120000;12.111;12.112;12.088;12.09;58905
CNYRUBF;5;20260318;120500;12.09;12.098;12.083;12.085;19701
CNYRUBF;5;20260318;121000;12.085;12.088;12.079;12.084;10355
CNYRUBF;5;20260318;121500;12.083;12.091;12.072;12.083;85821
CNYRUBF;5;20260318;122000;12.081;12.09;12.079;12.09;22533
CNYRUBF;5;20260318;122500;12.09;12.102;12.084;12.1;45135
CNYRUBF;5;20260318;123000;12.1;12.107;12.092;12.094;38568
CNYRUBF;5;20260318;123500;12.094;12.098;12.085;12.088;21403
CNYRUBF;5;20260318;124000;12.089;12.093;12.087;12.09;17689
CNYRUBF;5;20260318;124500;12.091;12.094;12.075;12.075;10154
CNYRUBF;5;20260318;125000;12.075;12.094;12.072;12.088;39082
CNYRUBF;5;20260318;125500;12.088;12.089;12.08;12.084;29119
CNYRUBF;5;20260318;130000;12.084;12.088;12.078;12.078;17784
CNYRUBF;5;20260318;130500;12.078;12.078;12.061;12.067;63590
CNYRUBF;5;20260318;131000;12.068;12.078;12.068;12.074;27886
CNYRUBF;5;20260318;131500;12.074;12.075;12.068;12.073;24312
CNYRUBF;5;20260318;132000;12.073;12.077;12.066;12.066;12992
CNYRUBF;5;20260318;132500;12.067;12.073;12.062;12.063;12682
CNYRUBF;5;20260318;133000;12.063;12.065;12.036;12.04;98784
CNYRUBF;5;20260318;133500;12.04;12.057;12.021;12.053;107722
CNYRUBF;5;20260318;134000;12.051;12.078;12.047;12.068;68473
CNYRUBF;5;20260318;134500;12.068;12.078;12.068;12.072;39455
CNYRUBF;5;20260318;135000;12.073;12.094;12.073;12.093;90136
CNYRUBF;5;20260318;135500;12.092;12.123;12.079;12.118;142178
CNYRUBF;5;20260318;140500;12.121;12.128;12.112;12.115;46031
CNYRUBF;5;20260318;141000;12.115;12.115;12.094;12.101;42955
CNYRUBF;5;20260318;141500;12.101;12.121;12.101;12.113;22499
CNYRUBF;5;20260318;142000;12.114;12.116;12.102;12.107;14659
CNYRUBF;5;20260318;142500;12.106;12.113;12.101;12.104;11831
CNYRUBF;5;20260318;143000;12.104;12.116;12.099;12.116;16418
CNYRUBF;5;20260318;143500;12.115;12.127;12.115;12.122;21965
CNYRUBF;5;20260318;144000;12.121;12.134;12.121;12.128;61553
CNYRUBF;5;20260318;144500;12.129;12.132;12.123;12.132;27760
CNYRUBF;5;20260318;145000;12.132;12.146;12.132;12.146;31711
CNYRUBF;5;20260318;145500;12.146;12.159;12.143;12.154;57127
CNYRUBF;5;20260318;150000;12.153;12.175;12.153;12.163;103573
CNYRUBF;5;20260318;150500;12.162;12.182;12.162;12.179;52021
CNYRUBF;5;20260318;151000;12.179;12.18;12.16;12.16;35917
CNYRUBF;5;20260318;151500;12.16;12.178;12.16;12.177;36373
CNYRUBF;5;20260318;152000;12.177;12.185;12.171;12.175;47929
CNYRUBF;5;20260318;152500;12.175;12.175;12.15;12.152;74393
CNYRUBF;5;20260318;153000;12.153;12.172;12.152;12.17;57824
CNYRUBF;5;20260318;153500;12.17;12.17;12.153;12.156;30419
CNYRUBF;5;20260318;154000;12.158;12.163;12.143;12.145;35309
CNYRUBF;5;20260318;154500;12.144;12.157;12.144;12.156;15579
CNYRUBF;5;20260318;155000;12.155;12.161;12.155;12.159;7900
CNYRUBF;5;20260318;155500;12.158;12.17;12.157;12.162;50694
CNYRUBF;5;20260318;160000;12.163;12.171;12.161;12.162;26509
CNYRUBF;5;20260318;160500;12.162;12.163;12.151;12.153;16681
CNYRUBF;5;20260318;161000;12.152;12.162;12.152;12.161;11385
CNYRUBF;5;20260318;161500;12.162;12.175;12.162;12.173;38260
CNYRUBF;5;20260318;162000;12.171;12.173;12.165;12.17;19659
CNYRUBF;5;20260318;162500;12.169;12.171;12.163;12.169;14204
CNYRUBF;5;20260318;163000;12.17;12.179;12.169;12.17;19207
CNYRUBF;5;20260318;163500;12.171;12.18;12.17;12.18;9301
CNYRUBF;5;20260318;164000;12.18;12.19;12.178;12.18;55550
CNYRUBF;5;20260318;164500;12.18;12.181;12.176;12.179;9163
CNYRUBF;5;20260318;165000;12.178;12.193;12.177;12.188;39110
CNYRUBF;5;20260318;165500;12.189;12.189;12.156;12.166;43865
CNYRUBF;5;20260318;170000;12.166;12.167;12.153;12.158;29210
CNYRUBF;5;20260318;170500;12.156;12.163;12.155;12.159;15177
CNYRUBF;5;20260318;171000;12.16;12.165;12.153;12.164;22089
CNYRUBF;5;20260318;171500;12.164;12.177;12.16;12.177;23811
CNYRUBF;5;20260318;172000;12.176;12.185;12.172;12.179;24251
CNYRUBF;5;20260318;172500;12.18;12.181;12.171;12.173;17566
CNYRUBF;5;20260318;173000;12.172;12.177;12.17;12.172;15222
CNYRUBF;5;20260318;173500;12.172;12.176;12.166;12.169;31245
CNYRUBF;5;20260318;174000;12.168;12.17;12.161;12.169;19601
CNYRUBF;5;20260318;174500;12.17;12.182;12.17;12.178;19449
CNYRUBF;5;20260318;175000;12.178;12.18;12.17;12.177;24904
CNYRUBF;5;20260318;175500;12.177;12.178;12.163;12.166;14084
CNYRUBF;5;20260318;180000;12.166;12.168;12.152;12.156;31366
CNYRUBF;5;20260318;180500;12.155;12.16;12.148;12.154;50150
CNYRUBF;5;20260318;181000;12.154;12.157;12.149;12.155;27046
CNYRUBF;5;20260318;181500;12.155;12.163;12.153;12.155;20307
CNYRUBF;5;20260318;182000;12.155;12.166;12.155;12.163;6051
CNYRUBF;5;20260318;182500;12.164;12.168;12.161;12.165;4672
CNYRUBF;5;20260318;183000;12.164;12.168;12.163;12.163;7406
CNYRUBF;5;20260318;183500;12.162;12.163;12.158;12.161;15310
CNYRUBF;5;20260318;184000;12.161;12.165;12.157;12.164;4441
CNYRUBF;5;20260318;184500;12.163;12.168;12.163;12.167;10459
CNYRUBF;5;20260318;190500;12.169;12.186;12.159;12.167;23397
CNYRUBF;5;20260318;191000;12.168;12.174;12.168;12.174;14338
CNYRUBF;5;20260318;191500;12.174;12.174;12.166;12.169;8588
CNYRUBF;5;20260318;192000;12.167;12.169;12.164;12.167;3747
CNYRUBF;5;20260318;192500;12.167;12.167;12.164;12.166;2283
CNYRUBF;5;20260318;193000;12.166;12.168;12.162;12.164;2661
CNYRUBF;5;20260318;193500;12.165;12.167;12.16;12.161;5397
CNYRUBF;5;20260318;194000;12.161;12.164;12.158;12.16;5496
CNYRUBF;5;20260318;194500;12.16;12.163;12.159;12.161;2268
CNYRUBF;5;20260318;195000;12.161;12.162;12.153;12.157;5408
CNYRUBF;5;20260318;195500;12.157;12.157;12.143;12.149;14870
CNYRUBF;5;20260318;200000;12.148;12.152;12.136;12.138;15639
CNYRUBF;5;20260318;200500;12.138;12.15;12.138;12.149;4005
CNYRUBF;5;20260318;201000;12.147;12.151;12.142;12.142;4808
CNYRUBF;5;20260318;201500;12.142;12.145;12.141;12.144;2413
CNYRUBF;5;20260318;202000;12.142;12.144;12.135;12.138;6429
CNYRUBF;5;20260318;202500;12.136;12.142;12.132;12.142;7741
CNYRUBF;5;20260318;203000;12.14;12.143;12.139;12.141;2863
CNYRUBF;5;20260318;203500;12.141;12.143;12.137;12.141;6740
CNYRUBF;5;20260318;204000;12.142;12.149;12.141;12.147;8687
CNYRUBF;5;20260318;204500;12.146;12.147;12.144;12.146;3536
CNYRUBF;5;20260318;205000;12.146;12.15;12.145;12.149;2257
CNYRUBF;5;20260318;205500;12.149;12.15;12.132;12.138;12713
CNYRUBF;5;20260318;210000;12.136;12.14;12.127;12.138;21815
CNYRUBF;5;20260318;210500;12.138;12.142;12.133;12.139;4976
CNYRUBF;5;20260318;211000;12.138;12.142;12.138;12.141;2846
CNYRUBF;5;20260318;211500;12.141;12.146;12.139;12.144;2075
CNYRUBF;5;20260318;212000;12.144;12.147;12.143;12.145;2285
CNYRUBF;5;20260318;212500;12.145;12.15;12.145;12.146;3621
CNYRUBF;5;20260318;213000;12.149;12.149;12.147;12.147;514
CNYRUBF;5;20260318;213500;12.148;12.155;12.148;12.148;5845
CNYRUBF;5;20260318;214000;12.148;12.152;12.148;12.152;682
CNYRUBF;5;20260318;214500;12.152;12.152;12.149;12.15;4076
CNYRUBF;5;20260318;215000;12.15;12.154;12.15;12.152;888
CNYRUBF;5;20260318;215500;12.153;12.155;12.15;12.151;2931
CNYRUBF;5;20260318;220000;12.152;12.154;12.151;12.151;1031
CNYRUBF;5;20260318;220500;12.151;12.152;12.149;12.151;1801
CNYRUBF;5;20260318;221000;12.15;12.155;12.148;12.155;4998
CNYRUBF;5;20260318;221500;12.154;12.163;12.15;12.15;5641
CNYRUBF;5;20260318;222000;12.15;12.153;12.148;12.148;1891
CNYRUBF;5;20260318;222500;12.152;12.163;12.15;12.156;3920
CNYRUBF;5;20260318;223000;12.152;12.155;12.15;12.153;1332
CNYRUBF;5;20260318;223500;12.152;12.154;12.15;12.15;75
CNYRUBF;5;20260318;224000;12.151;12.161;12.151;12.158;2929
CNYRUBF;5;20260318;224500;12.157;12.16;12.155;12.156;1095
CNYRUBF;5;20260318;225000;12.156;12.16;12.156;12.16;1072
CNYRUBF;5;20260318;225500;12.16;12.163;12.157;12.157;2213
CNYRUBF;5;20260318;230000;12.157;12.161;12.156;12.161;3548
CNYRUBF;5;20260318;230500;12.161;12.162;12.158;12.162;746
CNYRUBF;5;20260318;231000;12.162;12.162;12.159;12.161;495
CNYRUBF;5;20260318;231500;12.162;12.162;12.16;12.161;839
CNYRUBF;5;20260318;232000;12.161;12.161;12.159;12.159;1951
CNYRUBF;5;20260318;232500;12.161;12.164;12.157;12.162;4710
CNYRUBF;5;20260318;233000;12.16;12.162;12.154;12.156;6159
CNYRUBF;5;20260318;233500;12.156;12.162;12.155;12.155;10679
CNYRUBF;5;20260318;234000;12.158;12.158;12.153;12.155;2581
CNYRUBF;5;20260318;234500;12.154;12.164;12.154;12.164;4168
CNYRUBF;5;20260319;085500;12.164;12.164;12.164;12.164;138
CNYRUBF;5;20260319;090000;12.165;12.186;12.164;12.185;22715
CNYRUBF;5;20260319;090500;12.186;12.225;12.18;12.207;57038
CNYRUBF;5;20260319;091000;12.21;12.213;12.183;12.187;24325
CNYRUBF;5;20260319;091500;12.188;12.194;12.186;12.194;8568
CNYRUBF;5;20260319;092000;12.193;12.21;12.193;12.204;19362
CNYRUBF;5;20260319;092500;12.202;12.204;12.189;12.191;13253
CNYRUBF;5;20260319;093000;12.192;12.194;12.181;12.188;17297
CNYRUBF;5;20260319;093500;12.187;12.19;12.181;12.185;5826
CNYRUBF;5;20260319;094000;12.186;12.193;12.181;12.187;7430
CNYRUBF;5;20260319;094500;12.189;12.199;12.177;12.183;26003
CNYRUBF;5;20260319;095000;12.182;12.182;12.166;12.169;24538
CNYRUBF;5;20260319;095500;12.173;12.181;12.17;12.174;21031
CNYRUBF;5;20260319;100000;12.175;12.241;12.174;12.237;196181
CNYRUBF;5;20260319;100500;12.237;12.26;12.231;12.239;124126
CNYRUBF;5;20260319;101000;12.239;12.26;12.235;12.248;107920
CNYRUBF;5;20260319;101500;12.247;12.254;12.221;12.225;86342
CNYRUBF;5;20260319;102000;12.226;12.234;12.201;12.225;82212
CNYRUBF;5;20260319;102500;12.225;12.253;12.217;12.246;99490
CNYRUBF;5;20260319;103000;12.245;12.255;12.225;12.24;63451
CNYRUBF;5;20260319;103500;12.24;12.244;12.234;12.242;32274
CNYRUBF;5;20260319;104000;12.243;12.252;12.237;12.252;46603
CNYRUBF;5;20260319;104500;12.252;12.256;12.237;12.254;61750
CNYRUBF;5;20260319;105000;12.255;12.273;12.251;12.266;49146
CNYRUBF;5;20260319;105500;12.265;12.277;12.264;12.272;73206
CNYRUBF;5;20260319;110000;12.273;12.293;12.271;12.282;93691
CNYRUBF;5;20260319;110500;12.282;12.307;12.281;12.306;108514
CNYRUBF;5;20260319;111000;12.306;12.323;12.301;12.301;148312
CNYRUBF;5;20260319;111500;12.301;12.324;12.298;12.315;156823
CNYRUBF;5;20260319;112000;12.313;12.33;12.313;12.323;81746
CNYRUBF;5;20260319;112500;12.322;12.322;12.31;12.316;129027
CNYRUBF;5;20260319;113000;12.316;12.332;12.315;12.328;123848
CNYRUBF;5;20260319;113500;12.328;12.329;12.317;12.328;78942
CNYRUBF;5;20260319;114000;12.329;12.342;12.321;12.33;98515
CNYRUBF;5;20260319;114500;12.331;12.359;12.33;12.35;102185
CNYRUBF;5;20260319;115000;12.35;12.397;12.349;12.382;227557
CNYRUBF;5;20260319;115500;12.381;12.458;12.362;12.388;294713
CNYRUBF;5;20260319;120000;12.39;12.495;12.37;12.467;381739
CNYRUBF;5;20260319;120500;12.465;12.49;12.433;12.453;234523
CNYRUBF;5;20260319;121000;12.454;12.454;12.353;12.363;313004
CNYRUBF;5;20260319;121500;12.36;12.392;12.264;12.308;526518
CNYRUBF;5;20260319;122000;12.303;12.348;12.278;12.345;475809
CNYRUBF;5;20260319;122500;12.345;12.367;12.321;12.339;318453
CNYRUBF;5;20260319;123000;12.34;12.354;12.292;12.296;142776
CNYRUBF;5;20260319;123500;12.296;12.316;12.28;12.315;182428
CNYRUBF;5;20260319;124000;12.315;12.339;12.295;12.298;232212
CNYRUBF;5;20260319;124500;12.297;12.321;12.292;12.32;60578
CNYRUBF;5;20260319;125000;12.321;12.329;12.299;12.317;63603
CNYRUBF;5;20260319;125500;12.318;12.33;12.3;12.309;167060
CNYRUBF;5;20260319;130000;12.311;12.316;12.249;12.261;262711
CNYRUBF;5;20260319;130500;12.262;12.326;12.257;12.292;98177
CNYRUBF;5;20260319;131000;12.292;12.315;12.287;12.31;43299
CNYRUBF;5;20260319;131500;12.308;12.308;12.285;12.298;56285
CNYRUBF;5;20260319;132000;12.298;12.33;12.293;12.325;46451
CNYRUBF;5;20260319;132500;12.324;12.336;12.317;12.325;81546
CNYRUBF;5;20260319;133000;12.324;12.328;12.305;12.308;40631
CNYRUBF;5;20260319;133500;12.306;12.327;12.303;12.326;68677
CNYRUBF;5;20260319;134000;12.327;12.348;12.315;12.336;58914
CNYRUBF;5;20260319;134500;12.336;12.358;12.332;12.35;66477
CNYRUBF;5;20260319;135000;12.35;12.384;12.342;12.38;182959
CNYRUBF;5;20260319;135500;12.38;12.391;12.365;12.367;77288
CNYRUBF;5;20260319;140500;12.373;12.377;12.339;12.349;82618
CNYRUBF;5;20260319;141000;12.349;12.368;12.348;12.362;25325
CNYRUBF;5;20260319;141500;12.362;12.377;12.352;12.375;40881
CNYRUBF;5;20260319;142000;12.372;12.405;12.365;12.391;113502
CNYRUBF;5;20260319;142500;12.39;12.395;12.38;12.387;72405
CNYRUBF;5;20260319;143000;12.387;12.39;12.364;12.373;34193
CNYRUBF;5;20260319;143500;12.374;12.379;12.364;12.37;51275
CNYRUBF;5;20260319;144000;12.37;12.388;12.367;12.386;56579
CNYRUBF;5;20260319;144500;12.387;12.388;12.371;12.38;29529
CNYRUBF;5;20260319;145000;12.382;12.414;12.381;12.407;167182
CNYRUBF;5;20260319;145500;12.406;12.434;12.393;12.406;135810
CNYRUBF;5;20260319;150000;12.406;12.433;12.4;12.43;88262
CNYRUBF;5;20260319;150500;12.43;12.444;12.424;12.443;68489
CNYRUBF;5;20260319;151000;12.44;12.44;12.425;12.432;26500
CNYRUBF;5;20260319;151500;12.432;12.444;12.418;12.422;37559
CNYRUBF;5;20260319;152000;12.425;12.435;12.42;12.434;57215
CNYRUBF;5;20260319;152500;12.434;12.436;12.38;12.39;110293
CNYRUBF;5;20260319;153000;12.392;12.392;12.355;12.367;144260
CNYRUBF;5;20260319;153500;12.367;12.386;12.359;12.376;84714
CNYRUBF;5;20260319;154000;12.376;12.4;12.368;12.385;50625
CNYRUBF;5;20260319;154500;12.385;12.398;12.383;12.392;64106
CNYRUBF;5;20260319;155000;12.392;12.404;12.38;12.404;58903
CNYRUBF;5;20260319;155500;12.404;12.426;12.404;12.423;54244
CNYRUBF;5;20260319;160000;12.425;12.435;12.42;12.425;64586
CNYRUBF;5;20260319;160500;12.425;12.43;12.4;12.422;56001
CNYRUBF;5;20260319;161000;12.421;12.424;12.404;12.413;58832
CNYRUBF;5;20260319;161500;12.415;12.42;12.405;12.405;29252
CNYRUBF;5;20260319;162000;12.408;12.429;12.407;12.427;19304
CNYRUBF;5;20260319;162500;12.427;12.437;12.42;12.433;17208
CNYRUBF;5;20260319;163000;12.435;12.435;12.405;12.406;23737
CNYRUBF;5;20260319;163500;12.407;12.426;12.404;12.411;49518
CNYRUBF;5;20260319;164000;12.412;12.421;12.397;12.399;22894
CNYRUBF;5;20260319;164500;12.399;12.404;12.369;12.393;72649
CNYRUBF;5;20260319;165000;12.393;12.419;12.393;12.417;28474
CNYRUBF;5;20260319;165500;12.417;12.42;12.406;12.42;23645
CNYRUBF;5;20260319;170000;12.418;12.42;12.398;12.41;44253
CNYRUBF;5;20260319;170500;12.411;12.419;12.393;12.415;45730
CNYRUBF;5;20260319;171000;12.414;12.432;12.411;12.43;43082
CNYRUBF;5;20260319;171500;12.431;12.433;12.421;12.43;25656
CNYRUBF;5;20260319;172000;12.43;12.443;12.41;12.419;29777
CNYRUBF;5;20260319;172500;12.419;12.435;12.419;12.433;25152
CNYRUBF;5;20260319;173000;12.435;12.44;12.42;12.438;25228
CNYRUBF;5;20260319;173500;12.438;12.454;12.43;12.437;54968
CNYRUBF;5;20260319;174000;12.437;12.447;12.421;12.426;25558
CNYRUBF;5;20260319;174500;12.426;12.44;12.408;12.439;39421
CNYRUBF;5;20260319;175000;12.439;12.447;12.431;12.44;21445
CNYRUBF;5;20260319;175500;12.44;12.444;12.43;12.432;13834
CNYRUBF;5;20260319;180000;12.432;12.442;12.43;12.437;55227
CNYRUBF;5;20260319;180500;12.438;12.445;12.436;12.436;46182
CNYRUBF;5;20260319;181000;12.436;12.442;12.429;12.434;21819
CNYRUBF;5;20260319;181500;12.434;12.435;12.415;12.419;41563
CNYRUBF;5;20260319;182000;12.419;12.428;12.411;12.425;29893
CNYRUBF;5;20260319;182500;12.426;12.435;12.425;12.434;36112
CNYRUBF;5;20260319;183000;12.434;12.445;12.428;12.439;37648
CNYRUBF;5;20260319;183500;12.438;12.453;12.436;12.45;34838
CNYRUBF;5;20260319;184000;12.451;12.457;12.448;12.455;62179
CNYRUBF;5;20260319;184500;12.454;12.457;12.437;12.442;65334
CNYRUBF;5;20260319;190500;12.439;12.439;12.382;12.392;85131
CNYRUBF;5;20260319;191000;12.393;12.4;12.382;12.384;23543
CNYRUBF;5;20260319;191500;12.387;12.401;12.383;12.401;14005
CNYRUBF;5;20260319;192000;12.401;12.403;12.384;12.385;7683
CNYRUBF;5;20260319;192500;12.385;12.397;12.385;12.39;5375
CNYRUBF;5;20260319;193000;12.39;12.399;12.386;12.388;7299
CNYRUBF;5;20260319;193500;12.387;12.387;12.371;12.376;20845
CNYRUBF;5;20260319;194000;12.376;12.376;12.361;12.362;28313
CNYRUBF;5;20260319;194500;12.364;12.365;12.357;12.363;21814
CNYRUBF;5;20260319;195000;12.363;12.378;12.363;12.373;13693
CNYRUBF;5;20260319;195500;12.373;12.376;12.361;12.363;6350
CNYRUBF;5;20260319;200000;12.363;12.365;12.358;12.359;3802
CNYRUBF;5;20260319;200500;12.358;12.358;12.293;12.322;54037
CNYRUBF;5;20260319;201000;12.323;12.332;12.316;12.326;16239
CNYRUBF;5;20260319;201500;12.327;12.337;12.322;12.328;6026
CNYRUBF;5;20260319;202000;12.328;12.334;12.326;12.334;10768
CNYRUBF;5;20260319;202500;12.333;12.334;12.328;12.33;3983
CNYRUBF;5;20260319;203000;12.33;12.331;12.32;12.32;11295
CNYRUBF;5;20260319;203500;12.32;12.32;12.301;12.302;25802
CNYRUBF;5;20260319;204000;12.302;12.331;12.302;12.32;31583
CNYRUBF;5;20260319;204500;12.32;12.325;12.314;12.325;4887
CNYRUBF;5;20260319;205000;12.324;12.328;12.308;12.313;11514
CNYRUBF;5;20260319;205500;12.313;12.319;12.311;12.312;8475
CNYRUBF;5;20260319;210000;12.312;12.314;12.298;12.305;9516
CNYRUBF;5;20260319;210500;12.305;12.328;12.297;12.32;16565
CNYRUBF;5;20260319;211000;12.318;12.326;12.317;12.321;16522
CNYRUBF;5;20260319;211500;12.321;12.322;12.306;12.306;9756
CNYRUBF;5;20260319;212000;12.306;12.315;12.3;12.315;22483
CNYRUBF;5;20260319;212500;12.312;12.319;12.312;12.317;14789
CNYRUBF;5;20260319;213000;12.316;12.319;12.31;12.31;19651
CNYRUBF;5;20260319;213500;12.311;12.312;12.302;12.31;14114
CNYRUBF;5;20260319;214000;12.31;12.31;12.298;12.301;19517
CNYRUBF;5;20260319;214500;12.301;12.305;12.298;12.299;11539
CNYRUBF;5;20260319;215000;12.299;12.301;12.281;12.283;31207
CNYRUBF;5;20260319;215500;12.282;12.283;12.27;12.277;18067
CNYRUBF;5;20260319;220000;12.279;12.297;12.277;12.282;23491
CNYRUBF;5;20260319;220500;12.283;12.296;12.28;12.294;12212
CNYRUBF;5;20260319;221000;12.294;12.307;12.275;12.305;16896
CNYRUBF;5;20260319;221500;12.305;12.306;12.297;12.298;6578
CNYRUBF;5;20260319;222000;12.299;12.311;12.296;12.311;9028
CNYRUBF;5;20260319;222500;12.311;12.311;12.305;12.308;5873
CNYRUBF;5;20260319;223000;12.309;12.314;12.308;12.308;6288
CNYRUBF;5;20260319;223500;12.309;12.311;12.302;12.311;7652
CNYRUBF;5;20260319;224000;12.308;12.319;12.308;12.318;5981
CNYRUBF;5;20260319;224500;12.317;12.327;12.307;12.323;18653
CNYRUBF;5;20260319;225000;12.32;12.325;12.308;12.312;8475
CNYRUBF;5;20260319;225500;12.311;12.312;12.303;12.308;2278
CNYRUBF;5;20260319;230000;12.307;12.309;12.3;12.305;6218
CNYRUBF;5;20260319;230500;12.307;12.312;12.298;12.301;10099
CNYRUBF;5;20260319;231000;12.306;12.308;12.3;12.308;1760
CNYRUBF;5;20260319;231500;12.307;12.31;12.302;12.308;4113
CNYRUBF;5;20260319;232000;12.307;12.309;12.305;12.306;2199
CNYRUBF;5;20260319;232500;12.306;12.312;12.305;12.309;2970
CNYRUBF;5;20260319;233000;12.31;12.312;12.303;12.306;1882
CNYRUBF;5;20260319;233500;12.306;12.31;12.304;12.309;8747
CNYRUBF;5;20260319;234000;12.31;12.312;12.307;12.311;2212
CNYRUBF;5;20260319;234500;12.309;12.317;12.3;12.317;9830
CNYRUBF;5;20260320;085500;12.317;12.317;12.317;12.317;1315
CNYRUBF;5;20260320;090000;12.316;12.318;12.291;12.311;37563
CNYRUBF;5;20260320;090500;12.31;12.35;12.306;12.349;50035
CNYRUBF;5;20260320;091000;12.349;12.352;12.332;12.332;16831
CNYRUBF;5;20260320;091500;12.332;12.344;12.33;12.334;8380
CNYRUBF;5;20260320;092000;12.336;12.337;12.324;12.325;7084
CNYRUBF;5;20260320;092500;12.325;12.331;12.311;12.329;12781
CNYRUBF;5;20260320;093000;12.328;12.34;12.325;12.339;10265
CNYRUBF;5;20260320;093500;12.336;12.349;12.333;12.333;13078
CNYRUBF;5;20260320;094000;12.333;12.34;12.33;12.33;5299
CNYRUBF;5;20260320;094500;12.329;12.34;12.329;12.336;6366
CNYRUBF;5;20260320;095000;12.339;12.344;12.327;12.343;7165
CNYRUBF;5;20260320;095500;12.343;12.344;12.311;12.331;26296
CNYRUBF;5;20260320;100000;12.331;12.363;12.325;12.342;149272
CNYRUBF;5;20260320;100500;12.342;12.355;12.292;12.298;114754
CNYRUBF;5;20260320;101000;12.298;12.305;12.001;12.224;484638
CNYRUBF;5;20260320;101500;12.224;12.249;12.18;12.246;267344
CNYRUBF;5;20260320;102000;12.247;12.249;12.226;12.239;160084
CNYRUBF;5;20260320;102500;12.24;12.247;12.179;12.223;157017
CNYRUBF;5;20260320;103000;12.222;12.285;12.195;12.256;246255
CNYRUBF;5;20260320;103500;12.255;12.268;12.242;12.26;101414
CNYRUBF;5;20260320;104000;12.26;12.273;12.252;12.254;99908
CNYRUBF;5;20260320;104500;12.253;12.279;12.213;12.217;165906
CNYRUBF;5;20260320;105000;12.219;12.262;12.209;12.258;198933
CNYRUBF;5;20260320;105500;12.258;12.263;12.235;12.245;75624
CNYRUBF;5;20260320;110000;12.245;12.25;12.223;12.23;88914
CNYRUBF;5;20260320;110500;12.23;12.239;12.198;12.199;104259
CNYRUBF;5;20260320;111000;12.199;12.238;12.18;12.238;158953
CNYRUBF;5;20260320;111500;12.238;12.249;12.218;12.231;128378
CNYRUBF;5;20260320;112000;12.231;12.234;12.19;12.201;125057
CNYRUBF;5;20260320;112500;12.2;12.214;12.195;12.213;87824
CNYRUBF;5;20260320;113000;12.212;12.214;12.186;12.19;80703
CNYRUBF;5;20260320;113500;12.19;12.209;12.187;12.207;48597
CNYRUBF;5;20260320;114000;12.209;12.212;12.185;12.191;39650
CNYRUBF;5;20260320;114500;12.19;12.2;12.187;12.194;39354
CNYRUBF;5;20260320;115000;12.193;12.204;12.188;12.194;42344
CNYRUBF;5;20260320;115500;12.193;12.204;12.191;12.202;41769
CNYRUBF;5;20260320;120000;12.202;12.206;12.191;12.192;23818
CNYRUBF;5;20260320;120500;12.191;12.193;12.176;12.178;145485
CNYRUBF;5;20260320;121000;12.177;12.185;12.165;12.181;63189
CNYRUBF;5;20260320;121500;12.181;12.189;12.18;12.187;47067
CNYRUBF;5;20260320;122000;12.187;12.193;12.181;12.186;66715
CNYRUBF;5;20260320;122500;12.185;12.189;12.181;12.188;40092
CNYRUBF;5;20260320;123000;12.187;12.187;12.168;12.183;77201
CNYRUBF;5;20260320;123500;12.183;12.184;12.151;12.153;107688
CNYRUBF;5;20260320;124000;12.153;12.159;12.121;12.135;201663
CNYRUBF;5;20260320;124500;12.135;12.147;12.119;12.12;302960
CNYRUBF;5;20260320;125000;12.119;12.126;12.111;12.119;116489
CNYRUBF;5;20260320;125500;12.119;12.128;12.111;12.119;112257
CNYRUBF;5;20260320;130000;12.118;12.127;12.11;12.127;36055
CNYRUBF;5;20260320;130500;12.127;12.139;12.111;12.127;66204
CNYRUBF;5;20260320;131000;12.125;12.129;12.086;12.091;113125
CNYRUBF;5;20260320;131500;12.089;12.102;12.085;12.1;236585
CNYRUBF;5;20260320;132000;12.099;12.13;12.099;12.12;65918
CNYRUBF;5;20260320;132500;12.122;12.143;12.11;12.14;64617
CNYRUBF;5;20260320;133000;12.141;12.164;12.114;12.144;136511
CNYRUBF;5;20260320;133500;12.146;12.15;12.115;12.132;67526
CNYRUBF;5;20260320;134000;12.132;12.151;12.128;12.146;28527
CNYRUBF;5;20260320;134500;12.147;12.18;12.136;12.18;78433
CNYRUBF;5;20260320;135000;12.178;12.189;12.173;12.182;67533
CNYRUBF;5;20260320;135500;12.182;12.188;12.178;12.182;25825
CNYRUBF;5;20260320;140500;12.181;12.185;12.173;12.177;69315
CNYRUBF;5;20260320;141000;12.177;12.189;12.173;12.187;77415
CNYRUBF;5;20260320;141500;12.187;12.198;12.18;12.195;42686
CNYRUBF;5;20260320;142000;12.195;12.223;12.192;12.199;133788
CNYRUBF;5;20260320;142500;12.199;12.203;12.172;12.197;101872
CNYRUBF;5;20260320;143000;12.197;12.198;12.16;12.178;78153
CNYRUBF;5;20260320;143500;12.179;12.209;12.177;12.192;20377
CNYRUBF;5;20260320;144000;12.194;12.205;12.189;12.201;37951
CNYRUBF;5;20260320;144500;12.2;12.209;12.195;12.2;14264
CNYRUBF;5;20260320;145000;12.2;12.21;12.198;12.2;26755
CNYRUBF;5;20260320;145500;12.203;12.212;12.194;12.207;28969
CNYRUBF;5;20260320;150000;12.207;12.214;12.191;12.195;33288
CNYRUBF;5;20260320;150500;12.195;12.197;12.176;12.19;47469
CNYRUBF;5;20260320;151000;12.188;12.215;12.185;12.212;41055
CNYRUBF;5;20260320;151500;12.214;12.222;12.201;12.216;61829
CNYRUBF;5;20260320;152000;12.217;12.218;12.194;12.197;48941
CNYRUBF;5;20260320;152500;12.198;12.205;12.186;12.204;40113
CNYRUBF;5;20260320;153000;12.205;12.212;12.201;12.203;35663
CNYRUBF;5;20260320;153500;12.203;12.212;12.203;12.21;18581
CNYRUBF;5;20260320;154000;12.208;12.212;12.193;12.194;22597
CNYRUBF;5;20260320;154500;12.194;12.198;12.172;12.181;37444
CNYRUBF;5;20260320;155000;12.181;12.184;12.173;12.176;20096
CNYRUBF;5;20260320;155500;12.176;12.177;12.142;12.162;85599
CNYRUBF;5;20260320;160000;12.163;12.163;12.116;12.12;50046
CNYRUBF;5;20260320;160500;12.119;12.14;12.113;12.126;29111
CNYRUBF;5;20260320;161000;12.129;12.134;12.115;12.123;14379
CNYRUBF;5;20260320;161500;12.125;12.126;12.093;12.1;68657
CNYRUBF;5;20260320;162000;12.1;12.119;12.093;12.11;47826
CNYRUBF;5;20260320;162500;12.108;12.128;12.108;12.117;48773
CNYRUBF;5;20260320;163000;12.115;12.124;12.111;12.116;26504
CNYRUBF;5;20260320;163500;12.114;12.117;12.1;12.11;31706
CNYRUBF;5;20260320;164000;12.109;12.111;12.081;12.082;66675
CNYRUBF;5;20260320;164500;12.082;12.086;12.063;12.079;107063
CNYRUBF;5;20260320;165000;12.079;12.079;12.054;12.056;191896
CNYRUBF;5;20260320;165500;12.055;12.061;12.04;12.058;164532
CNYRUBF;5;20260320;170000;12.057;12.061;12.043;12.06;72550
CNYRUBF;5;20260320;170500;12.06;12.071;12.042;12.064;59009
CNYRUBF;5;20260320;171000;12.064;12.066;12.032;12.052;77596
CNYRUBF;5;20260320;171500;12.053;12.065;12.042;12.052;15946
CNYRUBF;5;20260320;172000;12.052;12.06;12.031;12.034;30402
CNYRUBF;5;20260320;172500;12.032;12.05;12.016;12.021;145219
CNYRUBF;5;20260320;173000;12.02;12.024;12.015;12.015;34538
CNYRUBF;5;20260320;173500;12.015;12.04;12.01;12.013;145106
CNYRUBF;5;20260320;174000;12.011;12.019;12.007;12.016;39565
CNYRUBF;5;20260320;174500;12.016;12.032;12.009;12.013;83991
CNYRUBF;5;20260320;175000;12.013;12.033;12.012;12.029;53154
CNYRUBF;5;20260320;175500;12.028;12.037;12.015;12.033;51280
CNYRUBF;5;20260320;180000;12.033;12.033;12.013;12.03;24137
CNYRUBF;5;20260320;180500;12.029;12.029;12.019;12.024;20030
CNYRUBF;5;20260320;181000;12.023;12.024;12.017;12.021;16758
CNYRUBF;5;20260320;181500;12.022;12.024;12.013;12.022;16861
CNYRUBF;5;20260320;182000;12.022;12.033;12.02;12.026;19543
CNYRUBF;5;20260320;182500;12.025;12.031;12.022;12.03;19555
CNYRUBF;5;20260320;183000;12.029;12.031;12.023;12.026;36676
CNYRUBF;5;20260320;183500;12.026;12.078;12.026;12.03;38361
CNYRUBF;5;20260320;184000;12.031;12.034;12.029;12.029;12637
CNYRUBF;5;20260320;184500;12.029;12.032;12.027;12.03;37371
CNYRUBF;5;20260323;085500;12.006;12.006;12.006;12.006;119
CNYRUBF;5;20260323;090000;12.006;12.035;11.92;11.952;97701
CNYRUBF;5;20260323;090500;11.95;11.954;11.926;11.93;60987
CNYRUBF;5;20260323;091000;11.93;11.939;11.876;11.939;72988
CNYRUBF;5;20260323;091500;11.939;11.953;11.935;11.943;9939
CNYRUBF;5;20260323;092000;11.941;11.947;11.935;11.94;8047
CNYRUBF;5;20260323;092500;11.941;11.946;11.937;11.94;6012
CNYRUBF;5;20260323;093000;11.944;11.946;11.939;11.941;5040
CNYRUBF;5;20260323;093500;11.94;11.94;11.915;11.925;25654
CNYRUBF;5;20260323;094000;11.924;11.941;11.92;11.94;17594
CNYRUBF;5;20260323;094500;11.94;11.958;11.94;11.946;14452
CNYRUBF;5;20260323;095000;11.947;11.959;11.94;11.953;18693
CNYRUBF;5;20260323;095500;11.957;11.992;11.953;11.973;44563
CNYRUBF;5;20260323;100000;11.976;11.999;11.95;11.978;99684
CNYRUBF;5;20260323;100500;11.976;11.998;11.97;11.994;63245
CNYRUBF;5;20260323;101000;11.995;12.03;11.982;11.988;120065
CNYRUBF;5;20260323;101500;11.986;11.997;11.962;11.964;88896
CNYRUBF;5;20260323;102000;11.964;11.972;11.955;11.962;88786
CNYRUBF;5;20260323;102500;11.961;11.967;11.957;11.963;156401
CNYRUBF;5;20260323;103000;11.963;11.972;11.943;11.95;33111
CNYRUBF;5;20260323;103500;11.95;11.958;11.943;11.943;25585
CNYRUBF;5;20260323;104000;11.944;11.944;11.913;11.933;103813
CNYRUBF;5;20260323;104500;11.933;11.937;11.915;11.919;60582
CNYRUBF;5;20260323;105000;11.916;11.936;11.909;11.931;98874
CNYRUBF;5;20260323;105500;11.93;11.936;11.911;11.913;37770
CNYRUBF;5;20260323;110000;11.914;11.914;11.869;11.878;122595
CNYRUBF;5;20260323;110500;11.878;11.883;11.868;11.873;59160
CNYRUBF;5;20260323;111000;11.873;11.875;11.839;11.84;99205
CNYRUBF;5;20260323;111500;11.842;11.865;11.833;11.853;141775
CNYRUBF;5;20260323;112000;11.853;11.863;11.819;11.825;64342
CNYRUBF;5;20260323;112500;11.823;11.833;11.81;11.826;69009
CNYRUBF;5;20260323;113000;11.826;11.832;11.82;11.826;23290
CNYRUBF;5;20260323;113500;11.823;11.847;11.822;11.847;34137
CNYRUBF;5;20260323;114000;11.847;11.847;11.808;11.812;55029
CNYRUBF;5;20260323;114500;11.813;11.822;11.785;11.815;126322
CNYRUBF;5;20260323;115000;11.816;11.825;11.793;11.8;36633
CNYRUBF;5;20260323;115500;11.8;11.814;11.799;11.811;45362
CNYRUBF;5;20260323;120000;11.81;11.815;11.801;11.801;52280
CNYRUBF;5;20260323;120500;11.802;11.806;11.799;11.799;37482
CNYRUBF;5;20260323;121000;11.798;11.805;11.796;11.805;37746
CNYRUBF;5;20260323;121500;11.804;11.822;11.802;11.821;54938
CNYRUBF;5;20260323;122000;11.822;11.839;11.818;11.822;68612
CNYRUBF;5;20260323;122500;11.825;11.828;11.815;11.819;40033
CNYRUBF;5;20260323;123000;11.819;11.82;11.801;11.814;79541
CNYRUBF;5;20260323;123500;11.813;11.821;11.811;11.812;56001
CNYRUBF;5;20260323;124000;11.813;11.822;11.81;11.815;9766
CNYRUBF;5;20260323;124500;11.815;11.819;11.806;11.807;12437
CNYRUBF;5;20260323;125000;11.807;11.814;11.804;11.804;19939
CNYRUBF;5;20260323;125500;11.805;11.811;11.803;11.805;9694
CNYRUBF;5;20260323;130000;11.804;11.812;11.802;11.812;37394
CNYRUBF;5;20260323;130500;11.811;11.813;11.801;11.803;33215
CNYRUBF;5;20260323;131000;11.806;11.815;11.802;11.81;34113
CNYRUBF;5;20260323;131500;11.809;11.813;11.806;11.807;22048
CNYRUBF;5;20260323;132000;11.809;11.813;11.797;11.797;24136
CNYRUBF;5;20260323;132500;11.799;11.824;11.795;11.818;44413
CNYRUBF;5;20260323;133000;11.817;11.834;11.803;11.804;48568
CNYRUBF;5;20260323;133500;11.804;11.828;11.8;11.823;92944
CNYRUBF;5;20260323;134000;11.822;11.844;11.817;11.83;68170
CNYRUBF;5;20260323;134500;11.831;11.836;11.83;11.83;46595
CNYRUBF;5;20260323;135000;11.83;11.836;11.82;11.827;51170
CNYRUBF;5;20260323;135500;11.826;11.836;11.814;11.814;28039
CNYRUBF;5;20260323;140000;11.814;11.826;11.813;11.825;30415
CNYRUBF;5;20260323;140500;11.825;11.852;11.816;11.852;66423
CNYRUBF;5;20260323;141000;11.851;11.89;11.85;11.869;182542
CNYRUBF;5;20260323;141500;11.868;11.87;11.862;11.865;26923
CNYRUBF;5;20260323;142000;11.863;11.87;11.855;11.857;49565
CNYRUBF;5;20260323;142500;11.857;11.858;11.845;11.85;44101
CNYRUBF;5;20260323;143000;11.852;11.856;11.842;11.854;32837
CNYRUBF;5;20260323;143500;11.853;11.862;11.845;11.862;41611
CNYRUBF;5;20260323;144000;11.863;11.868;11.857;11.868;76333
CNYRUBF;5;20260323;144500;11.866;11.868;11.86;11.865;40158
CNYRUBF;5;20260323;145000;11.865;11.868;11.857;11.863;57118
CNYRUBF;5;20260323;145500;11.863;11.868;11.858;11.867;78951
CNYRUBF;5;20260323;150000;11.867;11.868;11.858;11.86;49807
CNYRUBF;5;20260323;150500;11.86;11.871;11.855;11.86;62586
CNYRUBF;5;20260323;151000;11.859;11.86;11.843;11.846;36817
CNYRUBF;5;20260323;151500;11.846;11.853;11.839;11.851;28702
CNYRUBF;5;20260323;152000;11.85;11.854;11.844;11.847;5789
CNYRUBF;5;20260323;152500;11.847;11.85;11.84;11.848;16569
CNYRUBF;5;20260323;153000;11.848;11.856;11.843;11.853;22396
CNYRUBF;5;20260323;153500;11.85;11.864;11.846;11.861;21767
CNYRUBF;5;20260323;154000;11.86;11.887;11.859;11.885;18043
CNYRUBF;5;20260323;154500;11.885;11.897;11.872;11.872;40030
CNYRUBF;5;20260323;155000;11.872;11.884;11.858;11.88;30555
CNYRUBF;5;20260323;155500;11.879;11.896;11.873;11.891;25177
CNYRUBF;5;20260323;160000;11.89;11.899;11.878;11.878;33222
CNYRUBF;5;20260323;160500;11.878;11.884;11.862;11.881;36417
CNYRUBF;5;20260323;161000;11.881;11.884;11.875;11.88;35127
CNYRUBF;5;20260323;161500;11.88;11.888;11.875;11.887;20070
CNYRUBF;5;20260323;162000;11.886;11.888;11.883;11.886;18923
CNYRUBF;5;20260323;162500;11.886;11.894;11.886;11.89;63198
CNYRUBF;5;20260323;163000;11.889;11.901;11.889;11.901;67666
CNYRUBF;5;20260323;163500;11.9;11.904;11.896;11.9;40582
CNYRUBF;5;20260323;164000;11.9;11.9;11.884;11.884;27845
CNYRUBF;5;20260323;164500;11.885;11.886;11.882;11.884;17189
CNYRUBF;5;20260323;165000;11.884;11.896;11.884;11.895;24175
CNYRUBF;5;20260323;165500;11.895;11.896;11.891;11.893;12479
CNYRUBF;5;20260323;170000;11.894;11.895;11.886;11.886;10693
CNYRUBF;5;20260323;170500;11.886;11.887;11.879;11.885;25763
CNYRUBF;5;20260323;171000;11.885;11.895;11.881;11.886;25737
CNYRUBF;5;20260323;171500;11.885;11.892;11.88;11.885;7869
CNYRUBF;5;20260323;172000;11.886;11.888;11.882;11.887;17448
CNYRUBF;5;20260323;172500;11.886;11.893;11.882;11.886;39187
CNYRUBF;5;20260323;173000;11.886;11.895;11.882;11.886;41805
CNYRUBF;5;20260323;173500;11.887;11.913;11.886;11.913;85385
CNYRUBF;5;20260323;174000;11.913;11.92;11.904;11.904;53370
CNYRUBF;5;20260323;174500;11.906;11.914;11.902;11.914;29733
CNYRUBF;5;20260323;175000;11.914;11.919;11.903;11.908;31609
CNYRUBF;5;20260323;175500;11.908;11.91;11.895;11.9;53430
CNYRUBF;5;20260323;180000;11.9;11.903;11.897;11.9;79762
CNYRUBF;5;20260323;180500;11.901;11.911;11.897;11.908;20661
CNYRUBF;5;20260323;181000;11.909;11.911;11.902;11.909;11461
CNYRUBF;5;20260323;181500;11.909;11.919;11.904;11.918;16321
CNYRUBF;5;20260323;182000;11.917;11.925;11.917;11.921;22166
CNYRUBF;5;20260323;182500;11.921;11.925;11.918;11.924;13257
CNYRUBF;5;20260323;183000;11.924;11.941;11.923;11.938;45867
CNYRUBF;5;20260323;183500;11.939;11.94;11.921;11.923;43547
CNYRUBF;5;20260323;184000;11.923;11.925;11.906;11.91;28040
CNYRUBF;5;20260323;184500;11.909;11.911;11.9;11.904;16690
CNYRUBF;5;20260323;185000;11.904;11.911;11.9;11.905;6195
CNYRUBF;5;20260323;185500;11.903;11.907;11.902;11.904;5993
CNYRUBF;5;20260323;190000;11.905;11.911;11.902;11.902;1883
CNYRUBF;5;20260323;190500;11.902;11.904;11.895;11.901;3631
CNYRUBF;5;20260323;191000;11.902;11.912;11.9;11.908;4712
CNYRUBF;5;20260323;191500;11.905;11.908;11.9;11.907;4012
CNYRUBF;5;20260323;192000;11.907;11.907;11.903;11.905;1265
CNYRUBF;5;20260323;192500;11.903;11.903;11.896;11.898;2994
CNYRUBF;5;20260323;193000;11.899;11.905;11.898;11.902;1900
CNYRUBF;5;20260323;193500;11.902;11.904;11.901;11.901;648
CNYRUBF;5;20260323;194000;11.901;11.912;11.901;11.912;1468
CNYRUBF;5;20260323;194500;11.913;11.913;11.904;11.904;3419
CNYRUBF;5;20260323;195000;11.903;11.904;11.902;11.902;543
CNYRUBF;5;20260323;195500;11.902;11.902;11.9;11.902;514
CNYRUBF;5;20260323;200000;11.902;11.904;11.9;11.903;993
CNYRUBF;5;20260323;200500;11.901;11.904;11.901;11.902;1141
CNYRUBF;5;20260323;201000;11.902;11.903;11.898;11.9;1342
CNYRUBF;5;20260323;201500;11.898;11.902;11.898;11.902;1545
CNYRUBF;5;20260323;202000;11.902;11.907;11.899;11.907;2631
CNYRUBF;5;20260323;202500;11.907;11.922;11.906;11.921;5900
CNYRUBF;5;20260323;203000;11.92;11.921;11.912;11.912;1494
CNYRUBF;5;20260323;203500;11.913;11.913;11.9;11.902;2952
CNYRUBF;5;20260323;204000;11.9;11.901;11.899;11.9;835
CNYRUBF;5;20260323;204500;11.9;11.9;11.888;11.89;11125
CNYRUBF;5;20260323;205000;11.889;11.889;11.887;11.888;1488
CNYRUBF;5;20260323;205500;11.888;11.889;11.882;11.883;2180
CNYRUBF;5;20260323;210000;11.882;11.887;11.882;11.885;1191
CNYRUBF;5;20260323;210500;11.885;11.889;11.885;11.887;2445
CNYRUBF;5;20260323;211000;11.887;11.887;11.88;11.881;5360
CNYRUBF;5;20260323;211500;11.88;11.881;11.812;11.846;68652
CNYRUBF;5;20260323;212000;11.844;11.846;11.824;11.831;27277
CNYRUBF;5;20260323;212500;11.832;11.846;11.823;11.825;31028
CNYRUBF;5;20260323;213000;11.825;11.841;11.821;11.839;32983
CNYRUBF;5;20260323;213500;11.839;11.865;11.836;11.854;18861
CNYRUBF;5;20260323;214000;11.855;11.855;11.834;11.834;8441
CNYRUBF;5;20260323;214500;11.833;11.845;11.826;11.826;11138
CNYRUBF;5;20260323;215000;11.829;11.836;11.82;11.823;19443
CNYRUBF;5;20260323;215500;11.822;11.832;11.821;11.832;9665
CNYRUBF;5;20260323;220000;11.832;11.832;11.816;11.819;11531
CNYRUBF;5;20260323;220500;11.821;11.823;11.818;11.819;6806
CNYRUBF;5;20260323;221000;11.819;11.821;11.795;11.798;36369
CNYRUBF;5;20260323;221500;11.799;11.81;11.791;11.805;13055
CNYRUBF;5;20260323;222000;11.803;11.813;11.803;11.81;8240
CNYRUBF;5;20260323;222500;11.811;11.812;11.804;11.804;2385
CNYRUBF;5;20260323;223000;11.804;11.805;11.795;11.795;7126
CNYRUBF;5;20260323;223500;11.796;11.807;11.795;11.799;12263
CNYRUBF;5;20260323;224000;11.799;11.799;11.789;11.796;10449
CNYRUBF;5;20260323;224500;11.796;11.796;11.79;11.79;3294
CNYRUBF;5;20260323;225000;11.79;11.793;11.788;11.791;6069
CNYRUBF;5;20260323;225500;11.792;11.798;11.791;11.796;7011
CNYRUBF;5;20260323;230000;11.796;11.814;11.796;11.81;15774
CNYRUBF;5;20260323;230500;11.811;11.817;11.809;11.813;10691
CNYRUBF;5;20260323;231000;11.812;11.814;11.809;11.812;892
CNYRUBF;5;20260323;231500;11.812;11.814;11.809;11.81;2247
CNYRUBF;5;20260323;232000;11.81;11.813;11.805;11.811;4070
CNYRUBF;5;20260323;232500;11.811;11.814;11.811;11.811;396
CNYRUBF;5;20260323;233000;11.812;11.814;11.802;11.802;4715
CNYRUBF;5;20260323;233500;11.802;11.805;11.802;11.805;2444
CNYRUBF;5;20260323;234000;11.805;11.81;11.803;11.806;1403
CNYRUBF;5;20260323;234500;11.807;11.81;11.802;11.81;3877
CNYRUBF;5;20260324;085500;11.787;11.787;11.787;11.787;320
CNYRUBF;5;20260324;090000;11.787;11.787;11.757;11.769;82683
CNYRUBF;5;20260324;090500;11.767;11.79;11.764;11.78;94786
CNYRUBF;5;20260324;091000;11.78;11.783;11.759;11.765;28027
CNYRUBF;5;20260324;091500;11.765;11.767;11.732;11.736;32655
CNYRUBF;5;20260324;092000;11.737;11.751;11.736;11.741;28788
CNYRUBF;5;20260324;092500;11.739;11.753;11.736;11.747;21369
CNYRUBF;5;20260324;093000;11.746;11.76;11.741;11.746;14150
CNYRUBF;5;20260324;093500;11.746;11.747;11.735;11.736;50113
CNYRUBF;5;20260324;094000;11.736;11.742;11.73;11.742;27326
CNYRUBF;5;20260324;094500;11.742;11.75;11.729;11.735;34235
CNYRUBF;5;20260324;095000;11.736;11.737;11.72;11.737;70082
CNYRUBF;5;20260324;095500;11.733;11.739;11.71;11.732;237883
CNYRUBF;5;20260324;100000;11.731;11.769;11.684;11.714;469914
CNYRUBF;5;20260324;100500;11.712;11.721;11.701;11.719;123166
CNYRUBF;5;20260324;101000;11.721;11.735;11.711;11.732;91371
CNYRUBF;5;20260324;101500;11.733;11.765;11.733;11.749;110097
CNYRUBF;5;20260324;102000;11.751;11.752;11.734;11.736;62324
CNYRUBF;5;20260324;102500;11.737;11.742;11.725;11.736;97940
CNYRUBF;5;20260324;103000;11.737;11.738;11.722;11.73;47083
CNYRUBF;5;20260324;103500;11.73;11.742;11.726;11.733;58822
CNYRUBF;5;20260324;104000;11.733;11.747;11.727;11.741;40263
CNYRUBF;5;20260324;104500;11.743;11.758;11.739;11.758;57471
CNYRUBF;5;20260324;105000;11.758;11.764;11.742;11.76;43316
CNYRUBF;5;20260324;105500;11.762;11.767;11.756;11.757;55204
CNYRUBF;5;20260324;110000;11.757;11.762;11.746;11.748;78951
CNYRUBF;5;20260324;110500;11.75;11.751;11.737;11.742;56374
CNYRUBF;5;20260324;111000;11.743;11.759;11.742;11.756;55260
CNYRUBF;5;20260324;111500;11.757;11.759;11.752;11.757;110816
CNYRUBF;5;20260324;112000;11.758;11.76;11.753;11.755;110979
CNYRUBF;5;20260324;112500;11.756;11.757;11.744;11.746;44788
CNYRUBF;5;20260324;113000;11.747;11.768;11.745;11.759;71589
CNYRUBF;5;20260324;113500;11.759;11.763;11.755;11.761;63555
CNYRUBF;5;20260324;114000;11.761;11.767;11.76;11.766;45612
CNYRUBF;5;20260324;114500;11.766;11.767;11.76;11.762;50634
CNYRUBF;5;20260324;115000;11.763;11.764;11.751;11.753;57238
CNYRUBF;5;20260324;115500;11.754;11.757;11.746;11.751;50419
CNYRUBF;5;20260324;120000;11.753;11.754;11.736;11.744;140459
CNYRUBF;5;20260324;120500;11.745;11.746;11.737;11.74;112895
CNYRUBF;5;20260324;121000;11.74;11.742;11.722;11.722;88365
CNYRUBF;5;20260324;121500;11.723;11.729;11.722;11.726;77604
CNYRUBF;5;20260324;122000;11.725;11.728;11.706;11.706;195705
CNYRUBF;5;20260324;122500;11.708;11.72;11.706;11.717;143886
CNYRUBF;5;20260324;123000;11.719;11.727;11.715;11.716;68267
CNYRUBF;5;20260324;123500;11.718;11.728;11.715;11.725;62167
CNYRUBF;5;20260324;124000;11.725;11.727;11.719;11.72;41635
CNYRUBF;5;20260324;124500;11.721;11.724;11.709;11.709;62977
CNYRUBF;5;20260324;125000;11.711;11.711;11.684;11.688;135930
CNYRUBF;5;20260324;125500;11.686;11.691;11.665;11.678;114467
CNYRUBF;5;20260324;130000;11.679;11.685;11.665;11.668;97535
CNYRUBF;5;20260324;130500;11.669;11.678;11.664;11.669;60238
CNYRUBF;5;20260324;131000;11.67;11.674;11.663;11.668;109774
CNYRUBF;5;20260324;131500;11.668;11.677;11.663;11.67;58945
CNYRUBF;5;20260324;132000;11.67;11.686;11.667;11.686;74473
CNYRUBF;5;20260324;132500;11.686;11.69;11.68;11.686;47109
CNYRUBF;5;20260324;133000;11.688;11.701;11.686;11.699;83262
CNYRUBF;5;20260324;133500;11.7;11.711;11.692;11.7;103655
CNYRUBF;5;20260324;134000;11.701;11.712;11.698;11.705;81677
CNYRUBF;5;20260324;134500;11.705;11.717;11.701;11.711;108095
CNYRUBF;5;20260324;135000;11.711;11.713;11.703;11.71;115659
CNYRUBF;5;20260324;135500;11.71;11.721;11.704;11.705;158482
CNYRUBF;5;20260324;140000;11.705;11.711;11.695;11.695;100959
CNYRUBF;5;20260324;140500;11.695;11.7;11.687;11.698;135147
CNYRUBF;5;20260324;141000;11.698;11.718;11.697;11.71;80296
CNYRUBF;5;20260324;141500;11.71;11.722;11.71;11.722;59261
CNYRUBF;5;20260324;142000;11.722;11.731;11.716;11.72;113172
CNYRUBF;5;20260324;142500;11.721;11.723;11.712;11.716;89606
CNYRUBF;5;20260324;143000;11.717;11.72;11.712;11.715;75439
CNYRUBF;5;20260324;143500;11.717;11.723;11.714;11.721;79571
CNYRUBF;5;20260324;144000;11.72;11.722;11.707;11.713;87795
CNYRUBF;5;20260324;144500;11.712;11.718;11.711;11.718;82169
CNYRUBF;5;20260324;145000;11.718;11.73;11.717;11.719;44177
CNYRUBF;5;20260324;145500;11.72;11.729;11.712;11.72;45214
CNYRUBF;5;20260324;150000;11.719;11.722;11.708;11.71;48709
CNYRUBF;5;20260324;150500;11.712;11.714;11.708;11.71;58131
CNYRUBF;5;20260324;151000;11.71;11.714;11.708;11.712;57974
CNYRUBF;5;20260324;151500;11.712;11.715;11.7;11.711;71632
CNYRUBF;5;20260324;152000;11.712;11.716;11.7;11.705;62264
CNYRUBF;5;20260324;152500;11.706;11.71;11.7;11.703;79220
CNYRUBF;5;20260324;153000;11.703;11.705;11.687;11.695;60274
CNYRUBF;5;20260324;153500;11.693;11.7;11.69;11.695;64372
CNYRUBF;5;20260324;154000;11.696;11.7;11.688;11.692;44995
CNYRUBF;5;20260324;154500;11.692;11.696;11.685;11.689;42665
CNYRUBF;5;20260324;155000;11.688;11.692;11.682;11.685;44094
CNYRUBF;5;20260324;155500;11.685;11.695;11.682;11.694;102140
CNYRUBF;5;20260324;160000;11.695;11.714;11.693;11.71;71566
CNYRUBF;5;20260324;160500;11.71;11.715;11.709;11.71;40207
CNYRUBF;5;20260324;161000;11.71;11.711;11.691;11.693;86851
CNYRUBF;5;20260324;161500;11.693;11.705;11.691;11.703;57378
CNYRUBF;5;20260324;162000;11.703;11.714;11.694;11.697;42202
CNYRUBF;5;20260324;162500;11.697;11.714;11.696;11.707;48681
CNYRUBF;5;20260324;163000;11.707;11.732;11.68;11.71;128066
CNYRUBF;5;20260324;163500;11.711;11.724;11.708;11.72;71351
CNYRUBF;5;20260324;164000;11.719;11.725;11.708;11.711;44455
CNYRUBF;5;20260324;164500;11.71;11.721;11.706;11.711;57463
CNYRUBF;5;20260324;165000;11.712;11.713;11.701;11.701;39074
CNYRUBF;5;20260324;165500;11.701;11.708;11.697;11.7;39574
CNYRUBF;5;20260324;170000;11.7;11.702;11.692;11.7;34960
CNYRUBF;5;20260324;170500;11.7;11.709;11.7;11.704;17338
CNYRUBF;5;20260324;171000;11.704;11.711;11.703;11.706;17589
CNYRUBF;5;20260324;171500;11.706;11.708;11.698;11.704;14574
CNYRUBF;5;20260324;172000;11.702;11.704;11.689;11.69;10308
CNYRUBF;5;20260324;172500;11.69;11.697;11.688;11.697;18159
CNYRUBF;5;20260324;173000;11.697;11.699;11.688;11.692;17005
CNYRUBF;5;20260324;173500;11.692;11.693;11.669;11.67;56352
CNYRUBF;5;20260324;174000;11.669;11.671;11.643;11.643;136525
CNYRUBF;5;20260324;174500;11.644;11.66;11.643;11.659;55148
CNYRUBF;5;20260324;175000;11.659;11.66;11.647;11.652;41146
CNYRUBF;5;20260324;175500;11.653;11.657;11.652;11.654;9717
CNYRUBF;5;20260324;180000;11.654;11.666;11.653;11.661;29938
CNYRUBF;5;20260324;180500;11.661;11.667;11.654;11.655;14948
CNYRUBF;5;20260324;181000;11.654;11.66;11.653;11.654;32828
CNYRUBF;5;20260324;181500;11.654;11.659;11.647;11.654;44303
CNYRUBF;5;20260324;182000;11.655;11.666;11.653;11.663;17660
CNYRUBF;5;20260324;182500;11.663;11.677;11.662;11.668;18631
CNYRUBF;5;20260324;183000;11.667;11.67;11.658;11.659;9948
CNYRUBF;5;20260324;183500;11.659;11.66;11.656;11.659;3924
CNYRUBF;5;20260324;184000;11.66;11.664;11.659;11.664;6538
CNYRUBF;5;20260324;184500;11.664;11.664;11.656;11.662;6850
CNYRUBF;5;20260324;185000;11.663;11.664;11.659;11.659;1565
CNYRUBF;5;20260324;185500;11.66;11.663;11.656;11.656;2517
CNYRUBF;5;20260324;190000;11.658;11.658;11.656;11.656;4403
CNYRUBF;5;20260324;190500;11.656;11.669;11.656;11.668;4052
CNYRUBF;5;20260324;191000;11.669;11.675;11.666;11.673;6561
CNYRUBF;5;20260324;191500;11.67;11.674;11.668;11.674;1460
CNYRUBF;5;20260324;192000;11.674;11.675;11.666;11.666;5583
CNYRUBF;5;20260324;192500;11.666;11.667;11.664;11.666;1559
CNYRUBF;5;20260324;193000;11.665;11.669;11.665;11.667;1945
CNYRUBF;5;20260324;193500;11.666;11.666;11.655;11.657;7710
CNYRUBF;5;20260324;194000;11.656;11.657;11.655;11.655;2584
CNYRUBF;5;20260324;194500;11.656;11.657;11.653;11.655;5533
CNYRUBF;5;20260324;195000;11.654;11.656;11.653;11.654;5865
CNYRUBF;5;20260324;195500;11.654;11.655;11.652;11.652;730
CNYRUBF;5;20260324;200000;11.653;11.653;11.65;11.653;3766
CNYRUBF;5;20260324;200500;11.653;11.658;11.65;11.65;4823
CNYRUBF;5;20260324;201000;11.65;11.651;11.645;11.647;4885
CNYRUBF;5;20260324;201500;11.646;11.647;11.641;11.644;6961
CNYRUBF;5;20260324;202000;11.644;11.648;11.644;11.647;1523
CNYRUBF;5;20260324;202500;11.646;11.648;11.645;11.646;2532
CNYRUBF;5;20260324;203000;11.646;11.647;11.643;11.647;1044
CNYRUBF;5;20260324;203500;11.645;11.65;11.644;11.65;4645
CNYRUBF;5;20260324;204000;11.65;11.65;11.647;11.647;2249
CNYRUBF;5;20260324;204500;11.647;11.649;11.633;11.638;15388
CNYRUBF;5;20260324;205000;11.637;11.646;11.637;11.642;1576
CNYRUBF;5;20260324;205500;11.644;11.648;11.642;11.646;4225
CNYRUBF;5;20260324;210000;11.643;11.648;11.643;11.645;2135
CNYRUBF;5;20260324;210500;11.644;11.644;11.633;11.636;11085
CNYRUBF;5;20260324;211000;11.638;11.639;11.636;11.637;822
CNYRUBF;5;20260324;211500;11.636;11.639;11.636;11.637;1626
CNYRUBF;5;20260324;212000;11.638;11.643;11.635;11.639;3896
CNYRUBF;5;20260324;212500;11.639;11.641;11.639;11.64;175
CNYRUBF;5;20260324;213000;11.64;11.64;11.635;11.636;618
CNYRUBF;5;20260324;213500;11.637;11.642;11.636;11.64;678
CNYRUBF;5;20260324;214000;11.642;11.645;11.641;11.644;1553
CNYRUBF;5;20260324;214500;11.644;11.647;11.64;11.641;8565
CNYRUBF;5;20260324;215000;11.642;11.644;11.64;11.644;534
CNYRUBF;5;20260324;215500;11.644;11.644;11.643;11.643;2272
CNYRUBF;5;20260324;220000;11.644;11.649;11.644;11.648;1767
CNYRUBF;5;20260324;220500;11.648;11.65;11.648;11.65;27218
CNYRUBF;5;20260324;221000;11.65;11.652;11.649;11.652;1425
CNYRUBF;5;20260324;221500;11.652;11.66;11.652;11.659;34501
CNYRUBF;5;20260324;222000;11.659;11.66;11.658;11.659;2923
CNYRUBF;5;20260324;222500;11.659;11.662;11.658;11.662;8095
CNYRUBF;5;20260324;223000;11.662;11.662;11.654;11.655;1217
CNYRUBF;5;20260324;223500;11.657;11.658;11.654;11.657;1228
CNYRUBF;5;20260324;224000;11.66;11.66;11.657;11.657;916
CNYRUBF;5;20260324;224500;11.657;11.658;11.657;11.658;4875
CNYRUBF;5;20260324;225000;11.658;11.666;11.657;11.666;3692
CNYRUBF;5;20260324;225500;11.665;11.668;11.663;11.664;626
CNYRUBF;5;20260324;230000;11.663;11.667;11.663;11.666;521
CNYRUBF;5;20260324;230500;11.666;11.666;11.661;11.662;215
CNYRUBF;5;20260324;231000;11.661;11.661;11.66;11.66;331
CNYRUBF;5;20260324;231500;11.66;11.666;11.657;11.664;4808
CNYRUBF;5;20260324;232000;11.662;11.666;11.657;11.664;2370
CNYRUBF;5;20260324;232500;11.664;11.668;11.657;11.667;1460
CNYRUBF;5;20260324;233000;11.667;11.67;11.66;11.662;1712
CNYRUBF;5;20260324;233500;11.663;11.666;11.661;11.666;710
CNYRUBF;5;20260324;234000;11.666;11.672;11.666;11.672;1409
CNYRUBF;5;20260324;234500;11.671;11.68;11.671;11.68;4808
CNYRUBF;5;20260325;085500;11.693;11.693;11.693;11.693;5475
CNYRUBF;5;20260325;090000;11.685;11.693;11.651;11.675;55199
CNYRUBF;5;20260325;090500;11.675;11.68;11.659;11.664;17255
CNYRUBF;5;20260325;091000;11.664;11.665;11.656;11.662;3206
CNYRUBF;5;20260325;091500;11.664;11.668;11.659;11.668;6970
CNYRUBF;5;20260325;092000;11.669;11.674;11.662;11.671;6080
CNYRUBF;5;20260325;092500;11.67;11.67;11.656;11.659;5789
CNYRUBF;5;20260325;093000;11.659;11.665;11.658;11.665;4027
CNYRUBF;5;20260325;093500;11.664;11.672;11.662;11.669;5198
CNYRUBF;5;20260325;094000;11.668;11.669;11.654;11.657;8319
CNYRUBF;5;20260325;094500;11.658;11.667;11.658;11.661;2159
CNYRUBF;5;20260325;095000;11.661;11.661;11.655;11.656;6724
CNYRUBF;5;20260325;095500;11.657;11.671;11.657;11.67;3134
CNYRUBF;5;20260325;100000;11.67;11.7;11.641;11.644;92833
CNYRUBF;5;20260325;100500;11.645;11.68;11.639;11.678;45240
CNYRUBF;5;20260325;101000;11.679;11.715;11.679;11.712;120151
CNYRUBF;5;20260325;101500;11.712;11.738;11.711;11.727;88466
CNYRUBF;5;20260325;102000;11.727;11.732;11.696;11.7;47582
CNYRUBF;5;20260325;102500;11.701;11.708;11.684;11.686;34549
CNYRUBF;5;20260325;103000;11.686;11.704;11.684;11.697;39910
CNYRUBF;5;20260325;103500;11.698;11.7;11.683;11.695;36630
CNYRUBF;5;20260325;104000;11.697;11.713;11.692;11.692;35555
CNYRUBF;5;20260325;104500;11.693;11.693;11.677;11.677;42586
CNYRUBF;5;20260325;105000;11.68;11.704;11.677;11.703;44757
CNYRUBF;5;20260325;105500;11.704;11.724;11.699;11.721;34899
CNYRUBF;5;20260325;110000;11.722;11.724;11.705;11.707;24214
CNYRUBF;5;20260325;110500;11.707;11.717;11.699;11.699;30819
CNYRUBF;5;20260325;111000;11.7;11.7;11.681;11.69;100033
CNYRUBF;5;20260325;111500;11.69;11.693;11.686;11.69;19806
CNYRUBF;5;20260325;112000;11.691;11.693;11.689;11.691;24184
CNYRUBF;5;20260325;112500;11.692;11.699;11.691;11.698;49585
CNYRUBF;5;20260325;113000;11.698;11.7;11.688;11.688;27484
CNYRUBF;5;20260325;113500;11.69;11.691;11.678;11.684;40475
CNYRUBF;5;20260325;114000;11.683;11.685;11.671;11.682;21437
CNYRUBF;5;20260325;114500;11.682;11.688;11.68;11.684;14736
CNYRUBF;5;20260325;115000;11.684;11.687;11.671;11.676;25482
CNYRUBF;5;20260325;115500;11.676;11.689;11.676;11.687;7972
CNYRUBF;5;20260325;120000;11.687;11.688;11.657;11.672;20475
CNYRUBF;5;20260325;120500;11.673;11.686;11.669;11.686;20872
CNYRUBF;5;20260325;121000;11.686;11.699;11.683;11.684;22705
CNYRUBF;5;20260325;121500;11.685;11.695;11.677;11.688;21476
CNYRUBF;5;20260325;122000;11.689;11.7;11.688;11.7;45711
CNYRUBF;5;20260325;122500;11.7;11.705;11.693;11.7;58065
CNYRUBF;5;20260325;123000;11.701;11.705;11.698;11.703;164678
CNYRUBF;5;20260325;123500;11.703;11.71;11.697;11.698;152710
CNYRUBF;5;20260325;124000;11.698;11.704;11.682;11.685;90674
CNYRUBF;5;20260325;124500;11.687;11.695;11.684;11.69;124693
CNYRUBF;5;20260325;125000;11.69;11.71;11.689;11.706;46096
CNYRUBF;5;20260325;125500;11.706;11.708;11.7;11.705;14758
CNYRUBF;5;20260325;130000;11.705;11.714;11.7;11.712;37561
CNYRUBF;5;20260325;130500;11.714;11.714;11.696;11.696;55295
CNYRUBF;5;20260325;131000;11.698;11.7;11.692;11.697;49045
CNYRUBF;5;20260325;131500;11.696;11.699;11.686;11.686;39190
CNYRUBF;5;20260325;132000;11.688;11.692;11.685;11.692;12627
CNYRUBF;5;20260325;132500;11.692;11.692;11.686;11.686;13591
CNYRUBF;5;20260325;133000;11.686;11.686;11.675;11.678;28838
CNYRUBF;5;20260325;133500;11.678;11.686;11.677;11.686;12382
CNYRUBF;5;20260325;134000;11.686;11.689;11.683;11.687;15642
CNYRUBF;5;20260325;134500;11.685;11.686;11.683;11.685;5132
CNYRUBF;5;20260325;135000;11.685;11.69;11.684;11.686;14064
CNYRUBF;5;20260325;135500;11.685;11.692;11.684;11.688;12013
CNYRUBF;5;20260325;140000;11.688;11.689;11.677;11.679;4216
CNYRUBF;5;20260325;140500;11.679;11.684;11.675;11.682;4909
CNYRUBF;5;20260325;141000;11.682;11.689;11.681;11.684;1820
CNYRUBF;5;20260325;141500;11.685;11.688;11.678;11.683;2272
CNYRUBF;5;20260325;142000;11.681;11.683;11.677;11.68;1217
CNYRUBF;5;20260325;142500;11.678;11.682;11.676;11.676;3515
CNYRUBF;5;20260325;143000;11.676;11.676;11.666;11.673;19192
CNYRUBF;5;20260325;143500;11.673;11.678;11.671;11.676;8965
CNYRUBF;5;20260325;144000;11.676;11.679;11.673;11.678;5279
CNYRUBF;5;20260325;144500;11.68;11.681;11.674;11.679;4458
CNYRUBF;5;20260325;145000;11.68;11.681;11.678;11.679;7730
CNYRUBF;5;20260325;145500;11.68;11.681;11.677;11.68;6015
CNYRUBF;5;20260325;150000;11.68;11.694;11.678;11.687;22285
CNYRUBF;5;20260325;150500;11.685;11.692;11.685;11.686;17563
CNYRUBF;5;20260325;151000;11.685;11.699;11.684;11.698;42463
CNYRUBF;5;20260325;151500;11.698;11.702;11.697;11.701;22290
CNYRUBF;5;20260325;152000;11.7;11.701;11.693;11.696;24366
CNYRUBF;5;20260325;152500;11.694;11.7;11.693;11.694;15596
CNYRUBF;5;20260325;153000;11.693;11.699;11.693;11.696;34925
CNYRUBF;5;20260325;153500;11.696;11.699;11.696;11.697;12922
CNYRUBF;5;20260325;154000;11.697;11.699;11.695;11.698;15811
CNYRUBF;5;20260325;154500;11.697;11.703;11.695;11.697;17461
CNYRUBF;5;20260325;155000;11.696;11.713;11.696;11.708;12682
CNYRUBF;5;20260325;155500;11.707;11.714;11.701;11.714;19486
CNYRUBF;5;20260325;160000;11.712;11.723;11.711;11.715;32369
CNYRUBF;5;20260325;160500;11.714;11.715;11.705;11.711;10445
CNYRUBF;5;20260325;161000;11.709;11.718;11.709;11.713;10780
CNYRUBF;5;20260325;161500;11.712;11.719;11.712;11.719;6279
CNYRUBF;5;20260325;162000;11.718;11.719;11.708;11.708;10686
CNYRUBF;5;20260325;162500;11.708;11.716;11.707;11.71;15847
CNYRUBF;5;20260325;163000;11.711;11.715;11.706;11.706;11209
CNYRUBF;5;20260325;163500;11.706;11.71;11.696;11.706;30667
CNYRUBF;5;20260325;164000;11.707;11.708;11.699;11.701;9880
CNYRUBF;5;20260325;164500;11.701;11.702;11.688;11.696;35975
CNYRUBF;5;20260325;165000;11.694;11.7;11.689;11.7;5582
CNYRUBF;5;20260325;165500;11.7;11.704;11.699;11.702;4026
CNYRUBF;5;20260325;170000;11.704;11.706;11.697;11.697;7691
CNYRUBF;5;20260325;170500;11.697;11.703;11.697;11.703;2980
CNYRUBF;5;20260325;171000;11.702;11.71;11.699;11.71;2188
CNYRUBF;5;20260325;171500;11.71;11.724;11.71;11.724;41989
CNYRUBF;5;20260325;172000;11.725;11.728;11.704;11.704;35509
CNYRUBF;5;20260325;172500;11.704;11.721;11.701;11.719;17641
CNYRUBF;5;20260325;173000;11.718;11.738;11.718;11.736;26314
CNYRUBF;5;20260325;173500;11.735;11.737;11.727;11.727;33072
CNYRUBF;5;20260325;174000;11.727;11.734;11.723;11.732;25152
CNYRUBF;5;20260325;174500;11.731;11.746;11.73;11.744;22498
CNYRUBF;5;20260325;175000;11.744;11.744;11.729;11.737;41481
CNYRUBF;5;20260325;175500;11.734;11.753;11.731;11.749;52114
CNYRUBF;5;20260325;180000;11.75;11.777;11.748;11.761;167950
CNYRUBF;5;20260325;180500;11.762;11.767;11.759;11.764;12278
CNYRUBF;5;20260325;181000;11.764;11.778;11.761;11.777;80358
CNYRUBF;5;20260325;181500;11.776;11.787;11.77;11.778;28347
CNYRUBF;5;20260325;182000;11.78;11.788;11.779;11.779;22129
CNYRUBF;5;20260325;182500;11.78;11.789;11.779;11.784;33483
CNYRUBF;5;20260325;183000;11.784;11.787;11.768;11.772;39335
CNYRUBF;5;20260325;183500;11.772;11.778;11.771;11.778;7369
CNYRUBF;5;20260325;184000;11.778;11.79;11.777;11.789;36518
CNYRUBF;5;20260325;184500;11.789;11.8;11.786;11.8;42760
CNYRUBF;5;20260325;185000;11.799;11.821;11.798;11.82;49743
CNYRUBF;5;20260325;185500;11.82;11.823;11.806;11.816;54770
CNYRUBF;5;20260325;190000;11.815;11.834;11.808;11.813;39412
CNYRUBF;5;20260325;190500;11.813;11.849;11.813;11.835;249415
CNYRUBF;5;20260325;191000;11.835;11.838;11.822;11.822;179274
CNYRUBF;5;20260325;191500;11.822;11.823;11.814;11.817;22923
CNYRUBF;5;20260325;192000;11.817;11.826;11.817;11.821;8019
CNYRUBF;5;20260325;192500;11.822;11.833;11.822;11.832;26421
CNYRUBF;5;20260325;193000;11.832;11.835;11.827;11.835;4148
CNYRUBF;5;20260325;193500;11.835;11.841;11.833;11.841;5841
CNYRUBF;5;20260325;194000;11.84;11.857;11.831;11.843;38298
CNYRUBF;5;20260325;194500;11.842;11.845;11.826;11.826;29075
CNYRUBF;5;20260325;195000;11.827;11.832;11.825;11.829;8957
CNYRUBF;5;20260325;195500;11.83;11.83;11.816;11.817;15020
CNYRUBF;5;20260325;200000;11.818;11.825;11.817;11.824;3269
CNYRUBF;5;20260325;200500;11.824;11.836;11.824;11.829;5022
CNYRUBF;5;20260325;201000;11.83;11.84;11.825;11.826;3341
CNYRUBF;5;20260325;201500;11.826;11.834;11.826;11.83;1725
CNYRUBF;5;20260325;202000;11.83;11.832;11.824;11.826;2107
CNYRUBF;5;20260325;202500;11.826;11.835;11.826;11.833;2379
CNYRUBF;5;20260325;203000;11.834;11.834;11.83;11.831;1189
CNYRUBF;5;20260325;203500;11.831;11.831;11.825;11.827;1414
CNYRUBF;5;20260325;204000;11.827;11.832;11.827;11.83;1951
CNYRUBF;5;20260325;204500;11.832;11.834;11.83;11.834;1538
CNYRUBF;5;20260325;205000;11.831;11.833;11.821;11.821;1441
CNYRUBF;5;20260325;205500;11.822;11.826;11.821;11.823;3805
CNYRUBF;5;20260325;210000;11.825;11.838;11.825;11.834;4381
CNYRUBF;5;20260325;210500;11.834;11.84;11.833;11.836;1287
CNYRUBF;5;20260325;211000;11.836;11.836;11.829;11.831;1323
CNYRUBF;5;20260325;211500;11.831;11.842;11.831;11.839;3548
CNYRUBF;5;20260325;212000;11.839;11.843;11.831;11.834;4118
CNYRUBF;5;20260325;212500;11.832;11.832;11.824;11.825;2278
CNYRUBF;5;20260325;213000;11.825;11.829;11.824;11.827;1753
CNYRUBF;5;20260325;213500;11.825;11.827;11.825;11.827;1286
CNYRUBF;5;20260325;214000;11.826;11.827;11.82;11.821;5952
CNYRUBF;5;20260325;214500;11.822;11.823;11.82;11.822;11358
CNYRUBF;5;20260325;215000;11.822;11.823;11.819;11.822;1934
CNYRUBF;5;20260325;215500;11.821;11.821;11.81;11.811;20970
CNYRUBF;5;20260325;220000;11.81;11.815;11.803;11.814;11808
CNYRUBF;5;20260325;220500;11.812;11.814;11.807;11.814;5809
CNYRUBF;5;20260325;221000;11.814;11.821;11.809;11.809;3687
CNYRUBF;5;20260325;221500;11.809;11.819;11.809;11.817;1359
CNYRUBF;5;20260325;222000;11.817;11.818;11.81;11.81;741
CNYRUBF;5;20260325;222500;11.81;11.816;11.81;11.814;2100
CNYRUBF;5;20260325;223000;11.814;11.817;11.813;11.815;784
CNYRUBF;5;20260325;223500;11.814;11.818;11.814;11.818;946
CNYRUBF;5;20260325;224000;11.817;11.817;11.814;11.815;381
CNYRUBF;5;20260325;224500;11.815;11.817;11.815;11.817;255
CNYRUBF;5;20260325;225000;11.817;11.819;11.814;11.814;1064
CNYRUBF;5;20260325;225500;11.814;11.848;11.813;11.819;12319
CNYRUBF;5;20260325;230000;11.817;11.819;11.812;11.819;7145
CNYRUBF;5;20260325;230500;11.819;11.82;11.815;11.817;1213
CNYRUBF;5;20260325;231000;11.817;11.818;11.816;11.816;1519
CNYRUBF;5;20260325;231500;11.817;11.823;11.817;11.823;4086
CNYRUBF;5;20260325;232000;11.823;11.827;11.821;11.826;9347
CNYRUBF;5;20260325;232500;11.826;11.827;11.821;11.821;1017
CNYRUBF;5;20260325;233000;11.82;11.822;11.818;11.819;1220
CNYRUBF;5;20260325;233500;11.82;11.822;11.816;11.82;1147
CNYRUBF;5;20260325;234000;11.818;11.825;11.809;11.818;1547
CNYRUBF;5;20260325;234500;11.818;11.818;11.809;11.812;1311
CNYRUBF;5;20260326;085500;11.818;11.818;11.818;11.818;34
CNYRUBF;5;20260326;090000;11.817;11.829;11.81;11.819;14647
CNYRUBF;5;20260326;090500;11.82;11.83;11.819;11.83;14937
CNYRUBF;5;20260326;091000;11.828;11.837;11.819;11.82;10452
CNYRUBF;5;20260326;091500;11.819;11.832;11.819;11.829;6780
CNYRUBF;5;20260326;092000;11.828;11.829;11.823;11.827;2850
CNYRUBF;5;20260326;092500;11.826;11.83;11.826;11.83;2190
CNYRUBF;5;20260326;093000;11.83;11.832;11.825;11.83;2747
CNYRUBF;5;20260326;093500;11.827;11.832;11.827;11.832;2050
CNYRUBF;5;20260326;094000;11.831;11.832;11.828;11.832;1966
CNYRUBF;5;20260326;094500;11.831;11.839;11.831;11.839;9254
CNYRUBF;5;20260326;095000;11.839;11.846;11.838;11.844;9300
CNYRUBF;5;20260326;095500;11.844;11.847;11.836;11.84;12585
CNYRUBF;5;20260326;100000;11.84;11.904;11.84;11.904;129148
CNYRUBF;5;20260326;100500;11.904;11.94;11.898;11.929;218645
CNYRUBF;5;20260326;101000;11.931;11.985;11.93;11.954;232134
CNYRUBF;5;20260326;101500;11.954;11.979;11.945;11.966;140820
CNYRUBF;5;20260326;102000;11.967;11.97;11.944;11.949;58071
CNYRUBF;5;20260326;102500;11.95;11.953;11.918;11.923;213068
CNYRUBF;5;20260326;103000;11.925;11.941;11.894;11.905;180429
CNYRUBF;5;20260326;103500;11.905;11.914;11.901;11.909;28579
CNYRUBF;5;20260326;104000;11.909;11.91;11.894;11.896;44284
CNYRUBF;5;20260326;104500;11.896;11.904;11.887;11.894;183533
CNYRUBF;5;20260326;105000;11.894;11.911;11.89;11.911;69864
CNYRUBF;5;20260326;105500;11.911;11.919;11.899;11.915;54350
CNYRUBF;5;20260326;110000;11.915;11.926;11.908;11.913;30123
CNYRUBF;5;20260326;110500;11.914;11.921;11.905;11.906;33450
CNYRUBF;5;20260326;111000;11.908;11.913;11.904;11.905;29119
CNYRUBF;5;20260326;111500;11.906;11.914;11.905;11.907;17305
CNYRUBF;5;20260326;112000;11.907;11.907;11.891;11.893;42835
CNYRUBF;5;20260326;112500;11.894;11.9;11.892;11.893;26557
CNYRUBF;5;20260326;113000;11.894;11.9;11.872;11.891;73483
CNYRUBF;5;20260326;113500;11.891;11.903;11.889;11.898;33402
CNYRUBF;5;20260326;114000;11.899;11.906;11.895;11.898;21795
CNYRUBF;5;20260326;114500;11.898;11.908;11.894;11.906;14129
CNYRUBF;5;20260326;115000;11.906;11.911;11.902;11.909;11846
CNYRUBF;5;20260326;115500;11.91;11.911;11.893;11.904;20819
CNYRUBF;5;20260326;120000;11.905;11.91;11.899;11.899;10849
CNYRUBF;5;20260326;120500;11.9;11.906;11.893;11.904;14863
CNYRUBF;5;20260326;121000;11.905;11.906;11.898;11.899;29274
CNYRUBF;5;20260326;121500;11.901;11.903;11.889;11.89;27135
CNYRUBF;5;20260326;122000;11.891;11.894;11.882;11.884;20810
CNYRUBF;5;20260326;122500;11.884;11.888;11.88;11.883;26662
CNYRUBF;5;20260326;123000;11.884;11.884;11.871;11.877;51987
CNYRUBF;5;20260326;123500;11.878;11.886;11.875;11.883;23334
CNYRUBF;5;20260326;124000;11.883;11.884;11.85;11.861;104563
CNYRUBF;5;20260326;124500;11.862;11.863;11.852;11.861;19156
CNYRUBF;5;20260326;125000;11.86;11.86;11.844;11.845;38100
CNYRUBF;5;20260326;125500;11.846;11.851;11.842;11.848;37158
CNYRUBF;5;20260326;130000;11.849;11.849;11.835;11.842;119282
CNYRUBF;5;20260326;130500;11.843;11.867;11.841;11.86;63235
CNYRUBF;5;20260326;131000;11.861;11.869;11.858;11.861;228456
CNYRUBF;5;20260326;131500;11.861;11.873;11.859;11.866;275813
CNYRUBF;5;20260326;132000;11.866;11.876;11.864;11.869;89322
CNYRUBF;5;20260326;132500;11.869;11.885;11.864;11.877;55785
CNYRUBF;5;20260326;133000;11.875;11.887;11.867;11.878;82660
CNYRUBF;5;20260326;133500;11.878;11.884;11.876;11.883;39420
CNYRUBF;5;20260326;134000;11.882;11.887;11.88;11.882;7374
CNYRUBF;5;20260326;134500;11.882;11.889;11.879;11.884;45807
CNYRUBF;5;20260326;135000;11.883;11.887;11.882;11.885;39456
CNYRUBF;5;20260326;135500;11.886;11.887;11.878;11.881;49469
CNYRUBF;5;20260326;140000;11.881;11.881;11.87;11.878;88344
CNYRUBF;5;20260326;140500;11.878;11.883;11.871;11.871;53434
CNYRUBF;5;20260326;141000;11.871;11.883;11.868;11.881;63363
CNYRUBF;5;20260326;141500;11.88;11.889;11.876;11.887;21777
CNYRUBF;5;20260326;142000;11.887;11.889;11.874;11.885;21438
CNYRUBF;5;20260326;142500;11.885;11.894;11.885;11.889;23331
CNYRUBF;5;20260326;143000;11.887;11.894;11.882;11.89;61882
CNYRUBF;5;20260326;143500;11.89;11.909;11.885;11.89;59264
CNYRUBF;5;20260326;144000;11.891;11.891;11.882;11.888;24775
CNYRUBF;5;20260326;144500;11.891;11.909;11.887;11.908;90067
CNYRUBF;5;20260326;145000;11.908;11.918;11.901;11.906;70729
CNYRUBF;5;20260326;145500;11.906;11.907;11.897;11.901;33316
CNYRUBF;5;20260326;150000;11.9;11.907;11.891;11.897;32598
CNYRUBF;5;20260326;150500;11.895;11.912;11.894;11.907;25702
CNYRUBF;5;20260326;151000;11.907;11.912;11.899;11.904;68161
CNYRUBF;5;20260326;151500;11.902;11.912;11.897;11.897;155819
CNYRUBF;5;20260326;152000;11.897;11.903;11.886;11.888;74159
CNYRUBF;5;20260326;152500;11.887;11.898;11.881;11.881;53183
CNYRUBF;5;20260326;153000;11.881;11.883;11.868;11.869;134061
CNYRUBF;5;20260326;153500;11.869;11.884;11.868;11.883;30472
CNYRUBF;5;20260326;154000;11.882;11.883;11.873;11.877;31542
CNYRUBF;5;20260326;154500;11.877;11.878;11.866;11.874;30653
CNYRUBF;5;20260326;155000;11.873;11.879;11.855;11.858;170174
CNYRUBF;5;20260326;155500;11.857;11.857;11.83;11.843;305704
CNYRUBF;5;20260326;160000;11.842;11.844;11.788;11.791;277748
CNYRUBF;5;20260326;160500;11.792;11.817;11.783;11.811;172848
CNYRUBF;5;20260326;161000;11.81;11.818;11.799;11.805;110749
CNYRUBF;5;20260326;161500;11.805;11.82;11.799;11.817;51431
CNYRUBF;5;20260326;162000;11.816;11.839;11.815;11.825;38260
CNYRUBF;5;20260326;162500;11.825;11.83;11.812;11.814;31703
CNYRUBF;5;20260326;163000;11.814;11.825;11.797;11.806;67527
CNYRUBF;5;20260326;163500;11.808;11.809;11.752;11.76;202458
CNYRUBF;5;20260326;164000;11.759;11.786;11.758;11.778;250254
CNYRUBF;5;20260326;164500;11.778;11.786;11.769;11.779;107174
CNYRUBF;5;20260326;165000;11.78;11.78;11.766;11.774;81936
CNYRUBF;5;20260326;165500;11.774;11.775;11.755;11.758;134789
CNYRUBF;5;20260326;170000;11.758;11.758;11.731;11.735;140755
CNYRUBF;5;20260326;170500;11.735;11.763;11.731;11.758;388111
CNYRUBF;5;20260326;171000;11.758;11.769;11.755;11.768;71919
CNYRUBF;5;20260326;171500;11.768;11.78;11.759;11.779;59554
CNYRUBF;5;20260326;172000;11.779;11.78;11.765;11.77;56440
CNYRUBF;5;20260326;172500;11.769;11.784;11.764;11.768;61866
CNYRUBF;5;20260326;173000;11.767;11.773;11.755;11.761;105453
CNYRUBF;5;20260326;173500;11.759;11.765;11.753;11.753;105100
CNYRUBF;5;20260326;174000;11.753;11.754;11.731;11.741;101236
CNYRUBF;5;20260326;174500;11.741;11.763;11.739;11.759;81492
CNYRUBF;5;20260326;175000;11.759;11.762;11.723;11.724;76408
CNYRUBF;5;20260326;175500;11.724;11.731;11.7;11.7;88800
CNYRUBF;5;20260326;180000;11.699;11.702;11.685;11.693;88552
CNYRUBF;5;20260326;180500;11.691;11.706;11.683;11.698;126024
CNYRUBF;5;20260326;181000;11.697;11.714;11.695;11.712;82853
CNYRUBF;5;20260326;181500;11.712;11.717;11.708;11.715;43675
CNYRUBF;5;20260326;182000;11.715;11.717;11.704;11.714;20830
CNYRUBF;5;20260326;182500;11.714;11.72;11.71;11.71;9725
CNYRUBF;5;20260326;183000;11.709;11.711;11.683;11.69;37349
CNYRUBF;5;20260326;183500;11.689;11.694;11.68;11.692;53521
CNYRUBF;5;20260326;184000;11.691;11.706;11.686;11.702;48765
CNYRUBF;5;20260326;184500;11.702;11.705;11.685;11.685;37670
CNYRUBF;5;20260326;185000;11.685;11.687;11.672;11.677;16219
CNYRUBF;5;20260326;185500;11.677;11.684;11.675;11.681;13614
CNYRUBF;5;20260326;190000;11.681;11.7;11.68;11.697;11456
CNYRUBF;5;20260326;190500;11.695;11.697;11.687;11.688;11731
CNYRUBF;5;20260326;191000;11.687;11.696;11.687;11.691;5601
CNYRUBF;5;20260326;191500;11.691;11.696;11.689;11.696;1941
CNYRUBF;5;20260326;192000;11.696;11.71;11.691;11.71;22908
CNYRUBF;5;20260326;192500;11.71;11.711;11.7;11.7;10498
CNYRUBF;5;20260326;193000;11.7;11.705;11.7;11.701;2744
CNYRUBF;5;20260326;193500;11.701;11.703;11.696;11.699;2503
CNYRUBF;5;20260326;194000;11.699;11.7;11.693;11.697;2480
CNYRUBF;5;20260326;194500;11.699;11.707;11.696;11.706;4184
CNYRUBF;5;20260326;195000;11.706;11.708;11.705;11.706;1220
CNYRUBF;5;20260326;195500;11.706;11.706;11.7;11.701;2237
CNYRUBF;5;20260326;200000;11.7;11.7;11.685;11.687;11844
CNYRUBF;5;20260326;200500;11.687;11.694;11.682;11.691;7277
CNYRUBF;5;20260326;201000;11.692;11.696;11.691;11.691;2667
CNYRUBF;5;20260326;201500;11.691;11.705;11.691;11.696;5340
CNYRUBF;5;20260326;202000;11.695;11.697;11.692;11.693;1254
CNYRUBF;5;20260326;202500;11.692;11.693;11.689;11.692;5617
CNYRUBF;5;20260326;203000;11.69;11.69;11.682;11.685;3479
CNYRUBF;5;20260326;203500;11.685;11.687;11.662;11.669;12869
CNYRUBF;5;20260326;204000;11.669;11.677;11.669;11.675;2281
CNYRUBF;5;20260326;204500;11.675;11.676;11.667;11.67;4839
CNYRUBF;5;20260326;205000;11.672;11.675;11.669;11.675;5479
CNYRUBF;5;20260326;205500;11.674;11.683;11.674;11.679;2639
CNYRUBF;5;20260326;210000;11.676;11.683;11.676;11.68;1891
CNYRUBF;5;20260326;210500;11.68;11.683;11.675;11.68;1395
CNYRUBF;5;20260326;211000;11.68;11.682;11.679;11.681;5094
CNYRUBF;5;20260326;211500;11.682;11.687;11.681;11.684;6117
CNYRUBF;5;20260326;212000;11.682;11.684;11.679;11.679;5141
CNYRUBF;5;20260326;212500;11.68;11.682;11.679;11.682;2348
CNYRUBF;5;20260326;213000;11.681;11.686;11.681;11.685;728
CNYRUBF;5;20260326;213500;11.685;11.692;11.685;11.69;2512
CNYRUBF;5;20260326;214000;11.691;11.694;11.688;11.689;1519
CNYRUBF;5;20260326;214500;11.689;11.689;11.679;11.685;6134
CNYRUBF;5;20260326;215000;11.685;11.686;11.683;11.686;606
CNYRUBF;5;20260326;215500;11.685;11.689;11.683;11.684;8556
CNYRUBF;5;20260326;220000;11.683;11.683;11.68;11.68;631
CNYRUBF;5;20260326;220500;11.68;11.681;11.68;11.68;33173
CNYRUBF;5;20260326;221000;11.68;11.681;11.68;11.681;2059
CNYRUBF;5;20260326;221500;11.681;11.681;11.68;11.681;1232
CNYRUBF;5;20260326;222000;11.681;11.686;11.68;11.686;2650
CNYRUBF;5;20260326;222500;11.685;11.685;11.684;11.684;559
CNYRUBF;5;20260326;223000;11.682;11.684;11.681;11.684;406
CNYRUBF;5;20260326;223500;11.684;11.692;11.684;11.689;2393
CNYRUBF;5;20260326;224000;11.689;11.691;11.686;11.686;1500
CNYRUBF;5;20260326;224500;11.686;11.686;11.685;11.686;122
CNYRUBF;5;20260326;225000;11.686;11.691;11.686;11.691;536
CNYRUBF;5;20260326;225500;11.691;11.691;11.688;11.691;516
CNYRUBF;5;20260326;230000;11.69;11.692;11.688;11.689;3246
CNYRUBF;5;20260326;230500;11.689;11.689;11.686;11.688;2660
CNYRUBF;5;20260326;231000;11.687;11.697;11.672;11.683;19098
CNYRUBF;5;20260326;231500;11.683;11.691;11.678;11.68;7153
CNYRUBF;5;20260326;232000;11.683;11.694;11.68;11.69;5888
CNYRUBF;5;20260326;232500;11.687;11.691;11.683;11.69;2081
CNYRUBF;5;20260326;233000;11.689;11.692;11.685;11.687;2316
CNYRUBF;5;20260326;233500;11.687;11.689;11.683;11.686;1020
CNYRUBF;5;20260326;234000;11.688;11.688;11.677;11.68;8497
CNYRUBF;5;20260326;234500;11.679;11.695;11.679;11.69;5356
CNYRUBF;5;20260327;085500;11.689;11.689;11.689;11.689;171
CNYRUBF;5;20260327;090000;11.688;11.699;11.658;11.684;23099
CNYRUBF;5;20260327;090500;11.684;11.69;11.671;11.679;7053
CNYRUBF;5;20260327;091000;11.678;11.686;11.671;11.685;6112
CNYRUBF;5;20260327;091500;11.682;11.685;11.668;11.669;2933
CNYRUBF;5;20260327;092000;11.668;11.672;11.665;11.666;6191
CNYRUBF;5;20260327;092500;11.666;11.675;11.666;11.666;3578
CNYRUBF;5;20260327;093000;11.666;11.67;11.663;11.669;5454
CNYRUBF;5;20260327;093500;11.667;11.669;11.655;11.658;21211
CNYRUBF;5;20260327;094000;11.658;11.666;11.653;11.658;14588
CNYRUBF;5;20260327;094500;11.66;11.67;11.659;11.66;9906
CNYRUBF;5;20260327;095000;11.66;11.666;11.651;11.663;44152
CNYRUBF;5;20260327;095500;11.664;11.672;11.659;11.664;7575
CNYRUBF;5;20260327;100000;11.661;11.715;11.625;11.708;177994
CNYRUBF;5;20260327;100500;11.707;11.718;11.695;11.701;237922
CNYRUBF;5;20260327;101000;11.701;11.745;11.699;11.713;331363
CNYRUBF;5;20260327;101500;11.713;11.717;11.699;11.7;185966
CNYRUBF;5;20260327;102000;11.701;11.703;11.69;11.696;142221
CNYRUBF;5;20260327;102500;11.697;11.716;11.691;11.701;113574
CNYRUBF;5;20260327;103000;11.703;11.705;11.691;11.697;264593
CNYRUBF;5;20260327;103500;11.697;11.727;11.696;11.713;98949
CNYRUBF;5;20260327;104000;11.715;11.72;11.71;11.71;49027
CNYRUBF;5;20260327;104500;11.71;11.719;11.71;11.718;42429
CNYRUBF;5;20260327;105000;11.719;11.735;11.71;11.711;53853
CNYRUBF;5;20260327;105500;11.712;11.723;11.71;11.71;34232
CNYRUBF;5;20260327;110000;11.711;11.713;11.687;11.687;98112
CNYRUBF;5;20260327;110500;11.686;11.688;11.668;11.674;51807
CNYRUBF;5;20260327;111000;11.675;11.691;11.667;11.677;37671
CNYRUBF;5;20260327;111500;11.679;11.685;11.668;11.683;15609
CNYRUBF;5;20260327;112000;11.683;11.694;11.676;11.676;12447
CNYRUBF;5;20260327;112500;11.676;11.677;11.655;11.655;61684
CNYRUBF;5;20260327;113000;11.655;11.674;11.655;11.672;36026
CNYRUBF;5;20260327;113500;11.672;11.682;11.666;11.682;30041
CNYRUBF;5;20260327;114000;11.681;11.685;11.67;11.674;60621
CNYRUBF;5;20260327;114500;11.674;11.678;11.664;11.67;17991
CNYRUBF;5;20260327;115000;11.67;11.681;11.668;11.68;33656
CNYRUBF;5;20260327;115500;11.68;11.689;11.662;11.667;120391
CNYRUBF;5;20260327;120000;11.668;11.714;11.659;11.712;121236
CNYRUBF;5;20260327;120500;11.713;11.72;11.676;11.703;106178
CNYRUBF;5;20260327;121000;11.704;11.738;11.703;11.723;62658
CNYRUBF;5;20260327;121500;11.724;11.754;11.723;11.75;64684
CNYRUBF;5;20260327;122000;11.751;11.78;11.751;11.763;137714
CNYRUBF;5;20260327;122500;11.764;11.771;11.748;11.751;138326
CNYRUBF;5;20260327;123000;11.751;11.759;11.737;11.752;234348
CNYRUBF;5;20260327;123500;11.752;11.776;11.752;11.766;71512
CNYRUBF;5;20260327;124000;11.766;11.769;11.747;11.757;34512
CNYRUBF;5;20260327;124500;11.757;11.761;11.75;11.752;36795
CNYRUBF;5;20260327;125000;11.753;11.768;11.752;11.764;55770
CNYRUBF;5;20260327;125500;11.766;11.784;11.765;11.782;363312
CNYRUBF;5;20260327;130000;11.782;11.8;11.782;11.79;175483
CNYRUBF;5;20260327;130500;11.793;11.797;11.774;11.776;89743
CNYRUBF;5;20260327;131000;11.776;11.777;11.767;11.772;37291
CNYRUBF;5;20260327;131500;11.773;11.78;11.772;11.777;50342
CNYRUBF;5;20260327;132000;11.775;11.778;11.76;11.762;46125
CNYRUBF;5;20260327;132500;11.761;11.768;11.754;11.754;24901
CNYRUBF;5;20260327;133000;11.755;11.758;11.75;11.75;20678
CNYRUBF;5;20260327;133500;11.751;11.76;11.739;11.741;101093
CNYRUBF;5;20260327;134000;11.741;11.753;11.74;11.742;64478
CNYRUBF;5;20260327;134500;11.743;11.751;11.738;11.745;129344
CNYRUBF;5;20260327;135000;11.745;11.749;11.736;11.739;49610
CNYRUBF;5;20260327;135500;11.74;11.764;11.739;11.764;82410
CNYRUBF;5;20260327;140000;11.764;11.764;11.721;11.73;66942
CNYRUBF;5;20260327;140500;11.73;11.751;11.725;11.75;32099
CNYRUBF;5;20260327;141000;11.751;11.769;11.743;11.744;32097
CNYRUBF;5;20260327;141500;11.745;11.758;11.732;11.754;27497
CNYRUBF;5;20260327;142000;11.754;11.764;11.748;11.762;23324
CNYRUBF;5;20260327;142500;11.762;11.778;11.762;11.763;43531
CNYRUBF;5;20260327;143000;11.764;11.767;11.758;11.759;3673
CNYRUBF;5;20260327;143500;11.759;11.761;11.756;11.756;5493
CNYRUBF;5;20260327;144000;11.757;11.764;11.757;11.762;10913
CNYRUBF;5;20260327;144500;11.763;11.764;11.755;11.758;8441
CNYRUBF;5;20260327;145000;11.756;11.758;11.737;11.743;18512
CNYRUBF;5;20260327;145500;11.744;11.745;11.74;11.744;21702
CNYRUBF;5;20260327;150000;11.745;11.749;11.714;11.718;68351
CNYRUBF;5;20260327;150500;11.718;11.729;11.714;11.724;65637
CNYRUBF;5;20260327;151000;11.726;11.726;11.704;11.719;88617
CNYRUBF;5;20260327;151500;11.719;11.725;11.707;11.72;27284
CNYRUBF;5;20260327;152000;11.72;11.728;11.711;11.714;36301
CNYRUBF;5;20260327;152500;11.714;11.724;11.707;11.713;54419
CNYRUBF;5;20260327;153000;11.712;11.713;11.702;11.705;18933
CNYRUBF;5;20260327;153500;11.706;11.715;11.704;11.712;8816
CNYRUBF;5;20260327;154000;11.711;11.717;11.708;11.715;11272
CNYRUBF;5;20260327;154500;11.715;11.731;11.713;11.721;20864
CNYRUBF;5;20260327;155000;11.721;11.724;11.706;11.718;7757
CNYRUBF;5;20260327;155500;11.718;11.724;11.717;11.721;8974
CNYRUBF;5;20260327;160000;11.72;11.725;11.709;11.714;16249
CNYRUBF;5;20260327;160500;11.714;11.72;11.712;11.716;9701
CNYRUBF;5;20260327;161000;11.715;11.715;11.706;11.707;42510
CNYRUBF;5;20260327;161500;11.706;11.711;11.703;11.705;44279
CNYRUBF;5;20260327;162000;11.705;11.706;11.688;11.696;55104
CNYRUBF;5;20260327;162500;11.695;11.701;11.691;11.695;44922
CNYRUBF;5;20260327;163000;11.695;11.7;11.693;11.698;19965
CNYRUBF;5;20260327;163500;11.698;11.716;11.697;11.708;40843
CNYRUBF;5;20260327;164000;11.707;11.724;11.702;11.71;27590
CNYRUBF;5;20260327;164500;11.709;11.738;11.706;11.728;131005
CNYRUBF;5;20260327;165000;11.728;11.74;11.723;11.734;50290
CNYRUBF;5;20260327;165500;11.735;11.735;11.725;11.73;35741
CNYRUBF;5;20260327;170000;11.73;11.745;11.73;11.734;22218
CNYRUBF;5;20260327;170500;11.735;11.762;11.733;11.739;70038
CNYRUBF;5;20260327;171000;11.741;11.741;11.733;11.734;19270
CNYRUBF;5;20260327;171500;11.734;11.737;11.723;11.736;30385
CNYRUBF;5;20260327;172000;11.736;11.751;11.734;11.74;34709
CNYRUBF;5;20260327;172500;11.742;11.747;11.737;11.737;24253
CNYRUBF;5;20260327;173000;11.737;11.744;11.725;11.733;16645
CNYRUBF;5;20260327;173500;11.73;11.742;11.727;11.742;17294
CNYRUBF;5;20260327;174000;11.742;11.748;11.734;11.74;13724
CNYRUBF;5;20260327;174500;11.74;11.75;11.737;11.749;13643
CNYRUBF;5;20260327;175000;11.746;11.778;11.746;11.778;56610
CNYRUBF;5;20260327;175500;11.779;11.795;11.768;11.77;107656
CNYRUBF;5;20260327;180000;11.769;11.792;11.769;11.787;40050
CNYRUBF;5;20260327;180500;11.787;11.818;11.786;11.799;96562
CNYRUBF;5;20260327;181000;11.799;11.799;11.769;11.781;54323
CNYRUBF;5;20260327;181500;11.782;11.782;11.77;11.779;14089
CNYRUBF;5;20260327;182000;11.78;11.79;11.763;11.786;24090
CNYRUBF;5;20260327;182500;11.786;11.813;11.785;11.812;26575
CNYRUBF;5;20260327;183000;11.813;11.832;11.799;11.801;132577
CNYRUBF;5;20260327;183500;11.803;11.812;11.795;11.808;23779
CNYRUBF;5;20260327;184000;11.808;11.813;11.801;11.803;7330
CNYRUBF;5;20260327;184500;11.803;11.821;11.803;11.82;17508
CNYRUBF;5;20260327;185000;11.818;11.84;11.816;11.833;41992
CNYRUBF;5;20260327;185500;11.834;11.834;11.815;11.827;34041
CNYRUBF;5;20260327;190000;11.826;11.829;11.806;11.808;10727
CNYRUBF;5;20260327;190500;11.809;11.81;11.806;11.808;1620
CNYRUBF;5;20260327;191000;11.808;11.817;11.802;11.803;6471
CNYRUBF;5;20260327;191500;11.802;11.803;11.79;11.796;10731
CNYRUBF;5;20260327;192000;11.796;11.796;11.791;11.793;2552
CNYRUBF;5;20260327;192500;11.794;11.805;11.794;11.799;2701
CNYRUBF;5;20260327;193000;11.798;11.802;11.788;11.79;2650
CNYRUBF;5;20260327;193500;11.794;11.797;11.79;11.792;375
CNYRUBF;5;20260327;194000;11.793;11.801;11.789;11.789;944
CNYRUBF;5;20260327;194500;11.789;11.793;11.787;11.793;1110
CNYRUBF;5;20260327;195000;11.792;11.793;11.788;11.788;1676
CNYRUBF;5;20260327;195500;11.789;11.789;11.78;11.781;1628
CNYRUBF;5;20260327;200000;11.781;11.786;11.781;11.785;1419
CNYRUBF;5;20260327;200500;11.785;11.786;11.784;11.786;759
CNYRUBF;5;20260327;201000;11.785;11.785;11.78;11.78;1075
CNYRUBF;5;20260327;201500;11.781;11.785;11.781;11.781;1913
CNYRUBF;5;20260327;202000;11.781;11.788;11.779;11.788;3111
CNYRUBF;5;20260327;202500;11.788;11.788;11.779;11.781;1790
CNYRUBF;5;20260327;203000;11.78;11.783;11.779;11.781;646
CNYRUBF;5;20260327;203500;11.782;11.786;11.782;11.786;212
CNYRUBF;5;20260327;204000;11.788;11.789;11.785;11.785;867
CNYRUBF;5;20260327;204500;11.785;11.788;11.784;11.788;474
CNYRUBF;5;20260327;205000;11.785;11.787;11.784;11.786;1102
CNYRUBF;5;20260327;205500;11.786;11.792;11.784;11.79;1979
CNYRUBF;5;20260327;210000;11.79;11.791;11.787;11.789;397
CNYRUBF;5;20260327;210500;11.79;11.79;11.789;11.79;380
CNYRUBF;5;20260327;211000;11.79;11.805;11.79;11.8;6021
CNYRUBF;5;20260327;211500;11.8;11.809;11.797;11.809;4430
CNYRUBF;5;20260327;212000;11.809;11.813;11.806;11.806;4634
CNYRUBF;5;20260327;212500;11.808;11.812;11.808;11.811;1291
CNYRUBF;5;20260327;213000;11.812;11.814;11.806;11.808;2182
CNYRUBF;5;20260327;213500;11.809;11.81;11.798;11.801;2521
CNYRUBF;5;20260327;214000;11.801;11.805;11.801;11.803;712
CNYRUBF;5;20260327;214500;11.802;11.802;11.798;11.798;1371
CNYRUBF;5;20260327;215000;11.799;11.805;11.798;11.804;9463
CNYRUBF;5;20260327;215500;11.804;11.805;11.801;11.802;1946
CNYRUBF;5;20260327;220000;11.803;11.803;11.801;11.803;756
CNYRUBF;5;20260327;220500;11.802;11.812;11.802;11.812;934
CNYRUBF;5;20260327;221000;11.812;11.812;11.803;11.803;866
CNYRUBF;5;20260327;221500;11.803;11.807;11.803;11.804;591
CNYRUBF;5;20260327;222000;11.804;11.808;11.803;11.807;230
CNYRUBF;5;20260327;222500;11.807;11.81;11.806;11.806;5067
CNYRUBF;5;20260327;223000;11.806;11.807;11.801;11.801;1168
CNYRUBF;5;20260327;223500;11.802;11.804;11.801;11.801;558
CNYRUBF;5;20260327;224000;11.801;11.804;11.798;11.8;2606
CNYRUBF;5;20260327;224500;11.802;11.804;11.8;11.8;1212
CNYRUBF;5;20260327;225000;11.801;11.802;11.8;11.802;160
CNYRUBF;5;20260327;225500;11.802;11.805;11.798;11.798;3250
CNYRUBF;5;20260327;230000;11.799;11.8;11.798;11.799;1261
CNYRUBF;5;20260327;230500;11.798;11.799;11.797;11.797;398
CNYRUBF;5;20260327;231000;11.798;11.802;11.797;11.8;1721
CNYRUBF;5;20260327;231500;11.799;11.802;11.798;11.802;963
CNYRUBF;5;20260327;232000;11.802;11.804;11.798;11.801;670
CNYRUBF;5;20260327;232500;11.8;11.801;11.799;11.8;561
CNYRUBF;5;20260327;233000;11.8;11.802;11.8;11.802;1639
CNYRUBF;5;20260327;233500;11.802;11.805;11.8;11.8;1757
CNYRUBF;5;20260327;234000;11.8;11.803;11.8;11.801;201
CNYRUBF;5;20260327;234500;11.801;11.803;11.799;11.799;1644
CNYRUBF;5;20260330;085500;11.809;11.809;11.809;11.809;66
CNYRUBF;5;20260330;090000;11.809;11.838;11.796;11.826;30297
CNYRUBF;5;20260330;090500;11.82;11.84;11.819;11.833;22483
CNYRUBF;5;20260330;091000;11.832;11.839;11.822;11.823;7531
CNYRUBF;5;20260330;091500;11.823;11.834;11.822;11.826;5516
CNYRUBF;5;20260330;092000;11.826;11.84;11.826;11.831;3947
CNYRUBF;5;20260330;092500;11.831;11.834;11.828;11.833;1260
CNYRUBF;5;20260330;093000;11.832;11.848;11.832;11.842;15469
CNYRUBF;5;20260330;093500;11.841;11.848;11.836;11.84;5714
CNYRUBF;5;20260330;094000;11.84;11.844;11.826;11.83;5988
CNYRUBF;5;20260330;094500;11.83;11.834;11.826;11.833;2739
CNYRUBF;5;20260330;095000;11.83;11.835;11.824;11.835;4738
CNYRUBF;5;20260330;095500;11.835;11.835;11.823;11.828;2347
CNYRUBF;5;20260330;100000;11.825;11.861;11.795;11.812;111265
CNYRUBF;5;20260330;100500;11.811;11.816;11.793;11.8;48967
CNYRUBF;5;20260330;101000;11.799;11.805;11.778;11.78;140642
CNYRUBF;5;20260330;101500;11.779;11.785;11.755;11.783;152698
CNYRUBF;5;20260330;102000;11.783;11.8;11.78;11.8;94623
CNYRUBF;5;20260330;102500;11.799;11.799;11.788;11.793;30122
CNYRUBF;5;20260330;103000;11.792;11.797;11.789;11.794;23528
CNYRUBF;5;20260330;103500;11.794;11.794;11.782;11.786;33450
CNYRUBF;5;20260330;104000;11.786;11.798;11.782;11.794;32491
CNYRUBF;5;20260330;104500;11.794;11.807;11.789;11.803;54580
CNYRUBF;5;20260330;105000;11.804;11.804;11.788;11.789;23255
CNYRUBF;5;20260330;105500;11.789;11.792;11.784;11.79;15919
CNYRUBF;5;20260330;110000;11.79;11.797;11.789;11.797;20584
CNYRUBF;5;20260330;110500;11.797;11.806;11.791;11.806;18596
CNYRUBF;5;20260330;111000;11.805;11.805;11.792;11.793;21345
CNYRUBF;5;20260330;111500;11.793;11.796;11.79;11.792;14320
CNYRUBF;5;20260330;112000;11.793;11.795;11.785;11.785;29059
CNYRUBF;5;20260330;112500;11.786;11.786;11.776;11.785;22796
CNYRUBF;5;20260330;113000;11.784;11.785;11.779;11.783;16880
CNYRUBF;5;20260330;113500;11.783;11.784;11.768;11.77;26822
CNYRUBF;5;20260330;114000;11.77;11.772;11.766;11.768;10700
CNYRUBF;5;20260330;114500;11.768;11.773;11.753;11.757;48131
CNYRUBF;5;20260330;115000;11.757;11.759;11.749;11.759;47250
CNYRUBF;5;20260330;115500;11.759;11.765;11.757;11.764;7051
CNYRUBF;5;20260330;120000;11.763;11.764;11.741;11.741;26130
CNYRUBF;5;20260330;120500;11.741;11.744;11.728;11.73;48662
CNYRUBF;5;20260330;121000;11.73;11.74;11.719;11.719;37782
CNYRUBF;5;20260330;121500;11.719;11.723;11.704;11.716;54711
CNYRUBF;5;20260330;122000;11.716;11.736;11.714;11.735;38740
CNYRUBF;5;20260330;122500;11.732;11.734;11.718;11.719;15958
CNYRUBF;5;20260330;123000;11.719;11.729;11.714;11.724;21143
CNYRUBF;5;20260330;123500;11.725;11.734;11.723;11.731;32516
CNYRUBF;5;20260330;124000;11.73;11.731;11.724;11.728;62436
CNYRUBF;5;20260330;124500;11.728;11.736;11.725;11.729;23670
CNYRUBF;5;20260330;125000;11.728;11.733;11.72;11.721;52201
CNYRUBF;5;20260330;125500;11.721;11.732;11.718;11.723;23217
CNYRUBF;5;20260330;130000;11.722;11.725;11.71;11.719;21248
CNYRUBF;5;20260330;130500;11.718;11.719;11.701;11.709;53877
CNYRUBF;5;20260330;131000;11.709;11.71;11.694;11.705;70786
CNYRUBF;5;20260330;131500;11.705;11.705;11.694;11.697;24357
CNYRUBF;5;20260330;132000;11.696;11.698;11.68;11.685;64321
CNYRUBF;5;20260330;132500;11.684;11.691;11.678;11.685;61314
CNYRUBF;5;20260330;133000;11.685;11.697;11.68;11.697;26049
CNYRUBF;5;20260330;133500;11.697;11.7;11.694;11.698;25011
CNYRUBF;5;20260330;134000;11.697;11.716;11.694;11.711;23529
CNYRUBF;5;20260330;134500;11.709;11.717;11.7;11.7;15955
CNYRUBF;5;20260330;135000;11.702;11.706;11.702;11.703;9096
CNYRUBF;5;20260330;135500;11.703;11.71;11.703;11.706;39147
CNYRUBF;5;20260330;140000;11.705;11.709;11.697;11.702;28298
CNYRUBF;5;20260330;140500;11.702;11.702;11.692;11.693;19483
CNYRUBF;5;20260330;141000;11.696;11.702;11.695;11.701;20635
CNYRUBF;5;20260330;141500;11.7;11.702;11.695;11.697;15011
CNYRUBF;5;20260330;142000;11.696;11.705;11.695;11.705;39774
CNYRUBF;5;20260330;142500;11.705;11.71;11.702;11.71;25129
CNYRUBF;5;20260330;143000;11.71;11.712;11.703;11.708;14443
CNYRUBF;5;20260330;143500;11.707;11.72;11.707;11.716;20915
CNYRUBF;5;20260330;144000;11.715;11.739;11.714;11.729;126236
CNYRUBF;5;20260330;144500;11.729;11.733;11.725;11.73;25962
CNYRUBF;5;20260330;145000;11.73;11.736;11.727;11.734;20007
CNYRUBF;5;20260330;145500;11.734;11.737;11.733;11.737;14233
CNYRUBF;5;20260330;150000;11.737;11.749;11.736;11.739;28854
CNYRUBF;5;20260330;150500;11.739;11.75;11.736;11.737;70134
CNYRUBF;5;20260330;151000;11.736;11.757;11.736;11.75;28076
CNYRUBF;5;20260330;151500;11.751;11.753;11.741;11.742;33216
CNYRUBF;5;20260330;152000;11.742;11.745;11.731;11.734;22958
CNYRUBF;5;20260330;152500;11.732;11.742;11.729;11.74;52944
CNYRUBF;5;20260330;153000;11.74;11.742;11.732;11.735;42883
CNYRUBF;5;20260330;153500;11.734;11.734;11.726;11.729;18122
CNYRUBF;5;20260330;154000;11.729;11.732;11.723;11.729;15379
CNYRUBF;5;20260330;154500;11.728;11.736;11.726;11.736;10711
CNYRUBF;5;20260330;155000;11.735;11.739;11.728;11.73;30757
CNYRUBF;5;20260330;155500;11.73;11.737;11.73;11.73;27043
CNYRUBF;5;20260330;160000;11.729;11.731;11.711;11.711;36014
CNYRUBF;5;20260330;160500;11.711;11.716;11.702;11.714;23270
CNYRUBF;5;20260330;161000;11.713;11.714;11.698;11.699;20498
CNYRUBF;5;20260330;161500;11.698;11.703;11.695;11.703;16450
CNYRUBF;5;20260330;162000;11.701;11.713;11.701;11.708;21155
CNYRUBF;5;20260330;162500;11.706;11.709;11.701;11.709;9154
CNYRUBF;5;20260330;163000;11.707;11.712;11.707;11.708;21869
CNYRUBF;5;20260330;163500;11.708;11.711;11.706;11.708;34232
CNYRUBF;5;20260330;164000;11.708;11.709;11.707;11.708;13293
CNYRUBF;5;20260330;164500;11.708;11.71;11.704;11.708;14834
CNYRUBF;5;20260330;165000;11.707;11.71;11.707;11.709;13032
CNYRUBF;5;20260330;165500;11.708;11.732;11.707;11.728;41569
CNYRUBF;5;20260330;170000;11.728;11.74;11.726;11.738;13122
CNYRUBF;5;20260330;170500;11.736;11.76;11.736;11.743;52618
CNYRUBF;5;20260330;171000;11.743;11.749;11.743;11.745;15936
CNYRUBF;5;20260330;171500;11.743;11.768;11.743;11.763;27205
CNYRUBF;5;20260330;172000;11.764;11.78;11.758;11.77;53306
CNYRUBF;5;20260330;172500;11.769;11.774;11.751;11.752;37734
CNYRUBF;5;20260330;173000;11.753;11.759;11.745;11.747;21598
CNYRUBF;5;20260330;173500;11.748;11.756;11.744;11.744;9134
CNYRUBF;5;20260330;174000;11.746;11.748;11.734;11.741;24184
CNYRUBF;5;20260330;174500;11.743;11.765;11.743;11.75;22125
CNYRUBF;5;20260330;175000;11.75;11.767;11.747;11.764;29601
CNYRUBF;5;20260330;175500;11.764;11.766;11.745;11.75;30931
CNYRUBF;5;20260330;180000;11.749;11.755;11.743;11.748;14570
CNYRUBF;5;20260330;180500;11.747;11.774;11.747;11.763;11381
CNYRUBF;5;20260330;181000;11.764;11.764;11.756;11.761;23657
CNYRUBF;5;20260330;181500;11.762;11.769;11.758;11.769;17627
CNYRUBF;5;20260330;182000;11.768;11.77;11.76;11.764;14939
CNYRUBF;5;20260330;182500;11.765;11.775;11.761;11.764;31384
CNYRUBF;5;20260330;183000;11.767;11.774;11.76;11.764;12417
CNYRUBF;5;20260330;183500;11.762;11.764;11.762;11.764;2540
CNYRUBF;5;20260330;184000;11.763;11.772;11.763;11.77;18576
CNYRUBF;5;20260330;184500;11.77;11.775;11.768;11.77;13831
CNYRUBF;5;20260330;185000;11.769;11.77;11.764;11.764;4342
CNYRUBF;5;20260330;185500;11.764;11.764;11.755;11.755;7373
CNYRUBF;5;20260330;190000;11.755;11.756;11.724;11.748;35063
CNYRUBF;5;20260330;190500;11.748;11.748;11.701;11.714;57137
CNYRUBF;5;20260330;191000;11.713;11.727;11.707;11.713;25641
CNYRUBF;5;20260330;191500;11.713;11.728;11.713;11.728;14866
CNYRUBF;5;20260330;192000;11.727;11.728;11.715;11.724;8681
CNYRUBF;5;20260330;192500;11.722;11.723;11.715;11.719;4434
CNYRUBF;5;20260330;193000;11.719;11.728;11.719;11.721;8443
CNYRUBF;5;20260330;193500;11.722;11.724;11.719;11.72;3178
CNYRUBF;5;20260330;194000;11.72;11.724;11.719;11.719;6665
CNYRUBF;5;20260330;194500;11.721;11.721;11.715;11.717;3720
CNYRUBF;5;20260330;195000;11.716;11.716;11.705;11.708;11392
CNYRUBF;5;20260330;195500;11.708;11.71;11.701;11.706;5806
CNYRUBF;5;20260330;200000;11.706;11.714;11.7;11.714;4788
CNYRUBF;5;20260330;200500;11.714;11.714;11.703;11.707;10178
CNYRUBF;5;20260330;201000;11.707;11.716;11.7;11.708;8172
CNYRUBF;5;20260330;201500;11.709;11.71;11.705;11.707;2113
CNYRUBF;5;20260330;202000;11.706;11.71;11.7;11.708;17989
CNYRUBF;5;20260330;202500;11.708;11.716;11.707;11.714;3163
CNYRUBF;5;20260330;203000;11.714;11.719;11.713;11.714;1966
CNYRUBF;5;20260330;203500;11.715;11.72;11.71;11.718;3232
CNYRUBF;5;20260330;204000;11.718;11.722;11.718;11.72;7814
CNYRUBF;5;20260330;204500;11.719;11.72;11.717;11.718;468
CNYRUBF;5;20260330;205000;11.718;11.718;11.714;11.716;487
CNYRUBF;5;20260330;205500;11.716;11.716;11.713;11.715;338
CNYRUBF;5;20260330;210000;11.715;11.718;11.715;11.717;1194
CNYRUBF;5;20260330;210500;11.718;11.72;11.717;11.718;1044
CNYRUBF;5;20260330;211000;11.718;11.725;11.718;11.725;9574
CNYRUBF;5;20260330;211500;11.725;11.728;11.725;11.728;3750
CNYRUBF;5;20260330;212000;11.728;11.732;11.726;11.731;2475
CNYRUBF;5;20260330;212500;11.73;11.73;11.718;11.72;2725
CNYRUBF;5;20260330;213000;11.721;11.722;11.716;11.719;1165
CNYRUBF;5;20260330;213500;11.719;11.724;11.718;11.724;532
CNYRUBF;5;20260330;214000;11.724;11.724;11.718;11.721;543
CNYRUBF;5;20260330;214500;11.722;11.726;11.718;11.719;1419
CNYRUBF;5;20260330;215000;11.719;11.723;11.718;11.723;887
CNYRUBF;5;20260330;215500;11.723;11.727;11.723;11.724;725
CNYRUBF;5;20260330;220000;11.723;11.729;11.723;11.729;2434
CNYRUBF;5;20260330;220500;11.728;11.728;11.724;11.725;2305
CNYRUBF;5;20260330;221000;11.726;11.726;11.719;11.722;1449
CNYRUBF;5;20260330;221500;11.722;11.722;11.712;11.716;4312
CNYRUBF;5;20260330;222000;11.716;11.717;11.713;11.713;322
CNYRUBF;5;20260330;222500;11.715;11.717;11.712;11.716;632
CNYRUBF;5;20260330;223000;11.716;11.719;11.716;11.719;911
CNYRUBF;5;20260330;223500;11.717;11.723;11.716;11.722;3872
CNYRUBF;5;20260330;224000;11.724;11.726;11.719;11.721;2409
CNYRUBF;5;20260330;224500;11.721;11.721;11.719;11.721;425
CNYRUBF;5;20260330;225000;11.721;11.723;11.721;11.723;1167
CNYRUBF;5;20260330;225500;11.723;11.724;11.72;11.722;282
CNYRUBF;5;20260330;230000;11.721;11.723;11.718;11.72;369
CNYRUBF;5;20260330;230500;11.718;11.719;11.717;11.718;342
CNYRUBF;5;20260330;231000;11.718;11.718;11.715;11.716;660
CNYRUBF;5;20260330;231500;11.717;11.717;11.714;11.715;435
CNYRUBF;5;20260330;232000;11.715;11.715;11.714;11.715;845
CNYRUBF;5;20260330;232500;11.715;11.718;11.714;11.718;4944
CNYRUBF;5;20260330;233000;11.717;11.717;11.716;11.717;119
CNYRUBF;5;20260330;233500;11.717;11.717;11.715;11.715;573
CNYRUBF;5;20260330;234000;11.716;11.718;11.715;11.716;999
CNYRUBF;5;20260330;234500;11.718;11.719;11.715;11.719;2772
CNYRUBF;5;20260331;085500;11.719;11.719;11.719;11.719;126
CNYRUBF;5;20260331;090000;11.719;11.726;11.708;11.722;22582
CNYRUBF;5;20260331;090500;11.722;11.729;11.719;11.726;11129
CNYRUBF;5;20260331;091000;11.727;11.728;11.717;11.727;2834
CNYRUBF;5;20260331;091500;11.728;11.737;11.727;11.732;3101
CNYRUBF;5;20260331;092000;11.732;11.739;11.73;11.737;3153
CNYRUBF;5;20260331;092500;11.738;11.74;11.735;11.738;3804
CNYRUBF;5;20260331;093000;11.737;11.74;11.721;11.722;3950
CNYRUBF;5;20260331;093500;11.724;11.726;11.717;11.72;4023
CNYRUBF;5;20260331;094000;11.72;11.752;11.714;11.731;41592
CNYRUBF;5;20260331;094500;11.731;11.731;11.721;11.728;6620
CNYRUBF;5;20260331;095000;11.727;11.727;11.718;11.722;3800
CNYRUBF;5;20260331;095500;11.72;11.721;11.717;11.719;2142
CNYRUBF;5;20260331;100000;11.72;11.739;11.711;11.729;51125
CNYRUBF;5;20260331;100500;11.73;11.752;11.726;11.741;48213
CNYRUBF;5;20260331;101000;11.741;11.743;11.736;11.74;28238
CNYRUBF;5;20260331;101500;11.741;11.765;11.737;11.753;57596
CNYRUBF;5;20260331;102000;11.755;11.755;11.746;11.747;22687
CNYRUBF;5;20260331;102500;11.749;11.75;11.73;11.737;32051
CNYRUBF;5;20260331;103000;11.738;11.754;11.736;11.747;15544
CNYRUBF;5;20260331;103500;11.748;11.753;11.744;11.747;20243
CNYRUBF;5;20260331;104000;11.748;11.759;11.746;11.757;25288
CNYRUBF;5;20260331;104500;11.758;11.758;11.743;11.748;13245
CNYRUBF;5;20260331;105000;11.749;11.767;11.748;11.766;38284
CNYRUBF;5;20260331;105500;11.767;11.77;11.745;11.751;35826
CNYRUBF;5;20260331;110000;11.751;11.758;11.746;11.758;20022
CNYRUBF;5;20260331;110500;11.757;11.758;11.754;11.757;18078
CNYRUBF;5;20260331;111000;11.757;11.758;11.745;11.746;29445
CNYRUBF;5;20260331;111500;11.748;11.758;11.745;11.752;25883
CNYRUBF;5;20260331;112000;11.753;11.756;11.744;11.745;24691
CNYRUBF;5;20260331;112500;11.746;11.75;11.73;11.749;20095
CNYRUBF;5;20260331;113000;11.749;11.749;11.73;11.739;17385
CNYRUBF;5;20260331;113500;11.739;11.742;11.736;11.736;7021
CNYRUBF;5;20260331;114000;11.736;11.738;11.724;11.728;17038
CNYRUBF;5;20260331;114500;11.728;11.733;11.726;11.728;9666
CNYRUBF;5;20260331;115000;11.729;11.736;11.722;11.736;21865
CNYRUBF;5;20260331;115500;11.735;11.742;11.732;11.737;9675
CNYRUBF;5;20260331;120000;11.739;11.746;11.735;11.74;10173
CNYRUBF;5;20260331;120500;11.74;11.741;11.738;11.741;6817
CNYRUBF;5;20260331;121000;11.741;11.749;11.74;11.749;31370
CNYRUBF;5;20260331;121500;11.749;11.754;11.747;11.75;29950
CNYRUBF;5;20260331;122000;11.75;11.755;11.75;11.752;20888
CNYRUBF;5;20260331;122500;11.752;11.755;11.751;11.752;9848
CNYRUBF;5;20260331;123000;11.753;11.759;11.751;11.751;18319
CNYRUBF;5;20260331;123500;11.752;11.756;11.751;11.753;15922
CNYRUBF;5;20260331;124000;11.753;11.754;11.75;11.752;22554
CNYRUBF;5;20260331;124500;11.752;11.755;11.751;11.751;39150
CNYRUBF;5;20260331;125000;11.752;11.753;11.751;11.753;6964
CNYRUBF;5;20260331;125500;11.753;11.768;11.752;11.76;264791
CNYRUBF;5;20260331;130000;11.761;11.782;11.76;11.779;126610
CNYRUBF;5;20260331;130500;11.779;11.78;11.77;11.77;236588
CNYRUBF;5;20260331;131000;11.771;11.779;11.766;11.778;134567
CNYRUBF;5;20260331;131500;11.779;11.784;11.778;11.782;112437
CNYRUBF;5;20260331;132000;11.782;11.789;11.776;11.78;79779
CNYRUBF;5;20260331;132500;11.78;11.787;11.776;11.78;49662
CNYRUBF;5;20260331;133000;11.781;11.791;11.78;11.781;48391
CNYRUBF;5;20260331;133500;11.781;11.783;11.776;11.776;97798
CNYRUBF;5;20260331;134000;11.777;11.781;11.775;11.778;9634
CNYRUBF;5;20260331;134500;11.778;11.78;11.773;11.775;14982
CNYRUBF;5;20260331;135000;11.776;11.777;11.767;11.769;27534
CNYRUBF;5;20260331;135500;11.77;11.775;11.769;11.773;19369
CNYRUBF;5;20260331;140000;11.774;11.774;11.767;11.769;11770
CNYRUBF;5;20260331;140500;11.769;11.772;11.768;11.769;7830
CNYRUBF;5;20260331;141000;11.77;11.771;11.763;11.766;47749
CNYRUBF;5;20260331;141500;11.765;11.769;11.762;11.764;6611
CNYRUBF;5;20260331;142000;11.764;11.766;11.76;11.764;8771
CNYRUBF;5;20260331;142500;11.765;11.765;11.761;11.764;10467
CNYRUBF;5;20260331;143000;11.764;11.776;11.751;11.776;83338
CNYRUBF;5;20260331;143500;11.776;11.813;11.776;11.794;380421
CNYRUBF;5;20260331;144000;11.794;11.801;11.788;11.789;138627
CNYRUBF;5;20260331;144500;11.789;11.833;11.788;11.83;144235
CNYRUBF;5;20260331;145000;11.83;11.857;11.821;11.846;197954
CNYRUBF;5;20260331;145500;11.847;11.847;11.829;11.833;78845
CNYRUBF;5;20260331;150000;11.833;11.864;11.832;11.858;97099
CNYRUBF;5;20260331;150500;11.859;11.872;11.848;11.868;64483
CNYRUBF;5;20260331;151000;11.869;11.874;11.862;11.867;40984
CNYRUBF;5;20260331;151500;11.868;11.871;11.817;11.829;118066
CNYRUBF;5;20260331;152000;11.829;11.831;11.82;11.83;49052
CNYRUBF;5;20260331;152500;11.83;11.83;11.811;11.814;32936
CNYRUBF;5;20260331;153000;11.815;11.826;11.796;11.802;76977
CNYRUBF;5;20260331;153500;11.802;11.841;11.802;11.813;74893
CNYRUBF;5;20260331;154000;11.814;11.834;11.814;11.825;26649
CNYRUBF;5;20260331;154500;11.825;11.833;11.811;11.83;27202
CNYRUBF;5;20260331;155000;11.83;11.853;11.83;11.846;97025
CNYRUBF;5;20260331;155500;11.846;11.864;11.846;11.856;46197
CNYRUBF;5;20260331;160000;11.855;11.859;11.836;11.843;57482
CNYRUBF;5;20260331;160500;11.844;11.849;11.835;11.842;58118
CNYRUBF;5;20260331;161000;11.843;11.85;11.841;11.848;24820
CNYRUBF;5;20260331;161500;11.848;11.856;11.847;11.851;24838
CNYRUBF;5;20260331;162000;11.852;11.858;11.848;11.856;52084
CNYRUBF;5;20260331;162500;11.857;11.859;11.842;11.849;33957
CNYRUBF;5;20260331;163000;11.851;11.856;11.835;11.843;69260
CNYRUBF;5;20260331;163500;11.844;11.844;11.836;11.841;27045
CNYRUBF;5;20260331;164000;11.841;11.851;11.84;11.849;38542
CNYRUBF;5;20260331;164500;11.85;11.856;11.847;11.852;27168
CNYRUBF;5;20260331;165000;11.853;11.857;11.844;11.85;20883
CNYRUBF;5;20260331;165500;11.851;11.854;11.84;11.845;96086
CNYRUBF;5;20260331;170000;11.846;11.855;11.844;11.85;43366
CNYRUBF;5;20260331;170500;11.851;11.855;11.85;11.855;36221
CNYRUBF;5;20260331;171000;11.855;11.869;11.852;11.857;102553
CNYRUBF;5;20260331;171500;11.86;11.862;11.83;11.84;132735
CNYRUBF;5;20260331;172000;11.842;11.843;11.796;11.797;184142
CNYRUBF;5;20260331;172500;11.798;11.806;11.785;11.792;124328
CNYRUBF;5;20260331;173000;11.789;11.794;11.766;11.769;172211
CNYRUBF;5;20260331;173500;11.769;11.783;11.757;11.777;152367
CNYRUBF;5;20260331;174000;11.778;11.778;11.753;11.772;240631
CNYRUBF;5;20260331;174500;11.774;11.776;11.756;11.766;246700
CNYRUBF;5;20260331;175000;11.768;11.779;11.764;11.769;281362
CNYRUBF;5;20260331;175500;11.769;11.772;11.749;11.755;146935
CNYRUBF;5;20260331;180000;11.755;11.775;11.749;11.773;55538
CNYRUBF;5;20260331;180500;11.772;11.79;11.772;11.789;39471
CNYRUBF;5;20260331;181000;11.788;11.8;11.787;11.797;55208
CNYRUBF;5;20260331;181500;11.797;11.797;11.784;11.786;29426
CNYRUBF;5;20260331;182000;11.786;11.787;11.783;11.784;8850
CNYRUBF;5;20260331;182500;11.783;11.784;11.772;11.773;19772
CNYRUBF;5;20260331;183000;11.773;11.779;11.77;11.777;15993
CNYRUBF;5;20260331;183500;11.778;11.779;11.755;11.756;63416
CNYRUBF;5;20260331;184000;11.757;11.758;11.744;11.75;44675
CNYRUBF;5;20260331;184500;11.75;11.757;11.74;11.756;34668
CNYRUBF;5;20260331;185000;11.757;11.761;11.752;11.755;10428
CNYRUBF;5;20260331;185500;11.755;11.76;11.752;11.752;17915
CNYRUBF;5;20260331;190000;11.751;11.767;11.75;11.764;8620
CNYRUBF;5;20260331;190500;11.761;11.764;11.754;11.758;5459
CNYRUBF;5;20260331;191000;11.758;11.764;11.753;11.754;7271
CNYRUBF;5;20260331;191500;11.754;11.756;11.749;11.751;6846
CNYRUBF;5;20260331;192000;11.751;11.756;11.751;11.753;1567
CNYRUBF;5;20260331;192500;11.754;11.757;11.754;11.756;710
CNYRUBF;5;20260331;193000;11.756;11.763;11.753;11.756;8781
CNYRUBF;5;20260331;193500;11.757;11.762;11.757;11.761;2590
CNYRUBF;5;20260331;194000;11.761;11.785;11.761;11.782;10742
CNYRUBF;5;20260331;194500;11.782;11.783;11.765;11.765;7034
CNYRUBF;5;20260331;195000;11.768;11.776;11.765;11.776;1595
CNYRUBF;5;20260331;195500;11.777;11.786;11.769;11.772;6261
CNYRUBF;5;20260331;200000;11.772;11.779;11.77;11.775;2086
CNYRUBF;5;20260331;200500;11.772;11.778;11.77;11.771;1577
CNYRUBF;5;20260331;201000;11.771;11.783;11.77;11.782;4072
CNYRUBF;5;20260331;201500;11.783;11.789;11.781;11.788;3336
CNYRUBF;5;20260331;202000;11.788;11.789;11.785;11.786;2441
CNYRUBF;5;20260331;202500;11.786;11.794;11.783;11.792;13951
CNYRUBF;5;20260331;203000;11.792;11.793;11.785;11.787;2268
CNYRUBF;5;20260331;203500;11.788;11.79;11.785;11.79;1825
CNYRUBF;5;20260331;204000;11.786;11.79;11.786;11.787;3257
CNYRUBF;5;20260331;204500;11.787;11.787;11.778;11.779;6764
CNYRUBF;5;20260331;205000;11.78;11.78;11.772;11.778;934
CNYRUBF;5;20260331;205500;11.779;11.779;11.773;11.776;1568
CNYRUBF;5;20260331;210000;11.773;11.774;11.768;11.773;11005
CNYRUBF;5;20260331;210500;11.772;11.775;11.771;11.775;1855
CNYRUBF;5;20260331;211000;11.774;11.774;11.766;11.766;351
CNYRUBF;5;20260331;211500;11.766;11.774;11.766;11.774;723
CNYRUBF;5;20260331;212000;11.772;11.776;11.772;11.772;316
CNYRUBF;5;20260331;212500;11.771;11.78;11.768;11.78;1002
CNYRUBF;5;20260331;213000;11.78;11.78;11.776;11.778;682
CNYRUBF;5;20260331;213500;11.775;11.784;11.775;11.782;948
CNYRUBF;5;20260331;214000;11.781;11.784;11.78;11.784;164
CNYRUBF;5;20260331;214500;11.782;11.788;11.781;11.787;768
CNYRUBF;5;20260331;215000;11.785;11.792;11.785;11.791;4364
CNYRUBF;5;20260331;215500;11.79;11.791;11.786;11.789;2575
CNYRUBF;5;20260331;220000;11.789;11.791;11.783;11.784;7850
CNYRUBF;5;20260331;220500;11.785;11.79;11.785;11.788;963
CNYRUBF;5;20260331;221000;11.788;11.789;11.785;11.785;1368
CNYRUBF;5;20260331;221500;11.786;11.787;11.786;11.786;21
CNYRUBF;5;20260331;222000;11.786;11.787;11.783;11.784;627
CNYRUBF;5;20260331;222500;11.785;11.787;11.784;11.785;26
CNYRUBF;5;20260331;223000;11.785;11.791;11.785;11.79;7548
CNYRUBF;5;20260331;223500;11.79;11.806;11.79;11.8;13520
CNYRUBF;5;20260331;224000;11.798;11.799;11.792;11.797;3025
CNYRUBF;5;20260331;224500;11.797;11.797;11.785;11.786;7609
CNYRUBF;5;20260331;225000;11.785;11.787;11.784;11.787;391
CNYRUBF;5;20260331;225500;11.785;11.786;11.783;11.784;1890
CNYRUBF;5;20260331;230000;11.785;11.785;11.782;11.784;1337
CNYRUBF;5;20260331;230500;11.784;11.788;11.783;11.788;1003
CNYRUBF;5;20260331;231000;11.785;11.788;11.784;11.787;919
CNYRUBF;5;20260331;231500;11.787;11.789;11.785;11.787;580
CNYRUBF;5;20260331;232000;11.788;11.794;11.788;11.794;5051
CNYRUBF;5;20260331;232500;11.792;11.797;11.792;11.797;4504
CNYRUBF;5;20260331;233000;11.798;11.8;11.795;11.799;705
CNYRUBF;5;20260331;233500;11.798;11.803;11.798;11.8;1719
CNYRUBF;5;20260331;234000;11.802;11.806;11.796;11.8;2042
CNYRUBF;5;20260331;234500;11.802;11.802;11.792;11.793;1770
CNYRUBF;5;20260401;085500;11.793;11.793;11.793;11.793;28
CNYRUBF;5;20260401;090000;11.793;11.8;11.776;11.779;15494
CNYRUBF;5;20260401;090500;11.779;11.782;11.761;11.776;15343
CNYRUBF;5;20260401;091000;11.775;11.794;11.773;11.78;4149
CNYRUBF;5;20260401;091500;11.78;11.78;11.773;11.775;2979
CNYRUBF;5;20260401;092000;11.778;11.784;11.773;11.782;5583
CNYRUBF;5;20260401;092500;11.782;11.786;11.781;11.785;3653
CNYRUBF;5;20260401;093000;11.786;11.799;11.785;11.799;12153
CNYRUBF;5;20260401;093500;11.798;11.799;11.786;11.787;7664
CNYRUBF;5;20260401;094000;11.787;11.788;11.782;11.784;1530
CNYRUBF;5;20260401;094500;11.785;11.786;11.775;11.775;6657
CNYRUBF;5;20260401;095000;11.778;11.792;11.774;11.789;17858
CNYRUBF;5;20260401;095500;11.789;11.796;11.786;11.794;6779
CNYRUBF;5;20260401;100000;11.791;11.801;11.771;11.772;65152
CNYRUBF;5;20260401;100500;11.773;11.774;11.756;11.758;33305
CNYRUBF;5;20260401;101000;11.758;11.759;11.736;11.738;82010
CNYRUBF;5;20260401;101500;11.737;11.737;11.71;11.727;122699
CNYRUBF;5;20260401;102000;11.726;11.728;11.693;11.697;91660
CNYRUBF;5;20260401;102500;11.696;11.707;11.686;11.703;92570
CNYRUBF;5;20260401;103000;11.702;11.717;11.7;11.703;44500
CNYRUBF;5;20260401;103500;11.703;11.705;11.695;11.701;50097
CNYRUBF;5;20260401;104000;11.701;11.723;11.7;11.716;30597
CNYRUBF;5;20260401;104500;11.713;11.731;11.709;11.723;32181
CNYRUBF;5;20260401;105000;11.723;11.725;11.716;11.72;16413
CNYRUBF;5;20260401;105500;11.717;11.736;11.714;11.717;34863
CNYRUBF;5;20260401;110000;11.716;11.716;11.704;11.704;36771
CNYRUBF;5;20260401;110500;11.706;11.716;11.703;11.712;38896
CNYRUBF;5;20260401;111000;11.711;11.719;11.708;11.718;20235
CNYRUBF;5;20260401;111500;11.715;11.716;11.709;11.714;20140
CNYRUBF;5;20260401;112000;11.714;11.728;11.714;11.72;21831
CNYRUBF;5;20260401;112500;11.719;11.728;11.717;11.719;11098
CNYRUBF;5;20260401;113000;11.719;11.72;11.711;11.711;10264
CNYRUBF;5;20260401;113500;11.711;11.711;11.687;11.701;65045
CNYRUBF;5;20260401;114000;11.699;11.704;11.694;11.702;14880
CNYRUBF;5;20260401;114500;11.701;11.701;11.695;11.696;10403
CNYRUBF;5;20260401;115000;11.698;11.705;11.688;11.701;21896
CNYRUBF;5;20260401;115500;11.7;11.703;11.695;11.696;9194
CNYRUBF;5;20260401;120000;11.695;11.697;11.686;11.691;35561
CNYRUBF;5;20260401;120500;11.69;11.706;11.688;11.695;43712
CNYRUBF;5;20260401;121000;11.694;11.705;11.693;11.698;25619
CNYRUBF;5;20260401;121500;11.697;11.699;11.692;11.696;22610
CNYRUBF;5;20260401;122000;11.696;11.708;11.693;11.701;32695
CNYRUBF;5;20260401;122500;11.7;11.707;11.698;11.7;22454
CNYRUBF;5;20260401;123000;11.7;11.701;11.692;11.697;26261
CNYRUBF;5;20260401;123500;11.696;11.697;11.692;11.693;22851
CNYRUBF;5;20260401;124000;11.693;11.697;11.691;11.693;12343
CNYRUBF;5;20260401;124500;11.693;11.694;11.688;11.69;8933
CNYRUBF;5;20260401;125000;11.689;11.698;11.682;11.695;62198
CNYRUBF;5;20260401;125500;11.695;11.721;11.695;11.709;72859
CNYRUBF;5;20260401;130000;11.709;11.72;11.701;11.703;17751
CNYRUBF;5;20260401;130500;11.702;11.702;11.692;11.694;30206
CNYRUBF;5;20260401;131000;11.694;11.696;11.68;11.687;27227
CNYRUBF;5;20260401;131500;11.687;11.691;11.682;11.685;15718
CNYRUBF;5;20260401;132000;11.685;11.691;11.683;11.691;6336
CNYRUBF;5;20260401;132500;11.691;11.693;11.683;11.687;6470
CNYRUBF;5;20260401;133000;11.686;11.69;11.684;11.69;14378
CNYRUBF;5;20260401;133500;11.69;11.696;11.685;11.694;18395
CNYRUBF;5;20260401;134000;11.693;11.7;11.691;11.698;13633
CNYRUBF;5;20260401;134500;11.697;11.707;11.687;11.697;23410
CNYRUBF;5;20260401;135000;11.697;11.708;11.692;11.706;31303
CNYRUBF;5;20260401;135500;11.706;11.706;11.7;11.702;10609
CNYRUBF;5;20260401;140000;11.702;11.713;11.697;11.705;57099
CNYRUBF;5;20260401;140500;11.705;11.705;11.696;11.703;24163
CNYRUBF;5;20260401;141000;11.703;11.704;11.7;11.703;22602
CNYRUBF;5;20260401;141500;11.702;11.703;11.69;11.692;46791
CNYRUBF;5;20260401;142000;11.691;11.694;11.689;11.691;35857
CNYRUBF;5;20260401;142500;11.691;11.696;11.688;11.688;10887
CNYRUBF;5;20260401;143000;11.689;11.694;11.686;11.693;13898
CNYRUBF;5;20260401;143500;11.694;11.698;11.691;11.692;11432
CNYRUBF;5;20260401;144000;11.693;11.699;11.692;11.699;8411
CNYRUBF;5;20260401;144500;11.699;11.706;11.694;11.697;29844
CNYRUBF;5;20260401;145000;11.695;11.7;11.69;11.7;41803
CNYRUBF;5;20260401;145500;11.699;11.701;11.694;11.699;18037
CNYRUBF;5;20260401;150000;11.698;11.707;11.697;11.702;21518
CNYRUBF;5;20260401;150500;11.701;11.709;11.7;11.709;8128
CNYRUBF;5;20260401;151000;11.708;11.71;11.704;11.707;7664
CNYRUBF;5;20260401;151500;11.707;11.707;11.696;11.698;8372
CNYRUBF;5;20260401;152000;11.697;11.703;11.696;11.7;17152
CNYRUBF;5;20260401;152500;11.699;11.701;11.698;11.699;8869
CNYRUBF;5;20260401;153000;11.7;11.701;11.698;11.7;9005
CNYRUBF;5;20260401;153500;11.699;11.712;11.698;11.706;41064
CNYRUBF;5;20260401;154000;11.704;11.719;11.704;11.709;17896
CNYRUBF;5;20260401;154500;11.709;11.728;11.708;11.722;33847
CNYRUBF;5;20260401;155000;11.723;11.729;11.718;11.722;14801
CNYRUBF;5;20260401;155500;11.722;11.735;11.708;11.712;35232
CNYRUBF;5;20260401;160000;11.711;11.716;11.71;11.716;7298
CNYRUBF;5;20260401;160500;11.715;11.715;11.694;11.699;18676
CNYRUBF;5;20260401;161000;11.698;11.705;11.694;11.702;20138
CNYRUBF;5;20260401;161500;11.703;11.704;11.695;11.7;4625
CNYRUBF;5;20260401;162000;11.699;11.701;11.697;11.698;2110
CNYRUBF;5;20260401;162500;11.698;11.707;11.697;11.705;4438
CNYRUBF;5;20260401;163000;11.705;11.71;11.704;11.707;6837
CNYRUBF;5;20260401;163500;11.706;11.714;11.705;11.713;8841
CNYRUBF;5;20260401;164000;11.713;11.725;11.709;11.712;24805
CNYRUBF;5;20260401;164500;11.712;11.715;11.71;11.714;14716
CNYRUBF;5;20260401;165000;11.714;11.715;11.699;11.702;8480
CNYRUBF;5;20260401;165500;11.7;11.709;11.696;11.708;16758
CNYRUBF;5;20260401;170000;11.708;11.709;11.702;11.707;5767
CNYRUBF;5;20260401;170500;11.705;11.717;11.703;11.711;13964
CNYRUBF;5;20260401;171000;11.713;11.715;11.707;11.714;12172
CNYRUBF;5;20260401;171500;11.713;11.715;11.711;11.713;4656
CNYRUBF;5;20260401;172000;11.713;11.718;11.705;11.705;18244
CNYRUBF;5;20260401;172500;11.706;11.71;11.706;11.709;886
CNYRUBF;5;20260401;173000;11.71;11.716;11.71;11.713;9104
CNYRUBF;5;20260401;173500;11.713;11.713;11.706;11.706;5999
CNYRUBF;5;20260401;174000;11.707;11.711;11.705;11.705;18675
CNYRUBF;5;20260401;174500;11.706;11.708;11.689;11.695;43099
CNYRUBF;5;20260401;175000;11.694;11.701;11.689;11.699;11710
CNYRUBF;5;20260401;175500;11.698;11.699;11.692;11.695;20899
CNYRUBF;5;20260401;180000;11.694;11.695;11.682;11.694;27433
CNYRUBF;5;20260401;180500;11.694;11.698;11.693;11.693;9434
CNYRUBF;5;20260401;181000;11.693;11.697;11.692;11.696;9034
CNYRUBF;5;20260401;181500;11.697;11.697;11.693;11.696;11801
CNYRUBF;5;20260401;182000;11.697;11.699;11.695;11.696;5087
CNYRUBF;5;20260401;182500;11.696;11.703;11.695;11.7;61402
CNYRUBF;5;20260401;183000;11.7;11.7;11.694;11.694;16252
CNYRUBF;5;20260401;183500;11.695;11.699;11.693;11.693;5792
CNYRUBF;5;20260401;184000;11.693;11.693;11.688;11.692;8990
CNYRUBF;5;20260401;184500;11.691;11.698;11.69;11.698;3112
CNYRUBF;5;20260401;185000;11.698;11.698;11.691;11.692;5796
CNYRUBF;5;20260401;185500;11.692;11.693;11.685;11.686;5725
CNYRUBF;5;20260401;190000;11.688;11.695;11.686;11.695;5201
CNYRUBF;5;20260401;190500;11.695;11.696;11.693;11.693;1417
CNYRUBF;5;20260401;191000;11.693;11.693;11.692;11.692;652
CNYRUBF;5;20260401;191500;11.692;11.693;11.688;11.689;2920
CNYRUBF;5;20260401;192000;11.689;11.69;11.687;11.69;365
CNYRUBF;5;20260401;192500;11.69;11.692;11.689;11.692;2120
CNYRUBF;5;20260401;193000;11.691;11.695;11.691;11.695;2120
CNYRUBF;5;20260401;193500;11.695;11.696;11.693;11.693;672
CNYRUBF;5;20260401;194000;11.694;11.698;11.694;11.697;2742
CNYRUBF;5;20260401;194500;11.696;11.697;11.694;11.697;483
CNYRUBF;5;20260401;195000;11.694;11.695;11.694;11.694;43
CNYRUBF;5;20260401;195500;11.694;11.697;11.694;11.697;169
CNYRUBF;5;20260401;200000;11.695;11.697;11.691;11.693;310
CNYRUBF;5;20260401;200500;11.693;11.696;11.688;11.692;2289
CNYRUBF;5;20260401;201000;11.69;11.692;11.69;11.69;2350
CNYRUBF;5;20260401;201500;11.69;11.69;11.688;11.689;972
CNYRUBF;5;20260401;202000;11.689;11.689;11.68;11.682;12783
CNYRUBF;5;20260401;202500;11.681;11.684;11.676;11.676;6997
CNYRUBF;5;20260401;203000;11.676;11.676;11.661;11.662;26780
CNYRUBF;5;20260401;203500;11.662;11.68;11.662;11.675;19411
CNYRUBF;5;20260401;204000;11.674;11.677;11.67;11.674;3416
CNYRUBF;5;20260401;204500;11.672;11.676;11.671;11.671;1013
CNYRUBF;5;20260401;205000;11.672;11.672;11.668;11.668;1664
CNYRUBF;5;20260401;205500;11.667;11.669;11.662;11.667;4785
CNYRUBF;5;20260401;210000;11.667;11.669;11.658;11.667;10622
CNYRUBF;5;20260401;210500;11.666;11.671;11.666;11.669;1203
CNYRUBF;5;20260401;211000;11.67;11.67;11.661;11.665;1253
CNYRUBF;5;20260401;211500;11.664;11.667;11.664;11.665;1602
CNYRUBF;5;20260401;212000;11.666;11.669;11.666;11.667;629
CNYRUBF;5;20260401;212500;11.669;11.671;11.667;11.67;2448
CNYRUBF;5;20260401;213000;11.669;11.674;11.669;11.67;1625
CNYRUBF;5;20260401;213500;11.668;11.668;11.666;11.667;2754
CNYRUBF;5;20260401;214000;11.667;11.673;11.667;11.668;2305
CNYRUBF;5;20260401;214500;11.67;11.67;11.667;11.668;365
CNYRUBF;5;20260401;215000;11.669;11.67;11.668;11.668;380
CNYRUBF;5;20260401;215500;11.669;11.67;11.668;11.669;770
CNYRUBF;5;20260401;220000;11.67;11.67;11.666;11.666;551
CNYRUBF;5;20260401;220500;11.668;11.669;11.664;11.664;1896
CNYRUBF;5;20260401;221000;11.663;11.666;11.658;11.666;3300
CNYRUBF;5;20260401;221500;11.665;11.665;11.663;11.663;244
CNYRUBF;5;20260401;222000;11.665;11.665;11.664;11.665;219
CNYRUBF;5;20260401;222500;11.665;11.669;11.665;11.668;588
CNYRUBF;5;20260401;223000;11.667;11.669;11.666;11.668;1205
CNYRUBF;5;20260401;223500;11.668;11.669;11.668;11.668;177
CNYRUBF;5;20260401;224000;11.668;11.67;11.668;11.67;657
CNYRUBF;5;20260401;224500;11.67;11.67;11.668;11.668;707
CNYRUBF;5;20260401;225000;11.669;11.67;11.668;11.669;1279
CNYRUBF;5;20260401;225500;11.67;11.67;11.668;11.67;227
CNYRUBF;5;20260401;230000;11.67;11.68;11.67;11.677;10661
CNYRUBF;5;20260401;230500;11.677;11.678;11.674;11.674;1974
CNYRUBF;5;20260401;231000;11.674;11.678;11.674;11.676;779
CNYRUBF;5;20260401;231500;11.675;11.68;11.674;11.68;2902
CNYRUBF;5;20260401;232000;11.677;11.68;11.677;11.679;4212
CNYRUBF;5;20260401;232500;11.679;11.68;11.678;11.68;1871
CNYRUBF;5;20260401;233000;11.68;11.69;11.679;11.686;4888
CNYRUBF;5;20260401;233500;11.688;11.695;11.687;11.691;1406
CNYRUBF;5;20260401;234000;11.693;11.699;11.691;11.698;2363
CNYRUBF;5;20260401;234500;11.699;11.7;11.694;11.7;8111
