<TICKER>;<PER>;<DATE>;<TIME>;<OPEN>;<HIGH>;<LOW>;<CLOSE>;<VOL>
CNYRUBF;15;20240103;090000;12.675;12.691;12.665;12.683;1245
CNYRUBF;15;20240103;091500;12.685;12.69;12.671;12.671;859
CNYRUBF;15;20240103;093000;12.67;12.676;12.67;12.675;281
CNYRUBF;15;20240103;094500;12.675;12.684;12.675;12.68;855
CNYRUBF;15;20240103;100000;12.68;12.718;12.677;12.71;2934
CNYRUBF;15;20240103;101500;12.712;12.718;12.7;12.712;1910
CNYRUBF;15;20240103;103000;12.711;12.73;12.699;12.724;6869
CNYRUBF;15;20240103;104500;12.722;12.73;12.718;12.718;1496
CNYRUBF;15;20240103;110000;12.717;12.728;12.715;12.719;1804
CNYRUBF;15;20240103;111500;12.721;12.732;12.721;12.73;370
CNYRUBF;15;20240103;113000;12.73;12.73;12.722;12.726;432
CNYRUBF;15;20240103;114500;12.727;12.727;12.722;12.725;1356
CNYRUBF;15;20240103;120000;12.726;12.74;12.725;12.729;2612
CNYRUBF;15;20240103;121500;12.729;12.734;12.725;12.728;978
CNYRUBF;15;20240103;123000;12.729;12.738;12.729;12.733;481
CNYRUBF;15;20240103;124500;12.733;12.734;12.729;12.734;486
CNYRUBF;15;20240103;130000;12.733;12.755;12.733;12.738;2118
CNYRUBF;15;20240103;131500;12.741;12.775;12.74;12.755;1776
CNYRUBF;15;20240103;133000;12.755;12.77;12.751;12.756;364
CNYRUBF;15;20240103;134500;12.759;12.762;12.739;12.747;310
CNYRUBF;15;20240103;140000;12.748;12.76;12.747;12.759;438
CNYRUBF;15;20240103;141500;12.759;12.763;12.737;12.742;1050
CNYRUBF;15;20240103;143000;12.738;12.751;12.733;12.747;862
CNYRUBF;15;20240103;144500;12.74;12.743;12.733;12.739;1394
CNYRUBF;15;20240103;150000;12.739;12.746;12.738;12.745;1204
CNYRUBF;15;20240103;151500;12.744;12.744;12.736;12.741;1273
CNYRUBF;15;20240103;153000;12.74;12.756;12.74;12.756;1064
CNYRUBF;15;20240103;154500;12.756;12.757;12.748;12.751;2486
CNYRUBF;15;20240103;160000;12.75;12.753;12.741;12.746;506
CNYRUBF;15;20240103;161500;12.746;12.747;12.736;12.742;5089
CNYRUBF;15;20240103;163000;12.74;12.742;12.721;12.723;5984
CNYRUBF;15;20240103;164500;12.726;12.727;12.707;12.726;4393
CNYRUBF;15;20240103;170000;12.73;12.737;12.722;12.724;2105
CNYRUBF;15;20240103;171500;12.724;12.728;12.713;12.714;2839
CNYRUBF;15;20240103;173000;12.715;12.723;12.715;12.722;1780
CNYRUBF;15;20240103;174500;12.724;12.728;12.723;12.727;3050
CNYRUBF;15;20240103;180000;12.726;12.739;12.721;12.728;5064
CNYRUBF;15;20240103;181500;12.73;12.732;12.729;12.729;3088
CNYRUBF;15;20240103;183000;12.729;12.732;12.726;12.728;3211
CNYRUBF;15;20240103;184500;12.732;12.741;12.73;12.741;615
CNYRUBF;15;20240103;190000;12.738;12.747;12.729;12.733;304
CNYRUBF;15;20240103;191500;12.735;12.744;12.734;12.739;682
CNYRUBF;15;20240103;193000;12.739;12.753;12.739;12.752;255
CNYRUBF;15;20240103;194500;12.752;12.779;12.751;12.751;1928
CNYRUBF;15;20240103;200000;12.751;12.763;12.751;12.76;783
CNYRUBF;15;20240103;201500;12.76;12.768;12.757;12.764;1468
CNYRUBF;15;20240103;203000;12.759;12.77;12.757;12.761;991
CNYRUBF;15;20240103;204500;12.76;12.789;12.76;12.778;3853
CNYRUBF;15;20240103;210000;12.778;12.787;12.769;12.769;1837
CNYRUBF;15;20240103;211500;12.769;12.769;12.759;12.762;345
CNYRUBF;15;20240103;213000;12.761;12.776;12.759;12.775;318
CNYRUBF;15;20240103;214500;12.775;12.775;12.766;12.77;270
CNYRUBF;15;20240103;220000;12.767;12.767;12.763;12.763;162
CNYRUBF;15;20240103;221500;12.77;12.777;12.768;12.777;277
CNYRUBF;15;20240103;223000;12.777;12.777;12.763;12.773;232
CNYRUBF;15;20240103;224500;12.766;12.775;12.766;12.769;225
CNYRUBF;15;20240103;230000;12.77;12.77;12.763;12.763;273
CNYRUBF;15;20240103;231500;12.763;12.768;12.763;12.768;166
CNYRUBF;15;20240103;233000;12.768;12.779;12.768;12.77;460
CNYRUBF;15;20240103;234500;12.769;12.778;12.768;12.778;66
CNYRUBF;15;20240104;090000;12.771;12.772;12.757;12.763;2766
CNYRUBF;15;20240104;091500;12.763;12.765;12.75;12.75;1442
CNYRUBF;15;20240104;093000;12.751;12.751;12.724;12.725;7554
CNYRUBF;15;20240104;094500;12.724;12.742;12.724;12.739;2971
CNYRUBF;15;20240104;100000;12.739;12.753;12.705;12.71;4713
CNYRUBF;15;20240104;101500;12.712;12.739;12.702;12.726;4338
CNYRUBF;15;20240104;103000;12.723;12.727;12.695;12.699;4381
CNYRUBF;15;20240104;104500;12.698;12.713;12.685;12.695;3979
CNYRUBF;15;20240104;110000;12.696;12.707;12.685;12.705;5003
CNYRUBF;15;20240104;111500;12.705;12.713;12.675;12.696;2372
CNYRUBF;15;20240104;113000;12.697;12.697;12.681;12.694;621
CNYRUBF;15;20240104;114500;12.694;12.705;12.691;12.705;1753
CNYRUBF;15;20240104;120000;12.706;12.721;12.705;12.716;2296
CNYRUBF;15;20240104;121500;12.719;12.719;12.703;12.709;2225
CNYRUBF;15;20240104;123000;12.709;12.711;12.687;12.695;1182
CNYRUBF;15;20240104;124500;12.692;12.692;12.681;12.681;4204
CNYRUBF;15;20240104;130000;12.68;12.721;12.67;12.713;8312
CNYRUBF;15;20240104;131500;12.716;12.718;12.703;12.711;4158
CNYRUBF;15;20240104;133000;12.71;12.721;12.707;12.715;4771
CNYRUBF;15;20240104;134500;12.713;12.713;12.705;12.711;2264
CNYRUBF;15;20240104;140000;12.714;12.727;12.714;12.724;2242
CNYRUBF;15;20240104;141500;12.726;12.727;12.719;12.719;2327
CNYRUBF;15;20240104;143000;12.72;12.72;12.713;12.716;1204
CNYRUBF;15;20240104;144500;12.716;12.718;12.713;12.714;1878
CNYRUBF;15;20240104;150000;12.715;12.715;12.68;12.696;1825
CNYRUBF;15;20240104;151500;12.695;12.71;12.691;12.706;612
CNYRUBF;15;20240104;153000;12.705;12.708;12.7;12.705;1763
CNYRUBF;15;20240104;154500;12.706;12.706;12.694;12.698;2699
CNYRUBF;15;20240104;160000;12.695;12.697;12.673;12.693;3763
CNYRUBF;15;20240104;161500;12.694;12.696;12.666;12.675;3206
CNYRUBF;15;20240104;163000;12.674;12.68;12.665;12.68;1699
CNYRUBF;15;20240104;164500;12.68;12.684;12.671;12.678;3636
CNYRUBF;15;20240104;170000;12.674;12.68;12.658;12.675;4698
CNYRUBF;15;20240104;171500;12.676;12.687;12.672;12.686;602
CNYRUBF;15;20240104;173000;12.687;12.704;12.687;12.701;834
CNYRUBF;15;20240104;174500;12.702;12.703;12.678;12.678;695
CNYRUBF;15;20240104;180000;12.68;12.689;12.673;12.685;437
CNYRUBF;15;20240104;181500;12.685;12.686;12.667;12.674;1205
CNYRUBF;15;20240104;183000;12.674;12.675;12.647;12.657;2160
CNYRUBF;15;20240104;184500;12.654;12.656;12.645;12.65;426
CNYRUBF;15;20240104;190000;12.651;12.663;12.642;12.663;1125
CNYRUBF;15;20240104;191500;12.657;12.662;12.653;12.658;768
CNYRUBF;15;20240104;193000;12.657;12.664;12.655;12.664;236
CNYRUBF;15;20240104;194500;12.661;12.662;12.659;12.659;586
CNYRUBF;15;20240104;200000;12.662;12.662;12.655;12.657;35
CNYRUBF;15;20240104;201500;12.656;12.68;12.656;12.656;676
CNYRUBF;15;20240104;203000;12.656;12.666;12.656;12.66;18
CNYRUBF;15;20240104;204500;12.66;12.661;12.657;12.659;38
CNYRUBF;15;20240104;210000;12.659;12.662;12.657;12.662;63
CNYRUBF;15;20240104;211500;12.661;12.661;12.656;12.656;96
CNYRUBF;15;20240104;213000;12.659;12.66;12.658;12.659;127
CNYRUBF;15;20240104;214500;12.66;12.664;12.658;12.664;96
CNYRUBF;15;20240104;220000;12.665;12.665;12.661;12.664;78
CNYRUBF;15;20240104;221500;12.664;12.669;12.664;12.666;94
CNYRUBF;15;20240104;223000;12.666;12.666;12.663;12.663;74
CNYRUBF;15;20240104;224500;12.662;12.662;12.66;12.661;26
CNYRUBF;15;20240104;230000;12.663;12.664;12.662;12.662;62
CNYRUBF;15;20240104;231500;12.663;12.665;12.66;12.66;243
CNYRUBF;15;20240104;233000;12.661;12.663;12.661;12.663;42
CNYRUBF;15;20240104;234500;12.659;12.659;12.659;12.659;2
CNYRUBF;15;20240105;090000;12.674;12.686;12.661;12.683;1417
CNYRUBF;15;20240105;091500;12.683;12.686;12.671;12.682;609
CNYRUBF;15;20240105;093000;12.682;12.695;12.678;12.695;1338
CNYRUBF;15;20240105;094500;12.693;12.705;12.689;12.694;903
CNYRUBF;15;20240105;100000;12.695;12.697;12.662;12.673;3153
CNYRUBF;15;20240105;101500;12.673;12.676;12.655;12.655;1117
CNYRUBF;15;20240105;103000;12.655;12.655;12.632;12.65;6662
CNYRUBF;15;20240105;104500;12.65;12.66;12.642;12.652;1816
CNYRUBF;15;20240105;110000;12.65;12.65;12.615;12.625;16157
CNYRUBF;15;20240105;111500;12.622;12.641;12.619;12.634;7273
CNYRUBF;15;20240105;113000;12.635;12.648;12.632;12.646;2690
CNYRUBF;15;20240105;114500;12.647;12.66;12.646;12.653;2892
CNYRUBF;15;20240105;120000;12.652;12.653;12.633;12.634;2507
CNYRUBF;15;20240105;121500;12.633;12.651;12.63;12.642;5360
CNYRUBF;15;20240105;123000;12.645;12.652;12.64;12.647;2513
CNYRUBF;15;20240105;124500;12.647;12.651;12.633;12.651;2498
CNYRUBF;15;20240105;130000;12.648;12.663;12.64;12.657;2013
CNYRUBF;15;20240105;131500;12.658;12.66;12.647;12.653;2818
CNYRUBF;15;20240105;133000;12.652;12.659;12.652;12.654;1222
CNYRUBF;15;20240105;134500;12.653;12.657;12.65;12.652;352
CNYRUBF;15;20240105;140000;12.651;12.651;12.637;12.641;2248
CNYRUBF;15;20240105;141500;12.642;12.65;12.642;12.65;258
CNYRUBF;15;20240105;143000;12.65;12.651;12.648;12.649;535
CNYRUBF;15;20240105;144500;12.649;12.65;12.643;12.645;2064
CNYRUBF;15;20240105;150000;12.645;12.645;12.64;12.642;3358
CNYRUBF;15;20240105;151500;12.643;12.651;12.642;12.647;3767
CNYRUBF;15;20240105;153000;12.648;12.659;12.646;12.658;549
CNYRUBF;15;20240105;154500;12.652;12.652;12.648;12.648;337
CNYRUBF;15;20240105;160000;12.648;12.651;12.648;12.649;274
CNYRUBF;15;20240105;161500;12.65;12.655;12.649;12.649;637
CNYRUBF;15;20240105;163000;12.648;12.651;12.62;12.644;3071
CNYRUBF;15;20240105;164500;12.645;12.65;12.642;12.642;552
CNYRUBF;15;20240105;170000;12.641;12.653;12.636;12.648;814
CNYRUBF;15;20240105;171500;12.648;12.653;12.638;12.651;549
CNYRUBF;15;20240105;173000;12.649;12.654;12.645;12.645;451
CNYRUBF;15;20240105;174500;12.645;12.649;12.643;12.649;260
CNYRUBF;15;20240105;180000;12.648;12.65;12.641;12.648;801
CNYRUBF;15;20240105;181500;12.646;12.653;12.643;12.644;1664
CNYRUBF;15;20240105;183000;12.648;12.65;12.642;12.645;982
CNYRUBF;15;20240105;184500;12.641;12.645;12.637;12.637;587
CNYRUBF;15;20240105;190000;12.642;12.645;12.633;12.639;1168
CNYRUBF;15;20240105;191500;12.635;12.637;12.63;12.632;170
CNYRUBF;15;20240105;193000;12.631;12.636;12.628;12.636;469
CNYRUBF;15;20240105;194500;12.631;12.634;12.631;12.632;61
CNYRUBF;15;20240105;200000;12.632;12.632;12.627;12.627;159
CNYRUBF;15;20240105;201500;12.628;12.635;12.628;12.632;82
CNYRUBF;15;20240105;203000;12.631;12.632;12.63;12.632;26
CNYRUBF;15;20240105;204500;12.63;12.632;12.63;12.632;48
CNYRUBF;15;20240105;210000;12.632;12.64;12.63;12.633;200
CNYRUBF;15;20240105;211500;12.634;12.634;12.63;12.631;60
CNYRUBF;15;20240105;213000;12.63;12.631;12.623;12.623;69
CNYRUBF;15;20240105;214500;12.627;12.631;12.627;12.631;16
CNYRUBF;15;20240105;220000;12.631;12.631;12.63;12.631;119
CNYRUBF;15;20240105;221500;12.631;12.632;12.63;12.63;58
CNYRUBF;15;20240105;223000;12.63;12.63;12.63;12.63;127
CNYRUBF;15;20240105;224500;12.63;12.632;12.63;12.632;110
CNYRUBF;15;20240105;230000;12.631;12.631;12.625;12.628;95
CNYRUBF;15;20240105;231500;12.63;12.65;12.629;12.633;375
CNYRUBF;15;20240105;233000;12.634;12.637;12.63;12.636;110
CNYRUBF;15;20240105;234500;12.635;12.642;12.613;12.642;891
CNYRUBF;15;20240108;090000;12.645;12.647;12.638;12.642;2829
CNYRUBF;15;20240108;091500;12.642;12.643;12.64;12.641;135
CNYRUBF;15;20240108;093000;12.64;12.643;12.627;12.628;297
CNYRUBF;15;20240108;094500;12.625;12.628;12.619;12.623;401
CNYRUBF;15;20240108;100000;12.627;12.666;12.625;12.655;8881
CNYRUBF;15;20240108;101500;12.659;12.678;12.638;12.638;1050
CNYRUBF;15;20240108;103000;12.637;12.65;12.637;12.642;480
CNYRUBF;15;20240108;104500;12.644;12.656;12.644;12.652;2372
CNYRUBF;15;20240108;110000;12.652;12.662;12.638;12.647;3618
CNYRUBF;15;20240108;111500;12.648;12.653;12.647;12.65;1008
CNYRUBF;15;20240108;113000;12.651;12.659;12.648;12.648;6159
CNYRUBF;15;20240108;114500;12.648;12.648;12.641;12.641;373
CNYRUBF;15;20240108;120000;12.641;12.641;12.6;12.605;7824
CNYRUBF;15;20240108;121500;12.602;12.604;12.569;12.585;14022
CNYRUBF;15;20240108;123000;12.585;12.613;12.58;12.605;11180
CNYRUBF;15;20240108;124500;12.605;12.616;12.6;12.604;9136
CNYRUBF;15;20240108;130000;12.605;12.605;12.585;12.594;7281
CNYRUBF;15;20240108;131500;12.595;12.62;12.591;12.614;1913
CNYRUBF;15;20240108;133000;12.611;12.615;12.598;12.611;1076
CNYRUBF;15;20240108;134500;12.606;12.624;12.605;12.62;656
CNYRUBF;15;20240108;140000;12.623;12.644;12.623;12.636;1255
CNYRUBF;15;20240108;141500;12.637;12.659;12.636;12.654;3520
CNYRUBF;15;20240108;143000;12.653;12.675;12.653;12.675;25272
CNYRUBF;15;20240108;144500;12.674;12.72;12.673;12.713;7720
CNYRUBF;15;20240108;150000;12.713;12.733;12.712;12.726;7901
CNYRUBF;15;20240108;151500;12.725;12.736;12.706;12.71;4606
CNYRUBF;15;20240108;153000;12.71;12.73;12.707;12.728;4067
CNYRUBF;15;20240108;154500;12.727;12.733;12.72;12.73;1394
CNYRUBF;15;20240108;160000;12.733;12.737;12.719;12.73;604
CNYRUBF;15;20240108;161500;12.732;12.749;12.732;12.739;1938
CNYRUBF;15;20240108;163000;12.739;12.753;12.726;12.738;3629
CNYRUBF;15;20240108;164500;12.738;12.738;12.716;12.727;1094
CNYRUBF;15;20240108;170000;12.727;12.742;12.71;12.71;6172
CNYRUBF;15;20240108;171500;12.713;12.733;12.712;12.724;5585
CNYRUBF;15;20240108;173000;12.726;12.727;12.716;12.718;2285
CNYRUBF;15;20240108;174500;12.719;12.723;12.716;12.72;2315
CNYRUBF;15;20240108;180000;12.716;12.716;12.693;12.693;5317
CNYRUBF;15;20240108;181500;12.693;12.713;12.693;12.707;2653
CNYRUBF;15;20240108;183000;12.707;12.715;12.706;12.71;894
CNYRUBF;15;20240108;184500;12.711;12.725;12.71;12.725;315
CNYRUBF;15;20240108;190000;12.724;12.733;12.7;12.7;2034
CNYRUBF;15;20240108;191500;12.699;12.71;12.693;12.705;2253
CNYRUBF;15;20240108;193000;12.706;12.71;12.699;12.71;2082
CNYRUBF;15;20240108;194500;12.712;12.728;12.712;12.724;475
CNYRUBF;15;20240108;200000;12.728;12.728;12.718;12.721;538
CNYRUBF;15;20240108;201500;12.718;12.721;12.718;12.718;52
CNYRUBF;15;20240108;203000;12.72;12.724;12.719;12.722;289
CNYRUBF;15;20240108;204500;12.718;12.718;12.713;12.714;1092
CNYRUBF;15;20240108;210000;12.716;12.718;12.706;12.716;1826
CNYRUBF;15;20240108;211500;12.713;12.718;12.713;12.718;7
CNYRUBF;15;20240108;213000;12.716;12.716;12.712;12.712;8
CNYRUBF;15;20240108;214500;12.713;12.718;12.712;12.716;264
CNYRUBF;15;20240108;220000;12.716;12.716;12.712;12.712;298
CNYRUBF;15;20240108;221500;12.714;12.714;12.712;12.713;30
CNYRUBF;15;20240108;223000;12.71;12.715;12.71;12.711;247
CNYRUBF;15;20240108;224500;12.71;12.714;12.71;12.714;293
CNYRUBF;15;20240108;230000;12.714;12.714;12.709;12.71;221
CNYRUBF;15;20240108;231500;12.708;12.708;12.708;12.708;7
CNYRUBF;15;20240108;233000;12.71;12.71;12.71;12.71;3
CNYRUBF;15;20240108;234500;12.712;12.737;12.711;12.72;2497
CNYRUBF;15;20240109;090000;12.705;12.705;12.683;12.688;7209
CNYRUBF;15;20240109;091500;12.688;12.695;12.68;12.695;4782
CNYRUBF;15;20240109;093000;12.69;12.711;12.683;12.685;6784
CNYRUBF;15;20240109;094500;12.685;12.69;12.667;12.687;4957
CNYRUBF;15;20240109;100000;12.685;12.69;12.656;12.659;9782
CNYRUBF;15;20240109;101500;12.66;12.66;12.626;12.628;6288
CNYRUBF;15;20240109;103000;12.626;12.645;12.62;12.643;4561
CNYRUBF;15;20240109;104500;12.643;12.653;12.626;12.634;3678
CNYRUBF;15;20240109;110000;12.633;12.634;12.615;12.622;4036
CNYRUBF;15;20240109;111500;12.62;12.644;12.614;12.629;4214
CNYRUBF;15;20240109;113000;12.631;12.636;12.626;12.629;1524
CNYRUBF;15;20240109;114500;12.629;12.634;12.621;12.633;1994
CNYRUBF;15;20240109;120000;12.631;12.646;12.623;12.64;5703
CNYRUBF;15;20240109;121500;12.641;12.641;12.618;12.618;14149
CNYRUBF;15;20240109;123000;12.618;12.619;12.608;12.611;4731
CNYRUBF;15;20240109;124500;12.61;12.61;12.588;12.588;6213
CNYRUBF;15;20240109;130000;12.589;12.59;12.582;12.585;4634
CNYRUBF;15;20240109;131500;12.584;12.584;12.566;12.573;7990
CNYRUBF;15;20240109;133000;12.571;12.573;12.523;12.525;11204
CNYRUBF;15;20240109;134500;12.525;12.546;12.516;12.538;21124
CNYRUBF;15;20240109;140000;12.537;12.551;12.524;12.542;4626
CNYRUBF;15;20240109;141500;12.541;12.543;12.502;12.531;12973
CNYRUBF;15;20240109;143000;12.531;12.537;12.524;12.526;4712
CNYRUBF;15;20240109;144500;12.525;12.53;12.518;12.521;1130
CNYRUBF;15;20240109;150000;12.52;12.521;12.505;12.505;4557
CNYRUBF;15;20240109;151500;12.504;12.506;12.49;12.494;14440
CNYRUBF;15;20240109;153000;12.49;12.5;12.478;12.495;22945
CNYRUBF;15;20240109;154500;12.497;12.497;12.472;12.488;5294
CNYRUBF;15;20240109;160000;12.487;12.487;12.472;12.484;3048
CNYRUBF;15;20240109;161500;12.484;12.488;12.456;12.463;6437
CNYRUBF;15;20240109;163000;12.464;12.464;12.409;12.413;10701
CNYRUBF;15;20240109;164500;12.417;12.495;12.399;12.492;24930
CNYRUBF;15;20240109;170000;12.492;12.502;12.478;12.488;4715
CNYRUBF;15;20240109;171500;12.488;12.49;12.457;12.472;8320
CNYRUBF;15;20240109;173000;12.469;12.514;12.468;12.478;19951
CNYRUBF;15;20240109;174500;12.477;12.478;12.447;12.448;8299
CNYRUBF;15;20240109;180000;12.448;12.465;12.438;12.459;2323
CNYRUBF;15;20240109;181500;12.46;12.493;12.456;12.485;5732
CNYRUBF;15;20240109;183000;12.485;12.52;12.484;12.515;6769
CNYRUBF;15;20240109;184500;12.514;12.517;12.487;12.502;15934
CNYRUBF;15;20240109;190000;12.515;12.517;12.484;12.501;1079
CNYRUBF;15;20240109;191500;12.498;12.51;12.498;12.509;1342
CNYRUBF;15;20240109;193000;12.509;12.509;12.499;12.499;318
CNYRUBF;15;20240109;194500;12.499;12.506;12.498;12.502;1092
CNYRUBF;15;20240109;200000;12.502;12.503;12.5;12.502;657
CNYRUBF;15;20240109;201500;12.501;12.505;12.491;12.503;385
CNYRUBF;15;20240109;203000;12.502;12.505;12.492;12.492;160
CNYRUBF;15;20240109;204500;12.497;12.501;12.491;12.491;331
CNYRUBF;15;20240109;210000;12.49;12.49;12.474;12.484;401
CNYRUBF;15;20240109;211500;12.484;12.488;12.482;12.482;250
CNYRUBF;15;20240109;213000;12.487;12.489;12.476;12.48;72
CNYRUBF;15;20240109;214500;12.477;12.478;12.473;12.476;73
CNYRUBF;15;20240109;220000;12.475;12.481;12.467;12.48;249
CNYRUBF;15;20240109;221500;12.482;12.487;12.479;12.479;205
CNYRUBF;15;20240109;223000;12.48;12.484;12.478;12.482;212
CNYRUBF;15;20240109;224500;12.482;12.485;12.48;12.481;175
CNYRUBF;15;20240109;230000;12.485;12.496;12.48;12.496;308
CNYRUBF;15;20240109;231500;12.496;12.503;12.496;12.503;179
CNYRUBF;15;20240109;233000;12.501;12.502;12.499;12.499;48
CNYRUBF;15;20240109;234500;12.499;12.514;12.495;12.512;610
CNYRUBF;15;20240110;090000;12.493;12.499;12.458;12.469;6811
CNYRUBF;15;20240110;091500;12.469;12.49;12.469;12.474;12407
CNYRUBF;15;20240110;093000;12.473;12.477;12.457;12.457;1634
CNYRUBF;15;20240110;094500;12.456;12.458;12.436;12.441;4220
CNYRUBF;15;20240110;100000;12.44;12.476;12.422;12.468;6142
CNYRUBF;15;20240110;101500;12.468;12.474;12.453;12.459;3005
CNYRUBF;15;20240110;103000;12.461;12.468;12.439;12.451;1131
CNYRUBF;15;20240110;104500;12.446;12.456;12.446;12.448;3362
CNYRUBF;15;20240110;110000;12.448;12.448;12.43;12.43;3559
CNYRUBF;15;20240110;111500;12.429;12.433;12.416;12.42;14106
CNYRUBF;15;20240110;113000;12.418;12.429;12.411;12.428;2627
CNYRUBF;15;20240110;114500;12.428;12.436;12.405;12.409;8337
CNYRUBF;15;20240110;120000;12.409;12.467;12.409;12.458;13128
CNYRUBF;15;20240110;121500;12.458;12.458;12.445;12.448;3193
CNYRUBF;15;20240110;123000;12.448;12.455;12.43;12.442;3152
CNYRUBF;15;20240110;124500;12.443;12.444;12.438;12.441;894
CNYRUBF;15;20240110;130000;12.44;12.445;12.433;12.442;453
CNYRUBF;15;20240110;131500;12.442;12.443;12.438;12.44;429
CNYRUBF;15;20240110;133000;12.441;12.441;12.428;12.431;1680
CNYRUBF;15;20240110;134500;12.432;12.432;12.423;12.425;3461
CNYRUBF;15;20240110;140000;12.425;12.427;12.419;12.426;1073
CNYRUBF;15;20240110;141500;12.427;12.436;12.426;12.435;1187
CNYRUBF;15;20240110;143000;12.434;12.437;12.422;12.422;2723
CNYRUBF;15;20240110;144500;12.424;12.433;12.421;12.424;1008
CNYRUBF;15;20240110;150000;12.425;12.426;12.389;12.389;14075
CNYRUBF;15;20240110;151500;12.39;12.415;12.384;12.408;6182
CNYRUBF;15;20240110;153000;12.409;12.433;12.409;12.427;9866
CNYRUBF;15;20240110;154500;12.427;12.436;12.42;12.433;2391
CNYRUBF;15;20240110;160000;12.433;12.442;12.422;12.432;3268
CNYRUBF;15;20240110;161500;12.431;12.454;12.431;12.442;5487
CNYRUBF;15;20240110;163000;12.442;12.442;12.435;12.438;2157
CNYRUBF;15;20240110;164500;12.437;12.439;12.431;12.432;2601
CNYRUBF;15;20240110;170000;12.433;12.441;12.428;12.441;3111
CNYRUBF;15;20240110;171500;12.438;12.442;12.438;12.439;3405
CNYRUBF;15;20240110;173000;12.441;12.445;12.433;12.44;8986
CNYRUBF;15;20240110;174500;12.44;12.441;12.427;12.428;9680
CNYRUBF;15;20240110;180000;12.427;12.437;12.417;12.437;4616
CNYRUBF;15;20240110;181500;12.434;12.435;12.424;12.429;1179
CNYRUBF;15;20240110;183000;12.428;12.432;12.425;12.425;7337
CNYRUBF;15;20240110;184500;12.429;12.429;12.422;12.425;3582
CNYRUBF;15;20240110;190000;12.422;12.43;12.418;12.43;328
CNYRUBF;15;20240110;191500;12.426;12.426;12.416;12.42;485
CNYRUBF;15;20240110;193000;12.421;12.43;12.417;12.429;287
CNYRUBF;15;20240110;194500;12.43;12.43;12.427;12.427;161
CNYRUBF;15;20240110;200000;12.427;12.429;12.416;12.417;355
CNYRUBF;15;20240110;201500;12.422;12.429;12.415;12.429;238
CNYRUBF;15;20240110;203000;12.429;12.429;12.428;12.428;179
CNYRUBF;15;20240110;204500;12.429;12.432;12.429;12.432;181
CNYRUBF;15;20240110;210000;12.433;12.434;12.426;12.431;275
CNYRUBF;15;20240110;211500;12.431;12.432;12.415;12.42;297
CNYRUBF;15;20240110;213000;12.425;12.431;12.425;12.431;184
CNYRUBF;15;20240110;214500;12.43;12.431;12.423;12.429;144
CNYRUBF;15;20240110;220000;12.427;12.43;12.425;12.427;130
CNYRUBF;15;20240110;221500;12.426;12.427;12.426;12.427;54
CNYRUBF;15;20240110;223000;12.426;12.43;12.424;12.424;581
CNYRUBF;15;20240110;224500;12.425;12.427;12.425;12.427;696
CNYRUBF;15;20240110;230000;12.426;12.428;12.42;12.42;526
CNYRUBF;15;20240110;231500;12.422;12.424;12.422;12.424;10
CNYRUBF;15;20240110;233000;12.424;12.426;12.424;12.424;61
CNYRUBF;15;20240110;234500;12.426;12.427;12.424;12.427;42
CNYRUBF;15;20240111;090000;12.438;12.455;12.438;12.444;3441
CNYRUBF;15;20240111;091500;12.445;12.445;12.434;12.439;10068
CNYRUBF;15;20240111;093000;12.439;12.44;12.403;12.416;13239
CNYRUBF;15;20240111;094500;12.41;12.41;12.381;12.382;4925
CNYRUBF;15;20240111;100000;12.381;12.393;12.36;12.365;17851
CNYRUBF;15;20240111;101500;12.364;12.382;12.344;12.38;9879
CNYRUBF;15;20240111;103000;12.379;12.392;12.362;12.362;6457
CNYRUBF;15;20240111;104500;12.362;12.386;12.361;12.377;1608
CNYRUBF;15;20240111;110000;12.377;12.38;12.358;12.358;4312
CNYRUBF;15;20240111;111500;12.358;12.381;12.355;12.378;3358
CNYRUBF;15;20240111;113000;12.375;12.395;12.372;12.387;4565
CNYRUBF;15;20240111;114500;12.386;12.392;12.355;12.36;1807
CNYRUBF;15;20240111;120000;12.36;12.377;12.358;12.362;1355
CNYRUBF;15;20240111;121500;12.364;12.368;12.347;12.363;3589
CNYRUBF;15;20240111;123000;12.366;12.37;12.362;12.364;1698
CNYRUBF;15;20240111;124500;12.364;12.37;12.359;12.366;10370
CNYRUBF;15;20240111;130000;12.366;12.368;12.363;12.364;2337
CNYRUBF;15;20240111;131500;12.365;12.376;12.365;12.373;1975
CNYRUBF;15;20240111;133000;12.373;12.374;12.366;12.368;1191
CNYRUBF;15;20240111;134500;12.37;12.376;12.364;12.371;1852
CNYRUBF;15;20240111;140000;12.371;12.372;12.365;12.366;1198
CNYRUBF;15;20240111;141500;12.366;12.37;12.354;12.37;1050
CNYRUBF;15;20240111;143000;12.369;12.374;12.366;12.373;1190
CNYRUBF;15;20240111;144500;12.372;12.374;12.367;12.373;1780
CNYRUBF;15;20240111;150000;12.371;12.376;12.37;12.375;1601
CNYRUBF;15;20240111;151500;12.375;12.38;12.369;12.378;3452
CNYRUBF;15;20240111;153000;12.377;12.378;12.373;12.373;1576
CNYRUBF;15;20240111;154500;12.371;12.375;12.37;12.372;15284
CNYRUBF;15;20240111;160000;12.372;12.377;12.372;12.376;1109
CNYRUBF;15;20240111;161500;12.374;12.375;12.365;12.372;4026
CNYRUBF;15;20240111;163000;12.372;12.373;12.364;12.368;5171
CNYRUBF;15;20240111;164500;12.369;12.374;12.355;12.357;1330
CNYRUBF;15;20240111;170000;12.359;12.362;12.328;12.338;13882
CNYRUBF;15;20240111;171500;12.338;12.354;12.332;12.345;5213
CNYRUBF;15;20240111;173000;12.345;12.345;12.333;12.339;2591
CNYRUBF;15;20240111;174500;12.341;12.363;12.341;12.35;1456
CNYRUBF;15;20240111;180000;12.352;12.358;12.34;12.34;3000
CNYRUBF;15;20240111;181500;12.339;12.34;12.322;12.324;2482
CNYRUBF;15;20240111;183000;12.324;12.334;12.323;12.328;832
CNYRUBF;15;20240111;184500;12.331;12.336;12.329;12.336;258
CNYRUBF;15;20240111;190000;12.33;12.341;12.328;12.338;640
CNYRUBF;15;20240111;191500;12.338;12.339;12.32;12.32;1367
CNYRUBF;15;20240111;193000;12.321;12.324;12.318;12.324;256
CNYRUBF;15;20240111;194500;12.325;12.325;12.317;12.317;325
CNYRUBF;15;20240111;200000;12.318;12.321;12.315;12.316;306
CNYRUBF;15;20240111;201500;12.317;12.32;12.316;12.319;103
CNYRUBF;15;20240111;203000;12.32;12.33;12.32;12.325;160
CNYRUBF;15;20240111;204500;12.325;12.325;12.322;12.324;186
CNYRUBF;15;20240111;210000;12.325;12.326;12.323;12.324;213
CNYRUBF;15;20240111;211500;12.324;12.324;12.316;12.316;483
CNYRUBF;15;20240111;213000;12.318;12.318;12.315;12.317;264
CNYRUBF;15;20240111;214500;12.317;12.32;12.306;12.32;844
CNYRUBF;15;20240111;220000;12.32;12.321;12.318;12.32;1318
CNYRUBF;15;20240111;221500;12.321;12.321;12.309;12.309;679
CNYRUBF;15;20240111;223000;12.309;12.313;12.303;12.307;2312
CNYRUBF;15;20240111;224500;12.304;12.306;12.302;12.304;623
CNYRUBF;15;20240111;230000;12.304;12.31;12.303;12.306;284
CNYRUBF;15;20240111;231500;12.309;12.312;12.305;12.305;727
CNYRUBF;15;20240111;233000;12.305;12.31;12.303;12.304;915
CNYRUBF;15;20240111;234500;12.304;12.307;12.302;12.307;172
CNYRUBF;15;20240112;090000;12.307;12.318;12.295;12.31;12873
CNYRUBF;15;20240112;091500;12.31;12.314;12.308;12.312;3719
CNYRUBF;15;20240112;093000;12.311;12.316;12.303;12.303;3548
CNYRUBF;15;20240112;094500;12.303;12.303;12.267;12.276;14337
CNYRUBF;15;20240112;100000;12.277;12.281;12.264;12.275;35105
CNYRUBF;15;20240112;101500;12.275;12.278;12.253;12.258;31541
CNYRUBF;15;20240112;103000;12.259;12.275;12.258;12.265;16803
CNYRUBF;15;20240112;104500;12.266;12.278;12.263;12.263;26221
CNYRUBF;15;20240112;110000;12.265;12.273;12.265;12.27;30211
CNYRUBF;15;20240112;111500;12.271;12.287;12.259;12.26;15857
CNYRUBF;15;20240112;113000;12.26;12.26;12.233;12.233;18505
CNYRUBF;15;20240112;114500;12.233;12.263;12.233;12.245;6925
CNYRUBF;15;20240112;120000;12.245;12.251;12.237;12.251;8916
CNYRUBF;15;20240112;121500;12.25;12.251;12.235;12.244;2903
CNYRUBF;15;20240112;123000;12.244;12.257;12.242;12.25;10165
CNYRUBF;15;20240112;124500;12.25;12.252;12.245;12.252;1296
CNYRUBF;15;20240112;130000;12.252;12.252;12.243;12.251;1183
CNYRUBF;15;20240112;131500;12.25;12.25;12.226;12.237;4959
CNYRUBF;15;20240112;133000;12.238;12.249;12.238;12.239;1820
CNYRUBF;15;20240112;134500;12.241;12.245;12.24;12.242;1033
CNYRUBF;15;20240112;140000;12.242;12.242;12.224;12.24;5719
CNYRUBF;15;20240112;141500;12.24;12.241;12.227;12.229;7655
CNYRUBF;15;20240112;143000;12.229;12.234;12.226;12.229;7166
CNYRUBF;15;20240112;144500;12.227;12.248;12.226;12.233;3599
CNYRUBF;15;20240112;150000;12.232;12.233;12.227;12.229;700
CNYRUBF;15;20240112;151500;12.229;12.238;12.229;12.236;877
CNYRUBF;15;20240112;153000;12.235;12.237;12.23;12.23;592
CNYRUBF;15;20240112;154500;12.231;12.267;12.227;12.259;9891
CNYRUBF;15;20240112;160000;12.253;12.258;12.246;12.258;3428
CNYRUBF;15;20240112;161500;12.256;12.258;12.248;12.25;4869
CNYRUBF;15;20240112;163000;12.25;12.256;12.245;12.249;8962
CNYRUBF;15;20240112;164500;12.25;12.252;12.245;12.249;1216
CNYRUBF;15;20240112;170000;12.249;12.25;12.228;12.228;7826
CNYRUBF;15;20240112;171500;12.23;12.243;12.222;12.234;19194
CNYRUBF;15;20240112;173000;12.232;12.237;12.231;12.231;3177
CNYRUBF;15;20240112;174500;12.232;12.243;12.231;12.236;4901
CNYRUBF;15;20240112;180000;12.239;12.24;12.236;12.239;4268
CNYRUBF;15;20240112;181500;12.239;12.243;12.232;12.235;10150
CNYRUBF;15;20240112;183000;12.232;12.232;12.224;12.224;10857
CNYRUBF;15;20240112;184500;12.226;12.227;12.221;12.221;1109
CNYRUBF;15;20240112;190000;12.245;12.245;12.217;12.225;2117
CNYRUBF;15;20240112;191500;12.228;12.238;12.22;12.23;1306
CNYRUBF;15;20240112;193000;12.231;12.237;12.223;12.226;1792
CNYRUBF;15;20240112;194500;12.229;12.233;12.228;12.231;503
CNYRUBF;15;20240112;200000;12.23;12.231;12.224;12.228;1059
CNYRUBF;15;20240112;201500;12.228;12.231;12.225;12.227;394
CNYRUBF;15;20240112;203000;12.227;12.228;12.188;12.216;3438
CNYRUBF;15;20240112;204500;12.216;12.219;12.215;12.216;299
CNYRUBF;15;20240112;210000;12.216;12.221;12.215;12.221;461
CNYRUBF;15;20240112;211500;12.221;12.221;12.211;12.211;260
CNYRUBF;15;20240112;213000;12.212;12.216;12.211;12.214;133
CNYRUBF;15;20240112;214500;12.215;12.23;12.211;12.227;966
CNYRUBF;15;20240112;220000;12.23;12.23;12.22;12.22;319
CNYRUBF;15;20240112;221500;12.22;12.223;12.217;12.22;147
CNYRUBF;15;20240112;223000;12.221;12.221;12.217;12.217;123
CNYRUBF;15;20240112;224500;12.217;12.222;12.212;12.212;309
CNYRUBF;15;20240112;230000;12.215;12.216;12.21;12.21;447
CNYRUBF;15;20240112;231500;12.211;12.215;12.21;12.214;804
CNYRUBF;15;20240112;233000;12.213;12.215;12.205;12.215;414
CNYRUBF;15;20240112;234500;12.214;12.216;12.207;12.212;48
CNYRUBF;15;20240115;090000;12.22;12.233;12.195;12.195;17239
CNYRUBF;15;20240115;091500;12.195;12.195;12.157;12.179;26102
CNYRUBF;15;20240115;093000;12.179;12.192;12.175;12.186;13347
CNYRUBF;15;20240115;094500;12.186;12.189;12.171;12.171;2695
CNYRUBF;15;20240115;100000;12.17;12.224;12.161;12.207;9237
CNYRUBF;15;20240115;101500;12.207;12.208;12.186;12.202;8859
CNYRUBF;15;20240115;103000;12.201;12.202;12.181;12.191;4057
CNYRUBF;15;20240115;104500;12.191;12.192;12.176;12.181;10705
CNYRUBF;15;20240115;110000;12.18;12.186;12.17;12.179;2662
CNYRUBF;15;20240115;111500;12.179;12.187;12.173;12.183;3299
CNYRUBF;15;20240115;113000;12.183;12.194;12.177;12.183;2529
CNYRUBF;15;20240115;114500;12.182;12.186;12.177;12.177;1392
CNYRUBF;15;20240115;120000;12.178;12.179;12.16;12.168;2995
CNYRUBF;15;20240115;121500;12.168;12.168;12.147;12.15;21901
CNYRUBF;15;20240115;123000;12.15;12.157;12.141;12.141;2633
CNYRUBF;15;20240115;124500;12.143;12.143;12.13;12.134;2552
CNYRUBF;15;20240115;130000;12.133;12.136;12.126;12.135;10684
CNYRUBF;15;20240115;131500;12.135;12.135;12.11;12.115;62757
CNYRUBF;15;20240115;133000;12.115;12.123;12.113;12.12;85005
CNYRUBF;15;20240115;134500;12.12;12.12;12.113;12.119;59289
CNYRUBF;15;20240115;140000;12.118;12.118;12.11;12.111;6413
CNYRUBF;15;20240115;141500;12.111;12.114;12.103;12.113;29853
CNYRUBF;15;20240115;143000;12.113;12.136;12.112;12.133;17944
CNYRUBF;15;20240115;144500;12.132;12.133;12.129;12.133;2661
CNYRUBF;15;20240115;150000;12.132;12.145;12.128;12.132;3361
CNYRUBF;15;20240115;151500;12.132;12.144;12.125;12.131;3496
CNYRUBF;15;20240115;153000;12.134;12.17;12.133;12.169;13555
CNYRUBF;15;20240115;154500;12.169;12.173;12.146;12.165;16103
CNYRUBF;15;20240115;160000;12.165;12.17;12.151;12.156;14786
CNYRUBF;15;20240115;161500;12.156;12.158;12.15;12.151;6153
CNYRUBF;15;20240115;163000;12.15;12.161;12.125;12.147;12595
CNYRUBF;15;20240115;164500;12.141;12.155;12.133;12.141;14507
CNYRUBF;15;20240115;170000;12.141;12.149;12.126;12.136;5056
CNYRUBF;15;20240115;171500;12.136;12.148;12.136;12.145;2610
CNYRUBF;15;20240115;173000;12.143;12.159;12.141;12.158;7464
CNYRUBF;15;20240115;174500;12.157;12.157;12.141;12.149;8191
CNYRUBF;15;20240115;180000;12.149;12.158;12.142;12.146;6341
CNYRUBF;15;20240115;181500;12.146;12.15;12.136;12.141;5504
CNYRUBF;15;20240115;183000;12.142;12.145;12.136;12.139;6871
CNYRUBF;15;20240115;184500;12.139;12.14;12.134;12.134;544
CNYRUBF;15;20240115;190000;12.136;12.143;12.136;12.139;1240
CNYRUBF;15;20240115;191500;12.141;12.144;12.128;12.144;929
CNYRUBF;15;20240115;193000;12.143;12.148;12.142;12.142;927
CNYRUBF;15;20240115;194500;12.142;12.145;12.14;12.145;390
CNYRUBF;15;20240115;200000;12.145;12.148;12.133;12.144;2161
CNYRUBF;15;20240115;201500;12.144;12.154;12.143;12.15;1291
CNYRUBF;15;20240115;203000;12.148;12.15;12.144;12.144;272
CNYRUBF;15;20240115;204500;12.144;12.146;12.139;12.14;226
CNYRUBF;15;20240115;210000;12.142;12.146;12.138;12.138;519
CNYRUBF;15;20240115;211500;12.138;12.141;12.129;12.14;517
CNYRUBF;15;20240115;213000;12.14;12.141;12.137;12.141;118
CNYRUBF;15;20240115;214500;12.14;12.14;12.136;12.136;32
CNYRUBF;15;20240115;220000;12.137;12.139;12.136;12.139;128
CNYRUBF;15;20240115;221500;12.138;12.141;12.136;12.141;134
CNYRUBF;15;20240115;223000;12.141;12.145;12.14;12.143;555
CNYRUBF;15;20240115;224500;12.142;12.142;12.131;12.132;1074
CNYRUBF;15;20240115;230000;12.133;12.137;12.133;12.135;536
CNYRUBF;15;20240115;231500;12.135;12.14;12.127;12.133;356
CNYRUBF;15;20240115;233000;12.13;12.142;12.126;12.129;533
CNYRUBF;15;20240115;234500;12.128;12.129;12.123;12.124;522
CNYRUBF;15;20240116;090000;12.124;12.153;12.124;12.15;3293
CNYRUBF;15;20240116;091500;12.15;12.151;12.145;12.147;860
CNYRUBF;15;20240116;093000;12.148;12.148;12.142;12.146;1246
CNYRUBF;15;20240116;094500;12.146;12.157;12.142;12.157;3487
CNYRUBF;15;20240116;100000;12.155;12.155;12.108;12.127;5379
CNYRUBF;15;20240116;101500;12.129;12.138;12.114;12.136;4755
CNYRUBF;15;20240116;103000;12.136;12.14;12.132;12.138;11397
CNYRUBF;15;20240116;104500;12.139;12.14;12.136;12.14;998
CNYRUBF;15;20240116;110000;12.14;12.14;12.114;12.115;10098
CNYRUBF;15;20240116;111500;12.118;12.139;12.116;12.122;6663
CNYRUBF;15;20240116;113000;12.122;12.128;12.113;12.122;13728
CNYRUBF;15;20240116;114500;12.123;12.136;12.121;12.135;3855
CNYRUBF;15;20240116;120000;12.136;12.16;12.13;12.159;10626
CNYRUBF;15;20240116;121500;12.159;12.168;12.129;12.136;4896
CNYRUBF;15;20240116;123000;12.136;12.137;12.113;12.125;11145
CNYRUBF;15;20240116;124500;12.127;12.127;12.109;12.117;7859
CNYRUBF;15;20240116;130000;12.119;12.13;12.115;12.12;3430
CNYRUBF;15;20240116;131500;12.118;12.125;12.112;12.118;1523
CNYRUBF;15;20240116;133000;12.117;12.134;12.116;12.131;989
CNYRUBF;15;20240116;134500;12.13;12.134;12.123;12.128;2228
CNYRUBF;15;20240116;140000;12.129;12.139;12.129;12.138;3537
CNYRUBF;15;20240116;141500;12.137;12.137;12.126;12.132;1249
CNYRUBF;15;20240116;143000;12.132;12.137;12.125;12.13;1016
CNYRUBF;15;20240116;144500;12.13;12.138;12.13;12.136;2794
CNYRUBF;15;20240116;150000;12.136;12.136;12.127;12.13;3881
CNYRUBF;15;20240116;151500;12.129;12.139;12.124;12.129;8867
CNYRUBF;15;20240116;153000;12.13;12.135;12.125;12.134;12470
CNYRUBF;15;20240116;154500;12.134;12.134;12.129;12.133;6478
CNYRUBF;15;20240116;160000;12.132;12.134;12.125;12.133;9609
CNYRUBF;15;20240116;161500;12.129;12.132;12.121;12.123;5151
CNYRUBF;15;20240116;163000;12.124;12.127;12.119;12.119;2227
CNYRUBF;15;20240116;164500;12.119;12.129;12.118;12.129;4473
CNYRUBF;15;20240116;170000;12.127;12.338;12.126;12.141;164272
CNYRUBF;15;20240116;171500;12.141;12.146;12.125;12.134;57753
CNYRUBF;15;20240116;173000;12.131;12.133;12.105;12.117;40239
CNYRUBF;15;20240116;174500;12.116;12.125;12.105;12.111;18701
CNYRUBF;15;20240116;180000;12.111;12.132;12.105;12.126;8296
CNYRUBF;15;20240116;181500;12.127;12.134;12.114;12.123;8392
CNYRUBF;15;20240116;183000;12.123;12.125;12.113;12.115;10106
CNYRUBF;15;20240116;184500;12.115;12.116;12.107;12.116;7171
CNYRUBF;15;20240116;190000;12.11;12.118;12.105;12.114;978
CNYRUBF;15;20240116;191500;12.115;12.12;12.109;12.12;827
CNYRUBF;15;20240116;193000;12.12;12.12;12.115;12.12;547
CNYRUBF;15;20240116;194500;12.119;12.127;12.119;12.127;303
CNYRUBF;15;20240116;200000;12.123;12.128;12.12;12.123;453
CNYRUBF;15;20240116;201500;12.121;12.122;12.113;12.117;249
CNYRUBF;15;20240116;203000;12.12;12.12;12.115;12.119;72
CNYRUBF;15;20240116;204500;12.119;12.12;12.116;12.116;139
CNYRUBF;15;20240116;210000;12.115;12.116;12.113;12.116;691
CNYRUBF;15;20240116;211500;12.116;12.12;12.115;12.117;1036
CNYRUBF;15;20240116;213000;12.119;12.12;12.119;12.12;18
CNYRUBF;15;20240116;214500;12.12;12.125;12.119;12.121;1293
CNYRUBF;15;20240116;220000;12.121;12.127;12.121;12.127;829
CNYRUBF;15;20240116;221500;12.126;12.13;12.123;12.123;1435
CNYRUBF;15;20240116;223000;12.124;12.13;12.124;12.128;969
CNYRUBF;15;20240116;224500;12.129;12.129;12.123;12.126;438
CNYRUBF;15;20240116;230000;12.128;12.129;12.123;12.129;366
CNYRUBF;15;20240116;231500;12.128;12.13;12.128;12.13;244
CNYRUBF;15;20240116;233000;12.13;12.13;12.13;12.13;149
CNYRUBF;15;20240116;234500;12.129;12.129;12.127;12.129;82
CNYRUBF;15;20240117;090000;12.137;12.157;12.137;12.149;5551
CNYRUBF;15;20240117;091500;12.152;12.168;12.151;12.166;3316
CNYRUBF;15;20240117;093000;12.165;12.167;12.159;12.164;2148
CNYRUBF;15;20240117;094500;12.165;12.166;12.148;12.154;13361
CNYRUBF;15;20240117;100000;12.155;12.204;12.146;12.182;28457
CNYRUBF;15;20240117;101500;12.18;12.186;12.168;12.18;4299
CNYRUBF;15;20240117;103000;12.179;12.189;12.176;12.189;4073
CNYRUBF;15;20240117;104500;12.189;12.224;12.185;12.205;13723
CNYRUBF;15;20240117;110000;12.205;12.259;12.205;12.222;15003
CNYRUBF;15;20240117;111500;12.222;12.232;12.209;12.217;8149
CNYRUBF;15;20240117;113000;12.213;12.216;12.187;12.193;9416
CNYRUBF;15;20240117;114500;12.195;12.196;12.174;12.175;4749
CNYRUBF;15;20240117;120000;12.174;12.18;12.151;12.165;20878
CNYRUBF;15;20240117;121500;12.167;12.194;12.162;12.185;3860
CNYRUBF;15;20240117;123000;12.184;12.199;12.171;12.193;4270
CNYRUBF;15;20240117;124500;12.193;12.198;12.178;12.198;9160
CNYRUBF;15;20240117;130000;12.197;12.213;12.193;12.203;9348
CNYRUBF;15;20240117;131500;12.204;12.215;12.202;12.203;19061
CNYRUBF;15;20240117;133000;12.204;12.211;12.197;12.208;3714
CNYRUBF;15;20240117;134500;12.211;12.216;12.208;12.211;5843
CNYRUBF;15;20240117;140000;12.212;12.235;12.212;12.235;6908
CNYRUBF;15;20240117;141500;12.236;12.237;12.207;12.211;3624
CNYRUBF;15;20240117;143000;12.211;12.215;12.2;12.215;2398
CNYRUBF;15;20240117;144500;12.212;12.234;12.212;12.222;2934
CNYRUBF;15;20240117;150000;12.222;12.222;12.203;12.208;3467
CNYRUBF;15;20240117;151500;12.208;12.217;12.202;12.211;2935
CNYRUBF;15;20240117;153000;12.208;12.219;12.205;12.205;5266
CNYRUBF;15;20240117;154500;12.21;12.21;12.194;12.207;3978
CNYRUBF;15;20240117;160000;12.205;12.22;12.204;12.208;8764
CNYRUBF;15;20240117;161500;12.209;12.22;12.207;12.219;1166
CNYRUBF;15;20240117;163000;12.223;12.223;12.205;12.205;9162
CNYRUBF;15;20240117;164500;12.205;12.209;12.194;12.195;8945
CNYRUBF;15;20240117;170000;12.196;12.215;12.196;12.21;2958
CNYRUBF;15;20240117;171500;12.207;12.214;12.202;12.21;5159
CNYRUBF;15;20240117;173000;12.21;12.214;12.208;12.212;19045
CNYRUBF;15;20240117;174500;12.209;12.22;12.209;12.212;14164
CNYRUBF;15;20240117;180000;12.216;12.241;12.212;12.237;10905
CNYRUBF;15;20240117;181500;12.235;12.24;12.214;12.223;4672
CNYRUBF;15;20240117;183000;12.225;12.228;12.214;12.219;7999
CNYRUBF;15;20240117;184500;12.219;12.223;12.219;12.223;235
CNYRUBF;15;20240117;190000;12.228;12.237;12.22;12.228;2506
CNYRUBF;15;20240117;191500;12.228;12.26;12.214;12.235;12896
CNYRUBF;15;20240117;193000;12.231;12.236;12.231;12.235;224
CNYRUBF;15;20240117;194500;12.233;12.235;12.229;12.232;239
CNYRUBF;15;20240117;200000;12.232;12.235;12.231;12.235;193
CNYRUBF;15;20240117;201500;12.232;12.237;12.232;12.237;66
CNYRUBF;15;20240117;203000;12.233;12.239;12.23;12.239;218
CNYRUBF;15;20240117;204500;12.235;12.239;12.23;12.23;467
CNYRUBF;15;20240117;210000;12.233;12.237;12.233;12.237;139
CNYRUBF;15;20240117;211500;12.235;12.237;12.23;12.23;230
CNYRUBF;15;20240117;213000;12.232;12.232;12.224;12.227;510
CNYRUBF;15;20240117;214500;12.229;12.23;12.223;12.225;218
CNYRUBF;15;20240117;220000;12.224;12.23;12.223;12.227;236
CNYRUBF;15;20240117;221500;12.226;12.23;12.224;12.225;191
CNYRUBF;15;20240117;223000;12.227;12.24;12.221;12.221;947
CNYRUBF;15;20240117;224500;12.223;12.23;12.22;12.225;291
CNYRUBF;15;20240117;230000;12.225;12.225;12.22;12.223;72
CNYRUBF;15;20240117;231500;12.225;12.225;12.223;12.225;229
CNYRUBF;15;20240117;233000;12.225;12.226;12.22;12.22;137
CNYRUBF;15;20240117;234500;12.222;12.226;12.221;12.226;53
CNYRUBF;15;20240118;090000;12.296;12.305;12.258;12.264;20551
CNYRUBF;15;20240118;091500;12.262;12.299;12.262;12.298;25441
CNYRUBF;15;20240118;093000;12.298;12.298;12.28;12.295;4569
CNYRUBF;15;20240118;094500;12.296;12.301;12.293;12.298;7940
CNYRUBF;15;20240118;100000;12.299;12.305;12.286;12.295;9051
CNYRUBF;15;20240118;101500;12.294;12.294;12.251;12.253;11790
CNYRUBF;15;20240118;103000;12.251;12.263;12.242;12.259;6835
CNYRUBF;15;20240118;104500;12.257;12.265;12.232;12.255;6630
CNYRUBF;15;20240118;110000;12.255;12.263;12.241;12.257;4022
CNYRUBF;15;20240118;111500;12.259;12.266;12.254;12.257;2722
CNYRUBF;15;20240118;113000;12.256;12.258;12.233;12.248;1232
CNYRUBF;15;20240118;114500;12.248;12.252;12.241;12.248;1511
CNYRUBF;15;20240118;120000;12.249;12.262;12.249;12.26;395
CNYRUBF;15;20240118;121500;12.261;12.265;12.255;12.259;3235
CNYRUBF;15;20240118;123000;12.257;12.258;12.24;12.246;591
CNYRUBF;15;20240118;124500;12.245;12.256;12.242;12.247;2047
CNYRUBF;15;20240118;130000;12.25;12.252;12.244;12.248;547
CNYRUBF;15;20240118;131500;12.249;12.253;12.248;12.253;466
CNYRUBF;15;20240118;133000;12.252;12.254;12.248;12.253;190
CNYRUBF;15;20240118;134500;12.254;12.256;12.248;12.253;1756
CNYRUBF;15;20240118;140000;12.256;12.26;12.253;12.258;841
CNYRUBF;15;20240118;141500;12.259;12.266;12.252;12.264;1796
CNYRUBF;15;20240118;143000;12.264;12.264;12.249;12.257;1589
CNYRUBF;15;20240118;144500;12.257;12.262;12.251;12.257;430
CNYRUBF;15;20240118;150000;12.257;12.26;12.251;12.257;195
CNYRUBF;15;20240118;151500;12.257;12.265;12.256;12.261;6125
CNYRUBF;15;20240118;153000;12.261;12.267;12.248;12.266;3039
CNYRUBF;15;20240118;154500;12.262;12.265;12.258;12.265;10582
CNYRUBF;15;20240118;160000;12.265;12.268;12.254;12.257;5715
CNYRUBF;15;20240118;161500;12.256;12.256;12.221;12.24;8625
CNYRUBF;15;20240118;163000;12.24;12.257;12.237;12.257;6784
CNYRUBF;15;20240118;164500;12.258;12.276;12.253;12.27;8217
CNYRUBF;15;20240118;170000;12.274;12.282;12.27;12.279;13898
CNYRUBF;15;20240118;171500;12.279;12.282;12.257;12.273;15246
CNYRUBF;15;20240118;173000;12.272;12.272;12.251;12.26;3161
CNYRUBF;15;20240118;174500;12.259;12.269;12.25;12.257;3719
CNYRUBF;15;20240118;180000;12.256;12.256;12.245;12.254;5323
CNYRUBF;15;20240118;181500;12.253;12.27;12.247;12.267;4918
CNYRUBF;15;20240118;183000;12.268;12.269;12.253;12.256;6114
CNYRUBF;15;20240118;184500;12.254;12.261;12.253;12.261;836
CNYRUBF;15;20240118;190000;12.261;12.274;12.26;12.268;1698
CNYRUBF;15;20240118;191500;12.271;12.279;12.271;12.275;837
CNYRUBF;15;20240118;193000;12.272;12.275;12.27;12.27;111
CNYRUBF;15;20240118;194500;12.269;12.275;12.268;12.271;579
CNYRUBF;15;20240118;200000;12.273;12.275;12.268;12.275;737
CNYRUBF;15;20240118;201500;12.275;12.275;12.272;12.272;36
CNYRUBF;15;20240118;203000;12.273;12.276;12.273;12.276;248
CNYRUBF;15;20240118;204500;12.275;12.278;12.272;12.272;24
CNYRUBF;15;20240118;210000;12.272;12.279;12.268;12.279;1913
CNYRUBF;15;20240118;211500;12.271;12.28;12.271;12.275;1136
CNYRUBF;15;20240118;213000;12.278;12.28;12.277;12.278;382
CNYRUBF;15;20240118;214500;12.277;12.277;12.274;12.274;324
CNYRUBF;15;20240118;220000;12.274;12.275;12.27;12.274;662
CNYRUBF;15;20240118;221500;12.271;12.273;12.269;12.27;274
CNYRUBF;15;20240118;223000;12.273;12.273;12.27;12.27;379
CNYRUBF;15;20240118;224500;12.271;12.279;12.271;12.278;776
CNYRUBF;15;20240118;230000;12.274;12.279;12.274;12.279;867
CNYRUBF;15;20240118;231500;12.278;12.278;12.276;12.278;66
CNYRUBF;15;20240118;233000;12.278;12.28;12.27;12.271;464
CNYRUBF;15;20240118;234500;12.272;12.279;12.272;12.272;305
CNYRUBF;15;20240119;090000;12.28;12.295;12.273;12.275;25424
CNYRUBF;15;20240119;091500;12.276;12.284;12.27;12.277;5558
CNYRUBF;15;20240119;093000;12.276;12.298;12.273;12.297;9170
CNYRUBF;15;20240119;094500;12.295;12.298;12.283;12.295;3473
CNYRUBF;15;20240119;100000;12.293;12.297;12.273;12.279;10673
CNYRUBF;15;20240119;101500;12.276;12.293;12.26;12.283;14015
CNYRUBF;15;20240119;103000;12.281;12.297;12.272;12.28;9253
CNYRUBF;15;20240119;104500;12.283;12.291;12.279;12.28;16616
CNYRUBF;15;20240119;110000;12.28;12.285;12.275;12.284;5095
CNYRUBF;15;20240119;111500;12.283;12.29;12.283;12.29;2928
CNYRUBF;15;20240119;113000;12.29;12.292;12.282;12.292;4329
CNYRUBF;15;20240119;114500;12.291;12.293;12.286;12.292;1262
CNYRUBF;15;20240119;120000;12.291;12.292;12.281;12.286;7282
CNYRUBF;15;20240119;121500;12.286;12.287;12.277;12.281;17636
CNYRUBF;15;20240119;123000;12.281;12.291;12.272;12.287;11621
CNYRUBF;15;20240119;124500;12.286;12.287;12.269;12.275;4579
CNYRUBF;15;20240119;130000;12.275;12.277;12.265;12.265;4884
CNYRUBF;15;20240119;131500;12.265;12.27;12.251;12.27;8293
CNYRUBF;15;20240119;133000;12.269;12.28;12.261;12.28;1919
CNYRUBF;15;20240119;134500;12.278;12.279;12.273;12.275;1611
CNYRUBF;15;20240119;140000;12.275;12.276;12.261;12.264;3935
CNYRUBF;15;20240119;141500;12.26;12.264;12.252;12.256;3646
CNYRUBF;15;20240119;143000;12.257;12.262;12.254;12.256;572
CNYRUBF;15;20240119;144500;12.256;12.257;12.237;12.238;3396
CNYRUBF;15;20240119;150000;12.239;12.244;12.236;12.243;5627
CNYRUBF;15;20240119;151500;12.242;12.248;12.239;12.243;2193
CNYRUBF;15;20240119;153000;12.242;12.247;12.238;12.241;3105
CNYRUBF;15;20240119;154500;12.24;12.246;12.238;12.245;815
CNYRUBF;15;20240119;160000;12.245;12.262;12.244;12.249;3666
CNYRUBF;15;20240119;161500;12.249;12.255;12.234;12.234;4605
CNYRUBF;15;20240119;163000;12.236;12.245;12.234;12.242;1276
CNYRUBF;15;20240119;164500;12.242;12.258;12.237;12.255;2008
CNYRUBF;15;20240119;170000;12.255;12.265;12.237;12.242;11293
CNYRUBF;15;20240119;171500;12.242;12.245;12.235;12.242;3230
CNYRUBF;15;20240119;173000;12.246;12.25;12.24;12.243;9521
CNYRUBF;15;20240119;174500;12.243;12.247;12.231;12.232;2326
CNYRUBF;15;20240119;180000;12.231;12.237;12.224;12.23;1508
CNYRUBF;15;20240119;181500;12.231;12.234;12.226;12.234;1120
CNYRUBF;15;20240119;183000;12.234;12.236;12.228;12.233;1490
CNYRUBF;15;20240119;184500;12.23;12.233;12.229;12.23;376
CNYRUBF;15;20240119;190000;12.226;12.231;12.225;12.226;131
CNYRUBF;15;20240119;191500;12.226;12.231;12.226;12.231;173
CNYRUBF;15;20240119;193000;12.231;12.231;12.231;12.231;16
CNYRUBF;15;20240119;194500;12.23;12.231;12.23;12.23;278
CNYRUBF;15;20240119;200000;12.23;12.231;12.23;12.231;122
CNYRUBF;15;20240119;201500;12.232;12.239;12.232;12.235;435
CNYRUBF;15;20240119;203000;12.235;12.238;12.231;12.233;81
CNYRUBF;15;20240119;204500;12.233;12.233;12.232;12.232;221
CNYRUBF;15;20240119;210000;12.232;12.234;12.23;12.232;80
CNYRUBF;15;20240119;211500;12.233;12.233;12.231;12.231;76
CNYRUBF;15;20240119;213000;12.231;12.233;12.23;12.232;88
CNYRUBF;15;20240119;214500;12.232;12.233;12.231;12.231;118
CNYRUBF;15;20240119;220000;12.233;12.234;12.228;12.228;70
CNYRUBF;15;20240119;221500;12.226;12.226;12.226;12.226;197
CNYRUBF;15;20240119;223000;12.226;12.228;12.225;12.228;42
CNYRUBF;15;20240119;224500;12.228;12.228;12.226;12.228;94
CNYRUBF;15;20240119;230000;12.228;12.228;12.226;12.227;448
CNYRUBF;15;20240119;231500;12.227;12.227;12.225;12.225;296
CNYRUBF;15;20240119;233000;12.224;12.228;12.219;12.226;464
CNYRUBF;15;20240119;234500;12.224;12.228;12.222;12.228;39
CNYRUBF;15;20240122;090000;12.249;12.257;12.239;12.248;15780
CNYRUBF;15;20240122;091500;12.248;12.249;12.238;12.241;5055
CNYRUBF;15;20240122;093000;12.239;12.251;12.239;12.247;5506
CNYRUBF;15;20240122;094500;12.247;12.248;12.228;12.229;2087
CNYRUBF;15;20240122;100000;12.227;12.241;12.218;12.218;2251
CNYRUBF;15;20240122;101500;12.219;12.219;12.189;12.216;4672
CNYRUBF;15;20240122;103000;12.214;12.214;12.202;12.206;716
CNYRUBF;15;20240122;104500;12.206;12.207;12.199;12.199;1466
CNYRUBF;15;20240122;110000;12.197;12.197;12.17;12.171;4509
CNYRUBF;15;20240122;111500;12.171;12.175;12.166;12.173;36382
CNYRUBF;15;20240122;113000;12.173;12.175;12.163;12.175;4919
CNYRUBF;15;20240122;114500;12.173;12.177;12.168;12.174;1817
CNYRUBF;15;20240122;120000;12.175;12.18;12.17;12.18;4434
CNYRUBF;15;20240122;121500;12.18;12.18;12.174;12.18;2676
CNYRUBF;15;20240122;123000;12.18;12.193;12.177;12.189;8253
CNYRUBF;15;20240122;124500;12.188;12.191;12.184;12.185;4006
CNYRUBF;15;20240122;130000;12.186;12.19;12.176;12.19;1247
CNYRUBF;15;20240122;131500;12.19;12.192;12.176;12.177;1038
CNYRUBF;15;20240122;133000;12.178;12.181;12.171;12.172;2321
CNYRUBF;15;20240122;134500;12.172;12.172;12.162;12.163;2980
CNYRUBF;15;20240122;140000;12.164;12.167;12.151;12.158;10298
CNYRUBF;15;20240122;141500;12.157;12.168;12.155;12.168;3286
CNYRUBF;15;20240122;143000;12.169;12.172;12.163;12.164;6188
CNYRUBF;15;20240122;144500;12.166;12.194;12.16;12.19;7830
CNYRUBF;15;20240122;150000;12.189;12.2;12.181;12.184;10347
CNYRUBF;15;20240122;151500;12.189;12.193;12.186;12.186;2065
CNYRUBF;15;20240122;153000;12.181;12.196;12.176;12.182;1778
CNYRUBF;15;20240122;154500;12.183;12.191;12.178;12.189;1557
CNYRUBF;15;20240122;160000;12.189;12.192;12.184;12.188;430
CNYRUBF;15;20240122;161500;12.189;12.192;12.181;12.186;2129
CNYRUBF;15;20240122;163000;12.187;12.19;12.182;12.184;503
CNYRUBF;15;20240122;164500;12.185;12.19;12.181;12.188;642
CNYRUBF;15;20240122;170000;12.189;12.194;12.183;12.191;1120
CNYRUBF;15;20240122;171500;12.189;12.195;12.189;12.195;5550
CNYRUBF;15;20240122;173000;12.195;12.195;12.178;12.183;12981
CNYRUBF;15;20240122;174500;12.183;12.193;12.182;12.188;7127
CNYRUBF;15;20240122;180000;12.19;12.192;12.184;12.192;1617
CNYRUBF;15;20240122;181500;12.193;12.198;12.192;12.195;4018
CNYRUBF;15;20240122;183000;12.195;12.198;12.19;12.196;1001
CNYRUBF;15;20240122;184500;12.196;12.196;12.192;12.192;285
CNYRUBF;15;20240122;190000;12.197;12.234;12.181;12.202;1921
CNYRUBF;15;20240122;191500;12.202;12.209;12.202;12.204;257
CNYRUBF;15;20240122;193000;12.2;12.203;12.196;12.196;58
CNYRUBF;15;20240122;194500;12.194;12.197;12.194;12.197;116
CNYRUBF;15;20240122;200000;12.196;12.196;12.187;12.19;232
CNYRUBF;15;20240122;201500;12.194;12.197;12.194;12.195;172
CNYRUBF;15;20240122;203000;12.195;12.203;12.195;12.195;169
CNYRUBF;15;20240122;204500;12.195;12.196;12.193;12.194;52
CNYRUBF;15;20240122;210000;12.194;12.194;12.194;12.194;17
CNYRUBF;15;20240122;211500;12.195;12.195;12.192;12.195;24
CNYRUBF;15;20240122;213000;12.192;12.195;12.192;12.195;20
CNYRUBF;15;20240122;214500;12.194;12.196;12.193;12.196;809
CNYRUBF;15;20240122;220000;12.193;12.193;12.19;12.193;320
CNYRUBF;15;20240122;221500;12.194;12.195;12.193;12.193;82
CNYRUBF;15;20240122;223000;12.195;12.23;12.195;12.224;2791
CNYRUBF;15;20240122;224500;12.224;12.238;12.215;12.215;1132
CNYRUBF;15;20240122;230000;12.22;12.223;12.217;12.219;247
CNYRUBF;15;20240122;231500;12.219;12.219;12.217;12.217;147
CNYRUBF;15;20240122;233000;12.216;12.233;12.216;12.217;324
CNYRUBF;15;20240122;234500;12.22;12.224;12.22;12.224;17
CNYRUBF;15;20240123;090000;12.224;12.236;12.224;12.227;3969
CNYRUBF;15;20240123;091500;12.226;12.243;12.222;12.243;2529
CNYRUBF;15;20240123;093000;12.242;12.249;12.236;12.249;1741
CNYRUBF;15;20240123;094500;12.249;12.25;12.221;12.231;2888
CNYRUBF;15;20240123;100000;12.23;12.244;12.208;12.216;5611
CNYRUBF;15;20240123;101500;12.217;12.217;12.183;12.199;12287
CNYRUBF;15;20240123;103000;12.198;12.215;12.192;12.209;7244
CNYRUBF;15;20240123;104500;12.209;12.22;12.205;12.213;5083
CNYRUBF;15;20240123;110000;12.213;12.218;12.211;12.214;879
CNYRUBF;15;20240123;111500;12.217;12.218;12.21;12.213;664
CNYRUBF;15;20240123;113000;12.213;12.222;12.212;12.219;2041
CNYRUBF;15;20240123;114500;12.221;12.228;12.219;12.227;2898
CNYRUBF;15;20240123;120000;12.227;12.228;12.217;12.219;3632
CNYRUBF;15;20240123;121500;12.218;12.227;12.217;12.227;1171
CNYRUBF;15;20240123;123000;12.227;12.233;12.217;12.231;4851
CNYRUBF;15;20240123;124500;12.231;12.238;12.23;12.234;6013
CNYRUBF;15;20240123;130000;12.234;12.241;12.232;12.24;2993
CNYRUBF;15;20240123;131500;12.241;12.248;12.236;12.24;25903
CNYRUBF;15;20240123;133000;12.239;12.24;12.235;12.24;11071
CNYRUBF;15;20240123;134500;12.24;12.248;12.239;12.248;32446
CNYRUBF;15;20240123;140000;12.249;12.259;12.245;12.247;29081
CNYRUBF;15;20240123;141500;12.246;12.257;12.241;12.257;114350
CNYRUBF;15;20240123;143000;12.257;12.28;12.257;12.272;85363
CNYRUBF;15;20240123;144500;12.271;12.273;12.247;12.255;90119
CNYRUBF;15;20240123;150000;12.255;12.266;12.255;12.26;30594
CNYRUBF;15;20240123;151500;12.26;12.265;12.258;12.265;55682
CNYRUBF;15;20240123;153000;12.265;12.265;12.261;12.263;10894
CNYRUBF;15;20240123;154500;12.263;12.265;12.258;12.258;23138
CNYRUBF;15;20240123;160000;12.259;12.264;12.257;12.26;12306
CNYRUBF;15;20240123;161500;12.259;12.269;12.259;12.265;36016
CNYRUBF;15;20240123;163000;12.265;12.269;12.26;12.26;10911
CNYRUBF;15;20240123;164500;12.26;12.26;12.249;12.25;17143
CNYRUBF;15;20240123;170000;12.25;12.258;12.245;12.245;41692
CNYRUBF;15;20240123;171500;12.245;12.258;12.245;12.25;10280
CNYRUBF;15;20240123;173000;12.25;12.258;12.242;12.255;6446
CNYRUBF;15;20240123;174500;12.257;12.261;12.251;12.261;17312
CNYRUBF;15;20240123;180000;12.261;12.27;12.258;12.27;37394
CNYRUBF;15;20240123;181500;12.27;12.272;12.265;12.272;6591
CNYRUBF;15;20240123;183000;12.272;12.272;12.268;12.27;4449
CNYRUBF;15;20240123;184500;12.269;12.272;12.267;12.272;1402
CNYRUBF;15;20240123;190000;12.278;12.289;12.278;12.279;3950
CNYRUBF;15;20240123;191500;12.279;12.28;12.274;12.28;2294
CNYRUBF;15;20240123;193000;12.28;12.28;12.274;12.274;1781
CNYRUBF;15;20240123;194500;12.274;12.278;12.271;12.277;293
CNYRUBF;15;20240123;200000;12.279;12.28;12.275;12.275;1576
CNYRUBF;15;20240123;201500;12.275;12.28;12.272;12.28;976
CNYRUBF;15;20240123;203000;12.28;12.28;12.277;12.28;751
CNYRUBF;15;20240123;204500;12.28;12.28;12.278;12.278;109
CNYRUBF;15;20240123;210000;12.278;12.28;12.278;12.28;1463
CNYRUBF;15;20240123;211500;12.28;12.28;12.278;12.28;253
CNYRUBF;15;20240123;213000;12.278;12.278;12.275;12.275;628
CNYRUBF;15;20240123;214500;12.276;12.28;12.271;12.28;10478
CNYRUBF;15;20240123;220000;12.28;12.28;12.274;12.28;12651
CNYRUBF;15;20240123;221500;12.28;12.28;12.279;12.28;3842
CNYRUBF;15;20240123;223000;12.28;12.282;12.278;12.281;4447
CNYRUBF;15;20240123;224500;12.281;12.289;12.281;12.288;805
CNYRUBF;15;20240123;230000;12.287;12.29;12.279;12.285;1136
CNYRUBF;15;20240123;231500;12.289;12.29;12.287;12.29;264
CNYRUBF;15;20240123;233000;12.289;12.29;12.284;12.284;643
CNYRUBF;15;20240123;234500;12.289;12.294;12.286;12.294;363
CNYRUBF;15;20240124;090000;12.278;12.279;12.262;12.266;18475
CNYRUBF;15;20240124;091500;12.266;12.271;12.263;12.267;4645
CNYRUBF;15;20240124;093000;12.268;12.27;12.247;12.247;4511
CNYRUBF;15;20240124;094500;12.247;12.253;12.245;12.245;7778
CNYRUBF;15;20240124;100000;12.244;12.245;12.234;12.234;3147
CNYRUBF;15;20240124;101500;12.234;12.252;12.232;12.25;3434
CNYRUBF;15;20240124;103000;12.25;12.252;12.245;12.25;5630
CNYRUBF;15;20240124;104500;12.248;12.257;12.248;12.254;2455
CNYRUBF;15;20240124;110000;12.251;12.258;12.249;12.254;2027
CNYRUBF;15;20240124;111500;12.254;12.258;12.245;12.253;3943
CNYRUBF;15;20240124;113000;12.254;12.266;12.253;12.258;3218
CNYRUBF;15;20240124;114500;12.258;12.294;12.257;12.294;23405
CNYRUBF;15;20240124;120000;12.295;12.302;12.285;12.295;9501
CNYRUBF;15;20240124;121500;12.295;12.299;12.275;12.275;10499
CNYRUBF;15;20240124;123000;12.277;12.3;12.275;12.295;2506
CNYRUBF;15;20240124;124500;12.295;12.299;12.29;12.295;5202
CNYRUBF;15;20240124;130000;12.295;12.301;12.287;12.292;3470
CNYRUBF;15;20240124;131500;12.292;12.298;12.29;12.295;7660
CNYRUBF;15;20240124;133000;12.295;12.297;12.285;12.29;17287
CNYRUBF;15;20240124;134500;12.29;12.295;12.286;12.293;6730
CNYRUBF;15;20240124;140000;12.295;12.302;12.295;12.302;11265
CNYRUBF;15;20240124;141500;12.302;12.305;12.298;12.304;5432
CNYRUBF;15;20240124;143000;12.303;12.314;12.302;12.312;8642
CNYRUBF;15;20240124;144500;12.312;12.312;12.307;12.31;6140
CNYRUBF;15;20240124;150000;12.31;12.316;12.307;12.311;3455
CNYRUBF;15;20240124;151500;12.314;12.317;12.303;12.314;6867
CNYRUBF;15;20240124;153000;12.312;12.316;12.303;12.314;12729
CNYRUBF;15;20240124;154500;12.314;12.316;12.305;12.306;7375
CNYRUBF;15;20240124;160000;12.309;12.317;12.305;12.313;19859
CNYRUBF;15;20240124;161500;12.314;12.32;12.311;12.318;18006
CNYRUBF;15;20240124;163000;12.317;12.331;12.313;12.329;32937
CNYRUBF;15;20240124;164500;12.328;12.35;12.328;12.345;9885
CNYRUBF;15;20240124;170000;12.347;12.35;12.331;12.332;22106
CNYRUBF;15;20240124;171500;12.332;12.345;12.331;12.343;5406
CNYRUBF;15;20240124;173000;12.34;12.345;12.322;12.322;5215
CNYRUBF;15;20240124;174500;12.322;12.342;12.316;12.342;4255
CNYRUBF;15;20240124;180000;12.344;12.352;12.34;12.345;3622
CNYRUBF;15;20240124;181500;12.345;12.351;12.34;12.342;5538
CNYRUBF;15;20240124;183000;12.344;12.347;12.34;12.347;2058
CNYRUBF;15;20240124;184500;12.346;12.352;12.346;12.352;261
CNYRUBF;15;20240124;190000;12.348;12.349;12.333;12.341;1211
CNYRUBF;15;20240124;191500;12.341;12.341;12.337;12.337;492
CNYRUBF;15;20240124;193000;12.338;12.34;12.336;12.337;166
CNYRUBF;15;20240124;194500;12.338;12.338;12.334;12.334;345
CNYRUBF;15;20240124;200000;12.338;12.34;12.338;12.34;72
CNYRUBF;15;20240124;201500;12.336;12.336;12.332;12.333;1019
CNYRUBF;15;20240124;203000;12.333;12.342;12.333;12.339;834
CNYRUBF;15;20240124;204500;12.336;12.34;12.336;12.339;436
CNYRUBF;15;20240124;210000;12.337;12.35;12.334;12.334;578
CNYRUBF;15;20240124;211500;12.333;12.334;12.322;12.325;1187
CNYRUBF;15;20240124;213000;12.324;12.326;12.32;12.326;2094
CNYRUBF;15;20240124;214500;12.328;12.328;12.32;12.324;2064
CNYRUBF;15;20240124;220000;12.321;12.322;12.32;12.32;155
CNYRUBF;15;20240124;221500;12.322;12.323;12.321;12.322;203
CNYRUBF;15;20240124;223000;12.323;12.323;12.32;12.32;849
CNYRUBF;15;20240124;224500;12.32;12.326;12.32;12.324;47
CNYRUBF;15;20240124;230000;12.325;12.325;12.309;12.31;719
CNYRUBF;15;20240124;231500;12.31;12.312;12.304;12.312;844
CNYRUBF;15;20240124;233000;12.313;12.318;12.306;12.309;677
CNYRUBF;15;20240124;234500;12.309;12.328;12.309;12.312;83
CNYRUBF;15;20240125;090000;12.322;12.325;12.312;12.323;10890
CNYRUBF;15;20240125;091500;12.322;12.335;12.315;12.331;7848
CNYRUBF;15;20240125;093000;12.334;12.365;12.334;12.361;21855
CNYRUBF;15;20240125;094500;12.361;12.377;12.331;12.332;17112
CNYRUBF;15;20240125;100000;12.334;12.357;12.331;12.341;9750
CNYRUBF;15;20240125;101500;12.341;12.347;12.327;12.332;7026
CNYRUBF;15;20240125;103000;12.33;12.341;12.328;12.328;7776
CNYRUBF;15;20240125;104500;12.329;12.329;12.305;12.323;8950
CNYRUBF;15;20240125;110000;12.319;12.324;12.312;12.313;1816
CNYRUBF;15;20240125;111500;12.314;12.317;12.31;12.315;6724
CNYRUBF;15;20240125;113000;12.315;12.316;12.302;12.308;6851
CNYRUBF;15;20240125;114500;12.308;12.32;12.306;12.315;17243
CNYRUBF;15;20240125;120000;12.318;12.329;12.318;12.328;6156
CNYRUBF;15;20240125;121500;12.329;12.331;12.327;12.328;1509
CNYRUBF;15;20240125;123000;12.327;12.329;12.324;12.328;4985
CNYRUBF;15;20240125;124500;12.328;12.33;12.327;12.33;2369
CNYRUBF;15;20240125;130000;12.33;12.336;12.33;12.335;2328
CNYRUBF;15;20240125;131500;12.335;12.34;12.335;12.339;1348
CNYRUBF;15;20240125;133000;12.338;12.341;12.32;12.326;4340
CNYRUBF;15;20240125;134500;12.323;12.327;12.319;12.325;1876
CNYRUBF;15;20240125;140000;12.327;12.334;12.325;12.33;3986
CNYRUBF;15;20240125;141500;12.328;12.333;12.324;12.326;398
CNYRUBF;15;20240125;143000;12.327;12.328;12.314;12.32;8484
CNYRUBF;15;20240125;144500;12.32;12.33;12.315;12.32;7237
CNYRUBF;15;20240125;150000;12.319;12.328;12.319;12.326;4274
CNYRUBF;15;20240125;151500;12.327;12.343;12.327;12.339;22415
CNYRUBF;15;20240125;153000;12.339;12.349;12.334;12.348;10351
CNYRUBF;15;20240125;154500;12.348;12.382;12.348;12.381;16512
CNYRUBF;15;20240125;160000;12.382;12.404;12.378;12.403;17217
CNYRUBF;15;20240125;161500;12.405;12.405;12.391;12.392;17981
CNYRUBF;15;20240125;163000;12.39;12.405;12.382;12.403;4959
CNYRUBF;15;20240125;164500;12.403;12.404;12.389;12.403;2891
CNYRUBF;15;20240125;170000;12.403;12.412;12.395;12.402;3723
CNYRUBF;15;20240125;171500;12.404;12.415;12.4;12.411;3178
CNYRUBF;15;20240125;173000;12.413;12.413;12.389;12.393;4833
CNYRUBF;15;20240125;174500;12.394;12.398;12.389;12.397;971
CNYRUBF;15;20240125;180000;12.397;12.397;12.386;12.397;2034
CNYRUBF;15;20240125;181500;12.396;12.397;12.375;12.376;6567
CNYRUBF;15;20240125;183000;12.376;12.38;12.37;12.37;2421
CNYRUBF;15;20240125;184500;12.372;12.377;12.371;12.377;682
CNYRUBF;15;20240125;190000;12.376;12.395;12.363;12.367;1068
CNYRUBF;15;20240125;191500;12.367;12.372;12.36;12.363;1541
CNYRUBF;15;20240125;193000;12.362;12.37;12.358;12.37;518
CNYRUBF;15;20240125;194500;12.37;12.37;12.366;12.366;495
CNYRUBF;15;20240125;200000;12.366;12.37;12.36;12.369;402
CNYRUBF;15;20240125;201500;12.369;12.372;12.364;12.372;1101
CNYRUBF;15;20240125;203000;12.37;12.378;12.364;12.364;656
CNYRUBF;15;20240125;204500;12.367;12.368;12.36;12.367;271
CNYRUBF;15;20240125;210000;12.367;12.367;12.36;12.362;317
CNYRUBF;15;20240125;211500;12.362;12.362;12.36;12.362;266
CNYRUBF;15;20240125;213000;12.364;12.368;12.363;12.363;52
CNYRUBF;15;20240125;214500;12.368;12.372;12.366;12.371;322
CNYRUBF;15;20240125;220000;12.37;12.372;12.366;12.369;178
CNYRUBF;15;20240125;221500;12.364;12.364;12.356;12.361;401
CNYRUBF;15;20240125;223000;12.361;12.362;12.355;12.356;381
CNYRUBF;15;20240125;224500;12.359;12.359;12.356;12.356;121
CNYRUBF;15;20240125;230000;12.356;12.36;12.355;12.36;310
CNYRUBF;15;20240125;231500;12.361;12.364;12.358;12.364;16
CNYRUBF;15;20240125;233000;12.364;12.364;12.359;12.362;120
CNYRUBF;15;20240125;234500;12.362;12.364;12.36;12.36;167
CNYRUBF;15;20240126;090000;12.393;12.403;12.383;12.387;10185
CNYRUBF;15;20240126;091500;12.386;12.403;12.386;12.402;3096
CNYRUBF;15;20240126;093000;12.401;12.411;12.393;12.405;4030
CNYRUBF;15;20240126;094500;12.406;12.41;12.399;12.401;1601
CNYRUBF;15;20240126;100000;12.398;12.41;12.385;12.392;7715
CNYRUBF;15;20240126;101500;12.392;12.392;12.375;12.378;11519
CNYRUBF;15;20240126;103000;12.376;12.387;12.374;12.378;7245
CNYRUBF;15;20240126;104500;12.381;12.382;12.377;12.379;12262
CNYRUBF;15;20240126;110000;12.378;12.395;12.378;12.387;10532
CNYRUBF;15;20240126;111500;12.388;12.414;12.387;12.414;6044
CNYRUBF;15;20240126;113000;12.414;12.418;12.404;12.414;5253
CNYRUBF;15;20240126;114500;12.413;12.46;12.413;12.452;10550
CNYRUBF;15;20240126;120000;12.453;12.477;12.438;12.465;23741
CNYRUBF;15;20240126;121500;12.469;12.48;12.454;12.472;6460
CNYRUBF;15;20240126;123000;12.471;12.471;12.444;12.444;6056
CNYRUBF;15;20240126;124500;12.444;12.458;12.443;12.449;7824
CNYRUBF;15;20240126;130000;12.45;12.467;12.448;12.458;6031
CNYRUBF;15;20240126;131500;12.458;12.472;12.455;12.465;7535
CNYRUBF;15;20240126;133000;12.466;12.489;12.466;12.489;9826
CNYRUBF;15;20240126;134500;12.488;12.497;12.482;12.482;5381
CNYRUBF;15;20240126;140000;12.482;12.491;12.471;12.478;47766
CNYRUBF;15;20240126;141500;12.478;12.478;12.471;12.472;3640
CNYRUBF;15;20240126;143000;12.472;12.488;12.471;12.475;1030
CNYRUBF;15;20240126;144500;12.479;12.482;12.472;12.48;1180
CNYRUBF;15;20240126;150000;12.481;12.483;12.474;12.476;590
CNYRUBF;15;20240126;151500;12.475;12.48;12.472;12.472;915
CNYRUBF;15;20240126;153000;12.472;12.48;12.471;12.478;166
CNYRUBF;15;20240126;154500;12.48;12.482;12.477;12.482;439
CNYRUBF;15;20240126;160000;12.48;12.488;12.478;12.484;1505
CNYRUBF;15;20240126;161500;12.482;12.482;12.478;12.48;641
CNYRUBF;15;20240126;163000;12.48;12.484;12.475;12.482;3223
CNYRUBF;15;20240126;164500;12.482;12.49;12.482;12.487;27083
CNYRUBF;15;20240126;170000;12.487;12.49;12.468;12.472;46997
CNYRUBF;15;20240126;171500;12.472;12.481;12.472;12.48;6458
CNYRUBF;15;20240126;173000;12.476;12.483;12.472;12.479;6996
CNYRUBF;15;20240126;174500;12.479;12.487;12.474;12.487;632
CNYRUBF;15;20240126;180000;12.488;12.489;12.48;12.489;2286
CNYRUBF;15;20240126;181500;12.489;12.496;12.488;12.494;7965
CNYRUBF;15;20240126;183000;12.494;12.495;12.489;12.492;13869
CNYRUBF;15;20240126;184500;12.494;12.494;12.491;12.494;42
CNYRUBF;15;20240126;190000;12.481;12.486;12.481;12.484;463
CNYRUBF;15;20240126;191500;12.484;12.485;12.482;12.484;407
CNYRUBF;15;20240126;193000;12.485;12.485;12.48;12.482;1228
CNYRUBF;15;20240126;194500;12.483;12.485;12.483;12.485;44
CNYRUBF;15;20240126;200000;12.483;12.487;12.483;12.483;93
CNYRUBF;15;20240126;201500;12.485;12.487;12.485;12.487;45
CNYRUBF;15;20240126;203000;12.486;12.493;12.486;12.49;908
CNYRUBF;15;20240126;204500;12.489;12.489;12.487;12.489;128
CNYRUBF;15;20240126;210000;12.489;12.489;12.487;12.489;58
CNYRUBF;15;20240126;211500;12.489;12.489;12.486;12.487;78
CNYRUBF;15;20240126;213000;12.487;12.49;12.486;12.489;126
CNYRUBF;15;20240126;214500;12.488;12.489;12.488;12.489;99
CNYRUBF;15;20240126;220000;12.488;12.49;12.488;12.49;92
CNYRUBF;15;20240126;221500;12.488;12.489;12.484;12.484;77
CNYRUBF;15;20240126;223000;12.485;12.488;12.484;12.484;41
CNYRUBF;15;20240126;224500;12.485;12.487;12.485;12.486;21
CNYRUBF;15;20240126;230000;12.484;12.489;12.482;12.486;299
CNYRUBF;15;20240126;231500;12.484;12.486;12.48;12.486;332
CNYRUBF;15;20240126;233000;12.489;12.492;12.486;12.492;133
CNYRUBF;15;20240126;234500;12.492;12.497;12.491;12.497;258
CNYRUBF;15;20240129;090000;12.514;12.53;12.514;12.516;5281
CNYRUBF;15;20240129;091500;12.516;12.521;12.503;12.509;6687
CNYRUBF;15;20240129;093000;12.509;12.509;12.5;12.506;3799
CNYRUBF;15;20240129;094500;12.504;12.504;12.5;12.502;1282
CNYRUBF;15;20240129;100000;12.502;12.516;12.47;12.471;9399
CNYRUBF;15;20240129;101500;12.471;12.491;12.466;12.478;6020
CNYRUBF;15;20240129;103000;12.477;12.488;12.473;12.481;11404
CNYRUBF;15;20240129;104500;12.482;12.483;12.461;12.462;17942
CNYRUBF;15;20240129;110000;12.463;12.464;12.453;12.46;6107
CNYRUBF;15;20240129;111500;12.462;12.462;12.45;12.454;4514
CNYRUBF;15;20240129;113000;12.455;12.455;12.442;12.445;4980
CNYRUBF;15;20240129;114500;12.445;12.445;12.437;12.439;5793
CNYRUBF;15;20240129;120000;12.439;12.444;12.431;12.439;9286
CNYRUBF;15;20240129;121500;12.438;12.439;12.423;12.431;7454
CNYRUBF;15;20240129;123000;12.432;12.435;12.417;12.417;4397
CNYRUBF;15;20240129;124500;12.417;12.441;12.412;12.44;7721
CNYRUBF;15;20240129;130000;12.44;12.441;12.426;12.435;12031
CNYRUBF;15;20240129;131500;12.435;12.438;12.43;12.436;5065
CNYRUBF;15;20240129;133000;12.435;12.442;12.433;12.442;7774
CNYRUBF;15;20240129;134500;12.441;12.447;12.437;12.445;6001
CNYRUBF;15;20240129;140000;12.445;12.446;12.44;12.443;2205
CNYRUBF;15;20240129;141500;12.444;12.444;12.437;12.441;3340
CNYRUBF;15;20240129;143000;12.442;12.443;12.438;12.438;1200
CNYRUBF;15;20240129;144500;12.438;12.442;12.433;12.433;1467
CNYRUBF;15;20240129;150000;12.435;12.439;12.432;12.436;1413
CNYRUBF;15;20240129;151500;12.436;12.439;12.434;12.434;566
CNYRUBF;15;20240129;153000;12.433;12.457;12.428;12.447;9843
CNYRUBF;15;20240129;154500;12.446;12.45;12.431;12.435;4051
CNYRUBF;15;20240129;160000;12.435;12.441;12.434;12.437;3524
CNYRUBF;15;20240129;161500;12.437;12.437;12.426;12.433;1848
CNYRUBF;15;20240129;163000;12.434;12.435;12.43;12.43;427
CNYRUBF;15;20240129;164500;12.43;12.43;12.419;12.424;2995
CNYRUBF;15;20240129;170000;12.424;12.424;12.391;12.393;13647
CNYRUBF;15;20240129;171500;12.393;12.393;12.352;12.384;38493
CNYRUBF;15;20240129;173000;12.381;12.383;12.352;12.365;6188
CNYRUBF;15;20240129;174500;12.365;12.374;12.348;12.374;9599
CNYRUBF;15;20240129;180000;12.374;12.382;12.361;12.377;10464
CNYRUBF;15;20240129;181500;12.377;12.378;12.351;12.352;5486
CNYRUBF;15;20240129;183000;12.352;12.365;12.352;12.364;852
CNYRUBF;15;20240129;184500;12.364;12.364;12.362;12.364;114
CNYRUBF;15;20240129;190000;12.355;12.364;12.34;12.344;1390
CNYRUBF;15;20240129;191500;12.345;12.345;12.335;12.345;1693
CNYRUBF;15;20240129;193000;12.344;12.352;12.343;12.352;658
CNYRUBF;15;20240129;194500;12.345;12.355;12.345;12.354;553
CNYRUBF;15;20240129;200000;12.352;12.357;12.35;12.353;188
CNYRUBF;15;20240129;201500;12.353;12.354;12.344;12.35;455
CNYRUBF;15;20240129;203000;12.351;12.352;12.345;12.346;223
CNYRUBF;15;20240129;204500;12.347;12.35;12.346;12.349;163
CNYRUBF;15;20240129;210000;12.349;12.357;12.348;12.352;292
CNYRUBF;15;20240129;211500;12.351;12.351;12.341;12.341;310
CNYRUBF;15;20240129;213000;12.347;12.349;12.347;12.347;56
CNYRUBF;15;20240129;214500;12.347;12.348;12.346;12.347;79
CNYRUBF;15;20240129;220000;12.346;12.347;12.343;12.344;109
CNYRUBF;15;20240129;221500;12.345;12.348;12.34;12.348;620
CNYRUBF;15;20240129;223000;12.346;12.348;12.345;12.345;571
CNYRUBF;15;20240129;224500;12.345;12.345;12.342;12.345;89
CNYRUBF;15;20240129;230000;12.342;12.344;12.339;12.339;337
CNYRUBF;15;20240129;231500;12.34;12.346;12.339;12.346;652
CNYRUBF;15;20240129;233000;12.345;12.352;12.343;12.348;177
CNYRUBF;15;20240129;234500;12.349;12.356;12.349;12.356;51
CNYRUBF;15;20240130;090000;12.362;12.371;12.346;12.347;4028
CNYRUBF;15;20240130;091500;12.345;12.345;12.32;12.331;21006
CNYRUBF;15;20240130;093000;12.331;12.353;12.328;12.351;7223
CNYRUBF;15;20240130;094500;12.351;12.36;12.345;12.358;2416
CNYRUBF;15;20240130;100000;12.359;12.367;12.345;12.367;7377
CNYRUBF;15;20240130;101500;12.366;12.409;12.364;12.406;10917
CNYRUBF;15;20240130;103000;12.406;12.415;12.397;12.403;6902
CNYRUBF;15;20240130;104500;12.403;12.415;12.403;12.409;4999
CNYRUBF;15;20240130;110000;12.409;12.429;12.406;12.413;8185
CNYRUBF;15;20240130;111500;12.414;12.424;12.413;12.417;4494
CNYRUBF;15;20240130;113000;12.416;12.42;12.397;12.407;3639
CNYRUBF;15;20240130;114500;12.409;12.417;12.405;12.417;726
CNYRUBF;15;20240130;120000;12.417;12.417;12.41;12.416;634
CNYRUBF;15;20240130;121500;12.414;12.415;12.413;12.415;1068
CNYRUBF;15;20240130;123000;12.415;12.424;12.412;12.422;1979
CNYRUBF;15;20240130;124500;12.423;12.424;12.415;12.417;470
CNYRUBF;15;20240130;130000;12.418;12.418;12.411;12.417;1305
CNYRUBF;15;20240130;131500;12.418;12.425;12.415;12.416;813
CNYRUBF;15;20240130;133000;12.417;12.421;12.416;12.416;634
CNYRUBF;15;20240130;134500;12.418;12.419;12.413;12.417;1356
CNYRUBF;15;20240130;140000;12.418;12.429;12.418;12.427;4860
CNYRUBF;15;20240130;141500;12.428;12.436;12.425;12.428;3210
CNYRUBF;15;20240130;143000;12.427;12.428;12.415;12.419;2870
CNYRUBF;15;20240130;144500;12.419;12.419;12.411;12.411;3612
CNYRUBF;15;20240130;150000;12.412;12.413;12.404;12.41;1527
CNYRUBF;15;20240130;151500;12.411;12.414;12.398;12.402;3310
CNYRUBF;15;20240130;153000;12.402;12.409;12.402;12.405;1405
CNYRUBF;15;20240130;154500;12.405;12.431;12.401;12.422;14901
CNYRUBF;15;20240130;160000;12.425;12.427;12.417;12.425;3479
CNYRUBF;15;20240130;161500;12.426;12.441;12.425;12.435;1715
CNYRUBF;15;20240130;163000;12.434;12.436;12.421;12.421;2098
CNYRUBF;15;20240130;164500;12.422;12.429;12.417;12.418;2734
CNYRUBF;15;20240130;170000;12.418;12.431;12.418;12.428;2259
CNYRUBF;15;20240130;171500;12.429;12.436;12.428;12.429;1469
CNYRUBF;15;20240130;173000;12.428;12.443;12.425;12.43;11294
CNYRUBF;15;20240130;174500;12.43;12.447;12.423;12.445;10324
CNYRUBF;15;20240130;180000;12.445;12.448;12.438;12.443;8702
CNYRUBF;15;20240130;181500;12.442;12.447;12.44;12.444;4702
CNYRUBF;15;20240130;183000;12.444;12.445;12.43;12.434;6625
CNYRUBF;15;20240130;184500;12.433;12.436;12.433;12.436;914
CNYRUBF;15;20240130;190000;12.431;12.437;12.43;12.432;281
CNYRUBF;15;20240130;191500;12.432;12.44;12.432;12.433;57
CNYRUBF;15;20240130;193000;12.432;12.438;12.432;12.437;871
CNYRUBF;15;20240130;194500;12.438;12.438;12.432;12.434;1033
CNYRUBF;15;20240130;200000;12.435;12.442;12.435;12.441;77
CNYRUBF;15;20240130;201500;12.44;12.442;12.44;12.44;95
CNYRUBF;15;20240130;203000;12.44;12.441;12.44;12.44;437
CNYRUBF;15;20240130;204500;12.441;12.442;12.44;12.44;271
CNYRUBF;15;20240130;210000;12.44;12.442;12.44;12.442;160
CNYRUBF;15;20240130;211500;12.442;12.442;12.44;12.44;320
CNYRUBF;15;20240130;213000;12.441;12.441;12.44;12.44;217
CNYRUBF;15;20240130;214500;12.44;12.44;12.44;12.44;1
CNYRUBF;15;20240130;220000;12.44;12.441;12.44;12.44;62
CNYRUBF;15;20240130;221500;12.44;12.44;12.439;12.439;32
CNYRUBF;15;20240130;223000;12.441;12.442;12.439;12.439;174
CNYRUBF;15;20240130;224500;12.442;12.447;12.441;12.441;431
CNYRUBF;15;20240130;230000;12.444;12.445;12.44;12.445;207
CNYRUBF;15;20240130;231500;12.441;12.441;12.439;12.44;65
CNYRUBF;15;20240130;233000;12.441;12.441;12.439;12.439;299
CNYRUBF;15;20240130;234500;12.44;12.44;12.44;12.44;50
CNYRUBF;15;20240131;090000;12.454;12.468;12.446;12.465;12794
CNYRUBF;15;20240131;091500;12.465;12.478;12.464;12.478;3702
CNYRUBF;15;20240131;093000;12.476;12.476;12.466;12.472;1234
CNYRUBF;15;20240131;094500;12.47;12.473;12.47;12.473;296
CNYRUBF;15;20240131;100000;12.475;12.485;12.455;12.46;9260
CNYRUBF;15;20240131;101500;12.462;12.49;12.462;12.476;3793
CNYRUBF;15;20240131;103000;12.476;12.477;12.457;12.46;3414
CNYRUBF;15;20240131;104500;12.46;12.466;12.454;12.456;2673
CNYRUBF;15;20240131;110000;12.456;12.459;12.452;12.456;2291
CNYRUBF;15;20240131;111500;12.457;12.463;12.413;12.444;10341
CNYRUBF;15;20240131;113000;12.443;12.447;12.43;12.432;6153
CNYRUBF;15;20240131;114500;12.432;12.456;12.427;12.455;5730
CNYRUBF;15;20240131;120000;12.455;12.464;12.445;12.453;3052
CNYRUBF;15;20240131;121500;12.451;12.478;12.45;12.478;7242
CNYRUBF;15;20240131;123000;12.477;12.48;12.464;12.471;13745
CNYRUBF;15;20240131;124500;12.471;12.478;12.465;12.473;5657
CNYRUBF;15;20240131;130000;12.473;12.48;12.458;12.459;6819
CNYRUBF;15;20240131;131500;12.459;12.466;12.443;12.455;7882
CNYRUBF;15;20240131;133000;12.456;12.47;12.452;12.464;8734
CNYRUBF;15;20240131;134500;12.462;12.47;12.445;12.464;2402
CNYRUBF;15;20240131;140000;12.463;12.469;12.46;12.466;1410
CNYRUBF;15;20240131;141500;12.466;12.473;12.464;12.469;1114
CNYRUBF;15;20240131;143000;12.47;12.47;12.462;12.469;1002
CNYRUBF;15;20240131;144500;12.468;12.472;12.466;12.471;983
CNYRUBF;15;20240131;150000;12.469;12.474;12.466;12.472;1987
CNYRUBF;15;20240131;151500;12.473;12.473;12.464;12.468;1374
CNYRUBF;15;20240131;153000;12.469;12.469;12.46;12.46;778
CNYRUBF;15;20240131;154500;12.46;12.474;12.45;12.47;14807
CNYRUBF;15;20240131;160000;12.47;12.475;12.468;12.468;119
CNYRUBF;15;20240131;161500;12.47;12.476;12.47;12.472;1352
CNYRUBF;15;20240131;163000;12.471;12.473;12.46;12.469;4943
CNYRUBF;15;20240131;164500;12.468;12.475;12.468;12.473;7093
CNYRUBF;15;20240131;170000;12.473;12.474;12.466;12.474;8172
CNYRUBF;15;20240131;171500;12.473;12.486;12.471;12.484;6511
CNYRUBF;15;20240131;173000;12.483;12.506;12.48;12.501;12836
CNYRUBF;15;20240131;174500;12.502;12.507;12.496;12.504;13520
CNYRUBF;15;20240131;180000;12.504;12.506;12.501;12.506;13667
CNYRUBF;15;20240131;181500;12.506;12.513;12.502;12.51;5067
CNYRUBF;15;20240131;183000;12.51;12.514;12.507;12.512;2289
CNYRUBF;15;20240131;184500;12.513;12.517;12.512;12.517;2878
CNYRUBF;15;20240131;190000;12.515;12.53;12.515;12.522;2170
CNYRUBF;15;20240131;191500;12.522;12.524;12.512;12.519;1105
CNYRUBF;15;20240131;193000;12.52;12.52;12.512;12.515;348
CNYRUBF;15;20240131;194500;12.517;12.52;12.515;12.515;416
CNYRUBF;15;20240131;200000;12.515;12.518;12.515;12.516;125
CNYRUBF;15;20240131;201500;12.516;12.518;12.516;12.517;164
CNYRUBF;15;20240131;203000;12.518;12.52;12.517;12.519;122
CNYRUBF;15;20240131;204500;12.518;12.519;12.516;12.516;271
CNYRUBF;15;20240131;210000;12.516;12.516;12.51;12.51;1128
CNYRUBF;15;20240131;211500;12.513;12.514;12.51;12.513;63
CNYRUBF;15;20240131;213000;12.513;12.513;12.512;12.513;30
CNYRUBF;15;20240131;214500;12.513;12.513;12.51;12.511;252
CNYRUBF;15;20240131;220000;12.512;12.521;12.512;12.52;336
CNYRUBF;15;20240131;221500;12.52;12.52;12.516;12.517;186
CNYRUBF;15;20240131;223000;12.519;12.519;12.515;12.515;62
CNYRUBF;15;20240131;224500;12.517;12.519;12.515;12.519;106
CNYRUBF;15;20240131;230000;12.519;12.522;12.51;12.517;737
CNYRUBF;15;20240131;231500;12.514;12.517;12.514;12.517;72
CNYRUBF;15;20240131;233000;12.518;12.522;12.513;12.513;101
CNYRUBF;15;20240131;234500;12.515;12.516;12.515;12.516;30
CNYRUBF;15;20240201;090000;12.52;12.531;12.51;12.511;2870
CNYRUBF;15;20240201;091500;12.51;12.522;12.51;12.513;778
CNYRUBF;15;20240201;093000;12.512;12.524;12.502;12.505;5476
CNYRUBF;15;20240201;094500;12.506;12.52;12.497;12.517;6527
CNYRUBF;15;20240201;100000;12.517;12.52;12.5;12.515;3626
CNYRUBF;15;20240201;101500;12.515;12.52;12.482;12.503;6499
CNYRUBF;15;20240201;103000;12.504;12.527;12.502;12.508;16093
CNYRUBF;15;20240201;104500;12.508;12.52;12.506;12.512;1317
CNYRUBF;15;20240201;110000;12.512;12.54;12.512;12.539;10263
CNYRUBF;15;20240201;111500;12.539;12.578;12.537;12.576;57822
CNYRUBF;15;20240201;113000;12.576;12.576;12.566;12.567;43906
CNYRUBF;15;20240201;114500;12.567;12.573;12.554;12.554;19227
CNYRUBF;15;20240201;120000;12.554;12.564;12.549;12.562;6254
CNYRUBF;15;20240201;121500;12.563;12.58;12.561;12.562;18410
CNYRUBF;15;20240201;123000;12.561;12.562;12.55;12.556;7834
CNYRUBF;15;20240201;124500;12.556;12.563;12.546;12.549;2664
CNYRUBF;15;20240201;130000;12.548;12.557;12.542;12.547;4001
CNYRUBF;15;20240201;131500;12.549;12.561;12.549;12.557;2430
CNYRUBF;15;20240201;133000;12.559;12.563;12.544;12.545;12967
CNYRUBF;15;20240201;134500;12.545;12.554;12.537;12.543;8844
CNYRUBF;15;20240201;140000;12.547;12.554;12.544;12.549;1330
CNYRUBF;15;20240201;141500;12.547;12.55;12.541;12.544;2681
CNYRUBF;15;20240201;143000;12.542;12.552;12.542;12.552;2784
CNYRUBF;15;20240201;144500;12.552;12.56;12.549;12.55;5572
CNYRUBF;15;20240201;150000;12.553;12.556;12.538;12.548;2510
CNYRUBF;15;20240201;151500;12.548;12.556;12.533;12.552;6174
CNYRUBF;15;20240201;153000;12.552;12.565;12.552;12.559;10631
CNYRUBF;15;20240201;154500;12.56;12.574;12.559;12.57;1747
CNYRUBF;15;20240201;160000;12.571;12.575;12.563;12.565;8946
CNYRUBF;15;20240201;161500;12.565;12.578;12.565;12.574;4318
CNYRUBF;15;20240201;163000;12.574;12.575;12.56;12.565;13645
CNYRUBF;15;20240201;164500;12.565;12.568;12.552;12.552;18508
CNYRUBF;15;20240201;170000;12.552;12.57;12.545;12.559;3988
CNYRUBF;15;20240201;171500;12.558;12.572;12.55;12.568;747
CNYRUBF;15;20240201;173000;12.566;12.577;12.565;12.573;1678
CNYRUBF;15;20240201;174500;12.573;12.577;12.567;12.577;6857
CNYRUBF;15;20240201;180000;12.576;12.588;12.573;12.58;18613
CNYRUBF;15;20240201;181500;12.58;12.585;12.573;12.573;18644
CNYRUBF;15;20240201;183000;12.573;12.579;12.573;12.578;3801
CNYRUBF;15;20240201;184500;12.58;12.58;12.575;12.576;248
CNYRUBF;15;20240201;190000;12.584;12.588;12.581;12.586;805
CNYRUBF;15;20240201;191500;12.586;12.589;12.585;12.585;1456
CNYRUBF;15;20240201;193000;12.587;12.59;12.584;12.588;2232
CNYRUBF;15;20240201;194500;12.588;12.588;12.584;12.584;1408
CNYRUBF;15;20240201;200000;12.584;12.585;12.574;12.575;18043
CNYRUBF;15;20240201;201500;12.579;12.581;12.577;12.58;620
CNYRUBF;15;20240201;203000;12.577;12.579;12.575;12.575;183
CNYRUBF;15;20240201;204500;12.579;12.589;12.578;12.589;1048
CNYRUBF;15;20240201;210000;12.589;12.594;12.586;12.591;1064
CNYRUBF;15;20240201;211500;12.592;12.598;12.587;12.592;513
CNYRUBF;15;20240201;213000;12.589;12.593;12.587;12.591;172
CNYRUBF;15;20240201;214500;12.592;12.598;12.59;12.592;373
CNYRUBF;15;20240201;220000;12.59;12.59;12.585;12.585;280
CNYRUBF;15;20240201;221500;12.588;12.589;12.57;12.589;948
CNYRUBF;15;20240201;223000;12.588;12.591;12.585;12.59;159
CNYRUBF;15;20240201;224500;12.592;12.596;12.59;12.591;170
CNYRUBF;15;20240201;230000;12.591;12.599;12.591;12.598;1235
CNYRUBF;15;20240201;231500;12.593;12.6;12.59;12.59;728
CNYRUBF;15;20240201;233000;12.589;12.589;12.581;12.585;178
CNYRUBF;15;20240201;234500;12.586;12.599;12.586;12.599;179
CNYRUBF;15;20240202;090000;12.599;12.599;12.589;12.589;1788
CNYRUBF;15;20240202;091500;12.589;12.592;12.586;12.586;1952
CNYRUBF;15;20240202;093000;12.588;12.596;12.587;12.59;194
CNYRUBF;15;20240202;094500;12.591;12.591;12.578;12.586;3704
CNYRUBF;15;20240202;100000;12.585;12.614;12.581;12.614;10430
CNYRUBF;15;20240202;101500;12.615;12.615;12.603;12.61;2711
CNYRUBF;15;20240202;103000;12.607;12.608;12.584;12.59;3877
CNYRUBF;15;20240202;104500;12.589;12.599;12.583;12.595;2368
CNYRUBF;15;20240202;110000;12.595;12.6;12.592;12.595;2448
CNYRUBF;15;20240202;111500;12.592;12.6;12.589;12.596;8426
CNYRUBF;15;20240202;113000;12.599;12.608;12.592;12.598;4411
CNYRUBF;15;20240202;114500;12.598;12.604;12.593;12.596;4335
CNYRUBF;15;20240202;120000;12.598;12.602;12.597;12.598;1289
CNYRUBF;15;20240202;121500;12.598;12.602;12.594;12.594;1129
CNYRUBF;15;20240202;123000;12.594;12.599;12.59;12.591;2649
CNYRUBF;15;20240202;124500;12.594;12.594;12.59;12.592;2652
CNYRUBF;15;20240202;130000;12.594;12.597;12.592;12.595;2679
CNYRUBF;15;20240202;131500;12.595;12.603;12.593;12.603;815
CNYRUBF;15;20240202;133000;12.602;12.603;12.598;12.599;258
CNYRUBF;15;20240202;134500;12.598;12.605;12.596;12.603;5755
CNYRUBF;15;20240202;140000;12.605;12.614;12.604;12.611;2135
CNYRUBF;15;20240202;141500;12.611;12.631;12.61;12.624;4023
CNYRUBF;15;20240202;143000;12.623;12.633;12.623;12.623;5229
CNYRUBF;15;20240202;144500;12.624;12.631;12.618;12.628;90031
CNYRUBF;15;20240202;150000;12.629;12.63;12.624;12.626;106605
CNYRUBF;15;20240202;151500;12.626;12.64;12.625;12.637;57197
CNYRUBF;15;20240202;153000;12.637;12.65;12.634;12.647;102900
CNYRUBF;15;20240202;154500;12.647;12.653;12.645;12.65;48726
CNYRUBF;15;20240202;160000;12.648;12.655;12.646;12.654;16601
CNYRUBF;15;20240202;161500;12.654;12.661;12.653;12.659;10643
CNYRUBF;15;20240202;163000;12.658;12.665;12.636;12.648;64683
CNYRUBF;15;20240202;164500;12.646;12.648;12.614;12.63;20207
CNYRUBF;15;20240202;170000;12.629;12.633;12.62;12.627;7976
CNYRUBF;15;20240202;171500;12.627;12.63;12.602;12.602;10398
CNYRUBF;15;20240202;173000;12.601;12.605;12.58;12.596;10016
CNYRUBF;15;20240202;174500;12.599;12.605;12.574;12.575;8740
CNYRUBF;15;20240202;180000;12.573;12.584;12.553;12.568;8474
CNYRUBF;15;20240202;181500;12.568;12.59;12.568;12.585;5508
CNYRUBF;15;20240202;183000;12.581;12.595;12.579;12.594;18956
CNYRUBF;15;20240202;184500;12.593;12.614;12.588;12.609;7976
CNYRUBF;15;20240202;190000;12.61;12.68;12.592;12.602;1544
CNYRUBF;15;20240202;191500;12.602;12.605;12.599;12.603;801
CNYRUBF;15;20240202;193000;12.603;12.609;12.603;12.605;483
CNYRUBF;15;20240202;194500;12.604;12.607;12.603;12.605;409
CNYRUBF;15;20240202;200000;12.605;12.616;12.604;12.611;213
CNYRUBF;15;20240202;201500;12.611;12.614;12.604;12.606;396
CNYRUBF;15;20240202;203000;12.604;12.604;12.602;12.602;105
CNYRUBF;15;20240202;204500;12.603;12.603;12.579;12.593;582
CNYRUBF;15;20240202;210000;12.593;12.594;12.582;12.584;259
CNYRUBF;15;20240202;211500;12.581;12.587;12.579;12.582;428
CNYRUBF;15;20240202;213000;12.582;12.592;12.582;12.591;543
CNYRUBF;15;20240202;214500;12.591;12.593;12.588;12.588;252
CNYRUBF;15;20240202;220000;12.59;12.594;12.588;12.594;1276
CNYRUBF;15;20240202;221500;12.595;12.595;12.592;12.595;412
CNYRUBF;15;20240202;223000;12.592;12.596;12.592;12.595;355
CNYRUBF;15;20240202;224500;12.596;12.596;12.59;12.595;873
CNYRUBF;15;20240202;230000;12.592;12.592;12.592;12.592;3
CNYRUBF;15;20240202;231500;12.595;12.596;12.595;12.595;148
CNYRUBF;15;20240202;233000;12.595;12.596;12.591;12.591;135
CNYRUBF;15;20240202;234500;12.591;12.598;12.591;12.598;162
CNYRUBF;15;20240205;090000;12.622;12.633;12.609;12.609;7791
CNYRUBF;15;20240205;091500;12.611;12.616;12.605;12.614;2168
CNYRUBF;15;20240205;093000;12.613;12.616;12.605;12.605;1452
CNYRUBF;15;20240205;094500;12.608;12.641;12.605;12.64;8007
CNYRUBF;15;20240205;100000;12.641;12.662;12.627;12.642;6275
CNYRUBF;15;20240205;101500;12.644;12.647;12.64;12.647;5642
CNYRUBF;15;20240205;103000;12.645;12.664;12.642;12.661;10139
CNYRUBF;15;20240205;104500;12.661;12.662;12.651;12.656;6978
CNYRUBF;15;20240205;110000;12.658;12.669;12.653;12.664;8882
CNYRUBF;15;20240205;111500;12.665;12.672;12.659;12.671;19465
CNYRUBF;15;20240205;113000;12.672;12.677;12.665;12.67;2991
CNYRUBF;15;20240205;114500;12.667;12.668;12.654;12.656;5265
CNYRUBF;15;20240205;120000;12.657;12.663;12.626;12.627;16629
CNYRUBF;15;20240205;121500;12.625;12.628;12.607;12.618;23843
CNYRUBF;15;20240205;123000;12.618;12.627;12.615;12.619;9507
CNYRUBF;15;20240205;124500;12.619;12.634;12.616;12.634;4572
CNYRUBF;15;20240205;130000;12.634;12.635;12.62;12.627;3345
CNYRUBF;15;20240205;131500;12.632;12.651;12.632;12.638;8674
CNYRUBF;15;20240205;133000;12.638;12.643;12.637;12.64;1514
CNYRUBF;15;20240205;134500;12.64;12.641;12.636;12.641;4541
CNYRUBF;15;20240205;140000;12.639;12.64;12.632;12.637;1828
CNYRUBF;15;20240205;141500;12.637;12.64;12.636;12.636;593
CNYRUBF;15;20240205;143000;12.636;12.641;12.631;12.641;3402
CNYRUBF;15;20240205;144500;12.64;12.64;12.622;12.629;7960
CNYRUBF;15;20240205;150000;12.628;12.628;12.616;12.618;6634
CNYRUBF;15;20240205;151500;12.618;12.626;12.617;12.617;2904
CNYRUBF;15;20240205;153000;12.62;12.636;12.619;12.626;4879
CNYRUBF;15;20240205;154500;12.625;12.625;12.584;12.586;6373
CNYRUBF;15;20240205;160000;12.585;12.588;12.556;12.56;25167
CNYRUBF;15;20240205;161500;12.558;12.56;12.528;12.557;32149
CNYRUBF;15;20240205;163000;12.559;12.559;12.521;12.539;21607
CNYRUBF;15;20240205;164500;12.538;12.55;12.53;12.535;14899
CNYRUBF;15;20240205;170000;12.533;12.533;12.493;12.505;13169
CNYRUBF;15;20240205;171500;12.502;12.52;12.484;12.52;8014
CNYRUBF;15;20240205;173000;12.522;12.532;12.502;12.516;7098
CNYRUBF;15;20240205;174500;12.511;12.533;12.511;12.522;4691
CNYRUBF;15;20240205;180000;12.523;12.536;12.52;12.536;8449
CNYRUBF;15;20240205;181500;12.537;12.555;12.535;12.548;7340
CNYRUBF;15;20240205;183000;12.55;12.553;12.545;12.55;3785
CNYRUBF;15;20240205;184500;12.549;12.549;12.539;12.541;237
CNYRUBF;15;20240205;190000;12.542;12.543;12.532;12.543;163
CNYRUBF;15;20240205;191500;12.543;12.543;12.533;12.537;490
CNYRUBF;15;20240205;193000;12.537;12.537;12.534;12.535;130
CNYRUBF;15;20240205;194500;12.535;12.536;12.532;12.532;672
CNYRUBF;15;20240205;200000;12.532;12.538;12.532;12.532;464
CNYRUBF;15;20240205;201500;12.536;12.536;12.535;12.535;47
CNYRUBF;15;20240205;203000;12.536;12.536;12.533;12.535;21
CNYRUBF;15;20240205;204500;12.534;12.537;12.532;12.535;118
CNYRUBF;15;20240205;210000;12.535;12.535;12.533;12.533;43
CNYRUBF;15;20240205;211500;12.533;12.539;12.533;12.538;186
CNYRUBF;15;20240205;213000;12.54;12.542;12.54;12.542;166
CNYRUBF;15;20240205;214500;12.542;12.543;12.539;12.539;262
CNYRUBF;15;20240205;220000;12.54;12.542;12.538;12.542;179
CNYRUBF;15;20240205;221500;12.543;12.543;12.54;12.54;42
CNYRUBF;15;20240205;223000;12.542;12.542;12.542;12.542;2
CNYRUBF;15;20240205;224500;12.542;12.542;12.537;12.537;86
CNYRUBF;15;20240205;230000;12.538;12.538;12.535;12.537;12
CNYRUBF;15;20240205;231500;12.535;12.538;12.527;12.531;234
CNYRUBF;15;20240205;233000;12.528;12.538;12.528;12.538;142
CNYRUBF;15;20240205;234500;12.54;12.543;12.532;12.532;934
CNYRUBF;15;20240206;090000;12.553;12.577;12.553;12.564;12432
CNYRUBF;15;20240206;091500;12.564;12.58;12.553;12.58;12092
CNYRUBF;15;20240206;093000;12.579;12.598;12.578;12.581;7491
CNYRUBF;15;20240206;094500;12.582;12.589;12.578;12.589;4148
CNYRUBF;15;20240206;100000;12.588;12.593;12.558;12.565;6573
CNYRUBF;15;20240206;101500;12.565;12.584;12.561;12.582;3118
CNYRUBF;15;20240206;103000;12.582;12.599;12.57;12.599;1992
CNYRUBF;15;20240206;104500;12.599;12.606;12.589;12.589;4153
CNYRUBF;15;20240206;110000;12.589;12.598;12.585;12.587;6555
CNYRUBF;15;20240206;111500;12.589;12.593;12.585;12.59;3532
CNYRUBF;15;20240206;113000;12.59;12.595;12.583;12.587;5983
CNYRUBF;15;20240206;114500;12.589;12.595;12.587;12.589;5826
CNYRUBF;15;20240206;120000;12.587;12.595;12.587;12.593;1142
CNYRUBF;15;20240206;121500;12.595;12.607;12.593;12.602;5878
CNYRUBF;15;20240206;123000;12.604;12.611;12.597;12.607;2659
CNYRUBF;15;20240206;124500;12.608;12.621;12.607;12.62;2931
CNYRUBF;15;20240206;130000;12.62;12.624;12.602;12.611;5415
CNYRUBF;15;20240206;131500;12.61;12.611;12.604;12.61;581
CNYRUBF;15;20240206;133000;12.61;12.616;12.608;12.616;5437
CNYRUBF;15;20240206;134500;12.615;12.619;12.611;12.611;3475
CNYRUBF;15;20240206;140000;12.611;12.617;12.61;12.617;1910
CNYRUBF;15;20240206;141500;12.617;12.624;12.615;12.624;2313
CNYRUBF;15;20240206;143000;12.624;12.626;12.611;12.614;2454
CNYRUBF;15;20240206;144500;12.618;12.62;12.613;12.617;499
CNYRUBF;15;20240206;150000;12.618;12.628;12.618;12.626;2331
CNYRUBF;15;20240206;151500;12.621;12.626;12.608;12.623;4445
CNYRUBF;15;20240206;153000;12.624;12.641;12.621;12.638;5174
CNYRUBF;15;20240206;154500;12.639;12.654;12.633;12.654;9949
CNYRUBF;15;20240206;160000;12.654;12.656;12.627;12.627;2722
CNYRUBF;15;20240206;161500;12.629;12.63;12.62;12.624;2077
CNYRUBF;15;20240206;163000;12.626;12.635;12.624;12.625;1527
CNYRUBF;15;20240206;164500;12.627;12.64;12.622;12.631;10839
CNYRUBF;15;20240206;170000;12.631;12.641;12.626;12.638;6124
CNYRUBF;15;20240206;171500;12.638;12.652;12.637;12.652;3652
CNYRUBF;15;20240206;173000;12.653;12.655;12.643;12.648;4590
CNYRUBF;15;20240206;174500;12.643;12.654;12.642;12.649;7773
CNYRUBF;15;20240206;180000;12.649;12.655;12.648;12.654;8126
CNYRUBF;15;20240206;181500;12.653;12.661;12.653;12.66;2903
CNYRUBF;15;20240206;183000;12.657;12.668;12.657;12.668;6650
CNYRUBF;15;20240206;184500;12.665;12.668;12.663;12.663;2423
CNYRUBF;15;20240206;190000;12.656;12.66;12.65;12.656;1052
CNYRUBF;15;20240206;191500;12.657;12.673;12.657;12.671;960
CNYRUBF;15;20240206;193000;12.671;12.673;12.668;12.668;577
CNYRUBF;15;20240206;194500;12.67;12.679;12.668;12.675;1179
CNYRUBF;15;20240206;200000;12.674;12.674;12.668;12.671;137
CNYRUBF;15;20240206;201500;12.671;12.671;12.659;12.659;370
CNYRUBF;15;20240206;203000;12.658;12.659;12.655;12.656;483
CNYRUBF;15;20240206;204500;12.657;12.665;12.657;12.665;176
CNYRUBF;15;20240206;210000;12.661;12.665;12.659;12.659;228
CNYRUBF;15;20240206;211500;12.659;12.661;12.657;12.66;79
CNYRUBF;15;20240206;213000;12.656;12.659;12.656;12.656;82
CNYRUBF;15;20240206;214500;12.656;12.668;12.656;12.668;200
CNYRUBF;15;20240206;220000;12.661;12.666;12.661;12.662;30
CNYRUBF;15;20240206;221500;12.662;12.664;12.661;12.664;38
CNYRUBF;15;20240206;223000;12.663;12.668;12.663;12.668;28
CNYRUBF;15;20240206;224500;12.665;12.668;12.664;12.668;36
CNYRUBF;15;20240206;230000;12.665;12.668;12.664;12.664;61
CNYRUBF;15;20240206;231500;12.666;12.67;12.665;12.67;459
CNYRUBF;15;20240206;233000;12.67;12.67;12.668;12.668;83
CNYRUBF;15;20240206;234500;12.668;12.671;12.668;12.671;29
CNYRUBF;15;20240207;090000;12.653;12.654;12.627;12.64;8138
CNYRUBF;15;20240207;091500;12.638;12.649;12.636;12.646;989
CNYRUBF;15;20240207;093000;12.648;12.65;12.64;12.648;704
CNYRUBF;15;20240207;094500;12.648;12.65;12.642;12.647;337
CNYRUBF;15;20240207;100000;12.648;12.65;12.624;12.645;5390
CNYRUBF;15;20240207;101500;12.644;12.653;12.634;12.653;10970
CNYRUBF;15;20240207;103000;12.653;12.655;12.634;12.644;9112
CNYRUBF;15;20240207;104500;12.644;12.673;12.643;12.673;2901
CNYRUBF;15;20240207;110000;12.674;12.678;12.666;12.67;10920
CNYRUBF;15;20240207;111500;12.669;12.671;12.653;12.656;1270
CNYRUBF;15;20240207;113000;12.656;12.667;12.653;12.657;11561
CNYRUBF;15;20240207;114500;12.657;12.664;12.656;12.662;8715
CNYRUBF;15;20240207;120000;12.662;12.672;12.659;12.663;2960
CNYRUBF;15;20240207;121500;12.662;12.666;12.657;12.666;2296
CNYRUBF;15;20240207;123000;12.662;12.669;12.661;12.665;4090
CNYRUBF;15;20240207;124500;12.661;12.661;12.655;12.66;1282
CNYRUBF;15;20240207;130000;12.659;12.666;12.659;12.664;1255
CNYRUBF;15;20240207;131500;12.663;12.666;12.661;12.662;4241
CNYRUBF;15;20240207;133000;12.664;12.679;12.662;12.672;11585
CNYRUBF;15;20240207;134500;12.674;12.676;12.663;12.664;2923
CNYRUBF;15;20240207;140000;12.664;12.675;12.663;12.67;2381
CNYRUBF;15;20240207;141500;12.67;12.671;12.664;12.665;5273
CNYRUBF;15;20240207;143000;12.667;12.667;12.66;12.663;2488
CNYRUBF;15;20240207;144500;12.661;12.661;12.65;12.654;3530
CNYRUBF;15;20240207;150000;12.653;12.658;12.642;12.642;11144
CNYRUBF;15;20240207;151500;12.642;12.66;12.637;12.643;7788
CNYRUBF;15;20240207;153000;12.641;12.65;12.632;12.636;6710
CNYRUBF;15;20240207;154500;12.635;12.635;12.613;12.623;8126
CNYRUBF;15;20240207;160000;12.624;12.63;12.605;12.61;10727
CNYRUBF;15;20240207;161500;12.61;12.618;12.607;12.613;5396
CNYRUBF;15;20240207;163000;12.614;12.614;12.605;12.611;4066
CNYRUBF;15;20240207;164500;12.61;12.624;12.608;12.618;35271
CNYRUBF;15;20240207;170000;12.616;12.672;12.616;12.661;18491
CNYRUBF;15;20240207;171500;12.664;12.67;12.648;12.658;7793
CNYRUBF;15;20240207;173000;12.658;12.675;12.658;12.67;11491
CNYRUBF;15;20240207;174500;12.67;12.677;12.664;12.674;3319
CNYRUBF;15;20240207;180000;12.673;12.682;12.669;12.671;6600
CNYRUBF;15;20240207;181500;12.67;12.67;12.658;12.662;11108
CNYRUBF;15;20240207;183000;12.662;12.678;12.661;12.67;5621
CNYRUBF;15;20240207;184500;12.669;12.669;12.667;12.667;1671
CNYRUBF;15;20240207;190000;12.68;12.69;12.63;12.674;2844
CNYRUBF;15;20240207;191500;12.672;12.679;12.668;12.677;1472
CNYRUBF;15;20240207;193000;12.679;12.682;12.675;12.682;1366
CNYRUBF;15;20240207;194500;12.681;12.696;12.679;12.686;6483
CNYRUBF;15;20240207;200000;12.686;12.689;12.68;12.685;1223
CNYRUBF;15;20240207;201500;12.684;12.685;12.677;12.683;1938
CNYRUBF;15;20240207;203000;12.68;12.688;12.68;12.688;812
CNYRUBF;15;20240207;204500;12.687;12.687;12.682;12.684;31
CNYRUBF;15;20240207;210000;12.685;12.685;12.682;12.682;69
CNYRUBF;15;20240207;211500;12.68;12.682;12.678;12.682;29
CNYRUBF;15;20240207;213000;12.682;12.684;12.682;12.684;55
CNYRUBF;15;20240207;214500;12.683;12.685;12.683;12.685;28
CNYRUBF;15;20240207;220000;12.685;12.685;12.68;12.68;147
CNYRUBF;15;20240207;221500;12.682;12.689;12.682;12.688;274
CNYRUBF;15;20240207;223000;12.685;12.685;12.682;12.682;2
CNYRUBF;15;20240207;224500;12.682;12.685;12.68;12.68;152
CNYRUBF;15;20240207;230000;12.682;12.684;12.678;12.678;94
CNYRUBF;15;20240207;231500;12.678;12.68;12.678;12.678;85
CNYRUBF;15;20240207;233000;12.679;12.68;12.678;12.679;374
CNYRUBF;15;20240207;234500;12.679;12.682;12.679;12.681;311
CNYRUBF;15;20240208;090000;12.672;12.68;12.671;12.675;9707
CNYRUBF;15;20240208;091500;12.674;12.681;12.674;12.681;9090
CNYRUBF;15;20240208;093000;12.68;12.694;12.679;12.693;3550
CNYRUBF;15;20240208;094500;12.693;12.7;12.693;12.696;10048
CNYRUBF;15;20240208;100000;12.694;12.695;12.67;12.678;7832
CNYRUBF;15;20240208;101500;12.678;12.678;12.66;12.672;5853
CNYRUBF;15;20240208;103000;12.673;12.677;12.666;12.672;10385
CNYRUBF;15;20240208;104500;12.671;12.673;12.645;12.645;22214
CNYRUBF;15;20240208;110000;12.645;12.652;12.633;12.636;22818
CNYRUBF;15;20240208;111500;12.635;12.65;12.632;12.647;16760
CNYRUBF;15;20240208;113000;12.644;12.656;12.644;12.655;3206
CNYRUBF;15;20240208;114500;12.657;12.665;12.652;12.653;4118
CNYRUBF;15;20240208;120000;12.653;12.653;12.645;12.65;2097
CNYRUBF;15;20240208;121500;12.649;12.652;12.625;12.625;5725
CNYRUBF;15;20240208;123000;12.628;12.642;12.627;12.641;7571
CNYRUBF;15;20240208;124500;12.641;12.653;12.64;12.653;3624
CNYRUBF;15;20240208;130000;12.654;12.655;12.649;12.652;5396
CNYRUBF;15;20240208;131500;12.652;12.657;12.646;12.647;6393
CNYRUBF;15;20240208;133000;12.647;12.654;12.646;12.646;21776
CNYRUBF;15;20240208;134500;12.646;12.654;12.646;12.651;54720
CNYRUBF;15;20240208;140000;12.65;12.65;12.635;12.637;16473
CNYRUBF;15;20240208;141500;12.636;12.641;12.632;12.633;19724
CNYRUBF;15;20240208;143000;12.634;12.637;12.626;12.63;18621
CNYRUBF;15;20240208;144500;12.631;12.639;12.626;12.633;36173
CNYRUBF;15;20240208;150000;12.635;12.635;12.611;12.626;19288
CNYRUBF;15;20240208;151500;12.628;12.637;12.615;12.615;24166
CNYRUBF;15;20240208;153000;12.615;12.632;12.611;12.613;29986
CNYRUBF;15;20240208;154500;12.618;12.637;12.611;12.615;40349
CNYRUBF;15;20240208;160000;12.614;12.616;12.597;12.605;57999
CNYRUBF;15;20240208;161500;12.606;12.626;12.605;12.62;21721
CNYRUBF;15;20240208;163000;12.623;12.629;12.606;12.621;38764
CNYRUBF;15;20240208;164500;12.621;12.625;12.61;12.625;6771
CNYRUBF;15;20240208;170000;12.619;12.637;12.608;12.628;6253
CNYRUBF;15;20240208;171500;12.626;12.636;12.625;12.625;19750
CNYRUBF;15;20240208;173000;12.625;12.628;12.597;12.602;6152
CNYRUBF;15;20240208;174500;12.605;12.608;12.586;12.587;15978
CNYRUBF;15;20240208;180000;12.587;12.587;12.554;12.571;28006
CNYRUBF;15;20240208;181500;12.573;12.576;12.559;12.563;21542
CNYRUBF;15;20240208;183000;12.563;12.565;12.556;12.557;25785
CNYRUBF;15;20240208;184500;12.56;12.56;12.55;12.551;17863
CNYRUBF;15;20240208;190000;12.56;12.57;12.544;12.561;8853
CNYRUBF;15;20240208;191500;12.562;12.568;12.562;12.565;4580
CNYRUBF;15;20240208;193000;12.563;12.574;12.563;12.572;3916
CNYRUBF;15;20240208;194500;12.572;12.576;12.572;12.575;4410
CNYRUBF;15;20240208;200000;12.575;12.576;12.572;12.573;13191
CNYRUBF;15;20240208;201500;12.573;12.584;12.572;12.578;5128
CNYRUBF;15;20240208;203000;12.579;12.579;12.577;12.578;813
CNYRUBF;15;20240208;204500;12.577;12.577;12.572;12.574;2148
CNYRUBF;15;20240208;210000;12.572;12.574;12.572;12.573;3048
CNYRUBF;15;20240208;211500;12.573;12.575;12.573;12.574;488
CNYRUBF;15;20240208;213000;12.575;12.575;12.572;12.572;465
CNYRUBF;15;20240208;214500;12.572;12.573;12.572;12.572;797
CNYRUBF;15;20240208;220000;12.572;12.573;12.572;12.572;1999
CNYRUBF;15;20240208;221500;12.573;12.573;12.572;12.572;1866
CNYRUBF;15;20240208;223000;12.572;12.573;12.572;12.572;2228
CNYRUBF;15;20240208;224500;12.572;12.573;12.572;12.572;2017
CNYRUBF;15;20240208;230000;12.573;12.573;12.572;12.573;328
CNYRUBF;15;20240208;231500;12.572;12.574;12.572;12.573;575
CNYRUBF;15;20240208;233000;12.573;12.573;12.572;12.572;4219
CNYRUBF;15;20240208;234500;12.572;12.573;12.572;12.573;282
CNYRUBF;15;20240209;090000;12.59;12.607;12.59;12.602;28161
CNYRUBF;15;20240209;091500;12.602;12.618;12.602;12.611;3994
CNYRUBF;15;20240209;093000;12.61;12.612;12.604;12.606;5668
CNYRUBF;15;20240209;094500;12.607;12.611;12.606;12.609;14352
CNYRUBF;15;20240209;100000;12.608;12.61;12.585;12.585;39137
CNYRUBF;15;20240209;101500;12.587;12.589;12.569;12.569;10170
CNYRUBF;15;20240209;103000;12.569;12.569;12.543;12.547;59842
CNYRUBF;15;20240209;104500;12.547;12.561;12.54;12.555;15515
CNYRUBF;15;20240209;110000;12.551;12.555;12.527;12.531;9710
CNYRUBF;15;20240209;111500;12.529;12.54;12.518;12.54;28797
CNYRUBF;15;20240209;113000;12.54;12.541;12.527;12.527;6285
CNYRUBF;15;20240209;114500;12.526;12.542;12.525;12.54;14255
CNYRUBF;15;20240209;120000;12.541;12.542;12.523;12.537;15561
CNYRUBF;15;20240209;121500;12.538;12.54;12.528;12.532;2112
CNYRUBF;15;20240209;123000;12.531;12.544;12.531;12.541;931
CNYRUBF;15;20240209;124500;12.541;12.544;12.539;12.544;1594
CNYRUBF;15;20240209;130000;12.542;12.548;12.542;12.548;1481
CNYRUBF;15;20240209;131500;12.548;12.553;12.544;12.544;1993
CNYRUBF;15;20240209;133000;12.544;12.547;12.523;12.523;2213
CNYRUBF;15;20240209;134500;12.523;12.539;12.516;12.534;1760
CNYRUBF;15;20240209;140000;12.534;12.544;12.532;12.544;3889
CNYRUBF;15;20240209;141500;12.544;12.578;12.54;12.57;7739
CNYRUBF;15;20240209;143000;12.568;12.57;12.537;12.543;1130
CNYRUBF;15;20240209;144500;12.541;12.551;12.52;12.526;6552
CNYRUBF;15;20240209;150000;12.526;12.549;12.523;12.545;2525
CNYRUBF;15;20240209;151500;12.545;12.546;12.536;12.541;1907
CNYRUBF;15;20240209;153000;12.541;12.541;12.526;12.526;7648
CNYRUBF;15;20240209;154500;12.528;12.543;12.526;12.535;13691
CNYRUBF;15;20240209;160000;12.538;12.542;12.531;12.533;2289
CNYRUBF;15;20240209;161500;12.535;12.537;12.523;12.526;6268
CNYRUBF;15;20240209;163000;12.532;12.537;12.519;12.535;9177
CNYRUBF;15;20240209;164500;12.537;12.549;12.535;12.547;2919
CNYRUBF;15;20240209;170000;12.544;12.56;12.542;12.56;2812
CNYRUBF;15;20240209;171500;12.561;12.576;12.555;12.556;4867
CNYRUBF;15;20240209;173000;12.556;12.562;12.535;12.537;3395
CNYRUBF;15;20240209;174500;12.536;12.546;12.53;12.536;3503
CNYRUBF;15;20240209;180000;12.539;12.55;12.534;12.543;6616
CNYRUBF;15;20240209;181500;12.541;12.548;12.541;12.548;2987
CNYRUBF;15;20240209;183000;12.547;12.562;12.545;12.561;6308
CNYRUBF;15;20240209;184500;12.562;12.568;12.562;12.565;1261
CNYRUBF;15;20240209;190000;12.572;12.574;12.559;12.562;613
CNYRUBF;15;20240209;191500;12.565;12.576;12.565;12.572;4117
CNYRUBF;15;20240209;193000;12.572;12.572;12.569;12.57;440
CNYRUBF;15;20240209;194500;12.571;12.571;12.568;12.568;802
CNYRUBF;15;20240209;200000;12.568;12.572;12.568;12.572;329
CNYRUBF;15;20240209;201500;12.571;12.572;12.57;12.57;54
CNYRUBF;15;20240209;203000;12.57;12.57;12.569;12.569;491
CNYRUBF;15;20240209;204500;12.57;12.57;12.567;12.567;1138
CNYRUBF;15;20240209;210000;12.568;12.569;12.567;12.567;10
CNYRUBF;15;20240209;211500;12.568;12.569;12.567;12.569;130
CNYRUBF;15;20240209;213000;12.569;12.569;12.567;12.567;563
CNYRUBF;15;20240209;214500;12.569;12.569;12.567;12.567;15
CNYRUBF;15;20240209;220000;12.569;12.571;12.567;12.57;798
CNYRUBF;15;20240209;221500;12.571;12.574;12.571;12.574;248
CNYRUBF;15;20240209;223000;12.575;12.575;12.57;12.57;66
CNYRUBF;15;20240209;224500;12.57;12.57;12.568;12.569;444
CNYRUBF;15;20240209;230000;12.57;12.578;12.57;12.572;833
CNYRUBF;15;20240209;231500;12.573;12.573;12.567;12.568;945
CNYRUBF;15;20240209;233000;12.567;12.571;12.567;12.568;83
CNYRUBF;15;20240209;234500;12.569;12.571;12.567;12.567;621
CNYRUBF;15;20240212;090000;12.567;12.567;12.554;12.567;16531
CNYRUBF;15;20240212;091500;12.568;12.569;12.557;12.557;5488
CNYRUBF;15;20240212;093000;12.556;12.56;12.551;12.559;2437
CNYRUBF;15;20240212;094500;12.559;12.56;12.553;12.56;160
CNYRUBF;15;20240212;100000;12.561;12.566;12.54;12.551;3249
CNYRUBF;15;20240212;101500;12.547;12.548;12.532;12.543;2475
CNYRUBF;15;20240212;103000;12.54;12.542;12.533;12.536;1669
CNYRUBF;15;20240212;104500;12.535;12.546;12.533;12.541;3280
CNYRUBF;15;20240212;110000;12.535;12.544;12.529;12.533;7848
CNYRUBF;15;20240212;111500;12.533;12.539;12.53;12.534;5979
CNYRUBF;15;20240212;113000;12.532;12.545;12.531;12.542;6302
CNYRUBF;15;20240212;114500;12.54;12.55;12.54;12.55;2776
CNYRUBF;15;20240212;120000;12.55;12.556;12.549;12.553;1844
CNYRUBF;15;20240212;121500;12.553;12.559;12.545;12.547;3916
CNYRUBF;15;20240212;123000;12.55;12.561;12.55;12.557;9515
CNYRUBF;15;20240212;124500;12.56;12.569;12.559;12.567;5737
CNYRUBF;15;20240212;130000;12.569;12.572;12.565;12.565;2615
CNYRUBF;15;20240212;131500;12.566;12.568;12.56;12.566;1965
CNYRUBF;15;20240212;133000;12.564;12.568;12.563;12.566;4512
CNYRUBF;15;20240212;134500;12.568;12.575;12.567;12.571;1489
CNYRUBF;15;20240212;140000;12.57;12.573;12.562;12.562;3182
CNYRUBF;15;20240212;141500;12.564;12.578;12.564;12.569;2768
CNYRUBF;15;20240212;143000;12.571;12.577;12.571;12.576;3243
CNYRUBF;15;20240212;144500;12.573;12.586;12.573;12.584;6167
CNYRUBF;15;20240212;150000;12.584;12.59;12.579;12.588;3627
CNYRUBF;15;20240212;151500;12.588;12.591;12.582;12.584;4564
CNYRUBF;15;20240212;153000;12.584;12.59;12.583;12.585;2728
CNYRUBF;15;20240212;154500;12.586;12.604;12.585;12.602;8718
CNYRUBF;15;20240212;160000;12.603;12.605;12.594;12.603;11131
CNYRUBF;15;20240212;161500;12.603;12.609;12.598;12.605;10131
CNYRUBF;15;20240212;163000;12.605;12.606;12.597;12.603;5244
CNYRUBF;15;20240212;164500;12.603;12.61;12.588;12.595;5804
CNYRUBF;15;20240212;170000;12.6;12.61;12.591;12.61;3453
CNYRUBF;15;20240212;171500;12.605;12.605;12.588;12.588;1195
CNYRUBF;15;20240212;173000;12.588;12.602;12.588;12.595;2395
CNYRUBF;15;20240212;174500;12.596;12.599;12.589;12.595;2606
CNYRUBF;15;20240212;180000;12.594;12.601;12.588;12.594;5775
CNYRUBF;15;20240212;181500;12.594;12.599;12.592;12.595;2328
CNYRUBF;15;20240212;183000;12.595;12.598;12.591;12.598;1890
CNYRUBF;15;20240212;184500;12.599;12.599;12.596;12.598;290
CNYRUBF;15;20240212;190000;12.602;12.602;12.593;12.598;534
CNYRUBF;15;20240212;191500;12.599;12.599;12.596;12.597;364
CNYRUBF;15;20240212;193000;12.598;12.607;12.598;12.607;825
CNYRUBF;15;20240212;194500;12.605;12.606;12.602;12.605;582
CNYRUBF;15;20240212;200000;12.605;12.608;12.603;12.603;1026
CNYRUBF;15;20240212;201500;12.603;12.603;12.6;12.601;66
CNYRUBF;15;20240212;203000;12.601;12.604;12.595;12.595;232
CNYRUBF;15;20240212;204500;12.595;12.596;12.595;12.596;56
CNYRUBF;15;20240212;210000;12.598;12.6;12.597;12.597;29
CNYRUBF;15;20240212;211500;12.601;12.602;12.601;12.602;11
CNYRUBF;15;20240212;213000;12.601;12.601;12.601;12.601;2
CNYRUBF;15;20240212;214500;12.599;12.599;12.593;12.593;176
CNYRUBF;15;20240212;220000;12.596;12.597;12.596;12.597;197
CNYRUBF;15;20240212;221500;12.597;12.597;12.588;12.591;402
CNYRUBF;15;20240212;223000;12.591;12.594;12.59;12.594;108
CNYRUBF;15;20240212;224500;12.596;12.596;12.596;12.596;2
CNYRUBF;15;20240212;230000;12.596;12.597;12.595;12.597;58
CNYRUBF;15;20240212;231500;12.595;12.598;12.595;12.597;45
CNYRUBF;15;20240212;233000;12.597;12.598;12.596;12.596;34
CNYRUBF;15;20240212;234500;12.599;12.599;12.595;12.599;61
CNYRUBF;15;20240213;090000;12.588;12.59;12.581;12.581;2199
CNYRUBF;15;20240213;091500;12.581;12.589;12.581;12.586;623
CNYRUBF;15;20240213;093000;12.59;12.591;12.583;12.585;131
CNYRUBF;15;20240213;094500;12.584;12.585;12.58;12.58;1678
CNYRUBF;15;20240213;100000;12.583;12.59;12.571;12.587;4646
CNYRUBF;15;20240213;101500;12.584;12.596;12.584;12.587;6181
CNYRUBF;15;20240213;103000;12.587;12.588;12.575;12.58;1786
CNYRUBF;15;20240213;104500;12.579;12.582;12.571;12.572;3283
CNYRUBF;15;20240213;110000;12.572;12.575;12.569;12.57;1139
CNYRUBF;15;20240213;111500;12.571;12.586;12.569;12.586;721
CNYRUBF;15;20240213;113000;12.587;12.597;12.584;12.587;3525
CNYRUBF;15;20240213;114500;12.586;12.59;12.578;12.585;1072
CNYRUBF;15;20240213;120000;12.585;12.592;12.578;12.587;2045
CNYRUBF;15;20240213;121500;12.589;12.593;12.588;12.589;1221
CNYRUBF;15;20240213;123000;12.589;12.594;12.586;12.589;26858
CNYRUBF;15;20240213;124500;12.589;12.595;12.587;12.595;13341
CNYRUBF;15;20240213;130000;12.595;12.595;12.59;12.594;4239
CNYRUBF;15;20240213;131500;12.595;12.595;12.584;12.588;3139
CNYRUBF;15;20240213;133000;12.59;12.594;12.588;12.59;937
CNYRUBF;15;20240213;134500;12.591;12.602;12.59;12.602;1864
CNYRUBF;15;20240213;140000;12.602;12.605;12.596;12.6;9394
CNYRUBF;15;20240213;141500;12.6;12.601;12.585;12.585;12742
CNYRUBF;15;20240213;143000;12.586;12.593;12.585;12.592;2907
CNYRUBF;15;20240213;144500;12.591;12.594;12.578;12.583;2590
CNYRUBF;15;20240213;150000;12.58;12.58;12.551;12.554;3181
CNYRUBF;15;20240213;151500;12.554;12.566;12.55;12.566;5173
CNYRUBF;15;20240213;153000;12.57;12.577;12.555;12.559;2005
CNYRUBF;15;20240213;154500;12.56;12.561;12.555;12.555;3956
CNYRUBF;15;20240213;160000;12.554;12.556;12.544;12.553;24609
CNYRUBF;15;20240213;161500;12.553;12.558;12.552;12.557;13437
CNYRUBF;15;20240213;163000;12.556;12.561;12.553;12.555;13617
CNYRUBF;15;20240213;164500;12.555;12.572;12.547;12.565;13468
CNYRUBF;15;20240213;170000;12.565;12.576;12.563;12.565;11334
CNYRUBF;15;20240213;171500;12.567;12.572;12.565;12.569;4730
CNYRUBF;15;20240213;173000;12.569;12.571;12.553;12.553;7126
CNYRUBF;15;20240213;174500;12.552;12.558;12.548;12.552;3892
CNYRUBF;15;20240213;180000;12.55;12.55;12.547;12.549;2062
CNYRUBF;15;20240213;181500;12.549;12.56;12.548;12.559;2436
CNYRUBF;15;20240213;183000;12.559;12.564;12.559;12.56;4403
CNYRUBF;15;20240213;184500;12.562;12.569;12.562;12.569;4300
CNYRUBF;15;20240213;190000;12.572;12.572;12.563;12.57;656
CNYRUBF;15;20240213;191500;12.569;12.57;12.569;12.569;305
CNYRUBF;15;20240213;193000;12.571;12.572;12.569;12.572;1221
CNYRUBF;15;20240213;194500;12.572;12.573;12.572;12.573;283
CNYRUBF;15;20240213;200000;12.571;12.572;12.57;12.572;21
CNYRUBF;15;20240213;201500;12.572;12.573;12.57;12.573;603
CNYRUBF;15;20240213;203000;12.571;12.572;12.57;12.57;214
CNYRUBF;15;20240213;204500;12.57;12.571;12.57;12.571;2009
CNYRUBF;15;20240213;210000;12.57;12.572;12.57;12.571;155
CNYRUBF;15;20240213;211500;12.57;12.571;12.57;12.57;746
CNYRUBF;15;20240213;213000;12.57;12.574;12.57;12.572;3760
CNYRUBF;15;20240213;214500;12.572;12.572;12.57;12.57;633
CNYRUBF;15;20240213;220000;12.571;12.572;12.57;12.57;3882
CNYRUBF;15;20240213;221500;12.57;12.572;12.569;12.572;5765
CNYRUBF;15;20240213;223000;12.57;12.57;12.569;12.569;1959
CNYRUBF;15;20240213;224500;12.572;12.572;12.569;12.569;29
CNYRUBF;15;20240213;230000;12.569;12.572;12.569;12.572;236
CNYRUBF;15;20240213;231500;12.569;12.569;12.569;12.569;419
CNYRUBF;15;20240213;233000;12.569;12.571;12.569;12.571;1023
CNYRUBF;15;20240213;234500;12.572;12.573;12.569;12.573;136
CNYRUBF;15;20240214;090000;12.574;12.58;12.57;12.573;8306
CNYRUBF;15;20240214;091500;12.573;12.581;12.569;12.572;13609
CNYRUBF;15;20240214;093000;12.572;12.572;12.57;12.57;760
CNYRUBF;15;20240214;094500;12.57;12.573;12.569;12.57;4150
CNYRUBF;15;20240214;100000;12.569;12.572;12.551;12.564;4904
CNYRUBF;15;20240214;101500;12.559;12.58;12.559;12.578;4449
CNYRUBF;15;20240214;103000;12.577;12.594;12.573;12.586;4736
CNYRUBF;15;20240214;104500;12.588;12.593;12.588;12.588;2590
CNYRUBF;15;20240214;110000;12.588;12.593;12.587;12.59;2779
CNYRUBF;15;20240214;111500;12.59;12.611;12.588;12.606;20894
CNYRUBF;15;20240214;113000;12.606;12.609;12.603;12.605;33627
CNYRUBF;15;20240214;114500;12.604;12.607;12.598;12.6;5080
CNYRUBF;15;20240214;120000;12.601;12.603;12.596;12.599;2622
CNYRUBF;15;20240214;121500;12.598;12.599;12.588;12.591;4973
CNYRUBF;15;20240214;123000;12.589;12.593;12.585;12.585;1219
CNYRUBF;15;20240214;124500;12.585;12.585;12.581;12.583;1222
CNYRUBF;15;20240214;130000;12.582;12.585;12.57;12.57;2669
CNYRUBF;15;20240214;131500;12.57;12.58;12.567;12.578;3783
CNYRUBF;15;20240214;133000;12.578;12.578;12.572;12.578;1487
CNYRUBF;15;20240214;134500;12.578;12.579;12.576;12.576;899
CNYRUBF;15;20240214;140000;12.576;12.584;12.574;12.578;2469
CNYRUBF;15;20240214;141500;12.58;12.595;12.58;12.589;13649
CNYRUBF;15;20240214;143000;12.59;12.59;12.58;12.585;16257
CNYRUBF;15;20240214;144500;12.585;12.588;12.58;12.585;35787
CNYRUBF;15;20240214;150000;12.586;12.592;12.584;12.586;41329
CNYRUBF;15;20240214;151500;12.586;12.592;12.584;12.587;3342
CNYRUBF;15;20240214;153000;12.589;12.605;12.589;12.605;1987
CNYRUBF;15;20240214;154500;12.605;12.614;12.598;12.601;9844
CNYRUBF;15;20240214;160000;12.601;12.603;12.596;12.603;2617
CNYRUBF;15;20240214;161500;12.602;12.602;12.595;12.596;1331
CNYRUBF;15;20240214;163000;12.6;12.601;12.593;12.595;1108
CNYRUBF;15;20240214;164500;12.595;12.599;12.583;12.584;1068
CNYRUBF;15;20240214;170000;12.583;12.601;12.579;12.6;13864
CNYRUBF;15;20240214;171500;12.601;12.604;12.6;12.603;14218
CNYRUBF;15;20240214;173000;12.605;12.611;12.604;12.609;15281
CNYRUBF;15;20240214;174500;12.609;12.614;12.603;12.613;15948
CNYRUBF;15;20240214;180000;12.613;12.623;12.607;12.613;11113
CNYRUBF;15;20240214;181500;12.613;12.614;12.61;12.612;12952
CNYRUBF;15;20240214;183000;12.61;12.612;12.605;12.605;3729
CNYRUBF;15;20240214;184500;12.606;12.606;12.605;12.605;5328
CNYRUBF;15;20240214;190000;12.604;12.607;12.602;12.605;114
CNYRUBF;15;20240214;191500;12.603;12.607;12.6;12.602;611
CNYRUBF;15;20240214;193000;12.602;12.605;12.602;12.602;116
CNYRUBF;15;20240214;194500;12.603;12.607;12.603;12.603;56
CNYRUBF;15;20240214;200000;12.605;12.607;12.603;12.607;79
CNYRUBF;15;20240214;201500;12.604;12.606;12.603;12.603;50
CNYRUBF;15;20240214;203000;12.603;12.606;12.603;12.603;93
CNYRUBF;15;20240214;204500;12.603;12.61;12.603;12.608;139
CNYRUBF;15;20240214;210000;12.609;12.615;12.609;12.614;433
CNYRUBF;15;20240214;211500;12.614;12.615;12.612;12.613;61
CNYRUBF;15;20240214;213000;12.613;12.613;12.611;12.611;12
CNYRUBF;15;20240214;214500;12.613;12.616;12.613;12.616;256
CNYRUBF;15;20240214;220000;12.615;12.621;12.615;12.618;470
CNYRUBF;15;20240214;221500;12.618;12.618;12.615;12.617;401
CNYRUBF;15;20240214;223000;12.616;12.617;12.615;12.615;10
CNYRUBF;15;20240214;224500;12.617;12.617;12.615;12.615;257
CNYRUBF;15;20240214;230000;12.613;12.613;12.613;12.613;4
CNYRUBF;15;20240214;231500;12.613;12.613;12.613;12.613;2
CNYRUBF;15;20240214;233000;12.613;12.615;12.61;12.61;101
CNYRUBF;15;20240214;234500;12.613;12.614;12.613;12.614;34
CNYRUBF;15;20240215;090000;12.6;12.617;12.587;12.598;17992
CNYRUBF;15;20240215;091500;12.597;12.601;12.596;12.6;389
CNYRUBF;15;20240215;093000;12.599;12.602;12.598;12.6;349
CNYRUBF;15;20240215;094500;12.603;12.604;12.599;12.6;305
CNYRUBF;15;20240215;100000;12.6;12.6;12.592;12.592;1174
CNYRUBF;15;20240215;101500;12.593;12.614;12.591;12.61;2324
CNYRUBF;15;20240215;103000;12.611;12.617;12.611;12.616;732
CNYRUBF;15;20240215;104500;12.616;12.619;12.616;12.617;2605
CNYRUBF;15;20240215;110000;12.618;12.619;12.612;12.619;4469
CNYRUBF;15;20240215;111500;12.619;12.62;12.617;12.618;5048
CNYRUBF;15;20240215;113000;12.618;12.621;12.618;12.62;5202
CNYRUBF;15;20240215;114500;12.621;12.633;12.621;12.633;69039
CNYRUBF;15;20240215;120000;12.633;12.649;12.63;12.648;11947
CNYRUBF;15;20240215;121500;12.648;12.655;12.646;12.653;6046
CNYRUBF;15;20240215;123000;12.653;12.654;12.638;12.641;5723
CNYRUBF;15;20240215;124500;12.645;12.654;12.645;12.653;3328
CNYRUBF;15;20240215;130000;12.654;12.675;12.651;12.673;9343
CNYRUBF;15;20240215;131500;12.674;12.695;12.674;12.692;3897
CNYRUBF;15;20240215;133000;12.694;12.723;12.694;12.717;11572
CNYRUBF;15;20240215;134500;12.715;12.723;12.697;12.704;7960
CNYRUBF;15;20240215;140000;12.703;12.71;12.689;12.693;18773
CNYRUBF;15;20240215;141500;12.696;12.702;12.666;12.67;6985
CNYRUBF;15;20240215;143000;12.671;12.706;12.668;12.7;10613
CNYRUBF;15;20240215;144500;12.7;12.708;12.688;12.698;26967
CNYRUBF;15;20240215;150000;12.697;12.7;12.683;12.686;8051
CNYRUBF;15;20240215;151500;12.688;12.699;12.688;12.698;19951
CNYRUBF;15;20240215;153000;12.698;12.708;12.689;12.694;27628
CNYRUBF;15;20240215;154500;12.695;12.709;12.691;12.705;4863
CNYRUBF;15;20240215;160000;12.707;12.714;12.697;12.697;11807
CNYRUBF;15;20240215;161500;12.696;12.71;12.691;12.709;11013
CNYRUBF;15;20240215;163000;12.708;12.716;12.703;12.716;8043
CNYRUBF;15;20240215;164500;12.713;12.723;12.71;12.722;14201
CNYRUBF;15;20240215;170000;12.722;12.736;12.717;12.731;40660
CNYRUBF;15;20240215;171500;12.729;12.73;12.711;12.715;20490
CNYRUBF;15;20240215;173000;12.716;12.724;12.713;12.723;1166
CNYRUBF;15;20240215;174500;12.722;12.723;12.714;12.723;1433
CNYRUBF;15;20240215;180000;12.723;12.732;12.721;12.727;13646
CNYRUBF;15;20240215;181500;12.727;12.743;12.726;12.741;10900
CNYRUBF;15;20240215;183000;12.738;12.75;12.738;12.743;5131
CNYRUBF;15;20240215;184500;12.743;12.748;12.739;12.743;1175
CNYRUBF;15;20240215;190000;12.742;12.743;12.726;12.727;1149
CNYRUBF;15;20240215;191500;12.727;12.728;12.725;12.725;4511
CNYRUBF;15;20240215;193000;12.726;12.727;12.726;12.726;370
CNYRUBF;15;20240215;194500;12.727;12.727;12.72;12.721;11540
CNYRUBF;15;20240215;200000;12.724;12.726;12.72;12.724;1351
CNYRUBF;15;20240215;201500;12.724;12.726;12.722;12.722;521
CNYRUBF;15;20240215;203000;12.725;12.728;12.722;12.725;1617
CNYRUBF;15;20240215;204500;12.727;12.727;12.726;12.727;208
CNYRUBF;15;20240215;210000;12.727;12.727;12.726;12.727;489
CNYRUBF;15;20240215;211500;12.727;12.728;12.725;12.725;351
CNYRUBF;15;20240215;213000;12.726;12.726;12.71;12.721;4993
CNYRUBF;15;20240215;214500;12.719;12.72;12.715;12.718;234
CNYRUBF;15;20240215;220000;12.72;12.724;12.72;12.724;133
CNYRUBF;15;20240215;221500;12.724;12.725;12.722;12.722;659
CNYRUBF;15;20240215;223000;12.722;12.724;12.721;12.724;126
CNYRUBF;15;20240215;224500;12.721;12.724;12.721;12.721;49
CNYRUBF;15;20240215;230000;12.721;12.724;12.721;12.724;36
CNYRUBF;15;20240215;231500;12.722;12.722;12.721;12.721;29
CNYRUBF;15;20240215;233000;12.723;12.723;12.719;12.719;75
CNYRUBF;15;20240215;234500;12.719;12.72;12.718;12.72;680
CNYRUBF;15;20240216;090000;12.725;12.729;12.724;12.727;35779
CNYRUBF;15;20240216;091500;12.727;12.731;12.721;12.728;18530
CNYRUBF;15;20240216;093000;12.729;12.745;12.724;12.734;19771
CNYRUBF;15;20240216;094500;12.733;12.737;12.728;12.733;11993
CNYRUBF;15;20240216;100000;12.733;12.746;12.722;12.741;13843
CNYRUBF;15;20240216;101500;12.74;12.744;12.727;12.735;6927
CNYRUBF;15;20240216;103000;12.735;12.735;12.706;12.713;14650
CNYRUBF;15;20240216;104500;12.712;12.723;12.71;12.722;8235
CNYRUBF;15;20240216;110000;12.718;12.723;12.716;12.72;8924
CNYRUBF;15;20240216;111500;12.72;12.745;12.72;12.745;10666
CNYRUBF;15;20240216;113000;12.745;12.777;12.739;12.765;17419
CNYRUBF;15;20240216;114500;12.763;12.774;12.753;12.756;7323
CNYRUBF;15;20240216;120000;12.753;12.757;12.739;12.743;6022
CNYRUBF;15;20240216;121500;12.744;12.745;12.726;12.733;5360
CNYRUBF;15;20240216;123000;12.73;12.743;12.713;12.721;5219
CNYRUBF;15;20240216;124500;12.719;12.725;12.708;12.721;14559
CNYRUBF;15;20240216;130000;12.723;12.749;12.723;12.743;9543
CNYRUBF;15;20240216;131500;12.743;12.744;12.734;12.736;7841
CNYRUBF;15;20240216;133000;12.733;12.749;12.72;12.747;7151
CNYRUBF;15;20240216;134500;12.747;12.753;12.746;12.75;1054
CNYRUBF;15;20240216;140000;12.751;12.761;12.75;12.759;3385
CNYRUBF;15;20240216;141500;12.756;12.816;12.756;12.788;26073
CNYRUBF;15;20240216;143000;12.787;12.795;12.756;12.771;12119
CNYRUBF;15;20240216;144500;12.775;12.777;12.767;12.769;12308
CNYRUBF;15;20240216;150000;12.773;12.774;12.753;12.76;6010
CNYRUBF;15;20240216;151500;12.759;12.767;12.754;12.766;19521
CNYRUBF;15;20240216;153000;12.766;12.772;12.756;12.765;15317
CNYRUBF;15;20240216;154500;12.766;12.778;12.756;12.774;26297
CNYRUBF;15;20240216;160000;12.773;12.777;12.752;12.759;71722
CNYRUBF;15;20240216;161500;12.755;12.756;12.742;12.748;38425
CNYRUBF;15;20240216;163000;12.747;12.751;12.736;12.741;50771
CNYRUBF;15;20240216;164500;12.74;12.752;12.718;12.723;83538
CNYRUBF;15;20240216;170000;12.726;12.729;12.705;12.711;83511
CNYRUBF;15;20240216;171500;12.71;12.717;12.7;12.707;28663
CNYRUBF;15;20240216;173000;12.704;12.715;12.702;12.704;5321
CNYRUBF;15;20240216;174500;12.705;12.716;12.703;12.706;13590
CNYRUBF;15;20240216;180000;12.706;12.71;12.7;12.702;17948
CNYRUBF;15;20240216;181500;12.7;12.7;12.674;12.675;44880
CNYRUBF;15;20240216;183000;12.675;12.682;12.668;12.672;15914
CNYRUBF;15;20240216;184500;12.671;12.675;12.67;12.671;8287
CNYRUBF;15;20240216;190000;12.673;12.69;12.665;12.667;4276
CNYRUBF;15;20240216;191500;12.672;12.683;12.666;12.679;2523
CNYRUBF;15;20240216;193000;12.679;12.689;12.679;12.683;374
CNYRUBF;15;20240216;194500;12.685;12.69;12.683;12.689;248
CNYRUBF;15;20240216;200000;12.69;12.691;12.685;12.688;180
CNYRUBF;15;20240216;201500;12.686;12.686;12.684;12.685;62
CNYRUBF;15;20240216;203000;12.685;12.688;12.681;12.684;330
CNYRUBF;15;20240216;204500;12.685;12.685;12.681;12.682;117
CNYRUBF;15;20240216;210000;12.683;12.684;12.681;12.684;100
CNYRUBF;15;20240216;211500;12.684;12.703;12.684;12.689;2751
CNYRUBF;15;20240216;213000;12.689;12.689;12.683;12.683;242
CNYRUBF;15;20240216;214500;12.683;12.687;12.683;12.687;120
CNYRUBF;15;20240216;220000;12.684;12.69;12.684;12.69;135
CNYRUBF;15;20240216;221500;12.69;12.691;12.679;12.686;495
CNYRUBF;15;20240216;223000;12.686;12.686;12.683;12.685;49
CNYRUBF;15;20240216;224500;12.685;12.685;12.683;12.685;135
CNYRUBF;15;20240216;230000;12.683;12.685;12.683;12.685;15
CNYRUBF;15;20240216;231500;12.684;12.684;12.683;12.683;63
CNYRUBF;15;20240216;233000;12.686;12.686;12.68;12.681;426
CNYRUBF;15;20240216;234500;12.681;12.69;12.681;12.689;63
CNYRUBF;15;20240219;090000;12.738;12.772;12.728;12.736;49119
CNYRUBF;15;20240219;091500;12.735;12.742;12.73;12.739;3781
CNYRUBF;15;20240219;093000;12.738;12.745;12.729;12.73;17067
CNYRUBF;15;20240219;094500;12.728;12.73;12.719;12.724;3649
CNYRUBF;15;20240219;100000;12.726;12.75;12.723;12.741;34183
CNYRUBF;15;20240219;101500;12.741;12.771;12.735;12.761;59173
CNYRUBF;15;20240219;103000;12.761;12.771;12.758;12.765;32444
CNYRUBF;15;20240219;104500;12.768;12.768;12.753;12.754;27812
CNYRUBF;15;20240219;110000;12.754;12.772;12.753;12.769;26502
CNYRUBF;15;20240219;111500;12.769;12.771;12.767;12.77;11536
CNYRUBF;15;20240219;113000;12.77;12.776;12.768;12.774;13058
CNYRUBF;15;20240219;114500;12.772;12.778;12.766;12.774;18054
CNYRUBF;15;20240219;120000;12.773;12.777;12.768;12.772;3019
CNYRUBF;15;20240219;121500;12.771;12.777;12.769;12.777;1606
CNYRUBF;15;20240219;123000;12.776;12.78;12.774;12.777;26677
CNYRUBF;15;20240219;124500;12.78;12.785;12.774;12.785;3415
CNYRUBF;15;20240219;130000;12.786;12.79;12.782;12.782;26894
CNYRUBF;15;20240219;131500;12.783;12.788;12.783;12.784;3761
CNYRUBF;15;20240219;133000;12.782;12.783;12.771;12.772;3162
CNYRUBF;15;20240219;134500;12.772;12.783;12.769;12.783;15730
CNYRUBF;15;20240219;140000;12.782;12.782;12.776;12.777;439
CNYRUBF;15;20240219;141500;12.777;12.78;12.775;12.775;783
CNYRUBF;15;20240219;143000;12.777;12.785;12.777;12.783;5221
CNYRUBF;15;20240219;144500;12.783;12.792;12.78;12.789;18500
CNYRUBF;15;20240219;150000;12.788;12.791;12.775;12.781;14050
CNYRUBF;15;20240219;151500;12.781;12.785;12.77;12.771;36355
CNYRUBF;15;20240219;153000;12.771;12.778;12.75;12.776;97300
CNYRUBF;15;20240219;154500;12.775;12.785;12.769;12.773;25156
CNYRUBF;15;20240219;160000;12.773;12.785;12.771;12.784;25475
CNYRUBF;15;20240219;161500;12.782;12.788;12.779;12.78;8106
CNYRUBF;15;20240219;163000;12.781;12.796;12.779;12.783;21989
CNYRUBF;15;20240219;164500;12.782;12.787;12.768;12.777;5183
CNYRUBF;15;20240219;170000;12.778;12.796;12.777;12.792;18845
CNYRUBF;15;20240219;171500;12.792;12.799;12.792;12.795;17041
CNYRUBF;15;20240219;173000;12.795;12.795;12.781;12.784;3565
CNYRUBF;15;20240219;174500;12.785;12.788;12.784;12.787;577
CNYRUBF;15;20240219;180000;12.786;12.79;12.786;12.79;5992
CNYRUBF;15;20240219;181500;12.79;12.8;12.79;12.798;12498
CNYRUBF;15;20240219;183000;12.798;12.8;12.787;12.795;21633
CNYRUBF;15;20240219;184500;12.795;12.799;12.794;12.799;1470
CNYRUBF;15;20240219;190000;12.8;12.806;12.796;12.796;318
CNYRUBF;15;20240219;191500;12.793;12.796;12.793;12.796;84
CNYRUBF;15;20240219;193000;12.796;12.799;12.796;12.798;64
CNYRUBF;15;20240219;194500;12.801;12.802;12.798;12.798;711
CNYRUBF;15;20240219;200000;12.799;12.802;12.789;12.79;2924
CNYRUBF;15;20240219;201500;12.79;12.79;12.789;12.79;717
CNYRUBF;15;20240219;203000;12.789;12.79;12.789;12.789;2096
CNYRUBF;15;20240219;204500;12.789;12.79;12.789;12.79;395
CNYRUBF;15;20240219;210000;12.789;12.79;12.789;12.79;13
CNYRUBF;15;20240219;211500;12.79;12.79;12.789;12.789;632
CNYRUBF;15;20240219;213000;12.789;12.79;12.789;12.789;828
CNYRUBF;15;20240219;214500;12.789;12.789;12.786;12.786;308
CNYRUBF;15;20240219;220000;12.789;12.79;12.789;12.79;1370
CNYRUBF;15;20240219;221500;12.79;12.79;12.787;12.787;77
CNYRUBF;15;20240219;223000;12.79;12.79;12.787;12.787;345
CNYRUBF;15;20240219;224500;12.789;12.789;12.789;12.789;2
CNYRUBF;15;20240219;230000;12.789;12.789;12.787;12.787;99
CNYRUBF;15;20240219;231500;12.787;12.787;12.787;12.787;10
CNYRUBF;15;20240219;233000;12.789;12.79;12.787;12.787;780
CNYRUBF;15;20240219;234500;12.79;12.79;12.79;12.79;213
CNYRUBF;15;20240220;090000;12.79;12.823;12.79;12.803;53199
CNYRUBF;15;20240220;091500;12.801;12.808;12.8;12.803;6369
CNYRUBF;15;20240220;093000;12.803;12.807;12.799;12.802;16430
CNYRUBF;15;20240220;094500;12.803;12.804;12.787;12.798;22398
CNYRUBF;15;20240220;100000;12.8;12.804;12.782;12.8;9757
CNYRUBF;15;20240220;101500;12.801;12.804;12.796;12.796;29120
CNYRUBF;15;20240220;103000;12.796;12.796;12.784;12.788;30914
CNYRUBF;15;20240220;104500;12.787;12.801;12.782;12.798;25459
CNYRUBF;15;20240220;110000;12.798;12.803;12.784;12.803;41759
CNYRUBF;15;20240220;111500;12.803;12.807;12.799;12.804;17619
CNYRUBF;15;20240220;113000;12.805;12.81;12.803;12.807;22768
CNYRUBF;15;20240220;114500;12.809;12.815;12.794;12.803;36464
CNYRUBF;15;20240220;120000;12.801;12.809;12.788;12.788;8389
CNYRUBF;15;20240220;121500;12.788;12.79;12.785;12.788;2216
CNYRUBF;15;20240220;123000;12.789;12.815;12.787;12.81;20953
CNYRUBF;15;20240220;124500;12.811;12.812;12.804;12.804;4576
CNYRUBF;15;20240220;130000;12.806;12.811;12.802;12.81;4326
CNYRUBF;15;20240220;131500;12.808;12.808;12.805;12.805;574
CNYRUBF;15;20240220;133000;12.805;12.822;12.803;12.819;6562
CNYRUBF;15;20240220;134500;12.819;12.828;12.815;12.828;4126
CNYRUBF;15;20240220;140000;12.827;12.827;12.816;12.82;2147
CNYRUBF;15;20240220;141500;12.82;12.825;12.819;12.82;5376
CNYRUBF;15;20240220;143000;12.82;12.821;12.817;12.818;4650
CNYRUBF;15;20240220;144500;12.818;12.819;12.812;12.814;2261
CNYRUBF;15;20240220;150000;12.813;12.816;12.811;12.812;515
CNYRUBF;15;20240220;151500;12.813;12.814;12.793;12.798;16520
CNYRUBF;15;20240220;153000;12.801;12.814;12.801;12.806;2938
CNYRUBF;15;20240220;154500;12.803;12.807;12.803;12.804;874
CNYRUBF;15;20240220;160000;12.808;12.814;12.802;12.809;725
CNYRUBF;15;20240220;161500;12.808;12.812;12.808;12.811;337
CNYRUBF;15;20240220;163000;12.812;12.819;12.812;12.814;916
CNYRUBF;15;20240220;164500;12.817;12.819;12.812;12.812;730
CNYRUBF;15;20240220;170000;12.811;12.811;12.805;12.806;582
CNYRUBF;15;20240220;171500;12.807;12.809;12.806;12.807;1227
CNYRUBF;15;20240220;173000;12.805;12.807;12.803;12.803;1381
CNYRUBF;15;20240220;174500;12.806;12.817;12.805;12.811;3406
CNYRUBF;15;20240220;180000;12.812;12.814;12.811;12.812;5887
CNYRUBF;15;20240220;181500;12.812;12.814;12.809;12.812;3837
CNYRUBF;15;20240220;183000;12.812;12.812;12.803;12.81;656
CNYRUBF;15;20240220;184500;12.809;12.811;12.808;12.811;123
CNYRUBF;15;20240220;190000;12.813;12.815;12.808;12.808;209
CNYRUBF;15;20240220;191500;12.807;12.808;12.805;12.805;56
CNYRUBF;15;20240220;193000;12.805;12.807;12.794;12.798;4923
CNYRUBF;15;20240220;194500;12.798;12.8;12.792;12.8;2982
CNYRUBF;15;20240220;200000;12.8;12.8;12.795;12.798;2471
CNYRUBF;15;20240220;201500;12.798;12.799;12.796;12.796;1672
CNYRUBF;15;20240220;203000;12.796;12.796;12.786;12.788;4477
CNYRUBF;15;20240220;204500;12.789;12.794;12.788;12.793;91
CNYRUBF;15;20240220;210000;12.793;12.798;12.793;12.795;28
CNYRUBF;15;20240220;211500;12.796;12.798;12.795;12.795;421
CNYRUBF;15;20240220;213000;12.795;12.797;12.793;12.794;141
CNYRUBF;15;20240220;214500;12.794;12.797;12.794;12.797;116
CNYRUBF;15;20240220;220000;12.797;12.799;12.792;12.798;1870
CNYRUBF;15;20240220;221500;12.799;12.799;12.796;12.797;466
CNYRUBF;15;20240220;223000;12.797;12.799;12.795;12.795;126
CNYRUBF;15;20240220;224500;12.795;12.799;12.79;12.791;1446
CNYRUBF;15;20240220;230000;12.791;12.797;12.79;12.792;416
CNYRUBF;15;20240220;231500;12.795;12.799;12.794;12.799;4024
CNYRUBF;15;20240220;233000;12.796;12.799;12.796;12.798;2547
CNYRUBF;15;20240220;234500;12.799;12.799;12.798;12.799;347
CNYRUBF;15;20240221;090000;12.8;12.81;12.799;12.81;33533
CNYRUBF;15;20240221;091500;12.81;12.813;12.809;12.811;2241
CNYRUBF;15;20240221;093000;12.811;12.816;12.811;12.813;1995
CNYRUBF;15;20240221;094500;12.813;12.814;12.809;12.813;4694
CNYRUBF;15;20240221;100000;12.813;12.836;12.812;12.821;6875
CNYRUBF;15;20240221;101500;12.82;12.823;12.802;12.808;4720
CNYRUBF;15;20240221;103000;12.807;12.818;12.801;12.818;4937
CNYRUBF;15;20240221;104500;12.818;12.818;12.804;12.807;9648
CNYRUBF;15;20240221;110000;12.809;12.819;12.807;12.815;15596
CNYRUBF;15;20240221;111500;12.815;12.824;12.81;12.814;41505
CNYRUBF;15;20240221;113000;12.813;12.822;12.805;12.815;13434
CNYRUBF;15;20240221;114500;12.818;12.821;12.814;12.818;6652
CNYRUBF;15;20240221;120000;12.82;12.826;12.819;12.819;10646
CNYRUBF;15;20240221;121500;12.82;12.827;12.82;12.824;4010
CNYRUBF;15;20240221;123000;12.822;12.822;12.812;12.814;10610
CNYRUBF;15;20240221;124500;12.813;12.816;12.812;12.812;6527
CNYRUBF;15;20240221;130000;12.812;12.817;12.81;12.814;18360
CNYRUBF;15;20240221;131500;12.815;12.817;12.811;12.815;3784
CNYRUBF;15;20240221;133000;12.814;12.818;12.813;12.815;23748
CNYRUBF;15;20240221;134500;12.814;12.819;12.812;12.819;17687
CNYRUBF;15;20240221;140000;12.817;12.819;12.815;12.816;3353
CNYRUBF;15;20240221;141500;12.817;12.817;12.814;12.815;5394
CNYRUBF;15;20240221;143000;12.815;12.816;12.81;12.814;25163
CNYRUBF;15;20240221;144500;12.812;12.817;12.81;12.811;38055
CNYRUBF;15;20240221;150000;12.811;12.815;12.81;12.811;21037
CNYRUBF;15;20240221;151500;12.811;12.814;12.795;12.795;32473
CNYRUBF;15;20240221;153000;12.794;12.796;12.781;12.783;43671
CNYRUBF;15;20240221;154500;12.783;12.798;12.781;12.798;40172
CNYRUBF;15;20240221;160000;12.799;12.803;12.797;12.8;10871
CNYRUBF;15;20240221;161500;12.798;12.808;12.798;12.806;3586
CNYRUBF;15;20240221;163000;12.807;12.812;12.805;12.812;14441
CNYRUBF;15;20240221;164500;12.812;12.815;12.807;12.809;6062
CNYRUBF;15;20240221;170000;12.809;12.812;12.789;12.792;60211
CNYRUBF;15;20240221;171500;12.792;12.8;12.789;12.797;3744
CNYRUBF;15;20240221;173000;12.797;12.801;12.793;12.797;23996
CNYRUBF;15;20240221;174500;12.795;12.8;12.793;12.794;32784
CNYRUBF;15;20240221;180000;12.795;12.796;12.79;12.79;18397
CNYRUBF;15;20240221;181500;12.79;12.798;12.789;12.797;29198
CNYRUBF;15;20240221;183000;12.797;12.811;12.797;12.811;17869
CNYRUBF;15;20240221;184500;12.811;12.815;12.811;12.812;8971
CNYRUBF;15;20240221;190000;12.816;12.821;12.814;12.816;868
CNYRUBF;15;20240221;191500;12.816;12.817;12.807;12.808;877
CNYRUBF;15;20240221;193000;12.811;12.814;12.81;12.813;1001
CNYRUBF;15;20240221;194500;12.81;12.814;12.809;12.811;187
CNYRUBF;15;20240221;200000;12.814;12.817;12.81;12.812;1049
CNYRUBF;15;20240221;201500;12.811;12.816;12.806;12.816;845
CNYRUBF;15;20240221;203000;12.815;12.816;12.811;12.816;132
CNYRUBF;15;20240221;204500;12.816;12.817;12.815;12.816;20
CNYRUBF;15;20240221;210000;12.816;12.817;12.815;12.816;159
CNYRUBF;15;20240221;211500;12.817;12.817;12.815;12.815;82
CNYRUBF;15;20240221;213000;12.815;12.817;12.815;12.817;1543
CNYRUBF;15;20240221;214500;12.815;12.817;12.815;12.816;485
CNYRUBF;15;20240221;220000;12.816;12.817;12.814;12.817;401
CNYRUBF;15;20240221;221500;12.816;12.817;12.815;12.815;532
CNYRUBF;15;20240221;223000;12.816;12.816;12.813;12.813;89
CNYRUBF;15;20240221;224500;12.814;12.814;12.811;12.814;24
CNYRUBF;15;20240221;230000;12.813;12.813;12.807;12.808;132
CNYRUBF;15;20240221;231500;12.809;12.812;12.809;12.812;193
CNYRUBF;15;20240221;233000;12.813;12.817;12.813;12.817;408
CNYRUBF;15;20240221;234500;12.817;12.817;12.814;12.817;318
CNYRUBF;15;20240222;090000;12.817;12.817;12.812;12.815;3091
CNYRUBF;15;20240222;091500;12.814;12.814;12.802;12.805;1811
CNYRUBF;15;20240222;093000;12.805;12.806;12.77;12.777;6688
CNYRUBF;15;20240222;094500;12.777;12.783;12.764;12.778;15952
CNYRUBF;15;20240222;100000;12.78;12.78;12.754;12.774;37365
CNYRUBF;15;20240222;101500;12.773;12.774;12.76;12.77;26626
CNYRUBF;15;20240222;103000;12.77;12.785;12.767;12.78;19024
CNYRUBF;15;20240222;104500;12.783;12.787;12.778;12.787;5484
CNYRUBF;15;20240222;110000;12.786;12.802;12.784;12.801;7883
CNYRUBF;15;20240222;111500;12.801;12.805;12.797;12.8;13963
CNYRUBF;15;20240222;113000;12.8;12.817;12.8;12.816;24331
CNYRUBF;15;20240222;114500;12.818;12.832;12.815;12.819;41612
CNYRUBF;15;20240222;120000;12.817;12.828;12.813;12.817;28489
CNYRUBF;15;20240222;121500;12.817;12.817;12.802;12.808;47536
CNYRUBF;15;20240222;123000;12.809;12.826;12.807;12.82;19469
CNYRUBF;15;20240222;124500;12.819;12.827;12.817;12.824;24388
CNYRUBF;15;20240222;130000;12.824;12.847;12.824;12.832;76970
CNYRUBF;15;20240222;131500;12.832;12.846;12.829;12.835;12553
CNYRUBF;15;20240222;133000;12.837;12.841;12.822;12.827;17854
CNYRUBF;15;20240222;134500;12.826;12.828;12.807;12.816;10110
CNYRUBF;15;20240222;140000;12.812;12.815;12.794;12.796;12008
CNYRUBF;15;20240222;141500;12.796;12.809;12.789;12.794;11304
CNYRUBF;15;20240222;143000;12.794;12.803;12.788;12.799;15778
CNYRUBF;15;20240222;144500;12.798;12.82;12.795;12.813;11004
CNYRUBF;15;20240222;150000;12.811;12.813;12.79;12.791;28147
CNYRUBF;15;20240222;151500;12.793;12.794;12.775;12.781;17491
CNYRUBF;15;20240222;153000;12.78;12.791;12.771;12.782;12647
CNYRUBF;15;20240222;154500;12.782;12.79;12.774;12.775;30110
CNYRUBF;15;20240222;160000;12.775;12.775;12.738;12.738;31099
CNYRUBF;15;20240222;161500;12.738;12.789;12.738;12.773;46240
CNYRUBF;15;20240222;163000;12.773;12.787;12.759;12.779;15477
CNYRUBF;15;20240222;164500;12.779;12.816;12.779;12.795;20682
CNYRUBF;15;20240222;170000;12.796;12.818;12.79;12.808;13303
CNYRUBF;15;20240222;171500;12.811;12.818;12.787;12.789;92972
CNYRUBF;15;20240222;173000;12.79;12.792;12.763;12.792;80136
CNYRUBF;15;20240222;174500;12.793;12.823;12.79;12.817;23504
CNYRUBF;15;20240222;180000;12.815;12.818;12.806;12.811;13926
CNYRUBF;15;20240222;181500;12.811;12.817;12.806;12.81;9414
CNYRUBF;15;20240222;183000;12.81;12.829;12.809;12.825;14123
CNYRUBF;15;20240222;184500;12.825;12.826;12.822;12.826;559
CNYRUBF;15;20240222;190000;12.829;12.831;12.817;12.826;1618
CNYRUBF;15;20240222;191500;12.829;12.858;12.827;12.85;3034
CNYRUBF;15;20240222;193000;12.85;12.887;12.816;12.872;5586
CNYRUBF;15;20240222;194500;12.872;12.883;12.855;12.864;16945
CNYRUBF;15;20240222;200000;12.863;12.883;12.857;12.873;4476
CNYRUBF;15;20240222;201500;12.873;12.878;12.861;12.87;3602
CNYRUBF;15;20240222;203000;12.871;12.88;12.865;12.875;2499
CNYRUBF;15;20240222;204500;12.875;12.875;12.859;12.86;1352
CNYRUBF;15;20240222;210000;12.86;12.865;12.851;12.86;1970
CNYRUBF;15;20240222;211500;12.863;12.869;12.861;12.865;2095
CNYRUBF;15;20240222;213000;12.867;12.87;12.864;12.868;1883
CNYRUBF;15;20240222;214500;12.869;12.873;12.861;12.873;3626
CNYRUBF;15;20240222;220000;12.87;12.882;12.869;12.876;3487
CNYRUBF;15;20240222;221500;12.875;12.883;12.869;12.877;2363
CNYRUBF;15;20240222;223000;12.872;12.877;12.863;12.868;2301
CNYRUBF;15;20240222;224500;12.867;12.876;12.865;12.871;1887
CNYRUBF;15;20240222;230000;12.87;12.87;12.86;12.86;2309
CNYRUBF;15;20240222;231500;12.861;12.868;12.861;12.868;716
CNYRUBF;15;20240222;233000;12.869;12.876;12.868;12.875;4938
CNYRUBF;15;20240222;234500;12.876;12.876;12.871;12.875;8828
CNYRUBF;15;20240226;090000;12.87;12.87;12.836;12.851;17226
CNYRUBF;15;20240226;091500;12.85;12.857;12.841;12.857;4068
CNYRUBF;15;20240226;093000;12.858;12.858;12.849;12.85;1663
CNYRUBF;15;20240226;094500;12.85;12.85;12.822;12.822;2810
CNYRUBF;15;20240226;100000;12.823;12.824;12.802;12.803;6303
CNYRUBF;15;20240226;101500;12.805;12.817;12.803;12.814;3727
CNYRUBF;15;20240226;103000;12.817;12.817;12.8;12.807;14865
CNYRUBF;15;20240226;104500;12.806;12.814;12.804;12.81;2960
CNYRUBF;15;20240226;110000;12.81;12.843;12.81;12.841;8114
CNYRUBF;15;20240226;111500;12.838;12.839;12.808;12.813;4861
CNYRUBF;15;20240226;113000;12.815;12.82;12.81;12.812;4950
CNYRUBF;15;20240226;114500;12.812;12.817;12.811;12.815;2891
CNYRUBF;15;20240226;120000;12.816;12.82;12.811;12.814;1161
CNYRUBF;15;20240226;121500;12.814;12.82;12.8;12.804;6936
CNYRUBF;15;20240226;123000;12.804;12.807;12.79;12.805;7218
CNYRUBF;15;20240226;124500;12.805;12.806;12.8;12.803;1079
CNYRUBF;15;20240226;130000;12.802;12.804;12.78;12.781;9287
CNYRUBF;15;20240226;131500;12.781;12.781;12.738;12.753;17964
CNYRUBF;15;20240226;133000;12.753;12.764;12.74;12.748;16676
CNYRUBF;15;20240226;134500;12.748;12.77;12.741;12.767;7313
CNYRUBF;15;20240226;140000;12.768;12.769;12.754;12.755;3413
CNYRUBF;15;20240226;141500;12.757;12.758;12.741;12.749;5682
CNYRUBF;15;20240226;143000;12.749;12.767;12.747;12.755;6754
CNYRUBF;15;20240226;144500;12.757;12.759;12.749;12.754;6888
CNYRUBF;15;20240226;150000;12.754;12.774;12.742;12.753;27421
CNYRUBF;15;20240226;151500;12.751;12.755;12.738;12.745;3887
CNYRUBF;15;20240226;153000;12.742;12.759;12.736;12.741;13395
CNYRUBF;15;20240226;154500;12.741;12.742;12.725;12.733;49324
CNYRUBF;15;20240226;160000;12.732;12.752;12.724;12.751;34884
CNYRUBF;15;20240226;161500;12.752;12.754;12.741;12.748;14456
CNYRUBF;15;20240226;163000;12.751;12.751;12.734;12.734;19464
CNYRUBF;15;20240226;164500;12.735;12.748;12.727;12.748;14615
CNYRUBF;15;20240226;170000;12.747;12.747;12.74;12.746;2843
CNYRUBF;15;20240226;171500;12.745;12.748;12.74;12.743;593
CNYRUBF;15;20240226;173000;12.742;12.742;12.713;12.727;3174
CNYRUBF;15;20240226;174500;12.728;12.737;12.72;12.733;4083
CNYRUBF;15;20240226;180000;12.736;12.77;12.735;12.769;8495
CNYRUBF;15;20240226;181500;12.769;12.78;12.765;12.775;6052
CNYRUBF;15;20240226;183000;12.776;12.776;12.759;12.76;2267
CNYRUBF;15;20240226;184500;12.76;12.764;12.759;12.764;292
CNYRUBF;15;20240226;190000;12.763;12.769;12.762;12.769;541
CNYRUBF;15;20240226;191500;12.769;12.769;12.76;12.76;1740
CNYRUBF;15;20240226;193000;12.761;12.761;12.753;12.757;106
CNYRUBF;15;20240226;194500;12.758;12.76;12.751;12.756;1050
CNYRUBF;15;20240226;200000;12.756;12.758;12.756;12.757;2805
CNYRUBF;15;20240226;201500;12.757;12.76;12.757;12.757;27
CNYRUBF;15;20240226;203000;12.756;12.759;12.755;12.755;123
CNYRUBF;15;20240226;204500;12.758;12.762;12.755;12.762;35
CNYRUBF;15;20240226;210000;12.758;12.761;12.758;12.758;64
CNYRUBF;15;20240226;211500;12.762;12.762;12.752;12.756;278
CNYRUBF;15;20240226;213000;12.753;12.755;12.751;12.755;16
CNYRUBF;15;20240226;214500;12.755;12.758;12.753;12.757;38
CNYRUBF;15;20240226;220000;12.755;12.755;12.751;12.755;312
CNYRUBF;15;20240226;221500;12.754;12.759;12.753;12.759;458
CNYRUBF;15;20240226;223000;12.76;12.761;12.76;12.76;95
CNYRUBF;15;20240226;224500;12.763;12.763;12.763;12.763;4
CNYRUBF;15;20240226;230000;12.764;12.765;12.762;12.764;35
CNYRUBF;15;20240226;231500;12.763;12.763;12.763;12.763;21
CNYRUBF;15;20240226;233000;12.76;12.763;12.76;12.763;10
CNYRUBF;15;20240226;234500;12.76;12.76;12.756;12.756;5
CNYRUBF;15;20240227;090000;12.771;12.775;12.758;12.761;3567
CNYRUBF;15;20240227;091500;12.761;12.769;12.732;12.732;2653
CNYRUBF;15;20240227;093000;12.731;12.746;12.721;12.742;3537
CNYRUBF;15;20240227;094500;12.743;12.743;12.723;12.728;2273
CNYRUBF;15;20240227;100000;12.729;12.732;12.708;12.722;5447
CNYRUBF;15;20240227;101500;12.722;12.742;12.722;12.734;3999
CNYRUBF;15;20240227;103000;12.735;12.757;12.734;12.742;4678
CNYRUBF;15;20240227;104500;12.745;12.759;12.744;12.744;1202
CNYRUBF;15;20240227;110000;12.746;12.755;12.736;12.748;1873
CNYRUBF;15;20240227;111500;12.746;12.747;12.74;12.741;1220
CNYRUBF;15;20240227;113000;12.742;12.744;12.737;12.742;3454
CNYRUBF;15;20240227;114500;12.742;12.751;12.741;12.749;783
CNYRUBF;15;20240227;120000;12.749;12.754;12.743;12.743;5653
CNYRUBF;15;20240227;121500;12.742;12.742;12.736;12.738;4016
CNYRUBF;15;20240227;123000;12.738;12.742;12.737;12.737;6165
CNYRUBF;15;20240227;124500;12.738;12.745;12.738;12.739;6073
CNYRUBF;15;20240227;130000;12.738;12.753;12.735;12.742;13283
CNYRUBF;15;20240227;131500;12.741;12.741;12.737;12.74;2013
CNYRUBF;15;20240227;133000;12.739;12.752;12.739;12.75;1153
CNYRUBF;15;20240227;134500;12.751;12.752;12.743;12.748;1382
CNYRUBF;15;20240227;140000;12.746;12.75;12.743;12.749;842
CNYRUBF;15;20240227;141500;12.749;12.75;12.745;12.747;328
CNYRUBF;15;20240227;143000;12.747;12.749;12.743;12.746;656
CNYRUBF;15;20240227;144500;12.746;12.764;12.746;12.759;2221
CNYRUBF;15;20240227;150000;12.76;12.768;12.756;12.765;6657
CNYRUBF;15;20240227;151500;12.764;12.777;12.762;12.774;2503
CNYRUBF;15;20240227;153000;12.773;12.777;12.765;12.766;5744
CNYRUBF;15;20240227;154500;12.765;12.786;12.765;12.78;3618
CNYRUBF;15;20240227;160000;12.78;12.795;12.776;12.78;17456
CNYRUBF;15;20240227;161500;12.781;12.783;12.771;12.772;4936
CNYRUBF;15;20240227;163000;12.772;12.773;12.763;12.767;6206
CNYRUBF;15;20240227;164500;12.769;12.772;12.764;12.77;1576
CNYRUBF;15;20240227;170000;12.77;12.771;12.753;12.754;3285
CNYRUBF;15;20240227;171500;12.753;12.757;12.747;12.754;5751
CNYRUBF;15;20240227;173000;12.752;12.777;12.752;12.762;3587
CNYRUBF;15;20240227;174500;12.761;12.761;12.75;12.757;1279
CNYRUBF;15;20240227;180000;12.757;12.759;12.749;12.75;1960
CNYRUBF;15;20240227;181500;12.748;12.753;12.746;12.746;763
CNYRUBF;15;20240227;183000;12.746;12.749;12.741;12.746;2289
CNYRUBF;15;20240227;184500;12.748;12.748;12.741;12.741;381
CNYRUBF;15;20240227;190000;12.741;12.746;12.741;12.746;583
CNYRUBF;15;20240227;191500;12.746;12.754;12.746;12.753;1439
CNYRUBF;15;20240227;193000;12.752;12.755;12.749;12.75;765
CNYRUBF;15;20240227;194500;12.75;12.75;12.746;12.746;52
CNYRUBF;15;20240227;200000;12.745;12.745;12.741;12.741;253
CNYRUBF;15;20240227;201500;12.741;12.743;12.741;12.743;208
CNYRUBF;15;20240227;203000;12.743;12.748;12.743;12.746;142
CNYRUBF;15;20240227;204500;12.748;12.753;12.745;12.751;298
CNYRUBF;15;20240227;210000;12.749;12.754;12.746;12.754;466
CNYRUBF;15;20240227;211500;12.749;12.752;12.749;12.752;71
CNYRUBF;15;20240227;213000;12.752;12.755;12.752;12.755;708
CNYRUBF;15;20240227;214500;12.755;12.755;12.749;12.751;107
CNYRUBF;15;20240227;220000;12.749;12.752;12.747;12.748;287
CNYRUBF;15;20240227;221500;12.747;12.75;12.746;12.746;31
CNYRUBF;15;20240227;223000;12.746;12.747;12.745;12.745;19
CNYRUBF;15;20240227;224500;12.745;12.745;12.743;12.743;34
CNYRUBF;15;20240227;230000;12.743;12.746;12.741;12.746;356
CNYRUBF;15;20240227;231500;12.745;12.747;12.745;12.747;109
CNYRUBF;15;20240227;233000;12.748;12.749;12.742;12.743;33
CNYRUBF;15;20240227;234500;12.742;12.742;12.742;12.742;30
CNYRUBF;15;20240228;090000;12.755;12.757;12.748;12.756;455
CNYRUBF;15;20240228;091500;12.754;12.756;12.753;12.756;314
CNYRUBF;15;20240228;093000;12.756;12.756;12.745;12.745;421
CNYRUBF;15;20240228;094500;12.745;12.745;12.732;12.741;3677
CNYRUBF;15;20240228;100000;12.74;12.749;12.74;12.749;972
CNYRUBF;15;20240228;101500;12.747;12.747;12.722;12.738;4447
CNYRUBF;15;20240228;103000;12.738;12.739;12.73;12.738;867
CNYRUBF;15;20240228;104500;12.737;12.745;12.73;12.745;5623
CNYRUBF;15;20240228;110000;12.746;12.753;12.737;12.74;4528
CNYRUBF;15;20240228;111500;12.74;12.753;12.74;12.746;5082
CNYRUBF;15;20240228;113000;12.748;12.749;12.741;12.745;1147
CNYRUBF;15;20240228;114500;12.746;12.75;12.745;12.745;940
CNYRUBF;15;20240228;120000;12.746;12.751;12.744;12.749;1789
CNYRUBF;15;20240228;121500;12.75;12.751;12.737;12.743;5615
CNYRUBF;15;20240228;123000;12.743;12.744;12.736;12.738;725
CNYRUBF;15;20240228;124500;12.737;12.741;12.735;12.741;449
CNYRUBF;15;20240228;130000;12.737;12.738;12.726;12.728;4683
CNYRUBF;15;20240228;131500;12.728;12.729;12.701;12.702;12204
CNYRUBF;15;20240228;133000;12.701;12.702;12.675;12.68;19406
CNYRUBF;15;20240228;134500;12.68;12.695;12.68;12.685;12125
CNYRUBF;15;20240228;140000;12.689;12.698;12.68;12.694;13115
CNYRUBF;15;20240228;141500;12.693;12.694;12.667;12.675;19656
CNYRUBF;15;20240228;143000;12.674;12.676;12.659;12.673;18326
CNYRUBF;15;20240228;144500;12.672;12.693;12.672;12.688;18637
CNYRUBF;15;20240228;150000;12.689;12.694;12.684;12.689;6798
CNYRUBF;15;20240228;151500;12.691;12.691;12.665;12.671;6325
CNYRUBF;15;20240228;153000;12.671;12.688;12.669;12.681;9181
CNYRUBF;15;20240228;154500;12.684;12.685;12.665;12.667;4712
CNYRUBF;15;20240228;160000;12.666;12.666;12.65;12.657;9551
CNYRUBF;15;20240228;161500;12.657;12.664;12.655;12.664;1956
CNYRUBF;15;20240228;163000;12.664;12.664;12.638;12.65;4317
CNYRUBF;15;20240228;164500;12.649;12.652;12.645;12.646;2799
CNYRUBF;15;20240228;170000;12.65;12.667;12.629;12.667;14343
CNYRUBF;15;20240228;171500;12.667;12.671;12.658;12.66;8379
CNYRUBF;15;20240228;173000;12.66;12.664;12.644;12.647;6863
CNYRUBF;15;20240228;174500;12.649;12.671;12.645;12.665;6298
CNYRUBF;15;20240228;180000;12.662;12.68;12.63;12.63;13514
CNYRUBF;15;20240228;181500;12.63;12.631;12.611;12.615;10062
CNYRUBF;15;20240228;183000;12.614;12.631;12.608;12.615;12851
CNYRUBF;15;20240228;184500;12.621;12.625;12.615;12.618;2828
CNYRUBF;15;20240228;190000;12.645;12.655;12.613;12.622;2532
CNYRUBF;15;20240228;191500;12.623;12.627;12.62;12.62;2447
CNYRUBF;15;20240228;193000;12.62;12.624;12.619;12.621;435
CNYRUBF;15;20240228;194500;12.621;12.625;12.621;12.625;295
CNYRUBF;15;20240228;200000;12.624;12.628;12.622;12.622;297
CNYRUBF;15;20240228;201500;12.624;12.626;12.619;12.619;488
CNYRUBF;15;20240228;203000;12.618;12.618;12.61;12.617;1559
CNYRUBF;15;20240228;204500;12.619;12.62;12.615;12.618;638
CNYRUBF;15;20240228;210000;12.62;12.62;12.616;12.62;207
CNYRUBF;15;20240228;211500;12.617;12.62;12.617;12.62;763
CNYRUBF;15;20240228;213000;12.618;12.621;12.618;12.621;103
CNYRUBF;15;20240228;214500;12.621;12.622;12.612;12.621;539
CNYRUBF;15;20240228;220000;12.62;12.621;12.617;12.617;222
CNYRUBF;15;20240228;221500;12.618;12.618;12.611;12.617;231
CNYRUBF;15;20240228;223000;12.617;12.617;12.611;12.617;297
CNYRUBF;15;20240228;224500;12.617;12.617;12.615;12.615;214
CNYRUBF;15;20240228;230000;12.616;12.619;12.615;12.619;41
CNYRUBF;15;20240228;231500;12.619;12.619;12.615;12.619;197
CNYRUBF;15;20240228;233000;12.619;12.63;12.615;12.615;1338
CNYRUBF;15;20240228;234500;12.619;12.619;12.618;12.619;102
CNYRUBF;15;20240229;090000;12.636;12.636;12.62;12.625;8501
CNYRUBF;15;20240229;091500;12.626;12.628;12.623;12.623;2779
CNYRUBF;15;20240229;093000;12.623;12.624;12.611;12.612;2528
CNYRUBF;15;20240229;094500;12.612;12.614;12.585;12.585;11246
CNYRUBF;15;20240229;100000;12.587;12.59;12.579;12.588;12452
CNYRUBF;15;20240229;101500;12.588;12.592;12.582;12.589;9119
CNYRUBF;15;20240229;103000;12.589;12.596;12.582;12.588;10037
CNYRUBF;15;20240229;104500;12.589;12.59;12.573;12.587;3815
CNYRUBF;15;20240229;110000;12.587;12.588;12.579;12.58;6803
CNYRUBF;15;20240229;111500;12.58;12.585;12.579;12.582;4985
CNYRUBF;15;20240229;113000;12.582;12.59;12.576;12.585;8010
CNYRUBF;15;20240229;114500;12.584;12.589;12.581;12.586;9796
CNYRUBF;15;20240229;120000;12.586;12.586;12.56;12.56;8558
CNYRUBF;15;20240229;121500;12.564;12.57;12.559;12.568;8031
CNYRUBF;15;20240229;123000;12.567;12.569;12.545;12.554;9860
CNYRUBF;15;20240229;124500;12.552;12.56;12.547;12.559;12417
CNYRUBF;15;20240229;130000;12.559;12.568;12.558;12.567;2665
CNYRUBF;15;20240229;131500;12.568;12.583;12.568;12.582;10089
CNYRUBF;15;20240229;133000;12.583;12.583;12.571;12.581;8252
CNYRUBF;15;20240229;134500;12.579;12.584;12.571;12.583;10236
CNYRUBF;15;20240229;140000;12.581;12.587;12.577;12.583;18604
CNYRUBF;15;20240229;141500;12.583;12.584;12.572;12.584;21818
CNYRUBF;15;20240229;143000;12.585;12.585;12.564;12.572;3535
CNYRUBF;15;20240229;144500;12.572;12.577;12.569;12.575;846
CNYRUBF;15;20240229;150000;12.574;12.585;12.574;12.582;4027
CNYRUBF;15;20240229;151500;12.583;12.583;12.578;12.582;5382
CNYRUBF;15;20240229;153000;12.582;12.588;12.582;12.586;11247
CNYRUBF;15;20240229;154500;12.586;12.587;12.584;12.585;8044
CNYRUBF;15;20240229;160000;12.586;12.586;12.584;12.585;4018
CNYRUBF;15;20240229;161500;12.585;12.586;12.578;12.58;8767
CNYRUBF;15;20240229;163000;12.579;12.581;12.574;12.581;7817
CNYRUBF;15;20240229;164500;12.579;12.579;12.555;12.559;13653
CNYRUBF;15;20240229;170000;12.558;12.571;12.558;12.57;3477
CNYRUBF;15;20240229;171500;12.569;12.569;12.557;12.557;2603
CNYRUBF;15;20240229;173000;12.559;12.573;12.536;12.568;12856
CNYRUBF;15;20240229;174500;12.57;12.571;12.561;12.563;3973
CNYRUBF;15;20240229;180000;12.565;12.567;12.532;12.565;8551
CNYRUBF;15;20240229;181500;12.565;12.588;12.565;12.585;7157
CNYRUBF;15;20240229;183000;12.586;12.605;12.584;12.604;4674
CNYRUBF;15;20240229;184500;12.601;12.603;12.594;12.594;911
CNYRUBF;15;20240229;190000;12.595;12.611;12.595;12.609;2115
CNYRUBF;15;20240229;191500;12.607;12.61;12.603;12.604;2256
CNYRUBF;15;20240229;193000;12.603;12.604;12.6;12.604;1184
CNYRUBF;15;20240229;194500;12.605;12.621;12.605;12.621;2712
CNYRUBF;15;20240229;200000;12.619;12.623;12.615;12.616;384
CNYRUBF;15;20240229;201500;12.614;12.615;12.612;12.613;107
CNYRUBF;15;20240229;203000;12.614;12.614;12.61;12.611;130
CNYRUBF;15;20240229;204500;12.611;12.613;12.611;12.613;415
CNYRUBF;15;20240229;210000;12.612;12.613;12.611;12.611;295
CNYRUBF;15;20240229;211500;12.613;12.615;12.613;12.615;1300
CNYRUBF;15;20240229;213000;12.614;12.615;12.61;12.61;210
CNYRUBF;15;20240229;214500;12.61;12.611;12.606;12.606;1144
CNYRUBF;15;20240229;220000;12.606;12.608;12.604;12.605;1826
CNYRUBF;15;20240229;221500;12.605;12.607;12.603;12.603;393
CNYRUBF;15;20240229;223000;12.604;12.604;12.597;12.597;147
CNYRUBF;15;20240229;224500;12.597;12.597;12.593;12.594;930
CNYRUBF;15;20240229;230000;12.594;12.599;12.594;12.597;95
CNYRUBF;15;20240229;231500;12.594;12.595;12.594;12.594;39
CNYRUBF;15;20240229;233000;12.595;12.596;12.591;12.596;727
CNYRUBF;15;20240229;234500;12.596;12.605;12.596;12.605;69
CNYRUBF;15;20240301;090000;12.624;12.63;12.617;12.629;8032
CNYRUBF;15;20240301;091500;12.629;12.635;12.623;12.635;494
CNYRUBF;15;20240301;093000;12.634;12.636;12.625;12.63;499
CNYRUBF;15;20240301;094500;12.629;12.643;12.629;12.635;934
CNYRUBF;15;20240301;100000;12.64;12.669;12.639;12.658;7952
CNYRUBF;15;20240301;101500;12.655;12.663;12.641;12.653;16979
CNYRUBF;15;20240301;103000;12.654;12.655;12.64;12.649;1809
CNYRUBF;15;20240301;104500;12.648;12.648;12.627;12.628;3633
CNYRUBF;15;20240301;110000;12.629;12.63;12.624;12.627;1993
CNYRUBF;15;20240301;111500;12.627;12.635;12.619;12.633;8404
CNYRUBF;15;20240301;113000;12.631;12.635;12.63;12.631;778
CNYRUBF;15;20240301;114500;12.633;12.633;12.627;12.63;1120
CNYRUBF;15;20240301;120000;12.627;12.636;12.627;12.636;712
CNYRUBF;15;20240301;121500;12.637;12.648;12.637;12.644;4959
CNYRUBF;15;20240301;123000;12.644;12.644;12.635;12.636;2551
CNYRUBF;15;20240301;124500;12.636;12.642;12.636;12.637;2651
CNYRUBF;15;20240301;130000;12.639;12.64;12.637;12.639;1229
CNYRUBF;15;20240301;131500;12.638;12.64;12.636;12.638;1025
CNYRUBF;15;20240301;133000;12.637;12.639;12.635;12.636;775
CNYRUBF;15;20240301;134500;12.634;12.64;12.632;12.64;261
CNYRUBF;15;20240301;140000;12.641;12.648;12.62;12.632;3289
CNYRUBF;15;20240301;141500;12.634;12.645;12.628;12.639;1819
CNYRUBF;15;20240301;143000;12.64;12.643;12.633;12.635;1857
CNYRUBF;15;20240301;144500;12.635;12.65;12.624;12.648;8411
CNYRUBF;15;20240301;150000;12.648;12.651;12.643;12.649;6112
CNYRUBF;15;20240301;151500;12.649;12.65;12.643;12.649;4662
CNYRUBF;15;20240301;153000;12.648;12.65;12.636;12.636;5793
CNYRUBF;15;20240301;154500;12.636;12.644;12.622;12.635;4036
CNYRUBF;15;20240301;160000;12.637;12.647;12.636;12.643;2596
CNYRUBF;15;20240301;161500;12.643;12.648;12.642;12.643;1449
CNYRUBF;15;20240301;163000;12.643;12.645;12.638;12.64;2558
CNYRUBF;15;20240301;164500;12.64;12.649;12.64;12.647;1773
CNYRUBF;15;20240301;170000;12.647;12.648;12.644;12.644;1704
CNYRUBF;15;20240301;171500;12.647;12.653;12.644;12.651;10563
CNYRUBF;15;20240301;173000;12.653;12.663;12.652;12.661;6466
CNYRUBF;15;20240301;174500;12.661;12.665;12.659;12.664;12053
CNYRUBF;15;20240301;180000;12.665;12.687;12.663;12.684;10311
CNYRUBF;15;20240301;181500;12.685;12.689;12.682;12.683;7515
CNYRUBF;15;20240301;183000;12.683;12.688;12.671;12.671;7637
CNYRUBF;15;20240301;184500;12.671;12.672;12.666;12.67;2284
CNYRUBF;15;20240301;190000;12.675;12.685;12.668;12.68;1894
CNYRUBF;15;20240301;191500;12.68;12.68;12.677;12.68;2195
CNYRUBF;15;20240301;193000;12.679;12.682;12.677;12.679;2066
CNYRUBF;15;20240301;194500;12.677;12.679;12.675;12.675;237
CNYRUBF;15;20240301;200000;12.675;12.678;12.675;12.678;909
CNYRUBF;15;20240301;201500;12.679;12.68;12.677;12.68;246
CNYRUBF;15;20240301;203000;12.679;12.684;12.678;12.679;1617
CNYRUBF;15;20240301;204500;12.681;12.681;12.68;12.68;32
CNYRUBF;15;20240301;210000;12.68;12.681;12.675;12.679;190
CNYRUBF;15;20240301;211500;12.677;12.678;12.676;12.676;49
CNYRUBF;15;20240301;213000;12.675;12.676;12.673;12.675;595
CNYRUBF;15;20240301;214500;12.676;12.677;12.675;12.675;408
CNYRUBF;15;20240301;220000;12.675;12.676;12.675;12.675;102
CNYRUBF;15;20240301;221500;12.675;12.676;12.675;12.675;863
CNYRUBF;15;20240301;223000;12.676;12.677;12.67;12.674;4836
CNYRUBF;15;20240301;224500;12.671;12.673;12.668;12.669;2055
CNYRUBF;15;20240301;230000;12.669;12.675;12.668;12.675;928
CNYRUBF;15;20240301;231500;12.675;12.675;12.667;12.667;517
CNYRUBF;15;20240301;233000;12.668;12.673;12.668;12.669;1132
CNYRUBF;15;20240301;234500;12.672;12.675;12.671;12.671;21
CNYRUBF;15;20240304;090000;12.685;12.688;12.664;12.675;11969
CNYRUBF;15;20240304;091500;12.675;12.675;12.665;12.668;1045
CNYRUBF;15;20240304;093000;12.666;12.674;12.665;12.67;436
CNYRUBF;15;20240304;094500;12.67;12.67;12.666;12.669;957
CNYRUBF;15;20240304;100000;12.668;12.671;12.641;12.65;12496
CNYRUBF;15;20240304;101500;12.65;12.656;12.645;12.65;4166
CNYRUBF;15;20240304;103000;12.65;12.653;12.638;12.651;6098
CNYRUBF;15;20240304;104500;12.648;12.65;12.638;12.649;1434
CNYRUBF;15;20240304;110000;12.648;12.649;12.643;12.647;1119
CNYRUBF;15;20240304;111500;12.647;12.657;12.643;12.653;7630
CNYRUBF;15;20240304;113000;12.653;12.664;12.652;12.659;46426
CNYRUBF;15;20240304;114500;12.659;12.664;12.659;12.659;24227
CNYRUBF;15;20240304;120000;12.66;12.663;12.653;12.663;31538
CNYRUBF;15;20240304;121500;12.661;12.662;12.659;12.659;1023
CNYRUBF;15;20240304;123000;12.657;12.659;12.655;12.659;2849
CNYRUBF;15;20240304;124500;12.657;12.658;12.655;12.655;329
CNYRUBF;15;20240304;130000;12.657;12.661;12.645;12.659;59734
CNYRUBF;15;20240304;131500;12.659;12.66;12.657;12.658;8976
CNYRUBF;15;20240304;133000;12.658;12.661;12.656;12.658;2863
CNYRUBF;15;20240304;134500;12.658;12.671;12.657;12.671;9236
CNYRUBF;15;20240304;140000;12.667;12.67;12.66;12.661;2462
CNYRUBF;15;20240304;141500;12.659;12.66;12.655;12.657;6253
CNYRUBF;15;20240304;143000;12.656;12.659;12.655;12.656;5833
CNYRUBF;15;20240304;144500;12.656;12.662;12.647;12.654;19717
CNYRUBF;15;20240304;150000;12.654;12.667;12.651;12.655;7842
CNYRUBF;15;20240304;151500;12.657;12.662;12.655;12.659;1768
CNYRUBF;15;20240304;153000;12.658;12.659;12.648;12.657;5501
CNYRUBF;15;20240304;154500;12.657;12.664;12.655;12.662;7761
CNYRUBF;15;20240304;160000;12.659;12.669;12.655;12.668;10770
CNYRUBF;15;20240304;161500;12.669;12.673;12.659;12.662;6879
CNYRUBF;15;20240304;163000;12.661;12.67;12.66;12.667;3590
CNYRUBF;15;20240304;164500;12.668;12.673;12.664;12.664;9629
CNYRUBF;15;20240304;170000;12.664;12.666;12.659;12.665;388
CNYRUBF;15;20240304;171500;12.665;12.665;12.656;12.66;6753
CNYRUBF;15;20240304;173000;12.66;12.663;12.652;12.657;10660
CNYRUBF;15;20240304;174500;12.656;12.662;12.648;12.655;7247
CNYRUBF;15;20240304;180000;12.653;12.665;12.643;12.663;3216
CNYRUBF;15;20240304;181500;12.663;12.669;12.661;12.664;3659
CNYRUBF;15;20240304;183000;12.664;12.667;12.659;12.66;3066
CNYRUBF;15;20240304;184500;12.657;12.658;12.655;12.658;467
CNYRUBF;15;20240304;190000;12.655;12.659;12.652;12.655;313
CNYRUBF;15;20240304;191500;12.658;12.658;12.642;12.642;1158
CNYRUBF;15;20240304;193000;12.643;12.648;12.619;12.627;5723
CNYRUBF;15;20240304;194500;12.627;12.628;12.621;12.628;1323
CNYRUBF;15;20240304;200000;12.626;12.626;12.615;12.621;3229
CNYRUBF;15;20240304;201500;12.621;12.623;12.607;12.609;3410
CNYRUBF;15;20240304;203000;12.608;12.619;12.604;12.61;2300
CNYRUBF;15;20240304;204500;12.611;12.619;12.609;12.612;1561
CNYRUBF;15;20240304;210000;12.615;12.621;12.615;12.621;801
CNYRUBF;15;20240304;211500;12.62;12.624;12.619;12.624;176
CNYRUBF;15;20240304;213000;12.625;12.625;12.617;12.617;1420
CNYRUBF;15;20240304;214500;12.618;12.623;12.616;12.617;1262
CNYRUBF;15;20240304;220000;12.617;12.624;12.616;12.624;581
CNYRUBF;15;20240304;221500;12.62;12.62;12.615;12.616;517
CNYRUBF;15;20240304;223000;12.617;12.619;12.615;12.619;72
CNYRUBF;15;20240304;224500;12.619;12.628;12.619;12.628;654
CNYRUBF;15;20240304;230000;12.627;12.629;12.622;12.629;471
CNYRUBF;15;20240304;231500;12.623;12.625;12.623;12.624;23
CNYRUBF;15;20240304;233000;12.621;12.624;12.62;12.62;64
CNYRUBF;15;20240304;234500;12.625;12.625;12.617;12.617;36
CNYRUBF;15;20240305;090000;12.642;12.653;12.639;12.651;7344
CNYRUBF;15;20240305;091500;12.652;12.657;12.648;12.655;1670
CNYRUBF;15;20240305;093000;12.656;12.656;12.655;12.656;553
CNYRUBF;15;20240305;094500;12.656;12.659;12.656;12.658;2112
CNYRUBF;15;20240305;100000;12.657;12.658;12.643;12.648;2133
CNYRUBF;15;20240305;101500;12.648;12.651;12.642;12.649;3335
CNYRUBF;15;20240305;103000;12.65;12.653;12.644;12.647;1221
CNYRUBF;15;20240305;104500;12.646;12.648;12.64;12.641;7060
CNYRUBF;15;20240305;110000;12.641;12.646;12.628;12.641;9356
CNYRUBF;15;20240305;111500;12.643;12.646;12.638;12.642;867
CNYRUBF;15;20240305;113000;12.642;12.643;12.638;12.639;4958
CNYRUBF;15;20240305;114500;12.64;12.644;12.637;12.639;5791
CNYRUBF;15;20240305;120000;12.637;12.639;12.63;12.637;3071
CNYRUBF;15;20240305;121500;12.637;12.641;12.634;12.641;1574
CNYRUBF;15;20240305;123000;12.642;12.646;12.638;12.645;4103
CNYRUBF;15;20240305;124500;12.644;12.645;12.638;12.638;4026
CNYRUBF;15;20240305;130000;12.637;12.638;12.617;12.622;2086
CNYRUBF;15;20240305;131500;12.617;12.625;12.609;12.613;2772
CNYRUBF;15;20240305;133000;12.613;12.616;12.593;12.597;3158
CNYRUBF;15;20240305;134500;12.597;12.61;12.597;12.602;3297
CNYRUBF;15;20240305;140000;12.601;12.602;12.586;12.592;3237
CNYRUBF;15;20240305;141500;12.592;12.593;12.589;12.59;4018
CNYRUBF;15;20240305;143000;12.59;12.598;12.589;12.597;4790
CNYRUBF;15;20240305;144500;12.599;12.6;12.595;12.599;1642
CNYRUBF;15;20240305;150000;12.6;12.601;12.586;12.586;3401
CNYRUBF;15;20240305;151500;12.588;12.591;12.571;12.574;11290
CNYRUBF;15;20240305;153000;12.574;12.586;12.564;12.569;11183
CNYRUBF;15;20240305;154500;12.57;12.578;12.567;12.568;2329
CNYRUBF;15;20240305;160000;12.569;12.589;12.567;12.589;2832
CNYRUBF;15;20240305;161500;12.59;12.592;12.577;12.577;1910
CNYRUBF;15;20240305;163000;12.577;12.599;12.574;12.595;11380
CNYRUBF;15;20240305;164500;12.594;12.6;12.591;12.594;2099
CNYRUBF;15;20240305;170000;12.592;12.598;12.58;12.594;1221
CNYRUBF;15;20240305;171500;12.592;12.596;12.583;12.586;1948
CNYRUBF;15;20240305;173000;12.586;12.59;12.584;12.585;1512
CNYRUBF;15;20240305;174500;12.585;12.591;12.579;12.582;1189
CNYRUBF;15;20240305;180000;12.578;12.581;12.567;12.567;1999
CNYRUBF;15;20240305;181500;12.567;12.583;12.564;12.57;7176
CNYRUBF;15;20240305;183000;12.572;12.572;12.555;12.56;5949
CNYRUBF;15;20240305;184500;12.56;12.572;12.56;12.567;588
CNYRUBF;15;20240305;190000;12.565;12.565;12.543;12.552;4749
CNYRUBF;15;20240305;191500;12.552;12.552;12.543;12.551;3905
CNYRUBF;15;20240305;193000;12.551;12.553;12.551;12.552;538
CNYRUBF;15;20240305;194500;12.553;12.556;12.552;12.556;986
CNYRUBF;15;20240305;200000;12.554;12.559;12.554;12.559;1006
CNYRUBF;15;20240305;201500;12.558;12.56;12.557;12.56;1708
CNYRUBF;15;20240305;203000;12.556;12.559;12.556;12.558;89
CNYRUBF;15;20240305;204500;12.559;12.562;12.558;12.561;92
CNYRUBF;15;20240305;210000;12.561;12.562;12.56;12.56;91
CNYRUBF;15;20240305;211500;12.561;12.562;12.561;12.562;82
CNYRUBF;15;20240305;213000;12.562;12.565;12.561;12.562;148
CNYRUBF;15;20240305;214500;12.565;12.566;12.564;12.564;61
CNYRUBF;15;20240305;220000;12.565;12.565;12.56;12.561;187
CNYRUBF;15;20240305;221500;12.563;12.563;12.558;12.56;585
CNYRUBF;15;20240305;223000;12.56;12.56;12.556;12.556;31
CNYRUBF;15;20240305;224500;12.558;12.558;12.555;12.558;116
CNYRUBF;15;20240305;230000;12.555;12.559;12.553;12.555;32
CNYRUBF;15;20240305;231500;12.556;12.557;12.555;12.555;64
CNYRUBF;15;20240305;233000;12.553;12.559;12.553;12.559;109
CNYRUBF;15;20240305;234500;12.558;12.564;12.558;12.564;114
CNYRUBF;15;20240306;090000;12.568;12.572;12.555;12.559;10750
CNYRUBF;15;20240306;091500;12.559;12.559;12.556;12.557;4207
CNYRUBF;15;20240306;093000;12.558;12.558;12.545;12.546;2638
CNYRUBF;15;20240306;094500;12.546;12.547;12.532;12.534;13166
CNYRUBF;15;20240306;100000;12.533;12.533;12.519;12.525;18660
CNYRUBF;15;20240306;101500;12.524;12.531;12.523;12.523;12688
CNYRUBF;15;20240306;103000;12.525;12.526;12.515;12.517;3756
CNYRUBF;15;20240306;104500;12.519;12.529;12.517;12.528;2176
CNYRUBF;15;20240306;110000;12.528;12.528;12.508;12.51;10555
CNYRUBF;15;20240306;111500;12.51;12.51;12.495;12.503;13386
CNYRUBF;15;20240306;113000;12.503;12.505;12.488;12.492;7729
CNYRUBF;15;20240306;114500;12.49;12.501;12.489;12.5;3042
CNYRUBF;15;20240306;120000;12.501;12.502;12.495;12.5;10768
CNYRUBF;15;20240306;121500;12.498;12.504;12.494;12.499;5378
CNYRUBF;15;20240306;123000;12.498;12.499;12.492;12.497;3088
CNYRUBF;15;20240306;124500;12.496;12.496;12.491;12.492;909
CNYRUBF;15;20240306;130000;12.49;12.493;12.485;12.486;5918
CNYRUBF;15;20240306;131500;12.486;12.507;12.483;12.507;2235
CNYRUBF;15;20240306;133000;12.508;12.515;12.5;12.509;7150
CNYRUBF;15;20240306;134500;12.509;12.514;12.503;12.508;2957
CNYRUBF;15;20240306;140000;12.512;12.519;12.512;12.519;4391
CNYRUBF;15;20240306;141500;12.518;12.542;12.514;12.541;18194
CNYRUBF;15;20240306;143000;12.542;12.563;12.542;12.548;9382
CNYRUBF;15;20240306;144500;12.548;12.56;12.546;12.549;15402
CNYRUBF;15;20240306;150000;12.548;12.55;12.534;12.537;5826
CNYRUBF;15;20240306;151500;12.533;12.538;12.521;12.521;4500
CNYRUBF;15;20240306;153000;12.52;12.548;12.52;12.538;9889
CNYRUBF;15;20240306;154500;12.54;12.551;12.539;12.548;2189
CNYRUBF;15;20240306;160000;12.547;12.55;12.544;12.549;6953
CNYRUBF;15;20240306;161500;12.549;12.561;12.549;12.55;2868
CNYRUBF;15;20240306;163000;12.553;12.574;12.549;12.555;3899
CNYRUBF;15;20240306;164500;12.555;12.57;12.549;12.56;3747
CNYRUBF;15;20240306;170000;12.562;12.567;12.552;12.56;6542
CNYRUBF;15;20240306;171500;12.561;12.572;12.561;12.568;2240
CNYRUBF;15;20240306;173000;12.568;12.568;12.556;12.562;1499
CNYRUBF;15;20240306;174500;12.562;12.562;12.554;12.556;6106
CNYRUBF;15;20240306;180000;12.557;12.56;12.555;12.56;5178
CNYRUBF;15;20240306;181500;12.56;12.56;12.541;12.544;4879
CNYRUBF;15;20240306;183000;12.543;12.556;12.542;12.552;3900
CNYRUBF;15;20240306;184500;12.551;12.553;12.547;12.547;1502
CNYRUBF;15;20240306;190000;12.54;12.56;12.529;12.546;2257
CNYRUBF;15;20240306;191500;12.552;12.56;12.547;12.56;1962
CNYRUBF;15;20240306;193000;12.56;12.56;12.55;12.55;130
CNYRUBF;15;20240306;194500;12.552;12.554;12.551;12.551;82
CNYRUBF;15;20240306;200000;12.551;12.557;12.551;12.557;422
CNYRUBF;15;20240306;201500;12.558;12.565;12.557;12.565;197
CNYRUBF;15;20240306;203000;12.561;12.561;12.556;12.556;50
CNYRUBF;15;20240306;204500;12.559;12.565;12.559;12.565;82
CNYRUBF;15;20240306;210000;12.565;12.568;12.565;12.567;444
CNYRUBF;15;20240306;211500;12.565;12.565;12.56;12.564;544
CNYRUBF;15;20240306;213000;12.564;12.569;12.562;12.562;319
CNYRUBF;15;20240306;214500;12.562;12.562;12.56;12.56;167
CNYRUBF;15;20240306;220000;12.562;12.562;12.561;12.561;48
CNYRUBF;15;20240306;221500;12.562;12.562;12.56;12.561;591
CNYRUBF;15;20240306;223000;12.562;12.568;12.562;12.566;199
CNYRUBF;15;20240306;224500;12.569;12.572;12.566;12.571;159
CNYRUBF;15;20240306;230000;12.571;12.573;12.57;12.571;38
CNYRUBF;15;20240306;231500;12.573;12.582;12.57;12.572;265
CNYRUBF;15;20240306;233000;12.576;12.58;12.574;12.575;391
CNYRUBF;15;20240306;234500;12.572;12.576;12.57;12.576;9
CNYRUBF;15;20240307;090000;12.564;12.564;12.555;12.559;14335
CNYRUBF;15;20240307;091500;12.556;12.575;12.556;12.569;4927
CNYRUBF;15;20240307;093000;12.569;12.605;12.564;12.603;18059
CNYRUBF;15;20240307;094500;12.605;12.609;12.592;12.596;5854
CNYRUBF;15;20240307;100000;12.596;12.596;12.566;12.57;15576
CNYRUBF;15;20240307;101500;12.57;12.582;12.569;12.58;7209
CNYRUBF;15;20240307;103000;12.576;12.577;12.569;12.572;8969
CNYRUBF;15;20240307;104500;12.572;12.58;12.569;12.573;4487
CNYRUBF;15;20240307;110000;12.571;12.573;12.567;12.569;2144
CNYRUBF;15;20240307;111500;12.568;12.575;12.568;12.572;3692
CNYRUBF;15;20240307;113000;12.571;12.578;12.57;12.572;6692
CNYRUBF;15;20240307;114500;12.576;12.576;12.571;12.574;399
CNYRUBF;15;20240307;120000;12.574;12.58;12.57;12.58;1853
CNYRUBF;15;20240307;121500;12.579;12.579;12.576;12.576;3040
CNYRUBF;15;20240307;123000;12.576;12.581;12.571;12.581;5797
CNYRUBF;15;20240307;124500;12.58;12.6;12.578;12.589;10780
CNYRUBF;15;20240307;130000;12.59;12.592;12.575;12.58;6372
CNYRUBF;15;20240307;131500;12.579;12.586;12.578;12.578;3651
CNYRUBF;15;20240307;133000;12.58;12.585;12.579;12.581;871
CNYRUBF;15;20240307;134500;12.58;12.594;12.579;12.588;1573
CNYRUBF;15;20240307;140000;12.587;12.587;12.58;12.58;4004
CNYRUBF;15;20240307;141500;12.58;12.59;12.577;12.589;6489
CNYRUBF;15;20240307;143000;12.588;12.599;12.587;12.597;1895
CNYRUBF;15;20240307;144500;12.597;12.609;12.596;12.602;7759
CNYRUBF;15;20240307;150000;12.606;12.609;12.597;12.6;5284
CNYRUBF;15;20240307;151500;12.599;12.623;12.599;12.62;6445
CNYRUBF;15;20240307;153000;12.619;12.628;12.618;12.628;4936
CNYRUBF;15;20240307;154500;12.626;12.63;12.604;12.614;7562
CNYRUBF;15;20240307;160000;12.619;12.625;12.601;12.608;7629
CNYRUBF;15;20240307;161500;12.608;12.615;12.602;12.613;1966
CNYRUBF;15;20240307;163000;12.61;12.617;12.606;12.607;3271
CNYRUBF;15;20240307;164500;12.607;12.611;12.597;12.602;4803
CNYRUBF;15;20240307;170000;12.602;12.615;12.6;12.613;4420
CNYRUBF;15;20240307;171500;12.614;12.614;12.598;12.614;7479
CNYRUBF;15;20240307;173000;12.613;12.613;12.605;12.61;8465
CNYRUBF;15;20240307;174500;12.607;12.616;12.602;12.612;5428
CNYRUBF;15;20240307;180000;12.61;12.615;12.607;12.61;3878
CNYRUBF;15;20240307;181500;12.609;12.613;12.607;12.61;2292
CNYRUBF;15;20240307;183000;12.61;12.612;12.605;12.611;563
CNYRUBF;15;20240307;184500;12.61;12.611;12.6;12.607;2338
CNYRUBF;15;20240307;190000;12.605;12.608;12.59;12.596;3385
CNYRUBF;15;20240307;191500;12.596;12.598;12.588;12.598;481
CNYRUBF;15;20240307;193000;12.599;12.599;12.595;12.599;183
CNYRUBF;15;20240307;194500;12.599;12.599;12.588;12.597;339
CNYRUBF;15;20240307;200000;12.594;12.596;12.592;12.596;413
CNYRUBF;15;20240307;201500;12.596;12.597;12.594;12.594;52
CNYRUBF;15;20240307;203000;12.593;12.594;12.591;12.594;123
CNYRUBF;15;20240307;204500;12.594;12.594;12.59;12.59;441
CNYRUBF;15;20240307;210000;12.59;12.592;12.588;12.588;1715
CNYRUBF;15;20240307;211500;12.587;12.592;12.587;12.591;655
CNYRUBF;15;20240307;213000;12.591;12.592;12.588;12.592;207
CNYRUBF;15;20240307;214500;12.59;12.595;12.588;12.595;261
CNYRUBF;15;20240307;220000;12.591;12.591;12.591;12.591;2
CNYRUBF;15;20240307;221500;12.59;12.597;12.59;12.597;1267
CNYRUBF;15;20240307;223000;12.594;12.597;12.59;12.596;173
CNYRUBF;15;20240307;224500;12.596;12.596;12.592;12.592;128
CNYRUBF;15;20240307;230000;12.596;12.596;12.59;12.59;277
CNYRUBF;15;20240307;231500;12.594;12.595;12.594;12.595;57
CNYRUBF;15;20240307;233000;12.595;12.595;12.59;12.59;102
CNYRUBF;15;20240307;234500;12.591;12.596;12.59;12.596;199
CNYRUBF;15;20240311;090000;12.607;12.626;12.607;12.621;9051
CNYRUBF;15;20240311;091500;12.621;12.625;12.612;12.623;6334
CNYRUBF;15;20240311;093000;12.622;12.626;12.62;12.623;1943
CNYRUBF;15;20240311;094500;12.625;12.625;12.62;12.62;1911
CNYRUBF;15;20240311;100000;12.619;12.619;12.589;12.589;7206
CNYRUBF;15;20240311;101500;12.59;12.593;12.58;12.59;5129
CNYRUBF;15;20240311;103000;12.589;12.603;12.587;12.602;4644
CNYRUBF;15;20240311;104500;12.601;12.617;12.601;12.61;9177
CNYRUBF;15;20240311;110000;12.612;12.623;12.595;12.614;7145
CNYRUBF;15;20240311;111500;12.614;12.618;12.613;12.613;981
CNYRUBF;15;20240311;113000;12.613;12.614;12.608;12.611;2404
CNYRUBF;15;20240311;114500;12.61;12.61;12.6;12.602;1428
CNYRUBF;15;20240311;120000;12.603;12.612;12.598;12.604;2415
CNYRUBF;15;20240311;121500;12.605;12.608;12.603;12.603;1644
CNYRUBF;15;20240311;123000;12.604;12.612;12.604;12.612;2211
CNYRUBF;15;20240311;124500;12.611;12.611;12.607;12.609;846
CNYRUBF;15;20240311;130000;12.611;12.614;12.606;12.606;421
CNYRUBF;15;20240311;131500;12.607;12.607;12.603;12.604;6587
CNYRUBF;15;20240311;133000;12.605;12.606;12.593;12.595;2747
CNYRUBF;15;20240311;134500;12.595;12.597;12.594;12.594;738
CNYRUBF;15;20240311;140000;12.596;12.596;12.573;12.582;23779
CNYRUBF;15;20240311;141500;12.58;12.59;12.578;12.586;3009
CNYRUBF;15;20240311;143000;12.583;12.587;12.582;12.586;3182
CNYRUBF;15;20240311;144500;12.587;12.599;12.576;12.599;3008
CNYRUBF;15;20240311;150000;12.597;12.603;12.59;12.591;2012
CNYRUBF;15;20240311;151500;12.592;12.606;12.592;12.601;3035
CNYRUBF;15;20240311;153000;12.604;12.61;12.6;12.607;4653
CNYRUBF;15;20240311;154500;12.607;12.613;12.605;12.61;1306
CNYRUBF;15;20240311;160000;12.611;12.612;12.603;12.605;1221
CNYRUBF;15;20240311;161500;12.605;12.605;12.597;12.599;2405
CNYRUBF;15;20240311;163000;12.599;12.6;12.593;12.599;4159
CNYRUBF;15;20240311;164500;12.6;12.601;12.6;12.601;526
CNYRUBF;15;20240311;170000;12.6;12.607;12.599;12.604;651
CNYRUBF;15;20240311;171500;12.606;12.612;12.606;12.608;4567
CNYRUBF;15;20240311;173000;12.604;12.607;12.599;12.602;1378
CNYRUBF;15;20240311;174500;12.601;12.61;12.601;12.61;452
CNYRUBF;15;20240311;180000;12.61;12.611;12.606;12.608;8831
CNYRUBF;15;20240311;181500;12.61;12.611;12.608;12.611;1342
CNYRUBF;15;20240311;183000;12.611;12.612;12.61;12.61;2844
CNYRUBF;15;20240311;184500;12.61;12.612;12.61;12.61;2000
CNYRUBF;15;20240311;190000;12.611;12.615;12.61;12.615;2148
CNYRUBF;15;20240311;191500;12.615;12.62;12.613;12.618;5747
CNYRUBF;15;20240311;193000;12.618;12.62;12.615;12.62;284
CNYRUBF;15;20240311;194500;12.62;12.62;12.615;12.615;139
CNYRUBF;15;20240311;200000;12.614;12.617;12.613;12.617;33
CNYRUBF;15;20240311;201500;12.616;12.616;12.614;12.616;97
CNYRUBF;15;20240311;203000;12.616;12.617;12.616;12.617;215
CNYRUBF;15;20240311;204500;12.616;12.616;12.616;12.616;6
CNYRUBF;15;20240311;210000;12.617;12.62;12.617;12.62;157
CNYRUBF;15;20240311;211500;12.616;12.617;12.614;12.615;51
CNYRUBF;15;20240311;213000;12.616;12.617;12.616;12.617;211
CNYRUBF;15;20240311;214500;12.617;12.62;12.614;12.618;706
CNYRUBF;15;20240311;220000;12.618;12.619;12.611;12.619;350
CNYRUBF;15;20240311;221500;12.618;12.619;12.614;12.616;223
CNYRUBF;15;20240311;223000;12.616;12.616;12.616;12.616;39
CNYRUBF;15;20240311;224500;12.616;12.616;12.615;12.616;166
CNYRUBF;15;20240311;230000;12.616;12.619;12.616;12.618;278
CNYRUBF;15;20240311;231500;12.619;12.62;12.619;12.62;40
CNYRUBF;15;20240311;233000;12.619;12.619;12.617;12.617;183
CNYRUBF;15;20240311;234500;12.617;12.617;12.61;12.61;100
CNYRUBF;15;20240312;090000;12.615;12.615;12.604;12.604;2995
CNYRUBF;15;20240312;091500;12.604;12.604;12.597;12.598;2757
CNYRUBF;15;20240312;093000;12.598;12.6;12.597;12.599;3351
CNYRUBF;15;20240312;094500;12.599;12.609;12.599;12.607;3347
CNYRUBF;15;20240312;100000;12.609;12.63;12.607;12.629;11750
CNYRUBF;15;20240312;101500;12.629;12.63;12.613;12.619;3607
CNYRUBF;15;20240312;103000;12.615;12.621;12.615;12.62;3064
CNYRUBF;15;20240312;104500;12.621;12.638;12.62;12.63;5528
CNYRUBF;15;20240312;110000;12.636;12.641;12.633;12.636;12364
CNYRUBF;15;20240312;111500;12.636;12.64;12.635;12.637;2664
CNYRUBF;15;20240312;113000;12.637;12.648;12.637;12.641;5410
CNYRUBF;15;20240312;114500;12.64;12.649;12.636;12.648;2742
CNYRUBF;15;20240312;120000;12.649;12.662;12.649;12.657;19871
CNYRUBF;15;20240312;121500;12.655;12.655;12.644;12.646;4956
CNYRUBF;15;20240312;123000;12.646;12.653;12.645;12.653;1981
CNYRUBF;15;20240312;124500;12.653;12.669;12.651;12.664;5236
CNYRUBF;15;20240312;130000;12.667;12.672;12.657;12.662;6831
CNYRUBF;15;20240312;131500;12.664;12.668;12.662;12.663;2230
CNYRUBF;15;20240312;133000;12.667;12.672;12.664;12.672;670
CNYRUBF;15;20240312;134500;12.672;12.685;12.672;12.674;8185
CNYRUBF;15;20240312;140000;12.673;12.674;12.664;12.667;2462
CNYRUBF;15;20240312;141500;12.667;12.673;12.667;12.673;33416
CNYRUBF;15;20240312;143000;12.672;12.674;12.669;12.669;2528
CNYRUBF;15;20240312;144500;12.67;12.675;12.67;12.672;790
CNYRUBF;15;20240312;150000;12.673;12.678;12.67;12.678;20270
CNYRUBF;15;20240312;151500;12.677;12.682;12.672;12.672;18144
CNYRUBF;15;20240312;153000;12.672;12.683;12.665;12.683;16029
CNYRUBF;15;20240312;154500;12.683;12.694;12.682;12.69;3927
CNYRUBF;15;20240312;160000;12.69;12.727;12.689;12.712;8585
CNYRUBF;15;20240312;161500;12.714;12.744;12.714;12.74;14880
CNYRUBF;15;20240312;163000;12.74;12.745;12.736;12.744;8419
CNYRUBF;15;20240312;164500;12.745;12.765;12.744;12.755;14068
CNYRUBF;15;20240312;170000;12.756;12.758;12.726;12.746;11643
CNYRUBF;15;20240312;171500;12.747;12.756;12.737;12.755;30863
CNYRUBF;15;20240312;173000;12.755;12.775;12.751;12.771;12193
CNYRUBF;15;20240312;174500;12.77;12.77;12.754;12.766;41855
CNYRUBF;15;20240312;180000;12.767;12.77;12.747;12.75;13521
CNYRUBF;15;20240312;181500;12.75;12.755;12.744;12.754;11055
CNYRUBF;15;20240312;183000;12.754;12.762;12.752;12.762;6267
CNYRUBF;15;20240312;184500;12.761;12.762;12.76;12.762;127
CNYRUBF;15;20240312;190000;12.762;12.78;12.762;12.777;3780
CNYRUBF;15;20240312;191500;12.777;12.779;12.777;12.777;970
CNYRUBF;15;20240312;193000;12.778;12.786;12.777;12.781;1537
CNYRUBF;15;20240312;194500;12.781;12.781;12.771;12.771;606
CNYRUBF;15;20240312;200000;12.772;12.775;12.77;12.77;208
CNYRUBF;15;20240312;201500;12.77;12.777;12.77;12.777;743
CNYRUBF;15;20240312;203000;12.777;12.79;12.771;12.773;2916
CNYRUBF;15;20240312;204500;12.775;12.78;12.773;12.78;541
CNYRUBF;15;20240312;210000;12.779;12.78;12.776;12.777;362
CNYRUBF;15;20240312;211500;12.777;12.78;12.774;12.779;1773
CNYRUBF;15;20240312;213000;12.78;12.784;12.777;12.782;751
CNYRUBF;15;20240312;214500;12.78;12.782;12.779;12.782;130
CNYRUBF;15;20240312;220000;12.782;12.782;12.78;12.78;154
CNYRUBF;15;20240312;221500;12.778;12.78;12.778;12.78;101
CNYRUBF;15;20240312;223000;12.78;12.78;12.774;12.774;157
CNYRUBF;15;20240312;224500;12.774;12.779;12.774;12.776;71
CNYRUBF;15;20240312;230000;12.776;12.782;12.776;12.78;671
CNYRUBF;15;20240312;231500;12.777;12.779;12.776;12.779;36
CNYRUBF;15;20240312;233000;12.78;12.78;12.776;12.78;266
CNYRUBF;15;20240312;234500;12.78;12.787;12.776;12.787;554
CNYRUBF;15;20240313;090000;12.758;12.758;12.75;12.758;9803
CNYRUBF;15;20240313;091500;12.758;12.758;12.742;12.745;2809
CNYRUBF;15;20240313;093000;12.745;12.745;12.728;12.729;7019
CNYRUBF;15;20240313;094500;12.727;12.727;12.708;12.71;18308
CNYRUBF;15;20240313;100000;12.71;12.712;12.689;12.69;25727
CNYRUBF;15;20240313;101500;12.69;12.691;12.68;12.688;14127
CNYRUBF;15;20240313;103000;12.686;12.697;12.681;12.693;11915
CNYRUBF;15;20240313;104500;12.693;12.732;12.691;12.729;12100
CNYRUBF;15;20240313;110000;12.729;12.745;12.72;12.735;11020
CNYRUBF;15;20240313;111500;12.735;12.74;12.719;12.73;12818
CNYRUBF;15;20240313;113000;12.731;12.747;12.716;12.72;4244
CNYRUBF;15;20240313;114500;12.723;12.723;12.716;12.716;380
CNYRUBF;15;20240313;120000;12.719;12.72;12.709;12.709;2447
CNYRUBF;15;20240313;121500;12.71;12.716;12.704;12.716;3012
CNYRUBF;15;20240313;123000;12.716;12.716;12.708;12.713;1476
CNYRUBF;15;20240313;124500;12.713;12.719;12.708;12.712;4605
CNYRUBF;15;20240313;130000;12.711;12.712;12.701;12.704;3591
CNYRUBF;15;20240313;131500;12.708;12.712;12.697;12.707;4056
CNYRUBF;15;20240313;133000;12.704;12.725;12.703;12.704;1291
CNYRUBF;15;20240313;134500;12.704;12.713;12.698;12.712;2585
CNYRUBF;15;20240313;140000;12.714;12.727;12.708;12.724;2425
CNYRUBF;15;20240313;141500;12.724;12.73;12.722;12.726;3716
CNYRUBF;15;20240313;143000;12.726;12.729;12.722;12.723;16915
CNYRUBF;15;20240313;144500;12.723;12.723;12.706;12.714;28232
CNYRUBF;15;20240313;150000;12.714;12.721;12.714;12.718;59528
CNYRUBF;15;20240313;151500;12.718;12.719;12.71;12.715;20801
CNYRUBF;15;20240313;153000;12.718;12.723;12.706;12.709;13371
CNYRUBF;15;20240313;154500;12.71;12.717;12.708;12.709;38204
CNYRUBF;15;20240313;160000;12.709;12.709;12.694;12.7;23369
CNYRUBF;15;20240313;161500;12.699;12.703;12.694;12.703;41585
CNYRUBF;15;20240313;163000;12.702;12.708;12.698;12.7;19665
CNYRUBF;15;20240313;164500;12.702;12.707;12.698;12.698;6651
CNYRUBF;15;20240313;170000;12.698;12.698;12.677;12.68;12844
CNYRUBF;15;20240313;171500;12.678;12.68;12.66;12.662;9269
CNYRUBF;15;20240313;173000;12.66;12.67;12.646;12.655;22207
CNYRUBF;15;20240313;174500;12.654;12.665;12.648;12.664;12005
CNYRUBF;15;20240313;180000;12.664;12.684;12.664;12.68;15141
CNYRUBF;15;20240313;181500;12.682;12.692;12.68;12.686;3792
CNYRUBF;15;20240313;183000;12.683;12.697;12.683;12.697;2260
CNYRUBF;15;20240313;184500;12.696;12.698;12.696;12.696;306
CNYRUBF;15;20240313;190000;12.696;12.699;12.692;12.696;1489
CNYRUBF;15;20240313;191500;12.696;12.699;12.69;12.698;2567
CNYRUBF;15;20240313;193000;12.698;12.7;12.697;12.7;601
CNYRUBF;15;20240313;194500;12.7;12.705;12.7;12.705;273
CNYRUBF;15;20240313;200000;12.703;12.704;12.7;12.701;525
CNYRUBF;15;20240313;201500;12.701;12.701;12.7;12.7;42
CNYRUBF;15;20240313;203000;12.701;12.706;12.701;12.704;33
CNYRUBF;15;20240313;204500;12.704;12.706;12.702;12.704;129
CNYRUBF;15;20240313;210000;12.701;12.704;12.7;12.704;966
CNYRUBF;15;20240313;211500;12.7;12.702;12.7;12.702;9
CNYRUBF;15;20240313;213000;12.702;12.722;12.7;12.703;1353
CNYRUBF;15;20240313;214500;12.703;12.704;12.701;12.703;2280
CNYRUBF;15;20240313;220000;12.702;12.702;12.7;12.7;306
CNYRUBF;15;20240313;221500;12.701;12.701;12.701;12.701;611
CNYRUBF;15;20240313;223000;12.7;12.701;12.7;12.701;52
CNYRUBF;15;20240313;224500;12.701;12.702;12.7;12.7;1075
CNYRUBF;15;20240313;230000;12.701;12.701;12.697;12.699;1177
CNYRUBF;15;20240313;231500;12.696;12.696;12.693;12.695;195
CNYRUBF;15;20240313;233000;12.693;12.694;12.691;12.691;96
CNYRUBF;15;20240313;234500;12.692;12.692;12.687;12.687;200
CNYRUBF;15;20240314;090000;12.701;12.712;12.696;12.703;12921
CNYRUBF;15;20240314;091500;12.703;12.729;12.703;12.723;5413
CNYRUBF;15;20240314;093000;12.723;12.726;12.718;12.718;1609
CNYRUBF;15;20240314;094500;12.718;12.718;12.708;12.715;658
CNYRUBF;15;20240314;100000;12.715;12.746;12.715;12.737;19200
CNYRUBF;15;20240314;101500;12.738;12.739;12.724;12.736;29661
CNYRUBF;15;20240314;103000;12.734;12.739;12.732;12.739;4970
CNYRUBF;15;20240314;104500;12.739;12.746;12.737;12.746;2850
CNYRUBF;15;20240314;110000;12.745;12.748;12.735;12.746;4443
CNYRUBF;15;20240314;111500;12.747;12.755;12.736;12.737;7613
CNYRUBF;15;20240314;113000;12.736;12.742;12.734;12.737;1117
CNYRUBF;15;20240314;114500;12.737;12.74;12.732;12.735;13619
CNYRUBF;15;20240314;120000;12.735;12.737;12.731;12.735;41722
CNYRUBF;15;20240314;121500;12.735;12.738;12.732;12.733;10449
CNYRUBF;15;20240314;123000;12.733;12.734;12.717;12.72;28395
CNYRUBF;15;20240314;124500;12.72;12.721;12.713;12.717;24383
CNYRUBF;15;20240314;130000;12.716;12.719;12.709;12.712;13279
CNYRUBF;15;20240314;131500;12.712;12.716;12.7;12.706;22692
CNYRUBF;15;20240314;133000;12.704;12.713;12.7;12.713;17264
CNYRUBF;15;20240314;134500;12.712;12.716;12.711;12.711;28286
CNYRUBF;15;20240314;140000;12.711;12.715;12.707;12.714;14550
CNYRUBF;15;20240314;141500;12.712;12.715;12.707;12.711;16546
CNYRUBF;15;20240314;143000;12.708;12.718;12.707;12.713;928
CNYRUBF;15;20240314;144500;12.714;12.723;12.711;12.723;1443
CNYRUBF;15;20240314;150000;12.722;12.722;12.713;12.713;26174
CNYRUBF;15;20240314;151500;12.713;12.715;12.705;12.713;5362
CNYRUBF;15;20240314;153000;12.714;12.727;12.707;12.713;6343
CNYRUBF;15;20240314;154500;12.713;12.721;12.71;12.715;3627
CNYRUBF;15;20240314;160000;12.715;12.717;12.711;12.715;2200
CNYRUBF;15;20240314;161500;12.713;12.715;12.712;12.713;1168
CNYRUBF;15;20240314;163000;12.713;12.718;12.711;12.718;2286
CNYRUBF;15;20240314;164500;12.717;12.732;12.717;12.728;6773
CNYRUBF;15;20240314;170000;12.729;12.73;12.71;12.71;2166
CNYRUBF;15;20240314;171500;12.711;12.711;12.707;12.707;3020
CNYRUBF;15;20240314;173000;12.708;12.712;12.689;12.692;4812
CNYRUBF;15;20240314;174500;12.694;12.701;12.69;12.701;1234
CNYRUBF;15;20240314;180000;12.703;12.715;12.7;12.711;2030
CNYRUBF;15;20240314;181500;12.708;12.71;12.702;12.71;1021
CNYRUBF;15;20240314;183000;12.711;12.716;12.709;12.71;9547
CNYRUBF;15;20240314;184500;12.711;12.714;12.71;12.713;906
CNYRUBF;15;20240314;190000;12.709;12.739;12.703;12.713;2342
CNYRUBF;15;20240314;191500;12.712;12.716;12.711;12.715;1275
CNYRUBF;15;20240314;193000;12.715;12.717;12.71;12.711;700
CNYRUBF;15;20240314;194500;12.711;12.713;12.704;12.705;414
CNYRUBF;15;20240314;200000;12.707;12.757;12.704;12.712;5001
CNYRUBF;15;20240314;201500;12.712;12.716;12.707;12.707;295
CNYRUBF;15;20240314;203000;12.709;12.709;12.702;12.704;319
CNYRUBF;15;20240314;204500;12.703;12.703;12.698;12.698;907
CNYRUBF;15;20240314;210000;12.701;12.706;12.701;12.702;237
CNYRUBF;15;20240314;211500;12.702;12.703;12.697;12.7;166
CNYRUBF;15;20240314;213000;12.703;12.703;12.7;12.703;29
CNYRUBF;15;20240314;214500;12.705;12.705;12.702;12.702;178
CNYRUBF;15;20240314;220000;12.702;12.704;12.701;12.704;49
CNYRUBF;15;20240314;221500;12.704;12.704;12.703;12.704;17
CNYRUBF;15;20240314;223000;12.704;12.704;12.703;12.704;132
CNYRUBF;15;20240314;224500;12.703;12.708;12.703;12.705;48
CNYRUBF;15;20240314;230000;12.708;12.708;12.707;12.707;65
CNYRUBF;15;20240314;231500;12.708;12.71;12.707;12.71;58
CNYRUBF;15;20240314;233000;12.71;12.71;12.704;12.709;61
CNYRUBF;15;20240314;234500;12.703;12.71;12.703;12.71;8
CNYRUBF;15;20240315;090000;12.712;12.729;12.712;12.726;6932
CNYRUBF;15;20240315;091500;12.729;12.737;12.726;12.736;4017
CNYRUBF;15;20240315;093000;12.736;12.739;12.73;12.734;3184
CNYRUBF;15;20240315;094500;12.736;12.737;12.724;12.724;1904
CNYRUBF;15;20240315;100000;12.723;12.734;12.713;12.715;3902
CNYRUBF;15;20240315;101500;12.716;12.717;12.706;12.717;8127
CNYRUBF;15;20240315;103000;12.718;12.722;12.715;12.722;3220
CNYRUBF;15;20240315;104500;12.722;12.728;12.718;12.722;2168
CNYRUBF;15;20240315;110000;12.722;12.726;12.722;12.726;781
CNYRUBF;15;20240315;111500;12.726;12.738;12.726;12.726;14409
CNYRUBF;15;20240315;113000;12.726;12.733;12.726;12.733;26548
CNYRUBF;15;20240315;114500;12.733;12.736;12.728;12.733;20862
CNYRUBF;15;20240315;120000;12.733;12.742;12.726;12.737;1263
CNYRUBF;15;20240315;121500;12.742;12.748;12.738;12.744;2970
CNYRUBF;15;20240315;123000;12.744;12.745;12.738;12.74;1124
CNYRUBF;15;20240315;124500;12.739;12.742;12.736;12.741;2022
CNYRUBF;15;20240315;130000;12.74;12.741;12.738;12.741;1503
CNYRUBF;15;20240315;131500;12.741;12.753;12.741;12.75;47716
CNYRUBF;15;20240315;133000;12.75;12.754;12.745;12.748;3467
CNYRUBF;15;20240315;134500;12.746;12.748;12.745;12.746;1202
CNYRUBF;15;20240315;140000;12.748;12.75;12.742;12.742;995
CNYRUBF;15;20240315;141500;12.742;12.747;12.741;12.745;2064
CNYRUBF;15;20240315;143000;12.744;12.755;12.74;12.755;4984
CNYRUBF;15;20240315;144500;12.755;12.769;12.754;12.759;92406
CNYRUBF;15;20240315;150000;12.76;12.77;12.759;12.768;110430
CNYRUBF;15;20240315;151500;12.765;12.78;12.764;12.775;9548
CNYRUBF;15;20240315;153000;12.778;12.787;12.767;12.776;19547
CNYRUBF;15;20240315;154500;12.775;12.794;12.775;12.786;17016
CNYRUBF;15;20240315;160000;12.785;12.792;12.785;12.791;1701
CNYRUBF;15;20240315;161500;12.791;12.8;12.787;12.8;8046
CNYRUBF;15;20240315;163000;12.799;12.818;12.799;12.818;21969
CNYRUBF;15;20240315;164500;12.818;12.835;12.809;12.833;20105
CNYRUBF;15;20240315;170000;12.83;12.836;12.82;12.83;36380
CNYRUBF;15;20240315;171500;12.827;12.841;12.823;12.828;26526
CNYRUBF;15;20240315;173000;12.828;12.835;12.824;12.831;43960
CNYRUBF;15;20240315;174500;12.833;12.848;12.821;12.843;48608
CNYRUBF;15;20240315;180000;12.843;12.845;12.828;12.83;32710
CNYRUBF;15;20240315;181500;12.833;12.855;12.829;12.843;53269
CNYRUBF;15;20240315;183000;12.846;12.855;12.833;12.847;58450
CNYRUBF;15;20240315;184500;12.847;12.852;12.844;12.845;7928
CNYRUBF;15;20240315;190000;12.854;12.863;12.847;12.851;2305
CNYRUBF;15;20240315;191500;12.851;12.852;12.836;12.837;2229
CNYRUBF;15;20240315;193000;12.837;12.848;12.833;12.846;1250
CNYRUBF;15;20240315;194500;12.846;12.85;12.839;12.843;1093
CNYRUBF;15;20240315;200000;12.839;12.843;12.836;12.839;1357
CNYRUBF;15;20240315;201500;12.838;12.842;12.829;12.84;977
CNYRUBF;15;20240315;203000;12.84;12.849;12.838;12.849;1561
CNYRUBF;15;20240315;204500;12.847;12.85;12.841;12.845;674
CNYRUBF;15;20240315;210000;12.844;12.844;12.838;12.84;304
CNYRUBF;15;20240315;211500;12.84;12.841;12.838;12.841;181
CNYRUBF;15;20240315;213000;12.841;12.845;12.838;12.842;633
CNYRUBF;15;20240315;214500;12.84;12.84;12.838;12.84;123
CNYRUBF;15;20240315;220000;12.838;12.839;12.832;12.832;316
CNYRUBF;15;20240315;221500;12.831;12.832;12.827;12.828;335
CNYRUBF;15;20240315;223000;12.83;12.831;12.826;12.829;611
CNYRUBF;15;20240315;224500;12.826;12.829;12.825;12.827;238
CNYRUBF;15;20240315;230000;12.828;12.83;12.826;12.83;656
CNYRUBF;15;20240315;231500;12.829;12.83;12.826;12.83;735
CNYRUBF;15;20240315;233000;12.827;12.845;12.826;12.843;2075
CNYRUBF;15;20240315;234500;12.842;12.849;12.809;12.82;1219
CNYRUBF;15;20240318;090000;12.884;12.888;12.815;12.851;31752
CNYRUBF;15;20240318;091500;12.851;12.859;12.847;12.857;3291
CNYRUBF;15;20240318;093000;12.856;12.859;12.837;12.837;8905
CNYRUBF;15;20240318;094500;12.837;12.838;12.793;12.815;14971
CNYRUBF;15;20240318;100000;12.815;12.824;12.801;12.805;13453
CNYRUBF;15;20240318;101500;12.805;12.805;12.779;12.779;8030
CNYRUBF;15;20240318;103000;12.778;12.778;12.748;12.75;26243
CNYRUBF;15;20240318;104500;12.752;12.769;12.75;12.76;7847
CNYRUBF;15;20240318;110000;12.757;12.757;12.734;12.74;7110
CNYRUBF;15;20240318;111500;12.741;12.754;12.738;12.75;4621
CNYRUBF;15;20240318;113000;12.749;12.756;12.747;12.755;2593
CNYRUBF;15;20240318;114500;12.757;12.764;12.756;12.756;4977
CNYRUBF;15;20240318;120000;12.757;12.757;12.74;12.747;8837
CNYRUBF;15;20240318;121500;12.748;12.752;12.744;12.75;1881
CNYRUBF;15;20240318;123000;12.748;12.756;12.745;12.747;7970
CNYRUBF;15;20240318;124500;12.75;12.762;12.749;12.754;2205
CNYRUBF;15;20240318;130000;12.757;12.757;12.75;12.752;4075
CNYRUBF;15;20240318;131500;12.751;12.754;12.749;12.754;3556
CNYRUBF;15;20240318;133000;12.753;12.758;12.752;12.756;1534
CNYRUBF;15;20240318;134500;12.754;12.759;12.754;12.755;1494
CNYRUBF;15;20240318;140000;12.756;12.762;12.756;12.759;1657
CNYRUBF;15;20240318;141500;12.759;12.764;12.754;12.754;7465
CNYRUBF;15;20240318;143000;12.754;12.759;12.754;12.757;474
CNYRUBF;15;20240318;144500;12.76;12.762;12.747;12.752;18133
CNYRUBF;15;20240318;150000;12.751;12.76;12.746;12.759;1968
CNYRUBF;15;20240318;151500;12.759;12.759;12.75;12.755;4711
CNYRUBF;15;20240318;153000;12.755;12.758;12.755;12.758;16660
CNYRUBF;15;20240318;154500;12.758;12.758;12.751;12.754;915
CNYRUBF;15;20240318;160000;12.754;12.757;12.734;12.74;4055
CNYRUBF;15;20240318;161500;12.74;12.746;12.737;12.74;24911
CNYRUBF;15;20240318;163000;12.737;12.737;12.702;12.722;15664
CNYRUBF;15;20240318;164500;12.722;12.722;12.682;12.693;19784
CNYRUBF;15;20240318;170000;12.69;12.703;12.665;12.669;19397
CNYRUBF;15;20240318;171500;12.669;12.692;12.665;12.687;3199
CNYRUBF;15;20240318;173000;12.688;12.71;12.687;12.71;14103
CNYRUBF;15;20240318;174500;12.71;12.727;12.707;12.711;22895
CNYRUBF;15;20240318;180000;12.711;12.738;12.71;12.738;26105
CNYRUBF;15;20240318;181500;12.738;12.746;12.729;12.732;7158
CNYRUBF;15;20240318;183000;12.732;12.744;12.732;12.744;7094
CNYRUBF;15;20240318;184500;12.742;12.747;12.742;12.745;225
CNYRUBF;15;20240318;190000;12.744;12.748;12.736;12.738;869
CNYRUBF;15;20240318;191500;12.738;12.744;12.734;12.734;428
CNYRUBF;15;20240318;193000;12.736;12.743;12.734;12.74;484
CNYRUBF;15;20240318;194500;12.74;12.742;12.737;12.738;154
CNYRUBF;15;20240318;200000;12.738;12.738;12.736;12.736;74
CNYRUBF;15;20240318;201500;12.736;12.738;12.733;12.734;349
CNYRUBF;15;20240318;203000;12.734;12.735;12.732;12.735;611
CNYRUBF;15;20240318;204500;12.733;12.738;12.733;12.736;88
CNYRUBF;15;20240318;210000;12.738;12.741;12.736;12.738;69
CNYRUBF;15;20240318;211500;12.74;12.743;12.74;12.743;117
CNYRUBF;15;20240318;213000;12.742;12.743;12.737;12.74;243
CNYRUBF;15;20240318;214500;12.737;12.74;12.736;12.74;104
CNYRUBF;15;20240318;220000;12.738;12.74;12.737;12.74;60
CNYRUBF;15;20240318;221500;12.738;12.74;12.738;12.738;280
CNYRUBF;15;20240318;223000;12.738;12.742;12.736;12.742;340
CNYRUBF;15;20240318;230000;12.738;12.738;12.738;12.738;3
CNYRUBF;15;20240318;231500;12.738;12.738;12.732;12.732;176
CNYRUBF;15;20240318;233000;12.732;12.734;12.73;12.734;114
CNYRUBF;15;20240318;234500;12.733;12.733;12.73;12.73;2
CNYRUBF;15;20240319;090000;12.737;12.747;12.737;12.747;5718
CNYRUBF;15;20240319;091500;12.747;12.749;12.743;12.748;2327
CNYRUBF;15;20240319;093000;12.746;12.749;12.717;12.718;3077
CNYRUBF;15;20240319;094500;12.72;12.725;12.72;12.725;525
CNYRUBF;15;20240319;100000;12.725;12.743;12.724;12.742;9473
CNYRUBF;15;20240319;101500;12.741;12.741;12.718;12.733;9460
CNYRUBF;15;20240319;103000;12.731;12.75;12.729;12.745;10132
CNYRUBF;15;20240319;104500;12.745;12.756;12.741;12.756;918
CNYRUBF;15;20240319;110000;12.754;12.761;12.74;12.748;3885
CNYRUBF;15;20240319;111500;12.749;12.768;12.735;12.764;3914
CNYRUBF;15;20240319;113000;12.763;12.776;12.757;12.764;5592
CNYRUBF;15;20240319;114500;12.764;12.774;12.757;12.767;5212
CNYRUBF;15;20240319;120000;12.768;12.791;12.766;12.79;9272
CNYRUBF;15;20240319;121500;12.791;12.794;12.789;12.791;5223
CNYRUBF;15;20240319;123000;12.79;12.791;12.776;12.785;7573
CNYRUBF;15;20240319;124500;12.784;12.786;12.779;12.785;3152
CNYRUBF;15;20240319;130000;12.783;12.792;12.783;12.792;1015
CNYRUBF;15;20240319;131500;12.793;12.823;12.793;12.818;17153
CNYRUBF;15;20240319;133000;12.819;12.833;12.818;12.831;4890
CNYRUBF;15;20240319;134500;12.832;12.838;12.815;12.815;3437
CNYRUBF;15;20240319;140000;12.82;12.83;12.805;12.816;4020
CNYRUBF;15;20240319;141500;12.819;12.82;12.811;12.812;679
CNYRUBF;15;20240319;143000;12.815;12.827;12.815;12.827;663
CNYRUBF;15;20240319;144500;12.827;12.836;12.821;12.824;3243
CNYRUBF;15;20240319;150000;12.821;12.836;12.82;12.833;2586
CNYRUBF;15;20240319;151500;12.831;12.836;12.829;12.831;4312
CNYRUBF;15;20240319;153000;12.832;12.832;12.823;12.823;2079
CNYRUBF;15;20240319;154500;12.826;12.829;12.82;12.829;2523
CNYRUBF;15;20240319;160000;12.83;12.833;12.83;12.83;425
CNYRUBF;15;20240319;161500;12.83;12.834;12.83;12.833;885
CNYRUBF;15;20240319;163000;12.833;12.846;12.831;12.846;2662
CNYRUBF;15;20240319;164500;12.846;12.848;12.835;12.836;4759
CNYRUBF;15;20240319;170000;12.836;12.838;12.806;12.806;6954
CNYRUBF;15;20240319;171500;12.807;12.815;12.799;12.811;8774
CNYRUBF;15;20240319;173000;12.811;12.822;12.806;12.821;6022
CNYRUBF;15;20240319;174500;12.819;12.825;12.818;12.818;6024
CNYRUBF;15;20240319;180000;12.818;12.844;12.817;12.836;9198
CNYRUBF;15;20240319;181500;12.835;12.835;12.827;12.831;9401
CNYRUBF;15;20240319;183000;12.831;12.832;12.82;12.822;6902
CNYRUBF;15;20240319;184500;12.822;12.822;12.821;12.821;1378
CNYRUBF;15;20240319;190000;12.817;12.836;12.817;12.831;1434
CNYRUBF;15;20240319;191500;12.831;12.836;12.829;12.835;998
CNYRUBF;15;20240319;193000;12.835;12.835;12.829;12.834;534
CNYRUBF;15;20240319;194500;12.832;12.835;12.83;12.83;264
CNYRUBF;15;20240319;200000;12.831;12.835;12.83;12.833;728
CNYRUBF;15;20240319;201500;12.833;12.833;12.822;12.823;1302
CNYRUBF;15;20240319;203000;12.823;12.827;12.822;12.827;1392
CNYRUBF;15;20240319;204500;12.827;12.827;12.822;12.827;239
CNYRUBF;15;20240319;210000;12.824;12.827;12.823;12.824;499
CNYRUBF;15;20240319;211500;12.824;12.827;12.824;12.824;54
CNYRUBF;15;20240319;213000;12.823;12.823;12.822;12.822;46
CNYRUBF;15;20240319;214500;12.824;12.827;12.822;12.827;538
CNYRUBF;15;20240319;220000;12.823;12.825;12.822;12.822;107
CNYRUBF;15;20240319;221500;12.824;12.825;12.82;12.82;1156
CNYRUBF;15;20240319;223000;12.82;12.821;12.817;12.817;236
CNYRUBF;15;20240319;224500;12.817;12.818;12.817;12.817;40
CNYRUBF;15;20240319;230000;12.817;12.822;12.817;12.82;263
CNYRUBF;15;20240319;231500;12.82;12.82;12.816;12.816;301
CNYRUBF;15;20240319;233000;12.817;12.817;12.814;12.815;224
CNYRUBF;15;20240319;234500;12.815;12.822;12.815;12.822;146
CNYRUBF;15;20240320;090000;12.822;12.833;12.822;12.83;1788
CNYRUBF;15;20240320;091500;12.831;12.833;12.827;12.827;1330
CNYRUBF;15;20240320;093000;12.828;12.83;12.825;12.826;228
CNYRUBF;15;20240320;094500;12.826;12.837;12.826;12.837;1418
CNYRUBF;15;20240320;100000;12.837;12.839;12.801;12.833;17077
CNYRUBF;15;20240320;101500;12.834;12.837;12.827;12.83;13950
CNYRUBF;15;20240320;103000;12.83;12.832;12.811;12.829;4047
CNYRUBF;15;20240320;104500;12.825;12.835;12.82;12.832;2556
CNYRUBF;15;20240320;110000;12.835;12.837;12.827;12.833;1970
CNYRUBF;15;20240320;111500;12.836;12.836;12.824;12.826;5729
CNYRUBF;15;20240320;113000;12.826;12.834;12.823;12.834;1094
CNYRUBF;15;20240320;114500;12.832;12.833;12.828;12.833;1352
CNYRUBF;15;20240320;120000;12.834;12.869;12.833;12.867;17273
CNYRUBF;15;20240320;121500;12.866;12.871;12.859;12.862;6498
CNYRUBF;15;20240320;123000;12.862;12.863;12.85;12.86;3235
CNYRUBF;15;20240320;124500;12.86;12.861;12.849;12.854;2928
CNYRUBF;15;20240320;130000;12.855;12.86;12.855;12.86;4089
CNYRUBF;15;20240320;131500;12.86;12.861;12.853;12.856;5545
CNYRUBF;15;20240320;133000;12.855;12.855;12.84;12.844;13241
CNYRUBF;15;20240320;134500;12.844;12.853;12.844;12.853;3293
CNYRUBF;15;20240320;140000;12.85;12.853;12.845;12.85;4761
CNYRUBF;15;20240320;141500;12.847;12.85;12.841;12.847;10347
CNYRUBF;15;20240320;143000;12.847;12.847;12.839;12.843;4634
CNYRUBF;15;20240320;144500;12.843;12.851;12.835;12.848;4055
CNYRUBF;15;20240320;150000;12.848;12.848;12.84;12.845;4221
CNYRUBF;15;20240320;151500;12.845;12.846;12.84;12.846;6660
CNYRUBF;15;20240320;153000;12.846;12.848;12.827;12.828;10750
CNYRUBF;15;20240320;154500;12.828;12.833;12.815;12.827;11435
CNYRUBF;15;20240320;160000;12.827;12.828;12.788;12.794;7248
CNYRUBF;15;20240320;161500;12.794;12.8;12.779;12.791;89331
CNYRUBF;15;20240320;163000;12.791;12.792;12.786;12.786;41377
CNYRUBF;15;20240320;164500;12.786;12.79;12.774;12.787;30734
CNYRUBF;15;20240320;170000;12.787;12.797;12.781;12.795;27322
CNYRUBF;15;20240320;171500;12.796;12.797;12.792;12.792;22409
CNYRUBF;15;20240320;173000;12.793;12.819;12.787;12.802;58704
CNYRUBF;15;20240320;174500;12.804;12.809;12.798;12.802;12166
CNYRUBF;15;20240320;180000;12.8;12.803;12.793;12.796;1840
CNYRUBF;15;20240320;181500;12.796;12.824;12.796;12.823;4216
CNYRUBF;15;20240320;183000;12.821;12.821;12.815;12.815;28594
CNYRUBF;15;20240320;184500;12.815;12.815;12.807;12.81;4388
CNYRUBF;15;20240320;190000;12.82;12.82;12.8;12.813;17450
CNYRUBF;15;20240320;191500;12.814;12.819;12.813;12.813;1242
CNYRUBF;15;20240320;193000;12.815;12.82;12.813;12.813;2528
CNYRUBF;15;20240320;194500;12.814;12.816;12.813;12.813;1989
CNYRUBF;15;20240320;200000;12.813;12.816;12.813;12.814;245
CNYRUBF;15;20240320;201500;12.815;12.815;12.813;12.814;153
CNYRUBF;15;20240320;203000;12.816;12.816;12.813;12.813;276
CNYRUBF;15;20240320;204500;12.814;12.814;12.814;12.814;100
CNYRUBF;15;20240320;210000;12.814;12.819;12.813;12.816;1283
CNYRUBF;15;20240320;211500;12.814;12.818;12.813;12.813;412
CNYRUBF;15;20240320;213000;12.813;12.815;12.813;12.813;3994
CNYRUBF;15;20240320;214500;12.814;12.82;12.814;12.818;2186
CNYRUBF;15;20240320;220000;12.82;12.821;12.818;12.821;1254
CNYRUBF;15;20240320;221500;12.821;12.824;12.819;12.82;451
CNYRUBF;15;20240320;223000;12.821;12.823;12.815;12.815;501
CNYRUBF;15;20240320;224500;12.818;12.818;12.816;12.816;146
CNYRUBF;15;20240320;230000;12.817;12.817;12.817;12.817;4
CNYRUBF;15;20240320;231500;12.817;12.822;12.817;12.818;264
CNYRUBF;15;20240320;233000;12.819;12.82;12.818;12.818;94
CNYRUBF;15;20240320;234500;12.818;12.818;12.81;12.817;213
CNYRUBF;15;20240321;090000;12.81;12.839;12.81;12.829;35577
CNYRUBF;15;20240321;091500;12.831;12.834;12.811;12.831;6447
CNYRUBF;15;20240321;093000;12.832;12.837;12.831;12.836;2876
CNYRUBF;15;20240321;094500;12.835;12.835;12.82;12.825;2391
CNYRUBF;15;20240321;100000;12.824;12.824;12.795;12.816;29149
CNYRUBF;15;20240321;101500;12.816;12.825;12.815;12.82;22505
CNYRUBF;15;20240321;103000;12.82;12.825;12.816;12.816;44404
CNYRUBF;15;20240321;104500;12.816;12.82;12.815;12.82;4927
CNYRUBF;15;20240321;110000;12.82;12.82;12.802;12.808;8828
CNYRUBF;15;20240321;111500;12.809;12.809;12.791;12.8;6330
CNYRUBF;15;20240321;113000;12.798;12.829;12.798;12.828;27886
CNYRUBF;15;20240321;114500;12.827;12.827;12.808;12.82;16882
CNYRUBF;15;20240321;120000;12.821;12.821;12.772;12.773;22979
CNYRUBF;15;20240321;121500;12.772;12.772;12.73;12.742;52699
CNYRUBF;15;20240321;123000;12.742;12.765;12.74;12.762;23730
CNYRUBF;15;20240321;124500;12.761;12.765;12.739;12.752;47277
CNYRUBF;15;20240321;130000;12.749;12.75;12.724;12.724;39354
CNYRUBF;15;20240321;131500;12.724;12.73;12.7;12.705;37002
CNYRUBF;15;20240321;133000;12.704;12.719;12.685;12.692;32987
CNYRUBF;15;20240321;134500;12.693;12.71;12.693;12.705;31687
CNYRUBF;15;20240321;140000;12.706;12.719;12.706;12.706;6396
CNYRUBF;15;20240321;141500;12.706;12.731;12.706;12.722;36015
CNYRUBF;15;20240321;143000;12.72;12.724;12.712;12.715;3141
CNYRUBF;15;20240321;144500;12.717;12.72;12.714;12.715;9115
CNYRUBF;15;20240321;150000;12.718;12.719;12.711;12.711;6704
CNYRUBF;15;20240321;151500;12.712;12.718;12.711;12.714;5146
CNYRUBF;15;20240321;153000;12.715;12.719;12.683;12.691;27751
CNYRUBF;15;20240321;154500;12.692;12.706;12.688;12.703;22482
CNYRUBF;15;20240321;160000;12.704;12.708;12.678;12.686;35586
CNYRUBF;15;20240321;161500;12.688;12.701;12.682;12.688;26297
CNYRUBF;15;20240321;163000;12.688;12.713;12.685;12.706;8124
CNYRUBF;15;20240321;164500;12.71;12.724;12.71;12.72;5990
CNYRUBF;15;20240321;170000;12.718;12.728;12.715;12.728;3970
CNYRUBF;15;20240321;171500;12.728;12.741;12.723;12.729;6562
CNYRUBF;15;20240321;173000;12.724;12.74;12.715;12.74;2203
CNYRUBF;15;20240321;174500;12.741;12.759;12.741;12.751;24147
CNYRUBF;15;20240321;180000;12.755;12.762;12.752;12.756;32863
CNYRUBF;15;20240321;181500;12.757;12.76;12.747;12.749;3188
CNYRUBF;15;20240321;183000;12.749;12.751;12.739;12.742;4690
CNYRUBF;15;20240321;184500;12.742;12.75;12.74;12.75;271
CNYRUBF;15;20240321;190000;12.748;12.765;12.748;12.758;1361
CNYRUBF;15;20240321;191500;12.758;12.764;12.75;12.76;791
CNYRUBF;15;20240321;193000;12.761;12.761;12.755;12.758;588
CNYRUBF;15;20240321;194500;12.757;12.757;12.75;12.754;347
CNYRUBF;15;20240321;200000;12.753;12.753;12.748;12.751;266
CNYRUBF;15;20240321;201500;12.751;12.755;12.75;12.752;75
CNYRUBF;15;20240321;203000;12.752;12.755;12.736;12.749;325
CNYRUBF;15;20240321;204500;12.75;12.75;12.743;12.748;266
CNYRUBF;15;20240321;210000;12.749;12.749;12.739;12.739;1308
CNYRUBF;15;20240321;211500;12.74;12.744;12.74;12.74;133
CNYRUBF;15;20240321;213000;12.743;12.744;12.741;12.743;46
CNYRUBF;15;20240321;214500;12.744;12.745;12.743;12.744;22
CNYRUBF;15;20240321;220000;12.745;12.748;12.745;12.748;321
CNYRUBF;15;20240321;221500;12.749;12.756;12.749;12.755;392
CNYRUBF;15;20240321;223000;12.754;12.756;12.753;12.756;84
CNYRUBF;15;20240321;224500;12.754;12.756;12.753;12.756;10
CNYRUBF;15;20240321;230000;12.757;12.759;12.756;12.759;33
CNYRUBF;15;20240321;231500;12.758;12.758;12.754;12.758;21
CNYRUBF;15;20240321;233000;12.758;12.76;12.75;12.759;344
CNYRUBF;15;20240321;234500;12.76;12.76;12.75;12.75;15
CNYRUBF;15;20240322;090000;12.733;12.745;12.704;12.707;16267
CNYRUBF;15;20240322;091500;12.708;12.724;12.706;12.72;3562
CNYRUBF;15;20240322;093000;12.72;12.728;12.711;12.721;4157
CNYRUBF;15;20240322;094500;12.722;12.729;12.716;12.719;4710
CNYRUBF;15;20240322;100000;12.721;12.721;12.708;12.712;8888
CNYRUBF;15;20240322;101500;12.717;12.722;12.704;12.715;34135
CNYRUBF;15;20240322;103000;12.714;12.719;12.697;12.711;21504
CNYRUBF;15;20240322;104500;12.711;12.723;12.71;12.722;35613
CNYRUBF;15;20240322;110000;12.72;12.737;12.72;12.737;55847
CNYRUBF;15;20240322;111500;12.737;12.76;12.731;12.756;12602
CNYRUBF;15;20240322;113000;12.757;12.779;12.757;12.775;25123
CNYRUBF;15;20240322;114500;12.775;12.781;12.769;12.781;50510
CNYRUBF;15;20240322;120000;12.78;12.79;12.78;12.79;30992
CNYRUBF;15;20240322;121500;12.79;12.79;12.781;12.782;3601
CNYRUBF;15;20240322;123000;12.781;12.781;12.762;12.779;3645
CNYRUBF;15;20240322;124500;12.78;12.78;12.77;12.776;5714
CNYRUBF;15;20240322;130000;12.776;12.777;12.771;12.772;49955
CNYRUBF;15;20240322;131500;12.772;12.777;12.769;12.771;5509
CNYRUBF;15;20240322;133000;12.774;12.78;12.771;12.775;12484
CNYRUBF;15;20240322;134500;12.775;12.778;12.773;12.773;2864
CNYRUBF;15;20240322;140000;12.773;12.773;12.762;12.763;3914
CNYRUBF;15;20240322;141500;12.762;12.765;12.75;12.756;33976
CNYRUBF;15;20240322;143000;12.756;12.758;12.73;12.742;5676
CNYRUBF;15;20240322;144500;12.744;12.747;12.738;12.74;16402
CNYRUBF;15;20240322;150000;12.74;12.743;12.737;12.743;44855
CNYRUBF;15;20240322;151500;12.743;12.749;12.742;12.748;30811
CNYRUBF;15;20240322;153000;12.748;12.75;12.735;12.748;7182
CNYRUBF;15;20240322;154500;12.749;12.76;12.748;12.756;58772
CNYRUBF;15;20240322;160000;12.755;12.759;12.737;12.741;7211
CNYRUBF;15;20240322;161500;12.741;12.76;12.739;12.759;17090
CNYRUBF;15;20240322;163000;12.758;12.76;12.75;12.75;15813
CNYRUBF;15;20240322;164500;12.751;12.76;12.751;12.755;1891
CNYRUBF;15;20240322;170000;12.755;12.759;12.746;12.757;9759
CNYRUBF;15;20240322;171500;12.758;12.758;12.755;12.758;15317
CNYRUBF;15;20240322;173000;12.758;12.765;12.757;12.763;17687
CNYRUBF;15;20240322;174500;12.764;12.769;12.76;12.769;32585
CNYRUBF;15;20240322;180000;12.769;12.77;12.758;12.761;4826
CNYRUBF;15;20240322;181500;12.761;12.762;12.753;12.759;2390
CNYRUBF;15;20240322;183000;12.759;12.759;12.746;12.751;1887
CNYRUBF;15;20240322;184500;12.75;12.766;12.742;12.754;4189
CNYRUBF;15;20240322;190000;12.752;12.757;12.751;12.756;394
CNYRUBF;15;20240322;191500;12.756;12.807;12.753;12.766;8211
CNYRUBF;15;20240322;193000;12.766;12.768;12.759;12.761;2333
CNYRUBF;15;20240322;194500;12.761;12.761;12.758;12.758;461
CNYRUBF;15;20240322;200000;12.759;12.76;12.754;12.757;275
CNYRUBF;15;20240322;201500;12.755;12.758;12.751;12.753;267
CNYRUBF;15;20240322;203000;12.758;12.763;12.754;12.76;478
CNYRUBF;15;20240322;204500;12.76;12.791;12.758;12.783;4821
CNYRUBF;15;20240322;210000;12.787;12.789;12.77;12.775;2272
CNYRUBF;15;20240322;211500;12.774;12.783;12.771;12.782;1157
CNYRUBF;15;20240322;213000;12.783;12.784;12.78;12.784;3127
CNYRUBF;15;20240322;214500;12.784;12.801;12.782;12.801;6491
CNYRUBF;15;20240322;220000;12.801;12.829;12.798;12.825;7077
CNYRUBF;15;20240322;221500;12.823;12.828;12.808;12.809;5985
CNYRUBF;15;20240322;223000;12.81;12.828;12.809;12.826;9837
CNYRUBF;15;20240322;224500;12.827;12.839;12.827;12.838;5575
CNYRUBF;15;20240322;230000;12.839;12.844;12.804;12.823;16737
CNYRUBF;15;20240322;231500;12.824;12.842;12.817;12.835;9933
CNYRUBF;15;20240322;233000;12.834;12.84;12.827;12.83;6437
CNYRUBF;15;20240322;234500;12.83;12.83;12.82;12.82;1254
CNYRUBF;15;20240325;090000;12.83;12.83;12.791;12.791;24666
CNYRUBF;15;20240325;091500;12.79;12.805;12.79;12.792;4283
CNYRUBF;15;20240325;093000;12.791;12.809;12.791;12.797;3533
CNYRUBF;15;20240325;094500;12.796;12.8;12.776;12.783;7540
CNYRUBF;15;20240325;100000;12.782;12.788;12.771;12.775;14191
CNYRUBF;15;20240325;101500;12.778;12.799;12.772;12.785;6206
CNYRUBF;15;20240325;103000;12.787;12.82;12.783;12.803;30823
CNYRUBF;15;20240325;104500;12.802;12.811;12.795;12.807;6378
CNYRUBF;15;20240325;110000;12.808;12.82;12.804;12.813;5089
CNYRUBF;15;20240325;111500;12.812;12.827;12.801;12.805;16249
CNYRUBF;15;20240325;113000;12.802;12.825;12.802;12.823;3537
CNYRUBF;15;20240325;114500;12.821;12.828;12.815;12.818;5956
CNYRUBF;15;20240325;120000;12.817;12.822;12.816;12.822;2178
CNYRUBF;15;20240325;121500;12.822;12.826;12.815;12.816;17131
CNYRUBF;15;20240325;123000;12.816;12.817;12.807;12.812;9968
CNYRUBF;15;20240325;124500;12.811;12.828;12.81;12.81;20929
CNYRUBF;15;20240325;130000;12.809;12.814;12.794;12.794;44554
CNYRUBF;15;20240325;131500;12.794;12.818;12.779;12.786;49630
CNYRUBF;15;20240325;133000;12.786;12.793;12.778;12.783;28792
CNYRUBF;15;20240325;134500;12.78;12.785;12.778;12.784;7106
CNYRUBF;15;20240325;140000;12.784;12.788;12.782;12.787;8631
CNYRUBF;15;20240325;141500;12.786;12.791;12.783;12.791;22464
CNYRUBF;15;20240325;143000;12.79;12.796;12.767;12.78;21004
CNYRUBF;15;20240325;144500;12.776;12.778;12.763;12.776;7664
CNYRUBF;15;20240325;150000;12.776;12.787;12.77;12.775;11215
CNYRUBF;15;20240325;151500;12.776;12.78;12.771;12.771;4213
CNYRUBF;15;20240325;153000;12.771;12.778;12.767;12.767;13266
CNYRUBF;15;20240325;154500;12.767;12.772;12.766;12.772;4186
CNYRUBF;15;20240325;160000;12.773;12.794;12.771;12.786;6322
CNYRUBF;15;20240325;161500;12.786;12.799;12.78;12.79;9133
CNYRUBF;15;20240325;163000;12.789;12.799;12.789;12.798;6790
CNYRUBF;15;20240325;164500;12.798;12.798;12.794;12.794;1643
CNYRUBF;15;20240325;170000;12.793;12.8;12.786;12.8;4270
CNYRUBF;15;20240325;171500;12.796;12.799;12.788;12.793;899
CNYRUBF;15;20240325;173000;12.795;12.795;12.786;12.789;1697
CNYRUBF;15;20240325;174500;12.788;12.793;12.786;12.791;350
CNYRUBF;15;20240325;180000;12.793;12.794;12.783;12.79;2334
CNYRUBF;15;20240325;181500;12.79;12.798;12.786;12.788;2530
CNYRUBF;15;20240325;183000;12.79;12.794;12.785;12.788;7242
CNYRUBF;15;20240325;184500;12.786;12.789;12.785;12.789;1010
CNYRUBF;15;20240325;190000;12.784;12.786;12.781;12.785;291
CNYRUBF;15;20240325;191500;12.788;12.794;12.786;12.791;311
CNYRUBF;15;20240325;193000;12.792;12.792;12.79;12.79;68
CNYRUBF;15;20240325;194500;12.79;12.792;12.788;12.792;31
CNYRUBF;15;20240325;200000;12.791;12.792;12.789;12.789;518
CNYRUBF;15;20240325;201500;12.792;12.795;12.788;12.791;232
CNYRUBF;15;20240325;203000;12.79;12.79;12.788;12.788;60
CNYRUBF;15;20240325;204500;12.79;12.793;12.79;12.793;49
CNYRUBF;15;20240325;210000;12.793;12.793;12.787;12.792;171
CNYRUBF;15;20240325;211500;12.792;12.796;12.792;12.793;104
CNYRUBF;15;20240325;213000;12.795;12.797;12.792;12.794;187
CNYRUBF;15;20240325;214500;12.798;12.799;12.796;12.796;70
CNYRUBF;15;20240325;220000;12.796;12.8;12.793;12.796;571
CNYRUBF;15;20240325;221500;12.796;12.8;12.796;12.8;90
CNYRUBF;15;20240325;223000;12.8;12.8;12.795;12.795;597
CNYRUBF;15;20240325;224500;12.795;12.795;12.794;12.795;1875
CNYRUBF;15;20240325;230000;12.795;12.8;12.792;12.8;865
CNYRUBF;15;20240325;231500;12.799;12.799;12.796;12.796;22
CNYRUBF;15;20240325;233000;12.798;12.798;12.798;12.798;100
CNYRUBF;15;20240325;234500;12.798;12.798;12.795;12.798;157
CNYRUBF;15;20240326;090000;12.797;12.811;12.797;12.809;6855
CNYRUBF;15;20240326;091500;12.809;12.811;12.806;12.807;2930
CNYRUBF;15;20240326;093000;12.806;12.814;12.806;12.808;3373
CNYRUBF;15;20240326;094500;12.809;12.809;12.802;12.805;4335
CNYRUBF;15;20240326;100000;12.806;12.808;12.795;12.808;11296
CNYRUBF;15;20240326;101500;12.808;12.81;12.802;12.806;10613
CNYRUBF;15;20240326;103000;12.807;12.81;12.8;12.807;30304
CNYRUBF;15;20240326;104500;12.806;12.807;12.792;12.805;12380
CNYRUBF;15;20240326;110000;12.805;12.814;12.794;12.799;27329
CNYRUBF;15;20240326;111500;12.799;12.807;12.799;12.799;14002
CNYRUBF;15;20240326;113000;12.8;12.803;12.789;12.789;29683
CNYRUBF;15;20240326;114500;12.789;12.793;12.787;12.792;6774
CNYRUBF;15;20240326;120000;12.793;12.795;12.791;12.793;4301
CNYRUBF;15;20240326;121500;12.795;12.802;12.792;12.792;3702
CNYRUBF;15;20240326;123000;12.792;12.801;12.79;12.795;3920
CNYRUBF;15;20240326;124500;12.795;12.799;12.789;12.796;1582
CNYRUBF;15;20240326;130000;12.793;12.797;12.791;12.795;337
CNYRUBF;15;20240326;131500;12.796;12.796;12.792;12.796;679
CNYRUBF;15;20240326;133000;12.796;12.805;12.792;12.793;16164
CNYRUBF;15;20240326;134500;12.796;12.798;12.793;12.797;11381
CNYRUBF;15;20240326;140000;12.795;12.795;12.786;12.79;7334
CNYRUBF;15;20240326;141500;12.79;12.794;12.785;12.787;6555
CNYRUBF;15;20240326;143000;12.785;12.787;12.77;12.777;11431
CNYRUBF;15;20240326;144500;12.776;12.785;12.772;12.778;18657
CNYRUBF;15;20240326;150000;12.775;12.778;12.77;12.773;12541
CNYRUBF;15;20240326;151500;12.773;12.78;12.772;12.777;28347
CNYRUBF;15;20240326;153000;12.777;12.794;12.775;12.787;24505
CNYRUBF;15;20240326;154500;12.787;12.791;12.781;12.791;5115
CNYRUBF;15;20240326;160000;12.792;12.803;12.79;12.795;11630
CNYRUBF;15;20240326;161500;12.796;12.805;12.795;12.804;8788
CNYRUBF;15;20240326;163000;12.803;12.808;12.8;12.802;5059
CNYRUBF;15;20240326;164500;12.804;12.809;12.798;12.799;4418
CNYRUBF;15;20240326;170000;12.8;12.807;12.798;12.805;1083
CNYRUBF;15;20240326;171500;12.805;12.809;12.798;12.809;7243
CNYRUBF;15;20240326;173000;12.806;12.808;12.801;12.803;2377
CNYRUBF;15;20240326;174500;12.803;12.806;12.8;12.802;7103
CNYRUBF;15;20240326;180000;12.802;12.806;12.801;12.806;2044
CNYRUBF;15;20240326;181500;12.805;12.808;12.805;12.808;2058
CNYRUBF;15;20240326;183000;12.806;12.808;12.806;12.808;1738
CNYRUBF;15;20240326;184500;12.807;12.808;12.807;12.808;849
CNYRUBF;15;20240326;190000;12.809;12.811;12.804;12.807;677
CNYRUBF;15;20240326;191500;12.806;12.809;12.806;12.809;356
CNYRUBF;15;20240326;193000;12.806;12.809;12.806;12.806;53
CNYRUBF;15;20240326;194500;12.806;12.809;12.806;12.809;94
CNYRUBF;15;20240326;200000;12.807;12.807;12.805;12.805;583
CNYRUBF;15;20240326;201500;12.804;12.805;12.803;12.804;1140
CNYRUBF;15;20240326;203000;12.805;12.806;12.802;12.805;71
CNYRUBF;15;20240326;204500;12.805;12.805;12.802;12.802;145
CNYRUBF;15;20240326;210000;12.802;12.805;12.802;12.805;607
CNYRUBF;15;20240326;211500;12.805;12.805;12.802;12.804;56
CNYRUBF;15;20240326;213000;12.803;12.806;12.801;12.804;283
CNYRUBF;15;20240326;220000;12.805;12.805;12.804;12.804;323
CNYRUBF;15;20240326;221500;12.805;12.805;12.805;12.805;1
CNYRUBF;15;20240326;223000;12.804;12.805;12.804;12.805;17
CNYRUBF;15;20240326;224500;12.806;12.807;12.804;12.807;39
CNYRUBF;15;20240326;230000;12.808;12.809;12.807;12.808;280
CNYRUBF;15;20240326;231500;12.808;12.809;12.808;12.808;203
CNYRUBF;15;20240326;233000;12.807;12.807;12.805;12.805;33
CNYRUBF;15;20240326;234500;12.807;12.807;12.807;12.807;30
CNYRUBF;15;20240327;090000;12.8;12.802;12.783;12.795;3142
CNYRUBF;15;20240327;091500;12.794;12.796;12.79;12.792;2913
CNYRUBF;15;20240327;093000;12.792;12.799;12.788;12.793;3985
CNYRUBF;15;20240327;094500;12.792;12.798;12.787;12.787;4509
CNYRUBF;15;20240327;100000;12.786;12.789;12.78;12.785;7096
CNYRUBF;15;20240327;101500;12.786;12.79;12.782;12.786;965
CNYRUBF;15;20240327;103000;12.786;12.789;12.778;12.787;10291
CNYRUBF;15;20240327;104500;12.788;12.799;12.788;12.794;3526
CNYRUBF;15;20240327;110000;12.794;12.795;12.789;12.789;4419
CNYRUBF;15;20240327;111500;12.788;12.794;12.786;12.788;6096
CNYRUBF;15;20240327;113000;12.789;12.792;12.787;12.787;5091
CNYRUBF;15;20240327;114500;12.79;12.794;12.787;12.792;5046
CNYRUBF;15;20240327;120000;12.788;12.792;12.786;12.788;2740
CNYRUBF;15;20240327;121500;12.787;12.79;12.785;12.786;1808
CNYRUBF;15;20240327;123000;12.788;12.79;12.782;12.784;4502
CNYRUBF;15;20240327;124500;12.783;12.787;12.778;12.781;4244
CNYRUBF;15;20240327;130000;12.781;12.781;12.746;12.759;37363
CNYRUBF;15;20240327;131500;12.758;12.765;12.757;12.763;5566
CNYRUBF;15;20240327;133000;12.763;12.765;12.759;12.763;5450
CNYRUBF;15;20240327;134500;12.761;12.767;12.75;12.752;9917
CNYRUBF;15;20240327;140000;12.752;12.755;12.75;12.755;5056
CNYRUBF;15;20240327;141500;12.755;12.755;12.744;12.749;19650
CNYRUBF;15;20240327;143000;12.75;12.754;12.746;12.75;16187
CNYRUBF;15;20240327;144500;12.75;12.751;12.739;12.739;9453
CNYRUBF;15;20240327;150000;12.741;12.741;12.705;12.71;41564
CNYRUBF;15;20240327;151500;12.709;12.72;12.702;12.706;49956
CNYRUBF;15;20240327;153000;12.71;12.714;12.698;12.698;38602
CNYRUBF;15;20240327;154500;12.698;12.701;12.688;12.693;23402
CNYRUBF;15;20240327;160000;12.693;12.7;12.671;12.671;16227
CNYRUBF;15;20240327;161500;12.676;12.68;12.666;12.673;32725
CNYRUBF;15;20240327;163000;12.67;12.699;12.657;12.684;20102
CNYRUBF;15;20240327;164500;12.68;12.683;12.666;12.675;10531
CNYRUBF;15;20240327;170000;12.672;12.672;12.65;12.653;12329
CNYRUBF;15;20240327;171500;12.653;12.655;12.635;12.653;42585
CNYRUBF;15;20240327;173000;12.654;12.669;12.64;12.668;21415
CNYRUBF;15;20240327;174500;12.668;12.668;12.64;12.65;22681
CNYRUBF;15;20240327;180000;12.655;12.67;12.649;12.66;25658
CNYRUBF;15;20240327;181500;12.659;12.659;12.643;12.649;8380
CNYRUBF;15;20240327;183000;12.651;12.663;12.645;12.663;18502
CNYRUBF;15;20240327;184500;12.663;12.667;12.662;12.666;4748
CNYRUBF;15;20240327;190000;12.656;12.683;12.656;12.67;4928
CNYRUBF;15;20240327;191500;12.67;12.67;12.666;12.67;3988
CNYRUBF;15;20240327;193000;12.67;12.67;12.662;12.668;876
CNYRUBF;15;20240327;194500;12.665;12.668;12.66;12.665;1291
CNYRUBF;15;20240327;200000;12.665;12.666;12.662;12.665;88
CNYRUBF;15;20240327;201500;12.665;12.666;12.662;12.664;474
CNYRUBF;15;20240327;203000;12.664;12.664;12.662;12.662;439
CNYRUBF;15;20240327;204500;12.663;12.665;12.662;12.665;724
CNYRUBF;15;20240327;210000;12.665;12.667;12.662;12.664;724
CNYRUBF;15;20240327;211500;12.663;12.663;12.655;12.655;1924
CNYRUBF;15;20240327;213000;12.656;12.658;12.655;12.658;1036
CNYRUBF;15;20240327;214500;12.658;12.663;12.658;12.662;199
CNYRUBF;15;20240327;220000;12.663;12.664;12.659;12.661;625
CNYRUBF;15;20240327;221500;12.66;12.661;12.66;12.661;64
CNYRUBF;15;20240327;223000;12.66;12.66;12.658;12.658;43
CNYRUBF;15;20240327;224500;12.66;12.662;12.655;12.655;399
CNYRUBF;15;20240327;230000;12.657;12.662;12.656;12.66;138
CNYRUBF;15;20240327;231500;12.659;12.659;12.653;12.657;688
CNYRUBF;15;20240327;233000;12.657;12.664;12.652;12.652;644
CNYRUBF;15;20240327;234500;12.654;12.67;12.653;12.67;366
CNYRUBF;15;20240328;090000;12.67;12.671;12.653;12.671;60748
CNYRUBF;15;20240328;091500;12.671;12.679;12.671;12.678;20806
CNYRUBF;15;20240328;093000;12.678;12.69;12.678;12.689;3550
CNYRUBF;15;20240328;094500;12.688;12.689;12.682;12.683;3907
CNYRUBF;15;20240328;100000;12.683;12.689;12.68;12.684;11411
CNYRUBF;15;20240328;101500;12.685;12.69;12.681;12.69;23224
CNYRUBF;15;20240328;103000;12.69;12.69;12.674;12.682;10663
CNYRUBF;15;20240328;104500;12.681;12.709;12.676;12.704;23266
CNYRUBF;15;20240328;110000;12.702;12.724;12.7;12.706;14237
CNYRUBF;15;20240328;111500;12.707;12.728;12.707;12.725;11579
CNYRUBF;15;20240328;113000;12.724;12.737;12.723;12.737;10872
CNYRUBF;15;20240328;114500;12.736;12.741;12.724;12.74;14235
CNYRUBF;15;20240328;120000;12.739;12.739;12.727;12.73;4685
CNYRUBF;15;20240328;121500;12.728;12.728;12.71;12.717;10253
CNYRUBF;15;20240328;123000;12.718;12.725;12.716;12.719;14195
CNYRUBF;15;20240328;124500;12.718;12.724;12.712;12.717;10491
CNYRUBF;15;20240328;130000;12.718;12.718;12.711;12.716;5068
CNYRUBF;15;20240328;131500;12.717;12.718;12.708;12.716;3317
CNYRUBF;15;20240328;133000;12.716;12.719;12.705;12.707;7295
CNYRUBF;15;20240328;134500;12.709;12.712;12.7;12.707;6754
CNYRUBF;15;20240328;140000;12.706;12.706;12.696;12.697;3467
CNYRUBF;15;20240328;141500;12.698;12.709;12.697;12.704;2656
CNYRUBF;15;20240328;143000;12.706;12.717;12.7;12.709;6378
CNYRUBF;15;20240328;144500;12.71;12.71;12.696;12.708;1445
CNYRUBF;15;20240328;150000;12.706;12.71;12.702;12.703;7297
CNYRUBF;15;20240328;151500;12.702;12.705;12.698;12.701;7442
CNYRUBF;15;20240328;153000;12.703;12.733;12.703;12.728;33538
CNYRUBF;15;20240328;154500;12.73;12.74;12.719;12.735;9331
CNYRUBF;15;20240328;160000;12.735;12.742;12.705;12.742;22509
CNYRUBF;15;20240328;161500;12.739;12.742;12.729;12.733;14517
CNYRUBF;15;20240328;163000;12.734;12.736;12.729;12.736;7122
CNYRUBF;15;20240328;164500;12.736;12.738;12.731;12.738;971
CNYRUBF;15;20240328;170000;12.738;12.739;12.724;12.728;3128
CNYRUBF;15;20240328;171500;12.727;12.741;12.722;12.741;5141
CNYRUBF;15;20240328;173000;12.74;12.747;12.733;12.733;12587
CNYRUBF;15;20240328;174500;12.732;12.737;12.732;12.737;2204
CNYRUBF;15;20240328;180000;12.735;12.742;12.735;12.739;3474
CNYRUBF;15;20240328;181500;12.737;12.739;12.734;12.739;2164
CNYRUBF;15;20240328;183000;12.739;12.745;12.721;12.736;22289
CNYRUBF;15;20240328;184500;12.737;12.737;12.733;12.734;266
CNYRUBF;15;20240328;190000;12.738;12.766;12.738;12.75;27676
CNYRUBF;15;20240328;191500;12.749;12.75;12.739;12.739;27411
CNYRUBF;15;20240328;193000;12.738;12.74;12.738;12.74;2326
CNYRUBF;15;20240328;194500;12.739;12.74;12.739;12.74;189
CNYRUBF;15;20240328;200000;12.739;12.74;12.739;12.739;496
CNYRUBF;15;20240328;201500;12.739;12.739;12.738;12.738;1991
CNYRUBF;15;20240328;203000;12.738;12.739;12.738;12.738;1278
CNYRUBF;15;20240328;204500;12.738;12.74;12.738;12.74;2017
CNYRUBF;15;20240328;210000;12.739;12.739;12.738;12.738;1462
CNYRUBF;15;20240328;211500;12.739;12.74;12.738;12.74;1115
CNYRUBF;15;20240328;213000;12.74;12.74;12.739;12.739;1393
CNYRUBF;15;20240328;214500;12.738;12.739;12.738;12.739;15
CNYRUBF;15;20240328;220000;12.739;12.739;12.738;12.738;121
CNYRUBF;15;20240328;221500;12.738;12.739;12.738;12.738;1038
CNYRUBF;15;20240328;223000;12.738;12.74;12.738;12.738;867
CNYRUBF;15;20240328;224500;12.739;12.739;12.738;12.738;118
CNYRUBF;15;20240328;230000;12.738;12.739;12.738;12.739;103
CNYRUBF;15;20240328;231500;12.738;12.74;12.738;12.739;142
CNYRUBF;15;20240328;233000;12.739;12.74;12.738;12.738;252
CNYRUBF;15;20240328;234500;12.738;12.739;12.738;12.738;256
CNYRUBF;15;20240329;090000;12.74;12.75;12.738;12.743;26124
CNYRUBF;15;20240329;091500;12.741;12.741;12.737;12.737;6298
CNYRUBF;15;20240329;093000;12.736;12.736;12.701;12.704;9161
CNYRUBF;15;20240329;094500;12.703;12.708;12.686;12.69;9120
CNYRUBF;15;20240329;100000;12.688;12.688;12.648;12.652;51639
CNYRUBF;15;20240329;101500;12.652;12.657;12.626;12.656;51140
CNYRUBF;15;20240329;103000;12.656;12.675;12.65;12.666;23913
CNYRUBF;15;20240329;104500;12.666;12.67;12.663;12.667;9508
CNYRUBF;15;20240329;110000;12.669;12.682;12.665;12.682;9201
CNYRUBF;15;20240329;111500;12.682;12.694;12.678;12.678;13339
CNYRUBF;15;20240329;113000;12.678;12.7;12.678;12.693;18679
CNYRUBF;15;20240329;114500;12.692;12.696;12.687;12.696;4027
CNYRUBF;15;20240329;120000;12.693;12.712;12.693;12.705;6325
CNYRUBF;15;20240329;121500;12.704;12.715;12.7;12.715;1655
CNYRUBF;15;20240329;123000;12.713;12.715;12.705;12.71;3499
CNYRUBF;15;20240329;124500;12.71;12.716;12.706;12.715;7469
CNYRUBF;15;20240329;130000;12.715;12.715;12.7;12.707;5147
CNYRUBF;15;20240329;131500;12.705;12.707;12.696;12.701;6889
CNYRUBF;15;20240329;133000;12.702;12.703;12.699;12.699;2786
CNYRUBF;15;20240329;134500;12.699;12.699;12.688;12.692;24330
CNYRUBF;15;20240329;140000;12.692;12.701;12.69;12.691;6201
CNYRUBF;15;20240329;141500;12.692;12.699;12.69;12.691;9928
CNYRUBF;15;20240329;143000;12.691;12.695;12.687;12.692;12497
CNYRUBF;15;20240329;144500;12.692;12.696;12.69;12.691;6865
CNYRUBF;15;20240329;150000;12.692;12.695;12.688;12.691;9813
CNYRUBF;15;20240329;151500;12.69;12.693;12.684;12.691;9926
CNYRUBF;15;20240329;153000;12.691;12.694;12.686;12.689;15228
CNYRUBF;15;20240329;154500;12.688;12.693;12.681;12.682;6189
CNYRUBF;15;20240329;160000;12.681;12.702;12.681;12.698;7521
CNYRUBF;15;20240329;161500;12.699;12.7;12.674;12.674;10175
CNYRUBF;15;20240329;163000;12.673;12.676;12.646;12.648;17834
CNYRUBF;15;20240329;164500;12.649;12.686;12.646;12.684;17916
CNYRUBF;15;20240329;170000;12.682;12.683;12.667;12.675;8269
CNYRUBF;15;20240329;171500;12.676;12.676;12.657;12.662;9893
CNYRUBF;15;20240329;173000;12.661;12.662;12.653;12.658;6865
CNYRUBF;15;20240329;174500;12.658;12.658;12.645;12.655;12380
CNYRUBF;15;20240329;180000;12.655;12.672;12.653;12.67;6394
CNYRUBF;15;20240329;181500;12.671;12.678;12.669;12.673;9701
CNYRUBF;15;20240329;183000;12.673;12.677;12.673;12.674;5460
CNYRUBF;15;20240329;184500;12.674;12.681;12.673;12.68;11769
CNYRUBF;15;20240329;190000;12.682;12.693;12.674;12.677;3029
CNYRUBF;15;20240329;191500;12.676;12.679;12.672;12.677;1394
CNYRUBF;15;20240329;193000;12.677;12.68;12.675;12.675;1031
CNYRUBF;15;20240329;194500;12.679;12.685;12.677;12.685;1982
CNYRUBF;15;20240329;200000;12.683;12.685;12.682;12.685;879
CNYRUBF;15;20240329;201500;12.684;12.684;12.678;12.678;1186
CNYRUBF;15;20240329;203000;12.678;12.681;12.678;12.681;161
CNYRUBF;15;20240329;204500;12.682;12.684;12.678;12.678;131
CNYRUBF;15;20240329;210000;12.678;12.683;12.678;12.68;720
CNYRUBF;15;20240329;211500;12.681;12.684;12.68;12.68;333
CNYRUBF;15;20240329;213000;12.68;12.684;12.679;12.68;161
CNYRUBF;15;20240329;214500;12.684;12.687;12.684;12.687;1441
CNYRUBF;15;20240329;220000;12.685;12.686;12.68;12.684;703
CNYRUBF;15;20240329;221500;12.682;12.685;12.678;12.678;215
CNYRUBF;15;20240329;223000;12.677;12.681;12.676;12.679;309
CNYRUBF;15;20240329;224500;12.68;12.685;12.68;12.684;135
CNYRUBF;15;20240329;230000;12.683;12.685;12.683;12.685;17
CNYRUBF;15;20240329;231500;12.686;12.688;12.684;12.688;110
CNYRUBF;15;20240329;233000;12.687;12.688;12.685;12.687;42
CNYRUBF;15;20240329;234500;12.686;12.69;12.685;12.69;112
CNYRUBF;15;20240401;090000;12.701;12.716;12.696;12.703;11980
CNYRUBF;15;20240401;091500;12.701;12.71;12.7;12.708;2454
CNYRUBF;15;20240401;093000;12.706;12.709;12.704;12.707;1548
CNYRUBF;15;20240401;094500;12.708;12.708;12.704;12.704;4552
CNYRUBF;15;20240401;100000;12.704;12.704;12.686;12.694;6367
CNYRUBF;15;20240401;101500;12.695;12.707;12.695;12.7;5310
CNYRUBF;15;20240401;103000;12.702;12.71;12.7;12.705;1955
CNYRUBF;15;20240401;104500;12.708;12.714;12.707;12.711;2800
CNYRUBF;15;20240401;110000;12.711;12.712;12.706;12.71;2726
CNYRUBF;15;20240401;111500;12.708;12.712;12.707;12.711;1805
CNYRUBF;15;20240401;113000;12.71;12.712;12.709;12.71;1868
CNYRUBF;15;20240401;114500;12.71;12.713;12.705;12.705;6014
CNYRUBF;15;20240401;120000;12.708;12.712;12.706;12.711;1291
CNYRUBF;15;20240401;121500;12.711;12.713;12.709;12.71;1868
CNYRUBF;15;20240401;123000;12.711;12.711;12.693;12.693;2026
CNYRUBF;15;20240401;124500;12.693;12.707;12.688;12.705;3872
CNYRUBF;15;20240401;130000;12.705;12.712;12.698;12.707;5713
CNYRUBF;15;20240401;131500;12.707;12.707;12.691;12.696;1547
CNYRUBF;15;20240401;133000;12.696;12.697;12.68;12.686;3595
CNYRUBF;15;20240401;134500;12.687;12.691;12.675;12.683;5985
CNYRUBF;15;20240401;140000;12.684;12.687;12.678;12.687;1468
CNYRUBF;15;20240401;141500;12.687;12.687;12.681;12.686;4529
CNYRUBF;15;20240401;143000;12.686;12.688;12.684;12.685;6920
CNYRUBF;15;20240401;144500;12.685;12.694;12.684;12.692;3874
CNYRUBF;15;20240401;150000;12.692;12.707;12.692;12.703;18161
CNYRUBF;15;20240401;151500;12.705;12.709;12.696;12.702;14950
CNYRUBF;15;20240401;153000;12.704;12.706;12.702;12.704;12295
CNYRUBF;15;20240401;154500;12.704;12.706;12.701;12.705;7966
CNYRUBF;15;20240401;160000;12.706;12.715;12.706;12.712;17148
CNYRUBF;15;20240401;161500;12.713;12.714;12.708;12.71;7748
CNYRUBF;15;20240401;163000;12.709;12.713;12.704;12.709;39274
CNYRUBF;15;20240401;164500;12.71;12.71;12.705;12.707;68331
CNYRUBF;15;20240401;170000;12.707;12.712;12.704;12.708;67188
CNYRUBF;15;20240401;171500;12.708;12.709;12.7;12.706;39123
CNYRUBF;15;20240401;173000;12.705;12.706;12.7;12.704;15595
CNYRUBF;15;20240401;174500;12.701;12.711;12.7;12.711;9944
CNYRUBF;15;20240401;180000;12.71;12.714;12.709;12.709;12574
CNYRUBF;15;20240401;181500;12.709;12.71;12.706;12.708;8015
CNYRUBF;15;20240401;183000;12.707;12.709;12.694;12.708;23720
CNYRUBF;15;20240401;184500;12.708;12.709;12.702;12.703;6353
CNYRUBF;15;20240401;190000;12.715;12.715;12.703;12.707;3184
CNYRUBF;15;20240401;191500;12.708;12.709;12.706;12.706;1635
CNYRUBF;15;20240401;193000;12.706;12.707;12.706;12.706;1306
CNYRUBF;15;20240401;194500;12.707;12.711;12.707;12.711;2130
CNYRUBF;15;20240401;200000;12.711;12.711;12.709;12.709;478
CNYRUBF;15;20240401;201500;12.71;12.711;12.709;12.709;204
CNYRUBF;15;20240401;203000;12.71;12.71;12.709;12.71;130
CNYRUBF;15;20240401;204500;12.71;12.71;12.709;12.709;1161
CNYRUBF;15;20240401;210000;12.709;12.71;12.709;12.71;67
CNYRUBF;15;20240401;211500;12.71;12.71;12.709;12.71;339
CNYRUBF;15;20240401;213000;12.709;12.71;12.709;12.71;737
CNYRUBF;15;20240401;214500;12.71;12.71;12.71;12.71;39
CNYRUBF;15;20240401;220000;12.71;12.71;12.709;12.709;37
CNYRUBF;15;20240401;221500;12.71;12.71;12.709;12.71;73
CNYRUBF;15;20240401;223000;12.709;12.71;12.709;12.71;7785
CNYRUBF;15;20240401;224500;12.709;12.711;12.709;12.71;22
CNYRUBF;15;20240401;230000;12.71;12.71;12.709;12.709;26
CNYRUBF;15;20240401;231500;12.709;12.711;12.709;12.711;384
CNYRUBF;15;20240401;233000;12.711;12.711;12.709;12.709;678
CNYRUBF;15;20240401;234500;12.71;12.711;12.709;12.709;100
CNYRUBF;15;20240402;090000;12.71;12.716;12.71;12.715;3511
CNYRUBF;15;20240402;091500;12.715;12.716;12.714;12.715;1417
CNYRUBF;15;20240402;093000;12.713;12.713;12.712;12.712;82
CNYRUBF;15;20240402;094500;12.713;12.714;12.712;12.712;1210
CNYRUBF;15;20240402;100000;12.711;12.711;12.693;12.708;15134
CNYRUBF;15;20240402;101500;12.707;12.735;12.707;12.724;18732
CNYRUBF;15;20240402;103000;12.726;12.735;12.726;12.733;11979
CNYRUBF;15;20240402;104500;12.733;12.749;12.732;12.749;57071
CNYRUBF;15;20240402;110000;12.749;12.76;12.747;12.755;61335
CNYRUBF;15;20240402;111500;12.755;12.762;12.754;12.76;55138
CNYRUBF;15;20240402;113000;12.76;12.76;12.744;12.748;50798
CNYRUBF;15;20240402;114500;12.748;12.75;12.744;12.746;40122
CNYRUBF;15;20240402;120000;12.747;12.747;12.735;12.741;17602
CNYRUBF;15;20240402;121500;12.739;12.743;12.735;12.737;12502
CNYRUBF;15;20240402;123000;12.737;12.737;12.726;12.728;14784
CNYRUBF;15;20240402;124500;12.727;12.732;12.726;12.731;1858
CNYRUBF;15;20240402;130000;12.731;12.739;12.729;12.731;28489
CNYRUBF;15;20240402;131500;12.732;12.732;12.72;12.72;9996
CNYRUBF;15;20240402;133000;12.72;12.72;12.711;12.718;24907
CNYRUBF;15;20240402;134500;12.717;12.736;12.716;12.732;7618
CNYRUBF;15;20240402;140000;12.731;12.739;12.73;12.731;17368
CNYRUBF;15;20240402;141500;12.729;12.737;12.729;12.735;10747
CNYRUBF;15;20240402;143000;12.735;12.739;12.734;12.738;32769
CNYRUBF;15;20240402;144500;12.737;12.738;12.731;12.738;20978
CNYRUBF;15;20240402;150000;12.738;12.738;12.731;12.734;25480
CNYRUBF;15;20240402;151500;12.734;12.737;12.732;12.734;13305
CNYRUBF;15;20240402;153000;12.735;12.738;12.716;12.732;39085
CNYRUBF;15;20240402;154500;12.731;12.736;12.73;12.736;19709
CNYRUBF;15;20240402;160000;12.736;12.738;12.733;12.733;17844
CNYRUBF;15;20240402;161500;12.733;12.735;12.726;12.733;19043
CNYRUBF;15;20240402;163000;12.733;12.736;12.733;12.736;34218
CNYRUBF;15;20240402;164500;12.736;12.736;12.733;12.736;5472
CNYRUBF;15;20240402;170000;12.737;12.738;12.734;12.736;27182
CNYRUBF;15;20240402;171500;12.736;12.737;12.73;12.731;13508
CNYRUBF;15;20240402;173000;12.732;12.734;12.725;12.733;25809
CNYRUBF;15;20240402;174500;12.734;12.737;12.733;12.737;6640
CNYRUBF;15;20240402;180000;12.736;12.736;12.729;12.729;4548
CNYRUBF;15;20240402;181500;12.729;12.734;12.729;12.73;4057
CNYRUBF;15;20240402;183000;12.73;12.737;12.727;12.737;13937
CNYRUBF;15;20240402;184500;12.738;12.741;12.736;12.736;12214
CNYRUBF;15;20240402;190000;12.74;12.744;12.732;12.733;4251
CNYRUBF;15;20240402;191500;12.733;12.736;12.733;12.736;2048
CNYRUBF;15;20240402;193000;12.736;12.74;12.736;12.739;235
CNYRUBF;15;20240402;194500;12.739;12.74;12.737;12.739;63
CNYRUBF;15;20240402;200000;12.738;12.739;12.737;12.737;122
CNYRUBF;15;20240402;201500;12.737;12.739;12.737;12.739;160
CNYRUBF;15;20240402;203000;12.739;12.739;12.738;12.738;264
CNYRUBF;15;20240402;204500;12.738;12.738;12.736;12.736;610
CNYRUBF;15;20240402;210000;12.736;12.737;12.735;12.737;26
CNYRUBF;15;20240402;211500;12.736;12.737;12.735;12.737;740
CNYRUBF;15;20240402;213000;12.736;12.736;12.735;12.736;543
CNYRUBF;15;20240402;214500;12.736;12.737;12.735;12.736;581
CNYRUBF;15;20240402;220000;12.736;12.741;12.735;12.739;1808
CNYRUBF;15;20240402;221500;12.739;12.74;12.739;12.74;22
CNYRUBF;15;20240402;223000;12.74;12.74;12.738;12.74;96
CNYRUBF;15;20240402;224500;12.739;12.74;12.736;12.736;73
CNYRUBF;15;20240402;230000;12.736;12.739;12.735;12.739;329
CNYRUBF;15;20240402;231500;12.739;12.739;12.737;12.737;78
CNYRUBF;15;20240402;233000;12.736;12.736;12.735;12.736;142
CNYRUBF;15;20240402;234500;12.736;12.738;12.735;12.735;253
CNYRUBF;15;20240403;090000;12.746;12.758;12.737;12.737;28896
CNYRUBF;15;20240403;091500;12.736;12.746;12.735;12.74;3632
CNYRUBF;15;20240403;093000;12.743;12.75;12.741;12.746;814
CNYRUBF;15;20240403;094500;12.749;12.768;12.748;12.761;6645
CNYRUBF;15;20240403;100000;12.76;12.767;12.752;12.757;19600
CNYRUBF;15;20240403;101500;12.758;12.768;12.757;12.768;24869
CNYRUBF;15;20240403;103000;12.766;12.786;12.759;12.76;45739
CNYRUBF;15;20240403;104500;12.76;12.766;12.751;12.753;27157
CNYRUBF;15;20240403;110000;12.753;12.753;12.739;12.743;7750
CNYRUBF;15;20240403;111500;12.742;12.749;12.739;12.744;3297
CNYRUBF;15;20240403;113000;12.743;12.745;12.731;12.736;29029
CNYRUBF;15;20240403;114500;12.736;12.74;12.718;12.73;28838
CNYRUBF;15;20240403;120000;12.728;12.734;12.724;12.732;7892
CNYRUBF;15;20240403;121500;12.732;12.736;12.727;12.734;12825
CNYRUBF;15;20240403;123000;12.735;12.735;12.727;12.729;14458
CNYRUBF;15;20240403;124500;12.727;12.727;12.72;12.721;1049
CNYRUBF;15;20240403;130000;12.721;12.726;12.715;12.723;36402
CNYRUBF;15;20240403;131500;12.723;12.727;12.712;12.712;11584
CNYRUBF;15;20240403;133000;12.714;12.714;12.684;12.687;43317
CNYRUBF;15;20240403;134500;12.686;12.686;12.659;12.675;59707
CNYRUBF;15;20240403;140000;12.675;12.685;12.661;12.683;23873
CNYRUBF;15;20240403;141500;12.683;12.691;12.671;12.674;30630
CNYRUBF;15;20240403;143000;12.676;12.701;12.671;12.696;7310
CNYRUBF;15;20240403;144500;12.698;12.699;12.694;12.699;2925
CNYRUBF;15;20240403;150000;12.699;12.708;12.696;12.708;8488
CNYRUBF;15;20240403;151500;12.708;12.711;12.691;12.693;9211
CNYRUBF;15;20240403;153000;12.693;12.706;12.693;12.706;2746
CNYRUBF;15;20240403;154500;12.706;12.711;12.696;12.705;27348
CNYRUBF;15;20240403;160000;12.708;12.711;12.706;12.706;10590
CNYRUBF;15;20240403;161500;12.706;12.715;12.703;12.71;6422
CNYRUBF;15;20240403;163000;12.71;12.728;12.71;12.728;8379
CNYRUBF;15;20240403;164500;12.728;12.736;12.727;12.729;19983
CNYRUBF;15;20240403;170000;12.73;12.734;12.725;12.731;7684
CNYRUBF;15;20240403;171500;12.731;12.737;12.731;12.736;4697
CNYRUBF;15;20240403;173000;12.736;12.74;12.725;12.728;14174
CNYRUBF;15;20240403;174500;12.727;12.731;12.718;12.719;13481
CNYRUBF;15;20240403;180000;12.718;12.731;12.715;12.729;2673
CNYRUBF;15;20240403;181500;12.726;12.729;12.726;12.728;474
CNYRUBF;15;20240403;183000;12.728;12.738;12.728;12.735;5456
CNYRUBF;15;20240403;184500;12.735;12.737;12.734;12.734;1737
CNYRUBF;15;20240403;190000;12.739;12.74;12.734;12.737;1276
CNYRUBF;15;20240403;191500;12.735;12.74;12.735;12.738;386
CNYRUBF;15;20240403;193000;12.739;12.757;12.738;12.743;1676
CNYRUBF;15;20240403;194500;12.744;12.745;12.74;12.742;464
CNYRUBF;15;20240403;200000;12.742;12.749;12.741;12.744;1219
CNYRUBF;15;20240403;201500;12.748;12.748;12.742;12.743;712
CNYRUBF;15;20240403;203000;12.741;12.741;12.738;12.738;607
CNYRUBF;15;20240403;204500;12.739;12.741;12.735;12.74;2443
CNYRUBF;15;20240403;210000;12.739;12.741;12.735;12.74;677
CNYRUBF;15;20240403;211500;12.738;12.743;12.737;12.743;262
CNYRUBF;15;20240403;213000;12.743;12.743;12.739;12.739;121
CNYRUBF;15;20240403;214500;12.739;12.74;12.738;12.74;35
CNYRUBF;15;20240403;220000;12.74;12.74;12.735;12.736;235
CNYRUBF;15;20240403;221500;12.739;12.741;12.736;12.741;159
CNYRUBF;15;20240403;223000;12.741;12.742;12.739;12.742;57
CNYRUBF;15;20240403;224500;12.74;12.742;12.736;12.741;644
CNYRUBF;15;20240403;230000;12.741;12.741;12.738;12.74;54
CNYRUBF;15;20240403;231500;12.738;12.74;12.737;12.74;24
CNYRUBF;15;20240403;233000;12.74;12.75;12.74;12.74;414
CNYRUBF;15;20240403;234500;12.746;12.746;12.741;12.741;62
CNYRUBF;15;20240404;090000;12.741;12.741;12.737;12.739;1545
CNYRUBF;15;20240404;091500;12.74;12.747;12.738;12.745;921
CNYRUBF;15;20240404;093000;12.744;12.744;12.735;12.74;1218
CNYRUBF;15;20240404;094500;12.74;12.74;12.731;12.732;8396
CNYRUBF;15;20240404;100000;12.732;12.751;12.732;12.744;3734
CNYRUBF;15;20240404;101500;12.744;12.745;12.733;12.736;1830
CNYRUBF;15;20240404;103000;12.742;12.743;12.737;12.743;1721
CNYRUBF;15;20240404;104500;12.742;12.744;12.738;12.74;733
CNYRUBF;15;20240404;110000;12.738;12.742;12.728;12.736;3602
CNYRUBF;15;20240404;111500;12.739;12.742;12.712;12.724;12689
CNYRUBF;15;20240404;113000;12.724;12.737;12.721;12.725;15583
CNYRUBF;15;20240404;114500;12.727;12.735;12.726;12.729;2298
CNYRUBF;15;20240404;120000;12.73;12.735;12.727;12.731;1099
CNYRUBF;15;20240404;121500;12.733;12.735;12.721;12.726;2463
CNYRUBF;15;20240404;123000;12.727;12.733;12.722;12.722;1526
CNYRUBF;15;20240404;124500;12.724;12.724;12.71;12.719;21989
CNYRUBF;15;20240404;130000;12.717;12.717;12.71;12.716;3914
CNYRUBF;15;20240404;131500;12.713;12.717;12.711;12.713;3647
CNYRUBF;15;20240404;133000;12.713;12.714;12.71;12.71;8198
CNYRUBF;15;20240404;134500;12.709;12.717;12.706;12.709;7299
CNYRUBF;15;20240404;140000;12.709;12.713;12.701;12.713;16097
CNYRUBF;15;20240404;141500;12.713;12.719;12.712;12.717;17807
CNYRUBF;15;20240404;143000;12.717;12.726;12.713;12.719;8817
CNYRUBF;15;20240404;144500;12.721;12.723;12.699;12.71;7421
CNYRUBF;15;20240404;150000;12.708;12.71;12.698;12.704;19324
CNYRUBF;15;20240404;151500;12.704;12.714;12.7;12.714;1046
CNYRUBF;15;20240404;153000;12.714;12.718;12.71;12.714;4774
CNYRUBF;15;20240404;154500;12.712;12.725;12.711;12.724;10075
CNYRUBF;15;20240404;160000;12.724;12.729;12.713;12.713;10624
CNYRUBF;15;20240404;161500;12.712;12.721;12.71;12.719;11129
CNYRUBF;15;20240404;163000;12.72;12.723;12.711;12.716;21939
CNYRUBF;15;20240404;164500;12.717;12.735;12.715;12.724;24122
CNYRUBF;15;20240404;170000;12.724;12.733;12.722;12.733;5388
CNYRUBF;15;20240404;171500;12.731;12.737;12.73;12.736;17724
CNYRUBF;15;20240404;173000;12.735;12.735;12.729;12.73;6161
CNYRUBF;15;20240404;174500;12.729;12.734;12.728;12.734;2708
CNYRUBF;15;20240404;180000;12.734;12.736;12.73;12.732;12029
CNYRUBF;15;20240404;181500;12.732;12.734;12.729;12.731;11717
CNYRUBF;15;20240404;183000;12.73;12.73;12.727;12.728;2216
CNYRUBF;15;20240404;184500;12.729;12.731;12.728;12.728;1023
CNYRUBF;15;20240404;190000;12.728;12.728;12.726;12.727;1346
CNYRUBF;15;20240404;191500;12.726;12.742;12.722;12.735;12075
CNYRUBF;15;20240404;193000;12.736;12.736;12.735;12.735;104
CNYRUBF;15;20240404;194500;12.735;12.736;12.735;12.736;867
CNYRUBF;15;20240404;200000;12.736;12.737;12.735;12.735;1575
CNYRUBF;15;20240404;201500;12.735;12.736;12.735;12.735;3489
CNYRUBF;15;20240404;203000;12.735;12.735;12.735;12.735;148
CNYRUBF;15;20240404;204500;12.735;12.736;12.73;12.73;1343
CNYRUBF;15;20240404;210000;12.731;12.731;12.73;12.73;1612
CNYRUBF;15;20240404;211500;12.732;12.732;12.73;12.732;133
CNYRUBF;15;20240404;213000;12.732;12.732;12.73;12.73;216
CNYRUBF;15;20240404;214500;12.73;12.732;12.73;12.73;568
CNYRUBF;15;20240404;220000;12.732;12.732;12.73;12.73;679
CNYRUBF;15;20240404;221500;12.73;12.731;12.73;12.731;652
CNYRUBF;15;20240404;223000;12.73;12.731;12.73;12.73;415
CNYRUBF;15;20240404;224500;12.73;12.731;12.73;12.73;760
CNYRUBF;15;20240404;230000;12.73;12.731;12.73;12.73;505
CNYRUBF;15;20240404;231500;12.73;12.731;12.73;12.73;325
CNYRUBF;15;20240404;233000;12.73;12.731;12.73;12.73;687
CNYRUBF;15;20240404;234500;12.731;12.731;12.73;12.731;99
CNYRUBF;15;20240405;090000;12.734;12.744;12.732;12.739;10184
CNYRUBF;15;20240405;091500;12.739;12.747;12.738;12.747;8700
CNYRUBF;15;20240405;093000;12.747;12.753;12.747;12.75;4393
CNYRUBF;15;20240405;094500;12.751;12.765;12.75;12.75;7315
CNYRUBF;15;20240405;100000;12.75;12.758;12.742;12.745;5084
CNYRUBF;15;20240405;101500;12.743;12.746;12.739;12.741;4478
CNYRUBF;15;20240405;103000;12.741;12.747;12.738;12.746;13161
CNYRUBF;15;20240405;104500;12.746;12.751;12.744;12.748;3721
CNYRUBF;15;20240405;110000;12.747;12.757;12.744;12.753;4933
CNYRUBF;15;20240405;111500;12.754;12.763;12.752;12.757;7481
CNYRUBF;15;20240405;113000;12.757;12.759;12.752;12.759;1070
CNYRUBF;15;20240405;114500;12.757;12.763;12.754;12.763;4377
CNYRUBF;15;20240405;120000;12.763;12.792;12.761;12.792;45394
CNYRUBF;15;20240405;121500;12.793;12.798;12.782;12.786;29688
CNYRUBF;15;20240405;123000;12.787;12.796;12.766;12.77;102373
CNYRUBF;15;20240405;124500;12.77;12.776;12.764;12.774;61699
CNYRUBF;15;20240405;130000;12.773;12.774;12.768;12.771;4750
CNYRUBF;15;20240405;131500;12.771;12.774;12.767;12.769;2320
CNYRUBF;15;20240405;133000;12.769;12.77;12.758;12.766;18858
CNYRUBF;15;20240405;134500;12.765;12.773;12.759;12.768;46732
CNYRUBF;15;20240405;140000;12.769;12.77;12.766;12.769;70438
CNYRUBF;15;20240405;141500;12.77;12.772;12.766;12.77;13224
CNYRUBF;15;20240405;143000;12.771;12.775;12.765;12.768;75678
CNYRUBF;15;20240405;144500;12.77;12.773;12.769;12.77;3970
CNYRUBF;15;20240405;150000;12.77;12.774;12.768;12.774;2651
CNYRUBF;15;20240405;151500;12.775;12.778;12.773;12.773;25082
CNYRUBF;15;20240405;153000;12.773;12.774;12.764;12.766;7130
CNYRUBF;15;20240405;154500;12.768;12.77;12.765;12.766;2288
CNYRUBF;15;20240405;160000;12.766;12.769;12.764;12.766;5660
CNYRUBF;15;20240405;161500;12.766;12.769;12.765;12.766;11005
CNYRUBF;15;20240405;163000;12.766;12.773;12.765;12.765;4866
CNYRUBF;15;20240405;164500;12.765;12.771;12.765;12.771;13466
CNYRUBF;15;20240405;170000;12.772;12.773;12.766;12.771;2857
CNYRUBF;15;20240405;171500;12.77;12.771;12.766;12.767;145
CNYRUBF;15;20240405;173000;12.769;12.772;12.764;12.768;12444
CNYRUBF;15;20240405;174500;12.768;12.771;12.766;12.771;1707
CNYRUBF;15;20240405;180000;12.771;12.772;12.763;12.767;21286
CNYRUBF;15;20240405;181500;12.768;12.773;12.768;12.773;2034
CNYRUBF;15;20240405;183000;12.773;12.775;12.772;12.774;13756
CNYRUBF;15;20240405;184500;12.774;12.775;12.773;12.774;1702
CNYRUBF;15;20240405;190000;12.776;12.779;12.763;12.779;1884
CNYRUBF;15;20240405;191500;12.777;12.779;12.775;12.777;2876
CNYRUBF;15;20240405;193000;12.778;12.79;12.778;12.782;6895
CNYRUBF;15;20240405;194500;12.782;12.782;12.78;12.781;556
CNYRUBF;15;20240405;200000;12.78;12.781;12.779;12.779;15950
CNYRUBF;15;20240405;201500;12.779;12.78;12.779;12.779;1161
CNYRUBF;15;20240405;203000;12.779;12.78;12.777;12.778;1421
CNYRUBF;15;20240405;204500;12.777;12.777;12.775;12.777;823
CNYRUBF;15;20240405;210000;12.776;12.778;12.776;12.776;117
CNYRUBF;15;20240405;211500;12.777;12.777;12.776;12.776;52
CNYRUBF;15;20240405;213000;12.777;12.778;12.777;12.778;29
CNYRUBF;15;20240405;214500;12.777;12.778;12.775;12.775;623
CNYRUBF;15;20240405;220000;12.775;12.777;12.775;12.777;24
CNYRUBF;15;20240405;221500;12.777;12.778;12.776;12.778;27
CNYRUBF;15;20240405;223000;12.777;12.777;12.777;12.777;8
CNYRUBF;15;20240405;224500;12.778;12.778;12.776;12.776;1032
CNYRUBF;15;20240405;230000;12.776;12.777;12.776;12.776;15
CNYRUBF;15;20240405;231500;12.777;12.777;12.776;12.776;138
CNYRUBF;15;20240405;233000;12.777;12.784;12.773;12.779;2305
CNYRUBF;15;20240405;234500;12.779;12.781;12.775;12.775;127
CNYRUBF;15;20240408;090000;12.78;12.781;12.775;12.776;5158
CNYRUBF;15;20240408;091500;12.775;12.787;12.775;12.777;476
CNYRUBF;15;20240408;093000;12.779;12.78;12.774;12.778;2227
CNYRUBF;15;20240408;094500;12.778;12.79;12.778;12.789;3501
CNYRUBF;15;20240408;100000;12.789;12.797;12.782;12.79;14515
CNYRUBF;15;20240408;101500;12.792;12.797;12.788;12.795;14611
CNYRUBF;15;20240408;103000;12.794;12.794;12.789;12.792;4430
CNYRUBF;15;20240408;104500;12.792;12.792;12.787;12.788;16726
CNYRUBF;15;20240408;110000;12.788;12.788;12.775;12.779;23349
CNYRUBF;15;20240408;111500;12.778;12.788;12.776;12.788;15547
CNYRUBF;15;20240408;113000;12.785;12.788;12.776;12.778;6362
CNYRUBF;15;20240408;114500;12.777;12.78;12.77;12.771;15936
CNYRUBF;15;20240408;120000;12.772;12.776;12.763;12.764;14453
CNYRUBF;15;20240408;121500;12.764;12.795;12.763;12.783;9371
CNYRUBF;15;20240408;123000;12.782;12.782;12.774;12.775;7774
CNYRUBF;15;20240408;124500;12.775;12.777;12.77;12.772;3210
CNYRUBF;15;20240408;130000;12.772;12.772;12.765;12.765;557
CNYRUBF;15;20240408;131500;12.766;12.771;12.765;12.769;1773
CNYRUBF;15;20240408;133000;12.766;12.769;12.763;12.769;2447
CNYRUBF;15;20240408;134500;12.769;12.771;12.764;12.768;2881
CNYRUBF;15;20240408;140000;12.764;12.769;12.764;12.768;1879
CNYRUBF;15;20240408;141500;12.767;12.774;12.764;12.773;4205
CNYRUBF;15;20240408;143000;12.772;12.778;12.772;12.776;638
CNYRUBF;15;20240408;144500;12.778;12.778;12.77;12.773;558
CNYRUBF;15;20240408;150000;12.773;12.778;12.772;12.778;1395
CNYRUBF;15;20240408;151500;12.778;12.78;12.768;12.774;12655
CNYRUBF;15;20240408;153000;12.774;12.778;12.771;12.772;1770
CNYRUBF;15;20240408;154500;12.774;12.782;12.774;12.777;1449
CNYRUBF;15;20240408;160000;12.776;12.786;12.775;12.783;1736
CNYRUBF;15;20240408;161500;12.785;12.791;12.783;12.786;6970
CNYRUBF;15;20240408;163000;12.786;12.787;12.783;12.784;1216
CNYRUBF;15;20240408;164500;12.784;12.784;12.783;12.783;424
CNYRUBF;15;20240408;170000;12.783;12.783;12.782;12.783;961
CNYRUBF;15;20240408;171500;12.782;12.784;12.781;12.781;5474
CNYRUBF;15;20240408;173000;12.782;12.785;12.782;12.783;3197
CNYRUBF;15;20240408;174500;12.784;12.784;12.78;12.782;2779
CNYRUBF;15;20240408;180000;12.783;12.789;12.783;12.783;14385
CNYRUBF;15;20240408;181500;12.784;12.784;12.781;12.782;9096
CNYRUBF;15;20240408;183000;12.781;12.782;12.78;12.78;25589
CNYRUBF;15;20240408;184500;12.781;12.781;12.778;12.778;332
CNYRUBF;15;20240408;190000;12.781;12.784;12.781;12.784;2150
CNYRUBF;15;20240408;191500;12.784;12.784;12.783;12.783;5421
CNYRUBF;15;20240408;193000;12.783;12.783;12.782;12.782;262
CNYRUBF;15;20240408;194500;12.782;12.783;12.782;12.782;44
CNYRUBF;15;20240408;200000;12.782;12.783;12.782;12.783;2392
CNYRUBF;15;20240408;201500;12.782;12.783;12.782;12.783;40
CNYRUBF;15;20240408;203000;12.783;12.784;12.782;12.783;6275
CNYRUBF;15;20240408;204500;12.784;12.788;12.783;12.786;954
CNYRUBF;15;20240408;210000;12.784;12.784;12.783;12.784;96
CNYRUBF;15;20240408;211500;12.785;12.787;12.784;12.784;65
CNYRUBF;15;20240408;213000;12.784;12.788;12.784;12.787;96
CNYRUBF;15;20240408;214500;12.787;12.787;12.784;12.785;778
CNYRUBF;15;20240408;220000;12.786;12.786;12.785;12.786;224
CNYRUBF;15;20240408;221500;12.786;12.788;12.786;12.786;1447
CNYRUBF;15;20240408;223000;12.787;12.788;12.787;12.788;95
CNYRUBF;15;20240408;224500;12.788;12.788;12.787;12.788;550
CNYRUBF;15;20240408;230000;12.787;12.787;12.782;12.782;213
CNYRUBF;15;20240408;231500;12.783;12.786;12.783;12.786;15
CNYRUBF;15;20240408;233000;12.783;12.783;12.782;12.782;901
CNYRUBF;15;20240408;234500;12.786;12.786;12.786;12.786;137
CNYRUBF;15;20240409;090000;12.788;12.79;12.785;12.788;14100
CNYRUBF;15;20240409;091500;12.789;12.794;12.785;12.793;2123
CNYRUBF;15;20240409;093000;12.793;12.795;12.792;12.792;2167
CNYRUBF;15;20240409;094500;12.792;12.799;12.792;12.799;2220
CNYRUBF;15;20240409;100000;12.8;12.806;12.794;12.796;13551
CNYRUBF;15;20240409;101500;12.796;12.802;12.792;12.796;4945
CNYRUBF;15;20240409;103000;12.797;12.803;12.795;12.797;14834
CNYRUBF;15;20240409;104500;12.796;12.797;12.793;12.797;27088
CNYRUBF;15;20240409;110000;12.795;12.796;12.791;12.792;15717
CNYRUBF;15;20240409;111500;12.791;12.804;12.79;12.796;19996
CNYRUBF;15;20240409;113000;12.796;12.805;12.792;12.794;21687
CNYRUBF;15;20240409;114500;12.794;12.799;12.793;12.796;2480
CNYRUBF;15;20240409;120000;12.799;12.807;12.797;12.806;18501
CNYRUBF;15;20240409;121500;12.807;12.825;12.807;12.818;33526
CNYRUBF;15;20240409;123000;12.818;12.821;12.809;12.814;48672
CNYRUBF;15;20240409;124500;12.815;12.82;12.813;12.815;4061
CNYRUBF;15;20240409;130000;12.814;12.822;12.813;12.82;4102
CNYRUBF;15;20240409;131500;12.821;12.823;12.817;12.818;3366
CNYRUBF;15;20240409;133000;12.818;12.818;12.814;12.814;1916
CNYRUBF;15;20240409;134500;12.815;12.816;12.808;12.812;3885
CNYRUBF;15;20240409;140000;12.812;12.816;12.808;12.809;536
CNYRUBF;15;20240409;141500;12.809;12.816;12.809;12.812;1944
CNYRUBF;15;20240409;143000;12.812;12.812;12.808;12.811;17509
CNYRUBF;15;20240409;144500;12.812;12.813;12.808;12.812;8110
CNYRUBF;15;20240409;150000;12.81;12.811;12.808;12.808;12774
CNYRUBF;15;20240409;151500;12.807;12.808;12.804;12.805;1347
CNYRUBF;15;20240409;153000;12.805;12.807;12.802;12.804;2734
CNYRUBF;15;20240409;154500;12.804;12.814;12.804;12.813;4403
CNYRUBF;15;20240409;160000;12.814;12.815;12.809;12.813;4352
CNYRUBF;15;20240409;161500;12.814;12.814;12.809;12.809;1513
CNYRUBF;15;20240409;163000;12.808;12.809;12.802;12.806;5655
CNYRUBF;15;20240409;164500;12.808;12.811;12.805;12.807;10177
CNYRUBF;15;20240409;170000;12.807;12.811;12.805;12.807;4118
CNYRUBF;15;20240409;171500;12.807;12.812;12.807;12.811;1681
CNYRUBF;15;20240409;173000;12.81;12.81;12.805;12.807;4035
CNYRUBF;15;20240409;174500;12.808;12.811;12.807;12.81;4785
CNYRUBF;15;20240409;180000;12.808;12.818;12.808;12.813;5454
CNYRUBF;15;20240409;181500;12.813;12.823;12.812;12.822;15498
CNYRUBF;15;20240409;183000;12.822;12.823;12.817;12.821;4789
CNYRUBF;15;20240409;184500;12.821;12.822;12.821;12.821;2184
CNYRUBF;15;20240409;190000;12.824;12.832;12.823;12.827;1282
CNYRUBF;15;20240409;191500;12.827;12.832;12.827;12.83;1465
CNYRUBF;15;20240409;193000;12.831;12.831;12.83;12.831;1159
CNYRUBF;15;20240409;194500;12.831;12.831;12.83;12.83;1141
CNYRUBF;15;20240409;200000;12.83;12.832;12.83;12.832;1061
CNYRUBF;15;20240409;201500;12.831;12.833;12.83;12.831;1504
CNYRUBF;15;20240409;203000;12.833;12.833;12.83;12.833;351
CNYRUBF;15;20240409;204500;12.833;12.833;12.83;12.83;50
CNYRUBF;15;20240409;210000;12.83;12.831;12.83;12.831;31
CNYRUBF;15;20240409;211500;12.831;12.833;12.83;12.832;252
CNYRUBF;15;20240409;213000;12.831;12.832;12.831;12.831;44
CNYRUBF;15;20240409;214500;12.831;12.832;12.83;12.831;684
CNYRUBF;15;20240409;220000;12.831;12.832;12.83;12.832;364
CNYRUBF;15;20240409;221500;12.832;12.832;12.83;12.832;147
CNYRUBF;15;20240409;223000;12.832;12.832;12.83;12.832;291
CNYRUBF;15;20240409;224500;12.83;12.832;12.83;12.83;97
CNYRUBF;15;20240409;230000;12.831;12.833;12.831;12.831;36
CNYRUBF;15;20240409;231500;12.83;12.833;12.83;12.833;978
CNYRUBF;15;20240409;233000;12.831;12.832;12.83;12.832;72
CNYRUBF;15;20240409;234500;12.832;12.833;12.83;12.83;233
CNYRUBF;15;20240410;090000;12.831;12.833;12.83;12.83;21372
CNYRUBF;15;20240410;091500;12.831;12.849;12.83;12.848;46140
CNYRUBF;15;20240410;093000;12.847;12.863;12.847;12.863;17179
CNYRUBF;15;20240410;094500;12.863;12.87;12.85;12.869;15741
CNYRUBF;15;20240410;100000;12.868;12.885;12.868;12.878;25404
CNYRUBF;15;20240410;101500;12.878;12.879;12.874;12.878;12434
CNYRUBF;15;20240410;103000;12.877;12.896;12.877;12.886;62767
CNYRUBF;15;20240410;104500;12.884;12.902;12.879;12.882;22935
CNYRUBF;15;20240410;110000;12.882;12.885;12.873;12.876;14999
CNYRUBF;15;20240410;111500;12.877;12.882;12.872;12.875;6373
CNYRUBF;15;20240410;113000;12.875;12.88;12.863;12.868;6884
CNYRUBF;15;20240410;114500;12.868;12.886;12.868;12.879;4304
CNYRUBF;15;20240410;120000;12.88;12.884;12.876;12.882;6493
CNYRUBF;15;20240410;121500;12.881;12.884;12.876;12.878;5091
CNYRUBF;15;20240410;123000;12.877;12.878;12.864;12.867;65750
CNYRUBF;15;20240410;124500;12.864;12.876;12.864;12.869;3369
CNYRUBF;15;20240410;130000;12.869;12.871;12.865;12.868;4750
CNYRUBF;15;20240410;131500;12.866;12.869;12.866;12.866;785
CNYRUBF;15;20240410;133000;12.866;12.871;12.866;12.871;2393
CNYRUBF;15;20240410;134500;12.871;12.878;12.87;12.878;6426
CNYRUBF;15;20240410;140000;12.879;12.886;12.879;12.882;5028
CNYRUBF;15;20240410;141500;12.882;12.883;12.876;12.883;15270
CNYRUBF;15;20240410;143000;12.882;12.885;12.88;12.883;9900
CNYRUBF;15;20240410;144500;12.884;12.887;12.884;12.887;17365
CNYRUBF;15;20240410;150000;12.887;12.902;12.887;12.89;30800
CNYRUBF;15;20240410;151500;12.889;12.89;12.881;12.884;29860
CNYRUBF;15;20240410;153000;12.884;12.889;12.873;12.885;66625
CNYRUBF;15;20240410;154500;12.884;12.905;12.883;12.901;50555
CNYRUBF;15;20240410;160000;12.901;12.905;12.897;12.901;25178
CNYRUBF;15;20240410;161500;12.9;12.905;12.89;12.892;8979
CNYRUBF;15;20240410;163000;12.892;12.894;12.883;12.885;20108
CNYRUBF;15;20240410;164500;12.885;12.885;12.875;12.882;52359
CNYRUBF;15;20240410;170000;12.881;12.89;12.878;12.89;34051
CNYRUBF;15;20240410;171500;12.89;12.892;12.882;12.887;18227
CNYRUBF;15;20240410;173000;12.886;12.892;12.885;12.892;7486
CNYRUBF;15;20240410;174500;12.889;12.898;12.889;12.898;47767
CNYRUBF;15;20240410;180000;12.898;12.898;12.884;12.887;7367
CNYRUBF;15;20240410;181500;12.887;12.888;12.883;12.884;29674
CNYRUBF;15;20240410;183000;12.884;12.887;12.882;12.886;4571
CNYRUBF;15;20240410;184500;12.886;12.888;12.885;12.886;2692
CNYRUBF;15;20240410;190000;12.886;12.893;12.886;12.887;878
CNYRUBF;15;20240410;191500;12.888;12.891;12.884;12.886;2375
CNYRUBF;15;20240410;193000;12.886;12.887;12.886;12.887;1495
CNYRUBF;15;20240410;194500;12.887;12.887;12.886;12.886;921
CNYRUBF;15;20240410;200000;12.887;12.887;12.886;12.887;279
CNYRUBF;15;20240410;201500;12.887;12.887;12.886;12.886;1067
CNYRUBF;15;20240410;203000;12.886;12.887;12.885;12.887;940
CNYRUBF;15;20240410;204500;12.886;12.887;12.885;12.885;410
CNYRUBF;15;20240410;210000;12.885;12.886;12.885;12.886;106
CNYRUBF;15;20240410;211500;12.886;12.887;12.885;12.887;304
CNYRUBF;15;20240410;213000;12.887;12.887;12.881;12.885;1104
CNYRUBF;15;20240410;214500;12.886;12.886;12.885;12.885;102
CNYRUBF;15;20240410;220000;12.884;12.885;12.883;12.883;351
CNYRUBF;15;20240410;221500;12.885;12.885;12.883;12.884;72
CNYRUBF;15;20240410;223000;12.884;12.886;12.884;12.886;101
CNYRUBF;15;20240410;224500;12.885;12.887;12.884;12.886;622
CNYRUBF;15;20240410;230000;12.886;12.887;12.885;12.887;42
CNYRUBF;15;20240410;231500;12.886;12.887;12.886;12.887;194
CNYRUBF;15;20240410;233000;12.887;12.887;12.886;12.887;216
CNYRUBF;15;20240410;234500;12.887;12.887;12.886;12.887;62
CNYRUBF;15;20240411;090000;12.887;12.903;12.886;12.901;41329
CNYRUBF;15;20240411;091500;12.902;12.921;12.901;12.916;13084
CNYRUBF;15;20240411;093000;12.916;12.929;12.915;12.924;8700
CNYRUBF;15;20240411;094500;12.924;12.93;12.915;12.93;20463
CNYRUBF;15;20240411;100000;12.93;12.938;12.928;12.937;27060
CNYRUBF;15;20240411;101500;12.936;12.945;12.933;12.945;29608
CNYRUBF;15;20240411;103000;12.945;12.945;12.934;12.94;20865
CNYRUBF;15;20240411;104500;12.94;12.941;12.924;12.924;17362
CNYRUBF;15;20240411;110000;12.924;12.939;12.921;12.927;18821
CNYRUBF;15;20240411;111500;12.927;12.93;12.923;12.923;3350
CNYRUBF;15;20240411;113000;12.923;12.924;12.915;12.917;12386
CNYRUBF;15;20240411;114500;12.916;12.93;12.916;12.93;14222
CNYRUBF;15;20240411;120000;12.929;12.93;12.921;12.922;6306
CNYRUBF;15;20240411;121500;12.924;12.925;12.918;12.918;5492
CNYRUBF;15;20240411;123000;12.918;12.923;12.917;12.921;3572
CNYRUBF;15;20240411;124500;12.921;12.924;12.92;12.924;6221
CNYRUBF;15;20240411;130000;12.924;12.928;12.921;12.925;12480
CNYRUBF;15;20240411;131500;12.924;12.926;12.916;12.917;2229
CNYRUBF;15;20240411;133000;12.917;12.92;12.915;12.917;3292
CNYRUBF;15;20240411;134500;12.917;12.919;12.915;12.917;6281
CNYRUBF;15;20240411;140000;12.915;12.917;12.894;12.896;21530
CNYRUBF;15;20240411;141500;12.897;12.905;12.893;12.896;37181
CNYRUBF;15;20240411;143000;12.897;12.908;12.897;12.905;16503
CNYRUBF;15;20240411;144500;12.904;12.912;12.904;12.911;1690
CNYRUBF;15;20240411;150000;12.908;12.911;12.907;12.911;388
CNYRUBF;15;20240411;151500;12.911;12.911;12.904;12.906;2972
CNYRUBF;15;20240411;153000;12.906;12.908;12.894;12.9;7685
CNYRUBF;15;20240411;154500;12.895;12.897;12.889;12.89;10172
CNYRUBF;15;20240411;160000;12.89;12.892;12.882;12.885;27014
CNYRUBF;15;20240411;161500;12.884;12.884;12.873;12.875;12345
CNYRUBF;15;20240411;163000;12.875;12.876;12.85;12.852;22094
CNYRUBF;15;20240411;164500;12.852;12.862;12.839;12.857;86015
CNYRUBF;15;20240411;170000;12.858;12.865;12.852;12.859;24102
CNYRUBF;15;20240411;171500;12.86;12.868;12.86;12.864;27202
CNYRUBF;15;20240411;173000;12.864;12.874;12.857;12.872;12674
CNYRUBF;15;20240411;174500;12.872;12.875;12.869;12.87;6202
CNYRUBF;15;20240411;180000;12.869;12.871;12.86;12.864;4704
CNYRUBF;15;20240411;181500;12.863;12.869;12.861;12.863;2408
CNYRUBF;15;20240411;183000;12.862;12.87;12.862;12.862;3769
CNYRUBF;15;20240411;184500;12.863;12.865;12.858;12.861;1279
CNYRUBF;15;20240411;190000;12.86;12.874;12.844;12.868;2410
CNYRUBF;15;20240411;191500;12.867;12.869;12.865;12.867;1116
CNYRUBF;15;20240411;193000;12.867;12.871;12.867;12.87;431
CNYRUBF;15;20240411;194500;12.871;12.871;12.869;12.871;287
CNYRUBF;15;20240411;200000;12.87;12.871;12.87;12.87;119
CNYRUBF;15;20240411;201500;12.87;12.87;12.867;12.867;162
CNYRUBF;15;20240411;203000;12.865;12.871;12.865;12.871;243
CNYRUBF;15;20240411;204500;12.868;12.87;12.867;12.87;65
CNYRUBF;15;20240411;210000;12.87;12.871;12.867;12.87;133
CNYRUBF;15;20240411;211500;12.871;12.872;12.86;12.86;930
CNYRUBF;15;20240411;213000;12.866;12.872;12.863;12.868;1770
CNYRUBF;15;20240411;214500;12.868;12.872;12.865;12.868;992
CNYRUBF;15;20240411;220000;12.867;12.87;12.867;12.87;187
CNYRUBF;15;20240411;221500;12.87;12.872;12.87;12.871;209
CNYRUBF;15;20240411;223000;12.87;12.873;12.869;12.869;125
CNYRUBF;15;20240411;224500;12.869;12.872;12.869;12.869;106
CNYRUBF;15;20240411;230000;12.872;12.872;12.868;12.868;121
CNYRUBF;15;20240411;231500;12.871;12.871;12.87;12.87;55
CNYRUBF;15;20240411;233000;12.868;12.87;12.867;12.87;234
CNYRUBF;15;20240411;234500;12.869;12.87;12.867;12.867;170
CNYRUBF;15;20240412;090000;12.89;12.909;12.89;12.909;8574
CNYRUBF;15;20240412;091500;12.907;12.917;12.904;12.915;7157
CNYRUBF;15;20240412;093000;12.915;12.917;12.91;12.914;7283
CNYRUBF;15;20240412;094500;12.915;12.915;12.905;12.914;6789
CNYRUBF;15;20240412;100000;12.914;12.919;12.897;12.903;35704
CNYRUBF;15;20240412;101500;12.903;12.905;12.891;12.891;82614
CNYRUBF;15;20240412;103000;12.891;12.891;12.871;12.873;104569
CNYRUBF;15;20240412;104500;12.873;12.878;12.87;12.877;75464
CNYRUBF;15;20240412;110000;12.877;12.882;12.876;12.879;58985
CNYRUBF;15;20240412;111500;12.879;12.888;12.877;12.884;111923
CNYRUBF;15;20240412;113000;12.885;12.888;12.882;12.886;8510
CNYRUBF;15;20240412;114500;12.887;12.887;12.882;12.882;11490
CNYRUBF;15;20240412;120000;12.882;12.885;12.88;12.883;109265
CNYRUBF;15;20240412;121500;12.882;12.884;12.872;12.872;80851
CNYRUBF;15;20240412;123000;12.872;12.872;12.85;12.861;31262
CNYRUBF;15;20240412;124500;12.862;12.879;12.862;12.868;131083
CNYRUBF;15;20240412;130000;12.868;12.876;12.863;12.874;7994
CNYRUBF;15;20240412;131500;12.875;12.88;12.874;12.874;2880
CNYRUBF;15;20240412;133000;12.877;12.877;12.871;12.875;7018
CNYRUBF;15;20240412;134500;12.872;12.875;12.872;12.873;1958
CNYRUBF;15;20240412;140000;12.876;12.88;12.874;12.877;2735
CNYRUBF;15;20240412;141500;12.877;12.878;12.873;12.876;5787
CNYRUBF;15;20240412;143000;12.876;12.878;12.876;12.877;5880
CNYRUBF;15;20240412;144500;12.878;12.878;12.875;12.876;5047
CNYRUBF;15;20240412;150000;12.876;12.877;12.873;12.873;13512
CNYRUBF;15;20240412;151500;12.875;12.876;12.874;12.876;2520
CNYRUBF;15;20240412;153000;12.875;12.875;12.87;12.872;5444
CNYRUBF;15;20240412;154500;12.87;12.875;12.87;12.874;5803
CNYRUBF;15;20240412;160000;12.873;12.876;12.868;12.874;16511
CNYRUBF;15;20240412;161500;12.874;12.874;12.868;12.872;15152
CNYRUBF;15;20240412;163000;12.869;12.87;12.866;12.87;26739
CNYRUBF;15;20240412;164500;12.868;12.874;12.861;12.871;21487
CNYRUBF;15;20240412;170000;12.868;12.877;12.867;12.874;3493
CNYRUBF;15;20240412;171500;12.874;12.874;12.87;12.872;8926
CNYRUBF;15;20240412;173000;12.874;12.875;12.866;12.868;7948
CNYRUBF;15;20240412;174500;12.869;12.87;12.866;12.866;3808
CNYRUBF;15;20240412;180000;12.866;12.869;12.862;12.865;4768
CNYRUBF;15;20240412;181500;12.866;12.867;12.863;12.863;3924
CNYRUBF;15;20240412;183000;12.864;12.869;12.864;12.869;3191
CNYRUBF;15;20240412;184500;12.869;12.873;12.869;12.871;3812
CNYRUBF;15;20240412;190000;12.871;12.874;12.871;12.874;911
CNYRUBF;15;20240412;191500;12.874;12.874;12.873;12.873;1300
CNYRUBF;15;20240412;193000;12.874;12.874;12.871;12.874;1042
CNYRUBF;15;20240412;194500;12.874;12.874;12.871;12.874;225
CNYRUBF;15;20240412;200000;12.874;12.874;12.871;12.874;472
CNYRUBF;15;20240412;201500;12.872;12.874;12.868;12.868;727
CNYRUBF;15;20240412;203000;12.867;12.87;12.867;12.867;993
CNYRUBF;15;20240412;204500;12.867;12.87;12.866;12.869;96
CNYRUBF;15;20240412;210000;12.87;12.87;12.867;12.87;303
CNYRUBF;15;20240412;211500;12.871;12.873;12.866;12.868;375
CNYRUBF;15;20240412;213000;12.869;12.874;12.867;12.874;174
CNYRUBF;15;20240412;214500;12.874;12.874;12.872;12.874;659
CNYRUBF;15;20240412;220000;12.873;12.873;12.87;12.87;1137
CNYRUBF;15;20240412;221500;12.87;12.873;12.868;12.869;1895
CNYRUBF;15;20240412;223000;12.868;12.868;12.865;12.866;1834
CNYRUBF;15;20240412;224500;12.866;12.868;12.864;12.868;193
CNYRUBF;15;20240412;230000;12.868;12.873;12.866;12.873;1727
CNYRUBF;15;20240412;231500;12.873;12.874;12.869;12.87;47
CNYRUBF;15;20240412;233000;12.871;12.874;12.871;12.874;1606
CNYRUBF;15;20240412;234500;12.874;12.874;12.871;12.874;780
CNYRUBF;15;20240415;090000;12.874;12.886;12.871;12.885;31007
CNYRUBF;15;20240415;091500;12.885;12.89;12.885;12.888;4127
CNYRUBF;15;20240415;093000;12.889;12.897;12.888;12.897;1459
CNYRUBF;15;20240415;094500;12.896;12.898;12.893;12.896;1313
CNYRUBF;15;20240415;100000;12.896;12.897;12.885;12.897;10884
CNYRUBF;15;20240415;101500;12.897;12.91;12.896;12.896;12473
CNYRUBF;15;20240415;103000;12.896;12.91;12.896;12.906;5415
CNYRUBF;15;20240415;104500;12.907;12.908;12.898;12.899;11395
CNYRUBF;15;20240415;110000;12.898;12.899;12.888;12.889;6243
CNYRUBF;15;20240415;111500;12.889;12.897;12.887;12.897;3322
CNYRUBF;15;20240415;113000;12.894;12.905;12.894;12.898;5932
CNYRUBF;15;20240415;114500;12.899;12.902;12.896;12.902;1404
CNYRUBF;15;20240415;120000;12.9;12.902;12.895;12.896;1893
CNYRUBF;15;20240415;121500;12.895;12.899;12.895;12.898;1136
CNYRUBF;15;20240415;123000;12.896;12.897;12.894;12.896;1507
CNYRUBF;15;20240415;124500;12.897;12.897;12.889;12.891;870
CNYRUBF;15;20240415;130000;12.891;12.897;12.89;12.892;2071
CNYRUBF;15;20240415;131500;12.892;12.894;12.891;12.891;2175
CNYRUBF;15;20240415;133000;12.893;12.893;12.891;12.892;174
CNYRUBF;15;20240415;134500;12.893;12.894;12.892;12.893;423
CNYRUBF;15;20240415;140000;12.893;12.894;12.89;12.891;2206
CNYRUBF;15;20240415;141500;12.89;12.89;12.88;12.883;3490
CNYRUBF;15;20240415;143000;12.883;12.887;12.883;12.887;2039
CNYRUBF;15;20240415;144500;12.882;12.887;12.881;12.887;971
CNYRUBF;15;20240415;150000;12.888;12.89;12.884;12.886;4344
CNYRUBF;15;20240415;151500;12.885;12.891;12.883;12.889;1827
CNYRUBF;15;20240415;153000;12.891;12.891;12.881;12.886;1590
CNYRUBF;15;20240415;154500;12.887;12.896;12.886;12.893;953
CNYRUBF;15;20240415;160000;12.893;12.898;12.892;12.896;4200
CNYRUBF;15;20240415;161500;12.894;12.896;12.884;12.89;1416
CNYRUBF;15;20240415;163000;12.893;12.894;12.89;12.892;225
CNYRUBF;15;20240415;164500;12.894;12.894;12.885;12.889;2696
CNYRUBF;15;20240415;170000;12.889;12.889;12.879;12.88;4013
CNYRUBF;15;20240415;171500;12.881;12.881;12.865;12.878;4474
CNYRUBF;15;20240415;173000;12.876;12.876;12.871;12.874;3816
CNYRUBF;15;20240415;174500;12.875;12.88;12.873;12.879;1452
CNYRUBF;15;20240415;180000;12.88;12.881;12.878;12.878;1191
CNYRUBF;15;20240415;181500;12.879;12.895;12.879;12.892;4176
CNYRUBF;15;20240415;183000;12.892;12.9;12.891;12.897;3570
CNYRUBF;15;20240415;184500;12.897;12.9;12.896;12.9;3151
CNYRUBF;15;20240415;190000;12.901;12.92;12.901;12.908;2233
CNYRUBF;15;20240415;191500;12.906;12.911;12.906;12.911;1772
CNYRUBF;15;20240415;193000;12.911;12.913;12.905;12.91;992
CNYRUBF;15;20240415;194500;12.91;12.916;12.906;12.914;253
CNYRUBF;15;20240415;200000;12.911;12.914;12.911;12.912;307
CNYRUBF;15;20240415;201500;12.911;12.911;12.908;12.909;414
CNYRUBF;15;20240415;203000;12.91;12.913;12.908;12.908;335
CNYRUBF;15;20240415;204500;12.909;12.913;12.908;12.911;786
CNYRUBF;15;20240415;210000;12.908;12.913;12.907;12.909;488
CNYRUBF;15;20240415;211500;12.908;12.913;12.908;12.913;601
CNYRUBF;15;20240415;213000;12.912;12.913;12.909;12.909;107
CNYRUBF;15;20240415;214500;12.91;12.916;12.91;12.916;2823
CNYRUBF;15;20240415;220000;12.915;12.917;12.912;12.915;788
CNYRUBF;15;20240415;221500;12.915;12.915;12.912;12.912;728
CNYRUBF;15;20240415;223000;12.912;12.916;12.911;12.916;264
CNYRUBF;15;20240415;224500;12.916;12.916;12.912;12.916;22
CNYRUBF;15;20240415;230000;12.915;12.916;12.913;12.913;162
CNYRUBF;15;20240415;231500;12.913;12.913;12.912;12.912;36
CNYRUBF;15;20240415;233000;12.914;12.918;12.914;12.917;271
CNYRUBF;15;20240415;234500;12.913;12.913;12.913;12.913;13
CNYRUBF;15;20240416;090000;12.914;12.915;12.91;12.914;3649
CNYRUBF;15;20240416;091500;12.913;12.913;12.91;12.912;882
CNYRUBF;15;20240416;093000;12.91;12.913;12.9;12.902;5623
CNYRUBF;15;20240416;094500;12.904;12.93;12.904;12.926;10007
CNYRUBF;15;20240416;100000;12.925;12.927;12.919;12.921;7017
CNYRUBF;15;20240416;101500;12.922;12.929;12.92;12.923;6361
CNYRUBF;15;20240416;103000;12.923;12.925;12.922;12.924;8171
CNYRUBF;15;20240416;104500;12.924;12.926;12.921;12.926;7951
CNYRUBF;15;20240416;110000;12.925;12.939;12.923;12.926;22371
CNYRUBF;15;20240416;111500;12.928;12.933;12.921;12.923;3317
CNYRUBF;15;20240416;113000;12.924;12.925;12.922;12.925;1495
CNYRUBF;15;20240416;114500;12.925;12.95;12.925;12.947;8753
CNYRUBF;15;20240416;120000;12.947;12.948;12.938;12.946;8420
CNYRUBF;15;20240416;121500;12.946;12.946;12.933;12.944;8951
CNYRUBF;15;20240416;123000;12.944;12.965;12.944;12.965;26516
CNYRUBF;15;20240416;124500;12.964;12.97;12.955;12.959;10733
CNYRUBF;15;20240416;130000;12.959;12.961;12.944;12.948;46364
CNYRUBF;15;20240416;131500;12.948;12.954;12.948;12.95;4112
CNYRUBF;15;20240416;133000;12.95;12.952;12.947;12.949;13109
CNYRUBF;15;20240416;134500;12.949;12.952;12.949;12.95;16123
CNYRUBF;15;20240416;140000;12.95;12.951;12.944;12.947;26593
CNYRUBF;15;20240416;141500;12.949;12.956;12.949;12.956;9434
CNYRUBF;15;20240416;143000;12.956;12.968;12.953;12.968;1552
CNYRUBF;15;20240416;144500;12.968;12.978;12.967;12.977;5412
CNYRUBF;15;20240416;150000;12.977;12.977;12.96;12.966;22815
CNYRUBF;15;20240416;151500;12.965;12.966;12.961;12.962;757
CNYRUBF;15;20240416;153000;12.964;12.966;12.963;12.966;869
CNYRUBF;15;20240416;154500;12.966;12.966;12.96;12.964;2970
CNYRUBF;15;20240416;160000;12.962;12.965;12.96;12.965;550
CNYRUBF;15;20240416;161500;12.964;12.976;12.964;12.966;1937
CNYRUBF;15;20240416;163000;12.965;12.969;12.964;12.966;1125
CNYRUBF;15;20240416;164500;12.97;12.976;12.967;12.976;3976
CNYRUBF;15;20240416;170000;12.976;12.98;12.97;12.98;10297
CNYRUBF;15;20240416;171500;12.98;12.984;12.974;12.984;7115
CNYRUBF;15;20240416;173000;12.983;12.992;12.977;12.98;12350
CNYRUBF;15;20240416;174500;12.981;12.986;12.977;12.977;18120
CNYRUBF;15;20240416;180000;12.979;12.988;12.978;12.988;13022
CNYRUBF;15;20240416;181500;12.988;12.991;12.987;12.99;14381
CNYRUBF;15;20240416;183000;12.991;12.996;12.99;12.996;15386
CNYRUBF;15;20240416;184500;12.995;12.996;12.994;12.994;4558
CNYRUBF;15;20240416;190000;12.995;13.002;12.985;12.992;4034
CNYRUBF;15;20240416;191500;12.993;12.993;12.992;12.992;861
CNYRUBF;15;20240416;193000;12.993;12.993;12.992;12.993;72
CNYRUBF;15;20240416;194500;12.992;12.995;12.992;12.994;507
CNYRUBF;15;20240416;200000;12.995;13;12.994;12.999;1736
CNYRUBF;15;20240416;201500;12.999;13;12.997;13;768
CNYRUBF;15;20240416;203000;12.999;13;12.998;13;815
CNYRUBF;15;20240416;204500;13;13;12.995;12.996;765
CNYRUBF;15;20240416;210000;12.996;12.996;12.994;12.994;1594
CNYRUBF;15;20240416;211500;12.995;12.995;12.994;12.994;804
CNYRUBF;15;20240416;213000;12.994;12.995;12.994;12.995;1202
CNYRUBF;15;20240416;214500;12.995;12.997;12.994;12.995;217
CNYRUBF;15;20240416;220000;12.994;12.995;12.994;12.995;238
CNYRUBF;15;20240416;221500;12.994;12.995;12.994;12.994;108
CNYRUBF;15;20240416;223000;12.994;12.996;12.994;12.996;184
CNYRUBF;15;20240416;224500;12.996;12.998;12.994;12.994;602
CNYRUBF;15;20240416;230000;12.996;12.997;12.994;12.994;1113
CNYRUBF;15;20240416;231500;12.994;12.995;12.994;12.995;1524
CNYRUBF;15;20240416;233000;12.996;12.996;12.994;12.994;1571
CNYRUBF;15;20240416;234500;12.995;13.001;12.994;12.994;903
CNYRUBF;15;20240417;090000;13;13.007;12.994;13;3746
CNYRUBF;15;20240417;091500;13;13.002;12.992;13.002;7379
CNYRUBF;15;20240417;093000;13.001;13.02;13.001;13.018;2454
CNYRUBF;15;20240417;094500;13.02;13.032;13.018;13.032;9754
CNYRUBF;15;20240417;100000;13.032;13.035;13.021;13.024;22092
CNYRUBF;15;20240417;101500;13.024;13.038;13.015;13.021;7908
CNYRUBF;15;20240417;103000;13.021;13.023;13.014;13.02;5081
CNYRUBF;15;20240417;104500;13.018;13.018;13.009;13.011;15220
CNYRUBF;15;20240417;110000;13.01;13.01;13.003;13.005;18356
CNYRUBF;15;20240417;111500;13.006;13.028;13.004;13.026;11181
CNYRUBF;15;20240417;113000;13.026;13.033;13.015;13.015;4231
CNYRUBF;15;20240417;114500;13.015;13.033;13.014;13.03;6055
CNYRUBF;15;20240417;120000;13.031;13.032;13.022;13.022;2251
CNYRUBF;15;20240417;121500;13.022;13.027;13.019;13.02;10936
CNYRUBF;15;20240417;123000;13.019;13.022;13.014;13.014;16049
CNYRUBF;15;20240417;124500;13.014;13.023;13.006;13.022;14994
CNYRUBF;15;20240417;130000;13.021;13.023;13.009;13.012;14634
CNYRUBF;15;20240417;131500;13.01;13.01;13.001;13.007;20966
CNYRUBF;15;20240417;133000;13.007;13.008;12.996;12.998;9754
CNYRUBF;15;20240417;134500;13;13;12.997;13;4687
CNYRUBF;15;20240417;140000;12.999;13.007;12.997;13.003;2351
CNYRUBF;15;20240417;141500;13.003;13.008;12.999;12.999;11904
CNYRUBF;15;20240417;143000;12.999;13.002;12.988;12.988;20778
CNYRUBF;15;20240417;144500;12.988;12.988;12.98;12.983;19069
CNYRUBF;15;20240417;150000;12.983;12.993;12.98;12.987;10595
CNYRUBF;15;20240417;151500;12.986;12.991;12.984;12.99;2978
CNYRUBF;15;20240417;153000;12.99;12.994;12.981;12.991;5986
CNYRUBF;15;20240417;154500;12.991;12.993;12.987;12.987;1273
CNYRUBF;15;20240417;160000;12.987;12.991;12.98;12.991;18687
CNYRUBF;15;20240417;161500;12.988;12.99;12.979;12.984;15492
CNYRUBF;15;20240417;163000;12.984;13.002;12.983;12.994;15423
CNYRUBF;15;20240417;164500;12.995;12.996;12.984;12.988;8146
CNYRUBF;15;20240417;170000;12.983;12.983;12.974;12.977;4018
CNYRUBF;15;20240417;171500;12.976;12.982;12.973;12.979;26937
CNYRUBF;15;20240417;173000;12.979;12.983;12.963;12.966;12916
CNYRUBF;15;20240417;174500;12.966;12.976;12.965;12.973;6811
CNYRUBF;15;20240417;180000;12.971;12.978;12.967;12.977;2766
CNYRUBF;15;20240417;181500;12.977;12.985;12.974;12.985;7289
CNYRUBF;15;20240417;183000;12.986;12.995;12.985;12.985;3564
CNYRUBF;15;20240417;184500;12.986;12.986;12.983;12.985;1271
CNYRUBF;15;20240417;190000;12.983;13;12.983;12.999;2184
CNYRUBF;15;20240417;191500;12.999;13.004;12.998;13.002;1114
CNYRUBF;15;20240417;193000;13.001;13.013;13.001;13.006;1898
CNYRUBF;15;20240417;194500;13.005;13.019;13.002;13.018;1153
CNYRUBF;15;20240417;200000;13.019;13.02;13.012;13.012;1556
CNYRUBF;15;20240417;201500;13.012;13.013;13.006;13.006;317
CNYRUBF;15;20240417;203000;13.006;13.018;13.004;13.014;611
CNYRUBF;15;20240417;204500;13.012;13.015;13.007;13.011;202
CNYRUBF;15;20240417;210000;13.011;13.015;13.001;13.015;871
CNYRUBF;15;20240417;211500;13.014;13.02;13.012;13.02;899
CNYRUBF;15;20240417;213000;13.016;13.02;13.015;13.02;117
CNYRUBF;15;20240417;214500;13.02;13.02;13.012;13.012;170
CNYRUBF;15;20240417;220000;13.013;13.014;13.006;13.012;243
CNYRUBF;15;20240417;221500;13.012;13.015;13.008;13.009;680
CNYRUBF;15;20240417;223000;13.012;13.012;13.012;13.012;2
CNYRUBF;15;20240417;224500;13.009;13.012;13.007;13.012;118
CNYRUBF;15;20240417;230000;13.012;13.02;13.012;13.017;1226
CNYRUBF;15;20240417;231500;13.017;13.017;13.014;13.017;16
CNYRUBF;15;20240417;233000;13.014;13.014;13.011;13.011;125
CNYRUBF;15;20240417;234500;13.013;13.015;13.009;13.01;189
CNYRUBF;15;20240418;090000;13.012;13.018;13.008;13.017;5360
CNYRUBF;15;20240418;091500;13.019;13.02;13.019;13.02;15920
CNYRUBF;15;20240418;093000;13.019;13.019;13.009;13.01;36402
CNYRUBF;15;20240418;094500;13.012;13.015;12.997;13;6075
CNYRUBF;15;20240418;100000;12.999;13.016;12.995;13.015;32379
CNYRUBF;15;20240418;101500;13.016;13.023;13.005;13.01;16105
CNYRUBF;15;20240418;103000;13.013;13.019;13.008;13.008;4848
CNYRUBF;15;20240418;104500;13.008;13.008;12.996;13.001;9704
CNYRUBF;15;20240418;110000;13;13.003;12.993;12.995;9073
CNYRUBF;15;20240418;111500;12.995;12.995;12.981;12.984;9315
CNYRUBF;15;20240418;113000;12.983;12.985;12.979;12.984;4795
CNYRUBF;15;20240418;114500;12.981;12.981;12.973;12.975;37095
CNYRUBF;15;20240418;120000;12.977;12.991;12.974;12.986;12455
CNYRUBF;15;20240418;121500;12.987;12.997;12.982;12.983;39637
CNYRUBF;15;20240418;123000;12.984;12.986;12.982;12.985;3715
CNYRUBF;15;20240418;124500;12.985;12.986;12.977;12.977;17479
CNYRUBF;15;20240418;130000;12.978;12.981;12.971;12.973;4767
CNYRUBF;15;20240418;131500;12.972;12.976;12.971;12.975;51856
CNYRUBF;15;20240418;133000;12.975;12.981;12.974;12.976;31470
CNYRUBF;15;20240418;134500;12.976;12.988;12.976;12.988;28087
CNYRUBF;15;20240418;140000;12.987;12.988;12.986;12.987;13246
CNYRUBF;15;20240418;141500;12.986;12.988;12.982;12.982;6585
CNYRUBF;15;20240418;143000;12.982;12.983;12.979;12.98;37376
CNYRUBF;15;20240418;144500;12.981;12.982;12.977;12.978;5465
CNYRUBF;15;20240418;150000;12.977;12.979;12.97;12.97;13762
CNYRUBF;15;20240418;151500;12.97;12.978;12.97;12.976;14878
CNYRUBF;15;20240418;153000;12.974;12.976;12.972;12.974;22801
CNYRUBF;15;20240418;154500;12.975;12.975;12.971;12.972;2843
CNYRUBF;15;20240418;160000;12.972;12.972;12.968;12.97;3141
CNYRUBF;15;20240418;161500;12.969;12.976;12.963;12.968;35358
CNYRUBF;15;20240418;163000;12.966;12.969;12.952;12.958;56315
CNYRUBF;15;20240418;164500;12.959;12.962;12.955;12.959;15714
CNYRUBF;15;20240418;170000;12.959;12.96;12.951;12.952;9565
CNYRUBF;15;20240418;171500;12.953;12.959;12.95;12.958;22546
CNYRUBF;15;20240418;173000;12.957;12.959;12.954;12.955;19035
CNYRUBF;15;20240418;174500;12.956;12.957;12.949;12.95;11337
CNYRUBF;15;20240418;180000;12.95;12.952;12.946;12.947;7641
CNYRUBF;15;20240418;181500;12.948;12.96;12.943;12.945;41728
CNYRUBF;15;20240418;183000;12.947;12.957;12.944;12.946;2987
CNYRUBF;15;20240418;184500;12.945;12.945;12.939;12.941;3057
CNYRUBF;15;20240418;190000;12.946;12.947;12.939;12.94;6144
CNYRUBF;15;20240418;191500;12.939;12.94;12.937;12.94;578
CNYRUBF;15;20240418;193000;12.94;12.94;12.937;12.939;2625
CNYRUBF;15;20240418;194500;12.939;12.94;12.936;12.937;1792
CNYRUBF;15;20240418;200000;12.937;12.938;12.928;12.929;7781
CNYRUBF;15;20240418;201500;12.928;12.93;12.927;12.928;3279
CNYRUBF;15;20240418;203000;12.929;12.93;12.928;12.93;4983
CNYRUBF;15;20240418;204500;12.929;12.93;12.929;12.93;364
CNYRUBF;15;20240418;210000;12.93;12.93;12.929;12.93;611
CNYRUBF;15;20240418;211500;12.929;12.93;12.929;12.929;189
CNYRUBF;15;20240418;213000;12.93;12.93;12.929;12.929;3375
CNYRUBF;15;20240418;214500;12.93;12.93;12.929;12.93;1277
CNYRUBF;15;20240418;220000;12.93;12.93;12.929;12.93;2796
CNYRUBF;15;20240418;221500;12.93;12.93;12.929;12.929;787
CNYRUBF;15;20240418;223000;12.93;12.93;12.929;12.929;887
CNYRUBF;15;20240418;224500;12.93;12.93;12.929;12.93;943
CNYRUBF;15;20240418;230000;12.93;12.93;12.929;12.93;3123
CNYRUBF;15;20240418;231500;12.93;12.93;12.929;12.93;3278
CNYRUBF;15;20240418;233000;12.93;12.93;12.929;12.93;967
CNYRUBF;15;20240418;234500;12.93;12.93;12.93;12.93;680
CNYRUBF;15;20240419;090000;12.929;12.93;12.927;12.93;51881
CNYRUBF;15;20240419;091500;12.93;12.94;12.929;12.939;20680
CNYRUBF;15;20240419;093000;12.94;12.944;12.936;12.94;33264
CNYRUBF;15;20240419;094500;12.943;12.961;12.943;12.957;18620
CNYRUBF;15;20240419;100000;12.957;12.958;12.944;12.952;20849
CNYRUBF;15;20240419;101500;12.95;12.95;12.933;12.939;16635
CNYRUBF;15;20240419;103000;12.94;12.942;12.922;12.922;15178
CNYRUBF;15;20240419;104500;12.922;12.926;12.911;12.912;27069
CNYRUBF;15;20240419;110000;12.911;12.916;12.903;12.912;35240
CNYRUBF;15;20240419;111500;12.912;12.912;12.904;12.91;23642
CNYRUBF;15;20240419;113000;12.91;12.91;12.908;12.908;7280
CNYRUBF;15;20240419;114500;12.907;12.91;12.903;12.903;3503
CNYRUBF;15;20240419;120000;12.903;12.903;12.876;12.884;35836
CNYRUBF;15;20240419;121500;12.883;12.885;12.87;12.877;14655
CNYRUBF;15;20240419;123000;12.878;12.882;12.87;12.873;8647
CNYRUBF;15;20240419;124500;12.874;12.881;12.87;12.876;4628
CNYRUBF;15;20240419;130000;12.876;12.876;12.863;12.864;10601
CNYRUBF;15;20240419;131500;12.864;12.865;12.838;12.849;38536
CNYRUBF;15;20240419;133000;12.847;12.87;12.847;12.863;6390
CNYRUBF;15;20240419;134500;12.864;12.864;12.857;12.862;3831
CNYRUBF;15;20240419;140000;12.863;12.865;12.85;12.851;7366
CNYRUBF;15;20240419;141500;12.851;12.862;12.838;12.857;24026
CNYRUBF;15;20240419;143000;12.856;12.862;12.853;12.861;10808
CNYRUBF;15;20240419;144500;12.861;12.862;12.857;12.857;9503
CNYRUBF;15;20240419;150000;12.857;12.859;12.854;12.855;11864
CNYRUBF;15;20240419;151500;12.855;12.861;12.854;12.854;8774
CNYRUBF;15;20240419;153000;12.855;12.855;12.836;12.838;48512
CNYRUBF;15;20240419;154500;12.836;12.847;12.815;12.847;38048
CNYRUBF;15;20240419;160000;12.845;12.846;12.829;12.836;7961
CNYRUBF;15;20240419;161500;12.836;12.856;12.817;12.853;12655
CNYRUBF;15;20240419;163000;12.852;12.856;12.837;12.847;4098
CNYRUBF;15;20240419;164500;12.848;12.858;12.848;12.854;7197
CNYRUBF;15;20240419;170000;12.853;12.857;12.848;12.852;5559
CNYRUBF;15;20240419;171500;12.853;12.86;12.845;12.857;4580
CNYRUBF;15;20240419;173000;12.856;12.861;12.847;12.86;19155
CNYRUBF;15;20240419;174500;12.86;12.86;12.855;12.86;24179
CNYRUBF;15;20240419;180000;12.86;12.86;12.848;12.848;5689
CNYRUBF;15;20240419;181500;12.849;12.852;12.844;12.845;1268
CNYRUBF;15;20240419;183000;12.847;12.853;12.845;12.853;4938
CNYRUBF;15;20240419;184500;12.853;12.854;12.852;12.852;2976
CNYRUBF;15;20240419;190000;12.853;12.855;12.85;12.85;2268
CNYRUBF;15;20240419;191500;12.851;12.851;12.847;12.847;1163
CNYRUBF;15;20240419;193000;12.846;12.85;12.845;12.85;598
CNYRUBF;15;20240419;194500;12.85;12.85;12.849;12.85;736
CNYRUBF;15;20240419;200000;12.85;12.85;12.846;12.849;320
CNYRUBF;15;20240419;201500;12.85;12.85;12.849;12.85;549
CNYRUBF;15;20240419;203000;12.849;12.85;12.849;12.85;1492
CNYRUBF;15;20240419;204500;12.85;12.85;12.849;12.85;543
CNYRUBF;15;20240419;210000;12.85;12.85;12.849;12.849;2696
CNYRUBF;15;20240419;211500;12.849;12.85;12.849;12.849;196
CNYRUBF;15;20240419;213000;12.85;12.85;12.845;12.848;330
CNYRUBF;15;20240419;214500;12.848;12.85;12.845;12.845;653
CNYRUBF;15;20240419;220000;12.845;12.85;12.844;12.85;328
CNYRUBF;15;20240419;221500;12.847;12.85;12.844;12.85;2094
CNYRUBF;15;20240419;223000;12.847;12.847;12.846;12.846;32
CNYRUBF;15;20240419;224500;12.845;12.846;12.845;12.845;69
CNYRUBF;15;20240419;230000;12.844;12.846;12.844;12.845;115
CNYRUBF;15;20240419;231500;12.845;12.846;12.845;12.845;142
CNYRUBF;15;20240419;233000;12.845;12.846;12.845;12.845;38
CNYRUBF;15;20240419;234500;12.847;12.847;12.837;12.839;754
CNYRUBF;15;20240422;090000;12.855;12.868;12.854;12.859;35636
CNYRUBF;15;20240422;091500;12.859;12.861;12.855;12.859;9476
CNYRUBF;15;20240422;093000;12.859;12.859;12.852;12.855;21252
CNYRUBF;15;20240422;094500;12.854;12.86;12.83;12.859;74970
CNYRUBF;15;20240422;100000;12.859;12.865;12.845;12.865;41117
CNYRUBF;15;20240422;101500;12.866;12.866;12.843;12.843;30432
CNYRUBF;15;20240422;103000;12.843;12.85;12.842;12.846;4575
CNYRUBF;15;20240422;104500;12.847;12.85;12.844;12.849;23062
CNYRUBF;15;20240422;110000;12.849;12.851;12.847;12.849;25834
CNYRUBF;15;20240422;111500;12.851;12.851;12.846;12.847;7785
CNYRUBF;15;20240422;113000;12.847;12.854;12.846;12.85;7666
CNYRUBF;15;20240422;114500;12.85;12.855;12.85;12.851;5983
CNYRUBF;15;20240422;120000;12.852;12.861;12.852;12.858;6385
CNYRUBF;15;20240422;121500;12.858;12.86;12.852;12.856;6361
CNYRUBF;15;20240422;123000;12.856;12.86;12.856;12.857;2396
CNYRUBF;15;20240422;124500;12.857;12.86;12.857;12.857;519
CNYRUBF;15;20240422;130000;12.857;12.86;12.857;12.858;436
CNYRUBF;15;20240422;131500;12.858;12.859;12.858;12.859;290
CNYRUBF;15;20240422;133000;12.859;12.867;12.859;12.863;7923
CNYRUBF;15;20240422;134500;12.864;12.869;12.863;12.867;10630
CNYRUBF;15;20240422;140000;12.867;12.868;12.866;12.866;4180
CNYRUBF;15;20240422;141500;12.867;12.872;12.866;12.871;24259
CNYRUBF;15;20240422;143000;12.871;12.872;12.867;12.872;9170
CNYRUBF;15;20240422;144500;12.872;12.876;12.867;12.87;24035
CNYRUBF;15;20240422;150000;12.871;12.871;12.864;12.867;10770
CNYRUBF;15;20240422;151500;12.867;12.868;12.864;12.866;28334
CNYRUBF;15;20240422;153000;12.867;12.872;12.866;12.871;12516
CNYRUBF;15;20240422;154500;12.87;12.873;12.87;12.873;1272
CNYRUBF;15;20240422;160000;12.871;12.874;12.87;12.87;3634
CNYRUBF;15;20240422;161500;12.87;12.873;12.868;12.871;1440
CNYRUBF;15;20240422;163000;12.87;12.872;12.866;12.87;28525
CNYRUBF;15;20240422;164500;12.87;12.873;12.867;12.869;1846
CNYRUBF;15;20240422;170000;12.87;12.874;12.868;12.874;116
CNYRUBF;15;20240422;171500;12.875;12.876;12.872;12.876;26644
CNYRUBF;15;20240422;173000;12.876;12.883;12.875;12.881;10067
CNYRUBF;15;20240422;174500;12.881;12.883;12.878;12.88;3231
CNYRUBF;15;20240422;180000;12.882;12.882;12.874;12.875;1522
CNYRUBF;15;20240422;181500;12.875;12.875;12.869;12.873;5097
CNYRUBF;15;20240422;183000;12.873;12.874;12.871;12.873;1141
CNYRUBF;15;20240422;184500;12.872;12.872;12.86;12.86;3374
CNYRUBF;15;20240422;190000;12.863;12.875;12.863;12.866;1312
CNYRUBF;15;20240422;191500;12.866;12.867;12.864;12.866;1028
CNYRUBF;15;20240422;193000;12.866;12.866;12.861;12.862;991
CNYRUBF;15;20240422;194500;12.863;12.863;12.832;12.855;2785
CNYRUBF;15;20240422;200000;12.854;12.862;12.853;12.862;116
CNYRUBF;15;20240422;201500;12.863;12.863;12.859;12.859;18
CNYRUBF;15;20240422;203000;12.859;12.859;12.853;12.854;194
CNYRUBF;15;20240422;204500;12.855;12.855;12.851;12.853;252
CNYRUBF;15;20240422;210000;12.852;12.853;12.852;12.853;240
CNYRUBF;15;20240422;211500;12.852;12.856;12.852;12.852;166
CNYRUBF;15;20240422;213000;12.854;12.855;12.854;12.855;638
CNYRUBF;15;20240422;214500;12.855;12.855;12.852;12.855;672
CNYRUBF;15;20240422;220000;12.855;12.855;12.846;12.85;258
CNYRUBF;15;20240422;221500;12.85;12.854;12.848;12.854;119
CNYRUBF;15;20240422;223000;12.851;12.856;12.849;12.855;116
CNYRUBF;15;20240422;224500;12.855;12.855;12.854;12.855;49
CNYRUBF;15;20240422;230000;12.855;12.863;12.855;12.857;276
CNYRUBF;15;20240422;231500;12.857;12.858;12.857;12.858;6
CNYRUBF;15;20240422;233000;12.856;12.867;12.856;12.86;234
CNYRUBF;15;20240422;234500;12.859;12.86;12.851;12.86;78
CNYRUBF;15;20240423;090000;12.868;12.87;12.859;12.861;5371
CNYRUBF;15;20240423;091500;12.861;12.87;12.86;12.869;10482
CNYRUBF;15;20240423;093000;12.87;12.87;12.86;12.862;24156
CNYRUBF;15;20240423;094500;12.861;12.862;12.849;12.856;18392
CNYRUBF;15;20240423;100000;12.856;12.86;12.853;12.858;53237
CNYRUBF;15;20240423;101500;12.859;12.86;12.838;12.847;27344
CNYRUBF;15;20240423;103000;12.845;12.854;12.839;12.853;10022
CNYRUBF;15;20240423;104500;12.854;12.858;12.851;12.856;14486
CNYRUBF;15;20240423;110000;12.855;12.859;12.855;12.858;2239
CNYRUBF;15;20240423;111500;12.858;12.866;12.856;12.861;5076
CNYRUBF;15;20240423;113000;12.861;12.869;12.859;12.865;3902
CNYRUBF;15;20240423;114500;12.864;12.865;12.857;12.857;3322
CNYRUBF;15;20240423;120000;12.857;12.863;12.854;12.855;4520
CNYRUBF;15;20240423;121500;12.856;12.859;12.855;12.858;3092
CNYRUBF;15;20240423;123000;12.86;12.862;12.854;12.857;3346
CNYRUBF;15;20240423;124500;12.855;12.856;12.854;12.855;5740
CNYRUBF;15;20240423;130000;12.857;12.857;12.854;12.854;1121
CNYRUBF;15;20240423;131500;12.855;12.855;12.851;12.851;4385
CNYRUBF;15;20240423;133000;12.853;12.853;12.845;12.846;4829
CNYRUBF;15;20240423;134500;12.846;12.852;12.846;12.852;12228
CNYRUBF;15;20240423;140000;12.851;12.851;12.844;12.847;3107
CNYRUBF;15;20240423;141500;12.847;12.848;12.846;12.847;1360
CNYRUBF;15;20240423;143000;12.846;12.846;12.822;12.826;14415
CNYRUBF;15;20240423;144500;12.826;12.826;12.811;12.813;30025
CNYRUBF;15;20240423;150000;12.811;12.818;12.81;12.81;17157
CNYRUBF;15;20240423;151500;12.81;12.824;12.803;12.822;13934
CNYRUBF;15;20240423;153000;12.822;12.841;12.822;12.834;29430
CNYRUBF;15;20240423;154500;12.833;12.845;12.829;12.843;12486
CNYRUBF;15;20240423;160000;12.841;12.845;12.826;12.826;7131
CNYRUBF;15;20240423;161500;12.825;12.836;12.824;12.836;2077
CNYRUBF;15;20240423;163000;12.837;12.841;12.836;12.837;18293
CNYRUBF;15;20240423;164500;12.839;12.84;12.835;12.838;6731
CNYRUBF;15;20240423;170000;12.839;12.839;12.834;12.837;8822
CNYRUBF;15;20240423;171500;12.837;12.839;12.819;12.825;6142
CNYRUBF;15;20240423;173000;12.825;12.837;12.825;12.828;7702
CNYRUBF;15;20240423;174500;12.828;12.828;12.804;12.814;12970
CNYRUBF;15;20240423;180000;12.814;12.816;12.81;12.81;10752
CNYRUBF;15;20240423;181500;12.81;12.815;12.81;12.814;2577
CNYRUBF;15;20240423;183000;12.814;12.821;12.806;12.818;11872
CNYRUBF;15;20240423;184500;12.818;12.821;12.817;12.817;1567
CNYRUBF;15;20240423;190000;12.817;12.821;12.812;12.816;1444
CNYRUBF;15;20240423;191500;12.816;12.819;12.816;12.818;1738
CNYRUBF;15;20240423;193000;12.818;12.819;12.817;12.817;609
CNYRUBF;15;20240423;194500;12.817;12.819;12.817;12.818;433
CNYRUBF;15;20240423;200000;12.819;12.819;12.813;12.818;323
CNYRUBF;15;20240423;201500;12.819;12.82;12.818;12.818;571
CNYRUBF;15;20240423;203000;12.819;12.82;12.818;12.819;774
CNYRUBF;15;20240423;204500;12.819;12.82;12.819;12.819;71
CNYRUBF;15;20240423;210000;12.819;12.82;12.819;12.819;30
CNYRUBF;15;20240423;211500;12.819;12.819;12.817;12.819;209
CNYRUBF;15;20240423;213000;12.819;12.819;12.818;12.819;64
CNYRUBF;15;20240423;214500;12.818;12.818;12.818;12.818;4
CNYRUBF;15;20240423;220000;12.82;12.82;12.819;12.819;277
CNYRUBF;15;20240423;221500;12.818;12.819;12.818;12.818;161
CNYRUBF;15;20240423;223000;12.817;12.818;12.817;12.817;349
CNYRUBF;15;20240423;224500;12.817;12.818;12.81;12.81;447
CNYRUBF;15;20240423;230000;12.81;12.81;12.808;12.809;120
CNYRUBF;15;20240423;231500;12.81;12.81;12.808;12.81;215
CNYRUBF;15;20240423;233000;12.81;12.811;12.809;12.811;88
CNYRUBF;15;20240423;234500;12.812;12.82;12.812;12.82;189
CNYRUBF;15;20240424;090000;12.812;12.815;12.78;12.784;48272
CNYRUBF;15;20240424;091500;12.782;12.791;12.779;12.79;8569
CNYRUBF;15;20240424;093000;12.791;12.791;12.785;12.786;10297
CNYRUBF;15;20240424;094500;12.786;12.786;12.766;12.768;15057
CNYRUBF;15;20240424;100000;12.766;12.768;12.75;12.751;36992
CNYRUBF;15;20240424;101500;12.751;12.751;12.728;12.734;50696
CNYRUBF;15;20240424;103000;12.733;12.741;12.731;12.736;24406
CNYRUBF;15;20240424;104500;12.737;12.74;12.729;12.739;30065
CNYRUBF;15;20240424;110000;12.739;12.739;12.731;12.731;6719
CNYRUBF;15;20240424;111500;12.731;12.738;12.731;12.736;2709
CNYRUBF;15;20240424;113000;12.737;12.737;12.731;12.732;2418
CNYRUBF;15;20240424;114500;12.733;12.735;12.729;12.733;2782
CNYRUBF;15;20240424;120000;12.732;12.733;12.726;12.726;6835
CNYRUBF;15;20240424;121500;12.725;12.734;12.723;12.725;11775
CNYRUBF;15;20240424;123000;12.725;12.73;12.725;12.729;18374
CNYRUBF;15;20240424;124500;12.73;12.73;12.717;12.724;4382
CNYRUBF;15;20240424;130000;12.724;12.724;12.713;12.718;11098
CNYRUBF;15;20240424;131500;12.72;12.72;12.707;12.713;4735
CNYRUBF;15;20240424;133000;12.712;12.712;12.706;12.709;3621
CNYRUBF;15;20240424;134500;12.709;12.717;12.709;12.716;11020
CNYRUBF;15;20240424;140000;12.717;12.72;12.716;12.72;5882
CNYRUBF;15;20240424;141500;12.72;12.723;12.716;12.722;2290
CNYRUBF;15;20240424;143000;12.722;12.727;12.72;12.724;4206
CNYRUBF;15;20240424;144500;12.723;12.723;12.716;12.72;4164
CNYRUBF;15;20240424;150000;12.723;12.732;12.72;12.728;4420
CNYRUBF;15;20240424;151500;12.727;12.727;12.72;12.72;4645
CNYRUBF;15;20240424;153000;12.719;12.723;12.717;12.722;675
CNYRUBF;15;20240424;154500;12.72;12.72;12.71;12.716;1218
CNYRUBF;15;20240424;160000;12.715;12.715;12.695;12.697;18986
CNYRUBF;15;20240424;161500;12.698;12.71;12.698;12.703;4231
CNYRUBF;15;20240424;163000;12.704;12.705;12.687;12.688;9148
CNYRUBF;15;20240424;164500;12.688;12.7;12.688;12.691;6208
CNYRUBF;15;20240424;170000;12.691;12.691;12.684;12.688;13566
CNYRUBF;15;20240424;171500;12.688;12.689;12.679;12.679;13545
CNYRUBF;15;20240424;173000;12.68;12.699;12.677;12.699;11995
CNYRUBF;15;20240424;174500;12.697;12.705;12.691;12.694;10575
CNYRUBF;15;20240424;180000;12.695;12.706;12.695;12.703;25310
CNYRUBF;15;20240424;181500;12.701;12.702;12.682;12.693;15224
CNYRUBF;15;20240424;183000;12.693;12.693;12.667;12.677;15245
CNYRUBF;15;20240424;184500;12.677;12.678;12.67;12.674;6561
CNYRUBF;15;20240424;190000;12.696;12.698;12.676;12.679;4833
CNYRUBF;15;20240424;191500;12.681;12.691;12.679;12.689;476
CNYRUBF;15;20240424;193000;12.692;12.692;12.688;12.69;1251
CNYRUBF;15;20240424;194500;12.691;12.697;12.69;12.697;2169
CNYRUBF;15;20240424;200000;12.695;12.696;12.695;12.696;2664
CNYRUBF;15;20240424;201500;12.695;12.699;12.695;12.696;5309
CNYRUBF;15;20240424;203000;12.696;12.698;12.694;12.695;676
CNYRUBF;15;20240424;204500;12.696;12.699;12.695;12.699;483
CNYRUBF;15;20240424;210000;12.699;12.699;12.698;12.699;1387
CNYRUBF;15;20240424;211500;12.699;12.699;12.698;12.698;218
CNYRUBF;15;20240424;213000;12.699;12.699;12.683;12.689;1725
CNYRUBF;15;20240424;214500;12.689;12.692;12.689;12.69;82
CNYRUBF;15;20240424;220000;12.69;12.693;12.688;12.693;328
CNYRUBF;15;20240424;221500;12.693;12.693;12.69;12.69;7
CNYRUBF;15;20240424;223000;12.689;12.689;12.689;12.689;29
CNYRUBF;15;20240424;224500;12.689;12.689;12.689;12.689;1473
CNYRUBF;15;20240424;230000;12.689;12.689;12.688;12.688;2309
CNYRUBF;15;20240424;231500;12.689;12.689;12.688;12.689;268
CNYRUBF;15;20240424;233000;12.688;12.689;12.688;12.689;117
CNYRUBF;15;20240424;234500;12.689;12.689;12.688;12.688;228
CNYRUBF;15;20240425;090000;12.688;12.724;12.688;12.721;49880
CNYRUBF;15;20240425;091500;12.716;12.736;12.716;12.726;5505
CNYRUBF;15;20240425;093000;12.726;12.729;12.698;12.703;16172
CNYRUBF;15;20240425;094500;12.703;12.703;12.672;12.675;15249
CNYRUBF;15;20240425;100000;12.671;12.676;12.667;12.672;19914
CNYRUBF;15;20240425;101500;12.67;12.678;12.665;12.677;17154
CNYRUBF;15;20240425;103000;12.677;12.696;12.676;12.688;17721
CNYRUBF;15;20240425;104500;12.688;12.691;12.679;12.681;16729
CNYRUBF;15;20240425;110000;12.681;12.69;12.68;12.682;8920
CNYRUBF;15;20240425;111500;12.683;12.684;12.678;12.679;8612
CNYRUBF;15;20240425;113000;12.679;12.706;12.679;12.701;14806
CNYRUBF;15;20240425;114500;12.703;12.713;12.694;12.701;26522
CNYRUBF;15;20240425;120000;12.703;12.707;12.695;12.697;4489
CNYRUBF;15;20240425;121500;12.696;12.714;12.694;12.714;15394
CNYRUBF;15;20240425;123000;12.713;12.713;12.701;12.707;7261
CNYRUBF;15;20240425;124500;12.706;12.706;12.7;12.706;3193
CNYRUBF;15;20240425;130000;12.706;12.717;12.705;12.708;6505
CNYRUBF;15;20240425;131500;12.707;12.707;12.695;12.699;5352
CNYRUBF;15;20240425;133000;12.697;12.701;12.69;12.69;8999
CNYRUBF;15;20240425;134500;12.691;12.695;12.688;12.691;4593
CNYRUBF;15;20240425;140000;12.692;12.696;12.688;12.693;4396
CNYRUBF;15;20240425;141500;12.694;12.698;12.693;12.697;259
CNYRUBF;15;20240425;143000;12.697;12.701;12.696;12.698;8308
CNYRUBF;15;20240425;144500;12.696;12.7;12.69;12.698;12360
CNYRUBF;15;20240425;150000;12.698;12.698;12.69;12.691;2449
CNYRUBF;15;20240425;151500;12.694;12.695;12.675;12.678;15520
CNYRUBF;15;20240425;153000;12.679;12.69;12.675;12.687;10209
CNYRUBF;15;20240425;154500;12.685;12.689;12.681;12.685;555
CNYRUBF;15;20240425;160000;12.685;12.686;12.676;12.683;6858
CNYRUBF;15;20240425;161500;12.683;12.685;12.682;12.684;1505
CNYRUBF;15;20240425;163000;12.684;12.695;12.683;12.693;11600
CNYRUBF;15;20240425;164500;12.693;12.702;12.691;12.695;11921
CNYRUBF;15;20240425;170000;12.695;12.696;12.688;12.688;1102
CNYRUBF;15;20240425;171500;12.688;12.694;12.685;12.692;2084
CNYRUBF;15;20240425;173000;12.692;12.697;12.69;12.693;4137
CNYRUBF;15;20240425;174500;12.694;12.698;12.691;12.696;18294
CNYRUBF;15;20240425;180000;12.695;12.696;12.681;12.685;3070
CNYRUBF;15;20240425;181500;12.685;12.685;12.675;12.681;23257
CNYRUBF;15;20240425;183000;12.68;12.68;12.676;12.679;9474
CNYRUBF;15;20240425;184500;12.678;12.68;12.676;12.678;3583
CNYRUBF;15;20240425;190000;12.692;12.692;12.681;12.685;19107
CNYRUBF;15;20240425;191500;12.684;12.685;12.682;12.685;6871
CNYRUBF;15;20240425;193000;12.685;12.685;12.683;12.684;1210
CNYRUBF;15;20240425;194500;12.684;12.685;12.684;12.684;3697
CNYRUBF;15;20240425;200000;12.685;12.685;12.684;12.684;1159
CNYRUBF;15;20240425;201500;12.685;12.685;12.684;12.685;1020
CNYRUBF;15;20240425;203000;12.685;12.689;12.684;12.687;484
CNYRUBF;15;20240425;204500;12.686;12.689;12.686;12.688;383
CNYRUBF;15;20240425;210000;12.688;12.688;12.687;12.687;115
CNYRUBF;15;20240425;211500;12.687;12.688;12.687;12.688;38
CNYRUBF;15;20240425;213000;12.688;12.688;12.686;12.687;262
CNYRUBF;15;20240425;214500;12.687;12.689;12.687;12.689;197
CNYRUBF;15;20240425;220000;12.689;12.689;12.687;12.688;668
CNYRUBF;15;20240425;221500;12.689;12.689;12.688;12.689;952
CNYRUBF;15;20240425;223000;12.689;12.689;12.689;12.689;318
CNYRUBF;15;20240425;224500;12.689;12.689;12.687;12.687;131
CNYRUBF;15;20240425;230000;12.687;12.69;12.687;12.688;2067
CNYRUBF;15;20240425;231500;12.688;12.689;12.688;12.689;1684
CNYRUBF;15;20240425;233000;12.689;12.692;12.689;12.692;1320
CNYRUBF;15;20240425;234500;12.691;12.699;12.69;12.692;139
CNYRUBF;15;20240426;090000;12.692;12.705;12.69;12.696;50678
CNYRUBF;15;20240426;091500;12.697;12.725;12.697;12.716;19094
CNYRUBF;15;20240426;093000;12.712;12.715;12.678;12.679;15299
CNYRUBF;15;20240426;094500;12.679;12.681;12.658;12.672;25068
CNYRUBF;15;20240426;100000;12.673;12.679;12.663;12.673;25566
CNYRUBF;15;20240426;101500;12.675;12.68;12.665;12.666;22582
CNYRUBF;15;20240426;103000;12.666;12.678;12.664;12.675;30454
CNYRUBF;15;20240426;104500;12.676;12.68;12.67;12.677;13673
CNYRUBF;15;20240426;110000;12.68;12.68;12.676;12.68;16101
CNYRUBF;15;20240426;111500;12.678;12.704;12.677;12.702;11587
CNYRUBF;15;20240426;113000;12.703;12.704;12.691;12.699;8801
CNYRUBF;15;20240426;114500;12.699;12.701;12.697;12.698;2663
CNYRUBF;15;20240426;120000;12.698;12.7;12.682;12.69;11575
CNYRUBF;15;20240426;121500;12.691;12.692;12.681;12.685;4049
CNYRUBF;15;20240426;123000;12.681;12.683;12.665;12.666;6271
CNYRUBF;15;20240426;124500;12.665;12.668;12.65;12.655;12181
CNYRUBF;15;20240426;130000;12.654;12.658;12.647;12.651;12496
CNYRUBF;15;20240426;131500;12.649;12.65;12.611;12.613;45114
CNYRUBF;15;20240426;133000;12.613;12.626;12.612;12.625;15005
CNYRUBF;15;20240426;134500;12.626;12.644;12.626;12.635;8311
CNYRUBF;15;20240426;140000;12.634;12.636;12.61;12.61;16369
CNYRUBF;15;20240426;141500;12.61;12.629;12.601;12.603;86898
CNYRUBF;15;20240426;143000;12.607;12.607;12.586;12.587;46250
CNYRUBF;15;20240426;144500;12.587;12.592;12.557;12.557;51327
CNYRUBF;15;20240426;150000;12.556;12.563;12.536;12.563;44254
CNYRUBF;15;20240426;151500;12.563;12.57;12.549;12.563;31370
CNYRUBF;15;20240426;153000;12.563;12.581;12.549;12.573;29195
CNYRUBF;15;20240426;154500;12.575;12.584;12.572;12.576;16004
CNYRUBF;15;20240426;160000;12.576;12.579;12.569;12.571;17796
CNYRUBF;15;20240426;161500;12.571;12.581;12.569;12.58;19732
CNYRUBF;15;20240426;163000;12.58;12.582;12.565;12.577;20154
CNYRUBF;15;20240426;164500;12.577;12.583;12.548;12.57;19693
CNYRUBF;15;20240426;170000;12.568;12.568;12.519;12.52;35007
CNYRUBF;15;20240426;171500;12.52;12.522;12.503;12.509;49287
CNYRUBF;15;20240426;173000;12.509;12.556;12.509;12.546;44453
CNYRUBF;15;20240426;174500;12.549;12.56;12.529;12.531;23643
CNYRUBF;15;20240426;180000;12.532;12.565;12.527;12.552;25714
CNYRUBF;15;20240426;181500;12.555;12.556;12.533;12.554;5009
CNYRUBF;15;20240426;183000;12.554;12.566;12.552;12.553;39941
CNYRUBF;15;20240426;184500;12.553;12.564;12.553;12.563;2290
CNYRUBF;15;20240426;190000;12.563;12.571;12.554;12.57;1554
CNYRUBF;15;20240426;191500;12.57;12.573;12.567;12.567;700
CNYRUBF;15;20240426;193000;12.566;12.571;12.562;12.562;922
CNYRUBF;15;20240426;194500;12.561;12.562;12.557;12.562;600
CNYRUBF;15;20240426;200000;12.564;12.564;12.561;12.564;303
CNYRUBF;15;20240426;201500;12.564;12.564;12.56;12.564;272
CNYRUBF;15;20240426;203000;12.562;12.566;12.562;12.566;278
CNYRUBF;15;20240426;204500;12.566;12.567;12.562;12.564;508
CNYRUBF;15;20240426;210000;12.564;12.564;12.562;12.564;101
CNYRUBF;15;20240426;211500;12.564;12.564;12.562;12.564;63
CNYRUBF;15;20240426;213000;12.563;12.565;12.56;12.563;350
CNYRUBF;15;20240426;214500;12.563;12.566;12.563;12.566;176
CNYRUBF;15;20240426;220000;12.566;12.57;12.561;12.57;357
CNYRUBF;15;20240426;221500;12.568;12.569;12.563;12.563;147
CNYRUBF;15;20240426;223000;12.565;12.57;12.564;12.57;263
CNYRUBF;15;20240426;224500;12.568;12.573;12.567;12.573;515
CNYRUBF;15;20240426;230000;12.574;12.574;12.562;12.568;388
CNYRUBF;15;20240426;231500;12.568;12.572;12.564;12.572;143
CNYRUBF;15;20240426;233000;12.572;12.573;12.572;12.573;382
CNYRUBF;15;20240426;234500;12.573;12.573;12.57;12.57;202
CNYRUBF;15;20240427;090000;12.583;12.589;12.566;12.573;7317
CNYRUBF;15;20240427;091500;12.572;12.592;12.569;12.591;3930
CNYRUBF;15;20240427;093000;12.592;12.604;12.591;12.601;2128
CNYRUBF;15;20240427;094500;12.602;12.604;12.59;12.6;4607
CNYRUBF;15;20240427;100000;12.599;12.623;12.593;12.6;13735
CNYRUBF;15;20240427;101500;12.599;12.6;12.57;12.578;47707
CNYRUBF;15;20240427;103000;12.577;12.58;12.56;12.579;13845
CNYRUBF;15;20240427;104500;12.58;12.584;12.573;12.58;7181
CNYRUBF;15;20240427;110000;12.58;12.58;12.56;12.567;17901
CNYRUBF;15;20240427;111500;12.572;12.579;12.57;12.579;4315
CNYRUBF;15;20240427;113000;12.578;12.58;12.559;12.559;5835
CNYRUBF;15;20240427;114500;12.559;12.567;12.547;12.548;6571
CNYRUBF;15;20240427;120000;12.549;12.559;12.543;12.556;16455
CNYRUBF;15;20240427;121500;12.556;12.562;12.556;12.56;252
CNYRUBF;15;20240427;123000;12.56;12.57;12.559;12.564;2756
CNYRUBF;15;20240427;124500;12.564;12.57;12.561;12.561;2405
CNYRUBF;15;20240427;130000;12.566;12.566;12.561;12.561;1104
CNYRUBF;15;20240427;131500;12.563;12.57;12.563;12.565;1695
CNYRUBF;15;20240427;133000;12.566;12.568;12.562;12.565;12771
CNYRUBF;15;20240427;134500;12.568;12.572;12.567;12.568;621
CNYRUBF;15;20240427;140000;12.568;12.568;12.564;12.567;802
CNYRUBF;15;20240427;141500;12.566;12.587;12.565;12.575;2672
CNYRUBF;15;20240427;143000;12.576;12.589;12.573;12.586;2275
CNYRUBF;15;20240427;144500;12.587;12.598;12.585;12.591;2207
CNYRUBF;15;20240427;150000;12.591;12.596;12.589;12.592;1363
CNYRUBF;15;20240427;151500;12.594;12.607;12.59;12.605;4648
CNYRUBF;15;20240427;153000;12.606;12.612;12.6;12.612;2507
CNYRUBF;15;20240427;154500;12.611;12.631;12.611;12.63;8021
CNYRUBF;15;20240427;160000;12.63;12.646;12.626;12.639;18038
CNYRUBF;15;20240427;161500;12.639;12.648;12.638;12.644;15589
CNYRUBF;15;20240427;163000;12.644;12.657;12.644;12.651;8593
CNYRUBF;15;20240427;164500;12.653;12.658;12.652;12.652;2419
CNYRUBF;15;20240427;170000;12.651;12.656;12.649;12.655;7983
CNYRUBF;15;20240427;171500;12.656;12.656;12.642;12.652;20448
CNYRUBF;15;20240427;173000;12.652;12.664;12.646;12.649;10552
CNYRUBF;15;20240427;174500;12.65;12.654;12.65;12.652;826
CNYRUBF;15;20240427;180000;12.651;12.657;12.647;12.648;3904
CNYRUBF;15;20240427;181500;12.649;12.653;12.648;12.648;9625
CNYRUBF;15;20240427;183000;12.648;12.663;12.647;12.662;3579
CNYRUBF;15;20240427;184500;12.662;12.676;12.662;12.676;8360
CNYRUBF;15;20240427;190000;12.676;12.69;12.661;12.686;2667
CNYRUBF;15;20240427;191500;12.685;12.685;12.673;12.679;1198
CNYRUBF;15;20240427;193000;12.68;12.688;12.679;12.679;785
CNYRUBF;15;20240427;194500;12.679;12.68;12.67;12.676;1682
CNYRUBF;15;20240427;200000;12.676;12.679;12.672;12.677;626
CNYRUBF;15;20240427;201500;12.672;12.68;12.671;12.677;270
CNYRUBF;15;20240427;203000;12.677;12.677;12.671;12.672;154
CNYRUBF;15;20240427;204500;12.673;12.685;12.67;12.673;551
CNYRUBF;15;20240427;210000;12.673;12.676;12.663;12.672;241
CNYRUBF;15;20240427;211500;12.672;12.681;12.672;12.674;376
CNYRUBF;15;20240427;213000;12.676;12.678;12.673;12.678;328
CNYRUBF;15;20240427;214500;12.677;12.678;12.667;12.669;332
CNYRUBF;15;20240427;220000;12.668;12.669;12.664;12.666;254
CNYRUBF;15;20240427;221500;12.665;12.672;12.665;12.67;222
CNYRUBF;15;20240427;223000;12.67;12.672;12.667;12.671;106
CNYRUBF;15;20240427;224500;12.669;12.674;12.669;12.674;24
CNYRUBF;15;20240427;230000;12.674;12.675;12.67;12.673;142
CNYRUBF;15;20240427;231500;12.673;12.674;12.67;12.674;230
CNYRUBF;15;20240427;233000;12.674;12.676;12.673;12.676;439
CNYRUBF;15;20240427;234500;12.672;12.678;12.672;12.678;151
CNYRUBF;15;20240429;090000;12.712;12.714;12.685;12.698;6236
CNYRUBF;15;20240429;091500;12.698;12.709;12.698;12.705;1010
CNYRUBF;15;20240429;093000;12.706;12.706;12.7;12.7;2187
CNYRUBF;15;20240429;094500;12.701;12.701;12.693;12.697;6155
CNYRUBF;15;20240429;100000;12.698;12.74;12.698;12.736;5395
CNYRUBF;15;20240429;101500;12.737;12.762;12.737;12.745;15050
CNYRUBF;15;20240429;103000;12.744;12.756;12.737;12.743;10920
CNYRUBF;15;20240429;104500;12.742;12.744;12.736;12.736;7423
CNYRUBF;15;20240429;110000;12.738;12.748;12.737;12.746;8506
CNYRUBF;15;20240429;111500;12.745;12.752;12.745;12.747;6499
CNYRUBF;15;20240429;113000;12.747;12.753;12.747;12.752;2554
CNYRUBF;15;20240429;114500;12.753;12.757;12.748;12.756;5820
CNYRUBF;15;20240429;120000;12.756;12.759;12.751;12.753;13439
CNYRUBF;15;20240429;121500;12.753;12.754;12.748;12.75;12540
CNYRUBF;15;20240429;123000;12.751;12.753;12.748;12.748;5963
CNYRUBF;15;20240429;124500;12.748;12.75;12.744;12.746;2642
CNYRUBF;15;20240429;130000;12.748;12.751;12.746;12.75;2781
CNYRUBF;15;20240429;131500;12.751;12.753;12.75;12.751;5011
CNYRUBF;15;20240429;133000;12.753;12.753;12.738;12.745;6262
CNYRUBF;15;20240429;134500;12.745;12.747;12.745;12.746;792
CNYRUBF;15;20240429;140000;12.746;12.754;12.746;12.752;2493
CNYRUBF;15;20240429;141500;12.752;12.755;12.75;12.753;2925
CNYRUBF;15;20240429;143000;12.753;12.755;12.749;12.75;4255
CNYRUBF;15;20240429;144500;12.75;12.753;12.748;12.753;3112
CNYRUBF;15;20240429;150000;12.753;12.753;12.751;12.751;1545
CNYRUBF;15;20240429;151500;12.753;12.754;12.751;12.751;1959
CNYRUBF;15;20240429;153000;12.751;12.753;12.749;12.753;1345
CNYRUBF;15;20240429;154500;12.753;12.754;12.751;12.752;2255
CNYRUBF;15;20240429;160000;12.752;12.754;12.752;12.752;7337
CNYRUBF;15;20240429;161500;12.753;12.754;12.749;12.75;2254
CNYRUBF;15;20240429;163000;12.751;12.752;12.746;12.746;1744
CNYRUBF;15;20240429;164500;12.747;12.747;12.72;12.72;7270
CNYRUBF;15;20240429;170000;12.72;12.729;12.715;12.717;5766
CNYRUBF;15;20240429;171500;12.717;12.726;12.71;12.719;9453
CNYRUBF;15;20240429;173000;12.718;12.719;12.71;12.717;3730
CNYRUBF;15;20240429;174500;12.718;12.733;12.715;12.733;3445
CNYRUBF;15;20240429;180000;12.734;12.743;12.733;12.74;3516
CNYRUBF;15;20240429;181500;12.74;12.75;12.74;12.745;5135
CNYRUBF;15;20240429;183000;12.746;12.746;12.742;12.743;2221
CNYRUBF;15;20240429;184500;12.744;12.744;12.742;12.744;434
CNYRUBF;15;20240429;190000;12.728;12.748;12.728;12.746;2674
CNYRUBF;15;20240429;191500;12.746;12.748;12.742;12.747;1363
CNYRUBF;15;20240429;193000;12.747;12.748;12.744;12.747;826
CNYRUBF;15;20240429;194500;12.745;12.748;12.741;12.745;128
CNYRUBF;15;20240429;200000;12.746;12.746;12.737;12.737;628
CNYRUBF;15;20240429;201500;12.737;12.74;12.734;12.735;671
CNYRUBF;15;20240429;203000;12.737;12.74;12.734;12.74;828
CNYRUBF;15;20240429;204500;12.742;12.742;12.74;12.74;26
CNYRUBF;15;20240429;210000;12.742;12.744;12.74;12.741;387
CNYRUBF;15;20240429;211500;12.745;12.745;12.743;12.744;538
CNYRUBF;15;20240429;213000;12.744;12.746;12.743;12.745;575
CNYRUBF;15;20240429;214500;12.745;12.747;12.744;12.744;1364
CNYRUBF;15;20240429;220000;12.744;12.744;12.74;12.74;1278
CNYRUBF;15;20240429;221500;12.74;12.74;12.739;12.74;513
CNYRUBF;15;20240429;223000;12.739;12.742;12.738;12.742;1822
CNYRUBF;15;20240429;224500;12.739;12.739;12.738;12.738;15
CNYRUBF;15;20240429;230000;12.738;12.738;12.712;12.712;1127
CNYRUBF;15;20240429;231500;12.712;12.719;12.706;12.711;2782
CNYRUBF;15;20240429;233000;12.711;12.719;12.706;12.715;2326
CNYRUBF;15;20240429;234500;12.718;12.726;12.718;12.726;147
CNYRUBF;15;20240430;090000;12.724;12.729;12.717;12.724;8849
CNYRUBF;15;20240430;091500;12.724;12.727;12.717;12.725;3867
CNYRUBF;15;20240430;093000;12.725;12.73;12.722;12.73;2618
CNYRUBF;15;20240430;094500;12.731;12.74;12.729;12.735;2686
CNYRUBF;15;20240430;100000;12.736;12.738;12.731;12.731;2628
CNYRUBF;15;20240430;101500;12.732;12.736;12.723;12.728;5514
CNYRUBF;15;20240430;103000;12.728;12.753;12.728;12.751;2883
CNYRUBF;15;20240430;104500;12.751;12.754;12.745;12.747;3343
CNYRUBF;15;20240430;110000;12.746;12.753;12.746;12.752;3466
CNYRUBF;15;20240430;111500;12.754;12.755;12.752;12.753;1625
CNYRUBF;15;20240430;113000;12.752;12.756;12.751;12.753;1214
CNYRUBF;15;20240430;114500;12.754;12.757;12.753;12.756;1742
CNYRUBF;15;20240430;120000;12.756;12.759;12.754;12.756;4873
CNYRUBF;15;20240430;121500;12.755;12.756;12.753;12.755;1932
CNYRUBF;15;20240430;123000;12.755;12.758;12.753;12.754;2058
CNYRUBF;15;20240430;124500;12.754;12.755;12.75;12.75;4097
CNYRUBF;15;20240430;130000;12.75;12.753;12.749;12.753;1548
CNYRUBF;15;20240430;131500;12.754;12.754;12.751;12.752;445
CNYRUBF;15;20240430;133000;12.751;12.752;12.735;12.737;3398
CNYRUBF;15;20240430;134500;12.738;12.746;12.734;12.742;468
CNYRUBF;15;20240430;140000;12.744;12.744;12.742;12.744;383
CNYRUBF;15;20240430;141500;12.746;12.746;12.745;12.745;396
CNYRUBF;15;20240430;143000;12.745;12.745;12.734;12.744;2342
CNYRUBF;15;20240430;144500;12.741;12.748;12.74;12.748;1316
CNYRUBF;15;20240430;150000;12.748;12.751;12.745;12.745;393
CNYRUBF;15;20240430;151500;12.745;12.747;12.745;12.747;39
CNYRUBF;15;20240430;153000;12.745;12.748;12.737;12.743;3484
CNYRUBF;15;20240430;154500;12.739;12.741;12.739;12.741;864
CNYRUBF;15;20240430;160000;12.74;12.741;12.718;12.727;8781
CNYRUBF;15;20240430;161500;12.726;12.727;12.712;12.724;6746
CNYRUBF;15;20240430;163000;12.722;12.74;12.715;12.74;14925
CNYRUBF;15;20240430;164500;12.739;12.745;12.736;12.738;4752
CNYRUBF;15;20240430;170000;12.737;12.737;12.723;12.727;2032
CNYRUBF;15;20240430;171500;12.727;12.73;12.724;12.725;3162
CNYRUBF;15;20240430;173000;12.724;12.726;12.72;12.725;1131
CNYRUBF;15;20240430;174500;12.727;12.738;12.727;12.738;1105
CNYRUBF;15;20240430;180000;12.738;12.739;12.733;12.737;3902
CNYRUBF;15;20240430;181500;12.738;12.74;12.736;12.739;5705
CNYRUBF;15;20240430;183000;12.739;12.746;12.738;12.739;2831
CNYRUBF;15;20240430;184500;12.739;12.74;12.734;12.736;2035
CNYRUBF;15;20240430;190000;12.736;12.737;12.732;12.735;625
CNYRUBF;15;20240430;191500;12.732;12.733;12.728;12.731;751
CNYRUBF;15;20240430;193000;12.728;12.733;12.728;12.733;341
CNYRUBF;15;20240430;194500;12.733;12.733;12.732;12.733;246
CNYRUBF;15;20240430;200000;12.733;12.738;12.733;12.738;59
CNYRUBF;15;20240430;201500;12.738;12.74;12.737;12.737;92
CNYRUBF;15;20240430;203000;12.737;12.74;12.73;12.732;484
CNYRUBF;15;20240430;204500;12.731;12.734;12.73;12.734;146
CNYRUBF;15;20240430;210000;12.73;12.734;12.73;12.734;726
CNYRUBF;15;20240430;211500;12.739;12.739;12.732;12.734;214
CNYRUBF;15;20240430;213000;12.731;12.732;12.725;12.728;523
CNYRUBF;15;20240430;214500;12.728;12.732;12.728;12.732;13
CNYRUBF;15;20240430;220000;12.732;12.735;12.726;12.73;2954
CNYRUBF;15;20240430;221500;12.735;12.735;12.732;12.732;72
CNYRUBF;15;20240430;223000;12.734;12.737;12.734;12.736;451
CNYRUBF;15;20240430;224500;12.74;12.745;12.74;12.743;2529
CNYRUBF;15;20240430;230000;12.74;12.745;12.74;12.745;101
CNYRUBF;15;20240430;231500;12.741;12.744;12.74;12.744;186
CNYRUBF;15;20240430;233000;12.742;12.745;12.741;12.744;20
CNYRUBF;15;20240430;234500;12.744;12.746;12.74;12.746;14
