<TICKER>;<PER>;<DATE>;<TIME>;<OPEN>;<HIGH>;<LOW>;<CLOSE>;<VOL>
USDRUBF;30;20260105;083000;78.97;78.97;78.97;78.97;112
USDRUBF;30;20260105;090000;78.96;79.19;78.94;79.05;4313
USDRUBF;30;20260105;093000;79.04;79.22;79.01;79.1;6672
USDRUBF;30;20260105;100000;79.1;79.55;79.02;79.42;15851
USDRUBF;30;20260105;103000;79.42;80.01;79.42;80.01;26326
USDRUBF;30;20260105;110000;80.01;80.04;79.77;79.89;13038
USDRUBF;30;20260105;113000;79.89;79.9;79.83;79.87;3115
USDRUBF;30;20260105;120000;79.87;80.09;79.86;80;11861
USDRUBF;30;20260105;123000;79.98;80.05;79.7;79.73;11967
USDRUBF;30;20260105;130000;79.74;79.91;79.66;79.9;5543
USDRUBF;30;20260105;133000;79.91;79.92;79.82;79.84;3640
USDRUBF;30;20260105;140000;79.85;79.9;79.76;79.82;2740
USDRUBF;30;20260105;143000;79.83;79.86;79.67;79.71;3292
USDRUBF;30;20260105;150000;79.72;79.78;79.67;79.77;2304
USDRUBF;30;20260105;153000;79.77;79.84;79.76;79.82;2831
USDRUBF;30;20260105;160000;79.81;79.89;79.8;79.87;3317
USDRUBF;30;20260105;163000;79.86;79.9;79.84;79.85;1822
USDRUBF;30;20260105;170000;79.85;79.86;79.79;79.84;3130
USDRUBF;30;20260105;173000;79.85;79.89;79.81;79.84;2012
USDRUBF;30;20260105;180000;79.84;79.85;79.75;79.82;4752
USDRUBF;30;20260105;183000;79.81;79.84;79.8;79.84;2856
USDRUBF;30;20260105;190000;79.85;80;79.85;79.97;2332
USDRUBF;30;20260105;193000;79.98;80.05;79.88;79.96;3281
USDRUBF;30;20260105;200000;79.95;79.99;79.91;79.93;2353
USDRUBF;30;20260105;203000;79.95;79.99;79.93;79.95;733
USDRUBF;30;20260105;210000;79.95;79.99;79.91;79.97;575
USDRUBF;30;20260105;213000;79.97;80.03;79.95;80.03;851
USDRUBF;30;20260105;220000;80.01;80.18;80.01;80.1;2893
USDRUBF;30;20260105;223000;80.1;80.16;80.02;80.03;692
USDRUBF;30;20260105;230000;80.04;80.05;80.01;80.02;602
USDRUBF;30;20260105;233000;80.04;80.14;80.03;80.14;228
USDRUBF;30;20260106;090000;80.1;80.1;79.89;79.94;4275
USDRUBF;30;20260106;093000;79.94;80.1;79.93;80.09;4629
USDRUBF;30;20260106;100000;80.09;80.16;79.48;79.49;25675
USDRUBF;30;20260106;103000;79.49;79.73;79.45;79.68;7338
USDRUBF;30;20260106;110000;79.67;79.77;79.62;79.7;3781
USDRUBF;30;20260106;113000;79.7;79.75;79.62;79.62;1868
USDRUBF;30;20260106;120000;79.62;79.74;79.54;79.66;4641
USDRUBF;30;20260106;123000;79.68;79.71;79.66;79.67;1498
USDRUBF;30;20260106;130000;79.67;79.94;79.66;79.86;6221
USDRUBF;30;20260106;133000;79.87;79.95;79.82;79.84;3890
USDRUBF;30;20260106;140000;79.85;79.86;79.71;79.76;2306
USDRUBF;30;20260106;143000;79.75;79.8;79.7;79.73;1181
USDRUBF;30;20260106;150000;79.73;79.74;79.55;79.58;4493
USDRUBF;30;20260106;153000;79.57;79.67;79.54;79.63;3327
USDRUBF;30;20260106;160000;79.64;79.64;79.55;79.56;2077
USDRUBF;30;20260106;163000;79.56;79.59;79.5;79.55;1711
USDRUBF;30;20260106;170000;79.54;79.58;79.52;79.57;832
USDRUBF;30;20260106;173000;79.57;79.57;79.22;79.23;7772
USDRUBF;30;20260106;180000;79.23;79.34;79.15;79.25;5019
USDRUBF;30;20260106;183000;79.27;79.31;79.17;79.17;4292
USDRUBF;30;20260106;190000;79.26;79.31;79.21;79.26;2035
USDRUBF;30;20260106;193000;79.26;79.33;79.25;79.31;734
USDRUBF;30;20260106;200000;79.33;79.36;79.31;79.35;774
USDRUBF;30;20260106;203000;79.35;79.38;79.32;79.32;395
USDRUBF;30;20260106;210000;79.33;79.34;79.32;79.33;126
USDRUBF;30;20260106;213000;79.34;79.36;79.32;79.35;225
USDRUBF;30;20260106;220000;79.33;79.36;79.32;79.35;157
USDRUBF;30;20260106;223000;79.35;79.37;79.34;79.37;288
USDRUBF;30;20260106;230000;79.36;79.39;79.35;79.38;408
USDRUBF;30;20260106;233000;79.38;79.38;79.32;79.34;462
USDRUBF;30;20260108;083000;79.35;79.35;79.35;79.35;337
USDRUBF;30;20260108;090000;79.36;79.66;79.36;79.55;5233
USDRUBF;30;20260108;093000;79.56;79.57;79.35;79.43;4612
USDRUBF;30;20260108;100000;79.42;79.63;79.1;79.28;15323
USDRUBF;30;20260108;103000;79.28;79.82;79.21;79.71;13442
USDRUBF;30;20260108;110000;79.74;79.89;79.66;79.75;9109
USDRUBF;30;20260108;113000;79.75;79.81;79.71;79.77;1453
USDRUBF;30;20260108;120000;79.79;79.83;79.59;79.68;5060
USDRUBF;30;20260108;123000;79.7;79.83;79.7;79.82;3247
USDRUBF;30;20260108;130000;79.83;79.85;79.69;79.69;3059
USDRUBF;30;20260108;133000;79.69;79.7;79.55;79.59;4543
USDRUBF;30;20260108;140000;79.58;79.62;79.48;79.51;4291
USDRUBF;30;20260108;143000;79.5;79.64;79.4;79.62;4003
USDRUBF;30;20260108;150000;79.63;79.68;79.42;79.53;5824
USDRUBF;30;20260108;153000;79.55;79.57;79.49;79.51;1262
USDRUBF;30;20260108;160000;79.51;79.53;79.31;79.34;5176
USDRUBF;30;20260108;163000;79.33;79.37;79.16;79.2;7471
USDRUBF;30;20260108;170000;79.19;79.22;79.11;79.22;4239
USDRUBF;30;20260108;173000;79.2;79.28;79.17;79.21;1431
USDRUBF;30;20260108;180000;79.2;79.24;79.11;79.2;2216
USDRUBF;30;20260108;183000;79.18;79.19;79.13;79.17;2013
USDRUBF;30;20260108;190000;79.26;79.38;79.21;79.34;1574
USDRUBF;30;20260108;193000;79.33;79.4;79.32;79.38;596
USDRUBF;30;20260108;200000;79.38;79.4;79.31;79.39;1421
USDRUBF;30;20260108;203000;79.39;79.4;79.31;79.33;716
USDRUBF;30;20260108;210000;79.33;79.34;79.3;79.33;175
USDRUBF;30;20260108;213000;79.34;79.34;79.32;79.34;57
USDRUBF;30;20260108;220000;79.35;79.38;79.34;79.35;294
USDRUBF;30;20260108;223000;79.35;79.37;79.33;79.36;167
USDRUBF;30;20260108;230000;79.35;79.38;79.33;79.36;242
USDRUBF;30;20260108;233000;79.37;79.38;79.35;79.35;190
USDRUBF;30;20260109;090000;79.34;79.42;79.22;79.25;504
USDRUBF;30;20260109;093000;79.25;79.44;79.24;79.33;2360
USDRUBF;30;20260109;100000;79.31;79.35;78.82;78.99;14879
USDRUBF;30;20260109;103000;78.98;79.18;78.85;79.11;8342
USDRUBF;30;20260109;110000;79.11;79.11;78.84;78.86;6095
USDRUBF;30;20260109;113000;78.87;78.87;78.74;78.79;9997
USDRUBF;30;20260109;120000;78.79;78.79;78.56;78.72;13627
USDRUBF;30;20260109;123000;78.71;78.81;78.67;78.81;4432
USDRUBF;30;20260109;130000;78.8;78.88;78.72;78.83;2315
USDRUBF;30;20260109;133000;78.83;78.85;78.73;78.76;1824
USDRUBF;30;20260109;140000;78.75;78.76;78.69;78.74;1359
USDRUBF;30;20260109;143000;78.74;78.8;78.72;78.72;784
USDRUBF;30;20260109;150000;78.71;78.73;78.67;78.69;935
USDRUBF;30;20260109;153000;78.68;78.79;78.55;78.74;2044
USDRUBF;30;20260109;160000;78.73;78.73;78.6;78.65;993
USDRUBF;30;20260109;163000;78.65;78.67;78.56;78.63;1345
USDRUBF;30;20260109;170000;78.64;78.64;78.48;78.57;2316
USDRUBF;30;20260109;173000;78.57;78.63;78.49;78.57;2753
USDRUBF;30;20260109;180000;78.55;78.59;78.46;78.58;3739
USDRUBF;30;20260109;183000;78.58;78.59;78.5;78.57;3169
USDRUBF;30;20260109;190000;78.57;78.71;78.57;78.64;3501
USDRUBF;30;20260109;193000;78.64;78.69;78.61;78.65;1528
USDRUBF;30;20260109;200000;78.65;78.7;78.63;78.7;855
USDRUBF;30;20260109;203000;78.71;78.8;78.71;78.77;933
USDRUBF;30;20260109;210000;78.76;78.81;78.73;78.79;1404
USDRUBF;30;20260109;213000;78.8;78.82;78.75;78.79;1581
USDRUBF;30;20260109;220000;78.79;78.79;78.76;78.78;785
USDRUBF;30;20260109;223000;78.79;78.81;78.7;78.73;1825
USDRUBF;30;20260109;230000;78.73;78.73;78.65;78.68;1197
USDRUBF;30;20260109;233000;78.68;78.76;78.63;78.75;1012
USDRUBF;30;20260112;083000;78.92;78.92;78.92;78.92;216
USDRUBF;30;20260112;090000;78.82;78.88;78.42;78.5;7845
USDRUBF;30;20260112;093000;78.49;78.67;78.43;78.62;4055
USDRUBF;30;20260112;100000;78.62;79.34;78.58;79.29;26691
USDRUBF;30;20260112;103000;79.3;79.39;79.07;79.21;17051
USDRUBF;30;20260112;110000;79.21;79.36;79.19;79.27;14137
USDRUBF;30;20260112;113000;79.28;79.3;79.14;79.15;9901
USDRUBF;30;20260112;120000;79.18;79.19;78.88;78.91;12403
USDRUBF;30;20260112;123000;78.92;79.1;78.88;79.1;6291
USDRUBF;30;20260112;130000;79.1;79.19;79.05;79.16;5324
USDRUBF;30;20260112;133000;79.16;79.17;78.9;78.93;8019
USDRUBF;30;20260112;140000;78.92;78.93;78.83;78.87;4544
USDRUBF;30;20260112;143000;78.88;78.95;78.8;78.93;4461
USDRUBF;30;20260112;150000;78.93;78.94;78.79;78.87;5565
USDRUBF;30;20260112;153000;78.87;79.05;78.76;78.92;9468
USDRUBF;30;20260112;160000;78.92;78.99;78.8;78.93;5131
USDRUBF;30;20260112;163000;78.93;79.08;78.85;79.02;4299
USDRUBF;30;20260112;170000;79.01;79.04;78.93;78.97;7389
USDRUBF;30;20260112;173000;78.97;78.99;78.87;78.96;2809
USDRUBF;30;20260112;180000;78.95;78.98;78.87;78.89;10155
USDRUBF;30;20260112;183000;78.89;78.9;78.82;78.85;2539
USDRUBF;30;20260112;190000;78.9;79;78.9;79;2266
USDRUBF;30;20260112;193000;79;79.04;78.99;79;837
USDRUBF;30;20260112;200000;78.99;79.01;78.97;79.01;353
USDRUBF;30;20260112;203000;79.01;79.06;79;79.02;458
USDRUBF;30;20260112;210000;79.02;79.03;78.99;79;337
USDRUBF;30;20260112;213000;78.98;79;78.95;79;118
USDRUBF;30;20260112;220000;78.98;79.14;78.98;79.09;841
USDRUBF;30;20260112;223000;79.07;79.1;79.07;79.08;410
USDRUBF;30;20260112;230000;79.07;79.09;79.07;79.08;417
USDRUBF;30;20260112;233000;79.07;79.14;79.07;79.11;448
USDRUBF;30;20260113;083000;79.12;79.12;79.12;79.12;1
USDRUBF;30;20260113;090000;79.12;79.28;79.07;79.16;2235
USDRUBF;30;20260113;093000;79.14;79.25;79.04;79.15;2342
USDRUBF;30;20260113;100000;79.1;79.3;78.95;79.12;10479
USDRUBF;30;20260113;103000;79.14;79.14;78.9;78.94;5376
USDRUBF;30;20260113;110000;78.92;79.02;78.81;78.99;6358
USDRUBF;30;20260113;113000;78.97;79.03;78.89;78.97;6663
USDRUBF;30;20260113;120000;78.96;79.23;78.96;79.13;13083
USDRUBF;30;20260113;123000;79.15;79.16;79.01;79.13;4413
USDRUBF;30;20260113;130000;79.12;79.15;79.03;79.14;2361
USDRUBF;30;20260113;133000;79.15;79.19;79.05;79.07;8578
USDRUBF;30;20260113;140000;79.07;79.09;79.02;79.08;3353
USDRUBF;30;20260113;143000;79.09;79.09;78.97;79.02;3231
USDRUBF;30;20260113;150000;79.01;79.04;78.97;78.97;2007
USDRUBF;30;20260113;153000;78.97;78.97;78.89;78.95;4504
USDRUBF;30;20260113;160000;78.95;78.96;78.75;78.8;14308
USDRUBF;30;20260113;163000;78.8;78.81;78.75;78.79;3592
USDRUBF;30;20260113;170000;78.79;78.9;78.72;78.86;4847
USDRUBF;30;20260113;173000;78.85;78.9;78.75;78.89;5203
USDRUBF;30;20260113;180000;78.89;78.99;78.75;78.96;18844
USDRUBF;30;20260113;183000;78.95;78.97;78.83;78.86;3204
USDRUBF;30;20260113;190000;78.9;79.04;78.9;79.04;2290
USDRUBF;30;20260113;193000;79.04;79.05;78.97;78.99;366
USDRUBF;30;20260113;200000;78.99;79;78.88;78.97;2355
USDRUBF;30;20260113;203000;78.97;78.99;78.86;78.93;1385
USDRUBF;30;20260113;210000;78.9;78.99;78.89;78.91;1164
USDRUBF;30;20260113;213000;78.91;78.93;78.89;78.92;769
USDRUBF;30;20260113;220000;78.92;78.99;78.92;78.93;787
USDRUBF;30;20260113;223000;78.92;78.98;78.91;78.95;532
USDRUBF;30;20260113;230000;78.95;78.95;78.92;78.93;401
USDRUBF;30;20260113;233000;78.92;79.05;78.92;79.03;1131
USDRUBF;30;20260114;083000;79.02;79.02;79.02;79.02;5
USDRUBF;30;20260114;090000;79.02;79.02;78.87;78.94;2173
USDRUBF;30;20260114;093000;78.94;79.04;78.9;79;2285
USDRUBF;30;20260114;100000;79.01;79.19;78.71;78.8;23257
USDRUBF;30;20260114;103000;78.83;78.88;78.8;78.85;3460
USDRUBF;30;20260114;110000;78.86;78.92;78.79;78.8;5973
USDRUBF;30;20260114;113000;78.8;78.84;78.57;78.64;11578
USDRUBF;30;20260114;120000;78.63;78.75;78.6;78.7;4995
USDRUBF;30;20260114;123000;78.7;78.83;78.67;78.82;6718
USDRUBF;30;20260114;130000;78.82;78.85;78.68;78.7;4754
USDRUBF;30;20260114;133000;78.7;78.75;78.52;78.59;8318
USDRUBF;30;20260114;140000;78.6;78.65;78.39;78.55;11586
USDRUBF;30;20260114;143000;78.55;78.68;78.54;78.63;2998
USDRUBF;30;20260114;150000;78.62;78.65;78.57;78.62;3408
USDRUBF;30;20260114;153000;78.62;78.67;78.57;78.57;2568
USDRUBF;30;20260114;160000;78.58;78.59;78.43;78.48;4941
USDRUBF;30;20260114;163000;78.5;78.53;78.32;78.46;7014
USDRUBF;30;20260114;170000;78.45;78.47;78.36;78.4;3125
USDRUBF;30;20260114;173000;78.41;78.55;78.35;78.48;8094
USDRUBF;30;20260114;180000;78.49;78.56;78.43;78.47;11107
USDRUBF;30;20260114;183000;78.47;78.47;78.32;78.36;5106
USDRUBF;30;20260114;190000;78.46;78.47;78.35;78.41;2298
USDRUBF;30;20260114;193000;78.41;78.5;78.4;78.5;961
USDRUBF;30;20260114;200000;78.49;78.5;78.42;78.47;793
USDRUBF;30;20260114;203000;78.46;78.52;78.42;78.51;626
USDRUBF;30;20260114;210000;78.51;78.53;78.4;78.44;470
USDRUBF;30;20260114;213000;78.44;78.45;78.42;78.44;399
USDRUBF;30;20260114;220000;78.44;78.46;78.22;78.32;3298
USDRUBF;30;20260114;223000;78.3;78.35;78.28;78.31;1270
USDRUBF;30;20260114;230000;78.31;78.37;78.31;78.34;620
USDRUBF;30;20260114;233000;78.34;78.38;78.33;78.33;516
USDRUBF;30;20260115;083000;78.42;78.42;78.42;78.42;53
USDRUBF;30;20260115;090000;78.42;78.64;78.3;78.57;4465
USDRUBF;30;20260115;093000;78.56;78.69;78.47;78.52;1169
USDRUBF;30;20260115;100000;78.51;78.67;78.39;78.45;14823
USDRUBF;30;20260115;103000;78.47;78.52;78.37;78.42;9063
USDRUBF;30;20260115;110000;78.42;78.55;78.4;78.53;9906
USDRUBF;30;20260115;113000;78.53;78.62;78.45;78.59;6712
USDRUBF;30;20260115;120000;78.59;78.78;78.54;78.7;13567
USDRUBF;30;20260115;123000;78.73;78.77;78.66;78.68;3710
USDRUBF;30;20260115;130000;78.68;78.72;78.65;78.71;3434
USDRUBF;30;20260115;133000;78.71;78.79;78.71;78.79;7378
USDRUBF;30;20260115;140000;78.78;78.84;78.76;78.84;6252
USDRUBF;30;20260115;143000;78.84;78.85;78.73;78.83;7249
USDRUBF;30;20260115;150000;78.83;78.88;78.68;78.71;6739
USDRUBF;30;20260115;153000;78.7;78.72;78.57;78.67;5333
USDRUBF;30;20260115;160000;78.67;78.68;78.53;78.54;5454
USDRUBF;30;20260115;163000;78.54;78.55;78.43;78.5;6478
USDRUBF;30;20260115;170000;78.48;78.48;77.85;77.91;36358
USDRUBF;30;20260115;173000;77.91;78.17;77.88;78.13;15067
USDRUBF;30;20260115;180000;78.1;78.23;78.06;78.06;9874
USDRUBF;30;20260115;183000;78.05;78.08;77.96;78.03;7218
USDRUBF;30;20260115;190000;78.07;78.2;78.05;78.09;1923
USDRUBF;30;20260115;193000;78.09;78.1;78.03;78.06;929
USDRUBF;30;20260115;200000;78.06;78.06;78.01;78.05;817
USDRUBF;30;20260115;203000;78.05;78.13;78.04;78.05;959
USDRUBF;30;20260115;210000;78.06;78.07;78.02;78.03;334
USDRUBF;30;20260115;213000;78.04;78.08;78.03;78.08;316
USDRUBF;30;20260115;220000;78.07;78.11;78.05;78.07;435
USDRUBF;30;20260115;223000;78.07;78.12;78.06;78.1;405
USDRUBF;30;20260115;230000;78.1;78.14;78.08;78.1;736
USDRUBF;30;20260115;233000;78.12;78.14;78.08;78.14;360
USDRUBF;30;20260116;083000;78.14;78.14;78.14;78.14;6
USDRUBF;30;20260116;090000;78.14;78.14;77.86;77.86;5081
USDRUBF;30;20260116;093000;77.86;77.99;77.72;77.85;5259
USDRUBF;30;20260116;100000;77.86;78.11;77.66;78.07;18464
USDRUBF;30;20260116;103000;78.08;78.18;78;78;8847
USDRUBF;30;20260116;110000;78;78.03;77.88;77.9;6809
USDRUBF;30;20260116;113000;77.9;78.01;77.88;77.92;5243
USDRUBF;30;20260116;120000;77.93;78.09;77.9;78.01;5703
USDRUBF;30;20260116;123000;78.01;78.03;77.93;77.96;2881
USDRUBF;30;20260116;130000;77.96;78;77.88;77.89;4199
USDRUBF;30;20260116;133000;77.88;77.97;77.86;77.91;2583
USDRUBF;30;20260116;140000;77.92;78;77.9;78;2423
USDRUBF;30;20260116;143000;78;78.06;77.91;78.02;6648
USDRUBF;30;20260116;150000;78.02;78.1;77.97;78.05;4848
USDRUBF;30;20260116;153000;78.05;78.12;78.02;78.11;5345
USDRUBF;30;20260116;160000;78.11;78.12;77.93;78.02;7266
USDRUBF;30;20260116;163000;78.02;78.12;77.94;78.05;6217
USDRUBF;30;20260116;170000;78.06;78.06;77.98;78;1093
USDRUBF;30;20260116;173000;77.99;78.29;77.99;78.14;19603
USDRUBF;30;20260116;180000;78.14;78.25;78.07;78.23;20512
USDRUBF;30;20260116;183000;78.23;78.32;78.19;78.26;5600
USDRUBF;30;20260116;190000;78.27;78.32;78.17;78.23;1605
USDRUBF;30;20260116;193000;78.24;78.25;78.16;78.21;1544
USDRUBF;30;20260116;200000;78.21;78.25;78.18;78.22;569
USDRUBF;30;20260116;203000;78.22;78.24;78.18;78.18;729
USDRUBF;30;20260116;210000;78.21;78.22;78.08;78.11;1007
USDRUBF;30;20260116;213000;78.11;78.16;78.08;78.1;752
USDRUBF;30;20260116;220000;78.1;78.2;78.1;78.18;379
USDRUBF;30;20260116;223000;78.16;78.2;78.13;78.19;764
USDRUBF;30;20260116;230000;78.18;78.19;78.14;78.15;334
USDRUBF;30;20260116;233000;78.13;78.16;78.04;78.1;826
USDRUBF;30;20260119;083000;78.15;78.15;78.15;78.15;14
USDRUBF;30;20260119;090000;78.14;78.26;77.94;78.22;4886
USDRUBF;30;20260119;093000;78.22;78.32;78.19;78.3;6131
USDRUBF;30;20260119;100000;78.32;78.38;78.1;78.23;16231
USDRUBF;30;20260119;103000;78.23;78.28;78.06;78.11;6012
USDRUBF;30;20260119;110000;78.1;78.22;78.02;78.19;6508
USDRUBF;30;20260119;113000;78.19;78.24;78.15;78.21;3613
USDRUBF;30;20260119;120000;78.21;78.24;78.15;78.19;6594
USDRUBF;30;20260119;123000;78.19;78.22;78.06;78.1;7989
USDRUBF;30;20260119;130000;78.1;78.14;77.9;77.9;12105
USDRUBF;30;20260119;133000;77.9;77.93;77.86;77.9;4936
USDRUBF;30;20260119;140000;77.91;77.91;77.81;77.87;4906
USDRUBF;30;20260119;143000;77.87;77.91;77.84;77.89;3974
USDRUBF;30;20260119;150000;77.9;77.98;77.87;77.87;5913
USDRUBF;30;20260119;153000;77.87;77.97;77.85;77.88;4605
USDRUBF;30;20260119;160000;77.87;78.02;77.86;77.88;4619
USDRUBF;30;20260119;163000;77.89;77.9;77.81;77.88;3082
USDRUBF;30;20260119;170000;77.89;77.9;77.84;77.85;2657
USDRUBF;30;20260119;173000;77.85;77.87;77.77;77.82;8086
USDRUBF;30;20260119;180000;77.82;77.9;77.78;77.83;8442
USDRUBF;30;20260119;183000;77.83;77.88;77.79;77.84;3289
USDRUBF;30;20260119;190000;77.87;77.99;77.82;77.88;2966
USDRUBF;30;20260119;193000;77.88;77.94;77.88;77.93;1182
USDRUBF;30;20260119;200000;77.93;77.94;77.91;77.91;318
USDRUBF;30;20260119;203000;77.92;77.93;77.91;77.93;119
USDRUBF;30;20260119;210000;77.93;77.95;77.9;77.9;485
USDRUBF;30;20260119;213000;77.92;77.94;77.91;77.94;549
USDRUBF;30;20260119;220000;77.95;77.96;77.91;77.92;1048
USDRUBF;30;20260119;223000;77.92;77.92;77.89;77.9;344
USDRUBF;30;20260119;230000;77.91;77.93;77.89;77.93;253
USDRUBF;30;20260119;233000;77.93;77.95;77.9;77.91;292
USDRUBF;30;20260120;090000;77.91;78;77.83;77.83;5043
USDRUBF;30;20260120;093000;77.82;77.88;77.74;77.85;3856
USDRUBF;30;20260120;100000;77.84;77.97;77.75;77.9;10349
USDRUBF;30;20260120;103000;77.89;78.11;77.85;78.1;9569
USDRUBF;30;20260120;110000;78.11;78.15;78.04;78.14;6541
USDRUBF;30;20260120;113000;78.14;78.15;78.03;78.05;4213
USDRUBF;30;20260120;120000;78.05;78.08;77.99;78.01;3963
USDRUBF;30;20260120;123000;78;78.15;77.95;78.12;6439
USDRUBF;30;20260120;130000;78.13;78.21;78.12;78.17;9295
USDRUBF;30;20260120;133000;78.18;78.23;78.1;78.13;3408
USDRUBF;30;20260120;140000;78.12;78.15;78.02;78.05;4757
USDRUBF;30;20260120;143000;78.05;78.07;77.93;77.97;3436
USDRUBF;30;20260120;150000;77.96;77.96;77.81;77.89;9596
USDRUBF;30;20260120;153000;77.88;77.98;77.88;77.93;3172
USDRUBF;30;20260120;160000;77.93;77.98;77.9;77.95;1043
USDRUBF;30;20260120;163000;77.96;77.98;77.9;77.92;2236
USDRUBF;30;20260120;170000;77.93;77.94;77.8;77.84;8050
USDRUBF;30;20260120;173000;77.82;77.91;77.81;77.84;8712
USDRUBF;30;20260120;180000;77.84;77.9;77.82;77.84;7710
USDRUBF;30;20260120;183000;77.85;77.86;77.77;77.77;3268
USDRUBF;30;20260120;190000;77.82;77.94;77.82;77.88;3303
USDRUBF;30;20260120;193000;77.89;77.91;77.88;77.89;1152
USDRUBF;30;20260120;200000;77.89;77.89;77.86;77.88;489
USDRUBF;30;20260120;203000;77.88;77.92;77.88;77.89;439
USDRUBF;30;20260120;210000;77.89;77.9;77.88;77.9;664
USDRUBF;30;20260120;213000;77.9;77.93;77.88;77.91;310
USDRUBF;30;20260120;220000;77.93;77.94;77.88;77.92;390
USDRUBF;30;20260120;223000;77.9;77.95;77.89;77.95;683
USDRUBF;30;20260120;230000;77.93;77.95;77.91;77.95;835
USDRUBF;30;20260120;233000;77.95;77.99;77.91;77.93;532
USDRUBF;30;20260121;083000;77.97;77.97;77.97;77.97;45
USDRUBF;30;20260121;090000;77.91;78.06;77.87;78.02;4412
USDRUBF;30;20260121;093000;78.01;78.09;77.92;78.06;2637
USDRUBF;30;20260121;100000;78.05;78.06;77.64;77.77;18676
USDRUBF;30;20260121;103000;77.76;77.77;77.55;77.58;7223
USDRUBF;30;20260121;110000;77.57;77.77;77.55;77.68;6740
USDRUBF;30;20260121;113000;77.66;77.69;77.6;77.61;3799
USDRUBF;30;20260121;120000;77.6;77.75;77.6;77.61;6404
USDRUBF;30;20260121;123000;77.61;77.74;77.5;77.71;10023
USDRUBF;30;20260121;130000;77.72;77.75;77.62;77.67;5672
USDRUBF;30;20260121;133000;77.68;77.68;77.56;77.6;3133
USDRUBF;30;20260121;140000;77.59;77.6;77.46;77.5;7513
USDRUBF;30;20260121;143000;77.49;77.58;77.38;77.41;9387
USDRUBF;30;20260121;150000;77.41;77.53;77.37;77.48;5771
USDRUBF;30;20260121;153000;77.48;77.48;77.3;77.45;14470
USDRUBF;30;20260121;160000;77.45;77.45;77.3;77.34;6692
USDRUBF;30;20260121;163000;77.34;77.34;77.13;77.15;7455
USDRUBF;30;20260121;170000;77.15;77.27;77.06;77.12;8165
USDRUBF;30;20260121;173000;77.13;77.16;77.02;77.07;8262
USDRUBF;30;20260121;180000;77.07;77.1;76.69;76.88;22479
USDRUBF;30;20260121;183000;76.88;76.9;76.72;76.77;9666
USDRUBF;30;20260121;190000;76.78;76.85;76.41;76.74;7429
USDRUBF;30;20260121;193000;76.74;76.75;76.56;76.64;4094
USDRUBF;30;20260121;200000;76.64;76.71;76.63;76.68;1253
USDRUBF;30;20260121;203000;76.68;76.7;76.64;76.7;1355
USDRUBF;30;20260121;210000;76.7;76.74;76.66;76.71;1263
USDRUBF;30;20260121;213000;76.73;76.79;76.71;76.77;1388
USDRUBF;30;20260121;220000;76.77;76.82;76.76;76.81;1341
USDRUBF;30;20260121;223000;76.8;76.83;76.77;76.78;920
USDRUBF;30;20260121;230000;76.79;76.8;76.69;76.72;876
USDRUBF;30;20260121;233000;76.72;76.73;76.64;76.7;699
USDRUBF;30;20260122;083000;76.74;76.74;76.74;76.74;102
USDRUBF;30;20260122;090000;76.75;76.78;76.56;76.6;3241
USDRUBF;30;20260122;093000;76.59;76.68;76.46;76.52;6617
USDRUBF;30;20260122;100000;76.53;76.67;76.01;76.12;31968
USDRUBF;30;20260122;103000;76.12;76.29;76.06;76.08;12775
USDRUBF;30;20260122;110000;76.08;76.14;76.01;76.05;10244
USDRUBF;30;20260122;113000;76.05;76.09;75.89;75.94;9330
USDRUBF;30;20260122;120000;75.96;76.1;75.82;75.92;20641
USDRUBF;30;20260122;123000;75.94;76.15;75.92;75.98;13948
USDRUBF;30;20260122;130000;75.98;76.01;75.75;75.91;16378
USDRUBF;30;20260122;133000;75.9;75.99;75.88;75.93;11340
USDRUBF;30;20260122;140000;75.92;75.99;75.81;75.97;9476
USDRUBF;30;20260122;143000;75.97;76.14;75.86;76.08;10618
USDRUBF;30;20260122;150000;76.08;76.23;76.02;76.19;7012
USDRUBF;30;20260122;153000;76.19;76.21;76.06;76.09;4198
USDRUBF;30;20260122;160000;76.09;76.19;76.05;76.15;5517
USDRUBF;30;20260122;163000;76.14;76.18;76.04;76.07;3895
USDRUBF;30;20260122;170000;76.08;76.24;76.04;76.16;9758
USDRUBF;30;20260122;173000;76.17;76.17;76.01;76.1;14194
USDRUBF;30;20260122;180000;76.11;76.12;75.92;75.96;10333
USDRUBF;30;20260122;183000;75.95;76.15;75.89;75.96;17312
USDRUBF;30;20260122;190000;75.88;76.04;75.82;75.87;4604
USDRUBF;30;20260122;193000;75.88;76.01;75.86;75.98;2526
USDRUBF;30;20260122;200000;75.98;76;75.92;75.96;1907
USDRUBF;30;20260122;203000;75.96;76;75.94;75.98;4052
USDRUBF;30;20260122;210000;75.98;75.98;75.91;75.94;1541
USDRUBF;30;20260122;213000;75.94;75.96;75.91;75.91;617
USDRUBF;30;20260122;220000;75.93;75.96;75.91;75.95;659
USDRUBF;30;20260122;223000;75.96;75.97;75.93;75.97;442
USDRUBF;30;20260122;230000;75.97;76;75.83;75.86;2892
USDRUBF;30;20260122;233000;75.86;75.92;75.82;75.87;1496
USDRUBF;30;20260123;083000;75.87;75.87;75.87;75.87;21
USDRUBF;30;20260123;090000;75.87;75.91;75.57;75.79;9254
USDRUBF;30;20260123;093000;75.81;75.92;75.81;75.89;3398
USDRUBF;30;20260123;100000;75.88;76.04;75.85;76.01;16829
USDRUBF;30;20260123;103000;76.03;76.11;76.01;76.08;16835
USDRUBF;30;20260123;110000;76.09;76.27;76.08;76.21;15463
USDRUBF;30;20260123;113000;76.21;76.24;76.05;76.08;8744
USDRUBF;30;20260123;120000;76.09;76.18;76.01;76.11;8326
USDRUBF;30;20260123;123000;76.11;76.15;76;76.05;6110
USDRUBF;30;20260123;130000;76.05;76.14;76.02;76.09;4103
USDRUBF;30;20260123;133000;76.1;76.11;76.05;76.1;3438
USDRUBF;30;20260123;140000;76.09;76.17;76.02;76.02;3856
USDRUBF;30;20260123;143000;76.02;76.05;75.95;75.96;4325
USDRUBF;30;20260123;150000;75.96;75.97;75.9;75.96;4035
USDRUBF;30;20260123;153000;75.97;76.01;75.91;75.99;6069
USDRUBF;30;20260123;160000;75.99;76.03;75.91;76.01;6266
USDRUBF;30;20260123;163000;76.01;76.11;75.96;76.07;3229
USDRUBF;30;20260123;170000;76.07;76.11;76.01;76.08;4353
USDRUBF;30;20260123;173000;76.08;76.09;75.98;75.99;4839
USDRUBF;30;20260123;180000;76;76.03;75.95;76.01;9112
USDRUBF;30;20260123;183000;76.01;76.03;75.92;75.96;4093
USDRUBF;30;20260123;190000;75.96;75.98;75.71;75.79;5987
USDRUBF;30;20260123;193000;75.78;75.86;75.71;75.85;2430
USDRUBF;30;20260123;200000;75.86;75.9;75.79;75.79;1450
USDRUBF;30;20260123;203000;75.79;75.85;75.7;75.75;2567
USDRUBF;30;20260123;210000;75.73;75.79;75.7;75.76;1251
USDRUBF;30;20260123;213000;75.74;75.78;75.7;75.72;607
USDRUBF;30;20260123;220000;75.73;75.74;75.68;75.7;599
USDRUBF;30;20260123;223000;75.7;75.72;75.68;75.68;1117
USDRUBF;30;20260123;230000;75.69;75.7;75.67;75.69;659
USDRUBF;30;20260123;233000;75.67;75.69;75.64;75.67;720
USDRUBF;30;20260126;083000;75.7;75.7;75.7;75.7;25
USDRUBF;30;20260126;090000;75.7;75.95;75.57;75.89;11190
USDRUBF;30;20260126;093000;75.88;75.9;75.75;75.85;3496
USDRUBF;30;20260126;100000;75.84;76.05;75.6;75.7;16722
USDRUBF;30;20260126;103000;75.7;75.8;75.65;75.75;3885
USDRUBF;30;20260126;110000;75.75;76.07;75.71;76.07;10451
USDRUBF;30;20260126;113000;76.07;76.34;76.06;76.28;13120
USDRUBF;30;20260126;120000;76.28;76.45;76.24;76.31;13344
USDRUBF;30;20260126;123000;76.35;76.65;76.35;76.59;20124
USDRUBF;30;20260126;130000;76.59;76.7;76.56;76.65;12043
USDRUBF;30;20260126;133000;76.64;76.76;76.51;76.64;7785
USDRUBF;30;20260126;140000;76.61;76.67;76.56;76.63;4140
USDRUBF;30;20260126;143000;76.62;76.65;76.49;76.52;4377
USDRUBF;30;20260126;150000;76.51;76.54;76.38;76.51;8908
USDRUBF;30;20260126;153000;76.51;76.65;76.5;76.65;4960
USDRUBF;30;20260126;160000;76.63;76.71;76.53;76.61;5353
USDRUBF;30;20260126;163000;76.61;76.67;76.61;76.66;4183
USDRUBF;30;20260126;170000;76.64;76.78;76.51;76.63;10035
USDRUBF;30;20260126;173000;76.63;76.73;76.53;76.59;11753
USDRUBF;30;20260126;180000;76.6;76.95;76.57;76.91;16997
USDRUBF;30;20260126;183000;76.91;76.94;76.76;76.81;8116
USDRUBF;30;20260126;190000;76.83;76.99;76.83;76.95;5180
USDRUBF;30;20260126;193000;76.95;77.02;76.91;77;2641
USDRUBF;30;20260126;200000;77;77;76.9;76.93;1517
USDRUBF;30;20260126;203000;76.92;76.92;76.83;76.9;1050
USDRUBF;30;20260126;210000;76.88;76.96;76.85;76.91;1329
USDRUBF;30;20260126;213000;76.91;76.96;76.91;76.96;758
USDRUBF;30;20260126;220000;76.95;76.95;76.88;76.94;648
USDRUBF;30;20260126;223000;76.95;76.99;76.91;76.91;1154
USDRUBF;30;20260126;230000;76.91;76.99;76.9;76.99;761
USDRUBF;30;20260126;233000;76.99;77;76.96;76.99;552
USDRUBF;30;20260127;083000;76.99;76.99;76.99;76.99;12
USDRUBF;30;20260127;090000;76.99;77.01;76.82;76.93;6204
USDRUBF;30;20260127;093000;76.93;77.04;76.92;76.99;2489
USDRUBF;30;20260127;100000;76.99;77.18;76.63;76.66;21240
USDRUBF;30;20260127;103000;76.65;76.91;76.64;76.75;18115
USDRUBF;30;20260127;110000;76.74;76.81;76.54;76.59;12498
USDRUBF;30;20260127;113000;76.59;76.71;76.54;76.67;8559
USDRUBF;30;20260127;120000;76.65;76.83;76.62;76.82;8589
USDRUBF;30;20260127;123000;76.82;76.85;76.55;76.61;16087
USDRUBF;30;20260127;130000;76.6;76.61;76.35;76.49;15441
USDRUBF;30;20260127;133000;76.49;76.69;76.49;76.67;9854
USDRUBF;30;20260127;140000;76.64;76.74;76.58;76.62;7061
USDRUBF;30;20260127;143000;76.61;76.74;76.51;76.71;6526
USDRUBF;30;20260127;150000;76.7;76.77;76.65;76.72;10572
USDRUBF;30;20260127;153000;76.73;76.79;76.62;76.68;39065
USDRUBF;30;20260127;160000;76.68;76.77;76.54;76.61;10807
USDRUBF;30;20260127;163000;76.59;76.6;76.47;76.5;6623
USDRUBF;30;20260127;170000;76.5;76.54;76.38;76.48;10758
USDRUBF;30;20260127;173000;76.46;76.52;76.39;76.48;15539
USDRUBF;30;20260127;180000;76.48;76.48;76.29;76.32;16789
USDRUBF;30;20260127;183000;76.32;76.43;76.29;76.37;11894
USDRUBF;30;20260127;190000;76.39;76.45;76.21;76.4;5839
USDRUBF;30;20260127;193000;76.41;76.47;76.38;76.41;1228
USDRUBF;30;20260127;200000;76.41;76.42;76.38;76.42;449
USDRUBF;30;20260127;203000;76.43;76.47;76.43;76.44;1228
USDRUBF;30;20260127;210000;76.45;76.45;76.4;76.41;561
USDRUBF;30;20260127;213000;76.41;76.43;76.38;76.4;981
USDRUBF;30;20260127;220000;76.4;76.43;76.39;76.42;416
USDRUBF;30;20260127;223000;76.43;76.43;76.35;76.36;1010
USDRUBF;30;20260127;230000;76.36;76.38;76.26;76.26;2128
USDRUBF;30;20260127;233000;76.27;76.38;76.25;76.25;1584
USDRUBF;30;20260128;083000;76.35;76.35;76.35;76.35;51
USDRUBF;30;20260128;090000;76.3;76.41;76.14;76.2;5790
USDRUBF;30;20260128;093000;76.19;76.34;76.16;76.28;3498
USDRUBF;30;20260128;100000;76.28;76.34;75.99;76.25;35722
USDRUBF;30;20260128;103000;76.25;76.65;76.24;76.59;24482
USDRUBF;30;20260128;110000;76.6;76.66;76.4;76.47;18705
USDRUBF;30;20260128;113000;76.47;76.62;76.44;76.55;10218
USDRUBF;30;20260128;120000;76.55;76.64;76.47;76.52;15883
USDRUBF;30;20260128;123000;76.55;76.63;76.48;76.59;15296
USDRUBF;30;20260128;130000;76.59;76.63;76.44;76.58;12656
USDRUBF;30;20260128;133000;76.58;76.66;76.54;76.65;17520
USDRUBF;30;20260128;140000;76.65;76.76;76.59;76.75;15807
USDRUBF;30;20260128;143000;76.74;77.02;76.67;77.02;28618
USDRUBF;30;20260128;150000;77;77.1;76.85;76.95;21960
USDRUBF;30;20260128;153000;76.95;77.05;76.92;77.01;31360
USDRUBF;30;20260128;160000;77.01;77.05;76.87;76.97;19041
USDRUBF;30;20260128;163000;76.95;76.96;76.82;76.82;6200
USDRUBF;30;20260128;170000;76.84;76.9;76.79;76.8;7092
USDRUBF;30;20260128;173000;76.8;76.86;76.71;76.79;10467
USDRUBF;30;20260128;180000;76.78;76.89;76.72;76.85;8645
USDRUBF;30;20260128;183000;76.84;76.86;76.73;76.74;5109
USDRUBF;30;20260128;190000;76.8;76.89;76.8;76.83;4350
USDRUBF;30;20260128;193000;76.82;76.85;76.8;76.82;1470
USDRUBF;30;20260128;200000;76.82;76.84;76.8;76.82;1113
USDRUBF;30;20260128;203000;76.81;76.86;76.8;76.8;1222
USDRUBF;30;20260128;210000;76.8;76.82;76.75;76.82;1217
USDRUBF;30;20260128;213000;76.82;76.92;76.82;76.91;1218
USDRUBF;30;20260128;220000;76.91;76.95;76.88;76.91;1020
USDRUBF;30;20260128;223000;76.91;76.92;76.82;76.85;572
USDRUBF;30;20260128;230000;76.85;76.86;76.8;76.81;638
USDRUBF;30;20260128;233000;76.81;76.89;76.79;76.79;999
USDRUBF;30;20260129;083000;76.78;76.78;76.78;76.78;18
USDRUBF;30;20260129;090000;76.78;76.92;76.76;76.85;4907
USDRUBF;30;20260129;093000;76.83;76.84;76.67;76.72;3268
USDRUBF;30;20260129;100000;76.71;76.79;76.54;76.57;19380
USDRUBF;30;20260129;103000;76.57;76.66;76.4;76.66;14386
USDRUBF;30;20260129;110000;76.66;76.71;76.53;76.64;15532
USDRUBF;30;20260129;113000;76.65;76.87;76.63;76.82;27853
USDRUBF;30;20260129;120000;76.81;76.84;76.61;76.64;19059
USDRUBF;30;20260129;123000;76.63;76.67;76.52;76.56;13449
USDRUBF;30;20260129;130000;76.56;76.59;76.3;76.37;20656
USDRUBF;30;20260129;133000;76.37;76.41;76.29;76.32;50139
USDRUBF;30;20260129;140000;76.32;76.35;76.19;76.19;18856
USDRUBF;30;20260129;143000;76.18;76.37;76.14;76.31;15255
USDRUBF;30;20260129;150000;76.3;76.33;76.13;76.15;7763
USDRUBF;30;20260129;153000;76.15;76.26;76.11;76.21;9189
USDRUBF;30;20260129;160000;76.21;76.24;76.02;76.14;16053
USDRUBF;30;20260129;163000;76.15;76.2;75.9;76.02;36769
USDRUBF;30;20260129;170000;76.02;76.03;75.55;75.55;22450
USDRUBF;30;20260129;173000;75.55;75.83;75.5;75.58;23008
USDRUBF;30;20260129;180000;75.59;75.83;75.51;75.74;21567
USDRUBF;30;20260129;183000;75.74;75.8;75.62;75.73;9462
USDRUBF;30;20260129;190000;75.77;75.93;75.77;75.83;6712
USDRUBF;30;20260129;193000;75.85;75.87;75.76;75.78;2887
USDRUBF;30;20260129;200000;75.77;75.88;75.73;75.88;1696
USDRUBF;30;20260129;203000;75.88;75.9;75.78;75.8;3128
USDRUBF;30;20260129;210000;75.8;75.89;75.78;75.85;1612
USDRUBF;30;20260129;213000;75.86;75.87;75.78;75.84;1064
USDRUBF;30;20260129;220000;75.83;75.88;75.82;75.88;1344
USDRUBF;30;20260129;223000;75.88;75.89;75.82;75.84;811
USDRUBF;30;20260129;230000;75.85;75.86;75.75;75.77;1339
USDRUBF;30;20260129;233000;75.76;75.89;75.74;75.89;701
USDRUBF;30;20260130;083000;75.83;75.83;75.83;75.83;13
USDRUBF;30;20260130;090000;75.79;76.01;75.67;76.01;6364
USDRUBF;30;20260130;093000;76.01;76.19;75.74;75.88;17495
USDRUBF;30;20260130;100000;75.87;76.3;75.86;76.21;28956
USDRUBF;30;20260130;103000;76.21;76.23;76.03;76.21;12969
USDRUBF;30;20260130;110000;76.21;76.3;76.09;76.1;15590
USDRUBF;30;20260130;113000;76.09;76.15;76;76.04;15088
USDRUBF;30;20260130;120000;76.04;76.08;75.93;76.02;22936
USDRUBF;30;20260130;123000;76.03;76.21;76;76.1;18974
USDRUBF;30;20260130;130000;76.1;76.25;76.1;76.15;28025
USDRUBF;30;20260130;133000;76.15;76.59;76.15;76.56;17871
USDRUBF;30;20260130;140000;76.53;76.63;76.5;76.58;7432
USDRUBF;30;20260130;143000;76.59;76.75;76.55;76.73;12788
USDRUBF;30;20260130;150000;76.73;76.8;76.62;76.69;11201
USDRUBF;30;20260130;153000;76.69;76.69;76.42;76.5;13127
USDRUBF;30;20260130;160000;76.49;76.64;76.43;76.64;5518
USDRUBF;30;20260130;163000;76.64;76.67;76.49;76.63;6026
USDRUBF;30;20260130;170000;76.63;76.68;76.58;76.65;8487
USDRUBF;30;20260130;173000;76.64;76.68;76.53;76.56;9533
USDRUBF;30;20260130;180000;76.56;76.63;76.5;76.51;12208
USDRUBF;30;20260130;183000;76.52;76.57;76.45;76.53;5766
USDRUBF;30;20260130;190000;76.59;76.73;76.56;76.67;5587
USDRUBF;30;20260130;193000;76.69;76.69;76.64;76.66;2608
USDRUBF;30;20260130;200000;76.67;76.68;76.54;76.55;3383
USDRUBF;30;20260130;203000;76.55;76.63;76.5;76.56;4485
USDRUBF;30;20260130;210000;76.56;76.67;76.53;76.54;6409
USDRUBF;30;20260130;213000;76.55;76.65;76.55;76.62;4620
USDRUBF;30;20260130;220000;76.63;76.73;76.6;76.7;1712
USDRUBF;30;20260130;223000;76.72;76.76;76.57;76.61;2912
USDRUBF;30;20260130;230000;76.59;76.73;76.59;76.67;3293
USDRUBF;30;20260130;233000;76.67;76.67;76.58;76.6;1557
USDRUBF;30;20260202;083000;76.62;76.62;76.62;76.62;24
USDRUBF;30;20260202;090000;76.6;77.47;76.54;77.19;14708
USDRUBF;30;20260202;093000;77.2;77.25;77.1;77.19;5967
USDRUBF;30;20260202;100000;77.17;77.5;76.98;77.35;30303
USDRUBF;30;20260202;103000;77.36;77.9;77.23;77.83;31323
USDRUBF;30;20260202;110000;77.84;77.9;77.56;77.56;17657
USDRUBF;30;20260202;113000;77.56;77.68;77.45;77.47;6840
USDRUBF;30;20260202;120000;77.47;77.49;77.31;77.42;7487
USDRUBF;30;20260202;123000;77.41;77.45;77.19;77.29;7268
USDRUBF;30;20260202;130000;77.27;77.33;77.07;77.08;5947
USDRUBF;30;20260202;133000;77.08;77.3;77.01;77.06;6421
USDRUBF;30;20260202;140000;77.05;77.24;76.93;77.2;9829
USDRUBF;30;20260202;143000;77.2;77.28;77.15;77.24;5254
USDRUBF;30;20260202;150000;77.26;77.31;77.19;77.22;4951
USDRUBF;30;20260202;153000;77.2;77.25;77.11;77.17;5842
USDRUBF;30;20260202;160000;77.15;77.23;77.1;77.13;6387
USDRUBF;30;20260202;163000;77.11;77.16;77;77.03;11507
USDRUBF;30;20260202;170000;77.03;77.07;76.91;76.94;16178
USDRUBF;30;20260202;173000;76.94;77.01;76.75;76.95;8271
USDRUBF;30;20260202;180000;76.95;77.01;76.88;76.95;5396
USDRUBF;30;20260202;183000;76.94;77;76.92;76.94;2991
USDRUBF;30;20260202;190000;76.99;77.17;76.96;77.1;5491
USDRUBF;30;20260202;193000;77.11;77.14;77.03;77.11;2695
USDRUBF;30;20260202;200000;77.12;77.17;77.11;77.13;1151
USDRUBF;30;20260202;203000;77.15;77.18;77.09;77.09;1202
USDRUBF;30;20260202;210000;77.08;77.22;77.08;77.18;1007
USDRUBF;30;20260202;213000;77.16;77.21;77.15;77.15;593
USDRUBF;30;20260202;220000;77.15;77.19;77.14;77.18;419
USDRUBF;30;20260202;223000;77.19;77.21;77.15;77.15;727
USDRUBF;30;20260202;230000;77.15;77.18;77.12;77.18;339
USDRUBF;30;20260202;233000;77.17;77.21;77.12;77.21;721
USDRUBF;30;20260203;083000;77.2;77.2;77.2;77.2;17
USDRUBF;30;20260203;090000;77.13;77.2;76.94;76.95;3070
USDRUBF;30;20260203;093000;76.95;77.09;76.95;77.05;2142
USDRUBF;30;20260203;100000;77.04;77.35;77;77.19;18480
USDRUBF;30;20260203;103000;77.2;77.34;77.18;77.26;9411
USDRUBF;30;20260203;110000;77.24;77.29;77.09;77.1;15480
USDRUBF;30;20260203;113000;77.1;77.34;77.1;77.31;9561
USDRUBF;30;20260203;120000;77.31;77.35;77.17;77.27;4896
USDRUBF;30;20260203;123000;77.27;77.32;77.16;77.22;4187
USDRUBF;30;20260203;130000;77.23;77.27;77.19;77.26;3180
USDRUBF;30;20260203;133000;77.25;77.26;77.18;77.19;2836
USDRUBF;30;20260203;140000;77.21;77.24;77.05;77.22;6435
USDRUBF;30;20260203;143000;77.22;77.22;77.11;77.11;3741
USDRUBF;30;20260203;150000;77.1;77.29;77.1;77.26;2704
USDRUBF;30;20260203;153000;77.26;77.27;77.12;77.2;4429
USDRUBF;30;20260203;160000;77.2;77.5;77.15;77.45;12141
USDRUBF;30;20260203;163000;77.45;77.49;77.31;77.36;10897
USDRUBF;30;20260203;170000;77.36;77.41;77.27;77.36;6958
USDRUBF;30;20260203;173000;77.36;77.42;77.27;77.34;8625
USDRUBF;30;20260203;180000;77.35;77.38;77.31;77.35;8599
USDRUBF;30;20260203;183000;77.34;77.38;77.31;77.31;3720
USDRUBF;30;20260203;190000;77.35;77.54;77.35;77.52;4787
USDRUBF;30;20260203;193000;77.52;77.71;77.52;77.62;5211
USDRUBF;30;20260203;200000;77.62;77.64;77.56;77.56;1706
USDRUBF;30;20260203;203000;77.58;77.61;77.56;77.6;967
USDRUBF;30;20260203;210000;77.6;77.6;77.52;77.55;873
USDRUBF;30;20260203;213000;77.54;77.62;77.49;77.5;1171
USDRUBF;30;20260203;220000;77.5;77.64;77.48;77.59;987
USDRUBF;30;20260203;223000;77.6;77.62;77.57;77.61;339
USDRUBF;30;20260203;230000;77.6;77.6;77.54;77.56;308
USDRUBF;30;20260203;233000;77.55;77.57;77.53;77.56;287
USDRUBF;30;20260204;083000;77.55;77.55;77.55;77.55;2
USDRUBF;30;20260204;090000;77.55;77.75;77.41;77.71;8086
USDRUBF;30;20260204;093000;77.72;77.74;77.6;77.61;3257
USDRUBF;30;20260204;100000;77.6;77.72;77.55;77.56;11491
USDRUBF;30;20260204;103000;77.56;77.63;77.51;77.54;5582
USDRUBF;30;20260204;110000;77.53;77.54;77.18;77.33;15125
USDRUBF;30;20260204;113000;77.33;77.4;77.26;77.39;6500
USDRUBF;30;20260204;120000;77.37;77.4;77.23;77.26;11099
USDRUBF;30;20260204;123000;77.26;77.26;77.11;77.14;12511
USDRUBF;30;20260204;130000;77.14;77.15;76.96;76.99;11021
USDRUBF;30;20260204;133000;76.99;76.99;76.83;76.85;12673
USDRUBF;30;20260204;140000;76.84;76.93;76.75;76.81;7987
USDRUBF;30;20260204;143000;76.81;77.06;76.78;77.04;15341
USDRUBF;30;20260204;150000;77.04;77.07;76.89;76.98;6414
USDRUBF;30;20260204;153000;76.98;76.98;76.79;76.8;4184
USDRUBF;30;20260204;160000;76.79;76.86;76.71;76.75;6000
USDRUBF;30;20260204;163000;76.77;76.77;76.53;76.55;10881
USDRUBF;30;20260204;170000;76.55;76.78;76.52;76.65;20289
USDRUBF;30;20260204;173000;76.66;76.75;76.6;76.69;8679
USDRUBF;30;20260204;180000;76.69;76.74;76.56;76.64;10650
USDRUBF;30;20260204;183000;76.65;76.69;76.57;76.66;6099
USDRUBF;30;20260204;190000;76.69;76.84;76.68;76.83;3797
USDRUBF;30;20260204;193000;76.83;76.88;76.76;76.76;3089
USDRUBF;30;20260204;200000;76.77;76.86;76.76;76.83;1642
USDRUBF;30;20260204;203000;76.84;76.84;76.75;76.79;2306
USDRUBF;30;20260204;210000;76.8;76.81;76.73;76.76;1214
USDRUBF;30;20260204;213000;76.76;76.82;76.76;76.81;427
USDRUBF;30;20260204;220000;76.81;76.83;76.8;76.81;800
USDRUBF;30;20260204;223000;76.81;76.82;76.8;76.8;290
USDRUBF;30;20260204;230000;76.81;76.81;76.68;76.74;1920
USDRUBF;30;20260204;233000;76.75;76.8;76.72;76.75;710
USDRUBF;30;20260205;083000;76.8;76.8;76.8;76.8;3
USDRUBF;30;20260205;090000;76.8;76.97;76.8;76.86;6376
USDRUBF;30;20260205;093000;76.83;76.87;76.75;76.8;2778
USDRUBF;30;20260205;100000;76.84;76.94;76.31;76.51;24097
USDRUBF;30;20260205;103000;76.52;76.72;76.45;76.53;25763
USDRUBF;30;20260205;110000;76.53;76.56;76.32;76.41;50851
USDRUBF;30;20260205;113000;76.41;76.53;76.39;76.5;15395
USDRUBF;30;20260205;120000;76.51;76.82;76.51;76.74;12066
USDRUBF;30;20260205;123000;76.75;77.04;76.73;76.98;14829
USDRUBF;30;20260205;130000;76.98;77.14;76.96;77.04;15382
USDRUBF;30;20260205;133000;77.04;77.09;76.96;77.06;6567
USDRUBF;30;20260205;140000;77.01;77.04;76.83;76.92;13082
USDRUBF;30;20260205;143000;76.93;76.99;76.8;76.82;10907
USDRUBF;30;20260205;150000;76.84;77.04;76.76;76.81;12247
USDRUBF;30;20260205;153000;76.81;76.92;76.8;76.92;3712
USDRUBF;30;20260205;160000;76.91;77;76.85;76.88;2818
USDRUBF;30;20260205;163000;76.86;76.95;76.81;76.93;1920
USDRUBF;30;20260205;170000;76.94;76.97;76.81;76.87;6148
USDRUBF;30;20260205;173000;76.87;77.08;76.86;77.06;9984
USDRUBF;30;20260205;180000;77.06;77.13;77.04;77.09;9548
USDRUBF;30;20260205;183000;77.08;77.15;77.04;77.13;3550
USDRUBF;30;20260205;190000;77.15;77.25;77.09;77.24;3928
USDRUBF;30;20260205;193000;77.25;77.25;77.19;77.2;1745
USDRUBF;30;20260205;200000;77.2;77.24;77.15;77.19;1458
USDRUBF;30;20260205;203000;77.2;77.23;77.18;77.18;504
USDRUBF;30;20260205;210000;77.18;77.18;77.13;77.16;1233
USDRUBF;30;20260205;213000;77.16;77.2;77.15;77.17;575
USDRUBF;30;20260205;220000;77.18;77.19;77.16;77.16;288
USDRUBF;30;20260205;223000;77.16;77.2;77.13;77.15;782
USDRUBF;30;20260205;230000;77.14;77.14;77.11;77.14;455
USDRUBF;30;20260205;233000;77.12;77.18;77.1;77.18;789
USDRUBF;30;20260206;083000;77.12;77.12;77.12;77.12;14
USDRUBF;30;20260206;090000;77.12;77.34;77.12;77.33;3561
USDRUBF;30;20260206;093000;77.34;77.35;77.28;77.29;2103
USDRUBF;30;20260206;100000;77.3;78.43;77.02;77.68;55465
USDRUBF;30;20260206;103000;77.69;77.75;77.27;77.29;26385
USDRUBF;30;20260206;110000;77.29;77.43;77.23;77.27;14517
USDRUBF;30;20260206;113000;77.26;77.31;77.15;77.16;11151
USDRUBF;30;20260206;120000;77.15;77.3;77.05;77.16;29507
USDRUBF;30;20260206;123000;77.15;77.15;76.95;76.99;12474
USDRUBF;30;20260206;130000;76.99;77.15;76.88;77.09;14020
USDRUBF;30;20260206;133000;77.08;77.41;77.08;77.39;18139
USDRUBF;30;20260206;140000;77.4;77.48;77.31;77.32;10180
USDRUBF;30;20260206;143000;77.32;77.41;77.23;77.28;8594
USDRUBF;30;20260206;150000;77.29;77.37;77.22;77.24;6037
USDRUBF;30;20260206;153000;77.25;77.43;77.13;77.42;14265
USDRUBF;30;20260206;160000;77.42;77.45;77.3;77.38;9455
USDRUBF;30;20260206;163000;77.38;77.74;77.36;77.61;43728
USDRUBF;30;20260206;170000;77.63;77.64;77.53;77.56;12430
USDRUBF;30;20260206;173000;77.56;77.56;77.25;77.3;15733
USDRUBF;30;20260206;180000;77.3;77.4;77.27;77.35;9690
USDRUBF;30;20260206;183000;77.36;77.37;77.28;77.28;3319
USDRUBF;30;20260206;190000;77.35;77.48;77.35;77.41;3848
USDRUBF;30;20260206;193000;77.42;77.47;77.41;77.46;645
USDRUBF;30;20260206;200000;77.44;77.46;77.39;77.42;1098
USDRUBF;30;20260206;203000;77.43;77.43;77.39;77.43;967
USDRUBF;30;20260206;210000;77.41;77.47;77.39;77.42;934
USDRUBF;30;20260206;213000;77.42;77.48;77.42;77.44;437
USDRUBF;30;20260206;220000;77.44;77.46;77.43;77.45;354
USDRUBF;30;20260206;223000;77.45;77.46;77.41;77.42;1203
USDRUBF;30;20260206;230000;77.42;77.43;77.4;77.41;290
USDRUBF;30;20260206;233000;77.4;77.53;77.4;77.49;810
USDRUBF;30;20260209;083000;77.52;77.52;77.52;77.52;2
USDRUBF;30;20260209;090000;77.52;77.78;77.36;77.77;9213
USDRUBF;30;20260209;093000;77.77;77.8;77.66;77.69;3699
USDRUBF;30;20260209;100000;77.72;77.79;77.44;77.55;13834
USDRUBF;30;20260209;103000;77.56;77.58;77.17;77.42;22769
USDRUBF;30;20260209;110000;77.43;77.5;77.37;77.48;9532
USDRUBF;30;20260209;113000;77.48;77.6;77.4;77.5;13460
USDRUBF;30;20260209;120000;77.49;77.51;77.36;77.43;9945
USDRUBF;30;20260209;123000;77.45;77.59;77.39;77.55;8866
USDRUBF;30;20260209;130000;77.55;77.8;77.46;77.79;12921
USDRUBF;30;20260209;133000;77.79;77.9;77.72;77.79;18622
USDRUBF;30;20260209;140000;77.78;77.86;77.64;77.69;6820
USDRUBF;30;20260209;143000;77.7;77.82;77.66;77.71;10306
USDRUBF;30;20260209;150000;77.7;77.8;77.68;77.79;8886
USDRUBF;30;20260209;153000;77.79;77.86;77.69;77.73;5413
USDRUBF;30;20260209;160000;77.73;77.73;77.57;77.63;8640
USDRUBF;30;20260209;163000;77.62;77.66;77.53;77.53;7083
USDRUBF;30;20260209;170000;77.52;77.58;77.47;77.57;8445
USDRUBF;30;20260209;173000;77.57;77.62;77.51;77.56;7980
USDRUBF;30;20260209;180000;77.55;77.64;77.55;77.59;4746
USDRUBF;30;20260209;183000;77.59;77.6;77.47;77.5;5910
USDRUBF;30;20260209;190000;77.53;77.55;77.45;77.52;2191
USDRUBF;30;20260209;193000;77.51;77.55;77.47;77.55;678
USDRUBF;30;20260209;200000;77.54;77.62;77.54;77.58;1193
USDRUBF;30;20260209;203000;77.57;77.61;77.57;77.6;584
USDRUBF;30;20260209;210000;77.6;77.61;77.52;77.57;490
USDRUBF;30;20260209;213000;77.57;77.59;77.56;77.59;291
USDRUBF;30;20260209;220000;77.58;77.6;77.57;77.59;72
USDRUBF;30;20260209;223000;77.58;77.59;77.52;77.52;351
USDRUBF;30;20260209;230000;77.52;77.59;77.51;77.58;474
USDRUBF;30;20260209;233000;77.58;77.64;77.53;77.56;701
USDRUBF;30;20260210;090000;77.55;77.59;77.42;77.49;1849
USDRUBF;30;20260210;093000;77.5;77.53;77.4;77.52;2361
USDRUBF;30;20260210;100000;77.51;77.9;77.31;77.49;37833
USDRUBF;30;20260210;103000;77.49;77.56;77.41;77.53;8055
USDRUBF;30;20260210;110000;77.52;77.53;77.43;77.46;3645
USDRUBF;30;20260210;113000;77.47;77.5;77.23;77.3;9737
USDRUBF;30;20260210;120000;77.28;77.36;77.26;77.3;7248
USDRUBF;30;20260210;123000;77.31;77.37;77.21;77.26;8094
USDRUBF;30;20260210;130000;77.25;77.36;77.2;77.29;5165
USDRUBF;30;20260210;133000;77.29;77.35;77.15;77.18;4608
USDRUBF;30;20260210;140000;77.19;77.47;77.19;77.4;8184
USDRUBF;30;20260210;143000;77.41;77.49;77.36;77.47;5206
USDRUBF;30;20260210;150000;77.48;77.54;77.42;77.51;6937
USDRUBF;30;20260210;153000;77.51;77.55;77.34;77.53;12446
USDRUBF;30;20260210;160000;77.53;77.54;77.39;77.4;4823
USDRUBF;30;20260210;163000;77.4;77.48;77.37;77.42;6834
USDRUBF;30;20260210;170000;77.42;77.42;77.3;77.31;5128
USDRUBF;30;20260210;173000;77.32;77.32;77.16;77.27;11783
USDRUBF;30;20260210;180000;77.26;77.28;77.19;77.25;8781
USDRUBF;30;20260210;183000;77.25;77.37;77.23;77.28;6686
USDRUBF;30;20260210;190000;77.39;77.49;77.37;77.44;4278
USDRUBF;30;20260210;193000;77.44;77.48;77.42;77.47;1071
USDRUBF;30;20260210;200000;77.48;77.49;77.44;77.46;800
USDRUBF;30;20260210;203000;77.47;77.47;77.43;77.43;760
USDRUBF;30;20260210;210000;77.43;77.46;77.4;77.45;1285
USDRUBF;30;20260210;213000;77.45;77.46;77.44;77.45;117
USDRUBF;30;20260210;220000;77.43;77.47;77.43;77.46;556
USDRUBF;30;20260210;223000;77.47;77.47;77.45;77.47;111
USDRUBF;30;20260210;230000;77.48;77.55;77.48;77.52;1065
USDRUBF;30;20260210;233000;77.53;77.56;77.5;77.56;557
USDRUBF;30;20260211;083000;77.5;77.5;77.5;77.5;25
USDRUBF;30;20260211;090000;77.51;77.52;77.38;77.42;3369
USDRUBF;30;20260211;093000;77.43;77.48;77.4;77.41;1231
USDRUBF;30;20260211;100000;77.4;77.65;77.36;77.56;14168
USDRUBF;30;20260211;103000;77.57;77.6;77.35;77.4;40915
USDRUBF;30;20260211;110000;77.4;77.49;77.35;77.46;10435
USDRUBF;30;20260211;113000;77.47;77.48;77.35;77.4;7538
USDRUBF;30;20260211;120000;77.4;77.48;77.39;77.43;7717
USDRUBF;30;20260211;123000;77.43;77.44;77.26;77.28;11434
USDRUBF;30;20260211;130000;77.28;77.28;77.1;77.24;22179
USDRUBF;30;20260211;133000;77.22;77.25;77.1;77.14;9395
USDRUBF;30;20260211;140000;77.13;77.25;77.12;77.17;4366
USDRUBF;30;20260211;143000;77.17;77.29;77.16;77.22;4382
USDRUBF;30;20260211;150000;77.22;77.29;77.21;77.27;8463
USDRUBF;30;20260211;153000;77.27;77.42;77.26;77.32;15151
USDRUBF;30;20260211;160000;77.33;77.38;77.29;77.36;5542
USDRUBF;30;20260211;163000;77.36;77.45;77.23;77.29;11585
USDRUBF;30;20260211;170000;77.29;77.3;77.14;77.23;8604
USDRUBF;30;20260211;173000;77.21;77.29;77.19;77.25;11437
USDRUBF;30;20260211;180000;77.24;77.41;77.2;77.38;17803
USDRUBF;30;20260211;183000;77.39;77.41;77.35;77.37;3198
USDRUBF;30;20260211;190000;77.32;77.54;77.32;77.42;4135
USDRUBF;30;20260211;193000;77.43;77.47;77.38;77.41;922
USDRUBF;30;20260211;200000;77.43;77.43;77.36;77.38;526
USDRUBF;30;20260211;203000;77.38;77.39;77.35;77.36;355
USDRUBF;30;20260211;210000;77.36;77.38;77.35;77.36;167
USDRUBF;30;20260211;213000;77.38;77.38;77.35;77.36;187
USDRUBF;30;20260211;220000;77.37;77.38;77.36;77.37;155
USDRUBF;30;20260211;223000;77.37;77.38;77.33;77.33;357
USDRUBF;30;20260211;230000;77.34;77.37;77.34;77.34;191
USDRUBF;30;20260211;233000;77.37;77.4;77.31;77.33;362
USDRUBF;30;20260212;090000;77.34;77.42;77.34;77.42;1282
USDRUBF;30;20260212;093000;77.4;77.45;77.33;77.33;1187
USDRUBF;30;20260212;100000;77.33;77.4;77.26;77.34;5337
USDRUBF;30;20260212;103000;77.35;77.4;77.24;77.36;9721
USDRUBF;30;20260212;110000;77.36;77.5;77.33;77.39;6761
USDRUBF;30;20260212;113000;77.4;77.4;77.29;77.33;4711
USDRUBF;30;20260212;120000;77.33;77.33;77.21;77.23;7162
USDRUBF;30;20260212;123000;77.22;77.38;77.2;77.38;6733
USDRUBF;30;20260212;130000;77.39;77.45;77.36;77.38;7307
USDRUBF;30;20260212;133000;77.39;77.45;77.38;77.43;4109
USDRUBF;30;20260212;140000;77.43;77.5;77.4;77.41;5530
USDRUBF;30;20260212;143000;77.42;77.44;77.4;77.42;2131
USDRUBF;30;20260212;150000;77.42;77.44;77.29;77.36;4751
USDRUBF;30;20260212;153000;77.36;77.38;77.31;77.31;1951
USDRUBF;30;20260212;160000;77.32;77.33;77.19;77.21;6977
USDRUBF;30;20260212;163000;77.22;77.32;77.2;77.28;5907
USDRUBF;30;20260212;170000;77.27;77.29;77.21;77.23;8717
USDRUBF;30;20260212;173000;77.23;77.25;77.17;77.2;5718
USDRUBF;30;20260212;180000;77.2;77.24;77.13;77.15;10897
USDRUBF;30;20260212;183000;77.14;77.19;77.1;77.19;6595
USDRUBF;30;20260212;190000;77.2;77.25;77.16;77.23;5271
USDRUBF;30;20260212;193000;77.24;77.24;77.12;77.15;2634
USDRUBF;30;20260212;200000;77.15;77.21;77.14;77.2;5542
USDRUBF;30;20260212;203000;77.2;77.23;77.17;77.2;1499
USDRUBF;30;20260212;210000;77.2;77.26;77.19;77.26;1578
USDRUBF;30;20260212;213000;77.25;77.33;77.24;77.26;1899
USDRUBF;30;20260212;220000;77.25;77.3;77.24;77.28;417
USDRUBF;30;20260212;223000;77.27;77.28;77.22;77.26;685
USDRUBF;30;20260212;230000;77.25;77.25;77.2;77.22;391
USDRUBF;30;20260212;233000;77.21;77.26;77.2;77.24;589
USDRUBF;30;20260213;090000;77.21;77.3;77.21;77.25;1896
USDRUBF;30;20260213;093000;77.24;77.27;77.16;77.22;1435
USDRUBF;30;20260213;100000;77.21;77.36;77.03;77.19;19172
USDRUBF;30;20260213;103000;77.19;77.25;77.07;77.13;13563
USDRUBF;30;20260213;110000;77.12;77.17;77.09;77.16;6343
USDRUBF;30;20260213;113000;77.16;77.24;77.16;77.23;3690
USDRUBF;30;20260213;120000;77.23;77.26;77.13;77.15;7797
USDRUBF;30;20260213;123000;77.14;77.24;77.11;77.12;2676
USDRUBF;30;20260213;130000;77.12;77.16;77;77.09;8586
USDRUBF;30;20260213;133000;77.09;77.21;76.96;77.13;23104
USDRUBF;30;20260213;140000;77.14;77.21;77.09;77.13;5506
USDRUBF;30;20260213;143000;77.13;77.2;77.13;77.15;3468
USDRUBF;30;20260213;150000;77.14;77.15;77.04;77.12;14214
USDRUBF;30;20260213;153000;77.13;77.17;77.06;77.13;5669
USDRUBF;30;20260213;160000;77.13;77.14;77.02;77.02;9782
USDRUBF;30;20260213;163000;77.03;77.03;76.7;76.78;33448
USDRUBF;30;20260213;170000;76.77;76.81;76.68;76.75;13656
USDRUBF;30;20260213;173000;76.74;76.74;76.64;76.66;8844
USDRUBF;30;20260213;180000;76.67;76.76;76.65;76.73;6509
USDRUBF;30;20260213;183000;76.72;76.74;76.62;76.64;7234
USDRUBF;30;20260213;190000;76.66;76.74;76.62;76.7;2104
USDRUBF;30;20260213;193000;76.71;76.72;76.56;76.61;2762
USDRUBF;30;20260213;200000;76.61;76.66;76.59;76.66;1771
USDRUBF;30;20260213;203000;76.66;76.68;76.63;76.67;622
USDRUBF;30;20260213;210000;76.67;76.74;76.66;76.73;1518
USDRUBF;30;20260213;213000;76.72;76.77;76.72;76.74;632
USDRUBF;30;20260213;220000;76.74;76.76;76.72;76.72;787
USDRUBF;30;20260213;223000;76.72;76.75;76.71;76.74;319
USDRUBF;30;20260213;230000;76.74;76.75;76.71;76.74;281
USDRUBF;30;20260213;233000;76.73;76.77;76.71;76.74;687
USDRUBF;30;20260216;083000;76.67;76.67;76.67;76.67;211
USDRUBF;30;20260216;090000;76.68;76.72;76.46;76.61;8895
USDRUBF;30;20260216;093000;76.62;76.68;76.61;76.65;1218
USDRUBF;30;20260216;100000;76.64;76.74;76.34;76.46;17141
USDRUBF;30;20260216;103000;76.45;76.54;76.43;76.51;5423
USDRUBF;30;20260216;110000;76.51;76.74;76.42;76.64;11216
USDRUBF;30;20260216;113000;76.63;76.66;76.56;76.6;7222
USDRUBF;30;20260216;120000;76.6;76.75;76.56;76.7;7600
USDRUBF;30;20260216;123000;76.69;76.74;76.64;76.73;4604
USDRUBF;30;20260216;130000;76.72;76.92;76.72;76.85;13482
USDRUBF;30;20260216;133000;76.87;76.88;76.62;76.68;5979
USDRUBF;30;20260216;140000;76.71;76.72;76.57;76.64;6559
USDRUBF;30;20260216;143000;76.65;76.68;76.62;76.66;2453
USDRUBF;30;20260216;150000;76.66;76.67;76.5;76.63;6894
USDRUBF;30;20260216;153000;76.62;76.7;76.6;76.65;4405
USDRUBF;30;20260216;160000;76.66;76.66;76.59;76.64;1594
USDRUBF;30;20260216;163000;76.64;76.79;76.61;76.76;5889
USDRUBF;30;20260216;170000;76.78;76.92;76.75;76.88;7162
USDRUBF;30;20260216;173000;76.87;76.98;76.82;76.83;13832
USDRUBF;30;20260216;180000;76.83;76.86;76.77;76.83;9323
USDRUBF;30;20260216;183000;76.83;76.92;76.83;76.85;8065
USDRUBF;30;20260216;190000;76.86;76.89;76.78;76.79;1164
USDRUBF;30;20260216;193000;76.79;76.84;76.79;76.84;410
USDRUBF;30;20260216;200000;76.83;76.83;76.79;76.8;206
USDRUBF;30;20260216;203000;76.8;76.8;76.78;76.78;204
USDRUBF;30;20260216;210000;76.77;76.78;76.72;76.75;592
USDRUBF;30;20260216;213000;76.75;76.83;76.74;76.82;430
USDRUBF;30;20260216;220000;76.82;76.83;76.75;76.78;439
USDRUBF;30;20260216;223000;76.77;76.77;76.74;76.75;104
USDRUBF;30;20260216;230000;76.74;76.76;76.74;76.76;98
USDRUBF;30;20260216;233000;76.76;76.76;76.72;76.73;155
USDRUBF;30;20260217;083000;76.7;76.7;76.7;76.7;71
USDRUBF;30;20260217;090000;76.75;76.76;76.64;76.76;8824
USDRUBF;30;20260217;093000;76.76;76.8;76.74;76.78;1057
USDRUBF;30;20260217;100000;76.77;76.9;76.67;76.78;7096
USDRUBF;30;20260217;103000;76.78;76.87;76.72;76.76;4995
USDRUBF;30;20260217;110000;76.75;76.81;76.68;76.72;4099
USDRUBF;30;20260217;113000;76.7;76.71;76.61;76.64;4468
USDRUBF;30;20260217;120000;76.65;76.68;76.56;76.58;4697
USDRUBF;30;20260217;123000;76.56;76.63;76.51;76.58;6473
USDRUBF;30;20260217;130000;76.58;76.64;76.53;76.56;6058
USDRUBF;30;20260217;133000;76.57;76.59;76.53;76.56;1653
USDRUBF;30;20260217;140000;76.57;76.66;76.56;76.64;2944
USDRUBF;30;20260217;143000;76.65;76.66;76.61;76.65;2550
USDRUBF;30;20260217;150000;76.65;76.67;76.6;76.64;3147
USDRUBF;30;20260217;153000;76.65;76.67;76.52;76.55;6923
USDRUBF;30;20260217;160000;76.57;76.6;76.51;76.51;4229
USDRUBF;30;20260217;163000;76.52;76.52;76.2;76.23;16937
USDRUBF;30;20260217;170000;76.24;76.26;76.06;76.13;20645
USDRUBF;30;20260217;173000;76.13;76.28;76.12;76.26;13000
USDRUBF;30;20260217;180000;76.26;76.28;76.14;76.19;5632
USDRUBF;30;20260217;183000;76.19;76.19;76.09;76.13;5165
USDRUBF;30;20260217;190000;76.15;76.27;76.04;76.04;3809
USDRUBF;30;20260217;193000;76.04;76.05;75.97;76.03;5877
USDRUBF;30;20260217;200000;76.03;76.04;75.99;76.03;1953
USDRUBF;30;20260217;203000;76.03;76.06;76.01;76.03;880
USDRUBF;30;20260217;210000;76.01;76.04;75.96;75.98;1109
USDRUBF;30;20260217;213000;75.98;75.98;75.91;75.96;1565
USDRUBF;30;20260217;220000;75.94;75.98;75.92;75.92;924
USDRUBF;30;20260217;223000;75.94;75.97;75.93;75.97;389
USDRUBF;30;20260217;230000;75.97;76.06;75.97;76.03;584
USDRUBF;30;20260217;233000;76.03;76.06;75.99;76;294
USDRUBF;30;20260218;090000;76.04;76.13;76.02;76.12;3317
USDRUBF;30;20260218;093000;76.12;76.16;76.07;76.09;1496
USDRUBF;30;20260218;100000;76.11;76.18;75.99;76.08;9386
USDRUBF;30;20260218;103000;76.09;76.2;75.99;76.04;11118
USDRUBF;30;20260218;110000;76.05;76.09;75.95;76.04;4116
USDRUBF;30;20260218;113000;76.04;76.06;75.94;75.98;4564
USDRUBF;30;20260218;120000;75.99;76.02;75.9;75.94;6213
USDRUBF;30;20260218;123000;75.95;76.04;75.94;75.94;9979
USDRUBF;30;20260218;130000;75.94;76.02;75.85;76;13830
USDRUBF;30;20260218;133000;76;76.42;76;76.39;24458
USDRUBF;30;20260218;140000;76.4;76.47;76.35;76.43;11256
USDRUBF;30;20260218;143000;76.43;76.57;76.36;76.53;7020
USDRUBF;30;20260218;150000;76.53;76.59;76.43;76.47;5705
USDRUBF;30;20260218;153000;76.48;76.76;76.47;76.7;11302
USDRUBF;30;20260218;160000;76.72;76.89;76.7;76.75;11491
USDRUBF;30;20260218;163000;76.78;76.87;76.75;76.84;3938
USDRUBF;30;20260218;170000;76.85;76.97;76.85;76.92;5842
USDRUBF;30;20260218;173000;76.92;77;76.68;76.72;19624
USDRUBF;30;20260218;180000;76.74;76.8;76.63;76.74;6059
USDRUBF;30;20260218;183000;76.76;76.86;76.72;76.74;5971
USDRUBF;30;20260218;190000;76.75;76.78;76.71;76.75;1489
USDRUBF;30;20260218;193000;76.76;76.81;76.76;76.79;596
USDRUBF;30;20260218;200000;76.78;76.78;76.73;76.74;1428
USDRUBF;30;20260218;203000;76.74;76.77;76.73;76.74;623
USDRUBF;30;20260218;210000;76.76;76.8;76.75;76.79;953
USDRUBF;30;20260218;213000;76.78;76.87;76.78;76.84;827
USDRUBF;30;20260218;220000;76.84;76.9;76.82;76.87;745
USDRUBF;30;20260218;223000;76.85;76.87;76.82;76.83;592
USDRUBF;30;20260218;230000;76.82;76.84;76.78;76.82;467
USDRUBF;30;20260218;233000;76.81;76.9;76.79;76.83;383
USDRUBF;30;20260219;090000;76.86;76.95;76.84;76.88;2702
USDRUBF;30;20260219;093000;76.88;76.97;76.85;76.91;2119
USDRUBF;30;20260219;100000;76.91;76.94;76.57;76.6;12534
USDRUBF;30;20260219;103000;76.62;76.75;76.46;76.48;11657
USDRUBF;30;20260219;110000;76.47;76.58;76.34;76.47;11094
USDRUBF;30;20260219;113000;76.46;76.53;76.39;76.42;3293
USDRUBF;30;20260219;120000;76.42;76.5;76.31;76.5;6144
USDRUBF;30;20260219;123000;76.49;76.5;76.42;76.49;5835
USDRUBF;30;20260219;130000;76.48;76.65;76.47;76.51;7887
USDRUBF;30;20260219;133000;76.5;76.59;76.34;76.44;9107
USDRUBF;30;20260219;140000;76.46;76.66;76.46;76.66;7207
USDRUBF;30;20260219;143000;76.66;76.74;76.64;76.69;5352
USDRUBF;30;20260219;150000;76.7;76.78;76.67;76.69;3806
USDRUBF;30;20260219;153000;76.7;76.8;76.67;76.72;2316
USDRUBF;30;20260219;160000;76.73;76.75;76.55;76.55;7769
USDRUBF;30;20260219;163000;76.57;76.64;76.42;76.42;7471
USDRUBF;30;20260219;170000;76.41;76.49;76.36;76.42;3501
USDRUBF;30;20260219;173000;76.42;76.43;76.25;76.35;8462
USDRUBF;30;20260219;180000;76.34;76.38;76.26;76.3;10408
USDRUBF;30;20260219;183000;76.29;76.35;76.29;76.35;4424
USDRUBF;30;20260219;190000;76.31;76.4;76.28;76.38;1405
USDRUBF;30;20260219;193000;76.38;76.41;76.36;76.4;518
USDRUBF;30;20260219;200000;76.39;76.41;76.37;76.37;165
USDRUBF;30;20260219;203000;76.37;76.37;76.33;76.35;413
USDRUBF;30;20260219;210000;76.37;76.38;76.36;76.38;158
USDRUBF;30;20260219;213000;76.37;76.38;76.37;76.38;312
USDRUBF;30;20260219;220000;76.39;76.42;76.38;76.41;251
USDRUBF;30;20260219;223000;76.41;76.42;76.38;76.38;734
USDRUBF;30;20260219;230000;76.38;76.4;76.34;76.35;420
USDRUBF;30;20260219;233000;76.35;76.39;76.33;76.38;272
USDRUBF;30;20260220;083000;76.4;76.4;76.4;76.4;15
USDRUBF;30;20260220;090000;76.4;76.5;76.4;76.42;902
USDRUBF;30;20260220;093000;76.42;76.44;76.29;76.36;1315
USDRUBF;30;20260220;100000;76.36;76.61;76.31;76.55;7142
USDRUBF;30;20260220;103000;76.55;76.58;76.47;76.49;7661
USDRUBF;30;20260220;110000;76.48;76.57;76.44;76.46;7062
USDRUBF;30;20260220;113000;76.47;76.78;76.42;76.61;11978
USDRUBF;30;20260220;120000;76.61;76.71;76.59;76.61;6561
USDRUBF;30;20260220;123000;76.62;76.74;76.54;76.6;2856
USDRUBF;30;20260220;130000;76.63;76.67;76.57;76.66;3463
USDRUBF;30;20260220;133000;76.67;76.99;76.63;76.9;11225
USDRUBF;30;20260220;140000;76.9;76.93;76.75;76.77;8709
USDRUBF;30;20260220;143000;76.77;76.89;76.7;76.71;5464
USDRUBF;30;20260220;150000;76.72;76.8;76.67;76.75;4143
USDRUBF;30;20260220;153000;76.75;76.79;76.7;76.77;2820
USDRUBF;30;20260220;160000;76.76;76.83;76.72;76.73;3931
USDRUBF;30;20260220;163000;76.73;76.77;76.67;76.77;3430
USDRUBF;30;20260220;170000;76.76;76.77;76.63;76.65;1467
USDRUBF;30;20260220;173000;76.65;76.8;76.61;76.8;2956
USDRUBF;30;20260220;180000;76.81;76.82;76.71;76.73;3464
USDRUBF;30;20260220;183000;76.73;76.78;76.7;76.7;1479
USDRUBF;30;20260220;190000;76.72;76.73;76.65;76.7;618
USDRUBF;30;20260220;193000;76.7;76.77;76.69;76.72;1036
USDRUBF;30;20260220;200000;76.71;76.73;76.69;76.69;519
USDRUBF;30;20260220;203000;76.71;76.74;76.7;76.71;723
USDRUBF;30;20260220;210000;76.71;76.72;76.68;76.71;621
USDRUBF;30;20260220;213000;76.7;76.71;76.65;76.68;279
USDRUBF;30;20260220;220000;76.66;76.7;76.65;76.7;255
USDRUBF;30;20260220;223000;76.68;76.71;76.67;76.7;643
USDRUBF;30;20260220;230000;76.71;76.73;76.69;76.71;1420
USDRUBF;30;20260220;233000;76.71;76.74;76.65;76.74;1402
USDRUBF;30;20260224;083000;76.62;76.62;76.62;76.62;65
USDRUBF;30;20260224;090000;76.62;76.83;76.57;76.64;3611
USDRUBF;30;20260224;093000;76.64;76.71;76.57;76.6;2680
USDRUBF;30;20260224;100000;76.6;76.89;76.6;76.67;16693
USDRUBF;30;20260224;103000;76.67;76.74;76.5;76.57;6364
USDRUBF;30;20260224;110000;76.57;76.67;76.54;76.57;3736
USDRUBF;30;20260224;113000;76.57;76.61;76.52;76.55;3627
USDRUBF;30;20260224;120000;76.54;76.64;76.52;76.56;5300
USDRUBF;30;20260224;123000;76.57;76.6;76.38;76.42;8216
USDRUBF;30;20260224;130000;76.42;76.47;76.39;76.44;2648
USDRUBF;30;20260224;133000;76.45;76.49;76.42;76.44;2406
USDRUBF;30;20260224;140000;76.44;76.47;76.4;76.45;3209
USDRUBF;30;20260224;143000;76.45;76.49;76.42;76.48;1454
USDRUBF;30;20260224;150000;76.49;76.55;76.45;76.45;3723
USDRUBF;30;20260224;153000;76.47;76.47;76.42;76.46;1053
USDRUBF;30;20260224;160000;76.45;76.45;76.28;76.32;5468
USDRUBF;30;20260224;163000;76.32;76.43;76.28;76.35;5957
USDRUBF;30;20260224;170000;76.34;76.35;76.18;76.19;7509
USDRUBF;30;20260224;173000;76.2;76.24;76.11;76.19;9203
USDRUBF;30;20260224;180000;76.18;76.21;76.11;76.13;2999
USDRUBF;30;20260224;183000;76.13;76.2;76.08;76.17;7096
USDRUBF;30;20260224;190000;76.18;76.19;76.11;76.16;1581
USDRUBF;30;20260224;193000;76.16;76.17;76.14;76.17;1880
USDRUBF;30;20260224;200000;76.18;76.2;76.16;76.19;604
USDRUBF;30;20260224;203000;76.2;76.24;76.19;76.19;1393
USDRUBF;30;20260224;210000;76.18;76.22;76.15;76.2;366
USDRUBF;30;20260224;213000;76.2;76.23;76.19;76.21;323
USDRUBF;30;20260224;220000;76.23;76.26;76.21;76.22;458
USDRUBF;30;20260224;223000;76.23;76.23;76.2;76.22;251
USDRUBF;30;20260224;230000;76.22;76.25;76.21;76.21;279
USDRUBF;30;20260224;233000;76.22;76.23;76.18;76.18;220
USDRUBF;30;20260225;083000;76.18;76.18;76.18;76.18;9
USDRUBF;30;20260225;090000;76.17;76.2;76.05;76.13;1815
USDRUBF;30;20260225;093000;76.13;76.16;76.11;76.16;728
USDRUBF;30;20260225;100000;76.14;76.24;76.04;76.2;9142
USDRUBF;30;20260225;103000;76.19;76.28;76.14;76.16;4120
USDRUBF;30;20260225;110000;76.16;76.28;76.15;76.23;5147
USDRUBF;30;20260225;113000;76.24;76.28;76.2;76.25;4351
USDRUBF;30;20260225;120000;76.25;76.43;76.25;76.37;12953
USDRUBF;30;20260225;123000;76.37;76.52;76.37;76.52;12908
USDRUBF;30;20260225;130000;76.51;76.62;76.44;76.57;6547
USDRUBF;30;20260225;133000;76.59;76.61;76.51;76.55;4976
USDRUBF;30;20260225;140000;76.54;76.58;76.52;76.55;2224
USDRUBF;30;20260225;143000;76.54;76.61;76.5;76.58;1663
USDRUBF;30;20260225;150000;76.58;76.59;76.5;76.5;2626
USDRUBF;30;20260225;153000;76.49;76.65;76.47;76.61;6173
USDRUBF;30;20260225;160000;76.61;76.95;76.61;76.89;16770
USDRUBF;30;20260225;163000;76.89;76.91;76.8;76.86;6119
USDRUBF;30;20260225;170000;76.86;76.86;76.66;76.84;11540
USDRUBF;30;20260225;173000;76.84;77.29;76.84;77.22;23662
USDRUBF;30;20260225;180000;77.22;77.79;77.2;77.78;37452
USDRUBF;30;20260225;183000;77.79;77.8;77.54;77.57;14098
USDRUBF;30;20260225;190000;77.59;77.93;77.59;77.89;11948
USDRUBF;30;20260225;193000;77.89;77.91;77.77;77.9;7566
USDRUBF;30;20260225;200000;77.89;77.98;77.87;77.96;3628
USDRUBF;30;20260225;203000;77.96;77.97;77.88;77.9;3939
USDRUBF;30;20260225;210000;77.9;77.94;77.85;77.85;1614
USDRUBF;30;20260225;213000;77.85;77.87;77.82;77.83;1419
USDRUBF;30;20260225;220000;77.83;77.85;77.79;77.83;1475
USDRUBF;30;20260225;223000;77.81;77.84;77.79;77.84;525
USDRUBF;30;20260225;230000;77.83;77.85;77.79;77.82;668
USDRUBF;30;20260225;233000;77.82;77.91;77.75;77.76;1515
USDRUBF;30;20260226;083000;77.9;77.9;77.9;77.9;41
USDRUBF;30;20260226;090000;77.9;77.99;77.67;77.85;8029
USDRUBF;30;20260226;093000;77.84;77.85;77.7;77.8;5728
USDRUBF;30;20260226;100000;77.79;77.79;77.15;77.22;32058
USDRUBF;30;20260226;103000;77.23;77.3;77.11;77.2;9828
USDRUBF;30;20260226;110000;77.2;77.26;77.01;77.1;10333
USDRUBF;30;20260226;113000;77.09;77.19;77.04;77.16;8582
USDRUBF;30;20260226;120000;77.15;77.16;77.09;77.11;3404
USDRUBF;30;20260226;123000;77.1;77.1;76.99;77.01;9193
USDRUBF;30;20260226;130000;77.01;77.03;76.86;76.93;8519
USDRUBF;30;20260226;133000;76.92;77.03;76.9;76.97;4423
USDRUBF;30;20260226;140000;76.97;77;76.89;76.99;7572
USDRUBF;30;20260226;143000;76.99;77.05;76.99;77.03;7107
USDRUBF;30;20260226;150000;77.01;77.03;76.84;76.94;4976
USDRUBF;30;20260226;153000;76.95;77.05;76.95;77.02;5471
USDRUBF;30;20260226;160000;77.02;77.05;76.96;77.04;2611
USDRUBF;30;20260226;163000;77.04;77.05;76.94;76.95;2822
USDRUBF;30;20260226;170000;76.95;77.03;76.91;76.92;6208
USDRUBF;30;20260226;173000;76.92;76.97;76.9;76.92;4744
USDRUBF;30;20260226;180000;76.92;77.02;76.9;77.01;6865
USDRUBF;30;20260226;183000;77.01;77.01;76.93;76.94;6027
USDRUBF;30;20260226;190000;76.93;77;76.83;76.89;5005
USDRUBF;30;20260226;193000;76.9;76.98;76.88;76.95;1519
USDRUBF;30;20260226;200000;76.94;77;76.93;76.98;978
USDRUBF;30;20260226;203000;76.96;76.98;76.92;76.93;1141
USDRUBF;30;20260226;210000;76.93;77.04;76.92;77.03;2241
USDRUBF;30;20260226;213000;77.03;77.05;76.99;77.02;1570
USDRUBF;30;20260226;220000;77.03;77.05;76.99;77.04;651
USDRUBF;30;20260226;223000;77.04;77.06;77;77.02;698
USDRUBF;30;20260226;230000;77.01;77.03;77;77;418
USDRUBF;30;20260226;233000;77.02;77.04;76.98;76.99;668
USDRUBF;30;20260227;083000;77.04;77.04;77.04;77.04;2
USDRUBF;30;20260227;090000;77.04;77.29;77.02;77.12;1822
USDRUBF;30;20260227;093000;77.11;77.12;77.03;77.11;2678
USDRUBF;30;20260227;100000;77.1;77.39;77.07;77.31;16413
USDRUBF;30;20260227;103000;77.32;77.35;77.11;77.18;9973
USDRUBF;30;20260227;110000;77.16;77.22;77.06;77.14;5545
USDRUBF;30;20260227;113000;77.13;77.29;77.09;77.26;6900
USDRUBF;30;20260227;120000;77.26;77.45;77.24;77.4;14168
USDRUBF;30;20260227;123000;77.41;77.44;77.33;77.35;7534
USDRUBF;30;20260227;130000;77.36;77.52;77.35;77.42;11525
USDRUBF;30;20260227;133000;77.43;77.44;77.3;77.34;2842
USDRUBF;30;20260227;140000;77.33;77.35;77.23;77.27;4830
USDRUBF;30;20260227;143000;77.27;77.33;77.2;77.3;5213
USDRUBF;30;20260227;150000;77.3;77.5;77.29;77.44;11138
USDRUBF;30;20260227;153000;77.44;77.45;77.35;77.4;7295
USDRUBF;30;20260227;160000;77.4;77.47;77.33;77.4;6834
USDRUBF;30;20260227;163000;77.39;77.47;77.25;77.28;6658
USDRUBF;30;20260227;170000;77.27;77.27;77.01;77.23;14964
USDRUBF;30;20260227;173000;77.21;77.25;77.09;77.17;4973
USDRUBF;30;20260227;180000;77.17;77.17;77.01;77.05;6108
USDRUBF;30;20260227;183000;77.06;77.08;77;77.03;2921
USDRUBF;30;20260227;190000;77.06;77.12;77;77.12;1561
USDRUBF;30;20260227;193000;77.11;77.12;77.08;77.09;552
USDRUBF;30;20260227;200000;77.08;77.13;77.04;77.12;832
USDRUBF;30;20260227;203000;77.13;77.13;77.09;77.13;622
USDRUBF;30;20260227;210000;77.13;77.14;77.09;77.12;393
USDRUBF;30;20260227;213000;77.11;77.13;77.09;77.09;495
USDRUBF;30;20260227;220000;77.09;77.1;77.08;77.1;370
USDRUBF;30;20260227;223000;77.1;77.11;77.08;77.1;231
USDRUBF;30;20260227;230000;77.1;77.11;77.08;77.11;398
USDRUBF;30;20260227;233000;77.1;77.11;77.07;77.08;319
USDRUBF;30;20260302;083000;77.03;77.03;77.03;77.03;487
USDRUBF;30;20260302;090000;77.03;77.2;76.61;76.69;26671
USDRUBF;30;20260302;093000;76.65;76.85;76.62;76.79;15906
USDRUBF;30;20260302;100000;76.8;76.99;76.57;76.97;20867
USDRUBF;30;20260302;103000;76.99;77.3;76.99;77.24;14998
USDRUBF;30;20260302;110000;77.25;77.68;77.19;77.56;24283
USDRUBF;30;20260302;113000;77.56;77.63;77.39;77.45;12168
USDRUBF;30;20260302;120000;77.45;77.49;77.32;77.4;7130
USDRUBF;30;20260302;123000;77.4;77.43;77.34;77.38;7469
USDRUBF;30;20260302;130000;77.38;77.5;77.22;77.26;7951
USDRUBF;30;20260302;133000;77.26;77.45;77.25;77.4;4936
USDRUBF;30;20260302;140000;77.41;77.46;77.31;77.37;1665
USDRUBF;30;20260302;143000;77.36;77.38;77.31;77.36;4309
USDRUBF;30;20260302;150000;77.37;77.39;77.25;77.3;2345
USDRUBF;30;20260302;153000;77.31;77.45;77.29;77.4;3558
USDRUBF;30;20260302;160000;77.41;77.52;77.38;77.4;3164
USDRUBF;30;20260302;163000;77.41;77.5;77.33;77.42;3457
USDRUBF;30;20260302;170000;77.42;77.73;77.4;77.67;9706
USDRUBF;30;20260302;173000;77.68;77.7;77.42;77.49;8113
USDRUBF;30;20260302;180000;77.49;77.59;77.45;77.49;7054
USDRUBF;30;20260302;183000;77.49;77.59;77.45;77.56;2683
USDRUBF;30;20260302;190000;77.56;77.68;77.54;77.57;3289
USDRUBF;30;20260302;193000;77.57;77.59;77.43;77.5;1518
USDRUBF;30;20260302;200000;77.52;77.52;77.45;77.45;1360
USDRUBF;30;20260302;203000;77.46;77.49;77.43;77.47;1364
USDRUBF;30;20260302;210000;77.47;77.51;77.45;77.48;488
USDRUBF;30;20260302;213000;77.5;77.51;77.43;77.46;931
USDRUBF;30;20260302;220000;77.45;77.45;77.38;77.41;1443
USDRUBF;30;20260302;223000;77.4;77.41;77.38;77.38;387
USDRUBF;30;20260302;230000;77.38;77.4;77.31;77.33;1530
USDRUBF;30;20260302;233000;77.33;77.49;77.31;77.45;1156
USDRUBF;30;20260303;083000;77.4;77.4;77.4;77.4;6
USDRUBF;30;20260303;090000;77.4;77.5;77.33;77.49;3034
USDRUBF;30;20260303;093000;77.49;77.5;77.37;77.44;1803
USDRUBF;30;20260303;100000;77.43;77.55;77.33;77.48;7263
USDRUBF;30;20260303;103000;77.48;77.64;77.46;77.63;7230
USDRUBF;30;20260303;110000;77.63;77.65;77.51;77.56;5573
USDRUBF;30;20260303;113000;77.55;77.6;77.5;77.51;4856
USDRUBF;30;20260303;120000;77.52;77.6;77.43;77.54;7768
USDRUBF;30;20260303;123000;77.54;77.55;77.47;77.51;1996
USDRUBF;30;20260303;130000;77.5;77.54;77.42;77.53;5001
USDRUBF;30;20260303;133000;77.55;77.64;77.48;77.54;9057
USDRUBF;30;20260303;140000;77.54;77.62;77.48;77.62;7519
USDRUBF;30;20260303;143000;77.6;77.63;77.51;77.53;4868
USDRUBF;30;20260303;150000;77.54;77.59;77.5;77.55;4327
USDRUBF;30;20260303;153000;77.55;77.58;77.51;77.52;2641
USDRUBF;30;20260303;160000;77.53;77.56;77.31;77.35;5708
USDRUBF;30;20260303;163000;77.35;77.46;77.33;77.36;3832
USDRUBF;30;20260303;170000;77.36;77.4;77.3;77.34;4811
USDRUBF;30;20260303;173000;77.33;77.44;77.33;77.43;2965
USDRUBF;30;20260303;180000;77.44;77.62;77.44;77.51;7176
USDRUBF;30;20260303;183000;77.52;77.53;77.47;77.49;3097
USDRUBF;30;20260303;190000;77.47;77.57;77.42;77.44;1751
USDRUBF;30;20260303;193000;77.44;77.45;77.39;77.42;3740
USDRUBF;30;20260303;200000;77.42;77.44;77.38;77.41;1015
USDRUBF;30;20260303;203000;77.42;77.48;77.4;77.46;1398
USDRUBF;30;20260303;210000;77.47;77.49;77.43;77.46;312
USDRUBF;30;20260303;213000;77.46;77.46;77.37;77.46;1726
USDRUBF;30;20260303;220000;77.45;77.48;77.44;77.46;707
USDRUBF;30;20260303;223000;77.46;77.56;77.45;77.54;1293
USDRUBF;30;20260303;230000;77.55;77.57;77.53;77.57;575
USDRUBF;30;20260303;233000;77.56;77.58;77.51;77.56;598
USDRUBF;30;20260304;090000;77.55;77.59;77.49;77.5;4657
USDRUBF;30;20260304;093000;77.5;77.52;77.44;77.5;1802
USDRUBF;30;20260304;100000;77.5;77.54;77.22;77.39;11856
USDRUBF;30;20260304;103000;77.38;77.48;77.36;77.44;3131
USDRUBF;30;20260304;110000;77.43;77.52;77.4;77.48;4539
USDRUBF;30;20260304;113000;77.47;77.88;77.44;77.88;9838
USDRUBF;30;20260304;120000;77.88;78.59;77.88;77.99;68707
USDRUBF;30;20260304;123000;77.99;78.05;77.71;77.91;27931
USDRUBF;30;20260304;130000;77.93;78.18;77.85;78.17;18947
USDRUBF;30;20260304;133000;78.17;78.18;77.98;78.03;9807
USDRUBF;30;20260304;140000;78.04;78.17;78.03;78.1;5148
USDRUBF;30;20260304;143000;78.1;78.2;78.07;78.08;7081
USDRUBF;30;20260304;150000;78.1;78.14;77.95;77.96;4411
USDRUBF;30;20260304;153000;77.97;78.02;77.84;77.93;6001
USDRUBF;30;20260304;160000;77.91;78;77.86;77.9;6616
USDRUBF;30;20260304;163000;77.91;77.99;77.85;77.97;4550
USDRUBF;30;20260304;170000;77.98;78.05;77.94;78.03;9938
USDRUBF;30;20260304;173000;78.03;78.05;77.95;78.03;4064
USDRUBF;30;20260304;180000;78.03;78.04;77.91;77.96;7443
USDRUBF;30;20260304;183000;77.95;77.95;77.9;77.91;2954
USDRUBF;30;20260304;190000;77.94;78.08;77.94;77.97;5837
USDRUBF;30;20260304;193000;77.97;78.02;77.95;78.02;2403
USDRUBF;30;20260304;200000;78.02;78.07;78.02;78.04;925
USDRUBF;30;20260304;203000;78.04;78.12;78.04;78.1;1775
USDRUBF;30;20260304;210000;78.11;78.14;78.07;78.07;825
USDRUBF;30;20260304;213000;78.09;78.14;78.07;78.1;1278
USDRUBF;30;20260304;220000;78.09;78.1;78.07;78.07;171
USDRUBF;30;20260304;223000;78.08;78.1;78.04;78.04;1081
USDRUBF;30;20260304;230000;78.05;78.09;78.04;78.06;569
USDRUBF;30;20260304;233000;78.06;78.09;78.03;78.06;800
USDRUBF;30;20260305;083000;78.1;78.1;78.1;78.1;8
USDRUBF;30;20260305;090000;78.1;78.28;78;78.21;7090
USDRUBF;30;20260305;093000;78.23;78.29;78.17;78.27;3562
USDRUBF;30;20260305;100000;78.26;78.26;78.01;78.06;17171
USDRUBF;30;20260305;103000;78.06;78.17;78.04;78.12;6606
USDRUBF;30;20260305;110000;78.12;78.45;78.1;78.41;13801
USDRUBF;30;20260305;113000;78.41;78.69;78.37;78.6;20845
USDRUBF;30;20260305;120000;78.6;78.71;78.48;78.53;9704
USDRUBF;30;20260305;123000;78.53;78.58;78.52;78.54;5834
USDRUBF;30;20260305;130000;78.54;78.59;78.45;78.53;9651
USDRUBF;30;20260305;133000;78.53;78.64;78.49;78.59;5375
USDRUBF;30;20260305;140000;78.6;78.79;78.56;78.73;6730
USDRUBF;30;20260305;143000;78.74;78.88;78.58;78.73;11697
USDRUBF;30;20260305;150000;78.73;78.86;78.63;78.74;5565
USDRUBF;30;20260305;153000;78.74;78.83;78.68;78.83;5968
USDRUBF;30;20260305;160000;78.82;78.85;78.72;78.76;6610
USDRUBF;30;20260305;163000;78.75;78.87;78.73;78.85;3361
USDRUBF;30;20260305;170000;78.84;78.86;78.69;78.74;15676
USDRUBF;30;20260305;173000;78.74;78.74;78.67;78.72;6656
USDRUBF;30;20260305;180000;78.72;79;78.7;78.94;18761
USDRUBF;30;20260305;183000;78.95;79.01;78.95;79;6635
USDRUBF;30;20260305;190000;79.02;79.08;78.98;79.01;5386
USDRUBF;30;20260305;193000;79;79.08;78.91;79.01;3577
USDRUBF;30;20260305;200000;79.02;79.09;79.02;79.07;1449
USDRUBF;30;20260305;203000;79.07;79.09;79.05;79.06;756
USDRUBF;30;20260305;210000;79.08;79.1;79.06;79.07;1351
USDRUBF;30;20260305;213000;79.07;79.11;79.02;79.04;2330
USDRUBF;30;20260305;220000;79.03;79.13;79.03;79.11;1995
USDRUBF;30;20260305;223000;79.11;79.16;79.1;79.13;804
USDRUBF;30;20260305;230000;79.12;79.17;79.12;79.17;1754
USDRUBF;30;20260305;233000;79.16;79.2;79.13;79.2;1239
USDRUBF;30;20260306;083000;79.12;79.12;79.12;79.12;90
USDRUBF;30;20260306;090000;79.12;79.12;79.01;79.06;3775
USDRUBF;30;20260306;093000;79.07;79.18;79.04;79.15;2727
USDRUBF;30;20260306;100000;79.15;79.3;79;79.22;14585
USDRUBF;30;20260306;103000;79.23;79.38;79.14;79.21;13320
USDRUBF;30;20260306;110000;79.22;79.25;79.1;79.21;9744
USDRUBF;30;20260306;113000;79.21;79.21;78.94;79.03;12785
USDRUBF;30;20260306;120000;79.03;79.17;78.92;79.05;13348
USDRUBF;30;20260306;123000;79.06;79.12;78.9;79.1;11160
USDRUBF;30;20260306;130000;79.1;79.17;79.01;79.15;8546
USDRUBF;30;20260306;133000;79.16;79.23;79.03;79.08;12449
USDRUBF;30;20260306;140000;79.06;79.13;78.93;79.04;12892
USDRUBF;30;20260306;143000;79.03;79.12;78.94;79.08;8266
USDRUBF;30;20260306;150000;79.08;79.18;78.96;79.16;7919
USDRUBF;30;20260306;153000;79.17;79.19;79.04;79.06;4237
USDRUBF;30;20260306;160000;79.06;79.14;78.94;78.97;5243
USDRUBF;30;20260306;163000;78.97;79.18;78.9;79.09;12071
USDRUBF;30;20260306;170000;79.08;79.11;79;79.05;9921
USDRUBF;30;20260306;173000;79.04;79.13;78.93;78.98;8579
USDRUBF;30;20260306;180000;78.96;78.99;78.71;78.72;15864
USDRUBF;30;20260306;183000;78.72;78.79;78.59;78.63;13058
USDRUBF;30;20260306;190000;78.68;78.75;78.56;78.57;5043
USDRUBF;30;20260306;193000;78.57;78.68;78.55;78.64;2869
USDRUBF;30;20260306;200000;78.63;78.66;78.62;78.65;1389
USDRUBF;30;20260306;203000;78.65;78.65;78.55;78.6;3801
USDRUBF;30;20260306;210000;78.59;78.61;78.55;78.59;2455
USDRUBF;30;20260306;213000;78.58;78.63;78.56;78.62;1304
USDRUBF;30;20260306;220000;78.63;78.73;78.62;78.68;1023
USDRUBF;30;20260306;223000;78.69;78.78;78.68;78.75;867
USDRUBF;30;20260306;230000;78.75;78.82;78.7;78.82;3199
USDRUBF;30;20260306;233000;78.81;78.93;78.79;78.79;3068
USDRUBF;30;20260309;083000;78.85;78.85;78.85;78.85;16
USDRUBF;30;20260309;090000;78.8;78.92;78.21;78.27;18275
USDRUBF;30;20260309;093000;78.25;78.37;78.22;78.25;7266
USDRUBF;30;20260309;100000;78.28;78.65;78.18;78.42;18403
USDRUBF;30;20260309;103000;78.41;78.56;78.38;78.47;6735
USDRUBF;30;20260309;110000;78.46;78.48;78.34;78.38;5452
USDRUBF;30;20260309;113000;78.37;78.37;77.92;78.04;20137
USDRUBF;30;20260309;120000;78.03;78.12;77.9;77.95;20474
USDRUBF;30;20260309;123000;77.95;78.16;77.93;78.09;10621
USDRUBF;30;20260309;130000;78.1;78.14;77.91;77.94;6268
USDRUBF;30;20260309;133000;77.92;78.04;77.8;77.97;10722
USDRUBF;30;20260309;140000;77.98;78.14;77.94;78.14;5247
USDRUBF;30;20260309;143000;78.15;78.23;78.1;78.13;4489
USDRUBF;30;20260309;150000;78.13;78.22;78.06;78.18;2452
USDRUBF;30;20260309;153000;78.18;78.18;78.03;78.04;2771
USDRUBF;30;20260309;160000;78.04;78.12;77.95;78;3381
USDRUBF;30;20260309;163000;78;78.12;77.97;78.04;3377
USDRUBF;30;20260309;170000;78.04;78.16;78.02;78.1;4002
USDRUBF;30;20260309;173000;78.1;78.11;78;78.05;3493
USDRUBF;30;20260309;180000;78.04;78.1;77.99;78.09;4646
USDRUBF;30;20260309;183000;78.09;78.13;78.03;78.13;3441
USDRUBF;30;20260309;190000;78.09;78.12;77.98;78.05;5078
USDRUBF;30;20260309;193000;78.04;78.05;77.89;77.99;3006
USDRUBF;30;20260309;200000;77.98;78.06;77.98;78.05;1041
USDRUBF;30;20260309;203000;78.05;78.08;78.04;78.07;605
USDRUBF;30;20260309;210000;78.07;78.13;78.07;78.11;1380
USDRUBF;30;20260309;213000;78.11;78.11;78.03;78.06;1095
USDRUBF;30;20260309;220000;78.06;78.1;78.02;78.02;2268
USDRUBF;30;20260309;223000;78.03;78.27;78;78.25;4073
USDRUBF;30;20260309;230000;78.25;78.28;78.18;78.26;3023
USDRUBF;30;20260309;233000;78.27;78.4;78.26;78.36;1507
USDRUBF;30;20260310;083000;78.3;78.3;78.3;78.3;91
USDRUBF;30;20260310;090000;78.3;78.54;78.18;78.54;12394
USDRUBF;30;20260310;093000;78.53;78.59;78.48;78.53;7012
USDRUBF;30;20260310;100000;78.53;78.78;78.46;78.77;24389
USDRUBF;30;20260310;103000;78.77;78.85;78.63;78.77;12222
USDRUBF;30;20260310;110000;78.77;78.8;78.62;78.62;10829
USDRUBF;30;20260310;113000;78.62;78.87;78.62;78.87;12545
USDRUBF;30;20260310;120000;78.87;78.93;78.79;78.86;7076
USDRUBF;30;20260310;123000;78.86;78.9;78.73;78.75;7973
USDRUBF;30;20260310;130000;78.75;78.89;78.73;78.84;2117
USDRUBF;30;20260310;133000;78.85;78.93;78.79;78.81;3850
USDRUBF;30;20260310;140000;78.81;78.85;78.77;78.83;1430
USDRUBF;30;20260310;143000;78.82;78.9;78.8;78.87;2696
USDRUBF;30;20260310;150000;78.88;79.09;78.87;79.09;15593
USDRUBF;30;20260310;153000;79.09;79.21;79.03;79.08;14163
USDRUBF;30;20260310;160000;79.08;79.18;79.01;79.04;5564
USDRUBF;30;20260310;163000;79.04;79.17;79;79.1;5027
USDRUBF;30;20260310;170000;79.1;79.15;78.8;78.82;8208
USDRUBF;30;20260310;173000;78.82;78.98;78.82;78.95;4812
USDRUBF;30;20260310;180000;78.95;79.03;78.77;78.87;7076
USDRUBF;30;20260310;183000;78.86;78.97;78.82;78.92;4453
USDRUBF;30;20260310;190000;78.93;78.96;78.85;78.93;1461
USDRUBF;30;20260310;193000;78.94;79.03;78.9;78.93;2031
USDRUBF;30;20260310;200000;78.93;79.02;78.84;78.88;2459
USDRUBF;30;20260310;203000;78.87;78.94;78.84;78.93;1641
USDRUBF;30;20260310;210000;78.92;78.94;78.83;78.92;5224
USDRUBF;30;20260310;213000;78.94;78.99;78.85;78.95;2306
USDRUBF;30;20260310;220000;78.96;78.99;78.83;78.83;1210
USDRUBF;30;20260310;223000;78.85;78.92;78.82;78.9;924
USDRUBF;30;20260310;230000;78.9;78.92;78.86;78.86;605
USDRUBF;30;20260310;233000;78.88;78.93;78.8;78.93;995
USDRUBF;30;20260311;083000;78.88;78.88;78.88;78.88;9
USDRUBF;30;20260311;090000;78.88;79.13;78.87;79.04;6487
USDRUBF;30;20260311;093000;79.04;79.19;79;79.15;4264
USDRUBF;30;20260311;100000;79.15;79.18;78.75;78.9;15840
USDRUBF;30;20260311;103000;78.88;78.98;78.85;78.93;7828
USDRUBF;30;20260311;110000;78.93;79.11;78.88;79.07;7593
USDRUBF;30;20260311;113000;79.08;79.17;79.03;79.05;7467
USDRUBF;30;20260311;120000;79.06;79.07;79;79.06;1999
USDRUBF;30;20260311;123000;79.05;79.13;78.94;79.11;5498
USDRUBF;30;20260311;130000;79.11;79.17;79.02;79.1;2532
USDRUBF;30;20260311;133000;79.1;79.28;79.06;79.16;9211
USDRUBF;30;20260311;140000;79.15;79.28;79.15;79.25;5890
USDRUBF;30;20260311;143000;79.24;79.29;79.22;79.25;6729
USDRUBF;30;20260311;150000;79.25;79.25;79.12;79.14;5206
USDRUBF;30;20260311;153000;79.14;79.15;79.08;79.14;4174
USDRUBF;30;20260311;160000;79.14;79.17;79;79.05;7330
USDRUBF;30;20260311;163000;79.05;79.17;79.04;79.12;12345
USDRUBF;30;20260311;170000;79.12;79.13;79.01;79.06;10445
USDRUBF;30;20260311;173000;79.05;79.15;79;79.14;9212
USDRUBF;30;20260311;180000;79.14;79.2;79.1;79.16;7161
USDRUBF;30;20260311;183000;79.15;79.25;79.11;79.22;4120
USDRUBF;30;20260311;190000;79.19;79.21;79.09;79.1;2845
USDRUBF;30;20260311;193000;79.1;79.13;79.1;79.11;1155
USDRUBF;30;20260311;200000;79.12;79.14;79.09;79.14;2079
USDRUBF;30;20260311;203000;79.14;79.14;79.02;79.04;2598
USDRUBF;30;20260311;210000;79.03;79.07;79.02;79.04;827
USDRUBF;30;20260311;213000;79.03;79.08;79.03;79.05;529
USDRUBF;30;20260311;220000;79.05;79.05;79.02;79.04;633
USDRUBF;30;20260311;223000;79.04;79.11;79.04;79.08;385
USDRUBF;30;20260311;230000;79.09;79.11;79.08;79.09;632
USDRUBF;30;20260311;233000;79.07;79.1;79.01;79.03;987
USDRUBF;30;20260312;083000;79.01;79.01;79.01;79.01;301
USDRUBF;30;20260312;090000;79.01;79.09;78.85;79;6596
USDRUBF;30;20260312;093000;78.97;79.04;78.95;78.99;1764
USDRUBF;30;20260312;100000;78.98;79.18;78.9;79.12;15258
USDRUBF;30;20260312;103000;79.13;79.16;78.98;78.99;8661
USDRUBF;30;20260312;110000;78.99;79.01;78.9;79;5508
USDRUBF;30;20260312;113000;79;79.03;78.88;78.93;5359
USDRUBF;30;20260312;120000;78.94;79;78.91;78.95;2820
USDRUBF;30;20260312;123000;78.94;78.94;78.82;78.83;6462
USDRUBF;30;20260312;130000;78.84;78.98;78.8;78.95;8721
USDRUBF;30;20260312;133000;78.94;79.12;78.93;79.07;7345
USDRUBF;30;20260312;140000;79.09;79.15;79.06;79.07;4459
USDRUBF;30;20260312;143000;79.08;79.28;79.03;79.21;11988
USDRUBF;30;20260312;150000;79.21;79.28;79.11;79.28;6421
USDRUBF;30;20260312;153000;79.28;79.37;79.23;79.26;15922
USDRUBF;30;20260312;160000;79.27;79.54;79.26;79.47;18426
USDRUBF;30;20260312;163000;79.47;79.64;79.47;79.62;11575
USDRUBF;30;20260312;170000;79.62;79.79;79.6;79.74;17571
USDRUBF;30;20260312;173000;79.75;79.8;79.69;79.75;8582
USDRUBF;30;20260312;180000;79.77;79.84;79.6;79.73;11193
USDRUBF;30;20260312;183000;79.73;79.73;79.65;79.65;1713
USDRUBF;30;20260312;190000;79.67;79.74;79.63;79.73;2451
USDRUBF;30;20260312;193000;79.73;79.78;79.71;79.73;1993
USDRUBF;30;20260312;200000;79.73;79.77;79.73;79.75;1392
USDRUBF;30;20260312;203000;79.75;79.77;79.75;79.77;1414
USDRUBF;30;20260312;210000;79.77;79.77;79.73;79.76;2053
USDRUBF;30;20260312;213000;79.77;79.79;79.73;79.78;2161
USDRUBF;30;20260312;220000;79.78;79.79;79.75;79.77;707
USDRUBF;30;20260312;223000;79.76;79.78;79.74;79.75;773
USDRUBF;30;20260312;230000;79.75;79.76;79.69;79.74;966
USDRUBF;30;20260312;233000;79.73;79.78;79.67;79.78;826
USDRUBF;30;20260313;083000;79.75;79.75;79.75;79.75;3
USDRUBF;30;20260313;090000;79.71;79.9;79.61;79.88;6174
USDRUBF;30;20260313;093000;79.88;80;79.8;79.96;7528
USDRUBF;30;20260313;100000;79.98;80.12;79.74;79.91;33499
USDRUBF;30;20260313;103000;79.92;79.98;79.81;79.94;11557
USDRUBF;30;20260313;110000;79.92;80.13;79.92;80.13;10148
USDRUBF;30;20260313;113000;80.13;80.18;80.04;80.07;17595
USDRUBF;30;20260313;120000;80.08;80.14;80.02;80.13;9702
USDRUBF;30;20260313;123000;80.14;80.18;80.05;80.12;7250
USDRUBF;30;20260313;130000;80.13;80.23;80.07;80.17;6150
USDRUBF;30;20260313;133000;80.18;80.32;80.18;80.25;9262
USDRUBF;30;20260313;140000;80.26;80.4;80.24;80.3;12483
USDRUBF;30;20260313;143000;80.29;80.34;80.19;80.29;6411
USDRUBF;30;20260313;150000;80.3;80.43;80.21;80.27;11181
USDRUBF;30;20260313;153000;80.27;80.42;80.17;80.38;10366
USDRUBF;30;20260313;160000;80.36;80.38;80.1;80.19;8330
USDRUBF;30;20260313;163000;80.18;80.27;80.14;80.27;7780
USDRUBF;30;20260313;170000;80.28;80.34;80.09;80.22;21908
USDRUBF;30;20260313;173000;80.22;80.22;80.01;80.1;22540
USDRUBF;30;20260313;180000;80.12;80.26;80.09;80.24;7707
USDRUBF;30;20260313;183000;80.23;80.37;80.22;80.35;5923
USDRUBF;30;20260313;190000;80.35;80.37;80.19;80.28;5257
USDRUBF;30;20260313;193000;80.29;80.34;80.2;80.23;3209
USDRUBF;30;20260313;200000;80.23;80.31;80.21;80.3;1199
USDRUBF;30;20260313;203000;80.29;80.31;80.23;80.24;1038
USDRUBF;30;20260313;210000;80.24;80.32;80.24;80.29;954
USDRUBF;30;20260313;213000;80.3;80.31;80.27;80.31;378
USDRUBF;30;20260313;220000;80.29;80.31;80.29;80.3;271
USDRUBF;30;20260313;223000;80.3;80.35;80.29;80.35;815
USDRUBF;30;20260313;230000;80.35;80.36;80.32;80.36;754
USDRUBF;30;20260313;233000;80.34;80.38;80.33;80.38;762
USDRUBF;30;20260316;083000;80.31;80.31;80.31;80.31;100
USDRUBF;30;20260316;090000;80.31;80.57;80.16;80.42;7317
USDRUBF;30;20260316;093000;80.43;80.5;80.32;80.35;3625
USDRUBF;30;20260316;100000;80.33;80.53;80.08;80.52;30019
USDRUBF;30;20260316;103000;80.53;80.75;80.52;80.73;16186
USDRUBF;30;20260316;110000;80.73;80.75;80.61;80.7;5641
USDRUBF;30;20260316;113000;80.7;80.8;80.63;80.7;8215
USDRUBF;30;20260316;120000;80.69;80.84;80.66;80.8;7829
USDRUBF;30;20260316;123000;80.8;80.92;80.75;80.84;12078
USDRUBF;30;20260316;130000;80.84;80.88;80.73;80.88;4605
USDRUBF;30;20260316;133000;80.88;81;80.87;80.96;8673
USDRUBF;30;20260316;140000;80.96;81.03;80.89;80.92;10868
USDRUBF;30;20260316;143000;80.91;81.15;80.86;81.14;10254
USDRUBF;30;20260316;150000;81.15;81.29;81.03;81.19;12496
USDRUBF;30;20260316;153000;81.19;81.4;81.15;81.33;9612
USDRUBF;30;20260316;160000;81.33;81.34;81.13;81.2;13643
USDRUBF;30;20260316;163000;81.19;81.23;81;81.13;12167
USDRUBF;30;20260316;170000;81.13;81.2;81.01;81.04;9702
USDRUBF;30;20260316;173000;81.04;81.29;81.02;81.27;17240
USDRUBF;30;20260316;180000;81.27;81.48;81.27;81.47;13936
USDRUBF;30;20260316;183000;81.47;81.52;81.41;81.5;7329
USDRUBF;30;20260316;190000;81.5;81.55;81.4;81.55;11134
USDRUBF;30;20260316;193000;81.54;81.6;81.54;81.55;5798
USDRUBF;30;20260316;200000;81.55;81.65;81.51;81.65;4675
USDRUBF;30;20260316;203000;81.66;81.69;81.49;81.56;2443
USDRUBF;30;20260316;210000;81.54;81.63;81.54;81.55;1442
USDRUBF;30;20260316;213000;81.55;81.61;81.43;81.5;2793
USDRUBF;30;20260316;220000;81.5;81.54;81.42;81.52;1733
USDRUBF;30;20260316;223000;81.51;81.55;81.43;81.51;4646
USDRUBF;30;20260316;230000;81.49;81.58;81.43;81.44;1253
USDRUBF;30;20260316;233000;81.42;81.43;81.41;81.42;1428
USDRUBF;30;20260317;083000;81.43;81.43;81.43;81.43;619
USDRUBF;30;20260317;090000;81.47;81.61;81.43;81.5;7393
USDRUBF;30;20260317;093000;81.5;81.52;81.35;81.41;8682
USDRUBF;30;20260317;100000;81.39;81.75;81.26;81.4;37977
USDRUBF;30;20260317;103000;81.4;81.71;81.39;81.7;14584
USDRUBF;30;20260317;110000;81.7;81.72;81.56;81.67;7516
USDRUBF;30;20260317;113000;81.66;81.9;81.66;81.83;16738
USDRUBF;30;20260317;120000;81.84;81.98;81.8;81.85;13044
USDRUBF;30;20260317;123000;81.85;81.92;81.82;81.91;9138
USDRUBF;30;20260317;130000;81.91;82.05;81.89;82.02;15387
USDRUBF;30;20260317;133000;82.01;82.04;81.95;82.01;9808
USDRUBF;30;20260317;140000;82.02;82.15;82.01;82.03;16693
USDRUBF;30;20260317;143000;82.02;82.05;81.9;82;8140
USDRUBF;30;20260317;150000;82;82.19;81.96;82.19;8127
USDRUBF;30;20260317;153000;82.19;82.32;82.18;82.25;17921
USDRUBF;30;20260317;160000;82.26;82.28;82.13;82.21;15564
USDRUBF;30;20260317;163000;82.22;82.3;82.13;82.25;10360
USDRUBF;30;20260317;170000;82.23;82.3;82.16;82.29;9152
USDRUBF;30;20260317;173000;82.29;82.4;82.26;82.32;13377
USDRUBF;30;20260317;180000;82.3;82.52;82.24;82.5;21453
USDRUBF;30;20260317;183000;82.5;82.58;82.43;82.53;6403
USDRUBF;30;20260317;190000;82.57;82.63;82.44;82.48;8364
USDRUBF;30;20260317;193000;82.47;82.59;82.47;82.5;3341
USDRUBF;30;20260317;200000;82.5;82.51;82.47;82.48;1348
USDRUBF;30;20260317;203000;82.47;82.48;82.41;82.41;2300
USDRUBF;30;20260317;210000;82.41;82.48;82.39;82.46;2703
USDRUBF;30;20260317;213000;82.48;82.49;82.46;82.47;422
USDRUBF;30;20260317;220000;82.47;82.48;82.43;82.45;1063
USDRUBF;30;20260317;223000;82.46;82.49;82.45;82.49;330
USDRUBF;30;20260317;230000;82.48;82.49;82.46;82.48;748
USDRUBF;30;20260317;233000;82.48;82.49;82.45;82.49;1079
USDRUBF;30;20260318;083000;82.49;82.49;82.49;82.49;112
USDRUBF;30;20260318;090000;82.5;82.72;82.44;82.52;11455
USDRUBF;30;20260318;093000;82.51;82.63;82.5;82.57;7641
USDRUBF;30;20260318;100000;82.57;83.18;82.55;83.01;49887
USDRUBF;30;20260318;103000;83.01;83.17;82.97;83.08;24197
USDRUBF;30;20260318;110000;83.09;83.15;82.81;83.11;27157
USDRUBF;30;20260318;113000;83.11;83.14;82.82;83.03;18442
USDRUBF;30;20260318;120000;83.02;83.03;82.82;82.97;13196
USDRUBF;30;20260318;123000;82.97;82.99;82.75;82.89;12316
USDRUBF;30;20260318;130000;82.88;82.91;82.66;82.71;14420
USDRUBF;30;20260318;133000;82.69;82.97;82.42;82.94;37845
USDRUBF;30;20260318;140000;82.96;83.04;82.84;82.97;17670
USDRUBF;30;20260318;143000;82.96;83.28;82.92;83.26;22549
USDRUBF;30;20260318;150000;83.26;83.5;83.26;83.36;27011
USDRUBF;30;20260318;153000;83.36;83.49;83.32;83.48;19328
USDRUBF;30;20260318;160000;83.49;83.59;83.43;83.54;15962
USDRUBF;30;20260318;163000;83.52;83.67;83.44;83.51;22377
USDRUBF;30;20260318;170000;83.5;83.67;83.42;83.63;14659
USDRUBF;30;20260318;173000;83.62;83.66;83.54;83.55;18895
USDRUBF;30;20260318;180000;83.55;83.58;83.45;83.57;12658
USDRUBF;30;20260318;183000;83.57;83.62;83.54;83.58;6793
USDRUBF;30;20260318;190000;83.6;83.67;83.47;83.49;8637
USDRUBF;30;20260318;193000;83.49;83.49;83.32;83.35;7999
USDRUBF;30;20260318;200000;83.37;83.44;83.33;83.4;6118
USDRUBF;30;20260318;203000;83.4;83.41;83.33;83.34;2385
USDRUBF;30;20260318;210000;83.34;83.45;83.24;83.4;6110
USDRUBF;30;20260318;213000;83.39;83.49;83.38;83.48;3072
USDRUBF;30;20260318;220000;83.48;83.59;83.46;83.56;2845
USDRUBF;30;20260318;223000;83.56;83.59;83.5;83.57;3654
USDRUBF;30;20260318;230000;83.58;83.65;83.57;83.62;3947
USDRUBF;30;20260318;233000;83.62;83.64;83.56;83.57;1887
USDRUBF;30;20260319;083000;83.59;83.59;83.59;83.59;8
USDRUBF;30;20260319;090000;83.6;83.91;83.59;83.85;21097
USDRUBF;30;20260319;093000;83.85;83.88;83.72;83.75;9586
USDRUBF;30;20260319;100000;83.76;84.18;83.76;84.01;62148
USDRUBF;30;20260319;103000;84.01;84.39;83.97;84.35;42196
USDRUBF;30;20260319;110000;84.36;84.55;84.36;84.51;49280
USDRUBF;30;20260319;113000;84.52;84.81;84.35;84.65;64682
USDRUBF;30;20260319;120000;84.66;85;84.26;84.49;117487
USDRUBF;30;20260319;123000;84.48;84.65;84.27;84.29;63590
USDRUBF;30;20260319;130000;84.29;84.34;83.95;84.3;49454
USDRUBF;30;20260319;133000;84.31;84.73;84.16;84.6;29759
USDRUBF;30;20260319;140000;84.6;84.72;84.4;84.64;26139
USDRUBF;30;20260319;143000;84.65;84.84;84.54;84.76;24219
USDRUBF;30;20260319;150000;84.75;84.92;84.49;84.51;30594
USDRUBF;30;20260319;153000;84.5;84.55;84.3;84.48;33531
USDRUBF;30;20260319;160000;84.48;84.88;84.47;84.83;26405
USDRUBF;30;20260319;163000;84.83;84.9;84.6;84.74;25005
USDRUBF;30;20260319;170000;84.74;84.77;84.61;84.71;20051
USDRUBF;30;20260319;173000;84.71;84.78;84.6;84.65;15600
USDRUBF;30;20260319;180000;84.66;84.75;84.52;84.68;22843
USDRUBF;30;20260319;183000;84.67;84.74;84.63;84.74;8697
USDRUBF;30;20260319;190000;84.7;84.7;84.31;84.41;12368
USDRUBF;30;20260319;193000;84.4;84.49;84.33;84.33;10652
USDRUBF;30;20260319;200000;84.33;84.34;84.03;84.1;15115
USDRUBF;30;20260319;203000;84.11;84.14;83.69;83.78;16795
USDRUBF;30;20260319;210000;83.77;84.11;83.7;84.08;13236
USDRUBF;30;20260319;213000;84.08;84.1;83.81;83.82;5185
USDRUBF;30;20260319;220000;83.81;83.93;83.73;83.93;6128
USDRUBF;30;20260319;223000;83.92;83.97;83.83;83.87;2740
USDRUBF;30;20260319;230000;83.86;83.95;83.85;83.9;1992
USDRUBF;30;20260319;233000;83.9;83.99;83.87;83.91;1146
USDRUBF;30;20260320;083000;83.92;83.92;83.92;83.92;17
USDRUBF;30;20260320;090000;83.93;84.35;83.84;84.19;19022
USDRUBF;30;20260320;093000;84.21;84.35;84.16;84.26;10127
USDRUBF;30;20260320;100000;84.24;84.31;83.03;83.36;111335
USDRUBF;30;20260320;103000;83.36;83.69;83.33;83.63;63502
USDRUBF;30;20260320;110000;83.63;83.73;83.3;83.64;57270
USDRUBF;30;20260320;113000;83.64;83.65;83.48;83.64;21641
USDRUBF;30;20260320;120000;83.64;83.65;83.36;83.57;16254
USDRUBF;30;20260320;123000;83.56;83.59;83.17;83.26;29349
USDRUBF;30;20260320;130000;83.25;83.5;83.15;83.49;24951
USDRUBF;30;20260320;133000;83.49;83.85;83.34;83.78;41015
USDRUBF;30;20260320;140000;83.8;83.9;83.6;83.76;24537
USDRUBF;30;20260320;143000;83.78;83.9;83.66;83.89;19402
USDRUBF;30;20260320;150000;83.89;84.07;83.75;83.92;28973
USDRUBF;30;20260320;153000;83.91;84.07;83.63;83.71;20661
USDRUBF;30;20260320;160000;83.71;83.74;83.34;83.63;34771
USDRUBF;30;20260320;163000;83.63;83.66;83.15;83.26;26411
USDRUBF;30;20260320;170000;83.26;83.33;83.05;83.07;26139
USDRUBF;30;20260320;173000;83.08;83.16;82.87;83.14;26867
USDRUBF;30;20260320;180000;83.14;83.16;83;83.08;15421
USDRUBF;30;20260320;183000;83.08;83.18;83.03;83.15;5471
USDRUBF;30;20260323;083000;83.06;83.06;83.06;83.06;88
USDRUBF;30;20260323;090000;83.05;83.06;82.55;82.62;20176
USDRUBF;30;20260323;093000;82.6;82.85;82.46;82.83;14541
USDRUBF;30;20260323;100000;82.84;83.11;82.66;82.85;44478
USDRUBF;30;20260323;103000;82.86;82.91;82.41;82.42;31136
USDRUBF;30;20260323;110000;82.42;82.42;81.9;82.02;53326
USDRUBF;30;20260323;113000;82.04;82.19;81.81;81.97;32163
USDRUBF;30;20260323;120000;81.96;82.1;81.87;82.03;11954
USDRUBF;30;20260323;123000;82.05;82.1;81.95;82.02;9985
USDRUBF;30;20260323;130000;82.03;82.15;81.96;82.09;21555
USDRUBF;30;20260323;133000;82.09;82.3;81.99;82.08;18375
USDRUBF;30;20260323;140000;82.09;82.28;81.9;82.08;28170
USDRUBF;30;20260323;143000;82.09;82.18;81.92;82.15;14923
USDRUBF;30;20260323;150000;82.15;82.21;81.96;82.04;13687
USDRUBF;30;20260323;153000;82.04;82.28;82;82.2;15364
USDRUBF;30;20260323;160000;82.19;82.22;82.07;82.15;13491
USDRUBF;30;20260323;163000;82.16;82.25;82.09;82.15;9021
USDRUBF;30;20260323;170000;82.14;82.14;81.96;82;9720
USDRUBF;30;20260323;173000;82;82.17;81.96;81.99;20115
USDRUBF;30;20260323;180000;81.99;82.01;81.78;82;28692
USDRUBF;30;20260323;183000;82;82.1;81.84;81.97;12799
USDRUBF;30;20260323;190000;81.96;82.04;81.9;81.95;4237
USDRUBF;30;20260323;193000;81.95;82.01;81.9;81.92;2952
USDRUBF;30;20260323;200000;81.9;81.98;81.9;81.96;3215
USDRUBF;30;20260323;203000;81.96;81.97;81.76;81.79;6262
USDRUBF;30;20260323;210000;81.78;81.87;81.36;81.42;19145
USDRUBF;30;20260323;213000;81.41;81.67;81.35;81.45;16229
USDRUBF;30;20260323;220000;81.43;81.43;81.14;81.19;14335
USDRUBF;30;20260323;223000;81.19;81.2;81.06;81.09;8666
USDRUBF;30;20260323;230000;81.1;81.25;81.09;81.21;5203
USDRUBF;30;20260323;233000;81.21;81.21;81.05;81.05;1817
USDRUBF;30;20260324;083000;81.16;81.16;81.16;81.16;31
USDRUBF;30;20260324;090000;81.18;81.43;80.9;80.95;18453
USDRUBF;30;20260324;093000;80.95;81.05;80.8;80.85;19352
USDRUBF;30;20260324;100000;80.87;80.94;80.6;80.88;35924
USDRUBF;30;20260324;103000;80.89;81.16;80.79;81.1;16524
USDRUBF;30;20260324;110000;81.1;81.11;80.97;81;9029
USDRUBF;30;20260324;113000;81;81.18;80.98;81.06;11040
USDRUBF;30;20260324;120000;81.05;81.05;80.63;80.72;22075
USDRUBF;30;20260324;123000;80.72;80.75;80.35;80.39;23990
USDRUBF;30;20260324;130000;80.39;80.56;80.31;80.56;17627
USDRUBF;30;20260324;133000;80.54;80.68;80.5;80.51;15289
USDRUBF;30;20260324;140000;80.52;80.81;80.45;80.73;12620
USDRUBF;30;20260324;143000;80.72;80.87;80.66;80.79;11066
USDRUBF;30;20260324;150000;80.79;80.8;80.59;80.6;8048
USDRUBF;30;20260324;153000;80.59;80.6;80.4;80.49;16621
USDRUBF;30;20260324;160000;80.5;80.64;80.49;80.61;10014
USDRUBF;30;20260324;163000;80.61;80.72;80.44;80.58;16020
USDRUBF;30;20260324;170000;80.58;80.63;80.5;80.6;6198
USDRUBF;30;20260324;173000;80.61;80.66;80.21;80.31;31312
USDRUBF;30;20260324;180000;80.3;80.49;80.28;80.48;15194
USDRUBF;30;20260324;183000;80.47;80.47;80.34;80.41;4578
USDRUBF;30;20260324;190000;80.42;80.55;80.41;80.42;3167
USDRUBF;30;20260324;193000;80.43;80.45;80.36;80.38;1442
USDRUBF;30;20260324;200000;80.38;80.45;80.34;80.41;1863
USDRUBF;30;20260324;203000;80.42;80.49;80.37;80.45;1616
USDRUBF;30;20260324;210000;80.45;80.46;80.35;80.36;970
USDRUBF;30;20260324;213000;80.36;80.41;80.33;80.41;918
USDRUBF;30;20260324;220000;80.41;80.49;80.41;80.48;1372
USDRUBF;30;20260324;223000;80.49;80.56;80.46;80.55;1427
USDRUBF;30;20260324;230000;80.55;80.56;80.37;80.46;2542
USDRUBF;30;20260324;233000;80.49;80.57;80.41;80.57;1645
USDRUBF;30;20260325;083000;80.5;80.5;80.5;80.5;49
USDRUBF;30;20260325;090000;80.48;80.53;80.35;80.45;7996
USDRUBF;30;20260325;093000;80.44;80.52;80.36;80.46;4428
USDRUBF;30;20260325;100000;80.46;80.95;80.3;80.67;38069
USDRUBF;30;20260325;103000;80.67;80.89;80.65;80.86;21032
USDRUBF;30;20260325;110000;80.88;80.89;80.68;80.75;10233
USDRUBF;30;20260325;113000;80.75;80.78;80.61;80.67;8811
USDRUBF;30;20260325;120000;80.68;80.8;80.5;80.8;11201
USDRUBF;30;20260325;123000;80.78;80.84;80.71;80.77;10903
USDRUBF;30;20260325;130000;80.78;80.85;80.74;80.79;8305
USDRUBF;30;20260325;133000;80.79;80.85;80.73;80.77;10423
USDRUBF;30;20260325;140000;80.78;80.81;80.69;80.69;4055
USDRUBF;30;20260325;143000;80.69;80.76;80.65;80.73;3414
USDRUBF;30;20260325;150000;80.73;80.84;80.72;80.82;6587
USDRUBF;30;20260325;153000;80.82;81.06;80.78;81;10702
USDRUBF;30;20260325;160000;81.01;81.1;80.94;80.98;10269
USDRUBF;30;20260325;163000;80.99;81.01;80.85;80.96;6696
USDRUBF;30;20260325;170000;80.96;81.04;80.91;80.97;7282
USDRUBF;30;20260325;173000;80.98;81.15;80.98;81.14;9977
USDRUBF;30;20260325;180000;81.14;81.45;81.13;81.36;19191
USDRUBF;30;20260325;183000;81.37;81.6;81.3;81.56;11662
USDRUBF;30;20260325;190000;81.56;81.7;81.5;81.61;9085
USDRUBF;30;20260325;193000;81.6;81.74;81.5;81.5;7758
USDRUBF;30;20260325;200000;81.52;81.68;81.51;81.61;4107
USDRUBF;30;20260325;203000;81.59;81.61;81.49;81.54;1559
USDRUBF;30;20260325;210000;81.54;81.7;81.53;81.57;4798
USDRUBF;30;20260325;213000;81.58;81.61;81.49;81.49;2385
USDRUBF;30;20260325;220000;81.49;81.6;81.45;81.51;2571
USDRUBF;30;20260325;223000;81.51;81.59;81.48;81.51;1616
USDRUBF;30;20260325;230000;81.51;81.6;81.48;81.55;1591
USDRUBF;30;20260325;233000;81.54;81.57;81.48;81.48;608
USDRUBF;30;20260326;083000;81.62;81.62;81.62;81.62;12
USDRUBF;30;20260326;090000;81.62;81.75;81.55;81.64;5734
USDRUBF;30;20260326;093000;81.63;81.75;81.6;81.69;3867
USDRUBF;30;20260326;100000;81.69;82.52;81.69;82.18;54720
USDRUBF;30;20260326;103000;82.2;82.28;82.01;82.12;17888
USDRUBF;30;20260326;110000;82.12;82.24;81.96;82.03;15210
USDRUBF;30;20260326;113000;82.01;82.19;81.93;82.08;11332
USDRUBF;30;20260326;120000;82.08;82.15;81.98;82.01;8439
USDRUBF;30;20260326;123000;82;82.03;81.72;81.77;13879
USDRUBF;30;20260326;130000;81.76;81.98;81.66;81.92;18538
USDRUBF;30;20260326;133000;81.92;82.07;81.85;81.97;10039
USDRUBF;30;20260326;140000;81.98;82.06;81.88;82.02;11007
USDRUBF;30;20260326;143000;82.02;82.32;81.98;82.26;18308
USDRUBF;30;20260326;150000;82.26;82.35;82.18;82.19;13560
USDRUBF;30;20260326;153000;82.2;82.22;81.75;81.9;21441
USDRUBF;30;20260326;160000;81.89;81.9;81.55;81.72;30761
USDRUBF;30;20260326;163000;81.72;81.78;81.25;81.29;34737
USDRUBF;30;20260326;170000;81.29;81.44;81.12;81.33;21644
USDRUBF;30;20260326;173000;81.33;81.36;80.85;80.86;32644
USDRUBF;30;20260326;180000;80.86;80.99;80.75;80.93;17788
USDRUBF;30;20260326;183000;80.92;80.92;80.7;80.72;7841
USDRUBF;30;20260326;190000;80.71;80.95;80.7;80.9;6400
USDRUBF;30;20260326;193000;80.9;80.98;80.81;80.95;6008
USDRUBF;30;20260326;200000;80.93;80.93;80.78;80.84;3665
USDRUBF;30;20260326;203000;80.84;80.84;80.68;80.75;6165
USDRUBF;30;20260326;210000;80.73;80.76;80.71;80.75;2583
USDRUBF;30;20260326;213000;80.75;80.87;80.74;80.8;3034
USDRUBF;30;20260326;220000;80.8;80.84;80.76;80.82;735
USDRUBF;30;20260326;223000;80.81;80.86;80.8;80.85;581
USDRUBF;30;20260326;230000;80.87;80.89;80.69;80.82;4291
USDRUBF;30;20260326;233000;80.83;80.9;80.75;80.9;970
USDRUBF;30;20260327;083000;80.94;80.94;80.94;80.94;59
USDRUBF;30;20260327;090000;80.93;80.94;80.56;80.73;7995
USDRUBF;30;20260327;093000;80.72;80.74;80.6;80.68;17466
USDRUBF;30;20260327;100000;80.68;81.29;80.51;81.05;45179
USDRUBF;30;20260327;103000;81.05;81.16;80.96;81.01;11915
USDRUBF;30;20260327;110000;81.02;81.04;80.66;80.67;19252
USDRUBF;30;20260327;113000;80.67;80.85;80.53;80.57;20734
USDRUBF;30;20260327;120000;80.57;81.29;80.5;81.15;40303
USDRUBF;30;20260327;123000;81.15;81.35;81.06;81.3;23083
USDRUBF;30;20260327;130000;81.3;81.48;81.21;81.22;14322
USDRUBF;30;20260327;133000;81.22;81.34;81.16;81.33;9267
USDRUBF;30;20260327;140000;81.33;81.41;81.1;81.35;13189
USDRUBF;30;20260327;143000;81.35;81.39;81.25;81.32;7323
USDRUBF;30;20260327;150000;81.32;81.34;81.08;81.15;15450
USDRUBF;30;20260327;153000;81.13;81.24;81.06;81.18;10753
USDRUBF;30;20260327;160000;81.17;81.19;81;81.04;14451
USDRUBF;30;20260327;163000;81.05;81.3;81.04;81.29;28575
USDRUBF;30;20260327;170000;81.29;81.45;81.28;81.3;15989
USDRUBF;30;20260327;173000;81.3;81.6;81.2;81.56;22666
USDRUBF;30;20260327;180000;81.56;81.74;81.42;81.72;26628
USDRUBF;30;20260327;183000;81.71;81.89;81.55;81.81;17181
USDRUBF;30;20260327;190000;81.8;81.8;81.5;81.53;10619
USDRUBF;30;20260327;193000;81.55;81.6;81.51;81.52;3381
USDRUBF;30;20260327;200000;81.51;81.57;81.46;81.48;2177
USDRUBF;30;20260327;203000;81.46;81.52;81.46;81.52;728
USDRUBF;30;20260327;210000;81.51;81.7;81.51;81.68;1945
USDRUBF;30;20260327;213000;81.7;81.72;81.58;81.6;2602
USDRUBF;30;20260327;220000;81.6;81.67;81.6;81.62;730
USDRUBF;30;20260327;223000;81.63;81.66;81.6;81.63;1112
USDRUBF;30;20260327;230000;81.63;81.68;81.59;81.59;1007
USDRUBF;30;20260327;233000;81.6;81.64;81.56;81.57;1105
USDRUBF;30;20260330;083000;81.52;81.52;81.52;81.52;22
USDRUBF;30;20260330;090000;81.52;81.77;81.43;81.68;9184
USDRUBF;30;20260330;093000;81.67;81.78;81.66;81.71;5549
USDRUBF;30;20260330;100000;81.69;81.87;81.27;81.48;28261
USDRUBF;30;20260330;103000;81.49;81.58;81.41;81.45;8529
USDRUBF;30;20260330;110000;81.47;81.62;81.44;81.48;6926
USDRUBF;30;20260330;113000;81.48;81.5;81.25;81.37;9033
USDRUBF;30;20260330;120000;81.35;81.35;80.94;81.08;20667
USDRUBF;30;20260330;123000;81.07;81.19;81.04;81.12;8995
USDRUBF;30;20260330;130000;81.12;81.14;80.88;80.94;13631
USDRUBF;30;20260330;133000;80.95;81.12;80.91;81.06;9818
USDRUBF;30;20260330;140000;81.06;81.13;80.99;81.13;6394
USDRUBF;30;20260330;143000;81.13;81.33;81.07;81.33;9941
USDRUBF;30;20260330;150000;81.32;81.49;81.32;81.41;14241
USDRUBF;30;20260330;153000;81.4;81.42;81.28;81.33;8104
USDRUBF;30;20260330;160000;81.32;81.32;81.12;81.22;9843
USDRUBF;30;20260330;163000;81.23;81.37;81.21;81.34;6625
USDRUBF;30;20260330;170000;81.34;81.81;81.33;81.56;29038
USDRUBF;30;20260330;173000;81.58;81.66;81.45;81.56;8434
USDRUBF;30;20260330;180000;81.56;81.69;81.51;81.62;10885
USDRUBF;30;20260330;183000;81.64;81.68;81.54;81.54;3332
USDRUBF;30;20260330;190000;81.54;81.57;81.23;81.31;17355
USDRUBF;30;20260330;193000;81.31;81.4;81.22;81.24;2727
USDRUBF;30;20260330;200000;81.23;81.27;81.12;81.24;8542
USDRUBF;30;20260330;203000;81.24;81.33;81.22;81.24;2209
USDRUBF;30;20260330;210000;81.25;81.36;81.25;81.31;1731
USDRUBF;30;20260330;213000;81.28;81.35;81.25;81.34;1118
USDRUBF;30;20260330;220000;81.35;81.4;81.29;81.3;1580
USDRUBF;30;20260330;223000;81.31;81.37;81.25;81.3;2090
USDRUBF;30;20260330;230000;81.3;81.32;81.24;81.25;313
USDRUBF;30;20260330;233000;81.25;81.31;81.22;81.22;632
USDRUBF;30;20260331;090000;81.25;81.4;81.17;81.38;2487
USDRUBF;30;20260331;093000;81.37;81.38;81.17;81.21;4872
USDRUBF;30;20260331;100000;81.19;81.49;81.15;81.38;15122
USDRUBF;30;20260331;103000;81.38;81.48;81.35;81.37;10235
USDRUBF;30;20260331;110000;81.37;81.4;81.23;81.33;6456
USDRUBF;30;20260331;113000;81.34;81.34;81.16;81.27;6130
USDRUBF;30;20260331;120000;81.27;81.38;81.25;81.36;4693
USDRUBF;30;20260331;123000;81.37;81.4;81.3;81.35;6493
USDRUBF;30;20260331;130000;81.36;81.55;81.34;81.5;11133
USDRUBF;30;20260331;133000;81.52;81.57;81.42;81.48;4371
USDRUBF;30;20260331;140000;81.48;81.49;81.33;81.36;6185
USDRUBF;30;20260331;143000;81.36;81.81;81.3;81.74;24520
USDRUBF;30;20260331;150000;81.74;81.95;81.6;81.61;18455
USDRUBF;30;20260331;153000;81.6;81.83;81.5;81.78;25428
USDRUBF;30;20260331;160000;81.79;81.82;81.61;81.65;11114
USDRUBF;30;20260331;163000;81.65;81.69;81.52;81.58;11194
USDRUBF;30;20260331;170000;81.57;81.72;81.3;81.31;17641
USDRUBF;30;20260331;173000;81.31;81.35;81.13;81.25;27993
USDRUBF;30;20260331;180000;81.26;81.43;81.21;81.27;8880
USDRUBF;30;20260331;183000;81.27;81.31;81.1;81.2;10224
USDRUBF;30;20260331;190000;81.2;81.21;81.07;81.16;9792
USDRUBF;30;20260331;193000;81.15;81.31;81.12;81.2;5728
USDRUBF;30;20260331;200000;81.22;81.29;81.16;81.27;2197
USDRUBF;30;20260331;203000;81.27;81.27;81.16;81.16;2103
USDRUBF;30;20260331;210000;81.16;81.2;81.13;81.19;1229
USDRUBF;30;20260331;213000;81.2;81.28;81.15;81.26;1415
USDRUBF;30;20260331;220000;81.26;81.27;81.2;81.23;1103
USDRUBF;30;20260331;223000;81.23;81.29;81.22;81.22;1115
USDRUBF;30;20260331;230000;81.23;81.32;81.21;81.32;3022
USDRUBF;30;20260331;233000;81.32;81.34;81.26;81.32;1502
USDRUBF;30;20260401;083000;81.4;81.4;81.4;81.4;80
USDRUBF;30;20260401;090000;81.34;81.37;81.15;81.22;4697
USDRUBF;30;20260401;093000;81.22;81.28;81.12;81.27;9135
USDRUBF;30;20260401;100000;81.27;81.27;80.54;80.68;36292
USDRUBF;30;20260401;103000;80.68;80.88;80.58;80.81;22323
USDRUBF;30;20260401;110000;80.82;80.82;80.65;80.69;7740
USDRUBF;30;20260401;113000;80.69;80.72;80.54;80.58;11528
USDRUBF;30;20260401;120000;80.57;80.64;80.5;80.62;15328
USDRUBF;30;20260401;123000;80.61;80.63;80.44;80.58;9238
USDRUBF;30;20260401;130000;80.57;80.62;80.45;80.49;4084
USDRUBF;30;20260401;133000;80.47;80.6;80.42;80.53;8312
USDRUBF;30;20260401;140000;80.53;80.6;80.45;80.48;6726
USDRUBF;30;20260401;143000;80.47;80.59;80.45;80.57;8392
USDRUBF;30;20260401;150000;80.56;80.64;80.53;80.61;5463
USDRUBF;30;20260401;153000;80.61;80.78;80.58;80.68;12583
USDRUBF;30;20260401;160000;80.69;80.73;80.55;80.62;6415
USDRUBF;30;20260401;163000;80.61;80.69;80.55;80.62;5988
USDRUBF;30;20260401;170000;80.62;80.66;80.52;80.55;4727
USDRUBF;30;20260401;173000;80.56;80.64;80.41;80.43;11284
USDRUBF;30;20260401;180000;80.41;80.52;80.33;80.51;11370
USDRUBF;30;20260401;183000;80.5;80.5;80.38;80.38;2306
USDRUBF;30;20260401;190000;80.39;80.47;80.37;80.4;3141
USDRUBF;30;20260401;193000;80.4;80.44;80.4;80.4;904
USDRUBF;30;20260401;200000;80.4;80.42;80.3;80.34;2698
USDRUBF;30;20260401;203000;80.33;80.33;80.24;80.25;6337
USDRUBF;30;20260401;210000;80.23;80.31;80.23;80.3;2581
USDRUBF;30;20260401;213000;80.3;80.38;80.27;80.34;2486
USDRUBF;30;20260401;220000;80.34;80.35;80.28;80.33;835
USDRUBF;30;20260401;223000;80.32;80.34;80.32;80.33;456
USDRUBF;30;20260401;230000;80.34;80.48;80.34;80.44;6470
USDRUBF;30;20260401;233000;80.45;80.67;80.45;80.65;1559
USDRUBF;30;20260402;083000;80.65;80.65;80.65;80.65;80
USDRUBF;30;20260402;090000;80.65;80.72;80.44;80.67;12248
USDRUBF;30;20260402;093000;80.67;80.73;80.39;80.42;13212
USDRUBF;30;20260402;100000;80.42;80.63;80.3;80.4;21646
USDRUBF;30;20260402;103000;80.4;80.58;80.13;80.14;23967
USDRUBF;30;20260402;110000;80.14;80.29;80.1;80.25;16589
USDRUBF;30;20260402;113000;80.25;80.4;80.18;80.25;6635
USDRUBF;30;20260402;120000;80.24;80.27;80.15;80.21;8441
USDRUBF;30;20260402;123000;80.2;80.31;80.15;80.26;12383
USDRUBF;30;20260402;130000;80.26;80.47;80.25;80.37;8820
USDRUBF;30;20260402;133000;80.38;80.4;79.91;80.02;20735
USDRUBF;30;20260402;140000;80.01;80.21;79.99;80.12;11201
USDRUBF;30;20260402;143000;80.13;80.22;80.03;80.13;4835
USDRUBF;30;20260402;150000;80.12;80.34;80.09;80.29;5886
USDRUBF;30;20260402;153000;80.3;80.46;80.25;80.37;10076
USDRUBF;30;20260402;160000;80.38;80.43;80.27;80.4;5266
USDRUBF;30;20260402;163000;80.39;80.39;80.26;80.31;6266
USDRUBF;30;20260402;170000;80.31;80.37;80.17;80.2;4406
USDRUBF;30;20260402;173000;80.21;80.23;80.06;80.13;8901
USDRUBF;30;20260402;180000;80.15;80.29;80.13;80.23;3855
USDRUBF;30;20260402;183000;80.23;80.24;80.16;80.2;1868
USDRUBF;30;20260402;190000;80.19;80.24;80.19;80.23;571
USDRUBF;30;20260402;193000;80.22;80.24;80.21;80.24;342
USDRUBF;30;20260402;200000;80.24;80.25;80.22;80.24;590
USDRUBF;30;20260402;203000;80.24;80.25;80.18;80.19;695
USDRUBF;30;20260402;210000;80.18;80.22;80.16;80.22;1010
USDRUBF;30;20260402;213000;80.19;80.22;80.19;80.2;254
USDRUBF;30;20260402;220000;80.2;80.21;80.18;80.21;207
USDRUBF;30;20260402;223000;80.21;80.23;80.18;80.22;375
USDRUBF;30;20260402;230000;80.22;80.24;80.18;80.2;533
USDRUBF;30;20260402;233000;80.2;80.27;80.19;80.27;325
USDRUBF;30;20260403;083000;80.23;80.23;80.23;80.23;2
USDRUBF;30;20260403;090000;80.19;80.24;80.05;80.07;3661
USDRUBF;30;20260403;093000;80.07;80.07;79.95;80.01;8729
USDRUBF;30;20260403;100000;80.02;80.02;79.67;79.76;28913
USDRUBF;30;20260403;103000;79.76;79.81;79.68;79.76;7244
USDRUBF;30;20260403;110000;79.75;79.87;79.7;79.84;5042
USDRUBF;30;20260403;113000;79.84;79.96;79.84;79.91;8047
USDRUBF;30;20260403;120000;79.93;79.95;79.82;79.84;5950
USDRUBF;30;20260403;123000;79.85;80.08;79.85;79.96;7142
USDRUBF;30;20260403;130000;79.96;80.11;79.94;79.99;5089
USDRUBF;30;20260403;133000;79.99;80.04;79.94;80.03;1858
USDRUBF;30;20260403;140000;80.03;80.03;79.81;79.84;7291
USDRUBF;30;20260403;143000;79.84;79.84;79.52;79.54;16028
USDRUBF;30;20260403;150000;79.53;79.65;79.47;79.6;15261
USDRUBF;30;20260403;153000;79.62;79.71;79.59;79.7;4170
USDRUBF;30;20260403;160000;79.7;79.71;79.59;79.63;4380
USDRUBF;30;20260403;163000;79.62;79.66;79.45;79.46;9937
USDRUBF;30;20260403;170000;79.45;79.62;79.45;79.57;5178
USDRUBF;30;20260403;173000;79.57;79.6;79.46;79.55;6508
USDRUBF;30;20260403;180000;79.56;79.63;79.43;79.48;4955
USDRUBF;30;20260403;183000;79.47;79.52;79.42;79.45;4516
USDRUBF;30;20260403;190000;79.45;79.5;79.42;79.46;1351
USDRUBF;30;20260403;193000;79.46;79.49;79.4;79.4;1462
USDRUBF;30;20260403;200000;79.41;79.44;79.38;79.4;3701
USDRUBF;30;20260403;203000;79.4;79.43;79.38;79.38;977
USDRUBF;30;20260403;210000;79.38;79.45;79.37;79.43;1061
USDRUBF;30;20260403;213000;79.42;79.46;79.41;79.42;1048
USDRUBF;30;20260403;220000;79.44;79.44;79.41;79.41;425
USDRUBF;30;20260403;223000;79.42;79.45;79.41;79.45;318
USDRUBF;30;20260403;230000;79.44;79.46;79.42;79.43;1068
USDRUBF;30;20260403;233000;79.43;79.5;79.38;79.38;1568
USDRUBF;30;20260406;083000;79.38;79.38;79.38;79.38;549
USDRUBF;30;20260406;090000;79.36;79.37;79.16;79.25;11574
USDRUBF;30;20260406;093000;79.25;79.26;79.16;79.19;3537
USDRUBF;30;20260406;100000;79.19;79.23;78.74;78.82;28569
USDRUBF;30;20260406;103000;78.81;78.88;78.79;78.84;12016
USDRUBF;30;20260406;110000;78.84;79;78.84;78.96;14170
USDRUBF;30;20260406;113000;78.95;79.06;78.94;79.04;12537
USDRUBF;30;20260406;120000;79.04;79.04;78.83;78.9;10805
USDRUBF;30;20260406;123000;78.9;79.02;78.86;78.97;7086
USDRUBF;30;20260406;130000;78.97;79.1;78.86;79.07;10571
USDRUBF;30;20260406;133000;79.07;79.08;78.98;79.02;3051
USDRUBF;30;20260406;140000;79.03;79.06;78.94;79.05;6652
USDRUBF;30;20260406;143000;79.03;79.08;78.98;79.02;3837
USDRUBF;30;20260406;150000;79.01;79.05;78.87;78.96;7100
USDRUBF;30;20260406;153000;78.97;79.2;78.94;79.18;17697
USDRUBF;30;20260406;160000;79.18;79.21;79.02;79.06;12100
USDRUBF;30;20260406;163000;79.06;79.1;78.94;79.02;9797
USDRUBF;30;20260406;170000;79.02;79.14;78.97;79.05;4742
USDRUBF;30;20260406;173000;79.06;79.21;79.05;79.19;3409
USDRUBF;30;20260406;180000;79.19;79.24;79.03;79.05;14822
USDRUBF;30;20260406;183000;79.06;79.06;78.89;78.9;5120
USDRUBF;30;20260406;190000;78.9;78.9;78.79;78.79;3890
USDRUBF;30;20260406;193000;78.79;78.84;78.79;78.84;2059
USDRUBF;30;20260406;200000;78.84;78.88;78.84;78.87;2491
USDRUBF;30;20260406;203000;78.86;78.89;78.85;78.86;884
USDRUBF;30;20260406;210000;78.87;78.97;78.87;78.9;3517
USDRUBF;30;20260406;213000;78.92;78.93;78.88;78.91;348
USDRUBF;30;20260406;220000;78.9;78.91;78.84;78.87;314
USDRUBF;30;20260406;223000;78.87;78.91;78.85;78.88;736
USDRUBF;30;20260406;230000;78.88;78.92;78.88;78.9;475
USDRUBF;30;20260406;233000;78.91;78.94;78.89;78.94;1139
USDRUBF;30;20260407;090000;78.94;79.13;78.85;79.1;9005
USDRUBF;30;20260407;093000;79.11;79.12;78.97;79.03;6685
USDRUBF;30;20260407;100000;79.03;79.05;78.54;78.6;30192
USDRUBF;30;20260407;103000;78.57;78.73;78.56;78.66;9604
USDRUBF;30;20260407;110000;78.66;78.7;78.58;78.64;6279
USDRUBF;30;20260407;113000;78.63;78.65;78.53;78.55;4884
USDRUBF;30;20260407;120000;78.56;79;78.55;78.8;20021
USDRUBF;30;20260407;123000;78.8;78.94;78.71;78.8;8713
USDRUBF;30;20260407;130000;78.79;78.91;78.71;78.84;4550
USDRUBF;30;20260407;133000;78.84;78.98;78.84;78.95;8123
USDRUBF;30;20260407;140000;78.96;79.12;78.95;79;14939
USDRUBF;30;20260407;143000;79;79.04;78.86;78.89;3681
USDRUBF;30;20260407;150000;78.9;78.93;78.86;78.89;2776
USDRUBF;30;20260407;153000;78.92;78.97;78.8;78.9;5904
USDRUBF;30;20260407;160000;78.91;78.92;78.52;78.54;15514
USDRUBF;30;20260407;163000;78.55;78.63;78.32;78.45;17085
USDRUBF;30;20260407;170000;78.44;78.5;78.4;78.41;6461
USDRUBF;30;20260407;173000;78.42;78.55;78.41;78.53;8217
USDRUBF;30;20260407;180000;78.53;78.63;78.39;78.45;9375
USDRUBF;30;20260407;183000;78.45;78.54;78.36;78.49;7771
USDRUBF;30;20260407;190000;78.5;78.53;78.46;78.5;1170
USDRUBF;30;20260407;193000;78.51;78.54;78.49;78.52;930
USDRUBF;30;20260407;200000;78.53;78.55;78.5;78.53;1601
USDRUBF;30;20260407;203000;78.53;78.53;78.43;78.46;1380
USDRUBF;30;20260407;210000;78.45;78.48;78.43;78.44;616
USDRUBF;30;20260407;213000;78.43;78.44;78.41;78.42;465
USDRUBF;30;20260407;220000;78.41;78.44;78.41;78.43;126
USDRUBF;30;20260407;223000;78.42;78.45;78.41;78.44;910
USDRUBF;30;20260407;230000;78.45;78.49;78.44;78.46;1082
USDRUBF;30;20260407;233000;78.46;78.49;78.46;78.47;1034
USDRUBF;30;20260408;083000;78.69;78.69;78.69;78.69;2252
USDRUBF;30;20260408;090000;78.61;78.89;78.55;78.57;15843
USDRUBF;30;20260408;093000;78.57;78.74;78.55;78.61;8546
USDRUBF;30;20260408;100000;78.59;78.74;78.41;78.52;19968
USDRUBF;30;20260408;103000;78.52;78.59;78.48;78.5;6737
USDRUBF;30;20260408;110000;78.5;78.58;78.49;78.55;4396
USDRUBF;30;20260408;113000;78.54;78.6;78.51;78.54;3322
USDRUBF;30;20260408;120000;78.55;78.63;78.5;78.53;6065
USDRUBF;30;20260408;123000;78.51;78.55;78.27;78.35;18004
USDRUBF;30;20260408;130000;78.35;78.35;78.28;78.32;8703
USDRUBF;30;20260408;133000;78.31;78.4;78.3;78.4;10401
USDRUBF;30;20260408;140000;78.41;78.42;78.31;78.37;4026
USDRUBF;30;20260408;143000;78.38;78.45;78.36;78.45;2827
USDRUBF;30;20260408;150000;78.45;78.51;78.3;78.43;5405
USDRUBF;30;20260408;153000;78.43;78.45;78.36;78.41;3956
USDRUBF;30;20260408;160000;78.4;78.47;78.34;78.4;6844
USDRUBF;30;20260408;163000;78.4;78.44;78.31;78.44;2874
USDRUBF;30;20260408;170000;78.45;78.47;78.34;78.42;10863
USDRUBF;30;20260408;173000;78.43;78.72;78.41;78.45;18232
USDRUBF;30;20260408;180000;78.46;78.54;78.4;78.44;3194
USDRUBF;30;20260408;183000;78.44;78.54;78.44;78.5;2224
USDRUBF;30;20260408;190000;78.5;78.51;78.45;78.45;481
USDRUBF;30;20260408;193000;78.47;78.47;78.44;78.45;279
USDRUBF;30;20260408;200000;78.45;78.5;78.45;78.49;732
USDRUBF;30;20260408;203000;78.48;78.53;78.43;78.46;1748
USDRUBF;30;20260408;210000;78.47;78.52;78.46;78.52;821
USDRUBF;30;20260408;213000;78.5;78.51;78.46;78.47;1023
USDRUBF;30;20260408;220000;78.47;78.49;78.46;78.46;374
USDRUBF;30;20260408;223000;78.46;78.47;78.46;78.46;3247
USDRUBF;30;20260408;230000;78.46;78.47;78.46;78.47;2567
USDRUBF;30;20260408;233000;78.46;78.48;78.46;78.46;780
USDRUBF;30;20260409;083000;78.52;78.52;78.52;78.52;5
USDRUBF;30;20260409;090000;78.49;78.52;78.41;78.46;5920
USDRUBF;30;20260409;093000;78.45;78.47;78.34;78.39;2263
USDRUBF;30;20260409;100000;78.4;78.41;78.09;78.12;21152
USDRUBF;30;20260409;103000;78.11;78.2;78.07;78.14;7329
USDRUBF;30;20260409;110000;78.12;78.19;77.98;78.05;10430
USDRUBF;30;20260409;113000;78.06;78.07;77.91;77.94;10130
USDRUBF;30;20260409;120000;77.93;77.98;77.9;77.94;6424
USDRUBF;30;20260409;123000;77.94;78.07;77.92;78.02;6717
USDRUBF;30;20260409;130000;78.03;78.04;77.94;77.97;2482
USDRUBF;30;20260409;133000;77.98;78.09;77.96;78.05;5315
USDRUBF;30;20260409;140000;78.05;78.06;77.98;78.03;3799
USDRUBF;30;20260409;143000;78.04;78.04;77.93;77.99;4701
USDRUBF;30;20260409;150000;77.99;78.1;77.98;78.03;9909
USDRUBF;30;20260409;153000;78.02;78.05;77.92;78.01;10101
USDRUBF;30;20260409;160000;78.01;78.05;77.94;77.97;8273
USDRUBF;30;20260409;163000;77.97;77.98;77.8;77.81;6169
USDRUBF;30;20260409;170000;77.81;77.81;77.54;77.62;19446
USDRUBF;30;20260409;173000;77.62;77.68;77.54;77.57;9269
USDRUBF;30;20260409;180000;77.57;77.6;77.4;77.46;12631
USDRUBF;30;20260409;183000;77.46;77.52;77.27;77.47;15139
USDRUBF;30;20260409;190000;77.47;77.53;77.47;77.5;2718
USDRUBF;30;20260409;193000;77.5;77.52;77.36;77.42;3108
USDRUBF;30;20260409;200000;77.41;77.42;77.39;77.42;1693
USDRUBF;30;20260409;203000;77.42;77.42;77.3;77.33;2140
USDRUBF;30;20260409;210000;77.33;77.38;77.3;77.35;831
USDRUBF;30;20260409;213000;77.36;77.37;77.31;77.37;854
USDRUBF;30;20260409;220000;77.37;77.38;77.29;77.29;802
USDRUBF;30;20260409;223000;77.3;77.31;77.24;77.26;1623
USDRUBF;30;20260409;230000;77.26;77.3;77.26;77.27;1114
USDRUBF;30;20260409;233000;77.27;77.29;77.2;77.21;2232
USDRUBF;30;20260410;083000;77.25;77.25;77.25;77.25;33
USDRUBF;30;20260410;090000;77.25;77.41;77.24;77.33;7465
USDRUBF;30;20260410;093000;77.33;77.47;77.33;77.38;4626
USDRUBF;30;20260410;100000;77.37;77.41;77.1;77.23;18439
USDRUBF;30;20260410;103000;77.22;77.29;77.08;77.15;7912
USDRUBF;30;20260410;110000;77.15;77.16;76.97;77.15;15086
USDRUBF;30;20260410;113000;77.13;77.23;77.11;77.17;22480
USDRUBF;30;20260410;120000;77.16;77.34;77.14;77.23;10046
USDRUBF;30;20260410;123000;77.23;77.29;77.14;77.16;6098
USDRUBF;30;20260410;130000;77.15;77.23;77.1;77.13;4596
USDRUBF;30;20260410;133000;77.15;77.16;77;77.1;4305
USDRUBF;30;20260410;140000;77.11;77.11;76.93;77.06;9828
USDRUBF;30;20260410;143000;77.06;77.08;76.93;76.99;11208
USDRUBF;30;20260410;150000;77;77.02;76.85;76.92;23792
USDRUBF;30;20260410;153000;76.91;77.02;76.84;76.91;12611
USDRUBF;30;20260410;160000;76.9;76.97;76.85;76.91;16502
USDRUBF;30;20260410;163000;76.92;76.92;76.55;76.6;31282
USDRUBF;30;20260410;170000;76.6;76.83;76.53;76.77;32581
USDRUBF;30;20260410;173000;76.77;76.81;76.69;76.71;13527
USDRUBF;30;20260410;180000;76.71;76.85;76.66;76.78;17677
USDRUBF;30;20260410;183000;76.79;76.87;76.78;76.85;5567
USDRUBF;30;20260410;190000;76.85;76.94;76.78;76.79;2474
USDRUBF;30;20260410;193000;76.79;76.82;76.76;76.79;1651
USDRUBF;30;20260410;200000;76.8;76.8;76.76;76.76;1358
USDRUBF;30;20260410;203000;76.78;76.78;76.7;76.71;4634
USDRUBF;30;20260410;210000;76.71;76.75;76.68;76.71;963
USDRUBF;30;20260410;213000;76.72;76.79;76.66;76.79;3477
USDRUBF;30;20260410;220000;76.8;76.87;76.76;76.85;3113
USDRUBF;30;20260410;223000;76.85;76.87;76.82;76.83;1040
USDRUBF;30;20260410;230000;76.84;76.86;76.81;76.85;600
USDRUBF;30;20260410;233000;76.84;76.89;76.84;76.86;927
USDRUBF;30;20260413;083000;76.68;76.68;76.68;76.68;332
USDRUBF;30;20260413;090000;76.65;76.72;76.34;76.43;15231
USDRUBF;30;20260413;093000;76.42;76.52;76.4;76.42;4815
USDRUBF;30;20260413;100000;76.42;76.52;76.21;76.45;20362
USDRUBF;30;20260413;103000;76.46;76.48;76.23;76.26;7738
USDRUBF;30;20260413;110000;76.26;76.3;76.01;76.02;11257
USDRUBF;30;20260413;113000;76.01;76.25;76.01;76.17;10669
USDRUBF;30;20260413;120000;76.18;76.29;76.09;76.28;12759
USDRUBF;30;20260413;123000;76.28;76.33;76.19;76.33;11831
USDRUBF;30;20260413;130000;76.32;76.33;76.11;76.12;7721
USDRUBF;30;20260413;133000;76.13;76.23;76.11;76.18;5150
USDRUBF;30;20260413;140000;76.17;76.29;76.14;76.19;8414
USDRUBF;30;20260413;143000;76.19;76.21;76.1;76.15;5729
USDRUBF;30;20260413;150000;76.14;76.31;76.14;76.24;3852
USDRUBF;30;20260413;153000;76.26;76.34;76.17;76.3;4735
USDRUBF;30;20260413;160000;76.3;76.36;76.17;76.32;4566
USDRUBF;30;20260413;163000;76.32;76.38;76.2;76.27;10563
USDRUBF;30;20260413;170000;76.26;76.32;76.22;76.29;4229
USDRUBF;30;20260413;173000;76.28;76.59;76.26;76.51;12573
USDRUBF;30;20260413;180000;76.52;76.6;76.42;76.47;10237
USDRUBF;30;20260413;183000;76.47;76.5;76.43;76.45;2206
USDRUBF;30;20260413;190000;76.45;76.47;76.36;76.37;1588
USDRUBF;30;20260413;193000;76.36;76.39;76.28;76.35;2306
USDRUBF;30;20260413;200000;76.34;76.36;76.29;76.29;1197
USDRUBF;30;20260413;203000;76.31;76.31;76.23;76.31;619
USDRUBF;30;20260413;210000;76.29;76.3;76.27;76.27;891
USDRUBF;30;20260413;213000;76.27;76.27;76.2;76.22;1826
USDRUBF;30;20260413;220000;76.22;76.24;76.2;76.22;554
USDRUBF;30;20260413;223000;76.23;76.24;76.21;76.22;343
USDRUBF;30;20260413;230000;76.22;76.24;76.19;76.23;555
USDRUBF;30;20260413;233000;76.24;76.24;76.18;76.22;1492
USDRUBF;30;20260414;083000;76.22;76.22;76.22;76.22;18
USDRUBF;30;20260414;090000;76.22;76.33;76.09;76.23;3611
USDRUBF;30;20260414;093000;76.22;76.24;76.19;76.22;2710
USDRUBF;30;20260414;100000;76.23;76.24;75.9;76.02;26016
USDRUBF;30;20260414;103000;76.04;76.04;75.88;75.97;17912
USDRUBF;30;20260414;110000;75.97;76.05;75.81;75.82;9706
USDRUBF;30;20260414;113000;75.83;75.83;75.69;75.73;13792
USDRUBF;30;20260414;120000;75.74;75.74;75.56;75.66;18664
USDRUBF;30;20260414;123000;75.66;75.69;75.6;75.64;8575
USDRUBF;30;20260414;130000;75.65;75.74;75.63;75.71;7545
USDRUBF;30;20260414;133000;75.71;75.79;75.67;75.78;4994
USDRUBF;30;20260414;140000;75.79;75.8;75.73;75.78;5673
USDRUBF;30;20260414;143000;75.79;75.85;75.66;75.67;13946
USDRUBF;30;20260414;150000;75.67;75.77;75.65;75.74;7160
USDRUBF;30;20260414;153000;75.73;75.75;75.61;75.72;13026
USDRUBF;30;20260414;160000;75.7;75.71;75.63;75.7;10098
USDRUBF;30;20260414;163000;75.7;75.73;75.29;75.5;21167
USDRUBF;30;20260414;170000;75.49;75.56;75.35;75.37;10949
USDRUBF;30;20260414;173000;75.36;75.43;75.28;75.34;14087
USDRUBF;30;20260414;180000;75.35;75.44;75.27;75.32;18894
USDRUBF;30;20260414;183000;75.32;75.37;75.29;75.3;4234
USDRUBF;30;20260414;190000;75.32;75.41;75.24;75.3;6009
USDRUBF;30;20260414;193000;75.3;75.34;75.28;75.32;1230
USDRUBF;30;20260414;200000;75.32;75.33;75.21;75.25;3314
USDRUBF;30;20260414;203000;75.26;75.27;75.2;75.23;2393
USDRUBF;30;20260414;210000;75.22;75.28;75.22;75.26;914
USDRUBF;30;20260414;213000;75.26;75.27;75.23;75.25;2053
USDRUBF;30;20260414;220000;75.24;75.27;75.23;75.26;960
USDRUBF;30;20260414;223000;75.27;75.28;75.2;75.25;1989
USDRUBF;30;20260414;230000;75.25;75.28;75.21;75.21;1125
USDRUBF;30;20260414;233000;75.22;75.25;75.2;75.21;2271
USDRUBF;30;20260415;083000;75.24;75.24;75.24;75.24;16
USDRUBF;30;20260415;090000;75.23;75.24;75.03;75.1;13238
USDRUBF;30;20260415;093000;75.12;75.35;75.09;75.23;8526
USDRUBF;30;20260415;100000;75.24;75.3;74.92;74.98;26426
USDRUBF;30;20260415;103000;74.97;75.16;74.95;75.02;22475
USDRUBF;30;20260415;110000;75.02;75.05;74.89;75.01;11934
USDRUBF;30;20260415;113000;75.01;75.26;74.96;75.23;13032
USDRUBF;30;20260415;120000;75.23;75.25;75.03;75.06;10704
USDRUBF;30;20260415;123000;75.06;75.11;75.02;75.05;5084
USDRUBF;30;20260415;130000;75.07;75.55;75.05;75.45;28091
USDRUBF;30;20260415;133000;75.44;75.76;75.42;75.72;20385
USDRUBF;30;20260415;140000;75.73;76.24;75.73;75.81;48857
USDRUBF;30;20260415;143000;75.83;76;75.81;75.93;8274
USDRUBF;30;20260415;150000;75.91;76.03;75.81;76.02;10060
USDRUBF;30;20260415;153000;76.02;76.13;75.97;76.05;8537
USDRUBF;30;20260415;160000;76.05;76.18;75.95;75.98;10489
USDRUBF;30;20260415;163000;75.99;76.03;75.76;75.77;11392
USDRUBF;30;20260415;170000;75.78;75.81;75.56;75.69;15063
USDRUBF;30;20260415;173000;75.69;75.71;75.6;75.64;7912
USDRUBF;30;20260415;180000;75.64;75.67;75.57;75.65;8152
USDRUBF;30;20260415;183000;75.64;75.93;75.63;75.84;17931
USDRUBF;30;20260415;190000;75.84;75.98;75.76;75.81;5249
USDRUBF;30;20260415;193000;75.81;75.86;75.78;75.81;1743
USDRUBF;30;20260415;200000;75.81;75.83;75.78;75.78;436
USDRUBF;30;20260415;203000;75.78;75.8;75.76;75.78;1293
USDRUBF;30;20260415;210000;75.78;75.8;75.78;75.8;809
USDRUBF;30;20260415;213000;75.79;75.82;75.78;75.81;493
USDRUBF;30;20260415;220000;75.82;75.82;75.77;75.77;419
USDRUBF;30;20260415;223000;75.77;75.79;75.75;75.78;712
USDRUBF;30;20260415;230000;75.77;75.78;75.75;75.75;823
USDRUBF;30;20260415;233000;75.77;75.79;75.73;75.75;1014
USDRUBF;30;20260416;083000;76;76;76;76;41
USDRUBF;30;20260416;090000;75.95;76.38;75.84;76.02;13624
USDRUBF;30;20260416;093000;76.02;76.13;75.78;75.87;8514
USDRUBF;30;20260416;100000;75.87;75.87;75.54;75.67;20445
USDRUBF;30;20260416;103000;75.67;76.74;75.65;76.45;77214
USDRUBF;30;20260416;110000;76.46;76.6;76.39;76.53;24637
USDRUBF;30;20260416;113000;76.53;76.93;76.46;76.71;34163
USDRUBF;30;20260416;120000;76.71;76.85;76.71;76.73;10121
USDRUBF;30;20260416;123000;76.73;76.83;76.44;76.55;16170
USDRUBF;30;20260416;130000;76.55;76.62;76.46;76.46;6975
USDRUBF;30;20260416;133000;76.46;76.49;76.33;76.47;11505
USDRUBF;30;20260416;140000;76.47;76.54;76.41;76.43;9674
USDRUBF;30;20260416;143000;76.43;76.5;76.33;76.48;7211
USDRUBF;30;20260416;150000;76.5;76.53;76.44;76.47;4613
USDRUBF;30;20260416;153000;76.47;76.73;76.44;76.65;11572
USDRUBF;30;20260416;160000;76.65;76.7;76.51;76.54;7549
USDRUBF;30;20260416;163000;76.53;76.58;76.42;76.51;7071
USDRUBF;30;20260416;170000;76.5;76.55;76.28;76.29;9230
USDRUBF;30;20260416;173000;76.29;76.42;76.26;76.38;10321
USDRUBF;30;20260416;180000;76.38;76.4;76.05;76.12;12268
USDRUBF;30;20260416;183000;76.12;76.24;76.08;76.15;6649
USDRUBF;30;20260416;190000;76.15;76.19;76.07;76.15;3097
USDRUBF;30;20260416;193000;76.17;76.2;76.14;76.14;1265
USDRUBF;30;20260416;200000;76.14;76.18;76.13;76.17;850
USDRUBF;30;20260416;203000;76.18;76.18;76.07;76.09;1662
USDRUBF;30;20260416;210000;76.09;76.1;75.9;75.97;7202
USDRUBF;30;20260416;213000;75.96;75.99;75.94;75.98;1067
USDRUBF;30;20260416;220000;75.98;76.06;75.98;76.01;1166
USDRUBF;30;20260416;223000;76.01;76.19;75.98;76.14;2663
USDRUBF;30;20260416;230000;76.15;76.2;76.14;76.19;1099
USDRUBF;30;20260416;233000;76.19;76.2;76.1;76.11;973
USDRUBF;30;20260417;083000;76.19;76.19;76.19;76.19;28
USDRUBF;30;20260417;090000;76.19;76.48;76.16;76.44;10789
USDRUBF;30;20260417;093000;76.45;76.47;76.21;76.3;8941
USDRUBF;30;20260417;100000;76.3;76.47;76.15;76.34;22573
USDRUBF;30;20260417;103000;76.35;76.42;76.32;76.36;5656
USDRUBF;30;20260417;110000;76.37;76.63;76.34;76.57;13611
USDRUBF;30;20260417;113000;76.57;76.59;76.4;76.4;9146
USDRUBF;30;20260417;120000;76.41;76.42;76.11;76.23;16774
USDRUBF;30;20260417;123000;76.23;76.42;76.22;76.34;12623
USDRUBF;30;20260417;130000;76.34;76.39;76.29;76.31;3643
USDRUBF;30;20260417;133000;76.31;76.4;76.2;76.24;7354
USDRUBF;30;20260417;140000;76.24;76.3;76.2;76.3;6919
USDRUBF;30;20260417;143000;76.3;76.3;76.18;76.22;11661
USDRUBF;30;20260417;150000;76.21;76.26;76.11;76.12;11301
USDRUBF;30;20260417;153000;76.12;76.13;75.85;75.99;30579
USDRUBF;30;20260417;160000;75.98;76.06;75.87;76;12329
USDRUBF;30;20260417;163000;76;76.03;75.86;75.9;10036
USDRUBF;30;20260417;170000;75.91;75.92;75.71;75.72;12372
USDRUBF;30;20260417;173000;75.72;76.06;75.68;75.85;23382
USDRUBF;30;20260417;180000;75.84;75.94;75.84;75.93;8683
USDRUBF;30;20260417;183000;75.93;75.97;75.84;75.91;5616
USDRUBF;30;20260417;190000;75.9;75.98;75.85;75.86;2296
USDRUBF;30;20260417;193000;75.86;75.89;75.85;75.88;938
USDRUBF;30;20260417;200000;75.89;75.91;75.85;75.85;1221
USDRUBF;30;20260417;203000;75.86;75.89;75.85;75.89;1146
USDRUBF;30;20260417;210000;75.9;76.02;75.89;76;6758
USDRUBF;30;20260417;213000;76;76.05;75.97;76;2196
USDRUBF;30;20260417;220000;76.02;76.09;76.01;76.05;3364
USDRUBF;30;20260417;223000;76.04;76.04;75.97;76.01;1015
USDRUBF;30;20260417;230000;76;76.05;75.95;76.03;962
USDRUBF;30;20260417;233000;76.03;76.07;75.99;76.06;781
USDRUBF;30;20260420;083000;76;76;76;76;49
USDRUBF;30;20260420;090000;75.98;76.07;75.58;75.67;12668
USDRUBF;30;20260420;093000;75.66;75.8;75.61;75.64;7713
USDRUBF;30;20260420;100000;75.67;75.88;75.65;75.86;18709
USDRUBF;30;20260420;103000;75.88;75.93;75.61;75.65;8238
USDRUBF;30;20260420;110000;75.65;75.68;75.4;75.5;16976
USDRUBF;30;20260420;113000;75.49;75.64;75.41;75.46;8054
USDRUBF;30;20260420;120000;75.46;75.6;75.31;75.41;13063
USDRUBF;30;20260420;123000;75.41;75.43;75.25;75.39;10100
USDRUBF;30;20260420;130000;75.39;75.53;75.37;75.48;11735
USDRUBF;30;20260420;133000;75.48;75.49;75.35;75.45;9132
USDRUBF;30;20260420;140000;75.45;75.48;75.39;75.44;5410
USDRUBF;30;20260420;143000;75.44;75.55;75.43;75.51;9313
USDRUBF;30;20260420;150000;75.51;75.54;75.47;75.47;5614
USDRUBF;30;20260420;153000;75.47;75.5;75.41;75.41;2131
USDRUBF;30;20260420;160000;75.41;75.42;75.29;75.32;7519
USDRUBF;30;20260420;163000;75.31;75.41;75.26;75.28;8467
USDRUBF;30;20260420;170000;75.28;75.33;75.18;75.32;13010
USDRUBF;30;20260420;173000;75.31;75.32;75.2;75.29;11468
USDRUBF;30;20260420;180000;75.28;75.35;75.2;75.22;5594
USDRUBF;30;20260420;183000;75.22;75.26;75.19;75.24;2846
USDRUBF;30;20260420;190000;75.22;75.25;75.18;75.2;1486
USDRUBF;30;20260420;193000;75.2;75.24;75.15;75.19;3102
USDRUBF;30;20260420;200000;75.19;75.19;75.03;75.05;6521
USDRUBF;30;20260420;203000;75.05;75.09;74.93;74.97;7486
USDRUBF;30;20260420;210000;74.96;75.05;74.94;75.04;3063
USDRUBF;30;20260420;213000;75.04;75.05;74.98;75.01;1741
USDRUBF;30;20260420;220000;75.01;75.03;74.98;75.02;1063
USDRUBF;30;20260420;223000;75.02;75.02;74.96;74.98;1563
USDRUBF;30;20260420;230000;74.98;74.98;74.94;74.96;1749
USDRUBF;30;20260420;233000;74.96;74.98;74.94;74.97;1395
USDRUBF;30;20260421;083000;75.08;75.08;75.08;75.08;31
USDRUBF;30;20260421;090000;75.08;75.17;74.92;75.02;16067
USDRUBF;30;20260421;093000;75.03;75.05;74.85;74.85;7570
USDRUBF;30;20260421;100000;74.89;74.94;74.76;74.76;24388
USDRUBF;30;20260421;103000;74.76;74.79;74.61;74.64;15803
USDRUBF;30;20260421;110000;74.65;74.71;74.48;74.48;14524
USDRUBF;30;20260421;113000;74.48;74.67;74.46;74.57;14803
USDRUBF;30;20260421;120000;74.57;74.65;74.52;74.63;14311
USDRUBF;30;20260421;123000;74.61;74.79;74.57;74.7;25582
USDRUBF;30;20260421;130000;74.7;74.83;74.69;74.75;12070
USDRUBF;30;20260421;133000;74.75;75.25;74.69;74.95;31232
USDRUBF;30;20260421;140000;74.95;75.15;74.87;74.92;15645
USDRUBF;30;20260421;143000;74.9;75;74.82;74.96;7606
USDRUBF;30;20260421;150000;74.97;75.01;74.9;74.94;5101
USDRUBF;30;20260421;153000;74.94;75.15;74.93;75.08;11815
USDRUBF;30;20260421;160000;75.09;75.11;74.86;74.87;7933
USDRUBF;30;20260421;163000;74.87;75;74.86;74.94;2867
USDRUBF;30;20260421;170000;74.94;74.94;74.7;74.77;9678
USDRUBF;30;20260421;173000;74.78;74.79;74.58;74.68;18229
USDRUBF;30;20260421;180000;74.69;74.88;74.58;74.82;12733
USDRUBF;30;20260421;183000;74.82;74.85;74.68;74.71;6697
USDRUBF;30;20260421;190000;74.71;74.78;74.68;74.73;2344
USDRUBF;30;20260421;193000;74.73;74.75;74.66;74.68;1939
USDRUBF;30;20260421;200000;74.7;74.72;74.62;74.7;2962
USDRUBF;30;20260421;203000;74.69;74.7;74.66;74.68;1964
USDRUBF;30;20260421;210000;74.67;74.9;74.67;74.82;3548
USDRUBF;30;20260421;213000;74.81;74.81;74.69;74.79;1790
USDRUBF;30;20260421;220000;74.78;74.84;74.77;74.81;1747
USDRUBF;30;20260421;223000;74.81;74.81;74.67;74.71;2751
USDRUBF;30;20260421;230000;74.71;74.8;74.68;74.7;2086
USDRUBF;30;20260421;233000;74.74;74.79;74.7;74.7;775
USDRUBF;30;20260422;083000;74.87;74.87;74.87;74.87;50
USDRUBF;30;20260422;090000;74.78;74.87;74.7;74.86;7090
USDRUBF;30;20260422;093000;74.87;74.94;74.78;74.91;5142
USDRUBF;30;20260422;100000;74.92;75.3;74.85;75.3;31183
USDRUBF;30;20260422;103000;75.3;75.45;75.17;75.22;22985
USDRUBF;30;20260422;110000;75.23;75.3;75;75.06;10773
USDRUBF;30;20260422;113000;75.05;75.19;75.04;75.16;6498
USDRUBF;30;20260422;120000;75.17;75.2;75.01;75.09;10420
USDRUBF;30;20260422;123000;75.08;75.13;74.94;75;8416
USDRUBF;30;20260422;130000;75;75.18;74.99;75.07;6250
USDRUBF;30;20260422;133000;75.06;75.16;75.05;75.14;4117
USDRUBF;30;20260422;140000;75.14;75.2;75.06;75.18;6138
USDRUBF;30;20260422;143000;75.19;75.27;75.11;75.15;9918
USDRUBF;30;20260422;150000;75.15;75.28;75.01;75.04;18503
USDRUBF;30;20260422;153000;75.05;75.23;75.04;75.1;9218
USDRUBF;30;20260422;160000;75.1;75.17;74.95;75.07;17036
USDRUBF;30;20260422;163000;75.07;75.11;74.94;74.97;8734
USDRUBF;30;20260422;170000;74.96;75.03;74.92;74.99;4442
USDRUBF;30;20260422;173000;74.99;75.1;74.93;74.97;8727
USDRUBF;30;20260422;180000;74.97;75.08;74.94;74.95;7968
USDRUBF;30;20260422;183000;74.97;75.01;74.93;74.93;3073
USDRUBF;30;20260422;190000;74.93;75.06;74.93;75.06;2551
USDRUBF;30;20260422;193000;75.05;75.09;75.04;75.09;1666
USDRUBF;30;20260422;200000;75.09;75.13;75.02;75.03;1979
USDRUBF;30;20260422;203000;75.04;75.1;75.03;75.08;881
USDRUBF;30;20260422;210000;75.08;75.09;75.07;75.08;205
USDRUBF;30;20260422;213000;75.08;75.13;75.06;75.07;1368
USDRUBF;30;20260422;220000;75.09;75.1;75.06;75.09;725
USDRUBF;30;20260422;223000;75.09;75.09;75.05;75.07;625
USDRUBF;30;20260422;230000;75.09;75.09;75.06;75.06;476
USDRUBF;30;20260422;233000;75.08;75.11;75.04;75.09;666
USDRUBF;30;20260423;083000;75.12;75.12;75.12;75.12;7
USDRUBF;30;20260423;090000;75.12;75.13;74.85;74.92;10545
USDRUBF;30;20260423;093000;74.92;74.95;74.82;74.89;6260
USDRUBF;30;20260423;100000;74.88;75.03;74.77;74.93;16814
USDRUBF;30;20260423;103000;74.92;74.99;74.76;74.91;10985
USDRUBF;30;20260423;110000;74.9;74.94;74.82;74.84;11314
USDRUBF;30;20260423;113000;74.85;74.94;74.84;74.89;6597
USDRUBF;30;20260423;120000;74.89;75.01;74.87;74.98;8287
USDRUBF;30;20260423;123000;74.98;75.15;74.98;75.06;11770
USDRUBF;30;20260423;130000;75.07;75.1;75.02;75.05;6680
USDRUBF;30;20260423;133000;75.06;75.19;75.04;75.15;10577
USDRUBF;30;20260423;140000;75.15;75.21;75.04;75.05;7338
USDRUBF;30;20260423;143000;75.06;75.22;75.04;75.19;20135
USDRUBF;30;20260423;150000;75.18;75.22;75.09;75.11;6129
USDRUBF;30;20260423;153000;75.1;76.17;75.1;76.06;96506
USDRUBF;30;20260423;160000;76.06;76.19;75.87;75.96;35160
USDRUBF;30;20260423;163000;75.97;75.98;75.76;75.77;17775
USDRUBF;30;20260423;170000;75.77;76;75.74;76;12051
USDRUBF;30;20260423;173000;76;76;75.69;75.72;28465
USDRUBF;30;20260423;180000;75.73;75.78;75.69;75.76;7045
USDRUBF;30;20260423;183000;75.77;75.84;75.75;75.81;2657
USDRUBF;30;20260423;190000;75.8;75.88;75.77;75.8;2634
USDRUBF;30;20260423;193000;75.81;75.93;75.76;75.89;4590
USDRUBF;30;20260423;200000;75.9;75.9;75.83;75.86;3434
USDRUBF;30;20260423;203000;75.88;75.93;75.86;75.89;3392
USDRUBF;30;20260423;210000;75.89;75.95;75.88;75.94;1864
USDRUBF;30;20260423;213000;75.95;75.95;75.9;75.93;1081
USDRUBF;30;20260423;220000;75.93;75.97;75.93;75.96;958
USDRUBF;30;20260423;223000;75.97;76;75.91;75.99;3010
USDRUBF;30;20260423;230000;75.99;76.03;75.98;76.01;1382
USDRUBF;30;20260423;233000;76.01;76.02;75.96;75.97;711
USDRUBF;30;20260424;083000;76.01;76.01;76.01;76.01;207
USDRUBF;30;20260424;090000;76.01;76.41;76;76.36;16793
USDRUBF;30;20260424;093000;76.37;76.4;76.2;76.25;13368
USDRUBF;30;20260424;100000;76.27;76.28;75.68;75.81;35025
USDRUBF;30;20260424;103000;75.78;75.94;75.68;75.72;17432
USDRUBF;30;20260424;110000;75.72;75.8;75.66;75.75;6587
USDRUBF;30;20260424;113000;75.74;75.74;75.58;75.6;16062
USDRUBF;30;20260424;120000;75.59;75.67;75.51;75.61;11310
USDRUBF;30;20260424;123000;75.59;75.64;75.54;75.62;5892
USDRUBF;30;20260424;130000;75.62;75.79;75.6;75.77;7952
USDRUBF;30;20260424;133000;75.77;75.77;75.4;75.62;28380
USDRUBF;30;20260424;140000;75.61;75.64;75.33;75.38;14633
USDRUBF;30;20260424;143000;75.38;75.55;75.29;75.47;16199
USDRUBF;30;20260424;150000;75.47;75.52;75.35;75.35;11898
USDRUBF;30;20260424;153000;75.36;75.5;75.35;75.43;6267
USDRUBF;30;20260424;160000;75.42;75.46;75.31;75.46;4649
USDRUBF;30;20260424;163000;75.45;75.46;75.26;75.27;17357
USDRUBF;30;20260424;170000;75.27;75.27;75.14;75.17;14205
USDRUBF;30;20260424;173000;75.18;75.28;75.17;75.19;6356
USDRUBF;30;20260424;180000;75.19;75.23;75.19;75.19;3104
USDRUBF;30;20260424;183000;75.19;75.21;75.14;75.19;3498
USDRUBF;30;20260424;190000;75.19;75.24;75.16;75.22;2266
USDRUBF;30;20260424;193000;75.22;75.26;75.18;75.21;1438
USDRUBF;30;20260424;200000;75.2;75.2;75.12;75.15;4984
USDRUBF;30;20260424;203000;75.15;75.17;75.12;75.16;776
USDRUBF;30;20260424;210000;75.16;75.25;75.16;75.23;2190
USDRUBF;30;20260424;213000;75.24;75.24;75.18;75.19;939
USDRUBF;30;20260424;220000;75.18;75.19;75.15;75.16;810
USDRUBF;30;20260424;223000;75.16;75.21;75.15;75.2;603
USDRUBF;30;20260424;230000;75.2;75.21;75.17;75.18;636
USDRUBF;30;20260424;233000;75.19;75.2;75.13;75.15;1324
USDRUBF;30;20260427;083000;75.19;75.19;75.19;75.19;477
USDRUBF;30;20260427;090000;75.16;75.19;74.97;75.03;8370
USDRUBF;30;20260427;093000;75.03;75.08;74.9;74.96;7765
USDRUBF;30;20260427;100000;74.96;75.03;74.83;74.89;22893
USDRUBF;30;20260427;103000;74.9;75.13;74.82;75.06;16128
USDRUBF;30;20260427;110000;75.07;75.08;74.91;74.92;6616
USDRUBF;30;20260427;113000;74.94;74.96;74.86;74.88;5198
USDRUBF;30;20260427;120000;74.88;75.13;74.85;75.02;12458
USDRUBF;30;20260427;123000;75.02;75.08;74.99;75.06;5713
USDRUBF;30;20260427;130000;75.06;75.06;75;75;2796
USDRUBF;30;20260427;133000;75;75.03;74.97;75;5462
USDRUBF;30;20260427;140000;75;75.03;74.96;74.98;3010
USDRUBF;30;20260427;143000;74.97;75.01;74.9;74.97;6228
USDRUBF;30;20260427;150000;74.96;75.02;74.91;75;3474
USDRUBF;30;20260427;153000;75;75.03;74.97;75.03;6875
USDRUBF;30;20260427;160000;75.02;75.03;74.94;74.97;2132
USDRUBF;30;20260427;163000;74.97;75.02;74.94;74.97;3511
USDRUBF;30;20260427;170000;74.97;74.97;74.84;74.86;11084
USDRUBF;30;20260427;173000;74.86;74.89;74.76;74.79;14564
USDRUBF;30;20260427;180000;74.78;74.82;74.73;74.79;8220
USDRUBF;30;20260427;183000;74.78;74.88;74.78;74.87;3011
USDRUBF;30;20260427;190000;74.87;74.93;74.84;74.85;2336
USDRUBF;30;20260427;193000;74.85;74.87;74.82;74.86;792
USDRUBF;30;20260427;200000;74.86;74.9;74.86;74.9;509
USDRUBF;30;20260427;203000;74.88;74.9;74.75;74.83;5783
USDRUBF;30;20260427;210000;74.81;74.88;74.81;74.85;583
USDRUBF;30;20260427;213000;74.84;74.91;74.84;74.87;1458
USDRUBF;30;20260427;220000;74.87;74.9;74.86;74.87;912
USDRUBF;30;20260427;223000;74.87;74.9;74.86;74.88;1060
USDRUBF;30;20260427;230000;74.87;74.9;74.85;74.85;414
USDRUBF;30;20260427;233000;74.86;74.87;74.76;74.76;3315
USDRUBF;30;20260428;083000;74.78;74.78;74.78;74.78;5
USDRUBF;30;20260428;090000;74.8;74.9;68.64;74.67;69076
USDRUBF;30;20260428;093000;74.67;74.79;74.6;74.7;9112
USDRUBF;30;20260428;100000;74.7;74.87;74.64;74.79;14185
USDRUBF;30;20260428;103000;74.79;74.93;74.76;74.85;5618
USDRUBF;30;20260428;110000;74.86;74.96;74.84;74.94;8648
USDRUBF;30;20260428;113000;74.94;75.24;74.9;74.99;22963
USDRUBF;30;20260428;120000;74.99;75.07;74.93;74.97;8900
USDRUBF;30;20260428;123000;74.98;75.07;74.9;75.04;13583
USDRUBF;30;20260428;130000;75.05;75.13;75.04;75.11;7381
USDRUBF;30;20260428;133000;75.11;75.15;75.03;75.12;13083
USDRUBF;30;20260428;140000;75.12;75.3;75.1;75.3;15168
USDRUBF;30;20260428;143000;75.3;75.33;75.2;75.29;11134
USDRUBF;30;20260428;150000;75.3;75.42;75.24;75.42;5384
USDRUBF;30;20260428;153000;75.43;75.52;75.33;75.43;18113
USDRUBF;30;20260428;160000;75.45;75.45;75.4;75.41;5930
USDRUBF;30;20260428;163000;75.4;75.5;75.4;75.41;5813
USDRUBF;30;20260428;170000;75.41;75.6;75.4;75.55;9037
USDRUBF;30;20260428;173000;75.55;75.56;75.29;75.4;14899
USDRUBF;30;20260428;180000;75.39;75.41;75.29;75.34;13454
USDRUBF;30;20260428;183000;75.34;75.4;75.31;75.31;4244
USDRUBF;30;20260428;190000;75.32;75.35;75.27;75.34;1822
USDRUBF;30;20260428;193000;75.35;75.35;75.31;75.34;1320
USDRUBF;30;20260428;200000;75.33;75.44;75.33;75.44;2966
USDRUBF;30;20260428;203000;75.44;75.45;75.39;75.44;1896
USDRUBF;30;20260428;210000;75.44;75.46;75.41;75.44;1285
USDRUBF;30;20260428;213000;75.45;75.45;75.39;75.39;1325
USDRUBF;30;20260428;220000;75.4;75.4;75.32;75.32;1027
USDRUBF;30;20260428;223000;75.32;75.34;75.3;75.32;1072
USDRUBF;30;20260428;230000;75.32;75.37;75.31;75.34;495
USDRUBF;30;20260428;233000;75.34;75.36;75.3;75.34;676
USDRUBF;30;20260429;083000;75.36;75.36;75.36;75.36;5
USDRUBF;30;20260429;090000;75.36;75.65;75.36;75.52;8659
USDRUBF;30;20260429;093000;75.52;75.56;75.37;75.42;5323
USDRUBF;30;20260429;100000;75.43;75.53;75.17;75.26;17985
USDRUBF;30;20260429;103000;75.24;75.27;75.09;75.12;16285
USDRUBF;30;20260429;110000;75.11;75.28;75.1;75.23;6479
USDRUBF;30;20260429;113000;75.23;75.24;75.14;75.16;6148
USDRUBF;30;20260429;120000;75.15;75.16;75.09;75.1;7314
USDRUBF;30;20260429;123000;75.11;75.12;74.95;74.95;11931
USDRUBF;30;20260429;130000;74.94;75.04;74.8;74.89;17899
USDRUBF;30;20260429;133000;74.87;74.91;74.8;74.89;8380
USDRUBF;30;20260429;140000;74.89;74.96;74.8;74.93;9936
USDRUBF;30;20260429;143000;74.93;75.01;74.84;74.99;10336
USDRUBF;30;20260429;150000;74.99;75.01;74.88;74.92;10746
USDRUBF;30;20260429;153000;74.91;74.99;74.82;74.9;11465
USDRUBF;30;20260429;160000;74.9;75.02;74.85;75;9796
USDRUBF;30;20260429;163000;75;75.07;74.91;74.93;6506
USDRUBF;30;20260429;170000;74.92;75.02;74.77;74.81;11540
USDRUBF;30;20260429;173000;74.81;74.89;74.76;74.79;5242
USDRUBF;30;20260429;180000;74.78;74.91;74.61;74.91;10650
USDRUBF;30;20260429;183000;74.92;74.93;74.8;74.81;4463
USDRUBF;30;20260429;190000;74.8;74.87;74.76;74.87;1626
USDRUBF;30;20260429;193000;74.87;74.87;74.81;74.86;1009
USDRUBF;30;20260429;200000;74.85;74.87;74.8;74.87;3674
USDRUBF;30;20260429;203000;74.86;74.98;74.86;74.91;5447
USDRUBF;30;20260429;210000;74.91;74.97;74.88;74.89;1662
USDRUBF;30;20260429;213000;74.9;74.94;74.86;74.93;2958
USDRUBF;30;20260429;220000;74.93;74.95;74.91;74.92;1141
USDRUBF;30;20260429;223000;74.93;74.94;74.89;74.89;516
USDRUBF;30;20260429;230000;74.91;74.93;74.89;74.93;371
USDRUBF;30;20260429;233000;74.93;74.94;74.9;74.93;500
USDRUBF;30;20260430;083000;75.08;75.08;75.08;75.08;20
USDRUBF;30;20260430;090000;74.91;75.14;74.87;75.07;7160
USDRUBF;30;20260430;093000;75.09;75.15;74.93;75.05;8165
USDRUBF;30;20260430;100000;75.05;75.4;74.96;75.35;25722
USDRUBF;30;20260430;103000;75.36;75.46;75.23;75.33;13854
USDRUBF;30;20260430;110000;75.33;75.36;75.14;75.19;7528
USDRUBF;30;20260430;113000;75.18;75.19;75.01;75.06;7429
USDRUBF;30;20260430;120000;75.07;75.21;75.07;75.12;8195
USDRUBF;30;20260430;123000;75.12;75.16;74.84;74.94;16784
USDRUBF;30;20260430;130000;74.94;75.08;74.89;74.98;5871
USDRUBF;30;20260430;133000;74.96;75.06;74.95;75.03;4527
USDRUBF;30;20260430;140000;75.04;75.05;74.96;74.97;3089
USDRUBF;30;20260430;143000;74.97;75.04;74.92;74.98;13204
USDRUBF;30;20260430;150000;74.98;74.99;74.9;74.94;2864
USDRUBF;30;20260430;153000;74.94;75.01;74.9;74.92;4828
USDRUBF;30;20260430;160000;74.92;74.96;74.88;74.91;7271
USDRUBF;30;20260430;163000;74.91;74.95;74.91;74.94;1431
USDRUBF;30;20260430;170000;74.94;75.06;74.93;75.04;9727
USDRUBF;30;20260430;173000;75.04;75.16;75.04;75.1;9632
USDRUBF;30;20260430;180000;75.1;75.27;75.1;75.16;9201
USDRUBF;30;20260430;183000;75.16;75.17;75.07;75.16;4123
USDRUBF;30;20260430;190000;75.16;75.17;75.1;75.11;1177
USDRUBF;30;20260430;193000;75.12;75.13;75.08;75.12;982
USDRUBF;30;20260430;200000;75.11;75.11;75.06;75.07;915
USDRUBF;30;20260430;203000;75.07;75.19;75.05;75.17;1966
USDRUBF;30;20260430;210000;75.16;75.22;75.1;75.2;2647
USDRUBF;30;20260430;213000;75.2;75.23;75.19;75.2;1596
USDRUBF;30;20260430;220000;75.2;75.21;75.17;75.18;1176
USDRUBF;30;20260430;223000;75.2;75.22;75.15;75.17;1697
USDRUBF;30;20260430;230000;75.17;75.2;75.17;75.17;1059
USDRUBF;30;20260430;233000;75.19;75.22;75.14;75.22;1063
